SCORES_TXT_BEGIN_0 0 100 9 BLEU
6 30 1 29 0 28 0 27 14 
6 31 1 30 0 29 0 28 14 
6 30 1 29 0 28 0 27 14 
6 31 1 30 0 29 0 28 14 
6 32 1 31 0 30 0 29 14 
6 30 1 29 0 28 0 27 14 
6 31 1 30 0 29 0 28 14 
6 28 1 27 0 26 0 25 14 
6 29 1 28 0 27 0 26 14 
6 28 1 27 0 26 0 25 14 
6 29 1 28 0 27 0 26 14 
6 31 1 30 0 29 0 28 14 
6 32 1 31 0 30 0 29 14 
5 30 1 29 0 28 0 27 14 
6 31 1 30 0 29 0 28 14 
6 32 1 31 0 30 0 29 14 
6 30 1 29 0 28 0 27 14 
6 31 1 30 0 29 0 28 14 
5 29 1 28 0 27 0 26 14 
6 31 1 30 0 29 0 28 14 
6 31 1 30 0 29 0 28 14 
5 29 1 28 0 27 0 26 14 
5 30 1 29 0 28 0 27 14 
6 31 1 30 0 29 0 28 14 
6 32 1 31 0 30 0 29 14 
6 29 1 28 0 27 0 26 14 
6 30 1 29 0 28 0 27 14 
6 30 1 29 0 28 0 27 14 
6 28 1 27 0 26 0 25 14 
6 30 1 29 0 28 0 27 14 
6 29 1 28 0 27 0 26 14 
6 28 1 27 0 26 0 25 14 
6 29 1 28 0 27 0 26 14 
6 28 1 27 0 26 0 25 14 
6 28 1 27 0 26 0 25 14 
6 31 1 30 0 29 0 28 14 
6 31 1 30 0 29 0 28 14 
6 30 1 29 0 28 0 27 14 
6 30 1 29 0 28 0 27 14 
6 31 1 30 0 29 0 28 14 
6 29 1 28 0 27 0 26 14 
6 28 1 27 0 26 0 25 14 
6 29 1 28 0 27 0 26 14 
6 30 1 29 0 28 0 27 14 
6 28 1 27 0 26 0 25 14 
6 32 1 31 0 30 0 29 14 
6 33 1 32 0 31 0 30 14 
6 31 1 30 0 29 0 28 14 
6 32 1 31 0 30 0 29 14 
5 31 1 30 0 29 0 28 14 
6 32 1 31 0 30 0 29 14 
6 33 1 32 0 31 0 30 14 
5 30 1 29 0 28 0 27 14 
6 31 1 30 0 29 0 28 14 
6 32 1 31 0 30 0 29 14 
6 32 1 31 0 30 0 29 14 
6 31 1 30 0 29 0 28 14 
6 32 1 31 0 30 0 29 14 
5 30 1 29 0 28 0 27 14 
6 29 1 28 0 27 0 26 14 
6 31 1 30 0 29 0 28 14 
6 30 1 29 0 28 0 27 14 
6 32 1 31 0 30 0 29 14 
6 29 1 28 0 27 0 26 14 
6 30 1 29 0 28 0 27 14 
5 28 1 27 0 26 0 25 14 
6 31 1 30 0 29 0 28 14 
6 29 1 28 0 27 0 26 14 
6 31 1 30 0 29 0 28 14 
6 30 1 29 0 28 0 27 14 
6 31 1 30 0 29 0 28 14 
5 29 1 28 0 27 0 26 14 
6 32 1 31 0 30 0 29 14 
6 32 1 31 0 30 0 29 14 
6 29 1 28 0 27 0 26 14 
6 30 1 29 0 28 0 27 14 
6 29 1 28 0 27 0 26 14 
6 30 1 29 0 28 0 27 14 
5 28 1 27 0 26 0 25 14 
6 30 1 29 0 28 0 27 14 
6 29 1 28 0 27 0 26 14 
6 31 1 30 0 29 0 28 14 
6 30 1 29 0 28 0 27 14 
5 30 1 29 0 28 0 27 14 
5 31 1 30 0 29 0 28 14 
5 31 1 30 0 29 0 28 14 
6 32 1 31 0 30 0 29 14 
6 33 1 32 0 31 0 30 14 
6 31 1 30 0 29 0 28 14 
5 27 1 26 0 25 0 24 14 
6 31 1 30 0 29 0 28 14 
6 30 1 29 0 28 0 27 14 
6 31 1 30 0 29 0 28 14 
6 32 1 31 0 30 0 29 14 
6 31 1 30 0 29 0 28 14 
6 31 1 30 0 29 0 28 14 
6 32 1 31 0 30 0 29 14 
5 27 1 26 0 25 0 24 14 
5 30 1 29 0 28 0 27 14 
6 31 1 30 0 29 0 28 14 
SCORES_TXT_END_0
SCORES_TXT_BEGIN_0 1 100 9 BLEU
13 45 3 44 0 43 0 42 29 
12 43 2 42 0 41 0 40 29 
13 45 3 44 0 43 0 42 29 
13 44 2 43 0 42 0 41 29 
13 45 3 44 0 43 0 42 29 
13 45 3 44 0 43 0 42 29 
13 45 3 44 0 43 0 42 29 
12 43 2 42 0 41 0 40 29 
12 42 1 41 0 40 0 39 29 
13 44 2 43 0 42 0 41 29 
12 44 2 43 0 42 0 41 29 
12 43 2 42 0 41 0 40 29 
13 45 3 44 0 43 0 42 29 
12 44 2 43 0 42 0 41 29 
13 45 3 44 0 43 0 42 29 
12 43 2 42 0 41 0 40 29 
13 45 3 44 0 43 0 42 29 
13 45 3 44 0 43 0 42 29 
13 44 2 43 0 42 0 41 29 
13 45 3 44 0 43 0 42 29 
12 42 1 41 0 40 0 39 29 
13 45 3 44 0 43 0 42 29 
13 45 3 44 0 43 0 42 29 
12 44 2 43 0 42 0 41 29 
12 43 2 42 0 41 0 40 29 
12 43 1 42 0 41 0 40 29 
12 44 2 43 0 42 0 41 29 
13 45 3 44 0 43 0 42 29 
12 43 1 42 0 41 0 40 29 
13 44 2 43 0 42 0 41 29 
13 45 3 44 0 43 0 42 29 
12 44 2 43 0 42 0 41 29 
12 43 2 42 0 41 0 40 29 
12 44 2 43 0 42 0 41 29 
12 44 2 43 0 42 0 41 29 
12 43 2 42 0 41 0 40 29 
13 45 3 44 0 43 0 42 29 
13 44 2 43 0 42 0 41 29 
13 45 3 44 0 43 0 42 29 
12 43 2 42 0 41 0 40 29 
13 44 2 43 0 42 0 41 29 
12 44 2 43 0 42 0 41 29 
12 43 2 42 0 41 0 40 29 
13 45 3 44 0 43 0 42 29 
13 45 3 44 0 43 0 42 29 
13 45 3 44 0 43 0 42 29 
13 45 3 44 0 43 0 42 29 
12 44 2 43 0 42 0 41 29 
13 45 3 44 0 43 0 42 29 
13 45 3 44 0 43 0 42 29 
12 43 1 42 0 41 0 40 29 
12 43 1 42 0 41 0 40 29 
13 44 2 43 0 42 0 41 29 
13 45 3 44 0 43 0 42 29 
12 44 2 43 0 42 0 41 29 
13 45 3 44 0 43 0 42 29 
13 45 3 44 0 43 0 42 29 
12 44 2 43 0 42 0 41 29 
12 44 2 43 0 42 0 41 29 
13 45 3 44 0 43 0 42 29 
13 45 3 44 0 43 0 42 29 
12 43 1 42 0 41 0 40 29 
13 45 3 44 0 43 0 42 29 
12 42 1 41 0 40 0 39 29 
12 43 2 42 0 41 0 40 29 
13 44 2 43 0 42 0 41 29 
13 45 3 44 0 43 0 42 29 
12 42 1 41 0 40 0 39 29 
12 43 2 42 0 41 0 40 29 
12 44 2 43 0 42 0 41 29 
12 43 2 42 0 41 0 40 29 
13 45 3 44 0 43 0 42 29 
13 44 2 43 0 42 0 41 29 
12 44 2 43 0 42 0 41 29 
12 44 2 43 0 42 0 41 29 
12 44 2 43 0 42 0 41 29 
12 43 2 42 0 41 0 40 29 
13 44 2 43 0 42 0 41 29 
13 45 3 44 0 43 0 42 29 
13 45 3 44 0 43 0 42 29 
12 43 2 42 0 41 0 40 29 
12 44 2 43 0 42 0 41 29 
13 45 3 44 0 43 0 42 29 
12 44 2 43 0 42 0 41 29 
13 45 3 44 0 43 0 42 29 
13 45 3 44 0 43 0 42 29 
12 44 2 43 0 42 0 41 29 
12 44 2 43 0 42 0 41 29 
12 43 2 42 0 41 0 40 29 
13 45 3 44 0 43 0 42 29 
13 45 3 44 0 43 0 42 29 
12 43 2 42 0 41 0 40 29 
13 44 2 43 0 42 0 41 29 
13 45 3 44 0 43 0 42 29 
12 43 1 42 0 41 0 40 29 
13 44 2 43 0 42 0 41 29 
13 45 3 44 0 43 0 42 29 
13 45 3 44 0 43 0 42 29 
13 44 2 43 0 42 0 41 29 
14 43 4 42 1 41 0 40 29 
SCORES_TXT_END_0
SCORES_TXT_BEGIN_0 2 100 9 BLEU
7 31 1 30 0 29 0 28 26 
7 30 1 29 0 28 0 27 26 
7 32 1 31 0 30 0 29 26 
7 31 1 30 0 29 0 28 26 
7 31 1 30 0 29 0 28 26 
7 32 1 31 0 30 0 29 26 
6 30 0 29 0 28 0 27 26 
7 31 1 30 0 29 0 28 26 
6 30 1 29 0 28 0 27 26 
7 30 0 29 0 28 0 27 26 
6 31 1 30 0 29 0 28 26 
6 30 1 29 0 28 0 27 26 
6 29 0 28 0 27 0 26 26 
7 30 1 29 0 28 0 27 26 
7 29 0 28 0 27 0 26 26 
6 31 0 30 0 29 0 28 26 
7 32 1 31 0 30 0 29 26 
6 30 1 29 0 28 0 27 26 
7 31 0 30 0 29 0 28 26 
6 30 0 29 0 28 0 27 26 
7 31 1 30 0 29 0 28 26 
6 29 1 28 0 27 0 26 26 
6 29 1 28 0 27 0 26 26 
7 32 1 31 0 30 0 29 26 
7 30 0 29 0 28 0 27 26 
6 32 1 31 0 30 0 29 26 
7 31 1 30 0 29 0 28 26 
6 31 1 30 0 29 0 28 26 
6 30 1 29 0 28 0 27 26 
5 29 1 28 0 27 0 26 26 
7 31 0 30 0 29 0 28 26 
7 31 1 30 0 29 0 28 26 
6 30 0 29 0 28 0 27 26 
7 31 1 30 0 29 0 28 26 
7 30 0 29 0 28 0 27 26 
7 33 1 32 0 31 0 30 26 
7 32 1 31 0 30 0 29 26 
7 30 0 29 0 28 0 27 26 
7 30 1 29 0 28 0 27 26 
6 31 1 30 0 29 0 28 26 
6 30 0 29 0 28 0 27 26 
6 29 0 28 0 27 0 26 26 
7 30 1 29 0 28 0 27 26 
7 32 0 31 0 30 0 29 26 
8 31 1 30 0 29 0 28 26 
6 30 0 29 0 28 0 27 26 
7 31 0 30 0 29 0 28 26 
5 28 1 27 0 26 0 25 26 
5 30 0 29 0 28 0 27 26 
6 29 0 28 0 27 0 26 26 
6 28 0 27 0 26 0 25 26 
6 31 0 30 0 29 0 28 26 
5 29 0 28 0 27 0 26 26 
6 30 1 29 0 28 0 27 26 
7 32 1 31 0 30 0 29 26 
6 31 1 30 0 29 0 28 26 
6 30 1 29 0 28 0 27 26 
6 31 0 30 0 29 0 28 26 
7 32 1 31 0 30 0 29 26 
7 30 1 29 0 28 0 27 26 
8 30 1 29 0 28 0 27 26 
6 29 0 28 0 27 0 26 26 
7 31 0 30 0 29 0 28 26 
6 31 0 30 0 29 0 28 26 
6 30 0 29 0 28 0 27 26 
5 29 0 28 0 27 0 26 26 
6 30 1 29 0 28 0 27 26 
6 29 0 28 0 27 0 26 26 
7 30 0 29 0 28 0 27 26 
7 29 0 28 0 27 0 26 26 
5 29 0 28 0 27 0 26 26 
5 29 0 28 0 27 0 26 26 
8 32 1 31 0 30 0 29 26 
6 32 1 31 0 30 0 29 26 
6 31 0 30 0 29 0 28 26 
6 30 0 29 0 28 0 27 26 
5 28 0 27 0 26 0 25 26 
6 30 0 29 0 28 0 27 26 
6 29 1 28 0 27 0 26 26 
7 31 0 30 0 29 0 28 26 
7 31 1 30 0 29 0 28 26 
8 31 1 30 0 29 0 28 26 
5 30 0 29 0 28 0 27 26 
6 31 1 30 0 29 0 28 26 
7 30 0 29 0 28 0 27 26 
6 29 1 28 0 27 0 26 26 
5 30 1 29 0 28 0 27 26 
6 30 0 29 0 28 0 27 26 
6 29 1 28 0 27 0 26 26 
5 31 0 30 0 29 0 28 26 
7 30 0 29 0 28 0 27 26 
6 32 0 31 0 30 0 29 26 
5 30 0 29 0 28 0 27 26 
6 29 1 28 0 27 0 26 26 
6 30 0 29 0 28 0 27 26 
7 31 1 30 0 29 0 28 26 
8 31 1 30 0 29 0 28 26 
5 30 0 29 0 28 0 27 26 
6 31 0 30 0 29 0 28 26 
6 31 1 30 0 29 0 28 26 
SCORES_TXT_END_0
SCORES_TXT_BEGIN_0 3 100 9 BLEU
7 25 3 24 2 23 1 22 17 
6 25 3 24 2 23 1 22 17 
6 25 3 24 2 23 1 22 17 
6 25 3 24 2 23 1 22 17 
6 25 3 24 2 23 1 22 17 
5 25 3 24 2 23 1 22 17 
5 25 3 24 2 23 1 22 17 
7 25 3 24 2 23 1 22 17 
6 25 3 24 2 23 1 22 17 
6 25 3 24 2 23 1 22 17 
6 25 3 24 2 23 1 22 17 
6 25 3 24 2 23 1 22 17 
5 25 3 24 2 23 1 22 17 
5 25 3 24 2 23 1 22 17 
5 25 3 24 2 23 1 22 17 
7 25 3 24 2 23 1 22 17 
6 25 3 24 2 23 1 22 17 
7 25 3 24 2 23 1 22 17 
6 25 3 24 2 23 1 22 17 
6 25 3 24 2 23 1 22 17 
8 26 3 25 2 24 1 23 17 
5 25 3 24 2 23 1 22 17 
6 25 3 24 2 23 1 22 17 
5 25 3 24 2 23 1 22 17 
5 25 3 24 2 23 1 22 17 
7 26 3 25 2 24 1 23 17 
7 25 3 24 2 23 1 22 17 
7 26 3 25 2 24 1 23 17 
5 25 3 24 2 23 1 22 17 
6 25 3 24 2 23 1 22 17 
6 26 3 25 2 24 1 23 17 
6 25 3 24 2 23 1 22 17 
7 26 3 25 2 24 1 23 17 
6 25 3 24 2 23 1 22 17 
7 25 3 24 2 23 1 22 17 
6 25 3 24 2 23 1 22 17 
5 25 3 24 2 23 1 22 17 
8 26 3 25 2 24 1 23 17 
5 25 3 24 2 23 1 22 17 
6 25 3 24 2 23 1 22 17 
5 25 3 24 2 23 1 22 17 
5 25 3 24 2 23 1 22 17 
5 25 3 24 2 23 1 22 17 
7 26 3 25 2 24 1 23 17 
7 26 3 25 2 24 1 23 17 
5 25 3 24 2 23 1 22 17 
6 25 3 24 2 23 1 22 17 
8 26 3 25 2 24 1 23 17 
6 26 3 25 2 24 1 23 17 
6 25 3 24 2 23 1 22 17 
5 25 3 24 2 23 1 22 17 
7 26 3 25 2 24 1 23 17 
6 25 3 24 2 23 1 22 17 
6 25 3 24 2 23 1 22 17 
8 26 3 25 2 24 1 23 17 
5 25 3 24 2 23 1 22 17 
5 25 3 24 2 23 1 22 17 
7 26 3 25 2 24 1 23 17 
7 26 3 25 2 24 1 23 17 
7 26 3 25 2 24 1 23 17 
7 26 3 25 2 24 1 23 17 
5 25 3 24 2 23 1 22 17 
8 25 3 24 2 23 1 22 17 
6 26 3 25 2 24 1 23 17 
6 26 3 25 2 24 1 23 17 
6 25 3 24 2 23 1 22 17 
6 26 3 25 2 24 1 23 17 
7 25 3 24 2 23 1 22 17 
6 24 3 23 2 22 1 21 17 
7 25 3 24 2 23 1 22 17 
5 25 3 24 2 23 1 22 17 
6 25 3 24 2 23 1 22 17 
8 26 3 25 2 24 1 23 17 
5 25 3 24 2 23 1 22 17 
7 26 3 25 2 24 1 23 17 
6 25 3 24 2 23 1 22 17 
5 25 3 24 2 23 1 22 17 
8 26 3 25 2 24 1 23 17 
6 25 3 24 2 23 1 22 17 
6 26 3 25 2 24 1 23 17 
7 26 3 25 2 24 1 23 17 
7 26 3 25 2 24 1 23 17 
5 25 3 24 2 23 1 22 17 
5 25 3 24 2 23 1 22 17 
7 26 3 25 2 24 1 23 17 
6 26 3 25 2 24 1 23 17 
5 24 3 23 2 22 1 21 17 
7 25 3 24 2 23 1 22 17 
7 26 3 25 2 24 1 23 17 
7 25 3 24 2 23 1 22 17 
5 25 3 24 2 23 1 22 17 
6 25 3 24 2 23 1 22 17 
6 26 3 25 2 24 1 23 17 
6 25 3 24 2 23 1 22 17 
7 26 3 25 2 24 1 23 17 
7 26 3 25 2 24 1 23 17 
7 26 3 25 2 24 1 23 17 
7 25 3 24 2 23 1 22 17 
6 26 3 25 2 24 1 23 17 
7 26 3 25 2 24 1 23 17 
SCORES_TXT_END_0
SCORES_TXT_BEGIN_0 4 100 9 BLEU
6 41 1 40 0 39 0 38 16 
7 42 0 41 0 40 0 39 16 
7 41 0 40 0 39 0 38 16 
6 41 0 40 0 39 0 38 16 
7 41 2 40 1 39 0 38 16 
7 40 1 39 0 38 0 37 16 
7 41 0 40 0 39 0 38 16 
6 41 0 40 0 39 0 38 16 
7 39 1 38 0 37 0 36 16 
7 40 2 39 1 38 0 37 16 
6 42 1 41 0 40 0 39 16 
6 41 1 40 0 39 0 38 16 
6 43 1 42 0 41 0 40 16 
7 43 0 42 0 41 0 40 16 
7 40 1 39 0 38 0 37 16 
7 42 0 41 0 40 0 39 16 
7 44 0 43 0 42 0 41 16 
7 39 1 38 0 37 0 36 16 
7 42 0 41 0 40 0 39 16 
6 42 0 41 0 40 0 39 16 
6 40 1 39 0 38 0 37 16 
7 42 2 41 1 40 0 39 16 
7 41 0 40 0 39 0 38 16 
7 43 0 42 0 41 0 40 16 
6 41 0 40 0 39 0 38 16 
6 43 0 42 0 41 0 40 16 
7 38 1 37 0 36 0 35 16 
7 40 2 39 1 38 0 37 16 
7 41 2 40 1 39 0 38 16 
6 41 0 40 0 39 0 38 16 
7 43 2 42 1 41 0 40 16 
7 39 1 38 0 37 0 36 16 
6 40 0 39 0 38 0 37 16 
7 41 1 40 0 39 0 38 16 
7 38 1 37 0 36 0 35 16 
7 39 1 38 0 37 0 36 16 
7 40 1 39 0 38 0 37 16 
7 42 0 41 0 40 0 39 16 
7 39 1 38 0 37 0 36 16 
7 42 1 41 0 40 0 39 16 
6 42 1 41 0 40 0 39 16 
6 42 0 41 0 40 0 39 16 
6 40 1 39 0 38 0 37 16 
7 40 1 39 0 38 0 37 16 
7 41 0 40 0 39 0 38 16 
7 43 0 42 0 41 0 40 16 
6 41 0 40 0 39 0 38 16 
6 43 0 42 0 41 0 40 16 
7 38 1 37 0 36 0 35 16 
6 42 1 41 0 40 0 39 16 
7 39 1 38 0 37 0 36 16 
6 41 1 40 0 39 0 38 16 
7 41 1 40 0 39 0 38 16 
7 41 2 40 1 39 0 38 16 
7 41 0 40 0 39 0 38 16 
6 39 0 38 0 37 0 36 16 
7 39 1 38 0 37 0 36 16 
7 40 2 39 1 38 0 37 16 
7 43 0 42 0 41 0 40 16 
6 40 0 39 0 38 0 37 16 
7 42 2 41 1 40 0 39 16 
7 42 0 41 0 40 0 39 16 
6 42 1 41 0 40 0 39 16 
7 40 0 39 0 38 0 37 16 
6 40 0 39 0 38 0 37 16 
6 38 0 37 0 36 0 35 16 
7 42 2 41 1 40 0 39 16 
7 41 1 40 0 39 0 38 16 
7 38 1 37 0 36 0 35 16 
6 43 1 42 0 41 0 40 16 
7 42 0 41 0 40 0 39 16 
7 41 0 40 0 39 0 38 16 
6 42 0 41 0 40 0 39 16 
7 39 1 38 0 37 0 36 16 
7 43 0 42 0 41 0 40 16 
7 40 1 39 0 38 0 37 16 
6 41 0 40 0 39 0 38 16 
7 42 1 41 0 40 0 39 16 
7 40 1 39 0 38 0 37 16 
7 42 2 41 1 40 0 39 16 
7 41 2 40 1 39 0 38 16 
6 41 0 40 0 39 0 38 16 
6 41 1 40 0 39 0 38 16 
7 40 1 39 0 38 0 37 16 
7 37 1 36 0 35 0 34 16 
7 44 0 43 0 42 0 41 16 
6 41 1 40 0 39 0 38 16 
7 39 1 38 0 37 0 36 16 
7 41 1 40 0 39 0 38 16 
7 42 0 41 0 40 0 39 16 
6 42 0 41 0 40 0 39 16 
6 42 0 41 0 40 0 39 16 
7 39 1 38 0 37 0 36 16 
6 40 1 39 0 38 0 37 16 
7 41 2 40 1 39 0 38 16 
7 42 0 41 0 40 0 39 16 
7 42 2 41 1 40 0 39 16 
6 42 1 41 0 40 0 39 16 
6 42 0 41 0 40 0 39 16 
6 42 1 41 0 40 0 39 16 
SCORES_TXT_END_0
SCORES_TXT_BEGIN_0 5 100 9 BLEU
8 33 1 32 0 31 0 30 22 
8 33 1 32 0 31 0 30 22 
9 33 1 32 0 31 0 30 22 
9 33 1 32 0 31 0 30 22 
8 33 1 32 0 31 0 30 22 
8 33 1 32 0 31 0 30 22 
10 33 1 32 0 31 0 30 22 
9 33 1 32 0 31 0 30 22 
8 32 1 31 0 30 0 29 22 
8 32 1 31 0 30 0 29 22 
8 33 1 32 0 31 0 30 22 
8 33 1 32 0 31 0 30 22 
9 32 1 31 0 30 0 29 22 
10 32 1 31 0 30 0 29 22 
9 33 1 32 0 31 0 30 22 
8 33 1 32 0 31 0 30 22 
8 32 1 31 0 30 0 29 22 
8 33 1 32 0 31 0 30 22 
8 33 1 32 0 31 0 30 22 
8 33 1 32 0 31 0 30 22 
8 33 1 32 0 31 0 30 22 
9 32 1 31 0 30 0 29 22 
9 32 1 31 0 30 0 29 22 
7 33 1 32 0 31 0 30 22 
7 33 1 32 0 31 0 30 22 
8 32 1 31 0 30 0 29 22 
10 32 1 31 0 30 0 29 22 
8 32 1 31 0 30 0 29 22 
7 33 1 32 0 31 0 30 22 
7 33 1 32 0 31 0 30 22 
9 31 1 30 0 29 0 28 22 
9 34 1 33 0 32 0 31 22 
9 34 1 33 0 32 0 31 22 
8 33 1 32 0 31 0 30 22 
9 32 1 31 0 30 0 29 22 
8 33 1 32 0 31 0 30 22 
8 32 1 31 0 30 0 29 22 
9 33 1 32 0 31 0 30 22 
8 33 1 32 0 31 0 30 22 
9 33 1 32 0 31 0 30 22 
9 33 1 32 0 31 0 30 22 
8 33 1 32 0 31 0 30 22 
8 33 1 32 0 31 0 30 22 
10 32 1 31 0 30 0 29 22 
9 33 1 32 0 31 0 30 22 
8 31 1 30 0 29 0 28 22 
9 33 1 32 0 31 0 30 22 
8 32 1 31 0 30 0 29 22 
9 32 1 31 0 30 0 29 22 
9 33 1 32 0 31 0 30 22 
8 33 1 32 0 31 0 30 22 
9 32 1 31 0 30 0 29 22 
8 33 1 32 0 31 0 30 22 
8 33 1 32 0 31 0 30 22 
8 33 1 32 0 31 0 30 22 
9 32 1 31 0 30 0 29 22 
8 33 1 32 0 31 0 30 22 
8 33 1 32 0 31 0 30 22 
7 33 1 32 0 31 0 30 22 
8 33 1 32 0 31 0 30 22 
8 33 1 32 0 31 0 30 22 
9 33 1 32 0 31 0 30 22 
8 33 1 32 0 31 0 30 22 
9 33 1 32 0 31 0 30 22 
8 33 1 32 0 31 0 30 22 
7 33 1 32 0 31 0 30 22 
7 33 1 32 0 31 0 30 22 
8 32 1 31 0 30 0 29 22 
8 33 1 32 0 31 0 30 22 
8 33 1 32 0 31 0 30 22 
9 32 1 31 0 30 0 29 22 
10 33 1 32 0 31 0 30 22 
9 33 1 32 0 31 0 30 22 
8 32 1 31 0 30 0 29 22 
10 33 1 32 0 31 0 30 22 
7 33 1 32 0 31 0 30 22 
9 33 1 32 0 31 0 30 22 
7 33 1 32 0 31 0 30 22 
8 32 1 31 0 30 0 29 22 
9 31 1 30 0 29 0 28 22 
8 32 1 31 0 30 0 29 22 
10 33 1 32 0 31 0 30 22 
9 33 1 32 0 31 0 30 22 
8 33 1 32 0 31 0 30 22 
8 32 1 31 0 30 0 29 22 
8 33 1 32 0 31 0 30 22 
8 32 1 31 0 30 0 29 22 
10 33 1 32 0 31 0 30 22 
9 32 1 31 0 30 0 29 22 
9 33 1 32 0 31 0 30 22 
9 33 1 32 0 31 0 30 22 
9 33 1 32 0 31 0 30 22 
7 33 1 32 0 31 0 30 22 
7 33 1 32 0 31 0 30 22 
8 33 1 32 0 31 0 30 22 
8 33 1 32 0 31 0 30 22 
9 32 1 31 0 30 0 29 22 
8 34 1 33 0 32 0 31 22 
8 34 1 33 0 32 0 31 22 
8 33 1 32 0 31 0 30 22 
SCORES_TXT_END_0
SCORES_TXT_BEGIN_0 6 100 9 BLEU
8 33 1 32 0 31 0 30 22 
6 32 0 31 0 30 0 29 22 
8 32 1 31 0 30 0 29 22 
8 33 1 32 0 31 0 30 22 
6 31 0 30 0 29 0 28 22 
6 32 0 31 0 30 0 29 22 
8 32 1 31 0 30 0 29 22 
8 33 1 32 0 31 0 30 22 
6 31 0 30 0 29 0 28 22 
6 32 0 31 0 30 0 29 22 
8 33 1 32 0 31 0 30 22 
8 32 1 31 0 30 0 29 22 
6 32 0 31 0 30 0 29 22 
8 33 1 32 0 31 0 30 22 
8 33 1 32 0 31 0 30 22 
8 33 1 32 0 31 0 30 22 
6 31 0 30 0 29 0 28 22 
8 32 1 31 0 30 0 29 22 
8 32 1 31 0 30 0 29 22 
8 33 1 32 0 31 0 30 22 
6 32 0 31 0 30 0 29 22 
7 33 1 32 0 31 0 30 22 
6 32 0 31 0 30 0 29 22 
8 33 1 32 0 31 0 30 22 
6 31 0 30 0 29 0 28 22 
6 31 0 30 0 29 0 28 22 
8 33 1 32 0 31 0 30 22 
8 32 1 31 0 30 0 29 22 
8 32 1 31 0 30 0 29 22 
6 32 0 31 0 30 0 29 22 
8 32 1 31 0 30 0 29 22 
5 32 0 31 0 30 0 29 22 
6 32 0 31 0 30 0 29 22 
6 31 0 30 0 29 0 28 22 
8 31 1 30 0 29 0 28 22 
6 32 0 31 0 30 0 29 22 
8 32 1 31 0 30 0 29 22 
6 31 0 30 0 29 0 28 22 
8 33 1 32 0 31 0 30 22 
7 32 1 31 0 30 0 29 22 
6 31 0 30 0 29 0 28 22 
8 32 1 31 0 30 0 29 22 
8 32 1 31 0 30 0 29 22 
8 33 1 32 0 31 0 30 22 
6 30 0 29 0 28 0 27 22 
7 31 0 30 0 29 0 28 22 
6 32 0 31 0 30 0 29 22 
7 33 1 32 0 31 0 30 22 
8 32 1 31 0 30 0 29 22 
8 33 1 32 0 31 0 30 22 
8 34 1 33 0 32 0 31 22 
6 31 0 30 0 29 0 28 22 
5 31 0 30 0 29 0 28 22 
6 31 0 30 0 29 0 28 22 
6 31 0 30 0 29 0 28 22 
6 30 0 29 0 28 0 27 22 
8 33 1 32 0 31 0 30 22 
6 32 0 31 0 30 0 29 22 
5 32 0 31 0 30 0 29 22 
6 31 0 30 0 29 0 28 22 
6 32 0 31 0 30 0 29 22 
8 33 1 32 0 31 0 30 22 
8 32 1 31 0 30 0 29 22 
6 31 0 30 0 29 0 28 22 
8 31 1 30 0 29 0 28 22 
6 33 0 32 0 31 0 30 22 
8 32 1 31 0 30 0 29 22 
8 33 1 32 0 31 0 30 22 
7 30 0 29 0 28 0 27 22 
6 31 0 30 0 29 0 28 22 
6 32 0 31 0 30 0 29 22 
7 32 1 31 0 30 0 29 22 
7 32 1 31 0 30 0 29 22 
8 32 1 31 0 30 0 29 22 
8 32 1 31 0 30 0 29 22 
7 33 1 32 0 31 0 30 22 
8 34 1 33 0 32 0 31 22 
8 33 1 32 0 31 0 30 22 
8 33 1 32 0 31 0 30 22 
8 33 1 32 0 31 0 30 22 
6 32 0 31 0 30 0 29 22 
8 33 1 32 0 31 0 30 22 
7 33 1 32 0 31 0 30 22 
6 30 0 29 0 28 0 27 22 
7 31 0 30 0 29 0 28 22 
6 32 0 31 0 30 0 29 22 
8 32 1 31 0 30 0 29 22 
6 31 0 30 0 29 0 28 22 
5 31 0 30 0 29 0 28 22 
8 33 1 32 0 31 0 30 22 
6 31 0 30 0 29 0 28 22 
5 32 0 31 0 30 0 29 22 
8 33 1 32 0 31 0 30 22 
8 34 1 33 0 32 0 31 22 
8 32 1 31 0 30 0 29 22 
5 31 0 30 0 29 0 28 22 
6 32 0 31 0 30 0 29 22 
8 32 1 31 0 30 0 29 22 
5 30 0 29 0 28 0 27 22 
6 32 0 31 0 30 0 29 22 
SCORES_TXT_END_0
SCORES_TXT_BEGIN_0 7 67 9 BLEU
10 52 1 51 0 50 0 49 22 
10 51 1 50 0 49 0 48 22 
10 51 1 50 0 49 0 48 22 
10 53 1 52 0 51 0 50 22 
10 52 1 51 0 50 0 49 22 
10 52 1 51 0 50 0 49 22 
10 53 2 52 0 51 0 50 22 
10 52 2 51 0 50 0 49 22 
9 51 2 50 0 49 0 48 22 
10 52 2 51 0 50 0 49 22 
9 50 2 49 0 48 0 47 22 
10 53 1 52 0 51 0 50 22 
9 50 2 49 0 48 0 47 22 
10 52 1 51 0 50 0 49 22 
10 53 0 52 0 51 0 50 22 
10 52 1 51 0 50 0 49 22 
9 51 2 50 0 49 0 48 22 
10 52 1 51 0 50 0 49 22 
10 53 2 52 0 51 0 50 22 
9 51 2 50 0 49 0 48 22 
10 52 0 51 0 50 0 49 22 
10 51 1 50 0 49 0 48 22 
9 51 2 50 0 49 0 48 22 
9 50 2 49 0 48 0 47 22 
10 51 1 50 0 49 0 48 22 
9 51 1 50 0 49 0 48 22 
10 52 2 51 0 50 0 49 22 
9 50 2 49 0 48 0 47 22 
10 53 1 52 0 51 0 50 22 
10 52 2 51 0 50 0 49 22 
10 54 2 53 0 52 0 51 22 
9 50 2 49 0 48 0 47 22 
10 52 0 51 0 50 0 49 22 
10 51 1 50 0 49 0 48 22 
10 52 0 51 0 50 0 49 22 
9 50 2 49 0 48 0 47 22 
9 50 1 49 0 48 0 47 22 
10 52 2 51 0 50 0 49 22 
9 50 2 49 0 48 0 47 22 
10 52 1 51 0 50 0 49 22 
10 51 2 50 0 49 0 48 22 
10 53 2 52 0 51 0 50 22 
9 50 2 49 0 48 0 47 22 
10 52 1 51 0 50 0 49 22 
10 51 0 50 0 49 0 48 22 
9 50 1 49 0 48 0 47 22 
9 51 2 50 0 49 0 48 22 
10 52 1 51 0 50 0 49 22 
10 51 2 50 0 49 0 48 22 
10 53 2 52 0 51 0 50 22 
10 51 1 50 0 49 0 48 22 
9 51 2 50 0 49 0 48 22 
10 51 0 50 0 49 0 48 22 
9 51 2 50 0 49 0 48 22 
10 53 1 52 0 51 0 50 22 
9 50 2 49 0 48 0 47 22 
10 52 1 51 0 50 0 49 22 
9 51 2 50 0 49 0 48 22 
10 54 1 53 0 52 0 51 22 
9 50 1 49 0 48 0 47 22 
10 51 1 50 0 49 0 48 22 
9 50 2 49 0 48 0 47 22 
9 50 2 49 0 48 0 47 22 
9 51 2 50 0 49 0 48 22 
9 52 2 51 0 50 0 49 22 
10 52 1 51 0 50 0 49 22 
10 52 1 51 0 50 0 49 22 
SCORES_TXT_END_0
SCORES_TXT_BEGIN_0 8 100 9 BLEU
11 49 1 48 0 47 0 46 33 
11 50 1 49 0 48 0 47 33 
11 49 1 48 0 47 0 46 33 
11 48 1 47 0 46 0 45 33 
10 49 0 48 0 47 0 46 33 
11 50 1 49 0 48 0 47 33 
11 49 1 48 0 47 0 46 33 
10 50 0 49 0 48 0 47 33 
11 48 1 47 0 46 0 45 33 
11 49 1 48 0 47 0 46 33 
10 48 0 47 0 46 0 45 33 
10 50 0 49 0 48 0 47 33 
11 49 1 48 0 47 0 46 33 
11 50 1 49 0 48 0 47 33 
11 50 1 49 0 48 0 47 33 
10 50 0 49 0 48 0 47 33 
11 49 1 48 0 47 0 46 33 
10 49 0 48 0 47 0 46 33 
11 48 1 47 0 46 0 45 33 
10 51 0 50 0 49 0 48 33 
11 50 1 49 0 48 0 47 33 
10 49 0 48 0 47 0 46 33 
11 51 1 50 0 49 0 48 33 
10 49 0 48 0 47 0 46 33 
10 49 0 48 0 47 0 46 33 
10 51 0 50 0 49 0 48 33 
10 49 0 48 0 47 0 46 33 
11 50 1 49 0 48 0 47 33 
11 49 1 48 0 47 0 46 33 
11 50 1 49 0 48 0 47 33 
10 51 0 50 0 49 0 48 33 
11 49 1 48 0 47 0 46 33 
10 49 0 48 0 47 0 46 33 
11 50 1 49 0 48 0 47 33 
11 50 1 49 0 48 0 47 33 
10 49 0 48 0 47 0 46 33 
10 50 0 49 0 48 0 47 33 
11 48 1 47 0 46 0 45 33 
11 50 1 49 0 48 0 47 33 
10 50 0 49 0 48 0 47 33 
10 50 0 49 0 48 0 47 33 
10 50 0 49 0 48 0 47 33 
10 50 0 49 0 48 0 47 33 
11 50 1 49 0 48 0 47 33 
10 50 0 49 0 48 0 47 33 
11 49 1 48 0 47 0 46 33 
10 48 0 47 0 46 0 45 33 
11 51 1 50 0 49 0 48 33 
10 52 0 51 0 50 0 49 33 
11 50 1 49 0 48 0 47 33 
10 48 0 47 0 46 0 45 33 
10 50 0 49 0 48 0 47 33 
11 51 1 50 0 49 0 48 33 
10 50 0 49 0 48 0 47 33 
10 51 0 50 0 49 0 48 33 
10 50 0 49 0 48 0 47 33 
10 49 0 48 0 47 0 46 33 
11 50 1 49 0 48 0 47 33 
10 50 0 49 0 48 0 47 33 
10 50 0 49 0 48 0 47 33 
10 48 0 47 0 46 0 45 33 
11 48 1 47 0 46 0 45 33 
10 48 0 47 0 46 0 45 33 
11 49 1 48 0 47 0 46 33 
11 50 1 49 0 48 0 47 33 
10 50 0 49 0 48 0 47 33 
11 49 1 48 0 47 0 46 33 
12 47 1 46 0 45 0 44 33 
10 51 0 50 0 49 0 48 33 
11 49 1 48 0 47 0 46 33 
10 50 0 49 0 48 0 47 33 
10 51 0 50 0 49 0 48 33 
10 48 0 47 0 46 0 45 33 
11 49 1 48 0 47 0 46 33 
11 49 1 48 0 47 0 46 33 
10 50 0 49 0 48 0 47 33 
11 50 1 49 0 48 0 47 33 
10 50 0 49 0 48 0 47 33 
10 49 0 48 0 47 0 46 33 
11 49 1 48 0 47 0 46 33 
11 50 1 49 0 48 0 47 33 
12 47 1 46 0 45 0 44 33 
10 49 0 48 0 47 0 46 33 
11 50 1 49 0 48 0 47 33 
11 49 1 48 0 47 0 46 33 
11 47 1 46 0 45 0 44 33 
10 49 0 48 0 47 0 46 33 
10 49 0 48 0 47 0 46 33 
10 49 0 48 0 47 0 46 33 
10 51 0 50 0 49 0 48 33 
10 52 0 51 0 50 0 49 33 
10 50 0 49 0 48 0 47 33 
10 51 0 50 0 49 0 48 33 
10 51 0 50 0 49 0 48 33 
10 50 0 49 0 48 0 47 33 
11 49 1 48 0 47 0 46 33 
11 50 1 49 0 48 0 47 33 
11 51 2 50 0 49 0 48 33 
12 49 1 48 0 47 0 46 33 
10 49 0 48 0 47 0 46 33 
SCORES_TXT_END_0
SCORES_TXT_BEGIN_0 9 100 9 BLEU
6 30 0 29 0 28 0 27 13 
5 31 0 30 0 29 0 28 13 
5 30 0 29 0 28 0 27 13 
7 32 0 31 0 30 0 29 13 
6 31 0 30 0 29 0 28 13 
6 30 0 29 0 28 0 27 13 
5 32 0 31 0 30 0 29 13 
6 29 0 28 0 27 0 26 13 
5 32 0 31 0 30 0 29 13 
5 31 0 30 0 29 0 28 13 
6 29 0 28 0 27 0 26 13 
6 30 0 29 0 28 0 27 13 
5 30 0 29 0 28 0 27 13 
6 30 0 29 0 28 0 27 13 
6 30 0 29 0 28 0 27 13 
5 30 0 29 0 28 0 27 13 
5 31 0 30 0 29 0 28 13 
7 29 0 28 0 27 0 26 13 
5 31 0 30 0 29 0 28 13 
5 31 0 30 0 29 0 28 13 
6 29 0 28 0 27 0 26 13 
5 30 0 29 0 28 0 27 13 
6 29 0 28 0 27 0 26 13 
6 30 0 29 0 28 0 27 13 
6 30 0 29 0 28 0 27 13 
7 30 1 29 0 28 0 27 13 
5 29 0 28 0 27 0 26 13 
7 30 0 29 0 28 0 27 13 
5 30 0 29 0 28 0 27 13 
5 31 0 30 0 29 0 28 13 
5 30 0 29 0 28 0 27 13 
6 30 0 29 0 28 0 27 13 
6 31 0 30 0 29 0 28 13 
5 31 0 30 0 29 0 28 13 
5 29 0 28 0 27 0 26 13 
6 31 1 30 0 29 0 28 13 
5 30 0 29 0 28 0 27 13 
6 31 0 30 0 29 0 28 13 
5 31 0 30 0 29 0 28 13 
5 30 0 29 0 28 0 27 13 
7 33 0 32 0 31 0 30 13 
7 32 0 31 0 30 0 29 13 
6 30 0 29 0 28 0 27 13 
6 29 0 28 0 27 0 26 13 
6 30 0 29 0 28 0 27 13 
7 31 0 30 0 29 0 28 13 
6 31 0 30 0 29 0 28 13 
5 33 0 32 0 31 0 30 13 
5 29 0 28 0 27 0 26 13 
5 32 0 31 0 30 0 29 13 
5 29 0 28 0 27 0 26 13 
5 31 0 30 0 29 0 28 13 
5 31 0 30 0 29 0 28 13 
5 30 0 29 0 28 0 27 13 
6 30 0 29 0 28 0 27 13 
7 31 0 30 0 29 0 28 13 
6 29 0 28 0 27 0 26 13 
6 30 1 29 0 28 0 27 13 
6 30 0 29 0 28 0 27 13 
5 31 0 30 0 29 0 28 13 
6 30 0 29 0 28 0 27 13 
6 31 0 30 0 29 0 28 13 
5 32 0 31 0 30 0 29 13 
5 31 0 30 0 29 0 28 13 
7 32 0 31 0 30 0 29 13 
6 30 0 29 0 28 0 27 13 
6 30 0 29 0 28 0 27 13 
7 30 0 29 0 28 0 27 13 
5 30 0 29 0 28 0 27 13 
6 31 0 30 0 29 0 28 13 
6 30 0 29 0 28 0 27 13 
7 32 0 31 0 30 0 29 13 
6 31 0 30 0 29 0 28 13 
5 31 0 30 0 29 0 28 13 
6 29 0 28 0 27 0 26 13 
6 30 0 29 0 28 0 27 13 
6 31 0 30 0 29 0 28 13 
5 31 0 30 0 29 0 28 13 
5 30 0 29 0 28 0 27 13 
5 31 0 30 0 29 0 28 13 
5 31 0 30 0 29 0 28 13 
6 30 0 29 0 28 0 27 13 
5 32 0 31 0 30 0 29 13 
6 28 0 27 0 26 0 25 13 
5 32 0 31 0 30 0 29 13 
5 31 0 30 0 29 0 28 13 
6 31 0 30 0 29 0 28 13 
7 31 0 30 0 29 0 28 13 
6 31 0 30 0 29 0 28 13 
6 28 0 27 0 26 0 25 13 
6 30 0 29 0 28 0 27 13 
6 29 0 28 0 27 0 26 13 
6 29 0 28 0 27 0 26 13 
5 31 0 30 0 29 0 28 13 
5 32 0 31 0 30 0 29 13 
6 29 0 28 0 27 0 26 13 
7 29 1 28 0 27 0 26 13 
7 31 0 30 0 29 0 28 13 
5 30 0 29 0 28 0 27 13 
5 32 0 31 0 30 0 29 13 
SCORES_TXT_END_0
SCORES_TXT_BEGIN_0 10 100 9 BLEU
7 16 1 15 0 14 0 13 13 
7 17 2 16 0 15 0 14 13 
7 18 2 17 0 16 0 15 13 
7 16 1 15 0 14 0 13 13 
8 17 1 16 0 15 0 14 13 
7 16 1 15 0 14 0 13 13 
7 19 2 18 0 17 0 16 13 
7 17 2 16 0 15 0 14 13 
6 18 1 17 0 16 0 15 13 
8 18 2 17 0 16 0 15 13 
7 17 2 16 0 15 0 14 13 
7 16 1 15 0 14 0 13 13 
8 17 1 16 0 15 0 14 13 
7 17 1 16 0 15 0 14 13 
7 17 1 16 0 15 0 14 13 
6 19 2 18 0 17 0 16 13 
8 17 1 16 0 15 0 14 13 
7 19 1 18 0 17 0 16 13 
8 17 1 16 0 15 0 14 13 
6 17 1 16 0 15 0 14 13 
7 17 2 16 0 15 0 14 13 
8 18 2 17 0 16 0 15 13 
8 17 1 16 0 15 0 14 13 
8 17 1 16 0 15 0 14 13 
7 18 2 17 0 16 0 15 13 
7 18 2 17 0 16 0 15 13 
7 18 2 17 0 16 0 15 13 
8 18 1 17 0 16 0 15 13 
8 18 2 17 0 16 0 15 13 
7 20 2 19 0 18 0 17 13 
6 17 1 16 0 15 0 14 13 
8 18 2 17 0 16 0 15 13 
7 16 1 15 0 14 0 13 13 
7 16 1 15 0 14 0 13 13 
8 17 1 16 0 15 0 14 13 
7 17 0 16 0 15 0 14 13 
6 18 2 17 0 16 0 15 13 
7 17 1 16 0 15 0 14 13 
7 16 1 15 0 14 0 13 13 
7 18 1 17 0 16 0 15 13 
8 18 2 17 0 16 0 15 13 
8 18 2 17 0 16 0 15 13 
7 19 2 18 0 17 0 16 13 
7 16 1 15 0 14 0 13 13 
8 17 1 16 0 15 0 14 13 
6 17 1 16 0 15 0 14 13 
7 17 1 16 0 15 0 14 13 
6 17 1 16 0 15 0 14 13 
8 19 2 18 0 17 0 16 13 
7 17 1 16 0 15 0 14 13 
6 18 2 17 0 16 0 15 13 
7 17 2 16 0 15 0 14 13 
7 17 2 16 0 15 0 14 13 
8 18 2 17 0 16 0 15 13 
7 18 1 17 0 16 0 15 13 
8 17 1 16 0 15 0 14 13 
7 17 2 16 0 15 0 14 13 
7 19 2 18 0 17 0 16 13 
7 16 1 15 0 14 0 13 13 
8 17 1 16 0 15 0 14 13 
7 19 1 18 0 17 0 16 13 
7 16 1 15 0 14 0 13 13 
7 17 2 16 0 15 0 14 13 
8 18 2 17 0 16 0 15 13 
6 18 2 17 0 16 0 15 13 
7 16 1 15 0 14 0 13 13 
7 18 2 17 0 16 0 15 13 
8 17 1 16 0 15 0 14 13 
7 17 2 16 0 15 0 14 13 
6 18 2 17 0 16 0 15 13 
8 18 1 17 0 16 0 15 13 
7 17 1 16 0 15 0 14 13 
8 17 1 16 0 15 0 14 13 
8 17 2 16 0 15 0 14 13 
7 17 1 16 0 15 0 14 13 
7 18 2 17 0 16 0 15 13 
8 18 1 17 0 16 0 15 13 
7 17 1 16 0 15 0 14 13 
8 17 1 16 0 15 0 14 13 
7 18 1 17 0 16 0 15 13 
7 19 2 18 0 17 0 16 13 
7 18 2 17 0 16 0 15 13 
6 17 1 16 0 15 0 14 13 
7 18 2 17 0 16 0 15 13 
6 17 2 16 0 15 0 14 13 
7 17 1 16 0 15 0 14 13 
7 16 1 15 0 14 0 13 13 
8 18 2 17 0 16 0 15 13 
8 18 0 17 0 16 0 15 13 
7 17 2 16 0 15 0 14 13 
8 18 1 17 0 16 0 15 13 
8 18 1 17 0 16 0 15 13 
8 18 2 17 0 16 0 15 13 
8 17 1 16 0 15 0 14 13 
7 20 2 19 0 18 0 17 13 
6 16 1 15 0 14 0 13 13 
7 17 2 16 0 15 0 14 13 
7 17 1 16 0 15 0 14 13 
7 17 2 16 0 15 0 14 13 
7 16 1 15 0 14 0 13 13 
SCORES_TXT_END_0
SCORES_TXT_BEGIN_0 11 100 9 BLEU
6 26 5 25 4 24 3 23 13 
6 26 5 25 4 24 3 23 13 
6 26 5 25 4 24 3 23 13 
6 26 5 25 4 24 3 23 13 
6 26 5 25 4 24 3 23 13 
6 26 5 25 4 24 3 23 13 
6 26 5 25 4 24 3 23 13 
6 26 5 25 4 24 3 23 13 
6 26 5 25 4 24 3 23 13 
6 26 5 25 4 24 3 23 13 
6 26 5 25 4 24 3 23 13 
6 26 5 25 4 24 3 23 13 
6 26 5 25 4 24 3 23 13 
6 26 5 25 4 24 3 23 13 
6 27 5 26 4 25 3 24 13 
6 26 5 25 4 24 3 23 13 
6 27 5 26 4 25 3 24 13 
6 26 5 25 4 24 3 23 13 
6 26 5 25 4 24 3 23 13 
6 26 5 25 4 24 3 23 13 
6 26 5 25 4 24 3 23 13 
6 26 5 25 4 24 3 23 13 
6 26 5 25 4 24 3 23 13 
6 26 5 25 4 24 3 23 13 
6 27 5 26 4 25 3 24 13 
6 26 5 25 4 24 3 23 13 
6 26 5 25 4 24 3 23 13 
6 26 5 25 4 24 3 23 13 
6 26 5 25 4 24 3 23 13 
6 26 5 25 4 24 3 23 13 
6 27 5 26 4 25 3 24 13 
6 26 5 25 4 24 3 23 13 
6 27 5 26 4 25 3 24 13 
6 27 5 26 4 25 3 24 13 
6 27 5 26 4 25 3 24 13 
6 27 5 26 4 25 3 24 13 
6 27 5 26 4 25 3 24 13 
6 26 5 25 4 24 3 23 13 
6 27 5 26 4 25 3 24 13 
6 26 5 25 4 24 3 23 13 
6 26 5 25 4 24 3 23 13 
6 26 5 25 4 24 3 23 13 
6 26 5 25 4 24 3 23 13 
6 26 5 25 4 24 3 23 13 
6 27 5 26 4 25 3 24 13 
6 27 5 26 4 25 3 24 13 
6 26 5 25 4 24 3 23 13 
6 27 5 26 4 25 3 24 13 
6 26 5 25 4 24 3 23 13 
6 26 5 25 4 24 3 23 13 
6 26 5 25 4 24 3 23 13 
2 24 1 23 0 22 0 21 13 
6 26 5 25 4 24 3 23 13 
6 27 5 26 4 25 3 24 13 
6 26 5 25 4 24 3 23 13 
2 24 1 23 0 22 0 21 13 
6 27 5 26 4 25 3 24 13 
6 27 5 26 4 25 3 24 13 
6 27 5 26 4 25 3 24 13 
6 27 5 26 4 25 3 24 13 
6 26 5 25 4 24 3 23 13 
6 27 5 26 4 25 3 24 13 
6 26 5 25 4 24 3 23 13 
6 27 5 26 4 25 3 24 13 
6 26 5 25 4 24 3 23 13 
6 26 5 25 4 24 3 23 13 
6 26 5 25 4 24 3 23 13 
6 26 5 25 4 24 3 23 13 
6 26 5 25 4 24 3 23 13 
6 26 5 25 4 24 3 23 13 
6 26 5 25 4 24 3 23 13 
6 26 5 25 4 24 3 23 13 
6 26 5 25 4 24 3 23 13 
6 27 5 26 4 25 3 24 13 
6 27 5 26 4 25 3 24 13 
6 27 5 26 4 25 3 24 13 
6 27 5 26 4 25 3 24 13 
6 26 5 25 4 24 3 23 13 
6 27 5 26 4 25 3 24 13 
6 26 5 25 4 24 3 23 13 
6 26 5 25 4 24 3 23 13 
6 26 5 25 4 24 3 23 13 
6 27 5 26 4 25 3 24 13 
6 26 5 25 4 24 3 23 13 
6 26 5 25 4 24 3 23 13 
6 27 5 26 4 25 3 24 13 
6 26 5 25 4 24 3 23 13 
6 26 5 25 4 24 3 23 13 
6 26 5 25 4 24 3 23 13 
6 26 5 25 4 24 3 23 13 
2 24 1 23 0 22 0 21 13 
6 26 5 25 4 24 3 23 13 
6 26 5 25 4 24 3 23 13 
2 24 1 23 0 22 0 21 13 
6 26 5 25 4 24 3 23 13 
6 27 5 26 4 25 3 24 13 
2 24 1 23 0 22 0 21 13 
6 26 5 25 4 24 3 23 13 
6 27 5 26 4 25 3 24 13 
6 27 5 26 4 25 3 24 13 
SCORES_TXT_END_0
SCORES_TXT_BEGIN_0 12 96 9 BLEU
13 36 6 35 2 34 0 33 28 
13 36 6 35 2 34 0 33 28 
13 36 6 35 2 34 0 33 28 
13 36 6 35 2 34 0 33 28 
13 36 6 35 2 34 0 33 28 
13 36 6 35 2 34 0 33 28 
13 36 6 35 2 34 0 33 28 
13 36 6 35 2 34 0 33 28 
13 35 6 34 2 33 0 32 28 
13 36 6 35 2 34 0 33 28 
13 35 6 34 2 33 0 32 28 
13 35 6 34 2 33 0 32 28 
13 36 6 35 2 34 0 33 28 
13 35 6 34 2 33 0 32 28 
13 36 6 35 2 34 0 33 28 
13 36 6 35 2 34 0 33 28 
13 35 6 34 2 33 0 32 28 
13 36 6 35 2 34 0 33 28 
13 35 6 34 2 33 0 32 28 
13 35 6 34 2 33 0 32 28 
13 35 6 34 2 33 0 32 28 
13 36 6 35 2 34 0 33 28 
13 36 6 35 2 34 0 33 28 
13 35 6 34 2 33 0 32 28 
13 35 6 34 2 33 0 32 28 
13 36 6 35 2 34 0 33 28 
13 36 6 35 2 34 0 33 28 
13 35 6 34 2 33 0 32 28 
13 37 6 36 2 35 0 34 28 
13 36 6 35 2 34 0 33 28 
11 35 4 34 1 33 0 32 28 
13 35 6 34 2 33 0 32 28 
13 36 6 35 2 34 0 33 28 
12 35 5 34 1 33 0 32 28 
13 36 6 35 2 34 0 33 28 
11 35 4 34 1 33 0 32 28 
13 35 6 34 2 33 0 32 28 
13 36 6 35 2 34 0 33 28 
13 37 6 36 2 35 0 34 28 
13 35 6 34 2 33 0 32 28 
12 35 5 34 1 33 0 32 28 
13 35 6 34 2 33 0 32 28 
13 36 6 35 2 34 0 33 28 
13 37 6 36 2 35 0 34 28 
13 36 6 35 2 34 0 33 28 
13 35 6 34 2 33 0 32 28 
13 35 6 34 2 33 0 32 28 
13 35 6 34 2 33 0 32 28 
13 35 6 34 2 33 0 32 28 
14 36 7 35 3 34 0 33 28 
13 36 6 35 2 34 0 33 28 
13 36 6 35 2 34 0 33 28 
11 35 4 34 1 33 0 32 28 
13 34 6 33 2 32 0 31 28 
13 36 6 35 2 34 0 33 28 
13 35 6 34 2 33 0 32 28 
13 36 6 35 2 34 0 33 28 
13 37 6 36 2 35 0 34 28 
13 36 6 35 2 34 0 33 28 
13 36 6 35 2 34 0 33 28 
13 35 6 34 2 33 0 32 28 
12 35 5 34 1 33 0 32 28 
12 36 5 35 2 34 0 33 28 
13 36 6 35 2 34 0 33 28 
13 36 6 35 2 34 0 33 28 
13 35 6 34 2 33 0 32 28 
11 35 4 34 1 33 0 32 28 
13 34 6 33 2 32 0 31 28 
13 36 6 35 2 34 0 33 28 
13 37 6 36 2 35 0 34 28 
13 36 6 35 2 34 0 33 28 
11 35 4 34 1 33 0 32 28 
13 37 6 36 2 35 0 34 28 
12 33 5 32 1 31 0 30 28 
13 35 6 34 2 33 0 32 28 
13 35 6 34 2 33 0 32 28 
12 35 5 34 1 33 0 32 28 
12 36 5 35 2 34 0 33 28 
12 35 5 34 1 33 0 32 28 
12 35 5 34 1 33 0 32 28 
13 35 6 34 2 33 0 32 28 
13 36 6 35 2 34 0 33 28 
13 35 6 34 2 33 0 32 28 
11 35 4 34 1 33 0 32 28 
13 37 6 36 2 35 0 34 28 
12 33 5 32 1 31 0 30 28 
13 36 6 35 2 34 0 33 28 
13 35 6 34 2 33 0 32 28 
13 35 6 34 2 33 0 32 28 
13 35 6 34 2 33 0 32 28 
12 35 5 34 1 33 0 32 28 
13 36 6 35 2 34 0 33 28 
12 35 5 34 1 33 0 32 28 
14 36 7 35 3 34 0 33 28 
13 35 6 34 2 33 0 32 28 
13 34 6 33 2 32 0 31 28 
SCORES_TXT_END_0
SCORES_TXT_BEGIN_0 13 100 9 BLEU
4 27 0 26 0 25 0 24 13 
4 27 0 26 0 25 0 24 13 
4 28 0 27 0 26 0 25 13 
4 28 0 27 0 26 0 25 13 
4 28 0 27 0 26 0 25 13 
4 27 0 26 0 25 0 24 13 
4 27 0 26 0 25 0 24 13 
4 26 0 25 0 24 0 23 13 
4 27 0 26 0 25 0 24 13 
4 28 0 27 0 26 0 25 13 
4 29 0 28 0 27 0 26 13 
4 27 0 26 0 25 0 24 13 
4 27 0 26 0 25 0 24 13 
4 27 0 26 0 25 0 24 13 
4 28 0 27 0 26 0 25 13 
4 28 0 27 0 26 0 25 13 
4 27 0 26 0 25 0 24 13 
4 29 0 28 0 27 0 26 13 
4 27 0 26 0 25 0 24 13 
4 28 0 27 0 26 0 25 13 
4 29 0 28 0 27 0 26 13 
4 27 0 26 0 25 0 24 13 
4 28 0 27 0 26 0 25 13 
4 28 0 27 0 26 0 25 13 
4 28 0 27 0 26 0 25 13 
4 27 0 26 0 25 0 24 13 
4 27 0 26 0 25 0 24 13 
4 28 0 27 0 26 0 25 13 
4 28 0 27 0 26 0 25 13 
4 28 0 27 0 26 0 25 13 
4 28 0 27 0 26 0 25 13 
4 27 0 26 0 25 0 24 13 
4 28 0 27 0 26 0 25 13 
4 26 0 25 0 24 0 23 13 
4 26 0 25 0 24 0 23 13 
4 27 0 26 0 25 0 24 13 
4 27 0 26 0 25 0 24 13 
4 28 0 27 0 26 0 25 13 
4 28 0 27 0 26 0 25 13 
4 27 0 26 0 25 0 24 13 
4 29 0 28 0 27 0 26 13 
4 27 0 26 0 25 0 24 13 
4 27 0 26 0 25 0 24 13 
4 28 0 27 0 26 0 25 13 
4 28 0 27 0 26 0 25 13 
4 29 0 28 0 27 0 26 13 
4 28 0 27 0 26 0 25 13 
4 27 0 26 0 25 0 24 13 
4 29 0 28 0 27 0 26 13 
4 30 0 29 0 28 0 27 13 
4 28 0 27 0 26 0 25 13 
4 29 0 28 0 27 0 26 13 
4 26 0 25 0 24 0 23 13 
4 29 0 28 0 27 0 26 13 
4 29 0 28 0 27 0 26 13 
4 27 0 26 0 25 0 24 13 
4 27 0 26 0 25 0 24 13 
4 27 0 26 0 25 0 24 13 
4 28 0 27 0 26 0 25 13 
4 28 0 27 0 26 0 25 13 
4 28 0 27 0 26 0 25 13 
4 29 0 28 0 27 0 26 13 
4 26 0 25 0 24 0 23 13 
4 27 0 26 0 25 0 24 13 
4 27 0 26 0 25 0 24 13 
4 27 0 26 0 25 0 24 13 
4 28 0 27 0 26 0 25 13 
4 27 0 26 0 25 0 24 13 
4 28 0 27 0 26 0 25 13 
4 29 0 28 0 27 0 26 13 
4 29 0 28 0 27 0 26 13 
4 29 0 28 0 27 0 26 13 
4 28 0 27 0 26 0 25 13 
4 28 0 27 0 26 0 25 13 
4 27 0 26 0 25 0 24 13 
4 27 0 26 0 25 0 24 13 
4 28 0 27 0 26 0 25 13 
4 28 0 27 0 26 0 25 13 
4 27 0 26 0 25 0 24 13 
4 27 0 26 0 25 0 24 13 
4 27 0 26 0 25 0 24 13 
4 29 0 28 0 27 0 26 13 
4 28 0 27 0 26 0 25 13 
4 28 0 27 0 26 0 25 13 
4 28 0 27 0 26 0 25 13 
5 27 0 26 0 25 0 24 13 
4 28 0 27 0 26 0 25 13 
4 27 0 26 0 25 0 24 13 
4 28 0 27 0 26 0 25 13 
4 28 0 27 0 26 0 25 13 
4 27 0 26 0 25 0 24 13 
4 29 0 28 0 27 0 26 13 
4 26 0 25 0 24 0 23 13 
4 27 0 26 0 25 0 24 13 
4 27 0 26 0 25 0 24 13 
4 27 0 26 0 25 0 24 13 
4 27 0 26 0 25 0 24 13 
4 28 0 27 0 26 0 25 13 
4 27 0 26 0 25 0 24 13 
4 28 0 27 0 26 0 25 13 
SCORES_TXT_END_0
SCORES_TXT_BEGIN_0 14 98 9 BLEU
10 27 4 26 3 25 2 24 20 
10 28 5 27 3 26 2 25 20 
11 27 4 26 3 25 2 24 20 
11 28 5 27 3 26 2 25 20 
10 28 5 27 3 26 2 25 20 
10 28 6 27 4 26 2 25 20 
10 29 6 28 4 27 2 26 20 
10 29 5 28 3 27 2 26 20 
10 27 4 26 3 25 2 24 20 
10 28 5 27 3 26 2 25 20 
11 28 5 27 3 26 2 25 20 
10 27 4 26 3 25 2 24 20 
11 29 5 28 3 27 2 26 20 
10 29 5 28 3 27 2 26 20 
10 27 4 26 3 25 2 24 20 
10 28 5 27 3 26 2 25 20 
10 28 5 27 3 26 2 25 20 
12 27 4 26 3 25 2 24 20 
10 28 4 27 3 26 2 25 20 
12 28 5 27 3 26 2 25 20 
10 27 4 26 3 25 2 24 20 
10 29 5 28 3 27 2 26 20 
11 27 4 26 3 25 2 24 20 
10 28 5 27 3 26 2 25 20 
11 28 5 27 3 26 2 25 20 
11 28 6 27 4 26 2 25 20 
11 29 6 28 4 27 2 26 20 
10 28 5 27 3 26 2 25 20 
11 29 5 28 3 27 2 26 20 
10 27 4 26 3 25 2 24 20 
10 28 5 27 3 26 2 25 20 
12 29 5 28 3 27 2 26 20 
11 29 5 28 3 27 2 26 20 
11 27 4 26 3 25 2 24 20 
11 28 5 27 3 26 2 25 20 
10 27 4 26 3 25 2 24 20 
10 28 5 27 3 26 2 25 20 
7 27 1 26 0 25 0 24 20 
11 28 5 27 3 26 2 25 20 
11 28 4 27 3 26 2 25 20 
10 29 6 28 4 27 2 26 20 
7 28 2 27 0 26 0 25 20 
11 29 5 28 3 27 2 26 20 
12 27 4 26 3 25 2 24 20 
12 28 5 27 3 26 2 25 20 
10 29 5 28 3 27 2 26 20 
10 27 5 26 3 25 2 24 20 
10 28 4 27 3 26 2 25 20 
11 27 4 26 3 25 2 24 20 
11 27 4 26 3 25 2 24 20 
10 27 4 26 3 25 2 24 20 
10 26 4 25 3 24 2 23 20 
10 29 5 28 3 27 2 26 20 
11 28 5 27 3 26 2 25 20 
11 28 5 27 3 26 2 25 20 
10 28 5 27 3 26 2 25 20 
10 27 5 26 3 25 2 24 20 
9 28 3 27 2 26 1 25 20 
11 28 5 27 3 26 2 25 20 
9 29 4 28 2 27 1 26 20 
11 29 5 28 3 27 2 26 20 
10 29 5 28 3 27 2 26 20 
10 28 5 27 3 26 2 25 20 
10 28 5 27 3 26 2 25 20 
11 27 4 26 3 25 2 24 20 
11 28 5 27 3 26 2 25 20 
11 27 4 26 3 25 2 24 20 
10 27 4 26 3 25 2 24 20 
10 29 6 28 4 27 2 26 20 
10 28 4 27 3 26 2 25 20 
10 30 6 29 4 28 2 27 20 
12 28 5 27 3 26 2 25 20 
10 29 5 28 3 27 2 26 20 
11 28 5 27 3 26 2 25 20 
10 28 5 27 3 26 2 25 20 
10 28 6 27 4 26 2 25 20 
10 26 5 25 3 24 2 23 20 
10 28 5 27 3 26 2 25 20 
10 27 6 26 4 25 2 24 20 
10 27 6 26 3 25 2 24 20 
10 29 5 28 3 27 2 26 20 
11 28 5 27 3 26 2 25 20 
10 28 5 27 3 26 2 25 20 
10 28 6 27 4 26 2 25 20 
10 28 6 27 4 26 2 25 20 
8 27 1 26 0 25 0 24 20 
12 28 5 27 3 26 2 25 20 
11 27 4 26 3 25 2 24 20 
10 28 4 27 3 26 2 25 20 
10 29 6 28 4 27 2 26 20 
11 29 6 28 4 27 2 26 20 
8 28 2 27 0 26 0 25 20 
11 28 5 27 3 26 2 25 20 
10 28 6 27 4 26 2 25 20 
10 29 5 28 3 27 2 26 20 
11 30 6 29 4 28 2 27 20 
10 30 6 29 4 28 2 27 20 
10 28 5 27 3 26 2 25 20 
SCORES_TXT_END_0
SCORES_TXT_BEGIN_0 15 80 9 BLEU
7 29 2 28 1 27 0 26 31 
7 30 3 29 2 28 1 27 31 
7 28 2 27 1 26 0 25 31 
7 29 3 28 2 27 1 26 31 
7 29 2 28 1 27 0 26 31 
7 29 3 28 2 27 1 26 31 
7 29 2 28 1 27 0 26 31 
7 30 3 29 2 28 1 27 31 
8 29 2 28 1 27 0 26 31 
7 29 3 28 2 27 1 26 31 
7 29 3 28 2 27 1 26 31 
7 29 2 28 1 27 0 26 31 
7 28 2 27 1 26 0 25 31 
7 30 3 29 2 28 1 27 31 
7 29 2 28 1 27 0 26 31 
7 29 3 28 2 27 1 26 31 
7 29 2 28 1 27 0 26 31 
7 28 3 27 2 26 1 25 31 
7 29 3 28 2 27 1 26 31 
7 29 2 28 1 27 0 26 31 
7 28 2 27 1 26 0 25 31 
7 28 3 27 2 26 1 25 31 
7 28 2 27 1 26 0 25 31 
7 29 2 28 1 27 0 26 31 
7 28 2 27 1 26 0 25 31 
8 29 2 28 1 27 0 26 31 
7 29 3 28 2 27 1 26 31 
7 29 1 28 0 27 0 26 31 
7 28 3 27 2 26 1 25 31 
8 30 3 29 2 28 1 27 31 
8 28 3 27 2 26 1 25 31 
7 29 3 28 2 27 1 26 31 
8 29 3 28 2 27 1 26 31 
8 29 3 28 2 27 1 26 31 
7 29 2 28 1 27 0 26 31 
7 30 3 29 2 28 1 27 31 
8 28 2 27 1 26 0 25 31 
7 29 3 28 2 27 1 26 31 
8 30 3 29 2 28 1 27 31 
7 29 2 28 1 27 0 26 31 
7 28 2 27 1 26 0 25 31 
7 29 3 28 2 27 1 26 31 
7 28 2 27 1 26 0 25 31 
7 28 3 27 2 26 1 25 31 
7 29 3 28 2 27 1 26 31 
7 28 3 27 2 26 1 25 31 
7 29 3 28 2 27 1 26 31 
7 28 3 27 2 26 1 25 31 
7 29 2 28 1 27 0 26 31 
7 29 2 28 1 27 0 26 31 
7 29 2 28 1 27 0 26 31 
7 30 3 29 2 28 1 27 31 
7 29 3 28 2 27 1 26 31 
7 29 3 28 2 27 1 26 31 
7 30 3 29 2 28 1 27 31 
7 29 3 28 2 27 1 26 31 
7 29 3 28 2 27 1 26 31 
7 30 2 29 1 28 0 27 31 
6 29 2 28 1 27 0 26 31 
8 28 2 27 1 26 0 25 31 
8 28 3 27 2 26 1 25 31 
8 29 2 28 1 27 0 26 31 
7 30 3 29 2 28 1 27 31 
7 30 3 29 2 28 1 27 31 
7 29 3 28 2 27 1 26 31 
7 29 2 28 1 27 0 26 31 
7 28 2 27 1 26 0 25 31 
7 28 2 27 1 26 0 25 31 
8 29 3 28 2 27 1 26 31 
7 30 3 29 2 28 1 27 31 
7 28 2 27 1 26 0 25 31 
7 29 3 28 2 27 1 26 31 
7 29 3 28 2 27 1 26 31 
7 29 3 28 2 27 1 26 31 
7 29 2 28 1 27 0 26 31 
7 28 3 27 2 26 1 25 31 
7 28 3 27 2 26 1 25 31 
8 30 3 29 2 28 1 27 31 
7 29 2 28 1 27 0 26 31 
7 29 2 28 1 27 0 26 31 
SCORES_TXT_END_0
SCORES_TXT_BEGIN_0 16 100 9 BLEU
10 30 2 29 0 28 0 27 29 
10 30 1 29 0 28 0 27 29 
10 30 2 29 0 28 0 27 29 
10 31 2 30 0 29 0 28 29 
9 30 1 29 0 28 0 27 29 
9 30 1 29 0 28 0 27 29 
9 30 0 29 0 28 0 27 29 
10 31 2 30 0 29 0 28 29 
9 30 1 29 0 28 0 27 29 
10 30 2 29 0 28 0 27 29 
9 30 1 29 0 28 0 27 29 
10 30 2 29 0 28 0 27 29 
10 30 1 29 0 28 0 27 29 
9 30 1 29 0 28 0 27 29 
9 31 1 30 0 29 0 28 29 
10 30 1 29 0 28 0 27 29 
10 29 2 28 0 27 0 26 29 
10 30 2 29 0 28 0 27 29 
10 30 2 29 0 28 0 27 29 
9 31 1 30 0 29 0 28 29 
9 30 1 29 0 28 0 27 29 
10 29 2 28 0 27 0 26 29 
8 30 0 29 0 28 0 27 29 
10 30 2 29 0 28 0 27 29 
10 31 1 30 0 29 0 28 29 
9 31 1 30 0 29 0 28 29 
9 30 1 29 0 28 0 27 29 
10 30 2 29 0 28 0 27 29 
10 29 1 28 0 27 0 26 29 
10 30 2 29 0 28 0 27 29 
10 30 1 29 0 28 0 27 29 
10 29 2 28 0 27 0 26 29 
10 31 2 30 0 29 0 28 29 
10 30 2 29 0 28 0 27 29 
10 29 2 28 0 27 0 26 29 
10 31 1 30 0 29 0 28 29 
9 30 1 29 0 28 0 27 29 
10 29 2 28 0 27 0 26 29 
10 30 1 29 0 28 0 27 29 
10 30 1 29 0 28 0 27 29 
9 30 1 29 0 28 0 27 29 
10 29 2 28 0 27 0 26 29 
9 30 1 29 0 28 0 27 29 
8 30 0 29 0 28 0 27 29 
9 30 1 29 0 28 0 27 29 
10 30 2 29 0 28 0 27 29 
10 30 1 29 0 28 0 27 29 
10 29 1 28 0 27 0 26 29 
10 31 2 30 0 29 0 28 29 
10 30 1 29 0 28 0 27 29 
9 30 1 29 0 28 0 27 29 
9 31 1 30 0 29 0 28 29 
10 31 2 30 0 29 0 28 29 
10 28 2 27 0 26 0 25 29 
9 31 1 30 0 29 0 28 29 
9 30 0 29 0 28 0 27 29 
10 29 1 28 0 27 0 26 29 
9 31 1 30 0 29 0 28 29 
10 30 2 29 0 28 0 27 29 
9 30 2 29 0 28 0 27 29 
9 30 0 29 0 28 0 27 29 
10 31 2 30 0 29 0 28 29 
10 30 1 29 0 28 0 27 29 
9 30 1 29 0 28 0 27 29 
10 29 2 28 0 27 0 26 29 
8 30 0 29 0 28 0 27 29 
10 30 1 29 0 28 0 27 29 
10 30 2 29 0 28 0 27 29 
10 29 2 28 0 27 0 26 29 
10 30 2 29 0 28 0 27 29 
9 30 1 29 0 28 0 27 29 
10 30 2 29 0 28 0 27 29 
10 30 1 29 0 28 0 27 29 
10 30 2 29 0 28 0 27 29 
9 31 0 30 0 29 0 28 29 
10 30 1 29 0 28 0 27 29 
10 31 1 30 0 29 0 28 29 
10 28 1 27 0 26 0 25 29 
10 30 2 29 0 28 0 27 29 
9 29 1 28 0 27 0 26 29 
9 30 1 29 0 28 0 27 29 
10 29 2 28 0 27 0 26 29 
9 30 1 29 0 28 0 27 29 
9 30 1 29 0 28 0 27 29 
10 30 2 29 0 28 0 27 29 
9 30 1 29 0 28 0 27 29 
8 31 0 30 0 29 0 28 29 
9 30 1 29 0 28 0 27 29 
10 31 2 30 0 29 0 28 29 
10 30 2 29 0 28 0 27 29 
10 29 1 28 0 27 0 26 29 
10 31 1 30 0 29 0 28 29 
8 30 0 29 0 28 0 27 29 
9 29 1 28 0 27 0 26 29 
10 30 1 29 0 28 0 27 29 
10 31 2 30 0 29 0 28 29 
10 30 0 29 0 28 0 27 29 
9 30 1 29 0 28 0 27 29 
9 31 1 30 0 29 0 28 29 
10 31 2 30 0 29 0 28 29 
SCORES_TXT_END_0
SCORES_TXT_BEGIN_0 17 100 9 BLEU
5 31 1 30 0 29 0 28 12 
4 32 0 31 0 30 0 29 12 
4 30 0 29 0 28 0 27 12 
4 31 0 30 0 29 0 28 12 
5 31 1 30 0 29 0 28 12 
4 31 0 30 0 29 0 28 12 
5 31 1 30 0 29 0 28 12 
5 32 0 31 0 30 0 29 12 
4 31 0 30 0 29 0 28 12 
5 30 0 29 0 28 0 27 12 
4 32 0 31 0 30 0 29 12 
4 31 0 30 0 29 0 28 12 
5 31 0 30 0 29 0 28 12 
4 30 0 29 0 28 0 27 12 
5 31 0 30 0 29 0 28 12 
5 32 2 31 0 30 0 29 12 
4 31 0 30 0 29 0 28 12 
5 31 1 30 0 29 0 28 12 
5 31 0 30 0 29 0 28 12 
4 31 0 30 0 29 0 28 12 
5 33 1 32 0 31 0 30 12 
5 30 1 29 0 28 0 27 12 
5 31 1 30 0 29 0 28 12 
4 31 0 30 0 29 0 28 12 
5 32 0 31 0 30 0 29 12 
5 31 0 30 0 29 0 28 12 
4 31 0 30 0 29 0 28 12 
5 30 0 29 0 28 0 27 12 
5 31 2 30 0 29 0 28 12 
5 32 1 31 0 30 0 29 12 
5 31 0 30 0 29 0 28 12 
4 31 0 30 0 29 0 28 12 
5 32 1 31 0 30 0 29 12 
4 31 0 30 0 29 0 28 12 
5 29 0 28 0 27 0 26 12 
4 31 0 30 0 29 0 28 12 
5 32 1 31 0 30 0 29 12 
5 31 0 30 0 29 0 28 12 
5 32 1 31 0 30 0 29 12 
5 32 1 31 0 30 0 29 12 
5 31 0 30 0 29 0 28 12 
5 30 1 29 0 28 0 27 12 
5 33 0 32 0 31 0 30 12 
4 32 0 31 0 30 0 29 12 
5 31 0 30 0 29 0 28 12 
5 30 0 29 0 28 0 27 12 
4 31 0 30 0 29 0 28 12 
5 32 2 31 0 30 0 29 12 
5 32 1 31 0 30 0 29 12 
5 31 0 30 0 29 0 28 12 
5 30 0 29 0 28 0 27 12 
4 31 0 30 0 29 0 28 12 
5 31 0 30 0 29 0 28 12 
5 31 1 30 0 29 0 28 12 
5 31 1 30 0 29 0 28 12 
4 31 0 30 0 29 0 28 12 
5 32 0 31 0 30 0 29 12 
5 31 1 30 0 29 0 28 12 
5 31 2 30 0 29 0 28 12 
5 33 1 32 0 31 0 30 12 
5 30 1 29 0 28 0 27 12 
5 32 1 31 0 30 0 29 12 
5 31 1 30 0 29 0 28 12 
5 32 0 31 0 30 0 29 12 
5 31 0 30 0 29 0 28 12 
5 31 1 30 0 29 0 28 12 
5 31 0 30 0 29 0 28 12 
4 31 0 30 0 29 0 28 12 
5 30 0 29 0 28 0 27 12 
5 31 0 30 0 29 0 28 12 
5 31 1 30 0 29 0 28 12 
5 32 1 31 0 30 0 29 12 
5 31 2 30 0 29 0 28 12 
4 31 0 30 0 29 0 28 12 
5 31 1 30 0 29 0 28 12 
5 32 1 31 0 30 0 29 12 
5 32 1 31 0 30 0 29 12 
5 31 1 30 0 29 0 28 12 
5 32 0 31 0 30 0 29 12 
5 31 0 30 0 29 0 28 12 
5 32 0 31 0 30 0 29 12 
4 31 0 30 0 29 0 28 12 
5 32 1 31 0 30 0 29 12 
4 31 0 30 0 29 0 28 12 
5 30 0 29 0 28 0 27 12 
5 30 1 29 0 28 0 27 12 
4 30 0 29 0 28 0 27 12 
5 29 0 28 0 27 0 26 12 
5 31 0 30 0 29 0 28 12 
4 32 0 31 0 30 0 29 12 
5 32 1 31 0 30 0 29 12 
5 32 1 31 0 30 0 29 12 
4 31 0 30 0 29 0 28 12 
4 31 0 30 0 29 0 28 12 
5 32 1 31 0 30 0 29 12 
4 30 0 29 0 28 0 27 12 
5 31 0 30 0 29 0 28 12 
5 31 1 30 0 29 0 28 12 
5 31 1 30 0 29 0 28 12 
5 31 1 30 0 29 0 28 12 
SCORES_TXT_END_0
SCORES_TXT_BEGIN_0 18 100 9 BLEU
11 51 4 50 2 49 1 48 32 
11 51 4 50 2 49 1 48 32 
11 50 4 49 2 48 1 47 32 
11 50 4 49 2 48 1 47 32 
13 52 5 51 2 50 1 49 32 
13 52 5 51 2 50 1 49 32 
12 52 4 51 2 50 1 49 32 
13 51 5 50 2 49 1 48 32 
12 52 4 51 2 50 1 49 32 
13 51 5 50 2 49 1 48 32 
11 53 4 52 2 51 1 50 32 
11 53 4 52 2 51 1 50 32 
11 53 4 52 2 51 1 50 32 
11 52 4 51 2 50 1 49 32 
11 53 4 52 2 51 1 50 32 
12 56 4 55 2 54 1 53 32 
12 51 4 50 2 49 1 48 32 
11 50 4 49 2 48 1 47 32 
11 52 4 51 2 50 1 49 32 
12 56 4 55 2 54 1 53 32 
12 51 4 50 2 49 1 48 32 
13 52 5 51 2 50 1 49 32 
11 52 4 51 2 50 1 49 32 
12 51 4 50 2 49 1 48 32 
11 50 4 49 2 48 1 47 32 
11 52 4 51 2 50 1 49 32 
13 52 5 51 2 50 1 49 32 
11 52 4 51 2 50 1 49 32 
12 51 4 50 2 49 1 48 32 
11 51 4 50 2 49 1 48 32 
11 52 4 51 2 50 1 49 32 
12 55 4 54 2 53 1 52 32 
11 49 4 48 2 47 1 46 32 
11 51 4 50 2 49 1 48 32 
12 55 4 54 2 53 1 52 32 
13 51 5 50 2 49 1 48 32 
11 51 4 50 2 49 1 48 32 
11 51 4 50 2 49 1 48 32 
13 53 5 52 2 51 1 50 32 
12 50 4 49 2 48 1 47 32 
11 49 4 48 2 47 1 46 32 
13 51 5 50 2 49 1 48 32 
11 51 4 50 2 49 1 48 32 
11 51 4 50 2 49 1 48 32 
13 53 5 52 2 51 1 50 32 
12 50 4 49 2 48 1 47 32 
12 53 4 52 2 51 1 50 32 
13 51 5 50 2 49 1 48 32 
11 53 4 52 2 51 1 50 32 
13 54 5 53 2 52 1 51 32 
13 52 5 51 2 50 1 49 32 
12 53 4 52 2 51 1 50 32 
13 51 5 50 2 49 1 48 32 
11 53 4 52 2 51 1 50 32 
13 53 5 52 2 51 1 50 32 
11 50 4 49 2 48 1 47 32 
11 51 4 50 2 49 1 48 32 
13 54 5 53 2 52 1 51 32 
13 57 5 56 2 55 1 54 32 
13 52 5 51 2 50 1 49 32 
13 52 5 51 2 50 1 49 32 
11 50 4 49 2 48 1 47 32 
13 51 5 50 2 49 1 48 32 
13 53 5 52 2 51 1 50 32 
11 50 4 49 2 48 1 47 32 
11 51 4 50 2 49 1 48 32 
13 57 5 56 2 55 1 54 32 
13 52 5 51 2 50 1 49 32 
11 51 4 50 2 49 1 48 32 
12 54 4 53 2 52 1 51 32 
11 54 4 53 2 52 1 51 32 
13 52 5 51 2 50 1 49 32 
12 52 4 51 2 50 1 49 32 
13 50 5 49 2 48 1 47 32 
13 51 5 50 2 49 1 48 32 
12 52 4 51 2 50 1 49 32 
13 52 5 51 2 50 1 49 32 
11 51 4 50 2 49 1 48 32 
13 53 5 52 2 51 1 50 32 
12 53 4 52 2 51 1 50 32 
11 51 4 50 2 49 1 48 32 
12 54 4 53 2 52 1 51 32 
11 54 4 53 2 52 1 51 32 
11 53 4 52 2 51 1 50 32 
13 52 5 51 2 50 1 49 32 
12 52 4 51 2 50 1 49 32 
13 50 5 49 2 48 1 47 32 
12 53 4 52 2 51 1 50 32 
12 52 4 51 2 50 1 49 32 
13 52 5 51 2 50 1 49 32 
11 50 4 49 2 48 1 47 32 
13 52 5 51 2 50 1 49 32 
11 51 4 50 2 49 1 48 32 
13 53 5 52 2 51 1 50 32 
13 56 5 55 2 54 1 53 32 
12 53 4 52 2 51 1 50 32 
11 55 4 54 2 53 1 52 32 
12 53 4 52 2 51 1 50 32 
11 53 4 52 2 51 1 50 32 
11 51 4 50 2 49 1 48 32 
SCORES_TXT_END_0
SCORES_TXT_BEGIN_0 19 100 9 BLEU
12 33 0 32 0 31 0 30 25 
14 35 0 34 0 33 0 32 25 
11 33 0 32 0 31 0 30 25 
12 34 0 33 0 32 0 31 25 
13 35 0 34 0 33 0 32 25 
11 34 0 33 0 32 0 31 25 
11 34 1 33 0 32 0 31 25 
12 34 0 33 0 32 0 31 25 
13 36 1 35 0 34 0 33 25 
11 33 0 32 0 31 0 30 25 
12 35 1 34 0 33 0 32 25 
11 34 0 33 0 32 0 31 25 
12 34 1 33 0 32 0 31 25 
12 35 0 34 0 33 0 32 25 
12 34 1 33 0 32 0 31 25 
13 35 0 34 0 33 0 32 25 
13 34 0 33 0 32 0 31 25 
12 34 1 33 0 32 0 31 25 
13 36 1 35 0 34 0 33 25 
11 34 0 33 0 32 0 31 25 
11 35 0 34 0 33 0 32 25 
11 34 1 33 0 32 0 31 25 
13 36 1 35 0 34 0 33 25 
12 35 1 34 0 33 0 32 25 
11 35 1 34 0 33 0 32 25 
12 34 1 33 0 32 0 31 25 
13 36 1 35 0 34 0 33 25 
12 34 0 33 0 32 0 31 25 
12 35 1 34 0 33 0 32 25 
11 33 0 32 0 31 0 30 25 
12 34 0 33 0 32 0 31 25 
12 35 1 34 0 33 0 32 25 
11 33 0 32 0 31 0 30 25 
13 36 1 35 0 34 0 33 25 
11 34 0 33 0 32 0 31 25 
12 34 1 33 0 32 0 31 25 
12 34 1 33 0 32 0 31 25 
14 35 0 34 0 33 0 32 25 
12 33 0 32 0 31 0 30 25 
13 36 1 35 0 34 0 33 25 
12 35 1 34 0 33 0 32 25 
11 34 0 33 0 32 0 31 25 
11 33 1 32 0 31 0 30 25 
11 34 1 33 0 32 0 31 25 
12 36 1 35 0 34 0 33 25 
14 35 0 34 0 33 0 32 25 
10 33 0 32 0 31 0 30 25 
11 33 0 32 0 31 0 30 25 
12 35 1 34 0 33 0 32 25 
12 35 1 34 0 33 0 32 25 
12 34 0 33 0 32 0 31 25 
12 33 0 32 0 31 0 30 25 
11 34 0 33 0 32 0 31 25 
13 35 0 34 0 33 0 32 25 
14 36 0 35 0 34 0 33 25 
12 34 1 33 0 32 0 31 25 
12 34 1 33 0 32 0 31 25 
12 34 0 33 0 32 0 31 25 
12 35 1 34 0 33 0 32 25 
12 34 0 33 0 32 0 31 25 
14 35 0 34 0 33 0 32 25 
13 36 1 35 0 34 0 33 25 
12 35 1 34 0 33 0 32 25 
13 36 1 35 0 34 0 33 25 
13 35 0 34 0 33 0 32 25 
11 34 0 33 0 32 0 31 25 
11 33 0 32 0 31 0 30 25 
11 34 1 33 0 32 0 31 25 
13 35 1 34 0 33 0 32 25 
12 36 1 35 0 34 0 33 25 
12 35 1 34 0 33 0 32 25 
12 35 1 34 0 33 0 32 25 
13 35 0 34 0 33 0 32 25 
12 34 0 33 0 32 0 31 25 
12 35 1 34 0 33 0 32 25 
11 33 0 32 0 31 0 30 25 
12 35 0 34 0 33 0 32 25 
11 34 0 33 0 32 0 31 25 
11 33 0 32 0 31 0 30 25 
11 35 0 34 0 33 0 32 25 
12 34 1 33 0 32 0 31 25 
13 36 0 35 0 34 0 33 25 
13 36 1 35 0 34 0 33 25 
11 35 1 34 0 33 0 32 25 
13 36 1 35 0 34 0 33 25 
12 33 0 32 0 31 0 30 25 
11 34 0 33 0 32 0 31 25 
13 35 0 34 0 33 0 32 25 
11 35 1 34 0 33 0 32 25 
11 34 0 33 0 32 0 31 25 
12 36 1 35 0 34 0 33 25 
12 36 1 35 0 34 0 33 25 
12 32 0 31 0 30 0 29 25 
10 34 1 33 0 32 0 31 25 
12 34 0 33 0 32 0 31 25 
12 35 1 34 0 33 0 32 25 
11 33 0 32 0 31 0 30 25 
12 35 1 34 0 33 0 32 25 
12 33 1 32 0 31 0 30 25 
12 35 1 34 0 33 0 32 25 
SCORES_TXT_END_0
SCORES_TXT_BEGIN_0 20 100 9 BLEU
6 43 0 42 0 41 0 40 31 
6 42 0 41 0 40 0 39 31 
7 42 0 41 0 40 0 39 31 
6 43 0 42 0 41 0 40 31 
6 43 0 42 0 41 0 40 31 
6 43 0 42 0 41 0 40 31 
7 41 0 40 0 39 0 38 31 
6 43 0 42 0 41 0 40 31 
6 42 0 41 0 40 0 39 31 
7 42 0 41 0 40 0 39 31 
6 43 0 42 0 41 0 40 31 
5 43 0 42 0 41 0 40 31 
6 43 0 42 0 41 0 40 31 
5 43 0 42 0 41 0 40 31 
7 42 0 41 0 40 0 39 31 
6 43 0 42 0 41 0 40 31 
6 42 0 41 0 40 0 39 31 
7 42 0 41 0 40 0 39 31 
6 42 0 41 0 40 0 39 31 
6 43 0 42 0 41 0 40 31 
6 43 0 42 0 41 0 40 31 
7 41 0 40 0 39 0 38 31 
6 43 0 42 0 41 0 40 31 
6 42 0 41 0 40 0 39 31 
7 42 0 41 0 40 0 39 31 
6 43 0 42 0 41 0 40 31 
6 43 0 42 0 41 0 40 31 
5 42 0 41 0 40 0 39 31 
6 43 0 42 0 41 0 40 31 
6 42 0 41 0 40 0 39 31 
6 42 0 41 0 40 0 39 31 
7 42 0 41 0 40 0 39 31 
6 43 0 42 0 41 0 40 31 
6 43 0 42 0 41 0 40 31 
5 43 0 42 0 41 0 40 31 
6 43 0 42 0 41 0 40 31 
6 43 0 42 0 41 0 40 31 
6 43 0 42 0 41 0 40 31 
7 41 0 40 0 39 0 38 31 
5 44 0 43 0 42 0 41 31 
6 42 0 41 0 40 0 39 31 
5 43 0 42 0 41 0 40 31 
6 43 0 42 0 41 0 40 31 
5 44 0 43 0 42 0 41 31 
6 43 0 42 0 41 0 40 31 
6 42 0 41 0 40 0 39 31 
6 43 0 42 0 41 0 40 31 
7 41 0 40 0 39 0 38 31 
6 44 0 43 0 42 0 41 31 
6 43 0 42 0 41 0 40 31 
5 43 0 42 0 41 0 40 31 
7 42 0 41 0 40 0 39 31 
6 43 0 42 0 41 0 40 31 
6 43 0 42 0 41 0 40 31 
6 42 0 41 0 40 0 39 31 
6 42 0 41 0 40 0 39 31 
7 42 0 41 0 40 0 39 31 
7 42 0 41 0 40 0 39 31 
7 41 0 40 0 39 0 38 31 
6 42 0 41 0 40 0 39 31 
6 43 0 42 0 41 0 40 31 
5 43 0 42 0 41 0 40 31 
6 42 0 41 0 40 0 39 31 
6 43 0 42 0 41 0 40 31 
5 43 0 42 0 41 0 40 31 
6 42 0 41 0 40 0 39 31 
7 42 0 41 0 40 0 39 31 
6 41 0 40 0 39 0 38 31 
6 43 0 42 0 41 0 40 31 
7 42 0 41 0 40 0 39 31 
6 43 0 42 0 41 0 40 31 
5 43 0 42 0 41 0 40 31 
5 43 0 42 0 41 0 40 31 
7 41 0 40 0 39 0 38 31 
6 42 0 41 0 40 0 39 31 
6 43 0 42 0 41 0 40 31 
6 43 0 42 0 41 0 40 31 
6 42 0 41 0 40 0 39 31 
5 42 0 41 0 40 0 39 31 
7 42 0 41 0 40 0 39 31 
7 42 0 41 0 40 0 39 31 
6 42 0 41 0 40 0 39 31 
5 43 0 42 0 41 0 40 31 
6 42 0 41 0 40 0 39 31 
6 42 0 41 0 40 0 39 31 
7 42 0 41 0 40 0 39 31 
7 42 0 41 0 40 0 39 31 
6 44 0 43 0 42 0 41 31 
6 43 0 42 0 41 0 40 31 
6 43 0 42 0 41 0 40 31 
7 42 0 41 0 40 0 39 31 
7 40 0 39 0 38 0 37 31 
6 43 0 42 0 41 0 40 31 
6 42 0 41 0 40 0 39 31 
5 43 0 42 0 41 0 40 31 
6 43 0 42 0 41 0 40 31 
6 43 0 42 0 41 0 40 31 
5 43 0 42 0 41 0 40 31 
7 41 0 40 0 39 0 38 31 
5 43 0 42 0 41 0 40 31 
SCORES_TXT_END_0
SCORES_TXT_BEGIN_0 21 100 9 BLEU
2 16 0 15 0 14 0 13 8 
2 16 0 15 0 14 0 13 8 
2 16 0 15 0 14 0 13 8 
2 16 0 15 0 14 0 13 8 
3 18 1 17 0 16 0 15 8 
3 17 0 16 0 15 0 14 8 
3 18 1 17 0 16 0 15 8 
3 17 1 16 0 15 0 14 8 
3 15 0 14 0 13 0 12 8 
3 16 1 15 0 14 0 13 8 
2 15 0 14 0 13 0 12 8 
3 17 0 16 0 15 0 14 8 
3 15 0 14 0 13 0 12 8 
3 17 1 16 0 15 0 14 8 
3 16 1 15 0 14 0 13 8 
3 17 1 16 0 15 0 14 8 
2 15 0 14 0 13 0 12 8 
3 17 1 16 0 15 0 14 8 
3 16 0 15 0 14 0 13 8 
3 17 1 16 0 15 0 14 8 
3 17 1 16 0 15 0 14 8 
3 17 1 16 0 15 0 14 8 
3 15 0 14 0 13 0 12 8 
3 17 1 16 0 15 0 14 8 
3 16 1 15 0 14 0 13 8 
3 16 0 15 0 14 0 13 8 
3 17 0 16 0 15 0 14 8 
3 16 0 15 0 14 0 13 8 
3 17 0 16 0 15 0 14 8 
3 16 1 15 0 14 0 13 8 
2 15 0 14 0 13 0 12 8 
2 16 0 15 0 14 0 13 8 
3 17 1 16 0 15 0 14 8 
3 17 1 16 0 15 0 14 8 
2 15 0 14 0 13 0 12 8 
3 17 1 16 0 15 0 14 8 
3 16 1 15 0 14 0 13 8 
3 17 0 16 0 15 0 14 8 
2 16 0 15 0 14 0 13 8 
2 17 0 16 0 15 0 14 8 
3 17 0 16 0 15 0 14 8 
3 16 1 15 0 14 0 13 8 
3 17 0 16 0 15 0 14 8 
3 17 0 16 0 15 0 14 8 
3 17 1 16 0 15 0 14 8 
1 14 0 13 0 12 0 11 8 
3 17 1 16 0 15 0 14 8 
3 16 1 15 0 14 0 13 8 
3 17 1 16 0 15 0 14 8 
3 17 1 16 0 15 0 14 8 
3 17 1 16 0 15 0 14 8 
3 16 1 15 0 14 0 13 8 
3 18 0 17 0 16 0 15 8 
1 14 0 13 0 12 0 11 8 
3 17 0 16 0 15 0 14 8 
3 15 0 14 0 13 0 12 8 
3 18 1 17 0 16 0 15 8 
3 15 0 14 0 13 0 12 8 
3 15 0 14 0 13 0 12 8 
3 15 1 14 0 13 0 12 8 
3 16 1 15 0 14 0 13 8 
3 17 0 16 0 15 0 14 8 
2 15 0 14 0 13 0 12 8 
2 16 0 15 0 14 0 13 8 
2 17 0 16 0 15 0 14 8 
2 14 0 13 0 12 0 11 8 
3 17 0 16 0 15 0 14 8 
3 16 0 15 0 14 0 13 8 
3 15 0 14 0 13 0 12 8 
3 17 0 16 0 15 0 14 8 
3 17 0 16 0 15 0 14 8 
3 17 1 16 0 15 0 14 8 
3 17 1 16 0 15 0 14 8 
3 15 0 14 0 13 0 12 8 
2 15 0 14 0 13 0 12 8 
3 15 1 14 0 13 0 12 8 
3 17 0 16 0 15 0 14 8 
3 16 0 15 0 14 0 13 8 
3 16 0 15 0 14 0 13 8 
3 15 0 14 0 13 0 12 8 
2 14 0 13 0 12 0 11 8 
1 14 0 13 0 12 0 11 8 
2 15 0 14 0 13 0 12 8 
3 18 0 17 0 16 0 15 8 
3 17 0 16 0 15 0 14 8 
3 16 1 15 0 14 0 13 8 
3 17 0 16 0 15 0 14 8 
3 16 1 15 0 14 0 13 8 
3 16 1 15 0 14 0 13 8 
3 16 0 15 0 14 0 13 8 
3 16 0 15 0 14 0 13 8 
3 16 1 15 0 14 0 13 8 
3 16 1 15 0 14 0 13 8 
3 17 0 16 0 15 0 14 8 
3 17 1 16 0 15 0 14 8 
2 16 0 15 0 14 0 13 8 
3 16 0 15 0 14 0 13 8 
1 14 0 13 0 12 0 11 8 
3 17 0 16 0 15 0 14 8 
2 15 0 14 0 13 0 12 8 
SCORES_TXT_END_0
SCORES_TXT_BEGIN_0 22 100 9 BLEU
7 26 1 25 0 24 0 23 22 
7 26 1 25 0 24 0 23 22 
7 28 2 27 1 26 0 25 22 
7 28 2 27 1 26 0 25 22 
7 26 1 25 0 24 0 23 22 
7 26 1 25 0 24 0 23 22 
7 28 2 27 1 26 0 25 22 
8 26 1 25 0 24 0 23 22 
7 28 2 27 1 26 0 25 22 
8 26 1 25 0 24 0 23 22 
8 28 2 27 1 26 0 25 22 
7 26 1 25 0 24 0 23 22 
8 28 2 27 1 26 0 25 22 
8 28 1 27 0 26 0 25 22 
7 26 1 25 0 24 0 23 22 
8 25 1 24 0 23 0 22 22 
7 29 2 28 1 27 0 26 22 
7 28 2 27 1 26 0 25 22 
8 28 1 27 0 26 0 25 22 
8 29 1 28 0 27 0 26 22 
8 30 2 29 1 28 0 27 22 
8 25 1 24 0 23 0 22 22 
7 29 2 28 1 27 0 26 22 
7 28 2 27 1 26 0 25 22 
8 27 2 26 1 25 0 24 22 
8 29 1 28 0 27 0 26 22 
8 30 2 29 1 28 0 27 22 
8 31 2 30 1 29 0 28 22 
8 27 2 26 1 25 0 24 22 
8 27 1 26 0 25 0 24 22 
8 28 1 27 0 26 0 25 22 
7 29 2 28 1 27 0 26 22 
8 28 1 27 0 26 0 25 22 
8 31 2 30 1 29 0 28 22 
7 26 1 25 0 24 0 23 22 
8 27 1 26 0 25 0 24 22 
8 28 1 27 0 26 0 25 22 
7 29 2 28 1 27 0 26 22 
8 28 1 27 0 26 0 25 22 
8 29 2 28 1 27 0 26 22 
8 30 2 29 1 28 0 27 22 
8 25 1 24 0 23 0 22 22 
8 29 2 28 1 27 0 26 22 
8 28 1 27 0 26 0 25 22 
8 30 2 29 1 28 0 27 22 
6 28 1 27 0 26 0 25 22 
7 28 2 27 1 26 0 25 22 
8 29 2 28 1 27 0 26 22 
8 30 2 29 1 28 0 27 22 
7 26 1 25 0 24 0 23 22 
8 29 2 28 1 27 0 26 22 
8 28 1 27 0 26 0 25 22 
8 30 2 29 1 28 0 27 22 
6 28 1 27 0 26 0 25 22 
7 26 1 25 0 24 0 23 22 
8 27 1 26 0 25 0 24 22 
9 29 1 28 0 27 0 26 22 
8 27 2 26 1 25 0 24 22 
8 26 2 25 1 24 0 23 22 
7 26 1 25 0 24 0 23 22 
7 26 1 25 0 24 0 23 22 
8 30 2 29 1 28 0 27 22 
8 27 1 26 0 25 0 24 22 
7 29 2 28 1 27 0 26 22 
7 26 1 25 0 24 0 23 22 
7 28 2 27 1 26 0 25 22 
8 27 1 26 0 25 0 24 22 
9 29 1 28 0 27 0 26 22 
8 26 2 25 1 24 0 23 22 
8 27 1 26 0 25 0 24 22 
8 30 2 29 1 28 0 27 22 
8 31 2 30 1 29 0 28 22 
8 27 1 26 0 25 0 24 22 
7 28 2 27 1 26 0 25 22 
7 29 2 28 1 27 0 26 22 
7 28 1 27 0 26 0 25 22 
7 25 1 24 0 23 0 22 22 
8 29 2 28 1 27 0 26 22 
9 31 2 30 1 29 0 28 22 
6 28 1 27 0 26 0 25 22 
7 28 2 27 1 26 0 25 22 
7 28 2 27 1 26 0 25 22 
9 28 1 27 0 26 0 25 22 
8 28 2 27 1 26 0 25 22 
8 27 1 26 0 25 0 24 22 
8 26 1 25 0 24 0 23 22 
8 29 2 28 1 27 0 26 22 
7 26 1 25 0 24 0 23 22 
8 31 2 30 1 29 0 28 22 
7 28 2 27 1 26 0 25 22 
7 28 1 27 0 26 0 25 22 
8 29 2 28 1 27 0 26 22 
9 31 2 30 1 29 0 28 22 
6 28 1 27 0 26 0 25 22 
7 26 1 25 0 24 0 23 22 
8 26 1 25 0 24 0 23 22 
7 28 1 27 0 26 0 25 22 
8 29 2 28 1 27 0 26 22 
9 28 1 27 0 26 0 25 22 
8 32 2 31 1 30 0 29 22 
SCORES_TXT_END_0
SCORES_TXT_BEGIN_0 23 100 9 BLEU
6 47 1 46 0 45 0 44 20 
6 46 1 45 0 44 0 43 20 
6 46 1 45 0 44 0 43 20 
6 47 1 46 0 45 0 44 20 
6 46 1 45 0 44 0 43 20 
6 47 1 46 0 45 0 44 20 
6 46 1 45 0 44 0 43 20 
6 47 1 46 0 45 0 44 20 
6 46 1 45 0 44 0 43 20 
6 45 1 44 0 43 0 42 20 
6 46 1 45 0 44 0 43 20 
6 46 1 45 0 44 0 43 20 
6 45 1 44 0 43 0 42 20 
6 46 1 45 0 44 0 43 20 
6 45 1 44 0 43 0 42 20 
6 47 1 46 0 45 0 44 20 
6 46 1 45 0 44 0 43 20 
6 46 1 45 0 44 0 43 20 
6 47 1 46 0 45 0 44 20 
6 46 1 45 0 44 0 43 20 
6 45 1 44 0 43 0 42 20 
6 46 1 45 0 44 0 43 20 
6 46 1 45 0 44 0 43 20 
6 48 1 47 0 46 0 45 20 
6 48 1 47 0 46 0 45 20 
6 47 1 46 0 45 0 44 20 
6 46 1 45 0 44 0 43 20 
6 47 1 46 0 45 0 44 20 
6 46 1 45 0 44 0 43 20 
6 46 1 45 0 44 0 43 20 
6 45 1 44 0 43 0 42 20 
6 46 1 45 0 44 0 43 20 
6 46 1 45 0 44 0 43 20 
6 45 1 44 0 43 0 42 20 
6 46 1 45 0 44 0 43 20 
6 45 1 44 0 43 0 42 20 
6 47 1 46 0 45 0 44 20 
6 44 1 43 0 42 0 41 20 
6 46 1 45 0 44 0 43 20 
6 45 1 44 0 43 0 42 20 
6 45 1 44 0 43 0 42 20 
6 46 1 45 0 44 0 43 20 
6 47 1 46 0 45 0 44 20 
6 46 1 45 0 44 0 43 20 
6 47 1 46 0 45 0 44 20 
6 47 0 46 0 45 0 44 20 
6 46 1 45 0 44 0 43 20 
6 45 1 44 0 43 0 42 20 
6 45 1 44 0 43 0 42 20 
6 46 1 45 0 44 0 43 20 
6 46 1 45 0 44 0 43 20 
6 48 1 47 0 46 0 45 20 
6 47 1 46 0 45 0 44 20 
6 48 1 47 0 46 0 45 20 
6 48 1 47 0 46 0 45 20 
6 45 1 44 0 43 0 42 20 
6 47 1 46 0 45 0 44 20 
6 46 1 45 0 44 0 43 20 
6 47 1 46 0 45 0 44 20 
6 47 1 46 0 45 0 44 20 
6 46 1 45 0 44 0 43 20 
6 47 1 46 0 45 0 44 20 
6 47 1 46 0 45 0 44 20 
6 46 1 45 0 44 0 43 20 
6 45 1 44 0 43 0 42 20 
6 46 1 45 0 44 0 43 20 
6 47 1 46 0 45 0 44 20 
6 48 1 47 0 46 0 45 20 
6 46 1 45 0 44 0 43 20 
6 46 0 45 0 44 0 43 20 
6 48 1 47 0 46 0 45 20 
6 46 1 45 0 44 0 43 20 
6 47 1 46 0 45 0 44 20 
6 45 1 44 0 43 0 42 20 
6 46 1 45 0 44 0 43 20 
6 46 0 45 0 44 0 43 20 
6 47 1 46 0 45 0 44 20 
6 45 1 44 0 43 0 42 20 
6 44 1 43 0 42 0 41 20 
6 46 1 45 0 44 0 43 20 
6 48 1 47 0 46 0 45 20 
6 45 1 44 0 43 0 42 20 
6 45 1 44 0 43 0 42 20 
6 46 1 45 0 44 0 43 20 
6 47 1 46 0 45 0 44 20 
6 47 0 46 0 45 0 44 20 
6 46 1 45 0 44 0 43 20 
6 46 0 45 0 44 0 43 20 
6 47 0 46 0 45 0 44 20 
6 45 1 44 0 43 0 42 20 
6 46 1 45 0 44 0 43 20 
6 46 1 45 0 44 0 43 20 
6 45 1 44 0 43 0 42 20 
6 47 1 46 0 45 0 44 20 
6 46 1 45 0 44 0 43 20 
6 46 1 45 0 44 0 43 20 
6 48 1 47 0 46 0 45 20 
6 46 1 45 0 44 0 43 20 
6 45 1 44 0 43 0 42 20 
6 47 1 46 0 45 0 44 20 
SCORES_TXT_END_0
SCORES_TXT_BEGIN_0 24 100 9 BLEU
7 44 1 43 0 42 0 41 16 
7 45 2 44 0 43 0 42 16 
7 44 1 43 0 42 0 41 16 
7 45 2 44 0 43 0 42 16 
7 45 1 44 0 43 0 42 16 
7 46 2 45 0 44 0 43 16 
7 44 1 43 0 42 0 41 16 
7 45 2 44 0 43 0 42 16 
7 43 1 42 0 41 0 40 16 
7 44 2 43 0 42 0 41 16 
7 46 1 45 0 44 0 43 16 
7 47 2 46 0 45 0 44 16 
6 42 1 41 0 40 0 39 16 
7 43 2 42 0 41 0 40 16 
7 42 1 41 0 40 0 39 16 
7 43 2 42 0 41 0 40 16 
7 45 1 44 0 43 0 42 16 
7 46 2 45 0 44 0 43 16 
7 42 1 41 0 40 0 39 16 
7 43 2 42 0 41 0 40 16 
7 45 1 44 0 43 0 42 16 
7 46 2 45 0 44 0 43 16 
7 45 1 44 0 43 0 42 16 
7 43 1 42 0 41 0 40 16 
7 44 1 43 0 42 0 41 16 
7 44 2 43 0 42 0 41 16 
7 46 2 45 0 44 0 43 16 
7 46 1 45 0 44 0 43 16 
7 47 2 46 0 45 0 44 16 
6 42 1 41 0 40 0 39 16 
7 46 1 45 0 44 0 43 16 
7 43 2 42 0 41 0 40 16 
7 48 2 47 0 46 0 45 16 
7 47 2 46 0 45 0 44 16 
7 45 1 44 0 43 0 42 16 
7 46 2 45 0 44 0 43 16 
7 44 1 43 0 42 0 41 16 
7 45 2 44 0 43 0 42 16 
7 43 1 42 0 41 0 40 16 
7 44 1 43 0 42 0 41 16 
7 42 1 41 0 40 0 39 16 
7 45 1 44 0 43 0 42 16 
7 44 2 43 0 42 0 41 16 
6 43 1 42 0 41 0 40 16 
7 45 2 44 0 43 0 42 16 
7 43 2 42 0 41 0 40 16 
7 46 2 45 0 44 0 43 16 
7 46 1 45 0 44 0 43 16 
7 44 2 43 0 42 0 41 16 
7 47 2 46 0 45 0 44 16 
6 42 1 41 0 40 0 39 16 
7 43 2 42 0 41 0 40 16 
7 45 1 44 0 43 0 42 16 
7 46 2 45 0 44 0 43 16 
7 43 1 42 0 41 0 40 16 
7 44 2 43 0 42 0 41 16 
7 42 1 41 0 40 0 39 16 
7 42 1 41 0 40 0 39 16 
7 43 2 42 0 41 0 40 16 
7 43 2 42 0 41 0 40 16 
7 42 1 41 0 40 0 39 16 
7 43 2 42 0 41 0 40 16 
7 45 1 44 0 43 0 42 16 
7 46 2 45 0 44 0 43 16 
7 45 1 44 0 43 0 42 16 
7 46 2 45 0 44 0 43 16 
7 45 1 44 0 43 0 42 16 
7 45 1 44 0 43 0 42 16 
6 44 1 43 0 42 0 41 16 
7 46 2 45 0 44 0 43 16 
7 45 2 44 0 43 0 42 16 
7 44 1 43 0 42 0 41 16 
7 44 1 43 0 42 0 41 16 
7 46 2 45 0 44 0 43 16 
7 45 2 44 0 43 0 42 16 
7 43 1 42 0 41 0 40 16 
7 44 2 43 0 42 0 41 16 
7 44 1 43 0 42 0 41 16 
7 46 1 45 0 44 0 43 16 
7 45 2 44 0 43 0 42 16 
7 42 1 41 0 40 0 39 16 
7 43 2 42 0 41 0 40 16 
7 48 2 47 0 46 0 45 16 
7 47 2 46 0 45 0 44 16 
7 44 1 43 0 42 0 41 16 
7 46 1 45 0 44 0 43 16 
7 45 2 44 0 43 0 42 16 
7 45 1 44 0 43 0 42 16 
7 45 1 44 0 43 0 42 16 
7 44 1 43 0 42 0 41 16 
7 46 2 45 0 44 0 43 16 
7 45 1 44 0 43 0 42 16 
7 45 2 44 0 43 0 42 16 
7 47 2 46 0 45 0 44 16 
7 45 2 44 0 43 0 42 16 
7 44 1 43 0 42 0 41 16 
7 44 1 43 0 42 0 41 16 
6 43 1 42 0 41 0 40 16 
7 45 2 44 0 43 0 42 16 
7 46 2 45 0 44 0 43 16 
SCORES_TXT_END_0
SCORES_TXT_BEGIN_0 25 100 9 BLEU
5 46 1 45 0 44 0 43 16 
5 47 1 46 0 45 0 44 16 
5 46 1 45 0 44 0 43 16 
5 47 1 46 0 45 0 44 16 
5 46 1 45 0 44 0 43 16 
5 47 1 46 0 45 0 44 16 
5 46 1 45 0 44 0 43 16 
5 47 1 46 0 45 0 44 16 
5 48 1 47 0 46 0 45 16 
5 46 1 45 0 44 0 43 16 
5 47 1 46 0 45 0 44 16 
5 47 1 46 0 45 0 44 16 
5 46 1 45 0 44 0 43 16 
5 47 1 46 0 45 0 44 16 
5 46 1 45 0 44 0 43 16 
5 47 1 46 0 45 0 44 16 
5 46 1 45 0 44 0 43 16 
5 46 1 45 0 44 0 43 16 
5 47 1 46 0 45 0 44 16 
5 48 1 47 0 46 0 45 16 
5 46 1 45 0 44 0 43 16 
5 47 1 46 0 45 0 44 16 
5 46 1 45 0 44 0 43 16 
5 47 1 46 0 45 0 44 16 
5 47 1 46 0 45 0 44 16 
5 46 1 45 0 44 0 43 16 
5 45 1 44 0 43 0 42 16 
5 47 1 46 0 45 0 44 16 
5 46 1 45 0 44 0 43 16 
5 46 1 45 0 44 0 43 16 
5 46 1 45 0 44 0 43 16 
5 47 1 46 0 45 0 44 16 
5 47 1 46 0 45 0 44 16 
5 48 1 47 0 46 0 45 16 
5 46 1 45 0 44 0 43 16 
5 45 1 44 0 43 0 42 16 
5 47 1 46 0 45 0 44 16 
5 46 1 45 0 44 0 43 16 
5 47 1 46 0 45 0 44 16 
5 46 1 45 0 44 0 43 16 
5 47 1 46 0 45 0 44 16 
5 46 1 45 0 44 0 43 16 
5 46 1 45 0 44 0 43 16 
5 46 1 45 0 44 0 43 16 
5 47 1 46 0 45 0 44 16 
5 47 1 46 0 45 0 44 16 
5 47 1 46 0 45 0 44 16 
5 48 1 47 0 46 0 45 16 
5 47 1 46 0 45 0 44 16 
5 46 1 45 0 44 0 43 16 
5 46 1 45 0 44 0 43 16 
5 46 0 45 0 44 0 43 16 
5 46 1 45 0 44 0 43 16 
5 47 0 46 0 45 0 44 16 
5 47 1 46 0 45 0 44 16 
5 47 1 46 0 45 0 44 16 
5 47 1 46 0 45 0 44 16 
5 48 1 47 0 46 0 45 16 
5 47 1 46 0 45 0 44 16 
5 46 1 45 0 44 0 43 16 
5 46 1 45 0 44 0 43 16 
5 47 1 46 0 45 0 44 16 
5 47 1 46 0 45 0 44 16 
5 46 0 45 0 44 0 43 16 
5 48 1 47 0 46 0 45 16 
5 46 1 45 0 44 0 43 16 
5 46 1 45 0 44 0 43 16 
5 47 1 46 0 45 0 44 16 
5 47 1 46 0 45 0 44 16 
5 47 1 46 0 45 0 44 16 
5 47 1 46 0 45 0 44 16 
5 46 1 45 0 44 0 43 16 
5 46 1 45 0 44 0 43 16 
5 48 1 47 0 46 0 45 16 
5 47 1 46 0 45 0 44 16 
5 47 1 46 0 45 0 44 16 
5 46 1 45 0 44 0 43 16 
5 46 1 45 0 44 0 43 16 
5 45 1 44 0 43 0 42 16 
5 47 1 46 0 45 0 44 16 
5 46 1 45 0 44 0 43 16 
5 47 1 46 0 45 0 44 16 
5 46 1 45 0 44 0 43 16 
5 47 1 46 0 45 0 44 16 
5 47 1 46 0 45 0 44 16 
5 46 1 45 0 44 0 43 16 
5 45 1 44 0 43 0 42 16 
5 47 1 46 0 45 0 44 16 
5 46 1 45 0 44 0 43 16 
5 46 1 45 0 44 0 43 16 
5 46 1 45 0 44 0 43 16 
5 46 1 45 0 44 0 43 16 
5 46 1 45 0 44 0 43 16 
5 48 1 47 0 46 0 45 16 
5 47 1 46 0 45 0 44 16 
5 45 1 44 0 43 0 42 16 
5 47 1 46 0 45 0 44 16 
5 47 1 46 0 45 0 44 16 
5 46 1 45 0 44 0 43 16 
5 46 1 45 0 44 0 43 16 
SCORES_TXT_END_0
SCORES_TXT_BEGIN_0 26 100 9 BLEU
3 41 0 40 0 39 0 38 10 
3 41 0 40 0 39 0 38 10 
3 41 0 40 0 39 0 38 10 
2 41 0 40 0 39 0 38 10 
3 41 0 40 0 39 0 38 10 
2 41 0 40 0 39 0 38 10 
3 41 0 40 0 39 0 38 10 
3 39 0 38 0 37 0 36 10 
3 41 0 40 0 39 0 38 10 
3 41 0 40 0 39 0 38 10 
2 41 0 40 0 39 0 38 10 
3 39 0 38 0 37 0 36 10 
2 41 0 40 0 39 0 38 10 
2 39 0 38 0 37 0 36 10 
3 41 0 40 0 39 0 38 10 
3 41 0 40 0 39 0 38 10 
3 41 0 40 0 39 0 38 10 
3 37 0 36 0 35 0 34 10 
2 41 0 40 0 39 0 38 10 
2 41 0 40 0 39 0 38 10 
3 41 0 40 0 39 0 38 10 
3 42 0 41 0 40 0 39 10 
3 41 0 40 0 39 0 38 10 
3 38 0 37 0 36 0 35 10 
3 37 0 36 0 35 0 34 10 
3 39 0 38 0 37 0 36 10 
3 41 0 40 0 39 0 38 10 
3 42 0 41 0 40 0 39 10 
3 42 0 41 0 40 0 39 10 
3 41 0 40 0 39 0 38 10 
3 41 0 40 0 39 0 38 10 
3 38 0 37 0 36 0 35 10 
3 39 0 38 0 37 0 36 10 
3 41 0 40 0 39 0 38 10 
2 41 0 40 0 39 0 38 10 
3 41 0 40 0 39 0 38 10 
3 41 0 40 0 39 0 38 10 
2 41 0 40 0 39 0 38 10 
3 37 0 36 0 35 0 34 10 
2 37 0 36 0 35 0 34 10 
2 40 0 39 0 38 0 37 10 
3 41 0 40 0 39 0 38 10 
3 42 0 41 0 40 0 39 10 
3 41 0 40 0 39 0 38 10 
3 37 0 36 0 35 0 34 10 
2 41 0 40 0 39 0 38 10 
2 42 0 41 0 40 0 39 10 
3 41 0 40 0 39 0 38 10 
3 37 0 36 0 35 0 34 10 
3 39 0 38 0 37 0 36 10 
2 37 0 36 0 35 0 34 10 
3 41 0 40 0 39 0 38 10 
2 41 0 40 0 39 0 38 10 
2 39 0 38 0 37 0 36 10 
2 41 0 40 0 39 0 38 10 
3 41 0 40 0 39 0 38 10 
2 39 0 38 0 37 0 36 10 
3 42 0 41 0 40 0 39 10 
3 38 0 37 0 36 0 35 10 
3 39 0 38 0 37 0 36 10 
2 40 0 39 0 38 0 37 10 
2 42 0 41 0 40 0 39 10 
3 41 0 40 0 39 0 38 10 
3 42 0 41 0 40 0 39 10 
3 41 0 40 0 39 0 38 10 
3 41 0 40 0 39 0 38 10 
2 42 0 41 0 40 0 39 10 
3 41 0 40 0 39 0 38 10 
3 37 0 36 0 35 0 34 10 
2 41 0 40 0 39 0 38 10 
3 39 0 38 0 37 0 36 10 
3 39 0 38 0 37 0 36 10 
2 41 0 40 0 39 0 38 10 
2 39 0 38 0 37 0 36 10 
3 42 0 41 0 40 0 39 10 
3 41 0 40 0 39 0 38 10 
3 41 0 40 0 39 0 38 10 
3 38 0 37 0 36 0 35 10 
3 37 0 36 0 35 0 34 10 
3 40 0 39 0 38 0 37 10 
3 39 0 38 0 37 0 36 10 
3 36 0 35 0 34 0 33 10 
3 41 0 40 0 39 0 38 10 
3 41 0 40 0 39 0 38 10 
3 37 0 36 0 35 0 34 10 
2 41 0 40 0 39 0 38 10 
3 41 0 40 0 39 0 38 10 
3 42 0 41 0 40 0 39 10 
3 41 0 40 0 39 0 38 10 
3 40 0 39 0 38 0 37 10 
3 41 0 40 0 39 0 38 10 
3 38 0 37 0 36 0 35 10 
3 40 0 39 0 38 0 37 10 
3 37 0 36 0 35 0 34 10 
3 37 0 36 0 35 0 34 10 
3 39 0 38 0 37 0 36 10 
2 41 0 40 0 39 0 38 10 
2 37 0 36 0 35 0 34 10 
3 38 0 37 0 36 0 35 10 
3 41 0 40 0 39 0 38 10 
SCORES_TXT_END_0
SCORES_TXT_BEGIN_0 27 100 9 BLEU
6 25 2 24 0 23 0 22 26 
7 25 2 24 0 23 0 22 26 
7 24 2 23 0 22 0 21 26 
7 28 0 27 0 26 0 25 26 
5 24 2 23 0 22 0 21 26 
6 23 1 22 0 21 0 20 26 
6 23 1 22 0 21 0 20 26 
7 27 2 26 0 25 0 24 26 
6 25 2 24 0 23 0 22 26 
8 24 1 23 0 22 0 21 26 
7 25 2 24 0 23 0 22 26 
7 26 2 25 0 24 0 23 26 
6 26 2 25 0 24 0 23 26 
8 28 0 27 0 26 0 25 26 
6 24 2 23 0 22 0 21 26 
7 23 1 22 0 21 0 20 26 
7 23 1 22 0 21 0 20 26 
6 23 2 22 0 21 0 20 26 
7 25 2 24 0 23 0 22 26 
7 22 1 21 0 20 0 19 26 
7 22 1 21 0 20 0 19 26 
9 24 1 23 0 22 0 21 26 
7 24 2 23 0 22 0 21 26 
7 25 2 24 0 23 0 22 26 
7 26 2 25 0 24 0 23 26 
7 25 2 24 0 23 0 22 26 
7 24 2 23 0 22 0 21 26 
8 25 1 24 0 23 0 22 26 
8 26 2 25 0 24 0 23 26 
8 25 1 24 0 23 0 22 26 
7 26 2 25 0 24 0 23 26 
6 24 2 23 0 22 0 21 26 
7 27 2 26 0 25 0 24 26 
7 27 2 26 0 25 0 24 26 
7 25 2 24 0 23 0 22 26 
8 28 0 27 0 26 0 25 26 
8 25 2 24 0 23 0 22 26 
8 29 0 28 0 27 0 26 26 
6 24 2 23 0 22 0 21 26 
7 25 2 24 0 23 0 22 26 
7 23 1 22 0 21 0 20 26 
8 24 1 23 0 22 0 21 26 
7 23 1 22 0 21 0 20 26 
8 24 1 23 0 22 0 21 26 
7 27 2 26 0 25 0 24 26 
7 25 2 24 0 23 0 22 26 
7 26 2 25 0 24 0 23 26 
8 25 2 24 0 23 0 22 26 
5 25 2 24 0 23 0 22 26 
7 24 2 23 0 22 0 21 26 
9 24 1 23 0 22 0 21 26 
9 25 1 24 0 23 0 22 26 
6 24 1 23 0 22 0 21 26 
7 28 2 27 0 26 0 25 26 
7 27 2 26 0 25 0 24 26 
8 24 2 23 0 22 0 21 26 
6 26 2 25 0 24 0 23 26 
8 24 2 23 0 22 0 21 26 
6 24 2 23 0 22 0 21 26 
9 26 2 25 0 24 0 23 26 
7 29 0 28 0 27 0 26 26 
6 24 2 23 0 22 0 21 26 
7 25 2 24 0 23 0 22 26 
7 26 2 25 0 24 0 23 26 
7 25 2 24 0 23 0 22 26 
7 24 2 23 0 22 0 21 26 
7 26 2 25 0 24 0 23 26 
8 27 0 26 0 25 0 24 26 
8 23 2 22 0 21 0 20 26 
8 27 2 26 0 25 0 24 26 
7 23 2 22 0 21 0 20 26 
8 27 2 26 0 25 0 24 26 
7 26 2 25 0 24 0 23 26 
9 25 2 24 0 23 0 22 26 
7 27 2 26 0 25 0 24 26 
8 27 2 26 0 25 0 24 26 
6 26 2 25 0 24 0 23 26 
7 25 2 24 0 23 0 22 26 
8 28 0 27 0 26 0 25 26 
7 25 2 24 0 23 0 22 26 
8 27 0 26 0 25 0 24 26 
6 24 2 23 0 22 0 21 26 
7 24 1 23 0 22 0 21 26 
6 23 2 22 0 21 0 20 26 
6 25 2 24 0 23 0 22 26 
7 24 1 23 0 22 0 21 26 
6 26 2 25 0 24 0 23 26 
7 23 1 22 0 21 0 20 26 
6 25 2 24 0 23 0 22 26 
7 22 1 21 0 20 0 19 26 
8 30 0 29 0 28 0 27 26 
7 23 1 22 0 21 0 20 26 
7 22 1 21 0 20 0 19 26 
7 26 2 25 0 24 0 23 26 
8 26 2 25 0 24 0 23 26 
7 24 1 23 0 22 0 21 26 
7 25 2 24 0 23 0 22 26 
7 24 2 23 0 22 0 21 26 
8 27 2 26 0 25 0 24 26 
8 26 2 25 0 24 0 23 26 
SCORES_TXT_END_0
SCORES_TXT_BEGIN_0 28 100 9 BLEU
6 41 1 40 0 39 0 38 14 
6 42 1 41 0 40 0 39 14 
6 41 1 40 0 39 0 38 14 
6 41 1 40 0 39 0 38 14 
6 44 1 43 0 42 0 41 14 
6 42 1 41 0 40 0 39 14 
6 42 1 41 0 40 0 39 14 
6 44 1 43 0 42 0 41 14 
6 41 1 40 0 39 0 38 14 
6 44 1 43 0 42 0 41 14 
6 40 1 39 0 38 0 37 14 
6 41 1 40 0 39 0 38 14 
6 43 1 42 0 41 0 40 14 
6 44 1 43 0 42 0 41 14 
6 43 1 42 0 41 0 40 14 
6 41 1 40 0 39 0 38 14 
6 44 1 43 0 42 0 41 14 
6 42 1 41 0 40 0 39 14 
6 43 1 42 0 41 0 40 14 
6 41 1 40 0 39 0 38 14 
6 44 1 43 0 42 0 41 14 
6 41 1 40 0 39 0 38 14 
6 45 1 44 0 43 0 42 14 
6 43 1 42 0 41 0 40 14 
5 42 0 41 0 40 0 39 14 
6 43 1 42 0 41 0 40 14 
6 40 1 39 0 38 0 37 14 
6 45 1 44 0 43 0 42 14 
6 40 1 39 0 38 0 37 14 
6 43 1 42 0 41 0 40 14 
6 42 1 41 0 40 0 39 14 
6 44 1 43 0 42 0 41 14 
5 43 0 42 0 41 0 40 14 
6 41 1 40 0 39 0 38 14 
6 40 1 39 0 38 0 37 14 
6 43 1 42 0 41 0 40 14 
6 42 1 41 0 40 0 39 14 
6 41 1 40 0 39 0 38 14 
6 43 1 42 0 41 0 40 14 
6 43 1 42 0 41 0 40 14 
6 42 1 41 0 40 0 39 14 
6 44 1 43 0 42 0 41 14 
7 40 1 39 0 38 0 37 14 
6 43 1 42 0 41 0 40 14 
6 43 1 42 0 41 0 40 14 
6 42 1 41 0 40 0 39 14 
6 41 1 40 0 39 0 38 14 
6 41 1 40 0 39 0 38 14 
6 43 1 42 0 41 0 40 14 
7 40 1 39 0 38 0 37 14 
6 43 1 42 0 41 0 40 14 
7 41 1 40 0 39 0 38 14 
6 40 1 39 0 38 0 37 14 
6 43 1 42 0 41 0 40 14 
6 42 1 41 0 40 0 39 14 
6 41 1 40 0 39 0 38 14 
6 42 1 41 0 40 0 39 14 
7 41 1 40 0 39 0 38 14 
6 44 1 43 0 42 0 41 14 
6 44 1 43 0 42 0 41 14 
6 43 1 42 0 41 0 40 14 
6 43 1 42 0 41 0 40 14 
6 42 1 41 0 40 0 39 14 
6 43 1 42 0 41 0 40 14 
5 42 0 41 0 40 0 39 14 
6 44 1 43 0 42 0 41 14 
6 45 1 44 0 43 0 42 14 
6 44 1 43 0 42 0 41 14 
6 45 1 44 0 43 0 42 14 
6 44 1 43 0 42 0 41 14 
6 43 1 42 0 41 0 40 14 
5 42 0 41 0 40 0 39 14 
6 43 1 42 0 41 0 40 14 
5 45 0 44 0 43 0 42 14 
6 42 1 41 0 40 0 39 14 
6 41 1 40 0 39 0 38 14 
5 43 0 42 0 41 0 40 14 
6 42 1 41 0 40 0 39 14 
6 43 1 42 0 41 0 40 14 
6 40 1 39 0 38 0 37 14 
6 41 1 40 0 39 0 38 14 
6 44 1 43 0 42 0 41 14 
6 45 1 44 0 43 0 42 14 
6 44 1 43 0 42 0 41 14 
6 42 1 41 0 40 0 39 14 
6 45 1 44 0 43 0 42 14 
6 43 1 42 0 41 0 40 14 
6 40 1 39 0 38 0 37 14 
6 43 1 42 0 41 0 40 14 
6 42 1 41 0 40 0 39 14 
6 41 1 40 0 39 0 38 14 
6 42 1 41 0 40 0 39 14 
5 43 0 42 0 41 0 40 14 
6 41 1 40 0 39 0 38 14 
6 43 1 42 0 41 0 40 14 
5 45 0 44 0 43 0 42 14 
6 43 1 42 0 41 0 40 14 
6 41 1 40 0 39 0 38 14 
6 42 1 41 0 40 0 39 14 
6 44 1 43 0 42 0 41 14 
SCORES_TXT_END_0
SCORES_TXT_BEGIN_0 29 100 9 BLEU
10 64 0 63 0 62 0 61 30 
10 64 0 63 0 62 0 61 30 
11 64 0 63 0 62 0 61 30 
10 64 0 63 0 62 0 61 30 
10 64 0 63 0 62 0 61 30 
11 64 0 63 0 62 0 61 30 
10 64 0 63 0 62 0 61 30 
9 64 0 63 0 62 0 61 30 
10 64 0 63 0 62 0 61 30 
11 64 0 63 0 62 0 61 30 
11 64 0 63 0 62 0 61 30 
11 64 0 63 0 62 0 61 30 
9 63 0 62 0 61 0 60 30 
10 65 0 64 0 63 0 62 30 
10 65 0 64 0 63 0 62 30 
11 64 0 63 0 62 0 61 30 
10 64 0 63 0 62 0 61 30 
11 64 0 63 0 62 0 61 30 
9 63 0 62 0 61 0 60 30 
12 64 0 63 0 62 0 61 30 
9 64 0 63 0 62 0 61 30 
9 64 0 63 0 62 0 61 30 
10 63 0 62 0 61 0 60 30 
11 65 0 64 0 63 0 62 30 
10 65 0 64 0 63 0 62 30 
11 64 0 63 0 62 0 61 30 
11 64 0 63 0 62 0 61 30 
11 64 0 63 0 62 0 61 30 
9 63 0 62 0 61 0 60 30 
10 65 0 64 0 63 0 62 30 
9 63 0 62 0 61 0 60 30 
10 65 0 64 0 63 0 62 30 
11 65 0 64 0 63 0 62 30 
11 65 0 64 0 63 0 62 30 
10 63 0 62 0 61 0 60 30 
10 62 0 61 0 60 0 59 30 
10 65 0 64 0 63 0 62 30 
10 64 0 63 0 62 0 61 30 
10 65 0 64 0 63 0 62 30 
9 63 0 62 0 61 0 60 30 
10 64 0 63 0 62 0 61 30 
8 63 0 62 0 61 0 60 30 
9 63 0 62 0 61 0 60 30 
11 65 0 64 0 63 0 62 30 
11 64 0 63 0 62 0 61 30 
12 64 0 63 0 62 0 61 30 
12 64 0 63 0 62 0 61 30 
10 63 0 62 0 61 0 60 30 
10 62 0 61 0 60 0 59 30 
12 64 0 63 0 62 0 61 30 
10 63 0 62 0 61 0 60 30 
11 65 0 64 0 63 0 62 30 
10 63 0 62 0 61 0 60 30 
9 63 0 62 0 61 0 60 30 
10 65 0 64 0 63 0 62 30 
11 65 0 64 0 63 0 62 30 
9 64 0 63 0 62 0 61 30 
9 65 0 64 0 63 0 62 30 
10 65 0 64 0 63 0 62 30 
11 64 0 63 0 62 0 61 30 
11 64 0 63 0 62 0 61 30 
11 64 0 63 0 62 0 61 30 
11 65 0 64 0 63 0 62 30 
11 62 0 61 0 60 0 59 30 
11 65 0 64 0 63 0 62 30 
11 65 0 64 0 63 0 62 30 
11 65 0 64 0 63 0 62 30 
11 65 0 64 0 63 0 62 30 
9 64 0 63 0 62 0 61 30 
10 63 0 62 0 61 0 60 30 
10 66 0 65 0 64 0 63 30 
9 63 0 62 0 61 0 60 30 
10 63 0 62 0 61 0 60 30 
10 62 0 61 0 60 0 59 30 
11 64 0 63 0 62 0 61 30 
10 62 0 61 0 60 0 59 30 
12 64 0 63 0 62 0 61 30 
11 63 0 62 0 61 0 60 30 
8 63 0 62 0 61 0 60 30 
8 63 0 62 0 61 0 60 30 
11 62 0 61 0 60 0 59 30 
10 65 0 64 0 63 0 62 30 
10 63 0 62 0 61 0 60 30 
11 65 0 64 0 63 0 62 30 
10 64 0 63 0 62 0 61 30 
10 65 0 64 0 63 0 62 30 
11 65 0 64 0 63 0 62 30 
11 64 0 63 0 62 0 61 30 
9 64 0 63 0 62 0 61 30 
11 64 0 63 0 62 0 61 30 
10 63 0 62 0 61 0 60 30 
10 63 0 62 0 61 0 60 30 
10 62 0 61 0 60 0 59 30 
12 64 0 63 0 62 0 61 30 
9 62 0 61 0 60 0 59 30 
10 62 0 61 0 60 0 59 30 
11 65 0 64 0 63 0 62 30 
12 64 0 63 0 62 0 61 30 
10 63 0 62 0 61 0 60 30 
9 63 0 62 0 61 0 60 30 
SCORES_TXT_END_0
SCORES_TXT_BEGIN_0 30 100 9 BLEU
11 31 6 30 4 29 2 28 17 
11 31 6 30 4 29 2 28 17 
11 31 6 30 4 29 2 28 17 
11 31 6 30 4 29 2 28 17 
11 31 6 30 4 29 2 28 17 
11 31 6 30 4 29 2 28 17 
11 32 6 31 4 30 2 29 17 
11 31 6 30 4 29 2 28 17 
11 31 6 30 4 29 2 28 17 
11 32 6 31 4 30 2 29 17 
12 31 6 30 4 29 2 28 17 
11 32 6 31 4 30 2 29 17 
12 31 6 30 4 29 2 28 17 
11 32 6 31 4 30 2 29 17 
11 31 6 30 4 29 2 28 17 
11 31 6 30 4 29 2 28 17 
11 31 6 30 4 29 2 28 17 
11 32 6 31 4 30 2 29 17 
11 32 6 31 4 30 2 29 17 
11 31 6 30 4 29 2 28 17 
11 31 6 30 4 29 2 28 17 
11 31 6 30 4 29 2 28 17 
11 31 6 30 4 29 2 28 17 
11 32 6 31 4 30 2 29 17 
12 31 6 30 4 29 2 28 17 
11 31 6 30 4 29 2 28 17 
11 32 6 31 4 30 2 29 17 
11 33 6 32 4 31 2 30 17 
11 32 3 31 2 30 1 29 17 
11 32 6 31 4 30 2 29 17 
11 32 6 31 4 30 2 29 17 
11 31 6 30 4 29 2 28 17 
12 31 6 30 4 29 2 28 17 
11 31 6 30 4 29 2 28 17 
11 31 6 30 4 29 2 28 17 
10 31 3 30 2 29 1 28 17 
11 32 6 31 4 30 2 29 17 
11 33 6 32 4 31 2 30 17 
11 33 6 32 4 31 2 30 17 
11 33 6 32 4 31 2 30 17 
12 31 6 30 4 29 2 28 17 
11 32 3 31 2 30 1 29 17 
11 32 6 31 4 30 2 29 17 
11 33 6 32 4 31 2 30 17 
11 31 6 30 4 29 2 28 17 
12 32 6 31 4 30 2 29 17 
11 31 6 30 4 29 2 28 17 
11 32 3 31 2 30 1 29 17 
12 30 6 29 4 28 2 27 17 
10 31 3 30 2 29 1 28 17 
11 32 6 31 4 30 2 29 17 
11 33 6 32 4 31 2 30 17 
11 33 6 32 4 31 2 30 17 
11 32 6 31 4 30 2 29 17 
11 32 6 31 4 30 2 29 17 
10 31 3 30 2 29 1 28 17 
11 33 6 32 4 31 2 30 17 
11 31 6 30 4 29 2 28 17 
11 32 6 31 4 30 2 29 17 
10 31 3 30 2 29 1 28 17 
12 32 6 31 4 30 2 29 17 
12 32 6 31 4 30 2 29 17 
11 32 3 31 2 30 1 29 17 
12 31 6 30 4 29 2 28 17 
10 31 3 30 2 29 1 28 17 
11 32 3 31 2 30 1 29 17 
11 31 6 30 4 29 2 28 17 
11 32 3 31 2 30 1 29 17 
10 31 3 30 2 29 1 28 17 
11 31 6 30 4 29 2 28 17 
11 31 6 30 4 29 2 28 17 
11 32 6 31 4 30 2 29 17 
11 32 6 31 4 30 2 29 17 
11 31 6 30 4 29 2 28 17 
10 31 3 30 2 29 1 28 17 
11 33 6 32 4 31 2 30 17 
12 30 6 29 4 28 2 27 17 
11 32 6 31 4 30 2 29 17 
11 32 6 31 4 30 2 29 17 
11 32 3 31 2 30 1 29 17 
11 32 6 31 4 30 2 29 17 
10 31 3 30 2 29 1 28 17 
11 33 6 32 4 31 2 30 17 
11 32 6 31 4 30 2 29 17 
10 31 3 30 2 29 1 28 17 
11 32 3 31 2 30 1 29 17 
11 32 6 31 4 30 2 29 17 
11 31 6 30 4 29 2 28 17 
11 31 6 30 4 29 2 28 17 
10 31 3 30 2 29 1 28 17 
11 32 3 31 2 30 1 29 17 
10 31 3 30 2 29 1 28 17 
12 32 6 31 4 30 2 29 17 
10 33 6 32 4 31 2 30 17 
11 31 6 30 4 29 2 28 17 
11 32 3 31 2 30 1 29 17 
11 31 6 30 4 29 2 28 17 
11 31 6 30 4 29 2 28 17 
11 32 6 31 4 30 2 29 17 
10 31 3 30 2 29 1 28 17 
SCORES_TXT_END_0
SCORES_TXT_BEGIN_0 31 100 9 BLEU
9 27 3 26 2 25 1 24 20 
9 27 3 26 2 25 1 24 20 
8 26 3 25 2 24 1 23 20 
9 26 3 25 2 24 1 23 20 
8 26 3 25 2 24 1 23 20 
9 26 3 25 2 24 1 23 20 
9 26 3 25 2 24 1 23 20 
9 26 3 25 2 24 1 23 20 
9 26 3 25 2 24 1 23 20 
9 26 3 25 2 24 1 23 20 
8 26 3 25 2 24 1 23 20 
8 26 3 25 2 24 1 23 20 
8 25 3 24 2 23 1 22 20 
8 25 3 24 2 23 1 22 20 
8 25 3 24 2 23 1 22 20 
8 25 3 24 2 23 1 22 20 
9 27 3 26 2 25 1 24 20 
8 25 3 24 2 23 1 22 20 
9 27 3 26 2 25 1 24 20 
8 25 3 24 2 23 1 22 20 
9 27 3 26 2 25 1 24 20 
8 25 3 24 2 23 1 22 20 
8 26 3 25 2 24 1 23 20 
9 26 3 25 2 24 1 23 20 
8 25 3 24 2 23 1 22 20 
8 24 3 23 2 22 1 21 20 
9 26 3 25 2 24 1 23 20 
8 24 3 23 2 22 1 21 20 
9 26 3 25 2 24 1 23 20 
8 24 3 23 2 22 1 21 20 
8 24 3 23 2 22 1 21 20 
8 25 3 24 2 23 1 22 20 
9 26 3 25 2 24 1 23 20 
8 25 3 24 2 23 1 22 20 
9 26 3 25 2 24 1 23 20 
8 25 3 24 2 23 1 22 20 
8 25 3 24 2 23 1 22 20 
9 26 3 25 2 24 1 23 20 
9 26 3 25 2 24 1 23 20 
8 26 3 25 2 24 1 23 20 
9 26 3 25 2 24 1 23 20 
9 26 3 25 2 24 1 23 20 
8 25 3 24 2 23 1 22 20 
8 25 3 24 2 23 1 22 20 
8 26 3 25 2 24 1 23 20 
9 28 3 27 2 26 1 25 20 
9 28 3 27 2 26 1 25 20 
8 26 3 25 2 24 1 23 20 
9 27 3 26 2 25 1 24 20 
9 25 3 24 2 23 1 22 20 
8 25 3 24 2 23 1 22 20 
9 27 3 26 2 25 1 24 20 
9 28 3 27 2 26 1 25 20 
9 25 3 24 2 23 1 22 20 
8 25 3 24 2 23 1 22 20 
9 27 3 26 2 25 1 24 20 
9 25 3 24 2 23 1 22 20 
8 25 3 24 2 23 1 22 20 
9 25 3 24 2 23 1 22 20 
8 27 3 26 2 25 1 24 20 
8 25 3 24 2 23 1 22 20 
9 27 3 26 2 25 1 24 20 
8 26 3 25 2 24 1 23 20 
8 27 3 26 2 25 1 24 20 
9 27 3 26 2 25 1 24 20 
8 26 3 25 2 24 1 23 20 
9 26 3 25 2 24 1 23 20 
8 24 3 23 2 22 1 21 20 
8 25 3 24 2 23 1 22 20 
8 24 3 23 2 22 1 21 20 
9 27 3 26 2 25 1 24 20 
8 26 3 25 2 24 1 23 20 
8 27 3 26 2 25 1 24 20 
9 26 3 25 2 24 1 23 20 
9 27 3 26 2 25 1 24 20 
8 25 3 24 2 23 1 22 20 
8 26 3 25 2 24 1 23 20 
8 24 3 23 2 22 1 21 20 
8 24 3 23 2 22 1 21 20 
9 26 3 25 2 24 1 23 20 
8 24 3 23 2 22 1 21 20 
8 25 3 24 2 23 1 22 20 
8 24 3 23 2 22 1 21 20 
8 25 3 24 2 23 1 22 20 
8 26 3 25 2 24 1 23 20 
9 25 3 24 2 23 1 22 20 
8 24 3 23 2 22 1 21 20 
8 24 3 23 2 22 1 21 20 
9 27 3 26 2 25 1 24 20 
9 25 3 24 2 23 1 22 20 
9 27 3 26 2 25 1 24 20 
8 24 3 23 2 22 1 21 20 
8 25 3 24 2 23 1 22 20 
9 26 3 25 2 24 1 23 20 
9 27 3 26 2 25 1 24 20 
9 25 3 24 2 23 1 22 20 
8 24 3 23 2 22 1 21 20 
9 27 3 26 2 25 1 24 20 
9 27 3 26 2 25 1 24 20 
8 25 3 24 2 23 1 22 20 
SCORES_TXT_END_0
SCORES_TXT_BEGIN_0 32 98 9 BLEU
5 27 0 26 0 25 0 24 12 
5 26 0 25 0 24 0 23 12 
5 28 0 27 0 26 0 25 12 
5 27 0 26 0 25 0 24 12 
3 24 0 23 0 22 0 21 12 
4 27 0 26 0 25 0 24 12 
3 24 1 23 0 22 0 21 12 
5 26 1 25 0 24 0 23 12 
5 26 0 25 0 24 0 23 12 
3 24 0 23 0 22 0 21 12 
5 26 1 25 0 24 0 23 12 
5 26 0 25 0 24 0 23 12 
3 25 0 24 0 23 0 22 12 
4 25 0 24 0 23 0 22 12 
4 28 0 27 0 26 0 25 12 
3 25 1 24 0 23 0 22 12 
5 27 1 26 0 25 0 24 12 
5 27 0 26 0 25 0 24 12 
3 25 0 24 0 23 0 22 12 
5 27 1 26 0 25 0 24 12 
3 24 0 23 0 22 0 21 12 
3 24 1 23 0 22 0 21 12 
5 28 0 27 0 26 0 25 12 
3 25 0 24 0 23 0 22 12 
5 27 0 26 0 25 0 24 12 
5 28 0 27 0 26 0 25 12 
5 26 0 25 0 24 0 23 12 
5 27 0 26 0 25 0 24 12 
5 28 0 27 0 26 0 25 12 
5 27 0 26 0 25 0 24 12 
3 24 0 23 0 22 0 21 12 
3 23 0 22 0 21 0 20 12 
4 26 0 25 0 24 0 23 12 
5 26 0 25 0 24 0 23 12 
4 24 0 23 0 22 0 21 12 
4 25 1 24 0 23 0 22 12 
5 27 0 26 0 25 0 24 12 
3 24 0 23 0 22 0 21 12 
4 27 0 26 0 25 0 24 12 
5 27 0 26 0 25 0 24 12 
4 25 1 24 0 23 0 22 12 
5 27 1 26 0 25 0 24 12 
4 27 0 26 0 25 0 24 12 
3 24 1 23 0 22 0 21 12 
3 24 1 23 0 22 0 21 12 
5 27 0 26 0 25 0 24 12 
5 26 0 25 0 24 0 23 12 
4 25 0 24 0 23 0 22 12 
5 26 0 25 0 24 0 23 12 
3 25 0 24 0 23 0 22 12 
5 26 0 25 0 24 0 23 12 
4 25 0 24 0 23 0 22 12 
3 24 0 23 0 22 0 21 12 
5 27 1 26 0 25 0 24 12 
3 24 1 23 0 22 0 21 12 
3 25 0 24 0 23 0 22 12 
3 25 1 24 0 23 0 22 12 
3 26 0 25 0 24 0 23 12 
5 29 0 28 0 27 0 26 12 
5 27 1 26 0 25 0 24 12 
5 26 0 25 0 24 0 23 12 
5 27 0 26 0 25 0 24 12 
3 24 0 23 0 22 0 21 12 
4 25 1 24 0 23 0 22 12 
5 26 0 25 0 24 0 23 12 
3 23 0 22 0 21 0 20 12 
4 26 0 25 0 24 0 23 12 
3 24 1 23 0 22 0 21 12 
5 27 0 26 0 25 0 24 12 
4 24 1 23 0 22 0 21 12 
5 26 0 25 0 24 0 23 12 
5 27 1 26 0 25 0 24 12 
3 25 0 24 0 23 0 22 12 
3 25 0 24 0 23 0 22 12 
5 26 1 25 0 24 0 23 12 
4 27 0 26 0 25 0 24 12 
5 26 1 25 0 24 0 23 12 
3 24 0 23 0 22 0 21 12 
5 28 0 27 0 26 0 25 12 
3 25 0 24 0 23 0 22 12 
4 25 0 24 0 23 0 22 12 
5 27 0 26 0 25 0 24 12 
4 27 0 26 0 25 0 24 12 
4 25 0 24 0 23 0 22 12 
4 28 0 27 0 26 0 25 12 
4 24 0 23 0 22 0 21 12 
4 26 1 25 0 24 0 23 12 
4 25 1 24 0 23 0 22 12 
4 28 0 27 0 26 0 25 12 
5 28 0 27 0 26 0 25 12 
5 28 0 27 0 26 0 25 12 
3 23 1 22 0 21 0 20 12 
4 26 0 25 0 24 0 23 12 
5 26 0 25 0 24 0 23 12 
5 27 0 26 0 25 0 24 12 
3 25 0 24 0 23 0 22 12 
5 26 1 25 0 24 0 23 12 
5 27 0 26 0 25 0 24 12 
SCORES_TXT_END_0
SCORES_TXT_BEGIN_0 33 100 9 BLEU
7 18 5 17 4 16 3 15 14 
7 17 3 16 2 15 1 14 14 
7 18 4 17 3 16 2 15 14 
7 16 5 15 4 14 3 13 14 
8 16 5 15 4 14 3 13 14 
7 15 3 14 2 13 1 12 14 
7 16 5 15 4 14 3 13 14 
8 16 4 15 3 14 2 13 14 
6 15 3 14 2 13 1 12 14 
7 16 5 15 4 14 3 13 14 
7 16 4 15 3 14 2 13 14 
7 17 3 16 2 15 1 14 14 
7 17 3 16 2 15 1 14 14 
8 16 5 15 4 14 3 13 14 
7 18 4 17 3 16 2 15 14 
7 17 5 16 4 15 3 14 14 
7 15 5 14 4 13 3 12 14 
7 18 5 17 4 16 3 15 14 
9 16 6 15 4 14 3 13 14 
7 18 5 17 4 16 3 15 14 
7 18 3 17 2 16 1 15 14 
7 17 5 16 4 15 3 14 14 
7 19 4 18 3 17 2 16 14 
7 15 3 14 2 13 1 12 14 
7 16 3 15 2 14 1 13 14 
8 16 4 15 3 14 2 13 14 
7 17 3 16 2 15 1 14 14 
7 17 4 16 3 15 2 14 14 
7 17 5 16 4 15 3 14 14 
7 18 4 17 3 16 2 15 14 
8 15 4 14 2 13 1 12 14 
6 16 3 15 2 14 1 13 14 
6 18 2 17 1 16 0 15 14 
9 16 5 15 3 14 2 13 14 
7 16 5 15 4 14 3 13 14 
7 17 4 16 3 15 2 14 14 
8 19 6 18 5 17 4 16 14 
7 17 3 16 2 15 1 14 14 
7 16 3 15 2 14 1 13 14 
7 17 3 16 2 15 1 14 14 
7 18 5 17 4 16 3 15 14 
7 17 4 16 3 15 2 14 14 
7 16 5 15 4 14 3 13 14 
7 17 3 16 2 15 1 14 14 
7 18 5 17 4 16 3 15 14 
7 18 4 17 3 16 2 15 14 
7 18 5 17 4 16 3 15 14 
7 15 3 14 2 13 1 12 14 
7 18 4 17 3 16 2 15 14 
7 17 5 16 4 15 3 14 14 
7 16 4 15 3 14 2 13 14 
6 15 3 14 2 13 1 12 14 
7 18 4 17 3 16 2 15 14 
8 16 5 15 4 14 3 13 14 
8 16 5 15 4 14 3 13 14 
7 16 5 15 4 14 3 13 14 
6 16 3 15 2 14 1 13 14 
7 16 4 15 3 14 2 13 14 
7 19 5 18 4 17 3 16 14 
7 20 5 19 4 18 3 17 14 
7 17 4 16 3 15 2 14 14 
6 19 4 18 3 17 2 16 14 
6 16 3 15 2 14 1 13 14 
8 16 5 15 4 14 3 13 14 
7 17 4 16 3 15 2 14 14 
7 17 3 16 2 15 1 14 14 
6 14 3 13 2 12 1 11 14 
7 17 5 16 4 15 3 14 14 
8 17 6 16 5 15 4 14 14 
7 18 4 17 3 16 2 15 14 
7 16 3 15 2 14 1 13 14 
7 15 4 14 3 13 2 12 14 
7 16 5 15 4 14 3 13 14 
7 17 4 16 3 15 2 14 14 
7 15 3 14 2 13 1 12 14 
7 16 5 15 4 14 3 13 14 
7 15 3 14 2 13 1 12 14 
7 17 5 16 4 15 3 14 14 
7 15 3 14 2 13 1 12 14 
8 16 4 15 3 14 2 13 14 
8 16 4 15 3 14 2 13 14 
7 19 5 18 4 17 3 16 14 
7 19 5 18 4 17 3 16 14 
6 15 3 14 2 13 1 12 14 
7 17 3 16 2 15 1 14 14 
6 19 3 18 2 17 1 16 14 
7 18 4 17 3 16 2 15 14 
7 19 5 18 4 17 3 16 14 
7 17 5 16 4 15 3 14 14 
7 17 5 16 4 15 3 14 14 
7 16 5 15 4 14 3 13 14 
7 16 3 15 2 14 1 13 14 
7 18 5 17 4 16 3 15 14 
6 15 3 14 2 13 1 12 14 
8 17 4 16 3 15 2 14 14 
7 16 4 15 3 14 2 13 14 
9 16 6 15 4 14 3 13 14 
7 17 5 16 4 15 3 14 14 
7 17 3 16 2 15 1 14 14 
7 16 4 15 3 14 2 13 14 
SCORES_TXT_END_0
SCORES_TXT_BEGIN_0 34 100 9 BLEU
8 29 1 28 0 27 0 26 21 
8 27 0 26 0 25 0 24 21 
8 27 0 26 0 25 0 24 21 
8 27 0 26 0 25 0 24 21 
6 25 0 24 0 23 0 22 21 
6 25 0 24 0 23 0 22 21 
6 25 0 24 0 23 0 22 21 
7 25 0 24 0 23 0 22 21 
9 30 1 29 0 28 0 27 21 
7 25 0 24 0 23 0 22 21 
7 25 0 24 0 23 0 22 21 
8 27 0 26 0 25 0 24 21 
7 27 1 26 0 25 0 24 21 
7 25 0 24 0 23 0 22 21 
7 25 0 24 0 23 0 22 21 
8 28 1 27 0 26 0 25 21 
7 25 0 24 0 23 0 22 21 
8 25 0 24 0 23 0 22 21 
6 25 0 24 0 23 0 22 21 
8 25 0 24 0 23 0 22 21 
8 28 1 27 0 26 0 25 21 
8 25 0 24 0 23 0 22 21 
8 27 1 26 0 25 0 24 21 
7 25 0 24 0 23 0 22 21 
9 28 1 27 0 26 0 25 21 
7 25 0 24 0 23 0 22 21 
8 30 2 29 1 28 0 27 21 
9 28 1 27 0 26 0 25 21 
8 25 0 24 0 23 0 22 21 
6 29 0 28 0 27 0 26 21 
7 25 0 24 0 23 0 22 21 
7 28 2 27 1 26 0 25 21 
7 25 0 24 0 23 0 22 21 
7 25 0 24 0 23 0 22 21 
7 28 2 27 1 26 0 25 21 
8 25 0 24 0 23 0 22 21 
8 25 0 24 0 23 0 22 21 
8 25 0 24 0 23 0 22 21 
7 26 0 25 0 24 0 23 21 
8 27 1 26 0 25 0 24 21 
8 27 0 26 0 25 0 24 21 
8 27 0 26 0 25 0 24 21 
7 26 0 25 0 24 0 23 21 
8 25 0 24 0 23 0 22 21 
7 26 0 25 0 24 0 23 21 
7 26 0 25 0 24 0 23 21 
7 27 0 26 0 25 0 24 21 
8 28 2 27 1 26 0 25 21 
7 26 0 25 0 24 0 23 21 
8 25 0 24 0 23 0 22 21 
8 28 1 27 0 26 0 25 21 
7 26 0 25 0 24 0 23 21 
8 25 0 24 0 23 0 22 21 
8 26 0 25 0 24 0 23 21 
8 26 0 25 0 24 0 23 21 
7 25 0 24 0 23 0 22 21 
8 26 0 25 0 24 0 23 21 
8 28 2 27 1 26 0 25 21 
8 26 0 25 0 24 0 23 21 
7 28 1 27 0 26 0 25 21 
8 26 0 25 0 24 0 23 21 
8 26 0 25 0 24 0 23 21 
8 28 1 27 0 26 0 25 21 
8 28 1 27 0 26 0 25 21 
6 25 0 24 0 23 0 22 21 
6 25 0 24 0 23 0 22 21 
9 28 1 27 0 26 0 25 21 
6 30 0 29 0 28 0 27 21 
5 25 0 24 0 23 0 22 21 
7 28 1 27 0 26 0 25 21 
8 26 0 25 0 24 0 23 21 
8 25 0 24 0 23 0 22 21 
7 27 1 26 0 25 0 24 21 
7 26 0 25 0 24 0 23 21 
7 25 0 24 0 23 0 22 21 
7 25 0 24 0 23 0 22 21 
8 26 0 25 0 24 0 23 21 
5 27 0 26 0 25 0 24 21 
8 29 1 28 0 27 0 26 21 
8 26 0 25 0 24 0 23 21 
8 29 1 28 0 27 0 26 21 
7 26 0 25 0 24 0 23 21 
6 25 0 24 0 23 0 22 21 
7 26 0 25 0 24 0 23 21 
9 29 1 28 0 27 0 26 21 
9 28 1 27 0 26 0 25 21 
7 26 0 25 0 24 0 23 21 
7 26 0 25 0 24 0 23 21 
8 25 0 24 0 23 0 22 21 
9 29 1 28 0 27 0 26 21 
7 27 0 26 0 25 0 24 21 
9 29 1 28 0 27 0 26 21 
7 26 0 25 0 24 0 23 21 
8 27 0 26 0 25 0 24 21 
8 26 0 25 0 24 0 23 21 
8 27 0 26 0 25 0 24 21 
8 26 0 25 0 24 0 23 21 
7 25 0 24 0 23 0 22 21 
7 25 0 24 0 23 0 22 21 
7 26 0 25 0 24 0 23 21 
SCORES_TXT_END_0
SCORES_TXT_BEGIN_0 35 100 9 BLEU
5 33 1 32 0 31 0 30 24 
6 34 1 33 0 32 0 31 24 
5 33 1 32 0 31 0 30 24 
6 34 1 33 0 32 0 31 24 
6 35 1 34 0 33 0 32 24 
6 34 1 33 0 32 0 31 24 
5 32 1 31 0 30 0 29 24 
6 34 1 33 0 32 0 31 24 
5 33 1 32 0 31 0 30 24 
6 35 1 34 0 33 0 32 24 
6 34 1 33 0 32 0 31 24 
5 33 1 32 0 31 0 30 24 
6 34 1 33 0 32 0 31 24 
6 34 1 33 0 32 0 31 24 
6 35 1 34 0 33 0 32 24 
5 32 0 31 0 30 0 29 24 
6 33 1 32 0 31 0 30 24 
5 34 1 33 0 32 0 31 24 
6 33 1 32 0 31 0 30 24 
6 35 1 34 0 33 0 32 24 
6 34 1 33 0 32 0 31 24 
6 33 1 32 0 31 0 30 24 
6 34 1 33 0 32 0 31 24 
5 33 1 32 0 31 0 30 24 
6 34 1 33 0 32 0 31 24 
6 35 1 34 0 33 0 32 24 
6 34 1 33 0 32 0 31 24 
5 33 1 32 0 31 0 30 24 
6 34 1 33 0 32 0 31 24 
6 34 1 33 0 32 0 31 24 
6 35 1 34 0 33 0 32 24 
5 33 1 32 0 31 0 30 24 
6 35 1 34 0 33 0 32 24 
6 34 1 33 0 32 0 31 24 
5 32 0 31 0 30 0 29 24 
6 33 0 32 0 31 0 30 24 
5 34 1 33 0 32 0 31 24 
6 34 1 33 0 32 0 31 24 
6 35 1 34 0 33 0 32 24 
6 33 1 32 0 31 0 30 24 
6 34 1 33 0 32 0 31 24 
6 36 1 35 0 34 0 33 24 
6 35 1 34 0 33 0 32 24 
6 34 1 33 0 32 0 31 24 
5 33 1 32 0 31 0 30 24 
6 34 1 33 0 32 0 31 24 
6 33 1 32 0 31 0 30 24 
6 34 1 33 0 32 0 31 24 
5 33 1 32 0 31 0 30 24 
5 32 1 31 0 30 0 29 24 
5 33 1 32 0 31 0 30 24 
5 33 1 32 0 31 0 30 24 
6 34 1 33 0 32 0 31 24 
6 34 1 33 0 32 0 31 24 
6 33 0 32 0 31 0 30 24 
5 33 1 32 0 31 0 30 24 
5 32 1 31 0 30 0 29 24 
6 34 1 33 0 32 0 31 24 
6 34 1 33 0 32 0 31 24 
6 34 1 33 0 32 0 31 24 
6 35 1 34 0 33 0 32 24 
6 33 1 32 0 31 0 30 24 
5 34 1 33 0 32 0 31 24 
6 35 1 34 0 33 0 32 24 
6 34 1 33 0 32 0 31 24 
6 35 1 34 0 33 0 32 24 
6 34 2 33 1 32 0 31 24 
5 34 1 33 0 32 0 31 24 
6 35 2 34 1 33 0 32 24 
6 34 1 33 0 32 0 31 24 
5 31 0 30 0 29 0 28 24 
6 35 1 34 0 33 0 32 24 
6 35 1 34 0 33 0 32 24 
5 33 1 32 0 31 0 30 24 
6 34 1 33 0 32 0 31 24 
6 32 1 31 0 30 0 29 24 
6 35 1 34 0 33 0 32 24 
6 33 0 32 0 31 0 30 24 
5 32 0 31 0 30 0 29 24 
6 34 1 33 0 32 0 31 24 
6 35 1 34 0 33 0 32 24 
6 34 1 33 0 32 0 31 24 
6 33 1 32 0 31 0 30 24 
5 34 1 33 0 32 0 31 24 
6 34 1 33 0 32 0 31 24 
6 36 1 35 0 34 0 33 24 
6 35 1 34 0 33 0 32 24 
6 35 1 34 0 33 0 32 24 
6 35 1 34 0 33 0 32 24 
6 34 1 33 0 32 0 31 24 
5 32 0 31 0 30 0 29 24 
6 33 0 32 0 31 0 30 24 
5 33 1 32 0 31 0 30 24 
6 33 1 32 0 31 0 30 24 
5 34 1 33 0 32 0 31 24 
6 34 1 33 0 32 0 31 24 
6 35 1 34 0 33 0 32 24 
6 33 1 32 0 31 0 30 24 
6 34 1 33 0 32 0 31 24 
6 34 1 33 0 32 0 31 24 
SCORES_TXT_END_0
SCORES_TXT_BEGIN_0 36 100 9 BLEU
10 39 2 38 0 37 0 36 29 
10 40 2 39 0 38 0 37 29 
11 41 2 40 0 39 0 38 29 
11 39 2 38 0 37 0 36 29 
11 42 2 41 0 40 0 39 29 
11 40 2 39 0 38 0 37 29 
10 39 2 38 0 37 0 36 29 
9 39 1 38 0 37 0 36 29 
10 40 2 39 0 38 0 37 29 
9 40 1 39 0 38 0 37 29 
11 41 2 40 0 39 0 38 29 
11 39 2 38 0 37 0 36 29 
10 41 1 40 0 39 0 38 29 
10 39 1 38 0 37 0 36 29 
11 42 2 41 0 40 0 39 29 
11 40 2 39 0 38 0 37 29 
10 42 1 41 0 40 0 39 29 
10 40 1 39 0 38 0 37 29 
9 39 1 38 0 37 0 36 29 
9 40 1 39 0 38 0 37 29 
10 41 1 40 0 39 0 38 29 
10 39 1 38 0 37 0 36 29 
10 39 2 38 0 37 0 36 29 
10 42 1 41 0 40 0 39 29 
10 40 1 39 0 38 0 37 29 
10 40 2 39 0 38 0 37 29 
10 39 2 38 0 37 0 36 29 
10 40 2 39 0 38 0 37 29 
11 41 2 40 0 39 0 38 29 
11 42 2 41 0 40 0 39 29 
10 39 2 38 0 37 0 36 29 
9 39 1 38 0 37 0 36 29 
10 39 2 38 0 37 0 36 29 
11 41 2 40 0 39 0 38 29 
11 39 2 38 0 37 0 36 29 
10 40 2 39 0 38 0 37 29 
9 40 1 39 0 38 0 37 29 
10 40 2 39 0 38 0 37 29 
11 42 2 41 0 40 0 39 29 
11 40 2 39 0 38 0 37 29 
10 39 2 38 0 37 0 36 29 
9 39 1 38 0 37 0 36 29 
11 40 2 39 0 38 0 37 29 
10 40 2 39 0 38 0 37 29 
9 40 1 39 0 38 0 37 29 
11 41 2 40 0 39 0 38 29 
10 38 1 37 0 36 0 35 29 
11 41 2 40 0 39 0 38 29 
10 41 1 40 0 39 0 38 29 
11 41 2 40 0 39 0 38 29 
11 39 2 38 0 37 0 36 29 
11 42 2 41 0 40 0 39 29 
10 39 1 38 0 37 0 36 29 
10 42 1 41 0 40 0 39 29 
11 42 2 41 0 40 0 39 29 
11 40 2 39 0 38 0 37 29 
9 39 1 38 0 37 0 36 29 
11 41 2 40 0 39 0 38 29 
11 39 2 38 0 37 0 36 29 
9 39 1 38 0 37 0 36 29 
10 41 1 40 0 39 0 38 29 
10 39 1 38 0 37 0 36 29 
9 40 1 39 0 38 0 37 29 
11 42 2 41 0 40 0 39 29 
10 39 2 38 0 37 0 36 29 
11 40 2 39 0 38 0 37 29 
9 40 1 39 0 38 0 37 29 
10 39 2 38 0 37 0 36 29 
10 39 2 38 0 37 0 36 29 
10 42 1 41 0 40 0 39 29 
11 40 1 39 0 38 0 37 29 
11 39 2 38 0 37 0 36 29 
10 40 1 39 0 38 0 37 29 
11 38 1 37 0 36 0 35 29 
10 40 2 39 0 38 0 37 29 
9 39 1 38 0 37 0 36 29 
10 40 2 39 0 38 0 37 29 
11 40 2 39 0 38 0 37 29 
11 41 1 40 0 39 0 38 29 
11 40 2 39 0 38 0 37 29 
11 39 1 38 0 37 0 36 29 
10 40 1 39 0 38 0 37 29 
9 40 1 39 0 38 0 37 29 
10 40 2 39 0 38 0 37 29 
10 38 1 37 0 36 0 35 29 
11 41 2 40 0 39 0 38 29 
10 41 1 40 0 39 0 38 29 
9 38 0 37 0 36 0 35 29 
10 41 1 40 0 39 0 38 29 
10 41 1 40 0 39 0 38 29 
10 41 2 40 0 39 0 38 29 
10 39 1 38 0 37 0 36 29 
10 39 1 38 0 37 0 36 29 
10 42 1 41 0 40 0 39 29 
9 39 0 38 0 37 0 36 29 
11 41 2 40 0 39 0 38 29 
10 39 2 38 0 37 0 36 29 
11 39 2 38 0 37 0 36 29 
10 42 1 41 0 40 0 39 29 
11 41 2 40 0 39 0 38 29 
SCORES_TXT_END_0
SCORES_TXT_BEGIN_0 37 100 9 BLEU
4 27 0 26 0 25 0 24 17 
4 28 0 27 0 26 0 25 17 
4 28 0 27 0 26 0 25 17 
4 28 0 27 0 26 0 25 17 
4 28 0 27 0 26 0 25 17 
4 29 0 28 0 27 0 26 17 
4 29 0 28 0 27 0 26 17 
4 28 0 27 0 26 0 25 17 
4 29 0 28 0 27 0 26 17 
4 29 0 28 0 27 0 26 17 
4 29 0 28 0 27 0 26 17 
4 30 0 29 0 28 0 27 17 
4 29 0 28 0 27 0 26 17 
3 26 0 25 0 24 0 23 17 
4 29 0 28 0 27 0 26 17 
4 30 0 29 0 28 0 27 17 
4 30 0 29 0 28 0 27 17 
3 27 0 26 0 25 0 24 17 
4 30 0 29 0 28 0 27 17 
4 29 0 28 0 27 0 26 17 
4 29 0 28 0 27 0 26 17 
4 28 0 27 0 26 0 25 17 
4 28 0 27 0 26 0 25 17 
4 29 0 28 0 27 0 26 17 
4 30 0 29 0 28 0 27 17 
4 26 0 25 0 24 0 23 17 
4 29 0 28 0 27 0 26 17 
4 30 0 29 0 28 0 27 17 
4 29 0 28 0 27 0 26 17 
4 29 0 28 0 27 0 26 17 
4 30 0 29 0 28 0 27 17 
4 27 0 26 0 25 0 24 17 
4 30 0 29 0 28 0 27 17 
3 27 0 26 0 25 0 24 17 
4 29 0 28 0 27 0 26 17 
4 30 0 29 0 28 0 27 17 
4 27 0 26 0 25 0 24 17 
4 30 0 29 0 28 0 27 17 
4 29 0 28 0 27 0 26 17 
4 30 0 29 0 28 0 27 17 
4 27 0 26 0 25 0 24 17 
4 28 0 27 0 26 0 25 17 
4 29 0 28 0 27 0 26 17 
4 30 0 29 0 28 0 27 17 
4 30 0 29 0 28 0 27 17 
4 29 0 28 0 27 0 26 17 
4 29 0 28 0 27 0 26 17 
4 30 0 29 0 28 0 27 17 
4 30 0 29 0 28 0 27 17 
4 28 0 27 0 26 0 25 17 
4 29 0 28 0 27 0 26 17 
4 30 0 29 0 28 0 27 17 
3 26 0 25 0 24 0 23 17 
4 28 0 27 0 26 0 25 17 
4 30 0 29 0 28 0 27 17 
4 27 0 26 0 25 0 24 17 
4 30 0 29 0 28 0 27 17 
4 28 0 27 0 26 0 25 17 
4 28 0 27 0 26 0 25 17 
3 27 0 26 0 25 0 24 17 
4 30 0 29 0 28 0 27 17 
4 29 0 28 0 27 0 26 17 
4 29 0 28 0 27 0 26 17 
4 29 0 28 0 27 0 26 17 
4 28 0 27 0 26 0 25 17 
4 28 0 27 0 26 0 25 17 
4 29 0 28 0 27 0 26 17 
4 28 0 27 0 26 0 25 17 
4 29 0 28 0 27 0 26 17 
4 28 0 27 0 26 0 25 17 
4 27 0 26 0 25 0 24 17 
4 29 0 28 0 27 0 26 17 
4 30 0 29 0 28 0 27 17 
4 29 0 28 0 27 0 26 17 
4 30 0 29 0 28 0 27 17 
4 29 0 28 0 27 0 26 17 
4 30 0 29 0 28 0 27 17 
4 29 0 28 0 27 0 26 17 
3 27 0 26 0 25 0 24 17 
4 30 0 29 0 28 0 27 17 
4 27 0 26 0 25 0 24 17 
4 29 0 28 0 27 0 26 17 
4 27 0 26 0 25 0 24 17 
4 30 0 29 0 28 0 27 17 
4 30 0 29 0 28 0 27 17 
4 27 0 26 0 25 0 24 17 
4 30 0 29 0 28 0 27 17 
3 27 0 26 0 25 0 24 17 
3 27 0 26 0 25 0 24 17 
4 27 0 26 0 25 0 24 17 
4 30 0 29 0 28 0 27 17 
4 29 0 28 0 27 0 26 17 
3 26 0 25 0 24 0 23 17 
4 31 0 30 0 29 0 28 17 
4 30 0 29 0 28 0 27 17 
4 30 0 29 0 28 0 27 17 
4 27 0 26 0 25 0 24 17 
4 30 0 29 0 28 0 27 17 
4 30 0 29 0 28 0 27 17 
3 28 0 27 0 26 0 25 17 
SCORES_TXT_END_0
SCORES_TXT_BEGIN_0 38 100 9 BLEU
3 36 0 35 0 34 0 33 12 
3 34 0 33 0 32 0 31 12 
3 36 0 35 0 34 0 33 12 
3 35 0 34 0 33 0 32 12 
3 34 0 33 0 32 0 31 12 
3 36 0 35 0 34 0 33 12 
3 35 0 34 0 33 0 32 12 
3 36 0 35 0 34 0 33 12 
3 34 0 33 0 32 0 31 12 
3 35 0 34 0 33 0 32 12 
3 35 0 34 0 33 0 32 12 
3 34 0 33 0 32 0 31 12 
3 34 0 33 0 32 0 31 12 
3 34 0 33 0 32 0 31 12 
3 35 0 34 0 33 0 32 12 
3 36 0 35 0 34 0 33 12 
3 35 0 34 0 33 0 32 12 
5 36 1 35 0 34 0 33 12 
3 36 0 35 0 34 0 33 12 
3 33 0 32 0 31 0 30 12 
3 36 0 35 0 34 0 33 12 
3 35 0 34 0 33 0 32 12 
3 36 0 35 0 34 0 33 12 
3 34 0 33 0 32 0 31 12 
3 37 0 36 0 35 0 34 12 
3 36 0 35 0 34 0 33 12 
3 36 0 35 0 34 0 33 12 
3 36 0 35 0 34 0 33 12 
3 36 0 35 0 34 0 33 12 
3 35 0 34 0 33 0 32 12 
5 34 1 33 0 32 0 31 12 
3 35 0 34 0 33 0 32 12 
3 34 0 33 0 32 0 31 12 
3 34 0 33 0 32 0 31 12 
3 34 0 33 0 32 0 31 12 
3 35 0 34 0 33 0 32 12 
3 35 0 34 0 33 0 32 12 
3 34 0 33 0 32 0 31 12 
3 34 0 33 0 32 0 31 12 
3 36 0 35 0 34 0 33 12 
2 35 0 34 0 33 0 32 12 
3 35 0 34 0 33 0 32 12 
3 34 0 33 0 32 0 31 12 
3 34 0 33 0 32 0 31 12 
3 34 0 33 0 32 0 31 12 
3 35 0 34 0 33 0 32 12 
3 34 0 33 0 32 0 31 12 
3 34 0 33 0 32 0 31 12 
5 36 1 35 0 34 0 33 12 
3 36 0 35 0 34 0 33 12 
3 33 0 32 0 31 0 30 12 
5 35 1 34 0 33 0 32 12 
3 36 0 35 0 34 0 33 12 
3 35 0 34 0 33 0 32 12 
3 36 0 35 0 34 0 33 12 
3 34 0 33 0 32 0 31 12 
3 36 0 35 0 34 0 33 12 
3 36 0 35 0 34 0 33 12 
2 33 0 32 0 31 0 30 12 
3 35 0 34 0 33 0 32 12 
3 36 0 35 0 34 0 33 12 
3 35 0 34 0 33 0 32 12 
3 36 0 35 0 34 0 33 12 
3 36 0 35 0 34 0 33 12 
2 36 0 35 0 34 0 33 12 
3 35 0 34 0 33 0 32 12 
3 36 0 35 0 34 0 33 12 
3 36 0 35 0 34 0 33 12 
3 36 0 35 0 34 0 33 12 
5 34 1 33 0 32 0 31 12 
3 34 0 33 0 32 0 31 12 
3 35 0 34 0 33 0 32 12 
3 37 0 36 0 35 0 34 12 
3 35 0 34 0 33 0 32 12 
3 34 0 33 0 32 0 31 12 
3 34 0 33 0 32 0 31 12 
3 35 0 34 0 33 0 32 12 
3 35 0 34 0 33 0 32 12 
3 36 0 35 0 34 0 33 12 
3 35 0 34 0 33 0 32 12 
3 35 0 34 0 33 0 32 12 
2 35 0 34 0 33 0 32 12 
3 35 0 34 0 33 0 32 12 
3 35 0 34 0 33 0 32 12 
3 34 0 33 0 32 0 31 12 
3 36 0 35 0 34 0 33 12 
3 34 0 33 0 32 0 31 12 
3 34 0 33 0 32 0 31 12 
3 34 0 33 0 32 0 31 12 
3 34 0 33 0 32 0 31 12 
2 35 0 34 0 33 0 32 12 
3 34 0 33 0 32 0 31 12 
3 35 0 34 0 33 0 32 12 
3 34 0 33 0 32 0 31 12 
3 37 0 36 0 35 0 34 12 
3 37 0 36 0 35 0 34 12 
3 34 0 33 0 32 0 31 12 
5 36 1 35 0 34 0 33 12 
3 35 0 34 0 33 0 32 12 
3 34 0 33 0 32 0 31 12 
SCORES_TXT_END_0
SCORES_TXT_BEGIN_0 39 100 9 BLEU
14 39 3 38 0 37 0 36 28 
14 39 3 38 0 37 0 36 28 
14 38 3 37 0 36 0 35 28 
14 38 3 37 0 36 0 35 28 
14 39 3 38 0 37 0 36 28 
14 39 3 38 0 37 0 36 28 
14 39 3 38 0 37 0 36 28 
14 39 3 38 0 37 0 36 28 
14 38 3 37 0 36 0 35 28 
14 40 4 39 0 38 0 37 28 
14 38 3 37 0 36 0 35 28 
14 40 4 39 0 38 0 37 28 
14 40 5 39 2 38 1 37 28 
14 40 5 39 2 38 1 37 28 
14 39 3 38 0 37 0 36 28 
13 38 3 37 0 36 0 35 28 
14 39 3 38 0 37 0 36 28 
13 38 3 37 0 36 0 35 28 
13 39 3 38 0 37 0 36 28 
14 38 2 37 0 36 0 35 28 
14 40 3 39 0 38 0 37 28 
14 37 3 36 0 35 0 34 28 
14 39 4 38 0 37 0 36 28 
13 39 3 38 0 37 0 36 28 
14 38 2 37 0 36 0 35 28 
14 40 3 39 0 38 0 37 28 
14 37 3 36 0 35 0 34 28 
14 39 4 38 0 37 0 36 28 
14 38 3 37 0 36 0 35 28 
14 40 4 39 0 38 0 37 28 
14 39 3 38 0 37 0 36 28 
14 38 3 37 0 36 0 35 28 
14 40 4 39 0 38 0 37 28 
14 39 3 38 0 37 0 36 28 
14 39 5 38 2 37 1 36 28 
14 39 5 38 2 37 1 36 28 
14 40 5 39 2 38 1 37 28 
14 40 5 39 2 38 1 37 28 
14 39 3 38 0 37 0 36 28 
13 39 3 38 0 37 0 36 28 
14 39 5 38 2 37 1 36 28 
14 39 3 38 0 37 0 36 28 
13 39 3 38 0 37 0 36 28 
14 39 5 38 2 37 1 36 28 
14 38 3 37 0 36 0 35 28 
14 39 3 38 0 37 0 36 28 
14 40 4 39 0 38 0 37 28 
13 38 2 37 0 36 0 35 28 
14 40 3 39 0 38 0 37 28 
14 38 3 37 0 36 0 35 28 
14 40 4 39 0 38 0 37 28 
13 38 2 37 0 36 0 35 28 
14 40 3 39 0 38 0 37 28 
13 38 3 37 0 36 0 35 28 
14 39 3 38 0 37 0 36 28 
14 40 3 39 0 38 0 37 28 
14 39 4 38 0 37 0 36 28 
13 38 3 37 0 36 0 35 28 
14 39 3 38 0 37 0 36 28 
14 39 3 38 0 37 0 36 28 
13 39 3 38 0 37 0 36 28 
14 39 4 38 0 37 0 36 28 
13 39 3 38 0 37 0 36 28 
14 39 3 38 0 37 0 36 28 
14 40 5 39 2 38 1 37 28 
14 40 3 39 0 38 0 37 28 
14 39 3 38 0 37 0 36 28 
14 39 3 38 0 37 0 36 28 
14 40 5 39 2 38 1 37 28 
14 40 3 39 0 38 0 37 28 
14 39 5 38 2 37 1 36 28 
14 39 3 38 0 37 0 36 28 
14 39 3 38 0 37 0 36 28 
14 39 5 38 2 37 1 36 28 
14 40 3 39 0 38 0 37 28 
14 38 3 37 0 36 0 35 28 
13 39 3 38 0 37 0 36 28 
14 39 3 38 0 37 0 36 28 
13 39 3 38 0 37 0 36 28 
14 38 5 37 2 36 1 35 28 
14 39 3 38 0 37 0 36 28 
15 39 4 38 0 37 0 36 28 
14 38 3 37 0 36 0 35 28 
14 38 3 37 0 36 0 35 28 
14 41 4 40 0 39 0 38 28 
14 38 5 37 2 36 1 35 28 
13 38 2 37 0 36 0 35 28 
14 40 3 39 0 38 0 37 28 
15 39 4 38 0 37 0 36 28 
13 37 3 36 0 35 0 34 28 
14 39 5 38 2 37 1 36 28 
14 38 3 37 0 36 0 35 28 
14 38 3 37 0 36 0 35 28 
13 39 4 38 0 37 0 36 28 
14 41 4 40 0 39 0 38 28 
13 38 2 37 0 36 0 35 28 
14 40 3 39 0 38 0 37 28 
13 37 3 36 0 35 0 34 28 
14 39 5 38 2 37 1 36 28 
13 39 4 38 0 37 0 36 28 
SCORES_TXT_END_0
SCORES_TXT_BEGIN_0 40 100 9 BLEU
5 22 1 21 0 20 0 19 12 
5 23 1 22 0 21 0 20 12 
5 21 1 20 0 19 0 18 12 
5 23 1 22 0 21 0 20 12 
5 24 1 23 0 22 0 21 12 
5 22 1 21 0 20 0 19 12 
5 21 1 20 0 19 0 18 12 
5 22 1 21 0 20 0 19 12 
4 22 1 21 0 20 0 19 12 
5 23 1 22 0 21 0 20 12 
4 23 1 22 0 21 0 20 12 
5 22 1 21 0 20 0 19 12 
5 22 1 21 0 20 0 19 12 
5 21 1 20 0 19 0 18 12 
4 21 1 20 0 19 0 18 12 
5 23 1 22 0 21 0 20 12 
5 24 1 23 0 22 0 21 12 
5 21 1 20 0 19 0 18 12 
5 21 2 20 1 19 0 18 12 
5 23 1 22 0 21 0 20 12 
5 22 1 21 0 20 0 19 12 
5 22 1 21 0 20 0 19 12 
5 22 2 21 1 20 0 19 12 
5 21 1 20 0 19 0 18 12 
5 21 1 20 0 19 0 18 12 
5 21 1 20 0 19 0 18 12 
4 21 1 20 0 19 0 18 12 
5 20 1 19 0 18 0 17 12 
5 20 2 19 1 18 0 17 12 
5 21 1 20 0 19 0 18 12 
4 22 1 21 0 20 0 19 12 
5 23 1 22 0 21 0 20 12 
4 23 1 22 0 21 0 20 12 
5 22 1 21 0 20 0 19 12 
5 22 1 21 0 20 0 19 12 
5 22 1 21 0 20 0 19 12 
5 24 1 23 0 22 0 21 12 
5 22 1 21 0 20 0 19 12 
4 22 1 21 0 20 0 19 12 
4 21 1 20 0 19 0 18 12 
5 22 1 21 0 20 0 19 12 
5 20 1 19 0 18 0 17 12 
5 20 2 19 1 18 0 17 12 
5 22 1 21 0 20 0 19 12 
5 23 1 22 0 21 0 20 12 
5 23 1 22 0 21 0 20 12 
5 21 2 20 1 19 0 18 12 
5 21 1 20 0 19 0 18 12 
5 21 2 20 1 19 0 18 12 
5 24 1 23 0 22 0 21 12 
5 23 1 22 0 21 0 20 12 
5 22 2 21 1 20 0 19 12 
5 22 1 21 0 20 0 19 12 
5 22 2 21 1 20 0 19 12 
5 21 1 20 0 19 0 18 12 
4 21 1 20 0 19 0 18 12 
5 22 1 21 0 20 0 19 12 
5 21 1 20 0 19 0 18 12 
4 21 1 20 0 19 0 18 12 
5 22 1 21 0 20 0 19 12 
5 21 1 20 0 19 0 18 12 
4 21 1 20 0 19 0 18 12 
5 21 1 20 0 19 0 18 12 
5 22 1 21 0 20 0 19 12 
5 23 1 22 0 21 0 20 12 
5 21 2 20 1 19 0 18 12 
5 24 1 23 0 22 0 21 12 
5 20 2 19 1 18 0 17 12 
5 22 1 21 0 20 0 19 12 
5 20 2 19 1 18 0 17 12 
5 22 1 21 0 20 0 19 12 
5 21 1 20 0 19 0 18 12 
4 21 1 20 0 19 0 18 12 
5 22 1 21 0 20 0 19 12 
5 21 1 20 0 19 0 18 12 
5 22 1 21 0 20 0 19 12 
5 23 1 22 0 21 0 20 12 
5 23 1 22 0 21 0 20 12 
5 22 1 21 0 20 0 19 12 
5 22 1 21 0 20 0 19 12 
5 23 1 22 0 21 0 20 12 
5 22 1 21 0 20 0 19 12 
5 22 1 21 0 20 0 19 12 
5 22 1 21 0 20 0 19 12 
5 23 1 22 0 21 0 20 12 
5 23 1 22 0 21 0 20 12 
5 24 1 23 0 22 0 21 12 
4 23 1 22 0 21 0 20 12 
5 21 1 20 0 19 0 18 12 
4 22 1 21 0 20 0 19 12 
5 22 1 21 0 20 0 19 12 
5 22 1 21 0 20 0 19 12 
5 21 1 20 0 19 0 18 12 
5 23 1 22 0 21 0 20 12 
5 20 1 19 0 18 0 17 12 
5 23 1 22 0 21 0 20 12 
5 20 1 19 0 18 0 17 12 
5 20 2 19 1 18 0 17 12 
5 20 2 19 1 18 0 17 12 
4 24 1 23 0 22 0 21 12 
SCORES_TXT_END_0
SCORES_TXT_BEGIN_0 41 100 9 BLEU
14 54 2 53 0 52 0 51 32 
14 53 2 52 0 51 0 50 32 
14 54 2 53 0 52 0 51 32 
14 55 2 54 0 53 0 52 32 
14 55 2 54 0 53 0 52 32 
14 52 3 51 0 50 0 49 32 
14 54 2 53 0 52 0 51 32 
14 53 3 52 0 51 0 50 32 
14 54 2 53 0 52 0 51 32 
14 55 2 54 0 53 0 52 32 
14 54 2 53 0 52 0 51 32 
14 55 2 54 0 53 0 52 32 
14 55 2 54 0 53 0 52 32 
14 53 2 52 0 51 0 50 32 
14 51 3 50 0 49 0 48 32 
14 52 3 51 0 50 0 49 32 
14 55 2 54 0 53 0 52 32 
14 53 2 52 0 51 0 50 32 
14 54 2 53 0 52 0 51 32 
14 54 2 53 0 52 0 51 32 
14 52 3 51 0 50 0 49 32 
14 55 2 54 0 53 0 52 32 
14 53 3 52 0 51 0 50 32 
14 54 2 53 0 52 0 51 32 
14 54 2 53 0 52 0 51 32 
14 55 2 54 0 53 0 52 32 
14 55 2 54 0 53 0 52 32 
14 54 3 53 0 52 0 51 32 
14 54 2 53 0 52 0 51 32 
14 53 2 52 0 51 0 50 32 
14 55 2 54 0 53 0 52 32 
14 53 2 52 0 51 0 50 32 
14 54 2 53 0 52 0 51 32 
14 54 2 53 0 52 0 51 32 
14 55 2 54 0 53 0 52 32 
14 53 3 52 0 51 0 50 32 
14 53 2 52 0 51 0 50 32 
14 54 2 53 0 52 0 51 32 
14 54 2 53 0 52 0 51 32 
14 53 3 52 0 51 0 50 32 
14 55 2 54 0 53 0 52 32 
14 54 3 53 0 52 0 51 32 
14 52 2 51 0 50 0 49 32 
14 53 2 52 0 51 0 50 32 
14 52 3 51 0 50 0 49 32 
14 53 3 52 0 51 0 50 32 
14 54 2 53 0 52 0 51 32 
14 56 2 55 0 54 0 53 32 
14 53 3 52 0 51 0 50 32 
14 55 2 54 0 53 0 52 32 
14 53 3 52 0 51 0 50 32 
14 54 3 53 0 52 0 51 32 
14 55 2 54 0 53 0 52 32 
14 53 2 52 0 51 0 50 32 
14 54 2 53 0 52 0 51 32 
14 54 2 53 0 52 0 51 32 
14 54 3 53 0 52 0 51 32 
14 55 2 54 0 53 0 52 32 
14 56 2 55 0 54 0 53 32 
14 56 2 55 0 54 0 53 32 
14 52 3 51 0 50 0 49 32 
14 54 2 53 0 52 0 51 32 
14 52 3 51 0 50 0 49 32 
14 53 3 52 0 51 0 50 32 
14 53 2 52 0 51 0 50 32 
14 56 2 55 0 54 0 53 32 
14 56 2 55 0 54 0 53 32 
14 53 3 52 0 51 0 50 32 
14 54 2 53 0 52 0 51 32 
14 54 2 53 0 52 0 51 32 
14 52 3 51 0 50 0 49 32 
14 55 2 54 0 53 0 52 32 
14 55 2 54 0 53 0 52 32 
14 53 3 52 0 51 0 50 32 
14 56 2 55 0 54 0 53 32 
14 53 3 52 0 51 0 50 32 
14 56 2 55 0 54 0 53 32 
14 54 3 53 0 52 0 51 32 
14 53 3 52 0 51 0 50 32 
14 53 2 52 0 51 0 50 32 
14 54 2 53 0 52 0 51 32 
14 51 3 50 0 49 0 48 32 
14 55 2 54 0 53 0 52 32 
14 55 2 54 0 53 0 52 32 
14 53 3 52 0 51 0 50 32 
14 54 3 53 0 52 0 51 32 
14 55 2 54 0 53 0 52 32 
14 55 2 54 0 53 0 52 32 
14 54 3 53 0 52 0 51 32 
14 53 2 52 0 51 0 50 32 
14 51 3 50 0 49 0 48 32 
14 56 2 55 0 54 0 53 32 
14 55 2 54 0 53 0 52 32 
14 52 3 51 0 50 0 49 32 
14 52 3 51 0 50 0 49 32 
14 52 3 51 0 50 0 49 32 
14 55 2 54 0 53 0 52 32 
14 53 3 52 0 51 0 50 32 
14 55 3 54 0 53 0 52 32 
14 55 2 54 0 53 0 52 32 
SCORES_TXT_END_0
SCORES_TXT_BEGIN_0 42 100 9 BLEU
5 50 0 49 0 48 0 47 25 
5 50 0 49 0 48 0 47 25 
5 50 0 49 0 48 0 47 25 
5 50 0 49 0 48 0 47 25 
5 50 0 49 0 48 0 47 25 
5 50 0 49 0 48 0 47 25 
5 50 0 49 0 48 0 47 25 
5 50 0 49 0 48 0 47 25 
5 50 0 49 0 48 0 47 25 
5 50 0 49 0 48 0 47 25 
6 49 0 48 0 47 0 46 25 
6 49 0 48 0 47 0 46 25 
5 50 0 49 0 48 0 47 25 
5 50 0 49 0 48 0 47 25 
5 50 0 49 0 48 0 47 25 
5 50 0 49 0 48 0 47 25 
5 50 0 49 0 48 0 47 25 
5 50 0 49 0 48 0 47 25 
5 50 0 49 0 48 0 47 25 
5 50 0 49 0 48 0 47 25 
5 50 0 49 0 48 0 47 25 
5 50 0 49 0 48 0 47 25 
5 50 0 49 0 48 0 47 25 
6 49 0 48 0 47 0 46 25 
6 50 0 49 0 48 0 47 25 
6 49 0 48 0 47 0 46 25 
6 50 0 49 0 48 0 47 25 
6 49 0 48 0 47 0 46 25 
5 50 0 49 0 48 0 47 25 
5 50 0 49 0 48 0 47 25 
6 49 0 48 0 47 0 46 25 
6 49 0 48 0 47 0 46 25 
5 48 0 47 0 46 0 45 25 
5 48 0 47 0 46 0 45 25 
6 49 0 48 0 47 0 46 25 
5 49 0 48 0 47 0 46 25 
6 50 0 49 0 48 0 47 25 
5 49 0 48 0 47 0 46 25 
6 50 0 49 0 48 0 47 25 
6 49 0 48 0 47 0 46 25 
6 49 0 48 0 47 0 46 25 
5 50 0 49 0 48 0 47 25 
6 50 0 49 0 48 0 47 25 
6 50 0 49 0 48 0 47 25 
5 50 0 49 0 48 0 47 25 
7 51 0 50 0 49 0 48 25 
7 51 0 50 0 49 0 48 25 
5 50 0 49 0 48 0 47 25 
5 51 0 50 0 49 0 48 25 
5 51 0 50 0 49 0 48 25 
5 50 0 49 0 48 0 47 25 
5 50 0 49 0 48 0 47 25 
6 50 0 49 0 48 0 47 25 
5 50 0 49 0 48 0 47 25 
6 50 0 49 0 48 0 47 25 
6 50 0 49 0 48 0 47 25 
5 50 0 49 0 48 0 47 25 
5 50 0 49 0 48 0 47 25 
6 49 0 48 0 47 0 46 25 
5 50 0 49 0 48 0 47 25 
5 48 0 47 0 46 0 45 25 
5 50 0 49 0 48 0 47 25 
6 49 0 48 0 47 0 46 25 
6 49 0 48 0 47 0 46 25 
5 48 0 47 0 46 0 45 25 
6 50 0 49 0 48 0 47 25 
5 49 0 48 0 47 0 46 25 
5 48 0 47 0 46 0 45 25 
6 50 0 49 0 48 0 47 25 
5 50 0 49 0 48 0 47 25 
5 49 0 48 0 47 0 46 25 
6 50 0 49 0 48 0 47 25 
5 49 0 48 0 47 0 46 25 
6 50 0 49 0 48 0 47 25 
5 50 0 49 0 48 0 47 25 
5 50 0 49 0 48 0 47 25 
5 50 0 49 0 48 0 47 25 
5 50 0 49 0 48 0 47 25 
5 50 0 49 0 48 0 47 25 
5 50 0 49 0 48 0 47 25 
5 50 0 49 0 48 0 47 25 
5 50 0 49 0 48 0 47 25 
6 49 0 48 0 47 0 46 25 
5 50 0 49 0 48 0 47 25 
5 48 0 47 0 46 0 45 25 
5 50 0 49 0 48 0 47 25 
6 49 0 48 0 47 0 46 25 
6 51 0 50 0 49 0 48 25 
5 49 0 48 0 47 0 46 25 
6 50 0 49 0 48 0 47 25 
6 51 0 50 0 49 0 48 25 
6 50 0 49 0 48 0 47 25 
6 49 0 48 0 47 0 46 25 
6 50 0 49 0 48 0 47 25 
6 49 0 48 0 47 0 46 25 
6 49 0 48 0 47 0 46 25 
6 50 0 49 0 48 0 47 25 
6 49 0 48 0 47 0 46 25 
5 48 0 47 0 46 0 45 25 
5 48 0 47 0 46 0 45 25 
SCORES_TXT_END_0
SCORES_TXT_BEGIN_0 43 86 9 BLEU
11 23 2 22 0 21 0 20 23 
10 23 1 22 0 21 0 20 23 
11 22 3 21 0 20 0 19 23 
11 23 2 22 0 21 0 20 23 
10 23 1 22 0 21 0 20 23 
10 22 3 21 0 20 0 19 23 
12 23 5 22 2 21 1 20 23 
11 22 3 21 0 20 0 19 23 
12 23 5 22 2 21 1 20 23 
12 23 5 22 2 21 1 20 23 
10 22 3 21 0 20 0 19 23 
10 23 2 22 0 21 0 20 23 
12 23 5 22 2 21 1 20 23 
9 23 1 22 0 21 0 20 23 
12 23 5 22 2 21 1 20 23 
12 23 5 22 2 21 1 20 23 
11 23 2 22 0 21 0 20 23 
10 23 3 22 0 21 0 20 23 
10 23 2 22 0 21 0 20 23 
11 23 3 22 0 21 0 20 23 
10 23 1 22 0 21 0 20 23 
12 25 4 24 2 23 1 22 23 
12 23 5 22 2 21 1 20 23 
12 23 5 22 2 21 1 20 23 
10 22 3 21 0 20 0 19 23 
12 24 4 23 1 22 0 21 23 
11 22 3 21 0 20 0 19 23 
13 26 6 25 3 24 2 23 23 
12 23 3 22 1 21 0 20 23 
10 22 3 21 0 20 0 19 23 
11 22 2 21 0 20 0 19 23 
10 23 3 22 0 21 0 20 23 
11 25 3 24 1 23 0 22 23 
11 22 3 21 0 20 0 19 23 
12 23 2 22 0 21 0 20 23 
10 22 3 21 0 20 0 19 23 
12 23 5 22 2 21 1 20 23 
12 26 6 25 3 24 1 23 23 
12 24 5 23 2 22 1 21 23 
11 23 2 22 0 21 0 20 23 
11 23 3 22 0 21 0 20 23 
9 22 3 21 0 20 0 19 23 
10 23 1 22 0 21 0 20 23 
12 24 5 23 2 22 1 21 23 
12 23 5 22 2 21 1 20 23 
11 23 5 22 2 21 1 20 23 
11 23 5 22 2 21 1 20 23 
12 24 4 23 1 22 0 21 23 
12 24 5 23 2 22 1 21 23 
11 22 3 21 0 20 0 19 23 
10 23 2 22 0 21 0 20 23 
12 23 5 22 2 21 1 20 23 
11 23 5 22 2 21 1 20 23 
10 22 3 21 0 20 0 19 23 
12 22 4 21 2 20 1 19 23 
12 23 5 22 2 21 1 20 23 
12 23 5 22 2 21 1 20 23 
13 26 6 25 3 24 2 23 23 
12 25 4 24 2 23 1 22 23 
12 23 3 22 1 21 0 20 23 
10 22 3 21 0 20 0 19 23 
11 22 2 21 0 20 0 19 23 
10 23 3 22 0 21 0 20 23 
12 23 6 22 3 21 1 20 23 
12 26 3 25 1 24 0 23 23 
12 23 5 22 2 21 1 20 23 
10 23 2 22 0 21 0 20 23 
10 23 2 22 0 21 0 20 23 
11 25 3 24 1 23 0 22 23 
11 22 3 21 0 20 0 19 23 
12 23 5 22 2 21 1 20 23 
13 26 5 25 3 24 2 23 23 
12 26 6 25 3 24 1 23 23 
12 24 5 23 2 22 1 21 23 
12 23 5 22 2 21 1 20 23 
10 23 1 22 0 21 0 20 23 
12 24 5 23 2 22 1 21 23 
11 24 4 23 1 22 0 21 23 
11 22 4 21 1 20 0 19 23 
12 24 5 23 2 22 1 21 23 
11 24 4 23 1 22 0 21 23 
12 23 5 22 2 21 1 20 23 
12 23 5 22 2 21 1 20 23 
11 23 3 22 0 21 0 20 23 
13 23 4 22 2 21 1 20 23 
11 23 2 22 0 21 0 20 23 
SCORES_TXT_END_0
SCORES_TXT_BEGIN_0 44 100 9 BLEU
18 51 6 50 4 49 2 48 46 
18 50 6 49 4 48 2 47 46 
17 50 6 49 4 48 2 47 46 
19 52 7 51 4 50 2 49 46 
17 51 6 50 4 49 2 48 46 
19 51 7 50 4 49 2 48 46 
17 50 6 49 4 48 2 47 46 
17 50 6 49 4 48 2 47 46 
17 51 6 50 4 49 2 48 46 
18 51 7 50 4 49 2 48 46 
16 50 6 49 4 48 2 47 46 
18 51 6 50 4 49 2 48 46 
18 52 7 51 4 50 2 49 46 
17 50 6 49 4 48 2 47 46 
17 50 6 49 4 48 2 47 46 
17 50 5 49 3 48 2 47 46 
18 50 6 49 4 48 2 47 46 
18 51 7 50 4 49 2 48 46 
18 51 7 50 4 49 2 48 46 
17 49 6 48 4 47 2 46 46 
16 50 6 49 4 48 2 47 46 
18 51 6 50 4 49 2 48 46 
18 50 6 49 4 48 2 47 46 
16 50 6 49 4 48 2 47 46 
17 49 5 48 3 47 2 46 46 
18 51 6 50 4 49 2 48 46 
18 51 6 50 4 49 2 48 46 
17 50 6 49 4 48 2 47 46 
18 52 7 51 4 50 2 49 46 
18 51 6 50 4 49 2 48 46 
17 51 7 50 4 49 2 48 46 
19 52 7 51 4 50 2 49 46 
16 49 6 48 4 47 2 46 46 
17 51 6 50 4 49 2 48 46 
17 49 6 48 4 47 2 46 46 
18 50 6 49 4 48 2 47 46 
18 49 6 48 4 47 2 46 46 
16 49 5 48 3 47 2 46 46 
18 50 6 49 4 48 2 47 46 
18 51 7 50 4 49 2 48 46 
18 50 6 49 4 48 2 47 46 
18 51 7 50 4 49 2 48 46 
17 49 6 48 4 47 2 46 46 
18 51 6 50 3 49 2 48 46 
18 51 6 50 4 49 2 48 46 
18 51 6 50 4 49 2 48 46 
18 50 6 49 4 48 2 47 46 
18 51 6 50 4 49 2 48 46 
16 50 5 49 3 48 2 47 46 
16 50 6 49 4 48 2 47 46 
19 51 7 50 4 49 2 48 46 
17 50 6 49 4 48 2 47 46 
18 50 6 49 4 48 2 47 46 
17 48 6 47 4 46 2 45 46 
17 50 6 49 4 48 2 47 46 
17 50 6 49 4 48 2 47 46 
17 49 6 48 4 47 2 46 46 
17 50 6 49 4 48 2 47 46 
18 51 6 50 4 49 2 48 46 
17 50 6 49 4 48 2 47 46 
18 50 7 49 4 48 2 47 46 
17 50 6 49 4 48 2 47 46 
19 52 7 51 5 50 3 49 46 
17 51 7 50 4 49 2 48 46 
19 52 7 51 4 50 2 49 46 
16 49 6 48 4 47 2 46 46 
17 51 6 50 4 49 2 48 46 
19 51 7 50 4 49 2 48 46 
17 51 7 50 4 49 2 48 46 
18 50 6 49 3 48 2 47 46 
17 50 6 49 4 48 2 47 46 
18 50 6 49 4 48 2 47 46 
18 50 6 49 4 48 2 47 46 
18 50 6 49 4 48 2 47 46 
17 50 6 49 4 48 2 47 46 
16 49 5 48 3 47 2 46 46 
16 49 5 48 3 47 2 46 46 
19 52 7 51 4 50 2 49 46 
17 51 6 50 4 49 2 48 46 
18 51 7 50 4 49 2 48 46 
17 51 6 50 4 49 2 48 46 
17 51 6 50 4 49 2 48 46 
17 51 6 50 4 49 2 48 46 
18 49 6 48 4 47 2 46 46 
16 50 6 49 4 48 2 47 46 
16 48 6 47 4 46 2 45 46 
19 52 7 51 4 50 2 49 46 
17 49 6 48 4 47 2 46 46 
17 51 6 50 4 49 2 48 46 
18 50 6 49 4 48 2 47 46 
18 51 6 50 4 49 2 48 46 
17 50 7 49 4 48 2 47 46 
19 52 6 51 4 50 2 49 46 
19 51 7 50 5 49 3 48 46 
18 52 7 51 4 50 2 49 46 
18 50 7 49 4 48 2 47 46 
19 51 7 50 4 49 2 48 46 
16 49 6 48 4 47 2 46 46 
17 50 6 49 4 48 2 47 46 
18 50 6 49 4 48 2 47 46 
SCORES_TXT_END_0
SCORES_TXT_BEGIN_0 45 100 9 BLEU
8 42 2 41 1 40 0 39 13 
8 42 2 41 1 40 0 39 13 
8 41 2 40 1 39 0 38 13 
8 41 2 40 1 39 0 38 13 
8 42 2 41 1 40 0 39 13 
8 42 2 41 1 40 0 39 13 
8 42 2 41 1 40 0 39 13 
8 41 2 40 1 39 0 38 13 
8 42 2 41 1 40 0 39 13 
8 41 2 40 1 39 0 38 13 
8 42 2 41 1 40 0 39 13 
8 41 2 40 1 39 0 38 13 
8 42 2 41 1 40 0 39 13 
8 41 2 40 1 39 0 38 13 
7 42 2 41 1 40 0 39 13 
7 42 2 41 1 40 0 39 13 
7 41 2 40 1 39 0 38 13 
8 42 2 41 1 40 0 39 13 
7 41 2 40 1 39 0 38 13 
8 42 2 41 1 40 0 39 13 
8 42 2 41 1 40 0 39 13 
8 41 2 40 1 39 0 38 13 
5 39 0 38 0 37 0 36 13 
8 43 2 42 1 41 0 40 13 
8 42 2 41 1 40 0 39 13 
7 41 2 40 1 39 0 38 13 
8 41 2 40 1 39 0 38 13 
8 42 2 41 1 40 0 39 13 
6 39 0 38 0 37 0 36 13 
8 43 2 42 1 41 0 40 13 
7 41 1 40 0 39 0 38 13 
8 43 2 42 1 41 0 40 13 
8 42 2 41 1 40 0 39 13 
8 42 2 41 1 40 0 39 13 
7 42 2 41 1 40 0 39 13 
8 42 2 41 1 40 0 39 13 
7 40 2 39 1 38 0 37 13 
7 41 1 40 0 39 0 38 13 
8 43 2 42 1 41 0 40 13 
8 42 2 41 1 40 0 39 13 
8 42 2 41 1 40 0 39 13 
8 42 2 41 1 40 0 39 13 
7 42 2 41 1 40 0 39 13 
8 42 2 41 1 40 0 39 13 
7 42 0 41 0 40 0 39 13 
8 41 2 40 1 39 0 38 13 
8 42 2 41 1 40 0 39 13 
7 42 2 41 1 40 0 39 13 
7 41 2 40 1 39 0 38 13 
7 41 2 40 1 39 0 38 13 
5 40 0 39 0 38 0 37 13 
8 42 2 41 1 40 0 39 13 
5 40 0 39 0 38 0 37 13 
8 42 2 41 1 40 0 39 13 
8 42 2 41 1 40 0 39 13 
7 42 0 41 0 40 0 39 13 
8 41 2 40 1 39 0 38 13 
8 42 2 41 1 40 0 39 13 
8 42 2 41 1 40 0 39 13 
7 42 2 41 1 40 0 39 13 
8 41 2 40 1 39 0 38 13 
7 41 2 40 1 39 0 38 13 
7 42 2 41 1 40 0 39 13 
7 41 2 40 1 39 0 38 13 
6 40 0 39 0 38 0 37 13 
8 43 2 42 1 41 0 40 13 
6 40 0 39 0 38 0 37 13 
8 42 2 41 1 40 0 39 13 
8 41 2 40 1 39 0 38 13 
7 41 2 40 1 39 0 38 13 
7 43 2 42 1 41 0 40 13 
7 40 2 39 1 38 0 37 13 
8 42 2 41 1 40 0 39 13 
8 41 2 40 1 39 0 38 13 
8 42 2 41 1 40 0 39 13 
8 43 2 42 1 41 0 40 13 
8 41 2 40 1 39 0 38 13 
7 42 2 41 1 40 0 39 13 
5 39 0 38 0 37 0 36 13 
8 43 2 42 1 41 0 40 13 
8 41 2 40 1 39 0 38 13 
8 41 2 40 1 39 0 38 13 
8 43 2 42 1 41 0 40 13 
7 41 2 40 1 39 0 38 13 
7 43 2 42 1 41 0 40 13 
7 40 2 39 1 38 0 37 13 
7 41 2 40 1 39 0 38 13 
8 42 2 41 1 40 0 39 13 
8 42 2 41 1 40 0 39 13 
8 43 2 42 1 41 0 40 13 
8 41 2 40 1 39 0 38 13 
6 42 0 41 0 40 0 39 13 
7 42 2 41 1 40 0 39 13 
8 42 2 41 1 40 0 39 13 
6 39 0 38 0 37 0 36 13 
8 41 2 40 1 39 0 38 13 
8 43 2 42 1 41 0 40 13 
7 41 1 40 0 39 0 38 13 
8 41 2 40 1 39 0 38 13 
8 42 2 41 1 40 0 39 13 
SCORES_TXT_END_0
SCORES_TXT_BEGIN_0 46 100 9 BLEU
8 33 1 32 0 31 0 30 23 
8 33 1 32 0 31 0 30 23 
10 35 1 34 0 33 0 32 23 
9 34 1 33 0 32 0 31 23 
10 34 1 33 0 32 0 31 23 
9 34 1 33 0 32 0 31 23 
9 33 1 32 0 31 0 30 23 
9 33 1 32 0 31 0 30 23 
9 33 1 32 0 31 0 30 23 
9 33 1 32 0 31 0 30 23 
8 32 1 31 0 30 0 29 23 
7 32 0 31 0 30 0 29 23 
9 34 1 33 0 32 0 31 23 
8 32 1 31 0 30 0 29 23 
7 32 0 31 0 30 0 29 23 
9 34 1 33 0 32 0 31 23 
9 34 1 33 0 32 0 31 23 
10 35 1 34 0 33 0 32 23 
7 33 1 32 0 31 0 30 23 
8 33 1 32 0 31 0 30 23 
9 34 0 33 0 32 0 31 23 
8 33 0 32 0 31 0 30 23 
10 34 1 33 0 32 0 31 23 
8 33 1 32 0 31 0 30 23 
7 33 1 32 0 31 0 30 23 
8 33 1 32 0 31 0 30 23 
9 33 0 32 0 31 0 30 23 
8 33 0 32 0 31 0 30 23 
8 32 0 31 0 30 0 29 23 
8 32 0 31 0 30 0 29 23 
8 33 1 32 0 31 0 30 23 
9 34 1 33 0 32 0 31 23 
8 33 1 32 0 31 0 30 23 
8 32 1 31 0 30 0 29 23 
8 32 0 31 0 30 0 29 23 
8 33 1 32 0 31 0 30 23 
8 33 1 32 0 31 0 30 23 
8 32 0 31 0 30 0 29 23 
9 34 1 33 0 32 0 31 23 
8 33 1 32 0 31 0 30 23 
9 34 1 33 0 32 0 31 23 
8 32 1 31 0 30 0 29 23 
9 34 1 33 0 32 0 31 23 
9 35 1 34 0 33 0 32 23 
7 31 0 30 0 29 0 28 23 
9 34 1 33 0 32 0 31 23 
8 34 1 33 0 32 0 31 23 
9 34 1 33 0 32 0 31 23 
9 34 1 33 0 32 0 31 23 
8 33 0 32 0 31 0 30 23 
9 34 1 33 0 32 0 31 23 
8 33 1 32 0 31 0 30 23 
9 34 1 33 0 32 0 31 23 
8 33 1 32 0 31 0 30 23 
9 34 1 33 0 32 0 31 23 
9 34 1 33 0 32 0 31 23 
9 34 1 33 0 32 0 31 23 
10 35 1 34 0 33 0 32 23 
9 34 1 33 0 32 0 31 23 
7 31 0 30 0 29 0 28 23 
9 34 1 33 0 32 0 31 23 
9 34 1 33 0 32 0 31 23 
8 34 1 33 0 32 0 31 23 
9 34 1 33 0 32 0 31 23 
8 33 1 32 0 31 0 30 23 
10 36 1 35 0 34 0 33 23 
8 33 1 32 0 31 0 30 23 
9 35 1 34 0 33 0 32 23 
9 34 1 33 0 32 0 31 23 
8 33 0 32 0 31 0 30 23 
8 33 0 32 0 31 0 30 23 
9 34 1 33 0 32 0 31 23 
9 34 1 33 0 32 0 31 23 
10 35 1 34 0 33 0 32 23 
9 34 1 33 0 32 0 31 23 
9 34 1 33 0 32 0 31 23 
10 34 1 33 0 32 0 31 23 
9 34 1 33 0 32 0 31 23 
9 33 1 32 0 31 0 30 23 
8 33 1 32 0 31 0 30 23 
9 33 1 32 0 31 0 30 23 
8 33 1 32 0 31 0 30 23 
8 33 1 32 0 31 0 30 23 
8 33 1 32 0 31 0 30 23 
10 35 1 34 0 33 0 32 23 
9 35 1 34 0 33 0 32 23 
9 34 1 33 0 32 0 31 23 
10 35 1 34 0 33 0 32 23 
7 33 1 32 0 31 0 30 23 
9 34 0 33 0 32 0 31 23 
8 33 1 32 0 31 0 30 23 
8 33 1 32 0 31 0 30 23 
9 34 1 33 0 32 0 31 23 
8 32 1 31 0 30 0 29 23 
8 33 1 32 0 31 0 30 23 
10 34 1 33 0 32 0 31 23 
7 32 1 31 0 30 0 29 23 
9 34 1 33 0 32 0 31 23 
9 34 1 33 0 32 0 31 23 
6 32 0 31 0 30 0 29 23 
SCORES_TXT_END_0
SCORES_TXT_BEGIN_0 47 100 9 BLEU
11 59 0 58 0 57 0 56 30 
12 59 1 58 0 57 0 56 30 
11 58 0 57 0 56 0 55 30 
11 58 0 57 0 56 0 55 30 
12 58 1 57 0 56 0 55 30 
12 58 1 57 0 56 0 55 30 
11 59 0 58 0 57 0 56 30 
11 57 0 56 0 55 0 54 30 
12 61 1 60 0 59 0 58 30 
12 59 1 58 0 57 0 56 30 
11 58 0 57 0 56 0 55 30 
12 57 1 56 0 55 0 54 30 
11 58 0 57 0 56 0 55 30 
10 56 0 55 0 54 0 53 30 
11 58 0 57 0 56 0 55 30 
10 56 0 55 0 54 0 53 30 
11 57 0 56 0 55 0 54 30 
12 59 1 58 0 57 0 56 30 
12 60 1 59 0 58 0 57 30 
12 60 1 59 0 58 0 57 30 
12 60 1 59 0 58 0 57 30 
12 58 1 57 0 56 0 55 30 
11 58 0 57 0 56 0 55 30 
12 59 1 58 0 57 0 56 30 
12 58 1 57 0 56 0 55 30 
11 58 0 57 0 56 0 55 30 
11 56 1 55 0 54 0 53 30 
11 56 1 55 0 54 0 53 30 
12 57 1 56 0 55 0 54 30 
11 57 0 56 0 55 0 54 30 
12 60 0 59 0 58 0 57 30 
11 59 0 58 0 57 0 56 30 
11 57 0 56 0 55 0 54 30 
11 57 0 56 0 55 0 54 30 
10 56 0 55 0 54 0 53 30 
10 56 0 55 0 54 0 53 30 
11 57 0 56 0 55 0 54 30 
11 59 0 58 0 57 0 56 30 
12 60 1 59 0 58 0 57 30 
12 58 1 57 0 56 0 55 30 
12 58 1 57 0 56 0 55 30 
12 59 1 58 0 57 0 56 30 
12 59 1 58 0 57 0 56 30 
11 60 0 59 0 58 0 57 30 
12 58 1 57 0 56 0 55 30 
12 58 1 57 0 56 0 55 30 
12 58 1 57 0 56 0 55 30 
12 61 1 60 0 59 0 58 30 
10 57 0 56 0 55 0 54 30 
11 57 0 56 0 55 0 54 30 
12 58 1 57 0 56 0 55 30 
10 57 0 56 0 55 0 54 30 
12 57 0 56 0 55 0 54 30 
11 58 0 57 0 56 0 55 30 
13 60 1 59 0 58 0 57 30 
12 59 1 58 0 57 0 56 30 
12 59 1 58 0 57 0 56 30 
12 57 1 56 0 55 0 54 30 
11 56 1 55 0 54 0 53 30 
11 57 0 56 0 55 0 54 30 
12 59 0 58 0 57 0 56 30 
11 58 0 57 0 56 0 55 30 
12 58 2 57 0 56 0 55 30 
11 56 1 55 0 54 0 53 30 
12 57 1 56 0 55 0 54 30 
12 59 1 58 0 57 0 56 30 
12 59 0 58 0 57 0 56 30 
11 58 0 57 0 56 0 55 30 
10 56 0 55 0 54 0 53 30 
11 57 0 56 0 55 0 54 30 
12 58 2 57 0 56 0 55 30 
11 58 0 57 0 56 0 55 30 
11 58 0 57 0 56 0 55 30 
12 59 1 58 0 57 0 56 30 
10 56 0 55 0 54 0 53 30 
11 58 0 57 0 56 0 55 30 
12 59 1 58 0 57 0 56 30 
11 57 0 56 0 55 0 54 30 
12 60 1 59 0 58 0 57 30 
11 56 0 55 0 54 0 53 30 
11 57 0 56 0 55 0 54 30 
12 59 1 58 0 57 0 56 30 
11 59 0 58 0 57 0 56 30 
12 58 0 57 0 56 0 55 30 
12 60 1 59 0 58 0 57 30 
11 59 0 58 0 57 0 56 30 
12 57 1 56 0 55 0 54 30 
11 57 1 56 0 55 0 54 30 
12 57 1 56 0 55 0 54 30 
11 57 1 56 0 55 0 54 30 
13 57 1 56 0 55 0 54 30 
12 58 1 57 0 56 0 55 30 
12 60 1 59 0 58 0 57 30 
12 58 1 57 0 56 0 55 30 
10 56 0 55 0 54 0 53 30 
11 59 0 58 0 57 0 56 30 
12 60 1 59 0 58 0 57 30 
10 56 0 55 0 54 0 53 30 
11 56 0 55 0 54 0 53 30 
11 58 0 57 0 56 0 55 30 
SCORES_TXT_END_0
SCORES_TXT_BEGIN_0 48 100 9 BLEU
6 21 1 20 0 19 0 18 22 
7 21 2 20 0 19 0 18 22 
6 21 0 20 0 19 0 18 22 
7 21 1 20 0 19 0 18 22 
5 21 0 20 0 19 0 18 22 
6 21 1 20 0 19 0 18 22 
6 21 1 20 0 19 0 18 22 
7 21 2 20 0 19 0 18 22 
6 22 1 21 0 20 0 19 22 
7 22 2 21 0 20 0 19 22 
5 21 0 20 0 19 0 18 22 
6 21 1 20 0 19 0 18 22 
6 21 1 20 0 19 0 18 22 
7 21 2 20 0 19 0 18 22 
6 21 0 20 0 19 0 18 22 
7 21 1 20 0 19 0 18 22 
6 21 1 20 0 19 0 18 22 
5 21 0 20 0 19 0 18 22 
7 21 2 20 0 19 0 18 22 
6 21 1 20 0 19 0 18 22 
6 21 1 20 0 19 0 18 22 
7 21 2 20 0 19 0 18 22 
6 21 0 20 0 19 0 18 22 
7 21 1 20 0 19 0 18 22 
5 21 0 20 0 19 0 18 22 
6 21 1 20 0 19 0 18 22 
6 21 1 20 0 19 0 18 22 
7 21 2 20 0 19 0 18 22 
6 22 0 21 0 20 0 19 22 
6 21 1 20 0 19 0 18 22 
7 22 1 21 0 20 0 19 22 
7 21 2 20 0 19 0 18 22 
6 22 1 21 0 20 0 19 22 
7 22 2 21 0 20 0 19 22 
5 21 0 20 0 19 0 18 22 
6 21 1 20 0 19 0 18 22 
6 22 1 21 0 20 0 19 22 
7 22 2 21 0 20 0 19 22 
5 21 0 20 0 19 0 18 22 
7 21 1 20 0 19 0 18 22 
6 21 1 20 0 19 0 18 22 
6 21 1 20 0 19 0 18 22 
6 21 1 20 0 19 0 18 22 
7 21 2 20 0 19 0 18 22 
7 21 2 20 0 19 0 18 22 
7 21 0 20 0 19 0 18 22 
6 21 0 20 0 19 0 18 22 
6 21 0 20 0 19 0 18 22 
7 21 1 20 0 19 0 18 22 
5 21 1 20 0 19 0 18 22 
7 21 1 20 0 19 0 18 22 
6 21 0 20 0 19 0 18 22 
5 21 0 20 0 19 0 18 22 
7 21 1 20 0 19 0 18 22 
6 22 1 21 0 20 0 19 22 
5 21 0 20 0 19 0 18 22 
7 21 1 20 0 19 0 18 22 
6 21 1 20 0 19 0 18 22 
6 21 1 20 0 19 0 18 22 
6 21 1 20 0 19 0 18 22 
6 21 1 20 0 19 0 18 22 
5 21 1 20 0 19 0 18 22 
7 22 2 21 0 20 0 19 22 
6 21 1 20 0 19 0 18 22 
7 21 2 20 0 19 0 18 22 
7 21 2 20 0 19 0 18 22 
7 21 2 20 0 19 0 18 22 
6 22 0 21 0 20 0 19 22 
6 21 1 20 0 19 0 18 22 
7 22 1 21 0 20 0 19 22 
7 21 2 20 0 19 0 18 22 
5 21 0 20 0 19 0 18 22 
7 21 0 20 0 19 0 18 22 
6 21 0 20 0 19 0 18 22 
6 21 0 20 0 19 0 18 22 
5 21 1 20 0 19 0 18 22 
5 21 1 20 0 19 0 18 22 
5 21 1 20 0 19 0 18 22 
7 21 1 20 0 19 0 18 22 
6 21 2 20 1 19 0 18 22 
6 21 2 20 1 19 0 18 22 
6 21 2 20 0 19 0 18 22 
6 21 0 20 0 19 0 18 22 
5 21 0 20 0 19 0 18 22 
6 21 1 20 0 19 0 18 22 
6 21 1 20 0 19 0 18 22 
7 21 1 20 0 19 0 18 22 
6 22 0 21 0 20 0 19 22 
5 21 1 20 0 19 0 18 22 
6 21 1 20 0 19 0 18 22 
6 21 1 20 0 19 0 18 22 
5 21 1 20 0 19 0 18 22 
6 21 1 20 0 19 0 18 22 
7 22 1 21 0 20 0 19 22 
7 21 2 20 0 19 0 18 22 
7 21 2 20 0 19 0 18 22 
5 21 0 20 0 19 0 18 22 
6 21 1 20 0 19 0 18 22 
6 21 2 20 1 19 0 18 22 
6 21 2 20 1 19 0 18 22 
SCORES_TXT_END_0
SCORES_TXT_BEGIN_0 49 100 9 BLEU
10 37 2 36 1 35 0 34 43 
9 38 2 37 1 36 0 35 43 
11 34 3 33 1 32 0 31 43 
11 34 3 33 1 32 0 31 43 
11 34 3 33 1 32 0 31 43 
10 36 2 35 1 34 0 33 43 
9 37 2 36 1 35 0 34 43 
9 37 2 36 1 35 0 34 43 
11 33 3 32 1 31 0 30 43 
11 36 2 35 1 34 0 33 43 
11 33 3 32 1 31 0 30 43 
10 37 2 36 1 35 0 34 43 
10 34 3 33 1 32 0 31 43 
11 36 2 35 1 34 0 33 43 
11 33 3 32 1 31 0 30 43 
11 35 5 34 2 33 0 32 43 
10 34 3 33 1 32 0 31 43 
10 37 2 36 1 35 0 34 43 
11 35 3 34 1 33 0 32 43 
10 34 3 33 1 32 0 31 43 
10 38 4 37 2 36 0 35 43 
12 33 3 32 1 31 0 30 43 
11 34 3 33 1 32 0 31 43 
12 33 3 32 1 31 0 30 43 
12 33 3 32 1 31 0 30 43 
10 36 2 35 1 34 0 33 43 
12 35 5 34 2 33 0 32 43 
9 36 2 35 1 34 0 33 43 
12 33 3 32 1 31 0 30 43 
12 33 3 32 1 31 0 30 43 
10 36 2 35 1 34 0 33 43 
9 38 2 37 1 36 0 35 43 
11 36 2 35 1 34 0 33 43 
10 37 2 36 1 35 0 34 43 
11 35 5 34 2 33 0 32 43 
12 33 3 32 1 31 0 30 43 
10 36 2 35 1 34 0 33 43 
12 35 5 34 2 33 0 32 43 
11 35 5 34 2 33 0 32 43 
10 37 3 36 1 35 0 34 43 
10 38 2 37 1 36 0 35 43 
11 35 4 34 1 33 0 32 43 
9 38 2 37 1 36 0 35 43 
10 33 3 32 1 31 0 30 43 
9 38 2 37 1 36 0 35 43 
11 35 3 34 1 33 0 32 43 
10 36 2 35 1 34 0 33 43 
10 35 3 34 1 33 0 32 43 
12 33 3 32 1 31 0 30 43 
11 34 5 33 2 32 0 31 43 
10 37 2 36 1 35 0 34 43 
10 33 3 32 1 31 0 30 43 
9 38 2 37 1 36 0 35 43 
11 34 3 33 1 32 0 31 43 
10 37 2 36 1 35 0 34 43 
10 35 3 34 1 33 0 32 43 
9 38 2 37 1 36 0 35 43 
12 33 3 32 1 31 0 30 43 
10 36 2 35 1 34 0 33 43 
10 33 3 32 1 31 0 30 43 
11 34 4 33 1 32 0 31 43 
10 35 3 34 1 33 0 32 43 
11 35 3 34 1 33 0 32 43 
10 37 4 36 2 35 0 34 43 
11 37 3 36 1 35 0 34 43 
11 33 3 32 1 31 0 30 43 
10 35 3 34 1 33 0 32 43 
12 33 3 32 1 31 0 30 43 
11 35 5 34 2 33 0 32 43 
11 34 4 33 1 32 0 31 43 
11 35 3 34 1 33 0 32 43 
10 35 3 34 1 33 0 32 43 
10 35 2 34 1 33 0 32 43 
11 33 3 32 1 31 0 30 43 
10 34 3 33 1 32 0 31 43 
11 34 3 33 1 32 0 31 43 
10 36 2 35 1 34 0 33 43 
10 36 2 35 1 34 0 33 43 
12 34 5 33 2 32 0 31 43 
10 35 3 34 1 33 0 32 43 
10 35 3 34 1 33 0 32 43 
11 34 3 33 1 32 0 31 43 
11 34 4 33 1 32 0 31 43 
9 37 2 36 1 35 0 34 43 
11 35 3 34 1 33 0 32 43 
10 37 2 36 1 35 0 34 43 
11 37 3 36 1 35 0 34 43 
9 37 2 36 1 35 0 34 43 
12 34 5 33 2 32 0 31 43 
9 37 2 36 1 35 0 34 43 
10 35 2 34 1 33 0 32 43 
11 33 3 32 1 31 0 30 43 
12 34 3 33 1 32 0 31 43 
9 37 2 36 1 35 0 34 43 
11 34 3 33 1 32 0 31 43 
9 37 2 36 1 35 0 34 43 
10 35 3 34 1 33 0 32 43 
11 33 3 32 1 31 0 30 43 
9 36 2 35 1 34 0 33 43 
11 34 3 33 1 32 0 31 43 
SCORES_TXT_END_0
SCORES_TXT_BEGIN_0 50 100 9 BLEU
10 53 1 52 0 51 0 50 23 
10 54 2 53 0 52 0 51 23 
10 53 1 52 0 51 0 50 23 
10 53 1 52 0 51 0 50 23 
10 52 1 51 0 50 0 49 23 
10 53 1 52 0 51 0 50 23 
10 53 1 52 0 51 0 50 23 
10 54 2 53 0 52 0 51 23 
10 54 2 53 0 52 0 51 23 
10 53 2 52 0 51 0 50 23 
10 54 2 53 0 52 0 51 23 
10 52 1 51 0 50 0 49 23 
10 52 1 51 0 50 0 49 23 
10 53 1 52 0 51 0 50 23 
10 53 1 52 0 51 0 50 23 
10 53 1 52 0 51 0 50 23 
11 54 2 53 0 52 0 51 23 
10 52 1 51 0 50 0 49 23 
10 54 2 53 0 52 0 51 23 
10 54 1 53 0 52 0 51 23 
10 53 1 52 0 51 0 50 23 
10 52 1 51 0 50 0 49 23 
10 53 2 52 0 51 0 50 23 
10 53 2 52 0 51 0 50 23 
10 52 1 51 0 50 0 49 23 
10 52 1 51 0 50 0 49 23 
10 53 1 52 0 51 0 50 23 
10 54 2 53 0 52 0 51 23 
10 54 2 53 0 52 0 51 23 
10 54 2 53 0 52 0 51 23 
10 52 1 51 0 50 0 49 23 
10 53 2 52 0 51 0 50 23 
10 53 1 52 0 51 0 50 23 
10 55 2 54 0 53 0 52 23 
10 53 1 52 0 51 0 50 23 
10 53 1 52 0 51 0 50 23 
10 54 2 53 0 52 0 51 23 
11 54 2 53 0 52 0 51 23 
11 54 2 53 0 52 0 51 23 
10 52 1 51 0 50 0 49 23 
10 52 1 51 0 50 0 49 23 
10 52 1 51 0 50 0 49 23 
10 53 1 52 0 51 0 50 23 
11 53 2 52 0 51 0 50 23 
10 53 1 52 0 51 0 50 23 
10 53 1 52 0 51 0 50 23 
10 54 1 53 0 52 0 51 23 
10 54 1 53 0 52 0 51 23 
11 54 2 53 0 52 0 51 23 
10 53 2 52 0 51 0 50 23 
10 53 1 52 0 51 0 50 23 
10 52 1 51 0 50 0 49 23 
10 53 1 52 0 51 0 50 23 
10 53 2 52 0 51 0 50 23 
10 53 2 52 0 51 0 50 23 
10 54 2 53 0 52 0 51 23 
10 54 1 53 0 52 0 51 23 
10 53 1 52 0 51 0 50 23 
10 53 2 52 0 51 0 50 23 
10 54 2 53 0 52 0 51 23 
10 52 1 51 0 50 0 49 23 
10 52 1 51 0 50 0 49 23 
10 51 1 50 0 49 0 48 23 
10 53 1 52 0 51 0 50 23 
10 54 2 53 0 52 0 51 23 
10 54 2 53 0 52 0 51 23 
11 54 2 53 0 52 0 51 23 
10 52 1 51 0 50 0 49 23 
10 52 1 51 0 50 0 49 23 
10 52 1 51 0 50 0 49 23 
10 53 2 52 0 51 0 50 23 
10 53 2 52 0 51 0 50 23 
10 53 2 52 0 51 0 50 23 
10 54 2 53 0 52 0 51 23 
10 52 1 51 0 50 0 49 23 
10 52 1 51 0 50 0 49 23 
10 52 1 51 0 50 0 49 23 
10 54 2 53 0 52 0 51 23 
10 54 2 53 0 52 0 51 23 
10 54 1 53 0 52 0 51 23 
10 55 2 54 0 53 0 52 23 
10 55 2 54 0 53 0 52 23 
10 52 1 51 0 50 0 49 23 
10 53 1 52 0 51 0 50 23 
10 53 1 52 0 51 0 50 23 
10 53 1 52 0 51 0 50 23 
10 54 2 53 0 52 0 51 23 
10 52 1 51 0 50 0 49 23 
10 52 1 51 0 50 0 49 23 
10 53 2 52 0 51 0 50 23 
10 53 1 52 0 51 0 50 23 
10 53 1 52 0 51 0 50 23 
11 53 2 52 0 51 0 50 23 
10 54 2 53 0 52 0 51 23 
11 53 2 52 0 51 0 50 23 
10 52 1 51 0 50 0 49 23 
10 55 2 54 0 53 0 52 23 
10 53 1 52 0 51 0 50 23 
10 53 1 52 0 51 0 50 23 
10 54 2 53 0 52 0 51 23 
SCORES_TXT_END_0
SCORES_TXT_BEGIN_0 51 100 9 BLEU
5 24 2 23 1 22 0 21 12 
5 24 2 23 1 22 0 21 12 
5 25 2 24 1 23 0 22 12 
5 24 2 23 1 22 0 21 12 
5 24 2 23 1 22 0 21 12 
5 26 2 25 1 24 0 23 12 
5 25 2 24 1 23 0 22 12 
5 26 2 25 1 24 0 23 12 
5 24 2 23 1 22 0 21 12 
5 25 2 24 1 23 0 22 12 
5 24 2 23 1 22 0 21 12 
5 24 2 23 1 22 0 21 12 
5 24 2 23 1 22 0 21 12 
5 25 2 24 1 23 0 22 12 
5 25 2 24 1 23 0 22 12 
5 24 2 23 1 22 0 21 12 
5 25 2 24 1 23 0 22 12 
5 24 2 23 1 22 0 21 12 
5 24 2 23 1 22 0 21 12 
5 25 2 24 1 23 0 22 12 
5 24 2 23 1 22 0 21 12 
5 25 2 24 1 23 0 22 12 
5 26 2 25 1 24 0 23 12 
5 27 2 26 1 25 0 24 12 
5 26 2 25 1 24 0 23 12 
5 26 2 25 1 24 0 23 12 
5 25 3 24 2 23 1 22 12 
5 24 2 23 1 22 0 21 12 
5 26 2 25 1 24 0 23 12 
5 25 2 24 1 23 0 22 12 
5 25 2 24 1 23 0 22 12 
5 27 2 26 1 25 0 24 12 
5 26 2 25 1 24 0 23 12 
5 26 2 25 1 24 0 23 12 
5 25 2 24 1 23 0 22 12 
5 26 2 25 1 24 0 23 12 
5 24 2 23 1 22 0 21 12 
5 24 2 23 1 22 0 21 12 
5 25 2 24 1 23 0 22 12 
5 25 2 24 1 23 0 22 12 
5 26 2 25 1 24 0 23 12 
5 25 2 24 1 23 0 22 12 
5 27 2 26 1 25 0 24 12 
5 25 2 24 1 23 0 22 12 
5 24 2 23 1 22 0 21 12 
5 25 2 24 1 23 0 22 12 
5 26 2 25 1 24 0 23 12 
5 24 2 23 1 22 0 21 12 
5 24 2 23 1 22 0 21 12 
5 24 2 23 1 22 0 21 12 
5 25 2 24 1 23 0 22 12 
5 24 2 23 1 22 0 21 12 
5 26 2 25 1 24 0 23 12 
5 25 2 24 1 23 0 22 12 
5 27 2 26 1 25 0 24 12 
5 26 2 25 1 24 0 23 12 
5 25 2 24 1 23 0 22 12 
5 27 2 26 1 25 0 24 12 
5 24 2 23 1 22 0 21 12 
5 24 2 23 1 22 0 21 12 
5 25 3 24 2 23 1 22 12 
5 26 2 25 1 24 0 23 12 
5 25 2 24 1 23 0 22 12 
5 25 2 24 1 23 0 22 12 
5 25 2 24 1 23 0 22 12 
5 24 2 23 1 22 0 21 12 
5 26 2 25 1 24 0 23 12 
5 24 2 23 1 22 0 21 12 
5 27 2 26 1 25 0 24 12 
5 24 2 23 1 22 0 21 12 
5 24 2 23 1 22 0 21 12 
5 26 2 25 1 24 0 23 12 
5 26 2 25 1 24 0 23 12 
5 25 2 24 1 23 0 22 12 
5 27 2 26 1 25 0 24 12 
5 25 2 24 1 23 0 22 12 
5 26 2 25 1 24 0 23 12 
5 25 2 24 1 23 0 22 12 
5 25 2 24 1 23 0 22 12 
5 26 2 25 1 24 0 23 12 
5 24 2 23 1 22 0 21 12 
5 27 2 26 1 25 0 24 12 
5 24 2 23 1 22 0 21 12 
5 24 2 23 1 22 0 21 12 
5 28 2 27 1 26 0 25 12 
5 26 2 25 1 24 0 23 12 
5 25 2 24 1 23 0 22 12 
5 23 2 22 1 21 0 20 12 
5 24 2 23 1 22 0 21 12 
5 26 2 25 1 24 0 23 12 
5 26 3 25 2 24 1 23 12 
5 25 2 24 1 23 0 22 12 
5 27 2 26 1 25 0 24 12 
5 26 2 25 1 24 0 23 12 
5 26 2 25 1 24 0 23 12 
5 23 2 22 1 21 0 20 12 
5 25 3 24 2 23 1 22 12 
5 23 2 22 1 21 0 20 12 
5 25 2 24 1 23 0 22 12 
5 27 2 26 1 25 0 24 12 
SCORES_TXT_END_0
SCORES_TXT_BEGIN_0 52 100 9 BLEU
8 28 1 27 0 26 0 25 25 
8 28 1 27 0 26 0 25 25 
10 29 2 28 0 27 0 26 25 
10 28 2 27 0 26 0 25 25 
10 29 2 28 0 27 0 26 25 
8 28 1 27 0 26 0 25 25 
10 28 2 27 0 26 0 25 25 
9 28 1 27 0 26 0 25 25 
10 29 2 28 0 27 0 26 25 
8 28 1 27 0 26 0 25 25 
10 30 2 29 0 28 0 27 25 
8 28 1 27 0 26 0 25 25 
10 29 2 28 0 27 0 26 25 
9 28 1 27 0 26 0 25 25 
8 28 1 27 0 26 0 25 25 
9 27 1 26 0 25 0 24 25 
8 27 1 26 0 25 0 24 25 
10 29 2 28 0 27 0 26 25 
8 27 0 26 0 25 0 24 25 
10 29 2 28 0 27 0 26 25 
8 28 1 27 0 26 0 25 25 
10 29 2 28 0 27 0 26 25 
10 30 2 29 0 28 0 27 25 
10 28 2 27 0 26 0 25 25 
10 28 2 27 0 26 0 25 25 
8 28 1 27 0 26 0 25 25 
10 29 2 28 0 27 0 26 25 
9 28 1 27 0 26 0 25 25 
8 28 1 27 0 26 0 25 25 
9 27 1 26 0 25 0 24 25 
11 29 2 28 0 27 0 26 25 
9 27 0 26 0 25 0 24 25 
8 27 1 26 0 25 0 24 25 
9 28 1 27 0 26 0 25 25 
8 27 1 26 0 25 0 24 25 
8 27 0 26 0 25 0 24 25 
11 28 2 27 0 26 0 25 25 
9 27 1 26 0 25 0 24 25 
8 28 1 27 0 26 0 25 25 
10 29 2 28 0 27 0 26 25 
10 30 2 29 0 28 0 27 25 
8 28 1 27 0 26 0 25 25 
9 28 1 27 0 26 0 25 25 
10 29 2 28 0 27 0 26 25 
10 30 2 29 0 28 0 27 25 
10 28 2 27 0 26 0 25 25 
9 27 1 26 0 25 0 24 25 
9 28 1 27 0 26 0 25 25 
10 28 2 27 0 26 0 25 25 
10 29 2 28 0 27 0 26 25 
10 29 2 28 0 27 0 26 25 
10 28 2 27 0 26 0 25 25 
9 28 1 27 0 26 0 25 25 
8 27 1 26 0 25 0 24 25 
9 28 1 27 0 26 0 25 25 
8 27 0 26 0 25 0 24 25 
10 29 2 28 0 27 0 26 25 
10 28 1 27 0 26 0 25 25 
9 28 0 27 0 26 0 25 25 
8 29 1 28 0 27 0 26 25 
9 27 1 26 0 25 0 24 25 
8 28 1 27 0 26 0 25 25 
10 29 2 28 0 27 0 26 25 
10 30 2 29 0 28 0 27 25 
8 27 0 26 0 25 0 24 25 
9 28 1 27 0 26 0 25 25 
10 27 1 26 0 25 0 24 25 
9 29 1 28 0 27 0 26 25 
8 29 1 28 0 27 0 26 25 
10 30 2 29 0 28 0 27 25 
10 30 2 29 0 28 0 27 25 
9 27 1 26 0 25 0 24 25 
9 28 1 27 0 26 0 25 25 
10 30 2 29 0 28 0 27 25 
9 28 1 27 0 26 0 25 25 
10 31 2 30 0 29 0 28 25 
10 29 2 28 0 27 0 26 25 
10 29 2 28 0 27 0 26 25 
10 29 2 28 0 27 0 26 25 
9 28 1 27 0 26 0 25 25 
8 28 1 27 0 26 0 25 25 
8 29 1 28 0 27 0 26 25 
10 30 2 29 0 28 0 27 25 
10 28 2 27 0 26 0 25 25 
11 29 2 28 0 27 0 26 25 
9 28 1 27 0 26 0 25 25 
11 29 2 28 0 27 0 26 25 
11 28 1 27 0 26 0 25 25 
9 27 1 26 0 25 0 24 25 
8 28 1 27 0 26 0 25 25 
11 28 2 27 0 26 0 25 25 
8 27 1 26 0 25 0 24 25 
10 29 2 28 0 27 0 26 25 
9 28 1 27 0 26 0 25 25 
10 28 1 27 0 26 0 25 25 
9 28 1 27 0 26 0 25 25 
11 27 1 26 0 25 0 24 25 
8 29 1 28 0 27 0 26 25 
8 27 0 26 0 25 0 24 25 
10 29 2 28 0 27 0 26 25 
SCORES_TXT_END_0
SCORES_TXT_BEGIN_0 53 100 9 BLEU
4 29 0 28 0 27 0 26 14 
4 29 0 28 0 27 0 26 14 
4 28 0 27 0 26 0 25 14 
4 31 0 30 0 29 0 28 14 
4 29 0 28 0 27 0 26 14 
4 30 0 29 0 28 0 27 14 
4 28 0 27 0 26 0 25 14 
5 31 1 30 0 29 0 28 14 
4 28 0 27 0 26 0 25 14 
6 27 1 26 0 25 0 24 14 
4 30 0 29 0 28 0 27 14 
4 29 0 28 0 27 0 26 14 
4 28 0 27 0 26 0 25 14 
4 29 0 28 0 27 0 26 14 
5 31 1 30 0 29 0 28 14 
4 28 0 27 0 26 0 25 14 
6 27 1 26 0 25 0 24 14 
4 30 0 29 0 28 0 27 14 
6 27 1 26 0 25 0 24 14 
4 28 0 27 0 26 0 25 14 
4 29 0 28 0 27 0 26 14 
4 29 0 28 0 27 0 26 14 
4 27 0 26 0 25 0 24 14 
6 26 1 25 0 24 0 23 14 
4 31 0 30 0 29 0 28 14 
4 29 0 28 0 27 0 26 14 
6 29 1 28 0 27 0 26 14 
4 30 0 29 0 28 0 27 14 
4 32 0 31 0 30 0 29 14 
4 27 0 26 0 25 0 24 14 
4 28 0 27 0 26 0 25 14 
4 29 0 28 0 27 0 26 14 
4 28 0 27 0 26 0 25 14 
6 27 1 26 0 25 0 24 14 
4 31 0 30 0 29 0 28 14 
6 27 1 26 0 25 0 24 14 
6 27 1 26 0 25 0 24 14 
4 29 0 28 0 27 0 26 14 
6 28 1 27 0 26 0 25 14 
4 31 0 30 0 29 0 28 14 
4 31 0 30 0 29 0 28 14 
4 27 0 26 0 25 0 24 14 
4 31 0 30 0 29 0 28 14 
4 30 0 29 0 28 0 27 14 
4 28 0 27 0 26 0 25 14 
6 26 1 25 0 24 0 23 14 
4 29 0 28 0 27 0 26 14 
6 27 1 26 0 25 0 24 14 
4 29 0 28 0 27 0 26 14 
4 29 0 28 0 27 0 26 14 
4 29 0 28 0 27 0 26 14 
7 29 2 28 0 27 0 26 14 
4 31 0 30 0 29 0 28 14 
4 30 0 29 0 28 0 27 14 
4 29 0 28 0 27 0 26 14 
4 32 0 31 0 30 0 29 14 
6 26 1 25 0 24 0 23 14 
6 26 1 25 0 24 0 23 14 
5 31 1 30 0 29 0 28 14 
6 28 2 27 0 26 0 25 14 
4 27 0 26 0 25 0 24 14 
4 28 0 27 0 26 0 25 14 
6 28 1 27 0 26 0 25 14 
4 30 0 29 0 28 0 27 14 
6 29 1 28 0 27 0 26 14 
4 30 0 29 0 28 0 27 14 
4 29 0 28 0 27 0 26 14 
4 28 0 27 0 26 0 25 14 
4 29 0 28 0 27 0 26 14 
6 27 1 26 0 25 0 24 14 
5 31 1 30 0 29 0 28 14 
4 30 0 29 0 28 0 27 14 
4 31 0 30 0 29 0 28 14 
6 26 1 25 0 24 0 23 14 
4 28 0 27 0 26 0 25 14 
4 31 0 30 0 29 0 28 14 
4 30 0 29 0 28 0 27 14 
4 31 0 30 0 29 0 28 14 
4 30 0 29 0 28 0 27 14 
6 27 1 26 0 25 0 24 14 
6 27 1 26 0 25 0 24 14 
6 27 1 26 0 25 0 24 14 
4 28 0 27 0 26 0 25 14 
5 29 0 28 0 27 0 26 14 
4 31 0 30 0 29 0 28 14 
4 28 0 27 0 26 0 25 14 
6 28 1 27 0 26 0 25 14 
4 29 0 28 0 27 0 26 14 
4 31 0 30 0 29 0 28 14 
6 27 1 26 0 25 0 24 14 
4 29 0 28 0 27 0 26 14 
4 29 0 28 0 27 0 26 14 
4 29 0 28 0 27 0 26 14 
4 29 0 28 0 27 0 26 14 
4 31 0 30 0 29 0 28 14 
7 29 2 28 0 27 0 26 14 
5 32 1 31 0 30 0 29 14 
4 30 0 29 0 28 0 27 14 
4 30 0 29 0 28 0 27 14 
4 27 0 26 0 25 0 24 14 
SCORES_TXT_END_0
SCORES_TXT_BEGIN_0 54 100 9 BLEU
7 28 1 27 0 26 0 25 26 
6 27 1 26 0 25 0 24 26 
7 28 1 27 0 26 0 25 26 
8 29 2 28 0 27 0 26 26 
7 28 2 27 0 26 0 25 26 
8 29 2 28 0 27 0 26 26 
6 28 1 27 0 26 0 25 26 
6 29 1 28 0 27 0 26 26 
5 27 1 26 0 25 0 24 26 
5 28 1 27 0 26 0 25 26 
6 28 1 27 0 26 0 25 26 
8 27 0 26 0 25 0 24 26 
7 29 1 28 0 27 0 26 26 
6 29 1 28 0 27 0 26 26 
6 27 1 26 0 25 0 24 26 
6 28 1 27 0 26 0 25 26 
7 29 2 28 0 27 0 26 26 
7 30 2 29 0 28 0 27 26 
7 26 0 25 0 24 0 23 26 
6 28 1 27 0 26 0 25 26 
7 26 1 25 0 24 0 23 26 
8 27 0 26 0 25 0 24 26 
5 26 1 25 0 24 0 23 26 
7 29 1 28 0 27 0 26 26 
6 30 1 29 0 28 0 27 26 
5 27 1 26 0 25 0 24 26 
6 28 2 27 0 26 0 25 26 
6 27 1 26 0 25 0 24 26 
6 29 2 28 0 27 0 26 26 
6 25 1 24 0 23 0 22 26 
7 27 1 26 0 25 0 24 26 
6 28 1 27 0 26 0 25 26 
7 29 2 28 0 27 0 26 26 
6 26 1 25 0 24 0 23 26 
7 30 2 29 0 28 0 27 26 
6 27 1 26 0 25 0 24 26 
6 25 1 24 0 23 0 22 26 
7 28 2 27 0 26 0 25 26 
6 27 1 26 0 25 0 24 26 
5 29 1 28 0 27 0 26 26 
6 26 1 25 0 24 0 23 26 
7 29 2 28 0 27 0 26 26 
6 28 1 27 0 26 0 25 26 
7 28 1 27 0 26 0 25 26 
6 30 1 29 0 28 0 27 26 
7 32 1 31 0 30 0 29 26 
6 29 1 28 0 27 0 26 26 
8 27 2 26 0 25 0 24 26 
6 28 1 27 0 26 0 25 26 
6 27 2 26 0 25 0 24 26 
7 26 1 25 0 24 0 23 26 
5 26 1 25 0 24 0 23 26 
6 29 1 28 0 27 0 26 26 
6 28 2 27 0 26 0 25 26 
5 27 1 26 0 25 0 24 26 
7 28 2 27 0 26 0 25 26 
6 29 1 28 0 27 0 26 26 
6 27 1 26 0 25 0 24 26 
7 27 0 26 0 25 0 24 26 
6 29 1 28 0 27 0 26 26 
7 26 2 25 0 24 0 23 26 
6 25 1 24 0 23 0 22 26 
8 28 2 27 0 26 0 25 26 
7 29 2 28 0 27 0 26 26 
6 28 1 27 0 26 0 25 26 
7 28 0 27 0 26 0 25 26 
6 30 1 29 0 28 0 27 26 
7 27 2 26 0 25 0 24 26 
6 31 1 30 0 29 0 28 26 
6 26 1 25 0 24 0 23 26 
7 28 2 27 0 26 0 25 26 
5 28 1 27 0 26 0 25 26 
5 27 1 26 0 25 0 24 26 
6 27 1 26 0 25 0 24 26 
6 27 1 26 0 25 0 24 26 
7 26 2 25 0 24 0 23 26 
7 32 1 31 0 30 0 29 26 
6 25 1 24 0 23 0 22 26 
7 27 1 26 0 25 0 24 26 
7 28 2 27 0 26 0 25 26 
5 28 1 27 0 26 0 25 26 
7 27 2 26 0 25 0 24 26 
6 29 1 28 0 27 0 26 26 
6 26 1 25 0 24 0 23 26 
6 27 1 26 0 25 0 24 26 
7 29 2 28 0 27 0 26 26 
6 26 1 25 0 24 0 23 26 
6 28 1 27 0 26 0 25 26 
7 26 1 25 0 24 0 23 26 
6 27 1 26 0 25 0 24 26 
5 28 1 27 0 26 0 25 26 
6 26 0 25 0 24 0 23 26 
8 29 2 28 0 27 0 26 26 
5 28 1 27 0 26 0 25 26 
6 27 1 26 0 25 0 24 26 
6 29 1 28 0 27 0 26 26 
7 31 1 30 0 29 0 28 26 
6 27 0 26 0 25 0 24 26 
5 29 1 28 0 27 0 26 26 
6 26 1 25 0 24 0 23 26 
SCORES_TXT_END_0
SCORES_TXT_BEGIN_0 55 100 9 BLEU
7 34 2 33 0 32 0 31 19 
7 32 2 31 0 30 0 29 19 
6 33 2 32 0 31 0 30 19 
7 33 2 32 0 31 0 30 19 
6 34 1 33 0 32 0 31 19 
6 33 2 32 0 31 0 30 19 
7 32 2 31 0 30 0 29 19 
6 32 1 31 0 30 0 29 19 
7 32 2 31 0 30 0 29 19 
5 33 1 32 0 31 0 30 19 
6 31 2 30 0 29 0 28 19 
7 33 2 32 0 31 0 30 19 
6 34 1 33 0 32 0 31 19 
7 31 2 30 0 29 0 28 19 
6 33 1 32 0 31 0 30 19 
7 31 2 30 0 29 0 28 19 
7 31 2 30 0 29 0 28 19 
7 33 2 32 0 31 0 30 19 
5 33 1 32 0 31 0 30 19 
6 32 1 31 0 30 0 29 19 
6 32 1 31 0 30 0 29 19 
6 34 1 33 0 32 0 31 19 
6 32 2 31 0 30 0 29 19 
6 32 1 31 0 30 0 29 19 
6 33 2 32 0 31 0 30 19 
7 33 2 32 0 31 0 30 19 
6 32 1 31 0 30 0 29 19 
5 33 1 32 0 31 0 30 19 
7 35 2 34 0 33 0 32 19 
6 34 1 33 0 32 0 31 19 
7 32 2 31 0 30 0 29 19 
6 32 2 31 0 30 0 29 19 
6 34 1 33 0 32 0 31 19 
7 33 2 32 0 31 0 30 19 
6 32 1 31 0 30 0 29 19 
5 31 1 30 0 29 0 28 19 
6 34 2 33 0 32 0 31 19 
5 33 1 32 0 31 0 30 19 
6 34 1 33 0 32 0 31 19 
7 35 2 34 0 33 0 32 19 
6 32 1 31 0 30 0 29 19 
6 32 1 31 0 30 0 29 19 
7 33 2 32 0 31 0 30 19 
6 34 2 33 0 32 0 31 19 
6 34 2 33 0 32 0 31 19 
5 33 1 32 0 31 0 30 19 
7 32 2 31 0 30 0 29 19 
7 33 2 32 0 31 0 30 19 
7 33 2 32 0 31 0 30 19 
6 33 1 32 0 31 0 30 19 
5 33 1 32 0 31 0 30 19 
6 32 2 31 0 30 0 29 19 
6 33 1 32 0 31 0 30 19 
5 33 1 32 0 31 0 30 19 
8 32 2 31 0 30 0 29 19 
7 31 2 30 0 29 0 28 19 
6 34 2 33 0 32 0 31 19 
7 30 0 29 0 28 0 27 19 
5 33 1 32 0 31 0 30 19 
7 34 0 33 0 32 0 31 19 
6 32 1 31 0 30 0 29 19 
6 31 1 30 0 29 0 28 19 
7 31 2 30 0 29 0 28 19 
7 32 2 31 0 30 0 29 19 
6 34 2 33 0 32 0 31 19 
7 32 2 31 0 30 0 29 19 
6 31 1 30 0 29 0 28 19 
7 34 2 33 0 32 0 31 19 
6 33 1 32 0 31 0 30 19 
6 31 1 30 0 29 0 28 19 
6 33 1 32 0 31 0 30 19 
6 32 1 31 0 30 0 29 19 
6 34 1 33 0 32 0 31 19 
7 35 2 34 0 33 0 32 19 
7 32 0 31 0 30 0 29 19 
6 34 2 33 0 32 0 31 19 
5 33 1 32 0 31 0 30 19 
6 33 2 32 0 31 0 30 19 
7 34 2 33 0 32 0 31 19 
7 35 2 34 0 33 0 32 19 
6 32 1 31 0 30 0 29 19 
6 33 2 32 0 31 0 30 19 
8 33 2 32 0 31 0 30 19 
7 32 2 31 0 30 0 29 19 
5 32 1 31 0 30 0 29 19 
7 34 2 33 0 32 0 31 19 
5 33 1 32 0 31 0 30 19 
7 31 2 30 0 29 0 28 19 
6 30 2 29 0 28 0 27 19 
6 32 1 31 0 30 0 29 19 
7 34 2 33 0 32 0 31 19 
6 33 1 32 0 31 0 30 19 
7 33 2 32 0 31 0 30 19 
6 33 1 32 0 31 0 30 19 
7 33 2 32 0 31 0 30 19 
6 32 1 31 0 30 0 29 19 
7 33 2 32 0 31 0 30 19 
7 30 2 29 0 28 0 27 19 
6 33 0 32 0 31 0 30 19 
6 34 2 33 0 32 0 31 19 
SCORES_TXT_END_0
SCORES_TXT_BEGIN_0 56 100 9 BLEU
7 28 1 27 0 26 0 25 21 
8 28 0 27 0 26 0 25 21 
7 27 1 26 0 25 0 24 21 
8 27 0 26 0 25 0 24 21 
8 28 2 27 0 26 0 25 21 
8 28 1 27 0 26 0 25 21 
8 27 1 26 0 25 0 24 21 
8 27 1 26 0 25 0 24 21 
7 29 1 28 0 27 0 26 21 
8 27 2 26 0 25 0 24 21 
8 27 1 26 0 25 0 24 21 
8 29 0 28 0 27 0 26 21 
7 26 1 25 0 24 0 23 21 
7 26 1 25 0 24 0 23 21 
8 27 2 26 0 25 0 24 21 
8 27 2 26 0 25 0 24 21 
8 28 1 27 0 26 0 25 21 
7 28 1 27 0 26 0 25 21 
8 29 2 28 0 27 0 26 21 
8 28 1 27 0 26 0 25 21 
7 27 1 26 0 25 0 24 21 
7 28 0 27 0 26 0 25 21 
8 26 2 25 0 24 0 23 21 
8 29 1 28 0 27 0 26 21 
8 26 2 25 0 24 0 23 21 
8 29 0 28 0 27 0 26 21 
7 28 1 27 0 26 0 25 21 
8 28 0 27 0 26 0 25 21 
8 27 1 26 0 25 0 24 21 
8 28 2 27 0 26 0 25 21 
8 28 2 27 0 26 0 25 21 
7 27 1 26 0 25 0 24 21 
8 27 0 26 0 25 0 24 21 
8 29 1 28 0 27 0 26 21 
8 29 2 28 0 27 0 26 21 
8 29 1 28 0 27 0 26 21 
8 27 1 26 0 25 0 24 21 
6 26 1 25 0 24 0 23 21 
8 28 1 27 0 26 0 25 21 
8 28 2 27 0 26 0 25 21 
8 27 2 26 0 25 0 24 21 
7 29 1 28 0 27 0 26 21 
7 28 0 27 0 26 0 25 21 
8 27 2 26 0 25 0 24 21 
7 27 1 26 0 25 0 24 21 
8 27 0 26 0 25 0 24 21 
8 29 1 28 0 27 0 26 21 
7 28 1 27 0 26 0 25 21 
8 27 2 26 0 25 0 24 21 
8 27 1 26 0 25 0 24 21 
8 27 1 26 0 25 0 24 21 
8 27 2 26 0 25 0 24 21 
8 28 1 27 0 26 0 25 21 
7 28 1 27 0 26 0 25 21 
8 26 2 25 0 24 0 23 21 
8 27 1 26 0 25 0 24 21 
8 27 1 26 0 25 0 24 21 
8 29 2 28 0 27 0 26 21 
8 28 0 27 0 26 0 25 21 
6 28 1 27 0 26 0 25 21 
7 26 1 25 0 24 0 23 21 
8 28 1 27 0 26 0 25 21 
7 29 1 28 0 27 0 26 21 
8 28 1 27 0 26 0 25 21 
8 28 0 27 0 26 0 25 21 
8 28 2 27 0 26 0 25 21 
8 29 2 28 0 27 0 26 21 
7 28 1 27 0 26 0 25 21 
8 28 1 27 0 26 0 25 21 
8 28 0 27 0 26 0 25 21 
7 26 1 25 0 24 0 23 21 
8 28 1 27 0 26 0 25 21 
8 28 2 27 0 26 0 25 21 
8 27 2 26 0 25 0 24 21 
9 27 1 26 0 25 0 24 21 
7 28 1 27 0 26 0 25 21 
8 29 0 28 0 27 0 26 21 
7 28 1 27 0 26 0 25 21 
7 27 1 26 0 25 0 24 21 
8 28 2 27 0 26 0 25 21 
8 30 2 29 0 28 0 27 21 
7 28 1 27 0 26 0 25 21 
7 28 1 27 0 26 0 25 21 
8 28 2 27 0 26 0 25 21 
6 27 1 26 0 25 0 24 21 
8 26 1 25 0 24 0 23 21 
7 26 1 25 0 24 0 23 21 
8 28 2 27 0 26 0 25 21 
7 28 0 27 0 26 0 25 21 
8 27 0 26 0 25 0 24 21 
7 30 1 29 0 28 0 27 21 
8 26 1 25 0 24 0 23 21 
8 28 2 27 0 26 0 25 21 
8 28 1 27 0 26 0 25 21 
8 30 1 29 0 28 0 27 21 
8 27 2 26 0 25 0 24 21 
8 26 2 25 0 24 0 23 21 
8 27 1 26 0 25 0 24 21 
8 28 1 27 0 26 0 25 21 
8 27 0 26 0 25 0 24 21 
SCORES_TXT_END_0
SCORES_TXT_BEGIN_0 57 99 9 BLEU
8 43 1 42 0 41 0 40 24 
8 44 1 43 0 42 0 41 24 
8 44 1 43 0 42 0 41 24 
9 43 1 42 0 41 0 40 24 
10 44 1 43 0 42 0 41 24 
8 43 1 42 0 41 0 40 24 
8 45 1 44 0 43 0 42 24 
9 44 1 43 0 42 0 41 24 
10 45 1 44 0 43 0 42 24 
8 44 1 43 0 42 0 41 24 
8 43 1 42 0 41 0 40 24 
9 43 1 42 0 41 0 40 24 
9 44 1 43 0 42 0 41 24 
10 45 1 44 0 43 0 42 24 
8 44 1 43 0 42 0 41 24 
10 44 1 43 0 42 0 41 24 
9 43 1 42 0 41 0 40 24 
8 44 1 43 0 42 0 41 24 
9 44 1 43 0 42 0 41 24 
9 45 1 44 0 43 0 42 24 
10 46 1 45 0 44 0 43 24 
8 45 1 44 0 43 0 42 24 
10 45 1 44 0 43 0 42 24 
8 44 1 43 0 42 0 41 24 
9 44 1 43 0 42 0 41 24 
9 44 1 43 0 42 0 41 24 
10 44 1 43 0 42 0 41 24 
10 44 1 43 0 42 0 41 24 
10 45 1 44 0 43 0 42 24 
8 43 1 42 0 41 0 40 24 
8 43 1 42 0 41 0 40 24 
9 43 1 42 0 41 0 40 24 
9 44 1 43 0 42 0 41 24 
8 45 1 44 0 43 0 42 24 
9 45 1 44 0 43 0 42 24 
9 44 1 43 0 42 0 41 24 
10 45 1 44 0 43 0 42 24 
9 42 2 41 0 40 0 39 24 
8 44 1 43 0 42 0 41 24 
10 45 1 44 0 43 0 42 24 
10 45 1 44 0 43 0 42 24 
10 46 1 45 0 44 0 43 24 
8 43 1 42 0 41 0 40 24 
8 44 1 43 0 42 0 41 24 
8 44 1 43 0 42 0 41 24 
9 44 1 43 0 42 0 41 24 
9 45 1 44 0 43 0 42 24 
9 44 1 43 0 42 0 41 24 
9 45 1 44 0 43 0 42 24 
8 43 1 42 0 41 0 40 24 
10 46 1 45 0 44 0 43 24 
9 43 2 42 0 41 0 40 24 
8 45 1 44 0 43 0 42 24 
10 45 1 44 0 43 0 42 24 
10 45 1 44 0 43 0 42 24 
8 44 1 43 0 42 0 41 24 
8 44 1 43 0 42 0 41 24 
9 44 1 43 0 42 0 41 24 
8 43 1 42 0 41 0 40 24 
9 43 1 42 0 41 0 40 24 
9 45 1 44 0 43 0 42 24 
9 45 1 44 0 43 0 42 24 
10 44 1 43 0 42 0 41 24 
8 44 1 43 0 42 0 41 24 
10 46 1 45 0 44 0 43 24 
9 43 2 42 0 41 0 40 24 
8 45 1 44 0 43 0 42 24 
10 46 1 45 0 44 0 43 24 
8 43 1 42 0 41 0 40 24 
10 45 1 44 0 43 0 42 24 
9 42 2 41 0 40 0 39 24 
10 46 1 45 0 44 0 43 24 
8 44 1 43 0 42 0 41 24 
8 45 1 44 0 43 0 42 24 
10 45 1 44 0 43 0 42 24 
9 45 1 44 0 43 0 42 24 
10 45 1 44 0 43 0 42 24 
9 43 1 42 0 41 0 40 24 
9 44 1 43 0 42 0 41 24 
8 44 1 43 0 42 0 41 24 
9 45 1 44 0 43 0 42 24 
9 44 1 43 0 42 0 41 24 
8 44 1 43 0 42 0 41 24 
9 43 2 42 0 41 0 40 24 
10 44 1 43 0 42 0 41 24 
9 46 1 45 0 44 0 43 24 
10 44 1 43 0 42 0 41 24 
10 45 1 44 0 43 0 42 24 
10 47 1 46 0 45 0 44 24 
9 44 1 43 0 42 0 41 24 
9 44 2 43 0 42 0 41 24 
8 46 1 45 0 44 0 43 24 
8 43 1 42 0 41 0 40 24 
9 43 1 42 0 41 0 40 24 
8 44 1 43 0 42 0 41 24 
10 45 1 44 0 43 0 42 24 
8 44 1 43 0 42 0 41 24 
8 43 1 42 0 41 0 40 24 
10 46 1 45 0 44 0 43 24 
SCORES_TXT_END_0
SCORES_TXT_BEGIN_0 58 100 9 BLEU
11 56 4 55 1 54 0 53 23 
11 57 4 56 1 55 0 54 23 
11 54 3 53 1 52 0 51 23 
11 56 4 55 1 54 0 53 23 
11 56 4 55 1 54 0 53 23 
11 55 4 54 1 53 0 52 23 
10 57 3 56 1 55 0 54 23 
11 56 4 55 1 54 0 53 23 
11 57 4 56 1 55 0 54 23 
11 57 4 56 1 55 0 54 23 
11 58 4 57 1 56 0 55 23 
11 54 3 53 1 52 0 51 23 
11 55 3 54 1 53 0 52 23 
11 56 4 55 1 54 0 53 23 
11 56 4 55 1 54 0 53 23 
11 57 4 56 1 55 0 54 23 
11 57 4 56 1 55 0 54 23 
11 54 3 53 1 52 0 51 23 
11 56 4 55 1 54 0 53 23 
11 56 4 55 1 54 0 53 23 
11 57 4 56 1 55 0 54 23 
11 55 4 54 1 53 0 52 23 
11 56 4 55 1 54 0 53 23 
11 56 4 55 1 54 0 53 23 
11 55 4 54 1 53 0 52 23 
11 56 4 55 1 54 0 53 23 
10 57 3 56 1 55 0 54 23 
10 58 3 57 1 56 0 55 23 
10 56 3 55 1 54 0 53 23 
11 56 4 55 1 54 0 53 23 
10 57 3 56 1 55 0 54 23 
11 57 4 56 1 55 0 54 23 
11 57 4 56 1 55 0 54 23 
10 57 3 56 1 55 0 54 23 
11 58 4 57 1 56 0 55 23 
11 54 3 53 1 52 0 51 23 
11 55 4 54 1 53 0 52 23 
11 56 4 55 1 54 0 53 23 
10 56 3 55 1 54 0 53 23 
11 55 3 54 1 53 0 52 23 
11 56 4 55 1 54 0 53 23 
11 56 4 55 1 54 0 53 23 
11 57 4 56 1 55 0 54 23 
11 55 3 54 1 53 0 52 23 
11 57 4 56 1 55 0 54 23 
11 53 3 52 1 51 0 50 23 
11 57 4 56 1 55 0 54 23 
11 54 3 53 1 52 0 51 23 
11 58 4 57 1 56 0 55 23 
11 55 4 54 1 53 0 52 23 
11 56 4 55 1 54 0 53 23 
10 56 3 55 1 54 0 53 23 
11 57 4 56 1 55 0 54 23 
11 56 4 55 1 54 0 53 23 
11 56 4 55 1 54 0 53 23 
11 58 4 57 1 56 0 55 23 
11 55 3 54 1 53 0 52 23 
11 56 4 55 1 54 0 53 23 
10 55 3 54 1 53 0 52 23 
11 57 4 56 1 55 0 54 23 
11 55 4 54 1 53 0 52 23 
11 57 4 56 1 55 0 54 23 
11 57 4 56 1 55 0 54 23 
11 58 4 57 1 56 0 55 23 
11 57 4 56 1 55 0 54 23 
11 56 4 55 1 54 0 53 23 
11 55 3 54 1 53 0 52 23 
11 57 4 56 1 55 0 54 23 
11 55 4 54 1 53 0 52 23 
11 56 4 55 1 54 0 53 23 
11 57 4 56 1 55 0 54 23 
11 56 4 55 1 54 0 53 23 
11 55 4 54 1 53 0 52 23 
11 54 3 53 1 52 0 51 23 
11 55 3 54 1 53 0 52 23 
11 56 4 55 1 54 0 53 23 
11 54 4 53 1 52 0 51 23 
11 56 4 55 1 54 0 53 23 
11 55 4 54 1 53 0 52 23 
11 57 4 56 1 55 0 54 23 
11 54 3 53 1 52 0 51 23 
11 57 4 56 1 55 0 54 23 
11 56 4 55 1 54 0 53 23 
11 53 3 52 1 51 0 50 23 
11 55 3 54 1 53 0 52 23 
11 56 4 55 1 54 0 53 23 
11 57 4 56 1 55 0 54 23 
11 55 4 54 1 53 0 52 23 
10 57 3 56 1 55 0 54 23 
11 56 6 55 3 54 2 53 23 
11 56 4 55 1 54 0 53 23 
11 56 4 55 1 54 0 53 23 
11 57 4 56 1 55 0 54 23 
11 57 6 56 3 55 2 54 23 
11 55 4 54 1 53 0 52 23 
11 56 4 55 1 54 0 53 23 
10 58 3 57 1 56 0 55 23 
11 56 4 55 1 54 0 53 23 
10 56 3 55 1 54 0 53 23 
11 54 5 53 3 52 2 51 23 
SCORES_TXT_END_0
SCORES_TXT_BEGIN_0 59 100 9 BLEU
11 35 2 34 0 33 0 32 27 
12 36 2 35 0 34 0 33 27 
12 36 2 35 0 34 0 33 27 
11 36 2 35 0 34 0 33 27 
11 37 2 36 0 35 0 34 27 
12 36 2 35 0 34 0 33 27 
9 32 1 31 0 30 0 29 27 
8 32 2 31 0 30 0 29 27 
10 34 2 33 0 32 0 31 27 
9 33 2 32 0 31 0 30 27 
10 36 1 35 0 34 0 33 27 
8 32 2 31 0 30 0 29 27 
8 33 2 32 0 31 0 30 27 
9 33 1 32 0 31 0 30 27 
12 35 2 34 0 33 0 32 27 
10 35 1 34 0 33 0 32 27 
11 35 2 34 0 33 0 32 27 
10 34 2 33 0 32 0 31 27 
12 37 2 36 0 35 0 34 27 
12 37 2 36 0 35 0 34 27 
10 33 2 32 0 31 0 30 27 
11 35 2 34 0 33 0 32 27 
12 37 2 36 0 35 0 34 27 
11 36 2 35 0 34 0 33 27 
11 34 2 33 0 32 0 31 27 
10 33 1 32 0 31 0 30 27 
9 33 2 32 0 31 0 30 27 
12 35 2 34 0 33 0 32 27 
11 35 2 34 0 33 0 32 27 
10 34 2 33 0 32 0 31 27 
11 38 2 37 0 36 0 35 27 
10 33 2 32 0 31 0 30 27 
12 37 2 36 0 35 0 34 27 
12 36 2 35 0 34 0 33 27 
12 35 2 34 0 33 0 32 27 
11 38 2 37 0 36 0 35 27 
10 33 1 32 0 31 0 30 27 
12 37 2 36 0 35 0 34 27 
11 35 2 34 0 33 0 32 27 
9 33 1 32 0 31 0 30 27 
7 31 2 30 0 29 0 28 27 
11 35 2 34 0 33 0 32 27 
11 37 1 36 0 35 0 34 27 
8 33 2 32 0 31 0 30 27 
10 34 2 33 0 32 0 31 27 
10 35 2 34 0 33 0 32 27 
11 35 2 34 0 33 0 32 27 
9 33 2 32 0 31 0 30 27 
9 34 2 33 0 32 0 31 27 
9 34 2 33 0 32 0 31 27 
10 34 2 33 0 32 0 31 27 
9 33 2 32 0 31 0 30 27 
8 32 2 31 0 30 0 29 27 
9 34 1 33 0 32 0 31 27 
10 33 1 32 0 31 0 30 27 
11 37 1 36 0 35 0 34 27 
8 34 2 33 0 32 0 31 27 
8 33 2 32 0 31 0 30 27 
10 36 2 35 0 34 0 33 27 
11 35 2 34 0 33 0 32 27 
9 35 2 34 0 33 0 32 27 
7 31 2 30 0 29 0 28 27 
7 32 2 31 0 30 0 29 27 
10 34 2 33 0 32 0 31 27 
8 33 2 32 0 31 0 30 27 
8 34 2 33 0 32 0 31 27 
10 34 1 33 0 32 0 31 27 
12 37 2 36 0 35 0 34 27 
11 36 1 35 0 34 0 33 27 
9 33 2 32 0 31 0 30 27 
10 38 1 37 0 36 0 35 27 
9 34 2 33 0 32 0 31 27 
12 36 2 35 0 34 0 33 27 
8 32 2 31 0 30 0 29 27 
12 36 2 35 0 34 0 33 27 
11 37 1 36 0 35 0 34 27 
8 33 2 32 0 31 0 30 27 
12 37 3 36 0 35 0 34 27 
8 34 2 33 0 32 0 31 27 
8 35 2 34 0 33 0 32 27 
8 33 2 32 0 31 0 30 27 
10 34 1 33 0 32 0 31 27 
9 34 2 33 0 32 0 31 27 
12 36 2 35 0 34 0 33 27 
8 33 2 32 0 31 0 30 27 
11 35 2 34 0 33 0 32 27 
11 36 1 35 0 34 0 33 27 
9 34 1 33 0 32 0 31 27 
11 35 2 34 0 33 0 32 27 
12 36 2 35 0 34 0 33 27 
12 36 2 35 0 34 0 33 27 
9 34 2 33 0 32 0 31 27 
11 36 2 35 0 34 0 33 27 
7 31 1 30 0 29 0 28 27 
11 35 2 34 0 33 0 32 27 
10 36 1 35 0 34 0 33 27 
10 33 2 32 0 31 0 30 27 
11 35 2 34 0 33 0 32 27 
9 32 2 31 0 30 0 29 27 
9 35 1 34 0 33 0 32 27 
SCORES_TXT_END_0
SCORES_TXT_BEGIN_0 60 100 9 BLEU
4 36 1 35 0 34 0 33 13 
4 36 1 35 0 34 0 33 13 
4 35 1 34 0 33 0 32 13 
4 36 1 35 0 34 0 33 13 
4 35 1 34 0 33 0 32 13 
4 36 1 35 0 34 0 33 13 
4 35 1 34 0 33 0 32 13 
4 36 1 35 0 34 0 33 13 
4 35 1 34 0 33 0 32 13 
4 35 1 34 0 33 0 32 13 
4 35 1 34 0 33 0 32 13 
4 36 1 35 0 34 0 33 13 
4 36 1 35 0 34 0 33 13 
4 34 1 33 0 32 0 31 13 
4 35 1 34 0 33 0 32 13 
4 36 1 35 0 34 0 33 13 
4 36 1 35 0 34 0 33 13 
4 34 1 33 0 32 0 31 13 
4 35 1 34 0 33 0 32 13 
4 35 1 34 0 33 0 32 13 
4 33 1 32 0 31 0 30 13 
4 35 1 34 0 33 0 32 13 
4 36 1 35 0 34 0 33 13 
4 35 1 34 0 33 0 32 13 
4 36 1 35 0 34 0 33 13 
4 36 1 35 0 34 0 33 13 
4 35 1 34 0 33 0 32 13 
4 35 1 34 0 33 0 32 13 
4 33 1 32 0 31 0 30 13 
4 35 1 34 0 33 0 32 13 
4 36 1 35 0 34 0 33 13 
4 36 1 35 0 34 0 33 13 
4 35 1 34 0 33 0 32 13 
4 34 1 33 0 32 0 31 13 
4 36 1 35 0 34 0 33 13 
4 34 1 33 0 32 0 31 13 
4 35 1 34 0 33 0 32 13 
4 35 1 34 0 33 0 32 13 
4 35 1 34 0 33 0 32 13 
4 36 1 35 0 34 0 33 13 
4 34 1 33 0 32 0 31 13 
4 35 1 34 0 33 0 32 13 
4 34 1 33 0 32 0 31 13 
4 36 1 35 0 34 0 33 13 
4 34 1 33 0 32 0 31 13 
4 35 1 34 0 33 0 32 13 
4 35 1 34 0 33 0 32 13 
4 35 1 34 0 33 0 32 13 
4 36 1 35 0 34 0 33 13 
4 35 1 34 0 33 0 32 13 
4 37 1 36 0 35 0 34 13 
4 36 1 35 0 34 0 33 13 
4 36 1 35 0 34 0 33 13 
4 33 1 32 0 31 0 30 13 
4 35 1 34 0 33 0 32 13 
4 35 1 34 0 33 0 32 13 
4 35 1 34 0 33 0 32 13 
4 33 1 32 0 31 0 30 13 
4 35 1 34 0 33 0 32 13 
4 35 1 34 0 33 0 32 13 
4 36 1 35 0 34 0 33 13 
4 35 1 34 0 33 0 32 13 
4 33 1 32 0 31 0 30 13 
4 37 1 36 0 35 0 34 13 
4 36 1 35 0 34 0 33 13 
4 34 1 33 0 32 0 31 13 
4 34 1 33 0 32 0 31 13 
4 36 1 35 0 34 0 33 13 
4 35 1 34 0 33 0 32 13 
4 33 1 32 0 31 0 30 13 
4 35 1 34 0 33 0 32 13 
4 34 1 33 0 32 0 31 13 
4 36 1 35 0 34 0 33 13 
4 35 1 34 0 33 0 32 13 
4 35 1 34 0 33 0 32 13 
4 36 1 35 0 34 0 33 13 
4 36 1 35 0 34 0 33 13 
4 35 1 34 0 33 0 32 13 
4 35 1 34 0 33 0 32 13 
4 34 1 33 0 32 0 31 13 
4 33 1 32 0 31 0 30 13 
4 34 1 33 0 32 0 31 13 
4 36 1 35 0 34 0 33 13 
4 34 1 33 0 32 0 31 13 
4 34 1 33 0 32 0 31 13 
4 34 1 33 0 32 0 31 13 
4 35 1 34 0 33 0 32 13 
4 36 1 35 0 34 0 33 13 
4 35 1 34 0 33 0 32 13 
4 34 1 33 0 32 0 31 13 
4 34 1 33 0 32 0 31 13 
4 35 1 34 0 33 0 32 13 
4 35 1 34 0 33 0 32 13 
4 35 1 34 0 33 0 32 13 
4 36 1 35 0 34 0 33 13 
4 33 1 32 0 31 0 30 13 
4 35 1 34 0 33 0 32 13 
4 35 1 34 0 33 0 32 13 
4 35 1 34 0 33 0 32 13 
4 37 1 36 0 35 0 34 13 
SCORES_TXT_END_0
SCORES_TXT_BEGIN_0 61 100 9 BLEU
4 57 0 56 0 55 0 54 11 
4 57 0 56 0 55 0 54 11 
4 56 0 55 0 54 0 53 11 
4 56 0 55 0 54 0 53 11 
4 57 0 56 0 55 0 54 11 
4 56 0 55 0 54 0 53 11 
5 57 0 56 0 55 0 54 11 
4 57 0 56 0 55 0 54 11 
4 57 0 56 0 55 0 54 11 
5 57 0 56 0 55 0 54 11 
4 57 0 56 0 55 0 54 11 
4 57 0 56 0 55 0 54 11 
4 57 0 56 0 55 0 54 11 
4 57 0 56 0 55 0 54 11 
4 56 0 55 0 54 0 53 11 
4 59 0 58 0 57 0 56 11 
4 58 0 57 0 56 0 55 11 
4 57 0 56 0 55 0 54 11 
4 57 0 56 0 55 0 54 11 
4 58 0 57 0 56 0 55 11 
4 56 0 55 0 54 0 53 11 
4 56 0 55 0 54 0 53 11 
4 56 0 55 0 54 0 53 11 
4 56 0 55 0 54 0 53 11 
4 59 0 58 0 57 0 56 11 
4 57 0 56 0 55 0 54 11 
4 56 0 55 0 54 0 53 11 
4 55 0 54 0 53 0 52 11 
4 57 0 56 0 55 0 54 11 
4 56 0 55 0 54 0 53 11 
4 58 0 57 0 56 0 55 11 
4 57 0 56 0 55 0 54 11 
4 57 0 56 0 55 0 54 11 
5 57 0 56 0 55 0 54 11 
4 57 0 56 0 55 0 54 11 
4 57 0 56 0 55 0 54 11 
4 56 0 55 0 54 0 53 11 
4 55 0 54 0 53 0 52 11 
5 56 0 55 0 54 0 53 11 
4 56 0 55 0 54 0 53 11 
4 58 0 57 0 56 0 55 11 
4 56 0 55 0 54 0 53 11 
5 57 0 56 0 55 0 54 11 
4 58 0 57 0 56 0 55 11 
4 60 0 59 0 58 0 57 11 
4 57 0 56 0 55 0 54 11 
4 56 0 55 0 54 0 53 11 
4 57 0 56 0 55 0 54 11 
5 56 0 55 0 54 0 53 11 
5 56 0 55 0 54 0 53 11 
4 56 0 55 0 54 0 53 11 
4 56 0 55 0 54 0 53 11 
4 57 0 56 0 55 0 54 11 
4 56 0 55 0 54 0 53 11 
5 57 0 56 0 55 0 54 11 
4 57 0 56 0 55 0 54 11 
4 56 0 55 0 54 0 53 11 
5 56 0 55 0 54 0 53 11 
4 58 0 57 0 56 0 55 11 
4 56 0 55 0 54 0 53 11 
4 59 0 58 0 57 0 56 11 
4 56 0 55 0 54 0 53 11 
4 57 0 56 0 55 0 54 11 
5 56 0 55 0 54 0 53 11 
4 57 0 56 0 55 0 54 11 
4 56 0 55 0 54 0 53 11 
4 56 0 55 0 54 0 53 11 
4 56 0 55 0 54 0 53 11 
4 57 0 56 0 55 0 54 11 
4 56 0 55 0 54 0 53 11 
4 58 0 57 0 56 0 55 11 
4 58 0 57 0 56 0 55 11 
4 56 0 55 0 54 0 53 11 
4 56 0 55 0 54 0 53 11 
4 59 0 58 0 57 0 56 11 
4 56 0 55 0 54 0 53 11 
4 56 0 55 0 54 0 53 11 
5 57 0 56 0 55 0 54 11 
4 58 0 57 0 56 0 55 11 
4 58 0 57 0 56 0 55 11 
4 59 0 58 0 57 0 56 11 
4 56 0 55 0 54 0 53 11 
4 57 0 56 0 55 0 54 11 
4 58 0 57 0 56 0 55 11 
5 56 0 55 0 54 0 53 11 
4 57 0 56 0 55 0 54 11 
4 56 0 55 0 54 0 53 11 
4 57 0 56 0 55 0 54 11 
4 57 0 56 0 55 0 54 11 
4 57 0 56 0 55 0 54 11 
4 57 0 56 0 55 0 54 11 
5 57 0 56 0 55 0 54 11 
4 56 0 55 0 54 0 53 11 
5 57 0 56 0 55 0 54 11 
4 57 0 56 0 55 0 54 11 
4 55 0 54 0 53 0 52 11 
4 55 0 54 0 53 0 52 11 
4 57 0 56 0 55 0 54 11 
4 55 0 54 0 53 0 52 11 
4 56 0 55 0 54 0 53 11 
SCORES_TXT_END_0
SCORES_TXT_BEGIN_0 62 100 9 BLEU
14 32 8 31 6 30 4 29 23 
14 32 8 31 6 30 4 29 23 
13 32 7 31 5 30 4 29 23 
13 32 7 31 5 30 4 29 23 
14 31 8 30 6 29 4 28 23 
14 33 9 32 6 31 4 30 23 
14 33 9 32 6 31 4 30 23 
13 31 7 30 5 29 4 28 23 
13 30 7 29 5 28 4 27 23 
13 33 8 32 5 31 4 30 23 
13 33 8 32 5 31 4 30 23 
13 33 7 32 5 31 4 30 23 
13 33 7 32 5 31 4 30 23 
13 32 7 31 5 30 4 29 23 
13 32 7 31 5 30 4 29 23 
14 32 7 31 5 30 4 29 23 
14 32 7 31 5 30 4 29 23 
14 32 7 31 5 30 4 29 23 
13 32 7 31 5 30 4 29 23 
14 32 8 31 6 30 4 29 23 
14 31 8 30 6 29 4 28 23 
13 32 7 31 5 30 4 29 23 
14 33 7 32 5 31 4 30 23 
14 32 9 31 6 30 4 29 23 
14 33 8 32 6 31 4 30 23 
14 33 7 32 5 31 4 30 23 
14 31 8 30 6 29 4 28 23 
13 32 7 31 5 30 4 29 23 
14 31 8 30 6 29 4 28 23 
13 32 8 31 5 30 4 29 23 
13 33 7 32 5 31 4 30 23 
13 31 8 30 5 29 4 28 23 
13 31 7 30 5 29 4 28 23 
13 32 8 31 6 30 4 29 23 
14 33 8 32 6 31 4 30 23 
14 31 8 30 6 29 4 28 23 
14 33 8 32 6 31 4 30 23 
14 31 8 30 6 29 4 28 23 
13 30 7 29 5 28 4 27 23 
13 31 7 30 5 29 4 28 23 
13 32 7 31 5 30 4 29 23 
13 34 8 33 5 32 4 31 23 
13 32 7 31 6 30 4 29 23 
13 31 7 30 5 29 4 28 23 
13 34 8 33 5 32 4 31 23 
12 32 7 31 5 30 4 29 23 
13 33 7 32 5 31 4 30 23 
13 33 8 32 5 31 4 30 23 
13 31 7 30 5 29 4 28 23 
13 33 7 32 5 31 4 30 23 
14 30 8 29 6 28 4 27 23 
13 33 8 32 5 31 4 30 23 
13 31 7 30 5 29 4 28 23 
14 31 7 30 5 29 4 28 23 
14 33 8 32 5 31 4 30 23 
14 33 8 32 5 31 4 30 23 
14 31 7 30 6 29 4 28 23 
13 31 7 30 5 29 4 28 23 
14 33 8 32 5 31 4 30 23 
14 31 7 30 6 29 4 28 23 
12 32 6 31 5 30 4 29 23 
13 33 8 32 5 31 4 30 23 
14 33 9 32 6 31 4 30 23 
14 32 9 31 6 30 4 29 23 
13 33 8 32 5 31 4 30 23 
14 32 7 31 5 30 4 29 23 
13 30 7 29 5 28 4 27 23 
13 30 7 29 5 28 4 27 23 
14 30 8 29 6 28 4 27 23 
14 34 8 33 5 32 4 31 23 
14 34 9 33 6 32 4 31 23 
13 32 7 31 5 30 4 29 23 
14 34 8 33 5 32 4 31 23 
14 32 9 31 6 30 4 29 23 
15 30 8 29 6 28 4 27 23 
13 32 7 31 5 30 4 29 23 
14 31 8 30 6 29 4 28 23 
13 31 6 30 5 29 4 28 23 
14 34 8 33 6 32 4 31 23 
13 31 6 30 5 29 4 28 23 
13 31 7 30 5 29 4 28 23 
14 32 7 31 6 30 4 29 23 
13 33 8 32 5 31 4 30 23 
14 33 8 32 6 31 4 30 23 
14 31 8 30 6 29 4 28 23 
13 32 7 31 5 30 4 29 23 
13 30 7 29 5 28 4 27 23 
14 32 7 31 5 30 4 29 23 
14 32 9 31 6 30 4 29 23 
13 34 8 33 5 32 4 31 23 
13 32 7 31 5 30 4 29 23 
13 32 7 31 5 30 4 29 23 
13 32 8 31 5 30 4 29 23 
14 30 7 29 5 28 4 27 23 
13 31 7 30 5 29 4 28 23 
14 32 8 31 6 30 4 29 23 
14 31 8 30 6 29 4 28 23 
14 30 8 29 6 28 4 27 23 
13 34 7 33 5 32 4 31 23 
14 34 9 33 6 32 4 31 23 
SCORES_TXT_END_0
SCORES_TXT_BEGIN_0 63 100 9 BLEU
8 24 2 23 1 22 0 21 21 
7 23 2 22 1 21 0 20 21 
7 23 0 22 0 21 0 20 21 
7 23 0 22 0 21 0 20 21 
8 24 0 23 0 22 0 21 21 
6 22 0 21 0 20 0 19 21 
7 23 2 22 1 21 0 20 21 
7 24 1 23 0 22 0 21 21 
8 25 2 24 1 23 0 22 21 
7 24 1 23 0 22 0 21 21 
7 23 0 22 0 21 0 20 21 
7 23 0 22 0 21 0 20 21 
8 25 1 24 0 23 0 22 21 
7 23 0 22 0 21 0 20 21 
7 23 2 22 1 21 0 20 21 
8 24 0 23 0 22 0 21 21 
7 23 2 22 1 21 0 20 21 
8 24 2 23 1 22 0 21 21 
7 24 2 23 1 22 0 21 21 
6 23 1 22 0 21 0 20 21 
7 23 0 22 0 21 0 20 21 
7 23 0 22 0 21 0 20 21 
7 23 1 22 0 21 0 20 21 
7 23 0 22 0 21 0 20 21 
8 24 2 23 1 22 0 21 21 
7 23 2 22 1 21 0 20 21 
8 24 0 23 0 22 0 21 21 
8 24 2 23 1 22 0 21 21 
7 23 1 22 0 21 0 20 21 
7 23 0 22 0 21 0 20 21 
8 24 0 23 0 22 0 21 21 
7 23 2 22 1 21 0 20 21 
7 23 0 22 0 21 0 20 21 
6 22 0 21 0 20 0 19 21 
7 23 0 22 0 21 0 20 21 
8 24 1 23 0 22 0 21 21 
8 24 0 23 0 22 0 21 21 
8 24 0 23 0 22 0 21 21 
7 23 0 22 0 21 0 20 21 
6 23 0 22 0 21 0 20 21 
8 24 1 23 0 22 0 21 21 
11 26 4 25 2 24 0 23 21 
7 23 1 22 0 21 0 20 21 
8 24 2 23 1 22 0 21 21 
7 23 2 22 1 21 0 20 21 
6 22 1 21 0 20 0 19 21 
7 23 0 22 0 21 0 20 21 
9 25 0 24 0 23 0 22 21 
7 24 1 23 0 22 0 21 21 
7 24 1 23 0 22 0 21 21 
8 24 0 23 0 22 0 21 21 
8 25 1 24 0 23 0 22 21 
8 25 1 24 0 23 0 22 21 
7 23 1 22 0 21 0 20 21 
7 24 1 23 0 22 0 21 21 
7 24 0 23 0 22 0 21 21 
7 24 1 23 0 22 0 21 21 
7 24 2 23 1 22 0 21 21 
9 25 0 24 0 23 0 22 21 
8 24 1 23 0 22 0 21 21 
10 25 4 24 2 23 0 22 21 
8 24 2 23 1 22 0 21 21 
6 23 0 22 0 21 0 20 21 
7 23 0 22 0 21 0 20 21 
7 23 0 22 0 21 0 20 21 
8 24 0 23 0 22 0 21 21 
8 24 1 23 0 22 0 21 21 
10 25 2 24 1 23 0 22 21 
8 24 0 23 0 22 0 21 21 
8 24 0 23 0 22 0 21 21 
6 22 1 21 0 20 0 19 21 
7 24 1 23 0 22 0 21 21 
8 25 1 24 0 23 0 22 21 
7 24 1 23 0 22 0 21 21 
7 24 1 23 0 22 0 21 21 
8 24 2 23 1 22 0 21 21 
8 24 2 23 1 22 0 21 21 
7 23 2 22 1 21 0 20 21 
7 23 2 22 1 21 0 20 21 
7 23 1 22 0 21 0 20 21 
7 24 1 23 0 22 0 21 21 
7 23 0 22 0 21 0 20 21 
7 23 1 22 0 21 0 20 21 
6 22 0 21 0 20 0 19 21 
7 23 0 22 0 21 0 20 21 
8 25 1 24 0 23 0 22 21 
8 25 1 24 0 23 0 22 21 
10 25 2 24 1 23 0 22 21 
8 24 0 23 0 22 0 21 21 
6 25 1 24 0 23 0 22 21 
8 25 1 24 0 23 0 22 21 
8 24 1 23 0 22 0 21 21 
6 22 0 21 0 20 0 19 21 
8 24 0 23 0 22 0 21 21 
7 24 1 23 0 22 0 21 21 
6 24 1 23 0 22 0 21 21 
7 23 0 22 0 21 0 20 21 
6 22 1 21 0 20 0 19 21 
7 24 2 23 1 22 0 21 21 
7 24 1 23 0 22 0 21 21 
SCORES_TXT_END_0
SCORES_TXT_BEGIN_0 64 100 9 BLEU
15 41 0 40 0 39 0 38 33 
15 41 0 40 0 39 0 38 33 
14 40 0 39 0 38 0 37 33 
14 40 0 39 0 38 0 37 33 
13 40 0 39 0 38 0 37 33 
13 40 0 39 0 38 0 37 33 
15 41 0 40 0 39 0 38 33 
12 39 0 38 0 37 0 36 33 
12 39 0 38 0 37 0 36 33 
14 40 0 39 0 38 0 37 33 
15 41 0 40 0 39 0 38 33 
14 40 0 39 0 38 0 37 33 
15 42 0 41 0 40 0 39 33 
15 40 0 39 0 38 0 37 33 
15 41 0 40 0 39 0 38 33 
15 42 0 41 0 40 0 39 33 
15 41 0 40 0 39 0 38 33 
14 40 0 39 0 38 0 37 33 
13 39 0 38 0 37 0 36 33 
15 40 0 39 0 38 0 37 33 
14 40 0 39 0 38 0 37 33 
14 40 0 39 0 38 0 37 33 
13 39 0 38 0 37 0 36 33 
15 41 0 40 0 39 0 38 33 
15 41 0 40 0 39 0 38 33 
14 40 0 39 0 38 0 37 33 
13 39 0 38 0 37 0 36 33 
15 41 0 40 0 39 0 38 33 
13 39 0 38 0 37 0 36 33 
14 41 0 40 0 39 0 38 33 
13 39 0 38 0 37 0 36 33 
13 40 0 39 0 38 0 37 33 
14 41 0 40 0 39 0 38 33 
15 41 0 40 0 39 0 38 33 
14 40 0 39 0 38 0 37 33 
13 40 0 39 0 38 0 37 33 
15 41 0 40 0 39 0 38 33 
13 39 0 38 0 37 0 36 33 
15 41 0 40 0 39 0 38 33 
15 42 0 41 0 40 0 39 33 
15 40 0 39 0 38 0 37 33 
14 40 0 39 0 38 0 37 33 
15 41 0 40 0 39 0 38 33 
13 40 0 39 0 38 0 37 33 
14 40 0 39 0 38 0 37 33 
14 40 0 39 0 38 0 37 33 
13 40 0 39 0 38 0 37 33 
14 41 0 40 0 39 0 38 33 
15 42 0 41 0 40 0 39 33 
15 40 0 39 0 38 0 37 33 
14 39 0 38 0 37 0 36 33 
14 40 0 39 0 38 0 37 33 
14 40 0 39 0 38 0 37 33 
15 41 0 40 0 39 0 38 33 
14 40 0 39 0 38 0 37 33 
14 41 0 40 0 39 0 38 33 
14 40 0 39 0 38 0 37 33 
14 40 0 39 0 38 0 37 33 
14 40 0 39 0 38 0 37 33 
15 41 0 40 0 39 0 38 33 
14 39 0 38 0 37 0 36 33 
15 42 0 41 0 40 0 39 33 
14 40 0 39 0 38 0 37 33 
15 42 0 41 0 40 0 39 33 
14 41 0 40 0 39 0 38 33 
14 39 0 38 0 37 0 36 33 
14 40 0 39 0 38 0 37 33 
14 40 0 39 0 38 0 37 33 
15 41 0 40 0 39 0 38 33 
14 41 0 40 0 39 0 38 33 
14 41 0 40 0 39 0 38 33 
13 39 0 38 0 37 0 36 33 
14 40 0 39 0 38 0 37 33 
14 40 0 39 0 38 0 37 33 
14 40 0 39 0 38 0 37 33 
14 40 0 39 0 38 0 37 33 
14 39 0 38 0 37 0 36 33 
12 39 0 38 0 37 0 36 33 
13 41 0 40 0 39 0 38 33 
16 41 0 40 0 39 0 38 33 
15 41 0 40 0 39 0 38 33 
14 41 0 40 0 39 0 38 33 
13 39 0 38 0 37 0 36 33 
13 41 0 40 0 39 0 38 33 
16 41 0 40 0 39 0 38 33 
14 40 0 39 0 38 0 37 33 
14 44 0 43 0 42 0 41 33 
15 42 0 41 0 40 0 39 33 
14 40 0 39 0 38 0 37 33 
14 40 0 39 0 38 0 37 33 
15 41 0 40 0 39 0 38 33 
14 40 0 39 0 38 0 37 33 
15 41 0 40 0 39 0 38 33 
14 40 0 39 0 38 0 37 33 
14 40 0 39 0 38 0 37 33 
14 41 0 40 0 39 0 38 33 
15 42 0 41 0 40 0 39 33 
14 41 0 40 0 39 0 38 33 
14 39 0 38 0 37 0 36 33 
14 41 0 40 0 39 0 38 33 
SCORES_TXT_END_0
SCORES_TXT_BEGIN_0 65 100 9 BLEU
10 43 2 42 0 41 0 40 20 
10 42 2 41 0 40 0 39 20 
10 43 2 42 0 41 0 40 20 
8 39 1 38 0 37 0 36 20 
10 42 2 41 0 40 0 39 20 
10 42 2 41 0 40 0 39 20 
8 38 1 37 0 36 0 35 20 
8 39 1 38 0 37 0 36 20 
10 41 2 40 0 39 0 38 20 
10 42 2 41 0 40 0 39 20 
8 38 1 37 0 36 0 35 20 
10 43 2 42 0 41 0 40 20 
10 41 2 40 0 39 0 38 20 
10 42 2 41 0 40 0 39 20 
10 43 2 42 0 41 0 40 20 
9 40 1 39 0 38 0 37 20 
9 43 1 42 0 41 0 40 20 
10 42 2 41 0 40 0 39 20 
10 42 2 41 0 40 0 39 20 
9 39 1 38 0 37 0 36 20 
9 40 1 39 0 38 0 37 20 
9 40 1 39 0 38 0 37 20 
9 42 1 41 0 40 0 39 20 
10 41 2 40 0 39 0 38 20 
9 43 1 42 0 41 0 40 20 
9 42 1 41 0 40 0 39 20 
8 41 1 40 0 39 0 38 20 
9 39 1 38 0 37 0 36 20 
10 43 2 42 0 41 0 40 20 
10 42 2 41 0 40 0 39 20 
9 39 1 38 0 37 0 36 20 
9 43 1 42 0 41 0 40 20 
8 41 1 40 0 39 0 38 20 
8 39 1 38 0 37 0 36 20 
10 43 2 42 0 41 0 40 20 
8 39 1 38 0 37 0 36 20 
9 40 1 39 0 38 0 37 20 
10 44 1 43 0 42 0 41 20 
10 43 2 42 0 41 0 40 20 
9 42 1 41 0 40 0 39 20 
9 41 1 40 0 39 0 38 20 
10 43 2 42 0 41 0 40 20 
8 40 1 39 0 38 0 37 20 
10 42 2 41 0 40 0 39 20 
9 42 1 41 0 40 0 39 20 
10 41 2 40 0 39 0 38 20 
9 42 1 41 0 40 0 39 20 
8 40 1 39 0 38 0 37 20 
8 38 1 37 0 36 0 35 20 
10 42 2 41 0 40 0 39 20 
9 42 1 41 0 40 0 39 20 
8 38 1 37 0 36 0 35 20 
9 39 1 38 0 37 0 36 20 
8 38 1 37 0 36 0 35 20 
10 43 2 42 0 41 0 40 20 
6 37 0 36 0 35 0 34 20 
10 43 1 42 0 41 0 40 20 
9 43 1 42 0 41 0 40 20 
8 41 1 40 0 39 0 38 20 
8 39 1 38 0 37 0 36 20 
8 39 1 38 0 37 0 36 20 
10 43 2 42 0 41 0 40 20 
11 43 3 42 0 41 0 40 20 
10 42 2 41 0 40 0 39 20 
8 39 1 38 0 37 0 36 20 
10 42 2 41 0 40 0 39 20 
9 41 2 40 0 39 0 38 20 
9 41 1 40 0 39 0 38 20 
10 44 1 43 0 42 0 41 20 
10 43 2 42 0 41 0 40 20 
9 41 1 40 0 39 0 38 20 
10 45 2 44 0 43 0 42 20 
8 37 1 36 0 35 0 34 20 
10 42 2 41 0 40 0 39 20 
8 39 1 38 0 37 0 36 20 
9 42 1 41 0 40 0 39 20 
8 39 1 38 0 37 0 36 20 
8 40 1 39 0 38 0 37 20 
6 36 0 35 0 34 0 33 20 
9 42 1 41 0 40 0 39 20 
8 40 1 39 0 38 0 37 20 
10 42 2 41 0 40 0 39 20 
8 38 1 37 0 36 0 35 20 
8 38 1 37 0 36 0 35 20 
9 41 1 40 0 39 0 38 20 
10 42 2 41 0 40 0 39 20 
11 42 3 41 0 40 0 39 20 
9 42 1 41 0 40 0 39 20 
8 40 1 39 0 38 0 37 20 
8 38 1 37 0 36 0 35 20 
8 38 1 37 0 36 0 35 20 
9 40 1 39 0 38 0 37 20 
10 42 2 41 0 40 0 39 20 
10 41 1 40 0 39 0 38 20 
9 40 2 39 0 38 0 37 20 
10 43 1 42 0 41 0 40 20 
8 39 1 38 0 37 0 36 20 
8 39 1 38 0 37 0 36 20 
10 43 1 42 0 41 0 40 20 
10 41 2 40 0 39 0 38 20 
SCORES_TXT_END_0
SCORES_TXT_BEGIN_0 66 99 9 BLEU
2 26 0 25 0 24 0 23 17 
2 26 0 25 0 24 0 23 17 
2 26 0 25 0 24 0 23 17 
2 26 0 25 0 24 0 23 17 
2 26 0 25 0 24 0 23 17 
2 26 0 25 0 24 0 23 17 
2 26 0 25 0 24 0 23 17 
2 26 0 25 0 24 0 23 17 
2 27 0 26 0 25 0 24 17 
2 26 0 25 0 24 0 23 17 
2 26 0 25 0 24 0 23 17 
2 26 0 25 0 24 0 23 17 
2 26 0 25 0 24 0 23 17 
2 27 0 26 0 25 0 24 17 
2 26 0 25 0 24 0 23 17 
2 26 0 25 0 24 0 23 17 
2 26 0 25 0 24 0 23 17 
2 26 0 25 0 24 0 23 17 
2 26 0 25 0 24 0 23 17 
2 26 0 25 0 24 0 23 17 
2 27 0 26 0 25 0 24 17 
2 26 0 25 0 24 0 23 17 
2 26 0 25 0 24 0 23 17 
2 26 0 25 0 24 0 23 17 
2 26 0 25 0 24 0 23 17 
2 26 0 25 0 24 0 23 17 
2 26 0 25 0 24 0 23 17 
2 26 0 25 0 24 0 23 17 
2 26 0 25 0 24 0 23 17 
2 26 0 25 0 24 0 23 17 
2 26 0 25 0 24 0 23 17 
2 26 0 25 0 24 0 23 17 
2 27 0 26 0 25 0 24 17 
2 26 0 25 0 24 0 23 17 
2 27 0 26 0 25 0 24 17 
2 26 0 25 0 24 0 23 17 
2 26 0 25 0 24 0 23 17 
2 27 0 26 0 25 0 24 17 
2 26 0 25 0 24 0 23 17 
2 26 0 25 0 24 0 23 17 
2 27 0 26 0 25 0 24 17 
2 26 0 25 0 24 0 23 17 
2 26 0 25 0 24 0 23 17 
2 26 0 25 0 24 0 23 17 
2 27 0 26 0 25 0 24 17 
2 26 0 25 0 24 0 23 17 
2 26 0 25 0 24 0 23 17 
2 26 0 25 0 24 0 23 17 
2 26 0 25 0 24 0 23 17 
2 26 0 25 0 24 0 23 17 
2 26 0 25 0 24 0 23 17 
2 27 0 26 0 25 0 24 17 
2 26 0 25 0 24 0 23 17 
2 26 0 25 0 24 0 23 17 
2 26 0 25 0 24 0 23 17 
2 26 0 25 0 24 0 23 17 
2 26 0 25 0 24 0 23 17 
2 26 0 25 0 24 0 23 17 
2 26 0 25 0 24 0 23 17 
2 26 0 25 0 24 0 23 17 
2 26 0 25 0 24 0 23 17 
2 26 0 25 0 24 0 23 17 
2 26 0 25 0 24 0 23 17 
2 26 0 25 0 24 0 23 17 
2 26 0 25 0 24 0 23 17 
2 26 0 25 0 24 0 23 17 
2 26 0 25 0 24 0 23 17 
2 26 0 25 0 24 0 23 17 
2 26 0 25 0 24 0 23 17 
2 27 0 26 0 25 0 24 17 
2 26 0 25 0 24 0 23 17 
2 26 0 25 0 24 0 23 17 
2 26 0 25 0 24 0 23 17 
2 26 0 25 0 24 0 23 17 
2 26 0 25 0 24 0 23 17 
2 26 0 25 0 24 0 23 17 
2 26 0 25 0 24 0 23 17 
2 26 0 25 0 24 0 23 17 
2 27 0 26 0 25 0 24 17 
2 27 0 26 0 25 0 24 17 
2 26 0 25 0 24 0 23 17 
2 26 0 25 0 24 0 23 17 
2 26 0 25 0 24 0 23 17 
2 26 0 25 0 24 0 23 17 
2 26 0 25 0 24 0 23 17 
2 26 0 25 0 24 0 23 17 
2 27 0 26 0 25 0 24 17 
2 26 0 25 0 24 0 23 17 
2 27 0 26 0 25 0 24 17 
2 26 0 25 0 24 0 23 17 
2 26 0 25 0 24 0 23 17 
2 27 0 26 0 25 0 24 17 
2 26 0 25 0 24 0 23 17 
2 26 0 25 0 24 0 23 17 
2 26 0 25 0 24 0 23 17 
2 26 0 25 0 24 0 23 17 
2 26 0 25 0 24 0 23 17 
2 26 0 25 0 24 0 23 17 
2 26 0 25 0 24 0 23 17 
SCORES_TXT_END_0
SCORES_TXT_BEGIN_0 67 100 9 BLEU
10 42 1 41 0 40 0 39 15 
10 42 1 41 0 40 0 39 15 
10 41 1 40 0 39 0 38 15 
10 42 1 41 0 40 0 39 15 
10 42 1 41 0 40 0 39 15 
10 40 1 39 0 38 0 37 15 
10 42 1 41 0 40 0 39 15 
10 43 1 42 0 41 0 40 15 
10 42 1 41 0 40 0 39 15 
10 42 1 41 0 40 0 39 15 
10 42 1 41 0 40 0 39 15 
10 42 1 41 0 40 0 39 15 
10 42 1 41 0 40 0 39 15 
10 41 1 40 0 39 0 38 15 
10 43 1 42 0 41 0 40 15 
10 42 1 41 0 40 0 39 15 
10 42 1 41 0 40 0 39 15 
10 42 1 41 0 40 0 39 15 
10 40 1 39 0 38 0 37 15 
10 42 1 41 0 40 0 39 15 
10 42 1 41 0 40 0 39 15 
10 42 1 41 0 40 0 39 15 
10 42 1 41 0 40 0 39 15 
10 41 1 40 0 39 0 38 15 
10 43 1 42 0 41 0 40 15 
10 42 1 41 0 40 0 39 15 
10 42 1 41 0 40 0 39 15 
10 43 1 42 0 41 0 40 15 
10 42 1 41 0 40 0 39 15 
10 42 1 41 0 40 0 39 15 
10 42 1 41 0 40 0 39 15 
10 42 1 41 0 40 0 39 15 
10 40 1 39 0 38 0 37 15 
10 42 1 41 0 40 0 39 15 
10 42 1 41 0 40 0 39 15 
10 42 1 41 0 40 0 39 15 
10 41 1 40 0 39 0 38 15 
10 43 1 42 0 41 0 40 15 
10 43 1 42 0 41 0 40 15 
10 42 1 41 0 40 0 39 15 
10 42 1 41 0 40 0 39 15 
10 43 1 42 0 41 0 40 15 
10 42 1 41 0 40 0 39 15 
10 42 1 41 0 40 0 39 15 
10 42 1 41 0 40 0 39 15 
10 42 1 41 0 40 0 39 15 
10 42 1 41 0 40 0 39 15 
10 42 1 41 0 40 0 39 15 
10 42 1 41 0 40 0 39 15 
10 42 1 41 0 40 0 39 15 
10 42 1 41 0 40 0 39 15 
10 42 1 41 0 40 0 39 15 
11 41 2 40 0 39 0 38 15 
10 43 1 42 0 41 0 40 15 
10 43 1 42 0 41 0 40 15 
10 42 1 41 0 40 0 39 15 
10 41 1 40 0 39 0 38 15 
10 42 1 41 0 40 0 39 15 
10 43 1 42 0 41 0 40 15 
11 41 2 40 0 39 0 38 15 
10 42 1 41 0 40 0 39 15 
10 42 1 41 0 40 0 39 15 
10 42 1 41 0 40 0 39 15 
10 43 1 42 0 41 0 40 15 
10 42 1 41 0 40 0 39 15 
10 42 1 41 0 40 0 39 15 
10 42 1 41 0 40 0 39 15 
10 42 1 41 0 40 0 39 15 
10 42 1 41 0 40 0 39 15 
10 40 1 39 0 38 0 37 15 
10 42 1 41 0 40 0 39 15 
10 42 1 41 0 40 0 39 15 
10 42 1 41 0 40 0 39 15 
10 42 1 41 0 40 0 39 15 
10 41 1 40 0 39 0 38 15 
10 42 1 41 0 40 0 39 15 
10 42 1 41 0 40 0 39 15 
10 41 1 40 0 39 0 38 15 
10 43 1 42 0 41 0 40 15 
10 41 1 40 0 39 0 38 15 
10 43 1 42 0 41 0 40 15 
10 42 1 41 0 40 0 39 15 
10 43 1 42 0 41 0 40 15 
10 43 1 42 0 41 0 40 15 
10 41 1 40 0 39 0 38 15 
10 42 1 41 0 40 0 39 15 
10 42 1 41 0 40 0 39 15 
10 41 1 40 0 39 0 38 15 
10 42 1 41 0 40 0 39 15 
10 43 1 42 0 41 0 40 15 
10 42 1 41 0 40 0 39 15 
10 42 1 41 0 40 0 39 15 
10 42 1 41 0 40 0 39 15 
10 42 1 41 0 40 0 39 15 
10 43 1 42 0 41 0 40 15 
10 40 1 39 0 38 0 37 15 
10 42 1 41 0 40 0 39 15 
10 43 1 42 0 41 0 40 15 
10 42 1 41 0 40 0 39 15 
10 42 1 41 0 40 0 39 15 
SCORES_TXT_END_0
SCORES_TXT_BEGIN_0 68 100 9 BLEU
8 20 2 19 1 18 0 17 15 
9 20 3 19 1 18 0 17 15 
9 20 3 19 1 18 0 17 15 
9 20 2 19 1 18 0 17 15 
9 19 3 18 1 17 0 16 15 
6 15 2 14 1 13 0 12 15 
8 20 2 19 1 18 0 17 15 
8 20 2 19 1 18 0 17 15 
10 20 4 19 1 18 0 17 15 
9 20 3 19 1 18 0 17 15 
8 20 2 19 1 18 0 17 15 
8 19 2 18 1 17 0 16 15 
6 14 2 13 1 12 0 11 15 
8 19 2 18 1 17 0 16 15 
8 20 2 19 1 18 0 17 15 
6 15 2 14 1 13 0 12 15 
9 20 2 19 1 18 0 17 15 
7 15 2 14 1 13 0 12 15 
9 20 5 19 4 18 3 17 15 
9 20 2 19 1 18 0 17 15 
7 15 2 14 1 13 0 12 15 
8 19 2 18 1 17 0 16 15 
6 14 2 13 1 12 0 11 15 
8 19 2 18 1 17 0 16 15 
8 17 2 16 1 15 0 14 15 
7 20 2 19 1 18 0 17 15 
9 20 3 19 1 18 0 17 15 
9 19 3 18 1 17 0 16 15 
9 20 3 19 1 18 0 17 15 
8 19 2 18 1 17 0 16 15 
9 19 2 18 1 17 0 16 15 
5 14 2 13 1 12 0 11 15 
8 19 2 18 1 17 0 16 15 
9 20 3 19 1 18 0 17 15 
6 14 2 13 1 12 0 11 15 
10 19 4 18 1 17 0 16 15 
8 20 2 19 1 18 0 17 15 
8 19 3 18 1 17 0 16 15 
9 20 3 19 1 18 0 17 15 
9 20 3 19 1 18 0 17 15 
9 19 3 18 1 17 0 16 15 
9 20 2 19 1 18 0 17 15 
10 20 3 19 1 18 0 17 15 
9 20 3 19 1 18 0 17 15 
9 20 2 19 1 18 0 17 15 
8 20 3 19 1 18 0 17 15 
7 15 2 14 1 13 0 12 15 
8 19 2 18 1 17 0 16 15 
5 14 2 13 1 12 0 11 15 
9 20 2 19 1 18 0 17 15 
8 19 2 18 1 17 0 16 15 
9 19 3 18 1 17 0 16 15 
7 20 1 19 0 18 0 17 15 
9 19 3 18 1 17 0 16 15 
8 19 2 18 1 17 0 16 15 
9 19 3 18 1 17 0 16 15 
9 19 3 18 2 17 1 16 15 
9 20 3 19 1 18 0 17 15 
8 18 2 17 1 16 0 15 15 
10 20 4 19 1 18 0 17 15 
9 20 3 19 1 18 0 17 15 
10 20 2 19 1 18 0 17 15 
8 20 2 19 1 18 0 17 15 
9 19 3 18 1 17 0 16 15 
9 20 2 19 1 18 0 17 15 
9 19 3 18 1 17 0 16 15 
8 19 2 18 1 17 0 16 15 
9 19 3 18 1 17 0 16 15 
7 15 2 14 1 13 0 12 15 
9 18 3 17 1 16 0 15 15 
9 19 2 18 1 17 0 16 15 
8 20 2 19 1 18 0 17 15 
8 20 2 19 1 18 0 17 15 
8 19 2 18 1 17 0 16 15 
5 15 2 14 1 13 0 12 15 
8 19 2 18 1 17 0 16 15 
9 21 3 20 1 19 0 18 15 
9 19 3 18 1 17 0 16 15 
10 20 6 19 4 18 3 17 15 
7 19 0 18 0 17 0 16 15 
9 19 3 18 1 17 0 16 15 
8 20 2 19 1 18 0 17 15 
9 20 3 19 1 18 0 17 15 
9 20 2 19 1 18 0 17 15 
9 19 3 18 1 17 0 16 15 
5 15 2 14 1 13 0 12 15 
9 19 2 18 1 17 0 16 15 
6 15 2 14 1 13 0 12 15 
9 21 3 20 1 19 0 18 15 
8 20 2 19 1 18 0 17 15 
8 20 2 19 0 18 0 17 15 
8 20 2 19 1 18 0 17 15 
9 20 2 19 1 18 0 17 15 
8 19 2 18 1 17 0 16 15 
9 20 5 19 4 18 3 17 15 
8 16 3 15 1 14 0 13 15 
8 20 2 19 1 18 0 17 15 
8 18 2 17 1 16 0 15 15 
8 19 2 18 1 17 0 16 15 
5 14 2 13 1 12 0 11 15 
SCORES_TXT_END_0
SCORES_TXT_BEGIN_0 69 100 9 BLEU
10 36 1 35 0 34 0 33 23 
9 37 1 36 0 35 0 34 23 
10 36 1 35 0 34 0 33 23 
9 37 1 36 0 35 0 34 23 
10 35 2 34 0 33 0 32 23 
9 36 2 35 0 34 0 33 23 
10 37 1 36 0 35 0 34 23 
9 38 1 37 0 36 0 35 23 
10 37 1 36 0 35 0 34 23 
9 38 1 37 0 36 0 35 23 
10 36 2 35 0 34 0 33 23 
9 37 2 36 0 35 0 34 23 
10 36 1 35 0 34 0 33 23 
9 37 1 36 0 35 0 34 23 
10 36 1 35 0 34 0 33 23 
9 37 1 36 0 35 0 34 23 
10 36 1 35 0 34 0 33 23 
9 37 1 36 0 35 0 34 23 
10 36 1 35 0 34 0 33 23 
9 37 1 36 0 35 0 34 23 
10 36 1 35 0 34 0 33 23 
9 37 1 36 0 35 0 34 23 
9 37 1 36 0 35 0 34 23 
10 37 1 36 0 35 0 34 23 
9 38 1 37 0 36 0 35 23 
10 37 1 36 0 35 0 34 23 
9 38 2 37 0 36 0 35 23 
10 36 1 35 0 34 0 33 23 
9 37 1 36 0 35 0 34 23 
10 35 2 34 0 33 0 32 23 
9 36 2 35 0 34 0 33 23 
10 36 1 35 0 34 0 33 23 
9 37 1 36 0 35 0 34 23 
10 37 2 36 0 35 0 34 23 
9 38 1 37 0 36 0 35 23 
8 39 1 38 0 37 0 36 23 
10 37 1 36 0 35 0 34 23 
9 38 1 37 0 36 0 35 23 
10 36 1 35 0 34 0 33 23 
9 37 1 36 0 35 0 34 23 
10 37 1 36 0 35 0 34 23 
9 38 1 37 0 36 0 35 23 
10 35 2 34 0 33 0 32 23 
9 36 2 35 0 34 0 33 23 
10 37 1 36 0 35 0 34 23 
9 38 1 37 0 36 0 35 23 
10 36 1 35 0 34 0 33 23 
9 37 1 36 0 35 0 34 23 
10 35 2 34 0 33 0 32 23 
9 36 2 35 0 34 0 33 23 
10 37 1 36 0 35 0 34 23 
9 38 1 37 0 36 0 35 23 
10 36 1 35 0 34 0 33 23 
9 37 1 36 0 35 0 34 23 
9 37 1 36 0 35 0 34 23 
10 37 1 36 0 35 0 34 23 
9 38 2 37 0 36 0 35 23 
10 36 1 35 0 34 0 33 23 
9 37 1 36 0 35 0 34 23 
10 35 2 34 0 33 0 32 23 
9 36 2 35 0 34 0 33 23 
10 36 1 35 0 34 0 33 23 
10 37 1 36 0 35 0 34 23 
9 37 1 36 0 35 0 34 23 
9 38 1 37 0 36 0 35 23 
10 37 2 36 0 35 0 34 23 
10 37 1 36 0 35 0 34 23 
9 38 1 37 0 36 0 35 23 
9 38 1 37 0 36 0 35 23 
8 39 1 38 0 37 0 36 23 
10 38 1 37 0 36 0 35 23 
9 39 1 38 0 37 0 36 23 
9 36 2 35 0 34 0 33 23 
10 37 1 36 0 35 0 34 23 
9 38 1 37 0 36 0 35 23 
9 38 1 37 0 36 0 35 23 
10 38 1 37 0 36 0 35 23 
9 39 1 38 0 37 0 36 23 
10 36 1 35 0 34 0 33 23 
9 37 1 36 0 35 0 34 23 
10 36 2 35 0 34 0 33 23 
9 37 3 36 0 35 0 34 23 
10 35 2 34 0 33 0 32 23 
9 36 2 35 0 34 0 33 23 
10 37 1 36 0 35 0 34 23 
9 38 1 37 0 36 0 35 23 
10 37 1 36 0 35 0 34 23 
9 38 1 37 0 36 0 35 23 
9 38 1 37 0 36 0 35 23 
8 39 1 38 0 37 0 36 23 
10 36 2 35 0 34 0 33 23 
10 37 1 36 0 35 0 34 23 
9 37 2 36 0 35 0 34 23 
9 38 1 37 0 36 0 35 23 
10 36 1 35 0 34 0 33 23 
9 37 1 36 0 35 0 34 23 
10 37 1 36 0 35 0 34 23 
10 36 3 35 0 34 0 33 23 
9 38 1 37 0 36 0 35 23 
10 38 1 37 0 36 0 35 23 
SCORES_TXT_END_0
SCORES_TXT_BEGIN_0 70 100 9 BLEU
9 43 2 42 0 41 0 40 24 
9 43 2 42 0 41 0 40 24 
9 44 2 43 0 42 0 41 24 
9 44 2 43 0 42 0 41 24 
9 44 3 43 0 42 0 41 24 
9 43 2 42 0 41 0 40 24 
10 44 2 43 0 42 0 41 24 
9 44 3 43 0 42 0 41 24 
9 43 2 42 0 41 0 40 24 
10 44 2 43 0 42 0 41 24 
9 45 3 44 0 43 0 42 24 
10 45 2 44 0 43 0 42 24 
9 43 2 42 0 41 0 40 24 
9 45 3 44 0 43 0 42 24 
10 45 2 44 0 43 0 42 24 
9 42 2 41 0 40 0 39 24 
9 43 2 42 0 41 0 40 24 
9 43 2 42 0 41 0 40 24 
9 42 2 41 0 40 0 39 24 
9 43 2 42 0 41 0 40 24 
9 43 2 42 0 41 0 40 24 
9 44 3 43 0 42 0 41 24 
10 45 3 44 0 43 0 42 24 
9 43 2 42 0 41 0 40 24 
10 44 2 43 0 42 0 41 24 
9 46 3 45 0 44 0 43 24 
9 42 2 41 0 40 0 39 24 
9 44 3 43 0 42 0 41 24 
10 45 3 44 0 43 0 42 24 
10 44 2 43 0 42 0 41 24 
9 44 2 43 0 42 0 41 24 
9 42 2 41 0 40 0 39 24 
9 42 2 41 0 40 0 39 24 
10 46 3 45 0 44 0 43 24 
9 44 2 43 0 42 0 41 24 
9 47 3 46 0 45 0 44 24 
9 42 2 41 0 40 0 39 24 
9 44 3 43 0 42 0 41 24 
10 44 2 43 0 42 0 41 24 
10 46 3 45 0 44 0 43 24 
9 43 3 42 0 41 0 40 24 
9 44 3 43 0 42 0 41 24 
10 43 2 42 0 41 0 40 24 
10 44 2 43 0 42 0 41 24 
9 44 3 43 0 42 0 41 24 
10 44 2 43 0 42 0 41 24 
9 45 2 44 0 43 0 42 24 
9 43 3 42 0 41 0 40 24 
10 43 2 42 0 41 0 40 24 
9 44 2 43 0 42 0 41 24 
9 43 2 42 0 41 0 40 24 
9 44 3 43 0 42 0 41 24 
10 44 2 43 0 42 0 41 24 
9 44 2 43 0 42 0 41 24 
9 43 2 42 0 41 0 40 24 
9 43 2 42 0 41 0 40 24 
9 43 2 42 0 41 0 40 24 
9 44 3 43 0 42 0 41 24 
9 43 2 42 0 41 0 40 24 
10 44 2 43 0 42 0 41 24 
9 46 2 45 0 44 0 43 24 
9 43 2 42 0 41 0 40 24 
9 43 2 42 0 41 0 40 24 
9 43 2 42 0 41 0 40 24 
9 44 3 43 0 42 0 41 24 
10 45 3 44 0 43 0 42 24 
9 43 2 42 0 41 0 40 24 
9 46 3 45 0 44 0 43 24 
10 44 2 43 0 42 0 41 24 
10 47 3 46 0 45 0 44 24 
9 43 2 42 0 41 0 40 24 
9 43 2 42 0 41 0 40 24 
9 43 3 42 0 41 0 40 24 
10 43 2 42 0 41 0 40 24 
9 44 2 43 0 42 0 41 24 
10 45 3 44 0 43 0 42 24 
9 44 2 43 0 42 0 41 24 
9 45 3 44 0 43 0 42 24 
9 43 3 42 0 41 0 40 24 
10 45 2 44 0 43 0 42 24 
9 43 3 42 0 41 0 40 24 
9 45 3 44 1 43 0 42 24 
10 43 2 42 0 41 0 40 24 
9 43 2 42 0 41 0 40 24 
10 43 2 42 0 41 0 40 24 
9 44 2 43 0 42 0 41 24 
9 44 2 43 0 42 0 41 24 
9 45 2 44 0 43 0 42 24 
9 45 3 44 0 43 0 42 24 
9 43 3 42 0 41 0 40 24 
10 45 2 44 0 43 0 42 24 
9 43 2 42 0 41 0 40 24 
10 48 3 47 0 46 0 45 24 
10 43 2 42 0 41 0 40 24 
10 45 3 44 0 43 0 42 24 
9 43 2 42 0 41 0 40 24 
9 44 2 43 0 42 0 41 24 
9 46 3 45 0 44 0 43 24 
9 43 2 42 0 41 0 40 24 
9 43 2 42 0 41 0 40 24 
SCORES_TXT_END_0
SCORES_TXT_BEGIN_0 71 100 9 BLEU
9 24 1 23 0 22 0 21 15 
7 24 0 23 0 22 0 21 15 
8 25 0 24 0 23 0 22 15 
9 26 0 25 0 24 0 23 15 
7 24 0 23 0 22 0 21 15 
9 24 1 23 0 22 0 21 15 
10 24 2 23 0 22 0 21 15 
6 24 0 23 0 22 0 21 15 
8 25 0 24 0 23 0 22 15 
9 24 1 23 0 22 0 21 15 
7 24 0 23 0 22 0 21 15 
8 25 0 24 0 23 0 22 15 
10 25 2 24 0 23 0 22 15 
7 24 0 23 0 22 0 21 15 
9 24 1 23 0 22 0 21 15 
9 25 1 24 0 23 0 22 15 
9 26 0 25 0 24 0 23 15 
9 26 0 25 0 24 0 23 15 
7 24 0 23 0 22 0 21 15 
10 24 2 23 0 22 0 21 15 
9 24 1 23 0 22 0 21 15 
6 24 0 23 0 22 0 21 15 
9 26 0 25 0 24 0 23 15 
8 25 0 24 0 23 0 22 15 
9 25 1 24 0 23 0 22 15 
9 24 1 23 0 22 0 21 15 
7 24 0 23 0 22 0 21 15 
10 24 2 23 0 22 0 21 15 
9 24 1 23 0 22 0 21 15 
9 24 1 23 0 22 0 21 15 
7 26 0 25 0 24 0 23 15 
10 25 2 24 0 23 0 22 15 
7 25 0 24 0 23 0 22 15 
7 24 0 23 0 22 0 21 15 
7 24 0 23 0 22 0 21 15 
9 24 1 23 0 22 0 21 15 
9 25 1 24 0 23 0 22 15 
10 24 2 23 0 22 0 21 15 
10 25 2 24 0 23 0 22 15 
8 24 0 23 0 22 0 21 15 
9 25 1 24 0 23 0 22 15 
9 26 0 25 0 24 0 23 15 
7 24 0 23 0 22 0 21 15 
9 24 1 23 0 22 0 21 15 
11 25 2 24 0 23 0 22 15 
10 24 2 23 0 22 0 21 15 
6 24 0 23 0 22 0 21 15 
9 24 1 23 0 22 0 21 15 
9 26 0 25 0 24 0 23 15 
8 25 0 24 0 23 0 22 15 
9 25 1 24 0 23 0 22 15 
9 23 0 22 0 21 0 20 15 
8 26 0 25 0 24 0 23 15 
9 26 0 25 0 24 0 23 15 
8 24 0 23 0 22 0 21 15 
7 24 0 23 0 22 0 21 15 
7 25 0 24 0 23 0 22 15 
9 25 1 24 0 23 0 22 15 
7 25 0 24 0 23 0 22 15 
10 25 2 24 0 23 0 22 15 
7 24 0 23 0 22 0 21 15 
10 24 2 23 0 22 0 21 15 
9 24 1 23 0 22 0 21 15 
9 24 1 23 0 22 0 21 15 
9 24 1 23 0 22 0 21 15 
10 24 2 23 0 22 0 21 15 
10 25 2 24 0 23 0 22 15 
7 26 0 25 0 24 0 23 15 
10 24 2 23 0 22 0 21 15 
11 26 2 25 0 24 0 23 15 
8 26 0 25 0 24 0 23 15 
9 25 1 24 0 23 0 22 15 
9 24 1 23 0 22 0 21 15 
8 23 0 22 0 21 0 20 15 
9 25 1 24 0 23 0 22 15 
10 25 2 24 0 23 0 22 15 
8 25 0 24 0 23 0 22 15 
7 25 0 24 0 23 0 22 15 
7 24 0 23 0 22 0 21 15 
9 26 0 25 0 24 0 23 15 
7 24 0 23 0 22 0 21 15 
7 24 0 23 0 22 0 21 15 
8 25 0 24 0 23 0 22 15 
8 24 0 23 0 22 0 21 15 
10 24 2 23 0 22 0 21 15 
7 24 0 23 0 22 0 21 15 
9 24 0 23 0 22 0 21 15 
10 25 2 24 0 23 0 22 15 
8 24 0 23 0 22 0 21 15 
8 25 0 24 0 23 0 22 15 
9 25 1 24 0 23 0 22 15 
10 25 2 24 0 23 0 22 15 
7 24 0 23 0 22 0 21 15 
7 24 0 23 0 22 0 21 15 
11 26 2 25 0 24 0 23 15 
9 25 1 24 0 23 0 22 15 
11 25 2 24 0 23 0 22 15 
8 24 0 23 0 22 0 21 15 
6 24 0 23 0 22 0 21 15 
8 26 0 25 0 24 0 23 15 
SCORES_TXT_END_0
SCORES_TXT_BEGIN_0 72 100 9 BLEU
8 37 2 36 1 35 0 34 20 
8 37 2 36 1 35 0 34 20 
8 38 2 37 1 36 0 35 20 
8 37 2 36 1 35 0 34 20 
7 36 2 35 1 34 0 33 20 
7 38 2 37 1 36 0 35 20 
8 32 0 31 0 30 0 29 20 
8 37 2 36 1 35 0 34 20 
8 37 2 36 1 35 0 34 20 
7 32 0 31 0 30 0 29 20 
6 32 0 31 0 30 0 29 20 
8 37 2 36 1 35 0 34 20 
8 37 2 36 1 35 0 34 20 
8 37 2 36 1 35 0 34 20 
5 32 0 31 0 30 0 29 20 
8 31 0 30 0 29 0 28 20 
7 31 0 30 0 29 0 28 20 
7 38 2 37 1 36 0 35 20 
7 37 2 36 1 35 0 34 20 
8 38 2 37 1 36 0 35 20 
8 37 2 36 1 35 0 34 20 
9 33 2 32 1 31 0 30 20 
7 31 0 30 0 29 0 28 20 
6 31 0 30 0 29 0 28 20 
5 31 0 30 0 29 0 28 20 
8 37 2 36 1 35 0 34 20 
7 31 0 30 0 29 0 28 20 
8 37 2 36 1 35 0 34 20 
7 37 2 36 1 35 0 34 20 
8 33 2 32 1 31 0 30 20 
6 33 0 32 0 31 0 30 20 
8 37 2 36 1 35 0 34 20 
5 31 0 30 0 29 0 28 20 
8 38 2 37 1 36 0 35 20 
7 31 0 30 0 29 0 28 20 
8 37 2 36 1 35 0 34 20 
5 31 0 30 0 29 0 28 20 
8 38 2 37 1 36 0 35 20 
7 32 0 31 0 30 0 29 20 
8 37 2 36 1 35 0 34 20 
5 33 0 32 0 31 0 30 20 
5 31 0 30 0 29 0 28 20 
9 35 2 34 1 33 0 32 20 
9 32 2 31 1 30 0 29 20 
8 32 2 31 1 30 0 29 20 
8 37 2 36 1 35 0 34 20 
8 37 2 36 1 35 0 34 20 
8 37 2 36 1 35 0 34 20 
7 38 2 37 1 36 0 35 20 
7 37 2 36 1 35 0 34 20 
5 32 0 31 0 30 0 29 20 
8 32 0 31 0 30 0 29 20 
8 37 2 36 1 35 0 34 20 
8 37 2 36 1 35 0 34 20 
8 37 2 36 1 35 0 34 20 
7 31 0 30 0 29 0 28 20 
7 38 2 37 1 36 0 35 20 
8 35 2 34 1 33 0 32 20 
8 37 2 36 1 35 0 34 20 
8 37 2 36 1 35 0 34 20 
8 32 0 31 0 30 0 29 20 
8 32 2 31 1 30 0 29 20 
7 38 2 37 1 36 0 35 20 
6 32 0 31 0 30 0 29 20 
7 36 2 35 1 34 0 33 20 
5 32 0 31 0 30 0 29 20 
8 32 2 31 1 30 0 29 20 
7 32 0 31 0 30 0 29 20 
8 36 2 35 1 34 0 33 20 
8 37 2 36 1 35 0 34 20 
7 38 2 37 1 36 0 35 20 
7 32 0 31 0 30 0 29 20 
6 32 0 31 0 30 0 29 20 
8 38 2 37 1 36 0 35 20 
7 37 2 36 1 35 0 34 20 
7 31 0 30 0 29 0 28 20 
5 31 0 30 0 29 0 28 20 
7 32 0 31 0 30 0 29 20 
6 32 0 31 0 30 0 29 20 
8 37 2 36 1 35 0 34 20 
5 32 0 31 0 30 0 29 20 
8 37 2 36 1 35 0 34 20 
7 31 0 30 0 29 0 28 20 
8 32 2 31 1 30 0 29 20 
7 31 0 30 0 29 0 28 20 
8 37 2 36 1 35 0 34 20 
5 32 0 31 0 30 0 29 20 
5 32 0 31 0 30 0 29 20 
8 37 2 36 1 35 0 34 20 
9 34 2 33 1 32 0 31 20 
8 34 2 33 1 32 0 31 20 
8 37 2 36 1 35 0 34 20 
7 32 0 31 0 30 0 29 20 
8 36 2 35 1 34 0 33 20 
6 31 0 30 0 29 0 28 20 
8 33 2 32 1 31 0 30 20 
5 32 0 31 0 30 0 29 20 
5 31 0 30 0 29 0 28 20 
8 37 2 36 1 35 0 34 20 
8 37 2 36 1 35 0 34 20 
SCORES_TXT_END_0
SCORES_TXT_BEGIN_0 73 100 9 BLEU
10 46 2 45 1 44 0 43 28 
10 44 2 43 1 42 0 41 28 
10 45 2 44 1 43 0 42 28 
10 43 2 42 1 41 0 40 28 
11 46 2 45 1 44 0 43 28 
11 47 2 46 1 45 0 44 28 
11 44 2 43 1 42 0 41 28 
11 45 2 44 1 43 0 42 28 
10 47 2 46 1 45 0 44 28 
11 45 2 44 1 43 0 42 28 
11 47 2 46 1 45 0 44 28 
10 45 2 44 1 43 0 42 28 
11 43 2 42 1 41 0 40 28 
11 45 2 44 1 43 0 42 28 
9 46 2 45 1 44 0 43 28 
10 46 2 45 1 44 0 43 28 
9 44 2 43 1 42 0 41 28 
10 47 2 46 1 45 0 44 28 
10 46 2 45 1 44 0 43 28 
9 44 2 43 1 42 0 41 28 
10 44 2 43 1 42 0 41 28 
9 45 2 44 1 43 0 42 28 
10 45 2 44 1 43 0 42 28 
9 43 2 42 1 41 0 40 28 
10 44 2 43 1 42 0 41 28 
9 47 2 46 1 45 0 44 28 
10 46 2 45 1 44 0 43 28 
12 47 2 46 1 45 0 44 28 
10 45 2 44 1 43 0 42 28 
9 43 2 42 1 41 0 40 28 
11 46 2 45 1 44 0 43 28 
9 47 2 46 1 45 0 44 28 
10 48 2 47 1 46 0 45 28 
10 47 2 46 1 45 0 44 28 
9 45 2 44 1 43 0 42 28 
10 44 2 43 1 42 0 41 28 
12 45 2 44 1 43 0 42 28 
11 47 2 46 1 45 0 44 28 
11 44 2 43 1 42 0 41 28 
9 45 2 44 1 43 0 42 28 
11 48 2 47 1 46 0 45 28 
9 46 2 45 1 44 0 43 28 
10 46 2 45 1 44 0 43 28 
10 44 2 43 1 42 0 41 28 
9 46 2 45 1 44 0 43 28 
11 47 2 46 1 45 0 44 28 
11 45 2 44 1 43 0 42 28 
10 47 2 46 1 45 0 44 28 
11 45 2 44 1 43 0 42 28 
11 47 2 46 1 45 0 44 28 
10 46 2 45 1 44 0 43 28 
11 46 2 45 1 44 0 43 28 
9 44 2 43 1 42 0 41 28 
10 46 2 45 1 44 0 43 28 
11 46 2 45 1 44 0 43 28 
11 48 2 47 1 46 0 45 28 
9 44 2 43 1 42 0 41 28 
11 45 2 44 1 43 0 42 28 
10 44 2 43 1 42 0 41 28 
11 43 2 42 1 41 0 40 28 
10 45 2 44 1 43 0 42 28 
10 46 2 45 1 44 0 43 28 
11 45 2 44 1 43 0 42 28 
11 47 2 46 1 45 0 44 28 
10 45 2 44 1 43 0 42 28 
10 45 2 44 1 43 0 42 28 
10 44 2 43 1 42 0 41 28 
11 48 2 47 1 46 0 45 28 
11 44 2 43 1 42 0 41 28 
11 46 2 45 1 44 0 43 28 
10 46 2 45 1 44 0 43 28 
9 47 2 46 1 45 0 44 28 
10 45 2 44 1 43 0 42 28 
10 44 2 43 1 42 0 41 28 
11 45 2 44 1 43 0 42 28 
10 45 2 44 1 43 0 42 28 
10 47 2 46 1 45 0 44 28 
10 43 2 42 1 41 0 40 28 
9 45 2 44 1 43 0 42 28 
11 46 2 45 1 44 0 43 28 
10 43 2 42 1 41 0 40 28 
11 46 2 45 1 44 0 43 28 
11 45 2 44 1 43 0 42 28 
10 45 2 44 1 43 0 42 28 
10 47 2 46 1 45 0 44 28 
11 46 2 45 1 44 0 43 28 
10 44 2 43 1 42 0 41 28 
10 44 2 43 1 42 0 41 28 
10 44 2 43 1 42 0 41 28 
11 48 2 47 1 46 0 45 28 
10 47 2 46 1 45 0 44 28 
9 45 2 44 1 43 0 42 28 
11 45 2 44 1 43 0 42 28 
10 43 2 42 1 41 0 40 28 
12 46 2 45 1 44 0 43 28 
10 47 2 46 1 45 0 44 28 
10 45 2 44 1 43 0 42 28 
11 48 2 47 1 46 0 45 28 
10 46 2 45 1 44 0 43 28 
11 44 2 43 1 42 0 41 28 
SCORES_TXT_END_0
SCORES_TXT_BEGIN_0 74 100 9 BLEU
7 27 0 26 0 25 0 24 14 
7 26 0 25 0 24 0 23 14 
7 26 0 25 0 24 0 23 14 
6 26 0 25 0 24 0 23 14 
7 26 0 25 0 24 0 23 14 
7 26 0 25 0 24 0 23 14 
7 26 0 25 0 24 0 23 14 
7 26 0 25 0 24 0 23 14 
7 25 0 24 0 23 0 22 14 
7 25 0 24 0 23 0 22 14 
7 29 0 28 0 27 0 26 14 
7 26 0 25 0 24 0 23 14 
6 27 0 26 0 25 0 24 14 
7 25 0 24 0 23 0 22 14 
7 25 0 24 0 23 0 22 14 
7 26 0 25 0 24 0 23 14 
7 28 0 27 0 26 0 25 14 
7 28 0 27 0 26 0 25 14 
7 25 0 24 0 23 0 22 14 
7 25 0 24 0 23 0 22 14 
6 28 0 27 0 26 0 25 14 
7 28 0 27 0 26 0 25 14 
6 25 0 24 0 23 0 22 14 
7 25 0 24 0 23 0 22 14 
7 28 0 27 0 26 0 25 14 
7 25 0 24 0 23 0 22 14 
7 27 0 26 0 25 0 24 14 
7 25 0 24 0 23 0 22 14 
7 27 0 26 0 25 0 24 14 
7 25 0 24 0 23 0 22 14 
7 28 0 27 0 26 0 25 14 
7 27 0 26 0 25 0 24 14 
7 27 0 26 0 25 0 24 14 
7 27 0 26 0 25 0 24 14 
7 28 0 27 0 26 0 25 14 
6 29 0 28 0 27 0 26 14 
7 26 0 25 0 24 0 23 14 
7 26 0 25 0 24 0 23 14 
7 25 0 24 0 23 0 22 14 
7 24 0 23 0 22 0 21 14 
7 24 0 23 0 22 0 21 14 
7 25 0 24 0 23 0 22 14 
6 26 0 25 0 24 0 23 14 
7 26 0 25 0 24 0 23 14 
7 26 0 25 0 24 0 23 14 
6 27 0 26 0 25 0 24 14 
6 26 0 25 0 24 0 23 14 
6 28 0 27 0 26 0 25 14 
6 26 0 25 0 24 0 23 14 
6 26 0 25 0 24 0 23 14 
6 26 0 25 0 24 0 23 14 
7 26 0 25 0 24 0 23 14 
7 27 0 26 0 25 0 24 14 
7 26 0 25 0 24 0 23 14 
7 26 0 25 0 24 0 23 14 
6 27 0 26 0 25 0 24 14 
6 27 0 26 0 25 0 24 14 
6 27 0 26 0 25 0 24 14 
7 26 0 25 0 24 0 23 14 
7 26 0 25 0 24 0 23 14 
7 26 0 25 0 24 0 23 14 
6 29 0 28 0 27 0 26 14 
8 26 1 25 0 24 0 23 14 
7 26 0 25 0 24 0 23 14 
7 27 0 26 0 25 0 24 14 
7 29 0 28 0 27 0 26 14 
6 26 0 25 0 24 0 23 14 
6 26 0 25 0 24 0 23 14 
6 26 0 25 0 24 0 23 14 
7 26 0 25 0 24 0 23 14 
7 27 0 26 0 25 0 24 14 
7 27 0 26 0 25 0 24 14 
7 26 0 25 0 24 0 23 14 
6 28 0 27 0 26 0 25 14 
7 27 0 26 0 25 0 24 14 
8 25 1 24 0 23 0 22 14 
7 25 0 24 0 23 0 22 14 
6 28 0 27 0 26 0 25 14 
8 25 1 24 0 23 0 22 14 
7 25 0 24 0 23 0 22 14 
7 24 0 23 0 22 0 21 14 
7 29 0 28 0 27 0 26 14 
7 26 0 25 0 24 0 23 14 
6 27 0 26 0 25 0 24 14 
7 26 0 25 0 24 0 23 14 
7 26 0 25 0 24 0 23 14 
5 27 0 26 0 25 0 24 14 
6 26 0 25 0 24 0 23 14 
7 25 0 24 0 23 0 22 14 
7 25 0 24 0 23 0 22 14 
6 26 0 25 0 24 0 23 14 
6 27 0 26 0 25 0 24 14 
7 26 0 25 0 24 0 23 14 
7 28 0 27 0 26 0 25 14 
7 28 0 27 0 26 0 25 14 
7 26 0 25 0 24 0 23 14 
7 28 0 27 0 26 0 25 14 
7 26 0 25 0 24 0 23 14 
5 26 0 25 0 24 0 23 14 
6 27 0 26 0 25 0 24 14 
SCORES_TXT_END_0
SCORES_TXT_BEGIN_0 75 100 9 BLEU
10 36 4 35 0 34 0 33 20 
10 36 4 35 0 34 0 33 20 
10 35 4 34 0 33 0 32 20 
10 36 4 35 0 34 0 33 20 
10 36 4 35 0 34 0 33 20 
10 35 4 34 0 33 0 32 20 
10 36 4 35 0 34 0 33 20 
10 35 4 34 0 33 0 32 20 
10 36 4 35 0 34 0 33 20 
10 35 3 34 0 33 0 32 20 
11 35 3 34 0 33 0 32 20 
10 34 3 33 0 32 0 31 20 
11 35 3 34 0 33 0 32 20 
10 35 3 34 0 33 0 32 20 
11 34 3 33 0 32 0 31 20 
10 36 4 35 0 34 0 33 20 
11 35 3 34 0 33 0 32 20 
11 35 3 34 0 33 0 32 20 
9 36 3 35 0 34 0 33 20 
10 36 4 35 0 34 0 33 20 
11 34 3 33 0 32 0 31 20 
9 36 3 35 0 34 0 33 20 
10 36 4 35 0 34 0 33 20 
10 35 4 34 0 33 0 32 20 
11 35 3 34 0 33 0 32 20 
11 34 3 33 0 32 0 31 20 
10 35 3 34 0 33 0 32 20 
10 36 4 35 0 34 0 33 20 
10 36 4 35 0 34 0 33 20 
11 35 3 34 0 33 0 32 20 
11 36 3 35 0 34 0 33 20 
10 36 4 35 0 34 0 33 20 
9 35 3 34 0 33 0 32 20 
10 35 4 34 0 33 0 32 20 
9 36 3 35 0 34 0 33 20 
10 36 4 35 0 34 0 33 20 
9 35 3 34 0 33 0 32 20 
10 35 4 34 0 33 0 32 20 
10 36 4 35 0 34 0 33 20 
9 36 3 35 0 34 0 33 20 
10 35 3 34 0 33 0 32 20 
10 36 4 35 0 34 0 33 20 
9 35 2 34 0 33 0 32 20 
10 34 3 33 0 32 0 31 20 
10 35 4 34 0 33 0 32 20 
11 36 3 35 0 34 0 33 20 
10 34 2 33 0 32 0 31 20 
10 35 3 34 0 33 0 32 20 
11 35 3 34 0 33 0 32 20 
10 35 3 34 0 33 0 32 20 
10 36 4 35 0 34 0 33 20 
10 36 4 35 0 34 0 33 20 
10 35 4 34 0 33 0 32 20 
11 36 3 35 0 34 0 33 20 
10 35 3 34 0 33 0 32 20 
11 36 3 35 0 34 0 33 20 
10 36 4 35 0 34 0 33 20 
11 35 3 34 0 33 0 32 20 
10 36 4 35 0 34 0 33 20 
10 35 4 34 0 33 0 32 20 
10 36 4 35 0 34 0 33 20 
11 35 3 34 0 33 0 32 20 
10 36 4 35 0 34 0 33 20 
10 36 4 35 0 34 0 33 20 
10 35 4 34 0 33 0 32 20 
10 34 3 33 0 32 0 31 20 
10 36 4 35 0 34 0 33 20 
10 36 4 35 0 34 0 33 20 
9 34 2 33 0 32 0 31 20 
9 36 3 35 0 34 0 33 20 
11 35 3 34 0 33 0 32 20 
10 35 3 34 0 33 0 32 20 
10 35 2 34 0 33 0 32 20 
10 33 2 32 0 31 0 30 20 
10 34 3 33 0 32 0 31 20 
9 35 2 34 0 33 0 32 20 
11 35 3 34 0 33 0 32 20 
10 35 4 34 0 33 0 32 20 
11 36 3 35 0 34 0 33 20 
10 34 2 33 0 32 0 31 20 
11 35 3 34 0 33 0 32 20 
11 35 3 34 0 33 0 32 20 
10 34 3 33 0 32 0 31 20 
10 35 3 34 0 33 0 32 20 
10 35 4 34 0 33 0 32 20 
10 36 4 35 0 34 0 33 20 
11 34 3 33 0 32 0 31 20 
10 35 2 34 0 33 0 32 20 
10 35 4 34 0 33 0 32 20 
10 36 4 35 0 34 0 33 20 
10 34 4 33 0 32 0 31 20 
11 35 3 34 0 33 0 32 20 
11 36 3 35 0 34 0 33 20 
10 35 3 34 0 33 0 32 20 
11 35 3 34 0 33 0 32 20 
10 36 4 35 0 34 0 33 20 
11 35 3 34 0 33 0 32 20 
11 34 3 33 0 32 0 31 20 
10 36 4 35 0 34 0 33 20 
10 35 4 34 0 33 0 32 20 
SCORES_TXT_END_0
SCORES_TXT_BEGIN_0 76 100 9 BLEU
6 48 0 47 0 46 0 45 17 
6 48 0 47 0 46 0 45 17 
6 46 0 45 0 44 0 43 17 
6 46 0 45 0 44 0 43 17 
6 47 0 46 0 45 0 44 17 
6 45 0 44 0 43 0 42 17 
6 46 0 45 0 44 0 43 17 
6 45 0 44 0 43 0 42 17 
6 45 0 44 0 43 0 42 17 
6 48 0 47 0 46 0 45 17 
6 48 0 47 0 46 0 45 17 
6 48 0 47 0 46 0 45 17 
6 47 0 46 0 45 0 44 17 
6 47 0 46 0 45 0 44 17 
6 48 0 47 0 46 0 45 17 
6 48 0 47 0 46 0 45 17 
6 48 0 47 0 46 0 45 17 
6 48 0 47 0 46 0 45 17 
6 46 0 45 0 44 0 43 17 
6 47 0 46 0 45 0 44 17 
6 46 0 45 0 44 0 43 17 
6 47 0 46 0 45 0 44 17 
6 46 0 45 0 44 0 43 17 
6 46 0 45 0 44 0 43 17 
6 48 0 47 0 46 0 45 17 
6 45 0 44 0 43 0 42 17 
6 47 0 46 0 45 0 44 17 
6 49 0 48 0 47 0 46 17 
6 48 0 47 0 46 0 45 17 
6 47 0 46 0 45 0 44 17 
6 45 0 44 0 43 0 42 17 
6 46 0 45 0 44 0 43 17 
6 45 0 44 0 43 0 42 17 
6 46 0 45 0 44 0 43 17 
6 46 0 45 0 44 0 43 17 
6 46 0 45 0 44 0 43 17 
6 45 0 44 0 43 0 42 17 
6 46 0 45 0 44 0 43 17 
6 46 0 45 0 44 0 43 17 
6 48 0 47 0 46 0 45 17 
6 45 0 44 0 43 0 42 17 
6 48 0 47 0 46 0 45 17 
6 49 0 48 0 47 0 46 17 
6 46 0 45 0 44 0 43 17 
6 45 0 44 0 43 0 42 17 
6 47 0 46 0 45 0 44 17 
6 48 0 47 0 46 0 45 17 
6 47 0 46 0 45 0 44 17 
6 44 0 43 0 42 0 41 17 
6 47 0 46 0 45 0 44 17 
6 45 0 44 0 43 0 42 17 
6 44 0 43 0 42 0 41 17 
6 45 0 44 0 43 0 42 17 
6 47 0 46 0 45 0 44 17 
6 45 0 44 0 43 0 42 17 
6 47 0 46 0 45 0 44 17 
6 45 0 44 0 43 0 42 17 
6 46 0 45 0 44 0 43 17 
6 45 0 44 0 43 0 42 17 
6 48 0 47 0 46 0 45 17 
6 48 0 47 0 46 0 45 17 
6 45 0 44 0 43 0 42 17 
6 48 0 47 0 46 0 45 17 
6 46 0 45 0 44 0 43 17 
6 47 0 46 0 45 0 44 17 
6 48 0 47 0 46 0 45 17 
6 47 0 46 0 45 0 44 17 
6 44 0 43 0 42 0 41 17 
6 45 0 44 0 43 0 42 17 
6 46 0 45 0 44 0 43 17 
6 45 0 44 0 43 0 42 17 
6 46 0 45 0 44 0 43 17 
6 48 0 47 0 46 0 45 17 
6 47 0 46 0 45 0 44 17 
6 46 0 45 0 44 0 43 17 
6 45 0 44 0 43 0 42 17 
6 47 0 46 0 45 0 44 17 
6 48 0 47 0 46 0 45 17 
6 48 0 47 0 46 0 45 17 
6 46 0 45 0 44 0 43 17 
6 46 0 45 0 44 0 43 17 
6 45 0 44 0 43 0 42 17 
6 47 0 46 0 45 0 44 17 
6 46 0 45 0 44 0 43 17 
6 45 0 44 0 43 0 42 17 
6 47 0 46 0 45 0 44 17 
6 48 0 47 0 46 0 45 17 
6 49 0 48 0 47 0 46 17 
6 47 0 46 0 45 0 44 17 
6 47 0 46 0 45 0 44 17 
6 47 0 46 0 45 0 44 17 
6 46 0 45 0 44 0 43 17 
6 50 0 49 0 48 0 47 17 
6 47 0 46 0 45 0 44 17 
6 46 0 45 0 44 0 43 17 
6 47 0 46 0 45 0 44 17 
6 46 0 45 0 44 0 43 17 
6 49 0 48 0 47 0 46 17 
6 46 0 45 0 44 0 43 17 
6 48 0 47 0 46 0 45 17 
SCORES_TXT_END_0
SCORES_TXT_BEGIN_0 77 100 9 BLEU
2 16 0 15 0 14 0 13 8 
2 16 0 15 0 14 0 13 8 
2 15 0 14 0 13 0 12 8 
2 15 0 14 0 13 0 12 8 
2 17 0 16 0 15 0 14 8 
2 17 0 16 0 15 0 14 8 
2 16 0 15 0 14 0 13 8 
2 15 0 14 0 13 0 12 8 
2 16 0 15 0 14 0 13 8 
2 15 0 14 0 13 0 12 8 
2 16 0 15 0 14 0 13 8 
5 16 0 15 0 14 0 13 8 
2 16 0 15 0 14 0 13 8 
2 17 0 16 0 15 0 14 8 
2 16 0 15 0 14 0 13 8 
2 16 0 15 0 14 0 13 8 
2 17 0 16 0 15 0 14 8 
2 17 0 16 0 15 0 14 8 
2 16 0 15 0 14 0 13 8 
2 16 0 15 0 14 0 13 8 
5 16 0 15 0 14 0 13 8 
2 14 0 13 0 12 0 11 8 
2 15 0 14 0 13 0 12 8 
2 16 0 15 0 14 0 13 8 
3 15 0 14 0 13 0 12 8 
2 15 0 14 0 13 0 12 8 
2 16 0 15 0 14 0 13 8 
2 15 0 14 0 13 0 12 8 
2 15 0 14 0 13 0 12 8 
2 15 0 14 0 13 0 12 8 
2 15 0 14 0 13 0 12 8 
2 14 0 13 0 12 0 11 8 
2 16 0 15 0 14 0 13 8 
4 16 0 15 0 14 0 13 8 
2 14 0 13 0 12 0 11 8 
2 16 0 15 0 14 0 13 8 
1 14 0 13 0 12 0 11 8 
2 17 0 16 0 15 0 14 8 
2 16 0 15 0 14 0 13 8 
2 15 0 14 0 13 0 12 8 
2 15 0 14 0 13 0 12 8 
2 15 0 14 0 13 0 12 8 
2 16 0 15 0 14 0 13 8 
1 14 0 13 0 12 0 11 8 
2 15 0 14 0 13 0 12 8 
4 16 0 15 0 14 0 13 8 
2 16 0 15 0 14 0 13 8 
2 14 0 13 0 12 0 11 8 
2 17 0 16 0 15 0 14 8 
4 18 0 17 0 16 0 15 8 
2 15 0 14 0 13 0 12 8 
2 17 0 16 0 15 0 14 8 
2 17 0 16 0 15 0 14 8 
5 16 0 15 0 14 0 13 8 
2 17 0 16 0 15 0 14 8 
2 16 0 15 0 14 0 13 8 
2 14 0 13 0 12 0 11 8 
5 15 0 14 0 13 0 12 8 
2 17 0 16 0 15 0 14 8 
2 17 0 16 0 15 0 14 8 
2 17 0 16 0 15 0 14 8 
2 15 0 14 0 13 0 12 8 
2 16 0 15 0 14 0 13 8 
2 16 0 15 0 14 0 13 8 
2 16 0 15 0 14 0 13 8 
2 17 0 16 0 15 0 14 8 
2 14 0 13 0 12 0 11 8 
4 17 0 16 0 15 0 14 8 
2 16 0 15 0 14 0 13 8 
2 17 0 16 0 15 0 14 8 
2 16 0 15 0 14 0 13 8 
2 15 0 14 0 13 0 12 8 
1 14 0 13 0 12 0 11 8 
2 16 0 15 0 14 0 13 8 
2 15 0 14 0 13 0 12 8 
2 15 0 14 0 13 0 12 8 
2 16 0 15 0 14 0 13 8 
2 17 0 16 0 15 0 14 8 
4 18 0 17 0 16 0 15 8 
2 16 0 15 0 14 0 13 8 
2 17 0 16 0 15 0 14 8 
2 16 0 15 0 14 0 13 8 
2 16 0 15 0 14 0 13 8 
2 15 0 14 0 13 0 12 8 
1 14 0 13 0 12 0 11 8 
2 16 0 15 0 14 0 13 8 
2 15 0 14 0 13 0 12 8 
2 16 0 15 0 14 0 13 8 
5 17 0 16 0 15 0 14 8 
2 16 0 15 0 14 0 13 8 
5 15 0 14 0 13 0 12 8 
2 17 0 16 0 15 0 14 8 
1 14 0 13 0 12 0 11 8 
3 17 0 16 0 15 0 14 8 
2 16 0 15 0 14 0 13 8 
2 14 0 13 0 12 0 11 8 
5 16 0 15 0 14 0 13 8 
2 16 0 15 0 14 0 13 8 
4 17 0 16 0 15 0 14 8 
2 18 0 17 0 16 0 15 8 
SCORES_TXT_END_0
SCORES_TXT_BEGIN_0 78 100 9 BLEU
5 21 1 20 0 19 0 18 13 
5 21 1 20 0 19 0 18 13 
5 21 1 20 0 19 0 18 13 
5 21 1 20 0 19 0 18 13 
5 21 1 20 0 19 0 18 13 
5 21 1 20 0 19 0 18 13 
5 21 1 20 0 19 0 18 13 
5 21 1 20 0 19 0 18 13 
5 20 2 19 0 18 0 17 13 
5 20 2 19 0 18 0 17 13 
5 21 1 20 0 19 0 18 13 
5 21 1 20 0 19 0 18 13 
5 22 1 21 0 20 0 19 13 
5 21 1 20 0 19 0 18 13 
5 21 1 20 0 19 0 18 13 
5 21 1 20 0 19 0 18 13 
5 21 1 20 0 19 0 18 13 
5 21 1 20 0 19 0 18 13 
5 21 1 20 0 19 0 18 13 
5 21 1 20 0 19 0 18 13 
6 21 3 20 1 19 0 18 13 
5 21 1 20 0 19 0 18 13 
5 21 1 20 0 19 0 18 13 
5 21 1 20 0 19 0 18 13 
5 21 1 20 0 19 0 18 13 
5 21 1 20 0 19 0 18 13 
5 22 1 21 0 20 0 19 13 
5 21 1 20 0 19 0 18 13 
5 21 1 20 0 19 0 18 13 
5 22 1 21 0 20 0 19 13 
5 21 1 20 0 19 0 18 13 
5 21 1 20 0 19 0 18 13 
5 21 1 20 0 19 0 18 13 
5 21 1 20 0 19 0 18 13 
5 21 1 20 0 19 0 18 13 
5 21 1 20 0 19 0 18 13 
5 21 1 20 0 19 0 18 13 
5 21 1 20 0 19 0 18 13 
5 21 1 20 0 19 0 18 13 
5 21 1 20 0 19 0 18 13 
5 21 1 20 0 19 0 18 13 
5 22 1 21 0 20 0 19 13 
5 21 1 20 0 19 0 18 13 
5 21 1 20 0 19 0 18 13 
5 21 1 20 0 19 0 18 13 
5 21 1 20 0 19 0 18 13 
5 21 1 20 0 19 0 18 13 
5 21 1 20 0 19 0 18 13 
5 20 2 19 0 18 0 17 13 
5 21 1 20 0 19 0 18 13 
5 21 1 20 0 19 0 18 13 
5 21 1 20 0 19 0 18 13 
5 21 1 20 0 19 0 18 13 
5 21 1 20 0 19 0 18 13 
5 21 1 20 0 19 0 18 13 
5 21 1 20 0 19 0 18 13 
5 21 1 20 0 19 0 18 13 
5 22 1 21 0 20 0 19 13 
5 21 1 20 0 19 0 18 13 
5 21 1 20 0 19 0 18 13 
5 21 1 20 0 19 0 18 13 
5 21 1 20 0 19 0 18 13 
5 21 1 20 0 19 0 18 13 
5 21 1 20 0 19 0 18 13 
5 20 0 19 0 18 0 17 13 
5 22 1 21 0 20 0 19 13 
5 21 1 20 0 19 0 18 13 
5 20 2 19 0 18 0 17 13 
5 21 1 20 0 19 0 18 13 
5 22 1 21 0 20 0 19 13 
5 21 1 20 0 19 0 18 13 
6 21 2 20 0 19 0 18 13 
5 21 1 20 0 19 0 18 13 
5 21 1 20 0 19 0 18 13 
5 21 1 20 0 19 0 18 13 
5 20 2 19 0 18 0 17 13 
5 21 1 20 0 19 0 18 13 
5 21 1 20 0 19 0 18 13 
5 21 1 20 0 19 0 18 13 
5 21 1 20 0 19 0 18 13 
5 21 1 20 0 19 0 18 13 
5 22 1 21 0 20 0 19 13 
5 21 1 20 0 19 0 18 13 
5 21 1 20 0 19 0 18 13 
5 20 1 19 0 18 0 17 13 
5 21 1 20 0 19 0 18 13 
5 21 1 20 0 19 0 18 13 
6 22 3 21 1 20 0 19 13 
5 21 1 20 0 19 0 18 13 
5 21 1 20 0 19 0 18 13 
5 21 1 20 0 19 0 18 13 
5 22 1 21 0 20 0 19 13 
5 21 1 20 0 19 0 18 13 
5 21 1 20 0 19 0 18 13 
5 21 1 20 0 19 0 18 13 
5 20 0 19 0 18 0 17 13 
5 21 1 20 0 19 0 18 13 
5 21 1 20 0 19 0 18 13 
5 22 1 21 0 20 0 19 13 
5 21 1 20 0 19 0 18 13 
SCORES_TXT_END_0
SCORES_TXT_BEGIN_0 79 100 9 BLEU
5 22 2 21 1 20 0 19 13 
5 22 2 21 1 20 0 19 13 
5 23 2 22 1 21 0 20 13 
5 20 2 19 1 18 0 17 13 
5 20 2 19 1 18 0 17 13 
4 22 1 21 0 20 0 19 13 
5 21 2 20 1 19 0 18 13 
4 23 0 22 0 21 0 20 13 
5 23 2 22 1 21 0 20 13 
5 20 2 19 1 18 0 17 13 
4 23 0 22 0 21 0 20 13 
5 21 2 20 1 19 0 18 13 
5 22 2 21 1 20 0 19 13 
5 20 2 19 1 18 0 17 13 
5 22 2 21 1 20 0 19 13 
4 22 1 21 0 20 0 19 13 
5 21 2 20 1 19 0 18 13 
4 23 1 22 0 21 0 20 13 
4 20 1 19 0 18 0 17 13 
4 23 0 22 0 21 0 20 13 
4 24 0 23 0 22 0 21 13 
4 21 0 20 0 19 0 18 13 
5 20 2 19 0 18 0 17 13 
5 21 2 20 1 19 0 18 13 
5 21 1 20 0 19 0 18 13 
5 21 2 20 1 19 0 18 13 
4 24 0 23 0 22 0 21 13 
4 21 0 20 0 19 0 18 13 
5 24 2 23 1 22 0 21 13 
5 24 2 23 1 22 0 21 13 
5 22 2 21 1 20 0 19 13 
5 21 1 20 0 19 0 18 13 
5 23 2 22 1 21 0 20 13 
5 20 2 19 1 18 0 17 13 
3 25 0 24 0 23 0 22 13 
5 20 2 19 1 18 0 17 13 
4 20 1 19 0 18 0 17 13 
4 21 0 20 0 19 0 18 13 
5 20 2 19 1 18 0 17 13 
5 20 2 19 1 18 0 17 13 
4 21 0 20 0 19 0 18 13 
5 23 2 22 1 21 0 20 13 
5 20 2 19 1 18 0 17 13 
5 23 2 22 1 21 0 20 13 
5 24 2 23 1 22 0 21 13 
5 20 2 19 1 18 0 17 13 
6 23 2 22 1 21 0 20 13 
4 21 1 20 0 19 0 18 13 
4 22 0 21 0 20 0 19 13 
4 23 1 22 0 21 0 20 13 
4 20 1 19 0 18 0 17 13 
5 21 2 20 1 19 0 18 13 
5 22 2 21 1 20 0 19 13 
4 22 0 21 0 20 0 19 13 
5 23 2 22 1 21 0 20 13 
4 24 0 23 0 22 0 21 13 
4 21 0 20 0 19 0 18 13 
4 21 1 20 0 19 0 18 13 
5 20 2 19 0 18 0 17 13 
5 20 2 19 1 18 0 17 13 
5 21 2 20 1 19 0 18 13 
5 22 2 21 0 20 0 19 13 
5 22 2 21 1 20 0 19 13 
5 21 2 20 1 19 0 18 13 
4 22 0 21 0 20 0 19 13 
5 21 1 20 0 19 0 18 13 
5 20 2 19 1 18 0 17 13 
5 21 2 20 0 19 0 18 13 
4 22 0 21 0 20 0 19 13 
5 23 1 22 0 21 0 20 13 
5 21 2 20 1 19 0 18 13 
5 24 2 23 1 22 0 21 13 
5 24 2 23 1 22 0 21 13 
5 22 2 21 1 20 0 19 13 
5 22 1 21 0 20 0 19 13 
4 22 1 21 0 20 0 19 13 
5 22 2 21 1 20 0 19 13 
4 22 0 21 0 20 0 19 13 
5 21 2 20 1 19 0 18 13 
5 23 1 22 0 21 0 20 13 
4 23 0 22 0 21 0 20 13 
5 22 2 21 1 20 0 19 13 
5 22 2 21 1 20 0 19 13 
5 22 1 21 0 20 0 19 13 
5 21 2 20 1 19 0 18 13 
5 23 2 22 1 21 0 20 13 
5 20 2 19 1 18 0 17 13 
6 22 2 21 1 20 0 19 13 
4 20 1 19 0 18 0 17 13 
5 21 2 20 1 19 0 18 13 
5 21 2 20 1 19 0 18 13 
5 21 2 20 1 19 0 18 13 
3 26 0 25 0 24 0 23 13 
3 23 0 22 0 21 0 20 13 
4 21 0 20 0 19 0 18 13 
5 20 2 19 1 18 0 17 13 
4 22 1 21 0 20 0 19 13 
6 20 3 19 1 18 0 17 13 
5 21 2 20 1 19 0 18 13 
5 20 2 19 1 18 0 17 13 
SCORES_TXT_END_0
SCORES_TXT_BEGIN_0 80 100 9 BLEU
5 27 0 26 0 25 0 24 13 
5 26 0 25 0 24 0 23 13 
5 27 0 26 0 25 0 24 13 
5 27 0 26 0 25 0 24 13 
5 26 0 25 0 24 0 23 13 
5 26 0 25 0 24 0 23 13 
3 24 0 23 0 22 0 21 13 
5 27 0 26 0 25 0 24 13 
4 24 0 23 0 22 0 21 13 
5 25 0 24 0 23 0 22 13 
5 27 0 26 0 25 0 24 13 
4 24 0 23 0 22 0 21 13 
5 27 0 26 0 25 0 24 13 
5 26 0 25 0 24 0 23 13 
5 24 0 23 0 22 0 21 13 
5 26 0 25 0 24 0 23 13 
4 26 0 25 0 24 0 23 13 
5 26 0 25 0 24 0 23 13 
5 26 0 25 0 24 0 23 13 
5 25 0 24 0 23 0 22 13 
4 24 0 23 0 22 0 21 13 
5 25 0 24 0 23 0 22 13 
5 25 0 24 0 23 0 22 13 
4 25 0 24 0 23 0 22 13 
4 24 0 23 0 22 0 21 13 
5 27 0 26 0 25 0 24 13 
4 26 0 25 0 24 0 23 13 
5 27 0 26 0 25 0 24 13 
4 26 0 25 0 24 0 23 13 
5 24 0 23 0 22 0 21 13 
3 24 0 23 0 22 0 21 13 
5 27 0 26 0 25 0 24 13 
5 24 0 23 0 22 0 21 13 
5 26 0 25 0 24 0 23 13 
4 24 0 23 0 22 0 21 13 
5 27 0 26 0 25 0 24 13 
5 25 0 24 0 23 0 22 13 
5 26 0 25 0 24 0 23 13 
5 26 0 25 0 24 0 23 13 
5 26 0 25 0 24 0 23 13 
3 26 0 25 0 24 0 23 13 
5 27 0 26 0 25 0 24 13 
4 25 0 24 0 23 0 22 13 
5 26 0 25 0 24 0 23 13 
5 27 0 26 0 25 0 24 13 
5 27 0 26 0 25 0 24 13 
5 25 0 24 0 23 0 22 13 
5 26 0 25 0 24 0 23 13 
5 24 0 23 0 22 0 21 13 
5 27 0 26 0 25 0 24 13 
4 25 0 24 0 23 0 22 13 
5 25 0 24 0 23 0 22 13 
3 24 0 23 0 22 0 21 13 
5 26 0 25 0 24 0 23 13 
5 27 0 26 0 25 0 24 13 
5 25 0 24 0 23 0 22 13 
3 22 0 21 0 20 0 19 13 
4 26 0 25 0 24 0 23 13 
4 24 0 23 0 22 0 21 13 
5 26 0 25 0 24 0 23 13 
5 26 0 25 0 24 0 23 13 
5 26 0 25 0 24 0 23 13 
4 24 0 23 0 22 0 21 13 
3 22 0 21 0 20 0 19 13 
5 27 0 26 0 25 0 24 13 
5 24 0 23 0 22 0 21 13 
3 24 0 23 0 22 0 21 13 
5 27 0 26 0 25 0 24 13 
5 27 0 26 0 25 0 24 13 
5 26 0 25 0 24 0 23 13 
5 26 0 25 0 24 0 23 13 
4 26 0 25 0 24 0 23 13 
5 25 0 24 0 23 0 22 13 
4 24 0 23 0 22 0 21 13 
4 24 0 23 0 22 0 21 13 
3 24 0 23 0 22 0 21 13 
5 27 0 26 0 25 0 24 13 
5 27 0 26 0 25 0 24 13 
5 24 0 23 0 22 0 21 13 
5 27 0 26 0 25 0 24 13 
5 25 0 24 0 23 0 22 13 
5 25 0 24 0 23 0 22 13 
4 24 0 23 0 22 0 21 13 
5 26 0 25 0 24 0 23 13 
5 25 0 24 0 23 0 22 13 
5 27 0 26 0 25 0 24 13 
5 27 0 26 0 25 0 24 13 
5 26 0 25 0 24 0 23 13 
4 26 0 25 0 24 0 23 13 
4 24 0 23 0 22 0 21 13 
5 26 0 25 0 24 0 23 13 
5 25 0 24 0 23 0 22 13 
5 26 0 25 0 24 0 23 13 
5 27 0 26 0 25 0 24 13 
3 23 0 22 0 21 0 20 13 
5 24 0 23 0 22 0 21 13 
5 26 0 25 0 24 0 23 13 
4 24 0 23 0 22 0 21 13 
5 26 0 25 0 24 0 23 13 
4 26 0 25 0 24 0 23 13 
SCORES_TXT_END_0
SCORES_TXT_BEGIN_0 81 100 9 BLEU
6 45 0 44 0 43 0 42 20 
7 46 0 45 0 44 0 43 20 
6 45 0 44 0 43 0 42 20 
7 46 0 45 0 44 0 43 20 
6 43 0 42 0 41 0 40 20 
6 46 0 45 0 44 0 43 20 
7 47 0 46 0 45 0 44 20 
6 45 0 44 0 43 0 42 20 
7 46 0 45 0 44 0 43 20 
6 44 0 43 0 42 0 41 20 
7 45 0 44 0 43 0 42 20 
6 45 0 44 0 43 0 42 20 
7 46 0 45 0 44 0 43 20 
7 45 0 44 0 43 0 42 20 
7 44 0 43 0 42 0 41 20 
8 45 0 44 0 43 0 42 20 
6 43 0 42 0 41 0 40 20 
7 46 0 45 0 44 0 43 20 
6 46 0 45 0 44 0 43 20 
6 45 0 44 0 43 0 42 20 
6 45 0 44 0 43 0 42 20 
7 47 0 46 0 45 0 44 20 
7 46 0 45 0 44 0 43 20 
7 46 0 45 0 44 0 43 20 
7 45 0 44 0 43 0 42 20 
7 46 0 45 0 44 0 43 20 
6 44 0 43 0 42 0 41 20 
6 45 0 44 0 43 0 42 20 
6 44 0 43 0 42 0 41 20 
6 44 0 43 0 42 0 41 20 
7 46 0 45 0 44 0 43 20 
7 45 0 44 0 43 0 42 20 
7 45 0 44 0 43 0 42 20 
6 45 0 44 0 43 0 42 20 
6 44 0 43 0 42 0 41 20 
6 45 0 44 0 43 0 42 20 
7 45 0 44 0 43 0 42 20 
7 46 0 45 0 44 0 43 20 
6 45 0 44 0 43 0 42 20 
6 45 0 44 0 43 0 42 20 
6 43 0 42 0 41 0 40 20 
7 45 0 44 0 43 0 42 20 
6 43 0 42 0 41 0 40 20 
6 46 0 45 0 44 0 43 20 
6 42 0 41 0 40 0 39 20 
7 47 0 46 0 45 0 44 20 
6 45 0 44 0 43 0 42 20 
6 43 0 42 0 41 0 40 20 
7 46 0 45 0 44 0 43 20 
7 45 0 44 0 43 0 42 20 
6 46 0 45 0 44 0 43 20 
7 46 0 45 0 44 0 43 20 
6 45 0 44 0 43 0 42 20 
8 46 0 45 0 44 0 43 20 
7 47 0 46 0 45 0 44 20 
6 45 0 44 0 43 0 42 20 
7 46 0 45 0 44 0 43 20 
6 45 0 44 0 43 0 42 20 
6 45 0 44 0 43 0 42 20 
7 46 0 45 0 44 0 43 20 
6 45 0 44 0 43 0 42 20 
7 46 0 45 0 44 0 43 20 
7 46 0 45 0 44 0 43 20 
6 46 0 45 0 44 0 43 20 
7 46 0 45 0 44 0 43 20 
6 44 0 43 0 42 0 41 20 
7 45 0 44 0 43 0 42 20 
6 45 0 44 0 43 0 42 20 
7 47 0 46 0 45 0 44 20 
7 45 0 44 0 43 0 42 20 
8 46 0 45 0 44 0 43 20 
7 46 0 45 0 44 0 43 20 
7 42 0 41 0 40 0 39 20 
6 45 0 44 0 43 0 42 20 
7 45 0 44 0 43 0 42 20 
7 46 0 45 0 44 0 43 20 
7 45 0 44 0 43 0 42 20 
7 46 0 45 0 44 0 43 20 
6 45 0 44 0 43 0 42 20 
8 46 0 45 0 44 0 43 20 
6 44 0 43 0 42 0 41 20 
6 44 0 43 0 42 0 41 20 
7 46 0 45 0 44 0 43 20 
6 44 0 43 0 42 0 41 20 
6 43 0 42 0 41 0 40 20 
7 45 0 44 0 43 0 42 20 
6 45 0 44 0 43 0 42 20 
7 45 0 44 0 43 0 42 20 
7 47 0 46 0 45 0 44 20 
6 44 0 43 0 42 0 41 20 
7 45 0 44 0 43 0 42 20 
6 43 0 42 0 41 0 40 20 
6 45 0 44 0 43 0 42 20 
7 46 0 45 0 44 0 43 20 
7 45 0 44 0 43 0 42 20 
6 46 0 45 0 44 0 43 20 
7 46 0 45 0 44 0 43 20 
6 45 0 44 0 43 0 42 20 
6 46 0 45 0 44 0 43 20 
7 44 0 43 0 42 0 41 20 
SCORES_TXT_END_0
SCORES_TXT_BEGIN_0 82 100 9 BLEU
6 25 1 24 0 23 0 22 14 
6 25 1 24 0 23 0 22 14 
6 26 1 25 0 24 0 23 14 
6 24 1 23 0 22 0 21 14 
6 24 1 23 0 22 0 21 14 
6 25 1 24 0 23 0 22 14 
6 23 2 22 0 21 0 20 14 
6 22 2 21 0 20 0 19 14 
6 25 1 24 0 23 0 22 14 
6 26 1 25 0 24 0 23 14 
6 23 2 22 0 21 0 20 14 
6 22 2 21 0 20 0 19 14 
6 23 2 22 0 21 0 20 14 
6 25 1 24 0 23 0 22 14 
6 25 1 24 0 23 0 22 14 
6 26 1 25 0 24 0 23 14 
6 24 1 23 0 22 0 21 14 
6 26 1 25 0 24 0 23 14 
6 27 1 26 0 25 0 24 14 
6 25 1 24 0 23 0 22 14 
6 25 1 24 0 23 0 22 14 
6 26 1 25 0 24 0 23 14 
6 23 2 22 0 21 0 20 14 
6 24 1 23 0 22 0 21 14 
6 25 1 24 0 23 0 22 14 
6 25 1 24 0 23 0 22 14 
6 23 2 22 0 21 0 20 14 
5 24 1 23 0 22 0 21 14 
5 25 1 24 0 23 0 22 14 
6 22 2 21 0 20 0 19 14 
5 23 1 22 0 21 0 20 14 
6 25 1 24 0 23 0 22 14 
6 24 2 23 0 22 0 21 14 
6 25 1 24 0 23 0 22 14 
6 26 1 25 0 24 0 23 14 
6 24 2 23 0 22 0 21 14 
6 23 2 22 0 21 0 20 14 
6 26 1 25 0 24 0 23 14 
5 25 1 24 0 23 0 22 14 
6 25 1 24 0 23 0 22 14 
6 25 2 24 0 23 0 22 14 
6 26 1 25 0 24 0 23 14 
6 22 2 21 0 20 0 19 14 
5 25 1 24 0 23 0 22 14 
5 26 1 25 0 24 0 23 14 
6 26 1 25 0 24 0 23 14 
6 24 1 23 0 22 0 21 14 
6 23 2 22 0 21 0 20 14 
6 25 1 24 0 23 0 22 14 
5 23 1 22 0 21 0 20 14 
6 22 2 21 0 20 0 19 14 
5 24 1 23 0 22 0 21 14 
6 23 2 22 0 21 0 20 14 
6 25 1 24 0 23 0 22 14 
6 26 1 25 0 24 0 23 14 
6 25 1 24 0 23 0 22 14 
6 24 1 23 0 22 0 21 14 
6 24 2 23 0 22 0 21 14 
6 23 2 22 0 21 0 20 14 
6 24 1 23 0 22 0 21 14 
6 24 2 23 0 22 0 21 14 
5 25 1 24 0 23 0 22 14 
6 23 2 22 0 21 0 20 14 
5 26 1 25 0 24 0 23 14 
6 24 2 23 0 22 0 21 14 
6 25 1 24 0 23 0 22 14 
5 25 1 24 0 23 0 22 14 
5 24 1 23 0 22 0 21 14 
6 25 2 24 0 23 0 22 14 
6 26 1 25 0 24 0 23 14 
6 24 1 23 0 22 0 21 14 
6 27 1 26 0 25 0 24 14 
6 25 1 24 0 23 0 22 14 
6 26 1 25 0 24 0 23 14 
6 25 1 24 0 23 0 22 14 
6 26 1 25 0 24 0 23 14 
6 22 2 21 0 20 0 19 14 
6 23 2 22 0 21 0 20 14 
5 24 1 23 0 22 0 21 14 
5 25 1 24 0 23 0 22 14 
6 25 1 24 0 23 0 22 14 
6 25 1 24 0 23 0 22 14 
6 25 1 24 0 23 0 22 14 
6 22 2 21 0 20 0 19 14 
6 26 1 25 0 24 0 23 14 
6 24 1 23 0 22 0 21 14 
5 23 2 22 0 21 0 20 14 
6 25 1 24 0 23 0 22 14 
6 23 2 22 0 21 0 20 14 
6 26 1 25 0 24 0 23 14 
5 22 2 21 0 20 0 19 14 
6 24 1 23 0 22 0 21 14 
6 25 1 24 0 23 0 22 14 
6 25 1 24 0 23 0 22 14 
6 24 1 23 0 22 0 21 14 
6 25 1 24 0 23 0 22 14 
6 24 2 23 0 22 0 21 14 
6 24 0 23 0 22 0 21 14 
6 24 0 23 0 22 0 21 14 
5 24 1 23 0 22 0 21 14 
SCORES_TXT_END_0
SCORES_TXT_BEGIN_0 83 100 9 BLEU
8 33 3 32 2 31 1 30 19 
8 33 3 32 2 31 1 30 19 
8 34 3 33 2 32 1 31 19 
8 32 3 31 2 30 1 29 19 
8 35 3 34 2 33 1 32 19 
8 32 3 31 2 30 1 29 19 
8 33 3 32 2 31 1 30 19 
8 33 3 32 2 31 1 30 19 
8 34 3 33 2 32 1 31 19 
8 32 3 31 2 30 1 29 19 
8 32 3 31 2 30 1 29 19 
8 33 3 32 2 31 1 30 19 
8 32 3 31 2 30 1 29 19 
8 33 3 32 2 31 1 30 19 
8 33 3 32 2 31 1 30 19 
8 33 3 32 2 31 1 30 19 
8 33 3 32 2 31 1 30 19 
8 33 3 32 2 31 1 30 19 
8 31 3 30 2 29 1 28 19 
8 34 3 33 2 32 1 31 19 
8 34 3 33 2 32 1 31 19 
8 31 3 30 2 29 1 28 19 
8 34 3 33 2 32 1 31 19 
8 32 3 31 2 30 1 29 19 
8 34 3 33 2 32 1 31 19 
8 32 3 31 2 30 1 29 19 
8 32 3 31 2 30 1 29 19 
8 32 3 31 2 30 1 29 19 
8 35 3 34 2 33 1 32 19 
8 32 3 31 2 30 1 29 19 
8 32 3 31 2 30 1 29 19 
8 35 3 34 2 33 1 32 19 
8 32 3 31 2 30 1 29 19 
8 33 3 32 2 31 1 30 19 
8 33 3 32 2 31 1 30 19 
8 33 3 32 2 31 1 30 19 
8 32 3 31 2 30 1 29 19 
8 33 3 32 2 31 1 30 19 
8 33 3 32 2 31 1 30 19 
8 34 3 33 2 32 1 31 19 
8 33 3 32 2 31 1 30 19 
7 34 3 33 2 32 1 31 19 
8 32 3 31 2 30 1 29 19 
8 32 3 31 2 30 1 29 19 
8 33 3 32 2 31 1 30 19 
8 33 3 32 2 31 1 30 19 
8 33 3 32 2 31 1 30 19 
8 33 3 32 2 31 1 30 19 
8 31 3 30 2 29 1 28 19 
8 33 3 32 2 31 1 30 19 
8 34 3 33 2 32 1 31 19 
8 32 3 31 2 30 1 29 19 
8 32 4 31 2 30 1 29 19 
8 32 3 31 2 30 1 29 19 
8 34 3 33 2 32 1 31 19 
8 32 3 31 2 30 1 29 19 
8 32 4 31 2 30 1 29 19 
8 34 3 33 2 32 1 31 19 
8 33 3 32 2 31 1 30 19 
8 32 3 31 2 30 1 29 19 
8 33 3 32 2 31 1 30 19 
9 32 3 31 2 30 1 29 19 
8 33 3 32 2 31 1 30 19 
8 34 3 33 2 32 1 31 19 
8 32 3 31 2 30 1 29 19 
9 32 3 31 2 30 1 29 19 
8 31 3 30 2 29 1 28 19 
8 32 3 31 2 30 1 29 19 
8 33 3 32 2 31 1 30 19 
8 33 3 32 2 31 1 30 19 
8 35 3 34 2 33 1 32 19 
8 32 3 31 2 30 1 29 19 
7 33 3 32 2 31 1 30 19 
8 34 3 33 2 32 1 31 19 
8 31 3 30 2 29 1 28 19 
8 33 3 32 2 31 1 30 19 
8 31 3 30 2 29 1 28 19 
8 32 3 31 2 30 1 29 19 
8 32 3 31 2 30 1 29 19 
8 33 4 32 2 31 1 30 19 
8 33 3 32 2 31 1 30 19 
8 35 3 34 2 33 1 32 19 
8 32 3 31 2 30 1 29 19 
8 33 3 32 2 31 1 30 19 
8 32 3 31 2 30 1 29 19 
8 33 3 32 2 31 1 30 19 
8 31 3 30 2 29 1 28 19 
8 34 3 33 2 32 1 31 19 
8 31 4 30 2 29 1 28 19 
8 34 3 33 2 32 1 31 19 
8 31 3 30 2 29 1 28 19 
9 33 3 32 2 31 1 30 19 
8 31 3 30 2 29 1 28 19 
8 34 3 33 2 32 1 31 19 
8 34 4 33 2 32 1 31 19 
8 31 4 30 2 29 1 28 19 
8 34 3 33 2 32 1 31 19 
8 33 3 32 2 31 1 30 19 
8 33 3 32 2 31 1 30 19 
8 32 3 31 2 30 1 29 19 
SCORES_TXT_END_0
SCORES_TXT_BEGIN_0 84 100 9 BLEU
18 57 2 56 0 55 0 54 36 
18 58 2 57 0 56 0 55 36 
18 57 2 56 0 55 0 54 36 
18 58 1 57 0 56 0 55 36 
18 58 2 57 0 56 0 55 36 
18 59 1 58 0 57 0 56 36 
18 58 1 57 0 56 0 55 36 
18 57 2 56 0 55 0 54 36 
18 59 1 58 0 57 0 56 36 
18 58 2 57 0 56 0 55 36 
18 58 1 57 0 56 0 55 36 
18 59 1 58 0 57 0 56 36 
18 57 2 56 0 55 0 54 36 
18 57 2 56 0 55 0 54 36 
18 58 1 57 0 56 0 55 36 
18 58 2 57 0 56 0 55 36 
18 58 2 57 0 56 0 55 36 
18 58 1 57 0 56 0 55 36 
18 59 2 58 0 57 0 56 36 
18 58 2 57 0 56 0 55 36 
18 59 1 58 0 57 0 56 36 
18 59 1 58 0 57 0 56 36 
18 56 2 55 0 54 0 53 36 
18 58 2 57 0 56 0 55 36 
18 59 2 58 0 57 0 56 36 
18 60 1 59 0 58 0 57 36 
18 59 1 58 0 57 0 56 36 
18 59 2 58 0 57 0 56 36 
18 58 2 57 0 56 0 55 36 
18 57 1 56 0 55 0 54 36 
18 57 2 56 0 55 0 54 36 
18 58 2 57 0 56 0 55 36 
18 59 1 58 0 57 0 56 36 
18 60 1 59 0 58 0 57 36 
18 59 2 58 0 57 0 56 36 
18 57 2 56 0 55 0 54 36 
18 59 2 58 0 57 0 56 36 
18 58 2 57 0 56 0 55 36 
18 58 2 57 0 56 0 55 36 
18 57 2 56 0 55 0 54 36 
18 60 1 59 0 58 0 57 36 
18 59 1 58 0 57 0 56 36 
18 58 1 57 0 56 0 55 36 
18 59 1 58 0 57 0 56 36 
18 58 2 57 0 56 0 55 36 
18 58 2 57 0 56 0 55 36 
18 58 2 57 0 56 0 55 36 
18 59 2 58 0 57 0 56 36 
18 58 2 57 0 56 0 55 36 
18 57 2 56 0 55 0 54 36 
18 60 1 59 0 58 0 57 36 
18 56 2 55 0 54 0 53 36 
18 58 2 57 0 56 0 55 36 
18 58 1 57 0 56 0 55 36 
18 60 1 59 0 58 0 57 36 
18 59 1 58 0 57 0 56 36 
18 59 1 58 0 57 0 56 36 
18 58 2 57 0 56 0 55 36 
18 59 2 58 0 57 0 56 36 
18 58 1 57 0 56 0 55 36 
18 59 2 58 0 57 0 56 36 
18 58 2 57 0 56 0 55 36 
18 59 2 58 0 57 0 56 36 
18 59 1 58 0 57 0 56 36 
18 59 1 58 0 57 0 56 36 
18 59 1 58 0 57 0 56 36 
18 60 1 59 0 58 0 57 36 
18 59 1 58 0 57 0 56 36 
18 58 2 57 0 56 0 55 36 
18 58 1 57 0 56 0 55 36 
18 57 1 56 0 55 0 54 36 
18 59 1 58 0 57 0 56 36 
18 57 2 56 0 55 0 54 36 
18 58 2 57 0 56 0 55 36 
16 57 1 56 0 55 0 54 36 
18 58 2 57 0 56 0 55 36 
18 59 1 58 0 57 0 56 36 
18 60 1 59 0 58 0 57 36 
18 60 1 59 0 58 0 57 36 
18 59 2 58 0 57 0 56 36 
18 59 1 58 0 57 0 56 36 
18 57 2 56 0 55 0 54 36 
18 58 2 57 0 56 0 55 36 
18 60 1 59 0 58 0 57 36 
18 58 2 57 0 56 0 55 36 
18 59 2 58 0 57 0 56 36 
17 58 1 57 0 56 0 55 36 
18 59 2 58 0 57 0 56 36 
18 59 1 58 0 57 0 56 36 
18 57 2 56 0 55 0 54 36 
16 57 1 56 0 55 0 54 36 
18 58 1 57 0 56 0 55 36 
17 57 2 56 0 55 0 54 36 
18 58 2 57 0 56 0 55 36 
18 59 1 58 0 57 0 56 36 
18 59 1 58 0 57 0 56 36 
16 57 1 56 0 55 0 54 36 
18 56 2 55 0 54 0 53 36 
18 58 2 57 0 56 0 55 36 
18 57 2 56 0 55 0 54 36 
SCORES_TXT_END_0
SCORES_TXT_BEGIN_0 85 100 9 BLEU
8 29 2 28 1 27 0 26 23 
8 29 2 28 1 27 0 26 23 
8 29 2 28 1 27 0 26 23 
8 29 2 28 1 27 0 26 23 
8 28 2 27 1 26 0 25 23 
8 29 2 28 1 27 0 26 23 
8 29 2 28 1 27 0 26 23 
8 28 2 27 1 26 0 25 23 
8 28 2 27 1 26 0 25 23 
8 29 2 28 1 27 0 26 23 
8 29 2 28 1 27 0 26 23 
8 29 2 28 1 27 0 26 23 
8 28 2 27 1 26 0 25 23 
8 29 2 28 1 27 0 26 23 
8 29 2 28 1 27 0 26 23 
8 29 2 28 1 27 0 26 23 
8 28 2 27 1 26 0 25 23 
8 29 2 28 1 27 0 26 23 
10 29 4 28 1 27 0 26 23 
8 29 2 28 1 27 0 26 23 
8 29 2 28 1 27 0 26 23 
8 28 2 27 1 26 0 25 23 
8 29 2 28 1 27 0 26 23 
8 28 2 27 1 26 0 25 23 
8 29 2 28 1 27 0 26 23 
8 29 2 28 1 27 0 26 23 
10 29 4 28 1 27 0 26 23 
8 29 2 28 1 27 0 26 23 
9 29 3 28 1 27 0 26 23 
8 28 2 27 1 26 0 25 23 
8 28 2 27 1 26 0 25 23 
10 29 4 28 1 27 0 26 23 
8 29 2 28 1 27 0 26 23 
8 28 2 27 1 26 0 25 23 
8 29 2 28 1 27 0 26 23 
8 29 2 28 1 27 0 26 23 
9 29 3 28 1 27 0 26 23 
8 28 2 27 1 26 0 25 23 
8 29 2 28 1 27 0 26 23 
8 28 2 27 1 26 0 25 23 
10 29 4 28 1 27 0 26 23 
8 29 2 28 1 27 0 26 23 
9 29 3 28 1 27 0 26 23 
8 28 2 27 1 26 0 25 23 
8 29 2 28 1 27 0 26 23 
8 28 2 27 1 26 0 25 23 
8 28 2 27 1 26 0 25 23 
8 29 2 28 1 27 0 26 23 
8 30 2 29 1 28 0 27 23 
8 29 2 28 1 27 0 26 23 
8 29 2 28 1 27 0 26 23 
9 29 3 28 1 27 0 26 23 
8 29 2 28 1 27 0 26 23 
7 28 2 27 1 26 0 25 23 
8 28 2 27 1 26 0 25 23 
8 29 2 28 1 27 0 26 23 
8 28 2 27 1 26 0 25 23 
8 30 2 29 1 28 0 27 23 
8 29 2 28 1 27 0 26 23 
8 29 2 28 1 27 0 26 23 
8 29 2 28 1 27 0 26 23 
8 29 2 28 1 27 0 26 23 
8 29 2 28 1 27 0 26 23 
7 28 2 27 1 26 0 25 23 
8 28 2 27 1 26 0 25 23 
8 29 2 28 1 27 0 26 23 
8 30 2 29 1 28 0 27 23 
8 29 2 28 1 27 0 26 23 
8 29 2 28 1 27 0 26 23 
8 29 2 28 1 27 0 26 23 
8 28 2 27 1 26 0 25 23 
10 28 3 27 1 26 0 25 23 
8 29 2 28 1 27 0 26 23 
8 28 2 27 1 26 0 25 23 
8 30 2 29 1 28 0 27 23 
8 29 2 28 1 27 0 26 23 
8 28 2 27 1 26 0 25 23 
8 29 2 28 1 27 0 26 23 
8 29 2 28 1 27 0 26 23 
8 28 2 27 1 26 0 25 23 
10 28 3 27 1 26 0 25 23 
8 29 2 28 1 27 0 26 23 
8 29 2 28 1 27 0 26 23 
8 29 2 28 1 27 0 26 23 
7 28 2 27 1 26 0 25 23 
9 28 3 27 1 26 0 25 23 
8 29 2 28 1 27 0 26 23 
10 28 4 27 1 26 0 25 23 
8 29 2 28 1 27 0 26 23 
8 29 2 28 1 27 0 26 23 
8 28 2 27 1 26 0 25 23 
10 28 3 27 1 26 0 25 23 
7 28 2 27 1 26 0 25 23 
8 28 2 27 1 26 0 25 23 
9 29 2 28 1 27 0 26 23 
8 29 2 28 1 27 0 26 23 
8 29 2 28 1 27 0 26 23 
10 29 4 28 1 27 0 26 23 
8 28 2 27 1 26 0 25 23 
8 29 2 28 1 27 0 26 23 
SCORES_TXT_END_0
SCORES_TXT_BEGIN_0 86 100 9 BLEU
3 32 0 31 0 30 0 29 19 
3 32 0 31 0 30 0 29 19 
3 34 0 33 0 32 0 31 19 
3 32 0 31 0 30 0 29 19 
3 32 0 31 0 30 0 29 19 
3 31 0 30 0 29 0 28 19 
3 31 0 30 0 29 0 28 19 
3 33 0 32 0 31 0 30 19 
3 34 0 33 0 32 0 31 19 
3 31 0 30 0 29 0 28 19 
3 34 0 33 0 32 0 31 19 
3 31 0 30 0 29 0 28 19 
3 34 0 33 0 32 0 31 19 
3 32 0 31 0 30 0 29 19 
3 32 0 31 0 30 0 29 19 
3 36 0 35 0 34 0 33 19 
3 33 0 32 0 31 0 30 19 
3 33 0 32 0 31 0 30 19 
3 33 0 32 0 31 0 30 19 
3 33 0 32 0 31 0 30 19 
3 33 0 32 0 31 0 30 19 
3 35 0 34 0 33 0 32 19 
3 34 0 33 0 32 0 31 19 
3 33 0 32 0 31 0 30 19 
3 31 0 30 0 29 0 28 19 
3 33 0 32 0 31 0 30 19 
3 33 0 32 0 31 0 30 19 
3 31 0 30 0 29 0 28 19 
3 33 0 32 0 31 0 30 19 
3 35 0 34 0 33 0 32 19 
3 32 0 31 0 30 0 29 19 
3 34 0 33 0 32 0 31 19 
3 32 0 31 0 30 0 29 19 
3 34 0 33 0 32 0 31 19 
3 34 0 33 0 32 0 31 19 
3 34 0 33 0 32 0 31 19 
3 33 0 32 0 31 0 30 19 
3 35 0 34 0 33 0 32 19 
3 32 0 31 0 30 0 29 19 
3 35 0 34 0 33 0 32 19 
3 32 0 31 0 30 0 29 19 
3 32 0 31 0 30 0 29 19 
3 35 0 34 0 33 0 32 19 
3 32 0 31 0 30 0 29 19 
3 32 0 31 0 30 0 29 19 
3 36 0 35 0 34 0 33 19 
3 33 0 32 0 31 0 30 19 
3 36 0 35 0 34 0 33 19 
3 32 0 31 0 30 0 29 19 
3 33 0 32 0 31 0 30 19 
3 33 0 32 0 31 0 30 19 
3 33 0 32 0 31 0 30 19 
3 33 0 32 0 31 0 30 19 
3 33 0 32 0 31 0 30 19 
3 37 0 36 0 35 0 34 19 
3 34 0 33 0 32 0 31 19 
3 33 0 32 0 31 0 30 19 
3 34 0 33 0 32 0 31 19 
3 34 0 33 0 32 0 31 19 
3 34 0 33 0 32 0 31 19 
3 34 0 33 0 32 0 31 19 
3 31 0 30 0 29 0 28 19 
3 35 0 34 0 33 0 32 19 
3 35 0 34 0 33 0 32 19 
3 35 0 34 0 33 0 32 19 
3 31 0 30 0 29 0 28 19 
3 35 0 34 0 33 0 32 19 
3 32 0 31 0 30 0 29 19 
3 32 0 31 0 30 0 29 19 
3 34 0 33 0 32 0 31 19 
3 32 0 31 0 30 0 29 19 
3 34 0 33 0 32 0 31 19 
3 36 0 35 0 34 0 33 19 
3 35 0 34 0 33 0 32 19 
3 32 0 31 0 30 0 29 19 
3 33 0 32 0 31 0 30 19 
3 35 0 34 0 33 0 32 19 
3 33 0 32 0 31 0 30 19 
3 35 0 34 0 33 0 32 19 
3 33 0 32 0 31 0 30 19 
3 33 0 32 0 31 0 30 19 
3 36 0 35 0 34 0 33 19 
3 34 0 33 0 32 0 31 19 
3 34 0 33 0 32 0 31 19 
3 32 0 31 0 30 0 29 19 
3 33 0 32 0 31 0 30 19 
3 32 0 31 0 30 0 29 19 
3 33 0 32 0 31 0 30 19 
3 33 0 32 0 31 0 30 19 
3 37 0 36 0 35 0 34 19 
3 35 0 34 0 33 0 32 19 
3 34 0 33 0 32 0 31 19 
3 37 0 36 0 35 0 34 19 
3 33 0 32 0 31 0 30 19 
3 34 0 33 0 32 0 31 19 
3 34 0 33 0 32 0 31 19 
3 32 0 31 0 30 0 29 19 
3 34 0 33 0 32 0 31 19 
3 32 0 31 0 30 0 29 19 
3 34 0 33 0 32 0 31 19 
SCORES_TXT_END_0
SCORES_TXT_BEGIN_0 87 100 9 BLEU
6 31 0 30 0 29 0 28 15 
6 31 0 30 0 29 0 28 15 
6 31 0 30 0 29 0 28 15 
6 31 0 30 0 29 0 28 15 
6 31 0 30 0 29 0 28 15 
6 31 0 30 0 29 0 28 15 
6 31 0 30 0 29 0 28 15 
7 32 1 31 0 30 0 29 15 
6 31 0 30 0 29 0 28 15 
6 31 0 30 0 29 0 28 15 
6 31 0 30 0 29 0 28 15 
6 31 0 30 0 29 0 28 15 
6 31 0 30 0 29 0 28 15 
6 31 0 30 0 29 0 28 15 
6 31 0 30 0 29 0 28 15 
6 31 0 30 0 29 0 28 15 
6 31 0 30 0 29 0 28 15 
7 32 1 31 0 30 0 29 15 
6 31 0 30 0 29 0 28 15 
7 32 1 31 0 30 0 29 15 
6 31 0 30 0 29 0 28 15 
6 31 0 30 0 29 0 28 15 
6 31 0 30 0 29 0 28 15 
6 31 0 30 0 29 0 28 15 
6 31 0 30 0 29 0 28 15 
6 31 0 30 0 29 0 28 15 
6 31 0 30 0 29 0 28 15 
6 32 0 31 0 30 0 29 15 
6 31 0 30 0 29 0 28 15 
6 31 0 30 0 29 0 28 15 
6 31 0 30 0 29 0 28 15 
5 30 0 29 0 28 0 27 15 
6 30 0 29 0 28 0 27 15 
6 31 0 30 0 29 0 28 15 
6 32 0 31 0 30 0 29 15 
6 31 0 30 0 29 0 28 15 
7 32 1 31 0 30 0 29 15 
6 31 0 30 0 29 0 28 15 
6 30 0 29 0 28 0 27 15 
7 31 1 30 0 29 0 28 15 
7 32 2 31 0 30 0 29 15 
7 32 1 31 0 30 0 29 15 
7 31 1 30 0 29 0 28 15 
6 31 0 30 0 29 0 28 15 
6 31 0 30 0 29 0 28 15 
7 32 1 31 0 30 0 29 15 
6 31 0 30 0 29 0 28 15 
6 31 0 30 0 29 0 28 15 
5 30 0 29 0 28 0 27 15 
6 30 0 29 0 28 0 27 15 
6 31 0 30 0 29 0 28 15 
6 32 0 31 0 30 0 29 15 
6 30 0 29 0 28 0 27 15 
6 31 0 30 0 29 0 28 15 
6 31 0 30 0 29 0 28 15 
7 32 1 31 0 30 0 29 15 
5 30 0 29 0 28 0 27 15 
6 30 0 29 0 28 0 27 15 
6 31 0 30 0 29 0 28 15 
5 30 0 29 0 28 0 27 15 
6 31 0 30 0 29 0 28 15 
6 31 0 30 0 29 0 28 15 
6 30 0 29 0 28 0 27 15 
6 30 0 29 0 28 0 27 15 
6 31 0 30 0 29 0 28 15 
6 31 0 30 0 29 0 28 15 
6 32 0 31 0 30 0 29 15 
6 30 0 29 0 28 0 27 15 
6 31 0 30 0 29 0 28 15 
6 31 0 30 0 29 0 28 15 
6 31 1 30 0 29 0 28 15 
6 30 0 29 0 28 0 27 15 
6 31 0 30 0 29 0 28 15 
7 31 1 30 0 29 0 28 15 
6 31 0 30 0 29 0 28 15 
6 31 0 30 0 29 0 28 15 
6 30 0 29 0 28 0 27 15 
6 31 0 30 0 29 0 28 15 
7 32 2 31 0 30 0 29 15 
6 31 0 30 0 29 0 28 15 
5 30 0 29 0 28 0 27 15 
6 31 0 30 0 29 0 28 15 
6 30 0 29 0 28 0 27 15 
6 30 0 29 0 28 0 27 15 
6 31 0 30 0 29 0 28 15 
7 31 1 30 0 29 0 28 15 
6 31 0 30 0 29 0 28 15 
7 32 1 31 0 30 0 29 15 
7 31 1 30 0 29 0 28 15 
6 31 0 30 0 29 0 28 15 
6 31 0 30 0 29 0 28 15 
6 31 0 30 0 29 0 28 15 
6 31 0 30 0 29 0 28 15 
7 32 1 31 0 30 0 29 15 
6 30 0 29 0 28 0 27 15 
6 31 0 30 0 29 0 28 15 
6 30 0 29 0 28 0 27 15 
7 31 1 30 0 29 0 28 15 
6 31 0 30 0 29 0 28 15 
6 31 0 30 0 29 0 28 15 
SCORES_TXT_END_0
SCORES_TXT_BEGIN_0 88 100 9 BLEU
8 41 1 40 0 39 0 38 17 
8 43 1 42 0 41 0 40 17 
8 41 1 40 0 39 0 38 17 
8 41 1 40 0 39 0 38 17 
7 41 1 40 0 39 0 38 17 
8 43 1 42 0 41 0 40 17 
8 42 1 41 0 40 0 39 17 
8 43 1 42 0 41 0 40 17 
8 43 1 42 0 41 0 40 17 
8 41 0 40 0 39 0 38 17 
7 43 1 42 0 41 0 40 17 
8 42 1 41 0 40 0 39 17 
8 45 1 44 0 43 0 42 17 
8 41 1 40 0 39 0 38 17 
8 44 1 43 0 42 0 41 17 
8 43 0 42 0 41 0 40 17 
8 44 1 43 0 42 0 41 17 
8 41 1 40 0 39 0 38 17 
8 39 1 38 0 37 0 36 17 
8 40 1 39 0 38 0 37 17 
8 41 1 40 0 39 0 38 17 
8 42 1 41 0 40 0 39 17 
8 43 1 42 0 41 0 40 17 
8 41 1 40 0 39 0 38 17 
8 41 1 40 0 39 0 38 17 
7 41 1 40 0 39 0 38 17 
7 41 1 40 0 39 0 38 17 
8 41 1 40 0 39 0 38 17 
8 42 1 41 0 40 0 39 17 
8 43 1 42 0 41 0 40 17 
8 41 1 40 0 39 0 38 17 
8 42 1 41 0 40 0 39 17 
8 42 1 41 0 40 0 39 17 
8 43 1 42 0 41 0 40 17 
8 44 1 43 0 42 0 41 17 
8 41 1 40 0 39 0 38 17 
8 41 1 40 0 39 0 38 17 
8 43 1 42 0 41 0 40 17 
8 43 1 42 0 41 0 40 17 
8 43 1 42 0 41 0 40 17 
8 42 1 41 0 40 0 39 17 
8 42 1 41 0 40 0 39 17 
7 43 1 42 0 41 0 40 17 
7 42 1 41 0 40 0 39 17 
8 43 1 42 0 41 0 40 17 
8 41 0 40 0 39 0 38 17 
8 40 1 39 0 38 0 37 17 
8 43 1 42 0 41 0 40 17 
7 43 1 42 0 41 0 40 17 
7 43 1 42 0 41 0 40 17 
7 41 0 40 0 39 0 38 17 
8 43 1 42 0 41 0 40 17 
8 42 1 41 0 40 0 39 17 
8 40 1 39 0 38 0 37 17 
8 42 1 41 0 40 0 39 17 
8 41 1 40 0 39 0 38 17 
8 44 1 43 0 42 0 41 17 
7 42 1 41 0 40 0 39 17 
8 44 1 43 0 42 0 41 17 
8 39 1 38 0 37 0 36 17 
8 39 1 38 0 37 0 36 17 
8 41 0 40 0 39 0 38 17 
8 42 1 41 0 40 0 39 17 
8 43 1 42 0 41 0 40 17 
8 40 1 39 0 38 0 37 17 
8 43 1 42 0 41 0 40 17 
8 40 1 39 0 38 0 37 17 
8 45 1 44 0 43 0 42 17 
8 42 1 41 0 40 0 39 17 
8 45 1 44 0 43 0 42 17 
8 45 1 44 0 43 0 42 17 
8 43 0 42 0 41 0 40 17 
8 41 1 40 0 39 0 38 17 
8 44 1 43 0 42 0 41 17 
8 41 1 40 0 39 0 38 17 
8 44 1 43 0 42 0 41 17 
8 42 0 41 0 40 0 39 17 
7 45 1 44 0 43 0 42 17 
7 41 1 40 0 39 0 38 17 
7 44 1 43 0 42 0 41 17 
8 43 0 42 0 41 0 40 17 
8 42 1 41 0 40 0 39 17 
8 43 1 42 0 41 0 40 17 
7 43 0 42 0 41 0 40 17 
8 44 1 43 0 42 0 41 17 
8 42 1 41 0 40 0 39 17 
8 44 1 43 0 42 0 41 17 
8 42 0 41 0 40 0 39 17 
8 43 1 42 0 41 0 40 17 
8 38 1 37 0 36 0 35 17 
8 41 1 40 0 39 0 38 17 
8 41 1 40 0 39 0 38 17 
8 39 1 38 0 37 0 36 17 
7 44 1 43 0 42 0 41 17 
8 43 1 42 0 41 0 40 17 
8 41 1 40 0 39 0 38 17 
7 41 1 40 0 39 0 38 17 
8 39 1 38 0 37 0 36 17 
7 39 1 38 0 37 0 36 17 
8 41 1 40 0 39 0 38 17 
SCORES_TXT_END_0
SCORES_TXT_BEGIN_0 89 100 9 BLEU
13 35 2 34 0 33 0 32 24 
13 34 2 33 0 32 0 31 24 
13 36 1 35 0 34 0 33 24 
13 36 2 35 0 34 0 33 24 
12 36 1 35 0 34 0 33 24 
12 35 1 34 0 33 0 32 24 
12 36 1 35 0 34 0 33 24 
13 35 2 34 0 33 0 32 24 
13 37 1 36 0 35 0 34 24 
13 35 2 34 0 33 0 32 24 
12 37 1 36 0 35 0 34 24 
13 35 1 34 0 33 0 32 24 
12 36 1 35 0 34 0 33 24 
12 37 1 36 0 35 0 34 24 
13 34 2 33 0 32 0 31 24 
13 36 2 35 0 34 0 33 24 
13 36 1 35 0 34 0 33 24 
12 35 1 34 0 33 0 32 24 
13 36 2 35 0 34 0 33 24 
13 37 1 36 0 35 0 34 24 
12 35 1 34 0 33 0 32 24 
12 34 1 33 0 32 0 31 24 
12 36 1 35 0 34 0 33 24 
13 35 2 34 0 33 0 32 24 
13 36 2 35 0 34 0 33 24 
13 35 1 34 0 33 0 32 24 
13 36 2 35 0 34 0 33 24 
13 37 1 36 0 35 0 34 24 
13 36 1 35 0 34 0 33 24 
13 36 2 35 0 34 0 33 24 
13 35 2 34 0 33 0 32 24 
13 35 2 34 0 33 0 32 24 
12 35 1 34 0 33 0 32 24 
13 36 2 35 0 34 0 33 24 
12 36 1 35 0 34 0 33 24 
13 35 2 34 0 33 0 32 24 
13 37 2 36 0 35 0 34 24 
13 37 1 36 0 35 0 34 24 
12 37 1 36 0 35 0 34 24 
12 36 1 35 0 34 0 33 24 
13 36 1 35 0 34 0 33 24 
13 35 2 34 0 33 0 32 24 
13 35 2 34 0 33 0 32 24 
13 35 2 34 0 33 0 32 24 
13 35 2 34 0 33 0 32 24 
13 35 2 34 0 33 0 32 24 
13 37 1 36 0 35 0 34 24 
13 36 2 35 0 34 0 33 24 
13 35 2 34 0 33 0 32 24 
13 38 1 37 0 36 0 35 24 
13 35 2 34 0 33 0 32 24 
13 34 2 33 0 32 0 31 24 
12 36 1 35 0 34 0 33 24 
13 37 1 36 0 35 0 34 24 
12 36 1 35 0 34 0 33 24 
12 35 1 34 0 33 0 32 24 
13 35 2 34 0 33 0 32 24 
13 37 2 36 0 35 0 34 24 
13 36 1 35 0 34 0 33 24 
13 35 1 34 0 33 0 32 24 
12 37 1 36 0 35 0 34 24 
12 37 1 36 0 35 0 34 24 
13 37 1 36 0 35 0 34 24 
13 36 2 35 0 34 0 33 24 
13 37 2 36 0 35 0 34 24 
13 36 1 35 0 34 0 33 24 
13 35 1 34 0 33 0 32 24 
13 37 2 36 0 35 0 34 24 
13 38 1 37 0 36 0 35 24 
13 35 2 34 0 33 0 32 24 
13 37 2 36 0 35 0 34 24 
13 37 2 36 0 35 0 34 24 
13 36 2 35 0 34 0 33 24 
13 35 2 34 0 33 0 32 24 
13 36 2 35 0 34 0 33 24 
12 36 1 35 0 34 0 33 24 
13 35 1 34 0 33 0 32 24 
13 34 2 33 0 32 0 31 24 
13 35 2 34 0 33 0 32 24 
13 34 2 33 0 32 0 31 24 
12 37 1 36 0 35 0 34 24 
13 37 2 36 0 35 0 34 24 
12 35 1 34 0 33 0 32 24 
13 35 2 34 0 33 0 32 24 
13 34 2 33 0 32 0 31 24 
13 36 1 35 0 34 0 33 24 
13 36 2 35 0 34 0 33 24 
12 37 1 36 0 35 0 34 24 
13 36 1 35 0 34 0 33 24 
12 36 1 35 0 34 0 33 24 
13 35 2 34 0 33 0 32 24 
12 37 1 36 0 35 0 34 24 
13 35 2 34 0 33 0 32 24 
13 36 2 35 0 34 0 33 24 
13 36 1 35 0 34 0 33 24 
13 35 2 34 0 33 0 32 24 
13 34 2 33 0 32 0 31 24 
12 36 1 35 0 34 0 33 24 
13 37 1 36 0 35 0 34 24 
12 37 1 36 0 35 0 34 24 
SCORES_TXT_END_0
SCORES_TXT_BEGIN_0 90 100 9 BLEU
8 56 1 55 0 54 0 53 22 
8 56 1 55 0 54 0 53 22 
8 55 1 54 0 53 0 52 22 
8 55 1 54 0 53 0 52 22 
8 55 1 54 0 53 0 52 22 
7 57 0 56 0 55 0 54 22 
8 57 1 56 0 55 0 54 22 
8 55 1 54 0 53 0 52 22 
7 56 0 55 0 54 0 53 22 
7 57 0 56 0 55 0 54 22 
8 57 1 56 0 55 0 54 22 
8 55 1 54 0 53 0 52 22 
8 54 1 53 0 52 0 51 22 
7 56 0 55 0 54 0 53 22 
8 54 1 53 0 52 0 51 22 
7 56 0 55 0 54 0 53 22 
8 55 1 54 0 53 0 52 22 
8 56 1 55 0 54 0 53 22 
8 54 1 53 0 52 0 51 22 
8 56 1 55 0 54 0 53 22 
7 55 0 54 0 53 0 52 22 
7 56 0 55 0 54 0 53 22 
7 56 0 55 0 54 0 53 22 
8 56 1 55 0 54 0 53 22 
8 54 1 53 0 52 0 51 22 
8 56 1 55 0 54 0 53 22 
8 56 1 55 0 54 0 53 22 
8 54 1 53 0 52 0 51 22 
8 56 1 55 0 54 0 53 22 
7 55 0 54 0 53 0 52 22 
8 53 1 52 0 51 0 50 22 
7 55 0 54 0 53 0 52 22 
8 54 1 53 0 52 0 51 22 
8 56 1 55 0 54 0 53 22 
7 57 0 56 0 55 0 54 22 
7 58 0 57 0 56 0 55 22 
7 56 0 55 0 54 0 53 22 
8 54 1 53 0 52 0 51 22 
8 56 1 55 0 54 0 53 22 
8 56 1 55 0 54 0 53 22 
8 54 1 53 0 52 0 51 22 
7 57 0 56 0 55 0 54 22 
7 55 0 54 0 53 0 52 22 
8 55 1 54 0 53 0 52 22 
8 54 1 53 0 52 0 51 22 
7 57 0 56 0 55 0 54 22 
7 58 0 57 0 56 0 55 22 
7 56 0 55 0 54 0 53 22 
8 56 1 55 0 54 0 53 22 
7 55 0 54 0 53 0 52 22 
7 56 0 55 0 54 0 53 22 
7 55 0 54 0 53 0 52 22 
8 56 1 55 0 54 0 53 22 
8 54 1 53 0 52 0 51 22 
8 55 1 54 0 53 0 52 22 
8 55 1 54 0 53 0 52 22 
7 57 0 56 0 55 0 54 22 
8 53 1 52 0 51 0 50 22 
8 55 1 54 0 53 0 52 22 
8 55 1 54 0 53 0 52 22 
7 55 0 54 0 53 0 52 22 
8 56 1 55 0 54 0 53 22 
8 55 1 54 0 53 0 52 22 
7 54 0 53 0 52 0 51 22 
7 56 0 55 0 54 0 53 22 
7 56 0 55 0 54 0 53 22 
8 53 1 52 0 51 0 50 22 
7 54 0 53 0 52 0 51 22 
8 55 1 54 0 53 0 52 22 
7 56 0 55 0 54 0 53 22 
7 57 0 56 0 55 0 54 22 
7 55 0 54 0 53 0 52 22 
7 56 0 55 0 54 0 53 22 
8 56 1 55 0 54 0 53 22 
8 55 1 54 0 53 0 52 22 
7 57 0 56 0 55 0 54 22 
8 55 1 54 0 53 0 52 22 
8 53 1 52 0 51 0 50 22 
8 56 1 55 0 54 0 53 22 
7 55 0 54 0 53 0 52 22 
8 56 1 55 0 54 0 53 22 
8 55 1 54 0 53 0 52 22 
8 53 1 52 0 51 0 50 22 
8 55 1 54 0 53 0 52 22 
8 54 1 53 0 52 0 51 22 
7 56 0 55 0 54 0 53 22 
7 54 0 53 0 52 0 51 22 
7 56 0 55 0 54 0 53 22 
8 53 1 52 0 51 0 50 22 
7 56 0 55 0 54 0 53 22 
7 57 0 56 0 55 0 54 22 
8 54 1 53 0 52 0 51 22 
7 56 0 55 0 54 0 53 22 
7 55 0 54 0 53 0 52 22 
8 55 1 54 0 53 0 52 22 
7 56 0 55 0 54 0 53 22 
7 57 0 56 0 55 0 54 22 
7 57 0 56 0 55 0 54 22 
8 55 1 54 0 53 0 52 22 
7 55 0 54 0 53 0 52 22 
SCORES_TXT_END_0
SCORES_TXT_BEGIN_0 91 95 9 BLEU
7 46 0 45 0 44 0 43 19 
7 46 0 45 0 44 0 43 19 
7 46 0 45 0 44 0 43 19 
7 46 0 45 0 44 0 43 19 
7 46 0 45 0 44 0 43 19 
7 46 0 45 0 44 0 43 19 
7 45 0 44 0 43 0 42 19 
7 47 0 46 0 45 0 44 19 
7 46 0 45 0 44 0 43 19 
7 45 0 44 0 43 0 42 19 
7 45 0 44 0 43 0 42 19 
7 46 0 45 0 44 0 43 19 
7 45 0 44 0 43 0 42 19 
7 44 0 43 0 42 0 41 19 
7 45 0 44 0 43 0 42 19 
7 47 0 46 0 45 0 44 19 
7 45 0 44 0 43 0 42 19 
7 46 0 45 0 44 0 43 19 
7 44 0 43 0 42 0 41 19 
7 46 0 45 0 44 0 43 19 
7 44 0 43 0 42 0 41 19 
7 45 0 44 0 43 0 42 19 
7 45 0 44 0 43 0 42 19 
7 45 0 44 0 43 0 42 19 
7 47 0 46 0 45 0 44 19 
7 46 0 45 0 44 0 43 19 
7 46 0 45 0 44 0 43 19 
7 46 0 45 0 44 0 43 19 
7 45 0 44 0 43 0 42 19 
7 44 0 43 0 42 0 41 19 
7 45 0 44 0 43 0 42 19 
7 44 0 43 0 42 0 41 19 
7 46 0 45 0 44 0 43 19 
7 45 0 44 0 43 0 42 19 
7 45 0 44 0 43 0 42 19 
7 44 0 43 0 42 0 41 19 
7 45 0 44 0 43 0 42 19 
7 45 0 44 0 43 0 42 19 
7 44 0 43 0 42 0 41 19 
7 45 0 44 0 43 0 42 19 
7 44 0 43 0 42 0 41 19 
7 45 0 44 0 43 0 42 19 
7 47 0 46 0 45 0 44 19 
7 46 0 45 0 44 0 43 19 
7 45 0 44 0 43 0 42 19 
7 44 0 43 0 42 0 41 19 
7 46 0 45 0 44 0 43 19 
7 44 0 43 0 42 0 41 19 
7 46 0 45 0 44 0 43 19 
7 46 0 45 0 44 0 43 19 
7 45 0 44 0 43 0 42 19 
7 44 0 43 0 42 0 41 19 
7 45 0 44 0 43 0 42 19 
7 44 0 43 0 42 0 41 19 
7 45 0 44 0 43 0 42 19 
7 46 0 45 0 44 0 43 19 
7 44 0 43 0 42 0 41 19 
7 45 0 44 0 43 0 42 19 
7 46 0 45 0 44 0 43 19 
7 46 0 45 0 44 0 43 19 
7 46 0 45 0 44 0 43 19 
7 46 0 45 0 44 0 43 19 
7 45 0 44 0 43 0 42 19 
7 45 0 44 0 43 0 42 19 
7 45 0 44 0 43 0 42 19 
7 47 0 46 0 45 0 44 19 
7 45 0 44 0 43 0 42 19 
7 45 0 44 0 43 0 42 19 
7 47 0 46 0 45 0 44 19 
7 44 0 43 0 42 0 41 19 
7 44 0 43 0 42 0 41 19 
7 44 0 43 0 42 0 41 19 
7 46 0 45 0 44 0 43 19 
7 44 0 43 0 42 0 41 19 
7 45 0 44 0 43 0 42 19 
7 44 0 43 0 42 0 41 19 
7 44 0 43 0 42 0 41 19 
7 46 0 45 0 44 0 43 19 
7 45 0 44 0 43 0 42 19 
7 45 0 44 0 43 0 42 19 
7 43 0 42 0 41 0 40 19 
7 47 0 46 0 45 0 44 19 
7 44 0 43 0 42 0 41 19 
7 45 0 44 0 43 0 42 19 
7 46 0 45 0 44 0 43 19 
7 44 0 43 0 42 0 41 19 
7 44 0 43 0 42 0 41 19 
7 43 0 42 0 41 0 40 19 
7 44 0 43 0 42 0 41 19 
7 45 0 44 0 43 0 42 19 
7 46 0 45 0 44 0 43 19 
7 46 0 45 0 44 0 43 19 
7 45 0 44 0 43 0 42 19 
7 44 0 43 0 42 0 41 19 
7 44 0 43 0 42 0 41 19 
SCORES_TXT_END_0
SCORES_TXT_BEGIN_0 92 100 9 BLEU
4 29 1 28 0 27 0 26 13 
4 29 1 28 0 27 0 26 13 
4 29 1 28 0 27 0 26 13 
4 29 1 28 0 27 0 26 13 
3 29 1 28 0 27 0 26 13 
3 29 1 28 0 27 0 26 13 
4 29 1 28 0 27 0 26 13 
5 29 1 28 0 27 0 26 13 
4 29 1 28 0 27 0 26 13 
5 29 1 28 0 27 0 26 13 
4 29 1 28 0 27 0 26 13 
4 29 1 28 0 27 0 26 13 
4 29 1 28 0 27 0 26 13 
4 29 1 28 0 27 0 26 13 
4 29 1 28 0 27 0 26 13 
4 30 1 29 0 28 0 27 13 
4 29 1 28 0 27 0 26 13 
4 30 1 29 0 28 0 27 13 
4 30 1 29 0 28 0 27 13 
4 30 1 29 0 28 0 27 13 
5 29 1 28 0 27 0 26 13 
4 29 1 28 0 27 0 26 13 
5 29 1 28 0 27 0 26 13 
4 29 1 28 0 27 0 26 13 
3 29 1 28 0 27 0 26 13 
4 29 1 28 0 27 0 26 13 
3 29 1 28 0 27 0 26 13 
4 29 1 28 0 27 0 26 13 
4 29 1 28 0 27 0 26 13 
5 29 1 28 0 27 0 26 13 
4 29 1 28 0 27 0 26 13 
5 29 1 28 0 27 0 26 13 
3 29 1 28 0 27 0 26 13 
4 29 1 28 0 27 0 26 13 
4 29 1 28 0 27 0 26 13 
4 29 1 28 0 27 0 26 13 
4 29 1 28 0 27 0 26 13 
4 29 1 28 0 27 0 26 13 
3 29 1 28 0 27 0 26 13 
4 29 1 28 0 27 0 26 13 
4 29 1 28 0 27 0 26 13 
4 29 1 28 0 27 0 26 13 
4 29 1 28 0 27 0 26 13 
4 30 1 29 0 28 0 27 13 
3 29 1 28 0 27 0 26 13 
4 29 1 28 0 27 0 26 13 
3 29 1 28 0 27 0 26 13 
4 30 1 29 0 28 0 27 13 
3 29 1 28 0 27 0 26 13 
3 29 1 28 0 27 0 26 13 
3 29 1 28 0 27 0 26 13 
3 29 1 28 0 27 0 26 13 
3 30 1 29 0 28 0 27 13 
4 29 1 28 0 27 0 26 13 
5 29 1 28 0 27 0 26 13 
4 29 1 28 0 27 0 26 13 
5 29 1 28 0 27 0 26 13 
3 29 1 28 0 27 0 26 13 
4 29 1 28 0 27 0 26 13 
4 30 1 29 0 28 0 27 13 
4 29 1 28 0 27 0 26 13 
3 29 1 28 0 27 0 26 13 
4 29 1 28 0 27 0 26 13 
3 30 1 29 0 28 0 27 13 
4 30 1 29 0 28 0 27 13 
4 29 1 28 0 27 0 26 13 
4 30 1 29 0 28 0 27 13 
5 29 1 28 0 27 0 26 13 
4 29 1 28 0 27 0 26 13 
5 30 1 29 0 28 0 27 13 
4 30 1 29 0 28 0 27 13 
5 29 1 28 0 27 0 26 13 
4 29 1 28 0 27 0 26 13 
4 30 1 29 0 28 0 27 13 
5 30 1 29 0 28 0 27 13 
4 30 1 29 0 28 0 27 13 
5 29 1 28 0 27 0 26 13 
4 29 1 28 0 27 0 26 13 
4 29 1 28 0 27 0 26 13 
4 30 1 29 0 28 0 27 13 
5 29 1 28 0 27 0 26 13 
4 29 1 28 0 27 0 26 13 
4 29 1 28 0 27 0 26 13 
4 29 1 28 0 27 0 26 13 
4 30 1 29 0 28 0 27 13 
3 30 1 29 0 28 0 27 13 
4 29 1 28 0 27 0 26 13 
4 29 1 28 0 27 0 26 13 
4 29 1 28 0 27 0 26 13 
4 29 1 28 0 27 0 26 13 
4 29 1 28 0 27 0 26 13 
4 30 1 29 0 28 0 27 13 
3 29 1 28 0 27 0 26 13 
4 29 1 28 0 27 0 26 13 
4 30 1 29 0 28 0 27 13 
4 29 1 28 0 27 0 26 13 
4 29 1 28 0 27 0 26 13 
4 30 1 29 0 28 0 27 13 
4 30 1 29 0 28 0 27 13 
3 30 1 29 0 28 0 27 13 
SCORES_TXT_END_0
SCORES_TXT_BEGIN_0 93 100 9 BLEU
10 41 1 40 0 39 0 38 26 
9 41 1 40 0 39 0 38 26 
9 43 1 42 0 41 0 40 26 
8 43 1 42 0 41 0 40 26 
10 41 1 40 0 39 0 38 26 
10 43 1 42 0 41 0 40 26 
9 41 1 40 0 39 0 38 26 
9 41 0 40 0 39 0 38 26 
9 41 1 40 0 39 0 38 26 
9 43 1 42 0 41 0 40 26 
9 43 1 42 0 41 0 40 26 
9 43 1 42 0 41 0 40 26 
9 45 1 44 0 43 0 42 26 
11 40 1 39 0 38 0 37 26 
8 41 0 40 0 39 0 38 26 
8 41 1 40 0 39 0 38 26 
8 43 1 42 0 41 0 40 26 
8 43 1 42 0 41 0 40 26 
8 43 0 42 0 41 0 40 26 
8 45 1 44 0 43 0 42 26 
10 40 1 39 0 38 0 37 26 
10 42 1 41 0 40 0 39 26 
7 43 0 42 0 41 0 40 26 
9 41 1 40 0 39 0 38 26 
9 43 1 42 0 41 0 40 26 
9 43 1 42 0 41 0 40 26 
9 45 1 44 0 43 0 42 26 
9 42 1 41 0 40 0 39 26 
8 41 1 40 0 39 0 38 26 
10 41 1 40 0 39 0 38 26 
8 41 0 40 0 39 0 38 26 
8 43 1 42 0 41 0 40 26 
8 43 1 42 0 41 0 40 26 
8 43 0 42 0 41 0 40 26 
8 45 1 44 0 43 0 42 26 
10 42 1 41 0 40 0 39 26 
10 40 1 39 0 38 0 37 26 
9 41 1 40 0 39 0 38 26 
7 41 0 40 0 39 0 38 26 
10 42 1 41 0 40 0 39 26 
7 43 0 42 0 41 0 40 26 
11 41 1 40 0 39 0 38 26 
9 42 1 41 0 40 0 39 26 
9 43 1 42 0 41 0 40 26 
9 41 1 40 0 39 0 38 26 
9 40 1 39 0 38 0 37 26 
9 44 1 43 0 42 0 41 26 
9 42 1 41 0 40 0 39 26 
9 43 1 42 0 41 0 40 26 
11 43 1 42 0 41 0 40 26 
10 41 1 40 0 39 0 38 26 
9 42 0 41 0 40 0 39 26 
10 43 1 42 0 41 0 40 26 
10 41 1 40 0 39 0 38 26 
8 43 1 42 0 41 0 40 26 
8 41 1 40 0 39 0 38 26 
10 43 1 42 0 41 0 40 26 
8 44 1 43 0 42 0 41 26 
10 43 1 42 0 41 0 40 26 
9 41 1 40 0 39 0 38 26 
8 45 1 44 0 43 0 42 26 
9 41 0 40 0 39 0 38 26 
9 41 1 40 0 39 0 38 26 
8 42 0 41 0 40 0 39 26 
9 43 1 42 0 41 0 40 26 
9 42 1 41 0 40 0 39 26 
10 45 1 44 0 43 0 42 26 
8 44 0 43 0 42 0 41 26 
9 41 1 40 0 39 0 38 26 
9 43 1 42 0 41 0 40 26 
10 41 1 40 0 39 0 38 26 
9 43 1 42 0 41 0 40 26 
9 43 1 42 0 41 0 40 26 
9 42 1 41 0 40 0 39 26 
9 41 1 40 0 39 0 38 26 
9 44 1 43 0 42 0 41 26 
9 45 1 44 0 43 0 42 26 
11 40 1 39 0 38 0 37 26 
9 43 1 42 0 41 0 40 26 
9 43 1 42 0 41 0 40 26 
8 41 0 40 0 39 0 38 26 
8 41 1 40 0 39 0 38 26 
9 45 1 44 0 43 0 42 26 
9 45 1 44 0 43 0 42 26 
9 41 1 40 0 39 0 38 26 
7 44 0 43 0 42 0 41 26 
8 41 1 40 0 39 0 38 26 
8 44 1 43 0 42 0 41 26 
8 43 1 42 0 41 0 40 26 
10 41 1 40 0 39 0 38 26 
8 43 1 42 0 41 0 40 26 
8 42 1 41 0 40 0 39 26 
8 41 1 40 0 39 0 38 26 
8 43 0 42 0 41 0 40 26 
10 43 1 42 0 41 0 40 26 
8 44 1 43 0 42 0 41 26 
8 41 0 40 0 39 0 38 26 
8 45 1 44 0 43 0 42 26 
10 40 1 39 0 38 0 37 26 
9 43 1 42 0 41 0 40 26 
SCORES_TXT_END_0
SCORES_TXT_BEGIN_0 94 100 9 BLEU
5 51 0 50 0 49 0 48 19 
5 51 0 50 0 49 0 48 19 
5 51 0 50 0 49 0 48 19 
5 51 0 50 0 49 0 48 19 
5 51 0 50 0 49 0 48 19 
5 51 0 50 0 49 0 48 19 
5 51 0 50 0 49 0 48 19 
5 51 0 50 0 49 0 48 19 
5 51 0 50 0 49 0 48 19 
5 51 0 50 0 49 0 48 19 
5 51 0 50 0 49 0 48 19 
5 51 0 50 0 49 0 48 19 
5 51 0 50 0 49 0 48 19 
5 51 0 50 0 49 0 48 19 
5 51 0 50 0 49 0 48 19 
5 51 0 50 0 49 0 48 19 
5 51 0 50 0 49 0 48 19 
5 51 0 50 0 49 0 48 19 
5 51 0 50 0 49 0 48 19 
5 51 0 50 0 49 0 48 19 
5 51 0 50 0 49 0 48 19 
5 50 0 49 0 48 0 47 19 
5 51 0 50 0 49 0 48 19 
5 51 0 50 0 49 0 48 19 
5 51 0 50 0 49 0 48 19 
5 51 0 50 0 49 0 48 19 
5 51 0 50 0 49 0 48 19 
5 51 0 50 0 49 0 48 19 
5 51 0 50 0 49 0 48 19 
5 50 0 49 0 48 0 47 19 
5 51 0 50 0 49 0 48 19 
5 51 0 50 0 49 0 48 19 
5 51 0 50 0 49 0 48 19 
5 51 0 50 0 49 0 48 19 
5 51 0 50 0 49 0 48 19 
5 51 0 50 0 49 0 48 19 
5 51 0 50 0 49 0 48 19 
5 53 0 52 0 51 0 50 19 
5 51 0 50 0 49 0 48 19 
5 51 0 50 0 49 0 48 19 
5 51 0 50 0 49 0 48 19 
5 53 0 52 0 51 0 50 19 
5 51 0 50 0 49 0 48 19 
5 50 0 49 0 48 0 47 19 
5 51 0 50 0 49 0 48 19 
5 51 0 50 0 49 0 48 19 
5 51 0 50 0 49 0 48 19 
5 51 0 50 0 49 0 48 19 
5 51 0 50 0 49 0 48 19 
5 53 0 52 0 51 0 50 19 
5 51 0 50 0 49 0 48 19 
5 51 0 50 0 49 0 48 19 
5 53 0 52 0 51 0 50 19 
5 51 0 50 0 49 0 48 19 
5 51 0 50 0 49 0 48 19 
5 51 0 50 0 49 0 48 19 
5 51 0 50 0 49 0 48 19 
5 50 0 49 0 48 0 47 19 
5 51 0 50 0 49 0 48 19 
5 51 0 50 0 49 0 48 19 
5 51 0 50 0 49 0 48 19 
5 51 0 50 0 49 0 48 19 
5 51 0 50 0 49 0 48 19 
5 51 0 50 0 49 0 48 19 
5 51 0 50 0 49 0 48 19 
5 51 0 50 0 49 0 48 19 
5 51 0 50 0 49 0 48 19 
5 51 0 50 0 49 0 48 19 
5 51 0 50 0 49 0 48 19 
5 53 0 52 0 51 0 50 19 
5 51 0 50 0 49 0 48 19 
5 51 0 50 0 49 0 48 19 
5 51 0 50 0 49 0 48 19 
5 51 0 50 0 49 0 48 19 
5 53 0 52 0 51 0 50 19 
5 51 0 50 0 49 0 48 19 
5 51 0 50 0 49 0 48 19 
5 51 0 50 0 49 0 48 19 
5 51 0 50 0 49 0 48 19 
5 53 0 52 0 51 0 50 19 
5 51 0 50 0 49 0 48 19 
5 51 0 50 0 49 0 48 19 
5 51 0 50 0 49 0 48 19 
5 53 0 52 0 51 0 50 19 
5 52 0 51 0 50 0 49 19 
5 51 0 50 0 49 0 48 19 
5 50 0 49 0 48 0 47 19 
5 53 0 52 0 51 0 50 19 
5 51 0 50 0 49 0 48 19 
5 51 0 50 0 49 0 48 19 
5 51 0 50 0 49 0 48 19 
5 51 0 50 0 49 0 48 19 
5 51 0 50 0 49 0 48 19 
5 51 0 50 0 49 0 48 19 
5 51 0 50 0 49 0 48 19 
5 51 0 50 0 49 0 48 19 
5 53 0 52 0 51 0 50 19 
5 51 0 50 0 49 0 48 19 
5 51 0 50 0 49 0 48 19 
5 51 0 50 0 49 0 48 19 
SCORES_TXT_END_0
SCORES_TXT_BEGIN_0 95 100 9 BLEU
7 49 1 48 0 47 0 46 19 
7 50 1 49 0 48 0 47 19 
7 50 1 49 0 48 0 47 19 
7 51 1 50 0 49 0 48 19 
7 50 1 49 0 48 0 47 19 
7 50 1 49 0 48 0 47 19 
7 51 1 50 0 49 0 48 19 
7 52 1 51 0 50 0 49 19 
7 51 1 50 0 49 0 48 19 
7 50 1 49 0 48 0 47 19 
7 50 1 49 0 48 0 47 19 
7 51 1 50 0 49 0 48 19 
7 52 1 51 0 50 0 49 19 
7 49 1 48 0 47 0 46 19 
7 49 1 48 0 47 0 46 19 
7 51 1 50 0 49 0 48 19 
7 49 1 48 0 47 0 46 19 
7 52 1 51 0 50 0 49 19 
7 51 1 50 0 49 0 48 19 
7 49 1 48 0 47 0 46 19 
7 49 1 48 0 47 0 46 19 
7 49 1 48 0 47 0 46 19 
7 49 1 48 0 47 0 46 19 
7 51 1 50 0 49 0 48 19 
7 52 1 51 0 50 0 49 19 
7 53 1 52 0 51 0 50 19 
7 49 1 48 0 47 0 46 19 
7 50 1 49 0 48 0 47 19 
7 50 1 49 0 48 0 47 19 
7 51 1 50 0 49 0 48 19 
7 52 1 51 0 50 0 49 19 
7 51 1 50 0 49 0 48 19 
7 52 1 51 0 50 0 49 19 
7 51 1 50 0 49 0 48 19 
7 51 1 50 0 49 0 48 19 
7 50 1 49 0 48 0 47 19 
7 51 1 50 0 49 0 48 19 
7 50 1 49 0 48 0 47 19 
7 51 1 50 0 49 0 48 19 
7 50 1 49 0 48 0 47 19 
7 50 1 49 0 48 0 47 19 
7 51 1 50 0 49 0 48 19 
7 50 1 49 0 48 0 47 19 
7 50 1 49 0 48 0 47 19 
7 51 1 50 0 49 0 48 19 
7 51 1 50 0 49 0 48 19 
7 52 1 51 0 50 0 49 19 
7 50 1 49 0 48 0 47 19 
7 53 1 52 0 51 0 50 19 
7 50 1 49 0 48 0 47 19 
7 50 1 49 0 48 0 47 19 
7 51 1 50 0 49 0 48 19 
7 50 1 49 0 48 0 47 19 
7 50 1 49 0 48 0 47 19 
7 50 1 49 0 48 0 47 19 
7 50 1 49 0 48 0 47 19 
7 50 1 49 0 48 0 47 19 
7 50 1 49 0 48 0 47 19 
7 51 1 50 0 49 0 48 19 
7 50 1 49 0 48 0 47 19 
7 50 1 49 0 48 0 47 19 
7 49 1 48 0 47 0 46 19 
7 49 1 48 0 47 0 46 19 
7 49 1 48 0 47 0 46 19 
7 50 1 49 0 48 0 47 19 
7 51 1 50 0 49 0 48 19 
7 50 1 49 0 48 0 47 19 
7 50 1 49 0 48 0 47 19 
7 50 1 49 0 48 0 47 19 
7 52 1 51 0 50 0 49 19 
7 53 1 52 0 51 0 50 19 
7 49 1 48 0 47 0 46 19 
7 52 1 51 0 50 0 49 19 
7 50 1 49 0 48 0 47 19 
7 50 1 49 0 48 0 47 19 
7 51 1 50 0 49 0 48 19 
7 50 1 49 0 48 0 47 19 
7 52 1 51 0 50 0 49 19 
7 51 1 50 0 49 0 48 19 
7 52 1 51 0 50 0 49 19 
7 50 1 49 0 48 0 47 19 
7 51 1 50 0 49 0 48 19 
7 51 1 50 0 49 0 48 19 
7 52 1 51 0 50 0 49 19 
7 51 1 50 0 49 0 48 19 
7 51 1 50 0 49 0 48 19 
7 52 1 51 0 50 0 49 19 
7 53 1 52 0 51 0 50 19 
7 52 1 51 0 50 0 49 19 
7 53 1 52 0 51 0 50 19 
7 49 1 48 0 47 0 46 19 
7 49 1 48 0 47 0 46 19 
7 50 1 49 0 48 0 47 19 
7 51 1 50 0 49 0 48 19 
7 52 1 51 0 50 0 49 19 
7 51 1 50 0 49 0 48 19 
7 51 1 50 0 49 0 48 19 
7 49 1 48 0 47 0 46 19 
7 52 1 51 0 50 0 49 19 
7 51 1 50 0 49 0 48 19 
SCORES_TXT_END_0
SCORES_TXT_BEGIN_0 96 100 9 BLEU
8 58 0 57 0 56 0 55 26 
8 58 0 57 0 56 0 55 26 
8 58 0 57 0 56 0 55 26 
8 58 0 57 0 56 0 55 26 
8 58 0 57 0 56 0 55 26 
8 58 0 57 0 56 0 55 26 
8 58 0 57 0 56 0 55 26 
8 58 0 57 0 56 0 55 26 
8 58 0 57 0 56 0 55 26 
8 59 1 58 0 57 0 56 26 
8 58 0 57 0 56 0 55 26 
8 58 0 57 0 56 0 55 26 
8 57 0 56 0 55 0 54 26 
8 58 0 57 0 56 0 55 26 
8 58 0 57 0 56 0 55 26 
8 58 0 57 0 56 0 55 26 
8 59 1 58 0 57 0 56 26 
8 58 0 57 0 56 0 55 26 
8 58 0 57 0 56 0 55 26 
8 59 1 58 0 57 0 56 26 
8 58 0 57 0 56 0 55 26 
8 57 0 56 0 55 0 54 26 
8 58 0 57 0 56 0 55 26 
8 58 0 57 0 56 0 55 26 
8 58 0 57 0 56 0 55 26 
8 59 1 58 0 57 0 56 26 
8 57 0 56 0 55 0 54 26 
8 58 0 57 0 56 0 55 26 
8 58 0 57 0 56 0 55 26 
8 58 0 57 0 56 0 55 26 
8 59 1 58 0 57 0 56 26 
8 58 0 57 0 56 0 55 26 
8 58 0 57 0 56 0 55 26 
8 57 0 56 0 55 0 54 26 
8 58 0 57 0 56 0 55 26 
8 58 0 57 0 56 0 55 26 
8 58 0 57 0 56 0 55 26 
8 59 1 58 0 57 0 56 26 
8 58 0 57 0 56 0 55 26 
8 59 1 58 0 57 0 56 26 
8 57 0 56 0 55 0 54 26 
8 58 0 57 0 56 0 55 26 
8 58 0 57 0 56 0 55 26 
8 58 0 57 0 56 0 55 26 
8 59 1 58 0 57 0 56 26 
8 58 0 57 0 56 0 55 26 
8 58 0 57 0 56 0 55 26 
8 59 1 58 0 57 0 56 26 
8 57 0 56 0 55 0 54 26 
8 57 0 56 0 55 0 54 26 
8 58 0 57 0 56 0 55 26 
8 58 0 57 0 56 0 55 26 
8 58 0 57 0 56 0 55 26 
8 58 0 57 0 56 0 55 26 
8 59 0 58 0 57 0 56 26 
8 58 0 57 0 56 0 55 26 
8 57 0 56 0 55 0 54 26 
8 58 0 57 0 56 0 55 26 
8 59 1 58 0 57 0 56 26 
8 58 0 57 0 56 0 55 26 
8 57 0 56 0 55 0 54 26 
8 58 0 57 0 56 0 55 26 
8 59 1 58 0 57 0 56 26 
8 58 1 57 0 56 0 55 26 
8 59 1 58 0 57 0 56 26 
8 58 0 57 0 56 0 55 26 
8 58 0 57 0 56 0 55 26 
8 59 1 58 0 57 0 56 26 
8 59 1 58 0 57 0 56 26 
8 58 0 57 0 56 0 55 26 
8 58 0 57 0 56 0 55 26 
8 58 0 57 0 56 0 55 26 
8 58 0 57 0 56 0 55 26 
8 59 1 58 0 57 0 56 26 
8 57 0 56 0 55 0 54 26 
8 58 0 57 0 56 0 55 26 
8 59 1 58 0 57 0 56 26 
8 57 0 56 0 55 0 54 26 
8 58 0 57 0 56 0 55 26 
8 59 0 58 0 57 0 56 26 
8 58 0 57 0 56 0 55 26 
8 57 0 56 0 55 0 54 26 
8 58 0 57 0 56 0 55 26 
8 59 1 58 0 57 0 56 26 
8 57 0 56 0 55 0 54 26 
8 58 0 57 0 56 0 55 26 
8 58 0 57 0 56 0 55 26 
8 57 0 56 0 55 0 54 26 
8 58 0 57 0 56 0 55 26 
8 58 1 57 0 56 0 55 26 
8 59 0 58 0 57 0 56 26 
8 61 1 60 0 59 0 58 26 
9 58 0 57 0 56 0 55 26 
8 58 0 57 0 56 0 55 26 
8 58 0 57 0 56 0 55 26 
8 58 0 57 0 56 0 55 26 
8 59 1 58 0 57 0 56 26 
8 59 1 58 0 57 0 56 26 
8 59 1 58 0 57 0 56 26 
8 57 0 56 0 55 0 54 26 
SCORES_TXT_END_0
SCORES_TXT_BEGIN_0 97 100 9 BLEU
14 44 1 43 0 42 0 41 29 
14 44 1 43 0 42 0 41 29 
14 44 1 43 0 42 0 41 29 
15 45 2 44 0 43 0 42 29 
14 44 1 43 0 42 0 41 29 
15 45 2 44 0 43 0 42 29 
15 45 2 44 0 43 0 42 29 
15 45 2 44 0 43 0 42 29 
14 44 2 43 0 42 0 41 29 
14 44 1 43 0 42 0 41 29 
14 45 1 44 0 43 0 42 29 
14 44 1 43 0 42 0 41 29 
15 43 2 42 0 41 0 40 29 
14 44 2 43 0 42 0 41 29 
14 45 1 44 0 43 0 42 29 
15 45 3 44 0 43 0 42 29 
14 44 1 43 0 42 0 41 29 
14 45 1 44 0 43 0 42 29 
14 45 1 44 0 43 0 42 29 
15 45 2 44 0 43 0 42 29 
14 44 1 43 0 42 0 41 29 
15 43 2 42 0 41 0 40 29 
13 44 1 43 0 42 0 41 29 
14 45 1 44 0 43 0 42 29 
14 45 1 44 0 43 0 42 29 
15 45 2 44 0 43 0 42 29 
16 44 3 43 0 42 0 41 29 
15 45 3 44 0 43 0 42 29 
13 44 1 43 0 42 0 41 29 
14 45 1 44 0 43 0 42 29 
15 45 2 44 0 43 0 42 29 
15 45 1 44 0 43 0 42 29 
14 45 1 44 0 43 0 42 29 
13 44 1 43 0 42 0 41 29 
14 45 1 44 0 43 0 42 29 
15 45 2 44 0 43 0 42 29 
16 44 3 43 0 42 0 41 29 
15 45 1 44 0 43 0 42 29 
15 43 2 42 0 41 0 40 29 
14 45 1 44 0 43 0 42 29 
15 45 2 44 0 43 0 42 29 
14 44 2 43 0 42 0 41 29 
13 44 1 43 0 42 0 41 29 
14 45 2 44 0 43 0 42 29 
15 45 2 44 0 43 0 42 29 
15 45 1 44 0 43 0 42 29 
14 45 1 44 0 43 0 42 29 
14 45 1 44 0 43 0 42 29 
15 45 1 44 0 43 0 42 29 
14 44 1 43 0 42 0 41 29 
15 43 2 42 0 41 0 40 29 
14 45 1 44 0 43 0 42 29 
15 45 2 44 0 43 0 42 29 
15 43 2 42 0 41 0 40 29 
14 44 2 43 0 42 0 41 29 
14 45 1 44 0 43 0 42 29 
15 44 2 43 0 42 0 41 29 
16 44 3 43 0 42 0 41 29 
14 45 2 44 0 43 0 42 29 
14 45 2 44 0 43 0 42 29 
15 45 3 44 0 43 0 42 29 
14 44 1 43 0 42 0 41 29 
15 45 2 44 0 43 0 42 29 
14 45 1 44 0 43 0 42 29 
14 44 2 43 0 42 0 41 29 
13 44 1 43 0 42 0 41 29 
15 44 2 43 0 42 0 41 29 
14 45 1 44 0 43 0 42 29 
14 45 1 44 0 43 0 42 29 
14 44 1 43 0 42 0 41 29 
14 46 1 45 0 44 0 43 29 
14 45 1 44 0 43 0 42 29 
14 44 1 43 0 42 0 41 29 
15 43 2 42 0 41 0 40 29 
13 44 1 43 0 42 0 41 29 
14 45 1 44 0 43 0 42 29 
13 44 1 43 0 42 0 41 29 
14 45 1 44 0 43 0 42 29 
15 44 2 43 0 42 0 41 29 
14 45 1 44 0 43 0 42 29 
15 44 2 43 0 42 0 41 29 
16 44 3 43 0 42 0 41 29 
14 45 2 44 0 43 0 42 29 
14 44 1 43 0 42 0 41 29 
16 44 3 43 0 42 0 41 29 
14 46 1 45 0 44 0 43 29 
13 45 1 44 0 43 0 42 29 
15 45 3 44 0 43 0 42 29 
15 45 2 44 0 43 0 42 29 
14 44 1 43 0 42 0 41 29 
14 45 2 44 0 43 0 42 29 
14 45 1 44 0 43 0 42 29 
14 45 1 44 0 43 0 42 29 
13 44 1 43 0 42 0 41 29 
15 43 2 42 0 41 0 40 29 
15 43 2 42 0 41 0 40 29 
14 44 2 43 0 42 0 41 29 
13 44 1 43 0 42 0 41 29 
15 44 2 43 0 42 0 41 29 
13 45 1 44 0 43 0 42 29 
SCORES_TXT_END_0
SCORES_TXT_BEGIN_0 98 100 9 BLEU
5 28 0 27 0 26 0 25 21 
5 29 0 28 0 27 0 26 21 
4 28 0 27 0 26 0 25 21 
5 28 0 27 0 26 0 25 21 
4 29 0 28 0 27 0 26 21 
5 29 0 28 0 27 0 26 21 
4 28 0 27 0 26 0 25 21 
5 28 0 27 0 26 0 25 21 
4 29 0 28 0 27 0 26 21 
5 28 0 27 0 26 0 25 21 
5 29 0 28 0 27 0 26 21 
4 28 0 27 0 26 0 25 21 
5 28 0 27 0 26 0 25 21 
4 28 0 27 0 26 0 25 21 
5 29 0 28 0 27 0 26 21 
5 29 0 28 0 27 0 26 21 
4 28 0 27 0 26 0 25 21 
4 29 0 28 0 27 0 26 21 
5 29 0 28 0 27 0 26 21 
4 29 0 28 0 27 0 26 21 
4 28 0 27 0 26 0 25 21 
5 30 0 29 0 28 0 27 21 
4 29 0 28 0 27 0 26 21 
4 29 0 28 0 27 0 26 21 
4 28 0 27 0 26 0 25 21 
5 29 0 28 0 27 0 26 21 
4 28 0 27 0 26 0 25 21 
4 29 0 28 0 27 0 26 21 
5 28 0 27 0 26 0 25 21 
4 28 0 27 0 26 0 25 21 
6 28 1 27 0 26 0 25 21 
5 28 0 27 0 26 0 25 21 
4 30 0 29 0 28 0 27 21 
4 29 0 28 0 27 0 26 21 
5 27 0 26 0 25 0 24 21 
5 30 0 29 0 28 0 27 21 
4 29 0 28 0 27 0 26 21 
4 29 0 28 0 27 0 26 21 
4 28 0 27 0 26 0 25 21 
5 29 0 28 0 27 0 26 21 
4 29 0 28 0 27 0 26 21 
6 29 1 28 0 27 0 26 21 
4 28 0 27 0 26 0 25 21 
5 29 0 28 0 27 0 26 21 
4 28 0 27 0 26 0 25 21 
5 28 1 27 0 26 0 25 21 
4 28 0 27 0 26 0 25 21 
5 28 0 27 0 26 0 25 21 
4 28 0 27 0 26 0 25 21 
4 27 0 26 0 25 0 24 21 
4 30 0 29 0 28 0 27 21 
4 28 0 27 0 26 0 25 21 
5 27 0 26 0 25 0 24 21 
5 29 0 28 0 27 0 26 21 
4 29 0 28 0 27 0 26 21 
4 29 0 28 0 27 0 26 21 
5 29 0 28 0 27 0 26 21 
4 29 0 28 0 27 0 26 21 
5 29 1 28 0 27 0 26 21 
4 29 0 28 0 27 0 26 21 
5 28 0 27 0 26 0 25 21 
4 28 0 27 0 26 0 25 21 
4 29 0 28 0 27 0 26 21 
4 28 0 27 0 26 0 25 21 
5 28 0 27 0 26 0 25 21 
4 29 0 28 0 27 0 26 21 
5 28 0 27 0 26 0 25 21 
4 29 0 28 0 27 0 26 21 
5 28 0 27 0 26 0 25 21 
5 28 0 27 0 26 0 25 21 
4 28 0 27 0 26 0 25 21 
5 30 0 29 0 28 0 27 21 
4 27 0 26 0 25 0 24 21 
4 29 0 28 0 27 0 26 21 
5 27 0 26 0 25 0 24 21 
5 28 0 27 0 26 0 25 21 
4 28 0 27 0 26 0 25 21 
5 28 0 27 0 26 0 25 21 
4 28 0 27 0 26 0 25 21 
5 30 0 29 0 28 0 27 21 
6 28 1 27 0 26 0 25 21 
5 29 0 28 0 27 0 26 21 
4 29 0 28 0 27 0 26 21 
4 29 0 28 0 27 0 26 21 
5 27 0 26 0 25 0 24 21 
5 29 0 28 0 27 0 26 21 
4 28 0 27 0 26 0 25 21 
4 28 0 27 0 26 0 25 21 
4 28 0 27 0 26 0 25 21 
4 30 0 29 0 28 0 27 21 
5 29 0 28 0 27 0 26 21 
4 28 0 27 0 26 0 25 21 
5 29 0 28 0 27 0 26 21 
4 29 0 28 0 27 0 26 21 
5 28 0 27 0 26 0 25 21 
4 28 0 27 0 26 0 25 21 
4 28 0 27 0 26 0 25 21 
4 30 0 29 0 28 0 27 21 
5 28 0 27 0 26 0 25 21 
4 28 0 27 0 26 0 25 21 
SCORES_TXT_END_0
SCORES_TXT_BEGIN_0 99 95 9 BLEU
5 44 0 43 0 42 0 41 19 
5 44 0 43 0 42 0 41 19 
5 43 0 42 0 41 0 40 19 
5 43 0 42 0 41 0 40 19 
5 44 0 43 0 42 0 41 19 
6 45 1 44 0 43 0 42 19 
5 44 0 43 0 42 0 41 19 
6 45 1 44 0 43 0 42 19 
5 43 0 42 0 41 0 40 19 
6 44 1 43 0 42 0 41 19 
5 43 0 42 0 41 0 40 19 
6 44 1 43 0 42 0 41 19 
6 45 1 44 0 43 0 42 19 
6 45 1 44 0 43 0 42 19 
5 45 0 44 0 43 0 42 19 
5 43 0 42 0 41 0 40 19 
6 44 1 43 0 42 0 41 19 
5 43 0 42 0 41 0 40 19 
6 44 1 43 0 42 0 41 19 
5 44 0 43 0 42 0 41 19 
5 44 0 43 0 42 0 41 19 
5 42 0 41 0 40 0 39 19 
5 44 0 43 0 42 0 41 19 
5 42 0 41 0 40 0 39 19 
5 45 0 44 0 43 0 42 19 
5 43 0 42 0 41 0 40 19 
5 43 0 42 0 41 0 40 19 
5 45 0 44 0 43 0 42 19 
6 46 1 45 0 44 0 43 19 
6 44 1 43 0 42 0 41 19 
5 44 0 43 0 42 0 41 19 
5 44 0 43 0 42 0 41 19 
5 43 0 42 0 41 0 40 19 
5 43 0 42 0 41 0 40 19 
6 44 1 43 0 42 0 41 19 
5 44 0 43 0 42 0 41 19 
5 44 0 43 0 42 0 41 19 
5 44 0 43 0 42 0 41 19 
5 45 0 44 0 43 0 42 19 
5 45 0 44 0 43 0 42 19 
5 44 0 43 0 42 0 41 19 
5 42 0 41 0 40 0 39 19 
5 44 0 43 0 42 0 41 19 
6 45 1 44 0 43 0 42 19 
5 43 0 42 0 41 0 40 19 
6 43 1 42 0 41 0 40 19 
5 44 0 43 0 42 0 41 19 
5 43 0 42 0 41 0 40 19 
5 45 0 44 0 43 0 42 19 
5 45 0 44 0 43 0 42 19 
5 42 0 41 0 40 0 39 19 
5 43 0 42 0 41 0 40 19 
6 43 1 42 0 41 0 40 19 
5 44 0 43 0 42 0 41 19 
5 43 0 42 0 41 0 40 19 
5 44 0 43 0 42 0 41 19 
5 43 0 42 0 41 0 40 19 
5 45 0 44 0 43 0 42 19 
5 44 0 43 0 42 0 41 19 
6 46 1 45 0 44 0 43 19 
6 44 1 43 0 42 0 41 19 
5 44 0 43 0 42 0 41 19 
6 46 1 45 0 44 0 43 19 
6 47 1 46 0 45 0 44 19 
5 44 0 43 0 42 0 41 19 
5 44 0 43 0 42 0 41 19 
5 43 0 42 0 41 0 40 19 
6 45 1 44 0 43 0 42 19 
6 45 1 44 0 43 0 42 19 
5 44 0 43 0 42 0 41 19 
6 44 1 43 0 42 0 41 19 
5 44 0 43 0 42 0 41 19 
5 44 0 43 0 42 0 41 19 
5 44 0 43 0 42 0 41 19 
5 44 0 43 0 42 0 41 19 
5 43 0 42 0 41 0 40 19 
5 45 0 44 0 43 0 42 19 
5 45 0 44 0 43 0 42 19 
6 45 1 44 0 43 0 42 19 
5 43 0 42 0 41 0 40 19 
6 45 1 44 0 43 0 42 19 
5 44 0 43 0 42 0 41 19 
6 46 1 45 0 44 0 43 19 
5 44 0 43 0 42 0 41 19 
6 45 1 44 0 43 0 42 19 
5 43 0 42 0 41 0 40 19 
6 43 1 42 0 41 0 40 19 
6 45 1 44 0 43 0 42 19 
6 46 1 45 0 44 0 43 19 
5 44 0 43 0 42 0 41 19 
5 43 0 42 0 41 0 40 19 
5 45 0 44 0 43 0 42 19 
5 45 0 44 0 43 0 42 19 
6 44 1 43 0 42 0 41 19 
5 43 0 42 0 41 0 40 19 
SCORES_TXT_END_0
SCORES_TXT_BEGIN_0 100 100 9 BLEU
14 30 3 29 2 28 1 27 25 
14 30 3 29 2 28 1 27 25 
14 30 4 29 2 28 1 27 25 
11 30 3 29 2 28 1 27 25 
14 30 3 29 2 28 1 27 25 
14 30 3 29 2 28 1 27 25 
14 30 4 29 2 28 1 27 25 
12 29 3 28 2 27 1 26 25 
15 30 4 29 3 28 2 27 25 
14 30 3 29 2 28 1 27 25 
14 30 3 29 2 28 1 27 25 
14 30 3 29 2 28 1 27 25 
14 30 3 29 2 28 1 27 25 
14 30 3 29 2 28 1 27 25 
14 30 4 29 2 28 1 27 25 
12 29 3 28 2 27 1 26 25 
14 30 4 29 2 28 1 27 25 
11 28 3 27 2 26 1 25 25 
12 29 3 28 2 27 1 26 25 
11 28 3 27 2 26 1 25 25 
13 30 3 29 2 28 1 27 25 
14 30 3 29 2 28 1 27 25 
12 29 4 28 2 27 1 26 25 
12 28 4 27 2 26 1 25 25 
13 30 3 29 2 28 1 27 25 
13 30 3 29 2 28 1 27 25 
14 30 4 29 2 28 1 27 25 
14 30 4 29 2 28 1 27 25 
12 30 3 29 2 28 1 27 25 
13 30 4 29 2 28 1 27 25 
12 30 3 29 2 28 1 27 25 
12 29 0 28 0 27 0 26 25 
12 30 4 29 2 28 1 27 25 
13 30 3 29 2 28 1 27 25 
12 29 3 28 2 27 1 26 25 
13 30 3 29 2 28 1 27 25 
15 30 4 29 3 28 2 27 25 
15 30 4 29 3 28 2 27 25 
14 29 3 28 2 27 1 26 25 
14 30 3 29 2 28 1 27 25 
13 30 4 29 2 28 1 27 25 
14 29 3 28 2 27 1 26 25 
14 30 3 29 2 28 1 27 25 
13 29 3 28 2 27 1 26 25 
14 29 4 28 2 27 1 26 25 
14 30 4 29 2 28 1 27 25 
12 29 3 28 2 27 1 26 25 
16 31 4 30 2 29 1 28 25 
14 30 4 29 2 28 1 27 25 
12 28 3 27 2 26 1 25 25 
16 31 4 30 2 29 1 28 25 
12 29 3 28 2 27 1 26 25 
10 30 3 29 2 28 1 27 25 
12 30 4 29 2 28 1 27 25 
14 30 3 29 2 28 1 27 25 
12 29 4 28 2 27 1 26 25 
14 31 3 30 2 29 1 28 25 
15 30 4 29 3 28 2 27 25 
14 30 3 29 2 28 1 27 25 
16 31 5 30 2 29 1 28 25 
12 28 4 27 2 26 1 25 25 
14 31 3 30 2 29 1 28 25 
13 30 3 29 2 28 1 27 25 
15 30 4 29 3 28 2 27 25 
13 30 3 29 2 28 1 27 25 
14 30 4 29 2 28 1 27 25 
13 29 3 28 2 27 1 26 25 
13 30 3 29 2 28 1 27 25 
15 30 4 29 2 28 1 27 25 
14 30 4 29 2 28 1 27 25 
13 29 3 28 2 27 1 26 25 
14 30 4 29 2 28 1 27 25 
11 28 3 27 2 26 1 25 25 
10 29 0 28 0 27 0 26 25 
14 31 4 30 2 29 1 28 25 
15 30 4 29 2 28 1 27 25 
14 30 3 29 2 28 1 27 25 
14 31 5 30 2 29 1 28 25 
14 30 3 29 2 28 1 27 25 
12 30 3 29 2 28 1 27 25 
13 29 4 28 3 27 2 26 25 
13 30 4 29 2 28 1 27 25 
12 28 4 27 3 26 2 25 25 
11 29 3 28 2 27 1 26 25 
12 29 3 28 2 27 1 26 25 
12 29 3 28 2 27 1 26 25 
12 29 4 28 2 27 1 26 25 
11 28 3 27 2 26 1 25 25 
14 29 3 28 2 27 1 26 25 
12 29 3 28 2 27 1 26 25 
13 29 4 28 2 27 1 26 25 
12 29 3 28 2 27 1 26 25 
13 31 3 30 2 29 1 28 25 
15 30 5 29 2 28 1 27 25 
11 28 3 27 2 26 1 25 25 
15 31 4 30 2 29 1 28 25 
12 29 3 28 2 27 1 26 25 
12 28 4 27 2 26 1 25 25 
13 31 3 30 2 29 1 28 25 
14 31 3 30 2 29 1 28 25 
SCORES_TXT_END_0
SCORES_TXT_BEGIN_0 101 100 9 BLEU
8 37 0 36 0 35 0 34 25 
8 37 0 36 0 35 0 34 25 
8 37 0 36 0 35 0 34 25 
8 37 0 36 0 35 0 34 25 
8 37 0 36 0 35 0 34 25 
8 36 0 35 0 34 0 33 25 
8 36 0 35 0 34 0 33 25 
8 37 0 36 0 35 0 34 25 
8 37 0 36 0 35 0 34 25 
8 36 0 35 0 34 0 33 25 
8 36 0 35 0 34 0 33 25 
9 37 0 36 0 35 0 34 25 
8 37 0 36 0 35 0 34 25 
9 37 0 36 0 35 0 34 25 
8 37 0 36 0 35 0 34 25 
8 38 0 37 0 36 0 35 25 
8 38 0 37 0 36 0 35 25 
7 37 0 36 0 35 0 34 25 
7 37 0 36 0 35 0 34 25 
8 38 0 37 0 36 0 35 25 
8 38 0 37 0 36 0 35 25 
8 37 0 36 0 35 0 34 25 
8 37 0 36 0 35 0 34 25 
8 37 0 36 0 35 0 34 25 
8 37 0 36 0 35 0 34 25 
8 37 0 36 0 35 0 34 25 
7 38 0 37 0 36 0 35 25 
8 37 0 36 0 35 0 34 25 
7 38 0 37 0 36 0 35 25 
8 37 0 36 0 35 0 34 25 
8 37 0 36 0 35 0 34 25 
8 36 0 35 0 34 0 33 25 
8 36 0 35 0 34 0 33 25 
8 37 0 36 0 35 0 34 25 
8 36 0 35 0 34 0 33 25 
8 37 0 36 0 35 0 34 25 
8 37 0 36 0 35 0 34 25 
8 36 0 35 0 34 0 33 25 
8 36 0 35 0 34 0 33 25 
8 36 0 35 0 34 0 33 25 
8 37 0 36 0 35 0 34 25 
8 36 0 35 0 34 0 33 25 
8 37 0 36 0 35 0 34 25 
8 37 0 36 0 35 0 34 25 
8 36 0 35 0 34 0 33 25 
8 37 0 36 0 35 0 34 25 
8 36 0 35 0 34 0 33 25 
9 37 0 36 0 35 0 34 25 
8 36 0 35 0 34 0 33 25 
8 37 0 36 0 35 0 34 25 
9 37 0 36 0 35 0 34 25 
8 38 0 37 0 36 0 35 25 
7 37 0 36 0 35 0 34 25 
9 37 0 36 0 35 0 34 25 
8 37 0 36 0 35 0 34 25 
7 37 0 36 0 35 0 34 25 
9 37 0 36 0 35 0 34 25 
8 38 0 37 0 36 0 35 25 
9 37 0 36 0 35 0 34 25 
7 37 0 36 0 35 0 34 25 
8 37 0 36 0 35 0 34 25 
9 36 0 35 0 34 0 33 25 
8 37 0 36 0 35 0 34 25 
8 36 0 35 0 34 0 33 25 
7 37 0 36 0 35 0 34 25 
8 37 0 36 0 35 0 34 25 
9 36 0 35 0 34 0 33 25 
8 37 0 36 0 35 0 34 25 
8 36 0 35 0 34 0 33 25 
8 37 0 36 0 35 0 34 25 
8 37 0 36 0 35 0 34 25 
8 37 0 36 0 35 0 34 25 
8 37 0 36 0 35 0 34 25 
9 37 0 36 0 35 0 34 25 
8 37 0 36 0 35 0 34 25 
8 37 0 36 0 35 0 34 25 
9 37 0 36 0 35 0 34 25 
8 37 0 36 0 35 0 34 25 
9 36 0 35 0 34 0 33 25 
7 37 0 36 0 35 0 34 25 
8 38 0 37 0 36 0 35 25 
8 37 0 36 0 35 0 34 25 
9 36 0 35 0 34 0 33 25 
7 37 0 36 0 35 0 34 25 
7 37 0 36 0 35 0 34 25 
8 36 0 35 0 34 0 33 25 
8 37 0 36 0 35 0 34 25 
7 36 0 35 0 34 0 33 25 
8 38 0 37 0 36 0 35 25 
8 37 0 36 0 35 0 34 25 
9 37 0 36 0 35 0 34 25 
8 36 0 35 0 34 0 33 25 
7 36 0 35 0 34 0 33 25 
8 38 0 37 0 36 0 35 25 
8 38 0 37 0 36 0 35 25 
8 37 0 36 0 35 0 34 25 
7 37 0 36 0 35 0 34 25 
9 37 0 36 0 35 0 34 25 
9 37 0 36 0 35 0 34 25 
8 38 0 37 0 36 0 35 25 
SCORES_TXT_END_0
SCORES_TXT_BEGIN_0 102 100 9 BLEU
14 59 2 58 0 57 0 56 56 
14 59 2 58 0 57 0 56 56 
15 59 2 58 0 57 0 56 56 
14 59 2 58 0 57 0 56 56 
15 59 2 58 0 57 0 56 56 
14 59 2 58 0 57 0 56 56 
14 61 1 60 0 59 0 58 56 
14 59 2 58 0 57 0 56 56 
14 61 1 60 0 59 0 58 56 
14 59 1 58 0 57 0 56 56 
14 59 2 58 0 57 0 56 56 
15 61 1 60 0 59 0 58 56 
14 59 1 58 0 57 0 56 56 
15 59 2 58 0 57 0 56 56 
14 61 1 60 0 59 0 58 56 
14 59 2 58 0 57 0 56 56 
15 61 1 60 0 59 0 58 56 
14 60 3 59 0 58 0 57 56 
15 59 1 58 0 57 0 56 56 
15 59 2 58 0 57 0 56 56 
14 61 2 60 0 59 0 58 56 
14 61 1 60 0 59 0 58 56 
14 59 1 58 0 57 0 56 56 
14 59 2 58 0 57 0 56 56 
14 60 2 59 0 58 0 57 56 
14 60 3 59 0 58 0 57 56 
15 59 1 58 0 57 0 56 56 
14 61 2 60 0 59 0 58 56 
14 61 1 60 0 59 0 58 56 
14 59 1 58 0 57 0 56 56 
14 60 2 59 0 58 0 57 56 
14 59 1 58 0 57 0 56 56 
15 60 3 59 0 58 0 57 56 
14 61 2 60 0 59 0 58 56 
14 60 1 59 0 58 0 57 56 
14 61 1 60 0 59 0 58 56 
15 59 2 58 0 57 0 56 56 
15 61 2 60 0 59 0 58 56 
14 59 2 58 0 57 0 56 56 
14 59 1 58 0 57 0 56 56 
14 60 3 59 0 58 0 57 56 
14 61 2 60 0 59 0 58 56 
14 59 1 58 0 57 0 56 56 
14 59 2 58 0 57 0 56 56 
15 60 2 59 0 58 0 57 56 
15 60 3 59 0 58 0 57 56 
14 61 2 60 0 59 0 58 56 
14 61 2 60 0 59 0 58 56 
14 60 2 59 0 58 0 57 56 
14 60 1 59 0 58 0 57 56 
15 59 2 58 0 57 0 56 56 
15 61 2 60 0 59 0 58 56 
14 59 2 58 0 57 0 56 56 
15 61 1 60 0 59 0 58 56 
14 59 1 58 0 57 0 56 56 
14 60 2 59 0 58 0 57 56 
14 60 3 59 0 58 0 57 56 
14 61 2 60 0 59 0 58 56 
14 59 2 58 0 57 0 56 56 
15 60 2 59 0 58 0 57 56 
14 61 2 60 0 59 0 58 56 
15 59 1 58 0 57 0 56 56 
14 61 1 60 0 59 0 58 56 
14 60 2 59 0 58 0 57 56 
15 61 2 60 0 59 0 58 56 
14 62 2 61 0 60 0 59 56 
15 60 1 59 0 58 0 57 56 
15 61 1 60 0 59 0 58 56 
14 60 3 59 0 58 0 57 56 
14 60 2 59 0 58 0 57 56 
15 59 1 58 0 57 0 56 56 
14 61 1 60 0 59 0 58 56 
14 59 1 58 0 57 0 56 56 
15 61 2 60 0 59 0 58 56 
14 61 2 60 0 59 0 58 56 
14 61 2 60 0 59 0 58 56 
15 59 1 58 0 57 0 56 56 
15 59 2 58 0 57 0 56 56 
14 60 1 59 0 58 0 57 56 
14 61 1 60 0 59 0 58 56 
15 61 2 60 0 59 0 58 56 
14 62 2 61 0 60 0 59 56 
14 59 1 58 0 57 0 56 56 
15 60 1 59 0 58 0 57 56 
14 61 2 60 0 59 0 58 56 
14 60 2 59 0 58 0 57 56 
14 60 2 59 0 58 0 57 56 
14 61 2 60 0 59 0 58 56 
14 60 3 59 0 58 0 57 56 
15 59 1 58 0 57 0 56 56 
14 61 1 60 0 59 0 58 56 
14 59 1 58 0 57 0 56 56 
14 59 2 58 0 57 0 56 56 
15 61 2 60 0 59 0 58 56 
14 61 1 60 0 59 0 58 56 
14 61 2 60 0 59 0 58 56 
14 61 2 60 0 59 0 58 56 
15 59 2 58 0 57 0 56 56 
14 60 1 59 0 58 0 57 56 
14 59 1 58 0 57 0 56 56 
SCORES_TXT_END_0
SCORES_TXT_BEGIN_0 103 100 9 BLEU
8 49 0 48 0 47 0 46 28 
9 50 0 49 0 48 0 47 28 
8 49 0 48 0 47 0 46 28 
8 49 0 48 0 47 0 46 28 
8 49 0 48 0 47 0 46 28 
9 50 0 49 0 48 0 47 28 
8 50 0 49 0 48 0 47 28 
9 50 0 49 0 48 0 47 28 
9 50 0 49 0 48 0 47 28 
9 55 0 54 0 53 0 52 28 
9 54 0 53 0 52 0 51 28 
9 50 0 49 0 48 0 47 28 
8 49 0 48 0 47 0 46 28 
9 56 0 55 0 54 0 53 28 
9 55 0 54 0 53 0 52 28 
8 50 0 49 0 48 0 47 28 
9 51 0 50 0 49 0 48 28 
9 50 0 49 0 48 0 47 28 
8 50 0 49 0 48 0 47 28 
9 55 0 54 0 53 0 52 28 
9 55 0 54 0 53 0 52 28 
8 50 0 49 0 48 0 47 28 
9 54 0 53 0 52 0 51 28 
8 49 0 48 0 47 0 46 28 
9 55 0 54 0 53 0 52 28 
9 50 0 49 0 48 0 47 28 
9 55 0 54 0 53 0 52 28 
8 49 0 48 0 47 0 46 28 
9 54 0 53 0 52 0 51 28 
9 54 0 53 0 52 0 51 28 
9 56 0 55 0 54 0 53 28 
9 56 0 55 0 54 0 53 28 
9 50 0 49 0 48 0 47 28 
8 49 0 48 0 47 0 46 28 
9 50 0 49 0 48 0 47 28 
8 49 0 48 0 47 0 46 28 
9 55 0 54 0 53 0 52 28 
8 49 0 48 0 47 0 46 28 
9 56 0 55 0 54 0 53 28 
9 50 0 49 0 48 0 47 28 
8 49 0 48 0 47 0 46 28 
9 55 0 54 0 53 0 52 28 
9 56 0 55 0 54 0 53 28 
9 51 0 50 0 49 0 48 28 
9 51 0 50 0 49 0 48 28 
9 56 0 55 0 54 0 53 28 
9 50 0 49 0 48 0 47 28 
9 55 0 54 0 53 0 52 28 
9 51 0 50 0 49 0 48 28 
9 55 0 54 0 53 0 52 28 
9 51 0 50 0 49 0 48 28 
9 55 0 54 0 53 0 52 28 
8 50 0 49 0 48 0 47 28 
9 51 0 50 0 49 0 48 28 
9 50 0 49 0 48 0 47 28 
9 51 0 50 0 49 0 48 28 
9 50 0 49 0 48 0 47 28 
9 50 0 49 0 48 0 47 28 
9 50 0 49 0 48 0 47 28 
9 54 0 53 0 52 0 51 28 
9 55 0 54 0 53 0 52 28 
9 50 0 49 0 48 0 47 28 
9 55 0 54 0 53 0 52 28 
9 55 0 54 0 53 0 52 28 
8 50 0 49 0 48 0 47 28 
9 54 0 53 0 52 0 51 28 
9 54 0 53 0 52 0 51 28 
9 56 0 55 0 54 0 53 28 
8 49 0 48 0 47 0 46 28 
9 50 0 49 0 48 0 47 28 
9 56 0 55 0 54 0 53 28 
9 56 0 55 0 54 0 53 28 
9 51 0 50 0 49 0 48 28 
8 49 0 48 0 47 0 46 28 
10 51 0 50 0 49 0 48 28 
9 55 0 54 0 53 0 52 28 
9 55 0 54 0 53 0 52 28 
9 54 0 53 0 52 0 51 28 
9 56 0 55 0 54 0 53 28 
8 49 0 48 0 47 0 46 28 
9 51 0 50 0 49 0 48 28 
9 56 0 55 0 54 0 53 28 
9 56 0 55 0 54 0 53 28 
8 50 0 49 0 48 0 47 28 
8 49 0 48 0 47 0 46 28 
9 53 0 52 0 51 0 50 28 
8 51 0 50 0 49 0 48 28 
8 49 0 48 0 47 0 46 28 
9 51 0 50 0 49 0 48 28 
9 55 0 54 0 53 0 52 28 
9 56 0 55 0 54 0 53 28 
8 49 0 48 0 47 0 46 28 
9 51 0 50 0 49 0 48 28 
9 55 0 54 0 53 0 52 28 
8 51 0 50 0 49 0 48 28 
8 49 0 48 0 47 0 46 28 
9 56 0 55 0 54 0 53 28 
8 50 0 49 0 48 0 47 28 
9 55 0 54 0 53 0 52 28 
9 50 0 49 0 48 0 47 28 
SCORES_TXT_END_0
SCORES_TXT_BEGIN_0 104 100 9 BLEU
12 35 4 34 1 33 0 32 29 
12 35 4 34 1 33 0 32 29 
11 36 3 35 1 34 0 33 29 
11 36 3 35 1 34 0 33 29 
12 36 4 35 1 34 0 33 29 
12 36 4 35 1 34 0 33 29 
12 36 4 35 1 34 0 33 29 
12 36 4 35 1 34 0 33 29 
11 37 3 36 1 35 0 34 29 
11 37 3 36 1 35 0 34 29 
12 34 4 33 1 32 0 31 29 
12 34 4 33 1 32 0 31 29 
12 37 4 36 1 35 0 34 29 
12 37 4 36 1 35 0 34 29 
11 35 3 34 1 33 0 32 29 
11 35 3 34 1 33 0 32 29 
12 35 4 34 1 33 0 32 29 
12 35 4 34 1 33 0 32 29 
12 34 4 33 1 32 0 31 29 
11 35 3 34 1 33 0 32 29 
12 35 4 34 1 33 0 32 29 
12 35 4 34 1 33 0 32 29 
11 36 3 35 1 34 0 33 29 
11 36 3 35 1 34 0 33 29 
12 35 4 34 1 33 0 32 29 
12 36 4 35 1 34 0 33 29 
12 36 4 35 1 34 0 33 29 
12 35 4 34 1 33 0 32 29 
11 36 3 35 1 34 0 33 29 
12 33 4 32 1 31 0 30 29 
12 36 4 35 1 34 0 33 29 
11 34 3 33 1 32 0 31 29 
12 35 4 34 1 33 0 32 29 
12 35 4 34 1 33 0 32 29 
12 34 4 33 1 32 0 31 29 
11 36 3 35 1 34 0 33 29 
11 36 3 35 1 34 0 33 29 
11 35 4 34 1 33 0 32 29 
11 35 4 34 1 33 0 32 29 
12 34 4 33 1 32 0 31 29 
10 36 3 35 1 34 0 33 29 
10 36 3 35 1 34 0 33 29 
11 35 3 34 1 33 0 32 29 
12 36 4 35 1 34 0 33 29 
12 36 4 35 1 34 0 33 29 
11 36 4 35 1 34 0 33 29 
11 36 4 35 1 34 0 33 29 
12 36 4 35 1 34 0 33 29 
12 36 4 35 1 34 0 33 29 
12 35 4 34 1 33 0 32 29 
12 35 4 34 1 33 0 32 29 
11 37 3 36 1 35 0 34 29 
11 37 3 36 1 35 0 34 29 
11 35 3 34 1 33 0 32 29 
11 35 3 34 1 33 0 32 29 
11 36 3 35 1 34 0 33 29 
11 36 4 35 1 34 0 33 29 
11 36 4 35 1 34 0 33 29 
10 37 3 36 1 35 0 34 29 
10 37 3 36 1 35 0 34 29 
12 37 4 36 1 35 0 34 29 
12 37 4 36 1 35 0 34 29 
12 36 4 35 1 34 0 33 29 
12 36 4 35 1 34 0 33 29 
12 36 4 35 1 34 0 33 29 
11 34 4 33 1 32 0 31 29 
11 34 4 33 1 32 0 31 29 
11 37 4 36 1 35 0 34 29 
11 37 4 36 1 35 0 34 29 
11 37 3 36 1 35 0 34 29 
11 37 3 36 1 35 0 34 29 
10 35 3 34 1 33 0 32 29 
10 35 3 34 1 33 0 32 29 
12 36 4 35 1 34 0 33 29 
11 36 3 35 1 34 0 33 29 
12 34 4 33 1 32 0 31 29 
11 36 3 35 1 34 0 33 29 
11 37 3 36 1 35 0 34 29 
11 35 3 34 1 33 0 32 29 
12 37 4 36 1 35 0 34 29 
12 37 4 36 1 35 0 34 29 
11 35 4 34 1 33 0 32 29 
11 35 4 34 1 33 0 32 29 
11 34 4 33 1 32 0 31 29 
11 34 4 33 1 32 0 31 29 
12 34 4 33 1 32 0 31 29 
11 34 4 33 1 32 0 31 29 
12 37 4 36 1 35 0 34 29 
12 35 4 34 1 33 0 32 29 
11 34 3 33 1 32 0 31 29 
12 35 4 34 1 33 0 32 29 
10 35 3 34 1 33 0 32 29 
11 34 3 33 1 32 0 31 29 
10 35 3 34 1 33 0 32 29 
11 35 3 34 1 33 0 32 29 
10 35 3 34 1 33 0 32 29 
12 37 4 36 1 35 0 34 29 
12 37 4 36 1 35 0 34 29 
12 35 4 34 1 33 0 32 29 
11 35 4 34 1 33 0 32 29 
SCORES_TXT_END_0
SCORES_TXT_BEGIN_0 105 100 9 BLEU
2 15 0 14 0 13 0 12 11 
2 15 0 14 0 13 0 12 11 
2 15 0 14 0 13 0 12 11 
2 15 0 14 0 13 0 12 11 
2 15 0 14 0 13 0 12 11 
2 15 0 14 0 13 0 12 11 
2 15 0 14 0 13 0 12 11 
2 15 0 14 0 13 0 12 11 
2 14 0 13 0 12 0 11 11 
2 15 0 14 0 13 0 12 11 
2 15 0 14 0 13 0 12 11 
1 14 0 13 0 12 0 11 11 
2 15 0 14 0 13 0 12 11 
2 15 0 14 0 13 0 12 11 
2 15 0 14 0 13 0 12 11 
2 15 0 14 0 13 0 12 11 
2 15 0 14 0 13 0 12 11 
3 14 0 13 0 12 0 11 11 
3 14 0 13 0 12 0 11 11 
2 15 0 14 0 13 0 12 11 
1 14 0 13 0 12 0 11 11 
2 15 0 14 0 13 0 12 11 
2 15 0 14 0 13 0 12 11 
2 15 0 14 0 13 0 12 11 
2 14 0 13 0 12 0 11 11 
2 15 0 14 0 13 0 12 11 
1 14 0 13 0 12 0 11 11 
2 15 0 14 0 13 0 12 11 
2 15 0 14 0 13 0 12 11 
2 15 0 14 0 13 0 12 11 
2 14 0 13 0 12 0 11 11 
2 15 0 14 0 13 0 12 11 
2 14 0 13 0 12 0 11 11 
2 15 0 14 0 13 0 12 11 
2 15 0 14 0 13 0 12 11 
3 14 0 13 0 12 0 11 11 
1 14 0 13 0 12 0 11 11 
2 15 0 14 0 13 0 12 11 
2 15 0 14 0 13 0 12 11 
2 15 0 14 0 13 0 12 11 
2 15 0 14 0 13 0 12 11 
2 15 0 14 0 13 0 12 11 
2 15 0 14 0 13 0 12 11 
2 15 0 14 0 13 0 12 11 
2 14 0 13 0 12 0 11 11 
2 15 0 14 0 13 0 12 11 
2 15 0 14 0 13 0 12 11 
1 14 0 13 0 12 0 11 11 
2 15 0 14 0 13 0 12 11 
2 14 0 13 0 12 0 11 11 
2 15 0 14 0 13 0 12 11 
2 15 0 14 0 13 0 12 11 
2 15 0 14 0 13 0 12 11 
2 15 0 14 0 13 0 12 11 
2 14 0 13 0 12 0 11 11 
1 14 0 13 0 12 0 11 11 
1 14 0 13 0 12 0 11 11 
2 15 0 14 0 13 0 12 11 
2 15 0 14 0 13 0 12 11 
1 14 0 13 0 12 0 11 11 
2 15 0 14 0 13 0 12 11 
2 15 0 14 0 13 0 12 11 
2 15 0 14 0 13 0 12 11 
1 14 0 13 0 12 0 11 11 
2 14 0 13 0 12 0 11 11 
2 15 0 14 0 13 0 12 11 
1 14 0 13 0 12 0 11 11 
2 14 0 13 0 12 0 11 11 
2 15 0 14 0 13 0 12 11 
2 15 0 14 0 13 0 12 11 
2 15 0 14 0 13 0 12 11 
1 14 0 13 0 12 0 11 11 
2 15 0 14 0 13 0 12 11 
2 15 0 14 0 13 0 12 11 
2 14 0 13 0 12 0 11 11 
2 15 0 14 0 13 0 12 11 
1 14 0 13 0 12 0 11 11 
2 14 0 13 0 12 0 11 11 
3 13 0 12 0 11 0 10 11 
1 14 0 13 0 12 0 11 11 
2 15 0 14 0 13 0 12 11 
2 15 0 14 0 13 0 12 11 
2 15 0 14 0 13 0 12 11 
2 15 0 14 0 13 0 12 11 
2 15 0 14 0 13 0 12 11 
2 15 0 14 0 13 0 12 11 
2 14 0 13 0 12 0 11 11 
2 14 0 13 0 12 0 11 11 
1 14 0 13 0 12 0 11 11 
2 15 0 14 0 13 0 12 11 
2 15 0 14 0 13 0 12 11 
2 15 0 14 0 13 0 12 11 
1 14 0 13 0 12 0 11 11 
2 15 0 14 0 13 0 12 11 
2 15 0 14 0 13 0 12 11 
2 15 0 14 0 13 0 12 11 
2 15 0 14 0 13 0 12 11 
2 15 0 14 0 13 0 12 11 
1 14 0 13 0 12 0 11 11 
2 14 0 13 0 12 0 11 11 
SCORES_TXT_END_0
SCORES_TXT_BEGIN_0 106 100 9 BLEU
2 12 1 11 0 10 0 9 10 
2 12 1 11 0 10 0 9 10 
2 12 1 11 0 10 0 9 10 
2 11 1 10 0 9 0 8 10 
2 11 1 10 0 9 0 8 10 
2 13 1 12 0 11 0 10 10 
2 13 1 12 0 11 0 10 10 
2 12 1 11 0 10 0 9 10 
2 13 1 12 0 11 0 10 10 
2 13 1 12 0 11 0 10 10 
2 12 1 11 0 10 0 9 10 
2 13 1 12 0 11 0 10 10 
2 12 1 11 0 10 0 9 10 
2 12 1 11 0 10 0 9 10 
2 12 0 11 0 10 0 9 10 
2 11 1 10 0 9 0 8 10 
2 12 1 11 0 10 0 9 10 
2 12 1 11 0 10 0 9 10 
2 11 1 10 0 9 0 8 10 
2 12 0 11 0 10 0 9 10 
2 11 1 10 0 9 0 8 10 
2 13 1 12 0 11 0 10 10 
2 12 0 11 0 10 0 9 10 
2 10 1 9 0 8 0 7 10 
2 11 0 10 0 9 0 8 10 
2 11 1 10 0 9 0 8 10 
2 11 1 10 0 9 0 8 10 
2 12 1 11 0 10 0 9 10 
2 11 1 10 0 9 0 8 10 
2 14 1 13 0 12 0 11 10 
2 12 1 11 0 10 0 9 10 
2 11 0 10 0 9 0 8 10 
2 11 1 10 0 9 0 8 10 
2 13 1 12 0 11 0 10 10 
2 11 1 10 0 9 0 8 10 
2 11 1 10 0 9 0 8 10 
2 10 1 9 0 8 0 7 10 
2 14 1 13 0 12 0 11 10 
2 13 1 12 0 11 0 10 10 
2 13 0 12 0 11 0 10 10 
2 13 1 12 0 11 0 10 10 
2 12 0 11 0 10 0 9 10 
2 12 1 11 0 10 0 9 10 
2 13 0 12 0 11 0 10 10 
2 11 1 10 0 9 0 8 10 
2 10 1 9 0 8 0 7 10 
2 12 1 11 0 10 0 9 10 
2 12 1 11 0 10 0 9 10 
2 13 1 12 0 11 0 10 10 
2 11 1 10 0 9 0 8 10 
2 13 1 12 0 11 0 10 10 
2 12 1 11 0 10 0 9 10 
2 13 0 12 0 11 0 10 10 
2 12 1 11 0 10 0 9 10 
2 11 1 10 0 9 0 8 10 
2 11 1 10 0 9 0 8 10 
2 12 1 11 0 10 0 9 10 
2 12 1 11 0 10 0 9 10 
2 12 0 11 0 10 0 9 10 
2 13 0 12 0 11 0 10 10 
2 11 1 10 0 9 0 8 10 
2 12 1 11 0 10 0 9 10 
2 12 0 11 0 10 0 9 10 
2 10 1 9 0 8 0 7 10 
2 13 0 12 0 11 0 10 10 
2 13 0 12 0 11 0 10 10 
2 12 0 11 0 10 0 9 10 
2 11 1 10 0 9 0 8 10 
2 12 0 11 0 10 0 9 10 
2 14 1 13 0 12 0 11 10 
2 13 0 12 0 11 0 10 10 
2 13 1 12 0 11 0 10 10 
2 11 1 10 0 9 0 8 10 
2 11 0 10 0 9 0 8 10 
2 11 1 10 0 9 0 8 10 
2 11 1 10 0 9 0 8 10 
2 12 0 11 0 10 0 9 10 
2 12 0 11 0 10 0 9 10 
2 12 1 11 0 10 0 9 10 
2 12 1 11 0 10 0 9 10 
2 12 1 11 0 10 0 9 10 
2 13 0 12 0 11 0 10 10 
2 12 0 11 0 10 0 9 10 
2 12 1 11 0 10 0 9 10 
2 12 0 11 0 10 0 9 10 
2 12 1 11 0 10 0 9 10 
2 13 1 12 0 11 0 10 10 
2 12 1 11 0 10 0 9 10 
2 11 1 10 0 9 0 8 10 
2 11 1 10 0 9 0 8 10 
2 12 0 11 0 10 0 9 10 
2 11 1 10 0 9 0 8 10 
2 12 1 11 0 10 0 9 10 
2 11 0 10 0 9 0 8 10 
2 11 1 10 0 9 0 8 10 
2 11 1 10 0 9 0 8 10 
2 11 0 10 0 9 0 8 10 
2 10 1 9 0 8 0 7 10 
2 13 1 12 0 11 0 10 10 
2 12 1 11 0 10 0 9 10 
SCORES_TXT_END_0
