SCORES_TXT_BEGIN_0 0 100 9 BLEU
6 31 1 30 0 29 0 28 14 
5 30 1 29 0 28 0 27 14 
6 32 1 31 0 30 0 29 14 
5 31 1 30 0 29 0 28 14 
6 31 1 30 0 29 0 28 14 
6 32 1 31 0 30 0 29 14 
6 32 1 31 0 30 0 29 14 
6 32 1 31 0 30 0 29 14 
6 31 1 30 0 29 0 28 14 
6 33 1 32 0 31 0 30 14 
6 33 1 32 0 31 0 30 14 
6 32 1 31 0 30 0 29 14 
5 31 1 30 0 29 0 28 14 
5 29 1 28 0 27 0 26 14 
5 32 1 31 0 30 0 29 14 
5 30 1 29 0 28 0 27 14 
6 34 1 33 0 32 0 31 14 
6 31 1 30 0 29 0 28 14 
5 30 1 29 0 28 0 27 14 
6 33 1 32 0 31 0 30 14 
6 32 1 31 0 30 0 29 14 
6 31 1 30 0 29 0 28 14 
6 30 1 29 0 28 0 27 14 
6 34 1 33 0 32 0 31 14 
5 30 1 29 0 28 0 27 14 
6 32 1 31 0 30 0 29 14 
6 33 1 32 0 31 0 30 14 
6 31 1 30 0 29 0 28 14 
6 32 1 31 0 30 0 29 14 
6 31 1 30 0 29 0 28 14 
6 31 1 30 0 29 0 28 14 
6 32 1 31 0 30 0 29 14 
6 32 1 31 0 30 0 29 14 
5 31 1 30 0 29 0 28 14 
6 33 1 32 0 31 0 30 14 
6 31 1 30 0 29 0 28 14 
5 30 1 29 0 28 0 27 14 
6 34 1 33 0 32 0 31 14 
6 32 1 31 0 30 0 29 14 
5 31 1 30 0 29 0 28 14 
6 30 1 29 0 28 0 27 14 
6 32 1 31 0 30 0 29 14 
5 31 1 30 0 29 0 28 14 
5 29 1 28 0 27 0 26 14 
5 29 1 28 0 27 0 26 14 
6 32 1 31 0 30 0 29 14 
5 31 1 30 0 29 0 28 14 
6 31 1 30 0 29 0 28 14 
6 31 1 30 0 29 0 28 14 
5 30 1 29 0 28 0 27 14 
6 35 1 34 0 33 0 32 14 
6 33 1 32 0 31 0 30 14 
5 32 1 31 0 30 0 29 14 
6 32 1 31 0 30 0 29 14 
6 31 1 30 0 29 0 28 14 
6 31 1 30 0 29 0 28 14 
5 30 1 29 0 28 0 27 14 
5 30 1 29 0 28 0 27 14 
6 31 1 30 0 29 0 28 14 
6 32 1 31 0 30 0 29 14 
6 33 1 32 0 31 0 30 14 
6 31 1 30 0 29 0 28 14 
6 32 1 31 0 30 0 29 14 
6 32 1 31 0 30 0 29 14 
6 32 1 31 0 30 0 29 14 
5 31 1 30 0 29 0 28 14 
6 31 1 30 0 29 0 28 14 
6 32 1 31 0 30 0 29 14 
6 33 1 32 0 31 0 30 14 
6 32 1 31 0 30 0 29 14 
6 33 1 32 0 31 0 30 14 
6 31 1 30 0 29 0 28 14 
6 30 1 29 0 28 0 27 14 
6 33 1 32 0 31 0 30 14 
6 33 1 32 0 31 0 30 14 
6 32 1 31 0 30 0 29 14 
6 32 1 31 0 30 0 29 14 
5 31 1 30 0 29 0 28 14 
6 31 1 30 0 29 0 28 14 
5 31 1 30 0 29 0 28 14 
6 31 1 30 0 29 0 28 14 
6 33 1 32 0 31 0 30 14 
6 32 1 31 0 30 0 29 14 
6 32 1 31 0 30 0 29 14 
6 33 1 32 0 31 0 30 14 
6 33 1 32 0 31 0 30 14 
6 32 1 31 0 30 0 29 14 
6 32 1 31 0 30 0 29 14 
6 32 1 31 0 30 0 29 14 
6 31 1 30 0 29 0 28 14 
6 32 1 31 0 30 0 29 14 
6 32 1 31 0 30 0 29 14 
5 31 1 30 0 29 0 28 14 
6 33 1 32 0 31 0 30 14 
6 34 1 33 0 32 0 31 14 
6 32 1 31 0 30 0 29 14 
6 32 1 31 0 30 0 29 14 
6 32 1 31 0 30 0 29 14 
6 32 1 31 0 30 0 29 14 
6 31 1 30 0 29 0 28 14 
SCORES_TXT_END_0
SCORES_TXT_BEGIN_0 1 100 9 BLEU
11 47 1 46 0 45 0 44 29 
11 48 1 47 0 46 0 45 29 
10 45 1 44 0 43 0 42 29 
10 45 1 44 0 43 0 42 29 
11 46 1 45 0 44 0 43 29 
10 46 1 45 0 44 0 43 29 
10 46 1 45 0 44 0 43 29 
10 44 1 43 0 42 0 41 29 
10 44 1 43 0 42 0 41 29 
10 44 1 43 0 42 0 41 29 
10 45 1 44 0 43 0 42 29 
12 45 2 44 0 43 0 42 29 
10 44 1 43 0 42 0 41 29 
11 47 1 46 0 45 0 44 29 
10 45 1 44 0 43 0 42 29 
10 45 1 44 0 43 0 42 29 
10 45 1 44 0 43 0 42 29 
10 45 1 44 0 43 0 42 29 
10 43 1 42 0 41 0 40 29 
11 47 1 46 0 45 0 44 29 
10 46 1 45 0 44 0 43 29 
11 47 1 46 0 45 0 44 29 
10 44 1 43 0 42 0 41 29 
10 45 1 44 0 43 0 42 29 
11 43 2 42 0 41 0 40 29 
11 43 2 42 0 41 0 40 29 
11 47 1 46 0 45 0 44 29 
11 47 1 46 0 45 0 44 29 
10 45 1 44 0 43 0 42 29 
11 48 1 47 0 46 0 45 29 
10 45 1 44 0 43 0 42 29 
10 46 1 45 0 44 0 43 29 
11 47 1 46 0 45 0 44 29 
10 45 1 44 0 43 0 42 29 
10 43 1 42 0 41 0 40 29 
11 47 1 46 0 45 0 44 29 
12 45 2 44 0 43 0 42 29 
11 46 1 45 0 44 0 43 29 
11 46 1 45 0 44 0 43 29 
10 45 1 44 0 43 0 42 29 
10 46 1 45 0 44 0 43 29 
10 44 1 43 0 42 0 41 29 
10 46 1 45 0 44 0 43 29 
11 48 1 47 0 46 0 45 29 
10 45 1 44 0 43 0 42 29 
10 44 1 43 0 42 0 41 29 
10 44 1 43 0 42 0 41 29 
11 46 1 45 0 44 0 43 29 
12 48 2 47 0 46 0 45 29 
11 48 1 47 0 46 0 45 29 
10 45 1 44 0 43 0 42 29 
10 44 1 43 0 42 0 41 29 
10 46 1 45 0 44 0 43 29 
10 45 1 44 0 43 0 42 29 
11 48 1 47 0 46 0 45 29 
11 48 1 47 0 46 0 45 29 
12 48 2 47 0 46 0 45 29 
10 45 1 44 0 43 0 42 29 
10 45 1 44 0 43 0 42 29 
10 45 1 44 0 43 0 42 29 
11 47 1 46 0 45 0 44 29 
10 46 1 45 0 44 0 43 29 
11 47 1 46 0 45 0 44 29 
11 45 2 44 0 43 0 42 29 
12 48 2 47 0 46 0 45 29 
11 42 2 41 0 40 0 39 29 
11 44 1 43 0 42 0 41 29 
11 46 1 45 0 44 0 43 29 
10 44 1 43 0 42 0 41 29 
12 47 2 46 0 45 0 44 29 
11 48 1 47 0 46 0 45 29 
12 48 2 47 0 46 0 45 29 
11 48 1 47 0 46 0 45 29 
11 46 1 45 0 44 0 43 29 
10 45 1 44 0 43 0 42 29 
10 46 1 45 0 44 0 43 29 
11 46 1 45 0 44 0 43 29 
10 45 1 44 0 43 0 42 29 
10 45 1 44 0 43 0 42 29 
10 44 1 43 0 42 0 41 29 
11 48 1 47 0 46 0 45 29 
10 44 1 43 0 42 0 41 29 
11 43 2 42 0 41 0 40 29 
11 43 2 42 0 41 0 40 29 
10 44 1 43 0 42 0 41 29 
11 47 1 46 0 45 0 44 29 
10 46 1 45 0 44 0 43 29 
12 47 1 46 0 45 0 44 29 
11 46 1 45 0 44 0 43 29 
12 48 2 47 0 46 0 45 29 
11 44 1 43 0 42 0 41 29 
10 45 1 44 0 43 0 42 29 
10 44 1 43 0 42 0 41 29 
11 43 2 42 0 41 0 40 29 
11 46 1 45 0 44 0 43 29 
10 45 1 44 0 43 0 42 29 
10 44 1 43 0 42 0 41 29 
10 44 1 43 0 42 0 41 29 
11 45 1 44 0 43 0 42 29 
10 44 1 43 0 42 0 41 29 
SCORES_TXT_END_0
SCORES_TXT_BEGIN_0 2 100 9 BLEU
9 33 3 32 1 31 0 30 26 
9 33 3 32 1 31 0 30 26 
9 32 3 31 1 30 0 29 26 
9 34 3 33 1 32 0 31 26 
9 33 3 32 1 31 0 30 26 
9 34 3 33 1 32 0 31 26 
8 32 2 31 1 30 0 29 26 
8 32 2 31 1 30 0 29 26 
9 33 3 32 1 31 0 30 26 
9 32 3 31 1 30 0 29 26 
8 33 2 32 0 31 0 30 26 
8 33 2 32 1 31 0 30 26 
8 33 2 32 0 31 0 30 26 
8 33 2 32 1 31 0 30 26 
8 33 2 32 1 31 0 30 26 
8 31 2 30 1 29 0 28 26 
8 33 3 32 1 31 0 30 26 
8 33 2 32 1 31 0 30 26 
8 33 3 32 1 31 0 30 26 
8 32 2 31 0 30 0 29 26 
8 33 2 32 1 31 0 30 26 
9 33 3 32 1 31 0 30 26 
8 32 2 31 1 30 0 29 26 
9 34 3 33 1 32 0 31 26 
8 32 2 31 1 30 0 29 26 
9 34 3 33 1 32 0 31 26 
8 32 2 31 1 30 0 29 26 
8 32 3 31 1 30 0 29 26 
8 33 2 32 1 31 0 30 26 
8 34 2 33 0 32 0 31 26 
9 34 3 33 1 32 0 31 26 
8 34 2 33 1 32 0 31 26 
8 33 2 32 1 31 0 30 26 
8 34 2 33 1 32 0 31 26 
8 33 2 32 0 31 0 30 26 
8 33 2 32 1 31 0 30 26 
8 33 2 32 1 31 0 30 26 
8 34 2 33 1 32 0 31 26 
8 34 2 33 1 32 0 31 26 
8 34 3 33 1 32 0 31 26 
6 32 0 31 0 30 0 29 26 
8 33 2 32 1 31 0 30 26 
8 32 2 31 1 30 0 29 26 
9 32 3 31 1 30 0 29 26 
8 33 2 32 1 31 0 30 26 
8 31 2 30 1 29 0 28 26 
8 33 3 32 1 31 0 30 26 
6 32 0 31 0 30 0 29 26 
6 32 0 31 0 30 0 29 26 
9 33 3 32 1 31 0 30 26 
9 33 3 32 1 31 0 30 26 
8 33 2 32 1 31 0 30 26 
8 34 2 33 0 32 0 31 26 
7 32 1 31 0 30 0 29 26 
8 32 2 31 1 30 0 29 26 
9 34 3 33 1 32 0 31 26 
8 34 2 33 1 32 0 31 26 
6 32 0 31 0 30 0 29 26 
9 33 3 32 1 31 0 30 26 
7 32 1 31 0 30 0 29 26 
8 33 2 32 0 31 0 30 26 
9 33 2 32 1 31 0 30 26 
8 33 2 32 1 31 0 30 26 
8 32 2 31 0 30 0 29 26 
8 34 2 33 1 32 0 31 26 
8 34 3 33 1 32 0 31 26 
9 33 2 32 1 31 0 30 26 
9 34 3 33 1 32 0 31 26 
9 32 3 31 1 30 0 29 26 
8 33 2 32 1 31 0 30 26 
8 32 2 31 1 30 0 29 26 
8 33 2 32 1 31 0 30 26 
9 33 2 32 1 31 0 30 26 
9 35 3 34 1 33 0 32 26 
6 33 0 32 0 31 0 30 26 
9 32 3 31 1 30 0 29 26 
8 33 2 32 0 31 0 30 26 
6 31 0 30 0 29 0 28 26 
9 33 2 32 1 31 0 30 26 
8 32 2 31 1 30 0 29 26 
8 34 2 33 1 32 0 31 26 
8 33 2 32 1 31 0 30 26 
7 33 1 32 0 31 0 30 26 
8 33 3 32 1 31 0 30 26 
9 34 3 33 1 32 0 31 26 
8 32 2 31 1 30 0 29 26 
8 32 3 31 1 30 0 29 26 
8 33 2 32 1 31 0 30 26 
6 33 0 32 0 31 0 30 26 
6 33 0 32 0 31 0 30 26 
6 33 0 32 0 31 0 30 26 
8 33 2 32 1 31 0 30 26 
8 33 2 32 0 31 0 30 26 
6 31 0 30 0 29 0 28 26 
9 32 3 31 1 30 0 29 26 
8 35 2 34 1 33 0 32 26 
9 31 3 30 1 29 0 28 26 
7 33 1 32 0 31 0 30 26 
7 33 1 32 0 31 0 30 26 
7 31 1 30 0 29 0 28 26 
SCORES_TXT_END_0
SCORES_TXT_BEGIN_0 3 100 9 BLEU
7 26 3 25 2 24 1 23 17 
8 26 3 25 2 24 1 23 17 
6 25 3 24 2 23 1 22 17 
7 25 3 24 2 23 1 22 17 
7 25 3 24 2 23 1 22 17 
8 27 3 26 2 25 1 24 17 
7 26 3 25 2 24 1 23 17 
8 27 3 26 2 25 1 24 17 
8 27 3 26 2 25 1 24 17 
6 26 3 25 2 24 1 23 17 
6 25 3 24 2 23 1 22 17 
6 25 3 24 2 23 1 22 17 
8 27 3 26 2 25 1 24 17 
7 26 3 25 2 24 1 23 17 
8 26 3 25 2 24 1 23 17 
8 26 3 25 2 24 1 23 17 
7 26 3 25 2 24 1 23 17 
7 26 3 25 2 24 1 23 17 
8 26 3 25 2 24 1 23 17 
7 26 3 25 2 24 1 23 17 
8 26 3 25 2 24 1 23 17 
5 25 3 24 2 23 1 22 17 
6 25 3 24 2 23 1 22 17 
6 25 3 24 2 23 1 22 17 
8 26 3 25 2 24 1 23 17 
7 26 3 25 2 24 1 23 17 
8 27 3 26 2 25 1 24 17 
7 26 3 25 2 24 1 23 17 
7 26 3 25 2 24 1 23 17 
6 25 3 24 2 23 1 22 17 
7 25 3 24 2 23 1 22 17 
7 25 3 24 2 23 1 22 17 
7 26 3 25 2 24 1 23 17 
7 27 3 26 2 25 1 24 17 
8 27 3 26 2 25 1 24 17 
7 26 3 25 2 24 1 23 17 
8 26 3 25 2 24 1 23 17 
6 26 3 25 2 24 1 23 17 
8 26 3 25 2 24 1 23 17 
7 26 3 25 2 24 1 23 17 
8 26 3 25 2 24 1 23 17 
7 26 3 25 2 24 1 23 17 
8 26 3 25 2 24 1 23 17 
6 26 3 25 2 24 1 23 17 
6 25 3 24 2 23 1 22 17 
7 27 3 26 2 25 1 24 17 
7 25 3 24 2 23 1 22 17 
7 26 3 25 2 24 1 23 17 
8 26 3 25 2 24 1 23 17 
8 26 3 25 2 24 1 23 17 
7 26 3 25 2 24 1 23 17 
7 25 3 24 2 23 1 22 17 
8 26 3 25 2 24 1 23 17 
7 27 3 26 2 25 1 24 17 
6 26 3 25 2 24 1 23 17 
6 26 3 25 2 24 1 23 17 
8 26 3 25 2 24 1 23 17 
7 26 3 25 2 24 1 23 17 
8 27 3 26 2 25 1 24 17 
7 26 3 25 2 24 1 23 17 
8 26 3 25 2 24 1 23 17 
7 26 3 25 2 24 1 23 17 
7 26 3 25 2 24 1 23 17 
6 25 3 24 2 23 1 22 17 
7 25 3 24 2 23 1 22 17 
7 26 3 25 2 24 1 23 17 
6 25 3 24 2 23 1 22 17 
7 26 3 25 2 24 1 23 17 
7 25 3 24 2 23 1 22 17 
6 26 3 25 2 24 1 23 17 
8 26 3 25 2 24 1 23 17 
7 26 3 25 2 24 1 23 17 
7 25 3 24 2 23 1 22 17 
7 25 3 24 2 23 1 22 17 
8 26 3 25 2 24 1 23 17 
6 26 3 25 2 24 1 23 17 
7 26 3 25 2 24 1 23 17 
8 26 3 25 2 24 1 23 17 
7 26 3 25 2 24 1 23 17 
8 26 3 25 2 24 1 23 17 
5 25 3 24 2 23 1 22 17 
6 26 3 25 2 24 1 23 17 
5 25 3 24 2 23 1 22 17 
8 26 3 25 2 24 1 23 17 
7 27 3 26 2 25 1 24 17 
6 25 3 24 2 23 1 22 17 
7 25 3 24 2 23 1 22 17 
6 25 3 24 2 23 1 22 17 
8 26 3 25 2 24 1 23 17 
6 26 3 25 2 24 1 23 17 
7 26 3 25 2 24 1 23 17 
7 27 3 26 2 25 1 24 17 
6 25 3 24 2 23 1 22 17 
7 25 3 24 2 23 1 22 17 
7 26 3 25 2 24 1 23 17 
8 26 3 25 2 24 1 23 17 
7 25 3 24 2 23 1 22 17 
5 25 3 24 2 23 1 22 17 
6 25 3 24 2 23 1 22 17 
7 26 3 25 2 24 1 23 17 
SCORES_TXT_END_0
SCORES_TXT_BEGIN_0 4 97 9 BLEU
7 48 1 47 0 46 0 45 16 
7 49 1 48 0 47 0 46 16 
6 42 0 41 0 40 0 39 16 
7 48 3 47 1 46 0 45 16 
6 41 0 40 0 39 0 38 16 
6 45 1 44 0 43 0 42 16 
6 43 0 42 0 41 0 40 16 
7 48 1 47 0 46 0 45 16 
7 48 1 47 0 46 0 45 16 
6 40 0 39 0 38 0 37 16 
7 49 1 48 0 47 0 46 16 
7 49 3 48 1 47 0 46 16 
7 47 1 46 0 45 0 44 16 
7 47 3 46 1 45 0 44 16 
7 49 1 48 0 47 0 46 16 
6 46 1 45 0 44 0 43 16 
6 44 1 43 0 42 0 41 16 
6 43 0 42 0 41 0 40 16 
6 43 0 42 0 41 0 40 16 
7 43 0 42 0 41 0 40 16 
7 49 1 48 0 47 0 46 16 
7 43 0 42 0 41 0 40 16 
7 49 1 48 0 47 0 46 16 
6 42 0 41 0 40 0 39 16 
6 42 0 41 0 40 0 39 16 
7 49 1 48 0 47 0 46 16 
6 43 0 42 0 41 0 40 16 
7 48 1 47 0 46 0 45 16 
7 48 3 47 1 46 0 45 16 
6 41 0 40 0 39 0 38 16 
7 47 1 46 0 45 0 44 16 
7 50 1 49 0 48 0 47 16 
7 48 3 47 1 46 0 45 16 
7 48 3 47 1 46 0 45 16 
6 43 0 42 0 41 0 40 16 
6 41 0 40 0 39 0 38 16 
6 41 0 40 0 39 0 38 16 
6 45 1 44 0 43 0 42 16 
7 49 3 48 1 47 0 46 16 
6 45 1 44 0 43 0 42 16 
6 44 0 43 0 42 0 41 16 
6 44 0 43 0 42 0 41 16 
6 47 1 46 0 45 0 44 16 
6 45 1 44 0 43 0 42 16 
7 44 0 43 0 42 0 41 16 
7 49 2 48 1 47 0 46 16 
7 44 0 43 0 42 0 41 16 
7 47 3 46 1 45 0 44 16 
7 49 1 48 0 47 0 46 16 
7 48 1 47 0 46 0 45 16 
6 43 0 42 0 41 0 40 16 
7 49 3 48 1 47 0 46 16 
6 43 0 42 0 41 0 40 16 
6 40 0 39 0 38 0 37 16 
6 46 1 45 0 44 0 43 16 
7 48 1 47 0 46 0 45 16 
7 43 1 42 0 41 0 40 16 
7 50 1 49 0 48 0 47 16 
6 42 0 41 0 40 0 39 16 
6 44 1 43 0 42 0 41 16 
6 40 0 39 0 38 0 37 16 
7 48 1 47 0 46 0 45 16 
6 43 0 42 0 41 0 40 16 
6 44 1 43 0 42 0 41 16 
6 40 0 39 0 38 0 37 16 
7 49 1 48 0 47 0 46 16 
6 46 1 45 0 44 0 43 16 
7 49 1 48 0 47 0 46 16 
6 42 0 41 0 40 0 39 16 
7 48 1 47 0 46 0 45 16 
7 49 3 48 1 47 0 46 16 
7 49 3 48 1 47 0 46 16 
6 41 0 40 0 39 0 38 16 
6 46 1 45 0 44 0 43 16 
6 44 0 43 0 42 0 41 16 
6 45 1 44 0 43 0 42 16 
6 41 0 40 0 39 0 38 16 
7 47 1 46 0 45 0 44 16 
7 48 3 47 1 46 0 45 16 
7 47 3 46 1 45 0 44 16 
7 49 1 48 0 47 0 46 16 
7 47 3 46 1 45 0 44 16 
7 49 1 48 0 47 0 46 16 
6 39 0 38 0 37 0 36 16 
7 49 3 48 1 47 0 46 16 
7 42 1 41 0 40 0 39 16 
6 46 1 45 0 44 0 43 16 
6 41 0 40 0 39 0 38 16 
7 48 1 47 0 46 0 45 16 
6 48 1 47 0 46 0 45 16 
6 46 1 45 0 44 0 43 16 
7 49 1 48 0 47 0 46 16 
7 50 2 49 1 48 0 47 16 
7 48 3 47 1 46 0 45 16 
7 49 1 48 0 47 0 46 16 
7 48 3 47 1 46 0 45 16 
6 42 0 41 0 40 0 39 16 
SCORES_TXT_END_0
SCORES_TXT_BEGIN_0 5 100 9 BLEU
10 33 2 32 0 31 0 30 22 
9 32 1 31 0 30 0 29 22 
10 34 2 33 0 32 0 31 22 
10 34 2 33 0 32 0 31 22 
10 33 2 32 0 31 0 30 22 
9 32 1 31 0 30 0 29 22 
10 33 2 32 0 31 0 30 22 
9 33 1 32 0 31 0 30 22 
9 33 1 32 0 31 0 30 22 
10 34 2 33 0 32 0 31 22 
10 31 1 30 0 29 0 28 22 
9 34 2 33 0 32 0 31 22 
9 33 2 32 0 31 0 30 22 
8 31 1 30 0 29 0 28 22 
9 34 2 33 0 32 0 31 22 
9 32 1 31 0 30 0 29 22 
8 31 1 30 0 29 0 28 22 
10 34 2 33 0 32 0 31 22 
8 32 1 31 0 30 0 29 22 
10 34 2 33 0 32 0 31 22 
8 33 1 32 0 31 0 30 22 
8 32 1 31 0 30 0 29 22 
8 33 1 32 0 31 0 30 22 
10 34 2 33 0 32 0 31 22 
9 33 1 32 0 31 0 30 22 
10 34 2 33 0 32 0 31 22 
10 34 2 33 0 32 0 31 22 
10 33 1 32 0 31 0 30 22 
10 34 2 33 0 32 0 31 22 
9 32 1 31 0 30 0 29 22 
9 33 1 32 0 31 0 30 22 
10 33 2 32 0 31 0 30 22 
9 31 1 30 0 29 0 28 22 
10 35 2 34 0 33 0 32 22 
8 31 1 30 0 29 0 28 22 
9 33 1 32 0 31 0 30 22 
10 35 2 34 0 33 0 32 22 
10 32 1 31 0 30 0 29 22 
10 33 2 32 0 31 0 30 22 
9 32 1 31 0 30 0 29 22 
9 33 2 32 0 31 0 30 22 
11 32 2 31 0 30 0 29 22 
10 32 1 31 0 30 0 29 22 
8 32 1 31 0 30 0 29 22 
10 31 1 30 0 29 0 28 22 
10 31 1 30 0 29 0 28 22 
9 34 2 33 0 32 0 31 22 
9 33 1 32 0 31 0 30 22 
9 32 1 31 0 30 0 29 22 
8 32 1 31 0 30 0 29 22 
10 33 1 32 0 31 0 30 22 
9 33 1 32 0 31 0 30 22 
9 32 1 31 0 30 0 29 22 
10 35 2 34 0 33 0 32 22 
9 32 1 31 0 30 0 29 22 
10 34 2 33 0 32 0 31 22 
8 32 1 31 0 30 0 29 22 
9 34 2 33 0 32 0 31 22 
10 35 2 34 0 33 0 32 22 
8 33 1 32 0 31 0 30 22 
9 33 2 32 0 31 0 30 22 
8 32 1 31 0 30 0 29 22 
10 31 1 30 0 29 0 28 22 
9 34 2 33 0 32 0 31 22 
9 33 2 32 0 31 0 30 22 
8 31 1 30 0 29 0 28 22 
9 34 2 33 0 32 0 31 22 
9 34 2 33 0 32 0 31 22 
8 33 1 32 0 31 0 30 22 
9 33 1 32 0 31 0 30 22 
9 31 1 30 0 29 0 28 22 
8 32 1 31 0 30 0 29 22 
9 34 2 33 0 32 0 31 22 
9 33 1 32 0 31 0 30 22 
8 31 1 30 0 29 0 28 22 
10 33 2 32 0 31 0 30 22 
10 34 2 33 0 32 0 31 22 
10 32 1 31 0 30 0 29 22 
10 34 2 33 0 32 0 31 22 
8 32 1 31 0 30 0 29 22 
8 31 1 30 0 29 0 28 22 
10 34 2 33 0 32 0 31 22 
8 33 1 32 0 31 0 30 22 
9 33 1 32 0 31 0 30 22 
9 35 2 34 0 33 0 32 22 
10 33 2 32 0 31 0 30 22 
9 34 2 33 0 32 0 31 22 
10 34 2 33 0 32 0 31 22 
9 31 1 30 0 29 0 28 22 
9 32 1 31 0 30 0 29 22 
9 33 1 32 0 31 0 30 22 
9 32 1 31 0 30 0 29 22 
9 31 1 30 0 29 0 28 22 
9 35 2 34 0 33 0 32 22 
9 34 1 33 0 32 0 31 22 
10 33 1 32 0 31 0 30 22 
10 32 1 31 0 30 0 29 22 
10 34 2 33 0 32 0 31 22 
10 34 2 33 0 32 0 31 22 
9 33 1 32 0 31 0 30 22 
SCORES_TXT_END_0
SCORES_TXT_BEGIN_0 6 100 9 BLEU
8 33 1 32 0 31 0 30 22 
8 33 1 32 0 31 0 30 22 
8 32 1 31 0 30 0 29 22 
8 32 1 31 0 30 0 29 22 
8 33 1 32 0 31 0 30 22 
8 32 1 31 0 30 0 29 22 
8 29 1 28 0 27 0 26 22 
8 34 1 33 0 32 0 31 22 
8 29 1 28 0 27 0 26 22 
8 31 1 30 0 29 0 28 22 
8 33 1 32 0 31 0 30 22 
8 30 1 29 0 28 0 27 22 
8 29 1 28 0 27 0 26 22 
8 31 1 30 0 29 0 28 22 
8 31 1 30 0 29 0 28 22 
8 34 1 33 0 32 0 31 22 
8 34 1 33 0 32 0 31 22 
8 30 1 29 0 28 0 27 22 
8 32 1 31 0 30 0 29 22 
8 32 1 31 0 30 0 29 22 
7 27 1 26 0 25 0 24 22 
8 31 1 30 0 29 0 28 22 
8 31 1 30 0 29 0 28 22 
8 31 1 30 0 29 0 28 22 
8 34 1 33 0 32 0 31 22 
8 33 1 32 0 31 0 30 22 
8 32 1 31 0 30 0 29 22 
8 33 1 32 0 31 0 30 22 
8 32 1 31 0 30 0 29 22 
8 32 1 31 0 30 0 29 22 
8 32 1 31 0 30 0 29 22 
8 35 1 34 0 33 0 32 22 
8 31 1 30 0 29 0 28 22 
8 33 2 32 0 31 0 30 22 
8 30 1 29 0 28 0 27 22 
7 28 1 27 0 26 0 25 22 
8 34 1 33 0 32 0 31 22 
8 29 1 28 0 27 0 26 22 
8 33 2 32 0 31 0 30 22 
8 30 1 29 0 28 0 27 22 
7 28 1 27 0 26 0 25 22 
8 34 1 33 0 32 0 31 22 
8 32 1 31 0 30 0 29 22 
8 32 1 31 0 30 0 29 22 
8 33 2 32 0 31 0 30 22 
8 33 1 32 0 31 0 30 22 
8 32 1 31 0 30 0 29 22 
8 33 2 32 0 31 0 30 22 
8 34 2 33 0 32 0 31 22 
8 33 1 32 0 31 0 30 22 
8 32 1 31 0 30 0 29 22 
8 30 1 29 0 28 0 27 22 
8 34 2 33 0 32 0 31 22 
8 31 1 30 0 29 0 28 22 
8 33 1 32 0 31 0 30 22 
8 33 1 32 0 31 0 30 22 
8 30 1 29 0 28 0 27 22 
8 33 1 32 0 31 0 30 22 
8 31 1 30 0 29 0 28 22 
8 33 1 32 0 31 0 30 22 
8 33 2 32 0 31 0 30 22 
8 30 1 29 0 28 0 27 22 
7 28 1 27 0 26 0 25 22 
8 34 1 33 0 32 0 31 22 
8 34 1 33 0 32 0 31 22 
8 31 1 30 0 29 0 28 22 
8 33 1 32 0 31 0 30 22 
8 30 1 29 0 28 0 27 22 
8 33 1 32 0 31 0 30 22 
8 32 1 31 0 30 0 29 22 
8 30 1 29 0 28 0 27 22 
8 32 1 31 0 30 0 29 22 
8 33 1 32 0 31 0 30 22 
8 33 2 32 0 31 0 30 22 
8 31 1 30 0 29 0 28 22 
8 32 1 31 0 30 0 29 22 
8 30 1 29 0 28 0 27 22 
8 33 1 32 0 31 0 30 22 
8 32 1 31 0 30 0 29 22 
8 30 1 29 0 28 0 27 22 
8 31 1 30 0 29 0 28 22 
8 33 1 32 0 31 0 30 22 
8 33 1 32 0 31 0 30 22 
8 34 2 33 0 32 0 31 22 
8 31 1 30 0 29 0 28 22 
8 33 1 32 0 31 0 30 22 
8 33 1 32 0 31 0 30 22 
8 32 1 31 0 30 0 29 22 
8 34 2 33 0 32 0 31 22 
8 33 1 32 0 31 0 30 22 
8 32 1 31 0 30 0 29 22 
8 35 1 34 0 33 0 32 22 
8 30 1 29 0 28 0 27 22 
8 33 1 32 0 31 0 30 22 
8 33 1 32 0 31 0 30 22 
8 30 1 29 0 28 0 27 22 
8 33 1 32 0 31 0 30 22 
8 32 1 31 0 30 0 29 22 
8 31 1 30 0 29 0 28 22 
8 32 1 31 0 30 0 29 22 
SCORES_TXT_END_0
SCORES_TXT_BEGIN_0 7 100 9 BLEU
10 53 0 52 0 51 0 50 22 
10 53 0 52 0 51 0 50 22 
11 53 2 52 1 51 0 50 22 
10 54 0 53 0 52 0 51 22 
10 52 1 51 0 50 0 49 22 
10 52 1 51 0 50 0 49 22 
10 53 0 52 0 51 0 50 22 
10 53 0 52 0 51 0 50 22 
10 54 1 53 0 52 0 51 22 
10 53 0 52 0 51 0 50 22 
10 53 0 52 0 51 0 50 22 
11 52 3 51 1 50 0 49 22 
10 53 0 52 0 51 0 50 22 
10 53 1 52 0 51 0 50 22 
10 53 0 52 0 51 0 50 22 
10 53 0 52 0 51 0 50 22 
10 53 1 52 0 51 0 50 22 
10 53 0 52 0 51 0 50 22 
11 53 2 52 1 51 0 50 22 
10 54 0 53 0 52 0 51 22 
10 53 0 52 0 51 0 50 22 
10 53 0 52 0 51 0 50 22 
10 53 0 52 0 51 0 50 22 
10 54 0 53 0 52 0 51 22 
10 54 0 53 0 52 0 51 22 
9 53 0 52 0 51 0 50 22 
10 54 1 53 0 52 0 51 22 
10 54 0 53 0 52 0 51 22 
10 54 0 53 0 52 0 51 22 
10 54 0 53 0 52 0 51 22 
10 53 1 52 0 51 0 50 22 
10 53 0 52 0 51 0 50 22 
10 55 0 54 0 53 0 52 22 
10 53 0 52 0 51 0 50 22 
10 54 0 53 0 52 0 51 22 
11 53 2 52 1 51 0 50 22 
10 54 0 53 0 52 0 51 22 
10 53 1 52 0 51 0 50 22 
10 52 1 51 0 50 0 49 22 
10 52 1 51 0 50 0 49 22 
10 53 2 52 0 51 0 50 22 
10 52 1 51 0 50 0 49 22 
10 52 1 51 0 50 0 49 22 
10 54 0 53 0 52 0 51 22 
10 52 0 51 0 50 0 49 22 
11 54 2 53 1 52 0 51 22 
10 52 0 51 0 50 0 49 22 
10 54 0 53 0 52 0 51 22 
10 52 1 51 0 50 0 49 22 
11 54 2 53 1 52 0 51 22 
10 53 0 52 0 51 0 50 22 
10 53 0 52 0 51 0 50 22 
10 54 1 53 0 52 0 51 22 
10 55 0 54 0 53 0 52 22 
10 54 0 53 0 52 0 51 22 
10 52 1 51 0 50 0 49 22 
10 55 0 54 0 53 0 52 22 
10 54 0 53 0 52 0 51 22 
10 54 1 53 0 52 0 51 22 
10 52 1 51 0 50 0 49 22 
11 54 2 53 1 52 0 51 22 
10 54 1 53 0 52 0 51 22 
10 53 0 52 0 51 0 50 22 
10 53 0 52 0 51 0 50 22 
11 54 2 53 1 52 0 51 22 
10 53 0 52 0 51 0 50 22 
10 52 2 51 0 50 0 49 22 
11 52 3 51 1 50 0 49 22 
10 54 1 53 0 52 0 51 22 
10 53 1 52 0 51 0 50 22 
10 53 0 52 0 51 0 50 22 
10 52 1 51 0 50 0 49 22 
10 53 0 52 0 51 0 50 22 
10 52 1 51 0 50 0 49 22 
9 53 0 52 0 51 0 50 22 
10 54 1 53 0 52 0 51 22 
10 55 0 54 0 53 0 52 22 
11 52 2 51 1 50 0 49 22 
10 55 0 54 0 53 0 52 22 
10 54 0 53 0 52 0 51 22 
10 53 1 52 0 51 0 50 22 
10 56 0 55 0 54 0 53 22 
10 55 0 54 0 53 0 52 22 
10 53 0 52 0 51 0 50 22 
10 53 1 52 0 51 0 50 22 
10 55 0 54 0 53 0 52 22 
10 53 2 52 1 51 0 50 22 
9 52 1 51 0 50 0 49 22 
10 53 2 52 0 51 0 50 22 
10 53 1 52 0 51 0 50 22 
10 53 1 52 0 51 0 50 22 
10 53 0 52 0 51 0 50 22 
10 53 0 52 0 51 0 50 22 
10 53 1 52 0 51 0 50 22 
10 53 0 52 0 51 0 50 22 
11 54 2 53 1 52 0 51 22 
10 52 2 51 0 50 0 49 22 
10 53 1 52 0 51 0 50 22 
10 53 1 52 0 51 0 50 22 
10 53 0 52 0 51 0 50 22 
SCORES_TXT_END_0
SCORES_TXT_BEGIN_0 8 100 9 BLEU
7 51 0 50 0 49 0 48 33 
7 50 0 49 0 48 0 47 33 
7 50 0 49 0 48 0 47 33 
7 50 0 49 0 48 0 47 33 
7 50 0 49 0 48 0 47 33 
7 49 0 48 0 47 0 46 33 
7 50 0 49 0 48 0 47 33 
8 51 0 50 0 49 0 48 33 
7 50 0 49 0 48 0 47 33 
8 51 0 50 0 49 0 48 33 
7 49 0 48 0 47 0 46 33 
7 49 0 48 0 47 0 46 33 
8 52 0 51 0 50 0 49 33 
7 49 0 48 0 47 0 46 33 
7 49 0 48 0 47 0 46 33 
7 51 0 50 0 49 0 48 33 
8 50 0 49 0 48 0 47 33 
7 50 0 49 0 48 0 47 33 
7 50 0 49 0 48 0 47 33 
7 52 0 51 0 50 0 49 33 
7 51 0 50 0 49 0 48 33 
7 51 0 50 0 49 0 48 33 
6 50 0 49 0 48 0 47 33 
7 50 0 49 0 48 0 47 33 
8 52 0 51 0 50 0 49 33 
7 49 0 48 0 47 0 46 33 
7 52 0 51 0 50 0 49 33 
7 49 0 48 0 47 0 46 33 
7 51 0 50 0 49 0 48 33 
7 50 0 49 0 48 0 47 33 
7 52 0 51 0 50 0 49 33 
7 50 0 49 0 48 0 47 33 
6 49 0 48 0 47 0 46 33 
7 53 0 52 0 51 0 50 33 
7 50 0 49 0 48 0 47 33 
7 50 0 49 0 48 0 47 33 
8 50 0 49 0 48 0 47 33 
8 52 0 51 0 50 0 49 33 
7 49 0 48 0 47 0 46 33 
8 50 0 49 0 48 0 47 33 
8 51 0 50 0 49 0 48 33 
7 49 0 48 0 47 0 46 33 
7 53 0 52 0 51 0 50 33 
8 52 0 51 0 50 0 49 33 
8 50 0 49 0 48 0 47 33 
8 50 0 49 0 48 0 47 33 
8 50 0 49 0 48 0 47 33 
7 49 0 48 0 47 0 46 33 
7 51 0 50 0 49 0 48 33 
7 49 0 48 0 47 0 46 33 
7 52 0 51 0 50 0 49 33 
8 50 0 49 0 48 0 47 33 
7 48 0 47 0 46 0 45 33 
8 50 0 49 0 48 0 47 33 
8 49 0 48 0 47 0 46 33 
7 53 0 52 0 51 0 50 33 
8 51 0 50 0 49 0 48 33 
8 51 0 50 0 49 0 48 33 
8 50 0 49 0 48 0 47 33 
7 49 0 48 0 47 0 46 33 
8 49 1 48 0 47 0 46 33 
7 52 0 51 0 50 0 49 33 
8 51 0 50 0 49 0 48 33 
8 50 0 49 0 48 0 47 33 
7 51 0 50 0 49 0 48 33 
8 49 0 48 0 47 0 46 33 
7 48 0 47 0 46 0 45 33 
7 50 0 49 0 48 0 47 33 
7 48 0 47 0 46 0 45 33 
7 51 0 50 0 49 0 48 33 
8 51 0 50 0 49 0 48 33 
8 49 0 48 0 47 0 46 33 
8 49 0 48 0 47 0 46 33 
7 52 0 51 0 50 0 49 33 
7 49 0 48 0 47 0 46 33 
7 49 0 48 0 47 0 46 33 
8 51 0 50 0 49 0 48 33 
7 48 0 47 0 46 0 45 33 
8 54 0 53 0 52 0 51 33 
7 51 0 50 0 49 0 48 33 
8 51 0 50 0 49 0 48 33 
8 48 1 47 0 46 0 45 33 
7 52 0 51 0 50 0 49 33 
7 51 0 50 0 49 0 48 33 
7 50 0 49 0 48 0 47 33 
7 49 0 48 0 47 0 46 33 
7 51 0 50 0 49 0 48 33 
7 50 0 49 0 48 0 47 33 
8 49 0 48 0 47 0 46 33 
8 51 0 50 0 49 0 48 33 
7 50 0 49 0 48 0 47 33 
7 50 0 49 0 48 0 47 33 
8 51 0 50 0 49 0 48 33 
7 51 0 50 0 49 0 48 33 
7 49 0 48 0 47 0 46 33 
8 50 0 49 0 48 0 47 33 
7 49 0 48 0 47 0 46 33 
7 52 0 51 0 50 0 49 33 
8 52 0 51 0 50 0 49 33 
8 52 0 51 0 50 0 49 33 
SCORES_TXT_END_0
SCORES_TXT_BEGIN_0 9 93 9 BLEU
7 29 1 28 0 27 0 26 13 
7 29 1 28 0 27 0 26 13 
7 28 1 27 0 26 0 25 13 
7 29 1 28 0 27 0 26 13 
7 29 1 28 0 27 0 26 13 
7 29 1 28 0 27 0 26 13 
7 28 1 27 0 26 0 25 13 
7 29 1 28 0 27 0 26 13 
7 28 1 27 0 26 0 25 13 
7 29 1 28 0 27 0 26 13 
7 29 1 28 0 27 0 26 13 
7 28 1 27 0 26 0 25 13 
7 29 1 28 0 27 0 26 13 
7 31 1 30 0 29 0 28 13 
7 30 1 29 0 28 0 27 13 
7 29 1 28 0 27 0 26 13 
7 29 1 28 0 27 0 26 13 
7 29 1 28 0 27 0 26 13 
7 31 1 30 0 29 0 28 13 
7 29 1 28 0 27 0 26 13 
7 29 1 28 0 27 0 26 13 
7 28 1 27 0 26 0 25 13 
7 30 1 29 0 28 0 27 13 
7 29 1 28 0 27 0 26 13 
7 31 0 30 0 29 0 28 13 
7 28 1 27 0 26 0 25 13 
7 29 1 28 0 27 0 26 13 
7 28 1 27 0 26 0 25 13 
7 30 0 29 0 28 0 27 13 
7 28 1 27 0 26 0 25 13 
7 29 1 28 0 27 0 26 13 
7 31 1 30 0 29 0 28 13 
7 29 1 28 0 27 0 26 13 
7 30 1 29 0 28 0 27 13 
7 29 1 28 0 27 0 26 13 
7 29 1 28 0 27 0 26 13 
7 31 1 30 0 29 0 28 13 
7 28 1 27 0 26 0 25 13 
7 31 1 30 0 29 0 28 13 
7 28 1 27 0 26 0 25 13 
7 29 1 28 0 27 0 26 13 
7 31 1 30 0 29 0 28 13 
7 29 1 28 0 27 0 26 13 
7 31 0 30 0 29 0 28 13 
7 29 1 28 0 27 0 26 13 
7 29 1 28 0 27 0 26 13 
7 29 1 28 0 27 0 26 13 
7 28 1 27 0 26 0 25 13 
7 29 1 28 0 27 0 26 13 
7 30 1 29 0 28 0 27 13 
7 31 1 30 0 29 0 28 13 
7 29 1 28 0 27 0 26 13 
7 30 0 29 0 28 0 27 13 
7 28 1 27 0 26 0 25 13 
7 29 1 28 0 27 0 26 13 
7 29 1 28 0 27 0 26 13 
7 28 1 27 0 26 0 25 13 
7 30 1 29 0 28 0 27 13 
7 28 1 27 0 26 0 25 13 
7 29 1 28 0 27 0 26 13 
7 28 1 27 0 26 0 25 13 
7 28 1 27 0 26 0 25 13 
7 28 1 27 0 26 0 25 13 
7 29 1 28 0 27 0 26 13 
7 28 1 27 0 26 0 25 13 
7 30 1 29 0 28 0 27 13 
7 29 1 28 0 27 0 26 13 
6 30 1 29 0 28 0 27 13 
7 28 1 27 0 26 0 25 13 
7 29 1 28 0 27 0 26 13 
7 29 1 28 0 27 0 26 13 
6 30 1 29 0 28 0 27 13 
7 29 1 28 0 27 0 26 13 
7 29 1 28 0 27 0 26 13 
6 32 0 31 0 30 0 29 13 
7 31 1 30 0 29 0 28 13 
7 30 1 29 0 28 0 27 13 
7 28 1 27 0 26 0 25 13 
7 31 1 30 0 29 0 28 13 
7 28 1 27 0 26 0 25 13 
7 29 1 28 0 27 0 26 13 
7 29 1 28 0 27 0 26 13 
7 28 1 27 0 26 0 25 13 
6 29 1 28 0 27 0 26 13 
7 29 1 28 0 27 0 26 13 
7 31 1 30 0 29 0 28 13 
7 31 0 30 0 29 0 28 13 
6 31 0 30 0 29 0 28 13 
7 30 1 29 0 28 0 27 13 
7 28 1 27 0 26 0 25 13 
7 28 1 27 0 26 0 25 13 
7 28 1 27 0 26 0 25 13 
7 29 1 28 0 27 0 26 13 
SCORES_TXT_END_0
SCORES_TXT_BEGIN_0 10 100 9 BLEU
6 18 1 17 0 16 0 15 13 
6 18 1 17 0 16 0 15 13 
6 19 1 18 0 17 0 16 13 
6 19 1 18 0 17 0 16 13 
7 18 0 17 0 16 0 15 13 
8 18 2 17 0 16 0 15 13 
7 18 0 17 0 16 0 15 13 
8 18 1 17 0 16 0 15 13 
7 18 0 17 0 16 0 15 13 
6 19 1 18 0 17 0 16 13 
7 18 0 17 0 16 0 15 13 
6 17 0 16 0 15 0 14 13 
7 17 2 16 0 15 0 14 13 
7 19 2 18 0 17 0 16 13 
7 18 0 17 0 16 0 15 13 
6 17 0 16 0 15 0 14 13 
8 18 2 17 0 16 0 15 13 
7 17 1 16 0 15 0 14 13 
6 17 0 16 0 15 0 14 13 
6 19 1 18 0 17 0 16 13 
8 17 1 16 0 15 0 14 13 
7 18 0 17 0 16 0 15 13 
7 19 2 18 0 17 0 16 13 
8 18 1 17 0 16 0 15 13 
7 18 0 17 0 16 0 15 13 
8 19 1 18 0 17 0 16 13 
6 17 0 16 0 15 0 14 13 
6 19 1 18 0 17 0 16 13 
7 18 0 17 0 16 0 15 13 
6 18 1 17 0 16 0 15 13 
7 18 0 17 0 16 0 15 13 
8 19 0 18 0 17 0 16 13 
7 18 1 17 0 16 0 15 13 
7 19 2 18 0 17 0 16 13 
7 18 0 17 0 16 0 15 13 
7 16 1 15 0 14 0 13 13 
6 19 1 18 0 17 0 16 13 
7 19 2 18 0 17 0 16 13 
7 18 2 17 0 16 0 15 13 
7 18 0 17 0 16 0 15 13 
8 17 1 16 0 15 0 14 13 
7 18 1 17 0 16 0 15 13 
7 18 0 17 0 16 0 15 13 
7 19 0 18 0 17 0 16 13 
8 17 1 16 0 15 0 14 13 
6 17 0 16 0 15 0 14 13 
8 19 2 18 0 17 0 16 13 
8 19 1 18 0 17 0 16 13 
7 18 1 17 0 16 0 15 13 
7 18 0 17 0 16 0 15 13 
7 17 0 16 0 15 0 14 13 
7 18 0 17 0 16 0 15 13 
7 19 0 18 0 17 0 16 13 
7 18 0 17 0 16 0 15 13 
8 18 0 17 0 16 0 15 13 
6 17 0 16 0 15 0 14 13 
7 17 0 16 0 15 0 14 13 
8 19 1 18 0 17 0 16 13 
6 17 1 16 0 15 0 14 13 
8 18 2 17 0 16 0 15 13 
7 17 1 16 0 15 0 14 13 
6 17 0 16 0 15 0 14 13 
7 19 0 18 0 17 0 16 13 
7 18 1 17 0 16 0 15 13 
8 19 0 18 0 17 0 16 13 
6 16 0 15 0 14 0 13 13 
8 18 2 17 0 16 0 15 13 
7 17 0 16 0 15 0 14 13 
7 18 0 17 0 16 0 15 13 
6 17 0 16 0 15 0 14 13 
7 16 1 15 0 14 0 13 13 
7 18 2 17 0 16 0 15 13 
6 17 1 16 0 15 0 14 13 
6 17 0 16 0 15 0 14 13 
7 19 0 18 0 17 0 16 13 
8 18 1 17 0 16 0 15 13 
8 18 2 17 0 16 0 15 13 
6 18 0 17 0 16 0 15 13 
7 17 1 16 0 15 0 14 13 
7 18 2 17 0 16 0 15 13 
6 17 0 16 0 15 0 14 13 
8 18 2 17 0 16 0 15 13 
6 16 0 15 0 14 0 13 13 
8 18 1 17 0 16 0 15 13 
6 18 1 17 0 16 0 15 13 
7 18 2 17 0 16 0 15 13 
6 18 1 17 0 16 0 15 13 
8 17 1 16 0 15 0 14 13 
6 19 1 18 0 17 0 16 13 
8 17 2 16 0 15 0 14 13 
6 18 0 17 0 16 0 15 13 
6 17 0 16 0 15 0 14 13 
7 18 0 17 0 16 0 15 13 
6 16 0 15 0 14 0 13 13 
6 17 0 16 0 15 0 14 13 
8 18 2 17 0 16 0 15 13 
6 18 0 17 0 16 0 15 13 
7 17 0 16 0 15 0 14 13 
8 18 1 17 0 16 0 15 13 
7 18 0 17 0 16 0 15 13 
SCORES_TXT_END_0
SCORES_TXT_BEGIN_0 11 100 9 BLEU
6 26 5 25 4 24 3 23 13 
6 26 5 25 4 24 3 23 13 
6 26 5 25 4 24 3 23 13 
6 26 5 25 4 24 3 23 13 
6 27 5 26 4 25 3 24 13 
6 27 5 26 4 25 3 24 13 
6 27 5 26 4 25 3 24 13 
6 27 5 26 4 25 3 24 13 
6 26 5 25 4 24 3 23 13 
6 27 5 26 4 25 3 24 13 
6 26 5 25 4 24 3 23 13 
6 27 5 26 4 25 3 24 13 
6 27 5 26 4 25 3 24 13 
6 27 5 26 4 25 3 24 13 
6 26 5 25 4 24 3 23 13 
6 26 5 25 4 24 3 23 13 
6 27 5 26 4 25 3 24 13 
6 26 5 25 4 24 3 23 13 
6 26 5 25 4 24 3 23 13 
6 26 5 25 4 24 3 23 13 
6 27 5 26 4 25 3 24 13 
6 27 5 26 4 25 3 24 13 
6 27 5 26 4 25 3 24 13 
6 27 5 26 4 25 3 24 13 
6 28 5 27 4 26 3 25 13 
6 27 5 26 4 25 3 24 13 
6 26 5 25 4 24 3 23 13 
6 27 5 26 4 25 3 24 13 
6 26 5 25 4 24 3 23 13 
6 26 5 25 4 24 3 23 13 
6 26 5 25 4 24 3 23 13 
6 28 5 27 4 26 3 25 13 
6 27 5 26 4 25 3 24 13 
6 26 5 25 4 24 3 23 13 
6 27 5 26 4 25 3 24 13 
6 27 5 26 4 25 3 24 13 
6 26 5 25 4 24 3 23 13 
6 26 5 25 4 24 3 23 13 
6 26 5 25 4 24 3 23 13 
6 27 5 26 4 25 3 24 13 
6 26 5 25 4 24 3 23 13 
6 27 5 26 4 25 3 24 13 
6 26 5 25 4 24 3 23 13 
6 26 5 25 4 24 3 23 13 
6 28 5 27 4 26 3 25 13 
6 28 5 27 4 26 3 25 13 
6 27 5 26 4 25 3 24 13 
6 28 5 27 4 26 3 25 13 
6 27 5 26 4 25 3 24 13 
6 26 5 25 4 24 3 23 13 
6 26 5 25 4 24 3 23 13 
6 26 5 25 4 24 3 23 13 
6 28 5 27 4 26 3 25 13 
6 27 5 26 4 25 3 24 13 
6 26 5 25 4 24 3 23 13 
6 27 5 26 4 25 3 24 13 
6 26 5 25 4 24 3 23 13 
6 27 5 26 4 25 3 24 13 
6 27 5 26 4 25 3 24 13 
6 26 5 25 4 24 3 23 13 
6 26 5 25 4 24 3 23 13 
6 26 5 25 4 24 3 23 13 
6 28 5 27 4 26 3 25 13 
6 26 5 25 4 24 3 23 13 
6 26 5 25 4 24 3 23 13 
6 26 5 25 4 24 3 23 13 
6 27 5 26 4 25 3 24 13 
6 28 5 27 4 26 3 25 13 
6 26 5 25 4 24 3 23 13 
6 26 5 25 4 24 3 23 13 
6 26 5 25 4 24 3 23 13 
6 28 5 27 4 26 3 25 13 
6 27 5 26 4 25 3 24 13 
6 27 5 26 4 25 3 24 13 
6 26 5 25 4 24 3 23 13 
6 28 5 27 4 26 3 25 13 
6 26 5 25 4 24 3 23 13 
6 27 5 26 4 25 3 24 13 
6 26 5 25 4 24 3 23 13 
6 26 5 25 4 24 3 23 13 
6 26 5 25 4 24 3 23 13 
6 26 5 25 4 24 3 23 13 
6 28 5 27 4 26 3 25 13 
6 27 5 26 4 25 3 24 13 
6 27 5 26 4 25 3 24 13 
6 26 5 25 4 24 3 23 13 
6 27 5 26 4 25 3 24 13 
6 26 5 25 4 24 3 23 13 
6 28 5 27 4 26 3 25 13 
6 27 5 26 4 25 3 24 13 
6 27 5 26 4 25 3 24 13 
6 26 5 25 4 24 3 23 13 
6 26 5 25 4 24 3 23 13 
6 26 5 25 4 24 3 23 13 
6 27 5 26 4 25 3 24 13 
6 27 5 26 4 25 3 24 13 
6 27 5 26 4 25 3 24 13 
6 26 5 25 4 24 3 23 13 
6 26 5 25 4 24 3 23 13 
6 26 5 25 4 24 3 23 13 
SCORES_TXT_END_0
SCORES_TXT_BEGIN_0 12 100 9 BLEU
14 34 7 33 3 32 0 31 28 
14 34 7 33 3 32 0 31 28 
14 33 7 32 3 31 0 30 28 
14 36 7 35 3 34 0 33 28 
14 33 7 32 3 31 0 30 28 
13 35 6 34 2 33 0 32 28 
14 35 7 34 3 33 0 32 28 
14 33 7 32 3 31 0 30 28 
14 33 7 32 3 31 0 30 28 
14 34 7 33 3 32 0 31 28 
14 34 7 33 3 32 0 31 28 
14 34 7 33 3 32 0 31 28 
14 35 7 34 3 33 0 32 28 
14 34 7 33 3 32 0 31 28 
13 34 6 33 2 32 0 31 28 
14 33 7 32 3 31 0 30 28 
14 35 7 34 3 33 0 32 28 
14 33 7 32 3 31 0 30 28 
13 34 6 33 2 32 0 31 28 
14 33 7 32 3 31 0 30 28 
14 36 7 35 3 34 0 33 28 
14 33 7 32 3 31 0 30 28 
13 34 6 33 2 32 0 31 28 
11 35 6 34 3 33 1 32 28 
14 36 7 35 3 34 0 33 28 
14 34 7 33 3 32 0 31 28 
11 35 6 34 3 33 1 32 28 
14 37 7 36 3 35 0 34 28 
13 34 6 33 2 32 0 31 28 
14 35 7 34 3 33 0 32 28 
14 35 7 34 3 33 0 32 28 
13 35 6 34 2 33 0 32 28 
13 33 6 32 2 31 0 30 28 
13 36 6 35 2 34 0 33 28 
13 33 6 32 2 31 0 30 28 
11 34 6 33 3 32 1 31 28 
11 37 6 36 3 35 1 34 28 
13 35 6 34 2 33 0 32 28 
11 34 6 33 3 32 1 31 28 
14 33 7 32 3 31 0 30 28 
14 35 7 34 3 33 0 32 28 
14 34 7 33 3 32 0 31 28 
14 36 7 35 3 34 0 33 28 
14 33 7 32 3 31 0 30 28 
14 34 7 33 3 32 0 31 28 
14 35 7 34 3 33 0 32 28 
14 34 7 33 3 32 0 31 28 
14 33 7 32 3 31 0 30 28 
13 34 6 33 2 32 0 31 28 
13 34 6 33 2 32 0 31 28 
12 35 5 34 1 33 0 32 28 
14 33 7 32 3 31 0 30 28 
13 35 6 34 2 33 0 32 28 
14 35 7 34 3 33 0 32 28 
13 33 6 32 2 31 0 30 28 
10 36 5 35 2 34 1 33 28 
11 36 6 35 3 34 1 33 28 
13 33 6 32 2 31 0 30 28 
13 34 6 33 2 32 0 31 28 
14 35 7 34 3 33 0 32 28 
11 34 6 33 3 32 1 31 28 
13 34 6 33 2 32 0 31 28 
14 35 7 34 3 33 0 32 28 
14 34 7 33 3 32 0 31 28 
14 33 7 32 3 31 0 30 28 
11 34 6 33 3 32 1 31 28 
11 35 6 34 3 33 1 32 28 
14 34 7 33 3 32 0 31 28 
14 34 7 33 3 32 0 31 28 
13 34 6 33 2 32 0 31 28 
14 36 7 35 3 34 0 33 28 
14 37 7 36 3 35 0 34 28 
14 33 7 32 3 31 0 30 28 
13 35 6 34 2 33 0 32 28 
11 35 6 34 3 33 1 32 28 
13 34 6 33 2 32 0 31 28 
14 36 7 35 3 34 0 33 28 
14 35 7 34 3 33 0 32 28 
14 34 7 33 3 32 0 31 28 
11 35 6 34 3 33 1 32 28 
14 37 7 36 3 35 0 34 28 
11 36 6 35 3 34 1 33 28 
12 34 5 33 1 32 0 31 28 
14 34 7 33 3 32 0 31 28 
11 35 6 34 3 33 1 32 28 
14 33 7 32 3 31 0 30 28 
14 34 7 33 3 32 0 31 28 
14 33 7 32 3 31 0 30 28 
13 33 6 32 2 31 0 30 28 
13 35 6 34 2 33 0 32 28 
13 33 6 32 2 31 0 30 28 
14 35 7 34 3 33 0 32 28 
10 35 5 34 2 33 1 32 28 
14 37 7 36 3 35 0 34 28 
14 33 7 32 3 31 0 30 28 
14 33 7 32 3 31 0 30 28 
13 33 6 32 2 31 0 30 28 
13 36 6 35 2 34 0 33 28 
13 33 6 32 2 31 0 30 28 
14 34 7 33 3 32 0 31 28 
SCORES_TXT_END_0
SCORES_TXT_BEGIN_0 13 77 9 BLEU
4 33 0 32 0 31 0 30 13 
4 34 0 33 0 32 0 31 13 
4 33 0 32 0 31 0 30 13 
4 35 0 34 0 33 0 32 13 
4 35 0 34 0 33 0 32 13 
4 35 0 34 0 33 0 32 13 
4 34 0 33 0 32 0 31 13 
4 35 0 34 0 33 0 32 13 
4 34 0 33 0 32 0 31 13 
4 36 0 35 0 34 0 33 13 
4 36 0 35 0 34 0 33 13 
4 36 0 35 0 34 0 33 13 
4 34 0 33 0 32 0 31 13 
4 35 0 34 0 33 0 32 13 
4 35 0 34 0 33 0 32 13 
4 36 0 35 0 34 0 33 13 
4 34 0 33 0 32 0 31 13 
4 35 0 34 0 33 0 32 13 
4 37 0 36 0 35 0 34 13 
4 35 0 34 0 33 0 32 13 
4 37 0 36 0 35 0 34 13 
4 35 0 34 0 33 0 32 13 
4 33 0 32 0 31 0 30 13 
4 37 0 36 0 35 0 34 13 
4 36 0 35 0 34 0 33 13 
4 35 0 34 0 33 0 32 13 
4 33 0 32 0 31 0 30 13 
4 35 0 34 0 33 0 32 13 
4 36 0 35 0 34 0 33 13 
4 33 0 32 0 31 0 30 13 
4 35 0 34 0 33 0 32 13 
4 37 0 36 0 35 0 34 13 
4 33 0 32 0 31 0 30 13 
4 36 0 35 0 34 0 33 13 
4 36 0 35 0 34 0 33 13 
4 34 0 33 0 32 0 31 13 
4 34 0 33 0 32 0 31 13 
4 35 0 34 0 33 0 32 13 
4 37 0 36 0 35 0 34 13 
4 34 0 33 0 32 0 31 13 
4 34 0 33 0 32 0 31 13 
4 37 0 36 0 35 0 34 13 
4 34 0 33 0 32 0 31 13 
4 35 0 34 0 33 0 32 13 
4 37 0 36 0 35 0 34 13 
4 33 0 32 0 31 0 30 13 
4 36 0 35 0 34 0 33 13 
4 36 0 35 0 34 0 33 13 
4 34 0 33 0 32 0 31 13 
4 34 0 33 0 32 0 31 13 
4 34 0 33 0 32 0 31 13 
4 35 0 34 0 33 0 32 13 
4 38 0 37 0 36 0 35 13 
4 33 0 32 0 31 0 30 13 
4 35 0 34 0 33 0 32 13 
4 36 0 35 0 34 0 33 13 
4 35 0 34 0 33 0 32 13 
4 33 0 32 0 31 0 30 13 
4 34 0 33 0 32 0 31 13 
4 37 0 36 0 35 0 34 13 
4 34 0 33 0 32 0 31 13 
4 36 0 35 0 34 0 33 13 
4 34 0 33 0 32 0 31 13 
4 36 0 35 0 34 0 33 13 
4 33 0 32 0 31 0 30 13 
4 37 0 36 0 35 0 34 13 
4 38 0 37 0 36 0 35 13 
4 30 0 29 0 28 0 27 13 
4 35 0 34 0 33 0 32 13 
4 36 0 35 0 34 0 33 13 
4 34 0 33 0 32 0 31 13 
4 34 0 33 0 32 0 31 13 
4 37 0 36 0 35 0 34 13 
4 34 0 33 0 32 0 31 13 
4 34 0 33 0 32 0 31 13 
4 33 0 32 0 31 0 30 13 
4 36 0 35 0 34 0 33 13 
SCORES_TXT_END_0
SCORES_TXT_BEGIN_0 14 84 9 BLEU
10 27 5 26 3 25 2 24 20 
10 29 6 28 4 27 2 26 20 
10 26 5 25 3 24 2 23 20 
11 28 5 27 3 26 2 25 20 
10 27 5 26 3 25 2 24 20 
10 27 5 26 3 25 2 24 20 
10 27 5 26 3 25 2 24 20 
10 26 5 25 3 24 2 23 20 
10 26 5 25 3 24 2 23 20 
10 28 5 27 3 26 2 25 20 
10 28 6 27 4 26 2 25 20 
10 28 6 27 4 26 2 25 20 
10 26 4 25 3 24 2 23 20 
10 29 6 28 4 27 2 26 20 
11 27 5 26 3 25 2 24 20 
10 29 6 28 4 27 2 26 20 
10 29 6 28 4 27 2 26 20 
10 27 4 26 3 25 2 24 20 
10 26 5 25 3 24 2 23 20 
10 27 5 26 3 25 2 24 20 
10 28 6 27 4 26 2 25 20 
10 28 6 27 4 26 2 25 20 
10 27 6 26 3 25 2 24 20 
11 27 5 26 3 25 2 24 20 
10 30 6 29 4 28 2 27 20 
10 27 5 26 3 25 2 24 20 
10 28 6 27 4 26 2 25 20 
10 26 5 25 3 24 2 23 20 
10 28 4 27 3 26 2 25 20 
10 27 5 26 3 25 2 24 20 
10 28 6 27 4 26 2 25 20 
10 27 5 26 3 25 2 24 20 
11 29 6 28 4 27 2 26 20 
11 29 6 28 4 27 2 26 20 
10 27 5 26 3 25 2 24 20 
10 29 6 28 4 27 2 26 20 
10 28 5 27 3 26 2 25 20 
10 28 6 27 4 26 2 25 20 
10 29 6 28 4 27 2 26 20 
10 27 5 26 3 25 2 24 20 
10 27 5 26 3 25 2 24 20 
11 27 5 26 3 25 2 24 20 
10 26 5 25 3 24 2 23 20 
10 26 5 25 3 24 2 23 20 
10 26 6 25 3 24 2 23 20 
10 28 5 27 3 26 2 25 20 
11 27 5 26 3 25 2 24 20 
10 28 5 27 3 26 2 25 20 
10 27 5 26 3 25 2 24 20 
10 28 5 27 3 26 2 25 20 
11 29 6 28 4 27 2 26 20 
10 28 5 27 3 26 2 25 20 
10 27 5 26 3 25 2 24 20 
10 28 5 27 3 26 2 25 20 
10 29 6 28 4 27 2 26 20 
10 27 5 26 3 25 2 24 20 
11 27 5 26 3 25 2 24 20 
10 28 6 27 4 26 2 25 20 
10 28 5 27 3 26 2 25 20 
10 30 6 29 4 28 2 27 20 
10 26 5 25 3 24 2 23 20 
10 29 6 28 4 27 2 26 20 
10 30 6 29 4 28 2 27 20 
10 26 4 25 3 24 2 23 20 
11 27 5 26 3 25 2 24 20 
10 27 4 26 3 25 2 24 20 
10 27 5 26 3 25 2 24 20 
10 29 6 28 4 27 2 26 20 
11 28 5 27 3 26 2 25 20 
11 27 5 26 3 25 2 24 20 
10 26 5 25 3 24 2 23 20 
10 27 5 26 3 25 2 24 20 
10 26 5 25 3 24 2 23 20 
10 26 5 25 3 24 2 23 20 
10 27 5 26 3 25 2 24 20 
10 27 4 26 3 25 2 24 20 
10 26 5 25 3 24 2 23 20 
10 27 5 26 3 25 2 24 20 
11 27 5 26 3 25 2 24 20 
11 27 5 26 3 25 2 24 20 
10 27 5 26 3 25 2 24 20 
10 29 6 28 4 27 2 26 20 
10 27 5 26 3 25 2 24 20 
10 27 5 26 3 25 2 24 20 
SCORES_TXT_END_0
SCORES_TXT_BEGIN_0 15 69 9 BLEU
9 29 3 28 2 27 1 26 31 
7 29 3 28 2 27 1 26 31 
8 29 3 28 2 27 1 26 31 
9 29 3 28 2 27 1 26 31 
7 29 3 28 2 27 1 26 31 
9 28 3 27 2 26 1 25 31 
7 29 3 28 2 27 1 26 31 
9 30 3 29 2 28 1 27 31 
9 29 3 28 2 27 1 26 31 
9 30 3 29 2 28 1 27 31 
9 29 3 28 2 27 1 26 31 
7 29 3 28 2 27 1 26 31 
7 30 3 29 2 28 1 27 31 
9 29 3 28 2 27 1 26 31 
9 29 3 28 2 27 1 26 31 
7 28 3 27 2 26 1 25 31 
9 29 2 28 1 27 0 26 31 
7 29 3 28 2 27 1 26 31 
7 28 3 27 2 26 1 25 31 
7 29 3 28 2 27 1 26 31 
7 29 3 28 2 27 1 26 31 
9 30 3 29 2 28 1 27 31 
9 29 3 28 2 27 1 26 31 
7 28 3 27 2 26 1 25 31 
7 29 3 28 2 27 1 26 31 
9 28 3 27 2 26 1 25 31 
9 28 3 27 2 26 1 25 31 
7 28 3 27 2 26 1 25 31 
7 29 3 28 2 27 1 26 31 
9 29 3 28 2 27 1 26 31 
9 29 3 28 2 27 1 26 31 
7 30 3 29 2 28 1 27 31 
9 30 3 29 2 28 1 27 31 
7 29 3 28 2 27 1 26 31 
7 29 3 28 2 27 1 26 31 
7 29 3 28 2 27 1 26 31 
9 28 3 27 2 26 1 25 31 
9 29 3 28 2 27 1 26 31 
9 31 3 30 2 29 1 28 31 
9 29 2 28 1 27 0 26 31 
9 29 3 28 2 27 1 26 31 
7 29 3 28 2 27 1 26 31 
9 29 2 28 1 27 0 26 31 
7 28 3 27 2 26 1 25 31 
9 30 3 29 2 28 1 27 31 
7 31 3 30 2 29 1 28 31 
9 30 3 29 2 28 1 27 31 
9 28 3 27 2 26 1 25 31 
7 28 3 27 2 26 1 25 31 
9 30 2 29 1 28 0 27 31 
7 27 3 26 2 25 1 24 31 
9 28 3 27 2 26 1 25 31 
7 29 3 28 2 27 1 26 31 
7 30 3 29 2 28 1 27 31 
7 29 3 28 2 27 1 26 31 
9 29 3 28 2 27 1 26 31 
7 29 2 28 1 27 0 26 31 
7 30 3 29 2 28 1 27 31 
7 28 3 27 2 26 1 25 31 
7 29 3 28 2 27 1 26 31 
7 28 3 27 2 26 1 25 31 
9 29 3 28 2 27 1 26 31 
7 29 3 28 2 27 1 26 31 
7 28 3 27 2 26 1 25 31 
9 28 3 27 2 26 1 25 31 
7 29 3 28 2 27 1 26 31 
7 29 3 28 2 27 1 26 31 
9 28 3 27 2 26 1 25 31 
9 30 3 29 2 28 1 27 31 
SCORES_TXT_END_0
SCORES_TXT_BEGIN_0 16 100 9 BLEU
9 31 0 30 0 29 0 28 29 
9 31 0 30 0 29 0 28 29 
10 31 0 30 0 29 0 28 29 
9 30 0 29 0 28 0 27 29 
8 31 0 30 0 29 0 28 29 
10 31 0 30 0 29 0 28 29 
9 31 0 30 0 29 0 28 29 
9 31 0 30 0 29 0 28 29 
10 31 0 30 0 29 0 28 29 
9 31 0 30 0 29 0 28 29 
9 30 0 29 0 28 0 27 29 
8 31 0 30 0 29 0 28 29 
9 30 0 29 0 28 0 27 29 
8 31 0 30 0 29 0 28 29 
10 31 0 30 0 29 0 28 29 
9 31 0 30 0 29 0 28 29 
10 31 0 30 0 29 0 28 29 
9 31 0 30 0 29 0 28 29 
8 31 0 30 0 29 0 28 29 
8 30 0 29 0 28 0 27 29 
10 31 0 30 0 29 0 28 29 
10 31 0 30 0 29 0 28 29 
10 31 0 30 0 29 0 28 29 
8 32 0 31 0 30 0 29 29 
9 31 0 30 0 29 0 28 29 
9 30 0 29 0 28 0 27 29 
10 31 0 30 0 29 0 28 29 
9 31 0 30 0 29 0 28 29 
10 31 0 30 0 29 0 28 29 
7 31 0 30 0 29 0 28 29 
10 30 1 29 0 28 0 27 29 
8 31 0 30 0 29 0 28 29 
9 30 0 29 0 28 0 27 29 
9 31 0 30 0 29 0 28 29 
9 30 0 29 0 28 0 27 29 
8 30 0 29 0 28 0 27 29 
10 31 0 30 0 29 0 28 29 
10 31 0 30 0 29 0 28 29 
8 31 0 30 0 29 0 28 29 
8 31 0 30 0 29 0 28 29 
9 30 0 29 0 28 0 27 29 
9 32 0 31 0 30 0 29 29 
10 30 0 29 0 28 0 27 29 
9 31 0 30 0 29 0 28 29 
9 31 0 30 0 29 0 28 29 
10 31 0 30 0 29 0 28 29 
10 31 0 30 0 29 0 28 29 
9 31 0 30 0 29 0 28 29 
10 30 0 29 0 28 0 27 29 
9 31 0 30 0 29 0 28 29 
9 31 0 30 0 29 0 28 29 
8 30 0 29 0 28 0 27 29 
8 31 0 30 0 29 0 28 29 
9 29 0 28 0 27 0 26 29 
8 30 0 29 0 28 0 27 29 
10 31 0 30 0 29 0 28 29 
9 31 0 30 0 29 0 28 29 
8 31 0 30 0 29 0 28 29 
10 31 0 30 0 29 0 28 29 
8 31 0 30 0 29 0 28 29 
10 31 1 30 0 29 0 28 29 
10 31 0 30 0 29 0 28 29 
9 30 0 29 0 28 0 27 29 
7 31 0 30 0 29 0 28 29 
9 30 0 29 0 28 0 27 29 
9 30 0 29 0 28 0 27 29 
9 31 0 30 0 29 0 28 29 
8 30 0 29 0 28 0 27 29 
8 30 0 29 0 28 0 27 29 
9 31 0 30 0 29 0 28 29 
9 31 0 30 0 29 0 28 29 
9 31 0 30 0 29 0 28 29 
10 30 2 29 0 28 0 27 29 
10 31 0 30 0 29 0 28 29 
10 30 0 29 0 28 0 27 29 
9 31 0 30 0 29 0 28 29 
8 31 0 30 0 29 0 28 29 
10 32 0 31 0 30 0 29 29 
9 32 0 31 0 30 0 29 29 
7 31 0 30 0 29 0 28 29 
10 31 0 30 0 29 0 28 29 
8 31 0 30 0 29 0 28 29 
10 32 0 31 0 30 0 29 29 
8 31 0 30 0 29 0 28 29 
9 31 0 30 0 29 0 28 29 
8 31 0 30 0 29 0 28 29 
10 31 0 30 0 29 0 28 29 
9 31 0 30 0 29 0 28 29 
9 31 0 30 0 29 0 28 29 
10 31 0 30 0 29 0 28 29 
8 31 0 30 0 29 0 28 29 
9 31 0 30 0 29 0 28 29 
9 30 0 29 0 28 0 27 29 
10 30 1 29 0 28 0 27 29 
9 31 0 30 0 29 0 28 29 
9 30 0 29 0 28 0 27 29 
10 31 0 30 0 29 0 28 29 
9 30 0 29 0 28 0 27 29 
9 29 0 28 0 27 0 26 29 
9 30 1 29 0 28 0 27 29 
SCORES_TXT_END_0
SCORES_TXT_BEGIN_0 17 100 9 BLEU
4 32 0 31 0 30 0 29 12 
4 32 0 31 0 30 0 29 12 
4 32 0 31 0 30 0 29 12 
5 32 0 31 0 30 0 29 12 
4 32 0 31 0 30 0 29 12 
4 32 0 31 0 30 0 29 12 
5 32 0 31 0 30 0 29 12 
4 32 0 31 0 30 0 29 12 
4 31 0 30 0 29 0 28 12 
4 32 0 31 0 30 0 29 12 
4 32 0 31 0 30 0 29 12 
5 32 0 31 0 30 0 29 12 
5 32 0 31 0 30 0 29 12 
4 31 0 30 0 29 0 28 12 
4 31 0 30 0 29 0 28 12 
4 32 0 31 0 30 0 29 12 
5 32 0 31 0 30 0 29 12 
4 32 0 31 0 30 0 29 12 
4 31 0 30 0 29 0 28 12 
4 32 0 31 0 30 0 29 12 
5 32 0 31 0 30 0 29 12 
5 33 0 32 0 31 0 30 12 
4 32 0 31 0 30 0 29 12 
4 31 0 30 0 29 0 28 12 
5 32 0 31 0 30 0 29 12 
4 32 0 31 0 30 0 29 12 
4 31 0 30 0 29 0 28 12 
5 32 0 31 0 30 0 29 12 
4 32 0 31 0 30 0 29 12 
5 32 0 31 0 30 0 29 12 
5 33 0 32 0 31 0 30 12 
4 31 0 30 0 29 0 28 12 
4 32 1 31 0 30 0 29 12 
4 31 0 30 0 29 0 28 12 
5 33 0 32 0 31 0 30 12 
4 31 0 30 0 29 0 28 12 
4 32 1 31 0 30 0 29 12 
4 31 0 30 0 29 0 28 12 
4 32 0 31 0 30 0 29 12 
4 33 0 32 0 31 0 30 12 
5 31 0 30 0 29 0 28 12 
4 31 0 30 0 29 0 28 12 
5 32 0 31 0 30 0 29 12 
5 32 0 31 0 30 0 29 12 
4 32 0 31 0 30 0 29 12 
5 32 0 31 0 30 0 29 12 
5 33 0 32 0 31 0 30 12 
4 32 0 31 0 30 0 29 12 
4 31 0 30 0 29 0 28 12 
4 32 1 31 0 30 0 29 12 
4 32 0 31 0 30 0 29 12 
5 32 0 31 0 30 0 29 12 
4 32 0 31 0 30 0 29 12 
4 31 0 30 0 29 0 28 12 
4 31 0 30 0 29 0 28 12 
4 31 0 30 0 29 0 28 12 
4 33 0 32 0 31 0 30 12 
4 32 0 31 0 30 0 29 12 
5 32 0 31 0 30 0 29 12 
5 31 0 30 0 29 0 28 12 
4 32 1 31 0 30 0 29 12 
4 31 0 30 0 29 0 28 12 
4 32 1 31 0 30 0 29 12 
4 32 0 31 0 30 0 29 12 
5 32 0 31 0 30 0 29 12 
5 32 0 31 0 30 0 29 12 
4 32 0 31 0 30 0 29 12 
4 32 0 31 0 30 0 29 12 
5 32 0 31 0 30 0 29 12 
4 32 0 31 0 30 0 29 12 
4 31 0 30 0 29 0 28 12 
5 32 0 31 0 30 0 29 12 
4 33 0 32 0 31 0 30 12 
4 31 0 30 0 29 0 28 12 
4 32 0 31 0 30 0 29 12 
4 32 1 31 0 30 0 29 12 
4 31 0 30 0 29 0 28 12 
4 32 0 31 0 30 0 29 12 
4 31 0 30 0 29 0 28 12 
5 32 1 31 0 30 0 29 12 
5 32 0 31 0 30 0 29 12 
5 32 0 31 0 30 0 29 12 
5 33 0 32 0 31 0 30 12 
4 31 0 30 0 29 0 28 12 
4 32 0 31 0 30 0 29 12 
4 32 0 31 0 30 0 29 12 
4 32 0 31 0 30 0 29 12 
4 33 0 32 0 31 0 30 12 
4 32 0 31 0 30 0 29 12 
4 32 1 31 0 30 0 29 12 
4 31 0 30 0 29 0 28 12 
5 31 0 30 0 29 0 28 12 
4 32 0 31 0 30 0 29 12 
5 32 1 31 0 30 0 29 12 
4 32 1 31 0 30 0 29 12 
4 31 0 30 0 29 0 28 12 
5 32 0 31 0 30 0 29 12 
4 32 0 31 0 30 0 29 12 
4 31 0 30 0 29 0 28 12 
4 32 0 31 0 30 0 29 12 
SCORES_TXT_END_0
SCORES_TXT_BEGIN_0 18 46 9 BLEU
12 59 4 58 2 57 1 56 32 
12 60 4 59 2 58 1 57 32 
12 59 4 58 2 57 1 56 32 
12 60 4 59 2 58 1 57 32 
12 56 4 55 2 54 1 53 32 
12 59 4 58 2 57 1 56 32 
12 60 4 59 2 58 1 57 32 
12 58 4 57 2 56 1 55 32 
12 59 4 58 2 57 1 56 32 
12 57 4 56 2 55 1 54 32 
12 60 4 59 2 58 1 57 32 
12 61 4 60 2 59 1 58 32 
12 59 4 58 2 57 1 56 32 
12 59 4 58 2 57 1 56 32 
12 59 4 58 2 57 1 56 32 
12 60 4 59 2 58 1 57 32 
12 60 4 59 2 58 1 57 32 
12 60 4 59 2 58 1 57 32 
12 60 4 59 2 58 1 57 32 
12 55 4 54 2 53 1 52 32 
13 58 5 57 2 56 1 55 32 
12 60 4 59 2 58 1 57 32 
12 61 4 60 2 59 1 58 32 
12 58 4 57 2 56 1 55 32 
12 61 4 60 2 59 1 58 32 
12 61 4 60 2 59 1 58 32 
13 59 5 58 2 57 1 56 32 
12 58 4 57 2 56 1 55 32 
12 57 4 56 2 55 1 54 32 
12 59 4 58 2 57 1 56 32 
12 58 4 57 2 56 1 55 32 
13 59 4 58 2 57 1 56 32 
12 56 4 55 2 54 1 53 32 
12 59 4 58 2 57 1 56 32 
12 60 4 59 2 58 1 57 32 
12 58 4 57 2 56 1 55 32 
12 58 4 57 2 56 1 55 32 
12 58 4 57 2 56 1 55 32 
12 59 4 58 2 57 1 56 32 
13 60 4 59 2 58 1 57 32 
12 59 4 58 2 57 1 56 32 
12 57 4 56 2 55 1 54 32 
12 60 4 59 2 58 1 57 32 
12 61 4 60 2 59 1 58 32 
12 59 4 58 2 57 1 56 32 
12 59 4 58 2 57 1 56 32 
SCORES_TXT_END_0
SCORES_TXT_BEGIN_0 19 82 9 BLEU
12 37 1 36 0 35 0 34 25 
12 36 2 35 0 34 0 33 25 
12 37 1 36 0 35 0 34 25 
12 34 1 33 0 32 0 31 25 
12 37 1 36 0 35 0 34 25 
12 37 1 36 0 35 0 34 25 
12 36 2 35 0 34 0 33 25 
12 37 1 36 0 35 0 34 25 
12 35 1 34 0 33 0 32 25 
12 37 2 36 0 35 0 34 25 
12 34 1 33 0 32 0 31 25 
11 37 1 36 0 35 0 34 25 
12 38 2 37 0 36 0 35 25 
12 36 1 35 0 34 0 33 25 
12 34 1 33 0 32 0 31 25 
12 35 2 34 0 33 0 32 25 
11 37 1 36 0 35 0 34 25 
12 37 2 36 0 35 0 34 25 
11 38 1 37 0 36 0 35 25 
11 37 1 36 0 35 0 34 25 
12 36 2 35 0 34 0 33 25 
13 34 1 33 0 32 0 31 25 
12 36 1 35 0 34 0 33 25 
12 35 1 34 0 33 0 32 25 
12 36 1 35 0 34 0 33 25 
12 36 2 35 0 34 0 33 25 
12 35 1 34 0 33 0 32 25 
11 38 1 37 0 36 0 35 25 
12 34 2 33 0 32 0 31 25 
12 37 1 36 0 35 0 34 25 
12 34 1 33 0 32 0 31 25 
12 37 2 36 0 35 0 34 25 
12 35 2 34 0 33 0 32 25 
12 35 2 34 0 33 0 32 25 
12 37 1 36 0 35 0 34 25 
11 36 2 35 0 34 0 33 25 
12 38 1 37 0 36 0 35 25 
12 35 2 34 0 33 0 32 25 
12 34 1 33 0 32 0 31 25 
12 35 1 34 0 33 0 32 25 
12 35 2 34 0 33 0 32 25 
12 35 2 34 0 33 0 32 25 
11 36 2 35 0 34 0 33 25 
12 37 2 36 0 35 0 34 25 
12 35 2 34 0 33 0 32 25 
11 37 1 36 0 35 0 34 25 
11 34 1 33 0 32 0 31 25 
13 34 1 33 0 32 0 31 25 
12 38 2 37 0 36 0 35 25 
11 37 1 36 0 35 0 34 25 
12 36 2 35 0 34 0 33 25 
12 36 1 35 0 34 0 33 25 
12 33 1 32 0 31 0 30 25 
12 37 1 36 0 35 0 34 25 
11 37 1 36 0 35 0 34 25 
12 35 1 34 0 33 0 32 25 
11 36 2 35 0 34 0 33 25 
12 37 2 36 0 35 0 34 25 
10 35 1 34 0 33 0 32 25 
12 36 1 35 0 34 0 33 25 
12 35 1 34 0 33 0 32 25 
12 34 1 33 0 32 0 31 25 
12 38 0 37 0 36 0 35 25 
12 38 2 37 0 36 0 35 25 
12 38 2 37 0 36 0 35 25 
12 36 1 35 0 34 0 33 25 
12 34 1 33 0 32 0 31 25 
11 37 1 36 0 35 0 34 25 
11 34 1 33 0 32 0 31 25 
11 36 1 35 0 34 0 33 25 
12 36 1 35 0 34 0 33 25 
12 35 2 34 0 33 0 32 25 
11 37 1 36 0 35 0 34 25 
13 35 2 34 0 33 0 32 25 
12 35 2 34 0 33 0 32 25 
12 35 1 34 0 33 0 32 25 
12 38 2 37 0 36 0 35 25 
12 36 1 35 0 34 0 33 25 
11 37 1 36 0 35 0 34 25 
11 37 1 36 0 35 0 34 25 
12 36 2 35 0 34 0 33 25 
11 34 1 33 0 32 0 31 25 
SCORES_TXT_END_0
SCORES_TXT_BEGIN_0 20 98 9 BLEU
5 43 0 42 0 41 0 40 31 
4 42 0 41 0 40 0 39 31 
4 42 0 41 0 40 0 39 31 
5 43 0 42 0 41 0 40 31 
4 42 0 41 0 40 0 39 31 
4 42 0 41 0 40 0 39 31 
5 43 0 42 0 41 0 40 31 
4 43 0 42 0 41 0 40 31 
5 43 0 42 0 41 0 40 31 
5 43 0 42 0 41 0 40 31 
4 43 0 42 0 41 0 40 31 
6 43 0 42 0 41 0 40 31 
5 42 0 41 0 40 0 39 31 
5 42 0 41 0 40 0 39 31 
4 42 0 41 0 40 0 39 31 
5 43 0 42 0 41 0 40 31 
5 44 0 43 0 42 0 41 31 
5 43 0 42 0 41 0 40 31 
4 43 0 42 0 41 0 40 31 
4 43 0 42 0 41 0 40 31 
6 43 0 42 0 41 0 40 31 
5 42 0 41 0 40 0 39 31 
5 42 0 41 0 40 0 39 31 
4 42 0 41 0 40 0 39 31 
6 43 0 42 0 41 0 40 31 
5 43 0 42 0 41 0 40 31 
5 44 0 43 0 42 0 41 31 
5 40 0 39 0 38 0 37 31 
4 42 0 41 0 40 0 39 31 
4 43 0 42 0 41 0 40 31 
5 43 0 42 0 41 0 40 31 
4 42 0 41 0 40 0 39 31 
4 43 0 42 0 41 0 40 31 
4 39 0 38 0 37 0 36 31 
4 39 0 38 0 37 0 36 31 
4 42 0 41 0 40 0 39 31 
5 43 0 42 0 41 0 40 31 
4 42 0 41 0 40 0 39 31 
5 44 0 43 0 42 0 41 31 
4 43 0 42 0 41 0 40 31 
4 43 0 42 0 41 0 40 31 
4 43 0 42 0 41 0 40 31 
4 43 0 42 0 41 0 40 31 
5 42 0 41 0 40 0 39 31 
5 43 0 42 0 41 0 40 31 
5 44 0 43 0 42 0 41 31 
6 43 0 42 0 41 0 40 31 
7 42 0 41 0 40 0 39 31 
5 43 0 42 0 41 0 40 31 
5 44 0 43 0 42 0 41 31 
6 41 0 40 0 39 0 38 31 
5 40 0 39 0 38 0 37 31 
4 42 0 41 0 40 0 39 31 
4 43 0 42 0 41 0 40 31 
6 41 0 40 0 39 0 38 31 
4 44 0 43 0 42 0 41 31 
4 42 0 41 0 40 0 39 31 
4 43 0 42 0 41 0 40 31 
4 39 0 38 0 37 0 36 31 
6 43 0 42 0 41 0 40 31 
4 39 0 38 0 37 0 36 31 
5 43 0 42 0 41 0 40 31 
4 42 0 41 0 40 0 39 31 
5 44 0 43 0 42 0 41 31 
6 45 0 44 0 43 0 42 31 
5 43 0 42 0 41 0 40 31 
5 40 0 39 0 38 0 37 31 
4 43 0 42 0 41 0 40 31 
4 42 0 41 0 40 0 39 31 
4 43 0 42 0 41 0 40 31 
5 42 0 41 0 40 0 39 31 
4 43 0 42 0 41 0 40 31 
4 43 0 42 0 41 0 40 31 
4 43 0 42 0 41 0 40 31 
4 44 0 43 0 42 0 41 31 
5 43 0 42 0 41 0 40 31 
5 42 0 41 0 40 0 39 31 
7 42 0 41 0 40 0 39 31 
4 40 0 39 0 38 0 37 31 
5 44 0 43 0 42 0 41 31 
5 44 0 43 0 42 0 41 31 
5 44 0 43 0 42 0 41 31 
6 43 0 42 0 41 0 40 31 
4 43 0 42 0 41 0 40 31 
4 43 0 42 0 41 0 40 31 
4 43 0 42 0 41 0 40 31 
7 42 0 41 0 40 0 39 31 
5 43 0 42 0 41 0 40 31 
5 44 0 43 0 42 0 41 31 
3 42 0 41 0 40 0 39 31 
6 41 0 40 0 39 0 38 31 
3 42 0 41 0 40 0 39 31 
4 42 0 41 0 40 0 39 31 
6 41 0 40 0 39 0 38 31 
4 44 0 43 0 42 0 41 31 
4 42 0 41 0 40 0 39 31 
6 44 0 43 0 42 0 41 31 
6 43 0 42 0 41 0 40 31 
SCORES_TXT_END_0
SCORES_TXT_BEGIN_0 21 100 9 BLEU
3 16 1 15 0 14 0 13 8 
3 17 1 16 0 15 0 14 8 
3 17 1 16 0 15 0 14 8 
3 17 1 16 0 15 0 14 8 
3 16 1 15 0 14 0 13 8 
3 18 1 17 0 16 0 15 8 
3 16 1 15 0 14 0 13 8 
3 18 1 17 0 16 0 15 8 
3 17 1 16 0 15 0 14 8 
3 16 1 15 0 14 0 13 8 
3 17 1 16 0 15 0 14 8 
3 17 1 16 0 15 0 14 8 
3 17 1 16 0 15 0 14 8 
3 16 1 15 0 14 0 13 8 
3 16 1 15 0 14 0 13 8 
3 16 1 15 0 14 0 13 8 
3 18 1 17 0 16 0 15 8 
3 17 1 16 0 15 0 14 8 
3 16 1 15 0 14 0 13 8 
3 18 1 17 0 16 0 15 8 
3 17 1 16 0 15 0 14 8 
3 17 1 16 0 15 0 14 8 
3 17 1 16 0 15 0 14 8 
3 16 1 15 0 14 0 13 8 
3 17 1 16 0 15 0 14 8 
3 15 1 14 0 13 0 12 8 
3 17 1 16 0 15 0 14 8 
3 17 1 16 0 15 0 14 8 
3 15 1 14 0 13 0 12 8 
3 16 1 15 0 14 0 13 8 
3 16 1 15 0 14 0 13 8 
3 16 1 15 0 14 0 13 8 
3 17 1 16 0 15 0 14 8 
3 17 1 16 0 15 0 14 8 
2 15 0 14 0 13 0 12 8 
3 16 1 15 0 14 0 13 8 
3 16 1 15 0 14 0 13 8 
3 17 1 16 0 15 0 14 8 
3 16 1 15 0 14 0 13 8 
3 16 1 15 0 14 0 13 8 
3 16 1 15 0 14 0 13 8 
3 18 1 17 0 16 0 15 8 
3 16 1 15 0 14 0 13 8 
3 16 1 15 0 14 0 13 8 
3 18 1 17 0 16 0 15 8 
3 16 1 15 0 14 0 13 8 
2 15 0 14 0 13 0 12 8 
3 16 1 15 0 14 0 13 8 
3 17 1 16 0 15 0 14 8 
3 17 1 16 0 15 0 14 8 
2 16 0 15 0 14 0 13 8 
3 17 1 16 0 15 0 14 8 
3 17 1 16 0 15 0 14 8 
3 17 1 16 0 15 0 14 8 
3 16 1 15 0 14 0 13 8 
3 15 1 14 0 13 0 12 8 
2 16 0 15 0 14 0 13 8 
3 16 1 15 0 14 0 13 8 
3 17 1 16 0 15 0 14 8 
3 17 1 16 0 15 0 14 8 
3 15 1 14 0 13 0 12 8 
3 17 1 16 0 15 0 14 8 
2 16 0 15 0 14 0 13 8 
3 16 1 15 0 14 0 13 8 
3 17 1 16 0 15 0 14 8 
3 16 1 15 0 14 0 13 8 
3 15 1 14 0 13 0 12 8 
3 15 1 14 0 13 0 12 8 
3 16 1 15 0 14 0 13 8 
3 15 1 14 0 13 0 12 8 
3 17 1 16 0 15 0 14 8 
3 17 1 16 0 15 0 14 8 
3 17 1 16 0 15 0 14 8 
3 17 1 16 0 15 0 14 8 
3 17 1 16 0 15 0 14 8 
3 17 1 16 0 15 0 14 8 
2 16 0 15 0 14 0 13 8 
3 15 1 14 0 13 0 12 8 
3 17 1 16 0 15 0 14 8 
3 17 1 16 0 15 0 14 8 
3 15 1 14 0 13 0 12 8 
3 16 1 15 0 14 0 13 8 
3 15 1 14 0 13 0 12 8 
3 18 1 17 0 16 0 15 8 
3 17 1 16 0 15 0 14 8 
3 16 1 15 0 14 0 13 8 
2 16 0 15 0 14 0 13 8 
3 16 1 15 0 14 0 13 8 
3 17 1 16 0 15 0 14 8 
3 17 1 16 0 15 0 14 8 
3 15 1 14 0 13 0 12 8 
3 17 1 16 0 15 0 14 8 
3 15 1 14 0 13 0 12 8 
3 16 1 15 0 14 0 13 8 
3 17 1 16 0 15 0 14 8 
2 17 0 16 0 15 0 14 8 
3 16 1 15 0 14 0 13 8 
3 15 1 14 0 13 0 12 8 
3 16 1 15 0 14 0 13 8 
3 18 1 17 0 16 0 15 8 
SCORES_TXT_END_0
SCORES_TXT_BEGIN_0 22 100 9 BLEU
7 28 1 27 0 26 0 25 22 
7 28 1 27 0 26 0 25 22 
7 28 1 27 0 26 0 25 22 
7 28 1 27 0 26 0 25 22 
9 25 2 24 0 23 0 22 22 
9 25 2 24 0 23 0 22 22 
9 25 2 24 0 23 0 22 22 
7 29 1 28 0 27 0 26 22 
9 25 2 24 0 23 0 22 22 
7 29 1 28 0 27 0 26 22 
8 28 2 27 0 26 0 25 22 
8 28 2 27 0 26 0 25 22 
7 27 1 26 0 25 0 24 22 
7 27 1 26 0 25 0 24 22 
8 27 2 26 0 25 0 24 22 
8 27 2 26 0 25 0 24 22 
7 29 1 28 0 27 0 26 22 
7 29 1 28 0 27 0 26 22 
8 28 2 27 0 26 0 25 22 
8 28 2 27 0 26 0 25 22 
7 27 1 26 0 25 0 24 22 
7 27 1 26 0 25 0 24 22 
8 27 2 26 0 25 0 24 22 
8 27 2 26 0 25 0 24 22 
8 27 1 26 0 25 0 24 22 
8 27 1 26 0 25 0 24 22 
7 29 1 28 0 27 0 26 22 
7 29 1 28 0 27 0 26 22 
7 28 1 27 0 26 0 25 22 
7 28 1 27 0 26 0 25 22 
7 28 1 27 0 26 0 25 22 
7 29 1 28 0 27 0 26 22 
7 29 1 28 0 27 0 26 22 
8 27 1 26 0 25 0 24 22 
8 27 1 26 0 25 0 24 22 
8 30 1 29 0 28 0 27 22 
7 28 1 27 0 26 0 25 22 
7 28 1 27 0 26 0 25 22 
7 28 1 27 0 26 0 25 22 
9 26 2 25 0 24 0 23 22 
7 28 1 27 0 26 0 25 22 
9 26 2 25 0 24 0 23 22 
7 29 1 28 0 27 0 26 22 
7 29 1 28 0 27 0 26 22 
9 25 2 24 0 23 0 22 22 
9 25 2 24 0 23 0 22 22 
9 25 2 24 0 23 0 22 22 
6 27 1 26 0 25 0 24 22 
8 27 2 26 0 25 0 24 22 
9 27 2 26 0 25 0 24 22 
8 27 2 26 0 25 0 24 22 
9 27 2 26 0 25 0 24 22 
7 28 1 27 0 26 0 25 22 
7 30 1 29 0 28 0 27 22 
7 30 1 29 0 28 0 27 22 
9 30 2 29 0 28 0 27 22 
9 30 2 29 0 28 0 27 22 
7 26 1 25 0 24 0 23 22 
10 27 2 26 0 25 0 24 22 
7 26 1 25 0 24 0 23 22 
9 25 2 24 0 23 0 22 22 
9 25 2 24 0 23 0 22 22 
7 29 1 28 0 27 0 26 22 
7 29 1 28 0 27 0 26 22 
9 25 2 24 0 23 0 22 22 
8 29 2 28 0 27 0 26 22 
7 29 1 28 0 27 0 26 22 
9 25 2 24 0 23 0 22 22 
8 29 2 28 0 27 0 26 22 
7 28 1 27 0 26 0 25 22 
6 27 1 26 0 25 0 24 22 
7 30 1 29 0 28 0 27 22 
7 28 1 27 0 26 0 25 22 
7 30 1 29 0 28 0 27 22 
8 28 2 27 0 26 0 25 22 
8 28 2 27 0 26 0 25 22 
8 28 2 27 0 26 0 25 22 
6 27 1 26 0 25 0 24 22 
8 28 2 27 0 26 0 25 22 
10 29 3 28 1 27 0 26 22 
8 28 2 27 0 26 0 25 22 
8 30 1 29 0 28 0 27 22 
7 27 1 26 0 25 0 24 22 
7 27 1 26 0 25 0 24 22 
10 29 3 28 1 27 0 26 22 
8 27 2 26 0 25 0 24 22 
9 27 2 26 0 25 0 24 22 
7 27 1 26 0 25 0 24 22 
8 27 2 26 0 25 0 24 22 
9 27 2 26 0 25 0 24 22 
7 29 1 28 0 27 0 26 22 
7 27 1 26 0 25 0 24 22 
8 27 2 26 0 25 0 24 22 
8 27 2 26 0 25 0 24 22 
7 29 1 28 0 27 0 26 22 
10 31 2 30 0 29 0 28 22 
7 27 1 26 0 25 0 24 22 
8 27 2 26 0 25 0 24 22 
8 24 2 23 0 22 0 21 22 
7 26 1 25 0 24 0 23 22 
SCORES_TXT_END_0
SCORES_TXT_BEGIN_0 23 44 9 BLEU
6 49 1 48 0 47 0 46 20 
5 49 0 48 0 47 0 46 20 
6 49 0 48 0 47 0 46 20 
6 48 1 47 0 46 0 45 20 
6 49 1 48 0 47 0 46 20 
5 49 0 48 0 47 0 46 20 
6 49 1 48 0 47 0 46 20 
6 48 0 47 0 46 0 45 20 
5 48 0 47 0 46 0 45 20 
6 49 1 48 0 47 0 46 20 
5 50 0 49 0 48 0 47 20 
5 48 0 47 0 46 0 45 20 
6 48 1 47 0 46 0 45 20 
5 48 0 47 0 46 0 45 20 
6 48 1 47 0 46 0 45 20 
6 48 1 47 0 46 0 45 20 
6 48 1 47 0 46 0 45 20 
6 49 1 48 0 47 0 46 20 
6 49 0 48 0 47 0 46 20 
6 48 1 47 0 46 0 45 20 
6 47 1 46 0 45 0 44 20 
5 48 0 47 0 46 0 45 20 
5 49 0 48 0 47 0 46 20 
5 48 0 47 0 46 0 45 20 
6 48 1 47 0 46 0 45 20 
6 48 0 47 0 46 0 45 20 
6 48 1 47 0 46 0 45 20 
6 49 0 48 0 47 0 46 20 
6 48 1 47 0 46 0 45 20 
6 49 1 48 0 47 0 46 20 
6 48 0 47 0 46 0 45 20 
6 48 1 47 0 46 0 45 20 
5 48 0 47 0 46 0 45 20 
6 50 1 49 0 48 0 47 20 
6 48 1 47 0 46 0 45 20 
5 48 0 47 0 46 0 45 20 
5 48 0 47 0 46 0 45 20 
6 48 1 47 0 46 0 45 20 
6 47 0 46 0 45 0 44 20 
5 47 0 46 0 45 0 44 20 
6 48 1 47 0 46 0 45 20 
6 48 1 47 0 46 0 45 20 
5 48 0 47 0 46 0 45 20 
6 48 0 47 0 46 0 45 20 
SCORES_TXT_END_0
SCORES_TXT_BEGIN_0 24 81 9 BLEU
7 48 2 47 0 46 0 45 16 
7 46 2 45 0 44 0 43 16 
7 49 2 48 0 47 0 46 16 
7 48 2 47 0 46 0 45 16 
7 49 2 48 0 47 0 46 16 
7 45 2 44 0 43 0 42 16 
7 47 2 46 0 45 0 44 16 
7 47 2 46 0 45 0 44 16 
7 46 2 45 0 44 0 43 16 
7 47 1 46 0 45 0 44 16 
7 48 2 47 0 46 0 45 16 
7 45 1 44 0 43 0 42 16 
7 48 1 47 0 46 0 45 16 
7 49 2 48 0 47 0 46 16 
7 47 2 46 0 45 0 44 16 
7 45 2 44 0 43 0 42 16 
7 48 2 47 0 46 0 45 16 
7 47 1 46 0 45 0 44 16 
7 48 1 47 0 46 0 45 16 
7 44 1 43 0 42 0 41 16 
7 45 2 44 0 43 0 42 16 
7 46 1 45 0 44 0 43 16 
7 46 1 45 0 44 0 43 16 
7 47 2 46 0 45 0 44 16 
7 48 2 47 0 46 0 45 16 
7 44 2 43 0 42 0 41 16 
7 46 2 45 0 44 0 43 16 
7 47 2 46 0 45 0 44 16 
7 46 2 45 0 44 0 43 16 
7 46 2 45 0 44 0 43 16 
7 45 1 44 0 43 0 42 16 
7 45 2 44 0 43 0 42 16 
7 47 1 46 0 45 0 44 16 
7 48 2 47 0 46 0 45 16 
7 46 2 45 0 44 0 43 16 
7 47 2 46 0 45 0 44 16 
7 48 1 47 0 46 0 45 16 
7 49 2 48 0 47 0 46 16 
7 45 2 44 0 43 0 42 16 
7 48 2 47 0 46 0 45 16 
7 45 2 44 0 43 0 42 16 
7 46 2 45 0 44 0 43 16 
7 46 1 45 0 44 0 43 16 
7 47 2 46 0 45 0 44 16 
6 44 1 43 0 42 0 41 16 
7 48 2 47 0 46 0 45 16 
7 47 1 46 0 45 0 44 16 
7 48 2 47 0 46 0 45 16 
7 46 2 45 0 44 0 43 16 
7 48 2 47 0 46 0 45 16 
7 48 2 47 0 46 0 45 16 
7 49 2 48 0 47 0 46 16 
7 46 2 45 0 44 0 43 16 
7 49 2 48 0 47 0 46 16 
7 48 2 47 0 46 0 45 16 
7 48 2 47 0 46 0 45 16 
7 47 2 46 0 45 0 44 16 
7 49 2 48 0 47 0 46 16 
7 44 1 43 0 42 0 41 16 
7 48 2 47 0 46 0 45 16 
7 44 2 43 0 42 0 41 16 
7 47 2 46 0 45 0 44 16 
7 46 2 45 0 44 0 43 16 
7 46 1 45 0 44 0 43 16 
7 46 2 45 0 44 0 43 16 
7 47 2 46 0 45 0 44 16 
7 48 2 47 0 46 0 45 16 
7 47 1 46 0 45 0 44 16 
6 43 1 42 0 41 0 40 16 
7 47 2 46 0 45 0 44 16 
7 44 2 43 0 42 0 41 16 
7 49 2 48 0 47 0 46 16 
7 45 2 44 0 43 0 42 16 
7 45 2 44 0 43 0 42 16 
7 45 1 44 0 43 0 42 16 
7 48 2 47 0 46 0 45 16 
7 46 1 45 0 44 0 43 16 
7 47 2 46 0 45 0 44 16 
7 45 1 44 0 43 0 42 16 
7 46 2 45 0 44 0 43 16 
7 48 2 47 0 46 0 45 16 
SCORES_TXT_END_0
SCORES_TXT_BEGIN_0 25 100 9 BLEU
5 50 1 49 0 48 0 47 16 
5 50 1 49 0 48 0 47 16 
5 48 1 47 0 46 0 45 16 
5 51 1 50 0 49 0 48 16 
5 48 1 47 0 46 0 45 16 
5 48 1 47 0 46 0 45 16 
5 48 1 47 0 46 0 45 16 
5 50 1 49 0 48 0 47 16 
5 51 1 50 0 49 0 48 16 
5 46 1 45 0 44 0 43 16 
5 50 1 49 0 48 0 47 16 
5 51 1 50 0 49 0 48 16 
5 49 1 48 0 47 0 46 16 
5 50 1 49 0 48 0 47 16 
5 49 1 48 0 47 0 46 16 
5 46 1 45 0 44 0 43 16 
5 49 1 48 0 47 0 46 16 
5 50 1 49 0 48 0 47 16 
5 48 1 47 0 46 0 45 16 
5 51 1 50 0 49 0 48 16 
5 51 1 50 0 49 0 48 16 
5 48 1 47 0 46 0 45 16 
5 48 1 47 0 46 0 45 16 
5 49 1 48 0 47 0 46 16 
5 50 1 49 0 48 0 47 16 
5 50 1 49 0 48 0 47 16 
5 50 1 49 0 48 0 47 16 
5 48 1 47 0 46 0 45 16 
5 49 1 48 0 47 0 46 16 
5 50 1 49 0 48 0 47 16 
5 50 1 49 0 48 0 47 16 
5 47 1 46 0 45 0 44 16 
5 48 1 47 0 46 0 45 16 
5 50 1 49 0 48 0 47 16 
5 47 1 46 0 45 0 44 16 
5 48 1 47 0 46 0 45 16 
5 50 1 49 0 48 0 47 16 
5 48 1 47 0 46 0 45 16 
5 51 1 50 0 49 0 48 16 
5 49 1 48 0 47 0 46 16 
5 49 1 48 0 47 0 46 16 
5 46 1 45 0 44 0 43 16 
5 48 1 47 0 46 0 45 16 
5 50 1 49 0 48 0 47 16 
4 50 0 49 0 48 0 47 16 
5 48 1 47 0 46 0 45 16 
5 51 1 50 0 49 0 48 16 
5 48 1 47 0 46 0 45 16 
5 49 1 48 0 47 0 46 16 
5 49 1 48 0 47 0 46 16 
5 50 1 49 0 48 0 47 16 
5 49 1 48 0 47 0 46 16 
5 49 1 48 0 47 0 46 16 
5 48 1 47 0 46 0 45 16 
5 51 1 50 0 49 0 48 16 
5 48 1 47 0 46 0 45 16 
5 51 1 50 0 49 0 48 16 
5 51 1 50 0 49 0 48 16 
5 49 1 48 0 47 0 46 16 
5 51 1 50 0 49 0 48 16 
5 46 1 45 0 44 0 43 16 
5 51 1 50 0 49 0 48 16 
5 48 1 47 0 46 0 45 16 
5 48 1 47 0 46 0 45 16 
4 50 0 49 0 48 0 47 16 
5 50 1 49 0 48 0 47 16 
5 48 1 47 0 46 0 45 16 
5 48 1 47 0 46 0 45 16 
5 48 1 47 0 46 0 45 16 
5 49 1 48 0 47 0 46 16 
5 50 1 49 0 48 0 47 16 
5 48 1 47 0 46 0 45 16 
5 48 1 47 0 46 0 45 16 
5 51 1 50 0 49 0 48 16 
5 48 1 47 0 46 0 45 16 
5 49 1 48 0 47 0 46 16 
5 50 1 49 0 48 0 47 16 
5 48 1 47 0 46 0 45 16 
5 51 1 50 0 49 0 48 16 
5 48 1 47 0 46 0 45 16 
5 48 1 47 0 46 0 45 16 
5 48 1 47 0 46 0 45 16 
5 48 1 47 0 46 0 45 16 
5 51 1 50 0 49 0 48 16 
5 49 1 48 0 47 0 46 16 
5 50 1 49 0 48 0 47 16 
5 51 1 50 0 49 0 48 16 
5 49 1 48 0 47 0 46 16 
5 48 1 47 0 46 0 45 16 
5 48 1 47 0 46 0 45 16 
5 46 1 45 0 44 0 43 16 
5 48 1 47 0 46 0 45 16 
5 51 1 50 0 49 0 48 16 
5 48 1 47 0 46 0 45 16 
5 49 1 48 0 47 0 46 16 
4 48 0 47 0 46 0 45 16 
5 50 1 49 0 48 0 47 16 
5 47 1 46 0 45 0 44 16 
4 48 0 47 0 46 0 45 16 
5 50 1 49 0 48 0 47 16 
SCORES_TXT_END_0
SCORES_TXT_BEGIN_0 26 100 9 BLEU
3 41 0 40 0 39 0 38 10 
3 42 0 41 0 40 0 39 10 
3 42 0 41 0 40 0 39 10 
3 43 0 42 0 41 0 40 10 
3 41 0 40 0 39 0 38 10 
3 41 0 40 0 39 0 38 10 
3 41 0 40 0 39 0 38 10 
3 44 0 43 0 42 0 41 10 
3 40 0 39 0 38 0 37 10 
3 44 0 43 0 42 0 41 10 
3 40 0 39 0 38 0 37 10 
3 42 0 41 0 40 0 39 10 
3 41 0 40 0 39 0 38 10 
3 43 0 42 0 41 0 40 10 
3 42 0 41 0 40 0 39 10 
3 41 0 40 0 39 0 38 10 
3 43 0 42 0 41 0 40 10 
3 43 0 42 0 41 0 40 10 
3 41 0 40 0 39 0 38 10 
3 43 0 42 0 41 0 40 10 
3 41 0 40 0 39 0 38 10 
3 42 0 41 0 40 0 39 10 
3 41 0 40 0 39 0 38 10 
3 42 0 41 0 40 0 39 10 
3 41 0 40 0 39 0 38 10 
3 40 0 39 0 38 0 37 10 
3 44 0 43 0 42 0 41 10 
3 43 0 42 0 41 0 40 10 
3 40 0 39 0 38 0 37 10 
3 42 0 41 0 40 0 39 10 
3 44 0 43 0 42 0 41 10 
3 40 0 39 0 38 0 37 10 
3 40 0 39 0 38 0 37 10 
3 43 0 42 0 41 0 40 10 
3 42 0 41 0 40 0 39 10 
3 41 0 40 0 39 0 38 10 
3 43 0 42 0 41 0 40 10 
3 39 0 38 0 37 0 36 10 
3 45 0 44 0 43 0 42 10 
3 39 0 38 0 37 0 36 10 
3 43 0 42 0 41 0 40 10 
3 41 0 40 0 39 0 38 10 
3 41 0 40 0 39 0 38 10 
3 40 0 39 0 38 0 37 10 
3 43 0 42 0 41 0 40 10 
3 40 0 39 0 38 0 37 10 
3 43 0 42 0 41 0 40 10 
3 42 0 41 0 40 0 39 10 
3 43 0 42 0 41 0 40 10 
3 39 0 38 0 37 0 36 10 
3 43 0 42 0 41 0 40 10 
3 39 0 38 0 37 0 36 10 
3 40 0 39 0 38 0 37 10 
3 42 0 41 0 40 0 39 10 
3 41 0 40 0 39 0 38 10 
3 42 0 41 0 40 0 39 10 
3 43 0 42 0 41 0 40 10 
3 43 0 42 0 41 0 40 10 
3 41 0 40 0 39 0 38 10 
3 44 0 43 0 42 0 41 10 
3 42 0 41 0 40 0 39 10 
3 42 0 41 0 40 0 39 10 
3 42 0 41 0 40 0 39 10 
3 41 0 40 0 39 0 38 10 
3 42 0 41 0 40 0 39 10 
3 42 0 41 0 40 0 39 10 
3 39 0 38 0 37 0 36 10 
3 42 0 41 0 40 0 39 10 
2 40 0 39 0 38 0 37 10 
3 44 0 43 0 42 0 41 10 
3 42 0 41 0 40 0 39 10 
3 43 0 42 0 41 0 40 10 
3 41 0 40 0 39 0 38 10 
3 41 0 40 0 39 0 38 10 
3 40 0 39 0 38 0 37 10 
3 42 0 41 0 40 0 39 10 
3 41 0 40 0 39 0 38 10 
3 42 0 41 0 40 0 39 10 
3 43 0 42 0 41 0 40 10 
3 43 0 42 0 41 0 40 10 
3 40 0 39 0 38 0 37 10 
3 42 0 41 0 40 0 39 10 
3 40 0 39 0 38 0 37 10 
3 42 0 41 0 40 0 39 10 
3 42 0 41 0 40 0 39 10 
3 41 0 40 0 39 0 38 10 
3 40 0 39 0 38 0 37 10 
3 40 0 39 0 38 0 37 10 
3 41 0 40 0 39 0 38 10 
3 40 0 39 0 38 0 37 10 
3 40 0 39 0 38 0 37 10 
3 42 0 41 0 40 0 39 10 
3 42 0 41 0 40 0 39 10 
3 42 0 41 0 40 0 39 10 
3 41 0 40 0 39 0 38 10 
3 41 0 40 0 39 0 38 10 
3 41 0 40 0 39 0 38 10 
3 41 0 40 0 39 0 38 10 
3 45 0 44 0 43 0 42 10 
3 41 0 40 0 39 0 38 10 
SCORES_TXT_END_0
SCORES_TXT_BEGIN_0 27 100 9 BLEU
8 27 2 26 0 25 0 24 26 
8 27 0 26 0 25 0 24 26 
8 26 2 25 0 24 0 23 26 
8 28 0 27 0 26 0 25 26 
8 26 0 25 0 24 0 23 26 
8 26 0 25 0 24 0 23 26 
8 26 2 25 0 24 0 23 26 
8 27 0 26 0 25 0 24 26 
8 28 0 27 0 26 0 25 26 
8 26 0 25 0 24 0 23 26 
9 27 2 26 0 25 0 24 26 
8 27 0 26 0 25 0 24 26 
9 27 2 26 0 25 0 24 26 
8 30 2 29 0 28 0 27 26 
9 26 2 25 0 24 0 23 26 
9 26 2 25 0 24 0 23 26 
9 26 2 25 0 24 0 23 26 
8 27 0 26 0 25 0 24 26 
9 28 2 27 0 26 0 25 26 
9 26 2 25 0 24 0 23 26 
8 30 0 29 0 28 0 27 26 
8 27 2 26 0 25 0 24 26 
8 27 2 26 0 25 0 24 26 
9 26 0 25 0 24 0 23 26 
8 29 2 28 0 27 0 26 26 
8 27 0 26 0 25 0 24 26 
8 28 2 27 0 26 0 25 26 
8 31 0 30 0 29 0 28 26 
8 29 0 28 0 27 0 26 26 
9 27 0 26 0 25 0 24 26 
9 26 2 25 0 24 0 23 26 
9 26 0 25 0 24 0 23 26 
8 27 0 26 0 25 0 24 26 
8 30 2 29 0 28 0 27 26 
9 26 2 25 0 24 0 23 26 
8 28 0 27 0 26 0 25 26 
9 27 2 26 0 25 0 24 26 
9 27 0 26 0 25 0 24 26 
8 27 2 26 0 25 0 24 26 
8 28 0 27 0 26 0 25 26 
9 28 2 27 0 26 0 25 26 
8 27 0 26 0 25 0 24 26 
8 29 0 28 0 27 0 26 26 
8 29 0 28 0 27 0 26 26 
8 27 0 26 0 25 0 24 26 
8 30 0 29 0 28 0 27 26 
9 26 2 25 0 24 0 23 26 
8 29 2 28 0 27 0 26 26 
8 29 2 28 0 27 0 26 26 
8 28 0 27 0 26 0 25 26 
8 27 2 26 0 25 0 24 26 
8 30 0 29 0 28 0 27 26 
8 27 0 26 0 25 0 24 26 
8 27 2 26 0 25 0 24 26 
8 31 0 30 0 29 0 28 26 
8 27 0 26 0 25 0 24 26 
8 29 0 28 0 27 0 26 26 
9 27 2 26 0 25 0 24 26 
8 31 0 30 0 29 0 28 26 
9 27 0 26 0 25 0 24 26 
8 27 2 26 0 25 0 24 26 
8 28 0 27 0 26 0 25 26 
8 29 0 28 0 27 0 26 26 
8 27 0 26 0 25 0 24 26 
8 27 0 26 0 25 0 24 26 
8 26 2 25 0 24 0 23 26 
8 26 2 25 0 24 0 23 26 
8 27 0 26 0 25 0 24 26 
9 30 2 29 0 28 0 27 26 
8 27 2 26 0 25 0 24 26 
8 30 0 29 0 28 0 27 26 
8 27 0 26 0 25 0 24 26 
10 26 2 25 0 24 0 23 26 
10 26 2 25 0 24 0 23 26 
9 27 2 26 0 25 0 24 26 
9 27 0 26 0 25 0 24 26 
8 28 0 27 0 26 0 25 26 
8 28 0 27 0 26 0 25 26 
7 27 2 26 0 25 0 24 26 
8 26 0 25 0 24 0 23 26 
8 28 0 27 0 26 0 25 26 
8 27 2 26 0 25 0 24 26 
8 27 0 26 0 25 0 24 26 
8 29 0 28 0 27 0 26 26 
8 28 0 27 0 26 0 25 26 
8 28 2 27 0 26 0 25 26 
8 27 0 26 0 25 0 24 26 
8 26 2 25 0 24 0 23 26 
8 29 0 28 0 27 0 26 26 
8 29 2 28 0 27 0 26 26 
9 30 2 29 0 28 0 27 26 
8 26 0 25 0 24 0 23 26 
8 28 0 27 0 26 0 25 26 
9 27 2 26 0 25 0 24 26 
8 30 0 29 0 28 0 27 26 
8 26 0 25 0 24 0 23 26 
8 28 0 27 0 26 0 25 26 
8 26 0 25 0 24 0 23 26 
8 27 0 26 0 25 0 24 26 
9 27 2 26 0 25 0 24 26 
SCORES_TXT_END_0
SCORES_TXT_BEGIN_0 28 72 9 BLEU
6 41 1 40 0 39 0 38 14 
6 41 1 40 0 39 0 38 14 
6 43 1 42 0 41 0 40 14 
6 42 1 41 0 40 0 39 14 
6 43 1 42 0 41 0 40 14 
6 40 1 39 0 38 0 37 14 
6 41 1 40 0 39 0 38 14 
6 42 1 41 0 40 0 39 14 
6 40 1 39 0 38 0 37 14 
6 42 1 41 0 40 0 39 14 
6 42 1 41 0 40 0 39 14 
6 40 1 39 0 38 0 37 14 
6 42 1 41 0 40 0 39 14 
6 43 1 42 0 41 0 40 14 
6 42 1 41 0 40 0 39 14 
6 42 1 41 0 40 0 39 14 
5 42 0 41 0 40 0 39 14 
6 40 1 39 0 38 0 37 14 
6 42 1 41 0 40 0 39 14 
6 40 1 39 0 38 0 37 14 
6 44 1 43 0 42 0 41 14 
6 41 1 40 0 39 0 38 14 
5 41 0 40 0 39 0 38 14 
6 42 1 41 0 40 0 39 14 
6 42 1 41 0 40 0 39 14 
6 42 1 41 0 40 0 39 14 
6 44 1 43 0 42 0 41 14 
5 42 0 41 0 40 0 39 14 
6 43 1 42 0 41 0 40 14 
6 44 1 43 0 42 0 41 14 
5 44 0 43 0 42 0 41 14 
5 43 1 42 0 41 0 40 14 
6 43 1 42 0 41 0 40 14 
6 42 1 41 0 40 0 39 14 
6 43 1 42 0 41 0 40 14 
6 41 1 40 0 39 0 38 14 
5 42 1 41 0 40 0 39 14 
6 41 1 40 0 39 0 38 14 
5 41 1 40 0 39 0 38 14 
6 42 1 41 0 40 0 39 14 
6 42 1 41 0 40 0 39 14 
6 42 1 41 0 40 0 39 14 
6 42 1 41 0 40 0 39 14 
6 43 1 42 0 41 0 40 14 
6 39 1 38 0 37 0 36 14 
6 42 1 41 0 40 0 39 14 
6 44 1 43 0 42 0 41 14 
6 40 1 39 0 38 0 37 14 
5 43 1 42 0 41 0 40 14 
6 42 1 41 0 40 0 39 14 
5 41 0 40 0 39 0 38 14 
6 42 1 41 0 40 0 39 14 
6 41 1 40 0 39 0 38 14 
6 43 1 42 0 41 0 40 14 
6 44 1 43 0 42 0 41 14 
6 43 1 42 0 41 0 40 14 
6 41 1 40 0 39 0 38 14 
6 40 1 39 0 38 0 37 14 
6 41 1 40 0 39 0 38 14 
5 43 0 42 0 41 0 40 14 
6 43 1 42 0 41 0 40 14 
6 43 1 42 0 41 0 40 14 
5 43 0 42 0 41 0 40 14 
6 44 1 43 0 42 0 41 14 
5 44 0 43 0 42 0 41 14 
5 43 1 42 0 41 0 40 14 
6 42 1 41 0 40 0 39 14 
6 43 1 42 0 41 0 40 14 
5 42 1 41 0 40 0 39 14 
6 40 1 39 0 38 0 37 14 
6 42 1 41 0 40 0 39 14 
6 42 1 41 0 40 0 39 14 
SCORES_TXT_END_0
SCORES_TXT_BEGIN_0 29 97 9 BLEU
12 68 0 67 0 66 0 65 30 
12 68 0 67 0 66 0 65 30 
11 67 0 66 0 65 0 64 30 
11 67 0 66 0 65 0 64 30 
11 67 0 66 0 65 0 64 30 
11 67 0 66 0 65 0 64 30 
12 68 0 67 0 66 0 65 30 
12 68 0 67 0 66 0 65 30 
12 68 0 67 0 66 0 65 30 
12 68 0 67 0 66 0 65 30 
11 66 0 65 0 64 0 63 30 
12 68 0 67 0 66 0 65 30 
12 68 0 67 0 66 0 65 30 
11 66 0 65 0 64 0 63 30 
11 66 0 65 0 64 0 63 30 
11 68 0 67 0 66 0 65 30 
12 69 0 68 0 67 0 66 30 
11 66 0 65 0 64 0 63 30 
11 68 0 67 0 66 0 65 30 
12 69 0 68 0 67 0 66 30 
12 66 0 65 0 64 0 63 30 
12 68 0 67 0 66 0 65 30 
12 66 0 65 0 64 0 63 30 
12 67 0 66 0 65 0 64 30 
11 67 0 66 0 65 0 64 30 
12 68 0 67 0 66 0 65 30 
12 67 0 66 0 65 0 64 30 
11 67 0 66 0 65 0 64 30 
12 66 0 65 0 64 0 63 30 
11 68 0 67 0 66 0 65 30 
12 70 0 69 0 68 0 67 30 
12 66 0 65 0 64 0 63 30 
12 66 0 65 0 64 0 63 30 
11 68 0 67 0 66 0 65 30 
11 67 0 66 0 65 0 64 30 
12 67 0 66 0 65 0 64 30 
12 70 0 69 0 68 0 67 30 
12 66 0 65 0 64 0 63 30 
12 67 0 66 0 65 0 64 30 
11 67 0 66 0 65 0 64 30 
11 67 0 66 0 65 0 64 30 
11 67 0 66 0 65 0 64 30 
11 67 0 66 0 65 0 64 30 
12 67 0 66 0 65 0 64 30 
11 66 0 65 0 64 0 63 30 
12 67 0 66 0 65 0 64 30 
11 67 0 66 0 65 0 64 30 
11 67 0 66 0 65 0 64 30 
11 67 0 66 0 65 0 64 30 
11 67 0 66 0 65 0 64 30 
11 67 0 66 0 65 0 64 30 
11 67 0 66 0 65 0 64 30 
11 66 0 65 0 64 0 63 30 
11 67 0 66 0 65 0 64 30 
11 67 0 66 0 65 0 64 30 
12 68 0 67 0 66 0 65 30 
11 67 0 66 0 65 0 64 30 
11 67 0 66 0 65 0 64 30 
11 68 0 67 0 66 0 65 30 
12 67 0 66 0 65 0 64 30 
12 68 0 67 0 66 0 65 30 
12 68 0 67 0 66 0 65 30 
12 68 0 67 0 66 0 65 30 
12 66 0 65 0 64 0 63 30 
12 68 0 67 0 66 0 65 30 
11 67 0 66 0 65 0 64 30 
11 68 0 67 0 66 0 65 30 
11 68 0 67 0 66 0 65 30 
11 66 0 65 0 64 0 63 30 
12 67 0 66 0 65 0 64 30 
12 68 0 67 0 66 0 65 30 
11 68 0 67 0 66 0 65 30 
11 66 0 65 0 64 0 63 30 
12 69 0 68 0 67 0 66 30 
12 68 0 67 0 66 0 65 30 
11 65 0 64 0 63 0 62 30 
12 66 0 65 0 64 0 63 30 
12 68 0 67 0 66 0 65 30 
12 68 0 67 0 66 0 65 30 
11 68 0 67 0 66 0 65 30 
11 66 0 65 0 64 0 63 30 
11 66 0 65 0 64 0 63 30 
11 68 0 67 0 66 0 65 30 
11 68 0 67 0 66 0 65 30 
12 67 0 66 0 65 0 64 30 
11 66 0 65 0 64 0 63 30 
11 66 0 65 0 64 0 63 30 
11 66 0 65 0 64 0 63 30 
12 69 0 68 0 67 0 66 30 
11 67 0 66 0 65 0 64 30 
12 69 0 68 0 67 0 66 30 
11 68 0 67 0 66 0 65 30 
11 65 0 64 0 63 0 62 30 
11 65 0 64 0 63 0 62 30 
11 66 0 65 0 64 0 63 30 
12 68 0 67 0 66 0 65 30 
12 68 0 67 0 66 0 65 30 
SCORES_TXT_END_0
SCORES_TXT_BEGIN_0 30 100 9 BLEU
11 32 3 31 2 30 1 29 17 
9 30 3 29 2 28 1 27 17 
11 32 3 31 2 30 1 29 17 
9 30 3 29 2 28 1 27 17 
11 32 3 31 2 30 1 29 17 
9 30 3 29 2 28 1 27 17 
11 32 3 31 2 30 1 29 17 
9 30 3 29 2 28 1 27 17 
11 32 3 31 2 30 1 29 17 
10 31 3 30 2 29 1 28 17 
10 31 3 30 2 29 1 28 17 
10 30 3 29 2 28 1 27 17 
9 30 3 29 2 28 1 27 17 
10 31 3 30 2 29 1 28 17 
11 32 3 31 2 30 1 29 17 
11 32 3 31 2 30 1 29 17 
10 30 3 29 2 28 1 27 17 
10 31 3 30 2 29 1 28 17 
11 33 3 32 2 31 1 30 17 
10 31 3 30 2 29 1 28 17 
11 32 3 31 2 30 1 29 17 
11 32 3 31 2 30 1 29 17 
10 30 3 29 2 28 1 27 17 
9 30 3 29 2 28 1 27 17 
9 30 3 29 2 28 1 27 17 
11 32 3 31 2 30 1 29 17 
10 30 3 29 2 28 1 27 17 
10 31 3 30 2 29 1 28 17 
9 30 3 29 2 28 1 27 17 
10 31 3 30 2 29 1 28 17 
10 30 3 29 2 28 1 27 17 
11 32 3 31 2 30 1 29 17 
9 30 3 29 2 28 1 27 17 
9 30 3 29 2 28 1 27 17 
10 31 3 30 2 29 1 28 17 
11 32 3 31 2 30 1 29 17 
11 32 3 31 2 30 1 29 17 
10 30 3 29 2 28 1 27 17 
9 30 3 29 2 28 1 27 17 
10 31 3 30 2 29 1 28 17 
10 31 3 30 2 29 1 28 17 
11 31 3 30 2 29 1 28 17 
10 31 3 30 2 29 1 28 17 
11 32 3 31 2 30 1 29 17 
10 31 3 30 2 29 1 28 17 
10 30 3 29 2 28 1 27 17 
10 31 3 30 2 29 1 28 17 
11 32 3 31 2 30 1 29 17 
11 31 3 30 2 29 1 28 17 
11 32 3 31 2 30 1 29 17 
11 32 3 31 2 30 1 29 17 
10 31 3 30 2 29 1 28 17 
11 32 3 31 2 30 1 29 17 
9 30 3 29 2 28 1 27 17 
9 30 3 29 2 28 1 27 17 
10 31 3 30 2 29 1 28 17 
10 31 3 30 2 29 1 28 17 
10 31 3 30 2 29 1 28 17 
11 32 3 31 2 30 1 29 17 
11 34 3 33 2 32 1 31 17 
9 30 3 29 2 28 1 27 17 
11 32 3 31 2 30 1 29 17 
9 30 3 29 2 28 1 27 17 
9 30 3 29 2 28 1 27 17 
11 31 3 30 2 29 1 28 17 
10 31 3 30 2 29 1 28 17 
11 32 3 31 2 30 1 29 17 
11 32 3 31 2 30 1 29 17 
10 31 3 30 2 29 1 28 17 
9 30 3 29 2 28 1 27 17 
11 32 3 31 2 30 1 29 17 
11 32 3 31 2 30 1 29 17 
11 31 3 30 2 29 1 28 17 
11 32 3 31 2 30 1 29 17 
10 30 3 29 2 28 1 27 17 
10 30 3 29 2 28 1 27 17 
11 33 3 32 2 31 1 30 17 
11 31 3 30 2 29 1 28 17 
10 30 3 29 2 28 1 27 17 
9 30 3 29 2 28 1 27 17 
11 32 3 31 2 30 1 29 17 
9 30 3 29 2 28 1 27 17 
10 30 3 29 2 28 1 27 17 
9 30 3 29 2 28 1 27 17 
10 31 3 30 2 29 1 28 17 
9 30 3 29 2 28 1 27 17 
11 33 3 32 2 31 1 30 17 
10 30 3 29 2 28 1 27 17 
11 31 3 30 2 29 1 28 17 
9 30 3 29 2 28 1 27 17 
11 31 3 30 2 29 1 28 17 
10 31 3 30 2 29 1 28 17 
11 32 3 31 2 30 1 29 17 
10 30 3 29 2 28 1 27 17 
10 31 3 30 2 29 1 28 17 
10 30 3 29 2 28 1 27 17 
10 30 3 29 2 28 1 27 17 
10 31 3 30 2 29 1 28 17 
9 30 3 29 2 28 1 27 17 
11 33 3 32 2 31 1 30 17 
SCORES_TXT_END_0
SCORES_TXT_BEGIN_0 31 100 9 BLEU
10 31 3 30 2 29 1 28 20 
10 29 3 28 2 27 1 26 20 
10 30 3 29 2 28 1 27 20 
10 29 3 28 2 27 1 26 20 
10 31 3 30 2 29 1 28 20 
10 29 3 28 2 27 1 26 20 
10 30 3 29 2 28 1 27 20 
10 29 3 28 2 27 1 26 20 
10 30 3 29 2 28 1 27 20 
10 30 3 29 2 28 1 27 20 
11 30 4 29 2 28 1 27 20 
10 28 3 27 2 26 1 25 20 
10 31 3 30 2 29 1 28 20 
10 29 3 28 2 27 1 26 20 
10 29 3 28 2 27 1 26 20 
10 29 3 28 2 27 1 26 20 
10 29 3 28 2 27 1 26 20 
10 30 3 29 2 28 1 27 20 
10 30 3 29 2 28 1 27 20 
10 29 3 28 2 27 1 26 20 
10 32 3 31 2 30 1 29 20 
10 30 3 29 2 28 1 27 20 
10 30 3 29 2 28 1 27 20 
10 28 3 27 2 26 1 25 20 
11 30 4 29 2 28 1 27 20 
10 29 3 28 2 27 1 26 20 
10 31 3 30 2 29 1 28 20 
10 29 3 28 2 27 1 26 20 
10 30 3 29 2 28 1 27 20 
10 29 3 28 2 27 1 26 20 
10 31 3 30 2 29 1 28 20 
10 30 3 29 2 28 1 27 20 
10 28 3 27 2 26 1 25 20 
10 29 3 28 2 27 1 26 20 
10 29 3 28 2 27 1 26 20 
10 31 3 30 2 29 1 28 20 
10 29 3 28 2 27 1 26 20 
10 29 3 28 2 27 1 26 20 
10 30 3 29 2 28 1 27 20 
10 28 3 27 2 26 1 25 20 
10 32 3 31 2 30 1 29 20 
10 30 3 29 2 28 1 27 20 
10 30 3 29 2 28 1 27 20 
10 30 3 29 2 28 1 27 20 
11 29 4 28 2 27 1 26 20 
10 30 3 29 2 28 1 27 20 
10 30 3 29 2 28 1 27 20 
11 30 4 29 2 28 1 27 20 
11 30 4 29 2 28 1 27 20 
10 31 3 30 2 29 1 28 20 
10 29 3 28 2 27 1 26 20 
10 31 3 30 2 29 1 28 20 
10 30 3 29 2 28 1 27 20 
10 28 3 27 2 26 1 25 20 
10 30 3 29 2 28 1 27 20 
10 31 3 30 2 29 1 28 20 
10 31 3 30 2 29 1 28 20 
10 29 3 28 2 27 1 26 20 
10 30 3 29 2 28 1 27 20 
10 30 3 29 2 28 1 27 20 
10 29 3 28 2 27 1 26 20 
10 30 3 29 2 28 1 27 20 
10 31 3 30 2 29 1 28 20 
10 29 3 28 2 27 1 26 20 
10 29 3 28 2 27 1 26 20 
10 31 3 30 2 29 1 28 20 
10 29 3 28 2 27 1 26 20 
9 29 3 28 2 27 1 26 20 
10 29 3 28 2 27 1 26 20 
10 30 3 29 2 28 1 27 20 
10 29 3 28 2 27 1 26 20 
10 31 3 30 2 29 1 28 20 
10 32 3 31 2 30 1 29 20 
10 29 3 28 2 27 1 26 20 
9 27 3 26 2 25 1 24 20 
9 30 3 29 2 28 1 27 20 
10 29 3 28 2 27 1 26 20 
10 31 3 30 2 29 1 28 20 
10 29 3 28 2 27 1 26 20 
10 29 3 28 2 27 1 26 20 
10 30 3 29 2 28 1 27 20 
11 31 4 30 2 29 1 28 20 
10 30 3 29 2 28 1 27 20 
10 30 3 29 2 28 1 27 20 
10 28 3 27 2 26 1 25 20 
10 30 3 29 2 28 1 27 20 
10 30 3 29 2 28 1 27 20 
9 28 3 27 2 26 1 25 20 
10 30 3 29 2 28 1 27 20 
10 30 3 29 2 28 1 27 20 
10 29 3 28 2 27 1 26 20 
9 28 3 27 2 26 1 25 20 
10 30 3 29 2 28 1 27 20 
10 30 3 29 2 28 1 27 20 
10 31 3 30 2 29 1 28 20 
10 31 3 30 2 29 1 28 20 
9 29 3 28 2 27 1 26 20 
11 30 4 29 2 28 1 27 20 
9 30 3 29 2 28 1 27 20 
10 30 3 29 2 28 1 27 20 
SCORES_TXT_END_0
SCORES_TXT_BEGIN_0 32 97 9 BLEU
5 28 0 27 0 26 0 25 12 
5 26 0 25 0 24 0 23 12 
5 27 0 26 0 25 0 24 12 
4 27 0 26 0 25 0 24 12 
5 28 0 27 0 26 0 25 12 
5 27 0 26 0 25 0 24 12 
5 28 0 27 0 26 0 25 12 
5 26 0 25 0 24 0 23 12 
5 28 0 27 0 26 0 25 12 
5 28 0 27 0 26 0 25 12 
5 27 0 26 0 25 0 24 12 
5 28 0 27 0 26 0 25 12 
4 25 0 24 0 23 0 22 12 
5 27 0 26 0 25 0 24 12 
4 26 0 25 0 24 0 23 12 
5 27 0 26 0 25 0 24 12 
4 28 0 27 0 26 0 25 12 
5 28 0 27 0 26 0 25 12 
5 27 1 26 0 25 0 24 12 
5 26 1 25 0 24 0 23 12 
5 26 0 25 0 24 0 23 12 
5 26 0 25 0 24 0 23 12 
4 27 0 26 0 25 0 24 12 
5 28 0 27 0 26 0 25 12 
5 27 1 26 0 25 0 24 12 
5 28 0 27 0 26 0 25 12 
5 27 0 26 0 25 0 24 12 
5 27 0 26 0 25 0 24 12 
4 25 0 24 0 23 0 22 12 
5 27 0 26 0 25 0 24 12 
4 27 0 26 0 25 0 24 12 
5 27 0 26 0 25 0 24 12 
4 27 0 26 0 25 0 24 12 
4 26 0 25 0 24 0 23 12 
5 27 0 26 0 25 0 24 12 
4 27 0 26 0 25 0 24 12 
4 26 0 25 0 24 0 23 12 
5 28 0 27 0 26 0 25 12 
4 26 0 25 0 24 0 23 12 
3 27 0 26 0 25 0 24 12 
5 27 0 26 0 25 0 24 12 
5 28 0 27 0 26 0 25 12 
5 27 0 26 0 25 0 24 12 
5 28 0 27 0 26 0 25 12 
5 28 0 27 0 26 0 25 12 
5 28 0 27 0 26 0 25 12 
4 27 0 26 0 25 0 24 12 
4 26 1 25 0 24 0 23 12 
5 27 0 26 0 25 0 24 12 
4 25 1 24 0 23 0 22 12 
4 25 0 24 0 23 0 22 12 
5 28 0 27 0 26 0 25 12 
5 27 0 26 0 25 0 24 12 
5 28 0 27 0 26 0 25 12 
4 25 0 24 0 23 0 22 12 
5 27 0 26 0 25 0 24 12 
5 27 0 26 0 25 0 24 12 
4 26 1 25 0 24 0 23 12 
4 26 0 25 0 24 0 23 12 
5 28 0 27 0 26 0 25 12 
5 27 1 26 0 25 0 24 12 
4 26 0 25 0 24 0 23 12 
5 27 0 26 0 25 0 24 12 
5 27 0 26 0 25 0 24 12 
5 28 0 27 0 26 0 25 12 
4 28 0 27 0 26 0 25 12 
4 26 0 25 0 24 0 23 12 
5 28 0 27 0 26 0 25 12 
5 28 0 27 0 26 0 25 12 
4 26 0 25 0 24 0 23 12 
5 27 0 26 0 25 0 24 12 
5 27 0 26 0 25 0 24 12 
5 26 0 25 0 24 0 23 12 
5 28 0 27 0 26 0 25 12 
4 26 0 25 0 24 0 23 12 
5 28 0 27 0 26 0 25 12 
5 27 0 26 0 25 0 24 12 
5 27 1 26 0 25 0 24 12 
5 28 0 27 0 26 0 25 12 
5 28 0 27 0 26 0 25 12 
5 27 0 26 0 25 0 24 12 
4 27 0 26 0 25 0 24 12 
5 28 0 27 0 26 0 25 12 
5 28 0 27 0 26 0 25 12 
5 27 0 26 0 25 0 24 12 
4 26 0 25 0 24 0 23 12 
4 27 0 26 0 25 0 24 12 
5 27 1 26 0 25 0 24 12 
4 26 0 25 0 24 0 23 12 
5 28 0 27 0 26 0 25 12 
5 27 0 26 0 25 0 24 12 
5 28 0 27 0 26 0 25 12 
5 28 0 27 0 26 0 25 12 
5 28 0 27 0 26 0 25 12 
5 28 0 27 0 26 0 25 12 
5 27 0 26 0 25 0 24 12 
5 29 0 28 0 27 0 26 12 
SCORES_TXT_END_0
SCORES_TXT_BEGIN_0 33 100 9 BLEU
7 18 5 17 4 16 3 15 14 
7 19 5 18 4 17 3 16 14 
7 17 5 16 4 15 3 14 14 
7 19 5 18 4 17 3 16 14 
7 17 5 16 4 15 3 14 14 
7 17 5 16 4 15 3 14 14 
6 19 4 18 3 17 2 16 14 
7 16 5 15 4 14 3 13 14 
7 17 5 16 4 15 3 14 14 
7 17 5 16 4 15 3 14 14 
8 16 5 15 4 14 3 13 14 
7 15 5 14 4 13 3 12 14 
6 20 4 19 3 18 2 17 14 
7 18 5 17 4 16 3 15 14 
7 17 5 16 4 15 3 14 14 
7 18 4 17 3 16 2 15 14 
7 18 5 17 4 16 3 15 14 
7 17 5 16 4 15 3 14 14 
7 17 5 16 4 15 3 14 14 
7 18 5 17 4 16 3 15 14 
6 18 4 17 3 16 2 15 14 
9 16 6 15 4 14 3 13 14 
7 18 5 17 4 16 3 15 14 
8 19 6 18 5 17 4 16 14 
7 17 5 16 4 15 3 14 14 
7 18 5 17 4 16 3 15 14 
7 17 3 16 2 15 1 14 14 
7 17 5 16 4 15 3 14 14 
7 20 5 19 4 18 3 17 14 
7 18 5 17 4 16 3 15 14 
7 19 5 18 4 17 3 16 14 
7 17 5 16 4 15 3 14 14 
8 20 6 19 5 18 4 17 14 
6 20 4 19 3 18 2 17 14 
7 19 5 18 4 17 3 16 14 
6 18 4 17 3 16 2 15 14 
8 16 5 15 4 14 3 13 14 
7 18 5 17 4 16 3 15 14 
8 16 5 15 4 14 3 13 14 
7 18 5 17 4 16 3 15 14 
7 18 5 17 4 16 3 15 14 
7 16 5 15 4 14 3 13 14 
7 20 5 19 4 18 3 17 14 
7 18 4 17 3 16 2 15 14 
7 18 5 17 4 16 3 15 14 
7 18 5 17 4 16 3 15 14 
7 17 5 16 4 15 3 14 14 
8 18 6 17 5 16 4 15 14 
7 19 5 18 4 17 3 16 14 
7 17 3 16 2 15 1 14 14 
7 17 5 16 4 15 3 14 14 
7 17 5 16 4 15 3 14 14 
7 16 5 15 4 14 3 13 14 
5 20 0 19 0 18 0 17 14 
7 18 5 17 4 16 3 15 14 
7 19 4 18 3 17 2 16 14 
7 19 5 18 4 17 3 16 14 
7 16 5 15 4 14 3 13 14 
7 18 5 17 4 16 3 15 14 
7 18 5 17 4 16 3 15 14 
7 20 5 19 4 18 3 17 14 
7 17 5 16 4 15 3 14 14 
6 18 4 17 3 16 2 15 14 
6 17 4 16 3 15 2 14 14 
7 18 5 17 4 16 3 15 14 
7 19 5 18 4 17 3 16 14 
7 19 5 18 4 17 3 16 14 
6 18 2 17 1 16 0 15 14 
7 17 4 16 3 15 2 14 14 
5 19 0 18 0 17 0 16 14 
7 17 5 16 4 15 3 14 14 
7 18 5 17 4 16 3 15 14 
6 19 4 18 3 17 2 16 14 
7 19 5 18 4 17 3 16 14 
6 18 4 17 3 16 2 15 14 
7 18 5 17 4 16 3 15 14 
6 18 4 17 3 16 2 15 14 
7 17 4 16 3 15 2 14 14 
7 17 5 16 4 15 3 14 14 
7 18 5 17 4 16 3 15 14 
7 17 5 16 4 15 3 14 14 
8 20 6 19 5 18 4 17 14 
7 17 5 16 4 15 3 14 14 
7 17 5 16 4 15 3 14 14 
8 18 5 17 4 16 3 15 14 
6 16 4 15 3 14 2 13 14 
7 19 5 18 4 17 3 16 14 
8 18 6 17 5 16 4 15 14 
7 19 5 18 4 17 3 16 14 
7 17 3 16 2 15 1 14 14 
7 17 5 16 4 15 3 14 14 
7 18 5 17 4 16 3 15 14 
7 18 5 17 4 16 3 15 14 
7 18 5 17 4 16 3 15 14 
7 17 5 16 4 15 3 14 14 
6 19 4 18 3 17 2 16 14 
7 18 5 17 4 16 3 15 14 
6 18 4 17 3 16 2 15 14 
7 18 3 17 2 16 1 15 14 
7 20 5 19 4 18 3 17 14 
SCORES_TXT_END_0
SCORES_TXT_BEGIN_0 34 100 9 BLEU
8 29 1 28 0 27 0 26 21 
8 29 1 28 0 27 0 26 21 
8 30 1 29 0 28 0 27 21 
8 28 1 27 0 26 0 25 21 
8 30 1 29 0 28 0 27 21 
8 28 1 27 0 26 0 25 21 
8 30 1 29 0 28 0 27 21 
8 28 1 27 0 26 0 25 21 
8 30 1 29 0 28 0 27 21 
8 29 1 28 0 27 0 26 21 
8 29 1 28 0 27 0 26 21 
8 30 1 29 0 28 0 27 21 
8 29 1 28 0 27 0 26 21 
8 28 1 27 0 26 0 25 21 
9 29 1 28 0 27 0 26 21 
8 30 1 29 0 28 0 27 21 
8 27 1 26 0 25 0 24 21 
8 30 1 29 0 28 0 27 21 
8 29 1 28 0 27 0 26 21 
8 31 1 30 0 29 0 28 21 
8 29 1 28 0 27 0 26 21 
8 29 1 28 0 27 0 26 21 
8 30 1 29 0 28 0 27 21 
8 29 1 28 0 27 0 26 21 
7 27 1 26 0 25 0 24 21 
8 30 1 29 0 28 0 27 21 
8 28 1 27 0 26 0 25 21 
8 29 1 28 0 27 0 26 21 
8 27 1 26 0 25 0 24 21 
8 30 1 29 0 28 0 27 21 
9 29 1 28 0 27 0 26 21 
8 31 1 30 0 29 0 28 21 
7 28 1 27 0 26 0 25 21 
8 29 1 28 0 27 0 26 21 
8 31 1 30 0 29 0 28 21 
8 29 1 28 0 27 0 26 21 
8 30 1 29 0 28 0 27 21 
8 28 1 27 0 26 0 25 21 
8 30 1 29 0 28 0 27 21 
8 29 1 28 0 27 0 26 21 
8 28 1 27 0 26 0 25 21 
8 30 1 29 0 28 0 27 21 
8 30 1 29 0 28 0 27 21 
8 28 1 27 0 26 0 25 21 
8 30 1 29 0 28 0 27 21 
8 30 1 29 0 28 0 27 21 
8 28 1 27 0 26 0 25 21 
8 29 1 28 0 27 0 26 21 
8 31 1 30 0 29 0 28 21 
8 27 1 26 0 25 0 24 21 
8 29 1 28 0 27 0 26 21 
8 30 1 29 0 28 0 27 21 
8 29 1 28 0 27 0 26 21 
9 30 1 29 0 28 0 27 21 
8 31 1 30 0 29 0 28 21 
8 27 1 26 0 25 0 24 21 
8 28 1 27 0 26 0 25 21 
9 28 1 27 0 26 0 25 21 
8 29 1 28 0 27 0 26 21 
9 30 1 29 0 28 0 27 21 
8 30 1 29 0 28 0 27 21 
8 30 1 29 0 28 0 27 21 
5 31 0 30 0 29 0 28 21 
8 26 1 25 0 24 0 23 21 
8 28 1 27 0 26 0 25 21 
7 28 1 27 0 26 0 25 21 
8 29 1 28 0 27 0 26 21 
8 27 1 26 0 25 0 24 21 
8 27 1 26 0 25 0 24 21 
9 30 1 29 0 28 0 27 21 
8 31 1 30 0 29 0 28 21 
8 29 1 28 0 27 0 26 21 
8 28 1 27 0 26 0 25 21 
8 29 1 28 0 27 0 26 21 
7 27 1 26 0 25 0 24 21 
7 28 1 27 0 26 0 25 21 
8 28 1 27 0 26 0 25 21 
8 28 1 27 0 26 0 25 21 
8 31 1 30 0 29 0 28 21 
8 28 1 27 0 26 0 25 21 
8 30 1 29 0 28 0 27 21 
8 31 1 30 0 29 0 28 21 
7 26 1 25 0 24 0 23 21 
8 30 1 29 0 28 0 27 21 
8 30 1 29 0 28 0 27 21 
8 29 1 28 0 27 0 26 21 
8 28 1 27 0 26 0 25 21 
8 31 1 30 0 29 0 28 21 
8 27 1 26 0 25 0 24 21 
8 28 1 27 0 26 0 25 21 
8 29 1 28 0 27 0 26 21 
8 29 1 28 0 27 0 26 21 
8 27 1 26 0 25 0 24 21 
7 27 1 26 0 25 0 24 21 
8 29 1 28 0 27 0 26 21 
8 28 1 27 0 26 0 25 21 
8 27 1 26 0 25 0 24 21 
8 31 1 30 0 29 0 28 21 
9 30 1 29 0 28 0 27 21 
8 29 1 28 0 27 0 26 21 
SCORES_TXT_END_0
SCORES_TXT_BEGIN_0 35 100 9 BLEU
5 33 0 32 0 31 0 30 24 
5 32 0 31 0 30 0 29 24 
5 32 0 31 0 30 0 29 24 
5 33 0 32 0 31 0 30 24 
5 33 0 32 0 31 0 30 24 
6 34 0 33 0 32 0 31 24 
6 35 1 34 0 33 0 32 24 
5 32 0 31 0 30 0 29 24 
6 37 1 36 0 35 0 34 24 
5 32 0 31 0 30 0 29 24 
5 33 0 32 0 31 0 30 24 
6 35 1 34 0 33 0 32 24 
7 36 1 35 0 34 0 33 24 
6 36 1 35 0 34 0 33 24 
6 37 1 36 0 35 0 34 24 
5 32 0 31 0 30 0 29 24 
6 33 0 32 0 31 0 30 24 
6 36 1 35 0 34 0 33 24 
6 34 0 33 0 32 0 31 24 
5 33 0 32 0 31 0 30 24 
5 35 1 34 0 33 0 32 24 
6 35 1 34 0 33 0 32 24 
5 32 0 31 0 30 0 29 24 
6 34 0 33 0 32 0 31 24 
6 36 1 35 0 34 0 33 24 
6 37 1 36 0 35 0 34 24 
5 33 0 32 0 31 0 30 24 
6 33 0 32 0 31 0 30 24 
6 36 1 35 0 34 0 33 24 
6 36 1 35 0 34 0 33 24 
6 36 1 35 0 34 0 33 24 
6 36 1 35 0 34 0 33 24 
5 34 0 33 0 32 0 31 24 
7 35 1 34 0 33 0 32 24 
6 34 0 33 0 32 0 31 24 
6 37 1 36 0 35 0 34 24 
5 32 0 31 0 30 0 29 24 
6 35 1 34 0 33 0 32 24 
7 36 1 35 0 34 0 33 24 
6 36 1 35 0 34 0 33 24 
6 36 1 35 0 34 0 33 24 
6 34 0 33 0 32 0 31 24 
6 36 1 35 0 34 0 33 24 
6 34 2 33 1 32 0 31 24 
6 37 1 36 0 35 0 34 24 
6 37 1 36 0 35 0 34 24 
6 37 1 36 0 35 0 34 24 
5 34 1 33 0 32 0 31 24 
6 37 1 36 0 35 0 34 24 
6 34 0 33 0 32 0 31 24 
5 32 0 31 0 30 0 29 24 
6 35 1 34 0 33 0 32 24 
7 35 1 34 0 33 0 32 24 
5 32 0 31 0 30 0 29 24 
5 36 1 35 0 34 0 33 24 
6 33 0 32 0 31 0 30 24 
6 36 1 35 0 34 0 33 24 
6 37 1 36 0 35 0 34 24 
7 36 1 35 0 34 0 33 24 
5 33 0 32 0 31 0 30 24 
6 37 1 36 0 35 0 34 24 
5 34 1 33 0 32 0 31 24 
6 36 1 35 0 34 0 33 24 
6 37 1 36 0 35 0 34 24 
5 34 1 33 0 32 0 31 24 
5 33 0 32 0 31 0 30 24 
7 36 1 35 0 34 0 33 24 
7 35 1 34 0 33 0 32 24 
6 36 1 35 0 34 0 33 24 
6 35 1 34 0 33 0 32 24 
5 35 1 34 0 33 0 32 24 
5 32 0 31 0 30 0 29 24 
6 37 1 36 0 35 0 34 24 
6 35 1 34 0 33 0 32 24 
5 36 1 35 0 34 0 33 24 
6 35 1 34 0 33 0 32 24 
6 35 1 34 0 33 0 32 24 
6 33 0 32 0 31 0 30 24 
6 35 1 34 0 33 0 32 24 
5 33 0 32 0 31 0 30 24 
6 33 0 32 0 31 0 30 24 
7 36 1 35 0 34 0 33 24 
6 36 1 35 0 34 0 33 24 
6 36 1 35 0 34 0 33 24 
6 36 1 35 0 34 0 33 24 
6 35 1 34 0 33 0 32 24 
6 36 1 35 0 34 0 33 24 
6 36 1 35 0 34 0 33 24 
6 37 1 36 0 35 0 34 24 
7 35 1 34 0 33 0 32 24 
6 36 1 35 0 34 0 33 24 
6 34 0 33 0 32 0 31 24 
6 37 1 36 0 35 0 34 24 
5 34 1 33 0 32 0 31 24 
5 33 0 32 0 31 0 30 24 
6 36 1 35 0 34 0 33 24 
6 33 0 32 0 31 0 30 24 
5 35 1 34 0 33 0 32 24 
5 35 1 34 0 33 0 32 24 
6 33 2 32 1 31 0 30 24 
SCORES_TXT_END_0
SCORES_TXT_BEGIN_0 36 100 9 BLEU
11 38 2 37 0 36 0 35 29 
10 38 1 37 0 36 0 35 29 
11 38 2 37 0 36 0 35 29 
11 39 2 38 0 37 0 36 29 
11 39 2 38 0 37 0 36 29 
10 38 1 37 0 36 0 35 29 
10 39 1 38 0 37 0 36 29 
11 39 2 38 0 37 0 36 29 
11 39 2 38 0 37 0 36 29 
11 40 2 39 0 38 0 37 29 
10 38 1 37 0 36 0 35 29 
10 39 1 38 0 37 0 36 29 
10 37 2 36 0 35 0 34 29 
11 40 2 39 0 38 0 37 29 
10 38 1 37 0 36 0 35 29 
11 37 2 36 0 35 0 34 29 
11 39 2 38 0 37 0 36 29 
10 39 1 38 0 37 0 36 29 
9 37 1 36 0 35 0 34 29 
10 37 1 36 0 35 0 34 29 
11 39 1 38 0 37 0 36 29 
10 37 2 36 0 35 0 34 29 
10 38 1 37 0 36 0 35 29 
10 38 2 37 0 36 0 35 29 
11 37 2 36 0 35 0 34 29 
11 38 2 37 0 36 0 35 29 
11 40 2 39 0 38 0 37 29 
10 39 1 38 0 37 0 36 29 
11 38 2 37 0 36 0 35 29 
11 40 2 39 0 38 0 37 29 
9 37 1 36 0 35 0 34 29 
12 38 2 37 0 36 0 35 29 
10 37 1 36 0 35 0 34 29 
10 37 1 36 0 35 0 34 29 
10 38 3 37 1 36 0 35 29 
10 38 1 37 0 36 0 35 29 
11 40 1 39 0 38 0 37 29 
11 38 2 37 0 36 0 35 29 
10 38 1 37 0 36 0 35 29 
11 39 2 38 0 37 0 36 29 
10 38 2 37 0 36 0 35 29 
11 38 2 37 0 36 0 35 29 
10 37 1 36 0 35 0 34 29 
10 39 1 38 0 37 0 36 29 
11 38 2 37 0 36 0 35 29 
10 38 2 37 1 36 0 35 29 
9 37 1 36 0 35 0 34 29 
11 38 2 37 0 36 0 35 29 
12 38 2 37 0 36 0 35 29 
11 39 2 38 0 37 0 36 29 
11 41 2 40 0 39 0 38 29 
11 39 1 38 0 37 0 36 29 
10 37 1 36 0 35 0 34 29 
10 39 1 38 0 37 0 36 29 
10 38 1 37 0 36 0 35 29 
12 39 2 38 0 37 0 36 29 
10 37 1 36 0 35 0 34 29 
10 38 3 37 1 36 0 35 29 
10 38 1 37 0 36 0 35 29 
10 38 1 37 0 36 0 35 29 
11 39 2 38 0 37 0 36 29 
11 38 2 37 0 36 0 35 29 
10 39 3 38 1 37 0 36 29 
10 38 1 37 0 36 0 35 29 
11 38 1 37 0 36 0 35 29 
11 38 2 37 0 36 0 35 29 
10 37 1 36 0 35 0 34 29 
11 39 2 38 0 37 0 36 29 
11 40 2 39 0 38 0 37 29 
11 37 1 36 0 35 0 34 29 
11 38 2 37 0 36 0 35 29 
11 39 2 38 0 37 0 36 29 
10 39 1 38 0 37 0 36 29 
11 40 2 39 0 38 0 37 29 
10 38 1 37 0 36 0 35 29 
10 38 2 37 1 36 0 35 29 
10 38 1 37 0 36 0 35 29 
11 40 2 39 0 38 0 37 29 
9 37 1 36 0 35 0 34 29 
10 36 2 35 0 34 0 33 29 
11 38 2 37 0 36 0 35 29 
11 39 2 38 0 37 0 36 29 
10 37 1 36 0 35 0 34 29 
10 38 0 37 0 36 0 35 29 
11 38 2 37 0 36 0 35 29 
10 38 1 37 0 36 0 35 29 
12 44 2 43 0 42 0 41 29 
11 39 2 38 0 37 0 36 29 
12 39 2 38 0 37 0 36 29 
10 39 3 38 1 37 0 36 29 
11 40 2 39 0 38 0 37 29 
10 37 0 36 0 35 0 34 29 
10 38 1 37 0 36 0 35 29 
11 40 1 39 0 38 0 37 29 
10 38 1 37 0 36 0 35 29 
10 40 1 39 0 38 0 37 29 
10 38 1 37 0 36 0 35 29 
9 36 1 35 0 34 0 33 29 
10 38 1 37 0 36 0 35 29 
11 39 2 38 0 37 0 36 29 
SCORES_TXT_END_0
SCORES_TXT_BEGIN_0 37 100 9 BLEU
4 32 0 31 0 30 0 29 17 
4 32 0 31 0 30 0 29 17 
4 32 0 31 0 30 0 29 17 
4 32 0 31 0 30 0 29 17 
4 32 0 31 0 30 0 29 17 
4 32 0 31 0 30 0 29 17 
4 32 0 31 0 30 0 29 17 
4 32 0 31 0 30 0 29 17 
4 31 0 30 0 29 0 28 17 
4 32 0 31 0 30 0 29 17 
4 32 0 31 0 30 0 29 17 
4 32 0 31 0 30 0 29 17 
4 32 0 31 0 30 0 29 17 
4 31 0 30 0 29 0 28 17 
4 32 0 31 0 30 0 29 17 
4 32 0 31 0 30 0 29 17 
4 32 0 31 0 30 0 29 17 
4 32 0 31 0 30 0 29 17 
3 32 0 31 0 30 0 29 17 
4 32 0 31 0 30 0 29 17 
4 32 0 31 0 30 0 29 17 
4 32 0 31 0 30 0 29 17 
3 32 0 31 0 30 0 29 17 
4 31 0 30 0 29 0 28 17 
4 32 0 31 0 30 0 29 17 
4 31 0 30 0 29 0 28 17 
4 32 0 31 0 30 0 29 17 
4 32 0 31 0 30 0 29 17 
4 30 0 29 0 28 0 27 17 
4 32 0 31 0 30 0 29 17 
4 32 0 31 0 30 0 29 17 
4 32 0 31 0 30 0 29 17 
4 32 0 31 0 30 0 29 17 
4 29 0 28 0 27 0 26 17 
4 30 0 29 0 28 0 27 17 
3 32 0 31 0 30 0 29 17 
4 30 0 29 0 28 0 27 17 
4 32 0 31 0 30 0 29 17 
4 32 0 31 0 30 0 29 17 
4 32 0 31 0 30 0 29 17 
4 30 0 29 0 28 0 27 17 
3 32 0 31 0 30 0 29 17 
4 32 0 31 0 30 0 29 17 
4 32 0 31 0 30 0 29 17 
4 32 0 31 0 30 0 29 17 
3 33 0 32 0 31 0 30 17 
4 32 0 31 0 30 0 29 17 
4 32 0 31 0 30 0 29 17 
4 32 0 31 0 30 0 29 17 
4 32 0 31 0 30 0 29 17 
4 32 0 31 0 30 0 29 17 
3 33 0 32 0 31 0 30 17 
4 32 0 31 0 30 0 29 17 
4 32 0 31 0 30 0 29 17 
4 29 0 28 0 27 0 26 17 
4 32 0 31 0 30 0 29 17 
4 30 0 29 0 28 0 27 17 
4 31 0 30 0 29 0 28 17 
4 30 0 29 0 28 0 27 17 
4 31 0 30 0 29 0 28 17 
4 31 0 30 0 29 0 28 17 
3 33 0 32 0 31 0 30 17 
4 32 0 31 0 30 0 29 17 
3 32 0 31 0 30 0 29 17 
4 30 0 29 0 28 0 27 17 
4 31 0 30 0 29 0 28 17 
3 33 0 32 0 31 0 30 17 
4 32 0 31 0 30 0 29 17 
4 32 0 31 0 30 0 29 17 
3 32 0 31 0 30 0 29 17 
3 32 0 31 0 30 0 29 17 
4 30 0 29 0 28 0 27 17 
4 32 0 31 0 30 0 29 17 
3 32 0 31 0 30 0 29 17 
4 29 0 28 0 27 0 26 17 
4 30 0 29 0 28 0 27 17 
4 32 0 31 0 30 0 29 17 
3 32 0 31 0 30 0 29 17 
4 29 0 28 0 27 0 26 17 
4 31 0 30 0 29 0 28 17 
4 32 0 31 0 30 0 29 17 
4 32 0 31 0 30 0 29 17 
3 32 0 31 0 30 0 29 17 
4 31 0 30 0 29 0 28 17 
4 31 0 30 0 29 0 28 17 
4 32 0 31 0 30 0 29 17 
4 29 0 28 0 27 0 26 17 
4 31 0 30 0 29 0 28 17 
4 32 0 31 0 30 0 29 17 
4 30 0 29 0 28 0 27 17 
4 31 0 30 0 29 0 28 17 
4 32 0 31 0 30 0 29 17 
4 30 0 29 0 28 0 27 17 
4 31 0 30 0 29 0 28 17 
4 30 0 29 0 28 0 27 17 
3 32 0 31 0 30 0 29 17 
4 29 0 28 0 27 0 26 17 
4 30 0 29 0 28 0 27 17 
4 29 0 28 0 27 0 26 17 
4 32 0 31 0 30 0 29 17 
SCORES_TXT_END_0
SCORES_TXT_BEGIN_0 38 83 9 BLEU
4 38 0 37 0 36 0 35 12 
4 37 0 36 0 35 0 34 12 
4 38 0 37 0 36 0 35 12 
4 38 0 37 0 36 0 35 12 
4 37 0 36 0 35 0 34 12 
4 37 0 36 0 35 0 34 12 
4 37 0 36 0 35 0 34 12 
4 37 0 36 0 35 0 34 12 
4 39 0 38 0 37 0 36 12 
4 38 0 37 0 36 0 35 12 
3 38 0 37 0 36 0 35 12 
4 36 0 35 0 34 0 33 12 
3 38 0 37 0 36 0 35 12 
3 38 0 37 0 36 0 35 12 
4 35 0 34 0 33 0 32 12 
4 37 0 36 0 35 0 34 12 
4 36 0 35 0 34 0 33 12 
4 38 0 37 0 36 0 35 12 
4 37 0 36 0 35 0 34 12 
3 38 0 37 0 36 0 35 12 
3 38 0 37 0 36 0 35 12 
4 37 0 36 0 35 0 34 12 
3 37 0 36 0 35 0 34 12 
4 37 0 36 0 35 0 34 12 
4 39 0 38 0 37 0 36 12 
3 37 0 36 0 35 0 34 12 
3 38 0 37 0 36 0 35 12 
4 36 0 35 0 34 0 33 12 
4 37 0 36 0 35 0 34 12 
3 37 0 36 0 35 0 34 12 
4 39 0 38 0 37 0 36 12 
4 38 0 37 0 36 0 35 12 
4 35 0 34 0 33 0 32 12 
4 36 0 35 0 34 0 33 12 
4 38 0 37 0 36 0 35 12 
4 35 0 34 0 33 0 32 12 
4 38 0 37 0 36 0 35 12 
4 38 0 37 0 36 0 35 12 
4 36 0 35 0 34 0 33 12 
3 37 0 36 0 35 0 34 12 
4 38 0 37 0 36 0 35 12 
4 37 0 36 0 35 0 34 12 
3 37 0 36 0 35 0 34 12 
4 35 0 34 0 33 0 32 12 
4 37 0 36 0 35 0 34 12 
4 36 0 35 0 34 0 33 12 
3 37 0 36 0 35 0 34 12 
4 38 0 37 0 36 0 35 12 
4 35 0 34 0 33 0 32 12 
3 37 0 36 0 35 0 34 12 
4 36 0 35 0 34 0 33 12 
3 38 0 37 0 36 0 35 12 
4 38 0 37 0 36 0 35 12 
3 37 0 36 0 35 0 34 12 
4 38 0 37 0 36 0 35 12 
3 37 0 36 0 35 0 34 12 
4 35 0 34 0 33 0 32 12 
4 39 0 38 0 37 0 36 12 
4 37 0 36 0 35 0 34 12 
4 37 0 36 0 35 0 34 12 
4 38 0 37 0 36 0 35 12 
3 37 0 36 0 35 0 34 12 
3 37 0 36 0 35 0 34 12 
4 37 0 36 0 35 0 34 12 
4 37 0 36 0 35 0 34 12 
3 37 0 36 0 35 0 34 12 
4 37 0 36 0 35 0 34 12 
4 39 0 38 0 37 0 36 12 
4 36 0 35 0 34 0 33 12 
3 39 0 38 0 37 0 36 12 
4 37 0 36 0 35 0 34 12 
3 37 0 36 0 35 0 34 12 
3 37 0 36 0 35 0 34 12 
3 37 0 36 0 35 0 34 12 
4 36 0 35 0 34 0 33 12 
4 36 0 35 0 34 0 33 12 
4 35 0 34 0 33 0 32 12 
3 38 0 37 0 36 0 35 12 
3 37 0 36 0 35 0 34 12 
4 36 0 35 0 34 0 33 12 
3 36 0 35 0 34 0 33 12 
4 38 0 37 0 36 0 35 12 
3 38 0 37 0 36 0 35 12 
SCORES_TXT_END_0
SCORES_TXT_BEGIN_0 39 100 9 BLEU
15 48 5 47 2 46 1 45 28 
15 47 5 46 2 45 1 44 28 
15 47 4 46 0 45 0 44 28 
15 46 4 45 0 44 0 43 28 
15 47 5 46 2 45 1 44 28 
15 46 5 45 2 44 1 43 28 
15 46 4 45 0 44 0 43 28 
15 45 4 44 0 43 0 42 28 
15 46 5 45 2 44 1 43 28 
15 45 4 44 0 43 0 42 28 
15 45 5 44 2 43 1 42 28 
15 44 4 43 0 42 0 41 28 
15 48 5 47 2 46 1 45 28 
15 47 4 46 0 45 0 44 28 
15 47 5 46 2 45 1 44 28 
15 46 4 45 0 44 0 43 28 
15 49 5 48 2 47 1 46 28 
15 48 5 47 2 46 1 45 28 
15 48 4 47 0 46 0 45 28 
15 46 5 45 2 44 1 43 28 
15 47 4 46 0 45 0 44 28 
15 45 4 44 0 43 0 42 28 
15 48 5 47 2 46 1 45 28 
15 47 5 46 2 45 1 44 28 
15 47 4 46 0 45 0 44 28 
15 45 5 44 2 43 1 42 28 
15 46 4 45 0 44 0 43 28 
15 44 4 43 0 42 0 41 28 
15 45 5 44 2 43 1 42 28 
15 44 5 43 2 42 1 41 28 
15 44 4 43 0 42 0 41 28 
15 48 5 47 2 46 1 45 28 
15 47 5 46 2 45 1 44 28 
15 43 4 42 0 41 0 40 28 
15 47 4 46 0 45 0 44 28 
15 46 4 45 0 44 0 43 28 
15 44 5 43 2 42 1 41 28 
15 43 5 42 2 41 1 40 28 
15 43 4 42 0 41 0 40 28 
15 47 5 46 2 45 1 44 28 
15 46 5 45 2 44 1 43 28 
15 42 4 41 0 40 0 39 28 
15 46 4 45 0 44 0 43 28 
15 45 4 44 0 43 0 42 28 
15 49 5 48 2 47 1 46 28 
15 48 4 47 0 46 0 45 28 
15 47 5 46 2 45 1 44 28 
15 46 5 45 2 44 1 43 28 
15 48 5 47 2 46 1 45 28 
15 47 4 46 0 45 0 44 28 
15 46 5 45 2 44 1 43 28 
15 43 5 42 2 41 1 40 28 
15 45 5 44 2 43 1 42 28 
15 45 4 44 0 43 0 42 28 
15 42 4 41 0 40 0 39 28 
15 44 4 43 0 42 0 41 28 
15 42 5 41 2 40 1 39 28 
15 48 5 47 2 46 1 45 28 
15 41 4 40 0 39 0 38 28 
15 47 5 46 2 45 1 44 28 
15 45 5 44 2 43 1 42 28 
15 47 4 46 0 45 0 44 28 
15 46 4 45 0 44 0 43 28 
15 44 4 43 0 42 0 41 28 
15 44 5 43 2 42 1 41 28 
15 45 5 44 2 43 1 42 28 
15 43 5 42 2 41 1 40 28 
15 43 4 42 0 41 0 40 28 
15 42 4 41 0 40 0 39 28 
15 47 5 46 2 45 1 44 28 
15 46 5 45 2 44 1 43 28 
15 44 5 43 2 42 1 41 28 
15 46 4 45 0 44 0 43 28 
15 45 4 44 0 43 0 42 28 
15 43 4 42 0 41 0 40 28 
15 46 5 45 2 44 1 43 28 
15 43 5 42 2 41 1 40 28 
15 45 5 44 2 43 1 42 28 
15 45 4 44 0 43 0 42 28 
15 42 5 41 2 40 1 39 28 
15 42 4 41 0 40 0 39 28 
15 45 5 44 2 43 1 42 28 
15 44 4 43 0 42 0 41 28 
15 47 5 46 2 45 1 44 28 
15 41 4 40 0 39 0 38 28 
15 44 5 43 2 42 1 41 28 
15 47 5 46 2 45 1 44 28 
15 44 5 43 2 42 1 41 28 
15 44 4 43 0 42 0 41 28 
15 46 5 45 2 44 1 43 28 
15 43 4 42 0 41 0 40 28 
15 43 4 42 0 41 0 40 28 
15 45 5 44 2 43 1 42 28 
15 44 5 43 2 42 1 41 28 
15 47 5 46 2 45 1 44 28 
15 44 4 43 0 42 0 41 28 
15 46 5 45 2 44 1 43 28 
15 44 5 43 2 42 1 41 28 
15 43 4 42 0 41 0 40 28 
15 46 4 45 0 44 0 43 28 
SCORES_TXT_END_0
SCORES_TXT_BEGIN_0 40 100 9 BLEU
5 21 1 20 0 19 0 18 12 
5 24 1 23 0 22 0 21 12 
5 23 1 22 0 21 0 20 12 
5 22 1 21 0 20 0 19 12 
5 24 1 23 0 22 0 21 12 
5 23 1 22 0 21 0 20 12 
5 22 1 21 0 20 0 19 12 
5 21 1 20 0 19 0 18 12 
5 24 1 23 0 22 0 21 12 
5 24 1 23 0 22 0 21 12 
5 23 1 22 0 21 0 20 12 
5 23 1 22 0 21 0 20 12 
5 25 1 24 0 23 0 22 12 
5 23 1 22 0 21 0 20 12 
4 22 1 21 0 20 0 19 12 
4 24 1 23 0 22 0 21 12 
5 23 1 22 0 21 0 20 12 
5 23 2 22 1 21 0 20 12 
5 24 1 23 0 22 0 21 12 
5 22 1 21 0 20 0 19 12 
4 23 1 22 0 21 0 20 12 
5 22 1 21 0 20 0 19 12 
5 22 2 21 1 20 0 19 12 
5 22 1 21 0 20 0 19 12 
5 23 1 22 0 21 0 20 12 
5 22 1 21 0 20 0 19 12 
5 25 1 24 0 23 0 22 12 
5 22 1 21 0 20 0 19 12 
5 25 1 24 0 23 0 22 12 
5 26 1 25 0 24 0 23 12 
5 25 1 24 0 23 0 22 12 
5 23 1 22 0 21 0 20 12 
5 22 1 21 0 20 0 19 12 
5 19 1 18 0 17 0 16 12 
5 24 1 23 0 22 0 21 12 
5 25 1 24 0 23 0 22 12 
5 24 1 23 0 22 0 21 12 
5 23 1 22 0 21 0 20 12 
5 24 1 23 0 22 0 21 12 
5 21 1 20 0 19 0 18 12 
5 22 1 21 0 20 0 19 12 
5 21 1 20 0 19 0 18 12 
5 25 1 24 0 23 0 22 12 
5 22 1 21 0 20 0 19 12 
5 25 1 24 0 23 0 22 12 
5 23 1 22 0 21 0 20 12 
5 23 1 22 0 21 0 20 12 
5 23 1 22 0 21 0 20 12 
5 25 1 24 0 23 0 22 12 
4 22 1 21 0 20 0 19 12 
4 25 0 24 0 23 0 22 12 
5 24 1 23 0 22 0 21 12 
5 22 1 21 0 20 0 19 12 
5 24 1 23 0 22 0 21 12 
5 23 1 22 0 21 0 20 12 
5 24 1 23 0 22 0 21 12 
5 22 1 21 0 20 0 19 12 
5 23 1 22 0 21 0 20 12 
5 22 1 21 0 20 0 19 12 
5 24 1 23 0 22 0 21 12 
4 23 1 22 0 21 0 20 12 
5 21 1 20 0 19 0 18 12 
5 24 1 23 0 22 0 21 12 
5 25 1 24 0 23 0 22 12 
5 24 1 23 0 22 0 21 12 
5 26 1 25 0 24 0 23 12 
4 24 0 23 0 22 0 21 12 
5 27 1 26 0 25 0 24 12 
5 23 1 22 0 21 0 20 12 
5 22 1 21 0 20 0 19 12 
5 21 1 20 0 19 0 18 12 
4 22 1 21 0 20 0 19 12 
5 24 1 23 0 22 0 21 12 
5 25 1 24 0 23 0 22 12 
5 24 1 23 0 22 0 21 12 
5 23 1 22 0 21 0 20 12 
5 25 1 24 0 23 0 22 12 
5 24 1 23 0 22 0 21 12 
5 23 1 22 0 21 0 20 12 
5 22 1 21 0 20 0 19 12 
5 26 1 25 0 24 0 23 12 
5 23 1 22 0 21 0 20 12 
5 23 1 22 0 21 0 20 12 
5 23 1 22 0 21 0 20 12 
5 24 1 23 0 22 0 21 12 
5 20 1 19 0 18 0 17 12 
5 23 1 22 0 21 0 20 12 
5 23 1 22 0 21 0 20 12 
5 24 1 23 0 22 0 21 12 
5 23 1 22 0 21 0 20 12 
5 23 1 22 0 21 0 20 12 
5 26 1 25 0 24 0 23 12 
5 24 1 23 0 22 0 21 12 
5 22 1 21 0 20 0 19 12 
5 22 1 21 0 20 0 19 12 
5 22 1 21 0 20 0 19 12 
4 23 1 22 0 21 0 20 12 
5 24 1 23 0 22 0 21 12 
5 23 1 22 0 21 0 20 12 
5 21 1 20 0 19 0 18 12 
SCORES_TXT_END_0
SCORES_TXT_BEGIN_0 41 100 9 BLEU
17 58 5 57 2 56 1 55 32 
17 57 5 56 2 55 1 54 32 
15 58 3 57 0 56 0 55 32 
16 58 5 57 2 56 1 55 32 
14 55 4 54 1 53 0 52 32 
17 58 5 57 2 56 1 55 32 
15 57 3 56 0 55 0 54 32 
16 57 5 56 2 55 1 54 32 
14 54 4 53 1 52 0 51 32 
17 57 5 56 2 55 1 54 32 
15 58 3 57 0 56 0 55 32 
16 58 5 57 2 56 1 55 32 
17 54 5 53 2 52 1 51 32 
17 57 5 56 2 55 1 54 32 
15 57 3 56 0 55 0 54 32 
14 55 4 54 1 53 0 52 32 
17 59 5 58 2 57 1 56 32 
15 57 3 56 0 55 0 54 32 
16 57 5 56 2 55 1 54 32 
16 59 3 58 0 57 0 56 32 
16 55 6 54 3 53 1 52 32 
17 53 5 52 2 51 1 50 32 
17 56 5 55 2 54 1 53 32 
15 56 3 55 0 54 0 53 32 
14 54 4 53 1 52 0 51 32 
16 60 5 59 2 58 1 57 32 
15 54 3 53 0 52 0 51 32 
16 54 5 53 2 52 1 51 32 
15 56 4 55 1 54 0 53 32 
16 57 5 56 2 55 1 54 32 
17 58 6 57 3 56 1 55 32 
17 58 5 57 2 56 1 55 32 
17 57 5 56 2 55 1 54 32 
15 57 3 56 0 55 0 54 32 
15 59 3 58 0 57 0 56 32 
17 56 5 55 2 54 1 53 32 
16 59 5 58 2 57 1 56 32 
15 58 3 57 0 56 0 55 32 
16 55 6 54 3 53 1 52 32 
14 56 4 55 1 54 0 53 32 
17 54 5 53 2 52 1 51 32 
17 58 5 57 2 56 1 55 32 
17 59 5 58 2 57 1 56 32 
14 55 4 54 1 53 0 52 32 
15 59 3 58 0 57 0 56 32 
16 58 3 57 0 56 0 55 32 
16 54 6 53 3 52 1 51 32 
14 56 4 55 1 54 0 53 32 
17 57 5 56 2 55 1 54 32 
16 59 5 58 2 57 1 56 32 
15 53 3 52 0 51 0 50 32 
14 54 3 53 0 52 0 51 32 
15 58 4 57 1 56 0 55 32 
15 55 6 54 3 53 1 52 32 
16 53 5 52 2 51 1 50 32 
15 55 4 54 1 53 0 52 32 
16 56 5 55 2 54 1 53 32 
17 59 5 58 2 57 1 56 32 
16 59 7 58 4 57 2 56 32 
17 57 6 56 3 55 1 54 32 
16 59 3 58 0 57 0 56 32 
16 59 5 58 2 57 1 56 32 
16 59 3 58 0 57 0 56 32 
16 55 6 54 3 53 1 52 32 
17 56 5 55 2 54 1 53 32 
15 58 2 57 0 56 0 55 32 
15 56 3 55 0 54 0 53 32 
15 58 3 57 0 56 0 55 32 
16 58 6 57 3 56 1 55 32 
16 60 5 59 2 58 1 57 32 
15 55 3 54 0 53 0 52 32 
17 55 5 54 2 53 1 52 32 
16 58 5 57 2 56 1 55 32 
17 58 5 57 2 56 1 55 32 
16 58 3 57 0 56 0 55 32 
15 56 4 55 1 54 0 53 32 
16 57 5 56 2 55 1 54 32 
16 58 5 57 2 56 1 55 32 
15 56 3 55 0 54 0 53 32 
16 58 5 57 2 56 1 55 32 
15 56 4 55 1 54 0 53 32 
15 57 3 56 0 55 0 54 32 
17 57 5 56 2 55 1 54 32 
16 54 6 53 3 52 1 51 32 
16 56 5 55 2 54 1 53 32 
14 55 3 54 1 53 0 52 32 
14 55 4 54 1 53 0 52 32 
17 53 5 52 2 51 1 50 32 
17 58 6 57 3 56 1 55 32 
15 53 3 52 0 51 0 50 32 
17 53 5 52 2 51 1 50 32 
15 59 3 58 0 57 0 56 32 
17 55 6 54 3 53 1 52 32 
17 57 5 56 2 55 1 54 32 
17 58 5 57 2 56 1 55 32 
16 60 5 59 2 58 1 57 32 
17 55 5 54 2 53 1 52 32 
15 54 3 53 0 52 0 51 32 
15 55 6 54 3 53 1 52 32 
15 59 2 58 0 57 0 56 32 
SCORES_TXT_END_0
SCORES_TXT_BEGIN_0 42 100 9 BLEU
8 52 1 51 0 50 0 49 25 
7 52 1 51 0 50 0 49 25 
7 52 0 51 0 50 0 49 25 
8 52 1 51 0 50 0 49 25 
6 52 0 51 0 50 0 49 25 
7 53 1 52 0 51 0 50 25 
7 54 1 53 0 52 0 51 25 
7 52 0 51 0 50 0 49 25 
6 53 0 52 0 51 0 50 25 
6 54 0 53 0 52 0 51 25 
8 52 1 51 0 50 0 49 25 
7 52 1 51 0 50 0 49 25 
7 52 1 51 0 50 0 49 25 
7 52 0 51 0 50 0 49 25 
6 52 0 51 0 50 0 49 25 
7 52 0 51 0 50 0 49 25 
8 52 1 51 0 50 0 49 25 
6 52 0 51 0 50 0 49 25 
7 53 1 52 0 51 0 50 25 
6 52 0 51 0 50 0 49 25 
7 52 0 51 0 50 0 49 25 
6 53 0 52 0 51 0 50 25 
7 54 1 53 0 52 0 51 25 
7 52 0 51 0 50 0 49 25 
8 52 1 51 0 50 0 49 25 
6 53 0 52 0 51 0 50 25 
6 54 0 53 0 52 0 51 25 
6 54 0 53 0 52 0 51 25 
7 51 0 50 0 49 0 48 25 
7 52 0 51 0 50 0 49 25 
6 51 0 50 0 49 0 48 25 
7 52 1 51 0 50 0 49 25 
7 52 1 51 0 50 0 49 25 
7 52 0 51 0 50 0 49 25 
7 51 0 50 0 49 0 48 25 
6 52 0 51 0 50 0 49 25 
8 52 1 51 0 50 0 49 25 
6 52 0 51 0 50 0 49 25 
6 52 0 51 0 50 0 49 25 
6 52 0 51 0 50 0 49 25 
7 52 1 51 0 50 0 49 25 
7 53 1 52 0 51 0 50 25 
6 52 0 51 0 50 0 49 25 
7 52 0 51 0 50 0 49 25 
6 53 0 52 0 51 0 50 25 
7 52 0 51 0 50 0 49 25 
6 53 0 52 0 51 0 50 25 
8 52 1 51 0 50 0 49 25 
6 52 0 51 0 50 0 49 25 
7 51 0 50 0 49 0 48 25 
6 53 0 52 0 51 0 50 25 
6 54 0 53 0 52 0 51 25 
7 52 0 51 0 50 0 49 25 
8 51 1 50 0 49 0 48 25 
6 51 0 50 0 49 0 48 25 
7 52 1 51 0 50 0 49 25 
7 51 0 50 0 49 0 48 25 
7 52 0 51 0 50 0 49 25 
7 52 1 51 0 50 0 49 25 
7 51 0 50 0 49 0 48 25 
6 51 0 50 0 49 0 48 25 
7 52 1 51 0 50 0 49 25 
6 51 0 50 0 49 0 48 25 
7 51 0 50 0 49 0 48 25 
6 52 0 51 0 50 0 49 25 
6 52 0 51 0 50 0 49 25 
7 52 1 51 0 50 0 49 25 
6 52 0 51 0 50 0 49 25 
7 51 0 50 0 49 0 48 25 
7 51 0 50 0 49 0 48 25 
6 52 0 51 0 50 0 49 25 
6 53 0 52 0 51 0 50 25 
8 52 1 51 0 50 0 49 25 
6 52 0 51 0 50 0 49 25 
6 52 0 51 0 50 0 49 25 
6 52 0 51 0 50 0 49 25 
6 51 0 50 0 49 0 48 25 
7 52 1 51 0 50 0 49 25 
7 53 1 52 0 51 0 50 25 
6 52 0 51 0 50 0 49 25 
7 52 0 51 0 50 0 49 25 
6 53 0 52 0 51 0 50 25 
7 51 0 50 0 49 0 48 25 
7 51 0 50 0 49 0 48 25 
6 52 0 51 0 50 0 49 25 
7 51 0 50 0 49 0 48 25 
7 54 1 53 0 52 0 51 25 
7 52 0 51 0 50 0 49 25 
6 53 0 52 0 51 0 50 25 
7 53 1 52 0 51 0 50 25 
6 52 0 51 0 50 0 49 25 
8 52 1 51 0 50 0 49 25 
6 51 0 50 0 49 0 48 25 
6 52 0 51 0 50 0 49 25 
7 51 0 50 0 49 0 48 25 
6 53 0 52 0 51 0 50 25 
6 53 0 52 0 51 0 50 25 
6 49 0 48 0 47 0 46 25 
7 52 0 51 0 50 0 49 25 
8 51 1 50 0 49 0 48 25 
SCORES_TXT_END_0
SCORES_TXT_BEGIN_0 43 79 9 BLEU
14 29 5 28 2 27 1 26 23 
14 28 5 27 2 26 1 25 23 
14 29 5 28 2 27 1 26 23 
14 28 5 27 2 26 1 25 23 
14 29 5 28 2 27 1 26 23 
15 28 5 27 2 26 1 25 23 
14 29 5 28 2 27 1 26 23 
14 28 5 27 2 26 1 25 23 
15 30 5 29 2 28 1 27 23 
14 26 5 25 2 24 1 23 23 
14 28 5 27 2 26 1 25 23 
14 25 5 24 2 23 1 22 23 
14 29 5 28 2 27 1 26 23 
15 30 5 29 2 28 1 27 23 
15 29 5 28 2 27 1 26 23 
14 28 5 27 2 26 1 25 23 
14 27 5 26 2 25 1 24 23 
14 26 5 25 2 24 1 23 23 
14 28 5 27 2 26 1 25 23 
15 28 5 27 2 26 1 25 23 
14 25 5 24 2 23 1 22 23 
14 28 5 27 2 26 1 25 23 
14 27 5 26 2 25 1 24 23 
14 30 5 29 2 28 1 27 23 
14 29 5 28 2 27 1 26 23 
14 26 5 25 2 24 1 23 23 
14 29 5 28 2 27 1 26 23 
14 27 5 26 2 25 1 24 23 
14 29 5 28 2 27 1 26 23 
14 28 5 27 2 26 1 25 23 
14 26 5 25 2 24 1 23 23 
14 25 5 24 2 23 1 22 23 
14 30 5 29 2 28 1 27 23 
14 25 5 24 2 23 1 22 23 
15 31 5 30 2 29 1 28 23 
14 28 5 27 2 26 1 25 23 
14 30 5 29 2 28 1 27 23 
14 29 5 28 2 27 1 26 23 
15 30 5 29 2 28 1 27 23 
14 28 5 27 2 26 1 25 23 
14 27 5 26 2 25 1 24 23 
14 29 5 28 2 27 1 26 23 
14 28 5 27 2 26 1 25 23 
15 29 5 28 2 27 1 26 23 
14 28 5 27 2 26 1 25 23 
14 28 5 27 2 26 1 25 23 
14 26 5 25 2 24 1 23 23 
14 28 5 27 2 26 1 25 23 
14 27 5 26 2 25 1 24 23 
14 28 5 27 2 26 1 25 23 
14 29 5 28 2 27 1 26 23 
15 28 5 27 2 26 1 25 23 
15 31 5 30 2 29 1 28 23 
14 27 5 26 2 25 1 24 23 
15 26 5 25 2 24 1 23 23 
14 25 5 24 2 23 1 22 23 
14 28 5 27 2 26 1 25 23 
14 28 5 27 2 26 1 25 23 
14 25 5 24 2 23 1 22 23 
14 28 5 27 2 26 1 25 23 
14 27 5 26 2 25 1 24 23 
14 26 5 25 2 24 1 23 23 
14 30 5 29 2 28 1 27 23 
14 28 5 27 2 26 1 25 23 
15 25 5 24 2 23 1 22 23 
14 28 5 27 2 26 1 25 23 
14 27 5 26 2 25 1 24 23 
14 28 5 27 2 26 1 25 23 
14 29 7 28 4 27 3 26 23 
14 27 5 26 2 25 1 24 23 
14 30 5 29 2 28 1 27 23 
14 29 5 28 2 27 1 26 23 
14 29 5 28 2 27 1 26 23 
14 29 5 28 2 27 1 26 23 
14 29 5 28 2 27 1 26 23 
14 27 5 26 2 25 1 24 23 
14 26 5 25 2 24 1 23 23 
14 27 5 26 2 25 1 24 23 
14 28 7 27 4 26 3 25 23 
SCORES_TXT_END_0
SCORES_TXT_BEGIN_0 44 100 9 BLEU
19 51 7 50 5 49 3 48 46 
20 52 7 51 5 50 3 49 46 
19 53 8 52 5 51 3 50 46 
20 54 8 53 5 52 3 51 46 
19 52 7 51 5 50 3 49 46 
19 54 8 53 5 52 3 51 46 
19 51 7 50 5 49 3 48 46 
20 52 7 51 5 50 3 49 46 
19 53 8 52 5 51 3 50 46 
20 54 8 53 5 52 3 51 46 
19 49 7 48 4 47 2 46 46 
19 52 7 51 5 50 3 49 46 
20 51 8 50 4 49 2 48 46 
19 54 8 53 5 52 3 51 46 
19 52 7 51 5 50 3 49 46 
20 53 7 52 5 51 3 50 46 
19 54 8 53 5 52 3 51 46 
20 55 8 54 5 53 3 52 46 
19 53 7 52 5 51 3 50 46 
19 55 8 54 5 53 3 52 46 
19 51 7 50 5 49 3 48 46 
19 53 8 52 5 51 3 50 46 
19 52 7 51 5 50 3 49 46 
19 52 8 51 5 50 3 49 46 
20 53 7 52 5 51 3 50 46 
20 53 8 52 5 51 3 50 46 
19 53 7 52 5 51 3 50 46 
19 54 8 53 5 52 3 51 46 
20 55 8 54 5 53 3 52 46 
19 52 7 51 5 50 3 49 46 
19 55 8 54 5 53 3 52 46 
19 50 7 49 5 48 3 47 46 
18 51 7 50 5 49 3 48 46 
19 52 7 51 5 50 3 49 46 
19 50 7 49 4 48 2 47 46 
19 54 8 53 5 52 3 51 46 
20 53 7 52 5 51 3 50 46 
19 53 7 52 5 51 3 50 46 
19 53 8 52 5 51 3 50 46 
19 52 8 51 5 50 3 49 46 
18 53 8 52 5 51 3 50 46 
19 54 8 53 5 52 3 51 46 
20 52 8 51 4 50 2 49 46 
20 55 8 54 5 53 3 52 46 
19 55 8 54 5 53 3 52 46 
20 50 8 49 5 48 3 47 46 
18 52 7 51 5 50 3 49 46 
19 51 7 50 5 49 3 48 46 
19 53 7 52 5 51 3 50 46 
20 52 9 51 5 50 3 49 46 
18 54 8 53 5 52 3 51 46 
19 53 8 52 5 51 3 50 46 
19 55 8 54 5 53 3 52 46 
19 52 8 51 5 50 3 49 46 
20 53 8 52 5 51 3 50 46 
20 49 8 48 5 47 3 46 46 
19 53 7 52 5 51 3 50 46 
20 51 9 50 5 49 3 48 46 
19 52 7 51 5 50 3 49 46 
19 55 8 54 5 53 3 52 46 
19 50 7 49 5 48 3 47 46 
18 51 7 50 5 49 3 48 46 
19 53 7 52 5 51 3 50 46 
19 54 8 53 5 52 3 51 46 
20 50 8 49 4 48 2 47 46 
19 50 6 49 4 48 2 47 46 
19 51 7 50 5 49 3 48 46 
18 48 7 47 4 46 2 45 46 
20 51 6 50 4 49 2 48 46 
19 53 8 52 5 51 3 50 46 
19 52 8 51 5 50 3 49 46 
19 52 7 51 5 50 3 49 46 
18 53 8 52 5 51 3 50 46 
20 53 7 52 5 51 3 50 46 
19 55 8 54 5 53 3 52 46 
19 52 7 51 4 50 2 49 46 
19 53 8 52 5 51 3 50 46 
19 50 8 49 4 48 2 47 46 
20 53 7 52 4 51 2 50 46 
19 52 7 51 5 50 3 49 46 
19 51 7 50 5 49 3 48 46 
19 52 7 51 5 50 3 49 46 
20 52 7 51 5 50 3 49 46 
20 51 8 50 5 49 3 48 46 
18 52 7 51 5 50 3 49 46 
20 53 7 52 5 51 3 50 46 
21 52 8 51 5 50 3 49 46 
19 54 8 53 5 52 3 51 46 
19 54 8 53 5 52 3 51 46 
19 53 7 52 5 51 3 50 46 
18 54 8 53 5 52 3 51 46 
20 55 8 54 5 53 3 52 46 
18 50 6 49 4 48 2 47 46 
19 52 7 51 5 50 3 49 46 
19 53 7 52 5 51 3 50 46 
20 52 8 51 5 50 3 49 46 
19 53 7 52 5 51 3 50 46 
18 52 7 51 4 50 2 49 46 
19 53 8 52 5 51 3 50 46 
19 55 8 54 5 53 3 52 46 
SCORES_TXT_END_0
SCORES_TXT_BEGIN_0 45 100 9 BLEU
7 43 2 42 1 41 0 40 13 
7 44 2 43 1 42 0 41 13 
7 43 2 42 1 41 0 40 13 
7 43 2 42 1 41 0 40 13 
8 43 2 42 1 41 0 40 13 
5 42 0 41 0 40 0 39 13 
7 44 2 43 1 42 0 41 13 
7 44 2 43 1 42 0 41 13 
7 43 2 42 1 41 0 40 13 
5 41 0 40 0 39 0 38 13 
5 42 0 41 0 40 0 39 13 
7 43 2 42 1 41 0 40 13 
5 43 1 42 0 41 0 40 13 
8 44 2 43 1 42 0 41 13 
5 42 0 41 0 40 0 39 13 
7 43 2 42 1 41 0 40 13 
5 43 1 42 0 41 0 40 13 
5 42 0 41 0 40 0 39 13 
5 41 0 40 0 39 0 38 13 
7 45 2 44 1 43 0 42 13 
7 43 2 42 1 41 0 40 13 
5 41 0 40 0 39 0 38 13 
5 42 0 41 0 40 0 39 13 
5 41 0 40 0 39 0 38 13 
8 43 2 42 1 41 0 40 13 
7 43 2 42 1 41 0 40 13 
7 44 2 43 1 42 0 41 13 
8 44 2 43 1 42 0 41 13 
5 41 0 40 0 39 0 38 13 
7 44 2 43 1 42 0 41 13 
5 42 0 41 0 40 0 39 13 
5 40 0 39 0 38 0 37 13 
5 42 0 41 0 40 0 39 13 
5 41 0 40 0 39 0 38 13 
6 44 1 43 0 42 0 41 13 
7 44 2 43 1 42 0 41 13 
5 40 0 39 0 38 0 37 13 
5 41 0 40 0 39 0 38 13 
8 43 2 42 1 41 0 40 13 
7 44 2 43 1 42 0 41 13 
7 44 2 43 1 42 0 41 13 
6 44 1 43 0 42 0 41 13 
7 43 2 42 1 41 0 40 13 
5 41 0 40 0 39 0 38 13 
8 43 2 42 1 41 0 40 13 
7 43 2 42 1 41 0 40 13 
5 41 0 40 0 39 0 38 13 
5 44 0 43 0 42 0 41 13 
5 39 0 38 0 37 0 36 13 
7 43 2 42 1 41 0 40 13 
8 44 2 43 1 42 0 41 13 
5 40 0 39 0 38 0 37 13 
6 44 2 43 1 42 0 41 13 
5 41 0 40 0 39 0 38 13 
7 44 2 43 1 42 0 41 13 
5 42 0 41 0 40 0 39 13 
5 40 0 39 0 38 0 37 13 
6 42 0 41 0 40 0 39 13 
6 43 1 42 0 41 0 40 13 
7 43 2 42 1 41 0 40 13 
7 44 2 43 1 42 0 41 13 
5 40 0 39 0 38 0 37 13 
5 42 0 41 0 40 0 39 13 
5 41 0 40 0 39 0 38 13 
8 45 2 44 1 43 0 42 13 
6 43 1 42 0 41 0 40 13 
7 44 2 43 1 42 0 41 13 
7 44 2 43 1 42 0 41 13 
5 42 0 41 0 40 0 39 13 
5 43 0 42 0 41 0 40 13 
5 41 0 40 0 39 0 38 13 
8 42 2 41 1 40 0 39 13 
8 44 2 43 1 42 0 41 13 
7 43 2 42 1 41 0 40 13 
5 39 0 38 0 37 0 36 13 
7 43 2 42 1 41 0 40 13 
6 41 0 40 0 39 0 38 13 
8 44 2 43 1 42 0 41 13 
6 44 2 43 1 42 0 41 13 
7 43 2 42 1 41 0 40 13 
5 41 0 40 0 39 0 38 13 
8 44 2 43 1 42 0 41 13 
7 43 2 42 1 41 0 40 13 
5 44 0 43 0 42 0 41 13 
6 41 0 40 0 39 0 38 13 
6 42 0 41 0 40 0 39 13 
8 44 2 43 1 42 0 41 13 
6 44 2 43 1 42 0 41 13 
8 43 2 42 1 41 0 40 13 
6 41 0 40 0 39 0 38 13 
5 41 0 40 0 39 0 38 13 
5 40 0 39 0 38 0 37 13 
7 42 2 41 1 40 0 39 13 
5 42 0 41 0 40 0 39 13 
6 43 1 42 0 41 0 40 13 
6 42 0 41 0 40 0 39 13 
7 43 2 42 1 41 0 40 13 
6 46 1 45 0 44 0 43 13 
7 43 2 42 1 41 0 40 13 
5 41 0 40 0 39 0 38 13 
SCORES_TXT_END_0
SCORES_TXT_BEGIN_0 46 97 9 BLEU
9 34 1 33 0 32 0 31 23 
9 34 1 33 0 32 0 31 23 
9 33 1 32 0 31 0 30 23 
9 34 0 33 0 32 0 31 23 
9 33 1 32 0 31 0 30 23 
9 34 1 33 0 32 0 31 23 
9 34 1 33 0 32 0 31 23 
10 35 1 34 0 33 0 32 23 
9 33 0 32 0 31 0 30 23 
8 33 0 32 0 31 0 30 23 
8 34 1 33 0 32 0 31 23 
10 35 1 34 0 33 0 32 23 
10 35 1 34 0 33 0 32 23 
8 33 0 32 0 31 0 30 23 
10 35 1 34 0 33 0 32 23 
8 34 1 33 0 32 0 31 23 
9 34 0 33 0 32 0 31 23 
9 34 0 33 0 32 0 31 23 
10 34 1 33 0 32 0 31 23 
10 35 1 34 0 33 0 32 23 
9 33 1 32 0 31 0 30 23 
8 34 1 33 0 32 0 31 23 
9 33 1 32 0 31 0 30 23 
9 34 0 33 0 32 0 31 23 
10 34 1 33 0 32 0 31 23 
9 34 0 33 0 32 0 31 23 
9 34 0 33 0 32 0 31 23 
8 32 0 31 0 30 0 29 23 
8 33 1 32 0 31 0 30 23 
8 34 1 33 0 32 0 31 23 
9 34 1 33 0 32 0 31 23 
10 34 1 33 0 32 0 31 23 
10 34 1 33 0 32 0 31 23 
9 34 1 33 0 32 0 31 23 
10 35 1 34 0 33 0 32 23 
8 32 0 31 0 30 0 29 23 
10 34 1 33 0 32 0 31 23 
8 34 0 33 0 32 0 31 23 
8 33 1 32 0 31 0 30 23 
9 35 1 34 0 33 0 32 23 
10 35 1 34 0 33 0 32 23 
10 35 1 34 0 33 0 32 23 
9 34 1 33 0 32 0 31 23 
9 34 1 33 0 32 0 31 23 
10 35 1 34 0 33 0 32 23 
9 33 0 32 0 31 0 30 23 
9 33 0 32 0 31 0 30 23 
10 35 1 34 0 33 0 32 23 
9 35 1 34 0 33 0 32 23 
10 35 0 34 0 33 0 32 23 
10 34 1 33 0 32 0 31 23 
9 35 1 34 0 33 0 32 23 
10 35 1 34 0 33 0 32 23 
9 34 0 33 0 32 0 31 23 
9 34 1 33 0 32 0 31 23 
10 35 1 34 0 33 0 32 23 
9 34 1 33 0 32 0 31 23 
9 35 1 34 0 33 0 32 23 
8 33 1 32 0 31 0 30 23 
9 33 0 32 0 31 0 30 23 
9 34 1 33 0 32 0 31 23 
10 36 1 35 0 34 0 33 23 
9 34 1 33 0 32 0 31 23 
9 34 1 33 0 32 0 31 23 
9 33 0 32 0 31 0 30 23 
9 34 1 33 0 32 0 31 23 
10 35 1 34 0 33 0 32 23 
8 34 1 33 0 32 0 31 23 
8 34 1 33 0 32 0 31 23 
9 33 0 32 0 31 0 30 23 
9 34 1 33 0 32 0 31 23 
9 34 0 33 0 32 0 31 23 
8 34 0 33 0 32 0 31 23 
8 33 1 32 0 31 0 30 23 
9 34 1 33 0 32 0 31 23 
9 34 1 33 0 32 0 31 23 
9 33 1 32 0 31 0 30 23 
9 34 1 33 0 32 0 31 23 
10 35 1 34 0 33 0 32 23 
10 34 1 33 0 32 0 31 23 
10 35 1 34 0 33 0 32 23 
9 34 1 33 0 32 0 31 23 
10 34 1 33 0 32 0 31 23 
8 34 1 33 0 32 0 31 23 
8 34 1 33 0 32 0 31 23 
9 34 0 33 0 32 0 31 23 
9 34 0 33 0 32 0 31 23 
9 34 0 33 0 32 0 31 23 
8 33 0 32 0 31 0 30 23 
9 34 1 33 0 32 0 31 23 
10 34 1 33 0 32 0 31 23 
9 34 0 33 0 32 0 31 23 
10 34 1 33 0 32 0 31 23 
9 34 1 33 0 32 0 31 23 
9 34 0 33 0 32 0 31 23 
9 33 1 32 0 31 0 30 23 
7 33 0 32 0 31 0 30 23 
SCORES_TXT_END_0
SCORES_TXT_BEGIN_0 47 68 9 BLEU
13 59 2 58 0 57 0 56 30 
13 60 2 59 0 58 0 57 30 
13 59 2 58 0 57 0 56 30 
13 60 2 59 0 58 0 57 30 
13 60 2 59 0 58 0 57 30 
13 61 2 60 0 59 0 58 30 
13 61 2 60 0 59 0 58 30 
13 62 2 61 0 60 0 59 30 
13 60 2 59 0 58 0 57 30 
13 61 2 60 0 59 0 58 30 
13 61 2 60 0 59 0 58 30 
13 62 2 61 0 60 0 59 30 
13 60 2 59 0 58 0 57 30 
13 61 2 60 0 59 0 58 30 
13 58 2 57 0 56 0 55 30 
13 60 2 59 0 58 0 57 30 
13 59 2 58 0 57 0 56 30 
13 61 2 60 0 59 0 58 30 
13 59 2 58 0 57 0 56 30 
13 60 2 59 0 58 0 57 30 
13 58 2 57 0 56 0 55 30 
13 59 2 58 0 57 0 56 30 
13 58 2 57 0 56 0 55 30 
13 59 2 58 0 57 0 56 30 
13 59 2 58 0 57 0 56 30 
12 58 2 57 0 56 0 55 30 
13 60 2 59 0 58 0 57 30 
12 59 2 58 0 57 0 56 30 
13 59 2 58 0 57 0 56 30 
13 60 2 59 0 58 0 57 30 
13 60 2 59 0 58 0 57 30 
13 61 2 60 0 59 0 58 30 
13 58 2 57 0 56 0 55 30 
13 59 2 58 0 57 0 56 30 
13 60 2 59 0 58 0 57 30 
13 59 2 58 0 57 0 56 30 
13 60 2 59 0 58 0 57 30 
13 61 2 60 0 59 0 58 30 
13 59 2 58 0 57 0 56 30 
13 59 2 58 0 57 0 56 30 
13 60 2 59 0 58 0 57 30 
13 59 2 58 0 57 0 56 30 
13 58 2 57 0 56 0 55 30 
13 60 2 59 0 58 0 57 30 
13 59 2 58 0 57 0 56 30 
13 58 2 57 0 56 0 55 30 
13 59 2 58 0 57 0 56 30 
13 59 2 58 0 57 0 56 30 
12 58 2 57 0 56 0 55 30 
13 60 2 59 0 58 0 57 30 
12 59 2 58 0 57 0 56 30 
13 59 2 58 0 57 0 56 30 
13 58 2 57 0 56 0 55 30 
13 59 2 58 0 57 0 56 30 
13 59 2 58 0 57 0 56 30 
13 60 2 59 0 58 0 57 30 
13 61 2 60 0 59 0 58 30 
13 62 2 61 0 60 0 59 30 
12 59 2 58 0 57 0 56 30 
13 59 2 58 0 57 0 56 30 
12 60 2 59 0 58 0 57 30 
13 58 2 57 0 56 0 55 30 
13 60 2 59 0 58 0 57 30 
13 61 2 60 0 59 0 58 30 
13 60 2 59 0 58 0 57 30 
13 59 2 58 0 57 0 56 30 
13 62 2 61 0 60 0 59 30 
13 61 2 60 0 59 0 58 30 
SCORES_TXT_END_0
SCORES_TXT_BEGIN_0 48 100 9 BLEU
7 23 0 22 0 21 0 20 22 
7 24 0 23 0 22 0 21 22 
7 22 0 21 0 20 0 19 22 
7 23 0 22 0 21 0 20 22 
7 23 0 22 0 21 0 20 22 
7 24 0 23 0 22 0 21 22 
7 22 0 21 0 20 0 19 22 
7 23 0 22 0 21 0 20 22 
7 23 0 22 0 21 0 20 22 
7 24 0 23 0 22 0 21 22 
7 22 0 21 0 20 0 19 22 
7 23 0 22 0 21 0 20 22 
7 24 0 23 0 22 0 21 22 
7 23 0 22 0 21 0 20 22 
7 24 0 23 0 22 0 21 22 
7 23 0 22 0 21 0 20 22 
7 24 0 23 0 22 0 21 22 
7 24 1 23 0 22 0 21 22 
7 23 0 22 0 21 0 20 22 
7 23 0 22 0 21 0 20 22 
7 22 0 21 0 20 0 19 22 
7 23 0 22 0 21 0 20 22 
7 23 1 22 0 21 0 20 22 
7 22 0 21 0 20 0 19 22 
7 23 0 22 0 21 0 20 22 
7 24 0 23 0 22 0 21 22 
7 22 0 21 0 20 0 19 22 
7 23 0 22 0 21 0 20 22 
7 23 0 22 0 21 0 20 22 
7 22 0 21 0 20 0 19 22 
7 23 0 22 0 21 0 20 22 
7 23 0 22 0 21 0 20 22 
7 24 0 23 0 22 0 21 22 
7 25 0 24 0 23 0 22 22 
7 21 0 20 0 19 0 18 22 
7 22 0 21 0 20 0 19 22 
7 22 0 21 0 20 0 19 22 
7 24 0 23 0 22 0 21 22 
7 22 0 21 0 20 0 19 22 
7 23 0 22 0 21 0 20 22 
7 24 0 23 0 22 0 21 22 
7 23 0 22 0 21 0 20 22 
7 23 0 22 0 21 0 20 22 
7 24 0 23 0 22 0 21 22 
7 23 0 22 0 21 0 20 22 
7 22 0 21 0 20 0 19 22 
7 22 0 21 0 20 0 19 22 
7 23 0 22 0 21 0 20 22 
7 24 0 23 0 22 0 21 22 
7 24 0 23 0 22 0 21 22 
7 23 0 22 0 21 0 20 22 
7 24 0 23 0 22 0 21 22 
7 24 0 23 0 22 0 21 22 
7 24 1 23 0 22 0 21 22 
7 23 0 22 0 21 0 20 22 
7 23 0 22 0 21 0 20 22 
7 23 0 22 0 21 0 20 22 
7 23 0 22 0 21 0 20 22 
7 22 0 21 0 20 0 19 22 
7 23 0 22 0 21 0 20 22 
7 24 0 23 0 22 0 21 22 
7 23 0 22 0 21 0 20 22 
7 23 1 22 0 21 0 20 22 
7 22 0 21 0 20 0 19 22 
7 22 0 21 0 20 0 19 22 
7 23 0 22 0 21 0 20 22 
7 23 0 22 0 21 0 20 22 
7 24 0 23 0 22 0 21 22 
7 23 0 22 0 21 0 20 22 
7 24 0 23 0 22 0 21 22 
7 22 0 21 0 20 0 19 22 
7 23 0 22 0 21 0 20 22 
7 23 0 22 0 21 0 20 22 
7 22 0 21 0 20 0 19 22 
7 23 0 22 0 21 0 20 22 
7 23 0 22 0 21 0 20 22 
7 24 1 23 0 22 0 21 22 
7 24 0 23 0 22 0 21 22 
7 22 0 21 0 20 0 19 22 
7 25 0 24 0 23 0 22 22 
7 23 0 22 0 21 0 20 22 
7 22 0 21 0 20 0 19 22 
7 21 0 20 0 19 0 18 22 
7 22 0 21 0 20 0 19 22 
7 22 0 21 0 20 0 19 22 
7 23 0 22 0 21 0 20 22 
7 22 0 21 0 20 0 19 22 
7 23 1 22 0 21 0 20 22 
7 24 1 23 0 22 0 21 22 
7 23 0 22 0 21 0 20 22 
7 24 0 23 0 22 0 21 22 
7 21 0 20 0 19 0 18 22 
7 23 0 22 0 21 0 20 22 
7 23 0 22 0 21 0 20 22 
7 24 0 23 0 22 0 21 22 
7 22 0 21 0 20 0 19 22 
7 23 1 22 0 21 0 20 22 
7 23 0 22 0 21 0 20 22 
7 22 0 21 0 20 0 19 22 
7 22 0 21 0 20 0 19 22 
SCORES_TXT_END_0
SCORES_TXT_BEGIN_0 49 25 9 BLEU
9 38 2 37 1 36 0 35 43 
9 37 2 36 1 35 0 34 43 
9 37 2 36 1 35 0 34 43 
9 37 2 36 1 35 0 34 43 
10 37 2 36 1 35 0 34 43 
9 38 2 37 1 36 0 35 43 
10 37 2 36 1 35 0 34 43 
10 38 2 37 1 36 0 35 43 
10 37 2 36 1 35 0 34 43 
9 36 2 35 1 34 0 33 43 
9 36 2 35 1 34 0 33 43 
10 38 4 37 2 36 0 35 43 
10 36 2 35 1 34 0 33 43 
9 38 2 37 1 36 0 35 43 
9 37 2 36 1 35 0 34 43 
10 36 2 35 1 34 0 33 43 
10 37 2 36 1 35 0 34 43 
9 37 2 36 1 35 0 34 43 
10 36 2 35 1 34 0 33 43 
10 37 2 36 1 35 0 34 43 
9 37 2 36 1 35 0 34 43 
11 38 2 37 1 36 0 35 43 
11 39 2 38 1 37 0 36 43 
10 37 2 36 1 35 0 34 43 
10 37 2 36 1 35 0 34 43 
SCORES_TXT_END_0
SCORES_TXT_BEGIN_0 50 90 9 BLEU
11 56 2 55 0 54 0 53 23 
11 55 2 54 0 53 0 52 23 
11 55 2 54 0 53 0 52 23 
11 54 2 53 0 52 0 51 23 
11 54 2 53 0 52 0 51 23 
11 57 2 56 0 55 0 54 23 
11 53 2 52 0 51 0 50 23 
11 56 2 55 0 54 0 53 23 
11 57 2 56 0 55 0 54 23 
11 56 2 55 0 54 0 53 23 
11 53 2 52 0 51 0 50 23 
11 56 2 55 0 54 0 53 23 
11 55 2 54 0 53 0 52 23 
11 52 2 51 0 50 0 49 23 
11 56 2 55 0 54 0 53 23 
11 56 2 55 0 54 0 53 23 
11 55 2 54 0 53 0 52 23 
11 54 2 53 0 52 0 51 23 
11 55 2 54 0 53 0 52 23 
11 55 2 54 0 53 0 52 23 
11 57 2 56 0 55 0 54 23 
11 55 2 54 0 53 0 52 23 
11 55 2 54 0 53 0 52 23 
11 56 2 55 0 54 0 53 23 
11 54 2 53 0 52 0 51 23 
11 56 2 55 0 54 0 53 23 
11 55 2 54 0 53 0 52 23 
11 55 2 54 0 53 0 52 23 
11 55 2 54 0 53 0 52 23 
11 54 2 53 0 52 0 51 23 
11 54 2 53 0 52 0 51 23 
11 55 2 54 0 53 0 52 23 
11 53 2 52 0 51 0 50 23 
11 56 2 55 0 54 0 53 23 
11 55 2 54 0 53 0 52 23 
11 54 2 53 0 52 0 51 23 
11 54 2 53 0 52 0 51 23 
11 54 2 53 0 52 0 51 23 
11 55 2 54 0 53 0 52 23 
11 54 2 53 0 52 0 51 23 
11 55 2 54 0 53 0 52 23 
11 54 2 53 0 52 0 51 23 
11 56 2 55 0 54 0 53 23 
11 56 2 55 0 54 0 53 23 
11 53 2 52 0 51 0 50 23 
11 55 2 54 0 53 0 52 23 
11 55 2 54 0 53 0 52 23 
11 52 2 51 0 50 0 49 23 
11 57 2 56 0 55 0 54 23 
11 56 2 55 0 54 0 53 23 
11 57 2 56 0 55 0 54 23 
11 57 2 56 0 55 0 54 23 
11 56 2 55 0 54 0 53 23 
11 55 2 54 0 53 0 52 23 
11 56 2 55 0 54 0 53 23 
11 55 2 54 0 53 0 52 23 
11 57 2 56 0 55 0 54 23 
11 56 2 55 0 54 0 53 23 
11 56 2 55 0 54 0 53 23 
11 56 2 55 0 54 0 53 23 
11 56 2 55 0 54 0 53 23 
11 58 2 57 0 56 0 55 23 
11 57 2 56 0 55 0 54 23 
11 57 2 56 0 55 0 54 23 
11 55 2 54 0 53 0 52 23 
11 56 2 55 0 54 0 53 23 
11 52 2 51 0 50 0 49 23 
11 55 2 54 0 53 0 52 23 
11 55 2 54 0 53 0 52 23 
11 55 2 54 0 53 0 52 23 
11 57 2 56 0 55 0 54 23 
11 56 2 55 0 54 0 53 23 
11 56 2 55 0 54 0 53 23 
11 56 2 55 0 54 0 53 23 
11 58 2 57 0 56 0 55 23 
11 58 2 57 0 56 0 55 23 
11 51 2 50 0 49 0 48 23 
11 54 2 53 0 52 0 51 23 
11 57 2 56 0 55 0 54 23 
11 55 2 54 0 53 0 52 23 
11 54 2 53 0 52 0 51 23 
11 57 2 56 0 55 0 54 23 
11 57 2 56 0 55 0 54 23 
11 56 2 55 0 54 0 53 23 
11 58 2 57 0 56 0 55 23 
11 54 2 53 0 52 0 51 23 
11 53 2 52 0 51 0 50 23 
11 55 2 54 0 53 0 52 23 
11 54 2 53 0 52 0 51 23 
11 55 2 54 0 53 0 52 23 
SCORES_TXT_END_0
SCORES_TXT_BEGIN_0 51 100 9 BLEU
5 24 2 23 1 22 0 21 12 
5 24 2 23 1 22 0 21 12 
5 24 2 23 1 22 0 21 12 
5 25 2 24 1 23 0 22 12 
5 26 2 25 1 24 0 23 12 
5 25 2 24 1 23 0 22 12 
5 24 2 23 1 22 0 21 12 
5 25 2 24 1 23 0 22 12 
5 24 2 23 1 22 0 21 12 
5 24 2 23 1 22 0 21 12 
5 25 2 24 1 23 0 22 12 
5 26 2 25 1 24 0 23 12 
5 24 2 23 1 22 0 21 12 
5 27 2 26 1 25 0 24 12 
5 25 2 24 1 23 0 22 12 
5 24 2 23 1 22 0 21 12 
5 24 2 23 1 22 0 21 12 
5 26 2 25 1 24 0 23 12 
5 25 2 24 1 23 0 22 12 
5 26 2 25 1 24 0 23 12 
5 24 2 23 1 22 0 21 12 
5 24 2 23 1 22 0 21 12 
5 23 2 22 1 21 0 20 12 
5 25 2 24 1 23 0 22 12 
5 25 2 24 1 23 0 22 12 
5 23 2 22 1 21 0 20 12 
5 25 2 24 1 23 0 22 12 
5 24 2 23 1 22 0 21 12 
5 25 2 24 1 23 0 22 12 
5 24 2 23 1 22 0 21 12 
5 24 2 23 1 22 0 21 12 
5 25 2 24 1 23 0 22 12 
5 26 2 25 1 24 0 23 12 
6 24 2 23 1 22 0 21 12 
5 26 2 25 1 24 0 23 12 
5 24 2 23 1 22 0 21 12 
5 26 2 25 1 24 0 23 12 
5 23 2 22 1 21 0 20 12 
5 25 2 24 1 23 0 22 12 
5 24 2 23 1 22 0 21 12 
5 24 2 23 1 22 0 21 12 
5 25 2 24 1 23 0 22 12 
5 25 2 24 1 23 0 22 12 
5 25 2 24 1 23 0 22 12 
5 26 2 25 1 24 0 23 12 
5 27 2 26 1 25 0 24 12 
5 23 2 22 1 21 0 20 12 
5 25 2 24 1 23 0 22 12 
5 23 2 22 1 21 0 20 12 
5 24 2 23 1 22 0 21 12 
5 26 2 25 1 24 0 23 12 
5 24 2 23 1 22 0 21 12 
5 27 2 26 1 25 0 24 12 
5 24 2 23 1 22 0 21 12 
5 25 3 24 2 23 1 22 12 
5 26 2 25 1 24 0 23 12 
5 23 2 22 1 21 0 20 12 
6 24 2 23 1 22 0 21 12 
5 24 2 23 1 22 0 21 12 
5 25 3 24 2 23 1 22 12 
5 26 2 25 1 24 0 23 12 
5 24 2 23 1 22 0 21 12 
5 24 2 23 1 22 0 21 12 
5 25 3 24 2 23 1 22 12 
5 25 2 24 1 23 0 22 12 
5 26 2 25 1 24 0 23 12 
5 27 2 26 1 25 0 24 12 
5 27 2 26 1 25 0 24 12 
5 24 2 23 1 22 0 21 12 
5 25 2 24 1 23 0 22 12 
5 25 2 24 1 23 0 22 12 
5 24 2 23 1 22 0 21 12 
5 25 2 24 1 23 0 22 12 
5 26 2 25 1 24 0 23 12 
5 24 2 23 1 22 0 21 12 
5 25 2 24 1 23 0 22 12 
5 26 3 25 2 24 1 23 12 
5 24 2 23 1 22 0 21 12 
5 25 2 24 1 23 0 22 12 
6 24 2 23 1 22 0 21 12 
5 24 2 23 1 22 0 21 12 
5 24 2 23 1 22 0 21 12 
5 24 2 23 1 22 0 21 12 
5 24 2 23 1 22 0 21 12 
5 25 2 24 1 23 0 22 12 
5 25 2 24 1 23 0 22 12 
5 25 2 24 1 23 0 22 12 
5 24 2 23 1 22 0 21 12 
5 24 2 23 1 22 0 21 12 
5 25 2 24 1 23 0 22 12 
5 27 3 26 2 25 1 24 12 
5 24 2 23 1 22 0 21 12 
6 24 2 23 1 22 0 21 12 
5 23 2 22 1 21 0 20 12 
5 26 2 25 1 24 0 23 12 
5 24 2 23 1 22 0 21 12 
5 24 2 23 1 22 0 21 12 
5 24 2 23 1 22 0 21 12 
5 23 2 22 1 21 0 20 12 
5 25 2 24 1 23 0 22 12 
SCORES_TXT_END_0
SCORES_TXT_BEGIN_0 52 100 9 BLEU
7 28 1 27 0 26 0 25 25 
7 26 1 25 0 24 0 23 25 
7 26 1 25 0 24 0 23 25 
7 26 1 25 0 24 0 23 25 
8 28 1 27 0 26 0 25 25 
8 26 1 25 0 24 0 23 25 
7 28 1 27 0 26 0 25 25 
8 26 1 25 0 24 0 23 25 
7 25 1 24 0 23 0 22 25 
7 27 1 26 0 25 0 24 25 
8 26 1 25 0 24 0 23 25 
7 27 1 26 0 25 0 24 25 
7 27 1 26 0 25 0 24 25 
7 28 1 27 0 26 0 25 25 
7 28 1 27 0 26 0 25 25 
8 28 2 27 0 26 0 25 25 
7 25 1 24 0 23 0 22 25 
8 27 2 26 0 25 0 24 25 
7 26 1 25 0 24 0 23 25 
8 27 1 26 0 25 0 24 25 
6 26 1 25 0 24 0 23 25 
7 25 1 24 0 23 0 22 25 
7 26 1 25 0 24 0 23 25 
9 27 1 26 0 25 0 24 25 
8 28 1 27 0 26 0 25 25 
7 25 1 24 0 23 0 22 25 
7 26 1 25 0 24 0 23 25 
7 26 1 25 0 24 0 23 25 
6 26 1 25 0 24 0 23 25 
7 27 1 26 0 25 0 24 25 
7 26 1 25 0 24 0 23 25 
8 25 1 24 0 23 0 22 25 
7 27 1 26 0 25 0 24 25 
8 28 2 27 0 26 0 25 25 
8 27 1 26 0 25 0 24 25 
7 28 1 27 0 26 0 25 25 
7 26 1 25 0 24 0 23 25 
8 29 1 28 0 27 0 26 25 
7 26 1 25 0 24 0 23 25 
8 27 1 26 0 25 0 24 25 
8 30 1 29 0 28 0 27 25 
8 30 1 29 0 28 0 27 25 
8 27 1 26 0 25 0 24 25 
8 28 1 27 0 26 0 25 25 
11 26 1 25 0 24 0 23 25 
9 28 2 27 0 26 0 25 25 
10 27 2 26 0 25 0 24 25 
7 27 1 26 0 25 0 24 25 
6 25 1 24 0 23 0 22 25 
7 28 1 27 0 26 0 25 25 
7 26 1 25 0 24 0 23 25 
7 28 1 27 0 26 0 25 25 
10 29 2 28 0 27 0 26 25 
8 27 1 26 0 25 0 24 25 
9 27 2 26 0 25 0 24 25 
8 28 2 27 0 26 0 25 25 
9 27 1 26 0 25 0 24 25 
7 26 1 25 0 24 0 23 25 
7 27 1 26 0 25 0 24 25 
8 28 1 27 0 26 0 25 25 
7 27 1 26 0 25 0 24 25 
7 26 1 25 0 24 0 23 25 
7 26 1 25 0 24 0 23 25 
9 29 0 28 0 27 0 26 25 
7 25 1 24 0 23 0 22 25 
8 27 1 26 0 25 0 24 25 
7 28 1 27 0 26 0 25 25 
7 24 1 23 0 22 0 21 25 
7 28 1 27 0 26 0 25 25 
6 25 1 24 0 23 0 22 25 
7 26 1 25 0 24 0 23 25 
7 26 1 25 0 24 0 23 25 
6 26 1 25 0 24 0 23 25 
7 25 1 24 0 23 0 22 25 
9 27 1 26 0 25 0 24 25 
7 28 1 27 0 26 0 25 25 
7 26 1 25 0 24 0 23 25 
10 27 1 26 0 25 0 24 25 
8 27 1 26 0 25 0 24 25 
7 27 1 26 0 25 0 24 25 
8 26 1 25 0 24 0 23 25 
8 30 1 29 0 28 0 27 25 
7 26 1 25 0 24 0 23 25 
7 28 1 27 0 26 0 25 25 
8 26 1 25 0 24 0 23 25 
9 26 2 25 1 24 0 23 25 
7 26 1 25 0 24 0 23 25 
7 27 1 26 0 25 0 24 25 
8 27 1 26 0 25 0 24 25 
7 27 1 26 0 25 0 24 25 
8 27 1 26 0 25 0 24 25 
7 27 1 26 0 25 0 24 25 
8 26 1 25 0 24 0 23 25 
7 26 1 25 0 24 0 23 25 
9 28 2 27 0 26 0 25 25 
7 28 1 27 0 26 0 25 25 
10 31 3 30 1 29 0 28 25 
8 28 1 27 0 26 0 25 25 
8 26 1 25 0 24 0 23 25 
9 29 1 28 0 27 0 26 25 
SCORES_TXT_END_0
SCORES_TXT_BEGIN_0 53 73 9 BLEU
6 34 2 33 1 32 0 31 14 
4 34 0 33 0 32 0 31 14 
4 36 0 35 0 34 0 33 14 
6 35 2 34 1 33 0 32 14 
6 33 2 32 1 31 0 30 14 
6 35 2 34 1 33 0 32 14 
4 33 0 32 0 31 0 30 14 
6 35 2 34 1 33 0 32 14 
4 33 0 32 0 31 0 30 14 
4 34 0 33 0 32 0 31 14 
4 35 0 34 0 33 0 32 14 
4 35 0 34 0 33 0 32 14 
4 33 0 32 0 31 0 30 14 
4 35 0 34 0 33 0 32 14 
4 35 0 34 0 33 0 32 14 
4 35 0 34 0 33 0 32 14 
4 35 0 34 0 33 0 32 14 
6 34 2 33 1 32 0 31 14 
4 37 0 36 0 35 0 34 14 
6 35 2 34 1 33 0 32 14 
4 35 0 34 0 33 0 32 14 
6 34 2 33 1 32 0 31 14 
6 35 2 34 1 33 0 32 14 
4 37 0 36 0 35 0 34 14 
4 33 0 32 0 31 0 30 14 
5 31 1 30 0 29 0 28 14 
4 37 0 36 0 35 0 34 14 
4 34 0 33 0 32 0 31 14 
4 34 0 33 0 32 0 31 14 
6 35 2 34 1 33 0 32 14 
4 32 0 31 0 30 0 29 14 
4 35 0 34 0 33 0 32 14 
4 33 0 32 0 31 0 30 14 
4 34 0 33 0 32 0 31 14 
4 32 0 31 0 30 0 29 14 
4 34 0 33 0 32 0 31 14 
4 34 0 33 0 32 0 31 14 
4 34 0 33 0 32 0 31 14 
4 35 0 34 0 33 0 32 14 
4 34 0 33 0 32 0 31 14 
4 34 0 33 0 32 0 31 14 
4 31 0 30 0 29 0 28 14 
4 32 0 31 0 30 0 29 14 
4 33 0 32 0 31 0 30 14 
4 35 0 34 0 33 0 32 14 
6 34 2 33 1 32 0 31 14 
4 36 0 35 0 34 0 33 14 
4 33 0 32 0 31 0 30 14 
4 34 0 33 0 32 0 31 14 
5 33 1 32 0 31 0 30 14 
4 33 0 32 0 31 0 30 14 
6 35 2 34 1 33 0 32 14 
6 34 2 33 1 32 0 31 14 
4 34 0 33 0 32 0 31 14 
4 34 0 33 0 32 0 31 14 
4 34 0 33 0 32 0 31 14 
4 34 0 33 0 32 0 31 14 
4 35 0 34 0 33 0 32 14 
4 36 0 35 0 34 0 33 14 
4 31 0 30 0 29 0 28 14 
5 32 0 31 0 30 0 29 14 
4 35 0 34 0 33 0 32 14 
4 31 0 30 0 29 0 28 14 
4 36 0 35 0 34 0 33 14 
4 34 0 33 0 32 0 31 14 
6 34 2 33 1 32 0 31 14 
4 32 0 31 0 30 0 29 14 
4 31 0 30 0 29 0 28 14 
4 36 0 35 0 34 0 33 14 
4 30 0 29 0 28 0 27 14 
6 32 1 31 0 30 0 29 14 
4 32 0 31 0 30 0 29 14 
4 31 0 30 0 29 0 28 14 
SCORES_TXT_END_0
SCORES_TXT_BEGIN_0 54 100 9 BLEU
7 31 1 30 0 29 0 28 26 
7 30 1 29 0 28 0 27 26 
7 27 1 26 0 25 0 24 26 
7 27 1 26 0 25 0 24 26 
7 30 1 29 0 28 0 27 26 
7 31 1 30 0 29 0 28 26 
7 30 1 29 0 28 0 27 26 
7 27 1 26 0 25 0 24 26 
7 31 1 30 0 29 0 28 26 
7 27 1 26 0 25 0 24 26 
7 31 1 30 0 29 0 28 26 
7 30 1 29 0 28 0 27 26 
7 28 1 27 0 26 0 25 26 
7 31 1 30 0 29 0 28 26 
7 30 1 29 0 28 0 27 26 
7 30 1 29 0 28 0 27 26 
7 31 1 30 0 29 0 28 26 
7 30 1 29 0 28 0 27 26 
7 29 1 28 0 27 0 26 26 
7 27 1 26 0 25 0 24 26 
7 26 1 25 0 24 0 23 26 
7 30 1 29 0 28 0 27 26 
8 31 2 30 0 29 0 28 26 
7 31 1 30 0 29 0 28 26 
7 27 1 26 0 25 0 24 26 
7 26 1 25 0 24 0 23 26 
7 27 1 26 0 25 0 24 26 
7 30 1 29 0 28 0 27 26 
7 29 1 28 0 27 0 26 26 
7 31 1 30 0 29 0 28 26 
7 27 1 26 0 25 0 24 26 
7 30 1 29 0 28 0 27 26 
7 28 1 27 0 26 0 25 26 
7 31 1 30 0 29 0 28 26 
7 30 1 29 0 28 0 27 26 
7 30 1 29 0 28 0 27 26 
7 30 1 29 0 28 0 27 26 
7 32 1 31 0 30 0 29 26 
7 27 1 26 0 25 0 24 26 
7 32 1 31 0 30 0 29 26 
6 31 1 30 0 29 0 28 26 
7 29 1 28 0 27 0 26 26 
7 27 1 26 0 25 0 24 26 
7 30 1 29 0 28 0 27 26 
8 28 2 27 0 26 0 25 26 
7 31 1 30 0 29 0 28 26 
7 26 1 25 0 24 0 23 26 
7 31 1 30 0 29 0 28 26 
7 31 1 30 0 29 0 28 26 
7 30 1 29 0 28 0 27 26 
8 31 2 30 0 29 0 28 26 
7 28 1 27 0 26 0 25 26 
7 31 1 30 0 29 0 28 26 
7 30 1 29 0 28 0 27 26 
7 28 1 27 0 26 0 25 26 
7 27 1 26 0 25 0 24 26 
7 26 1 25 0 24 0 23 26 
7 31 1 30 0 29 0 28 26 
7 30 1 29 0 28 0 27 26 
7 30 1 29 0 28 0 27 26 
7 29 1 28 0 27 0 26 26 
7 29 1 28 0 27 0 26 26 
7 28 1 27 0 26 0 25 26 
6 27 1 26 0 25 0 24 26 
7 28 1 27 0 26 0 25 26 
7 31 1 30 0 29 0 28 26 
7 30 1 29 0 28 0 27 26 
7 31 1 30 0 29 0 28 26 
7 31 1 30 0 29 0 28 26 
7 28 1 27 0 26 0 25 26 
7 31 1 30 0 29 0 28 26 
7 30 1 29 0 28 0 27 26 
7 28 1 27 0 26 0 25 26 
7 31 1 30 0 29 0 28 26 
6 27 1 26 0 25 0 24 26 
7 30 1 29 0 28 0 27 26 
7 27 1 26 0 25 0 24 26 
7 31 1 30 0 29 0 28 26 
6 30 1 29 0 28 0 27 26 
7 31 1 30 0 29 0 28 26 
6 30 1 29 0 28 0 27 26 
7 27 1 26 0 25 0 24 26 
7 32 1 31 0 30 0 29 26 
7 30 1 29 0 28 0 27 26 
7 31 1 30 0 29 0 28 26 
7 31 1 30 0 29 0 28 26 
7 30 1 29 0 28 0 27 26 
8 31 2 30 0 29 0 28 26 
8 30 2 29 0 28 0 27 26 
7 30 1 29 0 28 0 27 26 
7 28 1 27 0 26 0 25 26 
7 31 1 30 0 29 0 28 26 
7 29 1 28 0 27 0 26 26 
7 27 1 26 0 25 0 24 26 
8 28 2 27 0 26 0 25 26 
7 30 1 29 0 28 0 27 26 
7 30 1 29 0 28 0 27 26 
7 30 1 29 0 28 0 27 26 
7 27 1 26 0 25 0 24 26 
8 31 2 30 0 29 0 28 26 
SCORES_TXT_END_0
SCORES_TXT_BEGIN_0 55 66 9 BLEU
8 32 1 31 0 30 0 29 19 
8 34 2 33 0 32 0 31 19 
8 34 2 33 0 32 0 31 19 
8 34 2 33 0 32 0 31 19 
8 34 2 33 0 32 0 31 19 
8 33 2 32 0 31 0 30 19 
8 34 2 33 0 32 0 31 19 
8 34 2 33 0 32 0 31 19 
8 34 2 33 0 32 0 31 19 
8 35 3 34 0 33 0 32 19 
8 34 2 33 0 32 0 31 19 
8 35 3 34 0 33 0 32 19 
8 35 3 34 0 33 0 32 19 
8 35 3 34 0 33 0 32 19 
8 33 2 32 0 31 0 30 19 
8 35 3 34 0 33 0 32 19 
8 35 3 34 0 33 0 32 19 
8 34 2 33 0 32 0 31 19 
8 35 3 34 0 33 0 32 19 
7 33 1 32 0 31 0 30 19 
8 35 3 34 0 33 0 32 19 
8 34 2 33 0 32 0 31 19 
8 33 1 32 0 31 0 30 19 
7 31 0 30 0 29 0 28 19 
8 34 3 33 0 32 0 31 19 
8 33 1 32 0 31 0 30 19 
8 32 1 31 0 30 0 29 19 
8 35 3 34 0 33 0 32 19 
8 32 1 31 0 30 0 29 19 
8 34 2 33 0 32 0 31 19 
8 33 1 32 0 31 0 30 19 
8 33 1 32 0 31 0 30 19 
7 34 2 33 0 32 0 31 19 
7 31 0 30 0 29 0 28 19 
8 32 1 31 0 30 0 29 19 
8 35 3 34 0 33 0 32 19 
7 32 1 31 0 30 0 29 19 
8 34 2 33 0 32 0 31 19 
7 32 1 31 0 30 0 29 19 
8 34 2 33 0 32 0 31 19 
8 34 2 33 0 32 0 31 19 
8 33 2 32 0 31 0 30 19 
8 31 1 30 0 29 0 28 19 
8 33 2 32 0 31 0 30 19 
8 33 2 32 0 31 0 30 19 
8 35 3 34 0 33 0 32 19 
8 34 2 33 0 32 0 31 19 
7 30 0 29 0 28 0 27 19 
8 34 2 33 0 32 0 31 19 
7 32 1 31 0 30 0 29 19 
8 33 2 32 0 31 0 30 19 
7 33 1 32 0 31 0 30 19 
8 34 1 33 0 32 0 31 19 
7 31 1 30 0 29 0 28 19 
8 33 2 32 0 31 0 30 19 
7 33 2 32 0 31 0 30 19 
8 32 1 31 0 30 0 29 19 
8 33 2 32 0 31 0 30 19 
7 32 1 31 0 30 0 29 19 
8 35 3 34 0 33 0 32 19 
8 33 2 32 0 31 0 30 19 
8 32 1 31 0 30 0 29 19 
8 33 2 32 0 31 0 30 19 
8 33 1 32 0 31 0 30 19 
8 33 1 32 0 31 0 30 19 
8 32 2 31 0 30 0 29 19 
SCORES_TXT_END_0
SCORES_TXT_BEGIN_0 56 100 9 BLEU
9 32 2 31 0 30 0 29 21 
9 32 2 31 0 30 0 29 21 
9 29 2 28 0 27 0 26 21 
8 31 2 30 0 29 0 28 21 
8 33 2 32 0 31 0 30 21 
9 32 2 31 0 30 0 29 21 
9 28 1 27 0 26 0 25 21 
8 32 2 31 0 30 0 29 21 
9 30 1 29 0 28 0 27 21 
9 29 2 28 0 27 0 26 21 
9 32 2 31 0 30 0 29 21 
8 33 2 32 0 31 0 30 21 
9 31 1 30 0 29 0 28 21 
9 32 2 31 0 30 0 29 21 
9 28 1 27 0 26 0 25 21 
9 30 2 29 0 28 0 27 21 
9 31 2 30 0 29 0 28 21 
8 32 2 31 0 30 0 29 21 
8 31 2 30 0 29 0 28 21 
9 30 1 29 0 28 0 27 21 
9 30 1 29 0 28 0 27 21 
9 29 1 28 0 27 0 26 21 
9 30 1 29 0 28 0 27 21 
9 29 1 28 0 27 0 26 21 
8 33 2 32 0 31 0 30 21 
9 31 1 30 0 29 0 28 21 
9 29 2 28 0 27 0 26 21 
9 30 2 29 0 28 0 27 21 
9 31 1 30 0 29 0 28 21 
9 31 2 30 0 29 0 28 21 
9 32 2 31 0 30 0 29 21 
9 31 1 30 0 29 0 28 21 
8 31 2 30 0 29 0 28 21 
9 32 2 31 0 30 0 29 21 
9 28 1 27 0 26 0 25 21 
9 29 1 28 0 27 0 26 21 
9 29 1 28 0 27 0 26 21 
9 33 2 32 0 31 0 30 21 
9 30 1 29 0 28 0 27 21 
9 30 1 29 0 28 0 27 21 
9 29 2 28 0 27 0 26 21 
9 30 2 29 0 28 0 27 21 
9 29 1 28 0 27 0 26 21 
9 31 2 30 0 29 0 28 21 
9 31 1 30 0 29 0 28 21 
9 33 1 32 0 31 0 30 21 
9 30 1 29 0 28 0 27 21 
9 32 2 31 0 30 0 29 21 
9 33 2 32 0 31 0 30 21 
8 33 2 32 0 31 0 30 21 
9 30 2 29 0 28 0 27 21 
9 31 2 30 0 29 0 28 21 
9 31 1 30 0 29 0 28 21 
9 28 1 27 0 26 0 25 21 
10 31 1 30 0 29 0 28 21 
9 28 1 27 0 26 0 25 21 
9 30 2 29 0 28 0 27 21 
9 31 2 30 0 29 0 28 21 
9 30 1 29 0 28 0 27 21 
9 30 1 29 0 28 0 27 21 
9 31 2 30 0 29 0 28 21 
8 34 2 33 0 32 0 31 21 
9 29 1 28 0 27 0 26 21 
9 30 1 29 0 28 0 27 21 
8 28 2 27 0 26 0 25 21 
8 30 2 29 0 28 0 27 21 
9 30 1 29 0 28 0 27 21 
9 32 2 31 0 30 0 29 21 
9 29 1 28 0 27 0 26 21 
9 33 2 32 0 31 0 30 21 
9 30 1 29 0 28 0 27 21 
9 30 1 29 0 28 0 27 21 
9 29 1 28 0 27 0 26 21 
9 29 2 28 0 27 0 26 21 
9 31 1 30 0 29 0 28 21 
7 32 2 31 0 30 0 29 21 
9 31 1 30 0 29 0 28 21 
9 30 1 29 0 28 0 27 21 
9 31 2 30 0 29 0 28 21 
8 29 2 28 0 27 0 26 21 
9 29 2 28 0 27 0 26 21 
9 31 2 30 0 29 0 28 21 
8 27 1 26 0 25 0 24 21 
8 33 2 32 0 31 0 30 21 
8 29 1 28 0 27 0 26 21 
9 30 2 29 0 28 0 27 21 
9 31 1 30 0 29 0 28 21 
9 32 2 31 0 30 0 29 21 
9 28 1 27 0 26 0 25 21 
9 30 1 29 0 28 0 27 21 
9 29 1 28 0 27 0 26 21 
9 31 2 30 0 29 0 28 21 
9 32 2 31 0 30 0 29 21 
9 31 1 30 0 29 0 28 21 
9 29 2 28 0 27 0 26 21 
9 32 2 31 0 30 0 29 21 
7 31 2 30 0 29 0 28 21 
9 31 1 30 0 29 0 28 21 
8 33 1 32 0 31 0 30 21 
9 28 1 27 0 26 0 25 21 
SCORES_TXT_END_0
SCORES_TXT_BEGIN_0 57 100 9 BLEU
10 47 3 46 0 45 0 44 24 
10 47 3 46 0 45 0 44 24 
10 48 3 47 0 46 0 45 24 
10 48 3 47 0 46 0 45 24 
9 47 3 46 0 45 0 44 24 
9 45 2 44 0 43 0 42 24 
10 46 3 45 0 44 0 43 24 
11 49 2 48 0 47 0 46 24 
9 47 3 46 0 45 0 44 24 
9 46 3 45 0 44 0 43 24 
10 46 3 45 0 44 0 43 24 
9 48 3 47 0 46 0 45 24 
11 49 2 48 0 47 0 46 24 
10 47 3 46 0 45 0 44 24 
9 46 3 45 0 44 0 43 24 
11 50 2 49 0 48 0 47 24 
9 48 3 47 0 46 0 45 24 
9 47 3 46 0 45 0 44 24 
10 47 3 46 0 45 0 44 24 
9 47 2 46 0 45 0 44 24 
11 50 2 49 0 48 0 47 24 
10 48 2 47 0 46 0 45 24 
9 47 3 46 0 45 0 44 24 
9 46 3 45 0 44 0 43 24 
9 44 2 43 0 42 0 41 24 
11 46 2 45 0 44 0 43 24 
10 48 2 47 0 46 0 45 24 
10 49 2 48 0 47 0 46 24 
10 47 1 46 0 45 0 44 24 
10 47 3 46 0 45 0 44 24 
11 48 2 47 0 46 0 45 24 
9 46 3 45 0 44 0 43 24 
10 49 2 48 0 47 0 46 24 
11 46 2 45 0 44 0 43 24 
9 45 3 44 0 43 0 42 24 
10 49 2 48 0 47 0 46 24 
9 47 3 46 0 45 0 44 24 
9 45 2 44 0 43 0 42 24 
11 47 2 46 0 45 0 44 24 
10 48 2 47 0 46 0 45 24 
10 47 3 46 0 45 0 44 24 
11 48 2 47 0 46 0 45 24 
10 49 2 48 0 47 0 46 24 
10 50 2 49 0 48 0 47 24 
9 45 3 44 0 43 0 42 24 
10 48 3 47 0 46 0 45 24 
11 49 2 48 0 47 0 46 24 
9 47 3 46 0 45 0 44 24 
11 47 2 46 0 45 0 44 24 
10 48 2 47 0 46 0 45 24 
10 45 2 44 0 43 0 42 24 
9 46 3 45 0 44 0 43 24 
10 50 2 49 0 48 0 47 24 
9 48 2 47 0 46 0 45 24 
9 46 1 45 0 44 0 43 24 
10 49 2 48 0 47 0 46 24 
10 48 3 47 0 46 0 45 24 
9 46 2 45 0 44 0 43 24 
11 49 2 48 0 47 0 46 24 
10 47 2 46 0 45 0 44 24 
10 49 1 48 0 47 0 46 24 
10 45 2 44 0 43 0 42 24 
9 46 3 45 0 44 0 43 24 
10 46 2 45 0 44 0 43 24 
10 44 1 43 0 42 0 41 24 
9 48 2 47 0 46 0 45 24 
10 49 2 48 0 47 0 46 24 
10 46 2 45 0 44 0 43 24 
9 47 2 46 0 45 0 44 24 
9 47 3 46 0 45 0 44 24 
10 47 2 46 0 45 0 44 24 
9 45 2 44 0 43 0 42 24 
10 47 3 46 0 45 0 44 24 
10 48 2 47 0 46 0 45 24 
10 46 1 45 0 44 0 43 24 
9 49 2 48 0 47 0 46 24 
10 46 2 45 0 44 0 43 24 
9 47 2 46 0 45 0 44 24 
10 46 3 45 0 44 0 43 24 
9 46 2 45 0 44 0 43 24 
10 45 2 44 0 43 0 42 24 
10 48 2 47 0 46 0 45 24 
10 46 2 45 0 44 0 43 24 
9 47 2 46 0 45 0 44 24 
10 47 2 46 0 45 0 44 24 
9 47 3 46 0 45 0 44 24 
10 47 3 46 0 45 0 44 24 
10 48 2 47 0 46 0 45 24 
9 49 2 48 0 47 0 46 24 
9 47 2 46 0 45 0 44 24 
9 46 3 45 0 44 0 43 24 
9 44 2 43 0 42 0 41 24 
10 47 2 46 0 45 0 44 24 
9 48 2 47 0 46 0 45 24 
10 46 3 45 0 44 0 43 24 
10 45 2 44 0 43 0 42 24 
10 47 3 46 0 45 0 44 24 
9 48 3 47 0 46 0 45 24 
10 48 2 47 0 46 0 45 24 
10 48 3 47 0 46 0 45 24 
SCORES_TXT_END_0
SCORES_TXT_BEGIN_0 58 100 9 BLEU
10 57 5 56 3 55 2 54 23 
10 57 5 56 3 55 2 54 23 
11 56 5 55 3 54 2 53 23 
11 56 6 55 3 54 2 53 23 
11 56 5 55 3 54 2 53 23 
11 56 6 55 3 54 2 53 23 
11 56 5 55 3 54 2 53 23 
10 58 5 57 3 56 2 55 23 
10 58 5 57 3 56 2 55 23 
11 56 5 55 3 54 2 53 23 
10 58 5 57 3 56 2 55 23 
10 58 5 57 3 56 2 55 23 
10 58 5 57 3 56 2 55 23 
12 55 6 54 3 53 2 52 23 
10 58 5 57 3 56 2 55 23 
10 58 5 57 3 56 2 55 23 
10 56 5 55 3 54 2 53 23 
10 56 4 55 2 54 1 53 23 
11 56 5 55 3 54 2 53 23 
10 57 4 56 2 55 1 54 23 
11 56 5 55 3 54 2 53 23 
11 57 5 56 3 55 2 54 23 
10 57 5 56 3 55 2 54 23 
10 57 5 56 3 55 2 54 23 
12 55 6 54 3 53 2 52 23 
9 57 1 56 0 55 0 54 23 
12 55 6 54 3 53 2 52 23 
11 57 5 56 3 55 2 54 23 
9 57 1 56 0 55 0 54 23 
10 57 5 56 3 55 2 54 23 
10 58 5 57 3 56 2 55 23 
11 57 6 56 3 55 2 54 23 
12 55 6 54 3 53 2 52 23 
10 56 5 55 3 54 2 53 23 
11 57 6 56 3 55 2 54 23 
11 55 6 54 3 53 2 52 23 
10 58 5 57 3 56 2 55 23 
11 57 6 56 3 55 2 54 23 
11 57 5 56 3 55 2 54 23 
10 57 5 56 3 55 2 54 23 
10 56 5 55 3 54 2 53 23 
11 57 5 56 3 55 2 54 23 
11 57 6 56 3 55 2 54 23 
10 57 5 56 3 55 2 54 23 
11 57 5 56 3 55 2 54 23 
11 57 6 56 3 55 2 54 23 
11 55 6 54 3 53 2 52 23 
11 56 5 55 3 54 2 53 23 
10 57 5 56 3 55 2 54 23 
11 57 5 56 3 55 2 54 23 
10 59 5 58 3 57 2 56 23 
10 57 5 56 3 55 2 54 23 
11 56 6 55 3 54 2 53 23 
11 57 6 56 3 55 2 54 23 
11 57 5 56 3 55 2 54 23 
11 57 6 56 3 55 2 54 23 
10 57 5 56 3 55 2 54 23 
10 57 5 56 3 55 2 54 23 
11 55 6 54 3 53 2 52 23 
11 57 6 56 3 55 2 54 23 
11 57 6 56 3 55 2 54 23 
11 55 5 54 2 53 1 52 23 
12 55 6 54 3 53 2 52 23 
11 56 5 55 2 54 1 53 23 
10 59 5 58 3 57 2 56 23 
12 55 6 54 3 53 2 52 23 
10 59 5 58 3 57 2 56 23 
10 57 5 56 3 55 2 54 23 
11 57 5 56 3 55 2 54 23 
10 58 5 57 3 56 2 55 23 
11 56 6 55 3 54 2 53 23 
10 56 5 55 3 54 2 53 23 
10 57 5 56 3 55 2 54 23 
11 56 6 55 3 54 2 53 23 
10 57 2 56 0 55 0 54 23 
11 55 5 54 3 53 2 52 23 
10 58 5 57 3 56 2 55 23 
10 58 5 57 3 56 2 55 23 
10 57 5 56 3 55 2 54 23 
11 57 6 56 3 55 2 54 23 
11 57 6 56 3 55 2 54 23 
11 56 6 55 3 54 2 53 23 
10 58 2 57 0 56 0 55 23 
11 56 6 55 3 54 2 53 23 
10 56 2 55 0 54 0 53 23 
10 57 5 56 3 55 2 54 23 
10 59 5 58 3 57 2 56 23 
12 56 6 55 3 54 2 53 23 
10 58 5 57 3 56 2 55 23 
12 54 6 53 3 52 2 51 23 
11 56 5 55 3 54 2 53 23 
11 57 5 56 3 55 2 54 23 
10 58 5 57 3 56 2 55 23 
10 58 5 57 3 56 2 55 23 
10 56 2 55 0 54 0 53 23 
10 59 5 58 3 57 2 56 23 
12 56 6 55 3 54 2 53 23 
10 59 5 58 3 57 2 56 23 
11 56 5 55 3 54 2 53 23 
11 56 6 55 3 54 2 53 23 
SCORES_TXT_END_0
SCORES_TXT_BEGIN_0 59 100 9 BLEU
10 36 2 35 0 34 0 33 27 
10 36 2 35 0 34 0 33 27 
10 36 1 35 0 34 0 33 27 
10 36 2 35 0 34 0 33 27 
9 37 0 36 0 35 0 34 27 
10 36 1 35 0 34 0 33 27 
10 37 2 36 0 35 0 34 27 
10 35 1 34 0 33 0 32 27 
10 36 2 35 0 34 0 33 27 
11 38 2 37 0 36 0 35 27 
11 37 2 36 0 35 0 34 27 
10 36 1 35 0 34 0 33 27 
11 39 2 38 0 37 0 36 27 
10 37 2 36 0 35 0 34 27 
10 37 1 36 0 35 0 34 27 
9 37 0 36 0 35 0 34 27 
11 38 2 37 0 36 0 35 27 
10 36 1 35 0 34 0 33 27 
10 34 2 33 0 32 0 31 27 
10 37 2 36 0 35 0 34 27 
9 38 0 37 0 36 0 35 27 
10 37 1 36 0 35 0 34 27 
11 39 1 38 0 37 0 36 27 
10 36 1 35 0 34 0 33 27 
10 38 2 37 0 36 0 35 27 
11 36 2 35 0 34 0 33 27 
10 35 1 34 0 33 0 32 27 
10 37 2 36 0 35 0 34 27 
11 38 1 37 0 36 0 35 27 
10 36 2 35 0 34 0 33 27 
11 38 2 37 0 36 0 35 27 
10 36 1 35 0 34 0 33 27 
10 37 2 36 0 35 0 34 27 
9 37 0 36 0 35 0 34 27 
10 37 2 36 0 35 0 34 27 
10 36 2 35 0 34 0 33 27 
10 36 1 35 0 34 0 33 27 
9 38 1 37 0 36 0 35 27 
11 37 2 36 0 35 0 34 27 
10 37 2 36 0 35 0 34 27 
11 40 2 39 0 38 0 37 27 
9 35 1 34 0 33 0 32 27 
11 37 2 36 0 35 0 34 27 
10 35 1 34 0 33 0 32 27 
11 39 2 38 0 37 0 36 27 
10 39 1 38 0 37 0 36 27 
11 39 2 38 0 37 0 36 27 
10 34 2 33 0 32 0 31 27 
10 34 1 33 0 32 0 31 27 
10 38 1 37 0 36 0 35 27 
11 38 2 37 0 36 0 35 27 
11 40 1 39 0 38 0 37 27 
10 36 1 35 0 34 0 33 27 
10 37 1 36 0 35 0 34 27 
10 35 1 34 0 33 0 32 27 
10 38 1 37 0 36 0 35 27 
11 39 1 38 0 37 0 36 27 
11 38 2 37 0 36 0 35 27 
10 38 2 37 0 36 0 35 27 
10 37 1 36 0 35 0 34 27 
11 37 2 36 0 35 0 34 27 
11 37 1 36 0 35 0 34 27 
10 34 2 33 0 32 0 31 27 
11 41 2 40 0 39 0 38 27 
9 37 1 36 0 35 0 34 27 
9 37 0 36 0 35 0 34 27 
9 38 0 37 0 36 0 35 27 
10 36 1 35 0 34 0 33 27 
10 36 1 35 0 34 0 33 27 
10 37 1 36 0 35 0 34 27 
11 40 2 39 0 38 0 37 27 
10 38 2 37 0 36 0 35 27 
11 39 1 38 0 37 0 36 27 
10 37 2 36 0 35 0 34 27 
11 36 2 35 0 34 0 33 27 
10 38 1 37 0 36 0 35 27 
10 38 2 37 0 36 0 35 27 
13 36 2 35 0 34 0 33 27 
10 36 2 35 0 34 0 33 27 
10 37 2 36 0 35 0 34 27 
10 35 2 34 0 33 0 32 27 
10 40 1 39 0 38 0 37 27 
12 37 2 36 0 35 0 34 27 
11 38 1 37 0 36 0 35 27 
11 39 2 38 0 37 0 36 27 
13 35 2 34 0 33 0 32 27 
11 37 2 36 0 35 0 34 27 
11 40 2 39 0 38 0 37 27 
10 37 1 36 0 35 0 34 27 
10 39 2 38 0 37 0 36 27 
10 39 1 38 0 37 0 36 27 
9 37 0 36 0 35 0 34 27 
10 35 1 34 0 33 0 32 27 
11 41 2 40 0 39 0 38 27 
10 36 1 35 0 34 0 33 27 
10 37 2 36 0 35 0 34 27 
10 37 2 36 0 35 0 34 27 
12 36 2 35 0 34 0 33 27 
11 38 2 37 0 36 0 35 27 
11 38 2 37 0 36 0 35 27 
SCORES_TXT_END_0
SCORES_TXT_BEGIN_0 60 100 9 BLEU
4 34 1 33 0 32 0 31 13 
4 34 1 33 0 32 0 31 13 
4 33 1 32 0 31 0 30 13 
4 33 1 32 0 31 0 30 13 
4 35 1 34 0 33 0 32 13 
4 34 1 33 0 32 0 31 13 
4 36 1 35 0 34 0 33 13 
4 35 1 34 0 33 0 32 13 
4 34 1 33 0 32 0 31 13 
4 35 1 34 0 33 0 32 13 
4 34 1 33 0 32 0 31 13 
4 35 1 34 0 33 0 32 13 
4 33 1 32 0 31 0 30 13 
4 33 1 32 0 31 0 30 13 
4 35 1 34 0 33 0 32 13 
4 34 1 33 0 32 0 31 13 
4 33 1 32 0 31 0 30 13 
4 33 1 32 0 31 0 30 13 
4 36 1 35 0 34 0 33 13 
4 34 1 33 0 32 0 31 13 
4 34 1 33 0 32 0 31 13 
4 34 1 33 0 32 0 31 13 
4 33 1 32 0 31 0 30 13 
4 36 1 35 0 34 0 33 13 
4 36 1 35 0 34 0 33 13 
4 34 1 33 0 32 0 31 13 
4 35 1 34 0 33 0 32 13 
4 34 1 33 0 32 0 31 13 
4 34 1 33 0 32 0 31 13 
4 34 1 33 0 32 0 31 13 
4 35 1 34 0 33 0 32 13 
4 36 1 35 0 34 0 33 13 
4 34 1 33 0 32 0 31 13 
4 33 1 32 0 31 0 30 13 
4 35 1 34 0 33 0 32 13 
4 34 1 33 0 32 0 31 13 
4 36 1 35 0 34 0 33 13 
4 33 1 32 0 31 0 30 13 
4 35 1 34 0 33 0 32 13 
4 34 1 33 0 32 0 31 13 
4 32 1 31 0 30 0 29 13 
4 35 1 34 0 33 0 32 13 
4 34 1 33 0 32 0 31 13 
4 33 1 32 0 31 0 30 13 
4 34 1 33 0 32 0 31 13 
4 34 1 33 0 32 0 31 13 
4 33 1 32 0 31 0 30 13 
4 34 1 33 0 32 0 31 13 
4 35 1 34 0 33 0 32 13 
4 36 1 35 0 34 0 33 13 
4 34 1 33 0 32 0 31 13 
4 35 1 34 0 33 0 32 13 
4 34 1 33 0 32 0 31 13 
4 33 1 32 0 31 0 30 13 
4 34 1 33 0 32 0 31 13 
4 34 1 33 0 32 0 31 13 
4 36 1 35 0 34 0 33 13 
4 35 1 34 0 33 0 32 13 
4 33 1 32 0 31 0 30 13 
4 35 1 34 0 33 0 32 13 
4 34 1 33 0 32 0 31 13 
4 35 1 34 0 33 0 32 13 
4 33 1 32 0 31 0 30 13 
4 33 1 32 0 31 0 30 13 
4 34 1 33 0 32 0 31 13 
4 34 1 33 0 32 0 31 13 
4 35 1 34 0 33 0 32 13 
4 33 1 32 0 31 0 30 13 
4 33 1 32 0 31 0 30 13 
4 37 1 36 0 35 0 34 13 
4 33 1 32 0 31 0 30 13 
4 34 1 33 0 32 0 31 13 
4 35 1 34 0 33 0 32 13 
4 33 1 32 0 31 0 30 13 
4 33 1 32 0 31 0 30 13 
4 34 1 33 0 32 0 31 13 
4 34 1 33 0 32 0 31 13 
4 33 1 32 0 31 0 30 13 
4 33 1 32 0 31 0 30 13 
4 33 1 32 0 31 0 30 13 
4 34 1 33 0 32 0 31 13 
4 33 1 32 0 31 0 30 13 
4 37 1 36 0 35 0 34 13 
4 34 1 33 0 32 0 31 13 
4 34 1 33 0 32 0 31 13 
4 33 1 32 0 31 0 30 13 
4 33 1 32 0 31 0 30 13 
4 35 1 34 0 33 0 32 13 
4 33 1 32 0 31 0 30 13 
4 34 1 33 0 32 0 31 13 
4 33 1 32 0 31 0 30 13 
4 34 1 33 0 32 0 31 13 
4 35 1 34 0 33 0 32 13 
4 35 1 34 0 33 0 32 13 
4 34 1 33 0 32 0 31 13 
4 33 1 32 0 31 0 30 13 
4 36 1 35 0 34 0 33 13 
4 34 1 33 0 32 0 31 13 
4 34 1 33 0 32 0 31 13 
4 34 1 33 0 32 0 31 13 
SCORES_TXT_END_0
SCORES_TXT_BEGIN_0 61 100 9 BLEU
4 57 0 56 0 55 0 54 11 
4 57 0 56 0 55 0 54 11 
4 60 0 59 0 58 0 57 11 
4 58 0 57 0 56 0 55 11 
5 57 0 56 0 55 0 54 11 
4 58 0 57 0 56 0 55 11 
4 57 0 56 0 55 0 54 11 
4 58 0 57 0 56 0 55 11 
4 59 0 58 0 57 0 56 11 
4 58 0 57 0 56 0 55 11 
4 60 0 59 0 58 0 57 11 
5 57 0 56 0 55 0 54 11 
4 56 0 55 0 54 0 53 11 
4 58 0 57 0 56 0 55 11 
5 57 0 56 0 55 0 54 11 
4 57 0 56 0 55 0 54 11 
4 57 0 56 0 55 0 54 11 
4 58 0 57 0 56 0 55 11 
4 58 0 57 0 56 0 55 11 
4 57 0 56 0 55 0 54 11 
4 58 0 57 0 56 0 55 11 
4 59 0 58 0 57 0 56 11 
5 57 0 56 0 55 0 54 11 
4 56 0 55 0 54 0 53 11 
4 59 0 58 0 57 0 56 11 
4 56 0 55 0 54 0 53 11 
4 61 0 60 0 59 0 58 11 
5 60 0 59 0 58 0 57 11 
4 57 0 56 0 55 0 54 11 
4 57 0 56 0 55 0 54 11 
4 57 0 56 0 55 0 54 11 
5 58 0 57 0 56 0 55 11 
4 58 0 57 0 56 0 55 11 
4 58 0 57 0 56 0 55 11 
4 61 0 60 0 59 0 58 11 
4 61 0 60 0 59 0 58 11 
4 59 0 58 0 57 0 56 11 
4 59 0 58 0 57 0 56 11 
5 57 0 56 0 55 0 54 11 
4 59 0 58 0 57 0 56 11 
5 57 0 56 0 55 0 54 11 
4 59 0 58 0 57 0 56 11 
4 56 0 55 0 54 0 53 11 
4 58 0 57 0 56 0 55 11 
4 59 0 58 0 57 0 56 11 
5 58 0 57 0 56 0 55 11 
4 60 0 59 0 58 0 57 11 
5 57 0 56 0 55 0 54 11 
4 59 0 58 0 57 0 56 11 
5 58 0 57 0 56 0 55 11 
5 59 0 58 0 57 0 56 11 
5 58 0 57 0 56 0 55 11 
5 58 0 57 0 56 0 55 11 
4 57 0 56 0 55 0 54 11 
4 55 0 54 0 53 0 52 11 
4 61 0 60 0 59 0 58 11 
5 60 0 59 0 58 0 57 11 
5 56 0 55 0 54 0 53 11 
5 57 0 56 0 55 0 54 11 
5 56 0 55 0 54 0 53 11 
5 57 0 56 0 55 0 54 11 
4 56 0 55 0 54 0 53 11 
4 58 0 57 0 56 0 55 11 
4 60 0 59 0 58 0 57 11 
4 57 0 56 0 55 0 54 11 
4 57 0 56 0 55 0 54 11 
4 58 0 57 0 56 0 55 11 
5 58 0 57 0 56 0 55 11 
4 59 0 58 0 57 0 56 11 
4 58 0 57 0 56 0 55 11 
4 59 0 58 0 57 0 56 11 
4 58 0 57 0 56 0 55 11 
4 60 0 59 0 58 0 57 11 
4 59 0 58 0 57 0 56 11 
4 60 0 59 0 58 0 57 11 
5 57 0 56 0 55 0 54 11 
4 56 0 55 0 54 0 53 11 
4 58 0 57 0 56 0 55 11 
4 61 0 60 0 59 0 58 11 
5 58 0 57 0 56 0 55 11 
4 57 0 56 0 55 0 54 11 
5 58 0 57 0 56 0 55 11 
4 57 0 56 0 55 0 54 11 
4 59 0 58 0 57 0 56 11 
4 59 0 58 0 57 0 56 11 
5 57 0 56 0 55 0 54 11 
5 57 0 56 0 55 0 54 11 
4 62 0 61 0 60 0 59 11 
5 58 0 57 0 56 0 55 11 
4 59 0 58 0 57 0 56 11 
4 59 0 58 0 57 0 56 11 
5 57 0 56 0 55 0 54 11 
4 59 0 58 0 57 0 56 11 
4 59 0 58 0 57 0 56 11 
4 58 0 57 0 56 0 55 11 
4 58 0 57 0 56 0 55 11 
5 58 0 57 0 56 0 55 11 
5 57 0 56 0 55 0 54 11 
4 57 0 56 0 55 0 54 11 
4 59 0 58 0 57 0 56 11 
SCORES_TXT_END_0
SCORES_TXT_BEGIN_0 62 98 9 BLEU
13 32 7 31 5 30 4 29 23 
13 32 7 31 5 30 4 29 23 
13 32 6 31 5 30 4 29 23 
13 32 7 31 5 30 4 29 23 
12 32 7 31 5 30 4 29 23 
14 32 7 31 5 30 4 29 23 
14 32 8 31 5 30 4 29 23 
13 31 6 30 5 29 4 28 23 
13 32 6 31 5 30 4 29 23 
13 32 7 31 5 30 4 29 23 
12 32 7 31 5 30 4 29 23 
14 32 7 31 5 30 4 29 23 
13 33 7 32 5 31 4 30 23 
13 33 7 32 5 31 4 30 23 
14 32 8 31 5 30 4 29 23 
13 31 6 30 5 29 4 28 23 
12 32 6 31 5 30 4 29 23 
12 33 6 32 4 31 3 30 23 
13 32 8 31 6 30 4 29 23 
12 32 7 31 5 30 4 29 23 
13 31 6 30 5 29 4 28 23 
12 32 7 31 5 30 4 29 23 
12 32 7 31 5 30 4 29 23 
13 31 6 30 5 29 4 28 23 
14 31 7 30 5 29 4 28 23 
13 32 7 31 5 30 4 29 23 
15 30 8 29 5 28 4 27 23 
13 32 7 31 5 30 4 29 23 
13 34 7 33 5 32 4 31 23 
13 33 7 32 5 31 4 30 23 
13 34 7 33 5 32 4 31 23 
13 32 8 31 5 30 4 29 23 
12 31 6 30 5 29 4 28 23 
14 33 7 32 5 31 4 30 23 
14 32 6 31 5 30 4 29 23 
12 32 6 31 5 30 4 29 23 
12 34 6 33 4 32 3 31 23 
12 32 7 31 5 30 4 29 23 
13 33 6 32 5 31 4 30 23 
13 32 8 31 6 30 4 29 23 
12 32 7 31 5 30 4 29 23 
13 31 6 30 5 29 4 28 23 
12 32 7 31 5 30 4 29 23 
12 32 7 31 5 30 4 29 23 
13 33 6 32 5 31 4 30 23 
13 33 7 32 5 31 4 30 23 
13 33 7 32 5 31 4 30 23 
13 31 6 30 5 29 4 28 23 
12 33 5 32 4 31 3 30 23 
14 31 7 30 5 29 4 28 23 
13 32 7 31 6 30 4 29 23 
13 33 7 32 5 31 4 30 23 
14 31 6 30 5 29 4 28 23 
12 32 6 31 5 30 4 29 23 
13 32 7 31 5 30 4 29 23 
12 33 7 32 5 31 4 30 23 
12 32 6 31 5 30 4 29 23 
13 32 7 31 5 30 4 29 23 
12 32 7 31 5 30 4 29 23 
13 35 7 34 5 33 4 32 23 
12 33 6 32 4 31 3 30 23 
15 30 8 29 5 28 4 27 23 
13 32 8 31 6 30 4 29 23 
12 32 7 31 5 30 4 29 23 
14 33 7 32 5 31 4 30 23 
13 32 7 31 5 30 4 29 23 
12 32 7 31 5 30 4 29 23 
12 33 7 32 5 31 4 30 23 
14 31 7 30 5 29 4 28 23 
12 32 7 31 5 30 4 29 23 
12 32 7 31 5 30 4 29 23 
13 32 7 31 5 30 4 29 23 
14 31 6 30 5 29 4 28 23 
13 33 7 32 5 31 4 30 23 
14 33 7 32 5 31 4 30 23 
13 32 8 31 5 30 4 29 23 
12 31 6 30 5 29 4 28 23 
14 33 7 32 5 31 4 30 23 
13 32 7 31 5 30 4 29 23 
14 33 8 32 5 31 4 30 23 
14 32 6 31 5 30 4 29 23 
13 32 6 31 5 30 4 29 23 
13 33 7 32 5 31 4 30 23 
13 32 7 31 5 30 4 29 23 
11 33 6 32 4 31 3 30 23 
12 31 6 30 5 29 4 28 23 
14 33 8 32 5 31 4 30 23 
13 33 6 32 4 31 3 30 23 
13 32 6 31 5 30 4 29 23 
13 32 6 31 5 30 4 29 23 
13 33 7 32 5 31 4 30 23 
14 32 8 31 6 30 4 29 23 
12 32 7 31 5 30 4 29 23 
12 32 7 31 5 30 4 29 23 
13 34 6 33 5 32 4 31 23 
13 32 7 31 5 30 4 29 23 
14 31 7 30 5 29 4 28 23 
13 33 6 32 5 31 4 30 23 
SCORES_TXT_END_0
SCORES_TXT_BEGIN_0 63 97 9 BLEU
8 24 0 23 0 22 0 21 21 
9 25 0 24 0 23 0 22 21 
9 25 0 24 0 23 0 22 21 
7 23 0 22 0 21 0 20 21 
8 24 0 23 0 22 0 21 21 
8 24 0 23 0 22 0 21 21 
9 25 1 24 0 23 0 22 21 
9 25 1 24 0 23 0 22 21 
8 24 1 23 0 22 0 21 21 
8 24 1 23 0 22 0 21 21 
9 25 0 24 0 23 0 22 21 
8 24 0 23 0 22 0 21 21 
9 25 1 24 0 23 0 22 21 
9 25 1 24 0 23 0 22 21 
8 24 1 23 0 22 0 21 21 
8 24 0 23 0 22 0 21 21 
9 25 0 24 0 23 0 22 21 
9 25 0 24 0 23 0 22 21 
8 24 1 23 0 22 0 21 21 
9 25 1 24 0 23 0 22 21 
10 26 1 25 0 24 0 23 21 
10 26 1 25 0 24 0 23 21 
7 23 0 22 0 21 0 20 21 
8 24 0 23 0 22 0 21 21 
8 24 0 23 0 22 0 21 21 
8 24 1 23 0 22 0 21 21 
9 25 1 24 0 23 0 22 21 
9 25 1 24 0 23 0 22 21 
11 26 2 25 1 24 0 23 21 
11 27 2 26 1 25 0 24 21 
11 27 2 26 1 25 0 24 21 
9 25 0 24 0 23 0 22 21 
8 24 1 23 0 22 0 21 21 
10 25 2 24 1 23 0 22 21 
11 26 2 25 1 24 0 23 21 
11 26 2 25 1 24 0 23 21 
8 24 0 23 0 22 0 21 21 
8 24 2 23 1 22 0 21 21 
7 23 1 22 0 21 0 20 21 
11 27 3 26 1 25 0 24 21 
11 27 3 26 1 25 0 24 21 
7 23 0 22 0 21 0 20 21 
9 26 0 25 0 24 0 23 21 
7 23 2 22 1 21 0 20 21 
9 25 0 24 0 23 0 22 21 
9 25 1 24 0 23 0 22 21 
10 26 1 25 0 24 0 23 21 
11 26 3 25 1 24 0 23 21 
9 25 0 24 0 23 0 22 21 
8 24 0 23 0 22 0 21 21 
11 26 3 25 1 24 0 23 21 
6 22 0 21 0 20 0 19 21 
9 25 0 24 0 23 0 22 21 
8 24 0 23 0 22 0 21 21 
8 24 1 23 0 22 0 21 21 
9 25 0 24 0 23 0 22 21 
9 25 1 24 0 23 0 22 21 
9 25 0 24 0 23 0 22 21 
9 25 1 24 0 23 0 22 21 
8 24 0 23 0 22 0 21 21 
7 23 0 22 0 21 0 20 21 
10 26 2 25 1 24 0 23 21 
11 27 2 26 1 25 0 24 21 
9 25 0 24 0 23 0 22 21 
9 25 1 24 0 23 0 22 21 
9 25 0 24 0 23 0 22 21 
8 24 1 23 0 22 0 21 21 
9 25 2 24 1 23 0 22 21 
11 26 2 25 1 24 0 23 21 
8 24 0 23 0 22 0 21 21 
8 24 1 23 0 22 0 21 21 
8 24 0 23 0 22 0 21 21 
8 24 2 23 1 22 0 21 21 
9 26 0 25 0 24 0 23 21 
9 25 0 24 0 23 0 22 21 
11 27 3 26 1 25 0 24 21 
9 25 1 24 0 23 0 22 21 
11 27 3 26 1 25 0 24 21 
9 25 1 24 0 23 0 22 21 
9 26 0 25 0 24 0 23 21 
9 25 1 24 0 23 0 22 21 
7 23 2 22 1 21 0 20 21 
9 25 0 24 0 23 0 22 21 
9 26 1 25 0 24 0 23 21 
11 26 3 25 1 24 0 23 21 
8 24 1 23 0 22 0 21 21 
11 26 2 25 1 24 0 23 21 
12 27 2 26 1 25 0 24 21 
12 27 2 26 1 25 0 24 21 
9 25 0 24 0 23 0 22 21 
11 26 3 25 1 24 0 23 21 
8 24 1 23 0 22 0 21 21 
12 27 3 26 1 25 0 24 21 
12 28 3 27 1 26 0 25 21 
12 28 3 27 1 26 0 25 21 
9 25 0 24 0 23 0 22 21 
10 26 1 25 0 24 0 23 21 
SCORES_TXT_END_0
SCORES_TXT_BEGIN_0 64 100 9 BLEU
13 43 0 42 0 41 0 40 33 
13 42 0 41 0 40 0 39 33 
14 42 0 41 0 40 0 39 33 
14 42 0 41 0 40 0 39 33 
13 42 0 41 0 40 0 39 33 
13 43 0 42 0 41 0 40 33 
13 43 0 42 0 41 0 40 33 
13 43 0 42 0 41 0 40 33 
15 42 0 41 0 40 0 39 33 
14 42 0 41 0 40 0 39 33 
13 43 0 42 0 41 0 40 33 
14 42 0 41 0 40 0 39 33 
13 43 0 42 0 41 0 40 33 
13 42 0 41 0 40 0 39 33 
14 43 0 42 0 41 0 40 33 
13 43 0 42 0 41 0 40 33 
13 42 0 41 0 40 0 39 33 
13 43 0 42 0 41 0 40 33 
14 42 0 41 0 40 0 39 33 
14 43 0 42 0 41 0 40 33 
13 43 0 42 0 41 0 40 33 
13 43 0 42 0 41 0 40 33 
14 43 0 42 0 41 0 40 33 
13 41 0 40 0 39 0 38 33 
13 43 0 42 0 41 0 40 33 
14 42 0 41 0 40 0 39 33 
14 42 0 41 0 40 0 39 33 
13 43 0 42 0 41 0 40 33 
14 44 2 43 1 42 0 41 33 
13 42 0 41 0 40 0 39 33 
13 42 0 41 0 40 0 39 33 
13 42 0 41 0 40 0 39 33 
13 42 0 41 0 40 0 39 33 
13 43 0 42 0 41 0 40 33 
13 42 0 41 0 40 0 39 33 
13 43 0 42 0 41 0 40 33 
14 42 0 41 0 40 0 39 33 
14 43 2 42 1 41 0 40 33 
14 42 0 41 0 40 0 39 33 
14 43 0 42 0 41 0 40 33 
13 42 0 41 0 40 0 39 33 
13 43 0 42 0 41 0 40 33 
14 41 0 40 0 39 0 38 33 
13 42 0 41 0 40 0 39 33 
13 43 0 42 0 41 0 40 33 
13 43 0 42 0 41 0 40 33 
13 43 0 42 0 41 0 40 33 
13 43 0 42 0 41 0 40 33 
14 43 0 42 0 41 0 40 33 
13 43 0 42 0 41 0 40 33 
13 42 0 41 0 40 0 39 33 
13 42 0 41 0 40 0 39 33 
13 43 0 42 0 41 0 40 33 
15 41 0 40 0 39 0 38 33 
14 43 0 42 0 41 0 40 33 
14 41 0 40 0 39 0 38 33 
13 43 0 42 0 41 0 40 33 
13 43 0 42 0 41 0 40 33 
14 42 0 41 0 40 0 39 33 
13 43 0 42 0 41 0 40 33 
15 43 2 42 1 41 0 40 33 
14 41 0 40 0 39 0 38 33 
14 41 0 40 0 39 0 38 33 
15 42 0 41 0 40 0 39 33 
14 42 0 41 0 40 0 39 33 
13 42 0 41 0 40 0 39 33 
13 43 0 42 0 41 0 40 33 
13 42 0 41 0 40 0 39 33 
14 42 0 41 0 40 0 39 33 
13 41 0 40 0 39 0 38 33 
14 42 0 41 0 40 0 39 33 
15 43 0 42 0 41 0 40 33 
14 44 0 43 0 42 0 41 33 
14 42 0 41 0 40 0 39 33 
13 43 0 42 0 41 0 40 33 
14 42 0 41 0 40 0 39 33 
13 42 0 41 0 40 0 39 33 
13 43 0 42 0 41 0 40 33 
13 43 0 42 0 41 0 40 33 
13 42 0 41 0 40 0 39 33 
13 45 0 44 0 43 0 42 33 
14 42 0 41 0 40 0 39 33 
13 42 0 41 0 40 0 39 33 
14 43 0 42 0 41 0 40 33 
13 42 0 41 0 40 0 39 33 
13 42 0 41 0 40 0 39 33 
15 43 2 42 1 41 0 40 33 
13 42 0 41 0 40 0 39 33 
13 42 0 41 0 40 0 39 33 
13 44 0 43 0 42 0 41 33 
13 42 0 41 0 40 0 39 33 
14 41 0 40 0 39 0 38 33 
14 43 0 42 0 41 0 40 33 
15 41 0 40 0 39 0 38 33 
14 42 0 41 0 40 0 39 33 
13 43 0 42 0 41 0 40 33 
14 42 0 41 0 40 0 39 33 
14 41 0 40 0 39 0 38 33 
13 43 0 42 0 41 0 40 33 
13 43 0 42 0 41 0 40 33 
SCORES_TXT_END_0
SCORES_TXT_BEGIN_0 65 100 9 BLEU
10 42 1 41 0 40 0 39 20 
10 43 1 42 0 41 0 40 20 
10 41 1 40 0 39 0 38 20 
10 42 1 41 0 40 0 39 20 
10 41 1 40 0 39 0 38 20 
10 42 1 41 0 40 0 39 20 
10 42 1 41 0 40 0 39 20 
10 42 1 41 0 40 0 39 20 
10 43 1 42 0 41 0 40 20 
10 43 1 42 0 41 0 40 20 
10 40 1 39 0 38 0 37 20 
10 41 1 40 0 39 0 38 20 
10 41 1 40 0 39 0 38 20 
10 41 1 40 0 39 0 38 20 
10 42 1 41 0 40 0 39 20 
10 41 1 40 0 39 0 38 20 
10 42 1 41 0 40 0 39 20 
10 42 1 41 0 40 0 39 20 
10 41 1 40 0 39 0 38 20 
10 41 1 40 0 39 0 38 20 
10 43 1 42 0 41 0 40 20 
10 40 1 39 0 38 0 37 20 
10 42 1 41 0 40 0 39 20 
10 41 1 40 0 39 0 38 20 
10 42 1 41 0 40 0 39 20 
10 42 1 41 0 40 0 39 20 
10 40 1 39 0 38 0 37 20 
10 40 1 39 0 38 0 37 20 
10 42 1 41 0 40 0 39 20 
10 40 1 39 0 38 0 37 20 
10 41 1 40 0 39 0 38 20 
10 41 1 40 0 39 0 38 20 
10 41 1 40 0 39 0 38 20 
10 41 1 40 0 39 0 38 20 
10 41 1 40 0 39 0 38 20 
10 41 1 40 0 39 0 38 20 
10 42 1 41 0 40 0 39 20 
10 41 1 40 0 39 0 38 20 
10 39 1 38 0 37 0 36 20 
10 40 1 39 0 38 0 37 20 
10 41 1 40 0 39 0 38 20 
10 40 1 39 0 38 0 37 20 
10 41 1 40 0 39 0 38 20 
10 40 1 39 0 38 0 37 20 
10 42 1 41 0 40 0 39 20 
10 42 1 41 0 40 0 39 20 
10 41 1 40 0 39 0 38 20 
10 43 1 42 0 41 0 40 20 
10 41 1 40 0 39 0 38 20 
10 40 1 39 0 38 0 37 20 
10 40 1 39 0 38 0 37 20 
10 42 2 41 0 40 0 39 20 
10 40 1 39 0 38 0 37 20 
10 40 1 39 0 38 0 37 20 
10 44 1 43 0 42 0 41 20 
10 40 1 39 0 38 0 37 20 
10 41 1 40 0 39 0 38 20 
10 41 1 40 0 39 0 38 20 
10 40 1 39 0 38 0 37 20 
10 40 1 39 0 38 0 37 20 
10 41 1 40 0 39 0 38 20 
10 42 1 41 0 40 0 39 20 
10 41 1 40 0 39 0 38 20 
10 42 1 41 0 40 0 39 20 
10 42 1 41 0 40 0 39 20 
10 42 1 41 0 40 0 39 20 
10 40 1 39 0 38 0 37 20 
10 39 1 38 0 37 0 36 20 
10 41 1 40 0 39 0 38 20 
10 41 2 40 0 39 0 38 20 
10 39 1 38 0 37 0 36 20 
10 41 1 40 0 39 0 38 20 
10 43 1 42 0 41 0 40 20 
10 41 1 40 0 39 0 38 20 
10 41 1 40 0 39 0 38 20 
10 43 1 42 0 41 0 40 20 
10 40 1 39 0 38 0 37 20 
10 42 1 41 0 40 0 39 20 
10 43 1 42 0 41 0 40 20 
10 43 1 42 0 41 0 40 20 
10 39 1 38 0 37 0 36 20 
10 43 1 42 0 41 0 40 20 
10 40 1 39 0 38 0 37 20 
10 43 1 42 0 41 0 40 20 
10 40 1 39 0 38 0 37 20 
10 41 1 40 0 39 0 38 20 
10 41 1 40 0 39 0 38 20 
10 41 1 40 0 39 0 38 20 
10 41 2 40 0 39 0 38 20 
10 39 1 38 0 37 0 36 20 
10 43 1 42 0 41 0 40 20 
10 41 1 40 0 39 0 38 20 
10 43 1 42 0 41 0 40 20 
10 42 2 41 0 40 0 39 20 
10 40 1 39 0 38 0 37 20 
10 41 1 40 0 39 0 38 20 
11 42 2 41 0 40 0 39 20 
10 44 1 43 0 42 0 41 20 
10 43 0 42 0 41 0 40 20 
10 40 1 39 0 38 0 37 20 
SCORES_TXT_END_0
SCORES_TXT_BEGIN_0 66 99 9 BLEU
2 26 0 25 0 24 0 23 17 
2 26 0 25 0 24 0 23 17 
2 26 0 25 0 24 0 23 17 
2 26 0 25 0 24 0 23 17 
2 26 0 25 0 24 0 23 17 
2 26 0 25 0 24 0 23 17 
2 26 0 25 0 24 0 23 17 
2 29 0 28 0 27 0 26 17 
2 26 0 25 0 24 0 23 17 
2 26 0 25 0 24 0 23 17 
2 26 0 25 0 24 0 23 17 
2 26 0 25 0 24 0 23 17 
2 27 0 26 0 25 0 24 17 
2 26 0 25 0 24 0 23 17 
2 27 0 26 0 25 0 24 17 
2 26 0 25 0 24 0 23 17 
2 26 0 25 0 24 0 23 17 
2 26 0 25 0 24 0 23 17 
2 26 0 25 0 24 0 23 17 
2 26 0 25 0 24 0 23 17 
2 26 0 25 0 24 0 23 17 
2 26 0 25 0 24 0 23 17 
2 26 0 25 0 24 0 23 17 
2 26 0 25 0 24 0 23 17 
2 26 0 25 0 24 0 23 17 
2 26 0 25 0 24 0 23 17 
2 27 0 26 0 25 0 24 17 
2 26 0 25 0 24 0 23 17 
2 26 0 25 0 24 0 23 17 
2 26 0 25 0 24 0 23 17 
2 27 0 26 0 25 0 24 17 
2 26 0 25 0 24 0 23 17 
2 26 0 25 0 24 0 23 17 
2 26 0 25 0 24 0 23 17 
2 26 0 25 0 24 0 23 17 
2 26 0 25 0 24 0 23 17 
2 26 0 25 0 24 0 23 17 
2 26 0 25 0 24 0 23 17 
2 26 0 25 0 24 0 23 17 
2 29 1 28 0 27 0 26 17 
2 26 0 25 0 24 0 23 17 
2 26 0 25 0 24 0 23 17 
2 26 0 25 0 24 0 23 17 
2 26 0 25 0 24 0 23 17 
2 27 0 26 0 25 0 24 17 
2 26 0 25 0 24 0 23 17 
2 26 0 25 0 24 0 23 17 
2 26 0 25 0 24 0 23 17 
2 30 0 29 0 28 0 27 17 
2 29 0 28 0 27 0 26 17 
2 29 0 28 0 27 0 26 17 
2 29 1 28 0 27 0 26 17 
2 27 0 26 0 25 0 24 17 
2 26 0 25 0 24 0 23 17 
2 26 0 25 0 24 0 23 17 
2 26 0 25 0 24 0 23 17 
2 26 0 25 0 24 0 23 17 
2 28 0 27 0 26 0 25 17 
2 27 0 26 0 25 0 24 17 
2 26 0 25 0 24 0 23 17 
2 26 0 25 0 24 0 23 17 
2 26 0 25 0 24 0 23 17 
2 28 0 27 0 26 0 25 17 
2 26 0 25 0 24 0 23 17 
2 26 0 25 0 24 0 23 17 
2 26 0 25 0 24 0 23 17 
2 26 0 25 0 24 0 23 17 
2 27 0 26 0 25 0 24 17 
2 30 1 29 0 28 0 27 17 
2 26 0 25 0 24 0 23 17 
2 26 0 25 0 24 0 23 17 
2 26 0 25 0 24 0 23 17 
2 26 0 25 0 24 0 23 17 
2 27 0 26 0 25 0 24 17 
2 28 1 27 0 26 0 25 17 
2 26 0 25 0 24 0 23 17 
2 30 1 29 0 28 0 27 17 
2 28 1 27 0 26 0 25 17 
2 28 0 27 0 26 0 25 17 
2 26 0 25 0 24 0 23 17 
2 29 1 28 0 27 0 26 17 
2 26 0 25 0 24 0 23 17 
2 27 0 26 0 25 0 24 17 
2 26 0 25 0 24 0 23 17 
2 26 0 25 0 24 0 23 17 
2 26 0 25 0 24 0 23 17 
2 26 0 25 0 24 0 23 17 
2 27 0 26 0 25 0 24 17 
2 27 0 26 0 25 0 24 17 
2 26 0 25 0 24 0 23 17 
2 26 0 25 0 24 0 23 17 
2 26 0 25 0 24 0 23 17 
2 26 0 25 0 24 0 23 17 
2 26 0 25 0 24 0 23 17 
2 26 0 25 0 24 0 23 17 
2 26 0 25 0 24 0 23 17 
2 28 0 27 0 26 0 25 17 
2 28 0 27 0 26 0 25 17 
2 26 0 25 0 24 0 23 17 
SCORES_TXT_END_0
SCORES_TXT_BEGIN_0 67 100 9 BLEU
10 41 1 40 0 39 0 38 15 
10 41 1 40 0 39 0 38 15 
10 41 1 40 0 39 0 38 15 
10 41 1 40 0 39 0 38 15 
11 42 2 41 0 40 0 39 15 
11 42 2 41 0 40 0 39 15 
11 42 2 41 0 40 0 39 15 
11 42 2 41 0 40 0 39 15 
10 41 1 40 0 39 0 38 15 
11 42 2 41 0 40 0 39 15 
11 42 2 41 0 40 0 39 15 
10 42 1 41 0 40 0 39 15 
10 42 1 41 0 40 0 39 15 
10 41 1 40 0 39 0 38 15 
10 41 1 40 0 39 0 38 15 
10 41 1 40 0 39 0 38 15 
10 41 1 40 0 39 0 38 15 
11 42 2 41 0 40 0 39 15 
10 41 1 40 0 39 0 38 15 
11 42 2 41 0 40 0 39 15 
11 42 2 41 0 40 0 39 15 
11 43 2 42 0 41 0 40 15 
11 42 2 41 0 40 0 39 15 
10 41 1 40 0 39 0 38 15 
11 42 2 41 0 40 0 39 15 
11 43 2 42 0 41 0 40 15 
10 41 1 40 0 39 0 38 15 
11 42 2 41 0 40 0 39 15 
10 41 1 40 0 39 0 38 15 
9 40 1 39 0 38 0 37 15 
10 41 1 40 0 39 0 38 15 
11 42 2 41 0 40 0 39 15 
10 41 1 40 0 39 0 38 15 
9 40 1 39 0 38 0 37 15 
10 42 1 41 0 40 0 39 15 
11 43 2 42 0 41 0 40 15 
10 41 1 40 0 39 0 38 15 
11 42 2 41 0 40 0 39 15 
10 42 1 41 0 40 0 39 15 
11 43 2 42 0 41 0 40 15 
11 43 2 42 0 41 0 40 15 
10 42 1 41 0 40 0 39 15 
9 41 1 40 0 39 0 38 15 
10 41 1 40 0 39 0 38 15 
11 43 2 42 0 41 0 40 15 
11 42 2 41 0 40 0 39 15 
11 43 2 42 0 41 0 40 15 
11 42 2 41 0 40 0 39 15 
9 41 1 40 0 39 0 38 15 
10 41 1 40 0 39 0 38 15 
11 43 2 42 0 41 0 40 15 
11 43 2 42 0 41 0 40 15 
11 42 2 41 0 40 0 39 15 
11 43 2 42 0 41 0 40 15 
10 42 1 41 0 40 0 39 15 
11 42 2 41 0 40 0 39 15 
10 43 1 42 0 41 0 40 15 
11 43 2 42 0 41 0 40 15 
10 42 1 41 0 40 0 39 15 
11 42 2 41 0 40 0 39 15 
10 43 1 42 0 41 0 40 15 
11 42 2 41 0 40 0 39 15 
10 40 1 39 0 38 0 37 15 
11 43 2 42 0 41 0 40 15 
11 42 2 41 0 40 0 39 15 
11 42 2 41 0 40 0 39 15 
10 41 1 40 0 39 0 38 15 
10 41 1 40 0 39 0 38 15 
11 42 2 41 0 40 0 39 15 
11 42 2 41 0 40 0 39 15 
11 42 2 41 0 40 0 39 15 
11 43 2 42 0 41 0 40 15 
11 42 2 41 0 40 0 39 15 
11 42 2 41 0 40 0 39 15 
10 41 1 40 0 39 0 38 15 
11 43 2 42 0 41 0 40 15 
11 42 2 41 0 40 0 39 15 
10 41 1 40 0 39 0 38 15 
10 42 2 41 0 40 0 39 15 
10 42 1 41 0 40 0 39 15 
11 42 2 41 0 40 0 39 15 
10 41 1 40 0 39 0 38 15 
11 42 2 41 0 40 0 39 15 
10 41 1 40 0 39 0 38 15 
9 40 1 39 0 38 0 37 15 
10 44 2 43 0 42 0 41 15 
10 42 2 41 0 40 0 39 15 
10 41 1 40 0 39 0 38 15 
10 40 1 39 0 38 0 37 15 
10 42 1 41 0 40 0 39 15 
11 42 2 41 0 40 0 39 15 
10 42 1 41 0 40 0 39 15 
10 41 1 40 0 39 0 38 15 
10 41 1 40 0 39 0 38 15 
11 42 2 41 0 40 0 39 15 
10 41 1 40 0 39 0 38 15 
9 40 1 39 0 38 0 37 15 
10 40 1 39 0 38 0 37 15 
10 44 2 43 0 42 0 41 15 
10 40 1 39 0 38 0 37 15 
SCORES_TXT_END_0
SCORES_TXT_BEGIN_0 68 100 9 BLEU
9 20 5 19 4 18 3 17 15 
9 21 3 20 1 19 0 18 15 
9 21 3 20 1 19 0 18 15 
9 21 3 20 1 19 0 18 15 
9 18 5 17 4 16 3 15 15 
9 18 5 17 4 16 3 15 15 
9 20 3 19 1 18 0 17 15 
9 18 5 17 4 16 3 15 15 
8 20 2 19 1 18 0 17 15 
9 18 5 17 4 16 3 15 15 
9 20 3 19 1 18 0 17 15 
9 18 5 17 4 16 3 15 15 
9 18 5 17 4 16 3 15 15 
9 20 3 19 1 18 0 17 15 
9 18 5 17 4 16 3 15 15 
8 20 5 19 4 18 3 17 15 
9 19 5 18 4 17 3 16 15 
9 20 3 19 1 18 0 17 15 
9 19 5 18 4 17 3 16 15 
9 20 5 19 4 18 3 17 15 
9 19 5 18 4 17 3 16 15 
8 20 2 19 1 18 0 17 15 
9 20 3 19 1 18 0 17 15 
9 20 3 19 1 18 0 17 15 
9 20 3 19 1 18 0 17 15 
9 20 5 19 4 18 3 17 15 
10 20 6 19 4 18 3 17 15 
9 21 5 20 3 19 2 18 15 
9 20 5 19 4 18 3 17 15 
9 18 5 17 4 16 3 15 15 
8 20 5 19 4 18 3 17 15 
9 20 5 19 4 18 3 17 15 
9 21 5 20 3 19 2 18 15 
9 21 3 20 1 19 0 18 15 
9 19 5 18 4 17 3 16 15 
9 21 3 20 1 19 0 18 15 
9 20 3 19 1 18 0 17 15 
9 20 3 19 1 18 0 17 15 
9 21 5 20 3 19 2 18 15 
9 22 3 21 1 20 0 19 15 
9 20 5 19 4 18 3 17 15 
9 21 4 20 3 19 2 18 15 
9 20 5 19 4 18 3 17 15 
9 19 3 18 2 17 1 16 15 
9 20 4 19 1 18 0 17 15 
9 21 5 20 3 19 2 18 15 
9 20 3 19 1 18 0 17 15 
9 19 4 18 3 17 2 16 15 
9 20 5 19 3 18 2 17 15 
9 20 5 19 4 18 3 17 15 
9 19 3 18 1 17 0 16 15 
9 19 5 18 4 17 3 16 15 
9 20 5 19 4 18 3 17 15 
9 20 3 19 1 18 0 17 15 
9 20 5 19 3 18 2 17 15 
9 20 3 19 1 18 0 17 15 
9 19 5 18 4 17 3 16 15 
9 20 5 19 4 18 3 17 15 
9 20 3 19 1 18 0 17 15 
9 18 5 17 4 16 3 15 15 
9 20 5 19 4 18 3 17 15 
8 18 5 17 4 16 3 15 15 
9 19 5 18 4 17 3 16 15 
7 20 2 19 1 18 0 17 15 
9 18 5 17 4 16 3 15 15 
9 20 3 19 1 18 0 17 15 
9 19 5 18 4 17 3 16 15 
8 20 2 19 1 18 0 17 15 
8 19 2 18 1 17 0 16 15 
9 19 3 18 1 17 0 16 15 
9 21 5 20 4 19 2 18 15 
8 20 3 19 1 18 0 17 15 
8 21 2 20 0 19 0 18 15 
9 19 5 18 4 17 3 16 15 
9 19 5 18 4 17 3 16 15 
9 19 5 18 4 17 3 16 15 
9 20 5 19 4 18 3 17 15 
9 19 5 18 4 17 3 16 15 
9 19 4 18 3 17 2 16 15 
9 20 4 19 1 18 0 17 15 
9 19 5 18 4 17 2 16 15 
9 20 5 19 3 18 2 17 15 
9 20 3 19 1 18 0 17 15 
9 19 3 18 1 17 0 16 15 
9 21 5 20 4 19 2 18 15 
9 20 3 19 1 18 0 17 15 
8 18 5 17 4 16 3 15 15 
8 21 2 20 0 19 0 18 15 
8 20 2 19 1 18 0 17 15 
9 21 3 20 1 19 0 18 15 
9 19 4 18 3 17 2 16 15 
9 22 3 21 1 20 0 19 15 
10 21 3 20 1 19 0 18 15 
9 21 2 20 1 19 0 18 15 
9 20 4 19 3 18 2 17 15 
9 19 4 18 3 17 2 16 15 
9 21 5 20 4 19 2 18 15 
9 19 3 18 1 17 0 16 15 
9 18 5 17 4 16 3 15 15 
9 19 5 18 4 17 3 16 15 
SCORES_TXT_END_0
SCORES_TXT_BEGIN_0 69 100 9 BLEU
11 40 1 39 0 38 0 37 23 
9 38 2 37 0 36 0 35 23 
11 39 1 38 0 37 0 36 23 
9 41 1 40 0 39 0 38 23 
11 41 1 40 0 39 0 38 23 
9 41 1 40 0 39 0 38 23 
9 37 2 36 0 35 0 34 23 
9 40 1 39 0 38 0 37 23 
9 39 2 38 0 37 0 36 23 
9 41 1 40 0 39 0 38 23 
11 40 1 39 0 38 0 37 23 
9 39 2 38 0 37 0 36 23 
11 40 1 39 0 38 0 37 23 
9 40 1 39 0 38 0 37 23 
9 42 1 41 0 40 0 39 23 
10 38 1 37 0 36 0 35 23 
9 38 2 37 0 36 0 35 23 
9 42 1 41 0 40 0 39 23 
9 38 2 37 0 36 0 35 23 
9 41 1 40 0 39 0 38 23 
9 40 1 39 0 38 0 37 23 
11 39 1 38 0 37 0 36 23 
11 38 1 37 0 36 0 35 23 
9 41 1 40 0 39 0 38 23 
9 38 2 37 0 36 0 35 23 
11 41 1 40 0 39 0 38 23 
11 40 1 39 0 38 0 37 23 
9 41 1 40 0 39 0 38 23 
9 38 2 37 0 36 0 35 23 
11 39 1 38 0 37 0 36 23 
10 37 1 36 0 35 0 34 23 
10 38 1 37 0 36 0 35 23 
11 41 1 40 0 39 0 38 23 
9 42 1 41 0 40 0 39 23 
11 41 1 40 0 39 0 38 23 
10 39 1 38 0 37 0 36 23 
9 41 1 40 0 39 0 38 23 
9 41 1 40 0 39 0 38 23 
9 41 1 40 0 39 0 38 23 
9 37 2 36 0 35 0 34 23 
9 36 2 35 0 34 0 33 23 
11 38 1 37 0 36 0 35 23 
9 40 2 39 0 38 0 37 23 
9 39 1 38 0 37 0 36 23 
9 41 1 40 0 39 0 38 23 
9 39 2 38 0 37 0 36 23 
9 41 1 40 0 39 0 38 23 
9 38 2 37 0 36 0 35 23 
9 40 1 39 0 38 0 37 23 
11 40 1 39 0 38 0 37 23 
9 40 1 39 0 38 0 37 23 
9 39 1 38 0 37 0 36 23 
10 39 1 38 0 37 0 36 23 
10 39 1 38 0 37 0 36 23 
9 42 1 41 0 40 0 39 23 
11 41 1 40 0 39 0 38 23 
9 41 1 40 0 39 0 38 23 
9 40 1 39 0 38 0 37 23 
9 39 2 38 0 37 0 36 23 
9 41 1 40 0 39 0 38 23 
9 38 2 37 0 36 0 35 23 
9 37 2 36 0 35 0 34 23 
9 40 2 39 0 38 0 37 23 
9 39 2 38 0 37 0 36 23 
11 38 1 37 0 36 0 35 23 
9 41 1 40 0 39 0 38 23 
10 40 1 39 0 38 0 37 23 
9 36 2 35 0 34 0 33 23 
10 37 1 36 0 35 0 34 23 
9 39 2 38 0 37 0 36 23 
11 41 1 40 0 39 0 38 23 
9 42 1 41 0 40 0 39 23 
11 39 1 38 0 37 0 36 23 
9 41 1 40 0 39 0 38 23 
11 38 1 37 0 36 0 35 23 
11 40 1 39 0 38 0 37 23 
11 39 1 38 0 37 0 36 23 
10 38 1 37 0 36 0 35 23 
9 40 1 39 0 38 0 37 23 
11 41 1 40 0 39 0 38 23 
11 39 1 38 0 37 0 36 23 
9 42 1 41 0 40 0 39 23 
9 40 1 39 0 38 0 37 23 
9 40 1 39 0 38 0 37 23 
9 39 1 38 0 37 0 36 23 
9 42 1 41 0 40 0 39 23 
9 39 2 38 0 37 0 36 23 
9 38 1 37 0 36 0 35 23 
9 38 2 37 0 36 0 35 23 
11 42 1 41 0 40 0 39 23 
9 39 1 38 0 37 0 36 23 
11 41 1 40 0 39 0 38 23 
9 40 1 39 0 38 0 37 23 
9 42 1 41 0 40 0 39 23 
11 42 1 41 0 40 0 39 23 
10 38 1 37 0 36 0 35 23 
11 41 1 40 0 39 0 38 23 
11 40 1 39 0 38 0 37 23 
10 37 3 36 2 35 1 34 23 
9 41 1 40 0 39 0 38 23 
SCORES_TXT_END_0
SCORES_TXT_BEGIN_0 70 99 9 BLEU
9 46 3 45 0 44 0 43 24 
9 47 3 46 0 45 0 44 24 
9 46 3 45 0 44 0 43 24 
10 47 3 46 0 45 0 44 24 
9 45 3 44 0 43 0 42 24 
10 48 3 47 0 46 0 45 24 
9 45 2 44 0 43 0 42 24 
9 46 3 45 0 44 0 43 24 
9 46 3 45 0 44 0 43 24 
10 47 3 46 0 45 0 44 24 
9 46 2 45 0 44 0 43 24 
9 47 3 46 0 45 0 44 24 
10 46 3 45 0 44 0 43 24 
9 45 2 44 0 43 0 42 24 
9 45 3 44 0 43 0 42 24 
9 46 2 45 0 44 0 43 24 
9 45 2 44 0 43 0 42 24 
9 46 3 45 0 44 0 43 24 
9 45 3 44 0 43 0 42 24 
9 46 3 45 0 44 0 43 24 
9 47 3 46 0 45 0 44 24 
10 46 2 45 0 44 0 43 24 
10 47 3 46 0 45 0 44 24 
10 47 3 46 0 45 0 44 24 
10 47 3 46 0 45 0 44 24 
9 47 3 46 0 45 0 44 24 
9 46 3 45 0 44 0 43 24 
9 46 3 45 0 44 0 43 24 
9 45 2 44 0 43 0 42 24 
10 47 2 46 0 45 0 44 24 
10 48 3 47 0 46 0 45 24 
10 46 2 45 0 44 0 43 24 
9 44 2 43 0 42 0 41 24 
9 46 3 45 0 44 0 43 24 
9 46 3 45 0 44 0 43 24 
10 46 3 45 0 44 0 43 24 
9 45 2 44 0 43 0 42 24 
9 46 3 45 0 44 0 43 24 
10 46 3 45 0 44 0 43 24 
9 47 3 46 0 45 0 44 24 
10 47 3 46 0 45 0 44 24 
9 45 3 44 0 43 0 42 24 
9 46 3 45 0 44 0 43 24 
9 47 3 46 0 45 0 44 24 
10 47 2 46 0 45 0 44 24 
10 46 2 45 0 44 0 43 24 
10 47 3 46 0 45 0 44 24 
10 46 3 45 0 44 0 43 24 
9 47 3 46 0 45 0 44 24 
9 46 3 45 0 44 0 43 24 
9 47 3 46 0 45 0 44 24 
10 47 3 46 0 45 0 44 24 
9 44 3 43 0 42 0 41 24 
10 48 3 47 0 46 0 45 24 
10 45 4 44 0 43 0 42 24 
11 48 3 47 0 46 0 45 24 
9 44 1 43 0 42 0 41 24 
9 45 2 44 0 43 0 42 24 
10 48 3 47 0 46 0 45 24 
9 48 3 47 0 46 0 45 24 
9 45 2 44 0 43 0 42 24 
9 47 3 46 0 45 0 44 24 
9 47 3 46 0 45 0 44 24 
10 47 3 46 0 45 0 44 24 
9 46 3 45 0 44 0 43 24 
10 47 3 46 0 45 0 44 24 
9 46 3 45 0 44 0 43 24 
9 46 3 45 0 44 0 43 24 
9 46 3 45 0 44 0 43 24 
9 47 3 46 0 45 0 44 24 
10 46 2 45 0 44 0 43 24 
10 46 4 45 0 44 0 43 24 
9 46 3 45 0 44 0 43 24 
9 47 3 46 0 45 0 44 24 
9 46 3 45 0 44 0 43 24 
9 46 3 45 0 44 0 43 24 
9 46 3 45 0 44 0 43 24 
9 45 1 44 0 43 0 42 24 
9 46 2 45 0 44 0 43 24 
9 45 3 44 0 43 0 42 24 
10 47 3 46 1 45 0 44 24 
9 49 3 48 0 47 0 46 24 
9 45 3 44 0 43 0 42 24 
10 45 2 44 0 43 0 42 24 
9 45 2 44 0 43 0 42 24 
9 46 3 45 0 44 0 43 24 
10 47 3 46 0 45 0 44 24 
10 47 3 46 0 45 0 44 24 
9 46 2 45 0 44 0 43 24 
9 45 3 44 0 43 0 42 24 
9 47 3 46 0 45 0 44 24 
9 46 3 45 0 44 0 43 24 
9 45 3 44 0 43 0 42 24 
9 45 3 44 0 43 0 42 24 
9 46 3 45 0 44 0 43 24 
10 46 2 45 0 44 0 43 24 
10 47 3 46 0 45 0 44 24 
10 46 2 45 0 44 0 43 24 
10 47 3 46 0 45 0 44 24 
SCORES_TXT_END_0
SCORES_TXT_BEGIN_0 71 100 9 BLEU
8 26 1 25 0 24 0 23 15 
7 25 1 24 0 23 0 22 15 
8 25 2 24 0 23 0 22 15 
8 29 1 28 0 27 0 26 15 
8 26 1 25 0 24 0 23 15 
8 28 1 27 0 26 0 25 15 
8 28 1 27 0 26 0 25 15 
8 26 2 25 0 24 0 23 15 
8 26 1 25 0 24 0 23 15 
8 27 1 26 0 25 0 24 15 
8 29 1 28 0 27 0 26 15 
8 28 1 27 0 26 0 25 15 
8 27 1 26 0 25 0 24 15 
7 28 1 27 0 26 0 25 15 
8 28 1 27 0 26 0 25 15 
8 27 1 26 0 25 0 24 15 
7 27 1 26 0 25 0 24 15 
6 27 1 26 0 25 0 24 15 
6 26 1 25 0 24 0 23 15 
8 25 2 24 0 23 0 22 15 
7 27 1 26 0 25 0 24 15 
7 25 1 24 0 23 0 22 15 
7 26 1 25 0 24 0 23 15 
8 28 1 27 0 26 0 25 15 
7 25 1 24 0 23 0 22 15 
8 27 1 26 0 25 0 24 15 
7 28 1 27 0 26 0 25 15 
8 25 2 24 0 23 0 22 15 
6 26 1 25 0 24 0 23 15 
6 25 1 24 0 23 0 22 15 
7 27 1 26 0 25 0 24 15 
7 26 1 25 0 24 0 23 15 
9 25 3 24 0 23 0 22 15 
8 27 1 26 0 25 0 24 15 
7 27 1 26 0 25 0 24 15 
8 26 1 25 0 24 0 23 15 
8 29 1 28 0 27 0 26 15 
7 26 1 25 0 24 0 23 15 
7 26 1 25 0 24 0 23 15 
8 28 1 27 0 26 0 25 15 
8 28 1 27 0 26 0 25 15 
8 26 2 25 0 24 0 23 15 
8 24 2 23 0 22 0 21 15 
8 29 1 28 0 27 0 26 15 
9 26 3 25 0 24 0 23 15 
6 25 1 24 0 23 0 22 15 
8 25 2 24 0 23 0 22 15 
9 26 0 25 0 24 0 23 15 
8 26 1 25 0 24 0 23 15 
8 28 1 27 0 26 0 25 15 
8 26 1 25 0 24 0 23 15 
8 26 1 25 0 24 0 23 15 
7 25 1 24 0 23 0 22 15 
8 27 1 26 0 25 0 24 15 
8 26 1 25 0 24 0 23 15 
7 27 1 26 0 25 0 24 15 
8 26 2 25 0 24 0 23 15 
7 26 1 25 0 24 0 23 15 
8 28 1 27 0 26 0 25 15 
8 29 1 28 0 27 0 26 15 
7 25 1 24 0 23 0 22 15 
7 25 1 24 0 23 0 22 15 
8 27 1 26 0 25 0 24 15 
6 26 1 25 0 24 0 23 15 
8 26 1 25 0 24 0 23 15 
8 28 1 27 0 26 0 25 15 
8 27 1 26 0 25 0 24 15 
8 27 1 26 0 25 0 24 15 
8 27 1 26 0 25 0 24 15 
8 27 1 26 0 25 0 24 15 
8 27 1 26 0 25 0 24 15 
8 28 1 27 0 26 0 25 15 
8 27 1 26 0 25 0 24 15 
8 26 0 25 0 24 0 23 15 
8 27 1 26 0 25 0 24 15 
10 26 3 25 0 24 0 23 15 
7 25 1 24 0 23 0 22 15 
8 28 1 27 0 26 0 25 15 
8 28 1 27 0 26 0 25 15 
8 25 2 24 0 23 0 22 15 
9 25 0 24 0 23 0 22 15 
7 25 1 24 0 23 0 22 15 
8 26 1 25 0 24 0 23 15 
8 27 1 26 0 25 0 24 15 
7 27 1 26 0 25 0 24 15 
6 24 1 23 0 22 0 21 15 
9 26 0 25 0 24 0 23 15 
9 25 3 24 0 23 0 22 15 
8 26 2 25 0 24 0 23 15 
7 28 1 27 0 26 0 25 15 
8 25 0 24 0 23 0 22 15 
7 25 1 24 0 23 0 22 15 
8 26 1 25 0 24 0 23 15 
7 25 1 24 0 23 0 22 15 
8 28 1 27 0 26 0 25 15 
10 27 3 26 0 25 0 24 15 
8 26 1 25 0 24 0 23 15 
8 30 1 29 0 28 0 27 15 
6 25 1 24 0 23 0 22 15 
7 25 1 24 0 23 0 22 15 
SCORES_TXT_END_0
SCORES_TXT_BEGIN_0 72 100 9 BLEU
8 38 2 37 1 36 0 35 20 
8 37 2 36 1 35 0 34 20 
8 37 2 36 1 35 0 34 20 
7 37 0 36 0 35 0 34 20 
7 36 0 35 0 34 0 33 20 
7 36 0 35 0 34 0 33 20 
8 37 2 36 1 35 0 34 20 
8 36 2 35 1 34 0 33 20 
8 36 2 35 1 34 0 33 20 
7 36 0 35 0 34 0 33 20 
8 37 2 36 1 35 0 34 20 
7 35 0 34 0 33 0 32 20 
7 35 0 34 0 33 0 32 20 
8 38 2 37 1 36 0 35 20 
8 39 2 38 1 37 0 36 20 
7 36 0 35 0 34 0 33 20 
8 37 2 36 1 35 0 34 20 
7 37 0 36 0 35 0 34 20 
8 36 2 35 1 34 0 33 20 
7 38 0 37 0 36 0 35 20 
8 37 2 36 1 35 0 34 20 
7 36 0 35 0 34 0 33 20 
7 37 0 36 0 35 0 34 20 
8 38 2 37 1 36 0 35 20 
7 35 0 34 0 33 0 32 20 
7 36 0 35 0 34 0 33 20 
8 36 2 35 1 34 0 33 20 
7 36 0 35 0 34 0 33 20 
7 36 0 35 0 34 0 33 20 
8 37 2 36 1 35 0 34 20 
7 37 0 36 0 35 0 34 20 
8 38 2 37 1 36 0 35 20 
8 38 2 37 1 36 0 35 20 
7 35 0 34 0 33 0 32 20 
7 36 0 35 0 34 0 33 20 
7 36 0 35 0 34 0 33 20 
7 35 0 34 0 33 0 32 20 
7 37 0 36 0 35 0 34 20 
7 37 0 36 0 35 0 34 20 
7 35 0 34 0 33 0 32 20 
8 37 2 36 1 35 0 34 20 
8 36 2 35 1 34 0 33 20 
8 37 2 36 1 35 0 34 20 
8 37 2 36 1 35 0 34 20 
7 36 0 35 0 34 0 33 20 
8 37 2 36 1 35 0 34 20 
8 36 2 35 1 34 0 33 20 
8 36 2 35 1 34 0 33 20 
7 37 0 36 0 35 0 34 20 
7 36 0 35 0 34 0 33 20 
7 35 0 34 0 33 0 32 20 
7 36 0 35 0 34 0 33 20 
7 38 0 37 0 36 0 35 20 
7 36 0 35 0 34 0 33 20 
7 36 0 35 0 34 0 33 20 
7 35 0 34 0 33 0 32 20 
8 38 2 37 1 36 0 35 20 
8 37 2 36 1 35 0 34 20 
8 36 2 35 1 34 0 33 20 
7 36 0 35 0 34 0 33 20 
7 35 0 34 0 33 0 32 20 
7 35 0 34 0 33 0 32 20 
8 38 2 37 1 36 0 35 20 
8 39 2 38 1 37 0 36 20 
7 36 0 35 0 34 0 33 20 
7 37 0 36 0 35 0 34 20 
8 36 2 35 1 34 0 33 20 
5 36 0 35 0 34 0 33 20 
7 36 0 35 0 34 0 33 20 
7 35 0 34 0 33 0 32 20 
8 40 2 39 1 38 0 37 20 
7 37 0 36 0 35 0 34 20 
8 37 2 36 1 35 0 34 20 
8 36 2 35 1 34 0 33 20 
7 37 0 36 0 35 0 34 20 
5 35 0 34 0 33 0 32 20 
8 39 2 38 1 37 0 36 20 
8 37 2 36 1 35 0 34 20 
5 35 0 34 0 33 0 32 20 
7 38 0 37 0 36 0 35 20 
8 36 2 35 1 34 0 33 20 
8 37 2 36 1 35 0 34 20 
8 37 2 36 1 35 0 34 20 
7 35 0 34 0 33 0 32 20 
7 35 0 34 0 33 0 32 20 
8 37 2 36 1 35 0 34 20 
8 38 2 37 1 36 0 35 20 
8 37 2 36 1 35 0 34 20 
7 36 0 35 0 34 0 33 20 
7 39 0 38 0 37 0 36 20 
8 38 2 37 1 36 0 35 20 
8 38 2 37 1 36 0 35 20 
7 36 0 35 0 34 0 33 20 
7 35 0 34 0 33 0 32 20 
8 38 2 37 1 36 0 35 20 
7 37 0 36 0 35 0 34 20 
7 38 0 37 0 36 0 35 20 
7 36 0 35 0 34 0 33 20 
5 35 0 34 0 33 0 32 20 
7 35 0 34 0 33 0 32 20 
SCORES_TXT_END_0
SCORES_TXT_BEGIN_0 73 100 9 BLEU
11 49 3 48 1 47 0 46 28 
11 48 3 47 1 46 0 45 28 
11 51 3 50 1 49 0 48 28 
11 50 3 49 1 48 0 47 28 
11 48 2 47 1 46 0 45 28 
11 48 3 47 1 46 0 45 28 
11 49 3 48 1 47 0 46 28 
11 47 2 46 1 45 0 44 28 
11 47 3 46 1 45 0 44 28 
11 48 2 47 1 46 0 45 28 
11 50 3 49 1 48 0 47 28 
11 48 3 47 1 46 0 45 28 
11 47 2 46 1 45 0 44 28 
11 50 2 49 1 48 0 47 28 
11 50 3 49 1 48 0 47 28 
11 49 3 48 1 47 0 46 28 
11 51 3 50 1 49 0 48 28 
11 49 2 48 1 47 0 46 28 
11 49 3 48 1 47 0 46 28 
11 50 2 49 1 48 0 47 28 
11 52 3 51 1 50 0 49 28 
11 47 2 46 1 45 0 44 28 
11 50 3 49 1 48 0 47 28 
11 49 2 48 1 47 0 46 28 
11 51 3 50 1 49 0 48 28 
11 48 3 47 1 46 0 45 28 
11 46 2 45 1 44 0 43 28 
11 47 2 46 1 45 0 44 28 
11 49 2 48 1 47 0 46 28 
11 47 3 46 1 45 0 44 28 
11 48 2 47 1 46 0 45 28 
11 46 2 45 1 44 0 43 28 
11 49 2 48 1 47 0 46 28 
11 49 2 48 1 47 0 46 28 
11 50 3 49 1 48 0 47 28 
11 48 2 47 1 46 0 45 28 
11 49 2 48 1 47 0 46 28 
11 47 2 46 1 45 0 44 28 
11 48 2 47 1 46 0 45 28 
11 50 3 49 1 48 0 47 28 
11 48 2 47 1 46 0 45 28 
11 49 3 48 1 47 0 46 28 
11 49 2 48 1 47 0 46 28 
11 48 2 47 1 46 0 45 28 
11 49 2 48 1 47 0 46 28 
11 51 2 50 1 49 0 48 28 
11 49 3 48 1 47 0 46 28 
11 50 2 49 1 48 0 47 28 
11 48 2 47 1 46 0 45 28 
11 51 2 50 1 49 0 48 28 
11 48 2 47 1 46 0 45 28 
11 52 3 51 1 50 0 49 28 
11 50 2 49 1 48 0 47 28 
11 51 2 50 1 49 0 48 28 
11 49 2 48 1 47 0 46 28 
11 50 2 49 1 48 0 47 28 
11 51 3 50 1 49 0 48 28 
11 50 2 49 1 48 0 47 28 
11 51 2 50 1 49 0 48 28 
11 47 2 46 1 45 0 44 28 
12 51 3 50 1 49 0 48 28 
11 48 2 47 1 46 0 45 28 
11 50 2 49 1 48 0 47 28 
11 46 2 45 1 44 0 43 28 
12 50 3 49 1 48 0 47 28 
11 47 2 46 1 45 0 44 28 
11 49 2 48 1 47 0 46 28 
11 48 2 47 1 46 0 45 28 
11 50 2 49 1 48 0 47 28 
11 50 3 49 1 48 0 47 28 
12 48 3 47 1 46 0 45 28 
11 49 2 48 1 47 0 46 28 
11 48 2 47 1 46 0 45 28 
12 53 3 52 1 51 0 50 28 
11 49 2 48 1 47 0 46 28 
11 50 2 49 1 48 0 47 28 
11 47 2 46 1 45 0 44 28 
11 48 2 47 1 46 0 45 28 
11 49 2 48 1 47 0 46 28 
11 47 3 46 1 45 0 44 28 
11 49 3 48 1 47 0 46 28 
12 47 3 46 1 45 0 44 28 
11 50 2 49 1 48 0 47 28 
11 48 2 47 1 46 0 45 28 
12 52 3 51 1 50 0 49 28 
11 48 2 47 1 46 0 45 28 
11 49 2 48 1 47 0 46 28 
11 49 3 48 1 47 0 46 28 
11 47 2 46 1 45 0 44 28 
11 46 3 45 1 44 0 43 28 
11 51 2 50 1 49 0 48 28 
11 50 2 49 1 48 0 47 28 
11 52 2 51 1 50 0 49 28 
11 49 2 48 1 47 0 46 28 
12 50 2 49 1 48 0 47 28 
12 50 3 49 1 48 0 47 28 
11 52 3 51 1 50 0 49 28 
12 50 3 49 1 48 0 47 28 
11 48 3 47 1 46 0 45 28 
11 47 3 46 1 45 0 44 28 
SCORES_TXT_END_0
SCORES_TXT_BEGIN_0 74 68 9 BLEU
5 28 0 27 0 26 0 25 14 
5 29 0 28 0 27 0 26 14 
5 29 0 28 0 27 0 26 14 
5 30 0 29 0 28 0 27 14 
5 27 0 26 0 25 0 24 14 
5 28 0 27 0 26 0 25 14 
5 29 0 28 0 27 0 26 14 
5 28 0 27 0 26 0 25 14 
5 28 0 27 0 26 0 25 14 
5 28 0 27 0 26 0 25 14 
5 28 0 27 0 26 0 25 14 
5 29 0 28 0 27 0 26 14 
5 29 0 28 0 27 0 26 14 
5 28 0 27 0 26 0 25 14 
5 27 0 26 0 25 0 24 14 
5 28 0 27 0 26 0 25 14 
5 28 0 27 0 26 0 25 14 
5 29 0 28 0 27 0 26 14 
5 28 0 27 0 26 0 25 14 
5 30 0 29 0 28 0 27 14 
5 29 0 28 0 27 0 26 14 
5 27 0 26 0 25 0 24 14 
5 27 0 26 0 25 0 24 14 
5 28 0 27 0 26 0 25 14 
5 28 0 27 0 26 0 25 14 
5 28 0 27 0 26 0 25 14 
5 29 0 28 0 27 0 26 14 
5 27 0 26 0 25 0 24 14 
5 28 0 27 0 26 0 25 14 
5 29 0 28 0 27 0 26 14 
5 29 0 28 0 27 0 26 14 
5 29 0 28 0 27 0 26 14 
5 29 0 28 0 27 0 26 14 
5 28 0 27 0 26 0 25 14 
5 29 0 28 0 27 0 26 14 
5 29 0 28 0 27 0 26 14 
5 27 0 26 0 25 0 24 14 
5 28 0 27 0 26 0 25 14 
5 27 0 26 0 25 0 24 14 
5 29 0 28 0 27 0 26 14 
5 28 0 27 0 26 0 25 14 
5 29 0 28 0 27 0 26 14 
5 28 0 27 0 26 0 25 14 
5 28 0 27 0 26 0 25 14 
5 28 0 27 0 26 0 25 14 
5 29 0 28 0 27 0 26 14 
5 29 0 28 0 27 0 26 14 
5 30 0 29 0 28 0 27 14 
5 28 0 27 0 26 0 25 14 
5 27 0 26 0 25 0 24 14 
5 27 0 26 0 25 0 24 14 
5 29 0 28 0 27 0 26 14 
5 28 0 27 0 26 0 25 14 
6 28 0 27 0 26 0 25 14 
5 27 0 26 0 25 0 24 14 
5 28 0 27 0 26 0 25 14 
5 28 0 27 0 26 0 25 14 
5 28 0 27 0 26 0 25 14 
5 28 0 27 0 26 0 25 14 
5 28 0 27 0 26 0 25 14 
5 28 0 27 0 26 0 25 14 
5 29 0 28 0 27 0 26 14 
5 27 0 26 0 25 0 24 14 
6 28 0 27 0 26 0 25 14 
5 28 0 27 0 26 0 25 14 
5 28 0 27 0 26 0 25 14 
5 29 0 28 0 27 0 26 14 
5 29 0 28 0 27 0 26 14 
SCORES_TXT_END_0
SCORES_TXT_BEGIN_0 75 100 9 BLEU
11 36 3 35 0 34 0 33 20 
12 36 4 35 0 34 0 33 20 
11 35 3 34 0 33 0 32 20 
11 36 4 35 0 34 0 33 20 
12 36 5 35 0 34 0 33 20 
11 36 3 35 0 34 0 33 20 
11 36 4 35 0 34 0 33 20 
11 37 4 36 0 35 0 34 20 
11 35 4 34 0 33 0 32 20 
11 36 3 35 0 34 0 33 20 
11 36 3 35 0 34 0 33 20 
12 36 4 35 0 34 0 33 20 
12 36 5 35 0 34 0 33 20 
11 36 3 35 0 34 0 33 20 
12 37 5 36 0 35 0 34 20 
11 38 3 37 0 36 0 35 20 
10 36 4 35 0 34 0 33 20 
11 36 3 35 0 34 0 33 20 
11 36 3 35 0 34 0 33 20 
12 36 4 35 0 34 0 33 20 
11 35 3 34 0 33 0 32 20 
11 35 4 34 0 33 0 32 20 
12 36 4 35 0 34 0 33 20 
11 36 4 35 0 34 0 33 20 
11 37 3 36 0 35 0 34 20 
11 35 3 34 0 33 0 32 20 
12 36 4 35 0 34 0 33 20 
11 35 3 34 0 33 0 32 20 
11 35 3 34 0 33 0 32 20 
12 38 4 37 0 36 0 35 20 
12 36 4 35 0 34 0 33 20 
12 36 4 35 0 34 0 33 20 
11 36 4 35 0 34 0 33 20 
11 35 3 34 0 33 0 32 20 
12 37 4 36 0 35 0 34 20 
11 36 4 35 0 34 0 33 20 
11 36 3 35 0 34 0 33 20 
12 35 4 34 0 33 0 32 20 
11 36 3 35 0 34 0 33 20 
12 35 4 34 0 33 0 32 20 
11 37 3 36 0 35 0 34 20 
11 35 3 34 0 33 0 32 20 
11 35 3 34 0 33 0 32 20 
11 38 4 37 0 36 0 35 20 
10 36 5 35 0 34 0 33 20 
11 35 3 34 0 33 0 32 20 
11 37 4 36 0 35 0 34 20 
11 36 4 35 0 34 0 33 20 
11 36 3 35 0 34 0 33 20 
10 36 2 35 0 34 0 33 20 
11 34 3 33 0 32 0 31 20 
12 36 5 35 0 34 0 33 20 
11 36 3 35 0 34 0 33 20 
11 36 3 35 0 34 0 33 20 
10 38 2 37 0 36 0 35 20 
11 35 4 34 0 33 0 32 20 
12 36 4 35 0 34 0 33 20 
11 36 3 35 0 34 0 33 20 
12 36 5 35 0 34 0 33 20 
12 36 4 35 0 34 0 33 20 
11 36 3 35 0 34 0 33 20 
11 36 4 35 0 34 0 33 20 
11 37 3 36 0 35 0 34 20 
12 36 4 35 0 34 0 33 20 
10 37 2 36 0 35 0 34 20 
11 37 4 36 0 35 0 34 20 
11 36 3 35 0 34 0 33 20 
11 36 4 35 0 34 0 33 20 
11 35 4 34 0 33 0 32 20 
11 36 3 35 0 34 0 33 20 
12 38 5 37 0 36 0 35 20 
12 35 4 34 0 33 0 32 20 
12 37 5 36 0 35 0 34 20 
11 36 4 35 0 34 0 33 20 
11 37 4 36 0 35 0 34 20 
12 36 5 35 0 34 0 33 20 
10 37 2 36 0 35 0 34 20 
10 36 2 35 0 34 0 33 20 
10 38 2 37 0 36 0 35 20 
11 35 4 34 0 33 0 32 20 
11 36 3 35 0 34 0 33 20 
11 36 3 35 0 34 0 33 20 
11 35 3 34 0 33 0 32 20 
12 36 4 35 0 34 0 33 20 
12 36 4 35 0 34 0 33 20 
11 38 3 37 0 36 0 35 20 
11 38 4 37 0 36 0 35 20 
11 38 3 37 0 36 0 35 20 
10 36 4 35 0 34 0 33 20 
10 36 5 35 0 34 0 33 20 
11 35 3 34 0 33 0 32 20 
11 35 3 34 0 33 0 32 20 
11 36 3 35 0 34 0 33 20 
11 36 4 35 0 34 0 33 20 
12 35 5 34 0 33 0 32 20 
11 39 4 38 0 37 0 36 20 
11 36 3 35 0 34 0 33 20 
12 36 4 35 0 34 0 33 20 
10 37 5 36 0 35 0 34 20 
11 36 3 35 0 34 0 33 20 
SCORES_TXT_END_0
SCORES_TXT_BEGIN_0 76 100 9 BLEU
6 48 0 47 0 46 0 45 17 
6 51 0 50 0 49 0 48 17 
6 48 0 47 0 46 0 45 17 
6 49 0 48 0 47 0 46 17 
6 47 0 46 0 45 0 44 17 
6 47 0 46 0 45 0 44 17 
6 47 0 46 0 45 0 44 17 
6 50 0 49 0 48 0 47 17 
6 47 0 46 0 45 0 44 17 
6 46 0 45 0 44 0 43 17 
6 48 0 47 0 46 0 45 17 
6 49 0 48 0 47 0 46 17 
6 48 0 47 0 46 0 45 17 
6 48 0 47 0 46 0 45 17 
6 50 0 49 0 48 0 47 17 
6 48 0 47 0 46 0 45 17 
6 48 0 47 0 46 0 45 17 
6 51 0 50 0 49 0 48 17 
6 47 0 46 0 45 0 44 17 
6 48 0 47 0 46 0 45 17 
6 51 0 50 0 49 0 48 17 
6 47 0 46 0 45 0 44 17 
5 48 0 47 0 46 0 45 17 
6 50 0 49 0 48 0 47 17 
6 47 0 46 0 45 0 44 17 
6 48 0 47 0 46 0 45 17 
6 47 0 46 0 45 0 44 17 
5 47 0 46 0 45 0 44 17 
6 49 0 48 0 47 0 46 17 
6 48 0 47 0 46 0 45 17 
6 49 0 48 0 47 0 46 17 
6 49 0 48 0 47 0 46 17 
6 46 0 45 0 44 0 43 17 
5 47 0 46 0 45 0 44 17 
5 49 0 48 0 47 0 46 17 
6 49 0 48 0 47 0 46 17 
6 50 0 49 0 48 0 47 17 
6 46 0 45 0 44 0 43 17 
6 48 0 47 0 46 0 45 17 
6 49 0 48 0 47 0 46 17 
6 48 0 47 0 46 0 45 17 
6 47 0 46 0 45 0 44 17 
6 51 0 50 0 49 0 48 17 
6 52 0 51 0 50 0 49 17 
6 47 0 46 0 45 0 44 17 
6 47 0 46 0 45 0 44 17 
6 49 0 48 0 47 0 46 17 
6 46 0 45 0 44 0 43 17 
6 46 0 45 0 44 0 43 17 
6 49 0 48 0 47 0 46 17 
6 48 0 47 0 46 0 45 17 
6 45 0 44 0 43 0 42 17 
6 47 0 46 0 45 0 44 17 
6 50 0 49 0 48 0 47 17 
6 47 0 46 0 45 0 44 17 
6 51 0 50 0 49 0 48 17 
6 48 0 47 0 46 0 45 17 
5 49 0 48 0 47 0 46 17 
6 47 0 46 0 45 0 44 17 
6 46 0 45 0 44 0 43 17 
6 48 0 47 0 46 0 45 17 
5 48 0 47 0 46 0 45 17 
6 48 0 47 0 46 0 45 17 
6 48 0 47 0 46 0 45 17 
6 48 0 47 0 46 0 45 17 
6 49 0 48 0 47 0 46 17 
6 49 0 48 0 47 0 46 17 
6 50 0 49 0 48 0 47 17 
6 47 0 46 0 45 0 44 17 
6 49 0 48 0 47 0 46 17 
6 47 0 46 0 45 0 44 17 
7 52 0 51 0 50 0 49 17 
6 50 0 49 0 48 0 47 17 
6 48 0 47 0 46 0 45 17 
6 47 0 46 0 45 0 44 17 
6 49 0 48 0 47 0 46 17 
6 46 0 45 0 44 0 43 17 
6 47 0 46 0 45 0 44 17 
6 46 0 45 0 44 0 43 17 
6 50 0 49 0 48 0 47 17 
6 48 0 47 0 46 0 45 17 
6 47 0 46 0 45 0 44 17 
6 47 0 46 0 45 0 44 17 
6 46 0 45 0 44 0 43 17 
6 50 0 49 0 48 0 47 17 
6 46 0 45 0 44 0 43 17 
6 45 0 44 0 43 0 42 17 
6 47 0 46 0 45 0 44 17 
6 48 0 47 0 46 0 45 17 
6 49 0 48 0 47 0 46 17 
6 48 0 47 0 46 0 45 17 
6 47 0 46 0 45 0 44 17 
6 46 0 45 0 44 0 43 17 
6 51 0 50 0 49 0 48 17 
6 47 0 46 0 45 0 44 17 
6 48 0 47 0 46 0 45 17 
6 49 0 48 0 47 0 46 17 
6 47 0 46 0 45 0 44 17 
6 48 0 47 0 46 0 45 17 
6 48 0 47 0 46 0 45 17 
SCORES_TXT_END_0
SCORES_TXT_BEGIN_0 77 100 9 BLEU
5 16 0 15 0 14 0 13 8 
5 16 0 15 0 14 0 13 8 
4 18 0 17 0 16 0 15 8 
5 16 0 15 0 14 0 13 8 
5 19 0 18 0 17 0 16 8 
4 19 0 18 0 17 0 16 8 
5 16 0 15 0 14 0 13 8 
4 16 0 15 0 14 0 13 8 
4 18 0 17 0 16 0 15 8 
4 18 0 17 0 16 0 15 8 
5 15 0 14 0 13 0 12 8 
4 19 0 18 0 17 0 16 8 
4 19 0 18 0 17 0 16 8 
4 17 0 16 0 15 0 14 8 
4 20 0 19 0 18 0 17 8 
5 19 0 18 0 17 0 16 8 
5 16 0 15 0 14 0 13 8 
4 16 0 15 0 14 0 13 8 
4 18 0 17 0 16 0 15 8 
4 17 1 16 0 15 0 14 8 
5 17 0 16 0 15 0 14 8 
5 17 0 16 0 15 0 14 8 
4 19 0 18 0 17 0 16 8 
4 19 0 18 0 17 0 16 8 
5 15 0 14 0 13 0 12 8 
4 16 0 15 0 14 0 13 8 
4 18 0 17 0 16 0 15 8 
5 16 0 15 0 14 0 13 8 
5 15 0 14 0 13 0 12 8 
5 17 0 16 0 15 0 14 8 
4 16 0 15 0 14 0 13 8 
5 17 0 16 0 15 0 14 8 
4 17 0 16 0 15 0 14 8 
4 16 0 15 0 14 0 13 8 
5 15 0 14 0 13 0 12 8 
4 18 0 17 0 16 0 15 8 
4 19 0 18 0 17 0 16 8 
5 15 0 14 0 13 0 12 8 
4 17 0 16 0 15 0 14 8 
4 19 0 18 0 17 0 16 8 
4 20 0 19 0 18 0 17 8 
4 16 0 15 0 14 0 13 8 
5 16 0 15 0 14 0 13 8 
4 16 0 15 0 14 0 13 8 
5 20 0 19 0 18 0 17 8 
5 18 0 17 0 16 0 15 8 
4 18 0 17 0 16 0 15 8 
5 15 0 14 0 13 0 12 8 
5 19 0 18 0 17 0 16 8 
4 16 0 15 0 14 0 13 8 
4 16 0 15 0 14 0 13 8 
4 20 0 19 0 18 0 17 8 
4 19 0 18 0 17 0 16 8 
5 15 0 14 0 13 0 12 8 
4 15 0 14 0 13 0 12 8 
4 17 0 16 0 15 0 14 8 
4 17 1 16 0 15 0 14 8 
4 17 0 16 0 15 0 14 8 
4 17 0 16 0 15 0 14 8 
4 17 0 16 0 15 0 14 8 
4 16 0 15 0 14 0 13 8 
4 17 0 16 0 15 0 14 8 
4 17 0 16 0 15 0 14 8 
5 15 0 14 0 13 0 12 8 
5 15 0 14 0 13 0 12 8 
4 20 0 19 0 18 0 17 8 
4 18 0 17 0 16 0 15 8 
4 18 0 17 0 16 0 15 8 
4 17 0 16 0 15 0 14 8 
5 19 0 18 0 17 0 16 8 
5 15 0 14 0 13 0 12 8 
5 17 0 16 0 15 0 14 8 
4 16 0 15 0 14 0 13 8 
4 16 0 15 0 14 0 13 8 
4 19 0 18 0 17 0 16 8 
5 16 0 15 0 14 0 13 8 
5 15 0 14 0 13 0 12 8 
5 17 0 16 0 15 0 14 8 
5 18 0 17 0 16 0 15 8 
2 16 0 15 0 14 0 13 8 
4 17 0 16 0 15 0 14 8 
4 17 0 16 0 15 0 14 8 
5 18 0 17 0 16 0 15 8 
5 15 0 14 0 13 0 12 8 
5 15 0 14 0 13 0 12 8 
4 15 0 14 0 13 0 12 8 
4 18 0 17 0 16 0 15 8 
5 15 0 14 0 13 0 12 8 
4 17 0 16 0 15 0 14 8 
4 19 0 18 0 17 0 16 8 
5 16 0 15 0 14 0 13 8 
4 16 0 15 0 14 0 13 8 
4 17 0 16 0 15 0 14 8 
5 20 0 19 0 18 0 17 8 
5 18 0 17 0 16 0 15 8 
4 16 1 15 0 14 0 13 8 
4 20 0 19 0 18 0 17 8 
4 19 0 18 0 17 0 16 8 
4 18 0 17 0 16 0 15 8 
5 16 0 15 0 14 0 13 8 
SCORES_TXT_END_0
SCORES_TXT_BEGIN_0 78 100 9 BLEU
5 21 1 20 0 19 0 18 13 
5 21 1 20 0 19 0 18 13 
5 21 1 20 0 19 0 18 13 
5 21 1 20 0 19 0 18 13 
5 21 1 20 0 19 0 18 13 
5 21 1 20 0 19 0 18 13 
5 21 1 20 0 19 0 18 13 
5 21 1 20 0 19 0 18 13 
5 21 1 20 0 19 0 18 13 
5 21 1 20 0 19 0 18 13 
5 21 1 20 0 19 0 18 13 
5 22 1 21 0 20 0 19 13 
5 21 1 20 0 19 0 18 13 
5 23 1 22 0 21 0 20 13 
5 21 1 20 0 19 0 18 13 
5 21 1 20 0 19 0 18 13 
5 22 1 21 0 20 0 19 13 
5 21 1 20 0 19 0 18 13 
5 21 1 20 0 19 0 18 13 
5 22 1 21 0 20 0 19 13 
5 21 1 20 0 19 0 18 13 
5 21 1 20 0 19 0 18 13 
5 21 1 20 0 19 0 18 13 
5 21 1 20 0 19 0 18 13 
5 21 1 20 0 19 0 18 13 
5 22 1 21 0 20 0 19 13 
5 21 1 20 0 19 0 18 13 
5 23 1 22 0 21 0 20 13 
5 21 1 20 0 19 0 18 13 
5 22 1 21 0 20 0 19 13 
5 21 1 20 0 19 0 18 13 
5 21 1 20 0 19 0 18 13 
5 21 1 20 0 19 0 18 13 
5 21 1 20 0 19 0 18 13 
5 21 1 20 0 19 0 18 13 
5 22 1 21 0 20 0 19 13 
5 21 1 20 0 19 0 18 13 
5 22 1 21 0 20 0 19 13 
5 21 1 20 0 19 0 18 13 
5 21 1 20 0 19 0 18 13 
5 21 1 20 0 19 0 18 13 
5 22 1 21 0 20 0 19 13 
5 21 1 20 0 19 0 18 13 
5 21 1 20 0 19 0 18 13 
5 21 1 20 0 19 0 18 13 
5 21 1 20 0 19 0 18 13 
5 21 1 20 0 19 0 18 13 
5 21 1 20 0 19 0 18 13 
5 21 1 20 0 19 0 18 13 
5 22 1 21 0 20 0 19 13 
5 21 1 20 0 19 0 18 13 
5 21 1 20 0 19 0 18 13 
5 21 1 20 0 19 0 18 13 
5 21 1 20 0 19 0 18 13 
5 22 1 21 0 20 0 19 13 
5 21 1 20 0 19 0 18 13 
5 21 1 20 0 19 0 18 13 
5 21 1 20 0 19 0 18 13 
5 21 1 20 0 19 0 18 13 
5 22 1 21 0 20 0 19 13 
5 21 1 20 0 19 0 18 13 
5 22 1 21 0 20 0 19 13 
5 21 1 20 0 19 0 18 13 
5 21 1 20 0 19 0 18 13 
5 21 1 20 0 19 0 18 13 
5 21 1 20 0 19 0 18 13 
5 21 1 20 0 19 0 18 13 
5 21 1 20 0 19 0 18 13 
5 21 1 20 0 19 0 18 13 
5 22 1 21 0 20 0 19 13 
5 21 1 20 0 19 0 18 13 
5 21 1 20 0 19 0 18 13 
5 21 1 20 0 19 0 18 13 
5 21 1 20 0 19 0 18 13 
5 22 1 21 0 20 0 19 13 
5 21 1 20 0 19 0 18 13 
5 21 1 20 0 19 0 18 13 
5 21 1 20 0 19 0 18 13 
5 21 1 20 0 19 0 18 13 
5 21 1 20 0 19 0 18 13 
5 21 1 20 0 19 0 18 13 
5 21 1 20 0 19 0 18 13 
5 22 1 21 0 20 0 19 13 
5 21 1 20 0 19 0 18 13 
5 21 1 20 0 19 0 18 13 
5 21 1 20 0 19 0 18 13 
5 21 1 20 0 19 0 18 13 
5 21 1 20 0 19 0 18 13 
5 22 1 21 0 20 0 19 13 
5 21 1 20 0 19 0 18 13 
5 21 1 20 0 19 0 18 13 
5 22 1 21 0 20 0 19 13 
6 21 2 20 0 19 0 18 13 
5 22 1 21 0 20 0 19 13 
5 22 1 21 0 20 0 19 13 
5 22 1 21 0 20 0 19 13 
5 21 1 20 0 19 0 18 13 
5 21 1 20 0 19 0 18 13 
5 22 1 21 0 20 0 19 13 
5 21 1 20 0 19 0 18 13 
SCORES_TXT_END_0
SCORES_TXT_BEGIN_0 79 100 9 BLEU
5 22 2 21 1 20 0 19 13 
5 22 2 21 1 20 0 19 13 
5 21 2 20 1 19 0 18 13 
5 22 2 21 1 20 0 19 13 
5 23 2 22 1 21 0 20 13 
5 22 2 21 1 20 0 19 13 
5 22 2 21 1 20 0 19 13 
5 22 2 21 1 20 0 19 13 
5 22 2 21 1 20 0 19 13 
5 22 2 21 1 20 0 19 13 
5 24 2 23 1 22 0 21 13 
5 21 2 20 1 19 0 18 13 
5 21 2 20 1 19 0 18 13 
5 22 2 21 1 20 0 19 13 
5 22 2 21 1 20 0 19 13 
5 23 2 22 1 21 0 20 13 
5 22 2 21 1 20 0 19 13 
4 23 0 22 0 21 0 20 13 
5 23 2 22 1 21 0 20 13 
5 22 2 21 1 20 0 19 13 
5 23 2 22 1 21 0 20 13 
5 22 2 21 1 20 0 19 13 
5 22 2 21 1 20 0 19 13 
5 20 2 19 1 18 0 17 13 
4 22 0 21 0 20 0 19 13 
5 24 2 23 1 22 0 21 13 
5 22 2 21 1 20 0 19 13 
5 24 2 23 1 22 0 21 13 
5 22 2 21 1 20 0 19 13 
5 24 2 23 1 22 0 21 13 
5 22 2 21 1 20 0 19 13 
5 22 2 21 1 20 0 19 13 
5 22 2 21 1 20 0 19 13 
5 22 2 21 1 20 0 19 13 
5 22 2 21 1 20 0 19 13 
5 22 2 21 1 20 0 19 13 
5 22 2 21 1 20 0 19 13 
5 23 2 22 1 21 0 20 13 
5 22 2 21 1 20 0 19 13 
5 22 2 21 1 20 0 19 13 
5 23 2 22 1 21 0 20 13 
5 21 2 20 1 19 0 18 13 
4 23 0 22 0 21 0 20 13 
5 23 2 22 1 21 0 20 13 
5 22 2 21 1 20 0 19 13 
6 22 3 21 1 20 0 19 13 
5 22 2 21 1 20 0 19 13 
4 23 0 22 0 21 0 20 13 
5 22 2 21 1 20 0 19 13 
5 21 2 20 1 19 0 18 13 
5 21 2 20 1 19 0 18 13 
5 21 2 20 1 19 0 18 13 
5 20 2 19 1 18 0 17 13 
5 23 2 22 1 21 0 20 13 
5 20 2 19 1 18 0 17 13 
5 21 2 20 1 19 0 18 13 
5 21 2 20 1 19 0 18 13 
5 22 2 21 1 20 0 19 13 
4 22 0 21 0 20 0 19 13 
5 22 2 21 1 20 0 19 13 
5 22 2 21 1 20 0 19 13 
5 23 2 22 1 21 0 20 13 
4 21 0 20 0 19 0 18 13 
4 22 0 21 0 20 0 19 13 
4 22 0 21 0 20 0 19 13 
5 23 2 22 1 21 0 20 13 
5 22 2 21 1 20 0 19 13 
5 22 2 21 1 20 0 19 13 
5 23 2 22 1 21 0 20 13 
5 21 2 20 1 19 0 18 13 
5 22 0 21 0 20 0 19 13 
5 23 0 22 0 21 0 20 13 
4 22 0 21 0 20 0 19 13 
5 24 2 23 1 22 0 21 13 
5 23 2 22 1 21 0 20 13 
5 22 2 21 1 20 0 19 13 
5 22 2 21 1 20 0 19 13 
5 22 2 21 1 20 0 19 13 
5 23 2 22 1 21 0 20 13 
5 22 2 21 1 20 0 19 13 
5 23 2 22 1 21 0 20 13 
5 24 2 23 1 22 0 21 13 
4 23 0 22 0 21 0 20 13 
4 23 0 22 0 21 0 20 13 
5 21 2 20 1 19 0 18 13 
5 23 2 22 1 21 0 20 13 
5 23 2 22 1 21 0 20 13 
5 21 2 20 1 19 0 18 13 
5 22 2 21 1 20 0 19 13 
5 22 2 21 1 20 0 19 13 
5 22 2 21 1 20 0 19 13 
5 22 2 21 1 20 0 19 13 
5 22 2 21 1 20 0 19 13 
5 23 2 22 1 21 0 20 13 
5 21 2 20 1 19 0 18 13 
5 23 2 22 1 21 0 20 13 
5 21 2 20 1 19 0 18 13 
5 22 2 21 1 20 0 19 13 
4 21 0 20 0 19 0 18 13 
6 22 3 21 1 20 0 19 13 
SCORES_TXT_END_0
SCORES_TXT_BEGIN_0 80 100 9 BLEU
5 27 0 26 0 25 0 24 13 
5 29 0 28 0 27 0 26 13 
5 27 0 26 0 25 0 24 13 
5 26 0 25 0 24 0 23 13 
4 26 0 25 0 24 0 23 13 
4 25 0 24 0 23 0 22 13 
5 27 0 26 0 25 0 24 13 
4 25 0 24 0 23 0 22 13 
5 27 0 26 0 25 0 24 13 
5 27 0 26 0 25 0 24 13 
5 28 0 27 0 26 0 25 13 
5 28 0 27 0 26 0 25 13 
5 26 0 25 0 24 0 23 13 
5 28 0 27 0 26 0 25 13 
4 25 0 24 0 23 0 22 13 
4 26 0 25 0 24 0 23 13 
4 24 0 23 0 22 0 21 13 
4 25 0 24 0 23 0 22 13 
4 24 0 23 0 22 0 21 13 
5 26 0 25 0 24 0 23 13 
5 27 0 26 0 25 0 24 13 
4 26 0 25 0 24 0 23 13 
5 29 0 28 0 27 0 26 13 
5 27 0 26 0 25 0 24 13 
5 26 0 25 0 24 0 23 13 
5 29 0 28 0 27 0 26 13 
5 27 0 26 0 25 0 24 13 
5 26 0 25 0 24 0 23 13 
5 27 0 26 0 25 0 24 13 
5 27 0 26 0 25 0 24 13 
4 26 0 25 0 24 0 23 13 
5 27 0 26 0 25 0 24 13 
4 25 0 24 0 23 0 22 13 
5 28 0 27 0 26 0 25 13 
5 27 0 26 0 25 0 24 13 
4 26 0 25 0 24 0 23 13 
5 27 0 26 0 25 0 24 13 
5 27 0 26 0 25 0 24 13 
5 27 0 26 0 25 0 24 13 
5 27 0 26 0 25 0 24 13 
4 25 0 24 0 23 0 22 13 
4 25 0 24 0 23 0 22 13 
4 25 0 24 0 23 0 22 13 
5 27 0 26 0 25 0 24 13 
5 27 0 26 0 25 0 24 13 
4 24 0 23 0 22 0 21 13 
5 27 0 26 0 25 0 24 13 
4 25 0 24 0 23 0 22 13 
5 28 0 27 0 26 0 25 13 
5 27 0 26 0 25 0 24 13 
5 28 0 27 0 26 0 25 13 
5 29 0 28 0 27 0 26 13 
5 27 0 26 0 25 0 24 13 
4 25 0 24 0 23 0 22 13 
5 26 0 25 0 24 0 23 13 
5 28 0 27 0 26 0 25 13 
5 26 0 25 0 24 0 23 13 
5 28 0 27 0 26 0 25 13 
5 27 0 26 0 25 0 24 13 
5 28 0 27 0 26 0 25 13 
5 28 0 27 0 26 0 25 13 
4 26 0 25 0 24 0 23 13 
5 26 0 25 0 24 0 23 13 
5 29 0 28 0 27 0 26 13 
5 29 0 28 0 27 0 26 13 
5 28 0 27 0 26 0 25 13 
5 27 0 26 0 25 0 24 13 
4 25 0 24 0 23 0 22 13 
4 26 0 25 0 24 0 23 13 
5 28 0 27 0 26 0 25 13 
5 26 0 25 0 24 0 23 13 
5 26 0 25 0 24 0 23 13 
5 29 0 28 0 27 0 26 13 
4 24 0 23 0 22 0 21 13 
4 25 0 24 0 23 0 22 13 
5 28 0 27 0 26 0 25 13 
5 27 0 26 0 25 0 24 13 
5 27 0 26 0 25 0 24 13 
5 26 0 25 0 24 0 23 13 
5 28 0 27 0 26 0 25 13 
4 25 0 24 0 23 0 22 13 
4 25 0 24 0 23 0 22 13 
4 26 0 25 0 24 0 23 13 
5 26 0 25 0 24 0 23 13 
5 27 0 26 0 25 0 24 13 
5 26 0 25 0 24 0 23 13 
4 25 0 24 0 23 0 22 13 
4 24 0 23 0 22 0 21 13 
4 25 0 24 0 23 0 22 13 
5 29 0 28 0 27 0 26 13 
4 24 0 23 0 22 0 21 13 
4 26 0 25 0 24 0 23 13 
5 28 0 27 0 26 0 25 13 
5 26 0 25 0 24 0 23 13 
5 27 0 26 0 25 0 24 13 
5 26 0 25 0 24 0 23 13 
4 26 0 25 0 24 0 23 13 
5 28 0 27 0 26 0 25 13 
4 25 0 24 0 23 0 22 13 
4 25 0 24 0 23 0 22 13 
SCORES_TXT_END_0
SCORES_TXT_BEGIN_0 81 100 9 BLEU
7 45 0 44 0 43 0 42 20 
6 46 0 45 0 44 0 43 20 
5 46 0 45 0 44 0 43 20 
5 47 0 46 0 45 0 44 20 
7 44 0 43 0 42 0 41 20 
7 45 0 44 0 43 0 42 20 
7 45 0 44 0 43 0 42 20 
5 46 0 45 0 44 0 43 20 
7 44 0 43 0 42 0 41 20 
5 47 0 46 0 45 0 44 20 
7 46 0 45 0 44 0 43 20 
7 45 0 44 0 43 0 42 20 
7 45 0 44 0 43 0 42 20 
7 45 0 44 0 43 0 42 20 
7 45 0 44 0 43 0 42 20 
6 46 0 45 0 44 0 43 20 
6 46 0 45 0 44 0 43 20 
6 45 0 44 0 43 0 42 20 
5 46 0 45 0 44 0 43 20 
7 46 0 45 0 44 0 43 20 
7 45 0 44 0 43 0 42 20 
6 45 0 44 0 43 0 42 20 
5 47 0 46 0 45 0 44 20 
6 46 0 45 0 44 0 43 20 
6 45 0 44 0 43 0 42 20 
6 46 0 45 0 44 0 43 20 
8 44 0 43 0 42 0 41 20 
7 47 1 46 0 45 0 44 20 
6 45 0 44 0 43 0 42 20 
5 46 0 45 0 44 0 43 20 
5 46 0 45 0 44 0 43 20 
5 47 0 46 0 45 0 44 20 
5 47 0 46 0 45 0 44 20 
6 46 0 45 0 44 0 43 20 
6 46 0 45 0 44 0 43 20 
7 46 0 45 0 44 0 43 20 
6 46 0 45 0 44 0 43 20 
7 47 0 46 0 45 0 44 20 
7 46 1 45 0 44 0 43 20 
7 45 0 44 0 43 0 42 20 
6 46 0 45 0 44 0 43 20 
6 46 0 45 0 44 0 43 20 
6 46 0 45 0 44 0 43 20 
7 46 1 45 0 44 0 43 20 
7 44 0 43 0 42 0 41 20 
7 44 0 43 0 42 0 41 20 
5 46 0 45 0 44 0 43 20 
5 47 0 46 0 45 0 44 20 
7 45 0 44 0 43 0 42 20 
5 46 0 45 0 44 0 43 20 
5 46 0 45 0 44 0 43 20 
5 47 0 46 0 45 0 44 20 
5 47 0 46 0 45 0 44 20 
7 43 0 42 0 41 0 40 20 
5 45 0 44 0 43 0 42 20 
5 46 0 45 0 44 0 43 20 
5 46 0 45 0 44 0 43 20 
7 45 0 44 0 43 0 42 20 
6 44 0 43 0 42 0 41 20 
7 44 0 43 0 42 0 41 20 
5 47 0 46 0 45 0 44 20 
7 44 0 43 0 42 0 41 20 
5 47 0 46 0 45 0 44 20 
7 44 0 43 0 42 0 41 20 
7 45 0 44 0 43 0 42 20 
7 46 0 45 0 44 0 43 20 
7 46 0 45 0 44 0 43 20 
7 44 0 43 0 42 0 41 20 
7 45 0 44 0 43 0 42 20 
6 44 0 43 0 42 0 41 20 
7 45 0 44 0 43 0 42 20 
8 47 3 46 1 45 0 44 20 
7 45 0 44 0 43 0 42 20 
7 45 0 44 0 43 0 42 20 
8 45 0 44 0 43 0 42 20 
7 44 0 43 0 42 0 41 20 
7 44 0 43 0 42 0 41 20 
6 46 2 45 1 44 0 43 20 
6 47 2 46 1 45 0 44 20 
7 45 0 44 0 43 0 42 20 
7 45 0 44 0 43 0 42 20 
7 45 0 44 0 43 0 42 20 
5 46 0 45 0 44 0 43 20 
6 46 0 45 0 44 0 43 20 
7 42 0 41 0 40 0 39 20 
7 44 0 43 0 42 0 41 20 
5 47 0 46 0 45 0 44 20 
7 46 0 45 0 44 0 43 20 
6 45 0 44 0 43 0 42 20 
6 45 0 44 0 43 0 42 20 
7 44 0 43 0 42 0 41 20 
7 43 0 42 0 41 0 40 20 
7 45 0 44 0 43 0 42 20 
8 45 0 44 0 43 0 42 20 
5 46 0 45 0 44 0 43 20 
5 46 0 45 0 44 0 43 20 
7 46 0 45 0 44 0 43 20 
7 45 0 44 0 43 0 42 20 
5 46 0 45 0 44 0 43 20 
7 44 0 43 0 42 0 41 20 
SCORES_TXT_END_0
SCORES_TXT_BEGIN_0 82 100 9 BLEU
5 24 1 23 0 22 0 21 14 
5 24 1 23 0 22 0 21 14 
5 24 1 23 0 22 0 21 14 
5 25 1 24 0 23 0 22 14 
5 24 1 23 0 22 0 21 14 
5 26 1 25 0 24 0 23 14 
5 25 1 24 0 23 0 22 14 
5 25 1 24 0 23 0 22 14 
5 25 1 24 0 23 0 22 14 
5 25 1 24 0 23 0 22 14 
5 26 1 25 0 24 0 23 14 
5 25 1 24 0 23 0 22 14 
5 27 1 26 0 25 0 24 14 
5 26 1 25 0 24 0 23 14 
5 25 1 24 0 23 0 22 14 
5 25 1 24 0 23 0 22 14 
5 27 1 26 0 25 0 24 14 
5 25 0 24 0 23 0 22 14 
5 26 1 25 0 24 0 23 14 
5 25 1 24 0 23 0 22 14 
5 26 1 25 0 24 0 23 14 
5 26 1 25 0 24 0 23 14 
5 25 1 24 0 23 0 22 14 
5 27 1 26 0 25 0 24 14 
5 24 1 23 0 22 0 21 14 
5 27 1 26 0 25 0 24 14 
5 25 1 24 0 23 0 22 14 
5 25 0 24 0 23 0 22 14 
5 26 0 25 0 24 0 23 14 
5 27 1 26 0 25 0 24 14 
5 25 1 24 0 23 0 22 14 
5 26 1 25 0 24 0 23 14 
5 25 0 24 0 23 0 22 14 
5 26 1 25 0 24 0 23 14 
5 27 1 26 0 25 0 24 14 
5 28 1 27 0 26 0 25 14 
5 26 1 25 0 24 0 23 14 
5 24 1 23 0 22 0 21 14 
6 23 2 22 0 21 0 20 14 
5 26 1 25 0 24 0 23 14 
5 27 1 26 0 25 0 24 14 
5 25 1 24 0 23 0 22 14 
5 28 1 27 0 26 0 25 14 
5 26 1 25 0 24 0 23 14 
5 27 1 26 0 25 0 24 14 
5 25 1 24 0 23 0 22 14 
5 25 1 24 0 23 0 22 14 
5 25 1 24 0 23 0 22 14 
5 26 1 25 0 24 0 23 14 
5 25 0 24 0 23 0 22 14 
5 28 1 27 0 26 0 25 14 
5 25 1 24 0 23 0 22 14 
5 29 1 28 0 27 0 26 14 
5 26 0 25 0 24 0 23 14 
5 25 1 24 0 23 0 22 14 
5 28 1 27 0 26 0 25 14 
6 24 2 23 0 22 0 21 14 
6 28 1 27 0 26 0 25 14 
5 24 1 23 0 22 0 21 14 
6 28 1 27 0 26 0 25 14 
5 26 1 25 0 24 0 23 14 
5 25 1 24 0 23 0 22 14 
5 25 1 24 0 23 0 22 14 
5 27 1 26 0 25 0 24 14 
5 26 1 25 0 24 0 23 14 
5 26 1 25 0 24 0 23 14 
5 26 1 25 0 24 0 23 14 
5 26 0 25 0 24 0 23 14 
5 27 1 26 0 25 0 24 14 
5 25 1 24 0 23 0 22 14 
5 27 1 26 0 25 0 24 14 
6 23 2 22 0 21 0 20 14 
5 28 1 27 0 26 0 25 14 
5 28 1 27 0 26 0 25 14 
5 23 1 22 0 21 0 20 14 
5 28 1 27 0 26 0 25 14 
5 26 1 25 0 24 0 23 14 
5 25 1 24 0 23 0 22 14 
6 23 2 22 0 21 0 20 14 
5 26 0 25 0 24 0 23 14 
5 26 1 25 0 24 0 23 14 
5 25 1 24 0 23 0 22 14 
5 27 1 26 0 25 0 24 14 
5 25 1 24 0 23 0 22 14 
5 29 1 28 0 27 0 26 14 
5 26 1 25 0 24 0 23 14 
5 28 1 27 0 26 0 25 14 
5 25 1 24 0 23 0 22 14 
5 30 1 29 0 28 0 27 14 
6 28 1 27 0 26 0 25 14 
5 24 1 23 0 22 0 21 14 
5 25 1 24 0 23 0 22 14 
6 24 2 23 0 22 0 21 14 
6 28 1 27 0 26 0 25 14 
5 24 1 23 0 22 0 21 14 
5 28 1 27 0 26 0 25 14 
5 25 1 24 0 23 0 22 14 
6 25 2 24 0 23 0 22 14 
5 29 1 28 0 27 0 26 14 
5 25 1 24 0 23 0 22 14 
SCORES_TXT_END_0
SCORES_TXT_BEGIN_0 83 100 9 BLEU
10 38 3 37 2 36 1 35 19 
7 34 3 33 2 32 1 31 19 
10 38 3 37 2 36 1 35 19 
7 34 3 33 2 32 1 31 19 
9 36 3 35 2 34 1 33 19 
10 38 3 37 2 36 1 35 19 
10 38 3 37 2 36 1 35 19 
7 34 3 33 2 32 1 31 19 
9 36 3 35 2 34 1 33 19 
10 38 3 37 2 36 1 35 19 
7 33 4 32 2 31 1 30 19 
10 38 3 37 2 36 1 35 19 
7 34 3 33 2 32 1 31 19 
9 36 3 35 2 34 1 33 19 
10 38 3 37 2 36 1 35 19 
8 34 3 33 2 32 1 31 19 
7 34 3 33 2 32 1 31 19 
9 35 4 34 2 33 1 32 19 
7 34 3 33 2 32 1 31 19 
10 37 4 36 2 35 1 34 19 
10 38 4 37 2 36 1 35 19 
9 37 3 36 2 35 1 34 19 
9 36 3 35 2 34 1 33 19 
10 38 3 37 2 36 1 35 19 
8 34 3 33 2 32 1 31 19 
7 33 4 32 2 31 1 30 19 
7 34 3 33 2 32 1 31 19 
7 34 3 33 2 32 1 31 19 
9 37 3 36 2 35 1 34 19 
9 37 3 36 2 35 1 34 19 
9 38 3 37 2 36 1 35 19 
9 36 3 35 2 34 1 33 19 
8 38 3 37 2 36 1 35 19 
9 38 3 37 2 36 1 35 19 
9 35 3 34 2 33 1 32 19 
9 37 3 36 2 35 1 34 19 
8 34 3 33 2 32 1 31 19 
8 34 3 33 2 32 1 31 19 
10 37 4 36 2 35 1 34 19 
10 38 4 37 2 36 1 35 19 
9 35 3 34 2 33 1 32 19 
9 38 3 37 2 36 1 35 19 
7 34 3 33 2 32 1 31 19 
9 35 4 34 2 33 1 32 19 
9 36 3 35 2 34 1 33 19 
7 34 3 33 2 32 1 31 19 
10 37 4 36 2 35 1 34 19 
8 33 4 32 2 31 1 30 19 
10 38 4 37 2 36 1 35 19 
7 33 3 32 2 31 1 30 19 
9 37 3 36 2 35 1 34 19 
7 33 4 32 2 31 1 30 19 
9 38 3 37 2 36 1 35 19 
9 35 3 34 2 33 1 32 19 
7 33 4 32 2 31 1 30 19 
9 35 3 34 2 33 1 32 19 
8 34 3 33 2 32 1 31 19 
8 34 3 33 2 32 1 31 19 
10 37 4 36 2 35 1 34 19 
9 36 4 35 2 34 1 33 19 
9 36 3 35 2 34 1 33 19 
9 35 3 34 2 33 1 32 19 
9 37 3 36 2 35 1 34 19 
7 34 3 33 2 32 1 31 19 
9 36 3 35 2 34 1 33 19 
7 34 3 33 2 32 1 31 19 
9 37 3 36 2 35 1 34 19 
9 36 4 35 2 34 1 33 19 
9 37 3 36 2 35 1 34 19 
10 38 3 37 2 36 1 35 19 
7 33 3 32 2 31 1 30 19 
9 37 3 36 2 35 1 34 19 
8 34 3 33 2 32 1 31 19 
9 38 3 37 2 36 1 35 19 
9 36 3 35 2 34 1 33 19 
9 35 3 34 2 33 1 32 19 
9 36 4 35 2 34 1 33 19 
8 34 3 33 2 32 1 31 19 
8 34 3 33 2 32 1 31 19 
9 36 3 35 2 34 1 33 19 
10 38 3 37 2 36 1 35 19 
9 35 3 34 2 33 1 32 19 
10 37 4 36 2 35 1 34 19 
9 37 4 36 2 35 1 34 19 
9 37 3 36 2 35 1 34 19 
9 37 3 36 2 35 1 34 19 
8 37 3 36 2 35 1 34 19 
8 38 3 37 2 36 1 35 19 
9 36 3 35 2 34 1 33 19 
9 38 3 37 2 36 1 35 19 
9 35 3 34 2 33 1 32 19 
9 35 4 34 2 33 1 32 19 
9 35 3 34 2 33 1 32 19 
9 35 3 34 2 33 1 32 19 
9 37 4 36 2 35 1 34 19 
7 34 3 33 2 32 1 31 19 
7 35 3 34 2 33 1 32 19 
9 37 3 36 2 35 1 34 19 
9 38 3 37 2 36 1 35 19 
9 36 4 35 2 34 1 33 19 
SCORES_TXT_END_0
SCORES_TXT_BEGIN_0 84 20 9 BLEU
18 65 3 64 0 63 0 62 36 
18 66 3 65 0 64 0 63 36 
18 65 3 64 0 63 0 62 36 
18 66 3 65 0 64 0 63 36 
18 64 4 63 0 62 0 61 36 
18 66 3 65 0 64 0 63 36 
18 67 3 66 0 65 0 64 36 
18 65 4 64 0 63 0 62 36 
18 65 3 64 0 63 0 62 36 
18 66 3 65 0 64 0 63 36 
18 64 4 63 0 62 0 61 36 
18 64 3 63 0 62 0 61 36 
18 65 4 64 0 63 0 62 36 
18 64 3 63 0 62 0 61 36 
18 65 4 64 0 63 0 62 36 
18 65 3 64 0 63 0 62 36 
18 66 4 65 0 64 0 63 36 
18 65 3 64 0 63 0 62 36 
18 65 3 64 0 63 0 62 36 
18 66 3 65 0 64 0 63 36 
SCORES_TXT_END_0
SCORES_TXT_BEGIN_0 85 100 9 BLEU
9 27 3 26 1 25 0 24 23 
10 30 2 29 1 28 0 27 23 
10 30 4 29 1 28 0 27 23 
9 27 3 26 1 25 0 24 23 
10 30 2 29 1 28 0 27 23 
10 30 4 29 1 28 0 27 23 
9 27 3 26 1 25 0 24 23 
9 27 3 26 1 25 0 24 23 
9 28 3 27 1 26 0 25 23 
10 30 2 29 1 28 0 27 23 
10 30 4 29 1 28 0 27 23 
10 30 2 29 1 28 0 27 23 
9 27 3 26 1 25 0 24 23 
10 30 4 29 1 28 0 27 23 
8 26 3 25 1 24 0 23 23 
10 29 2 28 1 27 0 26 23 
10 29 4 28 1 27 0 26 23 
9 27 3 26 1 25 0 24 23 
9 28 3 27 1 26 0 25 23 
9 27 3 26 1 25 0 24 23 
9 27 3 26 1 25 0 24 23 
9 28 3 27 1 26 0 25 23 
10 30 2 29 1 28 0 27 23 
9 28 3 27 1 26 0 25 23 
9 27 3 26 1 25 0 24 23 
10 30 4 29 1 28 0 27 23 
9 27 3 26 1 25 0 24 23 
10 30 2 29 1 28 0 27 23 
10 30 4 29 1 28 0 27 23 
10 30 2 29 1 28 0 27 23 
10 31 2 30 1 29 0 28 23 
8 26 3 25 1 24 0 23 23 
9 28 3 27 1 26 0 25 23 
10 30 4 29 1 28 0 27 23 
10 31 4 30 1 29 0 28 23 
9 28 3 27 1 26 0 25 23 
10 30 2 29 1 28 0 27 23 
8 31 2 30 1 29 0 28 23 
9 30 3 29 1 28 0 27 23 
9 27 3 26 1 25 0 24 23 
10 30 4 29 1 28 0 27 23 
10 29 2 28 1 27 0 26 23 
9 27 3 26 1 25 0 24 23 
10 29 4 28 1 27 0 26 23 
8 26 3 25 1 24 0 23 23 
9 28 3 27 1 26 0 25 23 
9 27 3 26 1 25 0 24 23 
8 27 2 26 1 25 0 24 23 
10 29 2 28 1 27 0 26 23 
11 30 3 29 1 28 0 27 23 
10 29 5 28 1 27 0 26 23 
10 29 4 28 1 27 0 26 23 
9 27 3 26 1 25 0 24 23 
9 28 3 27 1 26 0 25 23 
9 28 3 27 1 26 0 25 23 
8 26 3 25 1 24 0 23 23 
9 27 3 26 1 25 0 24 23 
10 33 2 32 1 31 0 30 23 
9 31 2 30 1 29 0 28 23 
11 33 4 32 1 31 0 30 23 
10 30 2 29 1 28 0 27 23 
10 31 2 30 1 29 0 28 23 
8 28 2 27 1 26 0 25 23 
10 30 4 29 1 28 0 27 23 
10 31 4 30 1 29 0 28 23 
9 28 3 27 1 26 0 25 23 
9 27 3 26 1 25 0 24 23 
9 28 3 27 1 26 0 25 23 
9 28 3 27 1 26 0 25 23 
8 31 2 30 1 29 0 28 23 
9 30 3 29 1 28 0 27 23 
9 27 3 26 1 25 0 24 23 
9 28 3 27 1 26 0 25 23 
9 28 3 27 1 26 0 25 23 
9 28 3 27 1 26 0 25 23 
9 27 3 26 1 25 0 24 23 
9 28 3 27 1 26 0 25 23 
9 29 3 28 1 27 0 26 23 
10 30 2 29 1 28 0 27 23 
10 31 2 30 1 29 0 28 23 
11 30 3 29 1 28 0 27 23 
10 30 4 29 1 28 0 27 23 
8 31 2 30 1 29 0 28 23 
9 27 3 26 1 25 0 24 23 
10 31 4 30 1 29 0 28 23 
10 30 2 29 1 28 0 27 23 
10 31 2 30 1 29 0 28 23 
9 28 3 27 1 26 0 25 23 
9 28 3 27 1 26 0 25 23 
11 30 3 29 1 28 0 27 23 
9 27 3 26 1 25 0 24 23 
10 30 4 29 1 28 0 27 23 
9 28 3 27 1 26 0 25 23 
10 31 4 30 1 29 0 28 23 
8 31 2 30 1 29 0 28 23 
9 30 3 29 1 28 0 27 23 
9 27 3 26 1 25 0 24 23 
9 27 3 26 1 25 0 24 23 
8 27 2 26 1 25 0 24 23 
9 28 3 27 1 26 0 25 23 
SCORES_TXT_END_0
SCORES_TXT_BEGIN_0 86 100 9 BLEU
4 32 0 31 0 30 0 29 19 
4 32 0 31 0 30 0 29 19 
5 32 0 31 0 30 0 29 19 
4 34 0 33 0 32 0 31 19 
4 32 0 31 0 30 0 29 19 
5 32 0 31 0 30 0 29 19 
4 32 0 31 0 30 0 29 19 
4 32 0 31 0 30 0 29 19 
4 33 0 32 0 31 0 30 19 
4 32 0 31 0 30 0 29 19 
4 32 0 31 0 30 0 29 19 
4 33 0 32 0 31 0 30 19 
5 34 0 33 0 32 0 31 19 
5 32 0 31 0 30 0 29 19 
4 33 0 32 0 31 0 30 19 
5 32 0 31 0 30 0 29 19 
4 34 0 33 0 32 0 31 19 
5 32 0 31 0 30 0 29 19 
5 33 0 32 0 31 0 30 19 
5 32 0 31 0 30 0 29 19 
4 32 0 31 0 30 0 29 19 
4 33 0 32 0 31 0 30 19 
5 32 0 31 0 30 0 29 19 
4 33 0 32 0 31 0 30 19 
4 32 0 31 0 30 0 29 19 
4 32 0 31 0 30 0 29 19 
4 33 0 32 0 31 0 30 19 
3 32 0 31 0 30 0 29 19 
5 33 0 32 0 31 0 30 19 
4 32 0 31 0 30 0 29 19 
4 35 0 34 0 33 0 32 19 
4 33 0 32 0 31 0 30 19 
4 33 0 32 0 31 0 30 19 
3 32 0 31 0 30 0 29 19 
5 33 0 32 0 31 0 30 19 
4 32 0 31 0 30 0 29 19 
4 33 0 32 0 31 0 30 19 
4 32 0 31 0 30 0 29 19 
4 34 0 33 0 32 0 31 19 
5 34 0 33 0 32 0 31 19 
4 32 0 31 0 30 0 29 19 
4 33 0 32 0 31 0 30 19 
4 34 0 33 0 32 0 31 19 
4 32 0 31 0 30 0 29 19 
4 33 0 32 0 31 0 30 19 
4 34 0 33 0 32 0 31 19 
4 32 0 31 0 30 0 29 19 
4 32 0 31 0 30 0 29 19 
5 32 0 31 0 30 0 29 19 
5 33 0 32 0 31 0 30 19 
4 33 0 32 0 31 0 30 19 
5 33 0 32 0 31 0 30 19 
4 34 0 33 0 32 0 31 19 
4 32 0 31 0 30 0 29 19 
4 33 0 32 0 31 0 30 19 
5 32 0 31 0 30 0 29 19 
5 32 0 31 0 30 0 29 19 
4 32 0 31 0 30 0 29 19 
5 33 0 32 0 31 0 30 19 
5 32 0 31 0 30 0 29 19 
3 34 0 33 0 32 0 31 19 
5 32 0 31 0 30 0 29 19 
4 33 0 32 0 31 0 30 19 
4 32 0 31 0 30 0 29 19 
5 35 0 34 0 33 0 32 19 
4 32 0 31 0 30 0 29 19 
4 32 0 31 0 30 0 29 19 
4 33 0 32 0 31 0 30 19 
4 34 0 33 0 32 0 31 19 
5 33 0 32 0 31 0 30 19 
5 33 0 32 0 31 0 30 19 
5 32 0 31 0 30 0 29 19 
4 33 0 32 0 31 0 30 19 
3 32 0 31 0 30 0 29 19 
4 32 0 31 0 30 0 29 19 
4 35 0 34 0 33 0 32 19 
5 32 0 31 0 30 0 29 19 
4 32 0 31 0 30 0 29 19 
5 33 0 32 0 31 0 30 19 
4 32 0 31 0 30 0 29 19 
5 32 0 31 0 30 0 29 19 
4 34 0 33 0 32 0 31 19 
5 34 0 33 0 32 0 31 19 
4 32 0 31 0 30 0 29 19 
3 32 0 31 0 30 0 29 19 
4 32 0 31 0 30 0 29 19 
4 36 0 35 0 34 0 33 19 
4 35 0 34 0 33 0 32 19 
4 35 0 34 0 33 0 32 19 
4 34 0 33 0 32 0 31 19 
3 33 0 32 0 31 0 30 19 
3 32 0 31 0 30 0 29 19 
4 33 0 32 0 31 0 30 19 
4 34 0 33 0 32 0 31 19 
4 32 0 31 0 30 0 29 19 
5 33 0 32 0 31 0 30 19 
4 33 0 32 0 31 0 30 19 
4 33 0 32 0 31 0 30 19 
4 34 0 33 0 32 0 31 19 
5 34 0 33 0 32 0 31 19 
SCORES_TXT_END_0
SCORES_TXT_BEGIN_0 87 100 9 BLEU
7 33 2 32 0 31 0 30 15 
7 33 2 32 0 31 0 30 15 
6 32 1 31 0 30 0 29 15 
6 33 1 32 0 31 0 30 15 
6 32 1 31 0 30 0 29 15 
5 33 1 32 0 31 0 30 15 
6 34 1 33 0 32 0 31 15 
5 31 0 30 0 29 0 28 15 
7 31 2 30 0 29 0 28 15 
7 31 2 30 0 29 0 28 15 
6 30 1 29 0 28 0 27 15 
6 31 1 30 0 29 0 28 15 
6 30 1 29 0 28 0 27 15 
5 31 1 30 0 29 0 28 15 
6 32 1 31 0 30 0 29 15 
5 29 0 28 0 27 0 26 15 
6 35 1 34 0 33 0 32 15 
6 34 1 33 0 32 0 31 15 
7 35 2 34 0 33 0 32 15 
7 33 2 32 0 31 0 30 15 
7 35 2 34 0 33 0 32 15 
7 33 2 32 0 31 0 30 15 
7 34 1 33 0 32 0 31 15 
6 32 1 31 0 30 0 29 15 
7 34 1 33 0 32 0 31 15 
6 32 1 31 0 30 0 29 15 
6 35 1 34 0 33 0 32 15 
5 33 1 32 0 31 0 30 15 
7 34 2 33 0 32 0 31 15 
7 34 2 33 0 32 0 31 15 
6 33 0 32 0 31 0 30 15 
5 31 0 30 0 29 0 28 15 
7 34 2 33 0 32 0 31 15 
6 33 1 32 0 31 0 30 15 
7 34 2 33 0 32 0 31 15 
5 33 1 32 0 31 0 30 15 
7 34 2 33 0 32 0 31 15 
6 33 1 32 0 31 0 30 15 
6 33 1 32 0 31 0 30 15 
6 32 1 31 0 30 0 29 15 
6 33 1 32 0 31 0 30 15 
5 33 1 32 0 31 0 30 15 
6 34 1 33 0 32 0 31 15 
6 33 1 32 0 31 0 30 15 
7 34 2 33 0 32 0 31 15 
6 33 1 32 0 31 0 30 15 
7 34 2 33 0 32 0 31 15 
5 32 0 31 0 30 0 29 15 
5 32 0 31 0 30 0 29 15 
7 34 2 33 0 32 0 31 15 
5 32 0 31 0 30 0 29 15 
6 33 1 32 0 31 0 30 15 
5 32 0 31 0 30 0 29 15 
7 33 2 32 0 31 0 30 15 
7 31 2 30 0 29 0 28 15 
6 33 1 32 0 31 0 30 15 
6 33 1 32 0 31 0 30 15 
7 33 1 32 0 31 0 30 15 
7 33 2 32 0 31 0 30 15 
7 31 2 30 0 29 0 28 15 
7 32 2 31 0 30 0 29 15 
7 32 1 31 0 30 0 29 15 
6 30 1 29 0 28 0 27 15 
5 32 0 31 0 30 0 29 15 
7 34 1 33 0 32 0 31 15 
5 32 0 31 0 30 0 29 15 
7 32 1 31 0 30 0 29 15 
6 30 1 29 0 28 0 27 15 
6 33 1 32 0 31 0 30 15 
5 31 1 30 0 29 0 28 15 
6 31 1 30 0 29 0 28 15 
7 32 2 31 0 30 0 29 15 
7 32 2 31 0 30 0 29 15 
7 32 1 31 0 30 0 29 15 
6 31 0 30 0 29 0 28 15 
5 29 0 28 0 27 0 26 15 
7 32 2 31 0 30 0 29 15 
7 32 2 31 0 30 0 29 15 
5 31 1 30 0 29 0 28 15 
7 32 2 31 0 30 0 29 15 
6 31 1 30 0 29 0 28 15 
6 31 1 30 0 29 0 28 15 
6 31 1 30 0 29 0 28 15 
5 31 1 30 0 29 0 28 15 
6 32 1 31 0 30 0 29 15 
6 31 1 30 0 29 0 28 15 
7 32 2 31 0 30 0 29 15 
6 31 1 30 0 29 0 28 15 
7 32 2 31 0 30 0 29 15 
5 30 0 29 0 28 0 27 15 
5 30 0 29 0 28 0 27 15 
7 32 2 31 0 30 0 29 15 
5 30 0 29 0 28 0 27 15 
6 31 1 30 0 29 0 28 15 
5 30 0 29 0 28 0 27 15 
6 31 1 30 0 29 0 28 15 
6 31 1 30 0 29 0 28 15 
4 33 0 32 0 31 0 30 15 
7 31 1 30 0 29 0 28 15 
7 30 2 29 0 28 0 27 15 
SCORES_TXT_END_0
SCORES_TXT_BEGIN_0 88 100 9 BLEU
8 44 0 43 0 42 0 41 17 
8 46 0 45 0 44 0 43 17 
8 44 0 43 0 42 0 41 17 
8 46 0 45 0 44 0 43 17 
7 44 1 43 0 42 0 41 17 
7 46 1 45 0 44 0 43 17 
8 44 0 43 0 42 0 41 17 
8 46 0 45 0 44 0 43 17 
8 45 0 44 0 43 0 42 17 
8 47 0 46 0 45 0 44 17 
8 44 0 43 0 42 0 41 17 
7 44 1 43 0 42 0 41 17 
7 46 1 45 0 44 0 43 17 
8 42 0 41 0 40 0 39 17 
7 43 0 42 0 41 0 40 17 
8 44 0 43 0 42 0 41 17 
7 45 0 44 0 43 0 42 17 
8 44 0 43 0 42 0 41 17 
7 44 0 43 0 42 0 41 17 
8 42 0 41 0 40 0 39 17 
7 46 0 45 0 44 0 43 17 
8 44 1 43 0 42 0 41 17 
7 43 0 42 0 41 0 40 17 
8 44 0 43 0 42 0 41 17 
8 46 1 45 0 44 0 43 17 
7 45 0 44 0 43 0 42 17 
8 43 0 42 0 41 0 40 17 
7 45 1 44 0 43 0 42 17 
8 44 0 43 0 42 0 41 17 
7 47 1 46 0 45 0 44 17 
7 44 1 43 0 42 0 41 17 
8 45 0 44 0 43 0 42 17 
8 45 0 44 0 43 0 42 17 
8 47 0 46 0 45 0 44 17 
8 44 0 43 0 42 0 41 17 
8 47 0 46 0 45 0 44 17 
8 44 0 43 0 42 0 41 17 
7 44 0 43 0 42 0 41 17 
8 42 1 41 0 40 0 39 17 
7 46 0 45 0 44 0 43 17 
8 44 1 43 0 42 0 41 17 
7 44 0 43 0 42 0 41 17 
8 45 0 44 0 43 0 42 17 
7 44 1 43 0 42 0 41 17 
7 46 0 45 0 44 0 43 17 
8 43 0 42 0 41 0 40 17 
7 46 1 45 0 44 0 43 17 
8 45 0 44 0 43 0 42 17 
8 44 0 43 0 42 0 41 17 
8 43 0 42 0 41 0 40 17 
7 44 1 43 0 42 0 41 17 
7 44 0 43 0 42 0 41 17 
8 45 0 44 0 43 0 42 17 
8 45 0 44 0 43 0 42 17 
8 42 0 41 0 40 0 39 17 
8 44 0 43 0 42 0 41 17 
7 46 0 45 0 44 0 43 17 
7 43 0 42 0 41 0 40 17 
8 44 0 43 0 42 0 41 17 
7 44 0 43 0 42 0 41 17 
8 46 0 45 0 44 0 43 17 
7 42 1 41 0 40 0 39 17 
7 46 0 45 0 44 0 43 17 
7 44 1 43 0 42 0 41 17 
7 44 1 43 0 42 0 41 17 
8 44 0 43 0 42 0 41 17 
7 44 0 43 0 42 0 41 17 
7 44 1 43 0 42 0 41 17 
8 41 0 40 0 39 0 38 17 
7 46 1 45 0 44 0 43 17 
8 46 0 45 0 44 0 43 17 
7 46 0 45 0 44 0 43 17 
7 46 1 45 0 44 0 43 17 
8 43 0 42 0 41 0 40 17 
7 44 0 43 0 42 0 41 17 
8 43 1 42 0 41 0 40 17 
7 44 1 43 0 42 0 41 17 
7 46 0 45 0 44 0 43 17 
7 44 1 43 0 42 0 41 17 
8 44 0 43 0 42 0 41 17 
7 45 0 44 0 43 0 42 17 
7 45 1 44 0 43 0 42 17 
7 46 1 45 0 44 0 43 17 
8 46 0 45 0 44 0 43 17 
7 47 0 46 0 45 0 44 17 
8 45 1 44 0 43 0 42 17 
7 44 0 43 0 42 0 41 17 
8 44 0 43 0 42 0 41 17 
8 45 0 44 0 43 0 42 17 
7 47 1 46 0 45 0 44 17 
8 42 0 41 0 40 0 39 17 
7 44 1 43 0 42 0 41 17 
8 47 1 46 0 45 0 44 17 
8 44 1 43 0 42 0 41 17 
7 43 0 42 0 41 0 40 17 
8 45 0 44 0 43 0 42 17 
8 47 0 46 0 45 0 44 17 
7 44 0 43 0 42 0 41 17 
8 44 0 43 0 42 0 41 17 
8 44 0 43 0 42 0 41 17 
SCORES_TXT_END_0
SCORES_TXT_BEGIN_0 89 100 9 BLEU
13 34 3 33 0 32 0 31 24 
13 36 2 35 0 34 0 33 24 
12 36 2 35 0 34 0 33 24 
12 35 3 34 0 33 0 32 24 
13 36 2 35 0 34 0 33 24 
13 35 3 34 0 33 0 32 24 
13 34 3 33 0 32 0 31 24 
13 36 2 35 0 34 0 33 24 
13 35 3 34 0 33 0 32 24 
12 34 3 33 0 32 0 31 24 
13 37 2 36 0 35 0 34 24 
12 34 3 33 0 32 0 31 24 
12 36 2 35 0 34 0 33 24 
12 37 2 36 0 35 0 34 24 
12 34 2 33 0 32 0 31 24 
13 36 2 35 0 34 0 33 24 
13 34 3 33 0 32 0 31 24 
13 34 3 33 0 32 0 31 24 
12 35 3 34 0 33 0 32 24 
13 36 2 35 0 34 0 33 24 
13 34 2 33 0 32 0 31 24 
13 37 2 36 0 35 0 34 24 
12 36 3 35 0 34 0 33 24 
12 33 2 32 0 31 0 30 24 
13 35 3 34 0 33 0 32 24 
13 34 3 33 0 32 0 31 24 
13 36 2 35 0 34 0 33 24 
12 36 2 35 0 34 0 33 24 
13 35 3 34 0 33 0 32 24 
12 34 3 33 0 32 0 31 24 
13 37 2 36 0 35 0 34 24 
12 36 3 35 0 34 0 33 24 
13 36 3 35 0 34 0 33 24 
12 34 3 33 0 32 0 31 24 
13 36 3 35 0 34 0 33 24 
13 33 2 32 0 31 0 30 24 
12 36 1 35 0 34 0 33 24 
13 35 3 34 0 33 0 32 24 
12 37 2 36 0 35 0 34 24 
12 34 2 33 0 32 0 31 24 
13 36 2 35 0 34 0 33 24 
13 34 3 33 0 32 0 31 24 
13 37 2 36 0 35 0 34 24 
13 35 3 34 0 33 0 32 24 
13 34 3 33 0 32 0 31 24 
13 35 3 34 0 33 0 32 24 
13 37 2 36 0 35 0 34 24 
12 35 3 34 0 33 0 32 24 
13 36 3 35 0 34 0 33 24 
12 35 2 34 0 33 0 32 24 
13 36 2 35 0 34 0 33 24 
13 35 3 34 0 33 0 32 24 
13 35 3 34 0 33 0 32 24 
12 37 2 36 0 35 0 34 24 
13 34 2 33 0 32 0 31 24 
12 35 3 34 0 33 0 32 24 
12 35 2 34 0 33 0 32 24 
13 35 3 34 0 33 0 32 24 
13 37 2 36 0 35 0 34 24 
12 35 3 34 0 33 0 32 24 
13 35 3 34 0 33 0 32 24 
12 36 3 35 0 34 0 33 24 
12 36 3 35 0 34 0 33 24 
13 35 3 34 0 33 0 32 24 
12 33 2 32 0 31 0 30 24 
12 35 2 34 0 33 0 32 24 
13 35 2 34 0 33 0 32 24 
13 35 2 34 0 33 0 32 24 
12 35 3 34 0 33 0 32 24 
13 34 3 33 0 32 0 31 24 
13 36 2 35 0 34 0 33 24 
12 36 3 35 0 34 0 33 24 
13 35 3 34 0 33 0 32 24 
12 34 3 33 0 32 0 31 24 
13 37 2 36 0 35 0 34 24 
13 35 3 34 0 33 0 32 24 
12 34 3 33 0 32 0 31 24 
13 36 3 35 0 34 0 33 24 
13 37 2 36 0 35 0 34 24 
13 35 3 34 0 33 0 32 24 
12 36 2 35 0 34 0 33 24 
13 35 3 34 0 33 0 32 24 
13 37 2 36 0 35 0 34 24 
13 34 3 33 0 32 0 31 24 
12 36 3 35 0 34 0 33 24 
13 36 3 35 0 34 0 33 24 
13 36 3 35 0 34 0 33 24 
13 36 3 35 0 34 0 33 24 
13 34 3 33 0 32 0 31 24 
12 37 2 36 0 35 0 34 24 
13 33 2 32 0 31 0 30 24 
12 36 1 35 0 34 0 33 24 
11 36 2 35 0 34 0 33 24 
13 35 3 34 0 33 0 32 24 
12 34 2 33 0 32 0 31 24 
12 37 2 36 0 35 0 34 24 
13 35 3 34 0 33 0 32 24 
13 35 2 34 0 33 0 32 24 
12 37 1 36 0 35 0 34 24 
13 36 3 35 0 34 0 33 24 
SCORES_TXT_END_0
SCORES_TXT_BEGIN_0 90 100 9 BLEU
8 58 0 57 0 56 0 55 22 
8 57 0 56 0 55 0 54 22 
7 58 0 57 0 56 0 55 22 
7 57 0 56 0 55 0 54 22 
8 57 0 56 0 55 0 54 22 
8 56 0 55 0 54 0 53 22 
7 57 0 56 0 55 0 54 22 
7 56 0 55 0 54 0 53 22 
7 57 0 56 0 55 0 54 22 
7 56 0 55 0 54 0 53 22 
7 56 0 55 0 54 0 53 22 
7 55 0 54 0 53 0 52 22 
8 56 0 55 0 54 0 53 22 
7 56 0 55 0 54 0 53 22 
7 55 0 54 0 53 0 52 22 
7 55 0 54 0 53 0 52 22 
7 56 0 55 0 54 0 53 22 
7 54 0 53 0 52 0 51 22 
8 57 0 56 0 55 0 54 22 
7 57 0 56 0 55 0 54 22 
8 56 0 55 0 54 0 53 22 
7 55 0 54 0 53 0 52 22 
8 60 0 59 0 58 0 57 22 
7 54 0 53 0 52 0 51 22 
7 58 0 57 0 56 0 55 22 
7 56 0 55 0 54 0 53 22 
8 56 0 55 0 54 0 53 22 
8 58 0 57 0 56 0 55 22 
8 59 0 58 0 57 0 56 22 
7 57 0 56 0 55 0 54 22 
7 60 0 59 0 58 0 57 22 
8 59 0 58 0 57 0 56 22 
7 56 0 55 0 54 0 53 22 
7 56 0 55 0 54 0 53 22 
7 58 0 57 0 56 0 55 22 
8 58 0 57 0 56 0 55 22 
7 55 0 54 0 53 0 52 22 
7 59 0 58 0 57 0 56 22 
8 58 0 57 0 56 0 55 22 
7 59 0 58 0 57 0 56 22 
8 59 0 58 0 57 0 56 22 
8 58 0 57 0 56 0 55 22 
7 58 0 57 0 56 0 55 22 
8 59 0 58 0 57 0 56 22 
7 55 0 54 0 53 0 52 22 
7 58 0 57 0 56 0 55 22 
8 58 0 57 0 56 0 55 22 
7 59 0 58 0 57 0 56 22 
7 54 0 53 0 52 0 51 22 
8 57 0 56 0 55 0 54 22 
8 59 0 58 0 57 0 56 22 
7 58 0 57 0 56 0 55 22 
7 57 0 56 0 55 0 54 22 
8 58 0 57 0 56 0 55 22 
8 58 0 57 0 56 0 55 22 
7 59 0 58 0 57 0 56 22 
7 59 0 58 0 57 0 56 22 
7 56 0 55 0 54 0 53 22 
8 58 0 57 0 56 0 55 22 
7 56 0 55 0 54 0 53 22 
8 55 0 54 0 53 0 52 22 
7 58 0 57 0 56 0 55 22 
8 57 0 56 0 55 0 54 22 
7 57 0 56 0 55 0 54 22 
7 58 0 57 0 56 0 55 22 
7 55 0 54 0 53 0 52 22 
7 57 0 56 0 55 0 54 22 
7 57 0 56 0 55 0 54 22 
7 59 0 58 0 57 0 56 22 
7 54 0 53 0 52 0 51 22 
7 58 0 57 0 56 0 55 22 
7 56 0 55 0 54 0 53 22 
7 58 0 57 0 56 0 55 22 
7 58 0 57 0 56 0 55 22 
8 57 0 56 0 55 0 54 22 
7 58 0 57 0 56 0 55 22 
7 57 0 56 0 55 0 54 22 
8 58 0 57 0 56 0 55 22 
7 56 0 55 0 54 0 53 22 
7 55 0 54 0 53 0 52 22 
7 57 0 56 0 55 0 54 22 
8 57 0 56 0 55 0 54 22 
7 58 0 57 0 56 0 55 22 
8 57 0 56 0 55 0 54 22 
7 57 0 56 0 55 0 54 22 
7 57 0 56 0 55 0 54 22 
7 57 0 56 0 55 0 54 22 
7 56 0 55 0 54 0 53 22 
7 58 0 57 0 56 0 55 22 
8 58 0 57 0 56 0 55 22 
7 57 0 56 0 55 0 54 22 
8 57 0 56 0 55 0 54 22 
7 57 0 56 0 55 0 54 22 
8 57 0 56 0 55 0 54 22 
7 58 0 57 0 56 0 55 22 
7 57 0 56 0 55 0 54 22 
8 58 0 57 0 56 0 55 22 
7 56 0 55 0 54 0 53 22 
8 56 0 55 0 54 0 53 22 
7 57 0 56 0 55 0 54 22 
SCORES_TXT_END_0
SCORES_TXT_BEGIN_0 91 95 9 BLEU
7 45 0 44 0 43 0 42 19 
7 44 0 43 0 42 0 41 19 
7 46 0 45 0 44 0 43 19 
7 45 0 44 0 43 0 42 19 
7 44 0 43 0 42 0 41 19 
7 45 0 44 0 43 0 42 19 
7 44 0 43 0 42 0 41 19 
7 43 0 42 0 41 0 40 19 
7 46 0 45 0 44 0 43 19 
7 45 0 44 0 43 0 42 19 
7 44 0 43 0 42 0 41 19 
7 44 0 43 0 42 0 41 19 
7 45 0 44 0 43 0 42 19 
7 44 0 43 0 42 0 41 19 
7 45 0 44 0 43 0 42 19 
7 44 0 43 0 42 0 41 19 
7 46 0 45 0 44 0 43 19 
7 46 0 45 0 44 0 43 19 
7 43 0 42 0 41 0 40 19 
7 46 0 45 0 44 0 43 19 
7 45 0 44 0 43 0 42 19 
7 46 0 45 0 44 0 43 19 
7 44 0 43 0 42 0 41 19 
7 45 0 44 0 43 0 42 19 
7 45 0 44 0 43 0 42 19 
7 45 0 44 0 43 0 42 19 
7 45 0 44 0 43 0 42 19 
7 45 0 44 0 43 0 42 19 
7 45 0 44 0 43 0 42 19 
7 45 0 44 0 43 0 42 19 
7 43 0 42 0 41 0 40 19 
7 46 0 45 0 44 0 43 19 
7 46 0 45 0 44 0 43 19 
7 45 0 44 0 43 0 42 19 
7 45 0 44 0 43 0 42 19 
7 45 0 44 0 43 0 42 19 
7 44 0 43 0 42 0 41 19 
7 43 0 42 0 41 0 40 19 
7 44 0 43 0 42 0 41 19 
7 44 0 43 0 42 0 41 19 
7 46 0 45 0 44 0 43 19 
7 46 0 45 0 44 0 43 19 
7 45 0 44 0 43 0 42 19 
7 46 0 45 0 44 0 43 19 
7 46 0 45 0 44 0 43 19 
7 44 0 43 0 42 0 41 19 
7 46 0 45 0 44 0 43 19 
7 44 0 43 0 42 0 41 19 
7 45 0 44 0 43 0 42 19 
7 46 0 45 0 44 0 43 19 
7 44 0 43 0 42 0 41 19 
7 45 0 44 0 43 0 42 19 
7 45 0 44 0 43 0 42 19 
7 45 0 44 0 43 0 42 19 
7 46 0 45 0 44 0 43 19 
7 44 0 43 0 42 0 41 19 
7 46 0 45 0 44 0 43 19 
7 44 0 43 0 42 0 41 19 
7 45 0 44 0 43 0 42 19 
7 45 0 44 0 43 0 42 19 
7 43 0 42 0 41 0 40 19 
7 44 0 43 0 42 0 41 19 
7 46 0 45 0 44 0 43 19 
7 47 0 46 0 45 0 44 19 
7 45 0 44 0 43 0 42 19 
7 44 0 43 0 42 0 41 19 
7 46 0 45 0 44 0 43 19 
7 45 0 44 0 43 0 42 19 
7 45 0 44 0 43 0 42 19 
7 44 0 43 0 42 0 41 19 
7 44 0 43 0 42 0 41 19 
7 45 0 44 0 43 0 42 19 
7 44 0 43 0 42 0 41 19 
7 46 0 45 0 44 0 43 19 
7 45 0 44 0 43 0 42 19 
7 46 0 45 0 44 0 43 19 
7 45 0 44 0 43 0 42 19 
7 44 0 43 0 42 0 41 19 
7 44 0 43 0 42 0 41 19 
7 45 0 44 0 43 0 42 19 
7 46 0 45 0 44 0 43 19 
7 44 0 43 0 42 0 41 19 
7 44 0 43 0 42 0 41 19 
7 43 0 42 0 41 0 40 19 
7 44 0 43 0 42 0 41 19 
7 45 0 44 0 43 0 42 19 
7 45 0 44 0 43 0 42 19 
7 44 0 43 0 42 0 41 19 
7 44 0 43 0 42 0 41 19 
7 45 0 44 0 43 0 42 19 
7 45 0 44 0 43 0 42 19 
7 44 0 43 0 42 0 41 19 
7 43 0 42 0 41 0 40 19 
7 44 0 43 0 42 0 41 19 
7 45 0 44 0 43 0 42 19 
SCORES_TXT_END_0
SCORES_TXT_BEGIN_0 92 97 9 BLEU
4 29 1 28 0 27 0 26 13 
4 29 1 28 0 27 0 26 13 
4 29 1 28 0 27 0 26 13 
4 29 1 28 0 27 0 26 13 
4 29 1 28 0 27 0 26 13 
4 29 1 28 0 27 0 26 13 
5 29 1 28 0 27 0 26 13 
4 29 1 28 0 27 0 26 13 
4 29 1 28 0 27 0 26 13 
4 29 1 28 0 27 0 26 13 
4 29 1 28 0 27 0 26 13 
3 29 1 28 0 27 0 26 13 
5 29 1 28 0 27 0 26 13 
4 30 1 29 0 28 0 27 13 
4 29 1 28 0 27 0 26 13 
4 29 1 28 0 27 0 26 13 
4 29 1 28 0 27 0 26 13 
4 29 1 28 0 27 0 26 13 
4 30 1 29 0 28 0 27 13 
5 29 1 28 0 27 0 26 13 
3 29 1 28 0 27 0 26 13 
4 30 1 29 0 28 0 27 13 
4 29 1 28 0 27 0 26 13 
4 29 1 28 0 27 0 26 13 
4 29 1 28 0 27 0 26 13 
4 29 1 28 0 27 0 26 13 
4 29 1 28 0 27 0 26 13 
5 29 1 28 0 27 0 26 13 
3 29 1 28 0 27 0 26 13 
4 30 1 29 0 28 0 27 13 
4 29 1 28 0 27 0 26 13 
5 29 1 28 0 27 0 26 13 
4 29 1 28 0 27 0 26 13 
4 29 1 28 0 27 0 26 13 
4 29 1 28 0 27 0 26 13 
4 29 1 28 0 27 0 26 13 
4 29 1 28 0 27 0 26 13 
4 32 1 31 0 30 0 29 13 
4 29 1 28 0 27 0 26 13 
4 29 1 28 0 27 0 26 13 
3 29 1 28 0 27 0 26 13 
4 30 1 29 0 28 0 27 13 
4 29 1 28 0 27 0 26 13 
5 29 1 28 0 27 0 26 13 
4 30 1 29 0 28 0 27 13 
3 29 1 28 0 27 0 26 13 
4 30 1 29 0 28 0 27 13 
4 29 1 28 0 27 0 26 13 
4 29 1 28 0 27 0 26 13 
4 29 1 28 0 27 0 26 13 
4 29 1 28 0 27 0 26 13 
4 32 1 31 0 30 0 29 13 
4 30 1 29 0 28 0 27 13 
4 29 1 28 0 27 0 26 13 
4 30 1 29 0 28 0 27 13 
5 29 1 28 0 27 0 26 13 
4 29 1 28 0 27 0 26 13 
5 29 1 28 0 27 0 26 13 
4 30 1 29 0 28 0 27 13 
3 29 1 28 0 27 0 26 13 
5 29 1 28 0 27 0 26 13 
4 30 1 29 0 28 0 27 13 
4 29 1 28 0 27 0 26 13 
4 30 1 29 0 28 0 27 13 
4 29 1 28 0 27 0 26 13 
4 30 1 29 0 28 0 27 13 
4 29 1 28 0 27 0 26 13 
4 29 1 28 0 27 0 26 13 
4 29 1 28 0 27 0 26 13 
4 30 1 29 0 28 0 27 13 
4 29 1 28 0 27 0 26 13 
5 29 1 28 0 27 0 26 13 
4 30 1 29 0 28 0 27 13 
4 29 1 28 0 27 0 26 13 
4 29 1 28 0 27 0 26 13 
4 29 1 28 0 27 0 26 13 
4 31 1 30 0 29 0 28 13 
4 30 1 29 0 28 0 27 13 
4 30 1 29 0 28 0 27 13 
5 30 1 29 0 28 0 27 13 
4 30 1 29 0 28 0 27 13 
4 29 1 28 0 27 0 26 13 
5 29 1 28 0 27 0 26 13 
3 29 1 28 0 27 0 26 13 
4 30 1 29 0 28 0 27 13 
4 29 1 28 0 27 0 26 13 
3 29 1 28 0 27 0 26 13 
3 29 1 28 0 27 0 26 13 
4 30 1 29 0 28 0 27 13 
5 29 1 28 0 27 0 26 13 
4 30 1 29 0 28 0 27 13 
4 29 1 28 0 27 0 26 13 
4 29 1 28 0 27 0 26 13 
5 29 1 28 0 27 0 26 13 
4 29 1 28 0 27 0 26 13 
4 29 1 28 0 27 0 26 13 
4 30 1 29 0 28 0 27 13 
SCORES_TXT_END_0
SCORES_TXT_BEGIN_0 93 100 9 BLEU
7 48 0 47 0 46 0 45 26 
7 49 0 48 0 47 0 46 26 
7 50 0 49 0 48 0 47 26 
9 49 0 48 0 47 0 46 26 
7 48 0 47 0 46 0 45 26 
8 47 1 46 0 45 0 44 26 
7 48 0 47 0 46 0 45 26 
7 47 0 46 0 45 0 44 26 
8 48 0 47 0 46 0 45 26 
7 49 0 48 0 47 0 46 26 
7 49 0 48 0 47 0 46 26 
7 48 0 47 0 46 0 45 26 
8 48 0 47 0 46 0 45 26 
7 46 0 45 0 44 0 43 26 
7 47 0 46 0 45 0 44 26 
7 49 0 48 0 47 0 46 26 
8 48 0 47 0 46 0 45 26 
7 50 0 49 0 48 0 47 26 
9 49 0 48 0 47 0 46 26 
8 48 1 47 0 46 0 45 26 
8 49 1 48 0 47 0 46 26 
7 49 0 48 0 47 0 46 26 
7 50 0 49 0 48 0 47 26 
8 48 0 47 0 46 0 45 26 
7 48 0 47 0 46 0 45 26 
7 49 0 48 0 47 0 46 26 
10 48 1 47 0 46 0 45 26 
8 48 0 47 0 46 0 45 26 
9 49 0 48 0 47 0 46 26 
7 48 0 47 0 46 0 45 26 
8 48 0 47 0 46 0 45 26 
7 50 0 49 0 48 0 47 26 
9 48 0 47 0 46 0 45 26 
7 51 0 50 0 49 0 48 26 
8 47 1 46 0 45 0 44 26 
7 47 0 46 0 45 0 44 26 
8 48 0 47 0 46 0 45 26 
7 48 0 47 0 46 0 45 26 
9 50 0 49 0 48 0 47 26 
8 47 1 46 0 45 0 44 26 
7 49 0 48 0 47 0 46 26 
7 47 0 46 0 45 0 44 26 
8 46 1 45 0 44 0 43 26 
7 48 0 47 0 46 0 45 26 
7 48 0 47 0 46 0 45 26 
9 47 1 46 0 45 0 44 26 
7 48 0 47 0 46 0 45 26 
7 49 0 48 0 47 0 46 26 
8 49 0 48 0 47 0 46 26 
8 50 0 49 0 48 0 47 26 
8 48 0 47 0 46 0 45 26 
8 47 0 46 0 45 0 44 26 
9 47 0 46 0 45 0 44 26 
8 47 0 46 0 45 0 44 26 
7 47 0 46 0 45 0 44 26 
8 48 1 47 0 46 0 45 26 
9 48 0 47 0 46 0 45 26 
8 48 0 47 0 46 0 45 26 
7 46 0 45 0 44 0 43 26 
8 47 1 46 0 45 0 44 26 
7 49 0 48 0 47 0 46 26 
7 47 0 46 0 45 0 44 26 
10 49 0 48 0 47 0 46 26 
7 49 0 48 0 47 0 46 26 
8 48 0 47 0 46 0 45 26 
7 48 0 47 0 46 0 45 26 
7 48 0 47 0 46 0 45 26 
7 47 0 46 0 45 0 44 26 
8 49 0 48 0 47 0 46 26 
7 48 0 47 0 46 0 45 26 
7 47 0 46 0 45 0 44 26 
7 45 0 44 0 43 0 42 26 
7 47 0 46 0 45 0 44 26 
9 47 1 46 0 45 0 44 26 
8 45 1 44 0 43 0 42 26 
8 47 0 46 0 45 0 44 26 
8 49 0 48 0 47 0 46 26 
8 46 1 45 0 44 0 43 26 
8 50 0 49 0 48 0 47 26 
8 47 1 46 0 45 0 44 26 
8 48 0 47 0 46 0 45 26 
7 50 0 49 0 48 0 47 26 
7 49 0 48 0 47 0 46 26 
7 49 0 48 0 47 0 46 26 
8 49 0 48 0 47 0 46 26 
9 49 0 48 0 47 0 46 26 
8 47 0 46 0 45 0 44 26 
7 50 0 49 0 48 0 47 26 
8 48 0 47 0 46 0 45 26 
8 50 0 49 0 48 0 47 26 
8 46 0 45 0 44 0 43 26 
8 48 1 47 0 46 0 45 26 
7 48 0 47 0 46 0 45 26 
10 49 0 48 0 47 0 46 26 
8 47 0 46 0 45 0 44 26 
8 49 1 48 0 47 0 46 26 
7 49 0 48 0 47 0 46 26 
8 48 0 47 0 46 0 45 26 
7 48 0 47 0 46 0 45 26 
9 48 0 47 0 46 0 45 26 
SCORES_TXT_END_0
SCORES_TXT_BEGIN_0 94 95 9 BLEU
5 54 0 53 0 52 0 51 19 
5 54 0 53 0 52 0 51 19 
5 53 0 52 0 51 0 50 19 
5 53 0 52 0 51 0 50 19 
5 55 0 54 0 53 0 52 19 
5 53 0 52 0 51 0 50 19 
5 54 0 53 0 52 0 51 19 
5 53 0 52 0 51 0 50 19 
5 54 0 53 0 52 0 51 19 
5 55 0 54 0 53 0 52 19 
5 54 0 53 0 52 0 51 19 
5 54 0 53 0 52 0 51 19 
5 53 0 52 0 51 0 50 19 
5 55 0 54 0 53 0 52 19 
5 55 0 54 0 53 0 52 19 
5 54 0 53 0 52 0 51 19 
5 54 0 53 0 52 0 51 19 
5 54 0 53 0 52 0 51 19 
5 55 0 54 0 53 0 52 19 
5 54 0 53 0 52 0 51 19 
5 54 0 53 0 52 0 51 19 
5 54 0 53 0 52 0 51 19 
5 54 0 53 0 52 0 51 19 
5 54 0 53 0 52 0 51 19 
5 54 0 53 0 52 0 51 19 
5 53 0 52 0 51 0 50 19 
5 54 0 53 0 52 0 51 19 
5 56 0 55 0 54 0 53 19 
5 54 0 53 0 52 0 51 19 
5 54 0 53 0 52 0 51 19 
5 54 0 53 0 52 0 51 19 
5 53 0 52 0 51 0 50 19 
5 53 0 52 0 51 0 50 19 
5 55 0 54 0 53 0 52 19 
5 54 0 53 0 52 0 51 19 
5 55 0 54 0 53 0 52 19 
5 52 0 51 0 50 0 49 19 
5 54 0 53 0 52 0 51 19 
5 54 0 53 0 52 0 51 19 
5 52 0 51 0 50 0 49 19 
5 56 0 55 0 54 0 53 19 
5 53 0 52 0 51 0 50 19 
5 54 0 53 0 52 0 51 19 
5 53 0 52 0 51 0 50 19 
5 54 0 53 0 52 0 51 19 
5 52 0 51 0 50 0 49 19 
5 54 0 53 0 52 0 51 19 
5 53 0 52 0 51 0 50 19 
5 52 0 51 0 50 0 49 19 
5 54 0 53 0 52 0 51 19 
5 53 0 52 0 51 0 50 19 
5 55 0 54 0 53 0 52 19 
5 54 0 53 0 52 0 51 19 
5 54 0 53 0 52 0 51 19 
5 55 0 54 0 53 0 52 19 
5 53 0 52 0 51 0 50 19 
5 54 0 53 0 52 0 51 19 
5 54 0 53 0 52 0 51 19 
5 55 0 54 0 53 0 52 19 
5 56 0 55 0 54 0 53 19 
5 55 0 54 0 53 0 52 19 
5 54 0 53 0 52 0 51 19 
5 53 0 52 0 51 0 50 19 
5 53 0 52 0 51 0 50 19 
5 53 0 52 0 51 0 50 19 
5 55 0 54 0 53 0 52 19 
5 55 0 54 0 53 0 52 19 
5 55 0 54 0 53 0 52 19 
5 52 0 51 0 50 0 49 19 
5 53 0 52 0 51 0 50 19 
5 54 0 53 0 52 0 51 19 
5 55 0 54 0 53 0 52 19 
5 51 0 50 0 49 0 48 19 
5 54 0 53 0 52 0 51 19 
5 53 0 52 0 51 0 50 19 
5 53 0 52 0 51 0 50 19 
5 54 0 53 0 52 0 51 19 
5 56 0 55 0 54 0 53 19 
5 54 0 53 0 52 0 51 19 
5 53 0 52 0 51 0 50 19 
5 54 0 53 0 52 0 51 19 
5 54 0 53 0 52 0 51 19 
5 54 0 53 0 52 0 51 19 
5 53 0 52 0 51 0 50 19 
5 54 0 53 0 52 0 51 19 
5 52 0 51 0 50 0 49 19 
5 56 0 55 0 54 0 53 19 
5 54 0 53 0 52 0 51 19 
5 53 0 52 0 51 0 50 19 
5 55 0 54 0 53 0 52 19 
5 51 0 50 0 49 0 48 19 
5 53 0 52 0 51 0 50 19 
5 53 0 52 0 51 0 50 19 
5 53 0 52 0 51 0 50 19 
5 55 0 54 0 53 0 52 19 
SCORES_TXT_END_0
SCORES_TXT_BEGIN_0 95 100 9 BLEU
7 53 1 52 0 51 0 50 19 
7 53 1 52 0 51 0 50 19 
7 54 1 53 0 52 0 51 19 
7 52 0 51 0 50 0 49 19 
7 53 1 52 0 51 0 50 19 
7 53 0 52 0 51 0 50 19 
7 54 1 53 0 52 0 51 19 
7 53 1 52 0 51 0 50 19 
7 54 1 53 0 52 0 51 19 
7 52 0 51 0 50 0 49 19 
7 53 0 52 0 51 0 50 19 
7 53 1 52 0 51 0 50 19 
8 53 3 52 1 51 0 50 19 
7 52 1 51 0 50 0 49 19 
7 53 1 52 0 51 0 50 19 
8 54 3 53 1 52 0 51 19 
7 52 0 51 0 50 0 49 19 
7 53 1 52 0 51 0 50 19 
7 54 1 53 0 52 0 51 19 
7 52 1 51 0 50 0 49 19 
7 51 1 50 0 49 0 48 19 
7 51 1 50 0 49 0 48 19 
7 52 0 51 0 50 0 49 19 
7 52 1 51 0 50 0 49 19 
7 53 1 52 0 51 0 50 19 
7 52 1 51 0 50 0 49 19 
7 53 1 52 0 51 0 50 19 
6 54 0 53 0 52 0 51 19 
6 53 0 52 0 51 0 50 19 
6 53 0 52 0 51 0 50 19 
7 52 1 51 0 50 0 49 19 
7 53 1 52 0 51 0 50 19 
7 53 1 52 0 51 0 50 19 
7 51 1 50 0 49 0 48 19 
7 51 1 50 0 49 0 48 19 
7 53 0 52 0 51 0 50 19 
7 51 1 50 0 49 0 48 19 
6 54 0 53 0 52 0 51 19 
6 54 0 53 0 52 0 51 19 
7 54 1 53 0 52 0 51 19 
7 52 1 51 0 50 0 49 19 
7 52 1 51 0 50 0 49 19 
7 51 0 50 0 49 0 48 19 
7 52 1 51 0 50 0 49 19 
7 53 1 52 0 51 0 50 19 
6 54 0 53 0 52 0 51 19 
7 53 1 52 0 51 0 50 19 
6 53 0 52 0 51 0 50 19 
6 53 0 52 0 51 0 50 19 
7 54 1 53 0 52 0 51 19 
7 53 1 52 0 51 0 50 19 
7 51 1 50 0 49 0 48 19 
7 51 1 50 0 49 0 48 19 
7 51 1 50 0 49 0 48 19 
7 53 0 52 0 51 0 50 19 
8 53 3 52 1 51 0 50 19 
7 52 0 51 0 50 0 49 19 
7 54 1 53 0 52 0 51 19 
6 54 0 53 0 52 0 51 19 
7 52 0 51 0 50 0 49 19 
6 54 0 53 0 52 0 51 19 
7 53 1 52 0 51 0 50 19 
7 54 0 53 0 52 0 51 19 
7 52 0 51 0 50 0 49 19 
7 55 1 54 0 53 0 52 19 
7 54 1 53 0 52 0 51 19 
7 53 0 52 0 51 0 50 19 
7 53 1 52 0 51 0 50 19 
7 52 1 51 0 50 0 49 19 
7 51 0 50 0 49 0 48 19 
6 53 0 52 0 51 0 50 19 
6 54 0 53 0 52 0 51 19 
6 53 0 52 0 51 0 50 19 
7 53 1 52 0 51 0 50 19 
7 52 0 51 0 50 0 49 19 
7 54 1 53 0 52 0 51 19 
7 53 1 52 0 51 0 50 19 
7 53 0 52 0 51 0 50 19 
7 51 1 50 0 49 0 48 19 
7 51 1 50 0 49 0 48 19 
7 51 1 50 0 49 0 48 19 
7 53 1 52 0 51 0 50 19 
7 54 0 53 0 52 0 51 19 
8 54 3 53 1 52 0 51 19 
7 52 1 51 0 50 0 49 19 
7 52 0 51 0 50 0 49 19 
7 53 1 52 0 51 0 50 19 
7 54 1 53 0 52 0 51 19 
7 53 1 52 0 51 0 50 19 
7 53 0 52 0 51 0 50 19 
7 55 1 54 0 53 0 52 19 
7 54 1 53 0 52 0 51 19 
7 54 0 53 0 52 0 51 19 
7 54 1 53 0 52 0 51 19 
7 54 1 53 0 52 0 51 19 
7 52 0 51 0 50 0 49 19 
8 54 3 53 1 52 0 51 19 
7 52 0 51 0 50 0 49 19 
8 52 2 51 1 50 0 49 19 
7 51 0 50 0 49 0 48 19 
SCORES_TXT_END_0
SCORES_TXT_BEGIN_0 96 55 9 BLEU
9 63 1 62 0 61 0 60 26 
9 62 1 61 0 60 0 59 26 
9 63 1 62 0 61 0 60 26 
9 63 1 62 0 61 0 60 26 
9 62 1 61 0 60 0 59 26 
9 62 1 61 0 60 0 59 26 
9 63 1 62 0 61 0 60 26 
9 63 1 62 0 61 0 60 26 
9 62 1 61 0 60 0 59 26 
9 63 1 62 0 61 0 60 26 
9 62 1 61 0 60 0 59 26 
10 63 1 62 0 61 0 60 26 
9 62 1 61 0 60 0 59 26 
8 64 1 63 0 62 0 61 26 
9 63 1 62 0 61 0 60 26 
9 63 1 62 0 61 0 60 26 
9 63 1 62 0 61 0 60 26 
9 63 1 62 0 61 0 60 26 
10 63 1 62 0 61 0 60 26 
9 62 1 61 0 60 0 59 26 
8 64 1 63 0 62 0 61 26 
9 62 1 61 0 60 0 59 26 
10 63 1 62 0 61 0 60 26 
9 62 1 61 0 60 0 59 26 
8 64 1 63 0 62 0 61 26 
9 62 1 61 0 60 0 59 26 
9 63 1 62 0 61 0 60 26 
8 63 1 62 0 61 0 60 26 
9 64 1 63 0 62 0 61 26 
10 63 1 62 0 61 0 60 26 
9 63 1 62 0 61 0 60 26 
9 63 1 62 0 61 0 60 26 
10 63 1 62 0 61 0 60 26 
9 63 1 62 0 61 0 60 26 
9 62 1 61 0 60 0 59 26 
9 63 1 62 0 61 0 60 26 
8 64 1 63 0 62 0 61 26 
9 63 1 62 0 61 0 60 26 
8 63 1 62 0 61 0 60 26 
9 64 1 63 0 62 0 61 26 
9 62 1 61 0 60 0 59 26 
10 63 1 62 0 61 0 60 26 
10 63 1 62 0 61 0 60 26 
9 63 1 62 0 61 0 60 26 
8 63 1 62 0 61 0 60 26 
9 62 1 61 0 60 0 59 26 
9 62 1 61 0 60 0 59 26 
8 64 1 63 0 62 0 61 26 
9 64 1 63 0 62 0 61 26 
10 63 1 62 0 61 0 60 26 
9 63 1 62 0 61 0 60 26 
9 63 1 62 0 61 0 60 26 
10 63 1 62 0 61 0 60 26 
9 63 1 62 0 61 0 60 26 
8 64 1 63 0 62 0 61 26 
SCORES_TXT_END_0
SCORES_TXT_BEGIN_0 97 99 9 BLEU
17 45 4 44 1 43 0 42 29 
15 46 3 45 1 44 0 43 29 
17 46 3 45 1 44 0 43 29 
17 45 3 44 1 43 0 42 29 
14 46 3 45 1 44 0 43 29 
17 45 4 44 1 43 0 42 29 
12 47 2 46 1 45 0 44 29 
17 45 4 44 1 43 0 42 29 
16 46 4 45 0 44 0 43 29 
15 46 3 45 1 44 0 43 29 
17 46 3 45 1 44 0 43 29 
15 45 3 44 1 43 0 42 29 
15 46 3 45 1 44 0 43 29 
17 46 3 45 1 44 0 43 29 
14 47 3 46 0 45 0 44 29 
16 47 3 46 0 45 0 44 29 
17 44 4 43 1 42 0 41 29 
17 45 4 44 1 43 0 42 29 
15 45 3 44 1 43 0 42 29 
17 45 3 44 1 43 0 42 29 
15 46 3 45 1 44 0 43 29 
17 46 3 45 1 44 0 43 29 
17 45 3 44 1 43 0 42 29 
17 45 3 44 1 43 0 42 29 
14 46 3 45 1 44 0 43 29 
16 46 3 45 0 44 0 43 29 
15 45 3 44 1 43 0 42 29 
17 45 4 44 1 43 0 42 29 
16 46 4 45 0 44 0 43 29 
15 45 4 44 1 43 0 42 29 
14 46 3 45 1 44 0 43 29 
17 46 4 45 1 44 0 43 29 
13 47 3 46 0 45 0 44 29 
12 47 2 46 1 45 0 44 29 
15 46 3 45 1 44 0 43 29 
14 47 3 46 0 45 0 44 29 
17 46 3 45 1 44 0 43 29 
16 47 3 46 0 45 0 44 29 
16 46 4 45 0 44 0 43 29 
17 45 4 44 1 43 0 42 29 
17 44 3 43 1 42 0 41 29 
13 46 3 45 1 44 0 43 29 
12 46 2 45 1 44 0 43 29 
16 46 4 45 0 44 0 43 29 
12 47 2 46 1 45 0 44 29 
15 47 3 46 1 45 0 44 29 
17 47 3 46 1 45 0 44 29 
11 48 2 47 0 46 0 45 29 
17 45 3 44 1 43 0 42 29 
14 45 3 44 1 43 0 42 29 
14 47 3 46 0 45 0 44 29 
15 45 3 44 1 43 0 42 29 
16 47 3 46 0 45 0 44 29 
15 46 3 45 1 44 0 43 29 
17 46 3 45 1 44 0 43 29 
14 46 3 45 1 44 0 43 29 
14 47 3 46 0 45 0 44 29 
16 47 3 46 0 45 0 44 29 
16 45 3 44 1 43 0 42 29 
13 47 3 46 0 45 0 44 29 
17 44 4 43 1 42 0 41 29 
15 45 3 44 1 43 0 42 29 
14 46 3 45 0 44 0 43 29 
12 46 2 45 1 44 0 43 29 
17 45 4 44 1 43 0 42 29 
12 47 2 46 1 45 0 44 29 
17 45 4 44 1 43 0 42 29 
17 45 3 44 1 43 0 42 29 
16 46 3 45 0 44 0 43 29 
15 45 3 44 1 43 0 42 29 
17 45 4 44 1 43 0 42 29 
17 45 3 44 1 43 0 42 29 
16 45 3 44 1 43 0 42 29 
15 46 3 45 1 44 0 43 29 
17 46 3 45 1 44 0 43 29 
17 46 3 45 1 44 0 43 29 
15 44 3 43 1 42 0 41 29 
15 45 3 44 1 43 0 42 29 
12 46 2 45 1 44 0 43 29 
14 46 3 45 1 44 0 43 29 
13 47 3 46 0 45 0 44 29 
15 46 3 45 1 44 0 43 29 
17 46 3 45 1 44 0 43 29 
15 45 3 44 1 43 0 42 29 
15 46 3 45 1 44 0 43 29 
17 46 3 45 1 44 0 43 29 
14 47 3 46 1 45 0 44 29 
16 46 3 45 0 44 0 43 29 
16 46 4 45 0 44 0 43 29 
17 45 3 44 1 43 0 42 29 
16 46 3 45 0 44 0 43 29 
15 45 3 44 1 43 0 42 29 
17 45 4 44 1 43 0 42 29 
16 46 4 45 0 44 0 43 29 
17 44 4 43 1 42 0 41 29 
15 45 3 44 1 43 0 42 29 
12 47 2 46 1 45 0 44 29 
11 48 2 47 0 46 0 45 29 
15 45 3 44 1 43 0 42 29 
SCORES_TXT_END_0
SCORES_TXT_BEGIN_0 98 100 9 BLEU
4 30 0 29 0 28 0 27 21 
4 30 0 29 0 28 0 27 21 
4 29 0 28 0 27 0 26 21 
5 30 0 29 0 28 0 27 21 
4 29 0 28 0 27 0 26 21 
5 30 0 29 0 28 0 27 21 
5 29 0 28 0 27 0 26 21 
5 29 0 28 0 27 0 26 21 
6 30 1 29 0 28 0 27 21 
4 29 0 28 0 27 0 26 21 
4 30 0 29 0 28 0 27 21 
6 30 1 29 0 28 0 27 21 
4 29 0 28 0 27 0 26 21 
4 30 0 29 0 28 0 27 21 
5 30 1 29 0 28 0 27 21 
5 30 1 29 0 28 0 27 21 
6 29 1 28 0 27 0 26 21 
4 28 0 27 0 26 0 25 21 
4 29 0 28 0 27 0 26 21 
6 29 1 28 0 27 0 26 21 
5 30 0 29 0 28 0 27 21 
4 28 0 27 0 26 0 25 21 
5 29 0 28 0 27 0 26 21 
4 28 0 27 0 26 0 25 21 
5 30 1 29 0 28 0 27 21 
5 30 1 29 0 28 0 27 21 
4 29 0 28 0 27 0 26 21 
5 30 1 29 0 28 0 27 21 
4 29 0 28 0 27 0 26 21 
4 30 0 29 0 28 0 27 21 
5 30 0 29 0 28 0 27 21 
5 29 0 28 0 27 0 26 21 
5 30 1 29 0 28 0 27 21 
5 29 1 28 0 27 0 26 21 
5 29 1 28 0 27 0 26 21 
4 30 0 29 0 28 0 27 21 
5 29 1 28 0 27 0 26 21 
6 30 1 29 0 28 0 27 21 
4 30 0 29 0 28 0 27 21 
5 28 0 27 0 26 0 25 21 
5 29 0 28 0 27 0 26 21 
5 29 1 28 0 27 0 26 21 
5 29 0 28 0 27 0 26 21 
5 28 0 27 0 26 0 25 21 
5 29 0 28 0 27 0 26 21 
4 30 0 29 0 28 0 27 21 
5 28 0 27 0 26 0 25 21 
5 29 1 28 0 27 0 26 21 
6 30 1 29 0 28 0 27 21 
5 29 1 28 0 27 0 26 21 
4 30 0 29 0 28 0 27 21 
6 30 1 29 0 28 0 27 21 
6 29 1 28 0 27 0 26 21 
4 30 0 29 0 28 0 27 21 
4 29 0 28 0 27 0 26 21 
5 30 0 29 0 28 0 27 21 
4 29 0 28 0 27 0 26 21 
4 30 0 29 0 28 0 27 21 
6 30 1 29 0 28 0 27 21 
6 30 1 29 0 28 0 27 21 
4 29 0 28 0 27 0 26 21 
4 30 0 29 0 28 0 27 21 
6 29 1 28 0 27 0 26 21 
5 30 0 29 0 28 0 27 21 
6 29 1 28 0 27 0 26 21 
5 30 0 29 0 28 0 27 21 
5 30 1 29 0 28 0 27 21 
4 29 0 28 0 27 0 26 21 
4 29 0 28 0 27 0 26 21 
6 29 1 28 0 27 0 26 21 
4 29 0 28 0 27 0 26 21 
6 30 1 29 0 28 0 27 21 
5 30 0 29 0 28 0 27 21 
6 30 1 29 0 28 0 27 21 
6 28 1 27 0 26 0 25 21 
4 29 0 28 0 27 0 26 21 
4 29 0 28 0 27 0 26 21 
6 29 1 28 0 27 0 26 21 
5 30 1 29 0 28 0 27 21 
5 30 0 29 0 28 0 27 21 
5 29 1 28 0 27 0 26 21 
5 30 0 29 0 28 0 27 21 
6 29 1 28 0 27 0 26 21 
4 29 0 28 0 27 0 26 21 
6 29 1 28 0 27 0 26 21 
5 29 1 28 0 27 0 26 21 
4 29 0 28 0 27 0 26 21 
6 28 1 27 0 26 0 25 21 
4 27 0 26 0 25 0 24 21 
4 28 0 27 0 26 0 25 21 
5 30 1 29 0 28 0 27 21 
6 29 1 28 0 27 0 26 21 
5 30 0 29 0 28 0 27 21 
5 31 0 30 0 29 0 28 21 
5 30 1 29 0 28 0 27 21 
4 29 0 28 0 27 0 26 21 
6 28 1 27 0 26 0 25 21 
5 29 0 28 0 27 0 26 21 
5 29 0 28 0 27 0 26 21 
5 30 1 29 0 28 0 27 21 
SCORES_TXT_END_0
SCORES_TXT_BEGIN_0 99 27 9 BLEU
6 49 4 48 2 47 1 46 19 
6 48 4 47 2 46 1 45 19 
6 49 4 48 2 47 1 46 19 
6 48 4 47 2 46 1 45 19 
6 49 4 48 2 47 1 46 19 
6 48 3 47 2 46 1 45 19 
6 48 4 47 2 46 1 45 19 
6 49 3 48 2 47 1 46 19 
6 49 4 48 2 47 1 46 19 
6 48 3 47 2 46 1 45 19 
6 48 4 47 2 46 1 45 19 
6 49 3 48 2 47 1 46 19 
6 49 4 48 2 47 1 46 19 
6 48 3 47 2 46 1 45 19 
6 49 3 48 2 47 1 46 19 
6 48 4 47 2 46 1 45 19 
6 49 4 48 2 47 1 46 19 
6 48 3 47 2 46 1 45 19 
6 49 3 48 2 47 1 46 19 
6 49 4 48 2 47 1 46 19 
6 48 4 47 2 46 1 45 19 
6 46 4 45 2 44 1 43 19 
6 48 4 47 2 46 1 45 19 
6 48 4 47 2 46 1 45 19 
6 45 4 44 2 43 1 42 19 
6 47 4 46 2 45 1 44 19 
6 47 4 46 2 45 1 44 19 
SCORES_TXT_END_0
SCORES_TXT_BEGIN_0 100 100 9 BLEU
12 30 7 29 3 28 1 27 25 
12 30 7 29 3 28 1 27 25 
12 30 6 29 3 28 1 27 25 
12 30 6 29 3 28 1 27 25 
12 31 7 30 3 29 1 28 25 
12 30 7 29 3 28 1 27 25 
12 31 7 30 3 29 1 28 25 
12 30 7 29 3 28 1 27 25 
13 30 7 29 4 28 2 27 25 
12 30 7 29 3 28 1 27 25 
12 30 7 29 3 28 1 27 25 
13 30 7 29 4 28 2 27 25 
12 30 7 29 3 28 1 27 25 
13 29 5 28 2 27 1 26 25 
12 30 7 29 3 28 1 27 25 
12 30 7 29 3 28 1 27 25 
13 29 5 28 2 27 1 26 25 
12 29 5 28 2 27 1 26 25 
11 30 4 29 2 28 1 27 25 
12 29 5 28 2 27 1 26 25 
11 30 4 29 2 28 1 27 25 
12 30 7 29 3 28 1 27 25 
12 30 7 29 3 28 1 27 25 
12 30 7 29 3 28 1 27 25 
12 30 6 29 3 28 1 27 25 
13 32 8 31 4 30 1 29 25 
13 31 5 30 2 29 1 28 25 
12 28 5 27 2 26 1 25 25 
12 30 7 29 3 28 1 27 25 
12 29 4 28 2 27 1 26 25 
13 31 5 30 2 29 1 28 25 
13 32 8 31 4 30 1 29 25 
11 30 4 29 2 28 1 27 25 
12 30 6 29 2 28 0 27 25 
13 31 5 30 2 29 1 28 25 
13 30 5 29 2 28 1 27 25 
12 28 5 27 2 26 1 25 25 
12 30 7 29 3 28 1 27 25 
13 29 4 28 2 27 1 26 25 
13 30 8 29 4 28 1 27 25 
13 31 8 30 4 29 1 28 25 
11 29 4 28 2 27 1 26 25 
13 31 5 30 2 29 1 28 25 
12 31 7 30 3 29 1 28 25 
11 30 4 29 2 28 1 27 25 
11 30 3 29 2 28 1 27 25 
12 30 6 29 2 28 0 27 25 
13 30 5 29 2 28 1 27 25 
12 30 7 29 3 28 1 27 25 
13 30 8 29 4 28 1 27 25 
13 31 8 30 4 29 1 28 25 
12 29 4 28 2 27 1 26 25 
12 31 6 30 2 29 1 28 25 
11 30 3 29 2 28 1 27 25 
12 29 5 28 2 27 1 26 25 
12 31 7 30 3 29 1 28 25 
13 30 6 29 2 28 1 27 25 
12 31 7 30 3 29 1 28 25 
12 29 7 28 3 27 1 26 25 
12 29 5 28 2 27 1 26 25 
12 30 6 29 3 28 1 27 25 
13 30 7 29 4 28 2 27 25 
12 30 6 29 3 28 1 27 25 
12 31 6 30 2 29 1 28 25 
13 30 7 29 4 28 2 27 25 
12 29 5 28 2 27 1 26 25 
12 31 7 30 3 29 1 28 25 
12 30 7 29 3 28 1 27 25 
10 28 4 27 2 26 1 25 25 
12 30 7 29 3 28 1 27 25 
13 30 6 29 2 28 1 27 25 
12 31 7 30 3 29 1 28 25 
12 30 7 29 3 28 1 27 25 
12 29 7 28 3 27 1 26 25 
13 28 5 27 2 26 1 25 25 
12 30 6 29 2 28 1 27 25 
11 28 5 27 2 26 1 25 25 
13 29 5 28 2 27 1 26 25 
13 30 7 29 4 28 2 27 25 
12 30 6 29 3 28 1 27 25 
13 31 7 30 3 29 1 28 25 
11 31 5 30 2 29 1 28 25 
11 29 5 28 2 27 1 26 25 
12 30 7 29 3 28 1 27 25 
13 29 5 28 2 27 1 26 25 
10 28 4 27 2 26 1 25 25 
11 30 4 29 2 28 1 27 25 
12 30 7 29 3 28 1 27 25 
12 30 7 29 3 28 1 27 25 
12 30 7 29 3 28 1 27 25 
13 28 5 27 2 26 1 25 25 
12 30 6 29 2 28 1 27 25 
13 29 5 28 3 27 2 26 25 
11 28 5 27 2 26 1 25 25 
12 30 5 29 2 28 1 27 25 
13 32 7 31 4 30 1 29 25 
13 29 5 28 2 27 1 26 25 
13 31 7 30 3 29 1 28 25 
11 31 5 30 2 29 1 28 25 
13 31 4 30 2 29 1 28 25 
SCORES_TXT_END_0
SCORES_TXT_BEGIN_0 101 100 9 BLEU
8 38 1 37 0 36 0 35 25 
7 39 1 38 0 37 0 36 25 
8 37 1 36 0 35 0 34 25 
8 38 1 37 0 36 0 35 25 
9 38 1 37 0 36 0 35 25 
8 38 1 37 0 36 0 35 25 
9 41 1 40 0 39 0 38 25 
9 42 1 41 0 40 0 39 25 
8 39 1 38 0 37 0 36 25 
8 40 1 39 0 38 0 37 25 
9 38 1 37 0 36 0 35 25 
8 38 1 37 0 36 0 35 25 
8 39 1 38 0 37 0 36 25 
7 38 1 37 0 36 0 35 25 
8 38 1 37 0 36 0 35 25 
7 39 1 38 0 37 0 36 25 
8 39 1 38 0 37 0 36 25 
7 39 1 38 0 37 0 36 25 
8 37 1 36 0 35 0 34 25 
9 37 1 36 0 35 0 34 25 
8 37 1 36 0 35 0 34 25 
9 38 1 37 0 36 0 35 25 
8 42 1 41 0 40 0 39 25 
8 39 1 38 0 37 0 36 25 
8 38 1 37 0 36 0 35 25 
9 38 1 37 0 36 0 35 25 
8 39 1 38 0 37 0 36 25 
8 43 1 42 0 41 0 40 25 
8 38 1 37 0 36 0 35 25 
9 39 1 38 0 37 0 36 25 
9 40 1 39 0 38 0 37 25 
7 40 1 39 0 38 0 37 25 
7 41 1 40 0 39 0 38 25 
8 39 1 38 0 37 0 36 25 
7 39 1 38 0 37 0 36 25 
9 39 1 38 0 37 0 36 25 
8 39 1 38 0 37 0 36 25 
9 39 1 38 0 37 0 36 25 
9 37 1 36 0 35 0 34 25 
9 40 1 39 0 38 0 37 25 
8 37 1 36 0 35 0 34 25 
9 38 1 37 0 36 0 35 25 
8 40 1 39 0 38 0 37 25 
9 40 1 39 0 38 0 37 25 
9 38 1 37 0 36 0 35 25 
9 38 1 37 0 36 0 35 25 
8 38 1 37 0 36 0 35 25 
8 38 1 37 0 36 0 35 25 
8 37 1 36 0 35 0 34 25 
8 39 1 38 0 37 0 36 25 
9 39 1 38 0 37 0 36 25 
7 38 1 37 0 36 0 35 25 
9 39 1 38 0 37 0 36 25 
8 38 1 37 0 36 0 35 25 
8 38 1 37 0 36 0 35 25 
8 38 1 37 0 36 0 35 25 
9 40 1 39 0 38 0 37 25 
9 38 1 37 0 36 0 35 25 
8 39 1 38 0 37 0 36 25 
7 38 1 37 0 36 0 35 25 
8 39 1 38 0 37 0 36 25 
8 38 1 37 0 36 0 35 25 
7 40 1 39 0 38 0 37 25 
8 37 1 36 0 35 0 34 25 
7 39 1 38 0 37 0 36 25 
8 39 1 38 0 37 0 36 25 
8 39 1 38 0 37 0 36 25 
9 42 1 41 0 40 0 39 25 
8 40 1 39 0 38 0 37 25 
9 37 1 36 0 35 0 34 25 
9 40 1 39 0 38 0 37 25 
8 38 1 37 0 36 0 35 25 
9 41 1 40 0 39 0 38 25 
8 37 1 36 0 35 0 34 25 
9 39 1 38 0 37 0 36 25 
7 39 1 38 0 37 0 36 25 
9 37 1 36 0 35 0 34 25 
8 39 1 38 0 37 0 36 25 
9 43 1 42 0 41 0 40 25 
8 38 1 37 0 36 0 35 25 
9 42 1 41 0 40 0 39 25 
9 40 1 39 0 38 0 37 25 
9 40 1 39 0 38 0 37 25 
9 38 1 37 0 36 0 35 25 
8 39 1 38 0 37 0 36 25 
8 39 1 38 0 37 0 36 25 
8 40 1 39 0 38 0 37 25 
9 39 1 38 0 37 0 36 25 
8 41 1 40 0 39 0 38 25 
9 39 1 38 0 37 0 36 25 
9 41 1 40 0 39 0 38 25 
8 39 1 38 0 37 0 36 25 
8 38 1 37 0 36 0 35 25 
9 40 1 39 0 38 0 37 25 
9 38 1 37 0 36 0 35 25 
8 37 0 36 0 35 0 34 25 
9 38 1 37 0 36 0 35 25 
8 40 1 39 0 38 0 37 25 
8 40 1 39 0 38 0 37 25 
8 38 1 37 0 36 0 35 25 
SCORES_TXT_END_0
SCORES_TXT_BEGIN_0 102 100 9 BLEU
18 63 3 62 0 61 0 60 56 
17 63 3 62 0 61 0 60 56 
16 65 2 64 0 63 0 62 56 
17 64 4 63 1 62 0 61 56 
16 65 2 64 0 63 0 62 56 
18 64 3 63 0 62 0 61 56 
17 64 2 63 0 62 0 61 56 
16 64 2 63 0 62 0 61 56 
15 64 2 63 0 62 0 61 56 
17 64 3 63 0 62 0 61 56 
16 66 2 65 0 64 0 63 56 
17 65 4 64 1 63 0 62 56 
16 66 2 65 0 64 0 63 56 
17 63 3 62 0 61 0 60 56 
17 64 3 63 0 62 0 61 56 
16 65 2 64 0 63 0 62 56 
16 63 2 62 0 61 0 60 56 
16 64 2 63 0 62 0 61 56 
17 63 3 62 0 61 0 60 56 
18 63 3 62 0 61 0 60 56 
17 63 2 62 0 61 0 60 56 
17 62 2 61 0 60 0 59 56 
17 65 2 64 0 63 0 62 56 
16 65 2 64 0 63 0 62 56 
15 65 2 64 0 63 0 62 56 
16 64 2 63 0 62 0 61 56 
16 65 2 64 0 63 0 62 56 
17 63 3 62 0 61 0 60 56 
16 65 2 64 0 63 0 62 56 
17 64 4 63 1 62 0 61 56 
18 63 3 62 0 61 0 60 56 
17 64 3 63 0 62 0 61 56 
18 63 3 62 0 61 0 60 56 
16 65 2 64 0 63 0 62 56 
17 65 3 64 0 63 0 62 56 
18 63 3 62 0 61 0 60 56 
16 66 2 65 0 64 0 63 56 
16 64 2 63 0 62 0 61 56 
16 62 2 61 0 60 0 59 56 
17 64 3 63 0 62 0 61 56 
18 65 3 64 0 63 0 62 56 
17 63 2 62 0 61 0 60 56 
16 65 2 64 0 63 0 62 56 
17 64 3 63 0 62 0 61 56 
18 64 3 63 0 62 0 61 56 
17 64 2 63 0 62 0 61 56 
15 64 2 63 0 62 0 61 56 
18 62 3 61 0 60 0 59 56 
17 63 3 62 0 61 0 60 56 
18 64 3 63 0 62 0 61 56 
17 62 2 61 0 60 0 59 56 
18 64 3 63 0 62 0 61 56 
17 63 2 62 0 61 0 60 56 
17 64 2 63 0 62 0 61 56 
17 63 3 62 0 61 0 60 56 
16 65 2 64 0 63 0 62 56 
17 64 4 63 1 62 0 61 56 
17 63 3 62 0 61 0 60 56 
16 65 2 64 0 63 0 62 56 
17 64 4 63 1 62 0 61 56 
16 64 2 63 0 62 0 61 56 
18 63 3 62 0 61 0 60 56 
18 64 3 63 0 62 0 61 56 
16 65 2 64 0 63 0 62 56 
17 63 3 62 0 61 0 60 56 
16 65 2 64 0 63 0 62 56 
16 65 2 64 0 63 0 62 56 
16 65 2 64 0 63 0 62 56 
17 64 4 63 1 62 0 61 56 
15 64 2 63 0 62 0 61 56 
17 63 2 62 0 61 0 60 56 
19 64 3 63 0 62 0 61 56 
16 65 2 64 0 63 0 62 56 
17 65 3 64 0 63 0 62 56 
16 67 2 66 0 65 0 64 56 
17 62 3 61 0 60 0 59 56 
17 66 4 65 1 64 0 63 56 
18 64 3 63 0 62 0 61 56 
17 63 4 62 1 61 0 60 56 
18 63 3 62 0 61 0 60 56 
16 66 2 65 0 64 0 63 56 
17 64 3 63 0 62 0 61 56 
16 66 2 65 0 64 0 63 56 
16 67 2 66 0 65 0 64 56 
17 65 4 64 1 63 0 62 56 
17 62 3 61 0 60 0 59 56 
16 64 2 63 0 62 0 61 56 
17 63 4 62 1 61 0 60 56 
18 64 3 63 0 62 0 61 56 
18 64 3 63 0 62 0 61 56 
18 62 3 61 0 60 0 59 56 
16 66 2 65 0 64 0 63 56 
17 63 3 62 0 61 0 60 56 
16 64 2 63 0 62 0 61 56 
18 64 3 63 0 62 0 61 56 
17 64 3 63 0 62 0 61 56 
16 66 2 65 0 64 0 63 56 
17 64 3 63 0 62 0 61 56 
17 65 4 64 1 63 0 62 56 
17 64 3 63 0 62 0 61 56 
SCORES_TXT_END_0
SCORES_TXT_BEGIN_0 103 100 9 BLEU
8 55 0 54 0 53 0 52 28 
9 57 1 56 0 55 0 54 28 
8 55 0 54 0 53 0 52 28 
8 54 0 53 0 52 0 51 28 
9 57 1 56 0 55 0 54 28 
9 58 1 57 0 56 0 55 28 
9 56 1 55 0 54 0 53 28 
8 54 0 53 0 52 0 51 28 
8 56 0 55 0 54 0 53 28 
9 58 1 57 0 56 0 55 28 
9 56 1 55 0 54 0 53 28 
9 57 1 56 0 55 0 54 28 
8 55 0 54 0 53 0 52 28 
10 58 1 57 0 56 0 55 28 
8 55 0 54 0 53 0 52 28 
9 57 1 56 0 55 0 54 28 
9 57 1 56 0 55 0 54 28 
8 57 0 56 0 55 0 54 28 
8 54 0 53 0 52 0 51 28 
10 59 1 58 0 57 0 56 28 
10 57 1 56 0 55 0 54 28 
9 55 0 54 0 53 0 52 28 
10 59 1 58 0 57 0 56 28 
8 55 0 54 0 53 0 52 28 
9 58 1 57 0 56 0 55 28 
9 56 1 55 0 54 0 53 28 
8 56 0 55 0 54 0 53 28 
9 56 1 55 0 54 0 53 28 
9 55 0 54 0 53 0 52 28 
10 58 1 57 0 56 0 55 28 
9 54 0 53 0 52 0 51 28 
9 57 1 56 0 55 0 54 28 
10 60 1 59 0 58 0 57 28 
10 58 1 57 0 56 0 55 28 
8 55 0 54 0 53 0 52 28 
8 54 0 53 0 52 0 51 28 
9 57 1 56 0 55 0 54 28 
9 56 1 55 0 54 0 53 28 
8 53 0 52 0 51 0 50 28 
9 57 1 56 0 55 0 54 28 
9 55 1 54 0 53 0 52 28 
9 54 0 53 0 52 0 51 28 
9 57 1 56 0 55 0 54 28 
9 58 1 57 0 56 0 55 28 
9 56 1 55 0 54 0 53 28 
10 59 1 58 0 57 0 56 28 
8 54 0 53 0 52 0 51 28 
9 56 0 55 0 54 0 53 28 
10 55 1 54 0 53 0 52 28 
8 53 0 52 0 51 0 50 28 
9 57 1 56 0 55 0 54 28 
9 55 1 54 0 53 0 52 28 
8 56 0 55 0 54 0 53 28 
9 56 1 55 0 54 0 53 28 
9 55 0 54 0 53 0 52 28 
9 58 1 57 0 56 0 55 28 
9 56 1 55 0 54 0 53 28 
9 57 1 56 0 55 0 54 28 
8 55 0 54 0 53 0 52 28 
8 55 0 54 0 53 0 52 28 
9 57 1 56 0 55 0 54 28 
9 55 0 54 0 53 0 52 28 
10 55 1 54 0 53 0 52 28 
10 56 1 55 0 54 0 53 28 
10 58 1 57 0 56 0 55 28 
9 57 0 56 0 55 0 54 28 
9 56 1 55 0 54 0 53 28 
8 55 0 54 0 53 0 52 28 
9 56 1 55 0 54 0 53 28 
9 54 0 53 0 52 0 51 28 
9 57 1 56 0 55 0 54 28 
8 55 0 54 0 53 0 52 28 
9 57 1 56 0 55 0 54 28 
8 54 0 53 0 52 0 51 28 
8 57 0 56 0 55 0 54 28 
8 54 0 53 0 52 0 51 28 
8 54 0 53 0 52 0 51 28 
9 58 1 57 0 56 0 55 28 
9 56 1 55 0 54 0 53 28 
10 56 1 55 0 54 0 53 28 
10 59 1 58 0 57 0 56 28 
10 57 1 56 0 55 0 54 28 
9 55 0 54 0 53 0 52 28 
9 58 1 57 0 56 0 55 28 
9 56 0 55 0 54 0 53 28 
10 59 1 58 0 57 0 56 28 
8 53 0 52 0 51 0 50 28 
9 57 1 56 0 55 0 54 28 
9 55 1 54 0 53 0 52 28 
8 54 0 53 0 52 0 51 28 
9 58 1 57 0 56 0 55 28 
9 56 1 55 0 54 0 53 28 
8 56 0 55 0 54 0 53 28 
10 56 1 55 0 54 0 53 28 
8 57 0 56 0 55 0 54 28 
9 57 1 56 0 55 0 54 28 
9 56 1 55 0 54 0 53 28 
9 55 0 54 0 53 0 52 28 
10 58 1 57 0 56 0 55 28 
10 55 1 54 0 53 0 52 28 
SCORES_TXT_END_0
SCORES_TXT_BEGIN_0 104 100 9 BLEU
12 35 5 34 4 33 3 32 29 
12 36 5 35 4 34 3 33 29 
11 38 4 37 3 36 2 35 29 
12 36 5 35 4 34 3 33 29 
11 37 5 36 4 35 3 34 29 
11 39 4 38 3 37 2 36 29 
12 37 5 36 4 35 3 34 29 
11 38 5 37 4 36 3 35 29 
10 40 1 39 0 38 0 37 29 
11 36 5 35 4 34 3 33 29 
10 39 1 38 0 37 0 36 29 
13 36 3 35 1 34 0 33 29 
11 39 4 38 3 37 2 36 29 
11 38 5 37 4 36 3 35 29 
10 41 1 40 0 39 0 38 29 
9 39 1 38 0 37 0 36 29 
12 36 5 35 4 34 3 33 29 
12 39 2 38 0 37 0 36 29 
11 39 1 38 0 37 0 36 29 
10 41 1 40 0 39 0 38 29 
10 40 1 39 0 38 0 37 29 
9 38 1 37 0 36 0 35 29 
11 37 5 36 4 35 3 34 29 
10 40 1 39 0 38 0 37 29 
11 37 3 36 1 35 0 34 29 
13 37 3 36 1 35 0 34 29 
12 37 5 36 4 35 3 34 29 
10 42 2 41 0 40 0 39 29 
11 36 3 35 1 34 0 33 29 
9 40 1 39 0 38 0 37 29 
11 40 4 39 3 38 2 37 29 
10 41 2 40 0 39 0 38 29 
11 39 5 38 4 37 3 36 29 
10 42 1 41 0 40 0 39 29 
9 40 1 39 0 38 0 37 29 
9 39 1 38 0 37 0 36 29 
10 39 4 38 3 37 2 36 29 
10 40 2 39 0 38 0 37 29 
12 40 2 39 0 38 0 37 29 
11 40 1 39 0 38 0 37 29 
10 41 1 40 0 39 0 38 29 
11 38 3 37 1 36 0 35 29 
9 39 1 38 0 37 0 36 29 
10 38 5 37 4 36 3 35 29 
12 38 5 37 4 36 3 35 29 
12 38 3 37 1 36 0 35 29 
10 43 2 42 0 41 0 40 29 
10 39 2 38 0 37 0 36 29 
11 38 3 37 1 36 0 35 29 
12 38 5 37 4 36 3 35 29 
11 37 3 36 1 35 0 34 29 
10 43 2 42 0 41 0 40 29 
10 42 2 41 0 40 0 39 29 
11 38 5 37 4 36 3 35 29 
11 37 3 36 1 35 0 34 29 
9 41 1 40 0 39 0 38 29 
13 36 3 35 1 34 0 33 29 
11 39 4 38 3 37 2 36 29 
10 42 2 41 0 40 0 39 29 
10 41 2 40 0 39 0 38 29 
12 37 5 36 4 35 3 34 29 
11 38 5 37 4 36 3 35 29 
12 37 5 36 4 35 3 34 29 
9 40 1 39 0 38 0 37 29 
10 40 4 39 3 38 2 37 29 
10 41 2 40 0 39 0 38 29 
11 40 4 39 3 38 2 37 29 
10 40 2 39 0 38 0 37 29 
11 39 3 38 1 37 0 36 29 
10 39 5 38 4 37 3 36 29 
12 39 5 38 4 37 3 36 29 
10 39 3 38 1 37 0 36 29 
12 39 3 38 1 37 0 36 29 
11 39 5 38 4 37 3 36 29 
12 36 5 35 4 34 3 33 29 
10 44 2 43 0 42 0 41 29 
11 38 3 37 1 36 0 35 29 
10 38 1 37 0 36 0 35 29 
10 40 2 39 0 38 0 37 29 
12 39 2 38 0 37 0 36 29 
9 39 1 38 0 37 0 36 29 
11 37 4 36 3 35 2 34 29 
11 39 1 38 0 37 0 36 29 
11 38 3 37 1 36 0 35 29 
9 40 1 39 0 38 0 37 29 
10 38 3 37 1 36 0 35 29 
11 36 5 35 4 34 3 33 29 
11 39 2 38 0 37 0 36 29 
10 43 2 42 0 41 0 40 29 
11 37 3 36 1 35 0 34 29 
10 37 1 36 0 35 0 34 29 
11 39 5 38 4 37 3 36 29 
9 38 1 37 0 36 0 35 29 
9 41 1 40 0 39 0 38 29 
12 35 4 34 3 33 2 32 29 
13 37 3 36 1 35 0 34 29 
9 39 1 38 0 37 0 36 29 
11 38 4 37 3 36 2 35 29 
12 36 5 35 4 34 3 33 29 
13 35 5 34 4 33 3 32 29 
SCORES_TXT_END_0
SCORES_TXT_BEGIN_0 105 100 9 BLEU
2 17 0 16 0 15 0 14 11 
2 17 0 16 0 15 0 14 11 
2 17 0 16 0 15 0 14 11 
2 17 0 16 0 15 0 14 11 
2 15 0 14 0 13 0 12 11 
2 15 0 14 0 13 0 12 11 
2 17 0 16 0 15 0 14 11 
2 17 0 16 0 15 0 14 11 
2 17 0 16 0 15 0 14 11 
2 15 0 14 0 13 0 12 11 
2 15 0 14 0 13 0 12 11 
2 15 0 14 0 13 0 12 11 
2 15 0 14 0 13 0 12 11 
2 17 0 16 0 15 0 14 11 
2 16 0 15 0 14 0 13 11 
2 17 0 16 0 15 0 14 11 
2 15 0 14 0 13 0 12 11 
2 17 0 16 0 15 0 14 11 
2 15 0 14 0 13 0 12 11 
2 16 0 15 0 14 0 13 11 
2 15 0 14 0 13 0 12 11 
2 14 0 13 0 12 0 11 11 
2 18 0 17 0 16 0 15 11 
2 17 0 16 0 15 0 14 11 
2 15 0 14 0 13 0 12 11 
2 15 0 14 0 13 0 12 11 
2 17 0 16 0 15 0 14 11 
2 16 0 15 0 14 0 13 11 
2 17 0 16 0 15 0 14 11 
2 17 0 16 0 15 0 14 11 
2 17 0 16 0 15 0 14 11 
2 15 0 14 0 13 0 12 11 
2 17 0 16 0 15 0 14 11 
2 15 0 14 0 13 0 12 11 
2 15 0 14 0 13 0 12 11 
2 17 0 16 0 15 0 14 11 
2 15 0 14 0 13 0 12 11 
2 15 0 14 0 13 0 12 11 
2 17 0 16 0 15 0 14 11 
2 15 0 14 0 13 0 12 11 
2 15 0 14 0 13 0 12 11 
2 17 0 16 0 15 0 14 11 
2 17 0 16 0 15 0 14 11 
2 17 0 16 0 15 0 14 11 
2 15 0 14 0 13 0 12 11 
2 15 0 14 0 13 0 12 11 
2 15 0 14 0 13 0 12 11 
2 14 0 13 0 12 0 11 11 
2 17 0 16 0 15 0 14 11 
2 14 0 13 0 12 0 11 11 
2 15 0 14 0 13 0 12 11 
2 15 0 14 0 13 0 12 11 
2 15 0 14 0 13 0 12 11 
2 17 0 16 0 15 0 14 11 
2 15 0 14 0 13 0 12 11 
2 16 0 15 0 14 0 13 11 
2 15 0 14 0 13 0 12 11 
2 17 0 16 0 15 0 14 11 
2 15 0 14 0 13 0 12 11 
1 16 0 15 0 14 0 13 11 
2 15 0 14 0 13 0 12 11 
2 15 0 14 0 13 0 12 11 
2 15 0 14 0 13 0 12 11 
2 17 0 16 0 15 0 14 11 
2 15 0 14 0 13 0 12 11 
2 14 0 13 0 12 0 11 11 
2 14 0 13 0 12 0 11 11 
2 15 0 14 0 13 0 12 11 
2 15 0 14 0 13 0 12 11 
2 15 0 14 0 13 0 12 11 
2 17 0 16 0 15 0 14 11 
2 16 0 15 0 14 0 13 11 
2 15 0 14 0 13 0 12 11 
2 16 0 15 0 14 0 13 11 
2 16 0 15 0 14 0 13 11 
2 15 0 14 0 13 0 12 11 
2 15 0 14 0 13 0 12 11 
2 14 0 13 0 12 0 11 11 
2 15 0 14 0 13 0 12 11 
2 17 0 16 0 15 0 14 11 
2 14 0 13 0 12 0 11 11 
2 18 0 17 0 16 0 15 11 
2 15 0 14 0 13 0 12 11 
2 15 0 14 0 13 0 12 11 
2 17 0 16 0 15 0 14 11 
1 16 0 15 0 14 0 13 11 
2 17 0 16 0 15 0 14 11 
2 15 0 14 0 13 0 12 11 
2 14 0 13 0 12 0 11 11 
2 15 0 14 0 13 0 12 11 
2 15 0 14 0 13 0 12 11 
1 16 0 15 0 14 0 13 11 
2 14 0 13 0 12 0 11 11 
2 17 0 16 0 15 0 14 11 
1 15 0 14 0 13 0 12 11 
2 14 0 13 0 12 0 11 11 
2 15 0 14 0 13 0 12 11 
2 17 0 16 0 15 0 14 11 
2 17 0 16 0 15 0 14 11 
2 15 0 14 0 13 0 12 11 
SCORES_TXT_END_0
SCORES_TXT_BEGIN_0 106 100 9 BLEU
2 13 1 12 0 11 0 10 10 
2 12 1 11 0 10 0 9 10 
2 12 1 11 0 10 0 9 10 
2 11 1 10 0 9 0 8 10 
2 15 1 14 0 13 0 12 10 
2 11 1 10 0 9 0 8 10 
2 12 1 11 0 10 0 9 10 
2 14 1 13 0 12 0 11 10 
2 11 1 10 0 9 0 8 10 
2 14 1 13 0 12 0 11 10 
2 14 1 13 0 12 0 11 10 
2 12 1 11 0 10 0 9 10 
2 12 1 11 0 10 0 9 10 
2 12 1 11 0 10 0 9 10 
2 13 1 12 0 11 0 10 10 
2 11 0 10 0 9 0 8 10 
2 11 1 10 0 9 0 8 10 
2 11 1 10 0 9 0 8 10 
2 13 1 12 0 11 0 10 10 
2 13 1 12 0 11 0 10 10 
2 12 1 11 0 10 0 9 10 
2 14 1 13 0 12 0 11 10 
2 12 1 11 0 10 0 9 10 
2 12 1 11 0 10 0 9 10 
2 13 1 12 0 11 0 10 10 
2 10 1 9 0 8 0 7 10 
2 14 1 13 0 12 0 11 10 
2 11 1 10 0 9 0 8 10 
2 14 1 13 0 12 0 11 10 
2 13 0 12 0 11 0 10 10 
2 13 1 12 0 11 0 10 10 
2 13 1 12 0 11 0 10 10 
2 12 1 11 0 10 0 9 10 
2 14 0 13 0 12 0 11 10 
2 11 0 10 0 9 0 8 10 
2 12 0 11 0 10 0 9 10 
2 11 1 10 0 9 0 8 10 
2 13 1 12 0 11 0 10 10 
2 13 0 12 0 11 0 10 10 
2 12 0 11 0 10 0 9 10 
2 13 1 12 0 11 0 10 10 
2 13 1 12 0 11 0 10 10 
2 12 1 11 0 10 0 9 10 
2 11 0 10 0 9 0 8 10 
2 12 1 11 0 10 0 9 10 
2 13 1 12 0 11 0 10 10 
2 13 0 12 0 11 0 10 10 
2 13 1 12 0 11 0 10 10 
2 14 1 13 0 12 0 11 10 
2 13 1 12 0 11 0 10 10 
2 11 0 10 0 9 0 8 10 
2 12 1 11 0 10 0 9 10 
2 12 0 11 0 10 0 9 10 
2 13 1 12 0 11 0 10 10 
2 13 1 12 0 11 0 10 10 
2 11 0 10 0 9 0 8 10 
2 11 1 10 0 9 0 8 10 
2 12 0 11 0 10 0 9 10 
2 12 1 11 0 10 0 9 10 
2 13 0 12 0 11 0 10 10 
2 12 1 11 0 10 0 9 10 
2 10 0 9 0 8 0 7 10 
2 13 1 12 0 11 0 10 10 
2 11 0 10 0 9 0 8 10 
2 16 0 15 0 14 0 13 10 
2 16 1 15 0 14 0 13 10 
2 12 1 11 0 10 0 9 10 
2 15 1 14 0 13 0 12 10 
2 15 1 14 0 13 0 12 10 
2 12 1 11 0 10 0 9 10 
2 13 1 12 0 11 0 10 10 
2 14 0 13 0 12 0 11 10 
2 13 1 12 0 11 0 10 10 
2 14 1 13 0 12 0 11 10 
2 15 0 14 0 13 0 12 10 
2 13 1 12 0 11 0 10 10 
2 14 1 13 0 12 0 11 10 
2 12 1 11 0 10 0 9 10 
2 12 1 11 0 10 0 9 10 
2 13 0 12 0 11 0 10 10 
2 10 1 9 0 8 0 7 10 
2 14 0 13 0 12 0 11 10 
2 12 1 11 0 10 0 9 10 
2 13 1 12 0 11 0 10 10 
2 10 1 9 0 8 0 7 10 
2 10 0 9 0 8 0 7 10 
2 11 0 10 0 9 0 8 10 
2 12 1 11 0 10 0 9 10 
2 13 1 12 0 11 0 10 10 
2 12 0 11 0 10 0 9 10 
2 13 0 12 0 11 0 10 10 
2 11 1 10 0 9 0 8 10 
2 12 1 11 0 10 0 9 10 
2 13 1 12 0 11 0 10 10 
2 14 1 13 0 12 0 11 10 
2 11 0 10 0 9 0 8 10 
2 12 0 11 0 10 0 9 10 
2 14 1 13 0 12 0 11 10 
2 13 1 12 0 11 0 10 10 
2 10 0 9 0 8 0 7 10 
SCORES_TXT_END_0
