FEATURES_TXT_BEGIN_0 0 100 8 Distortion0_0 LM0_0 WordPenalty0_0 PhrasePenalty0_0 TranslationModel0_0 TranslationModel0_1 TranslationModel0_2 TranslationModel0_3 
-32 -141.797 -31 23 -49.9865 -72.9529 -26.1341 -56.4517 
-32 -140.55 -30 23 -48.9854 -72.2112 -25.4073 -57.5228 
-32 -142.558 -32 24 -50.675 -72.9529 -28.4202 -56.4571 
-32 -141.31 -31 24 -49.6739 -72.2112 -27.6934 -57.5282 
-26 -144.131 -31 24 -47.4535 -73.7592 -23.7217 -57.3911 
-30 -143.19 -32 24 -49.331 -72.9529 -26.4092 -57.8661 
-26 -144.891 -32 25 -48.1421 -73.7591 -26.0078 -57.3965 
-26 -144.911 -32 24 -47.6158 -73.7592 -25.4877 -57.3965 
-32 -142.171 -31 23 -49.8242 -72.8948 -24.3681 -57.1448 
-30 -143.951 -33 25 -50.0196 -72.9529 -28.6953 -57.8715 
-26 -145.671 -33 25 -48.3043 -73.7591 -27.7738 -57.4019 
-32 -142.931 -32 24 -50.5128 -72.8948 -26.6542 -57.1502 
-34 -141.242 -31 24 -49.7112 -72.2112 -27.2554 -57.5282 
-32 -140.645 -29 24 -53.3443 -69.8489 -24.7286 -55.127 
-34 -142.002 -32 25 -50.3998 -72.2112 -29.5414 -57.5336 
-30 -143.05 -30 24 -48.8718 -72.8554 -24.761 -55.3338 
-38 -143.41 -34 23 -46.5731 -71.0251 -25.2836 -61.2296 
-40 -140.936 -31 23 -48.9174 -73.3752 -25.8833 -56.4784 
-40 -139.688 -30 23 -47.9163 -72.6335 -25.1565 -57.5496 
-30 -144.272 -33 24 -49.4933 -72.9529 -28.1752 -57.8715 
-32 -143.253 -32 23 -49.9865 -72.8948 -26.1341 -57.1502 
-34 -143.269 -31 24 -46.3845 -74.1815 -23.4709 -57.4178 
-24 -143.439 -30 23 -49.8242 -72.9529 -24.3681 -56.4463 
-30 -145.033 -34 25 -50.1818 -72.9529 -30.4612 -57.8769 
-34 -141.336 -30 25 -54.0702 -69.8489 -26.5767 -55.1324 
-38 -142.329 -32 24 -48.262 -73.3752 -26.1584 -57.8929 
-32 -144.013 -33 24 -50.675 -72.8948 -28.4202 -57.1556 
-24 -144.2 -31 24 -50.5128 -72.9529 -26.6542 -56.4517 
-34 -144.049 -32 24 -46.5467 -74.1815 -25.2369 -57.4233 
-24 -144.219 -31 23 -49.9865 -72.9529 -26.1341 -56.4517 
-40 -141.309 -31 23 -48.7552 -73.3171 -24.1173 -57.1716 
-34 -144.652 -32 23 -46.9527 -71.6693 -22.5961 -57.6208 
-24 -144.98 -32 24 -50.675 -72.9529 -28.4202 -56.4571 
-42 -140.38 -31 24 -48.6422 -72.6335 -27.0046 -57.555 
-30 -144.439 -33 24 -49.3622 -72.9529 -28.8296 -57.8715 
-44 -139.979 -31 24 -51.0972 -72.9529 -27.0829 -56.4517 
-44 -138.731 -30 24 -50.0961 -72.2112 -26.3561 -57.5228 
-30 -145.199 -34 25 -50.0507 -72.9529 -31.1156 -57.8769 
-34 -144.876 -32 24 -46.0253 -70.6865 -24.2138 -57.8876 
-34 -143.628 -31 24 -45.0242 -69.9448 -23.487 -58.9587 
-24 -143.814 -30 23 -49.8242 -72.9529 -24.3681 -56.4463 
-40 -142.477 -32 22 -46.8188 -68.978 -23.257 -59.4976 
-40 -141.229 -31 22 -45.8177 -68.2363 -22.5302 -60.5687 
-28 -142.358 -29 23 -51.2425 -72.0491 -25.4073 -54.389 
-36 -140.685 -29 23 -51.2425 -72.0491 -25.4073 -54.389 
-44 -140.74 -32 25 -51.7858 -72.9529 -29.369 -56.4571 
-44 -139.492 -31 25 -50.7847 -72.2112 -28.6422 -57.5282 
-38 -142.312 -31 25 -48.5643 -73.7592 -24.6705 -57.3911 
-44 -139.8 -31 24 -52.1663 -72.5306 -27.3338 -56.4249 
-44 -138.552 -30 24 -51.1651 -71.7889 -26.607 -57.496 
-38 -144.636 -35 24 -47.2616 -71.0251 -27.5696 -61.235 
-34 -145.636 -33 25 -46.7139 -70.6865 -26.4998 -57.893 
-34 -144.389 -32 25 -45.7128 -69.9448 -25.773 -58.9641 
-28 -147.209 -32 25 -43.4924 -71.4928 -21.8014 -58.827 
-32 -143.357 -31 23 -49.739 -70.9058 -26.1486 -56.1395 
-36 -142.333 -31 23 -48.9174 -73.3752 -25.8833 -56.4784 
-32 -142.109 -30 23 -48.7379 -70.1641 -25.4218 -57.2107 
-36 -141.086 -30 23 -47.9163 -72.6335 -25.1565 -57.5496 
-24 -144.574 -31 24 -50.5128 -72.9529 -26.6542 -56.4517 
-34 -144.811 -32 23 -44.2858 -69.7843 -20.8446 -60.437 
-38 -143.411 -33 24 -48.4242 -73.3752 -27.9244 -57.8983 
-24 -144.594 -31 23 -49.9865 -72.9529 -26.1341 -56.4517 
-42 -141.372 -32 25 -50.4418 -72.9529 -27.358 -57.8661 
-38 -143.073 -32 26 -49.2528 -73.7591 -26.9566 -57.3965 
-44 -140.56 -32 25 -52.8548 -72.5306 -29.6198 -56.4303 
-44 -139.313 -31 25 -51.8537 -71.7889 -28.893 -57.5015 
-38 -142.133 -31 25 -49.6333 -73.3369 -24.9214 -57.3643 
-40 -142.391 -32 23 -48.9174 -73.3171 -25.8833 -57.177 
-42 -142.447 -33 24 -49.7178 -71.1105 -26.3584 -58.8949 
-38 -143.092 -32 25 -48.7265 -73.7592 -26.4365 -57.3965 
-32 -146.269 -33 25 -45.3699 -70.6865 -24.4888 -59.302 
-44 -140.352 -31 24 -50.935 -72.8948 -25.3169 -57.1448 
-32 -142.577 -30 23 -48.7552 -73.3752 -24.1173 -56.473 
-38 -143.87 -33 23 -46.1633 -68.978 -23.5321 -60.912 
-28 -147.97 -33 26 -44.1809 -71.4928 -24.0874 -58.8324 
-32 -144.117 -32 24 -50.4276 -70.9058 -28.4347 -56.1449 
-36 -143.094 -32 24 -49.606 -73.3752 -28.1693 -56.4838 
-32 -142.87 -31 24 -49.4264 -70.1641 -27.7079 -57.2161 
-26 -145.69 -31 24 -47.206 -71.7121 -23.7363 -57.0789 
-36 -141.846 -31 24 -48.6049 -72.6335 -27.4425 -57.555 
-30 -144.667 -31 24 -46.3845 -74.1815 -23.4709 -57.4178 
-28 -147.989 -33 25 -43.6546 -71.4928 -23.5674 -58.8324 
-34 -145.249 -32 24 -45.8631 -70.6284 -22.4478 -58.5807 
-24 -145.354 -32 24 -50.675 -72.9529 -28.4202 -56.4571 
-34 -145.591 -33 23 -44.4481 -69.7843 -22.6106 -60.4424 
-42 -142.132 -33 26 -51.1303 -72.9529 -29.6441 -57.8715 
-40 -141.765 -32 24 -49.7178 -74.5727 -24.749 -58.9097 
-40 -142.85 -32 22 -46.6565 -68.9199 -21.491 -60.1907 
-42 -141.192 -32 25 -51.5108 -72.5306 -27.6089 -57.8393 
-26 -144.898 -31 24 -47.4535 -73.701 -23.7217 -58.0842 
-38 -142.894 -32 26 -50.3218 -73.3368 -27.2074 -57.3697 
-34 -145.404 -32 24 -45.5101 -71.5361 -24.6924 -57.1829 
-34 -144.157 -31 24 -44.509 -70.7944 -23.9656 -58.2541 
-38 -143.853 -33 26 -49.4151 -73.7591 -28.7226 -57.4019 
-32 -147.029 -34 26 -46.0584 -70.6865 -26.7749 -59.3074 
-38 -142.913 -32 25 -49.7956 -73.3369 -26.6874 -57.3697 
-44 -141.113 -32 25 -51.6235 -72.8948 -27.603 -57.1502 
-30 -144.75 -32 24 -49.0835 -70.9058 -26.4237 -57.554 
-34 -143.726 -32 24 -48.262 -73.3752 -26.1584 -57.8929 
-44 -140.173 -31 24 -52.004 -72.4725 -25.5678 -57.118 
FEATURES_TXT_END_0
FEATURES_TXT_BEGIN_0 1 100 8 Distortion0_0 LM0_0 WordPenalty0_0 PhrasePenalty0_0 TranslationModel0_0 TranslationModel0_1 TranslationModel0_2 TranslationModel0_3 
-58 -174.803 -47 36 -92.6895 -114.829 -58.1014 -100.433 
-54 -177.317 -48 36 -86.9462 -112.269 -58.4338 -103.112 
-69 -174.314 -45 36 -97.3553 -113.309 -57.2838 -91.704 
-56 -177.967 -45 36 -94.7431 -113.309 -56.3174 -91.704 
-58 -176.612 -46 35 -91.2453 -112.241 -54.6859 -97.9757 
-65 -176.827 -46 36 -91.612 -110.75 -57.6163 -94.3827 
-52 -180.48 -46 36 -88.9998 -110.75 -56.6499 -94.3827 
-62 -176.916 -44 36 -92.8401 -113.628 -54.1656 -91.6217 
-69 -176.123 -44 35 -95.9111 -110.722 -53.8684 -89.2466 
-56 -179.776 -44 35 -93.2989 -110.722 -52.9019 -89.2466 
-67 -175.365 -45 35 -96.5113 -113.851 -55.2877 -92.1632 
-52 -182.776 -45 34 -80.2101 -107.71 -48.8621 -96.0988 
-62 -176.741 -44 36 -93.8109 -113.792 -54.6356 -91.6217 
-54 -176.339 -47 36 -93.4349 -115.874 -57.7032 -100.357 
-64 -175.597 -45 35 -96.8703 -114.329 -56.135 -92.4778 
-58 -179.43 -45 36 -87.0968 -111.068 -54.4981 -94.3004 
-69 -174.6 -45 36 -98.3261 -113.473 -57.7538 -91.704 
-64 -175.969 -45 36 -97.1915 -113.309 -57.7037 -91.704 
-62 -178.725 -43 35 -91.3959 -111.04 -50.7502 -89.1642 
-66 -173.105 -47 36 -95.1379 -114.829 -59.4877 -100.433 
-63 -177.879 -46 35 -90.768 -111.292 -55.6202 -94.8419 
-58 -175.481 -47 36 -93.6602 -114.992 -58.5714 -100.433 
-67 -177.174 -44 34 -95.0671 -111.264 -51.8722 -89.7057 
-68 -175.325 -45 36 -97.3553 -113.309 -57.2838 -91.704 
-63 -182.286 -43 34 -84.876 -106.191 -48.0446 -87.3696 
-50 -185.939 -43 34 -82.2637 -106.191 -47.0781 -87.3696 
-54 -176.951 -47 35 -91.7317 -115.371 -56.0908 -100.892 
-70 -172.461 -47 36 -95.3017 -114.829 -59.0678 -100.433 
-58 -179.254 -45 36 -88.0676 -111.232 -54.9681 -94.3004 
-50 -178.852 -48 36 -87.6915 -113.314 -58.0357 -103.035 
-52 -179.502 -45 36 -95.4885 -114.355 -55.9192 -91.6275 
-60 -178.111 -46 35 -91.127 -111.77 -56.4675 -95.1564 
-62 -175.128 -47 36 -92.6895 -114.829 -58.1014 -100.433 
-66 -175.98 -45 35 -96.2337 -113.851 -55.6931 -92.1632 
-62 -178.55 -43 35 -92.3667 -111.204 -51.2202 -89.1642 
-68 -173.116 -47 35 -94.1801 -115.371 -57.4771 -100.892 
-52 -182.904 -45 34 -79.0107 -105.705 -51.26 -96.3219 
-54 -178.148 -46 35 -91.9907 -113.286 -54.2877 -97.8992 
-58 -175.279 -46 35 -96.7227 -116.923 -56.1149 -97.7639 
-67 -175.288 -45 36 -98.3261 -113.473 -57.7538 -91.704 
-65 -177.114 -46 36 -92.5828 -110.913 -58.0863 -94.3827 
-64 -177.406 -44 34 -95.4261 -111.742 -52.7195 -90.0203 
-60 -178.482 -46 36 -91.4482 -110.75 -58.0362 -94.3827 
-62 -175.618 -48 36 -89.3946 -112.269 -59.8201 -103.112 
-67 -175.965 -45 36 -98.7685 -113.049 -56.4489 -91.1537 
-69 -176.409 -44 35 -96.8819 -110.885 -54.3384 -89.2466 
-64 -177.778 -44 35 -95.7473 -110.722 -54.2882 -89.2466 
-66 -174.914 -46 35 -93.6937 -112.241 -56.0722 -97.9757 
-50 -175.254 -48 35 -93.2629 -116.545 -60.4129 -105.069 
-54 -177.994 -48 36 -87.9169 -112.432 -58.9038 -103.112 
-69 -174.992 -45 36 -98.3261 -113.473 -57.7538 -91.704 
-70 -174.976 -44 36 -95.2886 -113.628 -55.5519 -91.6217 
-64 -177.838 -46 36 -91.612 -110.75 -57.6163 -94.3827 
-56 -178.644 -45 36 -95.7139 -113.473 -56.7874 -91.704 
-50 -179.464 -48 35 -85.9883 -112.811 -56.4233 -103.571 
-66 -174.975 -48 36 -89.5584 -112.269 -59.4003 -103.112 
-54 -177.168 -48 35 -91.0794 -113.928 -58.3476 -102.69 
-52 -180.114 -45 35 -93.7853 -113.851 -54.3069 -92.1632 
-67 -175.83 -45 36 -97.3553 -113.309 -57.2838 -91.704 
-54 -179.483 -45 36 -94.7431 -113.309 -56.3174 -91.704 
-58 -177.288 -47 36 -91.4109 -112.789 -57.0847 -99.9889 
-48 -182.015 -46 36 -89.7451 -111.795 -56.2517 -94.3062 
-54 -174.337 -47 36 -94.873 -117.446 -60.1668 -102.813 
-60 -176.032 -45 35 -96.8276 -113.446 -56.5709 -94.1824 
-50 -177.889 -48 35 -91.8248 -114.973 -57.9494 -102.613 
-56 -184.889 -42 34 -80.3608 -106.509 -44.9264 -87.2873 
-66 -172.345 -44 36 -99.9665 -118.573 -57.6737 -93.8487 
-58 -177.29 -46 35 -92.216 -112.404 -55.1559 -97.9757 
-68 -177.134 -44 35 -95.9111 -110.722 -53.8684 -89.2466 
-62 -173.168 -47 35 -94.774 -114.966 -58.3548 -102.912 
-58 -177.641 -48 36 -86.9462 -112.269 -58.4338 -103.112 
-50 -175.153 -48 35 -92.9753 -116.538 -60.8184 -105.373 
-48 -178.361 -48 37 -86.683 -106.146 -63.9104 -104.761 
-54 -178.76 -46 34 -90.2875 -112.783 -52.6754 -98.4349 
-60 -178.291 -45 36 -94.7431 -113.309 -56.3174 -91.704 
-62 -178.493 -46 35 -90.4904 -111.292 -56.0256 -94.8419 
-70 -174.27 -46 35 -93.8575 -112.241 -55.6523 -97.9757 
-67 -176.507 -45 36 -97.7977 -112.885 -55.9789 -91.1537 
-54 -180.16 -45 36 -95.1854 -112.885 -55.0125 -91.1537 
-58 -178.452 -44 36 -93.5855 -114.673 -53.7674 -91.5452 
-64 -175.629 -48 35 -88.4368 -112.811 -57.8096 -103.571 
-74 -174.332 -44 36 -95.4524 -113.628 -55.1321 -91.6217 
-63 -182.415 -43 34 -83.6765 -104.186 -50.4425 -87.5928 
-50 -186.067 -43 34 -81.0643 -104.186 -49.476 -87.5928 
-52 -181.311 -44 35 -94.0443 -111.767 -52.5037 -89.1701 
-54 -177.793 -47 35 -90.9794 -114.363 -56.4474 -100.443 
-63 -177.802 -46 36 -92.5828 -110.913 -58.0863 -94.3827 
-58 -177.139 -47 36 -91.901 -113.673 -57.7829 -99.686 
-62 -176.937 -46 35 -91.2453 -112.241 -54.6859 -97.9757 
-50 -177.788 -48 35 -91.5371 -114.966 -58.3548 -102.917 
-62 -180.173 -44 35 -89.059 -113.906 -50.2089 -90.5066 
-64 -177.899 -45 36 -93.3101 -113.792 -56.2451 -91.6271 
-66 -177.789 -44 34 -94.7895 -111.264 -52.2777 -89.7057 
-61 -183.338 -43 33 -84.032 -106.733 -46.0484 -87.8288 
-68 -174.925 -46 34 -92.7359 -112.783 -54.0617 -98.4349 
-64 -175.889 -45 36 -98.5735 -114.833 -57.7473 -91.9421 
-75 -173.814 -44 36 -96.4231 -113.792 -55.6021 -91.6217 
-72 -174.987 -44 35 -94.3308 -114.17 -53.5414 -92.0809 
-58 -177.088 -45 34 -95.2785 -114.335 -52.6994 -95.3064 
-60 -174.811 -44 36 -98.9939 -115.477 -57.0542 -93.3107 
FEATURES_TXT_END_0
FEATURES_TXT_BEGIN_0 2 100 8 Distortion0_0 LM0_0 WordPenalty0_0 PhrasePenalty0_0 TranslationModel0_0 TranslationModel0_1 TranslationModel0_2 TranslationModel0_3 
-54 -115.377 -33 27 -72.9358 -93.2807 -42.345 -60.1721 
-54 -115.65 -33 26 -69.7801 -93.0398 -41.9369 -61.0605 
-54 -114.82 -32 26 -72.6422 -92.9967 -41.8079 -59.6161 
-54 -118.148 -34 27 -67.1337 -91.6436 -41.6089 -61.8188 
-54 -113.984 -33 27 -79.1787 -94.3862 -46.1062 -58.9165 
-54 -118.263 -34 28 -70.2894 -91.8845 -42.0171 -60.9304 
-50 -115.898 -32 27 -73.0325 -93.5054 -42.605 -59.969 
-50 -116.172 -32 26 -69.8768 -93.2645 -42.1968 -60.8574 
-54 -117.46 -33 27 -69.9958 -91.6005 -41.48 -60.3744 
-60 -113.552 -32 26 -74.6012 -92.8292 -43.0958 -59.3408 
-54 -115.344 -33 26 -72.8551 -93.8373 -43.7928 -60.9559 
-46 -115.806 -33 27 -73.0398 -93.2259 -43.8992 -63.8159 
-54 -115.617 -33 25 -69.6993 -93.5964 -43.3846 -61.8443 
-46 -115.436 -33 27 -73.2872 -95.273 -43.8847 -64.128 
-46 -116.08 -33 26 -69.884 -92.985 -43.491 -64.7043 
-50 -115.342 -31 26 -72.7389 -93.2214 -42.0679 -59.413 
-50 -117.19 -33 26 -69.8727 -92.3237 -41.4285 -62.3239 
-46 -115.709 -33 26 -70.1315 -95.0321 -43.4765 -65.0164 
-50 -117.463 -33 25 -66.717 -92.0828 -41.0203 -63.2123 
-54 -114.787 -32 25 -72.5615 -93.5533 -43.2557 -60.3999 
-50 -118.669 -33 27 -67.2304 -91.8683 -41.8689 -61.6157 
-60 -116.049 -33 27 -71.9548 -91.433 -42.7678 -60.0992 
-46 -115.25 -32 26 -72.7462 -92.9419 -43.362 -63.2598 
-54 -116.871 -34 28 -76.5323 -92.99 -45.7783 -59.6748 
-50 -114.506 -32 27 -79.2754 -94.6109 -46.3662 -58.7133 
-50 -118.075 -34 27 -74.0651 -93.4234 -42.0152 -61.6073 
-46 -114.88 -32 26 -72.9936 -94.989 -43.3475 -63.572 
-50 -116.633 -32 25 -69.5791 -92.0397 -40.8913 -61.7678 
-46 -113.402 -33 27 -77.2723 -98.3776 -44.5778 -65.7862 
-54 -118.115 -34 26 -67.0529 -92.2001 -43.0567 -62.6027 
-50 -118.348 -34 26 -70.9094 -93.1825 -41.6071 -62.4958 
-46 -112.872 -34 27 -77.1182 -99.7334 -45.6764 -68.3753 
-46 -113.675 -33 26 -74.1166 -98.1367 -44.1696 -66.6747 
-46 -118.577 -34 27 -67.2376 -91.5887 -43.1631 -65.4626 
-54 -113.951 -33 26 -79.0979 -94.9428 -47.554 -59.7003 
-50 -118.785 -33 28 -70.3861 -92.1092 -42.2771 -60.7273 
-46 -114.414 -33 27 -79.2826 -94.3314 -47.6604 -62.5602 
-46 -113.145 -34 26 -73.9625 -99.4924 -45.2682 -69.2638 
-46 -118.207 -34 27 -67.4851 -93.6358 -43.1486 -65.7748 
-50 -119.961 -34 26 -64.0706 -90.6866 -40.6924 -63.9706 
-44 -113.251 -32 27 -81.2387 -96.6346 -44.8437 -63.3935 
-46 -116.076 -33 27 -73.2872 -95.273 -43.8847 -64.128 
-50 -117.982 -32 27 -70.0925 -91.8252 -41.74 -60.1713 
-54 -116.635 -32 26 -70.841 -93.0398 -39.7396 -61.0551 
-46 -114.044 -33 27 -79.5301 -96.3785 -47.6459 -62.8724 
-56 -114.073 -31 26 -74.6979 -93.0539 -43.3557 -59.1377 
-50 -115.798 -33 26 -76.1156 -93.4292 -45.1897 -61.0682 
-44 -112.881 -32 27 -81.4862 -98.6817 -44.8292 -63.7057 
-44 -113.524 -32 26 -78.083 -96.3937 -44.4355 -64.2819 
-46 -119.107 -33 26 -73.9226 -93.1926 -41.3505 -59.6329 
-50 -117.518 -33 26 -73.7715 -93.1394 -41.4781 -61.0513 
-46 -116.35 -33 26 -70.1315 -95.0321 -43.4765 -65.0164 
-54 -118.23 -34 27 -70.2087 -92.441 -43.4649 -61.7142 
-50 -115.865 -32 26 -72.9518 -94.062 -44.0528 -60.7528 
-46 -112.845 -32 26 -76.9787 -98.0936 -44.0407 -65.2302 
-54 -118.542 -34 27 -70.0737 -93.3238 -42.474 -61.6165 
-46 -118.693 -34 28 -70.3934 -91.8296 -43.5712 -64.5742 
-44 -113.154 -32 26 -78.3305 -98.4408 -44.421 -64.5941 
-46 -119.381 -33 25 -70.7669 -92.9517 -40.9423 -60.5213 
-50 -116.139 -32 25 -69.7961 -93.8211 -43.6446 -61.6412 
-54 -117.427 -33 26 -69.9151 -92.157 -42.9278 -61.1582 
-44 -116.743 -33 27 -74.9871 -94.0937 -43.6247 -63.6814 
-46 -112.315 -33 26 -76.8246 -99.4493 -45.1393 -67.8193 
-60 -113.519 -32 25 -74.5204 -93.3857 -44.5435 -60.1246 
-46 -118.323 -34 28 -70.6408 -93.8767 -43.5567 -64.8864 
-50 -120.077 -34 27 -67.2263 -90.9275 -41.1005 -63.0822 
-46 -113.937 -33 27 -77.1182 -98.5752 -44.067 -66.0107 
-60 -116.755 -34 27 -70.0185 -90.7307 -43.8403 -62.7027 
-54 -116.03 -32 26 -73.5649 -93.2662 -42.2308 -60.0415 
-46 -117.89 -33 27 -70.0998 -91.5456 -43.0341 -64.0182 
-52 -113.981 -32 26 -74.7051 -92.7743 -44.6499 -62.9846 
-44 -116.797 -33 27 -75.1412 -93.8961 -44.1355 -63.4569 
-44 -117.016 -33 26 -71.8314 -93.8528 -43.2165 -64.5698 
-50 -120.846 -35 27 -68.263 -91.7862 -41.2792 -63.2541 
-48 -110.811 -33 28 -83.1005 -93.6202 -50.2062 -66.7337 
-54 -116.769 -32 27 -73.9967 -93.2807 -40.1478 -60.1667 
-46 -118.27 -33 26 -74.889 -93.7491 -42.6942 -60.4167 
-44 -112.695 -31 26 -80.9451 -96.3506 -44.3066 -62.8375 
-46 -114.21 -33 26 -73.9625 -98.3343 -43.6588 -66.8991 
-46 -115.52 -32 26 -72.9936 -94.989 -43.3475 -63.572 
-46 -116.173 -34 27 -71.4702 -96.7404 -43.8417 -67.433 
-46 -117.519 -33 27 -70.3472 -93.5927 -43.0196 -64.3303 
-46 -115.773 -33 26 -72.959 -93.7824 -45.3469 -64.5997 
-50 -119.273 -33 26 -66.9327 -90.6435 -40.5634 -62.5262 
-50 -116.682 -34 27 -80.308 -94.5289 -45.7764 -60.3517 
-52 -113.611 -32 26 -74.9526 -94.8214 -44.6354 -63.2968 
-56 -115.365 -32 25 -71.538 -91.8722 -42.1792 -61.4926 
-44 -117.07 -33 26 -71.9855 -93.6552 -43.7273 -64.3453 
-48 -110.44 -33 28 -83.3479 -95.6672 -50.1917 -67.0458 
-48 -111.084 -33 27 -79.9448 -93.3792 -49.7981 -67.6221 
-44 -116.296 -33 27 -79.3697 -97.0998 -43.2198 -62.4263 
-46 -112.01 -33 27 -83.5152 -99.4831 -48.339 -64.5306 
-46 -118.543 -33 25 -71.7333 -93.5082 -42.286 -61.3051 
-44 -112.324 -31 26 -81.1926 -98.3976 -44.2921 -63.1497 
-46 -118.551 -32 25 -73.629 -92.9086 -40.8133 -59.0769 
-46 -115.643 -35 27 -71.3161 -98.0962 -44.9403 -70.0221 
-54 -115.966 -31 26 -73.7031 -92.9967 -39.6107 -59.6107 
-46 -115.403 -33 26 -73.2065 -95.8295 -45.3324 -64.9118 
-46 -116.047 -33 25 -69.8033 -93.5415 -44.9388 -65.4881 
-50 -115.309 -31 25 -72.6582 -93.778 -43.5156 -60.1968 
FEATURES_TXT_END_0
FEATURES_TXT_BEGIN_0 3 100 8 Distortion0_0 LM0_0 WordPenalty0_0 PhrasePenalty0_0 TranslationModel0_0 TranslationModel0_1 TranslationModel0_2 TranslationModel0_3 
-24 -100.9 -26 20 -53.95 -74.3458 -20.8224 -70.0064 
-24 -100.725 -26 20 -54.1974 -76.3929 -20.8079 -70.3186 
-20 -105.451 -25 19 -48.9419 -70.3429 -19.0145 -65.3811 
-20 -102.053 -25 19 -54.9451 -77.3942 -20.15 -66.7942 
-20 -105.769 -25 19 -47.8728 -70.7652 -18.7637 -65.4079 
-24 -102.217 -27 20 -54.5167 -74.3458 -23.2203 -70.0118 
-24 -101.197 -26 20 -55.2665 -75.9706 -21.0587 -70.2918 
-24 -102.307 -27 20 -57.8196 -76.7767 -22.773 -68.2936 
-24 -102.041 -27 20 -54.7641 -76.3929 -23.2058 -70.324 
-18 -101.952 -26 20 -56.6495 -77.9623 -22.773 -69.6232 
-20 -103.351 -25 19 -54.6977 -75.3471 -20.1645 -66.482 
-20 -107.043 -25 19 -47.6254 -68.7181 -18.7782 -65.0957 
-24 -102.132 -27 20 -58.0671 -78.8238 -22.7585 -68.6058 
-20 -106.767 -26 19 -49.5086 -70.3429 -21.4124 -65.3866 
-20 -103.369 -26 19 -55.5118 -77.3942 -22.5479 -66.7996 
-20 -107.085 -26 19 -48.4395 -70.7652 -21.1616 -65.4133 
-18 -101.777 -26 20 -56.897 -80.0094 -22.7585 -69.9354 
-20 -106.862 -26 19 -52.8115 -72.7738 -20.9651 -63.6684 
-20 -103.464 -26 19 -58.8147 -79.8252 -22.1006 -65.0814 
-20 -103.23 -26 20 -57.2529 -76.7767 -20.3751 -68.2882 
-20 -107.18 -26 19 -51.7424 -73.1962 -20.7143 -63.6951 
-14 -106.506 -25 19 -51.6414 -73.9594 -20.9651 -64.998 
-14 -103.108 -25 19 -57.6447 -81.0107 -22.1006 -66.411 
-14 -106.824 -25 19 -50.5724 -74.3817 -20.7143 -65.0247 
-20 -103.055 -26 20 -57.5004 -78.8238 -20.3606 -68.6004 
-24 -102.798 -26 20 -57.2529 -76.7767 -20.3751 -68.2882 
-24 -102.513 -27 20 -55.8332 -75.9706 -23.4566 -70.2972 
-22 -103.23 -26 20 -57.2529 -76.7767 -20.3751 -68.2882 
-24 -102.851 -26 20 -57.2529 -76.7767 -20.3751 -68.2882 
-16 -107.78 -25 19 -52.2448 -72.7738 -18.5672 -63.663 
-16 -104.382 -25 19 -58.2481 -79.8252 -19.7027 -65.076 
-16 -108.098 -25 19 -51.1758 -73.1962 -18.3164 -63.6897 
-20 -104.904 -26 20 -54.8134 -74.1098 -19.9642 -68.104 
-24 -102.518 -27 20 -52.5847 -74.8202 -22.2087 -72.942 
-24 -102.604 -27 20 -59.1361 -78.4015 -23.0093 -68.579 
-20 -106.636 -26 19 -49.2094 -73.2725 -18.5672 -67.9764 
-20 -103.238 -26 19 -55.2127 -80.3238 -19.7027 -69.3894 
-18 -102.924 -26 20 -53.3466 -75.5314 -23.2203 -71.3414 
-20 -106.954 -26 19 -48.1404 -73.6948 -18.3164 -68.0031 
-20 -104.667 -26 19 -55.2643 -75.3471 -22.5624 -66.4875 
-24 -102.623 -26 20 -57.5004 -78.8238 -20.3606 -68.6004 
-20 -108.359 -26 19 -48.192 -68.7181 -21.1761 -65.1012 
-22 -103.055 -26 20 -57.5004 -78.8238 -20.3606 -68.6004 
-18 -102.249 -26 20 -57.966 -79.5871 -23.0093 -69.9086 
-20 -107.196 -25 19 -52.2448 -72.7739 -18.5672 -63.663 
-24 -103.538 -27 20 -57.3835 -76.822 -22.0798 -68.7957 
-20 -103.798 -25 19 -58.2481 -79.8252 -19.7027 -65.076 
-20 -106.834 -26 19 -45.9065 -70.8415 -19.0145 -69.6946 
-20 -103.436 -26 19 -51.9097 -77.8928 -20.15 -71.1076 
-24 -102.676 -26 20 -57.5004 -78.8238 -20.3606 -68.6004 
-26 -102.737 -26 20 -57.2529 -76.7767 -20.3751 -68.2882 
-20 -107.514 -25 19 -51.1758 -73.1962 -18.3164 -63.6897 
-20 -107.152 -26 19 -44.8374 -71.2638 -18.7637 -69.7213 
-20 -105.58 -27 20 -54.944 -74.155 -21.6689 -68.6115 
-14 -103.923 -26 20 -56.6495 -77.9623 -22.773 -69.6232 
-20 -103.796 -26 20 -56.9464 -76.822 -20.5757 -68.7903 
-20 -104.729 -26 20 -55.0609 -76.1569 -19.9497 -68.4162 
-20 -104.762 -26 19 -58.5673 -77.7781 -22.1151 -64.7693 
-24 -102.343 -27 20 -52.8322 -76.8673 -22.1942 -73.2541 
-24 -104.368 -26 20 -54.8134 -74.1098 -19.9642 -68.104 
-22 -101.107 -26 20 -58.9581 -75.8558 -26.8052 -69.0832 
-24 -103.294 -26 20 -53.95 -74.3458 -20.8224 -70.0064 
-20 -108.454 -26 19 -51.495 -71.1491 -20.7288 -63.383 
-20 -107.352 -25 19 -52.2448 -72.7738 -18.5672 -63.663 
-20 -103.954 -25 19 -58.2481 -79.8252 -19.7027 -65.076 
-18 -102.749 -26 20 -53.5941 -77.5785 -23.2058 -71.6536 
-18 -107.78 -25 19 -52.2448 -72.7738 -18.5672 -63.663 
-22 -106.522 -26 19 -49.2094 -73.2725 -18.5672 -67.9764 
-18 -104.382 -25 19 -58.2481 -79.8252 -19.7027 -65.076 
-22 -102.324 -26 20 -56.6495 -77.9623 -22.773 -69.6232 
-22 -103.124 -26 19 -55.2126 -80.3238 -19.7027 -69.3894 
-18 -104.612 -26 20 -53.95 -74.3458 -20.8224 -70.0064 
-20 -107.67 -25 19 -51.1758 -73.1962 -18.3164 -63.6897 
-18 -108.098 -25 19 -51.1758 -73.1962 -18.3164 -63.6897 
-22 -106.84 -26 19 -48.1404 -73.6948 -18.3164 -68.0031 
-20 -105.047 -26 20 -54.5069 -74.155 -20.1648 -68.6061 
-20 -108.152 -26 19 -46.7699 -70.6055 -18.1563 -67.7922 
-20 -104.754 -26 19 -52.7731 -77.6568 -19.2918 -69.2052 
-20 -107.078 -26 19 -45.9065 -70.8415 -19.0145 -69.6946 
-20 -103.68 -26 19 -51.9097 -77.8928 -20.15 -71.1076 
-14 -104.407 -25 19 -57.3972 -78.9637 -22.1151 -66.0988 
-20 -102.877 -26 20 -58.244 -77.799 -21.6744 -69.4409 
-14 -108.099 -25 19 -50.3249 -72.3346 -20.7288 -64.7126 
-20 -108.471 -26 19 -45.7008 -71.0278 -17.9055 -67.8189 
-24 -103.363 -27 20 -57.631 -78.8691 -22.0653 -69.1079 
-16 -109.454 -25 19 -49.8053 -70.1069 -18.1563 -63.4787 
-16 -106.057 -25 19 -55.8085 -77.1582 -19.2918 -64.8918 
-22 -103.761 -25 20 -58.2251 -77.3131 -22.0798 -64.732 
-20 -107.397 -26 19 -44.8374 -71.2638 -18.7637 -69.7213 
-20 -107.068 -26 19 -47.5766 -70.8173 -20.4008 -68.3167 
-20 -103.67 -26 19 -53.5799 -77.8686 -21.5363 -69.7298 
-20 -104.677 -27 20 -57.3835 -76.822 -22.0798 -68.7957 
-22 -107.081 -25 19 -52.2448 -72.7739 -18.5672 -63.663 
-22 -103.683 -25 19 -58.248 -79.8252 -19.7027 -65.076 
-20 -103.526 -26 20 -58.5694 -78.4015 -20.6114 -68.5736 
-26 -102.562 -26 20 -57.5004 -78.8238 -20.3606 -68.6004 
-16 -109.773 -25 19 -48.7362 -70.5292 -17.9055 -63.5055 
-14 -108.548 -25 19 -49.2019 -71.2925 -20.5542 -64.8137 
-14 -105.15 -25 19 -55.2052 -78.3438 -21.6897 -66.2268 
-20 -107.386 -26 19 -46.5076 -71.2396 -20.15 -68.3435 
FEATURES_TXT_END_0
FEATURES_TXT_BEGIN_0 4 97 8 Distortion0_0 LM0_0 WordPenalty0_0 PhrasePenalty0_0 TranslationModel0_0 TranslationModel0_1 TranslationModel0_2 TranslationModel0_3 
-56 -159.164 -48 36 -87.3162 -111.671 -46.7783 -90.0846 
-56 -159.73 -49 36 -87.0871 -111.671 -50.2748 -90.09 
-58 -158.551 -42 33 -79.4208 -111.082 -40.0379 -83.338 
-56 -158.782 -48 37 -88.5012 -113.718 -48.1922 -90.3968 
-60 -156.507 -41 32 -80.0807 -116.064 -38.6979 -83.2796 
-54 -160.428 -45 36 -80.623 -109.055 -45.7073 -87.0201 
-58 -159.118 -43 33 -79.1916 -111.082 -43.5344 -83.3434 
-54 -156.516 -48 37 -95.98 -117.804 -46.436 -92.2484 
-56 -159.836 -48 36 -87.1198 -109.908 -47.6256 -90.0366 
-58 -155.94 -40 31 -81.0368 -115.258 -38.8103 -82.3348 
-56 -159.847 -49 36 -87.0629 -109.982 -51.7099 -90.2894 
-56 -159.348 -49 37 -88.272 -113.718 -51.6887 -90.4022 
-52 -159.525 -47 36 -90.1257 -113.094 -46.4906 -88.6424 
-56 -159.552 -47 37 -86.8292 -113.02 -45.6552 -89.5746 
-54 -159.461 -49 36 -85.5 -110.217 -52.0505 -92.4092 
-54 -160.995 -46 36 -80.3938 -109.055 -49.2038 -87.0255 
-54 -161.199 -44 36 -78.951 -108.357 -43.1704 -86.1979 
-46 -162.161 -43 33 -79.5922 -111.955 -40.2799 -84.2161 
-46 -160.64 -43 33 -79.5922 -115.269 -40.2799 -86.3313 
-46 -162.301 -43 33 -79.553 -111.617 -40.3198 -84.0506 
-54 -157.083 -49 37 -95.7508 -117.804 -49.9325 -92.2538 
-46 -160.779 -43 33 -79.553 -114.931 -40.3198 -86.1658 
-56 -160.403 -49 36 -86.8906 -109.908 -51.1221 -90.042 
-56 -155.904 -42 34 -88.0846 -117.215 -39.6955 -85.5017 
-58 -159.224 -42 33 -79.2244 -109.319 -40.8852 -83.2899 
-56 -160.217 -49 36 -86.6381 -112.708 -45.3853 -92.9985 
-58 -159.235 -43 33 -79.1675 -109.393 -44.9695 -83.5428 
-52 -160.091 -48 36 -89.8965 -113.094 -49.9871 -88.6478 
-56 -160.119 -48 37 -86.6 -113.02 -49.1517 -89.58 
-54 -158.912 -41 33 -82.2303 -112.505 -39.7502 -81.8957 
-50 -156.571 -47 37 -98.7895 -119.228 -46.1483 -90.8062 
-54 -160.028 -50 36 -85.2708 -110.217 -55.547 -92.4146 
-54 -156.134 -48 38 -97.1649 -119.852 -47.8498 -92.5606 
-56 -159.454 -48 37 -88.3047 -111.955 -49.0395 -90.3488 
-56 -158.849 -43 33 -77.6046 -109.628 -45.31 -85.6625 
-58 -153.859 -41 33 -88.7445 -122.198 -38.3556 -85.4434 
-60 -157.179 -41 32 -79.8843 -114.302 -39.5452 -83.2316 
-54 -161.765 -45 36 -78.7218 -108.357 -46.6669 -86.2033 
-56 -159.465 -49 37 -88.2478 -112.029 -53.1238 -90.6016 
-52 -157.781 -45 37 -89.2867 -115.188 -45.365 -89.1838 
-46 -162.728 -44 33 -79.3631 -111.955 -43.7765 -84.2215 
-46 -161.206 -44 33 -79.3631 -115.269 -43.7765 -86.3367 
-56 -159.681 -47 36 -87.184 -111.136 -46.4965 -89.372 
-54 -161.1 -45 36 -80.4265 -107.292 -46.5546 -86.972 
-46 -162.868 -44 33 -79.3238 -111.617 -43.8163 -84.056 
-62 -160.001 -49 38 -87.2415 -112.477 -47.6826 -91.0295 
-46 -161.346 -44 33 -79.3238 -114.931 -43.8163 -86.1712 
-52 -159.143 -47 37 -91.3107 -115.141 -47.9045 -88.9545 
-58 -161.31 -49 36 -88.428 -111.436 -49.3585 -87.9703 
-54 -160.047 -48 36 -87.9087 -109.982 -49.1297 -90.284 
-56 -156.471 -43 34 -87.8554 -117.215 -43.1921 -85.5071 
-54 -159.079 -49 37 -86.6849 -112.264 -53.4643 -92.7213 
-58 -159.79 -43 33 -78.9952 -109.319 -44.3817 -83.2954 
-56 -156.868 -40 32 -82.8902 -117.487 -38.4102 -81.8373 
-54 -161.111 -46 36 -80.3696 -107.366 -50.6389 -87.2249 
-54 -157.189 -48 37 -95.7836 -116.042 -47.2833 -92.2004 
-60 -160.689 -43 32 -78.5403 -110.919 -38.6979 -83.2338 
-56 -160.784 -50 36 -86.4089 -112.708 -48.8818 -93.0039 
-58 -156.804 -42 32 -78.2645 -114.61 -43.97 -85.6041 
-50 -160.789 -44 36 -83.4325 -110.478 -45.4196 -85.5778 
-56 -153.293 -40 32 -89.7006 -121.392 -38.4679 -84.4985 
-56 -160.096 -48 36 -89.1375 -109.143 -49.1297 -89.2085 
-58 -159.605 -43 33 -78.7427 -112.119 -38.6449 -86.2519 
-56 -162.991 -44 35 -78.1383 -108.375 -41.7257 -83.5211 
-58 -156.613 -40 31 -80.8404 -113.496 -39.6576 -82.2868 
-56 -160.512 -49 36 -84.1532 -113.266 -45.3853 -94.0888 
-52 -160.725 -46 36 -78.8067 -107.6 -50.9795 -89.3446 
-54 -157.2 -49 37 -95.7267 -116.116 -51.3676 -92.4532 
-54 -159.479 -42 33 -82.0011 -112.505 -43.2467 -81.9011 
-50 -157.137 -48 37 -98.5603 -119.228 -49.6448 -90.8116 
-54 -156.701 -49 38 -96.9358 -119.852 -51.3463 -92.566 
-56 -160.021 -49 37 -88.0756 -111.955 -52.536 -90.3542 
-52 -155.958 -41 34 -90.8941 -118.639 -39.4079 -84.0595 
-58 -157.636 -46 35 -87.8439 -116.118 -45.1565 -89.3137 
-56 -159.415 -44 33 -77.3754 -109.628 -48.8065 -85.6679 
-58 -160.819 -45 35 -83.6581 -108.441 -42.6706 -86.0553 
-58 -156.623 -41 31 -80.7835 -113.569 -43.7419 -82.5396 
-52 -160.197 -47 36 -89.9293 -111.332 -47.3379 -88.5944 
-52 -166.07 -48 37 -83.105 -105.539 -44.8411 -86.1819 
-54 -156.905 -47 38 -95.493 -119.154 -45.3129 -91.7384 
-52 -156.814 -49 37 -94.1638 -116.35 -51.7081 -94.5729 
-56 -160.225 -47 37 -86.6328 -111.258 -46.5025 -89.5266 
-60 -162.106 -49 36 -85.7113 -110.277 -47.9781 -88.3457 
-54 -156.301 -39 31 -83.8463 -116.681 -38.5226 -80.8925 
-56 -159.835 -49 37 -87.8231 -114.755 -46.7991 -93.3107 
-58 -160.123 -42 31 -79.4964 -110.112 -38.8103 -82.289 
-52 -158.347 -46 37 -89.0576 -115.188 -48.8615 -89.1893 
-56 -156.237 -41 31 -79.2206 -113.804 -44.0824 -84.6593 
-52 -160.208 -48 36 -89.8724 -111.405 -51.4222 -88.8472 
-56 -160.247 -48 36 -86.9548 -111.136 -49.993 -89.3774 
-54 -161.667 -46 36 -80.1974 -107.292 -50.0511 -86.9775 
-56 -161.559 -49 36 -87.7301 -107.923 -51.5008 -88.736 
-62 -160.568 -50 38 -87.0123 -112.477 -51.1791 -91.0349 
-52 -159.709 -48 37 -91.0815 -115.141 -51.401 -88.9599 
-54 -160.614 -49 36 -87.6796 -109.982 -52.6262 -90.2895 
-56 -160.235 -48 37 -86.5759 -111.331 -50.5868 -89.7794 
-60 -157.56 -42 32 -79.4026 -117.101 -37.3049 -86.1935 
FEATURES_TXT_END_0
FEATURES_TXT_BEGIN_0 5 100 8 Distortion0_0 LM0_0 WordPenalty0_0 PhrasePenalty0_0 TranslationModel0_0 TranslationModel0_1 TranslationModel0_2 TranslationModel0_3 
-30 -138.997 -33 31 -104.434 -107.492 -48.3842 -78.4313 
-26 -144.46 -32 30 -98.6938 -100.283 -45.5921 -73.2062 
-36 -142.326 -34 31 -95.7554 -101.08 -45.3885 -80.0192 
-36 -141.984 -34 32 -95.428 -103.127 -46.5566 -80.3314 
-30 -139.494 -33 31 -103.803 -106.437 -48.9232 -78.9421 
-28 -144.953 -32 30 -96.9077 -102.098 -40.4273 -75.4034 
-30 -140.848 -33 30 -102.217 -106.934 -47.5362 -77.341 
-32 -147.789 -33 30 -90.0153 -93.8716 -42.5964 -74.7941 
-32 -147.448 -33 31 -89.6879 -95.9187 -43.7645 -75.1063 
-30 -140.272 -34 31 -104.585 -107.492 -50.8691 -78.4367 
-28 -145.249 -31 30 -98.5439 -102.381 -40.6915 -72.0069 
-38 -142 -34 31 -97.9793 -102.688 -45.8404 -78.9024 
-30 -139.751 -33 31 -105.397 -108.46 -48.8362 -77.7259 
-30 -141.121 -31 30 -101.823 -107.274 -44.1513 -74.6035 
-38 -141.679 -34 32 -97.652 -104.735 -47.0086 -79.2145 
-26 -146.312 -32 29 -96.4772 -99.7258 -44.7441 -72.1159 
-34 -143.185 -31 30 -98.7445 -100.18 -42.5518 -73.0971 
-34 -139.846 -34 32 -100.608 -103.659 -50.673 -81.2658 
-18 -146.686 -32 30 -99.7629 -99.8612 -45.843 -73.1794 
-34 -140.948 -34 32 -97.8208 -103.725 -49.6737 -81.2002 
-34 -147.463 -33 30 -92.2392 -95.4797 -43.0484 -73.6772 
-26 -145.214 -32 30 -99.6566 -101.252 -46.0441 -72.5008 
-34 -147.143 -33 31 -91.9118 -97.5268 -44.2165 -73.9894 
-36 -142.823 -34 31 -95.124 -100.025 -45.9275 -80.5301 
-34 -148.282 -33 30 -88.2292 -95.6858 -37.4316 -76.9914 
-36 -142.481 -34 32 -94.7967 -102.072 -47.0956 -80.8422 
-36 -144.177 -34 30 -93.5388 -100.522 -44.5405 -78.929 
-34 -147.94 -33 31 -87.9018 -97.7329 -38.5997 -77.3035 
-36 -143.835 -34 31 -93.2114 -102.569 -45.7086 -79.2411 
-24 -143.206 -32 30 -102.166 -106.106 -44.3513 -75.8747 
-30 -145.31 -33 31 -94.8681 -96.451 -47.8809 -76.0407 
-30 -139.978 -33 31 -104.153 -106.788 -49.0773 -78.8197 
-32 -142.669 -31 30 -101.728 -104.267 -43.464 -72.7379 
-36 -143.601 -35 31 -95.9068 -101.08 -47.8734 -80.0247 
-30 -144.38 -31 30 -98.7445 -100.18 -42.5518 -73.0971 
-30 -146.412 -33 31 -92.0807 -96.5164 -46.8817 -75.975 
-36 -143.259 -35 32 -95.5794 -103.127 -49.0415 -80.3368 
-34 -148.577 -32 30 -89.8654 -95.9696 -37.6958 -73.5948 
-30 -141.345 -33 30 -101.586 -105.88 -48.0752 -77.8518 
-28 -146.805 -32 29 -94.6911 -101.54 -39.5793 -74.3131 
-30 -139.997 -33 31 -105.234 -107.582 -48.8362 -78.4308 
-28 -143.673 -32 31 -101.211 -102.599 -43.5856 -75.8293 
-34 -148.236 -32 31 -89.538 -98.0167 -38.8639 -73.907 
-36 -144.45 -32 30 -93.1443 -100.862 -41.1556 -76.1915 
-32 -143.014 -31 30 -100.838 -104.586 -43.3917 -72.661 
-24 -143.502 -31 30 -103.802 -106.389 -44.6155 -72.4782 
-34 -141.17 -34 32 -98.7837 -104.693 -50.1257 -80.4948 
-32 -149.64 -33 29 -87.7987 -93.3139 -41.7484 -73.7038 
-36 -144.108 -32 31 -92.8169 -102.909 -42.3237 -76.5036 
-40 -146.514 -32 30 -90.0659 -93.768 -39.5561 -74.6851 
-32 -143.45 -33 30 -99.881 -103.778 -45.0445 -76.1739 
-32 -149.299 -33 30 -87.4713 -95.361 -42.9165 -74.016 
-40 -146.172 -32 31 -89.7386 -95.8151 -40.7242 -74.9972 
-40 -143.175 -35 32 -91.9297 -97.2475 -47.6772 -82.8538 
-26 -145.441 -32 30 -98.4132 -99.5793 -46.2853 -73.5945 
-30 -142.123 -34 30 -102.369 -106.934 -50.0211 -77.3464 
-20 -147.179 -32 30 -97.9768 -101.675 -40.6782 -75.3767 
-38 -142.497 -34 31 -97.3479 -101.633 -46.3794 -79.4132 
-40 -142.833 -35 33 -91.6023 -99.2945 -48.8453 -83.1659 
-36 -147.956 -33 30 -90.4531 -97.2939 -37.8836 -75.8745 
-30 -140.248 -33 31 -104.765 -107.406 -49.3752 -78.2367 
-28 -145.707 -32 30 -97.8705 -103.066 -40.8793 -74.698 
-28 -147.1 -31 29 -96.3273 -101.824 -39.8435 -70.9166 
-38 -143.851 -34 30 -95.7627 -102.13 -44.9924 -77.8121 
-30 -141.602 -33 30 -103.18 -107.902 -47.9882 -76.6356 
-30 -141.619 -31 30 -101.191 -106.219 -44.6903 -75.1143 
-38 -142.176 -34 32 -97.0206 -103.681 -47.5476 -79.7253 
-40 -141.666 -34 32 -97.4894 -103.857 -47.0086 -79.9194 
-24 -150.015 -33 30 -91.0843 -93.4493 -42.8473 -74.7674 
-36 -147.636 -33 31 -90.1257 -99.341 -39.0517 -76.1866 
-30 -142.972 -31 29 -99.6062 -106.716 -43.3033 -73.5132 
-26 -145.461 -32 30 -99.4941 -100.374 -46.0441 -73.2057 
-38 -143.53 -34 31 -95.4354 -104.177 -46.1606 -78.1242 
-24 -149.673 -33 31 -90.757 -95.4964 -44.0154 -75.0795 
-34 -143.683 -31 30 -98.1131 -99.1253 -43.0908 -73.6079 
-26 -141.423 -33 31 -104.434 -107.492 -48.3842 -78.4313 
-34 -142.99 -34 31 -98.0273 -106.134 -46.8519 -78.7553 
-32 -143.746 -32 30 -101.517 -104.062 -45.3086 -72.7774 
-34 -143.25 -34 31 -98.3079 -106.838 -46.1588 -78.367 
-26 -146.304 -32 30 -98.4464 -98.2364 -45.6066 -72.894 
-34 -145.037 -31 29 -96.5279 -99.6221 -41.7038 -72.0068 
-34 -140.344 -34 32 -99.9768 -102.605 -51.212 -81.7766 
-30 -146.634 -33 31 -93.0435 -97.4847 -47.3336 -75.2697 
-32 -145.803 -33 31 -93.082 -98.2652 -42.7161 -78.2379 
-38 -143.275 -35 31 -98.1307 -102.688 -48.3254 -78.9078 
-32 -141.78 -33 30 -104.366 -107.164 -46.5466 -76.0984 
-30 -141.026 -34 31 -105.548 -108.46 -51.3211 -77.7313 
-34 -141.698 -34 31 -98.3916 -103.102 -49.825 -80.1755 
-20 -147.474 -31 30 -99.613 -101.959 -40.9424 -71.9801 
-36 -148.251 -32 30 -92.0893 -97.5776 -38.1478 -72.478 
-30 -146.535 -33 30 -93.4871 -99.6938 -41.3556 -77.4627 
-30 -142.396 -32 30 -101.974 -107.274 -46.6362 -74.6089 
-28 -146.003 -31 30 -99.5068 -103.35 -41.1435 -71.3015 
-38 -142.954 -35 32 -97.8033 -104.735 -49.4935 -79.2199 
-36 -148.639 -34 31 -86.1896 -90.0392 -44.8852 -77.6287 
-30 -146.193 -33 31 -93.1597 -101.741 -42.5237 -77.7748 
-28 -146.266 -32 30 -96.0172 -102.416 -40.355 -75.3265 
-34 -141.445 -34 32 -97.1895 -102.67 -50.2127 -81.711 
-36 -143.306 -34 31 -95.4748 -100.376 -46.0816 -80.4076 
-32 -146.905 -33 31 -90.2946 -98.3306 -41.7169 -78.1723 
FEATURES_TXT_END_0
FEATURES_TXT_BEGIN_0 6 100 8 Distortion0_0 LM0_0 WordPenalty0_0 PhrasePenalty0_0 TranslationModel0_0 TranslationModel0_1 TranslationModel0_2 TranslationModel0_3 
-37 -104.732 -33 26 -65.5708 -84.0759 -44.8865 -69.5118 
-37 -107.072 -33 26 -62.2009 -81.5914 -43.7879 -67.9238 
-25 -111.756 -32 25 -56.405 -75.8184 -40.0652 -67.1564 
-25 -114.096 -32 25 -53.035 -73.3338 -38.9666 -65.5683 
-37 -103.898 -33 26 -63.9927 -86.5583 -44.8865 -71.7693 
-25 -110.923 -32 25 -54.8268 -78.3007 -40.0652 -69.4139 
-33 -102.686 -29 23 -67.811 -85.2479 -41.2675 -65.7139 
-51 -102.039 -34 28 -69.4597 -83.5715 -46.8711 -70.4096 
-33 -105.026 -29 23 -64.4411 -82.7633 -40.1689 -64.1258 
-47 -99.2949 -31 26 -72.502 -85.5186 -45.4398 -68.4383 
-39 -109.064 -33 27 -60.2938 -75.314 -42.0498 -68.0542 
-35 -106.319 -30 25 -63.3361 -77.2611 -40.6185 -66.0829 
-33 -101.852 -29 23 -66.2328 -87.7302 -41.2675 -67.9714 
-25 -112.084 -31 25 -55.7729 -76.2407 -37.1603 -67.1777 
-25 -114.424 -31 25 -52.403 -73.7561 -36.0617 -65.5897 
-27 -111.589 -34 25 -55.0904 -80.954 -44.5175 -69.6503 
-27 -113.93 -34 25 -51.7205 -78.4694 -43.4189 -68.0623 
-47 -99.9934 -30 25 -71.6999 -84.7435 -43.2521 -66.6117 
-37 -104.494 -32 26 -65.9337 -84.0759 -44.1934 -69.5064 
-37 -106.834 -32 26 -62.5638 -81.5914 -43.0947 -67.9183 
-43 -97.2489 -27 23 -74.7421 -86.6906 -41.8209 -64.6404 
-25 -111.518 -31 25 -56.7679 -75.8184 -39.372 -67.1509 
-25 -111.251 -31 25 -54.1947 -78.723 -37.1603 -69.4352 
-25 -113.859 -31 25 -53.3979 -73.3338 -38.2734 -65.5629 
-27 -110.756 -34 25 -53.5123 -83.4363 -44.5175 -71.9078 
-39 -114.223 -33 22 -47.4188 -77.391 -33.2959 -67.0579 
-37 -103.661 -32 26 -64.3556 -86.5583 -44.1934 -71.7639 
-39 -116.563 -33 22 -44.0489 -74.9065 -32.1973 -65.4699 
-33 -106.521 -32 23 -59.4225 -84.2086 -44.4727 -69.2157 
-39 -109.392 -32 27 -59.6618 -75.7363 -39.1449 -68.0755 
-33 -108.862 -32 23 -56.0525 -81.724 -43.3741 -67.6277 
-41 -108.897 -35 27 -58.9793 -80.4496 -46.5021 -70.5481 
-25 -110.685 -31 25 -55.1897 -78.3007 -39.372 -69.4085 
-39 -113.852 -33 23 -48.4223 -79.4381 -33.8121 -67.37 
-33 -104.055 -30 24 -65.9716 -85.5665 -43.6885 -67.0598 
-33 -102.448 -28 23 -68.1739 -85.2479 -40.5744 -65.7084 
-41 -114.535 -34 23 -47.1869 -72.5346 -35.365 -68.8496 
-35 -106.647 -29 25 -62.704 -77.6834 -37.7136 -66.1043 
-39 -116.193 -33 23 -45.0524 -76.9535 -32.7135 -65.782 
-33 -106.396 -30 24 -62.6016 -83.082 -42.5899 -65.4717 
-33 -104.788 -28 23 -64.804 -82.7633 -39.4758 -64.1204 
-41 -116.876 -34 23 -43.817 -70.05 -34.2664 -67.2615 
-37 -106.153 -32 25 -62.0215 -82.3967 -45.0708 -68.5769 
-37 -105.8 -32 26 -64.9388 -84.4983 -41.9816 -69.5331 
-41 -112.337 -33 25 -47.1829 -77.5841 -35.92 -70.4827 
-39 -113.39 -33 22 -45.8406 -79.8733 -33.2959 -69.3154 
-37 -108.141 -32 26 -61.5688 -82.0137 -40.883 -67.9451 
-41 -114.677 -33 25 -43.813 -75.0995 -34.8214 -68.8947 
-41 -114.165 -34 24 -48.1904 -74.5816 -35.8813 -69.1617 
-29 -111.792 -33 24 -53.6353 -81.0383 -40.8404 -69.5061 
-33 -105.688 -32 23 -57.8443 -86.6909 -44.4727 -71.4732 
-33 -106.634 -30 23 -62.9025 -81.1005 -38.5595 -67.1757 
-41 -116.505 -34 24 -44.8205 -72.0971 -34.7827 -67.5737 
-25 -112.824 -31 25 -55.7729 -76.2407 -37.1603 -67.1777 
-29 -114.132 -33 24 -50.2654 -78.5538 -39.7418 -67.9181 
-37 -106.817 -33 26 -64.3546 -82.7487 -43.8065 -69.8365 
-33 -108.975 -30 23 -59.5326 -78.616 -37.4609 -65.5877 
-37 -108.3 -33 26 -62.0338 -81.3698 -43.7879 -68.5387 
-25 -115.165 -31 25 -52.403 -73.7561 -36.0617 -65.5897 
-37 -109.157 -33 26 -60.9846 -80.2641 -42.7079 -68.2485 
-39 -113.019 -33 23 -46.8441 -81.9204 -33.8121 -69.6276 
-33 -103.222 -30 24 -64.3934 -88.0488 -43.6885 -69.3173 
-33 -101.615 -28 23 -66.5957 -87.7302 -40.5744 -67.966 
-53 -111.531 -34 24 -51.3077 -76.8866 -35.2805 -67.9557 
-41 -113.702 -34 23 -45.6087 -75.0169 -35.365 -71.1071 
-33 -105.805 -31 24 -63.4398 -84.4073 -44.9816 -67.4405 
-47 -103.829 -33 25 -63.3113 -83.7042 -46.4573 -70.1135 
-25 -111.846 -30 25 -56.1358 -76.2407 -36.4671 -67.1723 
-29 -112.121 -33 24 -53.5885 -79.3292 -41.2976 -69.3595 
-25 -113.841 -32 25 -55.1887 -74.4911 -38.9852 -67.4811 
-23 -111.46 -30 23 -58.9075 -78.7122 -38.2965 -64.9084 
-37 -104.967 -32 26 -63.3606 -86.9806 -41.9816 -71.7906 
-41 -114.093 -33 23 -47.0999 -72.5346 -33.9787 -68.8441 
-41 -111.503 -33 25 -45.6047 -80.0664 -35.92 -72.7403 
-33 -108.145 -31 24 -60.0698 -81.9227 -43.883 -65.8525 
-25 -115.325 -32 25 -52.868 -73.1122 -38.9666 -66.1833 
-25 -114.187 -30 25 -52.7659 -73.7561 -35.3685 -65.5843 
-29 -114.461 -33 24 -50.2186 -76.8446 -40.199 -67.7715 
-25 -116.181 -32 25 -51.8188 -72.0066 -37.8866 -65.893 
-23 -113.8 -30 23 -55.5376 -76.2276 -37.1979 -63.3203 
-49 -108.786 -31 22 -54.3499 -78.8337 -33.8492 -65.9845 
-27 -111.352 -33 25 -55.4533 -80.954 -43.8244 -69.6449 
-41 -116.433 -33 23 -43.7299 -70.05 -32.8801 -67.2561 
-53 -111.16 -34 25 -52.3112 -78.9337 -35.7967 -68.2679 
-47 -101.363 -31 26 -69.8604 -85.0621 -45.6731 -67.9576 
-27 -113.692 -33 25 -52.0834 -78.4694 -42.7257 -68.0569 
-29 -112.585 -33 23 -52.6318 -78.9912 -40.3241 -69.194 
-23 -110.264 -32 24 -58.4207 -85.046 -41.8225 -69.3397 
-41 -113.331 -34 24 -46.6122 -77.0639 -35.8813 -71.4192 
-29 -110.958 -33 24 -52.0571 -83.5206 -40.8404 -71.7637 
-23 -110.368 -32 24 -58.6879 -85.7551 -41.5933 -69.0099 
-55 -111.843 -35 25 -51.0757 -72.0301 -37.3496 -69.7474 
-43 -101.084 -30 23 -66.3536 -85.6513 -45.0261 -68.1423 
-29 -111.736 -33 25 -54.6729 -81.3763 -41.6667 -69.6716 
-29 -111.925 -33 24 -54.0604 -81.7474 -41.3815 -69.1763 
-33 -105.801 -30 23 -61.3243 -83.5828 -38.5595 -69.4332 
-29 -114.926 -33 23 -49.2619 -76.5067 -39.2255 -67.606 
-23 -112.604 -32 24 -55.0508 -82.5614 -40.7239 -67.7517 
-25 -111.991 -31 25 -54.1947 -78.723 -37.1603 -69.4352 
-23 -112.708 -32 24 -55.3179 -83.2705 -40.4947 -67.4219 
FEATURES_TXT_END_0
FEATURES_TXT_BEGIN_0 7 100 8 Distortion0_0 LM0_0 WordPenalty0_0 PhrasePenalty0_0 TranslationModel0_0 TranslationModel0_1 TranslationModel0_2 TranslationModel0_3 
-79 -158.816 -53 40 -111.041 -125.12 -69.2104 -117.465 
-79 -159.11 -53 40 -112.189 -126.59 -68.5172 -116.464 
-76 -158.798 -53 40 -111.666 -124.606 -70.4698 -118.22 
-87 -160.528 -54 40 -109.519 -123.681 -68.6714 -115.229 
-75 -159.564 -52 40 -110.992 -125.12 -66.8355 -117.46 
-75 -159.857 -52 40 -112.14 -126.59 -66.1423 -116.458 
-79 -159.363 -53 40 -111.629 -126.348 -67.6009 -117.843 
-79 -159.656 -53 40 -112.777 -127.819 -66.9078 -116.841 
-82 -162.282 -54 40 -108.18 -122.467 -68.5131 -115.511 
-76 -160.041 -53 40 -110.807 -123.482 -70.8194 -117.138 
-81 -159.692 -53 40 -110.186 -125.08 -68.3231 -117.087 
-72 -159.545 -52 40 -111.617 -124.606 -68.0949 -118.214 
-79 -161.082 -53 40 -109.155 -124.364 -67.4186 -116.474 
-83 -161.276 -53 40 -109.47 -123.681 -66.2965 -115.224 
-75 -159.765 -53 40 -113.19 -124.755 -71.6671 -116.411 
-85 -160.783 -53 40 -108.007 -125.618 -64.9803 -116.391 
-81 -158.212 -53 40 -110.285 -123.446 -72.202 -118.437 
-87 -157.424 -53 41 -113.461 -126.029 -70.5678 -116.912 
-76 -159.344 -53 40 -112.254 -125.834 -68.8604 -118.597 
-79 -161.529 -54 40 -109.787 -123.941 -70.3235 -116.453 
-87 -157.718 -53 41 -114.609 -127.499 -69.8747 -115.91 
-79 -159.139 -53 40 -112.705 -126.888 -69.8099 -116.931 
-83 -160.495 -53 40 -111.926 -123.316 -69.5022 -114.169 
-87 -161.075 -54 40 -110.106 -124.909 -67.0619 -115.607 
-79 -160.581 -54 40 -110.314 -125.12 -71.0021 -117.471 
-79 -159.242 -53 40 -112.477 -126.236 -69.2104 -117.408 
-89 -164.904 -54 39 -102.697 -119.304 -62.7841 -114.137 
-79 -160.874 -54 40 -111.461 -126.59 -70.309 -116.469 
-83 -160.123 -54 40 -108.759 -124.536 -69.4548 -118.461 
-83 -160.416 -54 40 -109.907 -126.007 -68.7617 -117.459 
-74 -160.516 -53 40 -112.11 -124.698 -69.4612 -117.439 
-75 -160.91 -53 40 -112.189 -126.59 -68.5172 -116.464 
-83 -165.96 -55 40 -100.792 -118.378 -64.3172 -117.744 
-73 -159.762 -53 40 -114.535 -129.142 -70.1878 -116.913 
-75 -165.152 -54 40 -102.998 -119.685 -66.6763 -117.595 
-84 -157.406 -53 41 -114.086 -125.515 -71.8273 -117.666 
-75 -165.445 -54 40 -104.146 -121.156 -65.9831 -116.593 
-70 -163.051 -53 40 -110.224 -123.941 -67.6695 -116.447 
-75 -160.11 -52 40 -111.58 -126.348 -65.226 -117.837 
-75 -160.404 -52 40 -112.728 -127.819 -64.5329 -116.836 
-78 -163.03 -53 40 -108.131 -122.467 -66.1382 -115.505 
-72 -160.788 -52 40 -110.758 -123.482 -68.4445 -117.132 
-77 -160.439 -52 40 -110.137 -125.08 -65.9482 -117.082 
-95 -159.136 -54 41 -111.938 -124.589 -70.0288 -114.676 
-79 -159.367 -52 40 -110.992 -125.12 -66.8355 -117.46 
-76 -160.562 -54 40 -110.938 -124.606 -72.2616 -118.225 
-79 -159.66 -52 40 -112.14 -126.59 -66.1423 -116.458 
-87 -165.906 -54 41 -102.845 -121.476 -62.6651 -114.009 
-75 -161.83 -52 40 -109.106 -124.364 -65.0437 -116.469 
-80 -160.105 -54 40 -109.383 -124.022 -70.7142 -119.215 
-75 -161.522 -53 40 -111.942 -124.543 -68.5317 -116.152 
-74 -160.994 -53 40 -111.041 -125.12 -69.2104 -117.465 
-89 -164.479 -54 40 -103.799 -121.351 -63.7287 -114.45 
-87 -162.293 -55 40 -108.791 -123.681 -70.4631 -115.235 
-83 -159.999 -54 40 -109.055 -125.158 -69.5133 -118.863 
-71 -160.512 -52 40 -113.142 -124.755 -69.2922 -116.406 
-91 -161.835 -55 40 -107.236 -123.097 -68.9158 -116.225 
-83 -160.292 -54 40 -110.203 -126.629 -68.8202 -117.861 
-82 -162.228 -54 40 -110.588 -123.259 -68.9222 -115.203 
-81 -161.53 -52 40 -107.958 -125.618 -62.6054 -116.386 
-84 -160.194 -54 40 -111.02 -123.937 -70.7323 -116.91 
-82 -162.829 -54 40 -108.768 -123.695 -66.9037 -115.888 
-76 -160.587 -53 40 -111.394 -124.71 -69.2099 -117.515 
-81 -160.239 -53 40 -110.774 -126.308 -66.7136 -117.464 
-72 -165.133 -54 40 -103.623 -119.171 -67.9357 -118.349 
-70 -163.529 -53 40 -109.155 -124.364 -67.4186 -116.474 
-77 -158.959 -52 40 -110.236 -123.446 -69.8271 -118.432 
-72 -160.092 -52 40 -112.205 -125.834 -66.4855 -118.592 
-83 -163.244 -54 40 -106.178 -122.969 -66.5069 -116.381 
-75 -162.276 -53 40 -109.738 -123.941 -67.9486 -116.447 
-79 -161.629 -53 40 -109.743 -125.592 -65.8092 -116.851 
-75 -159.887 -52 40 -112.657 -126.888 -67.435 -116.925 
-75 -162.517 -53 40 -109.155 -124.364 -67.4186 -116.474 
-79 -161.242 -52 40 -111.878 -123.316 -67.1273 -114.164 
-93 -168.194 -53 42 -103.791 -117.5 -60.0477 -107.797 
-79 -166.35 -54 40 -103.037 -119.984 -64.4032 -115.419 
-83 -166.864 -55 40 -101.475 -118.246 -66.1373 -115.359 
-76 -159.348 -52 40 -111.617 -124.606 -68.0949 -118.214 
-81 -167.601 -55 40 -99.761 -117.662 -63.4127 -117.131 
-81 -166.039 -54 41 -105.879 -123.702 -63.7638 -113.999 
-83 -161.822 -53 40 -110.058 -124.909 -64.687 -115.601 
-83 -167.502 -56 41 -98.8756 -119.184 -64.7564 -118.689 
-75 -166.694 -55 41 -101.082 -120.492 -67.1155 -118.54 
-75 -160.312 -53 40 -113.778 -125.983 -70.0577 -116.788 
-75 -161.328 -53 40 -110.265 -125.12 -68.6272 -117.465 
-75 -166.988 -55 41 -102.23 -121.962 -66.4224 -117.538 
-70 -162.477 -53 40 -111.082 -123.774 -69.6154 -116.689 
-75 -159.99 -52 40 -112.428 -126.236 -66.8355 -117.402 
-85 -165.652 -53 39 -102.649 -119.304 -60.4092 -114.132 
-75 -161.622 -53 40 -111.413 -126.59 -67.9341 -116.464 
-79 -160.871 -53 40 -108.71 -124.536 -67.0799 -118.456 
-85 -161.329 -53 40 -108.595 -126.846 -63.3708 -116.769 
-87 -161.079 -53 40 -109.47 -123.681 -66.2965 -115.224 
-79 -161.164 -53 40 -109.858 -126.007 -66.3868 -117.454 
-79 -159.686 -53 40 -112.705 -126.888 -69.8099 -116.931 
-80 -159.98 -54 40 -109.68 -124.644 -70.7727 -119.617 
-70 -161.263 -52 40 -112.061 -124.698 -67.0863 -117.433 
-75 -160.142 -53 40 -114.259 -124.333 -71.918 -116.384 
-81 -158.759 -53 40 -110.872 -124.674 -70.5926 -118.815 
-87 -157.971 -53 41 -114.049 -127.257 -68.9584 -117.289 
FEATURES_TXT_END_0
FEATURES_TXT_BEGIN_0 8 100 8 Distortion0_0 LM0_0 WordPenalty0_0 PhrasePenalty0_0 TranslationModel0_0 TranslationModel0_1 TranslationModel0_2 TranslationModel0_3 
-109 -169.557 -51 46 -120.061 -113.746 -71.1647 -107.758 
-109 -169.352 -50 46 -120.284 -113.746 -67.824 -107.752 
-105 -170.9 -50 43 -120.206 -112.515 -69.965 -104.723 
-107 -167.867 -50 45 -124.845 -115.292 -72.1779 -106.876 
-107 -169.488 -50 45 -124.019 -115.637 -69.8753 -105.398 
-105 -170.695 -49 43 -120.428 -112.515 -66.6243 -104.717 
-117 -162.954 -50 45 -133.523 -116.218 -78.1934 -104.862 
-107 -175.128 -51 46 -111.039 -104.256 -65.4559 -108.527 
-109 -169.406 -50 46 -121.16 -113.634 -71.1647 -106.52 
-103 -173.941 -51 46 -115.233 -107.428 -68.4856 -108.17 
-107 -167.662 -49 45 -125.068 -115.292 -68.8372 -106.871 
-107 -169.283 -49 45 -124.242 -115.637 -66.5346 -105.393 
-107 -175.234 -52 46 -112.058 -103.937 -68.7471 -108.609 
-117 -162.749 -49 45 -133.745 -116.218 -74.8527 -104.856 
-109 -169.201 -49 46 -121.383 -113.634 -67.824 -106.515 
-105 -170.955 -51 44 -122.462 -112.515 -74.2446 -104.728 
-103 -173.736 -50 46 -115.456 -107.428 -65.1449 -108.165 
-109 -168.747 -50 46 -121.751 -113.746 -71.1647 -107.752 
-107 -171.462 -50 45 -121.695 -113.101 -68.6814 -104.503 
-107 -172.726 -52 46 -116.377 -110.003 -73.1117 -108.016 
-109 -171.826 -51 46 -117.901 -113.458 -69.2287 -107.241 
-107 -170.279 -51 44 -118.572 -113.161 -72.4483 -107.977 
-125 -164.606 -50 45 -124.79 -115.575 -71.9487 -106.653 
-105 -170.75 -50 44 -122.685 -112.515 -70.904 -104.723 
-103 -176.518 -52 46 -110.21 -104.294 -66.9723 -109.924 
-109 -168.543 -49 46 -121.974 -113.746 -67.824 -107.747 
-107 -172.347 -52 46 -116.08 -111.393 -68.733 -110.971 
-107 -171.257 -49 45 -121.917 -113.101 -65.3407 -104.498 
-107 -172.522 -51 46 -116.6 -110.003 -69.771 -108.011 
-109 -171.621 -50 46 -118.124 -113.458 -65.8881 -107.236 
-121 -171.357 -52 48 -115.552 -110.996 -65.6947 -110.4 
-107 -170.074 -50 44 -118.795 -113.161 -69.1076 -107.972 
-125 -164.402 -49 45 -125.013 -115.575 -68.608 -106.647 
-107 -172.453 -53 46 -117.099 -111.074 -72.0242 -111.053 
-107 -170.332 -50 45 -120.89 -112.428 -71.0793 -106.222 
-109 -169.291 -50 46 -120.887 -114.125 -69.0637 -108.561 
-103 -176.472 -50 43 -111.183 -103.025 -64.2562 -105.492 
-103 -172.882 -52 46 -117.759 -110.925 -69.5282 -110.672 
-105 -170.749 -49 43 -121.304 -112.403 -69.965 -103.485 
-99 -175.284 -50 43 -115.377 -106.197 -67.2858 -105.135 
-103 -176.578 -51 43 -112.202 -102.706 -67.5473 -105.574 
-107 -170.127 -49 45 -121.112 -112.428 -67.7386 -106.217 
-121 -172.828 -53 48 -114.726 -110.617 -67.7957 -109.597 
-103 -173.989 -52 46 -114.962 -108.837 -69.0673 -110.794 
-105 -173.438 -50 45 -115.823 -105.801 -66.4691 -107.646 
-105 -175.059 -50 45 -114.997 -106.146 -64.1665 -106.168 
-109 -169.167 -50 46 -120.835 -113.756 -71.1647 -108.116 
-107 -167.715 -49 45 -125.943 -115.18 -72.1779 -105.639 
-121 -168.365 -51 46 -118.824 -113.33 -71.1647 -108.228 
-107 -169.337 -49 45 -125.118 -115.525 -69.8753 -104.161 
-107 -170.334 -52 45 -120.829 -113.161 -76.728 -107.983 
-101 -172.251 -50 45 -120.016 -108.974 -69.4987 -107.289 
-105 -170.544 -48 43 -121.527 -112.403 -66.6243 -103.48 
-101 -173.872 -50 45 -119.19 -109.319 -67.1962 -105.811 
-99 -175.079 -49 43 -115.6 -106.197 -63.9452 -105.13 
-121 -172.899 -53 48 -114.175 -110.099 -68.4329 -109.646 
-105 -173.544 -51 45 -116.841 -105.483 -69.7603 -107.728 
-105 -175.165 -51 45 -116.015 -105.828 -67.4577 -106.25 
-107 -174.977 -50 46 -112.138 -104.143 -65.4559 -107.289 
-105 -170.091 -49 43 -121.895 -112.515 -69.965 -104.717 
-109 -164.568 -49 44 -127.246 -115.501 -74.0749 -108.654 
-121 -172.624 -52 48 -114.949 -110.617 -64.455 -109.591 
-103 -173.784 -51 46 -115.185 -108.837 -65.7266 -110.789 
-103 -173.789 -50 46 -116.331 -107.316 -68.4856 -106.932 
-103 -174.07 -51 43 -116.521 -108.772 -71.912 -104.982 
-109 -168.962 -49 46 -121.057 -113.756 -67.824 -108.111 
-107 -167.511 -48 45 -126.166 -115.18 -68.8372 -105.633 
-121 -168.161 -50 46 -119.046 -113.33 -67.824 -108.222 
-107 -169.132 -48 45 -125.34 -115.525 -66.5346 -104.155 
-107 -170.129 -51 45 -121.052 -113.161 -73.3873 -107.977 
-107 -175.083 -51 46 -113.156 -103.825 -68.7471 -107.372 
-101 -172.046 -49 45 -120.239 -108.974 -66.1581 -107.284 
-101 -173.667 -49 45 -119.413 -109.319 -63.8555 -105.805 
-121 -172.694 -52 48 -114.397 -110.099 -65.0922 -109.64 
-107 -167.057 -49 45 -126.534 -115.292 -72.1779 -106.871 
-107 -168.679 -49 45 -125.709 -115.637 -69.8753 -105.393 
-99 -177.861 -51 43 -110.354 -103.063 -65.7726 -106.89 
-105 -169.886 -48 43 -122.118 -112.515 -66.6243 -104.712 
-119 -170.496 -54 46 -115.365 -109.982 -75.2322 -112.335 
-103 -173.69 -51 43 -116.225 -110.162 -67.5333 -107.936 
-103 -176.526 -51 44 -113.44 -103.025 -68.5359 -105.498 
-109 -164.363 -48 44 -127.469 -115.501 -70.7343 -108.649 
-111 -173.326 -52 47 -118.596 -111.447 -68.8231 -107.758 
-105 -171.036 -51 45 -121.16 -111.549 -74.1249 -107.135 
-105 -168.573 -50 43 -123.356 -114.707 -73.4615 -107.096 
-109 -165.04 -49 43 -126.259 -115.015 -73.7026 -108.304 
-105 -172.658 -51 45 -120.335 -111.894 -71.8223 -105.657 
-105 -170.803 -50 44 -123.561 -112.403 -74.2446 -103.491 
-103 -173.585 -49 46 -116.554 -107.316 -65.1449 -106.927 
-107 -174.618 -51 47 -113.767 -106.125 -67.743 -108.661 
-105 -170.572 -50 43 -119.401 -111.843 -72.3628 -106.442 
-103 -173.865 -50 43 -116.744 -108.772 -68.5713 -104.976 
-99 -175.338 -51 44 -117.634 -106.197 -71.5655 -105.141 
-117 -172.701 -51 45 -115.696 -109.765 -64.4949 -107.366 
-117 -164.17 -49 43 -126.213 -114.707 -73.4615 -107.091 
-105 -177.033 -50 45 -112.672 -103.61 -62.9726 -105.273 
-109 -168.596 -49 46 -122.85 -113.634 -71.1647 -106.515 
-103 -173.796 -52 43 -117.243 -109.843 -70.8245 -108.019 
-103 -176.632 -52 44 -114.458 -102.706 -71.827 -105.58 
-105 -178.298 -52 46 -107.355 -100.512 -67.4029 -108.786 
FEATURES_TXT_END_0
FEATURES_TXT_BEGIN_0 9 93 8 Distortion0_0 LM0_0 WordPenalty0_0 PhrasePenalty0_0 TranslationModel0_0 TranslationModel0_1 TranslationModel0_2 TranslationModel0_3 
-61 -106.902 -29 28 -79.0302 -83.4325 -38.7843 -66.5347 
-57 -109.062 -29 26 -73.3909 -82.6073 -39.8028 -65.5423 
-57 -108.453 -28 26 -73.2287 -82.6073 -38.0368 -65.5369 
-63 -106.902 -29 28 -79.0302 -83.4325 -38.7843 -66.5347 
-61 -106.925 -29 28 -79.2777 -85.4796 -38.7698 -66.8469 
-59 -109.062 -29 26 -73.3909 -82.6073 -39.8028 -65.5423 
-59 -108.453 -28 26 -73.2287 -82.6073 -38.0368 -65.5369 
-57 -109.084 -29 26 -73.6384 -84.6544 -39.7883 -65.8545 
-57 -108.475 -28 26 -73.4762 -84.6544 -38.0223 -65.849 
-63 -106.925 -29 28 -79.2777 -85.4796 -38.7698 -66.8469 
-59 -109.084 -29 26 -73.6384 -84.6544 -39.7883 -65.8545 
-59 -108.475 -28 26 -73.4762 -84.6544 -38.0223 -65.849 
-61 -109.596 -29 28 -79.1736 -81.5022 -37.1607 -64.9564 
-61 -110.607 -31 30 -75.0988 -81.694 -40.5291 -68.6963 
-62 -108.593 -30 28 -79.1925 -83.4325 -40.5503 -66.5401 
-63 -109.263 -29 28 -79.1736 -81.5022 -37.1607 -64.9564 
-57 -110.144 -29 26 -73.1906 -82.9417 -41.7342 -66.5011 
-57 -111.755 -29 26 -73.5343 -80.677 -38.1792 -63.964 
-57 -112.766 -31 28 -69.4595 -80.8688 -41.5477 -67.7039 
-61 -109.588 -29 28 -79.2128 -81.8401 -37.1209 -65.1219 
-39 -117.597 -29 26 -73.2264 -78.6964 -36.4468 -61.6691 
-57 -111.146 -28 26 -73.372 -80.677 -36.4132 -63.9586 
-57 -112.157 -30 28 -69.2972 -80.8688 -39.7817 -67.6985 
-59 -111.423 -29 26 -73.5343 -80.677 -38.1792 -63.964 
-49 -117.42 -31 27 -64.8632 -80.0065 -39.1122 -66.9632 
-39 -116.988 -28 26 -73.0642 -78.6964 -34.6808 -61.6637 
-57 -111.748 -29 26 -73.5735 -81.0149 -38.1394 -64.1295 
-59 -110.813 -28 26 -73.372 -80.677 -36.4132 -63.9586 
-51 -116.788 -30 27 -64.4534 -77.9594 -37.3607 -66.6456 
-57 -111.139 -28 26 -73.4113 -81.0149 -36.3734 -64.1241 
-63 -109.596 -29 28 -79.1736 -81.5022 -37.1607 -64.9564 
-63 -110.607 -31 30 -75.0988 -81.694 -40.5291 -68.6963 
-59 -108.064 -29 27 -80.3612 -84.6733 -40.5376 -65.9074 
-64 -108.593 -30 28 -79.1925 -83.4325 -40.5503 -66.5401 
-59 -108.557 -29 27 -80.1137 -82.6262 -40.5521 -65.5953 
-61 -109.618 -29 28 -79.4211 -83.5493 -37.1462 -65.2685 
-61 -110.629 -31 30 -75.3463 -83.7411 -40.5146 -69.0084 
-55 -110.056 -28 27 -77.4373 -86.3535 -33.6498 -66.1906 
-63 -109.111 -31 29 -81.4475 -84.9996 -41.5526 -66.9351 
-57 -109.494 -28 25 -72.2261 -81.8656 -37.9945 -66.6134 
-59 -111.755 -29 26 -73.5343 -80.677 -38.1792 -63.964 
-59 -112.766 -31 28 -69.4595 -80.8688 -41.5477 -67.7039 
-63 -109.588 -29 28 -79.2128 -81.8401 -37.1209 -65.1219 
-49 -117.398 -31 27 -64.6157 -77.9594 -39.1267 -66.651 
-41 -117.597 -29 26 -73.2264 -78.6964 -36.4468 -61.6691 
-63 -109.285 -29 28 -79.4211 -83.5493 -37.1462 -65.2686 
-63 -109.611 -29 28 -79.4603 -83.8872 -37.1064 -65.4341 
-59 -111.146 -28 26 -73.372 -80.677 -36.4132 -63.9586 
-57 -111.777 -29 26 -73.7818 -82.7241 -38.1647 -64.2761 
-59 -112.157 -30 28 -69.2972 -80.8688 -39.7817 -67.6985 
-57 -112.788 -31 28 -69.707 -82.9159 -41.5332 -68.016 
-61 -109.611 -29 28 -79.4603 -83.8872 -37.1064 -65.4341 
-49 -116.788 -30 27 -64.4534 -77.9594 -37.3607 -66.6456 
-41 -116.988 -28 26 -73.0642 -78.6964 -34.6808 -61.6637 
-39 -117.62 -29 26 -73.4739 -80.7435 -36.4323 -61.9813 
-59 -111.748 -29 26 -73.5735 -81.0149 -38.1394 -64.1295 
-57 -111.168 -28 26 -73.6195 -82.7241 -36.3987 -64.2707 
-57 -112.179 -30 28 -69.5447 -82.9159 -39.7672 -68.0106 
-57 -109.817 -28 27 -77.4373 -86.3535 -33.6498 -66.1906 
-59 -111.445 -29 26 -73.7818 -82.7241 -38.1647 -64.2761 
-59 -109.656 -28 27 -81.7508 -83.1391 -38.4726 -62.5411 
-39 -117.01 -28 26 -73.3116 -80.7435 -34.6663 -61.9758 
-59 -111.139 -28 26 -73.4113 -81.0149 -36.3734 -64.1241 
-57 -111.77 -29 26 -73.821 -83.062 -38.1249 -64.4416 
-59 -110.836 -28 26 -73.6195 -82.7241 -36.3987 -64.2707 
-57 -115.784 -30 26 -66.2957 -75.2938 -35.4361 -66.3495 
-61 -108.733 -29 28 -79.0695 -83.7705 -38.7445 -66.7002 
-53 -114.782 -30 28 -73.9283 -76.4187 -36.2514 -66.1152 
-57 -111.161 -28 26 -73.6587 -83.062 -36.3589 -64.4362 
-61 -108.064 -29 27 -80.3612 -84.6733 -40.5376 -65.9074 
-57 -110.892 -29 26 -73.4302 -82.9453 -39.763 -65.7078 
-49 -116.941 -30 26 -68.289 -75.5935 -37.2699 -65.1228 
-61 -108.557 -29 27 -80.1137 -82.6262 -40.5521 -65.5953 
-63 -109.618 -29 28 -79.4211 -83.5493 -37.1462 -65.2685 
-47 -119.03 -32 28 -61.5955 -75.1342 -41.1768 -68.7549 
-63 -110.629 -31 30 -75.3463 -83.7411 -40.5146 -69.0084 
-61 -113.625 -30 28 -71.935 -76.119 -34.4176 -67.3419 
-57 -110.056 -28 27 -77.4373 -86.3535 -33.6498 -66.1906 
-65 -109.111 -31 29 -81.4475 -84.9996 -41.5526 -66.9351 
-57 -110.283 -28 26 -73.2679 -82.9453 -37.997 -65.7024 
-61 -107.984 -29 28 -78.8299 -83.7669 -40.7157 -67.4935 
-59 -110.944 -29 28 -79.1736 -81.5022 -37.1607 -64.9564 
-59 -109.494 -28 25 -72.2261 -81.8656 -37.9945 -66.6134 
-49 -116.332 -29 26 -68.1267 -75.5935 -35.5039 -65.1174 
-63 -110.013 -29 28 -79.2128 -81.8401 -37.1209 -65.1219 
-59 -112.788 -31 28 -69.707 -82.9159 -41.5332 -68.016 
-51 -117.398 -31 27 -64.6157 -77.9594 -39.1267 -66.651 
-47 -118.42 -31 28 -61.4332 -75.1342 -39.4108 -68.7495 
-62 -108.811 -30 28 -80.509 -85.0573 -40.7866 -66.8255 
-59 -109.163 -28 27 -81.9983 -85.1862 -38.4581 -62.8533 
-41 -116.581 -28 25 -72.5354 -80.8012 -35.6663 -61.8717 
-57 -109.516 -28 25 -72.4736 -83.9127 -37.98 -66.9256 
-59 -111.777 -29 26 -73.7818 -82.7241 -38.1647 -64.2761 
FEATURES_TXT_END_0
FEATURES_TXT_BEGIN_0 10 100 8 Distortion0_0 LM0_0 WordPenalty0_0 PhrasePenalty0_0 TranslationModel0_0 TranslationModel0_1 TranslationModel0_2 TranslationModel0_3 
-30 -74.8557 -18 16 -30.8641 -42.9037 -15.3746 -33.5673 
-20 -75.4151 -18 16 -32.1623 -41.9574 -18.2078 -34.7667 
-30 -76.8123 -19 14 -27.3705 -41.0343 -15.5633 -33.4382 
-26 -77.7636 -19 14 -27.3705 -41.0343 -15.5633 -33.4382 
-27 -72.3922 -18 14 -33.1258 -48.7838 -21.2519 -33.5109 
-11 -79.9898 -18 14 -24.6951 -43.9876 -15.2987 -33.758 
-23 -73.3435 -18 14 -33.1258 -48.7838 -21.2519 -33.5109 
-21 -79.5383 -18 14 -23.0177 -40.6649 -14.9057 -32.6236 
-27 -75.0753 -18 14 -29.0428 -46.9144 -17.0034 -33.3764 
-26 -76.103 -19 16 -29.8386 -42.2813 -18.2078 -35.1732 
-23 -76.0267 -18 14 -29.0428 -46.9144 -17.0034 -33.3764 
-24 -75.4498 -17 13 -32.0207 -45.5604 -17.4885 -29.9744 
-8 -83.0474 -17 13 -23.59 -40.7642 -11.5353 -30.2215 
-6 -84.0602 -19 14 -23.0228 -38.1075 -13.8586 -33.8198 
-24 -75.5013 -18 13 -32.0577 -46.2685 -19.098 -31.3014 
-20 -76.4011 -17 13 -32.0207 -45.5604 -17.4885 -29.9744 
-8 -83.0989 -18 13 -23.627 -41.4723 -13.1447 -31.5485 
-18 -82.5959 -17 13 -21.9127 -37.4415 -11.1422 -29.087 
-24 -78.1329 -17 13 -27.9378 -43.691 -13.24 -29.8399 
-30 -75.8692 -19 15 -30.703 -42.9037 -18.1427 -33.5727 
-11 -79.8346 -17 14 -24.6525 -43.9876 -13.2193 -33.7526 
-20 -76.4526 -18 13 -32.0577 -46.2685 -19.098 -31.3014 
-16 -83.6086 -19 14 -21.3455 -34.7847 -13.4655 -32.6854 
-18 -82.6474 -18 13 -21.9497 -38.1496 -12.7517 -30.4141 
-24 -78.1844 -18 13 -27.9748 -44.3991 -14.8495 -31.1669 
-11 -80.2043 -19 14 -24.6911 -45.5629 -17.35 -35.1965 
-20 -79.0842 -17 13 -27.9378 -43.691 -13.24 -29.8399 
-26 -76.8205 -19 15 -30.703 -42.9037 -18.1427 -33.5727 
-23 -74.4613 -18 16 -31.5108 -48.1614 -19.648 -35.1114 
-30 -77.3754 -18 15 -27.5316 -41.0342 -12.7953 -33.4328 
-20 -79.1358 -18 13 -27.9748 -44.3991 -14.8495 -31.1669 
-21 -79.7528 -19 14 -23.0138 -42.2402 -16.9569 -34.0621 
-26 -76.1912 -18 16 -31.918 -44.2654 -18.2078 -32.2856 
-6 -82.8142 -19 15 -26.3552 -39.9769 -16.4379 -33.9543 
-24 -75.9661 -18 13 -32.5686 -46.7823 -19.098 -30.7418 
-8 -82.8921 -16 13 -23.5474 -40.7642 -9.45584 -30.216 
-26 -78.2791 -19 15 -26.5061 -40.4119 -15.6285 -35.0387 
-16 -82.3627 -19 15 -24.6779 -36.6541 -16.0449 -32.8199 
-6 -83.9049 -18 14 -22.9802 -38.1075 -11.7791 -33.8144 
-20 -76.9175 -18 13 -32.5686 -46.7823 -19.098 -30.7418 
-21 -78.3908 -17 14 -26.6449 -44.61 -13.2193 -32.1521 
-8 -83.2619 -18 13 -23.5861 -42.3395 -13.5866 -31.66 
-27 -74.2275 -18 15 -32.3753 -48.7838 -19.5828 -33.5109 
-24 -77.7506 -19 13 -30.9126 -46.7823 -19.098 -30.7472 
-8 -82.9437 -17 13 -23.5845 -41.4723 -11.0653 -31.5431 
-20 -77.5189 -17 15 -30.4058 -44.938 -15.8846 -31.5749 
-8 -85.3483 -19 13 -22.4819 -41.9861 -13.1447 -30.9943 
-8 -83.3134 -19 13 -23.6231 -43.0476 -15.196 -32.987 
-30 -75.9575 -18 15 -32.7824 -44.8878 -18.1427 -30.685 
-18 -82.8103 -18 13 -21.9087 -39.0168 -13.1935 -30.5255 
-27 -74.1308 -17 16 -32.5364 -48.7838 -16.8148 -33.5055 
-23 -75.1788 -18 15 -32.3753 -48.7838 -19.5828 -33.5109 
-20 -78.702 -19 13 -30.9126 -46.7823 -19.098 -30.7472 
-20 -77.5704 -18 15 -30.4428 -45.6461 -17.494 -32.9019 
-11 -80.049 -18 14 -24.6486 -45.5629 -15.2705 -35.1911 
-24 -76.3168 -17 13 -32.5315 -46.0743 -17.4885 -29.4147 
-27 -75.7596 -17 15 -29.2039 -46.9144 -14.2354 -33.371 
-18 -84.8967 -19 13 -20.8046 -38.6634 -12.7517 -29.8599 
-30 -73.6872 -17 16 -35.6737 -47.6182 -14.276 -33.3956 
-3 -82.7066 -18 14 -24.6951 -43.9876 -15.2987 -33.758 
-30 -75.8608 -17 16 -32.9435 -44.8878 -15.3746 -30.6796 
-28 -75.1011 -17 16 -33.9676 -42.0974 -16.0614 -32.6224 
-24 -80.4338 -19 13 -26.8297 -44.9129 -14.8495 -30.6127 
-26 -76.9088 -18 15 -32.7824 -44.8878 -18.1427 -30.685 
-18 -82.8618 -19 13 -21.9458 -39.7249 -14.803 -31.8526 
-28 -72.5664 -16 16 -38.7773 -46.8119 -14.9628 -32.4508 
-3 -81.1725 -18 15 -28.0275 -45.857 -17.8781 -33.8925 
-17 -74.6903 -17 16 -33.8346 -47.8375 -19.648 -34.7049 
-23 -76.5422 -18 15 -28.1784 -46.292 -17.0686 -34.9769 
-20 -77.2681 -17 13 -32.5315 -46.0743 -17.4885 -29.4147 
-18 -81.4484 -16 13 -25.5399 -41.3866 -9.45584 -28.6155 
-6 -82.6589 -18 15 -26.3127 -39.9769 -14.3585 -33.9489 
-20 -74.2466 -17 16 -36.972 -46.6719 -17.1092 -34.595 
-24 -77.2851 -17 14 -31.2702 -45.5604 -15.8194 -29.9744 
-20 -81.3851 -19 13 -26.8297 -44.9129 -14.8495 -30.6127 
-13 -82.255 -18 14 -23.0177 -40.6649 -14.9057 -32.6236 
-6 -82.9025 -18 15 -28.4347 -41.961 -16.4379 -31.0666 
-24 -78.1013 -18 13 -30.8756 -46.0743 -17.4885 -29.4202 
-20 -76.4202 -17 16 -34.2418 -43.9415 -18.2078 -31.8791 
-16 -82.4611 -18 14 -24.9727 -38.7298 -11.7791 -32.2139 
-18 -75.6605 -17 16 -35.2659 -41.1511 -18.8946 -33.8219 
-8 -83.9953 -18 13 -24.1379 -41.9861 -13.1447 -30.9889 
-18 -73.1258 -16 16 -40.0756 -45.8657 -17.796 -33.6502 
-13 -80.721 -18 15 -26.3502 -42.5343 -17.485 -32.758 
-30 -78.0202 -18 14 -26.4036 -41.0343 -12.7301 -33.4328 
-8 -85.6989 -18 13 -22.4449 -41.2781 -11.5353 -29.6673 
-30 -75.6438 -18 14 -32.1802 -45.7488 -14.4647 -33.2665 
-18 -81.4999 -17 13 -25.5769 -42.0947 -11.0653 -29.9426 
-28 -78.6306 -19 14 -27.3705 -41.0343 -15.5633 -33.4382 
-29 -77.126 -17 14 -26.6449 -44.61 -13.2193 -32.1521 
-28 -77.0577 -18 14 -30.4741 -40.228 -16.2501 -32.4934 
-28 -74.523 -17 14 -35.2838 -44.9425 -15.1515 -32.3217 
-24 -77.3366 -18 14 -31.3073 -46.2685 -17.4289 -31.3014 
-24 -77.1884 -16 15 -31.4313 -45.5604 -13.0514 -29.969 
-20 -78.2364 -17 14 -31.2702 -45.5604 -15.8194 -29.9744 
-16 -82.4509 -18 15 -26.7574 -38.6383 -16.0449 -29.9322 
-20 -79.0526 -18 13 -30.8756 -46.0743 -17.4885 -29.4202 
-8 -83.1066 -17 13 -23.5435 -42.3395 -11.5071 -31.6545 
-18 -83.5437 -18 13 -22.4605 -38.6634 -12.7517 -29.8545 
-24 -79.0808 -18 13 -28.4856 -44.9129 -14.8495 -30.6073 
FEATURES_TXT_END_0
FEATURES_TXT_BEGIN_0 11 100 8 Distortion0_0 LM0_0 WordPenalty0_0 PhrasePenalty0_0 TranslationModel0_0 TranslationModel0_1 TranslationModel0_2 TranslationModel0_3 
-30 -116.046 -26 24 -68.9081 -82.8381 -46.9793 -71.2164 
-30 -117.835 -26 24 -69.1711 -82.6714 -44.8393 -69.4568 
-30 -118.565 -26 24 -66.2907 -80.1468 -46.2862 -69.7198 
-30 -120.354 -26 24 -66.5537 -79.9801 -44.1461 -67.9601 
-46 -115.113 -27 25 -70.8139 -82.2633 -46.5652 -70.5716 
-46 -116.902 -27 25 -71.0769 -82.0966 -44.4251 -68.812 
-32 -122.64 -27 25 -62.6521 -78.3821 -44.8655 -68.3412 
-28 -119.436 -27 25 -68.269 -83.3334 -46.475 -71.3603 
-44 -114.603 -26 24 -70.5035 -81.4771 -46.3128 -70.7969 
-44 -115.869 -27 24 -67.5819 -81.2791 -47.0059 -71.9009 
-24 -119.579 -26 24 -72.2592 -82.1273 -44.2866 -69.7851 
-32 -122.609 -27 25 -64.1375 -78.6387 -44.8655 -68.0535 
-32 -124.429 -27 25 -62.9151 -78.2155 -42.7255 -66.5815 
-28 -121.225 -27 25 -68.532 -83.1667 -44.3349 -69.6006 
-44 -116.393 -26 24 -70.7665 -81.3104 -44.1727 -69.0372 
-30 -117.425 -26 24 -70.3935 -83.0946 -46.9793 -70.9288 
-44 -117.658 -27 24 -67.8448 -81.1124 -44.8658 -70.1412 
-30 -121.682 -26 24 -64.8809 -78.8136 -44.26 -68.068 
-32 -122.044 -26 24 -62.2722 -78.3394 -44.3501 -67.9993 
-24 -121.368 -26 24 -72.5221 -81.9606 -42.1465 -68.0255 
-32 -124.398 -27 25 -64.4004 -78.472 -42.7255 -66.2939 
-32 -122.917 -27 25 -62.4208 -77.4736 -45.186 -68.8945 
-32 -125.159 -27 25 -60.0347 -75.6909 -44.1724 -66.8445 
-28 -121.955 -27 25 -65.6516 -80.6421 -45.7818 -69.8636 
-30 -119.372 -28 25 -69.3434 -82.8808 -50.4162 -71.5637 
-46 -116.138 -27 25 -70.8139 -82.2633 -46.5652 -70.5716 
-30 -119.215 -26 24 -70.6565 -82.9279 -44.8393 -69.1691 
-30 -119.063 -27 25 -69.2879 -82.8808 -47.4948 -71.5583 
-32 -122.013 -26 24 -63.7576 -78.5959 -44.3501 -67.7116 
-30 -123.472 -26 24 -65.1439 -78.647 -42.1199 -66.3084 
-30 -118.295 -26 24 -67.4227 -82.5815 -46.9793 -71.5041 
-40 -117.982 -28 25 -69.3359 -83.5511 -47.7236 -71.7221 
-32 -122.885 -27 25 -63.9062 -77.7301 -45.186 -68.6068 
-32 -123.833 -26 24 -62.5352 -78.1727 -42.21 -66.2396 
-32 -125.128 -27 25 -61.5201 -75.9474 -44.1724 -66.5569 
-32 -124.706 -27 25 -62.6838 -77.307 -43.0459 -67.1349 
-34 -115.007 -26 24 -71.0722 -87.2589 -46.086 -74.003 
-30 -119.529 -26 24 -69.2169 -82.9831 -44.3226 -69.8955 
-38 -116.374 -26 25 -69.2548 -83.2604 -47.8604 -71.2432 
-32 -126.948 -27 25 -60.2977 -75.5242 -42.0323 -65.0849 
-30 -115.627 -26 24 -72.8095 -85.2971 -51.8037 -71.1153 
-28 -123.744 -27 25 -65.9146 -80.4755 -43.6418 -68.104 
-24 -120.109 -26 24 -72.1548 -81.457 -45.3965 -69.6268 
-30 -119.945 -26 24 -67.7761 -80.4033 -46.2862 -69.4321 
-30 -121.161 -28 25 -69.6064 -82.7142 -48.2762 -69.8041 
-48 -121.707 -28 26 -64.5579 -77.8074 -44.4514 -67.6964 
-46 -117.927 -27 25 -71.0769 -82.0966 -44.4251 -68.812 
-44 -118.503 -28 26 -70.1748 -82.7586 -46.0608 -70.7155 
-30 -120.852 -27 25 -69.5509 -82.7142 -45.3547 -69.7987 
-30 -124.202 -26 24 -62.2635 -76.1224 -43.5668 -66.5714 
-32 -123.802 -26 24 -64.0206 -78.4292 -42.21 -65.952 
-30 -120.085 -26 24 -67.6857 -82.4149 -44.8393 -69.7445 
-40 -119.771 -28 25 -69.5988 -83.3845 -45.5836 -69.9624 
-32 -124.675 -27 25 -64.1692 -77.5635 -43.0459 -66.8472 
-32 -124.563 -26 24 -59.6549 -75.6481 -43.6569 -66.5027 
-34 -119.414 -27 25 -64.0104 -78.7685 -45.5132 -74.3503 
-28 -119.579 -26 24 -72.2592 -82.1273 -44.2866 -69.7851 
-32 -126.917 -27 25 -61.7831 -75.7808 -42.0323 -64.7972 
-32 -125.436 -27 25 -59.8035 -74.7824 -44.4928 -67.3979 
-28 -119.436 -26 24 -67.8892 -83.2906 -45.9595 -71.0184 
-36 -117.183 -26 24 -68.9081 -82.8381 -46.9793 -71.2164 
-34 -116.797 -26 24 -71.3351 -87.0922 -43.946 -72.2433 
-48 -121.676 -28 26 -66.0433 -78.0639 -44.4514 -67.4087 
-28 -120.382 -26 24 -63.5778 -82.5139 -43.8194 -72.6004 
-38 -118.163 -26 25 -69.5178 -83.0937 -45.7203 -69.4836 
-30 -117.417 -26 24 -73.0724 -85.1304 -49.6636 -69.3556 
-42 -116.854 -27 25 -67.5672 -83.6443 -48.1481 -72.1613 
-30 -121.891 -28 25 -66.726 -80.1896 -49.7231 -70.0671 
-24 -121.898 -26 24 -72.4178 -81.2903 -43.2564 -67.8671 
-34 -119.631 -26 24 -66.2907 -80.1468 -46.2862 -69.7198 
-30 -121.734 -26 24 -68.0391 -80.2367 -44.1461 -67.6725 
-48 -123.496 -28 26 -64.8208 -77.6407 -42.3113 -65.9367 
-46 -116.374 -27 25 -70.9451 -82.1842 -47.0884 -70.8593 
-38 -120.239 -27 25 -64.2734 -78.6019 -43.3732 -72.5906 
-24 -120.217 -26 24 -72.3904 -82.0482 -44.8098 -70.0728 
-44 -120.292 -28 26 -70.4377 -82.5919 -43.9208 -68.9558 
-38 -118.833 -26 24 -66.2907 -80.1468 -46.2862 -69.7198 
-30 -121.582 -27 25 -66.6706 -80.1896 -46.8017 -70.0617 
-32 -124.532 -26 24 -61.1402 -75.9046 -43.6569 -66.215 
-30 -125.991 -26 24 -62.5265 -75.9557 -41.4268 -64.8117 
-34 -118.397 -26 24 -72.1548 -81.457 -45.3965 -69.6268 
-30 -120.815 -26 24 -64.8053 -79.8903 -46.2862 -70.0075 
-40 -120.501 -28 25 -66.7185 -80.8599 -47.0305 -70.2254 
-32 -125.405 -27 25 -61.2888 -75.0389 -44.4928 -67.1102 
-30 -119.434 -27 25 -70.7733 -83.1374 -47.4948 -71.2706 
-26 -120.843 -26 24 -69.1041 -82.6764 -45.0804 -69.5922 
-46 -120.75 -27 25 -66.7867 -78.2389 -43.8458 -67.4232 
-32 -126.352 -26 24 -59.9178 -75.4815 -41.5169 -64.743 
-30 -119.804 -28 25 -68.834 -81.9723 -51.1559 -72.1171 
-34 -121.204 -27 25 -64.2734 -78.6019 -43.3732 -72.5906 
-46 -121.198 -27 25 -64.2475 -77.0212 -44.199 -67.9216 
-28 -119.285 -26 25 -69.3049 -83.2906 -47.0914 -71.0184 
-28 -120.351 -26 24 -65.0632 -82.7704 -43.8194 -72.3127 
-28 -121.368 -26 24 -72.5221 -81.9606 -42.1465 -68.0255 
-32 -127.225 -27 25 -60.0664 -74.6157 -42.3528 -65.6382 
-48 -121.111 -27 25 -64.178 -77.7646 -43.9359 -67.3545 
-42 -117.993 -27 25 -69.8644 -81.9724 -45.8084 -70.9407 
-30 -123.106 -26 24 -63.7576 -78.5959 -44.3501 -67.7116 
-34 -117.527 -26 24 -68.4548 -84.5676 -45.3929 -72.5063 
-28 -121.225 -26 24 -68.1521 -83.1239 -43.8194 -69.2587 
FEATURES_TXT_END_0
FEATURES_TXT_BEGIN_0 12 100 8 Distortion0_0 LM0_0 WordPenalty0_0 PhrasePenalty0_0 TranslationModel0_0 TranslationModel0_1 TranslationModel0_2 TranslationModel0_3 
-37 -165.419 -34 29 -69.5396 -62.3771 -38.4664 -62.2895 
-45 -164.046 -34 30 -68.9908 -62.3771 -38.9468 -62.2895 
-51 -165.015 -33 30 -63.1545 -58.3928 -36.3936 -61.06 
-39 -167.541 -36 27 -67.9954 -63.7193 -36.451 -62.8251 
-59 -163.641 -33 31 -62.6058 -58.3928 -36.8741 -61.06 
-49 -161.842 -35 30 -72.8413 -65.7845 -43.2197 -62.8721 
-53 -167.137 -35 28 -61.6104 -59.7351 -34.3782 -61.5956 
-37 -165.1 -33 29 -69.1755 -62.3821 -36.5793 -62.4195 
-45 -163.726 -33 30 -68.6268 -62.3821 -37.0598 -62.4195 
-37 -166.476 -34 29 -66.2975 -62.4579 -37.8395 -62.8271 
-45 -165.103 -34 30 -65.7488 -62.4579 -38.32 -62.8271 
-39 -165.419 -34 29 -69.5396 -62.3771 -38.4664 -62.2895 
-37 -166.497 -35 29 -68.1206 -62.3771 -41.7456 -62.2949 
-47 -164.046 -34 30 -68.9908 -62.3771 -38.9468 -62.2895 
-63 -161.438 -34 31 -66.4563 -61.8002 -41.1469 -61.6425 
-33 -166.099 -33 29 -69.1755 -62.3821 -36.5793 -62.4195 
-39 -167.222 -35 27 -67.6314 -63.7244 -34.5639 -62.9551 
-37 -165.388 -33 29 -69.2425 -62.3771 -36.3381 -62.2841 
-31 -168.591 -34 28 -67.9369 -61.8375 -35.7735 -61.4608 
-41 -164.725 -33 30 -68.6268 -62.3821 -37.0598 -62.4195 
-39 -168.598 -36 27 -64.7534 -63.8001 -35.8241 -63.3628 
-45 -164.015 -33 30 -68.6938 -62.3771 -36.8186 -62.2841 
-39 -167.218 -34 29 -67.3882 -61.8375 -36.254 -61.4608 
-43 -161.449 -35 30 -77.1578 -70.8651 -40.6679 -64.621 
-41 -167.541 -36 27 -67.9954 -63.7193 -36.451 -62.8251 
-51 -166.093 -34 30 -61.7356 -58.3928 -39.6728 -61.0654 
-51 -160.075 -35 31 -76.6091 -70.8651 -41.1484 -64.6211 
-29 -176.18 -37 28 -59.3746 -57.191 -30.7333 -62.6659 
-49 -161.523 -34 30 -72.4773 -65.7895 -41.3326 -63.0021 
-35 -168.221 -35 27 -67.6314 -63.7244 -34.5639 -62.9551 
-39 -167.51 -35 27 -67.6984 -63.7193 -34.3228 -62.8197 
-49 -162.9 -35 30 -69.5993 -65.8652 -42.5928 -63.4097 
-45 -168.186 -33 29 -61.5519 -57.8532 -33.7007 -60.2313 
-33 -170.713 -36 26 -66.3928 -63.1797 -33.7581 -61.9964 
-53 -166.813 -33 30 -61.0032 -57.8532 -34.1812 -60.2313 
-57 -161.044 -34 31 -70.7728 -66.8809 -38.5951 -63.3915 
-45 -163.571 -37 28 -75.6137 -72.2074 -38.6525 -65.1567 
-51 -161.842 -35 30 -72.8413 -65.7845 -43.2197 -62.8721 
-65 -159.671 -34 32 -70.2241 -66.8809 -39.0756 -63.3915 
-39 -165.1 -33 29 -69.1755 -62.3821 -36.5793 -62.4195 
-35 -168.297 -35 27 -67.5823 -65.1562 -33.001 -63.5234 
-37 -166.178 -34 29 -67.7566 -62.3821 -39.8585 -62.4249 
-43 -175.775 -36 29 -52.9896 -53.2067 -28.6606 -61.4364 
-47 -163.726 -33 30 -68.6268 -62.3821 -37.0598 -62.4195 
-39 -166.476 -34 29 -66.2975 -62.4579 -37.8395 -62.8271 
-37 -167.555 -35 29 -64.8786 -62.4579 -41.1187 -62.8325 
-47 -165.103 -34 30 -65.7488 -62.4579 -38.32 -62.8271 
-33 -166.534 -33 29 -69.2425 -62.3771 -36.3381 -62.2841 
-45 -162.522 -34 30 -72.4773 -65.7895 -41.3326 -63.0021 
-49 -161.811 -34 30 -72.5443 -65.7845 -41.0915 -62.8666 
-43 -165.014 -35 29 -71.2387 -65.2448 -40.5268 -62.0433 
-41 -165.161 -33 30 -68.6938 -62.3771 -36.8186 -62.2841 
-47 -170.308 -35 27 -60.0078 -59.1955 -31.6853 -60.7669 
-39 -166.497 -35 29 -68.1206 -62.3771 -41.7456 -62.2949 
-31 -168.271 -33 28 -67.5729 -61.8425 -33.8864 -61.5908 
-55 -157.872 -36 31 -80.4596 -74.2725 -45.4212 -65.2036 
-59 -163.166 -36 29 -69.2287 -68.2231 -36.5798 -63.9272 
-39 -166.898 -33 29 -67.0242 -61.8425 -34.3669 -61.5908 
-31 -169.648 -34 28 -64.6949 -61.9183 -35.1466 -61.9984 
-35 -168.314 -35 27 -67.5153 -65.1613 -33.2422 -63.6588 
-43 -161.129 -34 30 -76.7938 -70.8702 -38.7808 -64.7511 
-39 -168.275 -34 29 -64.1462 -61.9183 -35.6271 -61.9984 
-41 -167.222 -35 27 -67.6314 -63.7244 -34.5639 -62.9551 
-49 -167.893 -34 28 -61.1973 -61.172 -30.9282 -62.2939 
-39 -165.388 -33 29 -69.2425 -62.3771 -36.3381 -62.2841 
-51 -159.756 -34 31 -76.2451 -70.8702 -39.2613 -64.7511 
-43 -162.506 -35 30 -73.9158 -70.9459 -40.041 -65.1587 
-33 -167.177 -34 29 -67.7566 -62.3821 -39.8585 -62.4249 
-37 -166.466 -34 29 -67.8236 -62.3771 -39.6173 -62.2895 
-33 -168.591 -34 28 -67.9369 -61.8375 -35.7735 -61.4608 
-41 -168.598 -36 27 -64.7534 -63.8001 -35.8241 -63.3628 
-39 -168.977 -37 27 -66.5764 -63.7193 -39.7302 -62.8305 
-47 -164.015 -33 30 -68.6938 -62.3771 -36.8186 -62.2841 
-31 -169.669 -35 28 -66.518 -61.8375 -39.0527 -61.4662 
-51 -161.133 -35 31 -73.3671 -70.9459 -40.5215 -65.1587 
-41 -167.218 -34 29 -67.3882 -61.8375 -36.254 -61.4608 
-29 -175.86 -36 28 -59.0106 -57.196 -28.8463 -62.7959 
-35 -168.656 -35 27 -67.6984 -63.7193 -34.3228 -62.8197 
-49 -164.167 -34 30 -68.9908 -62.3771 -38.9468 -62.2895 
-45 -161.449 -35 30 -77.1578 -70.8651 -40.6679 -64.621 
-29 -177.237 -37 28 -56.1325 -57.2718 -30.1064 -63.2035 
-43 -162.527 -36 30 -75.7389 -70.8651 -43.9471 -64.6265 
-57 -164.61 -34 30 -64.8537 -61.2606 -38.454 -60.8138 
-37 -166.928 -34 29 -66.1054 -62.4181 -38.1046 -63.1181 
-53 -160.075 -35 31 -76.6091 -70.8651 -41.1484 -64.6211 
-63 -163.641 -33 31 -62.6058 -58.3928 -36.8741 -61.06 
-45 -165.554 -34 30 -65.5566 -62.4181 -38.5851 -63.1181 
-37 -165.909 -33 29 -69.2425 -62.3771 -36.3381 -62.2841 
-27 -169.271 -33 28 -67.5729 -61.8425 -33.8864 -61.5908 
-33 -170.393 -35 26 -66.0288 -63.1848 -31.871 -62.1264 
-31 -168.56 -33 28 -67.6399 -61.8375 -33.6452 -61.4554 
-47 -165.844 -35 30 -68.9908 -62.3771 -38.9468 -62.2949 
-69 -157.467 -35 32 -74.0746 -70.2883 -43.3485 -63.9741 
-31 -176.18 -37 28 -59.3746 -57.191 -30.7333 -62.6659 
-57 -161.898 -33 30 -68.6268 -62.3821 -37.0598 -62.4195 
-45 -164.536 -33 30 -68.6938 -62.3771 -36.8186 -62.2841 
-35 -167.897 -33 29 -67.0242 -61.8425 -34.3669 -61.5908 
-33 -171.77 -36 26 -63.1508 -63.2605 -33.1312 -62.5341 
-39 -167.187 -33 29 -67.0912 -61.8375 -34.1257 -61.4554 
-49 -167.909 -34 28 -61.1303 -61.177 -31.1694 -62.4293 
FEATURES_TXT_END_0
FEATURES_TXT_BEGIN_0 13 77 8 Distortion0_0 LM0_0 WordPenalty0_0 PhrasePenalty0_0 TranslationModel0_0 TranslationModel0_1 TranslationModel0_2 TranslationModel0_3 
-29 -103.932 -33 25 -73.9673 -82.3877 -37.9597 -67.441 
-24 -104.793 -34 25 -77.1732 -81.9654 -40.8208 -67.4197 
-30 -103.053 -33 26 -75.8955 -82.8706 -39.9608 -67.4898 
-37 -104.678 -35 26 -73.8375 -76.5697 -42.858 -67.0993 
-37 -103.868 -35 26 -74.9657 -76.7314 -43.2635 -68.0503 
-34 -105.534 -35 26 -73.8375 -76.5697 -42.858 -67.0993 
-29 -105.071 -34 26 -74.8235 -83.194 -37.9935 -68.3859 
-24 -105.931 -35 26 -78.0294 -82.7717 -40.8546 -68.3645 
-30 -104.191 -34 27 -76.7518 -83.6768 -39.9946 -68.4347 
-37 -105.816 -36 27 -74.6938 -77.376 -42.8918 -68.0442 
-37 -105.006 -36 27 -75.822 -77.5377 -43.2973 -68.9952 
-34 -106.672 -36 27 -74.6938 -77.376 -42.8918 -68.0442 
-29 -104.985 -34 25 -75.1642 -81.9654 -41.4294 -67.4197 
-37 -105.229 -35 26 -72.8863 -74.8538 -44.6498 -67.6254 
-31 -103.471 -35 26 -74.7013 -83.8846 -40.8376 -72.4634 
-26 -104.331 -36 26 -77.9072 -83.4623 -43.6987 -72.4421 
-29 -104.296 -34 25 -76.2924 -82.1271 -41.8349 -68.3707 
-32 -102.592 -35 27 -76.6295 -84.3674 -42.8387 -72.5122 
-39 -104.217 -37 27 -74.5716 -78.0665 -45.736 -72.1217 
-37 -107.355 -35 26 -70.9892 -73.0372 -42.5704 -66.635 
-39 -103.407 -37 27 -75.6998 -78.2282 -46.1414 -73.0727 
-29 -106.123 -35 26 -76.0205 -82.7717 -41.4632 -68.3645 
-33 -101.211 -33 26 -79.0651 -84.1999 -42.8512 -69.0657 
-36 -105.073 -37 27 -74.5716 -78.0665 -45.736 -72.1217 
-37 -106.367 -36 27 -73.7426 -75.6601 -44.6836 -68.5703 
-31 -104.98 -35 26 -65.6592 -82.5379 -37.8501 -76.6585 
-30 -105.018 -33 26 -75.648 -80.8235 -39.9753 -67.1777 
-29 -105.434 -35 26 -77.1487 -82.9334 -41.8687 -69.3155 
-26 -105.84 -36 26 -68.8651 -82.1156 -40.7112 -76.6372 
-29 -104.272 -33 26 -75.8635 -82.0278 -41.0594 -68.2883 
-32 -104.101 -35 27 -67.5874 -83.0207 -39.8512 -76.7073 
-39 -105.726 -37 27 -65.5294 -76.7198 -42.7484 -76.3168 
-33 -100.938 -33 26 -81.1445 -86.0775 -41.4649 -69.4906 
-37 -108.493 -36 27 -71.8455 -73.8435 -42.6041 -67.5799 
-31 -103.879 -36 27 -66.5424 -83.0512 -43.7933 -78.3396 
-31 -104.432 -34 26 -73.0147 -83.8846 -37.4446 -72.458 
-29 -105.536 -34 25 -74.2129 -80.2495 -43.2212 -67.9458 
-29 -105.599 -35 26 -73.5708 -83.8846 -38.6866 -72.4634 
-39 -104.916 -37 27 -66.6576 -76.8815 -43.1539 -77.2678 
-31 -103.096 -34 26 -76.1341 -83.2631 -39.739 -72.5593 
-33 -102.349 -34 27 -79.9213 -85.0062 -42.8849 -70.0106 
-26 -104.739 -37 27 -69.7483 -82.6289 -46.6544 -78.3182 
-29 -105.812 -34 26 -76.7484 -82.3877 -41.4649 -67.4464 
-26 -105.292 -35 26 -76.2206 -83.4623 -40.3057 -72.4367 
-36 -106.582 -37 27 -65.5294 -76.7198 -42.7484 -76.3168 
-35 -101.588 -33 26 -79.2339 -86.0011 -40.9929 -69.0669 
-32 -103 -36 28 -68.4706 -83.534 -45.7944 -78.3884 
-24 -106.459 -36 26 -76.7767 -83.4623 -41.5477 -72.4421 
-29 -105.739 -34 25 -75.6695 -83.194 -39.7026 -68.3859 
-32 -103.553 -34 27 -74.9429 -84.3674 -39.4457 -72.5068 
-24 -106.656 -34 25 -75.2373 -81.6055 -41.5139 -68.267 
-37 -107.218 -35 26 -71.4592 -73.3569 -43.7335 -67.3 
-39 -104.625 -38 28 -66.4126 -77.2332 -48.6916 -77.9979 
-29 -99.1079 -33 27 -83.4492 -90.4454 -44.6657 -71.7585 
-30 -104.72 -35 27 -75.499 -84.3674 -40.6877 -72.5122 
-39 -105.178 -36 27 -72.885 -78.0665 -42.3429 -72.1163 
-26 -103.956 -35 26 -79.34 -82.8408 -42.6001 -72.538 
-33 -102.148 -33 26 -80.0163 -85.9158 -41.0594 -68.5396 
-30 -106.156 -34 27 -76.5043 -81.6298 -40.0091 -68.1225 
-37 -106.344 -37 27 -73.441 -78.0665 -43.5849 -72.1217 
-32 -102.217 -34 27 -78.0623 -83.7459 -41.7401 -72.6081 
-31 -104.524 -36 26 -75.8982 -83.4623 -44.3074 -72.4421 
-25 -106.664 -34 25 -75.6695 -83.194 -39.7026 -68.3859 
-39 -103.842 -36 27 -76.0044 -77.4451 -44.6374 -72.2177 
-29 -105.107 -33 26 -71.0513 -78.4558 -41.0594 -70.4855 
-39 -104.767 -37 27 -73.6203 -76.3506 -47.5277 -72.6478 
-39 -103.815 -38 28 -67.5408 -77.3949 -49.0971 -78.9489 
-19 -111.043 -30 24 -69.2408 -77.594 -31.6112 -61.6215 
-24 -106.599 -35 25 -78.8754 -82.7717 -42.5636 -68.3645 
-39 -104.368 -36 27 -74.0132 -78.2282 -42.7484 -73.0673 
-29 -107.662 -34 25 -72.3158 -78.4329 -41.1418 -66.9554 
-24 -99.9679 -34 27 -86.6551 -90.0231 -47.5268 -71.7372 
-37 -105.534 -37 27 -74.5692 -78.2282 -43.9904 -73.0727 
-30 -104.86 -34 26 -77.5977 -83.6768 -41.7036 -68.4347 
-29 -105.41 -34 27 -76.7198 -82.834 -41.0932 -69.2332 
-30 -98.2288 -33 28 -85.3774 -90.9283 -46.6668 -71.8073 
-37 -106.485 -36 26 -75.5398 -77.376 -44.6009 -68.0442 
FEATURES_TXT_END_0
FEATURES_TXT_BEGIN_0 14 84 8 Distortion0_0 LM0_0 WordPenalty0_0 PhrasePenalty0_0 TranslationModel0_0 TranslationModel0_1 TranslationModel0_2 TranslationModel0_3 
-45 -112.364 -27 22 -59.7048 -75.9374 -27.7219 -55.8445 
-41 -118.17 -29 24 -55.238 -70.5861 -28.4269 -55.5776 
-45 -111.286 -26 22 -61.3 -74.747 -28.885 -55.5283 
-31 -119.146 -28 22 -55.7809 -74.2485 -29.2463 -55.5141 
-33 -115.518 -27 22 -59.7048 -75.9374 -27.7219 -55.8445 
-37 -114.705 -27 22 -59.7048 -75.9374 -27.7219 -55.8445 
-31 -115.974 -27 22 -59.7048 -75.9374 -27.7219 -55.8445 
-37 -113.17 -26 22 -61.3 -74.747 -28.885 -55.5283 
-39 -113.211 -26 22 -61.3907 -75.1311 -28.415 -54.8997 
-45 -118.197 -28 23 -49.8431 -69.5199 -22.1378 -58.155 
-41 -117.092 -28 24 -56.8333 -69.3958 -29.5901 -55.2614 
-45 -117.092 -28 24 -56.8333 -69.3958 -29.5901 -55.2614 
-33 -114.566 -26 22 -61.3907 -75.1311 -28.415 -54.8997 
-29 -121.324 -29 24 -55.238 -70.5861 -28.4269 -55.5776 
-46 -113.41 -27 22 -59.9069 -76.732 -27.1933 -55.323 
-33 -120.51 -29 24 -55.238 -70.5861 -28.4269 -55.5776 
-27 -121.78 -29 24 -55.238 -70.5861 -28.4269 -55.5776 
-43 -115.337 -27 23 -58.1504 -74.2335 -28.03 -54.4277 
-40 -111.321 -26 22 -66.6029 -78.4082 -29.7682 -54.6292 
-45 -112.739 -27 22 -60.7558 -76.6668 -27.7275 -56.4534 
-33 -118.976 -28 24 -56.8333 -69.3958 -29.5901 -55.2614 
-35 -119.017 -28 24 -56.924 -69.7799 -29.1201 -54.6328 
-41 -115.76 -27 23 -59.4528 -75.2009 -27.6826 -54.0228 
-45 -113.831 -27 22 -59.9069 -76.732 -27.1933 -55.323 
-41 -118.824 -30 24 -54.4335 -70.8169 -30.3877 -57.5521 
-49 -112.324 -27 22 -59.6141 -75.5533 -28.1919 -56.4731 
-29 -120.372 -28 24 -56.924 -69.7799 -29.1201 -54.6328 
-41 -113.211 -26 22 -61.3907 -75.1311 -28.415 -54.8997 
-39 -117.564 -28 24 -57.6204 -75.0398 -27.5247 -55.3726 
-51 -112.364 -27 22 -59.7048 -75.9374 -27.7219 -55.8445 
-36 -120.193 -28 24 -56.7331 -69.7963 -28.0933 -53.7477 
-51 -113.516 -27 23 -58.0598 -73.8494 -28.5 -55.0563 
-41 -119.731 -29 24 -53.8473 -68.0217 -29.1846 -56.0521 
-42 -119.216 -29 24 -55.4402 -71.3808 -27.8983 -55.056 
-25 -117.858 -27 22 -59.7048 -75.9374 -27.7219 -55.8445 
-39 -121.143 -29 25 -53.6837 -68.8822 -28.735 -54.1608 
-39 -117.748 -28 23 -56.4645 -75.0398 -27.3368 -55.3726 
-36 -117.127 -28 24 -62.1361 -73.057 -30.4732 -54.3622 
-41 -118.545 -29 24 -56.289 -71.3156 -28.4326 -56.1865 
-45 -117.118 -27 23 -51.4384 -68.3295 -23.3009 -57.8388 
-33 -115.893 -27 22 -60.7558 -76.6668 -27.7275 -56.4534 
-45 -113.925 -27 22 -58.314 -73.3729 -28.4796 -56.319 
-40 -114.387 -26 22 -61.1999 -75.1476 -27.3882 -54.0146 
-49 -111.286 -26 22 -61.3 -74.747 -28.885 -55.5283 
-41 -114.682 -26 23 -61.048 -74.0105 -28.8458 -53.7066 
-37 -118.204 -28 23 -56.4645 -75.0398 -27.3368 -55.3726 
-46 -113.86 -27 22 -59.9069 -76.732 -27.1933 -55.323 
-33 -121.351 -28 23 -49.8431 -69.5199 -22.1378 -58.155 
-43 -115.4 -27 23 -58.0598 -73.8494 -28.5 -55.0563 
-37 -120.537 -28 23 -49.8431 -69.5199 -22.1378 -58.155 
-41 -119.637 -29 24 -55.4402 -71.3808 -27.8983 -55.056 
-31 -121.807 -28 23 -49.8431 -69.5199 -22.1378 -58.155 
-35 -115.974 -27 22 -59.7048 -75.9374 -27.7219 -55.8445 
-33 -119.329 -28 23 -56.4645 -75.0398 -27.3368 -55.3726 
-45 -118.13 -29 24 -55.1474 -70.202 -28.8969 -56.2062 
-45 -115.441 -27 23 -58.1504 -74.2335 -28.03 -54.4277 
-49 -113.354 -27 22 -59.9069 -76.732 -27.1933 -55.323 
-37 -119.017 -28 24 -56.924 -69.7799 -29.1201 -54.6328 
-45 -116.68 -28 23 -56.4645 -75.0398 -27.3368 -55.3726 
-35 -123.37 -30 26 -53.1537 -69.6885 -28.2298 -55.1056 
-47 -112.698 -26 22 -61.1092 -74.7635 -27.8582 -54.6432 
-47 -118.17 -29 24 -55.238 -70.5861 -28.4269 -55.5776 
-35 -123.554 -30 25 -51.9978 -69.6885 -28.0419 -55.1056 
-25 -116.906 -26 22 -61.3907 -75.1311 -28.415 -54.8997 
-45 -114.458 -27 22 -57.3761 -73.0582 -30.4095 -55.1978 
-35 -117.677 -27 23 -58.1504 -74.2335 -28.03 -54.4277 
-37 -119.003 -27 23 -51.4384 -68.3295 -23.3009 -57.8388 
-47 -119.322 -29 25 -53.593 -68.4982 -29.205 -54.7894 
-33 -118.69 -28 22 -55.7809 -74.2485 -29.2463 -55.5141 
-37 -115.809 -27 22 -58.314 -73.3729 -28.4796 -56.319 
-37 -114.563 -26 22 -60.3772 -72.8718 -28.9904 -55.2724 
-45 -115.097 -27 23 -58.0598 -73.8494 -28.5 -55.0563 
-43 -113.211 -26 22 -61.3907 -75.1311 -28.415 -54.8997 
-41 -113.17 -26 22 -61.3 -74.747 -28.885 -55.5283 
-39 -119.044 -27 23 -51.529 -68.7136 -22.8309 -57.2102 
-39 -116.761 -27 23 -58.1504 -74.2335 -28.03 -54.4277 
-45 -111.66 -26 22 -62.351 -75.4764 -28.8907 -56.1372 
-45 -111.21 -27 22 -62.5 -77.5818 -29.8013 -58.2649 
-34 -116.564 -27 22 -59.9069 -76.732 -27.1933 -55.323 
-31 -117.079 -27 22 -58.314 -73.3729 -28.4796 -56.319 
-38 -115.44 -27 22 -59.7048 -75.9374 -27.7219 -55.8445 
-21 -123.664 -29 24 -55.238 -70.5861 -28.4269 -55.5776 
-51 -112.324 -27 22 -59.6141 -75.5533 -28.1919 -56.4731 
-32 -116.71 -27 22 -59.7048 -75.9374 -27.7219 -55.8445 
FEATURES_TXT_END_0
FEATURES_TXT_BEGIN_0 15 69 8 Distortion0_0 LM0_0 WordPenalty0_0 PhrasePenalty0_0 TranslationModel0_0 TranslationModel0_1 TranslationModel0_2 TranslationModel0_3 
-58 -157.659 -29 28 -73.855 -74.7981 -31.6153 -43.8878 
-50 -163.435 -29 27 -67.1113 -75.8218 -28.0637 -40.9134 
-48 -163.712 -29 26 -69.8258 -78.6397 -27.9299 -40.5694 
-60 -157.45 -29 28 -73.855 -74.7981 -31.6153 -43.8878 
-50 -163.522 -29 27 -67.1113 -75.8218 -28.0637 -40.9134 
-48 -159.23 -28 27 -76.6105 -73.9918 -31.8158 -42.943 
-54 -163.732 -29 27 -64.8909 -75.8218 -26.4543 -40.9134 
-48 -160.765 -30 28 -74.4717 -74.7981 -33.2248 -43.8932 
-46 -160.312 -29 27 -76.7728 -73.9918 -33.5818 -42.9484 
-58 -158.741 -30 28 -74.0173 -74.7981 -33.3813 -43.8932 
-60 -157.659 -29 28 -73.855 -74.7981 -31.6153 -43.8878 
-56 -163.522 -29 27 -64.8909 -75.8218 -26.4543 -40.9134 
-50 -165.754 -30 28 -62.019 -71.7523 -26.5464 -44.0472 
-36 -162.336 -29 27 -77.2272 -73.9918 -33.4253 -42.9484 
-56 -157.659 -29 28 -76.0754 -74.7981 -33.2248 -43.8878 
-52 -162.826 -28 27 -66.4946 -75.8218 -26.4543 -40.908 
-54 -158.928 -29 27 -74.8021 -76.3377 -31.4186 -43.0555 
-52 -163.435 -29 27 -67.1113 -75.8218 -28.0637 -40.9134 
-38 -164.927 -28 26 -68.5596 -74.4057 -28.775 -40.9448 
-60 -163.226 -29 27 -64.8909 -75.8218 -26.4543 -40.9134 
-50 -163.525 -29 26 -67.5179 -77.2707 -27.4703 -41.672 
-60 -158.532 -30 28 -74.0173 -74.7981 -33.3813 -43.8932 
-62 -157.45 -29 28 -73.855 -74.7981 -31.6153 -43.8878 
-50 -162.916 -28 26 -66.9012 -77.2707 -25.8609 -41.6666 
-48 -163.525 -29 26 -67.5179 -77.2707 -27.4703 -41.672 
-58 -157.094 -28 27 -76.6105 -73.9918 -31.8158 -42.943 
-46 -159.23 -28 27 -76.6105 -73.9918 -31.8158 -42.943 
-52 -162.913 -28 27 -66.4946 -75.8218 -26.4543 -40.908 
-52 -163.522 -29 27 -67.1113 -75.8218 -28.0637 -40.9134 
-64 -157.45 -29 28 -73.855 -74.7981 -31.6153 -43.8878 
-46 -159.699 -29 28 -75.4664 -74.1882 -32.7659 -44.8641 
-44 -166.837 -30 27 -65.5076 -75.8218 -28.0637 -40.9188 
-62 -158.532 -30 28 -74.0173 -74.7981 -33.3813 -43.8932 
-48 -163.612 -29 26 -67.5179 -77.2707 -27.4703 -41.672 
-42 -165.772 -29 27 -66.5023 -75.212 -27.6048 -41.8897 
-52 -163.821 -29 26 -65.2975 -77.2707 -25.8609 -41.672 
-46 -159.064 -28 27 -75.3033 -73.382 -32.3267 -43.9193 
-58 -157.45 -29 28 -76.0754 -74.7981 -33.2248 -43.8878 
-48 -161.847 -31 28 -74.634 -74.7981 -34.9907 -43.8987 
-56 -158.928 -29 27 -74.8021 -76.3377 -31.4186 -43.0555 
-50 -160.156 -29 28 -73.855 -74.7981 -31.6153 -43.8878 
-54 -163.226 -29 27 -67.1113 -75.8218 -28.0637 -40.9134 
-56 -158.719 -29 27 -74.8021 -76.3377 -31.4186 -43.0555 
-54 -162.826 -28 27 -66.4946 -75.8218 -26.4543 -40.908 
-50 -160.765 -30 28 -74.4717 -74.7981 -33.2248 -43.8932 
-42 -166.766 -31 28 -67.1814 -74.7814 -31.2129 -42.9294 
-60 -158.741 -30 28 -74.0173 -74.7981 -33.3813 -43.8932 
-58 -156.879 -28 28 -75.4587 -74.7981 -31.6153 -43.8824 
-38 -165.006 -28 26 -69.8668 -75.0155 -28.2642 -39.9685 
-54 -160.01 -30 27 -74.9644 -76.3377 -33.1845 -43.0609 
-54 -161.081 -27 27 -68.0983 -75.8218 -26.4543 -40.9025 
-48 -159.02 -28 27 -76.6105 -73.9918 -31.8158 -42.943 
-38 -165.475 -29 27 -68.7227 -75.212 -29.2143 -41.8897 
-48 -165.844 -30 27 -62.4256 -73.2011 -25.9531 -44.8058 
-52 -163.732 -29 27 -67.1113 -75.8218 -28.0637 -40.9134 
-48 -159.49 -29 28 -75.4664 -74.1882 -32.7659 -44.8641 
-50 -165.001 -29 26 -65.838 -77.3615 -26.2575 -40.081 
-46 -166.628 -30 27 -65.5076 -75.8218 -28.0637 -40.9188 
-42 -165.302 -28 26 -67.6464 -75.0155 -26.6548 -39.9685 
-58 -163.522 -29 27 -64.8909 -75.8218 -26.4543 -40.9134 
-38 -165.093 -28 26 -69.8668 -75.0155 -28.2642 -39.9685 
-58 -157.659 -29 28 -76.0754 -74.7981 -33.2248 -43.8878 
-52 -165.145 -29 28 -61.4023 -71.7523 -24.937 -44.0418 
-38 -164.84 -28 26 -68.5596 -74.4057 -28.775 -40.9448 
-48 -158.854 -28 27 -75.3033 -73.382 -32.3267 -43.9193 
-54 -163.612 -29 26 -65.2975 -77.2707 -25.8609 -41.672 
-38 -165.562 -29 27 -68.7227 -75.212 -29.2143 -41.8897 
-58 -157.05 -28 28 -75.4587 -74.7981 -31.6153 -43.8824 
-56 -158.741 -30 28 -76.2377 -74.7981 -34.9907 -43.8932 
FEATURES_TXT_END_0
FEATURES_TXT_BEGIN_0 16 100 8 Distortion0_0 LM0_0 WordPenalty0_0 PhrasePenalty0_0 TranslationModel0_0 TranslationModel0_1 TranslationModel0_2 TranslationModel0_3 
-27 -106.14 -31 22 -57.1167 -56.1284 -32.2548 -50.9206 
-27 -109.748 -31 22 -55.2323 -55.6239 -27.9534 -48.7078 
-27 -103.872 -31 22 -62.4922 -60.3669 -35.117 -51.6112 
-27 -106.566 -30 23 -55.6476 -56.5507 -31.493 -50.9419 
-31 -103.643 -31 22 -58.532 -56.817 -35.6875 -53.1687 
-38 -102.818 -31 22 -58.3864 -59.4106 -33.356 -52.8831 
-29 -109.824 -31 22 -55.2323 -55.6239 -27.9534 -48.7078 
-27 -106.745 -31 23 -58.791 -56.9347 -32.1073 -51.86 
-27 -107.48 -31 22 -60.6078 -59.8625 -30.8156 -49.3984 
-31 -106.766 -31 22 -57.1167 -56.1284 -32.2548 -50.9206 
-27 -110.174 -30 23 -53.7632 -56.0462 -27.1916 -48.7291 
-27 -106.764 -31 22 -56.5949 -56.0926 -33.6374 -52.2202 
-33 -105.998 -30 22 -61.5569 -59.7713 -31.3941 -47.2459 
-31 -107.251 -31 22 -56.6476 -56.3126 -31.3861 -50.9559 
-37 -105.463 -31 22 -55.2703 -55.2132 -33.1196 -52.0081 
-31 -101.375 -31 22 -63.9075 -61.0556 -38.5497 -53.8593 
-38 -106.426 -31 22 -56.502 -58.9062 -29.0546 -50.6703 
-27 -110.799 -31 22 -55.2323 -55.6239 -27.9534 -48.7078 
-33 -107.027 -31 22 -54.7732 -55.9685 -32.2023 -51.3144 
-31 -104.068 -30 23 -57.0629 -57.2393 -34.9257 -53.19 
-27 -106.821 -31 22 -59.8515 -57.627 -33.1021 -50.9975 
-40 -101.702 -31 22 -61.7853 -60.6069 -35.4354 -52.7351 
-29 -107.556 -31 22 -60.6078 -59.8625 -30.8156 -49.3984 
-27 -106.932 -32 22 -55.1605 -56.2648 -34.5178 -54.9891 
-27 -110.31 -31 23 -56.9066 -56.4302 -27.8059 -49.6472 
-29 -110.249 -30 23 -53.7632 -56.0462 -27.1916 -48.7291 
-27 -104.477 -31 23 -64.1665 -61.1732 -34.9695 -52.5506 
-27 -105.003 -31 22 -59.589 -56.6328 -37.0024 -53.1333 
-29 -110.612 -31 22 -51.033 -53.5819 -29.5292 -50.5083 
-33 -108.471 -31 22 -55.2028 -54.6338 -32.8055 -49.132 
-34 -108.791 -30 22 -51.3643 -54.3226 -28.4834 -49.9964 
-33 -107.326 -31 22 -56.6476 -56.3126 -31.3861 -50.9559 
-27 -107.329 -30 22 -57.3399 -56.4735 -31.5616 -50.5987 
-31 -110.374 -31 22 -55.2323 -55.6239 -27.9534 -48.7078 
-27 -107.17 -30 24 -57.3219 -57.357 -31.3455 -51.8813 
-33 -105.417 -30 23 -59.9267 -58.4418 -31.6064 -50.7782 
-31 -104.498 -31 22 -62.4922 -60.3669 -35.117 -51.6112 
-40 -106.502 -31 22 -56.502 -58.9062 -29.0546 -50.6703 
-27 -110.372 -31 22 -54.7105 -55.5882 -29.3361 -50.0074 
-31 -104.247 -31 23 -60.2062 -57.6233 -35.54 -54.1081 
-31 -107.191 -30 23 -55.6476 -56.5507 -31.493 -50.9419 
-27 -108.846 -32 22 -57.2625 -56.1284 -35.0581 -50.926 
-27 -105.035 -30 23 -61.0231 -60.7892 -34.3552 -51.6326 
-27 -104.496 -31 22 -61.9704 -60.3312 -36.4996 -52.9109 
-27 -107.472 -31 23 -60.0948 -56.4663 -33.7633 -51.0861 
-37 -109.071 -31 22 -53.3859 -54.7087 -28.8183 -49.7953 
-38 -103.423 -31 23 -60.0607 -60.2169 -33.2085 -53.8225 
-29 -110.306 -31 23 -56.9066 -56.4302 -27.8059 -49.6472 
-33 -103.73 -30 22 -66.9324 -64.0099 -34.2563 -47.9366 
-31 -104.983 -31 22 -62.0231 -60.5511 -34.2483 -51.6465 
-27 -109.254 -31 22 -55.6074 -55.3328 -32.1965 -50.5005 
-27 -107.19 -30 23 -55.1258 -56.5149 -32.8756 -52.2415 
-37 -110.842 -31 23 -54.7745 -51.9542 -27.64 -47.7104 
-33 -106.423 -29 23 -60.0877 -60.1936 -30.6323 -47.2673 
-31 -107.676 -30 23 -55.1785 -56.7349 -30.6243 -50.9772 
-27 -108.531 -31 22 -60.6078 -59.8625 -30.8156 -49.3984 
-33 -104.759 -31 22 -60.1487 -60.207 -35.0645 -52.0051 
-29 -109.075 -31 22 -55.9837 -56.1761 -30.5532 -50.7262 
-27 -110.429 -31 22 -57.9672 -57.1226 -28.8007 -48.7847 
-35 -106.835 -31 23 -56.7216 -52.8389 -34.8076 -51.2302 
-26 -111.507 -31 22 -54.2407 -54.7913 -29.9343 -48.8537 
-40 -105.31 -31 22 -59.9009 -60.1024 -31.1341 -50.5224 
-27 -107.675 -30 22 -57.5499 -56.1284 -31.0916 -50.9151 
-31 -104.267 -31 22 -58.0102 -56.7812 -37.0701 -54.4683 
-31 -105.852 -30 21 -60.8246 -57.0176 -32.3111 -49.9055 
-27 -111.225 -30 23 -53.7632 -56.0462 -27.1916 -48.7291 
-27 -109.174 -31 22 -56.8693 -54.0813 -32.2693 -50.6084 
-33 -107.452 -30 23 -53.3041 -56.3908 -31.4406 -51.3358 
-37 -103.5 -30 22 -62.9721 -60.4599 -34.8268 -49.494 
-38 -103.442 -31 22 -57.8646 -59.3749 -34.7386 -54.1827 
-41 -102.965 -31 22 -56.6856 -55.9018 -36.5523 -54.2562 
-33 -110.45 -31 22 -55.2323 -55.6239 -27.9534 -48.7078 
-32 -105.226 -30 22 -64.1147 -59.2093 -35.6547 -47.6667 
-29 -110.904 -31 21 -50.6699 -53.8514 -28.959 -50.9337 
-44 -102.676 -30 22 -62.8265 -63.0536 -32.4953 -49.2084 
-27 -110.547 -31 23 -52.9989 -52.6119 -31.4142 -51.3164 
-31 -108.302 -31 22 -56.6476 -56.3126 -31.3861 -50.9559 
-40 -102.348 -32 22 -60.3508 -60.779 -36.3158 -55.504 
-27 -104.664 -32 22 -60.536 -60.5034 -37.38 -55.6797 
-37 -104.53 -31 22 -56.1884 -56.6571 -35.635 -53.5625 
-27 -108.042 -31 23 -62.2821 -60.6688 -30.6681 -50.3379 
-29 -109.31 -31 22 -56.5083 -54.4603 -32.9479 -49.5706 
-40 -103.121 -32 22 -61.8341 -60.6069 -37.8103 -52.7406 
-27 -109.752 -31 22 -56.5083 -54.4603 -32.9479 -49.5706 
-27 -108.611 -31 22 -57.7046 -56.1284 -32.7011 -50.9206 
-29 -110.448 -31 22 -54.7105 -55.5882 -29.3361 -50.0074 
-29 -114.22 -31 22 -49.1486 -53.0775 -25.2278 -48.2955 
-31 -104.323 -31 22 -61.2668 -58.3156 -36.5348 -53.2456 
-31 -107.371 -31 23 -58.791 -56.9347 -32.1073 -51.86 
-38 -107.477 -31 22 -56.502 -58.9062 -29.0546 -50.6703 
-27 -107.357 -31 23 -53.6914 -56.6871 -33.756 -55.0104 
-44 -103.705 -31 22 -56.0429 -59.2507 -33.3036 -53.2769 
-27 -110.735 -30 24 -55.4375 -56.8525 -27.0442 -49.6685 
-34 -112.399 -30 22 -49.4799 -53.8181 -24.1821 -47.7836 
-27 -107.432 -31 22 -57.8889 -56.7989 -34.6527 -51.977 
-27 -110.937 -30 22 -55.4555 -55.9691 -27.2603 -48.386 
-27 -102.735 -31 22 -64.9645 -60.8714 -39.8646 -53.824 
-33 -106.48 -30 23 -63.2311 -60.5776 -31.2467 -48.1853 
-33 -106.661 -29 22 -61.508 -59.7713 -29.0192 -47.2405 
-27 -105.422 -30 21 -64.8615 -59.8534 -34.0824 -49.4319 
FEATURES_TXT_END_0
FEATURES_TXT_BEGIN_0 17 100 8 Distortion0_0 LM0_0 WordPenalty0_0 PhrasePenalty0_0 TranslationModel0_0 TranslationModel0_1 TranslationModel0_2 TranslationModel0_3 
-46 -143.836 -32 28 -86.0134 -102.703 -45.2329 -81.2324 
-48 -144.811 -32 28 -85.353 -101.988 -44.3166 -79.8751 
-50 -141.883 -32 28 -89.0114 -104.435 -46.0802 -81.5549 
-44 -144.268 -32 28 -86.7023 -102.535 -45.6866 -81.3201 
-52 -142.857 -32 28 -88.351 -103.721 -45.1639 -80.1976 
-48 -144.896 -32 28 -88.0213 -102.169 -43.8058 -79.2663 
-46 -145.242 -32 28 -86.0419 -101.821 -44.7703 -79.9628 
-48 -145.722 -32 28 -87.1361 -103.254 -42.4603 -78.8951 
-50 -139.482 -31 28 -89.3637 -105.337 -46.4095 -83.9996 
-48 -145.802 -32 28 -85.1056 -99.9412 -44.3311 -79.563 
-52 -142.942 -32 28 -91.0193 -103.901 -44.6531 -79.5888 
-44 -143.496 -32 28 -87.6991 -103.924 -47.0729 -81.9755 
-46 -145.327 -32 28 -88.7102 -102.001 -44.2595 -79.354 
-44 -144.204 -31 28 -85.8477 -102.703 -44.1069 -81.227 
-52 -140.457 -31 28 -88.7033 -104.622 -45.4932 -82.6423 
-52 -143.768 -32 28 -90.1341 -104.987 -43.3076 -79.2176 
-46 -144.47 -32 28 -87.0387 -103.209 -46.1566 -80.6182 
-50 -141.598 -32 28 -91.8226 -106.172 -46.0802 -81.5727 
-54 -137.528 -31 28 -92.3617 -107.069 -47.2567 -84.3221 
-52 -143.848 -32 28 -88.1036 -101.674 -45.1784 -79.8854 
-46 -146.153 -32 28 -87.825 -103.087 -42.914 -78.9828 
-50 -144.164 -33 28 -87.1395 -102.459 -48.1715 -81.0871 
-48 -147.525 -32 28 -82.9568 -99.3764 -42.7296 -78.8216 
-46 -145.179 -31 28 -85.1873 -101.988 -43.1906 -79.8697 
-52 -145.923 -32 29 -85.2563 -99.3748 -44.5301 -78.7672 
-50 -146.154 -32 28 -83.6293 -98.2639 -44.5542 -79.602 
-48 -139.913 -31 28 -90.0525 -105.169 -46.8632 -84.0873 
-46 -146.233 -32 28 -85.7944 -99.7736 -44.7848 -79.6507 
-52 -142.573 -32 28 -91.1622 -105.457 -45.1639 -80.2154 
-44 -144.317 -32 28 -88.095 -102.459 -47.2552 -81.0817 
-44 -145.514 -33 28 -87.1395 -102.459 -48.1715 -81.0871 
-48 -142.251 -31 28 -88.8457 -104.435 -44.9542 -81.5495 
-36 -146.984 -32 28 -86.0134 -102.703 -45.2329 -81.2324 
-56 -138.503 -31 28 -91.7013 -106.355 -46.3405 -82.9648 
-52 -145.139 -33 28 -86.4791 -101.744 -47.2552 -79.7298 
-42 -144.42 -31 27 -91.5654 -102.664 -45.8931 -78.1154 
-53 -145.935 -32 29 -83.9738 -98.0763 -44.8894 -79.3286 
-52 -140.541 -31 28 -91.3716 -104.803 -44.9823 -82.0335 
-50 -145.215 -32 29 -88.7387 -99.7247 -45.2825 -79.0789 
-46 -145.791 -33 28 -85.7547 -102.703 -46.8588 -81.2378 
-42 -144.636 -31 28 -86.5366 -102.535 -44.5606 -81.3147 
-50 -140.888 -31 28 -89.3922 -104.455 -45.9469 -82.73 
-46 -144.555 -32 28 -89.7071 -103.39 -45.6458 -80.0094 
-46 -145.292 -32 28 -87.4346 -101.744 -46.339 -79.7244 
-50 -144.485 -32 29 -88.4402 -100.327 -46.5818 -79.8857 
-42 -142.453 -32 28 -90.935 -106.302 -48.8647 -82.6323 
-46 -146.489 -33 28 -86.4791 -101.744 -47.2552 -79.7298 
-52 -145.571 -32 28 -85.9548 -101.109 -43.5769 -79.1441 
-50 -143.226 -31 28 -88.1853 -103.721 -44.0379 -80.1922 
-38 -147.959 -32 28 -85.353 -101.988 -44.3166 -79.8751 
-38 -146.405 -32 27 -91.4317 -101.923 -46.8259 -78.1436 
-56 -143.969 -32 29 -88.2543 -101.107 -45.3774 -79.0897 
-54 -144.2 -32 28 -86.6273 -99.9966 -45.4015 -79.9245 
-46 -145.264 -31 28 -87.8556 -102.169 -42.6797 -79.2609 
-44 -145.395 -31 27 -90.905 -101.95 -44.9768 -76.7581 
-52 -141.367 -31 28 -90.4863 -105.888 -43.6369 -81.6623 
-48 -146.765 -33 28 -85.0943 -101.988 -45.9426 -79.8805 
-36 -143.025 -32 28 -89.2917 -105.131 -48.6341 -85.1979 
-46 -147.956 -32 28 -83.6456 -99.2088 -43.1834 -78.9093 
-44 -145.61 -31 28 -85.8762 -101.821 -43.6443 -79.9574 
-40 -145.031 -32 28 -89.0114 -104.435 -46.0802 -81.5549 
-38 -145.442 -31 27 -91.5654 -102.664 -45.8931 -78.1154 
-53 -146.834 -32 29 -86.3504 -100.808 -42.22 -77.6995 
-36 -146.258 -32 28 -84.6878 -98.1894 -45.8307 -84.2999 
-50 -146.354 -32 29 -85.9452 -99.2072 -44.9838 -78.8549 
-48 -146.585 -32 28 -84.3182 -98.0963 -45.008 -79.6897 
-50 -146.032 -32 28 -83.8768 -100.311 -44.5397 -79.9142 
-50 -141.436 -32 29 -88.17 -103.007 -45.3526 -85.9325 
-46 -145.381 -32 28 -88.8218 -104.475 -44.3003 -79.6382 
-52 -142.657 -32 28 -93.8305 -105.638 -44.6531 -79.6066 
-52 -141.448 -31 28 -88.4558 -102.575 -45.5077 -82.3301 
-44 -143.428 -32 28 -90.2746 -105.588 -47.9484 -81.275 
-46 -141.333 -33 27 -104.529 -110.871 -50.2222 -77.2046 
-46 -142.467 -31 27 -94.5634 -104.397 -46.7404 -78.4378 
-40 -147.38 -32 27 -90.7714 -101.209 -45.9096 -76.7863 
-57 -143.981 -32 29 -86.9718 -99.809 -45.7366 -79.651 
-56 -138.588 -31 28 -94.3696 -106.535 -45.8296 -82.356 
-54 -143.262 -32 29 -91.7367 -101.457 -46.1298 -79.4014 
-48 -139.141 -31 28 -91.0494 -106.558 -48.2495 -84.7427 
-34 -147.416 -32 28 -86.7023 -102.535 -45.6866 -81.3201 
-44 -142.234 -32 28 -90.935 -106.302 -48.8647 -82.6323 
-46 -145.461 -32 28 -86.7913 -101.162 -46.1711 -80.3061 
-52 -145.223 -33 28 -89.1474 -101.925 -46.7444 -79.121 
-46 -146.09 -31 28 -86.9704 -103.254 -41.3343 -78.8897 
-54 -142.531 -32 29 -91.4382 -102.06 -47.4291 -80.2082 
-38 -144 -32 28 -88.6313 -104.416 -47.7178 -83.8406 
-46 -140.37 -32 27 -104.662 -111.612 -49.2894 -77.1763 
-48 -146.936 -33 28 -83.4877 -100.34 -43.6234 -82.1495 
-46 -146.983 -32 28 -87.1361 -103.254 -42.4603 -78.8951 
-42 -146.006 -32 28 -88.351 -103.721 -45.1639 -80.1976 
-40 -146.417 -31 27 -90.905 -101.95 -44.9768 -76.7581 
-40 -144.852 -31 27 -92.2543 -102.497 -46.3468 -78.2031 
-38 -147.232 -32 28 -84.0275 -97.475 -44.9144 -82.9426 
-51 -146.366 -32 29 -84.6627 -97.9087 -45.3431 -79.4163 
-53 -145.814 -32 29 -84.2213 -100.123 -44.8748 -79.6407 
-50 -140.973 -31 28 -92.0605 -104.635 -45.4361 -82.1212 
-48 -145.647 -32 29 -89.4276 -99.5571 -45.7362 -79.1666 
-52 -142.411 -32 29 -87.5096 -102.292 -44.4363 -84.5752 
-46 -146.17 -31 28 -84.9399 -99.9412 -43.2051 -79.5575 
-52 -143.484 -32 28 -92.9453 -106.723 -43.3076 -79.2354 
FEATURES_TXT_END_0
FEATURES_TXT_BEGIN_0 18 46 8 Distortion0_0 LM0_0 WordPenalty0_0 PhrasePenalty0_0 TranslationModel0_0 TranslationModel0_1 TranslationModel0_2 TranslationModel0_3 
-42 -199.93 -59 48 -125.166 -129.234 -74.4372 -108.536 
-42 -200.148 -60 47 -122.365 -129.406 -74.3168 -111.305 
-42 -200.747 -59 48 -124.919 -127.187 -74.4517 -108.224 
-42 -200.965 -60 47 -122.118 -127.359 -74.3313 -110.993 
-44 -197.547 -56 47 -127.883 -123.025 -73.8754 -107.308 
-42 -200.244 -59 48 -125.682 -129.531 -75.7298 -109.003 
-42 -203.216 -60 48 -123.885 -128.563 -74.3858 -107.485 
-42 -194.931 -58 48 -136.757 -135.959 -79.6688 -108.061 
-42 -200.763 -59 49 -127.475 -129.9 -74.7642 -108.249 
-44 -197.765 -57 46 -125.082 -123.197 -73.755 -110.077 
-42 -200.463 -60 47 -122.882 -129.704 -75.6095 -111.772 
-42 -203.434 -61 47 -121.084 -128.735 -74.2655 -110.254 
-42 -195.15 -59 47 -133.956 -136.132 -79.5485 -110.83 
-46 -200.271 -59 48 -125.166 -129.234 -74.4372 -108.536 
-43 -200.976 -59 46 -119.842 -126.601 -72.7113 -111.303 
-38 -203.07 -60 49 -124.245 -130.04 -74.4354 -109.481 
-42 -200.981 -60 48 -124.675 -130.073 -74.6439 -111.018 
-50 -201.864 -60 49 -126.736 -124.006 -75.4036 -106.739 
-42 -203.487 -60 48 -124.189 -124.006 -76.9115 -106.739 
-42 -197.968 -55 47 -125.257 -129.547 -70.2542 -107.017 
-42 -201.803 -58 48 -124.888 -123.726 -77.0912 -105.034 
-46 -200.489 -60 47 -122.365 -129.406 -74.3168 -111.305 
-38 -203.289 -61 48 -121.444 -130.212 -74.315 -112.25 
-42 -200.798 -58 49 -129.045 -129.728 -74.7642 -105.48 
-50 -202.083 -61 48 -123.936 -124.179 -75.2833 -109.508 
-42 -203.706 -61 47 -121.388 -124.179 -76.7911 -109.508 
-42 -202.022 -59 47 -122.087 -123.898 -76.9709 -107.803 
-42 -199.36 -58 48 -126.852 -131.769 -72.3512 -109.502 
-44 -199.26 -57 48 -129.855 -125.749 -75.0613 -105.229 
-42 -201.017 -59 48 -126.244 -129.9 -74.6439 -108.249 
-44 -199.479 -58 47 -127.054 -125.921 -74.941 -107.998 
-42 -200.936 -59 48 -125.074 -130.209 -74.4372 -109.157 
-44 -198.363 -56 47 -127.636 -120.978 -73.8899 -106.996 
-42 -201.061 -59 48 -125.435 -127.484 -75.7443 -108.691 
-42 -204.033 -60 48 -123.637 -126.516 -74.4003 -107.173 
-42 -195.748 -58 48 -136.509 -133.912 -79.6833 -107.749 
-43 -201.103 -58 47 -122.643 -126.428 -72.8316 -108.534 
-42 -200.052 -58 47 -125.298 -129.546 -70.2542 -110.303 
-42 -203.428 -59 46 -115.141 -127.407 -67.7721 -112.242 
-42 -201.155 -60 47 -122.273 -130.381 -74.3168 -111.926 
-42 -201.579 -59 49 -127.228 -127.853 -74.7787 -107.937 
-44 -198.582 -57 46 -124.835 -121.15 -73.7695 -109.765 
-42 -201.28 -60 47 -122.634 -127.657 -75.624 -111.46 
-42 -204.251 -61 47 -120.837 -126.688 -74.28 -109.942 
-42 -195.966 -59 47 -133.708 -134.085 -79.563 -110.518 
-46 -201.087 -59 48 -124.919 -127.187 -74.4517 -108.224 
FEATURES_TXT_END_0
FEATURES_TXT_BEGIN_0 19 82 8 Distortion0_0 LM0_0 WordPenalty0_0 PhrasePenalty0_0 TranslationModel0_0 TranslationModel0_1 TranslationModel0_2 TranslationModel0_3 
-38 -103.3 -37 29 -61.0938 -78.9731 -45.0761 -78.2241 
-39 -98.5836 -36 28 -72.4589 -84.5388 -51.1406 -75.0658 
-38 -104.507 -37 29 -60.6509 -78.4712 -44.4342 -77.7237 
-28 -100.016 -34 28 -75.8535 -84.3663 -47.7245 -72.6918 
-38 -104.472 -37 29 -61.0271 -78.7301 -44.5023 -77.6658 
-38 -104.63 -37 28 -60.1603 -76.926 -44.245 -77.9119 
-42 -94.3446 -36 28 -78.6799 -88.3826 -56.1521 -76.1979 
-38 -104.274 -37 29 -60.6118 -78.4691 -45.0514 -78.3928 
-38 -102.394 -35 28 -66.4914 -75.9777 -42.713 -75.9135 
-47 -98.368 -37 29 -73.4064 -82.0865 -52.0131 -75.5723 
-24 -105.9 -34 27 -65.5668 -78.122 -41.4887 -72.7553 
-38 -103.753 -37 29 -60.3206 -78.0736 -46.6855 -78.8744 
-38 -104.821 -38 29 -60.4742 -78.9731 -48.028 -78.2295 
-38 -103.804 -36 28 -63.0224 -76.8829 -44.116 -76.4675 
-28 -100.941 -34 28 -75.606 -82.3193 -47.739 -72.3797 
-28 -101.024 -35 28 -75.2338 -84.3663 -50.6764 -72.6973 
-32 -105.189 -37 28 -60.5992 -79.8371 -44.3382 -78.9653 
-47 -97.9582 -37 30 -74.3398 -84.1336 -52.8442 -75.8844 
-41 -99.1521 -38 29 -74.7368 -79.4333 -57.1797 -76.3579 
-38 -104.391 -37 28 -60.2951 -79.311 -44.6456 -78.3896 
-39 -99.9144 -36 27 -71.5254 -82.4917 -50.3095 -74.7537 
-28 -100.368 -34 28 -76.9225 -83.944 -47.9754 -72.6651 
-38 -103.425 -36 29 -63.9559 -78.93 -44.9471 -76.7796 
-24 -107.371 -35 27 -62.6572 -78.1651 -41.5941 -74.1998 
-38 -101.153 -36 28 -66.7878 -77.4262 -44.3366 -79.873 
-42 -99.0067 -36 29 -71.4244 -81.246 -53.6405 -75.048 
-24 -104.659 -35 27 -65.8631 -79.5705 -43.1123 -76.7149 
-41 -98.7423 -38 30 -75.6702 -81.4804 -58.0109 -76.6701 
-31 -100.165 -34 28 -75.3103 -84.0461 -47.8198 -72.8398 
-38 -105.838 -37 28 -59.7175 -76.4241 -43.6031 -77.4116 
-28 -101.347 -34 27 -74.92 -82.3193 -46.8934 -72.3797 
-41 -100.361 -37 28 -71.7652 -82.0865 -51.4598 -75.5723 
-24 -106.908 -35 27 -64.9472 -78.122 -44.4407 -72.7608 
-28 -99.0649 -35 28 -77.8604 -86.9415 -52.44 -74.2446 
-38 -105.803 -37 28 -60.0937 -76.683 -43.6712 -77.3537 
-39 -99.0366 -36 28 -71.6857 -83.6393 -52.7501 -75.7161 
-38 -103.592 -38 29 -61.3235 -80.1785 -46.1259 -81.6254 
-37 -95.78 -35 28 -81.4022 -88.4912 -57.2272 -72.4355 
-35 -103.532 -34 27 -64.093 -78.4546 -41.1119 -74.6163 
-28 -105.143 -35 29 -67.3024 -79.1613 -43.6071 -74.728 
-39 -99.0882 -35 27 -74.3875 -82.4486 -50.1805 -73.3092 
-28 -101.949 -35 28 -74.9864 -82.3193 -50.6909 -72.3851 
-33 -100.473 -36 27 -71.9642 -85.4028 -50.4027 -75.807 
-41 -99.9513 -37 29 -72.6987 -84.1336 -52.2909 -75.8844 
-30 -98.434 -35 28 -79.2732 -86.0475 -57.3398 -71.9241 
-38 -104.96 -37 29 -59.8777 -77.5718 -46.0437 -78.374 
-28 -100.469 -34 28 -75.0803 -83.4669 -49.3339 -73.3421 
-31 -100.085 -34 28 -76.9225 -83.944 -47.9754 -72.6651 
-38 -106.029 -38 29 -60.0313 -78.4712 -47.3862 -77.7291 
-38 -105.27 -37 28 -60.0477 -77.2639 -44.6601 -78.0774 
-42 -95.6755 -36 27 -77.7465 -86.3355 -55.321 -75.8858 
-38 -105.012 -36 28 -62.5796 -76.381 -43.4742 -75.9671 
-28 -100.521 -33 27 -77.7821 -82.2762 -46.7644 -70.9353 
-38 -105.605 -37 28 -59.6784 -76.422 -44.2203 -78.0807 
-38 -104.925 -37 29 -60.2539 -77.8306 -46.1117 -78.3161 
-38 -103.725 -35 27 -65.558 -73.9306 -41.8819 -75.6013 
-39 -99.6752 -36 27 -71.6602 -84.8768 -50.7102 -75.2313 
-41 -101.137 -37 29 -71.5669 -80.2628 -51.6485 -75.5623 
-56 -97.7859 -35 28 -61.5154 -78.6162 -47.2355 -78.2635 
-24 -106.13 -36 27 -62.9535 -79.6136 -43.2177 -78.1594 
-38 -102.348 -35 28 -66.7932 -76.3756 -44.0312 -76.4859 
-24 -107.231 -34 26 -64.6333 -76.0749 -40.6576 -72.4432 
-32 -105.516 -38 29 -62.4242 -76.3198 -50.2427 -79.0097 
-38 -105.994 -38 29 -60.4075 -78.7301 -47.4542 -77.6712 
-33 -108.183 -38 28 -57.476 -78.6647 -42.5789 -78.9598 
-31 -101.44 -36 28 -72.159 -86.2183 -49.7502 -75.6115 
-24 -105.854 -34 27 -65.8686 -78.5199 -42.807 -73.3278 
-32 -106.397 -37 28 -60.1563 -79.3352 -43.6964 -78.4649 
-22 -101.906 -34 27 -75.3588 -85.2304 -46.9866 -73.4331 
-47 -99.0981 -36 29 -72.3061 -82.4051 -48.8498 -75.49 
-38 -104.977 -36 28 -62.9558 -76.6399 -43.5422 -75.9092 
-39 -98.7095 -35 28 -75.321 -84.4957 -51.0117 -73.6214 
-38 -105.083 -37 28 -59.3871 -76.0265 -45.8544 -78.5622 
-28 -101.376 -35 28 -76.3029 -83.944 -50.9273 -72.6705 
-24 -104.949 -35 27 -67.5737 -80.6972 -46.2042 -74.3081 
-48 -100.61 -35 28 -66.5581 -76.2207 -43.2868 -76.4717 
-38 -106.152 -38 28 -59.5407 -76.926 -47.1969 -77.9173 
-50 -96.1225 -36 29 -74.2344 -82.0097 -48.0522 -79.5087 
-32 -106.362 -37 28 -60.5325 -79.5941 -43.7644 -78.407 
-38 -105.599 -37 28 -59.8523 -78.8092 -44.0038 -77.8892 
-24 -105.667 -36 27 -65.2435 -79.5705 -46.0643 -76.7203 
-28 -101.108 -34 27 -75.0548 -84.7043 -47.294 -72.8573 
FEATURES_TXT_END_0
FEATURES_TXT_BEGIN_0 20 98 8 Distortion0_0 LM0_0 WordPenalty0_0 PhrasePenalty0_0 TranslationModel0_0 TranslationModel0_1 TranslationModel0_2 TranslationModel0_3 
-60 -152.084 -43 36 -104.945 -115.027 -63.9453 -94.2357 
-70 -148.507 -42 38 -113.869 -117.279 -65.1417 -90.5517 
-70 -148.51 -42 38 -113.869 -117.279 -65.1417 -90.5517 
-60 -151.081 -43 36 -105.235 -115.151 -65.8347 -95.2642 
-70 -147.503 -42 38 -114.159 -117.403 -67.0311 -91.5802 
-70 -147.506 -42 38 -114.159 -117.403 -67.0311 -91.5802 
-61 -152.084 -43 36 -104.945 -115.027 -63.9453 -94.2357 
-61 -152.419 -43 36 -103.875 -115.449 -63.6945 -94.2625 
-61 -151.081 -43 36 -105.235 -115.151 -65.8347 -95.2642 
-62 -152.084 -43 36 -104.945 -115.027 -63.9453 -94.2357 
-61 -151.416 -43 36 -104.165 -115.573 -65.5839 -95.291 
-48 -166.938 -43 34 -84.7306 -102.201 -54.413 -88.2657 
-58 -163.361 -42 36 -93.6546 -104.453 -55.6095 -84.5817 
-58 -163.364 -42 36 -93.6546 -104.453 -55.6095 -84.5817 
-69 -149.167 -42 38 -113.869 -117.279 -65.1417 -90.5517 
-62 -152.179 -43 36 -104.945 -115.027 -63.9453 -94.2357 
-60 -150.159 -44 37 -106.66 -116.263 -67.9155 -98.5019 
-62 -151.081 -43 36 -105.235 -115.151 -65.8347 -95.2642 
-70 -146.581 -43 39 -115.584 -118.515 -69.112 -94.8179 
-70 -146.584 -43 39 -115.584 -118.515 -69.112 -94.8179 
-48 -165.935 -43 34 -85.0206 -102.325 -56.3024 -89.2942 
-58 -162.358 -42 36 -93.9446 -104.577 -57.4989 -85.6102 
-58 -162.361 -42 36 -93.9446 -104.577 -57.4989 -85.6102 
-69 -148.163 -42 38 -114.159 -117.403 -67.0311 -91.5802 
-49 -166.938 -43 34 -84.7306 -102.201 -54.413 -88.2657 
-60 -153.015 -43 35 -105.162 -114.807 -62.776 -93.782 
-60 -154.828 -44 36 -101.579 -112.949 -62.6627 -95.2909 
-48 -158.361 -40 32 -95.1002 -112.446 -57.7813 -88.0965 
-70 -149.438 -42 37 -114.086 -117.059 -63.9724 -90.098 
-70 -151.251 -43 38 -110.503 -115.201 -63.8592 -91.6069 
-62 -151.176 -43 36 -105.235 -115.151 -65.8347 -95.2642 
-70 -149.44 -42 37 -114.086 -117.059 -63.9724 -90.098 
-70 -151.254 -43 38 -110.503 -115.201 -63.8592 -91.6069 
-58 -154.784 -39 34 -104.024 -114.698 -58.9778 -84.4125 
-58 -154.787 -39 34 -104.024 -114.698 -58.9778 -84.4125 
-68 -149.612 -42 38 -113.869 -117.279 -65.1417 -90.5517 
-49 -167.273 -43 34 -83.6615 -102.623 -54.1622 -88.2925 
-66 -150.055 -42 38 -113.869 -117.279 -65.1417 -90.5517 
-60 -149.155 -44 37 -106.95 -116.388 -69.8049 -99.5304 
-62 -152.698 -43 36 -103.875 -115.449 -63.6945 -94.2625 
-62 -152.701 -43 36 -103.875 -115.449 -63.6945 -94.2625 
-70 -145.578 -43 39 -115.874 -118.639 -71.0014 -95.8464 
-70 -145.581 -43 39 -115.874 -118.639 -71.0014 -95.8464 
-70 -148.985 -42 38 -114.938 -116.856 -65.3926 -90.525 
-61 -152.011 -43 35 -105.452 -114.931 -64.6654 -94.8105 
-61 -150.159 -44 37 -106.66 -116.263 -67.9155 -98.5019 
-49 -165.935 -43 34 -85.0206 -102.325 -56.3024 -89.2942 
-46 -160.709 -42 32 -91.3655 -113.932 -56.0259 -91.6065 
-60 -152.011 -43 35 -105.452 -114.931 -64.6654 -94.8105 
-60 -153.825 -44 36 -101.869 -113.074 -64.5521 -96.3194 
-56 -157.132 -41 34 -100.289 -116.184 -57.2224 -87.9225 
-48 -157.358 -40 32 -95.3902 -112.57 -59.6707 -89.125 
-70 -148.434 -42 37 -114.376 -117.183 -65.8618 -91.1265 
-70 -150.248 -43 38 -110.793 -115.325 -65.7486 -92.6354 
-56 -157.134 -41 34 -100.289 -116.184 -57.2224 -87.9225 
-61 -150.493 -44 37 -105.591 -116.686 -67.6647 -98.5287 
-70 -148.437 -42 37 -114.376 -117.183 -65.8618 -91.1265 
-70 -150.251 -43 38 -110.793 -115.325 -65.7486 -92.6354 
-58 -153.781 -39 34 -104.314 -114.822 -60.8672 -85.441 
-50 -166.938 -43 34 -84.7306 -102.201 -54.413 -88.2657 
-58 -153.783 -39 34 -104.314 -114.822 -60.8672 -85.441 
-61 -153.015 -43 35 -105.162 -114.807 -62.776 -93.782 
-68 -148.609 -42 38 -114.159 -117.403 -67.0311 -91.5802 
-61 -154.828 -44 36 -101.579 -112.949 -62.6627 -95.2909 
-58 -155.872 -45 37 -98.3526 -113.071 -65.2983 -97.3902 
-49 -166.27 -43 34 -83.9515 -102.747 -56.0516 -89.321 
-49 -158.361 -40 32 -95.1002 -112.446 -57.7813 -88.0965 
-58 -153.669 -43 36 -103.875 -115.449 -63.6945 -94.2625 
-66 -149.051 -42 38 -114.159 -117.403 -67.0311 -91.5802 
-64 -152.419 -43 36 -103.875 -115.449 -63.6945 -94.2625 
-57 -164.021 -42 36 -93.6546 -104.453 -55.6095 -84.5817 
-62 -151.695 -43 36 -104.165 -115.573 -65.5839 -95.291 
-62 -151.698 -43 36 -104.165 -115.573 -65.5839 -95.291 
-61 -153.35 -43 35 -104.093 -115.229 -62.5251 -93.8087 
-61 -155.163 -44 36 -100.51 -113.372 -62.4119 -95.3177 
-64 -152.179 -43 36 -104.945 -115.027 -63.9453 -94.2357 
-70 -147.982 -42 38 -115.228 -116.98 -67.282 -91.5535 
-47 -160.709 -42 32 -91.3655 -113.932 -56.0259 -91.6065 
-49 -158.696 -40 32 -94.0312 -112.868 -57.5305 -88.1232 
-61 -149.155 -44 37 -106.95 -116.388 -69.8049 -99.5304 
-62 -153.478 -44 36 -104.302 -115.027 -65.7911 -94.2411 
-60 -153.849 -44 36 -102.515 -115.065 -64.8616 -95.6333 
-50 -167.034 -43 34 -84.7306 -102.201 -54.413 -88.2657 
-70 -150.271 -43 38 -111.439 -117.317 -66.058 -91.9493 
-70 -150.274 -43 38 -111.439 -117.317 -66.058 -91.9493 
-61 -152.796 -43 36 -103.269 -115.581 -63.6945 -95.1498 
-46 -159.705 -42 32 -91.6555 -114.056 -57.9153 -92.635 
-60 -153.927 -43 36 -102.228 -112.597 -62.8893 -94.9982 
-62 -150.159 -44 37 -106.66 -116.263 -67.9155 -98.5019 
-68 -150.064 -42 37 -110.524 -115.969 -64.6553 -91.8617 
-56 -156.128 -41 34 -100.579 -116.308 -59.1118 -88.951 
-68 -150.067 -42 37 -110.524 -115.969 -64.6553 -91.8617 
-70 -150.349 -42 38 -111.152 -114.849 -64.0857 -91.3142 
-56 -156.131 -41 34 -100.579 -116.308 -59.1118 -88.951 
-61 -149.49 -44 37 -105.881 -116.81 -69.5541 -99.5572 
-70 -150.352 -42 38 -111.152 -114.849 -64.0857 -91.3142 
-48 -165.013 -44 35 -86.4461 -103.438 -58.3832 -92.5319 
-50 -165.935 -43 34 -85.0206 -102.325 -56.3024 -89.2942 
FEATURES_TXT_END_0
FEATURES_TXT_BEGIN_0 21 100 8 Distortion0_0 LM0_0 WordPenalty0_0 PhrasePenalty0_0 TranslationModel0_0 TranslationModel0_1 TranslationModel0_2 TranslationModel0_3 
-38 -70.6593 -16 13 -29.1827 -28.6159 -13.1776 -23.0766 
-28 -73.2013 -17 14 -27.4982 -27.0787 -15.4911 -25.4392 
-28 -73.5776 -17 13 -25.8349 -27.9872 -15.6625 -24.8859 
-30 -73.1317 -17 14 -31.1008 -28.6159 -15.7239 -23.082 
-38 -71.1978 -16 13 -29.1157 -28.621 -13.4187 -23.212 
-20 -75.6738 -18 15 -29.4163 -27.0787 -18.0374 -25.4446 
-24 -70.0591 -16 13 -32.0707 -33.0349 -15.2886 -27.8121 
-20 -76.0501 -18 14 -27.753 -27.9872 -18.2088 -24.8913 
-28 -73.7399 -17 14 -27.4312 -27.0837 -15.7322 -25.5746 
-24 -71.107 -16 13 -33.5634 -31.3939 -15.694 -25.5413 
-38 -71.7217 -17 12 -29.3327 -28.6159 -16.1284 -23.082 
-28 -74.1162 -17 13 -25.7679 -27.9922 -15.9036 -25.0213 
-28 -72.7611 -17 14 -31.1054 -27.9193 -16.9439 -25.1407 
-28 -73.8777 -16 13 -29.1827 -28.6159 -13.1776 -23.0766 
-38 -69.4556 -16 13 -31.5032 -31.448 -15.2413 -24.9655 
-34 -70.9664 -16 13 -30.9435 -27.4316 -17.019 -24.119 
-30 -74.1942 -18 13 -31.2508 -28.6159 -18.6747 -23.0874 
-28 -71.9977 -17 14 -29.8187 -29.9108 -17.5548 -27.3281 
-24 -71.8165 -16 13 -27.8836 -31.4637 -14.7777 -28.4745 
-20 -75.2336 -18 15 -33.0235 -27.9193 -19.4902 -25.1461 
-20 -76.3502 -17 14 -31.1008 -28.6159 -15.7239 -23.082 
-38 -72.2603 -17 12 -29.2657 -28.621 -16.3695 -23.2174 
-28 -72.374 -17 13 -28.1554 -30.8193 -17.7262 -26.7748 
-34 -72.8632 -16 14 -31.2187 -28.6159 -13.5084 -23.0766 
-38 -71.523 -17 12 -27.8399 -30.257 -15.7229 -25.3528 
-38 -68.6381 -15 12 -32.0259 -34.8717 -14.8066 -23.798 
-34 -72.7294 -17 15 -31.1686 -27.2879 -18.1448 -24.0843 
-28 -73.2997 -17 14 -31.0384 -27.9243 -17.185 -25.2762 
-38 -69.6077 -15 12 -33.5187 -33.2307 -15.2121 -21.5272 
-28 -74.4163 -16 13 -29.1157 -28.621 -13.4187 -23.212 
-28 -74.5419 -16 13 -29.1827 -28.6159 -13.1776 -23.0766 
-32 -70.3634 -16 13 -33.5634 -31.3939 -15.694 -25.5413 
-26 -73.4389 -17 14 -32.8616 -27.4316 -19.5654 -24.1244 
-24 -75.4053 -17 15 -29.5342 -27.0787 -15.8219 -25.4392 
-30 -72.7656 -15 13 -27.6718 -30.3706 -11.9889 -24.697 
-30 -74.3904 -16 13 -29.1827 -28.6159 -13.1776 -23.0766 
-41 -71.6958 -16 14 -30.3311 -28.7008 -14.9353 -22.8588 
-24 -75.7816 -17 14 -27.8709 -27.9872 -15.9933 -24.8859 
-34 -71.505 -16 13 -30.8765 -27.4367 -17.2602 -24.2544 
-38 -72.3412 -16 14 -30.3311 -28.7008 -14.9353 -22.8588 
-36 -73.2431 -16 13 -29.1827 -28.6159 -13.1776 -23.0766 
-30 -73.9955 -18 13 -29.758 -30.257 -18.2693 -25.3582 
-30 -74.4066 -16 13 -29.3439 -28.6967 -12.5794 -23.6142 
-30 -71.1106 -16 13 -33.944 -34.8717 -17.353 -23.8035 
-26 -75.2019 -18 16 -33.0867 -27.2879 -20.6911 -24.0897 
-31 -69.2989 -16 14 -34.9319 -32.375 -19.4327 -26.319 
-30 -73.5622 -15 13 -27.2788 -29.5924 -11.4908 -24.3335 
-30 -72.0802 -16 13 -35.4368 -33.2307 -17.7585 -21.5326 
-38 -70.518 -17 12 -31.6532 -31.448 -18.1921 -24.9709 
-20 -77.0144 -17 14 -31.1008 -28.6159 -15.7239 -23.082 
-20 -75.3076 -16 14 -25.9872 -28.8333 -14.3024 -27.0597 
-24 -71.6116 -17 14 -34.5957 -31.0159 -19.388 -27.5285 
-20 -76.9325 -17 14 -27.4982 -27.0787 -15.4911 -25.4392 
-30 -74.8055 -17 14 -31.262 -28.6967 -15.1258 -23.6196 
-34 -73.4018 -16 14 -31.1517 -28.621 -13.7495 -23.212 
-32 -70.5284 -15 12 -32.0259 -34.8717 -14.8066 -23.798 
-20 -75.684 -16 13 -24.324 -29.7418 -14.4738 -26.5064 
-30 -74.3902 -16 14 -31.2187 -28.6159 -13.5084 -23.0766 
-38 -72.0615 -17 12 -27.7729 -30.262 -15.9641 -25.4882 
-28 -71.5575 -17 14 -33.4259 -30.7514 -19.0076 -27.0297 
-38 -69.1767 -15 12 -31.9589 -34.8768 -15.0478 -23.9335 
-34 -73.268 -17 15 -31.1016 -27.2929 -18.3859 -24.2197 
-32 -73.3005 -16 13 -27.9688 -30.3706 -14.1172 -24.7025 
-28 -72.674 -16 13 -31.5032 -31.448 -15.2413 -24.9655 
-20 -77.3088 -17 13 -25.8349 -27.9872 -15.6625 -24.8859 
-41 -66.9043 -16 13 -36.6063 -31.9817 -22.5556 -24.3622 
-30 -72.0316 -15 12 -27.8388 -33.3005 -14.2958 -24.4604 
-38 -70.1462 -15 12 -33.4517 -33.2358 -15.4533 -21.6626 
-28 -75.0805 -16 13 -29.1157 -28.621 -13.4187 -23.212 
-32 -71.5762 -15 12 -33.5187 -33.2307 -15.2121 -21.5272 
-38 -73.4937 -17 14 -30.0504 -28.6159 -16.5108 -23.082 
-20 -76.9486 -17 14 -27.6594 -27.1595 -14.8929 -25.9768 
-28 -75.554 -17 14 -25.6823 -28.9066 -17.3586 -24.7393 
-24 -72.8459 -17 14 -31.8789 -29.8566 -18.0075 -27.9039 
-35 -70.5089 -17 14 -35.4599 -32.1175 -21.0814 -24.2505 
-33 -74.1683 -17 15 -32.2492 -28.7008 -17.4816 -22.8643 
-20 -76.1042 -16 14 -25.5942 -28.0552 -13.8043 -26.6961 
-30 -72.0806 -15 12 -33.5187 -33.2307 -15.2121 -21.5272 
-30 -74.8137 -17 15 -32.2492 -28.7008 -17.4816 -22.8643 
-20 -77.3249 -17 13 -25.9961 -28.068 -15.0643 -25.4235 
-30 -70.8932 -15 12 -29.9591 -32.6226 -15.9052 -25.2489 
-24 -71.916 -16 13 -29.493 -32.2071 -15.694 -28.8355 
-28 -71.319 -15 12 -29.9591 -32.6226 -15.9052 -25.2489 
-20 -77.3475 -18 15 -29.5775 -27.1595 -17.4393 -25.9822 
-24 -75.9438 -17 15 -29.4672 -27.0837 -16.063 -25.5746 
-28 -72.7192 -16 12 -26.3798 -29.2934 -17.4307 -26.4878 
-20 -76.4806 -16 13 -23.931 -28.9637 -13.9757 -26.1428 
-38 -73.355 -16 13 -29.1827 -29.113 -13.1776 -22.9033 
-28 -75.7156 -17 14 -31.1008 -28.6159 -15.7239 -23.082 
-20 -76.9322 -17 15 -29.5342 -27.0787 -15.8219 -25.4392 
-38 -72.7172 -15 13 -29.3006 -28.6159 -10.962 -23.0711 
-34 -73.9256 -17 13 -31.3687 -28.6159 -16.4592 -23.082 
-38 -70.6088 -15 12 -27.8388 -33.3005 -14.2958 -24.4604 
-31 -70.9167 -16 14 -34.4799 -31.8909 -17.641 -25.368 
-24 -71.077 -17 14 -33.1029 -32.6569 -18.9825 -29.7994 
-22 -75.8426 -17 14 -26.2843 -28.8333 -16.4307 -27.0651 
-34 -69.7627 -16 13 -33.264 -30.2637 -19.0827 -26.0079 
-35 -67.4426 -15 13 -39.6746 -36.7322 -20.3371 -22.6958 
-41 -72.2343 -16 14 -30.2641 -28.7059 -15.1764 -22.9943 
-20 -77.7239 -18 14 -27.9142 -28.068 -17.6107 -25.4289 
FEATURES_TXT_END_0
FEATURES_TXT_BEGIN_0 22 100 8 Distortion0_0 LM0_0 WordPenalty0_0 PhrasePenalty0_0 TranslationModel0_0 TranslationModel0_1 TranslationModel0_2 TranslationModel0_3 
-23 -98.504 -28 21 -50.9387 -73.0502 -40.9049 -62.12 
-23 -100.434 -28 21 -48.5424 -70.4383 -39.318 -61.0665 
-23 -101.705 -28 20 -46.0093 -71.5641 -38.0063 -60.1741 
-23 -103.635 -28 20 -43.613 -68.9522 -36.4194 -59.1206 
-37 -94.845 -25 20 -52.4017 -72.1474 -36.4113 -58.6128 
-37 -96.7752 -25 20 -50.0054 -69.5356 -34.8243 -57.5593 
-37 -98.0461 -25 19 -47.4724 -70.6613 -33.5127 -56.6669 
-23 -99.7411 -29 21 -50.5138 -73.0502 -42.9686 -62.1255 
-37 -99.9763 -25 19 -45.0761 -68.0494 -31.9257 -55.6134 
-23 -101.671 -29 21 -48.1175 -70.4383 -41.3817 -61.072 
-37 -98.1502 -28 21 -52.17 -70.8787 -38.65 -59.4706 
-37 -100.08 -28 21 -49.7737 -68.2668 -37.063 -58.4171 
-35 -93.9388 -27 21 -53.7359 -73.6697 -44.3505 -61.5861 
-35 -95.869 -27 21 -51.3396 -71.0578 -42.7635 -60.5326 
-37 -98.4507 -27 21 -52.9746 -70.6479 -36.6892 -57.4961 
-37 -100.381 -27 21 -50.5783 -68.036 -35.1022 -56.4426 
-23 -102.942 -29 20 -45.5844 -71.5641 -40.07 -60.1795 
-23 -104.872 -29 20 -43.1881 -68.9522 -38.4831 -59.126 
-37 -101.351 -28 20 -47.2406 -69.3925 -35.7514 -57.5247 
-37 -103.281 -28 20 -44.8444 -66.7807 -34.1644 -56.4712 
-35 -97.1399 -27 20 -48.8065 -72.1836 -41.4519 -59.6402 
-35 -99.0701 -27 20 -46.4102 -69.5717 -39.8649 -58.5867 
-37 -101.652 -27 20 -48.0452 -69.1617 -33.7906 -55.5502 
-37 -103.582 -27 20 -45.6489 -66.5499 -32.2036 -54.4967 
-35 -94.7773 -27 21 -54.5747 -74.4114 -43.3112 -60.5095 
-35 -96.7075 -27 21 -52.1784 -71.7995 -41.7243 -59.456 
-23 -105.105 -29 21 -44.3322 -72.0266 -35.4641 -59.9389 
-23 -107.035 -29 21 -41.9359 -69.4148 -33.8771 -58.8854 
-23 -99.2619 -28 21 -53.607 -73.2306 -40.3941 -61.5112 
-23 -99.1454 -28 21 -50.855 -73.3882 -41.7207 -62.2855 
-23 -101.076 -28 21 -48.4588 -70.7763 -40.1337 -61.232 
-23 -99.5973 -29 21 -52.0736 -73.0502 -43.996 -62.1255 
-23 -101.527 -29 21 -49.6774 -70.4383 -42.409 -61.072 
-35 -97.9784 -27 20 -49.6454 -72.9252 -40.4127 -58.5636 
-35 -99.9086 -27 20 -47.2491 -70.3134 -38.8257 -57.5101 
-13 -109.174 -30 24 -49.9006 -63.9134 -40.284 -57.1802 
-23 -102.463 -28 20 -48.6776 -71.7444 -37.4955 -59.5653 
-23 -102.346 -28 20 -45.9257 -71.902 -38.8221 -60.3396 
-23 -104.277 -28 20 -43.5294 -69.2902 -37.2351 -59.2861 
-37 -101.446 -26 20 -45.7953 -71.1239 -30.9705 -56.4317 
-23 -100.912 -28 21 -49.8085 -70.792 -40.3296 -61.1979 
-37 -103.376 -26 20 -43.399 -68.512 -29.3835 -55.3782 
-23 -102.798 -29 20 -47.1443 -71.5641 -41.0974 -60.1795 
-23 -104.729 -29 20 -44.748 -68.9522 -39.5104 -59.126 
-37 -95.6028 -25 20 -55.07 -72.3278 -35.9005 -58.004 
-37 -95.4863 -25 20 -52.3181 -72.4854 -37.227 -58.7783 
-37 -97.4165 -25 20 -49.9218 -69.8735 -35.6401 -57.7248 
-21 -104.823 -27 21 -43.9294 -67.2983 -38.5511 -57.1895 
-37 -94.809 -27 21 -55.1619 -74.4114 -43.0135 -60.5095 
-37 -94.5382 -27 21 -54.0207 -74.3708 -43.332 -61.389 
-37 -96.7392 -27 21 -52.7656 -71.7995 -41.4266 -59.456 
-37 -96.4684 -27 21 -51.6244 -71.759 -41.745 -60.3355 
-23 -104.114 -28 20 -44.8792 -69.3058 -37.431 -59.252 
-23 -106.342 -30 21 -43.9073 -72.0266 -37.5278 -59.9443 
-23 -108.272 -30 21 -41.5111 -69.4148 -35.9408 -58.8908 
-41 -100.451 -30 22 -51.4326 -71.9165 -40.4803 -59.4154 
-41 -102.381 -30 22 -49.0363 -69.3047 -38.8933 -58.3619 
-35 -94.044 -26 21 -54.1608 -73.6697 -42.2868 -61.5807 
-27 -105.515 -27 23 -51.3636 -63.0106 -35.7904 -53.673 
-35 -95.9742 -26 21 -51.7645 -71.0578 -40.6998 -60.5272 
-37 -98.8039 -25 19 -50.1407 -70.8417 -33.0019 -56.0581 
-37 -98.6874 -25 19 -47.3887 -70.9993 -34.3284 -56.8324 
-23 -100.499 -29 21 -53.1821 -73.2306 -42.4578 -61.5166 
-23 -100.382 -29 21 -50.4301 -73.3882 -43.7844 -62.291 
-37 -100.618 -25 19 -44.9925 -68.3874 -32.7415 -55.7789 
-37 -104.751 -29 21 -45.5635 -69.8551 -33.2091 -57.2895 
-23 -102.313 -29 21 -48.0339 -70.7763 -42.1974 -61.2375 
-37 -97.2534 -25 20 -51.2716 -69.8892 -35.8359 -57.6907 
-37 -106.681 -29 21 -43.1673 -67.2432 -31.6222 -56.236 
-35 -100.539 -28 21 -47.1294 -72.6461 -38.9096 -59.4049 
-21 -103.064 -27 21 -46.3257 -69.9102 -40.138 -58.243 
-23 -100.834 -30 21 -51.6488 -73.0502 -46.0597 -62.1309 
-35 -102.47 -28 21 -44.7331 -70.0343 -37.3227 -58.3515 
-23 -102.765 -30 21 -49.2525 -70.4383 -44.4727 -61.0774 
-37 -98.908 -28 21 -54.8383 -71.0591 -38.1391 -58.8618 
-37 -98.7915 -28 21 -52.0864 -71.2166 -39.4657 -59.6361 
-37 -105.051 -28 21 -46.3681 -69.6243 -31.2484 -55.315 
-21 -106.626 -27 21 -44.0828 -65.8121 -37.047 -55.2435 
-37 -100.722 -28 21 -49.6901 -68.6048 -37.8787 -58.5826 
-33 -97.9219 -29 21 -51.9114 -72.6699 -43.8642 -62.5612 
-37 -106.982 -28 21 -43.9718 -67.0124 -29.6614 -54.2615 
-21 -102.625 -30 25 -60.807 -68.8886 -44.3048 -59.2541 
-35 -94.6966 -27 21 -56.4042 -73.8501 -43.8396 -60.9773 
-35 -94.5802 -27 21 -53.6522 -74.0077 -45.1662 -61.7516 
-33 -99.8521 -29 21 -49.5151 -70.058 -42.2773 -61.5077 
-37 -98.0101 -27 20 -50.2325 -72.9252 -40.1149 -58.5636 
-37 -97.7393 -27 20 -49.0914 -72.8847 -40.4334 -59.4431 
-35 -96.5103 -27 21 -51.256 -71.3958 -43.5792 -60.6981 
-37 -99.9403 -27 20 -47.8363 -70.3134 -38.528 -57.5101 
-37 -99.6695 -27 20 -46.6951 -70.2728 -38.8464 -58.3896 
-23 -102.23 -29 21 -51.4581 -71.5641 -41.5981 -60.1795 
-23 -99.2267 -27 21 -51.5546 -73.5708 -41.5608 -60.808 
-37 -99.2086 -27 21 -55.6429 -70.8283 -36.1784 -56.8873 
-37 -99.0921 -27 21 -52.8909 -70.9858 -37.5049 -57.6616 
-23 -104.16 -29 21 -49.0619 -68.9522 -40.0111 -59.126 
-31 -103.096 -31 25 -58.4661 -65.6527 -45.7292 -57.8833 
-23 -101.157 -27 21 -49.1583 -70.9589 -39.9738 -59.7545 
-37 -101.022 -27 21 -50.4947 -68.374 -35.918 -56.6081 
-35 -101.164 -24 20 -45.3924 -66.3955 -34.0574 -53.6823 
-35 -97.2451 -26 20 -49.2314 -72.1836 -39.3882 -59.6348 
FEATURES_TXT_END_0
FEATURES_TXT_BEGIN_0 23 44 8 Distortion0_0 LM0_0 WordPenalty0_0 PhrasePenalty0_0 TranslationModel0_0 TranslationModel0_1 TranslationModel0_2 TranslationModel0_3 
-98 -181.219 -49 42 -114.584 -129.861 -62.84 -105.572 
-92 -178.755 -49 42 -124.388 -137.796 -65.9975 -104.838 
-92 -179.345 -49 43 -121.076 -133.777 -69.0253 -105.813 
-102 -176.936 -48 41 -121.401 -135.998 -63.5734 -105.45 
-98 -183.727 -49 42 -111.364 -127.051 -61.5872 -104.82 
-92 -177.644 -49 42 -124.382 -137.845 -68.3954 -106.572 
-88 -175.786 -49 42 -124.498 -138.76 -70.3842 -110.31 
-92 -179.054 -48 43 -121.214 -133.777 -66.0718 -105.808 
-100 -175.032 -48 42 -124.599 -137.652 -66.2541 -107.263 
-88 -179.442 -49 42 -120.125 -133.471 -67.6982 -108.349 
-88 -184.348 -50 41 -117.758 -133.879 -62.7657 -104.603 
-96 -176.091 -48 42 -125.564 -137.845 -66.4859 -106.566 
-94 -178.877 -48 43 -121.214 -133.777 -66.0718 -105.808 
-100 -175.283 -48 42 -125.564 -137.845 -66.4859 -106.566 
-98 -181.207 -48 42 -115.765 -129.861 -60.9304 -105.567 
-106 -179.485 -48 42 -114.8 -129.668 -60.6986 -106.264 
-98 -178.16 -48 41 -121.401 -135.998 -63.5734 -105.45 
-88 -180.457 -49 42 -120.849 -133.529 -67.5647 -106.557 
-92 -178.234 -49 43 -121.071 -133.827 -71.4232 -107.546 
-88 -183.801 -48 41 -120.766 -130.28 -60.4611 -102.117 
-92 -181.622 -47 40 -115.561 -129.596 -61.3895 -103.948 
-92 -178.743 -48 42 -125.569 -137.796 -64.088 -104.833 
-88 -179.784 -49 42 -125.19 -137.796 -68.0347 -104.838 
-100 -177.022 -48 42 -124.604 -137.602 -63.8562 -105.53 
-90 -179.872 -48 42 -119.541 -135.714 -64.8145 -106.402 
-100 -175.621 -48 43 -121.288 -133.634 -69.2818 -108.238 
-88 -180.166 -48 42 -120.987 -133.529 -64.6112 -106.552 
-96 -175.147 -49 43 -123.697 -138.649 -69.487 -110.62 
-102 -180.544 -48 42 -115.765 -129.861 -60.9304 -105.567 
-88 -174.675 -49 42 -124.493 -138.81 -72.7822 -112.043 
-92 -177.942 -48 43 -121.209 -133.827 -68.4697 -107.541 
-106 -179.737 -48 42 -115.765 -129.861 -60.9304 -105.567 
-82 -181.337 -48 41 -130.57 -138.215 -63.6187 -101.383 
-92 -181.917 -50 42 -120.486 -133.459 -65.9975 -105.895 
-102 -179.444 -48 41 -118.181 -133.188 -62.3206 -104.698 
-88 -179.493 -48 42 -125.328 -137.796 -65.0812 -104.833 
-84 -177.409 -48 42 -129.344 -143.649 -67.972 -105.668 
-96 -172.063 -48 42 -124.709 -138.616 -70.6408 -112.735 
-100 -175.33 -47 43 -121.425 -133.634 -66.3283 -108.233 
-96 -176.659 -47 42 -124.802 -136.865 -64.3891 -105.588 
-102 -180.674 -48 42 -115.765 -129.861 -60.9304 -105.567 
-94 -181.957 -48 41 -116.462 -129.055 -62.8975 -104.627 
-96 -178.081 -48 42 -125.569 -137.796 -64.088 -104.833 
-92 -181.562 -48 43 -117.994 -130.968 -64.819 -105.056 
FEATURES_TXT_END_0
FEATURES_TXT_BEGIN_0 24 81 8 Distortion0_0 LM0_0 WordPenalty0_0 PhrasePenalty0_0 TranslationModel0_0 TranslationModel0_1 TranslationModel0_2 TranslationModel0_3 
-78 -172.996 -48 39 -76.3103 -82.5499 -52.2798 -75.2961 
-82 -168.408 -46 40 -81.6019 -85.3597 -52.7483 -75.0019 
-84 -170.428 -49 40 -79.5838 -84.0579 -55.8171 -76.853 
-82 -171.968 -48 39 -77.0649 -82.5499 -52.9256 -75.296 
-88 -169.4 -49 40 -80.3384 -84.0579 -56.4628 -76.853 
-74 -171.279 -45 39 -79.6868 -83.7349 -50.0245 -73.0467 
-74 -174.22 -47 39 -76.7404 -81.8869 -51.5765 -73.1021 
-82 -169.345 -47 40 -80.1719 -85.0375 -54.5459 -75.7753 
-64 -174.79 -46 38 -76.2236 -81.0158 -51.2591 -74.1193 
-78 -172.08 -47 39 -78.0515 -82.5499 -51.3635 -75.2906 
-78 -170.13 -48 39 -81.6691 -86.4664 -57.3766 -75.5369 
-82 -167.492 -45 40 -83.3432 -85.3597 -51.832 -74.9965 
-84 -169.512 -48 40 -81.3251 -84.0579 -54.9008 -76.8476 
-84 -167.562 -49 40 -84.9426 -87.9744 -60.9139 -77.0939 
-78 -172.106 -47 40 -78.3918 -82.5499 -52.3091 -75.2906 
-82 -167.518 -45 41 -83.6834 -85.3597 -52.7776 -74.9965 
-84 -169.538 -48 41 -81.6653 -84.0579 -55.8464 -76.8476 
-82 -171.052 -47 39 -78.8062 -82.5499 -52.0093 -75.2906 
-88 -168.484 -48 40 -82.0797 -84.0579 -55.5466 -76.8476 
-74 -170.363 -44 39 -81.4281 -83.7349 -49.1083 -73.0413 
-74 -168.413 -45 39 -85.0456 -87.6514 -55.1214 -73.2875 
-74 -173.304 -46 39 -78.4817 -81.8869 -50.6602 -73.0966 
-82 -168.429 -46 40 -81.9131 -85.0375 -53.6296 -75.7699 
-82 -171.078 -47 40 -79.1464 -82.5499 -52.9548 -75.2906 
-88 -168.51 -48 41 -82.42 -84.0579 -56.4921 -76.8476 
-74 -170.389 -44 40 -81.7683 -83.7349 -50.0538 -73.0413 
-74 -173.33 -46 40 -78.8219 -81.8869 -51.6058 -73.0966 
-82 -171.704 -47 40 -78.7482 -83.5117 -51.4573 -75.0518 
-82 -168.455 -46 41 -82.2534 -85.0375 -54.5752 -75.7699 
-64 -174.498 -46 38 -77.5401 -82.6406 -51.4954 -74.4047 
-64 -173.874 -45 38 -77.9648 -81.0158 -50.3428 -74.1139 
-74 -172.275 -45 38 -76.5637 -83.0629 -48.4016 -74.426 
-78 -169.214 -47 39 -83.4103 -86.4664 -56.4603 -75.5315 
-82 -171.392 -48 40 -78.028 -84.4802 -54.0499 -76.8744 
-74 -173.221 -46 38 -76.2236 -81.0158 -51.2591 -74.1193 
-78 -172.503 -47 38 -81.1241 -87.8016 -50.1572 -73.0004 
-84 -166.646 -48 40 -86.6839 -87.9744 -59.9976 -77.0885 
-80 -172.222 -49 40 -79.5838 -84.0579 -55.8171 -76.853 
-82 -167.915 -45 39 -86.4157 -90.6114 -50.6256 -72.7062 
-84 -169.935 -48 39 -84.3976 -89.3096 -53.6945 -74.5574 
-64 -173.9 -45 39 -78.3051 -81.0158 -51.2884 -74.1139 
-74 -174.575 -46 39 -76.833 -81.8869 -48.7336 -73.0966 
-78 -171.19 -46 40 -80.1331 -82.5499 -51.3928 -75.2852 
-78 -169.24 -47 40 -83.7506 -86.4664 -57.4059 -75.5315 
-82 -166.602 -44 41 -85.4247 -85.3597 -51.8613 -74.9911 
-78 -171.433 -48 39 -78.7598 -84.4268 -54.6248 -77.421 
-84 -168.622 -47 41 -83.4066 -84.0579 -54.9301 -76.8422 
-84 -166.672 -48 41 -87.0241 -87.9744 -60.9432 -77.0885 
-82 -166.845 -46 40 -84.0514 -87.2365 -55.0933 -77.1268 
-82 -172.641 -48 40 -77.3181 -83.1895 -53.2549 -75.8252 
-78 -174.09 -48 39 -76.3103 -82.5499 -52.2798 -75.2961 
-84 -168.865 -49 40 -82.0333 -85.9348 -58.1621 -78.978 
-68 -174.624 -46 38 -76.2236 -81.0158 -51.2591 -74.1193 
-84 -171.522 -49 40 -79.5838 -84.0579 -55.8171 -76.853 
-86 -170.364 -48 40 -78.7827 -84.4802 -54.6956 -76.8744 
-78 -174.604 -48 39 -76.0628 -80.5028 -52.2943 -74.9839 
-82 -171.475 -47 38 -81.8787 -87.8016 -50.8029 -73.0004 
-84 -171.194 -49 40 -80.3384 -84.0579 -56.4628 -76.853 
-74 -167.497 -44 39 -86.7868 -87.6514 -54.2051 -73.2821 
-88 -168.907 -48 39 -85.1523 -89.3096 -54.3402 -74.5574 
-74 -170.786 -44 38 -84.5006 -88.9866 -47.9019 -70.751 
-68 -172.45 -47 38 -82.1038 -85.7738 -55.441 -74.6548 
-74 -173.727 -46 38 -81.5542 -87.1386 -49.4539 -70.8064 
-82 -170.162 -46 40 -80.8877 -82.5499 -52.0385 -75.2852 
-82 -168.852 -46 39 -84.9857 -90.2892 -52.4233 -73.4796 
-68 -172.298 -47 38 -79.1444 -84.4653 -55.4022 -76.6896 
-82 -170.405 -48 39 -79.5144 -84.4268 -55.2706 -77.421 
-88 -167.594 -47 41 -84.1613 -84.0579 -55.5758 -76.8422 
-74 -169.473 -43 40 -83.5096 -83.7349 -49.1375 -73.0359 
-78 -175.581 -47 38 -75.8165 -83.6577 -47.5688 -72.5389 
-74 -167.523 -44 40 -87.1271 -87.6514 -55.1506 -73.2821 
-88 -167.837 -49 40 -82.7879 -85.9348 -58.8079 -78.978 
-82 -170.993 -45 39 -81.1081 -86.4675 -48.0373 -72.2447 
-74 -169.716 -45 39 -82.1363 -85.6118 -52.3696 -75.1716 
-74 -172.414 -45 40 -80.5632 -81.8869 -50.6895 -73.0912 
-84 -173.013 -48 39 -79.09 -85.1657 -51.1061 -74.0959 
-82 -170.789 -46 40 -80.4894 -83.5117 -50.541 -75.0464 
-74 -172.657 -47 39 -79.1899 -83.7638 -53.9216 -75.227 
-82 -167.539 -45 41 -83.9947 -85.0375 -53.6589 -75.7645 
-68 -171.629 -46 38 -79.4367 -84.4653 -53.4563 -76.6842 
-82 -173.576 -48 39 -76.8174 -80.5028 -52.9401 -74.9839 
FEATURES_TXT_END_0
FEATURES_TXT_BEGIN_0 25 100 8 Distortion0_0 LM0_0 WordPenalty0_0 PhrasePenalty0_0 TranslationModel0_0 TranslationModel0_1 TranslationModel0_2 TranslationModel0_3 
-91 -159.862 -50 39 -109.439 -123.298 -70.9011 -104.331 
-91 -159.151 -50 39 -111.392 -125.028 -72.1249 -103.935 
-91 -159.414 -48 38 -116.319 -122.823 -68.2483 -99.0826 
-99 -157.643 -51 39 -113.467 -122.65 -76.4882 -103.67 
-103 -153.947 -48 40 -111.067 -128.563 -67.1188 -107.51 
-91 -158.703 -48 38 -118.272 -124.553 -69.4721 -98.6862 
-103 -153.236 -48 40 -113.02 -130.293 -68.3426 -107.114 
-91 -159.786 -50 39 -108.587 -123.276 -70.6134 -106.245 
-93 -163.165 -51 39 -106.033 -119.81 -71.5798 -102.933 
-103 -153.499 -46 39 -117.947 -128.088 -64.466 -102.262 
-91 -159.075 -50 39 -110.539 -125.005 -71.8372 -105.849 
-93 -162.454 -51 39 -107.985 -121.54 -72.8035 -102.536 
-91 -160.226 -49 39 -110.64 -121.442 -70.5879 -102.897 
-91 -160.245 -50 39 -112.135 -125.058 -71.7484 -103.054 
-111 -151.728 -49 40 -115.095 -127.916 -72.7059 -106.849 
-103 -152.788 -46 39 -119.899 -129.818 -65.6898 -101.865 
-91 -159.515 -49 39 -112.593 -123.172 -71.8116 -102.501 
-91 -159.534 -50 39 -114.087 -126.788 -72.9722 -102.658 
-91 -159.338 -48 38 -115.467 -122.801 -67.9606 -100.997 
-99 -157.915 -51 39 -113.692 -122.62 -77.8463 -103.587 
-99 -157.567 -51 39 -112.615 -122.628 -76.2005 -105.584 
-103 -153.871 -48 40 -110.215 -128.541 -66.8312 -109.424 
-91 -158.626 -48 38 -117.419 -124.53 -69.1844 -100.6 
-105 -157.25 -49 40 -107.661 -125.076 -67.7975 -106.112 
-91 -160.466 -50 39 -106.987 -122.266 -71.5943 -106.277 
-87 -163.81 -50 39 -110.92 -122.256 -68.5985 -101.376 
-91 -159.606 -50 39 -111.6 -123.587 -72.8371 -104.847 
-103 -153.16 -48 40 -112.167 -130.271 -68.0549 -109.028 
-105 -156.539 -49 40 -109.613 -126.805 -69.0213 -105.715 
-91 -159.755 -50 39 -108.94 -123.996 -72.818 -105.881 
-87 -163.098 -50 39 -112.872 -123.985 -69.8223 -100.98 
-103 -154.311 -47 40 -112.268 -126.708 -66.8056 -106.076 
-103 -154.33 -48 40 -113.763 -130.324 -67.9661 -106.233 
-91 -158.895 -50 39 -113.552 -125.316 -74.0608 -104.451 
-103 -153.6 -47 40 -114.221 -128.437 -68.0294 -105.68 
-81 -159.705 -48 38 -117.934 -126.947 -69.8287 -101.81 
-91 -160.713 -50 39 -109.727 -123.743 -70.9011 -104.994 
-103 -153.619 -48 40 -115.715 -132.053 -69.1899 -105.837 
-93 -163.088 -51 39 -105.18 -119.788 -71.2921 -104.847 
-85 -162.281 -49 39 -114.543 -123.831 -69.6019 -100.669 
-91 -160.169 -49 39 -112.301 -123.255 -70.7722 -102.887 
-103 -153.423 -46 39 -117.095 -128.066 -64.1783 -104.176 
-81 -158.994 -48 38 -119.887 -128.677 -71.0525 -101.414 
-91 -160.002 -50 39 -111.679 -125.472 -72.1249 -104.598 
-91 -159.525 -50 39 -109.779 -123.673 -72.5106 -106.549 
-91 -160.018 -48 38 -113.867 -121.791 -68.9414 -101.029 
-93 -162.377 -51 39 -107.133 -121.518 -72.5159 -104.45 
-87 -163.361 -48 38 -117.8 -121.781 -65.9457 -96.1277 
-91 -160.15 -49 39 -109.788 -121.42 -70.3002 -104.811 
-111 -152 -49 40 -115.32 -127.885 -74.0641 -106.766 
-91 -160.168 -50 39 -111.283 -125.036 -71.4607 -104.969 
-111 -151.652 -49 40 -114.243 -127.893 -72.4183 -108.763 
-85 -161.57 -49 39 -116.495 -125.561 -70.8257 -100.272 
-91 -161.961 -48 38 -114.159 -122.534 -66.3123 -98.5665 
-93 -163.547 -51 39 -108.728 -121.57 -72.4271 -101.656 
-83 -161.252 -48 38 -111.972 -122.091 -68.7582 -102.829 
-99 -158.247 -51 39 -111.015 -121.618 -77.1814 -105.616 
-95 -161.591 -51 39 -114.948 -121.608 -74.1856 -100.715 
-91 -159.458 -49 39 -114.254 -124.985 -71.9959 -102.49 
-99 -157.387 -51 39 -115.627 -122.939 -78.4242 -104.186 
-103 -152.712 -46 39 -119.047 -129.796 -65.4021 -103.779 
-97 -163.17 -51 39 -106.033 -119.81 -71.5798 -102.933 
-103 -154.551 -48 40 -108.615 -127.532 -67.812 -109.456 
-99 -157.895 -48 40 -112.548 -127.521 -64.8163 -104.555 
-91 -158.814 -50 39 -111.731 -125.403 -73.7343 -106.152 
-91 -160.701 -50 38 -107.413 -121.97 -72.9362 -105.312 
-91 -159.307 -48 38 -115.82 -123.521 -70.1652 -100.632 
-87 -162.65 -48 38 -119.752 -123.51 -67.1695 -95.7313 
-103 -153.691 -48 40 -113.228 -128.852 -69.0548 -108.026 
-91 -159.439 -49 39 -111.74 -123.15 -71.5239 -104.415 
-91 -159.457 -50 39 -113.235 -126.766 -72.6845 -104.572 
-93 -160.328 -48 40 -114.999 -122.264 -70.6116 -99.454 
-91 -161.25 -48 38 -116.111 -124.264 -67.5361 -98.1701 
-93 -162.836 -51 39 -110.681 -123.3 -73.6508 -101.259 
-83 -160.541 -48 38 -113.925 -123.821 -69.982 -102.433 
-91 -160.609 -49 39 -113.336 -123.202 -71.4352 -101.62 
-91 -160.246 -50 39 -108.875 -123.72 -70.6134 -106.909 
-91 -156.451 -48 39 -114.911 -126.9 -72.4784 -105.055 
-97 -162.458 -51 39 -107.985 -121.54 -72.8035 -102.536 
-103 -153.84 -48 40 -110.568 -129.261 -69.0358 -109.06 
-99 -157.184 -48 40 -114.5 -129.251 -66.04 -104.159 
-103 -152.98 -48 40 -115.18 -130.582 -70.2786 -107.63 
-93 -159.616 -48 40 -116.952 -123.994 -71.8354 -99.0576 
-99 -157.838 -51 39 -112.84 -122.598 -77.5587 -105.501 
-91 -159.898 -49 39 -115.288 -124.932 -72.6589 -101.224 
-91 -159.535 -50 39 -110.827 -125.45 -71.8372 -106.512 
-99 -158.494 -51 39 -113.755 -123.095 -76.4882 -104.333 
-91 -160.555 -49 38 -110.403 -120.699 -72.7843 -102.619 
-91 -155.74 -48 39 -116.864 -128.629 -73.7021 -104.659 
-95 -161.874 -48 40 -109.037 -117.409 -69.5412 -100.473 
-93 -153.79 -46 39 -119.562 -132.213 -66.0464 -104.989 
-103 -154.798 -48 40 -111.355 -129.008 -67.1188 -108.174 
-91 -159.545 -51 39 -107.045 -122.822 -75.2693 -109.377 
-81 -158.75 -48 38 -120.095 -127.236 -71.7646 -102.326 
-105 -157.173 -49 40 -106.808 -125.053 -67.5098 -108.026 
-91 -159.077 -48 38 -116.659 -123.198 -69.8577 -101.3 
-91 -160.39 -50 39 -106.135 -122.244 -71.3066 -108.191 
-97 -156.366 -47 40 -116.171 -129.097 -65.8196 -103.848 
-103 -153.545 -48 40 -111.407 -128.939 -68.7283 -109.728 
-91 -159.529 -50 39 -110.747 -123.564 -72.5494 -106.762 
FEATURES_TXT_END_0
FEATURES_TXT_BEGIN_0 26 100 8 Distortion0_0 LM0_0 WordPenalty0_0 PhrasePenalty0_0 TranslationModel0_0 TranslationModel0_1 TranslationModel0_2 TranslationModel0_3 
-60 -129.613 -41 34 -92.0753 -112.125 -56.2713 -97.6483 
-60 -128.784 -42 34 -92.6771 -114.351 -58.3081 -100.062 
-54 -132.342 -42 34 -89.8512 -103.3 -58.5401 -99.4751 
-56 -133.489 -43 34 -86.6434 -110.766 -56.2713 -100.039 
-60 -130.017 -41 34 -91.8082 -111.416 -56.5004 -97.9781 
-54 -132.525 -41 34 -92.9536 -103.128 -57.1538 -96.7063 
-56 -131.011 -41 32 -90.418 -112.125 -55.8952 -97.6483 
-56 -132.66 -44 34 -87.2452 -112.992 -58.3081 -102.453 
-61 -129.622 -40 32 -92.8789 -113.654 -54.1048 -95.6778 
-50 -136.218 -44 34 -84.4193 -101.941 -58.5401 -101.866 
-60 -128.652 -40 34 -93.2628 -111.416 -56.5004 -97.9727 
-56 -130.182 -42 32 -91.0198 -114.351 -57.9321 -100.062 
-60 -126.331 -41 34 -95.9265 -115.439 -59.9959 -100.859 
-56 -133.893 -43 34 -86.3762 -110.057 -56.5004 -100.369 
-50 -133.74 -42 32 -88.1939 -103.3 -58.164 -99.4752 
-61 -128.793 -41 32 -93.4807 -115.88 -56.1416 -98.0918 
-50 -136.401 -43 34 -87.5216 -101.768 -57.1538 -99.0967 
-52 -134.887 -43 32 -84.986 -110.766 -55.8952 -100.039 
-55 -132.351 -41 32 -90.6548 -104.829 -56.3736 -97.5046 
-54 -132.843 -43 34 -88.4168 -103.472 -59.4204 -102.244 
-54 -132.809 -41 34 -88.9477 -103.618 -55.9761 -99.3928 
-57 -133.498 -42 32 -87.4469 -112.295 -54.1048 -98.0682 
-56 -131.415 -41 32 -90.1508 -111.416 -56.1244 -97.9781 
-56 -132.528 -42 34 -87.8308 -110.057 -56.5004 -100.363 
-50 -133.924 -41 32 -91.2962 -103.128 -56.7777 -96.7063 
-61 -130.026 -40 32 -92.6117 -112.945 -54.3339 -96.0076 
-52 -134.058 -44 32 -85.5878 -112.992 -57.9321 -102.453 
-56 -130.207 -43 34 -90.4945 -114.08 -59.9959 -103.25 
-55 -132.534 -40 32 -93.7572 -104.656 -54.9873 -94.7358 
-54 -133.027 -42 34 -91.5191 -103.3 -58.0341 -99.4752 
-46 -137.616 -44 32 -82.7619 -101.941 -58.164 -101.866 
-56 -130.051 -40 32 -91.6055 -111.416 -56.1244 -97.9727 
-54 -132.992 -40 34 -92.0501 -103.446 -54.5898 -96.624 
-57 -132.669 -43 32 -88.0487 -114.521 -56.1416 -100.482 
-65 -130.421 -42 33 -88.4557 -112.719 -55.3964 -100.444 
-60 -132.812 -41 33 -87.2798 -110.5 -54.2763 -97.3629 
-51 -136.227 -43 32 -85.2228 -103.469 -56.3736 -99.8951 
-61 -128.661 -39 32 -94.0664 -112.945 -54.3339 -96.0022 
-50 -136.72 -45 34 -82.9848 -102.113 -59.4204 -104.634 
-54 -131.76 -39 34 -95.4571 -106.894 -55.0538 -94.3136 
-50 -136.685 -43 34 -83.5158 -102.259 -55.9761 -101.783 
-56 -127.73 -41 32 -94.2691 -115.439 -59.6199 -100.859 
-65 -130.707 -41 33 -89.8902 -112.547 -54.516 -97.6751 
-60 -129.511 -40 34 -93.53 -112.125 -56.2713 -97.6429 
-52 -135.292 -43 32 -84.7188 -110.057 -56.1244 -100.369 
-61 -126.34 -40 32 -96.7301 -116.968 -57.8294 -98.8888 
-46 -137.8 -43 32 -85.8642 -101.768 -56.7777 -99.0967 
-57 -133.902 -42 32 -87.1798 -111.585 -54.3339 -98.3981 
-65 -129.592 -43 33 -89.0575 -114.945 -57.4333 -102.858 
-54 -132.707 -39 34 -95.4764 -104.042 -54.5898 -93.7283 
-50 -134.242 -43 32 -86.7594 -103.472 -59.0444 -102.244 
-60 -130.302 -39 34 -91.9612 -109.262 -57.1186 -95.09 
-58 -131.291 -40 35 -97.0946 -106.703 -56.2172 -95.4147 
-60 -131.983 -42 33 -87.8816 -112.726 -56.3132 -99.7769 
-50 -134.207 -41 32 -87.2904 -103.618 -55.6001 -99.3928 
-51 -136.411 -42 32 -88.3252 -103.297 -54.9873 -97.1262 
-59 -133.15 -43 33 -86.2316 -103.894 -57.6652 -102.271 
-54 -132.621 -43 34 -90.453 -105.526 -60.577 -101.889 
-48 -136.779 -41 34 -90.3116 -103.392 -54.3607 -95.7889 
-50 -136.903 -44 34 -86.0872 -101.941 -58.0341 -101.866 
-65 -129.879 -42 33 -90.492 -114.773 -56.5529 -100.089 
-54 -135.541 -42 33 -85.0556 -101.675 -56.5451 -99.1897 
-52 -133.927 -42 32 -86.1735 -110.057 -56.1244 -100.363 
-60 -128.658 -41 34 -94.1318 -114.351 -58.3081 -100.057 
-55 -132.853 -42 32 -89.2204 -105.001 -57.2539 -100.274 
-50 -136.868 -42 34 -86.6181 -102.087 -54.5898 -99.0144 
-54 -131.965 -39 34 -95.19 -106.185 -55.283 -94.6434 
-60 -130.863 -42 34 -91.4732 -111.871 -58.7136 -99.8277 
-55 -132.818 -40 32 -89.7513 -105.147 -53.8096 -97.4223 
-61 -134.297 -44 33 -83.0238 -111.36 -55.3964 -102.834 
-59 -133.436 -42 33 -87.6661 -103.722 -56.7849 -99.5019 
-56 -136.688 -43 33 -81.8478 -109.141 -54.2763 -99.7533 
-56 -134.017 -41 31 -85.6224 -110.5 -53.9003 -97.3629 
-57 -132.538 -41 32 -88.6344 -111.585 -54.3339 -98.3926 
-58 -129.191 -40 36 -97.7149 -106.666 -59.681 -98.0534 
-54 -133.368 -42 34 -87.5133 -103.791 -56.8565 -102.162 
-50 -135.636 -41 34 -90.0252 -105.535 -55.0538 -96.7041 
-60 -131.89 -42 35 -94.7903 -112.597 -57.4648 -97.5708 
-52 -131.606 -43 32 -88.8372 -114.08 -59.6199 -103.25 
-61 -134.583 -43 33 -84.4582 -111.188 -54.516 -100.066 
-58 -130.486 -40 35 -97.1672 -107.025 -57.4068 -96.6072 
-65 -130.825 -42 33 -88.1886 -112.01 -55.6256 -100.774 
-60 -129.473 -40 34 -92.563 -111.488 -59.1554 -97.504 
-56 -133.387 -42 34 -88.098 -110.766 -56.2713 -100.033 
-50 -134.425 -42 32 -89.8618 -103.3 -57.6581 -99.4752 
-60 -133.217 -41 33 -87.0126 -109.791 -54.5055 -97.6927 
-50 -134.391 -40 32 -90.3927 -103.446 -54.2138 -96.624 
-60 -131.579 -40 34 -90.0759 -109.909 -55.8658 -96.8951 
-54 -133.427 -41 34 -89.8382 -103.3 -56.0485 -99.4697 
-58 -131.497 -40 35 -96.8274 -105.994 -56.4464 -95.7445 
-54 -133.031 -40 34 -89.7371 -100.437 -59.3874 -96.9168 
-57 -130.216 -42 32 -91.2981 -115.609 -57.8294 -101.279 
-59 -133.333 -42 33 -89.334 -103.722 -56.2789 -99.5019 
-54 -132.805 -42 34 -93.5554 -105.354 -59.1907 -99.1203 
-65 -131.112 -41 33 -89.623 -111.838 -54.7452 -98.0049 
-54 -135.725 -41 33 -88.158 -101.503 -55.1588 -96.4209 
-55 -133.036 -41 32 -92.3227 -104.829 -55.8676 -97.5046 
-48 -136.984 -41 34 -90.0444 -102.682 -54.5899 -96.1187 
-61 -133.468 -45 33 -83.6256 -113.586 -57.4333 -105.248 
-50 -136.583 -41 34 -90.0444 -102.682 -54.5898 -96.1187 
FEATURES_TXT_END_0
FEATURES_TXT_BEGIN_0 27 100 8 Distortion0_0 LM0_0 WordPenalty0_0 PhrasePenalty0_0 TranslationModel0_0 TranslationModel0_1 TranslationModel0_2 TranslationModel0_3 
-37 -87.7872 -27 26 -71.4621 -62.1085 -45.5836 -57.8725 
-31 -90.3826 -27 26 -68.2623 -61.6736 -42.0271 -59.1446 
-37 -84.2661 -26 25 -77.2964 -65.7442 -47.9658 -57.315 
-31 -90.7893 -28 27 -67.8084 -62.4942 -43.7593 -60.4556 
-41 -84.5113 -26 25 -70.3775 -62.9584 -46.151 -60.1904 
-31 -87.0123 -26 25 -74.0967 -65.3093 -44.4093 -58.587 
-37 -87.5898 -26 25 -74.9387 -63.8323 -44.452 -55.1745 
-31 -87.419 -27 26 -73.6428 -66.1299 -46.1415 -59.898 
-31 -91.4678 -28 27 -67.966 -62.4799 -43.4014 -60.0894 
-31 -90.1853 -26 25 -71.739 -63.3974 -40.8955 -56.4466 
-37 -88.6939 -27 26 -72.3401 -64.9287 -44.1412 -57.4848 
-31 -90.5919 -27 26 -71.2851 -64.2179 -42.6278 -57.7575 
-31 -91.2893 -27 26 -69.1403 -64.4939 -40.5847 -58.7568 
-41 -93.0254 -30 27 -64.1339 -53.5277 -48.2461 -59.5947 
-37 -85.1728 -26 25 -78.1744 -68.5645 -46.5234 -56.9272 
-37 -88.446 -26 25 -72.4185 -63.1134 -43.3534 -56.3449 
-37 -85.4987 -26 25 -74.7762 -65.0253 -46.8671 -58.4854 
-31 -88.0975 -27 26 -73.8003 -66.1156 -45.7836 -59.5318 
-31 -91.696 -28 27 -68.6864 -65.3144 -42.317 -60.0678 
-41 -85.418 -26 25 -71.2554 -65.7786 -44.7086 -59.8026 
-35 -95.6208 -30 27 -60.9341 -53.0928 -44.6897 -60.8667 
-37 -86.3824 -27 26 -74.3848 -65.044 -47.4328 -59.7634 
-37 -88.6076 -27 25 -70.3253 -62.8678 -45.1451 -58.7075 
-31 -91.0414 -26 25 -69.2188 -62.6785 -39.7969 -57.617 
-41 -89.5043 -29 26 -69.9682 -57.1634 -50.6283 -59.0371 
-31 -91.2704 -27 26 -71.4426 -64.2037 -42.2698 -57.3914 
-37 -91.9114 -28 27 -67.1261 -57.4937 -43.549 -59.4219 
-35 -96.0275 -31 28 -60.4802 -53.9133 -46.4219 -62.1777 
-45 -89.7495 -29 26 -63.0493 -54.3775 -48.8135 -61.9126 
-31 -91.4481 -27 26 -68.7649 -63.499 -41.5291 -58.928 
-31 -87.9191 -26 25 -74.9747 -68.1296 -42.9669 -58.1992 
-31 -88.2449 -26 25 -71.5765 -64.5904 -43.3107 -59.7574 
-31 -91.203 -27 25 -67.1255 -62.433 -41.5887 -59.9795 
-37 -95.3596 -30 26 -61.8021 -52.5358 -44.3166 -60.3545 
-37 -88.4966 -26 25 -75.8167 -66.6525 -43.0096 -54.7868 
-31 -94.5069 -28 27 -63.9263 -57.0589 -39.9926 -60.6939 
-31 -88.3257 -27 26 -74.5208 -68.9501 -44.6991 -59.5102 
-31 -88.6516 -27 26 -71.1225 -65.4109 -45.0429 -61.0684 
-37 -88.3904 -27 26 -72.9604 -61.1294 -45.9312 -58.8643 
-31 -91.6097 -28 26 -66.6716 -63.2535 -43.3209 -61.2905 
-31 -92.3745 -28 27 -68.8439 -65.3002 -41.959 -59.7016 
-31 -89.1286 -27 26 -71.1851 -64.6091 -43.8764 -61.0354 
-35 -92.2506 -29 26 -66.7685 -56.7285 -47.0718 -60.3092 
-31 -94.9135 -29 28 -63.4724 -57.8794 -41.7248 -62.0049 
-41 -88.6356 -27 26 -66.0414 -58.3436 -44.1165 -61.7398 
-31 -97.955 -30 26 -58.6023 -52.1009 -40.7601 -61.6266 
-31 -91.092 -26 25 -72.617 -66.2177 -39.4532 -56.0588 
-41 -92.828 -29 26 -67.6105 -55.2514 -47.1145 -56.8967 
-37 -91.8385 -29 25 -67.6364 -56.1715 -46.6987 -59.797 
-31 -89.5353 -28 27 -70.7312 -65.4296 -45.6086 -62.3464 
-37 -89.7021 -27 26 -70.393 -62.5308 -45.3327 -57.8993 
-35 -92.6573 -30 27 -66.3146 -57.549 -48.804 -61.6202 
-41 -86.7031 -27 25 -69.8309 -63.2591 -48.5489 -59.8929 
-37 -90.2384 -27 25 -70.1128 -63.132 -43.0988 -57.6229 
-31 -98.3617 -31 27 -58.1484 -52.9215 -42.4923 -62.9376 
-31 -91.6305 -27 26 -68.1048 -61.6879 -42.3851 -59.5107 
-41 -92.0837 -29 25 -60.7174 -53.3857 -44.884 -62.6724 
-31 -91.4987 -27 26 -72.1631 -67.0382 -41.1854 -57.3698 
-35 -96.706 -31 28 -60.6378 -53.8991 -46.0639 -61.8116 
-31 -92.1266 -27 26 -68.9224 -63.4848 -41.1712 -58.5618 
-34 -90.9192 -27 26 -70.1456 -60.4837 -45.3472 -57.5871 
-41 -90.5681 -28 26 -70.7492 -62.6589 -44.4127 -57.5082 
-35 -95.4235 -29 26 -64.4108 -54.8166 -43.5581 -58.1687 
-31 -92.2976 -27 26 -67.1933 -62.0959 -41.7763 -59.1713 
-31 -91.1366 -27 26 -69.7607 -60.6946 -42.3748 -60.1363 
-37 -85.6348 -26 25 -75.0396 -65.1277 -47.5603 -59.1904 
-37 -86.1811 -26 25 -76.2274 -66.1665 -47.7149 -57.3417 
-31 -92.8338 -27 25 -66.9131 -62.6972 -39.5423 -58.8949 
-41 -93.9321 -30 27 -65.0119 -56.3479 -46.8037 -59.2069 
-37 -91.7141 -27 26 -70.6027 -59.2175 -42.4175 -56.7239 
-35 -95.8302 -30 27 -63.9569 -55.6371 -45.2903 -59.4797 
-45 -89.2838 -27 25 -68.1002 -62.5959 -41.9466 -58.3166 
-37 -89.3527 -26 25 -73.2965 -65.9336 -41.911 -55.9572 
-37 -86.4054 -26 25 -75.6542 -67.8455 -45.4248 -58.0976 
-31 -89.0043 -27 26 -74.6783 -68.9359 -44.3412 -59.1441 
-31 -89.3301 -27 26 -71.2801 -65.3967 -44.685 -60.7022 
-31 -92.7042 -28 27 -66.7394 -62.9165 -43.5085 -60.4823 
-31 -92.2882 -28 26 -66.8291 -63.2393 -42.963 -60.9243 
-37 -85.9574 -27 26 -74.8134 -65.1478 -49.0176 -60.8306 
-41 -86.4263 -26 25 -69.3084 -63.3807 -45.9002 -60.2172 
-31 -91.5433 -28 27 -69.3068 -61.5151 -44.107 -61.4473 
-37 -90.4632 -27 26 -70.1456 -60.4837 -45.3472 -57.5871 
-28 -93.5146 -27 26 -66.9458 -60.0489 -41.7908 -58.8592 
-31 -94.5848 -29 25 -64.4367 -55.7366 -43.1423 -61.069 
-31 -93.2405 -28 26 -66.4591 -63.5177 -41.2745 -60.2059 
-37 -92.8822 -28 27 -68.0948 -56.6534 -45.3887 -57.6375 
-27 -91.8457 -27 25 -69.5662 -62.9936 -43.5774 -59.0947 
-34 -87.3981 -26 25 -75.9799 -64.1194 -47.7294 -57.0296 
-31 -95.5921 -29 28 -63.6299 -57.8652 -41.3669 -61.6388 
-37 -95.1622 -29 25 -65.2787 -54.2596 -43.185 -57.6565 
-35 -96.5276 -30 27 -61.8121 -55.9131 -43.2473 -60.479 
-41 -89.11 -26 25 -71.5815 -63.4116 -41.2535 -56.8127 
-28 -93.9213 -28 27 -66.4919 -60.8694 -43.523 -60.1702 
-37 -87.2891 -27 26 -75.2628 -67.8642 -45.9905 -59.3756 
-31 -94.9915 -30 26 -63.9828 -56.5572 -44.8745 -62.38 
-31 -88.2603 -26 25 -73.9392 -65.3236 -44.7672 -58.9532 
-31 -90.2138 -28 27 -70.8887 -65.4154 -45.2507 -61.9802 
-38 -87.6433 -26 25 -69.0609 -61.3336 -45.9147 -59.905 
-31 -94.3095 -27 26 -67.403 -58.7826 -38.861 -57.9959 
-37 -89.5143 -27 25 -71.2033 -65.6881 -43.7028 -58.3197 
FEATURES_TXT_END_0
FEATURES_TXT_BEGIN_0 28 72 8 Distortion0_0 LM0_0 WordPenalty0_0 PhrasePenalty0_0 TranslationModel0_0 TranslationModel0_1 TranslationModel0_2 TranslationModel0_3 
-67 -120.967 -41 37 -98.5454 -113.824 -48.9158 -99.2885 
-67 -121.103 -41 36 -98.1824 -114.093 -48.3456 -99.7139 
-67 -121.809 -43 37 -97.9054 -114.055 -53.1327 -101.268 
-67 -121.9 -42 36 -96.9453 -114.055 -49.8169 -101.263 
-67 -121.944 -43 36 -97.5424 -114.324 -52.5625 -101.694 
-67 -119.192 -40 35 -102.076 -117.353 -48.6509 -98.9537 
-67 -122.338 -41 36 -98.4366 -113.546 -48.9053 -98.2978 
-67 -127.952 -42 36 -86.6212 -108.235 -45.736 -98.7018 
-67 -121.045 -40 37 -100.955 -113.824 -46.8364 -99.283 
-67 -123.256 -42 38 -98.839 -114.108 -49.453 -99.8445 
-67 -122.035 -42 35 -96.5823 -114.324 -49.2467 -101.688 
-67 -118.942 -40 35 -104.511 -116.916 -50.5968 -98.253 
-67 -120.034 -42 35 -101.436 -117.584 -52.8677 -100.934 
-67 -123.18 -43 36 -97.7966 -113.777 -53.1221 -100.278 
-67 -124.133 -42 37 -95.8154 -113.708 -46.1432 -101.402 
-67 -128.088 -42 35 -86.2582 -108.505 -45.1658 -99.1273 
-71 -124.274 -42 38 -92.3266 -108.751 -48.3343 -101.652 
-67 -121.18 -40 36 -100.592 -114.093 -46.2662 -99.7085 
-67 -121.887 -42 37 -100.315 -114.055 -51.0532 -101.263 
-67 -119.307 -40 35 -104.316 -119.546 -49.9037 -98.1512 
-67 -124.097 -44 38 -98.199 -114.339 -53.6698 -101.824 
-67 -120.124 -41 34 -100.476 -117.584 -49.552 -100.928 
-67 -122.824 -41 37 -98.5846 -114.162 -48.876 -99.454 
-67 -123.271 -42 35 -96.8365 -113.777 -49.8063 -100.272 
-67 -119.784 -42 35 -103.871 -117.147 -54.8136 -100.233 
-67 -124.268 -42 36 -95.4523 -113.978 -45.573 -101.828 
-67 -128.891 -44 36 -86.1491 -108.235 -53.0439 -99.4512 
-71 -124.409 -42 37 -91.9636 -109.02 -47.7641 -102.078 
-59 -127.063 -43 36 -90.6079 -112.692 -51.0865 -101.705 
-67 -124.975 -44 37 -95.1754 -113.939 -50.3601 -103.382 
-71 -125.115 -44 38 -91.6867 -108.981 -52.5511 -103.632 
-57 -122.588 -43 39 -99.1745 -115.231 -60.2516 -103.225 
-69 -124.235 -43 36 -93.2878 -114.391 -49.911 -102.266 
-67 -123.008 -42 37 -99.0755 -113.824 -53.3059 -99.2939 
-67 -123.272 -43 37 -98.0733 -113.824 -56.2237 -100.038 
-67 -126.177 -41 34 -90.1516 -111.765 -45.4711 -98.367 
-54 -125.761 -42 38 -98.6414 -112.946 -54.0381 -99.8641 
-67 -121.977 -41 36 -99.3545 -114.055 -47.7374 -101.258 
-67 -123.525 -41 38 -101.609 -114.781 -49.8324 -97.1367 
-67 -129.323 -42 35 -86.5124 -107.958 -45.7255 -97.7111 
-67 -122.022 -42 36 -99.9516 -114.324 -50.483 -101.688 
-57 -131.756 -42 36 -83.8906 -106.21 -45.8374 -99.1651 
-71 -123.792 -42 37 -98.4011 -112.772 -50.1916 -98.6376 
-67 -124.188 -43 37 -97.2389 -114.339 -50.354 -101.819 
-67 -119.269 -39 35 -104.485 -117.353 -46.5715 -98.9482 
-67 -122.177 -42 38 -105.082 -115.213 -53.2142 -98.5888 
-65 -129.273 -44 36 -83.2777 -101.96 -51.7404 -103.396 
-67 -122.416 -40 36 -100.846 -113.546 -46.8258 -98.2924 
-54 -125.665 -43 38 -97.8368 -113.176 -55.9989 -101.839 
-67 -120.149 -42 35 -103.676 -119.777 -54.1205 -100.131 
-67 -122.959 -41 36 -98.2216 -114.431 -48.3058 -99.8794 
-67 -123.037 -42 36 -97.1838 -114.797 -50.2915 -101.383 
-67 -119.874 -41 34 -102.911 -117.147 -51.4979 -100.227 
-57 -134.697 -43 36 -82.9696 -100.753 -47.7465 -96.9086 
-67 -129.027 -44 35 -85.7861 -108.505 -52.4737 -99.8767 
-59 -127.198 -43 35 -90.2448 -112.961 -50.5163 -102.131 
-67 -121.798 -41 36 -94.4835 -116.083 -50.2149 -102.583 
-69 -121.829 -40 37 -100.955 -113.824 -46.8364 -99.283 
-67 -128.03 -41 36 -89.0304 -108.235 -43.6566 -98.6964 
-67 -123.666 -43 37 -97.9447 -114.392 -53.0929 -101.434 
-67 -130.241 -43 37 -86.9148 -108.519 -46.2732 -99.2578 
-67 -125.065 -43 36 -94.2153 -113.939 -47.0443 -103.377 
-71 -125.206 -43 37 -90.7266 -108.981 -49.2353 -103.627 
-67 -125.11 -44 36 -94.8123 -114.208 -49.7899 -103.808 
-71 -125.251 -44 37 -91.3236 -109.251 -51.9809 -104.058 
-57 -122.724 -43 38 -98.8114 -115.5 -59.6814 -103.65 
-55 -133.397 -42 35 -79.4051 -107.27 -44.7709 -99.3909 
-69 -124.37 -43 35 -92.9247 -114.661 -49.3408 -102.692 
-63 -123.472 -42 37 -101.597 -115.83 -51.5686 -100.037 
-67 -121.06 -40 36 -102.439 -117.083 -49.2211 -98.5282 
-67 -123.144 -42 36 -98.7125 -114.093 -52.7357 -99.7193 
-61 -126.049 -42 36 -85.6533 -107.417 -49.8313 -105.647 
FEATURES_TXT_END_0
FEATURES_TXT_BEGIN_0 29 97 8 Distortion0_0 LM0_0 WordPenalty0_0 PhrasePenalty0_0 TranslationModel0_0 TranslationModel0_1 TranslationModel0_2 TranslationModel0_3 
-86 -267.963 -68 52 -108.892 -141.98 -72.7344 -142.889 
-86 -268.647 -68 52 -108.731 -141.911 -71.9235 -142.195 
-82 -271.824 -67 49 -105.227 -144.509 -62.1597 -140.745 
-82 -272.825 -67 50 -106.108 -142.418 -63.14 -138.994 
-82 -272.508 -67 49 -105.066 -144.439 -61.3487 -140.052 
-82 -273.509 -67 50 -105.947 -142.349 -62.329 -138.301 
-86 -271.147 -68 52 -102.502 -141.206 -66.8865 -143.88 
-86 -269.109 -68 52 -107.177 -140.433 -72.2236 -142.916 
-88 -267.963 -68 52 -108.892 -141.98 -72.7344 -142.889 
-86 -271.831 -68 52 -102.342 -141.137 -66.0756 -143.186 
-78 -271.674 -66 49 -104.97 -144.658 -60.5734 -141.47 
-86 -269.793 -68 52 -107.016 -140.364 -71.4126 -142.223 
-88 -268.647 -68 52 -108.731 -141.911 -71.9235 -142.195 
-78 -272.675 -66 50 -105.851 -142.567 -61.5537 -139.719 
-78 -272.358 -66 49 -104.809 -144.588 -59.7624 -140.777 
-82 -274.061 -68 50 -103.246 -142.461 -63.2689 -140.438 
-86 -271.863 -69 54 -107.595 -138.861 -71.9788 -141.512 
-78 -273.359 -66 50 -105.69 -142.498 -60.7427 -139.026 
-82 -274.745 -68 50 -103.085 -142.392 -62.458 -139.745 
-86 -272.546 -69 54 -107.435 -138.792 -71.1679 -140.818 
-86 -266.144 -66 53 -113.259 -144.137 -73.2759 -140.543 
-86 -271.708 -68 52 -102.502 -141.223 -67.2189 -142.995 
-86 -266.828 -66 53 -113.099 -144.067 -72.465 -139.85 
-90 -267.149 -67 53 -112.495 -143.903 -73.0352 -139.972 
-78 -273.911 -67 50 -102.989 -142.611 -61.6826 -141.163 
-86 -272.392 -68 52 -102.341 -141.153 -66.408 -142.301 
-90 -267.833 -67 53 -112.335 -143.834 -72.2243 -139.279 
-78 -274.595 -67 50 -102.828 -142.541 -60.8717 -140.47 
-78 -270.756 -66 49 -104.707 -144.288 -62.1828 -142.925 
-82 -273.81 -68 49 -103.474 -144.509 -62.1597 -140.751 
-86 -272.069 -70 53 -106.01 -139.092 -72.7171 -143.486 
-78 -271.758 -66 50 -105.588 -142.198 -63.1631 -141.174 
-78 -271.44 -66 49 -104.547 -144.219 -61.3719 -142.232 
-82 -274.494 -68 49 -103.314 -144.439 -61.3487 -140.057 
-78 -272.345 -67 49 -105.294 -144.658 -63.1071 -141.475 
-90 -268.188 -67 53 -109.112 -141.75 -71.8303 -140.914 
-86 -272.752 -70 53 -105.85 -139.023 -71.9061 -142.793 
-78 -272.442 -66 50 -105.428 -142.129 -62.3522 -140.481 
-84 -269.477 -67 52 -111.214 -140.883 -72.7344 -139.116 
-82 -272.969 -67 49 -103.512 -142.962 -61.6488 -140.772 
-78 -273.346 -67 50 -106.176 -142.567 -64.0873 -139.724 
-78 -273.029 -67 49 -105.134 -144.588 -62.2961 -140.782 
-84 -271.824 -67 49 -105.227 -144.509 -62.1597 -140.745 
-90 -268.872 -67 53 -108.951 -141.68 -71.0194 -140.221 
-84 -271.698 -66 50 -105.851 -142.567 -61.5536 -139.719 
-84 -270.161 -67 52 -111.054 -140.813 -71.9235 -138.423 
-82 -273.971 -67 50 -104.393 -140.871 -62.6291 -139.021 
-82 -273.653 -67 49 -103.351 -142.892 -60.8379 -140.079 
-78 -274.03 -67 50 -106.015 -142.498 -63.2764 -139.031 
-84 -272.508 -67 49 -105.066 -144.439 -61.3487 -140.052 
-84 -272.825 -67 50 -106.108 -142.418 -63.14 -138.994 
-78 -273.66 -67 49 -103.217 -144.658 -60.5734 -141.475 
-84 -272.382 -66 50 -105.69 -142.498 -60.7427 -139.026 
-82 -274.655 -67 50 -104.233 -140.802 -61.8182 -138.328 
-84 -273.509 -67 50 -105.947 -142.349 -62.329 -138.301 
-86 -272.293 -68 52 -100.788 -139.659 -66.3757 -143.907 
-82 -272.747 -67 50 -104.998 -142.461 -63.2689 -140.433 
-78 -274.344 -67 49 -103.057 -144.588 -59.7624 -140.782 
-82 -275.723 -68 51 -103.93 -141.389 -61.4041 -139.368 
-78 -272.994 -67 50 -102.726 -142.241 -63.292 -142.618 
-88 -271.147 -68 52 -102.502 -141.206 -66.8865 -143.88 
-82 -270.399 -68 51 -108.493 -141.911 -70.7109 -142.195 
-88 -269.109 -68 52 -107.177 -140.433 -72.2236 -142.916 
-84 -270.095 -66 52 -109.445 -139.433 -69.4763 -138.754 
-86 -272.977 -68 52 -100.627 -139.59 -65.5648 -143.214 
-82 -273.431 -67 50 -104.838 -142.392 -62.458 -139.74 
-82 -276.724 -68 52 -104.812 -139.299 -62.3844 -137.617 
-82 -276.407 -68 51 -103.77 -141.32 -60.5932 -138.675 
-78 -272.819 -66 49 -103.255 -143.111 -60.0625 -141.497 
-78 -273.678 -67 50 -102.566 -142.172 -62.4811 -141.925 
-88 -271.831 -68 52 -102.342 -141.137 -66.0756 -143.186 
-78 -274.582 -68 50 -103.313 -142.611 -64.2163 -141.169 
-80 -271.674 -66 49 -104.97 -144.658 -60.5734 -141.47 
-88 -271.863 -69 54 -107.595 -138.861 -71.9788 -141.512 
-88 -269.793 -68 52 -107.016 -140.364 -71.4126 -142.223 
-82 -270.004 -65 50 -109.594 -146.665 -62.7012 -138.399 
-84 -270.779 -66 52 -109.284 -139.363 -68.6654 -138.061 
-86 -268.68 -68 52 -108.786 -142.026 -73.833 -142.645 
-86 -269.258 -68 52 -109.297 -139.377 -72.7344 -142.473 
-82 -277.408 -68 52 -104.651 -139.23 -61.5735 -136.924 
-78 -273.821 -66 50 -104.136 -141.02 -61.0428 -139.746 
-78 -273.503 -66 49 -103.094 -143.041 -59.2516 -140.804 
-82 -275.207 -68 50 -101.531 -140.914 -62.7581 -140.466 
-78 -275.266 -68 50 -103.153 -142.541 -63.4054 -140.475 
-86 -271.608 -67 52 -102.177 -141.223 -64.6853 -142.989 
-80 -272.358 -66 49 -104.809 -144.588 -59.7624 -140.777 
-80 -272.675 -66 50 -105.851 -142.567 -61.5537 -139.719 
-78 -274.505 -66 50 -103.976 -140.951 -60.2319 -139.053 
-86 -273.008 -69 54 -105.881 -137.314 -71.468 -141.539 
-74 -273.504 -67 49 -105.267 -144.658 -62.7016 -141.475 
-86 -275.046 -69 54 -101.206 -138.087 -66.1309 -142.503 
-84 -274.061 -68 50 -103.246 -142.461 -63.2689 -140.438 
-82 -271.006 -65 51 -110.475 -144.575 -63.6815 -136.648 
-82 -270.688 -65 50 -109.434 -146.595 -61.8902 -137.706 
-86 -271.009 -66 50 -108.83 -146.432 -62.4605 -137.828 
-86 -269.364 -68 52 -108.626 -141.956 -73.0221 -141.952 
-86 -269.942 -68 52 -109.137 -139.308 -71.9235 -141.78 
FEATURES_TXT_END_0
FEATURES_TXT_BEGIN_0 30 100 8 Distortion0_0 LM0_0 WordPenalty0_0 PhrasePenalty0_0 TranslationModel0_0 TranslationModel0_1 TranslationModel0_2 TranslationModel0_3 
-21 -110.876 -32 26 -63.3072 -77.5501 -48.1708 -83.9038 
-29 -108.286 -30 24 -67.1702 -80.7133 -44.1321 -80.1868 
-21 -111.59 -32 26 -63.3995 -76.5747 -48.1708 -83.2828 
-29 -108.357 -30 24 -67.1702 -80.5927 -44.1321 -80.1868 
-21 -112.023 -32 26 -66.3412 -79.8854 -47.2545 -81.1312 
-29 -109.001 -30 24 -67.2625 -79.7379 -44.1321 -79.5658 
-21 -113.441 -32 26 -63.4895 -75.5573 -47.4776 -80.9334 
-29 -109.071 -30 24 -67.2625 -79.6173 -44.1321 -79.5658 
-25 -110.057 -32 27 -67.5986 -80.6968 -49.435 -82.2204 
-27 -110.815 -31 25 -66.4433 -78.1865 -43.8469 -80.7817 
-31 -108.693 -31 25 -67.243 -79.1736 -45.0648 -81.9623 
-29 -109.433 -30 24 -70.2042 -83.0486 -43.2158 -77.4142 
-31 -108.309 -30 24 -67.1702 -80.7133 -44.1321 -80.1868 
-31 -110.731 -31 25 -67.4253 -77.1808 -44.3717 -78.9919 
-21 -112.77 -32 26 -63.3717 -75.5256 -48.1708 -82.1121 
-21 -112.737 -32 26 -66.4336 -78.9101 -47.2545 -80.5102 
-29 -109.504 -30 24 -70.2042 -82.928 -43.2158 -77.4142 
-23 -111.779 -31 25 -66.4433 -78.1865 -43.8469 -80.7817 
-29 -111.825 -33 26 -64.3582 -79.9237 -46.8278 -82.5288 
-31 -110.06 -31 25 -67.3075 -77.1491 -45.0648 -80.1706 
-21 -111.736 -32 26 -63.3072 -77.4295 -48.1708 -83.9038 
-21 -114.155 -32 26 -63.5818 -74.5819 -47.4776 -80.3124 
-33 -107.467 -30 25 -71.4616 -83.86 -45.3963 -78.5034 
-31 -109.07 -30 24 -68.2434 -78.9654 -44.1321 -79.031 
-29 -110.628 -30 24 -66.3716 -76.6931 -44.8252 -77.9702 
-21 -111.648 -32 26 -65.8721 -79.4149 -48.8639 -82.2456 
-33 -107.538 -30 25 -71.4616 -83.7394 -45.3963 -78.5034 
-27 -111.529 -31 25 -66.5357 -77.2112 -43.8469 -80.1607 
-33 -108.693 -30 24 -68.2434 -78.9654 -44.1321 -79.031 
-31 -109.407 -31 25 -67.3353 -78.1982 -45.0648 -81.3413 
-29 -110.148 -30 24 -70.2966 -82.0733 -43.2158 -76.7932 
-21 -113.315 -32 26 -61.3876 -75.7904 -46.5613 -83.2752 
-29 -110.699 -30 24 -66.3716 -76.5725 -44.8252 -77.9702 
-31 -109.023 -30 24 -67.2625 -79.7379 -44.1321 -79.5658 
-31 -111.445 -31 25 -67.5177 -76.2055 -44.3717 -78.3709 
-21 -113.485 -32 26 -63.4641 -74.5502 -48.1708 -81.4911 
-21 -114.588 -32 26 -66.5236 -77.8926 -46.5613 -78.1608 
-29 -110.218 -30 24 -70.2966 -81.9527 -43.2158 -76.7932 
-31 -109.218 -30 24 -68.2434 -78.9654 -44.1321 -79.031 
-23 -112.493 -31 25 -66.5357 -77.2112 -43.8469 -80.1607 
-27 -111.962 -31 25 -69.4774 -80.5219 -42.9307 -78.0091 
-31 -109.84 -31 25 -70.2771 -81.5089 -44.1485 -79.1897 
-37 -109.235 -31 24 -68.2212 -83.0869 -42.7891 -78.8118 
-25 -110.939 -32 27 -67.691 -79.7214 -49.435 -81.5994 
-31 -110.605 -31 25 -65.3234 -77.4139 -43.4554 -81.3337 
-31 -109.456 -30 24 -70.2042 -83.0486 -43.2158 -77.4142 
-31 -110.774 -31 25 -67.3999 -76.1737 -45.0648 -79.5496 
-21 -112.598 -32 26 -62.5832 -77.055 -48.4585 -83.0929 
-31 -111.878 -31 25 -70.4594 -79.5162 -43.4554 -76.2193 
-21 -113.918 -32 26 -66.4058 -77.8609 -47.2545 -79.3395 
-21 -112.45 -32 26 -63.3995 -76.4541 -48.1708 -83.2828 
-37 -109.306 -31 24 -68.2212 -82.9663 -42.7891 -78.8118 
-21 -112.959 -32 26 -62.2955 -76.6768 -48.4585 -82.7252 
-29 -109.059 -30 24 -69.7351 -82.5781 -44.8252 -78.5286 
-31 -109.784 -30 24 -68.3358 -77.9901 -44.1321 -78.41 
-21 -109.334 -31 26 -70.4313 -82.4174 -50.0877 -81.3829 
-23 -112.926 -31 25 -69.4774 -80.5219 -42.9307 -78.0091 
-19 -112.487 -31 25 -65.37 -79.9344 -43.8469 -81.9375 
-25 -112.622 -32 27 -67.781 -78.704 -48.7419 -79.25 
-29 -111.72 -34 26 -64.2711 -80.0959 -47.521 -85.2977 
-29 -111.343 -30 24 -66.464 -75.7178 -44.8252 -77.3492 
-21 -112.362 -32 26 -65.9645 -78.4395 -48.8639 -81.6246 
-33 -109.407 -30 24 -68.3358 -77.9901 -44.1321 -78.41 
-29 -109.129 -30 24 -69.7351 -82.4574 -44.8252 -78.5286 
-31 -111.207 -31 25 -70.3416 -79.4844 -44.1485 -77.398 
-19 -112.558 -31 25 -65.37 -79.8137 -43.8469 -81.9375 
-21 -114.029 -32 26 -61.4799 -74.815 -46.5613 -82.6542 
-21 -112.883 -32 26 -66.3412 -79.7648 -47.2545 -81.1312 
-31 -109.995 -31 26 -70.7348 -81.3332 -45.1112 -79.0983 
-29 -111.413 -30 24 -66.464 -75.5972 -44.8252 -77.3492 
-21 -111.246 -32 26 -66.2516 -80.5558 -48.8639 -83.2107 
-21 -112.936 -32 26 -62.1032 -76.5289 -47.4776 -83.5854 
-35 -107.874 -31 26 -71.5345 -82.3203 -46.3291 -80.2789 
-21 -115.303 -32 26 -66.6159 -76.9173 -46.5613 -77.5398 
-31 -110.217 -30 24 -71.2775 -81.3008 -43.2158 -76.2584 
-35 -107.489 -30 25 -71.4616 -83.86 -45.3963 -78.5034 
-21 -111.829 -33 27 -65.0684 -79.587 -50.2242 -85.0145 
-35 -109.911 -31 26 -71.7168 -80.3275 -45.6359 -77.3085 
-33 -108.35 -30 25 -71.554 -82.8846 -45.3963 -77.8824 
-31 -109.932 -30 24 -68.3358 -77.9901 -44.1321 -78.41 
-25 -111.951 -32 27 -67.6632 -78.6723 -49.435 -80.4286 
-31 -110.629 -30 24 -66.3716 -76.6931 -44.8252 -77.9702 
-29 -111.776 -30 24 -69.4057 -79.0285 -43.9089 -75.1976 
-35 -108.689 -30 24 -68.2434 -78.9654 -44.1321 -79.031 
-27 -112.676 -31 25 -69.5698 -79.5465 -42.9307 -77.3881 
-33 -109.11 -30 24 -68.2434 -78.9654 -44.1321 -79.031 
-21 -114.165 -33 26 -59.9804 -76.7151 -48.4891 -84.1228 
-33 -109.84 -30 24 -71.2775 -81.3008 -43.2158 -76.2584 
-31 -110.554 -31 25 -70.3694 -80.5336 -44.1485 -78.5687 
-29 -110.008 -30 24 -66.4462 -80.2182 -44.4198 -79.3759 
-33 -107.717 -31 27 -69.4213 -80.938 -50.9694 -80.9146 
-31 -111.319 -31 25 -65.4158 -76.4385 -43.4554 -80.7127 
-21 -114.462 -32 26 -64.4216 -78.1257 -45.645 -80.5026 
-33 -108.421 -30 25 -71.554 -82.764 -45.3963 -77.8824 
-27 -110.96 -31 26 -70.7348 -81.3332 -45.1112 -79.0983 
-29 -111.846 -30 24 -69.4057 -78.9079 -43.9089 -75.1976 
-31 -110.17 -30 24 -70.2966 -82.0733 -43.2158 -76.7932 
-31 -110.225 -31 25 -66.039 -78.1524 -44.3717 -81.6439 
-33 -109.18 -30 24 -68.2434 -78.8448 -44.1321 -79.031 
-29 -114.39 -33 26 -64.5405 -77.9309 -46.1347 -79.5584 
FEATURES_TXT_END_0
FEATURES_TXT_BEGIN_0 31 100 8 Distortion0_0 LM0_0 WordPenalty0_0 PhrasePenalty0_0 TranslationModel0_0 TranslationModel0_1 TranslationModel0_2 TranslationModel0_3 
-47 -90.5159 -31 23 -48.4156 -77.3603 -39.4546 -68.2771 
-35 -95.1993 -29 22 -48.7393 -75.9587 -33.311 -62.7137 
-35 -93.3458 -30 22 -49.6108 -76.3648 -37.0113 -66.1862 
-35 -96.8543 -29 22 -48.0462 -74.5004 -31.9247 -61.6151 
-40 -89.7412 -31 23 -59.2289 -77.7174 -45.1078 -65.1966 
-28 -94.4247 -29 22 -59.5527 -76.3157 -38.9642 -59.6332 
-35 -95.0007 -30 22 -48.9176 -74.9066 -35.625 -65.0876 
-35 -93.2301 -29 21 -49.018 -77.8706 -36.0514 -64.8542 
-28 -92.5711 -30 22 -60.4242 -76.7218 -42.6645 -63.1057 
-47 -90.6727 -30 23 -48.3053 -77.2846 -38.0783 -67.8695 
-49 -93.5193 -30 23 -48.964 -75.1012 -36.2129 -63.0068 
-35 -95.3561 -28 22 -48.6291 -75.8829 -31.9347 -62.3061 
-40 -90.3564 -31 23 -59.7849 -78.6259 -44.4146 -64.6433 
-28 -96.0796 -29 22 -58.8596 -74.8574 -37.5779 -58.5346 
-28 -95.0398 -29 22 -60.1087 -77.2242 -38.271 -59.0799 
-35 -93.5026 -29 22 -49.5005 -76.2891 -35.6351 -65.7786 
-35 -94.8851 -29 21 -48.3249 -76.4123 -34.6651 -63.7555 
-28 -94.226 -30 22 -59.731 -75.2636 -41.2782 -62.0071 
-28 -93.1862 -30 22 -60.9801 -77.6303 -41.9714 -62.5524 
-28 -92.4554 -29 21 -59.8314 -78.2276 -41.7046 -61.7737 
-40 -90.9436 -32 23 -58.792 -77.7174 -47.7618 -65.202 
-47 -91.8033 -30 23 -49.2201 -77.1295 -37.4938 -66.3026 
-28 -95.627 -30 22 -59.1158 -76.3157 -41.6182 -59.6386 
-35 -97.0111 -28 22 -47.936 -74.4246 -30.5484 -61.2075 
-42 -92.7446 -30 23 -59.7774 -75.4582 -41.8661 -59.9263 
-28 -96.6947 -29 22 -59.4155 -75.7659 -36.8847 -57.9813 
-28 -93.7734 -31 22 -59.9872 -76.7218 -45.3185 -63.1112 
-35 -95.1575 -29 22 -48.8074 -74.8308 -34.2488 -64.68 
-47 -92.1225 -30 23 -52.8603 -79.4721 -36.8007 -64.2232 
-29 -98.113 -29 23 -49.0308 -71.4233 -37.7131 -60.9019 
-43 -86.9477 -31 23 -63.3783 -81.4807 -47.6466 -66.7561 
-28 -94.8412 -30 22 -60.287 -76.1721 -40.5851 -61.4538 
-35 -93.3869 -28 21 -48.9078 -77.7948 -34.6752 -64.4465 
-28 -94.1104 -29 21 -59.1383 -76.7693 -40.3183 -60.675 
-31 -91.6311 -29 22 -63.7021 -80.079 -41.503 -61.1927 
-35 -94.3002 -31 22 -48.8062 -76.5956 -38.9721 -68.1607 
-29 -94.4678 -29 22 -48.7586 -72.3608 -40.976 -65.5995 
-28 -93.0706 -29 21 -60.3874 -79.1361 -41.0115 -61.2203 
-35 -96.2941 -30 22 -47.9348 -76.1894 -35.2717 -64.6882 
-29 -96.4617 -28 22 -47.8871 -71.9546 -37.2757 -62.127 
-40 -91.5587 -32 23 -59.3479 -78.6259 -47.0687 -64.6487 
-28 -97.282 -30 22 -58.4226 -74.8574 -40.2319 -58.54 
-31 -89.7775 -30 22 -64.5736 -80.4852 -45.2034 -64.6653 
-28 -96.2421 -30 22 -59.6717 -77.2242 -40.925 -59.0853 
-49 -93.6761 -29 23 -48.8538 -75.0254 -34.8366 -62.5992 
-40 -91.0286 -30 23 -60.0335 -77.4866 -43.147 -63.2221 
-51 -95.4726 -30 23 -49.0537 -74.4309 -34.6034 -60.9274 
-45 -95.1283 -30 23 -48.964 -75.1012 -36.2129 -63.0068 
-42 -93.3597 -30 23 -60.3334 -76.3667 -41.1729 -59.373 
-28 -95.4284 -31 22 -59.294 -75.2636 -43.9322 -62.0125 
-35 -95.3867 -29 22 -50.4957 -76.3773 -34.2697 -63.74 
-28 -94.3885 -31 22 -60.5431 -77.6303 -44.6254 -62.5578 
-28 -93.6578 -30 21 -59.3945 -78.2276 -44.3586 -61.7791 
-35 -95.0419 -28 21 -48.2147 -76.3366 -33.2889 -63.3479 
-49 -92.2581 -30 23 -47.6463 -77.0722 -38.4101 -66.0307 
-43 -97.2601 -31 22 -43.6057 -72.3191 -36.0237 -64.9813 
-47 -91.8529 -31 23 -48.7985 -77.2846 -41.064 -67.8749 
-43 -94.8629 -29 23 -49.3143 -75.3117 -34.9975 -62.7043 
-40 -91.3478 -30 23 -63.6737 -79.8291 -42.4539 -61.1427 
-47 -91.6688 -30 23 -52.3912 -79.0015 -38.4101 -65.3376 
-22 -97.3383 -29 23 -59.8442 -71.7803 -43.3663 -57.8214 
-35 -93.5331 -30 22 -51.3671 -76.7834 -37.9701 -67.2126 
-40 -91.2664 -31 23 -58.1599 -78.1397 -44.8569 -65.2234 
-31 -93.2861 -29 22 -63.009 -78.6207 -40.1167 -60.0941 
-43 -91.3906 -29 22 -49.1582 -78.6815 -36.7151 -67.1186 
-35 -95.9551 -31 22 -48.113 -75.1373 -37.5858 -67.0621 
-28 -94.7255 -29 21 -59.6942 -77.6778 -39.6252 -60.1217 
-38 -88.4075 -29 21 -63.115 -83.3205 -43.0951 -63.3737 
-35 -96.5363 -29 22 -49.1223 -75.8829 -34.9204 -62.3115 
-35 -97.949 -30 22 -47.2416 -74.7312 -33.8854 -63.5896 
-28 -95.9498 -29 22 -58.4837 -76.738 -38.7133 -59.66 
-47 -92.0261 -31 23 -48.7056 -77.2846 -40.8047 -67.8749 
-40 -90.5992 -32 23 -57.6528 -76.6059 -50.3372 -66.5923 
-43 -92.2926 -29 22 -51.426 -77.5962 -36.4686 -64.9251 
-26 -93.0909 -27 20 -63.4388 -81.9189 -36.9514 -57.8103 
-38 -89.6903 -30 21 -60.7889 -84.1268 -42.9874 -64.3186 
-47 -91.9601 -29 23 -49.1099 -77.0538 -36.1176 -65.895 
-28 -93.5255 -31 22 -59.6196 -76.9526 -44.6253 -65.0802 
-22 -93.6931 -29 22 -59.5719 -72.7178 -46.6292 -62.519 
-35 -96.7095 -29 22 -49.0294 -75.8829 -34.6611 -62.3115 
-31 -91.4325 -30 22 -63.8804 -79.0269 -43.8171 -63.5667 
-42 -93.9469 -31 23 -59.3405 -75.4582 -44.5201 -59.9317 
-28 -97.8971 -30 22 -58.9786 -75.7659 -39.5387 -57.9867 
-28 -95.5194 -30 22 -58.7481 -76.5465 -40.9249 -61.6077 
-22 -95.687 -28 22 -58.7005 -72.3116 -42.9289 -59.0465 
-28 -95.2826 -30 22 -57.9766 -75.2043 -44.1936 -61.0289 
-35 -94.6827 -30 22 -49.9938 -76.2891 -38.6208 -65.784 
-26 -94.3737 -28 20 -61.1127 -82.7252 -36.8438 -58.7552 
-28 -94.0963 -30 22 -59.3551 -77.1441 -42.4137 -63.1325 
-40 -91.6437 -30 23 -60.5895 -78.3951 -42.4539 -62.6688 
-31 -89.6619 -29 21 -63.9808 -81.9909 -44.2434 -63.3332 
-26 -91.2373 -28 20 -64.3102 -82.325 -40.6518 -61.2829 
-35 -94.8559 -30 22 -49.9008 -76.2891 -38.3615 -65.784 
-44 -94.6979 -30 23 -59.8671 -74.7879 -40.2567 -57.8469 
-28 -96.0435 -31 22 -59.85 -76.1721 -43.2391 -61.4592 
-28 -93.429 -31 22 -58.8481 -75.6104 -47.8939 -64.5014 
-26 -92.5201 -29 20 -61.9841 -83.1313 -40.5442 -62.2277 
-38 -94.3536 -30 23 -59.7774 -75.4582 -41.8661 -59.9263 
-40 -90.05 -30 22 -60.6104 -81.9454 -42.7316 -64.397 
-28 -95.3127 -30 21 -58.7013 -76.7693 -42.9723 -60.6805 
FEATURES_TXT_END_0
FEATURES_TXT_BEGIN_0 32 97 8 Distortion0_0 LM0_0 WordPenalty0_0 PhrasePenalty0_0 TranslationModel0_0 TranslationModel0_1 TranslationModel0_2 TranslationModel0_3 
-48 -110.949 -28 23 -75.9961 -88.692 -35.8747 -66.9823 
-36 -113.115 -26 22 -74.342 -88.8536 -31.7525 -66.1003 
-36 -114.643 -27 23 -74.3688 -87.9356 -32.457 -65.9855 
-46 -108.056 -27 24 -84.119 -91.9242 -38.9972 -66.3029 
-48 -111.623 -28 23 -75.9961 -88.692 -35.8747 -66.9823 
-40 -114.919 -27 23 -75.0454 -88.4162 -33.209 -66.3104 
-48 -111.582 -28 24 -74.0895 -83.4296 -36.6423 -69.2195 
-36 -111.913 -26 22 -76.228 -89.61 -33.5442 -67.0916 
-48 -111.683 -28 23 -75.9961 -88.692 -35.8747 -66.9823 
-44 -115.661 -28 23 -71.4957 -84.6063 -33.748 -65.266 
-36 -113.441 -27 23 -76.2548 -88.692 -34.2487 -66.9769 
-52 -110.949 -28 23 -75.9961 -88.692 -35.8747 -66.9823 
-34 -110.222 -25 23 -82.465 -92.0859 -34.875 -65.421 
-44 -111.88 -27 23 -76.2548 -88.692 -34.2487 -66.9769 
-34 -111.75 -26 24 -82.4917 -91.1679 -35.5795 -65.3062 
-36 -114.204 -27 22 -75.7383 -88.8536 -33.1994 -66.1057 
-56 -108.475 -28 22 -75.3422 -88.173 -37.8712 -69.1073 
-44 -115.524 -28 23 -71.6603 -85.1819 -34.0844 -65.709 
-48 -114.67 -27 23 -71.9037 -82.2283 -32.7636 -64.7503 
-40 -114.954 -26 22 -71.8769 -83.1463 -32.0591 -64.865 
-42 -112.685 -26 22 -74.342 -88.8536 -31.7525 -66.1003 
-36 -113.391 -26 22 -75.0186 -89.3342 -32.5045 -66.4251 
-46 -108.73 -27 24 -84.119 -91.9242 -38.9972 -66.3029 
-44 -117.029 -28 23 -71.4957 -84.6063 -33.748 -65.266 
-40 -116.482 -27 23 -71.9037 -82.2283 -32.7636 -64.7503 
-48 -113.406 -28 24 -75.1704 -82.1067 -35.256 -67.31 
-42 -114.213 -27 23 -74.3688 -87.9356 -32.457 -65.9855 
-40 -114.643 -27 23 -74.3688 -87.9356 -32.457 -65.9855 
-34 -109.02 -25 23 -84.351 -92.8422 -36.6668 -66.4123 
-48 -111.391 -27 23 -76.2548 -88.692 -34.2487 -66.9769 
-46 -108.79 -27 24 -84.119 -91.9242 -38.9972 -66.3029 
-36 -114.919 -27 23 -75.0454 -88.4162 -33.209 -66.3104 
-42 -112.768 -27 24 -79.6187 -87.8385 -36.8705 -64.5866 
-34 -110.548 -26 24 -84.3777 -91.9242 -37.3713 -66.2975 
-36 -113.002 -27 22 -77.6243 -89.61 -34.9912 -67.097 
-50 -108.056 -27 24 -84.119 -91.9242 -38.9972 -66.3029 
-42 -108.987 -26 24 -84.3777 -91.9242 -37.3713 -66.2975 
-52 -111.507 -28 24 -74.0895 -83.4296 -36.6423 -69.2195 
-34 -111.311 -26 23 -83.8612 -92.0859 -36.3219 -65.4264 
-54 -105.582 -27 23 -83.4652 -91.4052 -40.9937 -68.428 
-36 -113.252 -27 23 -76.628 -90.6345 -34.8601 -67.7421 
-48 -115.587 -28 23 -71.4957 -84.6063 -33.748 -65.266 
-44 -114.088 -27 23 -74.3688 -87.9356 -32.457 -65.9855 
-52 -111.582 -28 24 -74.0895 -83.4296 -36.6423 -69.2195 
-52 -111.683 -28 23 -75.9961 -88.692 -35.8747 -66.9823 
-48 -115.661 -28 23 -71.4957 -84.6063 -33.748 -65.266 
-42 -112.631 -27 24 -79.7833 -88.4142 -37.207 -65.0296 
-46 -111.777 -26 24 -80.0267 -85.4606 -35.8861 -64.071 
-40 -113.441 -27 23 -76.2548 -88.692 -34.2487 -66.9769 
-38 -112.061 -25 23 -79.9999 -86.3786 -35.1816 -64.1857 
-40 -109.792 -25 23 -82.465 -92.0859 -34.875 -65.4209 
-50 -112.182 -28 24 -74.0895 -83.4296 -36.6423 -69.2195 
-36 -114.293 -27 22 -73.0685 -88.4723 -33.4871 -68.5489 
-48 -112.507 -28 23 -72.3282 -84.3476 -37.0364 -69.3397 
-34 -110.497 -25 23 -83.1416 -92.5664 -35.627 -65.7458 
-50 -113.058 -27 23 -74.3688 -87.9356 -32.457 -65.9855 
-48 -111.88 -27 23 -76.2548 -88.692 -34.2487 -66.9769 
-38 -113.589 -26 24 -80.0267 -85.4606 -35.8861 -64.071 
-40 -111.32 -26 24 -82.4917 -91.1679 -35.5795 -65.3062 
-46 -116.261 -28 23 -71.4957 -84.6063 -33.748 -65.266 
-40 -116.042 -27 22 -73.2732 -83.1463 -33.506 -64.8704 
-38 -111.75 -26 24 -82.4917 -91.1679 -35.5795 -65.3062 
-50 -111.774 -27 23 -77.4027 -90.1624 -33.5556 -65.9752 
-42 -113.774 -27 22 -75.7383 -88.8536 -33.1994 -66.1057 
-44 -116.587 -28 22 -69.7344 -85.5243 -34.1421 -65.3861 
-60 -108.475 -28 22 -75.3422 -88.173 -37.8712 -69.1073 
-46 -108.498 -26 24 -84.3777 -91.9242 -37.3713 -66.2975 
-48 -115.45 -28 23 -71.6603 -85.1819 -34.0844 -65.709 
-51 -111.301 -28 24 -75.9475 -88.9815 -40.1597 -66.794 
-34 -112.025 -26 24 -83.1684 -91.6484 -36.3315 -65.631 
-48 -111.965 -27 23 -76.2548 -88.692 -34.2487 -66.9769 
-36 -114.479 -27 22 -76.4149 -89.3342 -33.9514 -66.4305 
-36 -112.017 -26 22 -75.4888 -90.6285 -34.5857 -68.6139 
-54 -111.507 -28 24 -74.0895 -83.4296 -36.6423 -69.2195 
-34 -110.109 -26 23 -85.7473 -92.8422 -38.1137 -66.4177 
-48 -115.524 -28 23 -71.6603 -85.1819 -34.0844 -65.709 
-36 -112.05 -27 23 -78.514 -91.3908 -36.6518 -68.7334 
-52 -114.67 -27 23 -71.9037 -82.2283 -32.7636 -64.7503 
-42 -115.614 -28 22 -72.3487 -88.8536 -34.4771 -66.1111 
-50 -115.587 -28 23 -71.4957 -84.6063 -33.748 -65.266 
-48 -112.066 -27 23 -76.2548 -88.692 -34.2487 -66.9769 
-50 -108.79 -27 24 -84.119 -91.9242 -38.9972 -66.3029 
-52 -113.332 -28 24 -75.1704 -82.1067 -35.256 -67.31 
-42 -117.661 -28 23 -72.6922 -85.7406 -32.7447 -64.4213 
-40 -115.433 -27 23 -74.3688 -87.9356 -32.457 -65.9855 
-34 -110.358 -26 24 -84.751 -93.8667 -37.9826 -67.0628 
-46 -112.694 -27 24 -79.6187 -87.8385 -36.8705 -64.5866 
-44 -116.482 -27 23 -71.9037 -82.2283 -32.7636 -64.7503 
-42 -111.195 -26 24 -82.4917 -91.1679 -35.5795 -65.3062 
-52 -113.406 -28 24 -75.1704 -82.1067 -35.256 -67.31 
-46 -114.213 -27 23 -74.3688 -87.9356 -32.457 -65.9855 
-48 -112.949 -28 24 -74.0895 -83.4296 -36.6423 -69.2195 
-46 -116.124 -28 23 -71.6603 -85.1819 -34.0844 -65.709 
-42 -117.721 -28 23 -72.6922 -85.7406 -32.7447 -64.4213 
-44 -116.45 -28 22 -69.899 -86.0999 -34.4786 -65.8291 
-52 -111.391 -27 23 -76.2548 -88.692 -34.2487 -66.9769 
-48 -114.323 -29 24 -72.3549 -83.4296 -37.7409 -69.225 
FEATURES_TXT_END_0
FEATURES_TXT_BEGIN_0 33 100 8 Distortion0_0 LM0_0 WordPenalty0_0 PhrasePenalty0_0 TranslationModel0_0 TranslationModel0_1 TranslationModel0_2 TranslationModel0_3 
-11 -74.2568 -18 14 -24.4185 -34.3624 -15.0404 -32.2205 
-26 -70.6368 -19 16 -24.7956 -34.5346 -18.2112 -34.9894 
-26 -71.6125 -17 15 -23.8613 -32.9064 -13.414 -31.9538 
-26 -71.3031 -19 16 -24.7605 -34.7033 -18.6695 -35.0135 
-26 -71.8829 -17 15 -24.1439 -34.7847 -12.9412 -32.2419 
-11 -74.0616 -17 15 -27.7448 -35.5216 -15.8098 -31.8398 
-11 -75.2089 -19 13 -26.1757 -34.4092 -16.6948 -33.7045 
-11 -73.676 -16 13 -22.7446 -38.7529 -11.2534 -33.3509 
-26 -69.8969 -17 16 -29.7469 -35.5964 -17.0596 -32.8819 
-26 -73.11 -17 15 -23.8964 -32.7376 -12.9557 -31.9297 
-11 -73.8217 -16 14 -26.7258 -36.8977 -13.0686 -31.4261 
-11 -70.265 -15 13 -27.8903 -43.8349 -13.3328 -33.1462 
-26 -71.5888 -20 15 -26.5528 -34.5814 -19.8655 -36.4733 
-17 -72.3891 -18 14 -26.6566 -38.4 -16.8322 -34.2535 
-26 -69.7701 -17 16 -30.0295 -37.4747 -16.5868 -33.17 
-3 -78.0137 -18 14 -24.4185 -34.3624 -15.0404 -32.2205 
-16 -75.6729 -18 14 -23.6812 -34.3624 -14.3703 -32.2205 
-26 -72.7528 -17 15 -24.1088 -34.9534 -13.3995 -32.266 
-15 -75.4749 -17 14 -22.6026 -34.4644 -12.51 -32.3898 
-11 -76.4596 -18 14 -23.9973 -34.5311 -15.4459 -32.2446 
-26 -72.5646 -18 14 -25.6185 -32.9532 -15.0684 -33.4378 
-11 -73.0965 -16 14 -27.0158 -37.0219 -14.958 -32.4547 
-8 -77.4854 -18 14 -23.8754 -34.0421 -15.1357 -32.3685 
-11 -75.6279 -19 15 -22.7316 -32.9881 -17.3167 -37.0169 
-16 -74.9898 -17 14 -22.4387 -35.0246 -12.7331 -33.3658 
-26 -71.4666 -18 16 -27.13 -35.7974 -17.0382 -34.7123 
-3 -77.3128 -17 14 -26.028 -34.3624 -13.6541 -32.2151 
-16 -74.3911 -17 13 -22.2111 -38.7529 -12.9581 -33.3563 
-9 -77.5804 -20 15 -22.8814 -32.9488 -17.6733 -36.4166 
-26 -73.2756 -18 15 -22.7095 -34.9569 -13.8216 -35.0107 
-11 -76.9799 -19 13 -23.921 -34.3624 -18.8007 -32.226 
-11 -76.49 -17 14 -24.2147 -34.3624 -12.6655 -32.2151 
-26 -72.0078 -20 17 -23.1086 -33.1603 -20.4874 -39.7858 
-26 -72.2551 -20 15 -26.5177 -34.7501 -20.3238 -36.4974 
-17 -75.951 -19 15 -25.5854 -35.1687 -16.6612 -33.1654 
-26 -72.8349 -18 14 -25.9011 -34.8315 -14.5956 -33.7258 
-11 -75.6002 -16 14 -24.8661 -34.9527 -12.9276 -31.2887 
-23 -75.2485 -18 15 -24.1002 -32.7376 -15.3306 -31.9351 
-11 -73.488 -16 14 -28.1908 -38.7472 -13.4976 -32.6527 
-23 -72.4223 -18 15 -27.2097 -34.9133 -18.6099 -33.5957 
-11 -78.0195 -18 14 -22.5589 -32.4174 -14.8994 -32.0831 
-16 -74.1206 -16 13 -21.6755 -39.1752 -11.0025 -33.3776 
-26 -73.3598 -20 15 -24.2981 -34.5346 -21.9714 -34.9948 
-9 -77.6683 -18 14 -24.4185 -34.3624 -15.0404 -32.2205 
-11 -75.1853 -18 14 -25.1699 -34.9145 -17.6402 -34.239 
-26 -70.5965 -18 16 -28.5951 -37.6469 -17.4672 -35.9389 
-26 -70.64 -17 16 -29.9944 -37.6435 -17.0451 -33.1941 
-26 -72.9836 -18 16 -22.1743 -31.5321 -15.6903 -36.7502 
-11 -75.9332 -19 15 -24.0212 -32.9891 -17.4502 -36.7894 
-7 -76.9677 -17 14 -26.028 -34.3624 -13.6541 -32.2151 
-11 -73.3593 -17 15 -28.2184 -35.7915 -17.0939 -34.8159 
-26 -71.3943 -17 16 -29.7821 -35.4277 -16.6013 -32.8578 
-14 -74.7694 -16 13 -21.6755 -39.1752 -11.0025 -33.3776 
-11 -78.0986 -20 13 -22.9156 -34.5395 -12.2663 -37.1617 
-26 -74.3356 -18 14 -23.3638 -32.9064 -17.1743 -31.9592 
-24 -74.0483 -19 16 -24.7956 -34.5346 -18.2112 -34.9894 
-26 -71.5653 -19 16 -25.547 -35.0867 -20.811 -37.0079 
-14 -77.0265 -16 13 -16.8234 -34.8652 -10.5101 -32.8109 
-11 -75.0618 -18 14 -26.6778 -37.0613 -17.4435 -33.9771 
-9 -78.2443 -18 15 -22.6205 -34.8161 -14.09 -33.4944 
-26 -72.3132 -20 17 -24.3983 -33.1613 -20.621 -39.5583 
-16 -76.4435 -17 14 -22.6026 -34.4644 -12.51 -32.3898 
-11 -75.0136 -18 14 -29.502 -35.5684 -17.4642 -33.3237 
-11 -74.628 -17 12 -24.5018 -38.7997 -12.9077 -34.8348 
-23 -75.3842 -18 15 -24.3477 -34.7847 -15.3161 -32.2473 
-11 -78.6139 -19 14 -23.885 -34.3624 -16.7452 -32.226 
-11 -77.0425 -19 15 -23.1661 -32.9488 -16.5629 -36.4112 
-3 -77.4512 -18 13 -27.7852 -34.4092 -15.3085 -33.6991 
-24 -75.024 -17 15 -23.8613 -32.9064 -13.414 -31.9538 
-11 -74.1612 -19 13 -27.7724 -39.4915 -14.3457 -38.3441 
-26 -72.541 -17 15 -24.6127 -33.4585 -16.0138 -33.9723 
-26 -72.7391 -18 16 -27.6951 -36.2119 -17.7598 -33.4471 
-11 -77.0666 -19 14 -26.6021 -34.2405 -17.3045 -33.6804 
-26 -71.4417 -19 16 -27.0549 -37.2334 -20.6142 -36.7459 
-26 -70.8489 -18 15 -31.5042 -35.6432 -18.714 -34.3659 
-26 -72.3365 -18 16 -27.0949 -35.9662 -17.4965 -34.7364 
-26 -74.062 -18 14 -25.6536 -32.7844 -14.6101 -33.4137 
-11 -74.7738 -17 13 -28.483 -36.9445 -14.723 -32.9101 
-15 -72.8471 -17 14 -24.1797 -40.2941 -16.9784 -35.5532 
-26 -73.2889 -18 16 -23.464 -31.5331 -15.8238 -36.5227 
-15 -77.3428 -17 14 -22.3551 -32.4174 -12.5245 -32.0776 
-26 -72.6741 -20 17 -23.0735 -33.329 -20.9457 -39.8099 
-16 -77.139 -17 14 -22.3551 -32.4174 -12.5245 -32.0776 
-16 -76.6133 -17 14 -23.1457 -34.7847 -12.4147 -32.2419 
-18 -75.3275 -18 14 -24.824 -34.5305 -16.8322 -33.0818 
-11 -71.217 -16 12 -29.6475 -43.8816 -14.9872 -34.6302 
-26 -74.723 -19 15 -22.7982 -34.9569 -16.2718 -35.0162 
-26 -73.2539 -18 16 -22.4569 -33.4104 -15.2175 -37.0382 
-11 -78.6856 -19 14 -23.3203 -34.0421 -17.4383 -32.3739 
-3 -75.1152 -17 14 -29.3774 -36.204 -17.78 -34.2262 
-11 -74.6872 -17 15 -29.2099 -37.3711 -16.2388 -33.0663 
-23 -75.9148 -18 15 -24.0651 -32.9064 -15.7889 -31.9592 
-26 -74.1455 -18 15 -22.6743 -35.1256 -14.2799 -35.0348 
-23 -73.0886 -18 15 -27.1746 -35.082 -19.0682 -33.6198 
-16 -77.195 -17 14 -22.8982 -32.7376 -12.4292 -31.9297 
-17 -73.3412 -19 13 -28.4138 -38.4468 -18.4865 -35.7374 
-13 -77.5854 -18 14 -24.4185 -34.3624 -15.0404 -32.2205 
-26 -70.7221 -18 15 -31.7868 -37.5215 -18.2412 -34.6539 
-7 -78.1808 -18 14 -26.0768 -34.3624 -16.029 -32.2205 
-26 -73.4225 -20 17 -23.5432 -33.121 -19.7337 -39.18 
FEATURES_TXT_END_0
FEATURES_TXT_BEGIN_0 34 100 8 Distortion0_0 LM0_0 WordPenalty0_0 PhrasePenalty0_0 TranslationModel0_0 TranslationModel0_1 TranslationModel0_2 TranslationModel0_3 
-48 -108.707 -29 24 -52.9329 -60.4854 -31.2217 -61.0234 
-40 -110.784 -29 23 -50.0179 -60.5237 -29.836 -62.4156 
-48 -109.339 -30 24 -53.1073 -60.4854 -35.7002 -61.0288 
-50 -107.636 -28 24 -54.0004 -61.0363 -32.5451 -60.0614 
-48 -109.71 -30 24 -53.2178 -60.4854 -34.7717 -61.0288 
-50 -107.71 -28 23 -57.2207 -63.8498 -30.2783 -59.0169 
-40 -111.415 -30 23 -50.1923 -60.5237 -34.3145 -62.421 
-42 -109.712 -28 23 -51.0854 -61.0746 -31.1594 -61.4535 
-40 -111.786 -30 23 -50.3028 -60.5237 -33.386 -62.421 
-48 -109.771 -29 24 -53.2417 -61.2221 -31.5894 -60.8135 
-50 -108.268 -29 24 -53.7851 -61.0363 -36.6339 -60.0668 
-54 -105.922 -30 24 -55.9343 -62.8195 -37.0752 -63.5723 
-48 -109.399 -29 25 -53.9678 -60.8234 -33.261 -61.1889 
-50 -110.903 -28 23 -54.1503 -60.1286 -28.4866 -57.0244 
-52 -106.021 -29 23 -58.6888 -63.8594 -35.4653 -61.0917 
-48 -110.585 -30 24 -53.4267 -60.4854 -33.6856 -61.0288 
-36 -109.35 -27 23 -53.7004 -64.0945 -31.8526 -60.8945 
-54 -105.484 -30 25 -56.9692 -63.1574 -39.1145 -63.7378 
-42 -110.344 -29 23 -50.8701 -61.0746 -35.2482 -61.459 
-48 -110.341 -31 24 -53.3922 -60.4854 -39.2501 -61.0342 
-50 -108.638 -29 24 -54.2853 -61.0363 -36.0951 -60.0668 
-40 -111.475 -29 24 -51.0528 -60.8617 -31.8754 -62.5811 
-44 -111.264 -30 24 -53.9512 -60.1668 -34.5129 -61.1057 
-52 -108.646 -29 23 -57.4785 -63.8498 -31.9831 -59.0223 
-36 -108.236 -27 23 -53.1881 -63.1375 -33.1335 -63.0463 
-52 -110.008 -30 24 -54.0812 -60.1668 -32.9988 -61.1057 
-40 -110.1 -28 23 -52.6328 -63.5436 -30.5292 -61.8566 
-50 -108.342 -29 23 -57.3951 -63.8498 -34.7568 -59.0223 
-52 -106.638 -27 23 -58.2882 -64.4006 -31.6017 -58.0548 
-40 -112.661 -30 23 -50.5117 -60.5237 -32.2999 -62.421 
-52 -106.506 -29 23 -58.3991 -63.6165 -35.1077 -61.1801 
-54 -105.9 -31 25 -55.6184 -62.9916 -39.1791 -66.3411 
-36 -106.704 -28 23 -52.7006 -64.0501 -36.3916 -66.7732 
-50 -108.712 -29 23 -57.5056 -63.8498 -33.8283 -59.0223 
-40 -112.417 -31 23 -50.4772 -60.5237 -37.8645 -62.4264 
-42 -110.714 -29 23 -51.3703 -61.0746 -34.7094 -61.459 
-48 -110.403 -30 24 -53.4161 -61.2221 -36.0679 -60.8189 
-50 -108.7 -28 24 -54.3093 -61.773 -32.9128 -59.8514 
-48 -111.601 -30 24 -51.2366 -60.5237 -31.0529 -62.421 
-52 -108.771 -29 23 -57.7874 -64.5865 -32.3508 -58.8124 
-52 -110.145 -28 23 -48.9855 -56.6896 -31.0338 -60.484 
-48 -112.369 -30 24 -50.4739 -59.3262 -31.546 -61.4042 
-48 -110.774 -30 24 -53.5267 -61.2221 -35.1394 -60.8189 
-44 -110.248 -28 24 -54.0004 -61.0363 -32.5451 -60.0614 
-48 -110.031 -30 25 -54.1422 -60.8234 -37.7395 -61.1943 
-50 -109.27 -30 24 -54.07 -61.0363 -40.1838 -60.0722 
-36 -110.64 -28 24 -53.6678 -63.8816 -32.5685 -62.0221 
-50 -111.535 -29 23 -54.3247 -60.1286 -32.965 -57.0299 
-54 -106.924 -31 24 -56.2192 -62.8195 -40.6251 -63.5777 
-52 -109.832 -27 23 -55.2178 -60.6794 -29.81 -56.0624 
-48 -109.899 -29 24 -54.414 -61.2475 -32.9332 -61.1109 
-52 -110.331 -30 24 -54.3709 -60.4097 -33.3565 -61.0173 
-42 -114.939 -29 24 -49.8624 -56.7642 -29.43 -59.031 
-52 -106.653 -30 23 -58.8632 -63.8594 -39.9438 -61.0971 
-48 -111.217 -31 24 -53.6011 -60.4854 -38.164 -61.0342 
-36 -109.685 -27 23 -53.6168 -64.4325 -32.6684 -61.06 
-36 -111.417 -28 23 -52.6328 -63.5436 -30.5292 -61.8566 
-54 -104.95 -28 23 -59.7563 -64.4103 -36.7887 -60.1296 
-50 -109.514 -29 24 -54.4942 -61.0363 -35.009 -60.0668 
-50 -106.588 -30 24 -56.7808 -64.2164 -36.6642 -65.1317 
-40 -113.366 -30 23 -50.2757 -60.5237 -31.5408 -62.421 
-48 -110.401 -30 25 -54.2527 -60.8234 -36.811 -61.1943 
-42 -109.385 -31 26 -58.6534 -64.4359 -40.5066 -63.4251 
-46 -106.276 -26 23 -60.9032 -67.4205 -32.2949 -57.4958 
-52 -107.27 -28 23 -58.0729 -64.4006 -35.6905 -58.0602 
-36 -109.527 -28 24 -53.1555 -62.9246 -33.8494 -64.1738 
-50 -111.905 -29 23 -54.4352 -60.1286 -32.0365 -57.0299 
-44 -108.355 -27 24 -56.6153 -64.0562 -33.2383 -59.5024 
-56 -98.4557 -27 22 -67.2953 -71.9258 -38.4119 -62.8541 
-52 -107.023 -30 23 -58.9737 -63.8594 -39.0153 -61.0971 
-48 -111.587 -31 24 -53.7116 -60.4854 -37.2355 -61.0342 
-52 -109.009 -29 23 -58.5476 -63.4275 -32.2339 -58.9955 
-50 -108.838 -28 24 -52.2 -60.0804 -32.7489 -61.7774 
-52 -109.77 -29 23 -57.231 -61.8027 -31.9976 -58.7101 
-36 -108.572 -27 23 -53.1045 -63.4754 -33.9493 -63.2118 
-36 -110.303 -28 23 -52.1206 -62.5866 -31.8101 -64.0083 
-50 -108.401 -28 24 -58.2556 -64.1877 -32.3177 -59.1824 
-36 -110.352 -28 23 -53.9853 -64.0945 -35.4025 -60.8999 
-54 -106.486 -31 25 -57.2541 -63.1574 -42.6644 -63.7432 
-36 -112.324 -28 23 -51.0854 -61.0746 -31.1594 -61.4535 
-40 -112.107 -30 24 -51.2272 -60.8617 -36.3538 -62.5865 
-44 -111.896 -31 24 -54.1257 -60.1668 -38.9914 -61.1111 
-46 -105.162 -26 23 -60.3909 -66.4635 -33.5758 -59.6476 
-42 -111.346 -30 23 -51.155 -61.0746 -38.7982 -61.4644 
-52 -109.278 -30 23 -57.6529 -63.8498 -36.4616 -59.0277 
-46 -110.193 -29 24 -55.0188 -60.7176 -35.8363 -60.1437 
-48 -112.614 -28 23 -48.015 -57.3534 -29.3677 -59.4611 
-52 -110.64 -31 24 -54.2556 -60.1668 -37.4773 -61.1111 
-50 -107.027 -27 23 -59.8357 -66.8697 -30.9715 -58.4579 
-54 -107.575 -28 23 -58.5461 -64.4006 -33.3065 -58.0602 
-54 -108.936 -29 24 -55.1487 -60.7176 -34.3222 -60.1437 
-50 -109.332 -29 24 -54.094 -61.773 -37.0016 -59.8568 
-42 -109.029 -27 23 -53.7004 -64.0945 -31.8526 -60.8945 
-44 -107.241 -27 24 -56.1031 -63.0992 -34.5192 -61.6541 
-50 -109.587 -29 23 -57.7145 -63.8498 -32.7422 -59.0223 
-48 -109.106 -28 24 -55.5478 -63.5053 -31.9149 -60.4644 
-36 -109.901 -27 23 -51.9 -63.1386 -32.0564 -62.6106 
-40 -113.293 -31 23 -50.6861 -60.5237 -36.7784 -62.4264 
-52 -107.137 -30 23 -58.5735 -63.6165 -39.5861 -61.1855 
-52 -109.043 -29 23 -58.8564 -64.1642 -32.6017 -58.7856 
FEATURES_TXT_END_0
FEATURES_TXT_BEGIN_0 35 100 8 Distortion0_0 LM0_0 WordPenalty0_0 PhrasePenalty0_0 TranslationModel0_0 TranslationModel0_1 TranslationModel0_2 TranslationModel0_3 
-65 -143.808 -33 31 -80.1306 -92.5339 -38.3771 -75.5657 
-59 -143.828 -32 30 -82.3424 -91.7276 -38.6814 -74.6208 
-59 -140.916 -32 30 -86.1896 -94.6338 -40.6273 -76.8291 
-59 -144.667 -33 30 -81.5895 -91.7276 -41.2463 -74.6263 
-61 -146.327 -33 31 -76.9034 -90.0952 -38.6491 -75.2523 
-60 -145.791 -34 31 -81.1856 -92.1116 -40.8793 -75.5443 
-56 -149.664 -35 32 -69.6105 -84.7358 -47.76 -76.1283 
-61 -143.828 -32 30 -82.3424 -91.7276 -38.6814 -74.6208 
-62 -147.643 -37 33 -73.7358 -90.6066 -49.4481 -78.5841 
-59 -146.347 -32 31 -76.9316 -90.0952 -36.7031 -75.2469 
-67 -144.176 -33 31 -80.1306 -92.5339 -38.3771 -75.5657 
-56 -146.752 -35 32 -73.4577 -87.642 -49.7059 -78.3365 
-48 -150.258 -36 33 -67.8383 -86.1205 -51.5136 -79.7284 
-56 -150.502 -36 32 -68.8577 -84.7358 -50.3249 -76.1337 
-54 -150.551 -37 33 -71.864 -88.3344 -50.1413 -77.5232 
-59 -143.435 -32 31 -80.7788 -93.0014 -38.6491 -77.4552 
-54 -145.811 -33 30 -83.3974 -91.3053 -41.1835 -74.5995 
-48 -152.038 -36 32 -69.9716 -84.7358 -50.1579 -76.1337 
-60 -143.56 -34 31 -83.4338 -95.0222 -42.132 -77.9075 
-59 -147.186 -33 31 -76.1787 -90.0952 -39.2681 -75.2523 
-67 -140.857 -35 32 -75.3023 -93.4483 -46.7207 -84.7323 
-56 -147.433 -35 32 -71.8587 -87.6464 -49.0127 -78.4915 
-63 -140.638 -32 30 -86.1896 -94.6338 -40.6273 -76.8291 
-59 -142.442 -34 31 -85.4933 -94.105 -44.2016 -78.6391 
-56 -147.664 -36 32 -75.9475 -89.8003 -49.7524 -77.6392 
-62 -145.412 -37 33 -75.984 -93.5172 -50.7009 -80.9473 
-65 -144.279 -33 31 -79.0573 -94.2817 -38.3771 -76.7215 
-54 -142.899 -33 30 -87.2446 -94.2115 -43.1295 -76.8078 
-48 -149.126 -36 32 -73.8187 -87.642 -52.1038 -78.3419 
-61 -146.344 -36 32 -74.0502 -88.7723 -46.2178 -81.1383 
-62 -148.177 -36 33 -72.4634 -88.3344 -48.5318 -77.5178 
-74 -141.04 -36 33 -76.0569 -94.8602 -50.2019 -82.1513 
-65 -145.546 -34 31 -79.3778 -92.5339 -40.9421 -75.5711 
-52 -150.438 -35 32 -69.5089 -84.3757 -49.0592 -76.4454 
-54 -146.649 -34 30 -82.6445 -91.3053 -43.7485 -74.6049 
-48 -152.876 -37 32 -69.2187 -84.7358 -52.7228 -76.1391 
-61 -144.196 -32 30 -82.3424 -91.7276 -38.6814 -74.6208 
-56 -144.521 -35 32 -75.7059 -90.5526 -50.9586 -80.6997 
-48 -148.027 -36 33 -70.0865 -89.0311 -52.7663 -82.0916 
-56 -148.271 -36 32 -71.1059 -87.6464 -51.5777 -78.4969 
-48 -150.571 -36 32 -74.0757 -87.5281 -50.4455 -76.5784 
-56 -148.31 -34 31 -77.9584 -89.6729 -41.1512 -75.231 
-56 -144.751 -36 32 -79.7947 -92.7065 -51.6983 -79.8475 
-60 -146.289 -34 31 -81.1856 -92.1116 -40.8793 -75.5443 
-68 -146.526 -37 33 -74.8048 -90.1843 -49.699 -78.5573 
-54 -148.319 -37 33 -74.1122 -91.2449 -51.394 -79.8864 
-50 -152.882 -37 33 -68.6367 -85.8957 -50.4132 -77.2098 
-49 -152.008 -34 31 -66.4243 -84.3518 -45.8576 -75.2102 
-56 -148.502 -37 32 -75.1947 -89.8003 -52.3173 -77.6446 
-60 -145.128 -34 31 -80.586 -93.2377 -41.7266 -77.3479 
-61 -146.347 -32 31 -76.9316 -90.0952 -36.7031 -75.2469 
-56 -149.001 -35 32 -69.0109 -85.8619 -48.6073 -77.9318 
-52 -147.526 -35 32 -73.3561 -87.2819 -51.0052 -78.6537 
-61 -141.284 -32 30 -86.1896 -94.6338 -40.6273 -76.8291 
-55 -149.988 -36 32 -70.5495 -90.2226 -47.5458 -77.666 
-54 -143.58 -33 30 -85.6456 -94.2159 -42.4363 -76.9627 
-48 -149.806 -36 32 -72.2198 -87.6464 -51.4106 -78.4969 
-58 -150.162 -37 33 -70.5085 -88.168 -49.7201 -78.2707 
-52 -151.277 -36 32 -68.7561 -84.3757 -51.6242 -76.4508 
-61 -145.034 -33 30 -81.5895 -91.7276 -41.2463 -74.6263 
-62 -146.981 -37 33 -73.1361 -91.7327 -50.2954 -80.3876 
-61 -140.877 -34 31 -77.5141 -92.642 -47.025 -83.7874 
-48 -147.659 -36 32 -77.9229 -90.4342 -52.3915 -78.7866 
-48 -151.409 -37 32 -73.3229 -87.5281 -53.0105 -76.5838 
-49 -149.096 -34 31 -70.2715 -87.258 -47.8035 -77.4184 
-63 -146.695 -33 31 -76.9034 -90.0952 -38.6491 -75.2523 
-48 -150.466 -36 33 -68.9073 -85.6982 -51.7644 -79.7017 
-48 -151.504 -35 32 -69.5089 -84.3757 -49.0592 -76.4454 
-56 -145.432 -36 32 -78.1957 -92.7109 -51.0052 -80.0024 
-41 -152.602 -35 32 -64.6521 -85.7365 -49.6112 -78.8103 
-49 -152.846 -35 31 -65.6715 -84.3518 -48.4226 -75.2156 
-59 -144.299 -32 30 -81.2691 -93.4755 -38.6814 -75.7766 
-54 -150.759 -37 33 -72.933 -87.912 -50.3921 -77.4964 
-56 -146.089 -35 32 -72.8581 -88.7681 -50.5532 -80.1401 
-47 -152.895 -36 32 -68.6777 -87.9504 -48.2389 -76.6051 
-55 -146.364 -35 31 -76.262 -87.9661 -46.522 -80.1935 
-56 -148.197 -35 32 -74.6751 -87.5281 -48.8361 -76.5729 
-56 -145.811 -33 30 -83.3974 -91.3053 -41.1835 -74.5995 
-68 -141.06 -35 32 -78.2687 -94.0539 -50.5062 -81.2064 
-68 -142.532 -33 31 -83.0218 -95.7483 -38.9367 -76.9173 
-54 -140.668 -33 30 -89.4928 -97.122 -44.3822 -79.171 
-48 -149.595 -36 33 -67.2386 -87.2466 -52.3609 -81.532 
-48 -146.894 -36 32 -76.0669 -90.5526 -53.3565 -80.7051 
-62 -145.946 -36 33 -74.7116 -91.2449 -49.7846 -79.881 
-74 -138.808 -36 33 -78.3051 -97.7708 -51.4547 -84.5145 
-60 -146.474 -35 32 -73.4577 -87.642 -49.7059 -78.3365 
-56 -149.84 -36 32 -68.258 -85.8619 -51.1722 -77.9373 
-66 -146.836 -36 33 -71.9934 -89.2814 -47.8387 -79.3896 
-54 -149.888 -37 33 -71.2643 -89.4604 -50.9886 -79.3268 
-52 -148.207 -35 32 -71.7571 -87.2863 -50.312 -78.8086 
-66 -146.549 -36 33 -74.3352 -90.6066 -47.8387 -78.5786 
-54 -144.418 -34 30 -84.8927 -94.2159 -45.0013 -76.9681 
-48 -150.645 -37 32 -71.4669 -87.6464 -53.9756 -78.5023 
-61 -137.965 -34 31 -81.3613 -95.5481 -48.9709 -85.9957 
-65 -145.501 -33 31 -77.7888 -91.2087 -38.3771 -76.3766 
-48 -152.246 -36 32 -71.0406 -84.3135 -50.4087 -76.1069 
-54 -148.33 -33 31 -77.9866 -89.6729 -39.2053 -75.2256 
-61 -141.715 -35 31 -76.7612 -92.642 -49.5899 -83.7928 
-41 -154.382 -35 31 -66.7853 -84.3518 -48.2555 -75.2156 
-54 -146.309 -33 30 -83.3974 -91.3053 -41.1835 -74.5995 
FEATURES_TXT_END_0
FEATURES_TXT_BEGIN_0 36 100 8 Distortion0_0 LM0_0 WordPenalty0_0 PhrasePenalty0_0 TranslationModel0_0 TranslationModel0_1 TranslationModel0_2 TranslationModel0_3 
-65 -149.213 -38 31 -86.2834 -119.875 -44.1712 -86.7554 
-57 -148.759 -38 31 -90.2344 -118.848 -49.0881 -86.7071 
-65 -148.929 -38 31 -86.5309 -121.922 -44.1567 -87.0676 
-65 -149.265 -39 31 -86.8135 -119.875 -48.5613 -86.7608 
-53 -150.97 -39 31 -85.0408 -118.141 -43.9322 -91.8554 
-57 -148.474 -38 31 -90.4819 -120.895 -49.0736 -87.0193 
-45 -150.515 -39 31 -88.9919 -117.114 -48.8491 -91.8071 
-65 -148.981 -39 31 -87.061 -121.922 -48.5468 -87.073 
-53 -150.686 -39 31 -85.2883 -120.189 -43.9177 -92.1675 
-53 -151.022 -40 31 -85.571 -118.141 -48.3223 -91.8608 
-49 -149.191 -38 30 -93.9147 -129.538 -50.538 -84.4128 
-45 -150.231 -39 31 -89.2393 -119.161 -48.8346 -92.1193 
-65 -145.431 -37 30 -94.4654 -122.858 -45.6049 -86.8909 
-53 -150.738 -40 31 -85.8185 -120.189 -48.3078 -92.1729 
-49 -148.906 -38 30 -94.1621 -131.586 -50.5235 -84.7249 
-65 -147.595 -37 31 -87.5699 -122.341 -41.805 -88.7424 
-66 -151.239 -39 32 -84.8898 -118.479 -44.0539 -87.5137 
-37 -150.947 -39 30 -92.6721 -127.805 -50.299 -89.5127 
-57 -144.977 -37 30 -98.4164 -121.831 -50.5217 -86.8426 
-57 -147.14 -37 31 -91.5209 -121.313 -46.7219 -88.6942 
-58 -150.784 -39 32 -88.8408 -117.451 -48.9708 -87.4655 
-65 -145.147 -37 30 -94.7128 -124.906 -45.5904 -87.203 
-49 -149.293 -38 31 -94.7894 -129.759 -52.8053 -83.7376 
-65 -145.483 -38 30 -94.9955 -122.858 -49.995 -86.8963 
-65 -147.311 -37 31 -87.8174 -124.388 -41.7905 -89.0546 
-65 -147.647 -38 31 -88.1 -122.341 -46.1951 -88.7478 
-66 -151.291 -40 32 -85.4199 -118.479 -48.444 -87.5191 
-37 -150.663 -39 30 -92.9196 -129.852 -50.2844 -89.8249 
-53 -149.352 -38 31 -86.3273 -120.607 -41.566 -93.8424 
-54 -152.995 -40 32 -83.6472 -116.745 -43.8149 -92.6137 
-57 -144.692 -37 30 -98.6638 -123.878 -50.5072 -87.1548 
-63 -147.031 -38 31 -90.3181 -122.755 -48.3128 -88.5053 
-57 -146.856 -37 31 -91.7684 -123.36 -46.7074 -89.0063 
-57 -149.308 -37 30 -91.382 -129.095 -45.245 -83.7161 
-73 -148.249 -38 31 -85.9883 -117.509 -44.9122 -87.3712 
-45 -148.897 -38 31 -90.2783 -119.579 -46.4829 -93.7941 
-46 -152.541 -40 32 -87.5982 -115.718 -48.7317 -92.5654 
-67 -148.236 -38 31 -88.3415 -120.319 -46.1249 -87.4467 
-49 -149.009 -38 31 -95.0369 -131.806 -52.7908 -84.0498 
-66 -151.111 -39 32 -85.1373 -120.526 -44.0394 -87.8259 
-65 -145.199 -38 30 -95.243 -124.906 -49.9805 -87.2085 
-53 -151.663 -38 30 -87.1649 -120.271 -42.9658 -88.2778 
-57 -149.142 -37 31 -92.2568 -129.315 -47.5123 -83.0409 
-37 -151.05 -39 31 -93.5469 -128.025 -52.5663 -88.8376 
-65 -147.363 -38 31 -88.3475 -124.388 -46.1806 -89.06 
-65 -147.794 -38 31 -89.9393 -116.482 -49.8291 -87.3229 
-49 -145.409 -37 29 -102.097 -132.522 -51.9716 -84.5482 
-53 -149.067 -38 31 -86.5748 -122.654 -41.5515 -94.1545 
-63 -146.746 -38 31 -90.5655 -124.802 -48.2982 -88.8174 
-53 -149.404 -39 31 -86.8574 -120.607 -45.9561 -93.8478 
-54 -153.047 -41 32 -84.1773 -116.745 -48.205 -92.6191 
-58 -150.656 -39 32 -89.0883 -119.498 -48.9562 -87.7776 
-49 -147.572 -37 30 -95.2011 -132.004 -48.1717 -86.3998 
-50 -151.216 -39 31 -92.521 -128.142 -50.4206 -85.1711 
-45 -151.208 -38 30 -91.1159 -119.243 -47.8827 -88.2296 
-51 -148.787 -39 31 -89.0755 -121.021 -48.0737 -93.6052 
-57 -149.024 -37 30 -91.6295 -131.142 -45.2305 -84.0282 
-73 -147.965 -38 31 -86.2358 -119.556 -44.8977 -87.6833 
-57 -149.36 -38 30 -91.9122 -129.095 -49.6351 -83.7215 
-45 -148.613 -38 31 -90.5258 -121.626 -46.4684 -94.1063 
-57 -150.663 -39 31 -88.816 -120.318 -49.4642 -87.4521 
-67 -147.951 -38 31 -88.589 -122.366 -46.1104 -87.7589 
-73 -148.301 -39 31 -86.5184 -117.509 -49.3023 -87.3766 
-45 -151.065 -38 30 -90.1395 -127.361 -45.006 -88.816 
-53 -151.207 -38 31 -84.8904 -118.141 -42.1855 -91.85 
-53 -151.378 -38 30 -87.4124 -122.318 -42.9513 -88.59 
-57 -148.858 -37 31 -92.5043 -131.363 -47.4978 -83.3531 
-55 -149.992 -39 31 -87.099 -118.585 -45.8859 -92.5466 
-66 -151.163 -40 32 -85.6674 -120.526 -48.4295 -87.8313 
-65 -149.693 -37 31 -86.133 -119.875 -42.4245 -86.75 
-65 -149.37 -38 31 -86.8625 -120.838 -45.0185 -87.7064 
-53 -151.715 -39 30 -87.6951 -120.271 -47.3559 -88.2832 
-37 -150.766 -39 31 -93.7943 -130.072 -52.5518 -89.1497 
-54 -152.868 -40 32 -83.8947 -118.792 -43.8003 -92.9258 
-57 -149.194 -38 31 -92.7869 -129.315 -51.9024 -83.0464 
-65 -147.51 -38 31 -90.1868 -118.529 -49.8145 -87.6351 
-45 -150.899 -38 31 -91.0143 -127.582 -47.2733 -88.1409 
-65 -150.704 -40 31 -85.6434 -120.106 -48.3881 -88.7353 
-49 -145.124 -37 29 -102.344 -134.569 -51.9571 -84.8604 
-65 -143.813 -36 30 -95.7518 -125.324 -43.2386 -88.8779 
-66 -147.457 -38 31 -93.0717 -121.462 -45.4875 -87.6492 
-53 -149.12 -39 31 -87.1049 -122.654 -45.9416 -94.16 
-49 -147.288 -37 30 -95.4486 -134.051 -48.1572 -86.7119 
-45 -150.753 -38 31 -88.8414 -117.114 -47.1024 -91.8017 
-66 -149.621 -38 32 -86.1762 -120.944 -41.6876 -89.5008 
-45 -150.924 -38 30 -91.3634 -121.291 -47.8682 -88.5417 
-72 -152.547 -44 35 -86.4899 -117.483 -52.9593 -91.4915 
-57 -151.259 -39 31 -88.5686 -118.271 -49.4787 -87.1399 
-51 -148.503 -39 31 -89.323 -123.068 -48.0592 -93.9174 
-65 -150.147 -39 32 -85.1253 -116.019 -45.8786 -90.5372 
-53 -154.444 -40 33 -80.0884 -116.745 -45.0203 -92.6137 
-57 -149.238 -37 31 -90.084 -118.848 -47.3414 -86.7017 
-57 -148.915 -38 31 -90.8135 -119.81 -49.9354 -87.6581 
-46 -152.413 -40 32 -87.8457 -117.765 -48.7172 -92.8776 
-37 -149.329 -38 30 -93.9585 -130.27 -47.9327 -91.4997 
-38 -152.972 -40 31 -91.2785 -126.408 -50.1816 -90.271 
-57 -149.076 -38 30 -92.1596 -131.142 -49.6206 -84.0336 
-57 -143.359 -36 30 -99.7028 -124.296 -48.1555 -88.8296 
-58 -147.002 -38 31 -97.0227 -120.435 -50.4044 -87.601 
-57 -150.379 -39 31 -89.0635 -122.366 -49.4497 -87.7643 
FEATURES_TXT_END_0
FEATURES_TXT_BEGIN_0 37 100 8 Distortion0_0 LM0_0 WordPenalty0_0 PhrasePenalty0_0 TranslationModel0_0 TranslationModel0_1 TranslationModel0_2 TranslationModel0_3 
-45 -134.181 -32 26 -60.181 -55.899 -44.8637 -62.2536 
-45 -132.317 -32 26 -61.5503 -56.9783 -46.25 -64.18 
-47 -133.796 -32 26 -60.3064 -55.899 -44.7558 -62.2536 
-47 -131.932 -32 26 -61.6756 -56.9783 -46.1421 -64.18 
-45 -133.967 -32 26 -61.4975 -57.5237 -45.1001 -62.539 
-45 -132.103 -32 26 -62.8668 -58.603 -46.4864 -64.4654 
-47 -133.581 -32 26 -61.6229 -57.5237 -44.9921 -62.539 
-45 -135.594 -32 26 -57.4644 -53.4691 -43.8077 -63.0161 
-42 -129.7 -31 26 -67.7662 -65.2975 -43.2245 -65.8673 
-47 -131.717 -32 26 -62.9922 -58.603 -46.3784 -64.4654 
-45 -133.73 -32 26 -58.8337 -54.5484 -45.194 -64.9425 
-47 -135.209 -32 26 -57.5898 -53.4691 -43.6997 -63.0161 
-44 -132.356 -32 26 -64.8009 -60.2626 -45.6853 -63.6376 
-42 -127.836 -31 26 -69.1355 -66.3767 -44.6108 -67.7938 
-47 -133.345 -32 26 -58.9591 -54.5484 -45.086 -64.9425 
-44 -130.492 -32 26 -66.1702 -61.3419 -47.0716 -65.564 
-45 -134.945 -32 26 -58.781 -55.0939 -44.044 -63.3015 
-43 -134.326 -32 26 -58.6823 -57.5987 -43.3877 -65.088 
-55 -129.354 -32 26 -65.6975 -60.1467 -43.7128 -65.694 
-45 -133.081 -32 26 -60.1502 -56.1732 -45.4303 -65.2279 
-47 -134.559 -32 26 -58.9063 -55.0939 -43.9361 -63.3015 
-43 -132.462 -32 26 -60.0516 -58.678 -44.774 -67.0144 
-55 -127.49 -32 26 -67.0668 -61.226 -45.0991 -67.6204 
-41 -136.82 -31 26 -57.2617 -53.1601 -42.5446 -61.1496 
-47 -132.695 -32 26 -60.2756 -56.1732 -45.3224 -65.2279 
-43 -136.434 -31 26 -57.387 -53.1601 -42.4367 -61.1496 
-43 -133.575 -32 26 -61.3989 -60.0286 -44.4438 -64.3255 
-47 -133.825 -32 25 -56.1089 -58.566 -39.4548 -67.1684 
-35 -135.887 -30 26 -62.4637 -58.2362 -41.5473 -60.1098 
-43 -131.711 -32 26 -62.7682 -61.1078 -45.83 -66.2519 
-45 -135.881 -32 26 -59.6214 -55.3969 -44.3841 -61.2091 
-47 -131.961 -32 25 -57.4782 -59.6453 -40.8411 -69.0949 
-49 -133.439 -32 25 -56.2342 -58.566 -39.3469 -67.1684 
-43 -136.054 -29 26 -59.6688 -56.9672 -35.3238 -59.3006 
-48 -131.173 -30 25 -64.3219 -60.0604 -41.0973 -62.3178 
-55 -130.331 -32 26 -62.9809 -57.7169 -42.6567 -66.4564 
-37 -135.501 -30 26 -62.5891 -58.2362 -41.4394 -60.1098 
-45 -134.017 -32 26 -60.9907 -56.4762 -45.7704 -63.1355 
-47 -135.495 -32 26 -59.7467 -55.3969 -44.2762 -61.209 
-49 -131.575 -32 25 -57.6035 -59.6453 -40.7332 -69.0949 
-48 -129.309 -30 25 -65.6912 -61.1397 -42.4836 -64.2442 
-55 -128.467 -32 26 -64.3502 -58.7962 -44.043 -68.3829 
-47 -133.631 -32 26 -61.116 -56.4762 -45.6625 -63.1355 
-45 -135.183 -32 26 -61.4202 -58.8857 -43.981 -61.2766 
-43 -135.926 -32 26 -59.9521 -58.7192 -43.0986 -61.8658 
-55 -129.523 -33 26 -66.6138 -60.1467 -47.3763 -65.6994 
-45 -133.319 -32 26 -62.7895 -59.965 -45.3672 -63.203 
-47 -134.798 -32 26 -61.5455 -58.8857 -43.873 -61.2766 
-45 -132.459 -32 26 -64.8009 -60.2626 -45.6853 -63.6376 
-43 -134.062 -32 26 -61.3214 -59.7985 -44.4849 -63.7923 
-45 -135.54 -32 26 -60.0775 -58.7192 -42.9906 -61.8658 
-55 -127.659 -33 26 -67.9831 -61.226 -48.7626 -67.6258 
-47 -132.934 -32 26 -62.9148 -59.965 -45.2593 -63.203 
-45 -130.595 -32 26 -66.1702 -61.3419 -47.0716 -65.564 
-43 -135.352 -29 26 -62.3854 -59.397 -36.3798 -58.5381 
-45 -133.676 -32 26 -61.4467 -59.7985 -44.3769 -63.7922 
-40 -138.64 -30 26 -59.1534 -56.2359 -37.6805 -57.4181 
-47 -131.697 -31 26 -63.2716 -60.9339 -42.295 -64.4833 
-35 -138.371 -30 26 -62.2856 -53.2265 -42.2405 -56.7322 
-47 -129.833 -31 26 -64.6409 -62.0131 -43.6813 -66.4098 
-41 -135.231 -31 26 -60.4397 -55.899 -43.2377 -62.2482 
-55 -130.5 -33 26 -63.8972 -57.7169 -46.3203 -66.4619 
-45 -133.468 -32 26 -63.6085 -56.7298 -46.8096 -62.7131 
-45 -135.256 -32 26 -60.6179 -56.6345 -45.1221 -61.6952 
-37 -137.986 -30 26 -62.4109 -53.2265 -42.1325 -56.7322 
-43 -134.845 -31 26 -60.5651 -55.899 -43.1298 -62.2482 
-55 -128.636 -33 26 -65.2665 -58.7962 -47.7066 -68.3883 
-45 -131.604 -32 26 -64.9778 -57.8091 -48.1959 -64.6396 
-47 -133.082 -32 26 -63.7339 -56.7298 -46.7017 -62.7131 
-45 -133.392 -32 26 -61.9872 -57.7138 -46.5084 -63.6217 
-47 -134.871 -32 26 -60.7432 -56.6345 -45.0142 -61.6952 
-35 -134.298 -30 26 -65.6418 -60.975 -42.2405 -61.2084 
-47 -131.218 -32 26 -65.1032 -57.8091 -48.088 -64.6395 
-47 -133.007 -32 26 -62.1125 -57.7138 -46.4005 -63.6217 
-43 -134.465 -29 26 -62.8469 -59.706 -36.0169 -60.3992 
-37 -133.912 -30 26 -65.7671 -60.975 -42.1325 -61.2084 
-43 -136.634 -32 26 -59.8028 -58.8857 -42.8283 -61.2766 
-53 -131.472 -32 26 -61.4407 -58.1392 -42.5692 -66.4832 
-41 -135.548 -29 26 -60.6392 -59.0497 -34.9183 -61.0603 
-27 -138.585 -31 26 -63.0112 -56.6417 -43.9797 -60.0762 
-43 -134.77 -32 26 -61.1721 -59.965 -44.2146 -63.203 
-45 -136.248 -32 26 -59.9281 -58.8857 -42.7203 -61.2766 
-53 -129.608 -32 26 -62.81 -59.2185 -43.9555 -68.4096 
-41 -136.605 -31 26 -58.5782 -54.7849 -42.781 -61.435 
-29 -138.199 -31 26 -63.1365 -56.6417 -43.8717 -60.0762 
-45 -134.384 -32 26 -61.2974 -59.965 -44.1066 -63.203 
-43 -133.763 -29 26 -65.5635 -62.1358 -37.073 -59.6367 
-43 -136.219 -31 26 -58.7035 -54.7849 -42.673 -61.435 
-46 -134.512 -32 26 -61.4975 -57.5237 -45.1001 -62.539 
-21 -137.652 -30 26 -68.2132 -61.7177 -42.9824 -59.0364 
-41 -138.233 -31 26 -54.5451 -50.7303 -41.4885 -61.9121 
-47 -133.61 -32 25 -57.4254 -60.1908 -39.6912 -67.4539 
-40 -137.051 -30 26 -62.3314 -58.9747 -38.3736 -58.5167 
-43 -133.503 -31 25 -64.9379 -58.92 -43.5301 -61.7807 
-38 -132.339 -30 26 -64.8468 -62.5586 -40.9053 -64.7633 
-47 -133.483 -32 26 -60.5653 -55.6448 -45.591 -64.6767 
-41 -134.797 -29 26 -63.3558 -61.4795 -35.9744 -60.2978 
-35 -135.672 -30 26 -63.7803 -59.8609 -41.7837 -60.3952 
-29 -137.819 -29 26 -65.4183 -60.4487 -36.7589 -58.2272 
-46 -132.648 -32 26 -62.8668 -58.603 -46.4864 -64.4654 
FEATURES_TXT_END_0
FEATURES_TXT_BEGIN_0 38 83 8 Distortion0_0 LM0_0 WordPenalty0_0 PhrasePenalty0_0 TranslationModel0_0 TranslationModel0_1 TranslationModel0_2 TranslationModel0_3 
-52 -121.731 -38 31 -77.4218 -98.3933 -51.7251 -79.6866 
-44 -126.1 -37 30 -74.9691 -96.5701 -47.3605 -76.6117 
-52 -122.494 -38 31 -77.783 -98.5598 -52.2847 -79.0973 
-52 -120.786 -38 31 -80.8493 -99.2241 -53.671 -80.1461 
-52 -123.093 -37 31 -78.1871 -97.8246 -49.8041 -77.5466 
-44 -126.863 -37 30 -75.3303 -96.7366 -47.9201 -76.0224 
-52 -120.89 -37 30 -79.7313 -99.7014 -51.2957 -79.6715 
-44 -125.155 -37 30 -78.3966 -97.4009 -49.3064 -77.0712 
-52 -124.269 -39 31 -76.4193 -98.3933 -52.536 -79.692 
-52 -123.383 -38 30 -76.7674 -98.0553 -51.0726 -79.5211 
-60 -119.174 -38 31 -77.5563 -100.958 -52.8978 -82.792 
-44 -127.463 -36 30 -75.7345 -96.0013 -45.4395 -74.4717 
-62 -117.922 -38 31 -80.8596 -103.114 -54.0649 -81.9287 
-62 -117.277 -38 31 -82.0955 -103.945 -54.1741 -82.3882 
-44 -126.858 -35 29 -75.4378 -95.1951 -45.4808 -73.5269 
-52 -123.856 -37 31 -78.5483 -97.9911 -50.3637 -76.9574 
-44 -125.259 -36 29 -77.2787 -97.8782 -46.9312 -76.5966 
-44 -128.638 -38 30 -73.9666 -96.5701 -48.1714 -76.6171 
-52 -122.148 -37 31 -81.6147 -98.6553 -51.75 -78.0061 
-52 -120.971 -38 31 -77.7417 -99.7844 -54.21 -82.7518 
-62 -118.685 -38 31 -80.7102 -103.281 -53.7946 -81.3395 
-44 -127.753 -37 29 -74.3147 -96.2321 -46.708 -76.4462 
-52 -123.543 -37 30 -75.1037 -99.1346 -48.5332 -79.7171 
-52 -121.653 -37 30 -80.0925 -99.868 -51.8553 -79.0823 
-52 -125.031 -39 31 -76.7804 -98.5598 -53.0956 -79.1027 
-54 -122.292 -37 30 -78.4069 -101.291 -49.7003 -78.8538 
-62 -118.981 -38 31 -79.1295 -101.411 -53.671 -82.2164 
-44 -126.861 -36 29 -74.6724 -95.7638 -47.4017 -75.6668 
-52 -119.945 -37 30 -83.1589 -100.532 -53.2416 -80.1311 
-54 -121.647 -37 30 -79.6429 -102.122 -49.8095 -79.3133 
-52 -123.323 -39 31 -79.8468 -99.2241 -54.4819 -80.1515 
-52 -124.146 -38 30 -77.1285 -98.2219 -51.6322 -78.9318 
-44 -124.899 -35 28 -76.982 -97.0719 -46.9724 -75.6518 
-44 -128.225 -36 30 -76.0956 -96.1679 -45.9992 -73.8825 
-44 -128.341 -38 30 -75.3063 -96.5701 -49.6292 -76.6171 
-48 -126.17 -35 29 -75.6401 -95.4147 -45.7701 -73.9806 
-52 -123.179 -38 30 -77.1111 -98.8176 -49.9106 -81.646 
-52 -122.438 -38 30 -80.1949 -98.8861 -53.0185 -79.9806 
-44 -126.517 -36 30 -79.162 -96.8321 -47.3855 -74.9312 
-44 -125.341 -37 30 -75.2891 -97.9612 -49.8454 -79.6769 
-52 -125.631 -38 31 -77.1846 -97.8246 -50.615 -77.552 
-52 -123.749 -37 31 -76.2163 -96.6905 -49.9098 -79.9688 
-54 -123.054 -37 30 -78.2576 -101.458 -49.43 -78.2645 
-44 -127.62 -35 29 -75.799 -95.3616 -46.0404 -72.9376 
-44 -127.63 -37 30 -75.1714 -96.7897 -47.6498 -77.0654 
-44 -126.022 -36 29 -77.6398 -98.0447 -47.4908 -76.0074 
-60 -120.536 -37 31 -78.3217 -100.389 -50.9768 -80.6521 
-44 -129.401 -38 30 -74.3278 -96.7366 -48.7311 -76.0278 
-44 -125.913 -35 29 -78.8653 -96.0258 -47.4267 -73.9864 
-54 -123.35 -37 30 -76.6768 -99.5882 -49.3064 -79.1415 
-44 -124.314 -36 29 -80.7062 -98.709 -48.8771 -77.0562 
-52 -121.734 -38 31 -78.1029 -99.9509 -54.7696 -82.1626 
-52 -123.428 -38 30 -78.7288 -99.7014 -52.1066 -79.677 
-62 -119.285 -37 31 -81.6249 -102.546 -52.1439 -79.7887 
-44 -127.693 -38 30 -77.3941 -97.4009 -50.1173 -77.0766 
-62 -118.64 -37 31 -82.8609 -103.376 -52.2531 -80.2483 
-44 -127.377 -35 29 -75.6401 -95.4147 -45.7701 -73.9806 
-52 -122.115 -39 31 -79.314 -102.03 -55.1986 -82.6068 
-44 -128.515 -37 29 -74.6759 -96.3987 -47.2676 -75.8569 
-60 -121.777 -37 31 -77.9463 -98.3933 -50.3037 -79.6812 
-52 -120.944 -38 31 -80.3166 -102.03 -54.3876 -82.6013 
-52 -121.03 -37 31 -76.8742 -98.3777 -53.0204 -83.3159 
-60 -118.333 -37 30 -79.8659 -102.266 -52.4684 -82.777 
-60 -121.132 -37 31 -79.1823 -99.2241 -50.4129 -80.1407 
-44 -127.549 -37 29 -74.6585 -96.9944 -45.5461 -78.5711 
-58 -122.569 -37 31 -78.818 -99.6441 -50.3211 -78.4193 
-44 -126.807 -37 29 -77.7422 -97.0629 -48.6539 -76.9057 
-52 -125.921 -39 30 -75.7648 -98.0553 -51.8835 -79.5265 
-44 -127.623 -36 29 -75.0336 -95.9303 -47.9613 -75.0776 
-60 -121.711 -39 31 -76.5538 -100.958 -53.7087 -82.7975 
-44 -130 -37 30 -74.7319 -96.0013 -46.2505 -74.4771 
-62 -117.081 -37 30 -83.1691 -104.422 -53.6355 -81.9137 
-52 -122.334 -37 31 -78.5071 -99.2156 -52.289 -80.6118 
-62 -116.436 -37 30 -84.4051 -105.253 -53.7447 -82.3732 
-44 -128.118 -36 30 -73.7636 -94.8673 -45.5452 -76.8939 
-44 -125.916 -36 29 -78.1 -96.5946 -49.3476 -76.1264 
-44 -125.662 -35 28 -77.3432 -97.2384 -47.532 -75.0626 
-60 -120.826 -38 30 -76.9019 -100.62 -52.2453 -82.6265 
-62 -120.047 -37 31 -81.4756 -102.712 -51.8736 -79.1995 
-44 -126.975 -36 28 -74.313 -96.1881 -45.5123 -77.6263 
-52 -124.905 -36 30 -75.869 -98.5659 -46.6123 -77.5772 
-44 -129.103 -38 30 -75.6674 -96.7366 -50.1888 -76.0278 
-52 -120.326 -38 31 -81.1692 -100.615 -56.1559 -83.2114 
FEATURES_TXT_END_0
FEATURES_TXT_BEGIN_0 39 100 8 Distortion0_0 LM0_0 WordPenalty0_0 PhrasePenalty0_0 TranslationModel0_0 TranslationModel0_1 TranslationModel0_2 TranslationModel0_3 
-78 -177.385 -48 38 -89.7656 -110.973 -55.6877 -103.167 
-70 -181.524 -47 37 -81.4174 -108.236 -52.8978 -101.781 
-78 -176.724 -47 38 -89.6033 -110.973 -53.9217 -103.162 
-70 -180.863 -46 37 -81.2552 -108.236 -51.1318 -101.776 
-74 -176.176 -47 37 -92.315 -112.369 -56.5397 -102.409 
-66 -180.316 -46 36 -83.9668 -109.632 -53.7498 -101.023 
-74 -175.515 -46 37 -92.1527 -112.369 -54.7737 -102.403 
-66 -179.654 -45 36 -83.8046 -109.632 -51.9838 -101.018 
-78 -178.401 -46 37 -83.181 -108.236 -52.8978 -101.776 
-78 -177.739 -45 37 -83.0188 -108.236 -51.1318 -101.77 
-74 -177.192 -45 36 -85.7304 -109.632 -53.7498 -101.018 
-74 -176.531 -44 36 -85.5682 -109.632 -51.9838 -101.012 
-78 -177.27 -48 38 -89.8948 -110.978 -56.7863 -103.303 
-78 -176.609 -47 38 -89.7326 -110.978 -55.0203 -103.297 
-74 -176.062 -47 37 -92.4442 -112.374 -57.6383 -102.544 
-74 -175.4 -46 37 -92.282 -112.374 -55.8723 -102.539 
-70 -180.179 -49 37 -89.0339 -113.729 -54.9732 -104.226 
-62 -184.318 -48 36 -80.6857 -110.992 -52.1833 -102.84 
-70 -179.517 -48 37 -88.8716 -113.729 -53.2072 -104.221 
-78 -179.019 -46 37 -83.248 -108.231 -52.6566 -101.64 
-62 -183.657 -47 36 -80.5235 -110.992 -50.4173 -102.835 
-78 -178.357 -45 37 -83.0857 -108.231 -50.8906 -101.635 
-66 -178.97 -48 36 -91.5833 -115.126 -55.8252 -103.468 
-58 -183.11 -47 35 -83.2351 -112.388 -53.0352 -102.082 
-66 -178.309 -47 36 -91.421 -115.126 -54.0592 -103.462 
-74 -177.81 -45 36 -85.7974 -109.627 -53.5086 -100.882 
-58 -182.448 -46 35 -83.0728 -112.388 -51.2693 -102.076 
-74 -177.149 -44 36 -85.6351 -109.627 -51.7426 -100.877 
-71 -177.173 -45 37 -92.1355 -111.757 -57.6458 -98.4128 
-63 -181.312 -44 36 -83.7873 -109.019 -54.8559 -97.0269 
-71 -176.511 -44 37 -91.9732 -111.757 -55.8798 -98.4073 
-70 -179.829 -48 39 -88.3142 -108.455 -59.9046 -102.946 
-70 -181.195 -47 36 -82.4493 -110.992 -52.1833 -102.835 
-63 -180.651 -43 36 -83.625 -109.019 -53.0899 -97.0215 
-70 -179.168 -47 39 -88.1519 -108.455 -58.1386 -102.94 
-70 -180.533 -46 36 -82.287 -110.992 -50.4173 -102.829 
-67 -175.964 -44 36 -94.6849 -113.153 -58.4978 -97.6544 
-59 -180.103 -43 35 -86.3367 -110.416 -55.7078 -96.2686 
-67 -175.302 -43 36 -94.5226 -113.153 -56.7318 -97.649 
-66 -178.62 -47 38 -90.8636 -109.851 -60.7566 -102.187 
-66 -179.986 -46 35 -84.9987 -112.388 -53.0352 -102.076 
-59 -179.442 -42 35 -86.1744 -110.416 -53.9418 -96.2631 
-66 -177.959 -46 38 -90.7013 -109.851 -58.9906 -102.182 
-66 -179.324 -45 35 -84.8364 -112.388 -51.2693 -102.071 
-70 -180.064 -49 37 -89.1631 -113.734 -56.0718 -104.361 
-70 -179.403 -48 37 -89.0008 -113.734 -54.3058 -104.356 
-84 -173.639 -47 37 -95.1448 -112.863 -56.2895 -103.668 
-76 -177.779 -46 36 -86.7967 -110.125 -53.4996 -102.282 
-66 -178.855 -48 36 -91.7125 -115.131 -56.9238 -103.603 
-66 -178.194 -47 36 -91.5502 -115.131 -55.1578 -103.598 
-74 -176.236 -46 37 -93.6706 -112.369 -54.4603 -102.403 
-71 -178.188 -43 36 -85.5509 -109.019 -54.8559 -97.0215 
-66 -180.375 -45 36 -85.3224 -109.632 -51.6703 -101.018 
-74 -175.574 -45 37 -93.5083 -112.369 -52.6943 -102.398 
-71 -177.527 -42 36 -85.3886 -109.019 -53.0899 -97.0161 
-66 -179.713 -44 36 -85.1601 -109.632 -49.9043 -101.012 
-67 -176.98 -42 35 -88.1003 -110.416 -55.7078 -96.2631 
-80 -176.446 -48 38 -92.0902 -113.51 -56.8816 -104.062 
-67 -176.318 -41 35 -87.938 -110.416 -53.9418 -96.2577 
-72 -180.586 -47 37 -83.742 -110.772 -54.0917 -102.676 
-71 -177.058 -45 37 -92.2647 -111.762 -58.7444 -98.5482 
-80 -175.785 -47 38 -91.9279 -113.51 -55.1156 -104.057 
-72 -179.924 -46 37 -83.5797 -110.772 -52.3257 -102.671 
-71 -176.396 -44 37 -92.1024 -111.762 -56.9784 -98.5428 
-71 -176.679 -44 37 -92.9138 -111.757 -55.5663 -98.4073 
-84 -174.655 -45 36 -88.5602 -110.125 -53.4996 -102.276 
-63 -180.818 -43 36 -84.5656 -109.019 -52.7764 -97.0215 
-71 -176.017 -43 37 -92.7515 -111.757 -53.8004 -98.4019 
-63 -180.157 -42 36 -84.4033 -109.019 -51.0104 -97.0161 
-76 -175.238 -47 37 -94.6395 -114.906 -57.7336 -103.304 
-68 -179.377 -46 36 -86.2914 -112.169 -54.9437 -101.918 
-67 -175.849 -44 36 -94.8141 -113.158 -59.5964 -97.7899 
-76 -174.576 -46 37 -94.4773 -114.906 -55.9676 -103.298 
-68 -178.716 -45 36 -86.1291 -112.169 -53.1777 -101.913 
-67 -175.188 -43 36 -94.6518 -113.158 -57.8304 -97.7844 
-75 -176.395 -46 38 -96.9541 -113.59 -58.4262 -98.7325 
-67 -175.47 -43 36 -95.4632 -113.153 -56.4183 -97.649 
-67 -180.535 -45 37 -88.6059 -110.852 -55.6363 -97.3466 
-75 -175.734 -45 38 -96.7918 -113.59 -56.6602 -98.7271 
-59 -179.609 -42 35 -87.115 -110.416 -53.6284 -96.2631 
-67 -174.808 -42 36 -95.3009 -113.153 -54.6523 -97.6436 
-78 -177.08 -45 38 -91.8451 -109.802 -55.6877 -98.693 
-67 -179.873 -44 37 -88.4437 -110.852 -53.8703 -97.3412 
-80 -176.998 -47 37 -90.351 -111.214 -53.7006 -103.46 
-59 -178.948 -41 35 -86.9527 -110.416 -51.8624 -96.2577 
-70 -181.22 -44 37 -83.4969 -107.065 -52.8978 -97.3072 
-84 -173.525 -47 37 -95.274 -112.868 -57.3881 -103.803 
-74 -177.251 -44 36 -87.086 -109.632 -51.6703 -101.012 
-78 -176.419 -44 38 -91.6828 -109.802 -53.9217 -98.6876 
-72 -181.138 -46 36 -82.0028 -108.477 -50.9107 -102.074 
-70 -180.558 -43 37 -83.3346 -107.065 -51.1318 -97.3018 
-74 -176.59 -43 36 -86.9237 -109.632 -49.9043 -101.007 
-71 -175.187 -45 37 -99.5035 -114.986 -59.2782 -97.9742 
-63 -179.326 -44 36 -91.1553 -112.249 -56.4883 -96.5883 
-74 -178.057 -47 37 -90.7492 -114.121 -57.6458 -101.091 
-71 -174.525 -44 37 -99.3412 -114.986 -57.5122 -97.9688 
-66 -182.196 -46 36 -82.401 -111.384 -54.8559 -99.7049 
-74 -175.872 -44 37 -94.3945 -111.199 -56.5397 -97.9347 
-63 -178.665 -43 36 -90.9931 -112.249 -54.7223 -96.5829 
-74 -177.395 -46 37 -90.5869 -114.121 -55.8798 -101.085 
FEATURES_TXT_END_0
FEATURES_TXT_BEGIN_0 40 100 8 Distortion0_0 LM0_0 WordPenalty0_0 PhrasePenalty0_0 TranslationModel0_0 TranslationModel0_1 TranslationModel0_2 TranslationModel0_3 
-46 -108.7 -21 18 -35.9629 -45.7407 -20.7172 -34.9323 
-36 -110.404 -24 20 -42.1342 -49.847 -24.0349 -38.5043 
-36 -110.688 -23 20 -43.5686 -49.6748 -23.1546 -35.7354 
-40 -108.484 -22 18 -37.4258 -42.3666 -23.9767 -39.103 
-32 -109.301 -24 19 -42.7226 -46.4699 -26.5132 -41.0492 
-32 -109.585 -23 19 -44.1571 -46.2977 -25.6329 -38.2803 
-30 -114.045 -22 18 -34.4658 -45.5326 -18.7312 -36.3941 
-30 -114.329 -21 18 -35.9003 -45.3605 -17.8509 -33.6253 
-52 -108.146 -24 21 -40.2718 -44.4435 -25.9702 -38.7446 
-32 -108.826 -24 20 -44.8037 -48.517 -26.9018 -41.3614 
-34 -110.034 -23 18 -39.8307 -42.3666 -26.4334 -39.1084 
-32 -109.11 -23 20 -46.2381 -48.3448 -26.0214 -38.5925 
-26 -110.852 -25 19 -45.1276 -46.4699 -28.97 -41.0546 
-38 -110.361 -23 19 -41.2598 -49.844 -23.2537 -36.8785 
-40 -111.741 -22 17 -33.8819 -45.3773 -20.3286 -36.1871 
-32 -112.558 -24 18 -39.1788 -49.4805 -22.8652 -38.1334 
-32 -111.683 -23 19 -41.2598 -49.844 -23.2537 -36.8785 
-32 -111.683 -23 19 -41.2598 -49.844 -23.2537 -36.8785 
-26 -111.136 -24 19 -46.562 -46.2977 -28.0896 -38.2857 
-38 -110.645 -22 19 -42.6943 -49.6718 -22.3734 -34.1096 
-32 -112.842 -23 18 -40.6132 -49.3084 -21.9848 -35.3645 
-32 -111.967 -22 19 -42.6943 -49.6718 -22.3734 -34.1096 
-32 -111.967 -22 19 -42.6943 -49.6718 -22.3734 -34.1096 
-40 -108.196 -22 18 -37.8312 -43.0639 -23.9767 -40.3047 
-24 -113.828 -23 18 -35.9287 -42.1585 -21.9907 -40.5648 
-40 -110.251 -22 18 -38.4744 -45.7407 -25.6224 -34.9377 
-46 -109.696 -25 21 -42.6767 -44.4435 -28.427 -38.75 
-46 -107.049 -22 19 -44.2006 -51.5118 -25.9816 -35.0439 
-26 -110.377 -25 20 -47.2086 -48.517 -29.3585 -41.3668 
-32 -113.459 -26 21 -41.5016 -45.5182 -28.255 -39.9768 
-36 -112.081 -25 20 -41.3887 -49.847 -26.0826 -38.5097 
-36 -109.359 -23 20 -45.075 -51.5148 -26.7628 -36.6697 
-24 -114.112 -22 18 -37.3631 -41.9864 -21.1104 -37.796 
-48 -107.586 -19 17 -36.0374 -47.5998 -16.316 -35.3098 
-26 -110.66 -24 20 -48.6431 -48.3448 -28.4782 -38.5979 
-32 -113.743 -25 21 -42.9361 -45.3461 -27.3746 -37.2079 
-36 -110.578 -24 20 -42.9035 -50.8904 -25.0989 -38.792 
-36 -111.886 -23 20 -42.8473 -49.6748 -22.5668 -35.7354 
-36 -112.365 -24 20 -42.8231 -49.6748 -25.2023 -35.7408 
-48 -109.537 -21 18 -35.9629 -45.7407 -20.7172 -34.9323 
-44 -110.59 -22 19 -36.8373 -45.7437 -21.4983 -36.558 
-46 -109.73 -21 18 -37.032 -45.3184 -20.968 -34.9055 
-36 -112.233 -25 20 -41.5593 -49.847 -25.9486 -38.5097 
-48 -110.99 -22 19 -34.772 -45.2974 -20.7951 -35.7339 
-36 -113.49 -25 21 -38.7747 -44.2354 -23.9843 -40.2065 
-46 -111.147 -23 19 -39.7612 -48.1167 -23.8534 -33.9797 
-32 -108.256 -23 19 -45.6635 -48.1377 -29.2411 -39.2146 
-34 -109.747 -23 18 -40.2362 -43.0639 -26.4334 -40.3101 
-30 -111.954 -25 20 -44.6456 -49.847 -28.9402 -38.5097 
-40 -111.453 -22 17 -34.2874 -46.0745 -20.3286 -37.3888 
-46 -109.333 -25 21 -40.7191 -44.6782 -28.427 -40.8697 
-36 -112.517 -24 20 -42.9937 -49.6748 -25.0682 -35.7408 
-52 -107.86 -22 19 -39.068 -48.2105 -24.141 -35.7844 
-32 -109.476 -24 19 -43.4919 -47.5134 -27.5772 -41.3369 
-32 -110.784 -23 19 -43.4358 -46.2977 -25.0451 -38.2803 
-36 -113.774 -24 21 -40.2091 -44.0632 -23.1039 -37.4376 
-36 -109.289 -22 19 -42.7056 -51.0761 -21.9074 -38.2388 
-46 -107.471 -23 19 -39.523 -50.6667 -27.5588 -38.6281 
-46 -110.319 -22 19 -36.8373 -45.7437 -21.4983 -36.558 
-18 -115.379 -24 18 -38.3336 -42.1585 -24.4475 -40.5702 
-24 -117.085 -23 17 -32.3848 -45.1692 -18.3427 -37.649 
-30 -113 -21 18 -37.4067 -47.2004 -21.4591 -34.5596 
-30 -112.238 -24 20 -46.0801 -49.6748 -28.0598 -35.7408 
-32 -111.131 -25 19 -42.1477 -46.4699 -28.4269 -41.0546 
-38 -114.349 -24 19 -38.2641 -47.9086 -21.8674 -35.4415 
-32 -113.747 -26 21 -42.0125 -46.077 -28.0037 -39.8442 
-52 -107.783 -24 21 -39.2247 -44.6782 -26.8175 -40.8643 
-26 -115.009 -27 21 -43.9066 -45.5182 -30.7117 -39.9822 
-18 -115.663 -23 18 -39.7681 -41.9864 -23.5671 -37.8014 
-30 -114.22 -22 18 -35.2351 -46.5761 -19.7952 -36.6818 
-30 -115.528 -21 18 -35.179 -45.3605 -17.2631 -33.6253 
-24 -117.369 -22 17 -33.8192 -44.997 -17.4623 -34.8801 
-38 -111.241 -24 20 -42.1342 -49.847 -24.0349 -38.5043 
-32 -113.75 -25 19 -39.7269 -44.5345 -25.1269 -39.6122 
-32 -111.415 -24 19 -43.5821 -46.2977 -27.5465 -38.2857 
-38 -114.633 -23 19 -39.6985 -47.7364 -20.9871 -32.6727 
-32 -114.031 -25 21 -43.4469 -45.9048 -27.1233 -37.0753 
-24 -113.234 -24 19 -43.7712 -49.844 -28.159 -36.8839 
-40 -106.833 -23 19 -45.6635 -48.1377 -29.2411 -39.2146 
-32 -108.187 -22 18 -43.294 -47.699 -24.3857 -40.7837 
-26 -115.293 -26 21 -45.341 -45.3461 -29.8314 -37.2134 
-32 -107.781 -23 20 -47.7445 -50.1848 -29.6297 -39.5268 
-24 -113.541 -23 18 -36.3341 -42.8558 -21.9907 -41.7665 
-38 -111.525 -23 20 -43.5686 -49.6748 -23.1546 -35.7354 
-32 -114.034 -24 19 -41.1614 -44.3623 -24.2466 -36.8434 
-42 -107.369 -20 17 -37.5002 -44.2257 -19.5755 -39.4805 
-24 -113.518 -23 19 -45.2057 -49.6718 -27.2787 -34.115 
-44 -109.001 -23 20 -42.0486 -50.4053 -26.7038 -36.8649 
-32 -109.001 -24 20 -45.573 -49.5604 -27.9657 -41.649 
-32 -110.309 -23 20 -45.5168 -48.3448 -25.4337 -38.5925 
-24 -115.596 -23 18 -36.9773 -45.5326 -23.6365 -36.3995 
-30 -115.041 -26 21 -41.1796 -44.2354 -26.441 -40.2119 
-26 -109.807 -24 19 -48.0684 -48.1377 -31.6979 -39.2201 
-38 -109.316 -22 19 -44.2006 -51.5118 -25.9816 -35.0439 
-24 -113.825 -22 18 -37.7686 -42.6836 -21.1104 -38.9976 
-42 -109.321 -22 18 -37.4258 -42.3666 -23.9767 -39.103 
-32 -111.513 -23 18 -42.1196 -51.1483 -25.5931 -36.2988 
-34 -110.138 -24 19 -42.7226 -46.4699 -26.5132 -41.0492 
-36 -111.63 -23 20 -43.7792 -50.7183 -23.3777 -36.0231 
-50 -109.595 -21 18 -35.9629 -45.7407 -20.7172 -34.9323 
FEATURES_TXT_END_0
FEATURES_TXT_BEGIN_0 41 100 8 Distortion0_0 LM0_0 WordPenalty0_0 PhrasePenalty0_0 TranslationModel0_0 TranslationModel0_1 TranslationModel0_2 TranslationModel0_3 
-75 -188.201 -58 45 -104.307 -109.179 -73.9541 -103.658 
-69 -186.983 -57 45 -107.373 -112.371 -74.7482 -103.887 
-57 -192.092 -58 42 -104.076 -109.635 -71.8522 -103.444 
-71 -187.533 -58 45 -105.592 -110.35 -77.0063 -104.477 
-61 -192.89 -55 43 -97.2682 -104.714 -70.7071 -99.0944 
-75 -188.652 -58 45 -103.734 -108.675 -73.787 -103.827 
-51 -190.873 -57 42 -107.142 -112.827 -72.6464 -103.673 
-65 -186.314 -57 45 -108.658 -113.542 -77.8005 -104.706 
-55 -191.672 -54 43 -100.334 -107.906 -71.5013 -99.3234 
-69 -187.434 -57 45 -106.8 -111.867 -74.5812 -104.056 
-57 -192.543 -58 42 -103.503 -109.131 -71.6852 -103.612 
-71 -187.984 -58 45 -105.019 -109.846 -76.8393 -104.646 
-83 -183.283 -54 44 -107.809 -115.465 -71.2493 -99.6761 
-75 -187.223 -57 44 -106.64 -109.769 -75.1295 -101.96 
-57 -190.289 -57 42 -108.422 -111.031 -72.1688 -102.685 
-61 -193.341 -55 43 -96.6957 -104.21 -70.5401 -99.2631 
-75 -188.603 -59 45 -103.502 -109.41 -75.9148 -105.632 
-51 -191.325 -57 42 -106.569 -112.323 -72.4793 -103.841 
-65 -186.765 -57 45 -108.085 -113.038 -77.6334 -104.875 
-55 -194.192 -59 42 -100.955 -109.033 -71.6209 -105.253 
-79 -189.735 -55 46 -97.4989 -104.259 -72.8089 -99.3088 
-77 -182.064 -53 44 -110.875 -118.657 -72.0435 -99.9051 
-69 -186.004 -56 44 -109.706 -112.961 -75.9236 -102.189 
-51 -189.07 -56 42 -111.488 -114.223 -72.9629 -102.914 
-55 -192.123 -54 43 -99.7618 -107.402 -71.3342 -99.4921 
-55 -197.491 -60 44 -98.5294 -105.712 -74.0382 -103.045 
-65 -187.173 -54 41 -107.578 -115.921 -69.1475 -99.4617 
-79 -182.614 -54 44 -109.094 -116.636 -74.3016 -100.495 
-59 -194.991 -56 43 -94.1476 -104.113 -70.4758 -100.904 
-71 -186.554 -57 44 -107.925 -110.94 -78.1817 -102.779 
-85 -189.721 -58 46 -96.426 -104.563 -73.731 -103.786 
-69 -187.385 -58 45 -106.568 -112.602 -76.709 -105.861 
-75 -187.674 -57 44 -106.068 -109.265 -74.9624 -102.129 
-57 -190.74 -57 42 -107.85 -110.527 -72.0017 -102.854 
-57 -192.494 -59 42 -103.271 -109.865 -73.813 -105.418 
-83 -185.809 -56 44 -105.646 -114.069 -73.0411 -100.44 
-71 -187.935 -59 45 -104.787 -110.581 -78.9671 -106.451 
-57 -192.754 -58 42 -104.451 -109.72 -71.9189 -103.226 
-77 -187.812 -55 45 -96.8915 -105.967 -72.9749 -103.198 
-61 -193.293 -56 43 -96.4636 -104.945 -72.6679 -101.069 
-83 -183.734 -54 44 -107.327 -114.961 -71.2246 -99.8449 
-81 -190.388 -58 46 -98.4563 -103.314 -71.9252 -104.518 
-75 -189.055 -59 45 -102.929 -108.906 -75.7478 -105.801 
-61 -193.553 -55 43 -97.6436 -104.799 -70.7738 -98.8767 
-53 -193.044 -59 42 -102.241 -110.204 -74.6731 -106.072 
-49 -192.974 -58 42 -104.021 -112.225 -72.415 -105.482 
-73 -188.516 -54 46 -100.565 -107.451 -73.6031 -99.5378 
-57 -193.843 -56 43 -95.4329 -105.284 -73.528 -101.723 
-75 -189.032 -57 45 -103.64 -108.677 -72.0212 -103.152 
-49 -196.273 -59 44 -101.596 -108.904 -74.8323 -103.274 
-59 -185.955 -53 41 -110.644 -119.113 -69.9417 -99.6908 
-57 -193.92 -54 41 -97.6488 -106.36 -67.662 -97.9005 
-67 -193.563 -58 43 -96.1953 -105.018 -71.6292 -103.572 
-75 -189.066 -55 46 -98.7842 -105.43 -75.8612 -100.128 
-73 -181.396 -53 44 -112.16 -119.828 -75.0957 -100.724 
-53 -193.772 -55 43 -97.2138 -107.305 -71.2699 -101.133 
-65 -185.336 -56 44 -110.991 -114.132 -78.9759 -103.008 
-75 -189.026 -59 45 -102.956 -109.41 -76.3754 -105.632 
-83 -194.722 -59 44 -90.2108 -100.693 -72.2928 -101.387 
-79 -188.503 -57 46 -99.4922 -107.755 -74.5252 -104.015 
-55 -194.644 -59 42 -100.383 -108.529 -71.4538 -105.421 
-71 -189.455 -59 44 -104.942 -110.435 -77.3885 -104.265 
-71 -193.431 -59 44 -99.3842 -105.656 -70.2211 -104.209 
-79 -190.186 -55 46 -96.9264 -103.755 -72.6419 -99.4775 
-69 -186.455 -56 44 -109.134 -112.457 -75.7566 -102.358 
-63 -190.399 -58 43 -98.9604 -109.119 -73.0389 -108.192 
-51 -189.522 -56 42 -110.916 -113.719 -72.7959 -103.083 
-51 -191.276 -58 42 -106.337 -113.058 -74.6072 -105.647 
-81 -189.053 -58 46 -97.7113 -105.734 -76.7833 -104.605 
-55 -197.942 -60 44 -97.9569 -105.208 -73.8711 -103.214 
-69 -191.512 -55 42 -101.238 -105.159 -69.767 -98.089 
-77 -184.591 -55 44 -108.712 -117.261 -73.8352 -100.669 
-65 -186.717 -58 45 -107.853 -113.773 -79.7612 -106.68 
-75 -189.962 -58 45 -103.557 -108.936 -73.4616 -103.1 
-55 -192.389 -58 42 -105.302 -110.429 -71.9374 -104.494 
-59 -195.442 -56 43 -93.5751 -103.609 -70.3087 -101.072 
-71 -187.005 -57 44 -107.353 -110.436 -78.0147 -102.948 
-71 -188.195 -58 45 -106.062 -110.435 -77.6995 -104.259 
-65 -189.7 -56 41 -105.415 -114.524 -70.9393 -100.225 
-71 -188.431 -58 45 -105.417 -110.847 -77.1886 -104.304 
-75 -194.23 -56 45 -92.5766 -100.736 -69.076 -99.8594 
-51 -191.536 -57 42 -107.517 -112.912 -72.7131 -103.455 
-69 -189.006 -57 45 -107.46 -110.338 -72.6805 -103.277 
-71 -186.593 -54 45 -99.9576 -109.159 -73.7691 -103.427 
-79 -185.141 -56 44 -106.931 -115.24 -76.0934 -101.259 
-67 -191.197 -55 44 -92.1528 -104.198 -71.8938 -103.842 
-55 -192.074 -55 43 -99.5297 -108.137 -73.462 -101.298 
-83 -182.304 -53 43 -110.143 -116.055 -72.4247 -97.9784 
-85 -190.172 -58 46 -95.8535 -104.059 -73.564 -103.955 
-65 -185.37 -53 41 -111.925 -117.317 -69.464 -98.7034 
-77 -182.515 -53 44 -110.393 -118.153 -72.0188 -100.074 
-57 -192.763 -59 42 -103.271 -109.865 -73.813 -105.418 
-75 -188.611 -55 45 -101.128 -107.374 -72.8376 -100.733 
-75 -189.169 -57 46 -101.522 -106.507 -72.7193 -104.747 
-69 -187.836 -58 45 -105.996 -112.098 -76.5419 -106.03 
-59 -191.058 -60 44 -105.623 -110.762 -80.7902 -106.178 
-75 -186.089 -55 44 -108.924 -115.147 -72.6126 -99.7585 
-65 -187.624 -54 41 -107.096 -115.417 -69.1228 -99.6305 
-73 -187.143 -55 45 -98.1767 -107.138 -76.0272 -104.017 
-63 -191.296 -59 43 -98.7373 -109.119 -74.6075 -108.197 
FEATURES_TXT_END_0
FEATURES_TXT_BEGIN_0 42 100 8 Distortion0_0 LM0_0 WordPenalty0_0 PhrasePenalty0_0 TranslationModel0_0 TranslationModel0_1 TranslationModel0_2 TranslationModel0_3 
-98 -163.926 -52 47 -125.348 -128.775 -79.3725 -116.266 
-98 -164.506 -52 46 -121.323 -127.53 -75.973 -118.617 
-108 -163.078 -52 46 -124.583 -127.872 -79.8401 -113.874 
-96 -163.785 -52 47 -130.145 -128.345 -81.287 -114.294 
-108 -163.658 -52 45 -120.557 -126.627 -76.4406 -116.225 
-94 -165.674 -53 46 -121.808 -127.525 -79.1658 -118.487 
-96 -166.493 -54 46 -123.818 -125.539 -79.2374 -117.951 
-106 -162.936 -52 46 -129.379 -127.442 -81.7545 -111.902 
-104 -164.825 -53 45 -121.042 -126.622 -79.6334 -116.095 
-106 -165.644 -54 45 -123.052 -124.636 -79.705 -115.559 
-98 -164.995 -52 47 -126.941 -130.337 -77.6708 -114.483 
-98 -165.575 -52 46 -122.915 -129.092 -74.2713 -116.834 
-94 -165.679 -52 46 -121.39 -127.525 -75.7318 -118.482 
-108 -163.894 -52 46 -123.689 -127.608 -79.234 -113.482 
-108 -164.474 -52 45 -119.663 -126.363 -75.8344 -115.833 
-108 -164.147 -52 46 -126.175 -129.434 -78.1384 -112.091 
-96 -164.853 -52 47 -131.737 -129.907 -79.5852 -112.511 
-108 -164.727 -52 45 -122.149 -128.189 -74.7388 -114.442 
-94 -166.742 -53 46 -123.4 -129.087 -77.4641 -116.704 
-104 -164.831 -52 45 -120.624 -126.622 -76.1994 -116.09 
-106 -163.753 -52 46 -128.485 -127.178 -81.1484 -111.51 
-104 -165.642 -53 45 -120.148 -126.358 -79.0273 -115.703 
-96 -167.561 -54 46 -125.41 -127.101 -77.5357 -116.168 
-106 -164.005 -52 46 -130.971 -129.004 -80.0528 -110.119 
-96 -164.072 -52 47 -130.145 -128.224 -81.287 -114.294 
-104 -165.894 -53 45 -122.634 -128.184 -77.9317 -114.312 
-106 -166.461 -54 45 -122.158 -124.372 -79.0989 -115.168 
-106 -166.713 -54 45 -124.644 -126.198 -78.0033 -113.776 
-100 -161.617 -51 46 -126.804 -133.147 -79.4879 -116.076 
-106 -163.223 -52 46 -129.379 -127.321 -81.7545 -111.902 
-100 -162.197 -51 45 -122.779 -131.902 -76.0883 -118.427 
-98 -164.559 -52 46 -121.429 -127.606 -76.2776 -119.019 
-94 -166.748 -52 46 -122.982 -129.087 -74.0301 -116.699 
-108 -164.963 -52 46 -125.281 -129.17 -77.5323 -111.699 
-98 -161.475 -51 46 -131.6 -132.717 -81.4023 -114.104 
-108 -165.543 -52 45 -121.256 -127.925 -74.1327 -114.05 
-98 -163.451 -52 46 -124.62 -129.488 -79.2492 -117.76 
-108 -163.71 -52 45 -120.663 -126.703 -76.7452 -116.627 
-104 -165.647 -52 45 -119.73 -126.358 -75.5933 -115.698 
-96 -163.364 -52 45 -123.263 -131.897 -79.2812 -118.297 
-98 -164.139 -52 46 -123.93 -129.114 -79.7536 -116.677 
-90 -166.188 -53 45 -127.178 -126.288 -82.158 -115.575 
-104 -165.9 -52 45 -122.216 -128.184 -74.4977 -114.307 
-106 -164.822 -52 46 -130.078 -128.74 -79.4467 -109.727 
-98 -164.183 -53 45 -125.273 -129.911 -79.3528 -117.761 
-108 -162.602 -52 45 -123.854 -128.585 -79.7168 -115.368 
-104 -166.711 -53 45 -121.741 -127.92 -77.3255 -113.92 
-96 -165.141 -52 47 -131.737 -129.786 -79.5852 -112.511 
-108 -163.291 -52 45 -123.164 -128.211 -80.2212 -114.284 
-100 -162.207 -51 46 -126.606 -130.704 -79.7756 -115.758 
-100 -165.339 -53 44 -126.412 -125.386 -82.6256 -113.183 
-106 -167.53 -54 45 -123.75 -125.934 -77.3972 -113.385 
-106 -164.04 -52 46 -128.485 -127.057 -81.1484 -111.51 
-98 -161.644 -51 46 -128.097 -131.124 -79.705 -116.861 
-100 -162.787 -51 45 -122.581 -129.459 -76.376 -118.109 
-98 -165.19 -52 46 -121.39 -127.525 -75.7318 -118.482 
-100 -162.685 -51 46 -128.396 -134.709 -77.7862 -114.293 
-106 -164.292 -52 46 -130.971 -128.883 -80.0528 -110.119 
-100 -163.867 -52 46 -124.223 -129.161 -77.5739 -117.588 
-98 -162.065 -51 46 -131.403 -130.274 -81.69 -113.785 
-100 -163.265 -51 45 -124.371 -133.464 -74.3866 -116.644 
-98 -165.627 -52 46 -123.021 -129.168 -74.5759 -117.236 
-96 -163.369 -51 45 -122.846 -131.897 -75.8472 -118.291 
-108 -160.796 -51 45 -127.331 -130.221 -80.1725 -114.469 
-108 -164.342 -52 45 -120.624 -126.622 -76.1994 -116.09 
-96 -163.954 -52 45 -123.066 -129.454 -79.5688 -117.979 
-90 -166.193 -52 45 -126.76 -126.288 -78.724 -115.57 
-108 -164.527 -52 45 -119.769 -126.439 -76.1391 -116.236 
-98 -162.544 -51 46 -133.193 -134.279 -79.7006 -112.321 
-100 -161.617 -51 46 -130.876 -132.335 -80.4862 -114.341 
-110 -163.019 -52 45 -123.457 -128.258 -78.0415 -115.196 
-98 -164.773 -53 45 -125.075 -127.468 -79.6405 -117.443 
-98 -164.519 -52 46 -126.212 -131.05 -77.5474 -115.977 
-108 -164.779 -52 45 -122.255 -128.265 -75.0435 -114.844 
-104 -166.716 -52 45 -121.323 -127.92 -73.8915 -113.915 
-96 -164.433 -52 45 -124.856 -133.459 -77.5795 -116.514 
-100 -162.197 -51 45 -126.851 -131.09 -77.0866 -116.692 
-98 -165.208 -52 46 -125.522 -130.676 -78.0519 -114.894 
-90 -167.256 -53 45 -128.771 -127.85 -80.4563 -113.793 
-100 -165.345 -52 44 -125.994 -125.386 -79.1916 -113.178 
-108 -163.419 -52 45 -122.96 -128.321 -79.1106 -114.976 
-98 -165.252 -53 45 -126.866 -131.473 -77.6511 -115.978 
-98 -161.475 -51 46 -135.673 -131.905 -82.4006 -112.369 
-98 -161.762 -51 46 -131.6 -132.596 -81.4023 -114.104 
-108 -164.107 -52 45 -122.27 -127.947 -79.615 -113.893 
-100 -163.023 -51 46 -125.712 -130.44 -79.1694 -115.366 
-96 -167.206 -54 46 -124.072 -125.458 -79.7483 -117.414 
-108 -163.671 -52 45 -125.446 -130.147 -78.015 -113.585 
-100 -166.156 -53 44 -125.519 -125.121 -82.0194 -112.792 
-96 -166.52 -53 46 -123.397 -125.539 -77.4215 -117.946 
-96 -163.364 -52 45 -127.336 -131.085 -80.2794 -116.562 
-98 -163.738 -52 46 -124.62 -129.367 -79.2492 -117.76 
-100 -163.603 -51 45 -121.687 -129.195 -75.7699 -117.717 
-108 -164.359 -52 45 -124.756 -129.773 -78.5195 -112.502 
-100 -163.276 -51 46 -128.198 -132.266 -78.0739 -113.975 
-100 -166.408 -53 44 -128.005 -126.948 -80.9238 -111.401 
-98 -164.183 -53 45 -129.346 -129.099 -80.3511 -116.027 
-90 -174.327 -49 43 -108.725 -125.083 -65.7299 -108.392 
-106 -165.109 -52 46 -130.078 -128.619 -79.4467 -109.727 
-98 -162.713 -51 46 -129.689 -132.686 -78.0032 -115.078 
FEATURES_TXT_END_0
FEATURES_TXT_BEGIN_0 43 79 8 Distortion0_0 LM0_0 WordPenalty0_0 PhrasePenalty0_0 TranslationModel0_0 TranslationModel0_1 TranslationModel0_2 TranslationModel0_3 
-48 -106.235 -29 22 -63.4152 -69.4007 -34.2815 -48.3652 
-48 -105.625 -28 22 -63.2529 -69.4007 -32.5155 -48.3598 
-48 -108.107 -29 22 -67.0936 -66.317 -33.4495 -44.8058 
-48 -107.498 -28 22 -66.9313 -66.317 -31.6835 -44.8004 
-50 -106.235 -29 22 -63.4152 -69.4007 -34.2815 -48.3652 
-38 -113.628 -28 22 -52.7547 -56.0144 -32.0208 -48.1648 
-40 -113.946 -29 22 -55.2651 -60.3835 -32.2648 -44.8384 
-50 -105.625 -28 22 -63.2529 -69.4007 -32.5155 -48.3598 
-46 -112.493 -30 23 -66.2091 -61.6194 -38.1391 -41.5517 
-48 -103.544 -26 21 -60.4193 -66.3357 -32.0887 -50.2093 
-40 -113.336 -28 22 -55.1028 -60.3835 -30.4988 -44.833 
-48 -102.934 -25 21 -60.257 -66.3357 -30.3227 -50.2039 
-50 -108.107 -29 22 -67.0936 -66.317 -33.4495 -44.8058 
-40 -115.709 -30 23 -55.5884 -59.0794 -32.4476 -46.3153 
-38 -117.321 -29 22 -54.9941 -58.367 -29.5433 -41.8452 
-50 -107.498 -28 22 -66.9313 -66.317 -31.6835 -44.8004 
-48 -107.559 -27 22 -67.6113 -66.317 -30.7673 -44.795 
-48 -105.416 -26 21 -64.0977 -63.252 -31.2568 -46.6499 
-54 -104.635 -28 23 -65.4449 -68.2587 -34.1712 -48.1232 
-38 -116.712 -28 22 -54.8319 -58.367 -27.7773 -41.8398 
-48 -104.807 -25 21 -63.9354 -63.252 -29.4908 -46.6445 
-53 -104.696 -28 22 -64.0021 -69.823 -34.0306 -48.3865 
-54 -104.026 -27 23 -65.2826 -68.2587 -32.4052 -48.1178 
-48 -113.2 -30 22 -55.4827 -59.5557 -35.5322 -44.5198 
-42 -113.946 -29 22 -55.2651 -60.3835 -32.2648 -44.8384 
-50 -103.544 -26 21 -60.4193 -66.3357 -32.0887 -50.2093 
-56 -101.746 -29 22 -60.1369 -70.9314 -34.9296 -57.2255 
-53 -104.087 -27 22 -63.8398 -69.823 -32.2647 -48.3811 
-48 -112.59 -29 22 -55.3204 -59.5557 -33.7663 -44.5144 
-42 -113.336 -28 22 -55.1028 -60.3835 -30.4988 -44.833 
-40 -111.255 -26 21 -52.2691 -57.3185 -30.072 -46.6826 
-50 -102.934 -25 21 -60.257 -66.3357 -30.3227 -50.2039 
-50 -108.499 -30 23 -62.3113 -70.207 -34.2459 -49.31 
-40 -110.645 -25 21 -52.1069 -57.3185 -28.306 -46.6772 
-38 -116.319 -31 23 -55.7506 -59.0794 -34.2136 -46.3207 
-54 -106.508 -28 23 -69.1233 -65.175 -33.3392 -44.5638 
-48 -108.499 -30 23 -62.3113 -70.207 -34.2459 -49.31 
-54 -101.746 -29 22 -60.1369 -70.9314 -34.9296 -57.2255 
-38 -115.709 -30 23 -55.5884 -59.0794 -32.4476 -46.3153 
-53 -106.569 -28 22 -67.6805 -66.7393 -33.1987 -44.8271 
-54 -105.898 -27 23 -68.961 -65.175 -31.5733 -44.5583 
-48 -107.889 -29 23 -62.149 -70.207 -32.4799 -49.3046 
-54 -101.137 -28 22 -59.9747 -70.9314 -33.1636 -57.2201 
-40 -117.321 -29 22 -54.9941 -58.367 -29.5433 -41.8452 
-56 -106.508 -28 23 -69.1233 -65.175 -33.3392 -44.5638 
-48 -106.296 -28 22 -64.0952 -69.4007 -33.3652 -48.3598 
-50 -105.416 -26 21 -64.0977 -63.252 -31.2568 -46.6499 
-48 -106.392 -28 22 -62.8556 -69.8835 -34.9746 -48.4086 
-53 -105.96 -27 22 -67.5182 -66.7393 -31.4327 -44.8217 
-56 -104.635 -28 23 -65.4449 -68.2587 -34.1712 -48.1232 
-53 -106.96 -29 22 -62.3462 -69.823 -34.0306 -48.392 
-40 -116.712 -28 22 -54.8319 -58.367 -27.7773 -41.8398 
-40 -116.319 -31 23 -55.7506 -59.0794 -34.2136 -46.3207 
-48 -105.687 -27 22 -63.9329 -69.4007 -31.5992 -48.3544 
-38 -114.63 -26 21 -51.9982 -55.302 -27.3505 -43.6893 
-50 -104.807 -25 21 -63.9354 -63.252 -29.4908 -46.6445 
-48 -108.169 -28 22 -67.7736 -66.317 -32.5332 -44.8004 
-55 -104.696 -28 22 -64.0021 -69.823 -34.0306 -48.3865 
-42 -110.645 -25 21 -52.1069 -57.3185 -28.306 -46.6772 
-46 -112.346 -28 23 -57.2948 -59.2416 -32.1545 -44.5964 
-56 -104.026 -27 23 -65.2826 -68.2587 -32.4052 -48.1178 
-48 -109.899 -26 21 -52.3245 -56.4907 -31.5735 -46.3585 
-50 -113.2 -30 22 -55.4827 -59.5557 -35.5322 -44.5198 
-40 -114.074 -28 22 -56.2751 -61.7127 -29.9775 -44.594 
-38 -114.021 -25 21 -51.8359 -55.302 -25.5845 -43.6839 
-45 -112.407 -28 22 -55.852 -60.8058 -32.0139 -44.8598 
-55 -104.087 -27 22 -63.8398 -69.823 -32.2647 -48.3811 
-54 -103.009 -28 22 -63.653 -67.8477 -32.3316 -53.6607 
-48 -107.583 -29 22 -63.4152 -69.4007 -34.2815 -48.3652 
-46 -111.737 -27 23 -57.1325 -59.2416 -30.3885 -44.591 
-48 -110.371 -30 23 -65.9896 -67.1233 -33.414 -45.7506 
-54 -103.619 -29 22 -63.8153 -67.8477 -34.0976 -53.6661 
-50 -112.59 -29 22 -55.3204 -59.5557 -33.7663 -44.5144 
-48 -109.762 -29 23 -65.8274 -67.1233 -31.648 -45.7452 
-40 -114.683 -29 22 -56.4374 -61.7127 -31.7435 -44.5994 
-48 -110.509 -27 21 -52.4867 -56.4907 -33.3395 -46.3639 
-42 -111.255 -26 21 -52.2691 -57.3185 -30.072 -46.6826 
-45 -111.798 -27 22 -55.6897 -60.8058 -30.2479 -44.8544 
-48 -106.974 -28 22 -63.2529 -69.4007 -32.5155 -48.3598 
FEATURES_TXT_END_0
FEATURES_TXT_BEGIN_0 44 100 8 Distortion0_0 LM0_0 WordPenalty0_0 PhrasePenalty0_0 TranslationModel0_0 TranslationModel0_1 TranslationModel0_2 TranslationModel0_3 
-74 -203.228 -51 43 -111.435 -140.397 -60.524 -106.938 
-74 -200.533 -52 43 -114.642 -138.538 -64.3112 -111.112 
-86 -204.811 -53 44 -106.594 -135.084 -61.8792 -107.076 
-86 -202.116 -54 44 -109.801 -133.226 -65.6665 -111.249 
-74 -203.07 -52 43 -110.63 -140.627 -62.4848 -108.913 
-86 -204.653 -54 44 -105.789 -135.315 -63.84 -109.05 
-70 -204.062 -51 43 -112.325 -140.078 -60.5964 -107.015 
-70 -201.367 -52 43 -115.533 -138.22 -64.3836 -111.189 
-82 -205.645 -53 44 -107.484 -134.766 -61.9516 -107.153 
-82 -202.95 -54 44 -110.692 -132.907 -65.7388 -111.326 
-62 -199.916 -49 42 -107.957 -132.328 -64.2801 -114.675 
-70 -203.904 -52 43 -111.521 -140.309 -62.5571 -108.989 
-74 -201.498 -51 43 -103.117 -127.016 -65.6353 -114.813 
-82 -205.487 -54 44 -106.68 -134.997 -63.9123 -109.127 
-72 -205.742 -52 43 -109.463 -140.189 -58.0632 -108.4 
-72 -203.046 -53 43 -112.67 -138.33 -61.8504 -112.574 
-84 -207.324 -54 44 -104.622 -134.876 -59.4184 -108.538 
-84 -204.629 -55 44 -107.829 -133.018 -63.2057 -112.711 
-72 -205.584 -53 43 -108.658 -140.419 -60.024 -110.374 
-84 -207.166 -55 44 -103.817 -135.107 -61.3792 -110.512 
-74 -200.572 -51 43 -119.069 -145.166 -63.9954 -106.616 
-86 -202.154 -53 44 -114.228 -139.854 -65.3506 -106.753 
-68 -206.576 -52 43 -110.353 -139.87 -58.1356 -108.477 
-74 -207.419 -52 43 -107.078 -136.278 -60.524 -105.651 
-68 -203.88 -53 43 -113.561 -138.011 -61.9228 -112.65 
-74 -204.723 -53 43 -110.285 -134.42 -64.3112 -109.824 
-74 -204.061 -53 43 -111.667 -140.205 -64.9122 -108.891 
-80 -208.158 -54 44 -105.512 -134.558 -59.4908 -108.614 
-80 -205.463 -55 44 -108.72 -132.699 -63.278 -112.788 
-70 -204.659 -52 44 -112.563 -137.708 -63.4681 -108.502 
-86 -205.644 -55 44 -106.826 -134.893 -66.2674 -109.029 
-70 -202.152 -50 42 -117.071 -141.42 -61.3816 -105.875 
-72 -199.961 -51 43 -113.283 -142.381 -64.7124 -111.733 
-70 -205.293 -52 44 -112.778 -140.884 -60.8407 -107.96 
-60 -202.429 -50 42 -105.985 -132.12 -61.8193 -116.137 
-82 -206.241 -54 45 -107.722 -132.396 -64.8234 -108.639 
-70 -202.597 -53 44 -115.985 -139.026 -64.6279 -112.133 
-68 -206.418 -53 43 -109.549 -140.101 -60.0963 -110.451 
-74 -207.261 -53 43 -106.273 -136.509 -62.4848 -107.625 
-82 -203.734 -52 43 -112.23 -136.107 -62.7369 -106.013 
-84 -201.543 -53 44 -108.442 -137.069 -66.0676 -111.87 
-82 -206.875 -54 45 -107.937 -135.572 -62.1959 -108.097 
-72 -204.012 -52 43 -101.145 -126.808 -63.1745 -116.275 
-82 -204.18 -55 45 -111.144 -133.714 -65.9831 -112.271 
-80 -208 -55 44 -104.708 -134.789 -61.4515 -110.589 
-62 -201.176 -50 42 -107.665 -132.328 -66.226 -114.681 
-72 -199.803 -52 43 -112.478 -142.612 -66.6732 -113.707 
-70 -201.406 -51 43 -119.959 -144.847 -64.0677 -106.692 
-70 -205.135 -53 44 -111.973 -141.115 -62.8015 -109.934 
-74 -202.759 -52 43 -102.824 -127.016 -67.5812 -114.818 
-84 -201.385 -54 44 -107.637 -137.3 -68.0284 -113.845 
-82 -202.988 -53 44 -115.118 -139.535 -65.4229 -106.83 
-82 -206.717 -55 45 -107.132 -135.803 -64.1567 -110.072 
-70 -208.253 -52 43 -107.969 -135.96 -60.5964 -105.728 
-70 -205.557 -53 43 -111.176 -134.101 -64.3836 -109.901 
-70 -204.819 -49 42 -104.848 -131.091 -58.1616 -108.598 
-70 -204.895 -53 43 -112.557 -139.886 -64.9845 -108.968 
-82 -206.402 -51 43 -100.007 -125.779 -59.5168 -108.736 
-66 -205.493 -52 44 -113.454 -137.389 -63.5405 -108.579 
-82 -206.478 -55 44 -107.717 -134.574 -66.3397 -109.106 
-66 -202.986 -50 42 -117.961 -141.101 -61.454 -105.952 
-68 -200.795 -51 43 -114.173 -142.062 -64.7847 -111.81 
-70 -204.696 -53 44 -111.759 -137.938 -65.4289 -110.476 
-78 -207.075 -54 45 -108.613 -132.077 -64.8957 -108.716 
-62 -204.106 -50 42 -103.601 -128.21 -64.2801 -113.388 
-74 -203.519 -50 43 -111.727 -140.397 -58.5781 -106.933 
-70 -202.183 -51 42 -116.266 -141.65 -63.3424 -107.85 
-62 -201.213 -48 41 -112.27 -136.908 -60.4578 -109.867 
-74 -200.823 -51 43 -114.935 -138.538 -62.3653 -111.106 
-70 -208.095 -53 43 -107.164 -136.19 -62.5571 -107.702 
-78 -204.568 -52 43 -113.12 -135.789 -62.8092 -106.09 
-74 -206.064 -52 43 -110.41 -140.039 -61.2172 -106.056 
-80 -202.377 -53 44 -109.333 -136.75 -66.14 -111.947 
-74 -203.368 -53 43 -113.618 -138.18 -65.0044 -110.23 
-82 -206.279 -55 45 -106.918 -132.626 -66.7841 -110.614 
-86 -205.101 -52 44 -106.886 -135.084 -59.9333 -107.07 
-82 -203.765 -53 43 -111.425 -136.338 -64.6976 -107.987 
-74 -202.795 -50 42 -107.429 -131.596 -61.813 -110.005 
-86 -202.406 -53 44 -110.094 -133.226 -63.7206 -111.244 
-72 -203.085 -52 43 -117.097 -144.958 -61.5346 -108.077 
-74 -204.721 -51 43 -112.328 -140.039 -60.1186 -106.051 
-62 -207.502 -52 43 -111.597 -140.397 -62.29 -106.943 
-74 -202.026 -52 43 -115.535 -138.18 -63.9058 -110.224 
-84 -202.753 -51 43 -111.699 -139.782 -61.4922 -105.466 
-68 -200.637 -52 43 -113.369 -142.293 -66.7455 -113.784 
-62 -204.807 -53 43 -114.804 -138.538 -66.0772 -111.117 
-84 -200.058 -52 43 -114.907 -137.924 -65.2794 -109.64 
-84 -204.668 -54 44 -112.256 -139.646 -62.8898 -108.215 
-74 -209.085 -54 44 -106.756 -135.084 -63.6452 -107.081 
-74 -205.906 -53 43 -109.606 -140.27 -63.178 -108.031 
-80 -202.219 -54 44 -108.528 -136.981 -68.1007 -113.922 
-74 -206.389 -55 44 -109.964 -133.226 -67.4324 -111.255 
-64 -200.778 -50 42 -110.696 -134.706 -65.3685 -113.745 
-74 -204.563 -52 43 -111.523 -140.27 -62.0793 -108.025 
-62 -207.344 -53 43 -110.792 -140.627 -64.2508 -108.918 
-84 -202.595 -52 43 -110.895 -140.013 -63.4529 -107.441 
-70 -205.682 -53 44 -112.531 -137.708 -65.6447 -108.507 
-76 -202.36 -52 43 -105.855 -129.394 -66.7238 -113.882 
-72 -209.932 -53 43 -105.106 -136.07 -58.0632 -107.113 
-74 -208.927 -55 44 -105.952 -135.315 -65.606 -109.056 
FEATURES_TXT_END_0
FEATURES_TXT_BEGIN_0 45 100 8 Distortion0_0 LM0_0 WordPenalty0_0 PhrasePenalty0_0 TranslationModel0_0 TranslationModel0_1 TranslationModel0_2 TranslationModel0_3 
-64 -159.561 -43 36 -96.0738 -120.01 -57.3604 -101.547 
-74 -157.772 -44 38 -102.571 -121.639 -59.9955 -99.9492 
-66 -158.325 -43 38 -104.247 -123.452 -57.9285 -99.9333 
-66 -159.187 -43 38 -103.022 -122.375 -58.0027 -99.3854 
-60 -160.089 -43 36 -98.1333 -120.964 -57.8304 -101.783 
-80 -144.347 -42 38 -120.875 -137.367 -65.7127 -103.962 
-71 -158.825 -44 38 -102.571 -121.639 -59.9955 -99.9492 
-64 -158.28 -44 36 -96.3954 -120.701 -57.1205 -107.225 
-64 -159.555 -43 37 -97.449 -122.057 -58.2632 -101.859 
-80 -143.782 -41 38 -120.713 -137.367 -63.9467 -103.957 
-80 -144.718 -42 38 -118.921 -137.406 -63.8391 -105.354 
-66 -158.337 -43 38 -104.396 -123.285 -58.1988 -100.523 
-66 -158.96 -43 37 -101.92 -119.676 -60.8838 -99.4168 
-70 -158.3 -44 38 -104.631 -122.593 -60.4655 -100.186 
-80 -145.208 -42 38 -119.651 -136.29 -65.7868 -103.414 
-64 -160.849 -43 36 -95.8264 -117.963 -57.3749 -101.235 
-66 -159.959 -43 36 -96.5054 -118.532 -60.2346 -100.228 
-80 -145.032 -42 38 -120.628 -135.32 -65.7272 -103.65 
-80 -144.154 -41 38 -118.759 -137.406 -62.0732 -105.349 
-74 -156.49 -45 38 -102.893 -122.33 -59.7556 -105.627 
-62 -159.709 -43 38 -104.247 -123.452 -57.9285 -99.9333 
-80 -144.644 -41 38 -119.489 -136.29 -64.0208 -103.409 
-80 -145.58 -42 38 -117.697 -136.328 -63.9132 -104.807 
-58 -151.789 -41 33 -107.108 -133.78 -62.5917 -103.221 
-62 -158.853 -43 38 -106.306 -124.406 -58.3985 -100.17 
-66 -159.198 -43 38 -103.172 -122.208 -58.2729 -99.9747 
-74 -157.766 -44 39 -103.947 -123.686 -60.8983 -100.261 
-64 -159.269 -44 36 -98.4765 -122.482 -60.9695 -102.616 
-80 -144.468 -41 38 -120.466 -135.32 -63.9613 -103.645 
-78 -151.072 -44 39 -112.25 -132.311 -60.3333 -105.758 
-80 -145.404 -42 38 -118.674 -135.359 -63.8537 -105.042 
-58 -153.201 -40 33 -107.286 -132.297 -58.0699 -101.088 
-80 -145.894 -42 38 -119.403 -134.243 -65.8013 -103.102 
-80 -145.016 -41 38 -117.535 -136.328 -62.1473 -104.801 
-76 -157.171 -44 39 -108.417 -121.305 -63.5189 -97.8194 
-66 -157.043 -44 38 -104.568 -124.143 -57.6886 -105.611 
-58 -151.225 -40 33 -106.945 -133.78 -60.8257 -103.216 
-58 -152.161 -41 33 -105.154 -133.819 -60.7181 -104.613 
-64 -160.68 -43 36 -98.6551 -120.999 -56.4478 -100.483 
-74 -159.06 -44 38 -102.324 -119.592 -60.01 -99.6371 
-66 -159.606 -44 38 -104.233 -123.452 -60.1798 -99.9387 
-76 -158.17 -44 38 -103.003 -120.162 -62.8697 -98.6303 
-66 -158.318 -43 39 -105.622 -125.499 -58.8313 -100.245 
-58 -152.851 -41 34 -109.294 -133.922 -61.8776 -101.379 
-62 -159.714 -43 38 -105.082 -123.329 -58.4727 -99.6218 
-78 -150.507 -43 39 -112.088 -132.311 -58.5673 -105.752 
-80 -144.839 -41 38 -118.511 -135.359 -62.0877 -105.037 
-80 -148.631 -44 39 -111.957 -134.754 -65.3382 -106.762 
-58 -152.637 -39 33 -107.124 -132.297 -56.3039 -101.083 
-64 -159.652 -43 36 -96.1465 -120.332 -58.55 -102.739 
-64 -160.331 -44 37 -100.662 -122.624 -60.2554 -100.774 
-58 -153.572 -40 33 -105.332 -132.336 -56.1963 -102.48 
-76 -150.128 -44 39 -114.829 -130.08 -67.6241 -104.058 
-80 -145.33 -41 38 -119.241 -134.243 -64.0354 -103.097 
-78 -151.933 -44 39 -111.026 -131.234 -60.4074 -105.21 
-80 -146.265 -42 38 -117.449 -134.281 -63.9278 -104.494 
-58 -151.597 -40 33 -104.991 -133.819 -58.9521 -104.608 
-68 -150 -42 35 -113.605 -135.41 -65.2268 -101.624 
-68 -157.724 -43 39 -110.093 -123.118 -61.4519 -97.8034 
-66 -159.612 -43 38 -103.999 -121.405 -57.9431 -99.6211 
-66 -157.905 -44 38 -103.344 -123.066 -57.7627 -105.064 
-58 -152.287 -40 34 -109.131 -133.922 -60.1116 -101.374 
-76 -145.731 -42 38 -120.875 -137.367 -65.7127 -103.962 
-58 -153.223 -41 34 -107.34 -133.96 -60.004 -102.771 
-74 -157.479 -45 38 -104.974 -124.112 -63.6047 -101.019 
-68 -158.723 -43 38 -104.678 -121.974 -60.8027 -98.6144 
-78 -151.757 -44 39 -112.002 -130.264 -60.3478 -105.445 
-66 -160.468 -44 38 -103.008 -122.375 -60.2539 -99.3909 
-80 -145.325 -42 38 -120.726 -137.534 -65.4424 -103.373 
-80 -148.067 -43 39 -111.795 -134.754 -63.5722 -106.757 
-58 -152.267 -41 33 -107.801 -132.811 -62.5917 -102.769 
-60 -160.871 -42 36 -96.0283 -117.24 -57.1373 -101.441 
-67 -159.353 -44 38 -104.631 -122.593 -60.4655 -100.186 
-78 -150.364 -43 38 -112.684 -132.422 -60.7827 -104.314 
-58 -153.008 -39 33 -105.17 -132.336 -54.4303 -102.475 
-66 -159.18 -43 39 -104.398 -124.422 -58.9054 -99.6976 
-68 -151.411 -41 35 -113.784 -133.927 -60.705 -99.4908 
-60 -158.807 -44 36 -98.4549 -121.655 -57.5905 -107.461 
-76 -150.5 -44 39 -112.875 -130.118 -65.7505 -105.45 
-78 -151.369 -43 39 -110.863 -131.234 -58.6414 -105.204 
-80 -145.701 -41 38 -117.287 -134.281 -62.1618 -104.489 
-64 -159.747 -44 36 -99.1696 -121.513 -60.9695 -102.165 
-56 -158.515 -43 34 -98.4823 -128.724 -57.2123 -105.017 
-80 -149.493 -44 39 -110.733 -133.677 -65.4123 -106.214 
-68 -149.436 -41 35 -113.443 -135.41 -63.4608 -101.618 
-68 -150.371 -42 35 -111.651 -135.448 -63.3532 -103.016 
-74 -158.891 -44 38 -105.153 -122.629 -59.0829 -98.886 
-76 -150.99 -44 39 -113.604 -129.003 -67.6982 -103.51 
-60 -160.083 -43 37 -99.5086 -123.011 -58.7332 -102.095 
-60 -150.553 -41 35 -115.281 -137.223 -63.1598 -101.608 
-76 -145.167 -41 38 -120.713 -137.367 -63.9467 -103.957 
-58 -152.658 -40 34 -107.177 -133.96 -58.238 -102.766 
-62 -159.769 -42 36 -96.5064 -120.249 -55.7955 -102.69 
-76 -146.102 -42 38 -118.921 -137.406 -63.8391 -105.354 
-68 -158.585 -43 39 -108.868 -122.041 -61.526 -97.2556 
-68 -151.062 -42 36 -115.791 -135.552 -64.5127 -99.7816 
-78 -151.193 -43 39 -111.84 -130.264 -58.5818 -105.44 
-64 -162.048 -46 37 -94.9085 -120.685 -61.5879 -104.84 
-64 -159.582 -43 36 -99.3271 -120.01 -59.1264 -101.547 
-80 -144.76 -41 38 -120.564 -137.534 -63.6765 -103.368 
FEATURES_TXT_END_0
FEATURES_TXT_BEGIN_0 46 97 8 Distortion0_0 LM0_0 WordPenalty0_0 PhrasePenalty0_0 TranslationModel0_0 TranslationModel0_1 TranslationModel0_2 TranslationModel0_3 
-44 -186.241 -34 31 -73.9567 -75.2028 -28.9002 -66.4553 
-44 -186.771 -34 31 -74.3912 -75.1635 -28.1464 -65.8495 
-44 -185.206 -33 31 -76.4884 -76.362 -27.6071 -66.0745 
-56 -184.168 -34 31 -79.4559 -74.6286 -30.3196 -63.3513 
-44 -185.736 -33 31 -76.923 -76.3227 -26.8533 -65.4688 
-54 -184.833 -34 31 -79.4559 -74.6286 -30.3196 -63.3513 
-54 -185.363 -34 31 -79.8904 -74.5893 -29.5659 -62.7456 
-60 -182.798 -35 33 -75.1089 -76.6047 -32.58 -68.6599 
-56 -183.133 -33 31 -81.9877 -75.7878 -29.0265 -62.9705 
-44 -185.403 -33 30 -77.2435 -74.3965 -28.9753 -65.5104 
-44 -186.948 -34 31 -75.0858 -75.5786 -29.4035 -65.9516 
-60 -183.328 -35 33 -75.5434 -76.5654 -31.8262 -68.0542 
-60 -185.945 -35 32 -76.6036 -75.3956 -29.4907 -63.6904 
-44 -185.933 -33 30 -77.6781 -74.3572 -28.2215 -64.9047 
-48 -186.449 -35 33 -75.405 -75.8986 -30.8454 -67.7755 
-44 -187.478 -34 31 -75.5204 -75.5393 -28.6498 -65.3458 
-62 -183.923 -34 31 -79.8904 -74.5893 -29.5659 -62.7456 
-60 -183.911 -34 31 -79.4559 -74.6286 -30.3196 -63.3513 
-52 -187.081 -34 32 -79.1354 -76.5548 -28.1976 -63.3097 
-48 -186.979 -35 33 -75.8396 -75.8593 -30.0916 -67.1698 
-54 -183.798 -33 31 -81.9877 -75.7878 -29.0265 -62.9705 
-44 -186.439 -34 31 -76.8939 -76.6851 -30.3015 -65.8823 
-54 -184.328 -33 31 -82.4222 -75.7485 -28.2728 -62.3648 
-56 -185.324 -34 31 -79.8905 -74.5893 -29.5659 -62.7456 
-60 -181.763 -34 33 -77.6407 -77.7639 -31.2869 -68.2791 
-60 -184.527 -34 31 -79.8904 -74.5893 -29.5659 -62.7456 
-60 -184.106 -34 31 -79.4559 -74.6286 -30.3196 -63.3513 
-44 -184.368 -32 30 -79.7753 -75.5557 -27.6822 -65.1297 
-44 -185.913 -33 31 -77.6176 -76.7378 -28.1104 -65.5708 
-44 -186.968 -34 31 -77.3285 -76.6458 -29.5477 -65.2765 
-44 -184.882 -34 31 -75.6427 -77.2262 -31.2095 -68.9483 
-60 -182.293 -34 33 -78.0752 -77.7246 -30.5331 -67.6734 
-60 -184.91 -34 32 -79.1354 -76.5548 -28.1976 -63.3097 
-48 -187.633 -34 31 -75.1559 -75.1671 -28.207 -64.5835 
-52 -187.586 -35 32 -76.1691 -75.4349 -30.2445 -64.2961 
-44 -184.898 -32 30 -80.2099 -75.5164 -26.9284 -64.5239 
-48 -185.414 -34 33 -77.9368 -77.0578 -29.5523 -67.3947 
-56 -184.875 -34 31 -80.5851 -75.0044 -30.823 -62.8476 
-44 -186.443 -33 31 -78.0522 -76.6985 -27.3567 -64.9651 
-48 -185.85 -35 33 -78.3423 -77.3809 -32.2467 -67.2025 
-42 -187.128 -35 33 -75.1089 -76.6047 -32.58 -68.6599 
-60 -185.972 -35 32 -76.1691 -75.4349 -30.2445 -64.2961 
-44 -185.412 -34 31 -76.0773 -77.1869 -30.4557 -68.3426 
-48 -188.163 -34 31 -75.5904 -75.1279 -27.4532 -63.9777 
-52 -188.116 -35 32 -76.6036 -75.3956 -29.4907 -63.6904 
-62 -182.887 -33 31 -82.4222 -75.7485 -28.2728 -62.3648 
-60 -182.876 -33 31 -81.9877 -75.7878 -29.0265 -62.9705 
-42 -188.948 -35 33 -75.8396 -75.8593 -30.0916 -67.1698 
-44 -187.898 -35 31 -73.4185 -75.2329 -27.4783 -69.26 
-60 -184.376 -35 33 -80.9043 -75.3244 -32.2649 -64.6716 
-48 -185.943 -34 33 -78.3714 -77.0185 -28.7985 -66.789 
-48 -186.38 -35 33 -78.7768 -77.3416 -31.493 -66.5968 
-42 -187.658 -35 33 -75.5434 -76.5654 -31.8262 -68.0542 
-62 -183.95 -34 31 -79.4559 -74.6286 -30.3196 -63.3513 
-44 -186.973 -34 31 -75.8726 -76.8114 -27.5549 -67.3574 
-52 -185.174 -35 33 -75.1089 -76.6047 -32.58 -68.6599 
-44 -185.931 -34 31 -75.9751 -77.4288 -28.2481 -68.7788 
-44 -188.428 -35 31 -73.853 -75.1936 -26.7245 -68.6542 
-44 -185.403 -33 31 -79.4257 -77.8443 -29.0084 -65.5015 
-56 -184.289 -33 31 -82.4222 -75.7485 -28.2728 -62.3648 
-42 -186.465 -34 31 -74.4674 -75.7984 -32.0782 -67.7151 
-48 -188.593 -36 30 -67.8156 -75.5354 -29.335 -70.0121 
-42 -187.465 -34 31 -74.7636 -75.0923 -30.3436 -66.8307 
-44 -187.503 -34 31 -76.3071 -76.7721 -26.8012 -66.7516 
-60 -183.491 -33 31 -82.4222 -75.7485 -28.2728 -62.3648 
-52 -186.177 -34 31 -73.9567 -75.2028 -28.9002 -66.4553 
-52 -185.704 -35 33 -75.5434 -76.5654 -31.8262 -68.0542 
-46 -186.627 -34 32 -77.8343 -76.5834 -29.2114 -66.2108 
-54 -185.54 -34 31 -80.5851 -75.0044 -30.823 -62.8476 
-60 -183.071 -33 31 -81.9877 -75.7878 -29.0265 -62.9705 
-44 -186.46 -34 31 -76.4096 -77.3895 -27.4943 -68.173 
-56 -185.346 -34 31 -79.4559 -74.6286 -30.3196 -63.3513 
-56 -184.365 -34 31 -82.3932 -76.1109 -31.721 -62.7783 
-44 -185.933 -33 31 -79.8603 -77.805 -28.2546 -64.8958 
-42 -186.994 -34 31 -74.902 -75.7591 -31.3244 -67.1093 
-52 -186.241 -34 31 -73.9567 -75.2028 -28.9002 -66.4553 
-48 -186.598 -33 31 -77.6877 -76.3264 -26.9139 -64.2027 
-42 -187.995 -34 31 -75.1981 -75.053 -29.5898 -66.2249 
-42 -188.418 -35 33 -75.4051 -75.8986 -30.8454 -67.7755 
-52 -186.551 -34 32 -78.7008 -76.5941 -28.9514 -63.9154 
-58 -185.041 -35 33 -80.9043 -75.3244 -32.2649 -64.6716 
-52 -186.707 -34 31 -74.3912 -75.1635 -28.1464 -65.8495 
-57 -184.482 -34 31 -75.6661 -76.362 -30.2812 -66.0799 
-46 -187.157 -34 32 -78.2689 -76.5441 -28.4576 -65.605 
-54 -186.07 -34 31 -81.0196 -74.9651 -30.0692 -62.2419 
-50 -186.671 -34 31 -79.4559 -74.6286 -30.3196 -63.3513 
-54 -185.198 -34 31 -83.076 -75.949 -31.0228 -62.2341 
-56 -185.876 -34 31 -79.8904 -74.5893 -29.5659 -62.7456 
-56 -183.839 -33 31 -83.1168 -76.1636 -29.5299 -62.4668 
-48 -184.815 -34 33 -80.8741 -78.5401 -30.9536 -66.8217 
-42 -186.093 -34 33 -77.6407 -77.7639 -31.2869 -68.2791 
-56 -182.809 -34 31 -81.142 -76.652 -32.6289 -65.8443 
-60 -184.937 -34 32 -78.7008 -76.5941 -28.9514 -63.9154 
-52 -186.771 -34 31 -74.3912 -75.1635 -28.1464 -65.8495 
-60 -185.067 -34 31 -79.8904 -74.5893 -29.5659 -62.7456 
-48 -187.128 -33 31 -78.1222 -76.2871 -26.1601 -63.597 
-44 -186.11 -33 30 -78.3727 -74.7723 -29.4787 -65.0067 
FEATURES_TXT_END_0
FEATURES_TXT_BEGIN_0 47 68 8 Distortion0_0 LM0_0 WordPenalty0_0 PhrasePenalty0_0 TranslationModel0_0 TranslationModel0_1 TranslationModel0_2 TranslationModel0_3 
-75 -224.578 -59 48 -129.986 -154.681 -73.626 -126.46 
-75 -225.187 -60 48 -130.292 -154.681 -75.535 -126.465 
-81 -229.983 -59 48 -123.432 -146.726 -70.5963 -120.783 
-81 -230.592 -60 48 -123.737 -146.726 -72.5053 -120.789 
-77 -225.172 -60 49 -131.347 -154.452 -74.808 -127.307 
-77 -225.782 -61 49 -131.652 -154.452 -76.717 -127.312 
-87 -225.361 -61 49 -123.396 -148.732 -78.519 -128.34 
-87 -225.97 -62 49 -123.701 -148.732 -80.428 -128.346 
-83 -230.578 -60 49 -124.792 -146.497 -71.7783 -121.631 
-83 -231.187 -61 49 -125.098 -146.497 -73.6874 -121.636 
-93 -230.766 -61 49 -116.841 -140.777 -75.4893 -122.664 
-93 -231.375 -62 49 -117.147 -140.777 -77.3983 -122.669 
-75 -224.795 -60 49 -128.869 -156.483 -76.5095 -129.134 
-75 -225.405 -61 49 -129.174 -156.483 -78.4185 -129.14 
-75 -223.865 -58 48 -135.438 -157.377 -73.626 -124.161 
-87 -224.926 -60 49 -123.321 -148.732 -76.8683 -128.335 
-75 -224.474 -59 48 -135.743 -157.377 -75.535 -124.166 
-87 -225.535 -61 49 -123.626 -148.732 -78.7773 -128.34 
-75 -225.223 -59 48 -133.151 -157.377 -75.3979 -124.166 
-75 -225.833 -60 48 -133.456 -157.377 -77.307 -124.171 
-75 -224.996 -58 48 -130.011 -154.681 -71.4859 -126.454 
-75 -225.605 -59 48 -130.316 -154.681 -73.3949 -126.46 
-79 -224.914 -58 48 -129.503 -155.712 -68.0519 -126.872 
-79 -225.523 -59 48 -129.809 -155.712 -69.9609 -126.877 
-75 -224.968 -59 49 -130.962 -156.728 -74.7177 -126.772 
-75 -223.592 -58 47 -126.456 -152.631 -72.3877 -130.237 
-75 -225.577 -60 49 -131.267 -156.728 -76.6267 -126.777 
-75 -224.202 -59 47 -126.761 -152.631 -74.2967 -130.242 
-81 -228.027 -59 49 -125.296 -150.799 -73.8144 -123.2 
-81 -230.201 -60 49 -122.314 -148.528 -73.4798 -123.458 
-81 -228.636 -60 49 -125.601 -150.799 -75.7234 -123.205 
-81 -230.81 -61 49 -122.62 -148.528 -75.3888 -123.464 
-81 -229.27 -58 48 -128.883 -149.422 -70.5963 -118.484 
-81 -228.731 -59 48 -124.32 -148.752 -72.7227 -122.888 
-93 -230.331 -60 49 -116.766 -140.777 -73.8386 -122.658 
-81 -229.879 -59 48 -129.189 -149.422 -72.5053 -118.49 
-81 -229.34 -60 48 -124.625 -148.752 -74.6317 -122.893 
-93 -230.94 -61 49 -117.072 -140.777 -75.7476 -122.664 
-73 -224.804 -59 47 -132.666 -154.811 -73.7434 -127.149 
-81 -230.629 -59 48 -126.597 -149.422 -72.3682 -118.49 
-81 -231.238 -60 48 -126.902 -149.422 -74.2773 -118.495 
-76 -225.579 -59 48 -129.986 -154.681 -73.626 -126.46 
-81 -230.401 -58 48 -123.456 -146.726 -68.4562 -120.778 
-76 -226.188 -60 48 -130.292 -154.681 -75.535 -126.465 
-81 -231.01 -59 48 -123.762 -146.726 -70.3652 -120.783 
-85 -230.319 -58 48 -122.949 -147.757 -65.0222 -121.195 
-85 -230.928 -59 48 -123.254 -147.757 -66.9312 -121.201 
-81 -230.373 -59 49 -124.408 -148.773 -71.688 -121.096 
-81 -228.998 -58 47 -119.902 -144.676 -69.358 -124.561 
-81 -230.982 -60 49 -124.713 -148.773 -73.5971 -121.101 
-81 -229.607 -59 47 -120.207 -144.676 -71.2671 -124.566 
-79 -230.209 -59 47 -126.112 -146.856 -70.7137 -121.473 
-75 -226.098 -58 48 -129.472 -153.581 -70.0996 -126.272 
-82 -230.984 -59 48 -123.432 -146.726 -70.5963 -120.783 
-75 -226.707 -59 48 -129.777 -153.581 -72.0086 -126.277 
-82 -231.593 -60 48 -123.737 -146.726 -72.5053 -120.789 
-77 -225.39 -61 50 -130.229 -156.253 -77.6915 -129.982 
-77 -225.999 -62 50 -130.534 -156.253 -79.6006 -129.987 
-76 -226.906 -59 48 -127.328 -152.104 -73.5206 -126.485 
-77 -224.459 -59 49 -136.798 -157.148 -74.808 -125.008 
-76 -227.516 -60 48 -127.634 -152.104 -75.4296 -126.49 
-81 -231.503 -58 48 -122.917 -145.626 -67.0699 -120.596 
-77 -225.069 -60 49 -137.103 -157.148 -76.717 -125.013 
-76 -226.394 -61 49 -129.785 -151.245 -79.046 -128.636 
-87 -224.648 -60 49 -128.847 -151.428 -78.519 -126.041 
-81 -232.112 -59 48 -123.223 -145.626 -68.9789 -120.601 
-76 -227.003 -62 49 -130.09 -151.245 -80.9551 -128.641 
-87 -225.257 -61 49 -129.152 -151.428 -80.428 -126.046 
FEATURES_TXT_END_0
FEATURES_TXT_BEGIN_0 48 100 8 Distortion0_0 LM0_0 WordPenalty0_0 PhrasePenalty0_0 TranslationModel0_0 TranslationModel0_1 TranslationModel0_2 TranslationModel0_3 
-41 -122.859 -23 21 -37.9133 -48.795 -28.714 -42.7995 
-41 -123.519 -24 22 -38.7696 -49.6013 -28.7477 -43.7443 
-41 -122.25 -22 21 -37.7511 -48.795 -26.948 -42.7941 
-41 -122.909 -23 22 -38.6074 -49.6013 -26.9817 -43.7389 
-43 -122.859 -23 21 -37.9133 -48.795 -28.714 -42.7995 
-43 -123.519 -24 22 -38.7696 -49.6013 -28.7477 -43.7443 
-43 -122.25 -22 21 -37.7511 -48.795 -26.948 -42.7941 
-43 -122.909 -23 22 -38.6074 -49.6013 -26.9817 -43.7389 
-35 -125.121 -23 21 -38.1866 -48.795 -28.25 -42.7995 
-35 -125.781 -24 22 -39.0429 -49.6013 -28.2837 -43.7443 
-35 -124.512 -22 21 -38.0243 -48.795 -26.484 -42.7941 
-35 -125.172 -23 22 -38.8806 -49.6013 -26.5178 -43.7389 
-41 -124.572 -24 22 -38.7696 -49.6013 -28.7477 -43.7443 
-41 -123.963 -23 22 -38.6074 -49.6013 -26.9817 -43.7389 
-35 -127.222 -24 22 -37.0706 -48.5984 -27.1383 -43.2743 
-37 -126.172 -23 21 -36.2143 -47.7921 -27.1045 -42.3295 
-37 -126.832 -24 22 -37.0706 -48.5984 -27.1383 -43.2743 
-31 -127.997 -24 21 -36.639 -47.7921 -29.1255 -42.3349 
-35 -126.612 -23 22 -36.9083 -48.5984 -25.3723 -43.2689 
-29 -127.091 -23 22 -38.1085 -48.2906 -26.3975 -43.6919 
-37 -125.563 -22 21 -36.052 -47.7921 -25.3385 -42.3241 
-37 -126.223 -23 22 -36.9083 -48.5984 -25.3723 -43.2689 
-31 -127.388 -23 21 -36.4767 -47.7921 -27.3595 -42.3295 
-29 -126.481 -22 22 -37.9462 -48.2906 -24.6315 -43.6865 
-37 -125.121 -23 21 -38.1866 -48.795 -28.25 -42.7995 
-37 -125.781 -24 22 -39.0429 -49.6013 -28.2837 -43.7443 
-35 -125.024 -22 21 -37.762 -48.795 -26.229 -42.7941 
-35 -125.684 -23 22 -38.6183 -49.6013 -26.2628 -43.7389 
-41 -124.26 -23 21 -37.9133 -48.795 -28.714 -42.7995 
-37 -124.512 -22 21 -38.0243 -48.795 -26.484 -42.7941 
-37 -125.172 -23 22 -38.8806 -49.6013 -26.5178 -43.7389 
-37 -125.193 -23 21 -38.1866 -48.795 -28.25 -42.7995 
-37 -126.92 -24 21 -36.639 -47.7921 -29.1255 -42.3349 
-37 -127.579 -25 22 -37.4952 -48.5984 -29.1592 -43.2797 
-35 -124.415 -21 21 -37.5997 -48.795 -24.4631 -42.7887 
-35 -125.075 -22 22 -38.456 -49.6013 -24.4968 -43.7335 
-41 -123.651 -22 21 -37.7511 -48.795 -26.948 -42.7941 
-43 -124.572 -24 22 -38.7696 -49.6013 -28.7477 -43.7443 
-37 -124.584 -22 21 -38.0243 -48.795 -26.484 -42.7941 
-37 -126.31 -23 21 -36.4767 -47.7921 -27.3595 -42.3295 
-37 -126.97 -24 22 -37.333 -48.5984 -27.3932 -43.2743 
-37 -125.4 -23 22 -38.6183 -49.6013 -26.2628 -43.7389 
-37 -126.475 -23 21 -36.2143 -47.7921 -27.1045 -42.3295 
-37 -127.135 -24 22 -37.0706 -48.5984 -27.1383 -43.2743 
-43 -123.963 -23 22 -38.6074 -49.6013 -26.9817 -43.7389 
-37 -124.79 -22 22 -38.456 -49.6013 -24.4968 -43.7335 
-37 -125.866 -22 21 -36.052 -47.7921 -25.3385 -42.3241 
-37 -126.525 -23 22 -36.9083 -48.5984 -25.3723 -43.2689 
-37 -127.222 -24 22 -37.0706 -48.5984 -27.1383 -43.2743 
-35 -126.675 -24 22 -38.2599 -48.2906 -28.8824 -43.6973 
-39 -126.172 -23 21 -36.2143 -47.7921 -27.1045 -42.3295 
-39 -126.832 -24 22 -37.0706 -48.5984 -27.1383 -43.2743 
-25 -129.666 -24 21 -36.639 -47.7921 -29.1255 -42.3349 
-33 -127.997 -24 21 -36.639 -47.7921 -29.1255 -42.3349 
-37 -126.612 -23 22 -36.9083 -48.5984 -25.3723 -43.2689 
-31 -127.091 -23 22 -38.1085 -48.2906 -26.3975 -43.6919 
-35 -127.056 -23 21 -36.2143 -47.7921 -27.1045 -42.3295 
-35 -126.066 -23 22 -38.0976 -48.2906 -27.1164 -43.6919 
-39 -125.563 -22 21 -36.052 -47.7921 -25.3385 -42.3241 
-39 -126.223 -23 22 -36.9083 -48.5984 -25.3723 -43.2689 
-37 -126.072 -24 22 -38.7696 -49.6013 -28.7477 -43.7443 
-25 -129.057 -23 21 -36.4767 -47.7921 -27.3595 -42.3295 
-33 -127.388 -23 21 -36.4767 -47.7921 -27.3595 -42.3295 
-31 -126.481 -22 22 -37.9462 -48.2906 -24.6315 -43.6865 
-35 -126.447 -22 21 -36.052 -47.7921 -25.3385 -42.3241 
-39 -125.121 -23 21 -38.1866 -48.795 -28.25 -42.7995 
-37 -125.463 -23 22 -38.6074 -49.6013 -26.9817 -43.7389 
-39 -125.781 -24 22 -39.0429 -49.6013 -28.2837 -43.7443 
-37 -126.739 -23 21 -36.2143 -47.7921 -27.1045 -42.3295 
-37 -127.399 -24 22 -37.0706 -48.5984 -27.1383 -43.2743 
-37 -125.024 -22 21 -37.762 -48.795 -26.229 -42.7941 
-37 -125.684 -23 22 -38.6183 -49.6013 -26.2628 -43.7389 
-43 -124.26 -23 21 -37.9133 -48.795 -28.714 -42.7995 
-39 -124.512 -22 21 -38.0243 -48.795 -26.484 -42.7941 
-39 -125.172 -23 22 -38.8806 -49.6013 -26.5178 -43.7389 
-39 -125.193 -23 21 -38.1866 -48.795 -28.25 -42.7995 
-31 -128.312 -24 21 -36.3852 -47.7921 -30.3664 -42.3349 
-39 -126.92 -24 21 -36.639 -47.7921 -29.1255 -42.3349 
-37 -126.13 -22 21 -36.052 -47.7921 -25.3385 -42.3241 
-39 -127.579 -25 22 -37.4952 -48.5984 -29.1592 -43.2797 
-37 -126.789 -23 22 -36.9083 -48.5984 -25.3723 -43.2689 
-37 -125.088 -22 21 -37.762 -48.795 -26.229 -42.7941 
-37 -124.415 -21 21 -37.5997 -48.795 -24.4631 -42.7887 
-37 -125.075 -22 22 -38.456 -49.6013 -24.4968 -43.7335 
-43 -123.651 -22 21 -37.7511 -48.795 -26.948 -42.7941 
-39 -126.419 -23 21 -36.2143 -47.7921 -27.1045 -42.3295 
-39 -124.584 -22 21 -38.0243 -48.795 -26.484 -42.7941 
-31 -127.703 -23 21 -36.2229 -47.7921 -28.6004 -42.3295 
-27 -129.497 -24 21 -36.639 -47.7921 -29.1255 -42.3349 
-39 -126.31 -23 21 -36.4767 -47.7921 -27.3595 -42.3295 
-39 -126.97 -24 22 -37.333 -48.5984 -27.3932 -43.2743 
-37 -124.479 -21 21 -37.5997 -48.795 -24.4631 -42.7887 
-39 -125.4 -23 22 -38.6183 -49.6013 -26.2628 -43.7389 
-39 -126.475 -23 21 -36.2143 -47.7921 -27.1045 -42.3295 
-39 -127.135 -24 22 -37.0706 -48.5984 -27.1383 -43.2743 
-39 -125.809 -22 21 -36.052 -47.7921 -25.3385 -42.3241 
-27 -128.888 -23 21 -36.4767 -47.7921 -27.3595 -42.3295 
-25 -129.451 -23 21 -36.2143 -47.7921 -27.1045 -42.3295 
-39 -124.79 -22 22 -38.456 -49.6013 -24.4968 -43.7335 
-39 -125.866 -22 21 -36.052 -47.7921 -25.3385 -42.3241 
FEATURES_TXT_END_0
FEATURES_TXT_BEGIN_0 49 25 8 Distortion0_0 LM0_0 WordPenalty0_0 PhrasePenalty0_0 TranslationModel0_0 TranslationModel0_1 TranslationModel0_2 TranslationModel0_3 
-34 -127.181 -38 24 -56.515 -77.6043 -42.1338 -70.2764 
-42 -123.775 -37 25 -62.7134 -77.7582 -42.6585 -69.8168 
-34 -128.63 -37 26 -59.1522 -77.0297 -42.1681 -66.715 
-40 -127.48 -37 26 -59.1522 -77.0297 -42.1681 -66.715 
-34 -127.892 -37 24 -58.5944 -78.1593 -42.1338 -67.5095 
-34 -126.991 -38 24 -57.6544 -80.3686 -43.7433 -70.9166 
-34 -127.044 -37 25 -61.0543 -78.5686 -42.564 -68.6744 
-34 -126.88 -38 24 -59.5954 -79.6647 -42.2913 -71.3129 
-34 -129.707 -37 25 -58.6048 -76.6917 -40.2189 -66.5494 
-42 -125.224 -36 27 -65.3506 -77.1836 -42.6928 -66.2554 
-48 -124.074 -36 27 -65.3506 -77.1836 -42.6928 -66.2554 
-34 -132.987 -38 24 -54.9062 -76.9283 -36.5919 -66.3891 
-42 -124.486 -36 25 -64.7928 -78.3132 -42.6585 -67.05 
-38 -132.092 -38 24 -51.6031 -74.767 -38.6031 -67.8082 
-42 -123.585 -37 25 -63.8528 -80.5225 -44.2679 -70.457 
-42 -123.638 -36 26 -67.2527 -78.7225 -43.0886 -68.2148 
-42 -123.474 -37 25 -65.7938 -79.8186 -42.816 -70.8533 
-34 -128.44 -37 26 -60.2916 -79.7939 -43.7776 -67.3552 
-42 -126.301 -36 26 -64.8032 -76.8456 -40.7436 -66.0899 
-34 -128.329 -37 26 -62.2326 -79.0901 -42.3256 -67.7515 
-40 -127.29 -37 26 -60.2916 -79.7939 -43.7776 -67.3552 
-34 -128.201 -38 24 -58.6548 -79.5328 -42.3566 -70.7964 
-40 -126.088 -39 25 -59.6828 -79.5534 -44.7216 -73.5579 
-40 -127.179 -37 26 -62.2326 -79.0901 -42.3256 -67.7515 
-34 -127.702 -37 24 -59.7338 -80.9236 -43.7433 -68.1498 
FEATURES_TXT_END_0
FEATURES_TXT_BEGIN_0 50 90 8 Distortion0_0 LM0_0 WordPenalty0_0 PhrasePenalty0_0 TranslationModel0_0 TranslationModel0_1 TranslationModel0_2 TranslationModel0_3 
-62 -196.693 -56 45 -82.7541 -110.45 -62.126 -112.341 
-62 -194.373 -55 45 -86.3693 -112.263 -63.0698 -111.902 
-60 -201.267 -55 44 -74.6179 -103.221 -57.7711 -109.736 
-60 -198.948 -54 44 -78.2331 -105.034 -58.715 -109.297 
-78 -188.506 -54 46 -87.6795 -110.498 -68.5759 -112.218 
-66 -196.037 -57 44 -83.2537 -111.838 -63.7075 -112.982 
-78 -186.186 -53 46 -91.2947 -112.311 -69.5198 -111.78 
-66 -193.717 -56 44 -86.8689 -113.651 -64.6514 -112.543 
-72 -194.823 -57 44 -83.2537 -111.838 -63.7075 -112.982 
-72 -192.503 -56 44 -86.8689 -113.651 -64.6514 -112.543 
-76 -193.081 -53 45 -79.5432 -103.269 -64.2211 -109.613 
-74 -195.443 -56 45 -82.5932 -107.978 -61.9222 -111.546 
-78 -187.378 -55 44 -88.5826 -108.485 -70.6069 -114.8 
-76 -190.761 -52 45 -83.1585 -105.082 -65.165 -109.174 
-62 -195.641 -56 46 -84.6322 -112.497 -65.415 -112.653 
-72 -193.827 -56 44 -83.7733 -112.064 -62.7823 -112.971 
-74 -193.123 -55 45 -86.2085 -109.791 -62.866 -111.108 
-78 -185.058 -54 44 -92.1979 -110.298 -71.5507 -114.361 
-62 -193.321 -55 46 -88.2474 -114.31 -66.3588 -112.214 
-72 -191.507 -55 44 -87.3885 -113.877 -63.7262 -112.533 
-62 -198.406 -57 44 -81.2634 -110.047 -60.4921 -113.562 
-82 -185.125 -55 43 -87.4055 -109.446 -75.751 -114.834 
-72 -200.018 -55 44 -74.457 -100.749 -57.5673 -108.941 
-62 -196.087 -56 44 -84.8787 -111.86 -61.436 -113.124 
-76 -191.953 -54 43 -80.4464 -101.256 -66.252 -112.195 
-64 -196.882 -56 45 -82.7541 -110.45 -62.126 -112.341 
-82 -187.85 -55 45 -88.179 -111.886 -70.1575 -112.86 
-60 -200.216 -55 45 -76.496 -105.268 -61.0601 -110.048 
-70 -198.402 -55 43 -75.6371 -104.835 -58.4275 -110.366 
-82 -182.805 -54 43 -91.0207 -111.259 -76.6948 -114.396 
-72 -197.698 -54 44 -78.0722 -102.562 -58.5112 -108.502 
-88 -183.912 -55 43 -87.4055 -109.446 -75.751 -114.834 
-76 -189.633 -53 43 -84.0616 -103.069 -67.1959 -111.756 
-64 -199.583 -56 45 -77.9578 -105.06 -60.845 -111.436 
-64 -194.562 -55 45 -86.3693 -112.263 -63.0698 -111.902 
-82 -185.53 -54 45 -91.7943 -113.699 -71.1014 -112.421 
-60 -197.896 -54 45 -80.1112 -107.081 -62.004 -109.609 
-70 -196.082 -54 43 -79.2523 -106.648 -59.3713 -109.927 
-88 -186.637 -55 45 -88.179 -111.886 -70.1575 -112.86 
-88 -181.592 -54 43 -91.0207 -111.259 -76.6948 -114.396 
-64 -197.263 -55 45 -81.5731 -106.872 -61.7889 -110.998 
-88 -184.317 -54 45 -91.7943 -113.699 -71.1014 -112.421 
-64 -196.293 -56 45 -83.2258 -111.838 -62.3491 -112.977 
-60 -202.981 -56 43 -73.1272 -102.818 -56.1373 -110.957 
-78 -184.39 -53 45 -91.9546 -111.971 -70.6406 -114.494 
-64 -193.973 -55 45 -86.841 -113.651 -63.293 -112.538 
-60 -200.661 -55 43 -76.7424 -104.631 -57.0811 -110.518 
-78 -182.07 -52 45 -95.5698 -113.783 -71.5845 -114.055 
-78 -194.787 -57 44 -83.0928 -109.366 -63.5037 -112.188 
-82 -186.722 -56 43 -89.0822 -109.873 -72.1884 -115.441 
-66 -194.985 -57 45 -85.1318 -113.885 -66.9965 -113.294 
-76 -193.171 -57 43 -84.2728 -113.452 -64.3639 -113.613 
-74 -194.273 -56 46 -84.4713 -110.025 -65.2112 -111.859 
-62 -195.09 -55 45 -86.0082 -112.096 -62.5102 -112.491 
-78 -192.467 -56 44 -86.708 -111.179 -64.4476 -111.749 
-82 -184.402 -55 43 -92.6974 -111.685 -73.1323 -115.003 
-84 -193.573 -57 44 -83.0928 -109.366 -63.5037 -112.188 
-72 -192.657 -56 45 -85.6514 -114.111 -66.0713 -113.284 
-66 -192.665 -56 45 -88.747 -115.698 -67.9404 -112.856 
-76 -190.851 -56 43 -87.8881 -115.265 -65.3078 -113.174 
-88 -185.509 -56 43 -89.0822 -109.873 -72.1884 -115.441 
-78 -196.155 -58 44 -77.9678 -108.732 -65.2368 -113.62 
-72 -193.772 -57 45 -85.1318 -113.885 -66.9965 -113.294 
-82 -191.958 -57 43 -84.2728 -113.452 -64.3639 -113.613 
-74 -191.953 -55 46 -88.0865 -111.838 -66.155 -111.42 
-84 -191.253 -56 44 -86.708 -111.179 -64.4476 -111.749 
-76 -188.965 -52 44 -83.8184 -104.742 -66.2858 -111.889 
-72 -190.337 -55 45 -89.2666 -115.924 -67.0152 -112.845 
-78 -190.22 -55 45 -86.1888 -110.095 -66.9421 -113.44 
-88 -183.189 -55 43 -92.6974 -111.685 -73.1323 -115.003 
-78 -193.835 -57 44 -81.583 -110.545 -66.1807 -113.182 
-72 -191.452 -56 45 -88.747 -115.698 -67.9404 -112.856 
-64 -197.231 -56 45 -83.0213 -111.159 -61.8968 -112.011 
-82 -189.638 -56 43 -87.8881 -115.265 -65.3078 -113.174 
-84 -194.941 -58 44 -77.9678 -108.732 -65.2368 -113.62 
-66 -197.75 -58 43 -81.763 -111.435 -62.0737 -114.204 
-76 -186.645 -51 44 -87.4336 -106.554 -67.2296 -111.45 
-78 -187.9 -54 45 -89.804 -111.908 -67.8859 -113.001 
-62 -199.987 -57 45 -79.5 -108.804 -61.7417 -112.19 
-64 -194.912 -55 45 -86.6365 -112.972 -62.8407 -111.572 
-80 -188.695 -54 46 -87.6795 -110.498 -68.5759 -112.218 
-84 -192.621 -57 44 -81.583 -110.545 -66.1807 -113.182 
-66 -195.43 -57 43 -85.3782 -113.248 -63.0176 -113.765 
-62 -197.667 -56 45 -83.1153 -110.617 -62.6856 -111.752 
-72 -196.537 -58 43 -81.763 -111.435 -62.0737 -114.204 
-80 -191.397 -54 46 -82.8832 -105.108 -67.295 -111.314 
-80 -186.375 -53 46 -91.2947 -112.311 -69.5198 -111.78 
-72 -198.847 -55 45 -76.3351 -102.796 -60.8563 -109.253 
-60 -199.665 -54 44 -77.8719 -104.867 -58.1554 -109.886 
-74 -193.734 -55 44 -85.4909 -109.375 -62.7823 -110.788 
FEATURES_TXT_END_0
FEATURES_TXT_BEGIN_0 51 100 8 Distortion0_0 LM0_0 WordPenalty0_0 PhrasePenalty0_0 TranslationModel0_0 TranslationModel0_1 TranslationModel0_2 TranslationModel0_3 
-12 -68.8795 -24 16 -41.585 -52.0651 -30.7602 -49.8845 
-12 -70.8617 -24 16 -37.7285 -46.4504 -32.577 -48.394 
-18 -64.6678 -24 16 -47.5313 -53.6147 -29.3785 -53.2085 
-18 -66.3622 -25 16 -44.5741 -51.595 -30.5345 -53.6868 
-18 -64.9846 -26 16 -42.9968 -51.8096 -31.7526 -58.7036 
-12 -72.0224 -25 16 -37.7833 -46.4504 -34.2968 -48.3994 
-18 -66.396 -24 16 -45.5148 -52.8901 -29.042 -52.0993 
-18 -64.8078 -25 17 -47.0953 -53.7869 -31.125 -55.9773 
-14 -64.0121 -24 17 -47.6567 -54.162 -34.047 -55.052 
-12 -71.6459 -24 16 -38.3163 -47.6787 -30.9675 -48.7713 
-18 -65.4827 -25 16 -44.4482 -51.6374 -31.8683 -55.9348 
-18 -65.3413 -26 16 -44.6455 -53.959 -30.1431 -58.7462 
-14 -68.3625 -24 15 -44.4468 -54.5821 -29.104 -50.4002 
-14 -63.8218 -27 17 -45.3253 -57.3298 -35.0175 -62.5296 
-14 -70.0569 -25 15 -41.4896 -52.5625 -30.26 -50.8786 
-12 -68.6753 -24 16 -44.4099 -52.991 -32.1465 -50.1133 
-12 -69.6993 -24 17 -42.6226 -52.4031 -31.5866 -50.05 
-14 -64.6033 -26 17 -44.6708 -53.7652 -35.0993 -60.1168 
-22 -69.8436 -25 16 -40.3922 -49.3708 -33.1767 -48.5121 
-14 -68.6793 -26 15 -39.9123 -52.777 -31.4781 -55.8954 
-12 -71.6816 -24 17 -38.7661 -46.7883 -33.4033 -48.5595 
-18 -65.4876 -24 17 -48.5689 -53.9527 -30.2049 -53.374 
-20 -67.1538 -23 16 -43.9577 -54.0848 -29.3133 -49.4062 
-12 -72.8066 -25 16 -38.3711 -47.6787 -32.6873 -48.7767 
-18 -67.182 -25 17 -45.6117 -51.933 -31.3608 -53.8523 
-18 -66.1085 -23 17 -46.9135 -53.2281 -27.9641 -52.2594 
-18 -66.8521 -25 17 -45.0787 -53.0623 -30.7885 -54.8682 
-14 -70.0908 -24 15 -42.4303 -53.8575 -28.7675 -49.2911 
-18 -65.8394 -25 16 -46.0969 -53.7869 -30.2589 -55.9773 
-20 -67.9688 -24 15 -40.0963 -52.1075 -29.4076 -52.1325 
-16 -70.356 -24 16 -42.5699 -51.0665 -30.347 -48.4293 
-14 -68.5025 -25 16 -44.0108 -54.7543 -30.8505 -53.1691 
-12 -70.3426 -26 16 -38.6992 -52.4094 -31.5249 -55.4222 
-16 -69.9842 -24 16 -42.4392 -51.1862 -30.8325 -49.0041 
-14 -64.3199 -26 17 -46.7767 -57.1576 -35.1332 -59.7608 
-10 -67.7068 -24 16 -44.5722 -55.1294 -33.7725 -52.2438 
-12 -72.3248 -26 16 -34.8427 -46.7947 -33.3416 -53.9317 
-20 -69.4197 -23 16 -40.1012 -48.4701 -31.1301 -47.9157 
-12 -72.8422 -25 17 -38.8209 -46.7883 -35.1231 -48.5649 
-16 -69.8012 -24 16 -42.2726 -51.5006 -30.9661 -49.4741 
-18 -67.2159 -24 17 -46.5524 -53.2281 -29.8684 -52.2648 
-22 -71.7126 -25 16 -38.3756 -48.6462 -32.8402 -47.403 
-14 -65.1014 -25 17 -46.1222 -53.593 -35.215 -57.348 
-14 -69.1775 -25 15 -41.3637 -52.6048 -31.5938 -53.1266 
-14 -69.036 -26 15 -41.561 -54.9265 -29.8687 -55.938 
-18 -67.8253 -27 16 -41.6883 -51.9394 -31.2991 -59.2245 
-20 -62.2329 -23 17 -46.8083 -55.8756 -33.2689 -56.1637 
-20 -74.1141 -25 15 -33.6755 -43.99 -29.1448 -48.4218 
-18 -66.8887 -23 16 -45.8759 -52.8901 -27.1378 -52.0939 
-20 -70.2346 -24 15 -36.2398 -46.4927 -31.2243 -50.642 
-12 -70.9304 -26 16 -38.5991 -51.6683 -31.8126 -54.9493 
-16 -72.6218 -24 16 -38.7134 -45.4517 -32.1638 -46.9388 
-10 -67.5165 -27 16 -42.2408 -58.2972 -34.743 -59.7214 
-14 -64.8319 -24 18 -48.6944 -54.5 -34.8733 -55.2175 
-12 -71.9635 -25 16 -41.6793 -51.9785 -32.2643 -49.2025 
-12 -72.9126 -26 16 -34.7426 -46.0535 -33.6293 -53.4588 
-20 -68.8821 -23 16 -42.6281 -53.3602 -28.9895 -48.297 
-16 -72.25 -24 16 -38.5827 -45.5715 -32.6493 -47.5136 
-12 -72.3838 -24 16 -38.1647 -46.3037 -33.6036 -48.4314 
-12 -73.9458 -25 16 -37.8228 -46.3638 -34.0811 -47.712 
-10 -68.298 -26 16 -41.5863 -54.7326 -34.8248 -57.3086 
-16 -72.0671 -24 16 -38.4161 -45.8859 -32.7828 -47.9836 
-12 -72.4658 -24 17 -39.3539 -48.0166 -31.7939 -48.9368 
-18 -67.7518 -25 16 -47.6256 -53.5281 -30.8826 -52.5265 
-18 -66.3026 -25 17 -45.4858 -51.9754 -32.6947 -56.1003 
-16 -72.9267 -26 16 -37.756 -46.5849 -35.5984 -49.6205 
-12 -73.4855 -27 16 -34.8975 -46.7947 -35.0614 -53.9371 
-18 -68.413 -27 16 -41.5882 -51.1982 -31.5868 -58.7516 
-20 -68.3255 -24 15 -41.745 -54.2569 -27.7981 -52.175 
-12 -73.8902 -25 16 -36.8158 -45.0816 -31.9269 -49.8506 
-18 -67.4706 -25 17 -40.3074 -52.526 -35.5789 -54.8371 
-20 -70.5803 -24 16 -40.156 -48.4701 -32.8498 -47.9211 
-30 -69.0908 -25 17 -38.0401 -47.0822 -30.3892 -52.0904 
-22 -70.3866 -26 17 -39.9561 -49.543 -34.9232 -51.281 
-16 -72.225 -24 16 -40.5533 -50.3419 -30.0106 -47.3201 
-12 -70.8407 -25 16 -40.1506 -52.2373 -31.6406 -52.6534 
-18 -69.4462 -26 16 -44.6684 -51.5084 -32.0385 -53.0048 
-14 -69.1823 -24 16 -45.4844 -54.9201 -29.9304 -50.5657 
-12 -71.9718 -25 16 -39.4768 -52.1034 -30.9661 -51.2821 
-16 -71.8532 -24 16 -40.4226 -50.4616 -30.4961 -47.8949 
-20 -67.2938 -24 16 -42.3921 -54.5033 -32.2229 -52.1108 
-18 -67.5146 -24 16 -44.8328 -51.595 -28.9085 -53.6814 
-28 -68.4404 -24 15 -41.8427 -51.8825 -28.1485 -49.341 
-18 -66.315 -24 15 -47.3842 -53.9033 -28.9499 -53.7246 
-30 -68.1213 -25 17 -37.6739 -47.4191 -31.8556 -53.3764 
-12 -72.823 -25 16 -36.2941 -46.6225 -33.4573 -51.1629 
-20 -68.6114 -25 16 -44.8287 -52.974 -33.01 -50.7752 
-20 -64.8591 -24 16 -47.1251 -55.7122 -36.1396 -52.2265 
-12 -72.699 -24 16 -39.5683 -48.0514 -31.4784 -48.394 
-14 -70.8767 -25 16 -42.5272 -52.9004 -31.0863 -51.0441 
-18 -68.0686 -27 16 -43.0911 -51.7229 -33.2567 -58.0216 
-18 -66.8577 -24 16 -46.2729 -53.6024 -29.6016 -53.5674 
-28 -68.0686 -24 15 -41.712 -52.0022 -28.634 -49.9158 
-14 -69.8032 -23 16 -43.829 -54.1955 -27.6897 -49.4512 
-18 -66.815 -26 16 -43.0361 -52.1475 -31.7128 -58.8691 
-18 -69.9069 -24 16 -41.585 -52.0651 -30.7602 -49.8845 
-12 -69.4951 -24 17 -45.4475 -53.3289 -32.9729 -50.2788 
-16 -71.6702 -24 16 -40.2561 -50.776 -30.6296 -48.365 
-20 -71.1479 -23 16 -38.7716 -47.7454 -30.8063 -46.8065 
-18 -68.0094 -25 15 -44.4271 -51.8836 -30.1058 -54.2029 
FEATURES_TXT_END_0
FEATURES_TXT_BEGIN_0 52 100 8 Distortion0_0 LM0_0 WordPenalty0_0 PhrasePenalty0_0 TranslationModel0_0 TranslationModel0_1 TranslationModel0_2 TranslationModel0_3 
-36 -79.9644 -28 23 -61.5545 -69.2308 -42.34 -54.9872 
-42 -77.6068 -26 22 -65.4069 -69.4098 -39.0375 -52.3952 
-42 -77.7241 -26 22 -65.3878 -68.916 -39.0275 -52.5167 
-32 -79.7259 -26 22 -66.2783 -68.5974 -39.0998 -52.5936 
-36 -81.1652 -28 23 -59.6759 -69.9988 -42.34 -54.8129 
-42 -78.8077 -26 22 -63.5283 -70.1778 -39.0375 -52.2208 
-36 -79.9041 -28 23 -61.0313 -67.2465 -44.2926 -56.7434 
-42 -78.9249 -26 22 -63.5091 -69.684 -39.0275 -52.3423 
-34 -79.3306 -25 21 -66.8113 -73.0238 -37.1381 -50.775 
-42 -78.3634 -27 22 -65.4351 -69.1327 -40.3004 -54.3578 
-32 -80.9267 -26 22 -64.3996 -69.3654 -39.0998 -52.4192 
-42 -78.4732 -27 23 -64.5179 -71.1097 -42.9332 -53.4515 
-40 -78.5687 -27 22 -65.4796 -69.1327 -41.3168 -54.3578 
-36 -81.734 -28 23 -61.3071 -67.1838 -42.3545 -54.6751 
-42 -80.4909 -28 23 -61.6245 -69.4733 -41.7842 -54.3502 
-38 -80.2976 -28 22 -63.4444 -69.171 -40.7931 -55.7554 
-48 -76.1156 -25 22 -68.3703 -71.2887 -39.6307 -50.8594 
-38 -80.5491 -27 22 -63.4162 -69.4481 -39.5302 -53.7928 
-48 -78.1334 -26 22 -65.477 -69.6523 -38.4818 -51.7581 
-42 -77.8979 -27 22 -63.4182 -69.9794 -43.5586 -55.0233 
-32 -79.6656 -26 22 -65.7551 -66.613 -41.0524 -54.3497 
-48 -76.2329 -25 22 -68.3511 -70.7948 -39.6206 -50.9809 
-48 -78.2506 -26 22 -65.4578 -69.1585 -38.4717 -51.8796 
-42 -78.2227 -27 22 -63.2763 -69.2427 -43.1066 -55.2332 
-36 -81.105 -28 23 -59.1527 -68.0145 -44.2926 -56.569 
-38 -78.2347 -25 22 -69.2416 -70.4762 -39.693 -51.0578 
-32 -81.0173 -26 22 -66.2975 -69.0912 -39.1098 -52.4721 
-42 -79.6353 -26 22 -65.1595 -67.3627 -39.052 -52.083 
-32 -81.4955 -26 22 -66.0308 -66.5503 -39.1143 -52.2814 
-36 -81.5832 -27 22 -60.5783 -69.5567 -37.2671 -55.6869 
-38 -80.2524 -26 22 -66.3483 -68.8398 -38.544 -51.9565 
-34 -80.5314 -25 21 -64.9327 -73.7918 -37.1381 -50.6007 
-34 -82.3547 -27 21 -60.9645 -73.8794 -38.2808 -52.9419 
-34 -83.1941 -28 21 -58.5353 -73.9177 -39.1971 -54.3395 
-42 -79.5642 -27 22 -63.5565 -69.9007 -40.3004 -54.1835 
-36 -81.6285 -28 23 -62.6236 -68.8085 -42.5908 -54.9605 
-42 -79.7526 -26 22 -65.1403 -66.8689 -39.042 -52.2045 
-34 -90.6984 -29 23 -54.3933 -61.0944 -38.2137 -48.9469 
-36 -80.9593 -26 22 -65.2697 -73.8301 -37.2671 -51.7199 
-40 -79.7695 -27 22 -63.6009 -69.9007 -41.3168 -54.1835 
-28 -92.2063 -30 24 -52.7318 -62.1229 -40.9417 -50.4624 
-34 -90.5814 -30 23 -54.4215 -60.8173 -39.4767 -50.9095 
-32 -90.5674 -27 22 -56.6023 -64.4776 -34.3535 -45.3522 
-36 -82.9348 -28 23 -59.4284 -67.9518 -42.3545 -54.5007 
-48 -79.8497 -26 22 -61.8228 -69.0035 -34.7537 -53.4396 
-38 -81.4985 -28 22 -61.5658 -69.939 -40.7931 -55.5811 
-48 -82.4451 -27 22 -59.4835 -66.8656 -36.1438 -51.7754 
-36 -82.0623 -27 23 -63.8653 -70.2161 -39.1666 -53.34 
-34 -79.2703 -25 21 -66.2881 -71.0395 -39.0906 -52.5312 
-34 -81.7339 -28 21 -61.879 -74.2063 -41.4542 -54.8557 
-42 -78.4496 -26 22 -64.8837 -67.4255 -40.9901 -54.1513 
-36 -79.5685 -28 23 -64.004 -71.1077 -44.685 -57.1122 
-32 -91.5233 -29 22 -54.6634 -67.8193 -35.0085 -48.3771 
-34 -85.0465 -27 22 -66.7483 -70.3249 -39.4682 -46.67 
-38 -81.75 -27 22 -61.5376 -70.2161 -39.5302 -53.6184 
-38 -81.8414 -28 22 -62.9411 -69.4481 -42.32 -53.7982 
-42 -79.0987 -27 22 -61.5395 -70.7475 -43.5585 -54.8489 
-32 -80.8664 -26 22 -63.8764 -67.381 -41.0524 -54.1753 
-42 -78.4129 -27 23 -63.9947 -69.1254 -44.8857 -55.2076 
-36 -80.1546 -28 23 -62.1254 -71.8757 -44.685 -56.9378 
-40 -78.5084 -27 22 -64.9564 -67.1484 -43.2693 -56.1139 
-42 -78.5669 -26 22 -64.8645 -66.9317 -40.98 -54.2728 
-40 -80.14 -26 22 -65.4069 -69.4098 -39.0375 -52.3952 
-38 -77.2885 -29 22 -68.7114 -81.8217 -47.4182 -56.6825 
-42 -78.8946 -25 21 -66.8113 -73.0238 -37.1381 -50.775 
-34 -85.1637 -27 22 -66.7291 -69.8311 -39.4582 -46.7915 
-42 -80.4307 -28 23 -61.1013 -67.489 -43.7368 -56.1063 
-40 -77.8394 -24 21 -69.7747 -74.9027 -37.7313 -49.2393 
-36 -81.9989 -28 23 -62.43 -70.5026 -43.0331 -54.6688 
-34 -81.1002 -25 21 -66.5638 -70.9767 -37.1526 -50.4629 
-48 -76.8722 -26 22 -68.3985 -71.0116 -40.8936 -52.8221 
-34 -81.4893 -26 22 -65.407 -69.4098 -39.0375 -52.3952 
-32 -81.39 -26 22 -67.3473 -68.1751 -39.3506 -52.5668 
-40 -79.8571 -25 21 -66.8813 -73.2663 -36.5823 -50.138 
-46 -81.953 -27 22 -61.2988 -67.1682 -39.514 -51.3119 
-32 -84.5373 -28 22 -61.0397 -69.2403 -40.605 -53.3224 
-42 -77.2109 -26 22 -67.8564 -71.2867 -41.3825 -54.5201 
-42 -79.4235 -27 22 -61.3977 -70.0107 -43.1066 -55.0588 
-42 -79.0204 -27 22 -63.3717 -69.4856 -42.8654 -55.1448 
-48 -78.8899 -27 22 -65.5051 -69.3752 -39.7447 -53.7208 
-32 -82.2181 -26 22 -64.4188 -69.8592 -39.1098 -52.2977 
-28 -92.0079 -30 23 -51.3945 -61.5833 -40.0407 -52.5291 
-46 -77.0775 -26 22 -68.4429 -71.0116 -41.9099 -52.8221 
-42 -79.4838 -28 22 -64.6305 -69.3635 -42.2612 -56.3323 
-42 -80.8361 -26 22 -63.2808 -68.1307 -39.052 -51.9087 
-40 -78.4812 -26 21 -68.7118 -80.3851 -38.7195 -51.6001 
-32 -82.6963 -26 22 -64.1522 -67.3183 -39.1143 -52.1071 
-42 -80.2428 -27 23 -64.2704 -69.0626 -42.9477 -53.1393 
-36 -82.784 -27 22 -58.6997 -70.3247 -37.2671 -55.5126 
-40 -80.3383 -27 22 -65.2321 -67.0856 -41.3313 -54.0457 
-34 -83.5556 -27 21 -59.0858 -74.6474 -38.2808 -52.7676 
-46 -79.0952 -27 22 -65.5496 -69.3752 -40.761 -53.7208 
-42 -77.797 -26 22 -65.9778 -72.0547 -41.3825 -54.3458 
-42 -77.3281 -26 22 -67.8372 -70.7929 -41.3725 -54.6416 
-34 -84.3949 -28 21 -56.6566 -74.6857 -39.1971 -54.1652 
-42 -82.2605 -28 23 -61.3771 -67.4262 -41.7987 -54.038 
-32 -92.528 -31 22 -52.72 -68.0743 -36.7741 -51.6158 
-36 -82.8293 -28 23 -60.7449 -69.5765 -42.5908 -54.7861 
-42 -80.9534 -26 22 -63.2617 -67.6369 -39.042 -52.0302 
-34 -91.8992 -29 23 -52.5147 -61.8624 -38.2137 -48.7725 
FEATURES_TXT_END_0
FEATURES_TXT_BEGIN_0 53 73 8 Distortion0_0 LM0_0 WordPenalty0_0 PhrasePenalty0_0 TranslationModel0_0 TranslationModel0_1 TranslationModel0_2 TranslationModel0_3 
-51 -91.5959 -34 23 -70.9683 -82.6592 -47.9298 -75.347 
-39 -92.9807 -34 24 -75.6115 -87.5696 -48.4017 -75.3731 
-47 -94.2501 -36 24 -73.9389 -87.269 -48.0574 -76.1225 
-55 -93.8194 -35 24 -67.5893 -81.6853 -47.442 -76.1321 
-51 -91.2386 -33 23 -72.5997 -82.6592 -46.8312 -75.3416 
-58 -91.138 -35 24 -71.535 -82.6264 -49.702 -76.9935 
-43 -93.5144 -33 24 -77.9454 -89.0548 -44.2716 -72.456 
-51 -93.9661 -35 23 -66.3656 -83.0487 -48.3721 -77.0202 
-43 -95.2686 -33 25 -78.0336 -86.8127 -44.4017 -70.4389 
-39 -92.083 -34 24 -76.3834 -90.8431 -50.2475 -76.5515 
-39 -95.0788 -35 24 -74.7676 -87.5696 -49.1489 -75.3785 
-43 -95.2042 -35 25 -72.2325 -86.5956 -47.9139 -76.1582 
-39 -92.6234 -33 24 -77.2429 -87.5696 -47.3031 -75.3677 
-51 -94.7839 -35 24 -76.2728 -88.7542 -43.9273 -73.2054 
-46 -92.5228 -35 25 -76.1782 -87.5367 -50.1739 -77.0195 
-39 -95.3508 -35 24 -71.0087 -87.959 -48.844 -77.0463 
-51 -96.538 -35 25 -76.361 -86.5121 -44.0574 -71.1883 
-51 -93.31 -34 23 -67.997 -83.0487 -47.2735 -77.0148 
-51 -96.4736 -37 25 -70.5599 -86.2951 -47.5696 -76.9076 
-58 -92.74 -35 24 -70.4607 -81.263 -49.8561 -76.1054 
-47 -93.8928 -35 24 -75.5703 -87.269 -46.9588 -76.1171 
-55 -93.4621 -34 24 -69.2207 -81.6853 -46.3433 -76.1267 
-47 -94.8559 -35 23 -67.8954 -79.7419 -50.8201 -77.153 
-54 -93.7922 -37 25 -74.5056 -87.2361 -49.8296 -77.7689 
-43 -92.6167 -33 24 -78.7173 -92.3283 -46.1174 -73.6343 
-27 -90.9793 -31 21 -78.2494 -93.8049 -44.6944 -77.514 
-47 -96.6202 -37 24 -69.3361 -87.6584 -48.4997 -77.7957 
-43 -95.6125 -34 24 -77.1015 -89.0548 -45.0188 -72.4614 
-47 -95.7379 -34 25 -74.5664 -88.0808 -43.7838 -73.2411 
-61 -93.4079 -35 24 -68.6584 -81.263 -47.6928 -76.1054 
-43 -93.1571 -32 24 -79.5768 -89.0548 -43.173 -72.4506 
-47 -95.6704 -35 24 -74.7434 -87.0382 -46.0966 -74.148 
-43 -94.3709 -33 25 -78.8055 -90.0862 -46.2475 -71.6173 
-50 -93.0565 -34 25 -78.5121 -89.0219 -46.0438 -74.1024 
-43 -95.5523 -32 26 -77.772 -86.8127 -43.3601 -70.4335 
-43 -97.3667 -34 25 -77.1897 -86.8127 -45.1489 -70.4443 
-43 -95.8846 -34 24 -73.3427 -89.4442 -44.7139 -74.1291 
-47 -97.4921 -34 26 -74.6546 -85.8387 -43.9139 -71.224 
-43 -94.3064 -35 25 -73.0044 -89.8691 -49.7597 -77.3365 
-39 -91.8569 -34 24 -78.6574 -90.244 -50.7996 -77.4315 
-39 -94.6948 -34 24 -72.6402 -87.959 -47.7454 -77.0409 
-31 -95.0438 -31 23 -75.6617 -89.7305 -43.1674 -72.8852 
-43 -94.9113 -32 25 -79.665 -86.8127 -43.3031 -70.4335 
-39 -91.7257 -33 24 -78.0148 -90.8431 -49.1489 -76.5461 
-46 -94.1248 -35 25 -75.1039 -86.1733 -50.328 -76.1315 
-51 -96.357 -34 25 -72.5031 -80.5622 -46.8869 -72.0091 
-43 -97.3022 -36 25 -71.3886 -86.5956 -48.6611 -76.1636 
-41 -88.2608 -33 26 -89.6867 -94.93 -52.2658 -75.3543 
-45 -92.4353 -34 24 -76.1913 -90.7766 -48.2939 -76.5283 
-35 -92.2487 -33 21 -76.5768 -93.5043 -44.3501 -78.2634 
-45 -95.4795 -33 25 -75.2353 -85.8557 -44.561 -72.5907 
-51 -94.3165 -35 23 -71.6701 -82.2806 -49.298 -75.8755 
-58 -92.1466 -34 24 -71.3641 -82.6264 -46.4401 -76.988 
-39 -94.7215 -34 24 -76.399 -87.5696 -48.0503 -75.3731 
-50 -94.8107 -34 26 -78.6003 -86.7798 -46.1739 -72.0853 
-43 -94.8469 -34 25 -73.8639 -86.5956 -46.8153 -76.1528 
-43 -97.6388 -34 25 -73.4308 -87.2021 -44.844 -72.1121 
-46 -91.625 -35 25 -76.9501 -90.8102 -52.0197 -78.1979 
-55 -97.0073 -36 25 -72.8938 -87.7803 -43.4395 -73.9904 
-27 -93.3509 -31 21 -79.9813 -93.069 -42.9026 -74.2466 
-37 -95.1113 -32 25 -83.2261 -90.3283 -45.3013 -69.2337 
-39 -94.4531 -35 24 -71.7807 -91.2325 -50.6898 -78.2246 
-29 -95.1537 -31 22 -74.2793 -86.2794 -44.896 -73.7534 
-46 -94.6208 -36 25 -75.3343 -87.5367 -50.9211 -77.0249 
-51 -94.4266 -34 24 -77.9042 -88.7542 -42.8287 -73.2 
-51 -90.7699 -34 23 -77.9131 -85.9977 -49.298 -76.7085 
-29 -95.989 -32 22 -74.5122 -86.2794 -46.1487 -73.7588 
-33 -94.4477 -31 21 -75.3551 -88.8417 -42.4608 -73.2985 
-39 -97.4489 -36 24 -70.1649 -87.959 -49.5912 -77.0517 
-29 -93.0704 -30 22 -76.6144 -90.4873 -43.5048 -74.2034 
-51 -93.4108 -32 24 -73.4964 -82.4284 -44.1955 -73.3672 
-33 -95.283 -32 21 -75.5881 -88.8417 -43.7135 -73.3039 
-29 -93.9056 -31 22 -76.8474 -90.4873 -44.7575 -74.2088 
FEATURES_TXT_END_0
FEATURES_TXT_BEGIN_0 54 100 8 Distortion0_0 LM0_0 WordPenalty0_0 PhrasePenalty0_0 TranslationModel0_0 TranslationModel0_1 TranslationModel0_2 TranslationModel0_3 
-32 -107.359 -31 25 -67.0256 -78.3075 -40.4073 -62.9227 
-44 -104.948 -30 24 -66.7214 -80.9907 -37.9015 -61.0355 
-48 -106.363 -27 21 -55.5468 -82.1572 -30.779 -57.3409 
-38 -108.516 -27 21 -55.5468 -82.1572 -30.779 -57.3409 
-44 -107.971 -30 24 -58.9015 -75.6213 -37.0542 -60.876 
-32 -107.845 -31 25 -64.8081 -79.6251 -39.4668 -63.7709 
-44 -105.435 -30 24 -64.5039 -82.3084 -36.961 -61.8837 
-48 -106.85 -27 21 -53.3293 -83.4749 -29.8385 -58.189 
-52 -106.85 -31 24 -58.4083 -81.4034 -36.7918 -61.6732 
-38 -109.003 -27 21 -53.3293 -83.4749 -29.8385 -58.189 
-32 -107.067 -31 25 -66.1416 -80.7681 -40.3928 -64.2465 
-30 -107.572 -30 24 -69.1801 -83.6602 -35.8141 -61.6862 
-38 -106.983 -28 22 -58.1763 -80.4766 -35.1293 -60.3446 
-44 -104.999 -31 24 -67.0091 -81.5697 -38.5946 -63.2974 
-44 -108.458 -30 24 -56.684 -76.939 -36.1137 -61.7241 
-44 -108.719 -30 24 -58.654 -73.5742 -37.0687 -60.5639 
-30 -108.668 -31 24 -70.1468 -84.2534 -35.9831 -61.3581 
-44 -104.657 -30 24 -65.8375 -83.4513 -37.887 -62.3593 
-42 -105.161 -29 23 -68.8759 -86.3435 -33.3083 -59.799 
-48 -106.072 -27 21 -54.6629 -84.6178 -30.7645 -58.6647 
-46 -106.576 -26 20 -57.7014 -87.51 -26.1858 -56.1044 
-42 -106.258 -30 23 -69.8426 -86.9366 -33.4773 -59.4709 
-52 -104.536 -31 24 -60.0222 -81.8165 -39.9699 -63.8532 
-28 -107.579 -31 25 -67.3203 -80.8659 -41.3091 -64.1665 
-38 -108.224 -27 21 -54.6629 -84.6178 -30.7645 -58.6647 
-36 -108.729 -26 20 -57.7014 -87.51 -26.1858 -56.1044 
-46 -107.673 -27 20 -58.668 -88.1031 -26.3548 -55.7763 
-44 -107.679 -30 24 -58.0176 -78.0819 -37.0397 -62.1998 
-42 -108.184 -29 23 -61.0561 -80.9741 -32.461 -59.6395 
-52 -107.337 -31 24 -56.1908 -82.7211 -35.8513 -62.5213 
-36 -109.826 -27 20 -58.668 -88.1031 -26.3548 -55.7763 
-42 -109.281 -30 23 -62.0227 -81.5672 -32.63 -59.3114 
-38 -107.47 -28 22 -55.9589 -81.7943 -34.1888 -61.1927 
-44 -105.485 -31 24 -64.7916 -82.8874 -37.6541 -64.1456 
-40 -105.168 -30 24 -67.0161 -83.5491 -38.8033 -62.2793 
-30 -109.124 -30 24 -70.9513 -84.0226 -34.0223 -59.3837 
-44 -109.206 -30 24 -56.4366 -74.8919 -36.1282 -61.412 
-38 -107.222 -32 25 -66.536 -80.4328 -40.3802 -64.3643 
-44 -106.583 -27 21 -55.8415 -84.7156 -31.6808 -58.5846 
-18 -112.895 -32 24 -62.3848 -74.7733 -41.6329 -63.6857 
-24 -111.03 -31 24 -59.0928 -77.3412 -38.479 -65.1865 
-42 -106.714 -29 23 -70.6472 -86.7058 -31.5165 -57.4964 
-34 -108.736 -27 21 -55.8415 -84.7156 -31.6808 -58.5846 
-40 -108.191 -30 24 -59.1962 -78.1797 -37.956 -62.1197 
-38 -110.433 -28 22 -54.1756 -78.2051 -31.8905 -58.7237 
-50 -104.812 -31 24 -66.2319 -83.1161 -37.8744 -62.4771 
-46 -108.129 -26 20 -59.4726 -87.8723 -24.3941 -53.8018 
-32 -107.818 -31 25 -67.273 -80.3546 -40.3928 -63.2349 
-52 -106.558 -31 24 -57.5243 -83.864 -36.7773 -62.997 
-50 -107.063 -30 23 -60.5628 -86.7562 -32.1986 -60.4367 
-52 -105.023 -31 24 -57.8048 -83.1341 -39.0294 -64.7013 
-54 -106.227 -28 21 -55.0573 -84.2826 -30.752 -58.7825 
-30 -110.485 -31 23 -62.0806 -77.4566 -39.1271 -61.7985 
-36 -108.619 -30 23 -58.7886 -80.0244 -35.9731 -63.2993 
-38 -106.692 -28 22 -57.2924 -82.9372 -35.1148 -61.6684 
-36 -107.196 -27 21 -60.3309 -85.8293 -30.5361 -59.1081 
-36 -110.281 -26 20 -59.4726 -87.8723 -24.3941 -53.8018 
-44 -104.707 -31 24 -66.1251 -84.0303 -38.5801 -64.6212 
-42 -105.212 -30 23 -69.1636 -86.9225 -34.0014 -62.0609 
-44 -108.428 -30 24 -57.7701 -76.0348 -37.0542 -61.8876 
-42 -108.932 -29 23 -60.8086 -78.927 -32.4755 -59.3274 
-42 -109.736 -29 23 -62.8273 -81.3364 -30.6692 -57.3369 
-34 -111.9 -28 20 -50.906 -78.6231 -32.0047 -58.1039 
-40 -110.034 -27 20 -47.614 -81.1909 -28.8507 -59.6047 
-44 -108.379 -28 21 -55.0573 -84.2826 -30.752 -58.7825 
-50 -108.16 -31 23 -61.5294 -87.3493 -32.3676 -60.1086 
-44 -105.408 -30 24 -66.9689 -83.0378 -37.887 -61.3477 
-50 -107.834 -31 24 -58.412 -77.7466 -37.0271 -62.3176 
-38 -107.678 -31 25 -67.3406 -80.202 -38.4194 -62.3898 
-36 -108.293 -28 21 -61.2975 -86.4225 -30.7051 -58.78 
-42 -106.308 -31 23 -70.1303 -87.5157 -34.1704 -61.7328 
-42 -110.029 -30 23 -61.7752 -79.5201 -32.6445 -58.9993 
-24 -114.053 -28 20 -50.906 -78.6231 -32.0047 -58.1039 
-28 -108.974 -31 25 -65.6716 -80.8027 -39.6996 -63.8982 
-30 -112.187 -27 20 -47.614 -81.1909 -28.8507 -59.6047 
-44 -107.219 -30 23 -64.2279 -83.6994 -35.9 -59.7199 
-48 -106.823 -27 21 -55.7943 -84.2043 -30.7645 -57.6531 
-30 -113.508 -31 23 -54.2607 -72.0872 -38.2798 -61.639 
-36 -111.642 -30 23 -50.9687 -74.655 -35.1258 -63.1398 
-32 -108.973 -31 25 -65.9395 -79.2116 -39.4668 -62.7593 
-52 -105.196 -30 23 -63.0727 -81.9391 -36.5932 -60.9967 
-38 -108.975 -27 21 -55.7943 -84.2043 -30.7645 -57.6531 
-32 -110.387 -32 26 -61.2059 -76.0115 -41.2991 -64.876 
-50 -105.268 -30 24 -67.0364 -82.8853 -35.9136 -60.5026 
-32 -107.828 -31 25 -67.0799 -80.7991 -39.805 -63.8982 
-48 -107.07 -31 24 -58.703 -83.9618 -37.6936 -62.9169 
-44 -108.43 -30 24 -59.149 -77.6684 -37.0397 -61.1882 
-52 -104.245 -31 24 -59.1383 -84.277 -39.9554 -65.177 
-50 -104.749 -30 23 -62.1768 -87.1692 -35.3767 -62.6167 
-40 -106.564 -30 24 -65.3674 -83.486 -37.1938 -62.011 
-34 -107.203 -28 22 -58.4711 -83.035 -36.0311 -61.5883 
-40 -105.219 -31 24 -67.3038 -84.1282 -39.4964 -64.5412 
-38 -108.21 -29 22 -62.4571 -83.6994 -33.5516 -59.7145 
-54 -106.682 -27 21 -55.8619 -84.0518 -28.7912 -56.808 
-38 -110.92 -28 22 -51.9581 -79.5228 -30.95 -59.5719 
-40 -108.939 -30 24 -58.9488 -76.1326 -37.9705 -61.8076 
-30 -111.907 -30 24 -67.3413 -80.4337 -32.3641 -58.2884 
-44 -106.563 -30 24 -65.6353 -81.8949 -36.961 -60.8721 
-44 -107.979 -27 21 -54.1929 -84.6525 -30.0714 -58.3164 
-50 -105.846 -31 23 -63.1434 -87.7624 -35.5457 -62.2886 
FEATURES_TXT_END_0
FEATURES_TXT_BEGIN_0 55 66 8 Distortion0_0 LM0_0 WordPenalty0_0 PhrasePenalty0_0 TranslationModel0_0 TranslationModel0_1 TranslationModel0_2 TranslationModel0_3 
-39 -105.622 -32 27 -70.5306 -65.6413 -36.0492 -59.7991 
-36 -107.34 -34 26 -63.4062 -68.7534 -38.2713 -63.5587 
-35 -111.188 -34 27 -61.5395 -64.4377 -35.2844 -60.7844 
-41 -110.212 -34 28 -63.219 -60.1986 -36.0452 -60.5424 
-39 -109.881 -34 28 -63.3635 -60.6935 -36.303 -61.646 
-41 -107.117 -33 27 -69.8388 -64.7077 -39.6241 -57.733 
-35 -110.257 -34 27 -61.3524 -64.4362 -36.8714 -61.963 
-33 -108.978 -34 26 -67.5311 -69.8354 -36.2693 -60.9518 
-39 -107.233 -34 27 -65.0857 -64.5144 -39.0321 -63.3167 
-38 -108.835 -35 26 -62.7144 -67.8198 -41.8462 -61.4926 
-39 -109.817 -34 27 -63.4124 -62.5172 -35.6849 -61.6559 
-37 -112.683 -35 27 -60.8477 -63.5041 -38.8593 -58.7183 
-43 -111.707 -35 28 -62.5272 -59.265 -39.6201 -58.4762 
-41 -111.376 -35 28 -62.6717 -59.7599 -39.8779 -59.5799 
-34 -110.913 -33 27 -62.418 -60.6935 -33.1935 -61.6406 
-37 -111.752 -35 27 -60.6606 -63.5026 -40.4463 -59.8969 
-35 -110.473 -35 26 -66.8393 -68.9017 -39.8442 -58.8857 
-39 -109.501 -34 28 -64.6499 -62.503 -36.9961 -61.7613 
-41 -108.728 -35 27 -64.3939 -63.5807 -42.607 -61.2505 
-39 -110.881 -33 28 -62.5869 -60.6209 -33.1403 -60.5637 
-41 -111.312 -35 27 -62.7206 -61.5835 -39.2598 -59.5898 
-36 -110.825 -34 27 -61.684 -64.9326 -35.5422 -61.888 
-42 -105.581 -33 26 -66.8992 -69.3719 -38.5139 -61.6819 
-48 -102.45 -31 27 -72.796 -69.1152 -40.0036 -57.7437 
-36 -112.408 -34 27 -61.7262 -59.7599 -36.7684 -59.5744 
-41 -109.429 -33 27 -65.0325 -65.0562 -35.527 -58.9076 
-48 -99.2369 -32 26 -75.2948 -73.0086 -45.8954 -60.4967 
-41 -110.996 -35 28 -63.9582 -61.5694 -40.571 -59.6952 
-47 -103.085 -32 27 -73.4281 -68.6929 -42.9084 -57.7224 
-41 -107.256 -34 28 -64.3641 -63.1543 -39.1362 -64.6655 
-41 -108.498 -33 27 -64.8454 -65.0547 -37.1139 -60.0862 
-39 -107.219 -33 26 -71.0241 -70.4539 -36.5118 -59.075 
-41 -112.376 -34 28 -61.8951 -59.6873 -36.7152 -58.4976 
-36 -106.931 -31 27 -70.8968 -67.8679 -36.3081 -57.5799 
-47 -102.154 -32 27 -73.241 -68.6915 -44.4954 -58.901 
-38 -112.32 -35 27 -60.9922 -63.9989 -39.1171 -59.8219 
-45 -100.875 -32 26 -79.4197 -74.0906 -43.8933 -57.8898 
-44 -107.076 -34 26 -66.2074 -68.4383 -42.0888 -59.6158 
-50 -103.945 -32 27 -72.1042 -68.1816 -43.5785 -55.6776 
-36 -110.878 -34 26 -61.7329 -66.7562 -34.9241 -61.898 
-43 -110.924 -34 27 -64.3407 -64.1226 -39.1019 -56.8415 
-50 -100.732 -33 26 -74.603 -72.075 -49.4703 -58.4306 
-39 -106.851 -31 26 -68.0054 -65.5862 -37.3811 -57.6362 
-39 -111.287 -33 27 -62.2735 -60.1986 -32.9357 -60.5369 
-49 -104.58 -33 27 -72.7363 -67.7593 -46.4833 -55.6563 
-43 -108.751 -35 28 -63.6723 -62.2206 -42.7111 -62.5994 
-43 -109.993 -34 27 -64.1536 -64.1211 -40.6888 -58.0201 
-41 -101.066 -30 26 -78.2741 -70.1494 -40.6598 -58.0464 
-41 -108.714 -34 26 -70.3323 -69.5203 -40.0867 -57.0089 
-38 -108.426 -32 27 -70.205 -66.9342 -39.883 -55.5137 
-49 -103.649 -33 27 -72.5492 -67.7578 -48.0703 -56.8349 
-35 -112.511 -33 27 -61.622 -63.2197 -30.3368 -61.058 
-39 -110.527 -34 26 -64.1104 -69.8354 -33.1024 -60.9518 
-29 -107.398 -31 26 -70.2536 -65.2659 -37.6579 -59.6759 
-36 -108.569 -33 25 -60.881 -68.6982 -39.6033 -61.3957 
-47 -102.37 -33 26 -78.7279 -73.157 -47.4682 -55.8237 
-36 -104.023 -32 26 -73.3956 -71.7613 -42.1999 -60.3328 
-35 -112.418 -33 26 -59.0142 -64.3825 -36.6163 -58.6214 
-39 -107.957 -32 27 -68.7591 -64.9313 -35.1329 -59.7228 
-38 -112.373 -35 26 -61.0411 -65.8226 -38.4991 -59.8318 
-41 -111.441 -33 27 -60.6938 -60.1435 -37.3771 -58.3794 
-35 -107.871 -32 27 -71.5288 -67.4456 -39.213 -57.5585 
-39 -111.11 -33 27 -60.8383 -60.6383 -37.6349 -59.483 
-42 -109.065 -33 27 -65.177 -65.5511 -35.7848 -60.0112 
-43 -106.422 -33 27 -70.1823 -67.3848 -37.4927 -60.9589 
-41 -108.346 -32 26 -67.3136 -64.6525 -40.956 -55.5701 
FEATURES_TXT_END_0
FEATURES_TXT_BEGIN_0 56 100 8 Distortion0_0 LM0_0 WordPenalty0_0 PhrasePenalty0_0 TranslationModel0_0 TranslationModel0_1 TranslationModel0_2 TranslationModel0_3 
-56 -99.3017 -32 27 -87.3819 -90.0348 -56.5636 -74.7493 
-56 -96.4423 -32 27 -92.377 -95.8811 -59.2367 -76.8181 
-58 -96.5003 -29 26 -98.3056 -96.0924 -55.3482 -69.1156 
-56 -98.4752 -31 27 -90.355 -92.2373 -57.264 -74.9303 
-48 -103.504 -33 27 -84.2622 -90.2671 -54.9129 -77.6673 
-64 -99.715 -32 28 -85.6968 -91.6313 -53.6084 -76.605 
-58 -96.7189 -28 26 -98.0365 -94.9507 -53.2279 -68.2756 
-48 -102.6 -32 27 -85.1785 -90.2671 -53.5266 -77.6619 
-56 -101.155 -30 27 -89.4584 -89.8247 -52.0244 -71.7606 
-58 -98.1295 -29 26 -97.2351 -94.9507 -53.7387 -68.281 
-55 -96.8866 -32 27 -92.7306 -95.6144 -60.1285 -77.6508 
-54 -101.948 -33 27 -86.0482 -90.267 -55.3892 -77.6673 
-56 -100.996 -31 27 -87.707 -90.2907 -53.7871 -74.285 
-56 -100.748 -32 27 -87.0078 -91.2534 -56.5192 -75.725 
-58 -96.7496 -28 26 -98.6307 -96.3483 -52.5716 -68.6513 
-62 -98.692 -30 27 -96.0017 -94.1422 -54.5133 -69.2925 
-56 -101.752 -31 27 -89.1333 -89.5688 -54.801 -72.2248 
-50 -103.108 -32 26 -84.3389 -91.521 -54.488 -75.7491 
-50 -102.399 -31 26 -84.6312 -91.521 -52.5421 -75.7437 
-56 -101.976 -30 27 -89.2109 -87.7776 -52.0389 -71.4484 
-62 -98.9224 -30 27 -90.1288 -90.8665 -54.2901 -72.6385 
-62 -98.9105 -29 27 -95.7327 -93.0005 -52.393 -68.4526 
-56 -101.971 -30 27 -88.8642 -88.4272 -52.6807 -71.3849 
-56 -98.1168 -29 26 -89.4238 -90.8026 -55.2829 -73.686 
-54 -97.708 -33 27 -93.6362 -96.148 -61.8257 -78.2095 
-56 -101.758 -31 27 -87.1128 -88.8931 -54.4434 -73.9093 
-58 -93.641 -29 26 -103.301 -101.939 -58.0212 -71.1844 
-62 -100.321 -30 27 -94.9313 -93.0005 -52.9038 -68.458 
-56 -100.544 -31 27 -88.1832 -90.0348 -56.0528 -74.7439 
-56 -103.382 -31 27 -88.0628 -88.4272 -53.1915 -71.3903 
-56 -103.169 -32 27 -86.3114 -88.8931 -54.9542 -73.9147 
-62 -98.8301 -31 27 -90.1127 -92.9502 -54.8006 -74.8391 
-56 -95.6159 -31 27 -95.3502 -98.0836 -59.9371 -76.9992 
-64 -96.8556 -32 28 -90.6919 -97.4776 -56.2814 -78.6738 
-58 -93.8596 -28 26 -103.032 -100.797 -55.901 -70.3445 
-62 -98.9413 -29 27 -96.3269 -94.3981 -51.7367 -68.8283 
-56 -99.9283 -29 26 -90.9895 -90.481 -53.337 -71.3116 
-54 -102.664 -33 27 -89.3207 -89.6125 -58.677 -74.7279 
-62 -98.3676 -30 27 -91.2359 -91.8953 -55.4457 -73.2082 
-56 -98.2961 -30 27 -94.4535 -95.671 -54.6975 -73.8294 
-58 -95.2702 -29 26 -102.23 -100.797 -56.4118 -70.3499 
-56 -101.339 -30 26 -90.1881 -90.481 -53.8479 -71.317 
-56 -103.701 -29 27 -89.4733 -87.0897 -50.8349 -67.8674 
-56 -101.037 -31 27 -91.8047 -92.2283 -55.3406 -72.7789 
-56 -98.1363 -31 27 -92.7021 -96.137 -56.4602 -76.3538 
-56 -99.8763 -33 28 -88.2382 -91.3195 -59.4412 -79.6767 
-56 -101.099 -30 27 -91.5356 -91.0866 -53.2203 -71.9389 
-56 -102.303 -32 27 -88.3287 -89.7996 -56.7617 -74.1993 
-50 -101.928 -33 26 -84.4272 -92.2044 -58.4195 -79.3932 
-52 -97.7203 -33 27 -95.4086 -97.4284 -61.7596 -78.9937 
-56 -100.157 -30 26 -91.2585 -91.6227 -55.4573 -72.1515 
-56 -100.852 -31 26 -90.365 -91.0635 -56.7101 -73.0137 
-62 -98.8232 -31 27 -90.3168 -92.4469 -55.5011 -75.3747 
-58 -93.8903 -28 26 -103.626 -102.195 -55.2447 -70.7202 
-46 -99.3493 -31 27 -94.6445 -95.5458 -55.1377 -78.1456 
-56 -99.9118 -28 26 -89.6862 -90.1147 -54.079 -70.105 
-62 -95.8327 -30 27 -100.997 -99.9885 -57.1864 -71.3614 
-56 -98.8931 -31 27 -94.1284 -95.4151 -57.474 -74.2937 
-64 -98.2457 -30 26 -90.4785 -92.855 -53.6569 -73.8591 
-56 -99.1166 -30 27 -94.206 -93.6239 -54.712 -73.5172 
-56 -103.65 -31 27 -88.3913 -89.8247 -53.0092 -71.766 
-54 -103.906 -34 27 -85.7559 -90.267 -57.3351 -77.6727 
-56 -103.574 -29 27 -89.7207 -89.1368 -50.8204 -68.1796 
-62 -96.063 -30 27 -95.1239 -96.7128 -56.9632 -74.7073 
-58 -95.6739 -28 26 -101.279 -98.2949 -56.0485 -69.2967 
-50 -100.702 -30 26 -95.1859 -96.3246 -53.6975 -72.0336 
-56 -101.135 -30 26 -90.0959 -89.9218 -54.5898 -72.1738 
-56 -103.49 -32 27 -86.6399 -90.2907 -54.7719 -74.2904 
-62 -96.0512 -29 27 -100.728 -98.8468 -55.0661 -70.5214 
-55 -105.053 -33 27 -87.5532 -87.1416 -55.586 -73.879 
-56 -99.1116 -30 27 -93.8593 -94.2734 -55.3538 -73.4537 
-56 -101.15 -30 27 -92.1298 -92.4842 -52.564 -72.3146 
-56 -95.2575 -29 26 -94.4189 -96.6489 -57.956 -75.7548 
-66 -96.9136 -29 27 -96.6205 -97.6889 -52.3929 -70.9713 
-56 -98.8991 -31 27 -92.1079 -94.7394 -57.1164 -75.9781 
-48 -102.677 -32 27 -87.2354 -92.4696 -55.6133 -77.8484 
-45 -100.034 -31 26 -88.7811 -94.8399 -56.5013 -79.4723 
-62 -99.8909 -30 27 -91.8641 -92.4842 -53.038 -72.3146 
-56 -101.865 -31 26 -89.483 -91.5573 -54.1677 -73.4455 
-50 -99.7983 -29 26 -96.1022 -96.3246 -52.3112 -72.0282 
-58 -99.2445 -29 26 -97.5636 -96.3483 -53.5564 -68.6567 
-56 -102.018 -31 27 -91.5572 -90.1812 -55.3551 -72.4667 
-58 -95.8924 -27 26 -101.01 -97.1532 -53.9283 -68.4567 
-56 -103.917 -33 28 -82.5771 -91.8636 -51.9577 -79.523 
-50 -100.921 -29 26 -94.9168 -95.1829 -51.5772 -71.1937 
-62 -97.4618 -30 27 -99.9264 -98.8468 -55.5769 -70.5268 
-56 -97.6849 -31 27 -93.1783 -95.8811 -58.7259 -76.8127 
-46 -98.086 -32 27 -95.6732 -96.9944 -61.8577 -79.1694 
-56 -101.723 -28 26 -91.2518 -89.793 -52.1331 -67.7306 
-56 -102.08 -30 27 -91.2882 -89.0395 -53.2348 -71.6268 
-56 -103.824 -29 27 -89.9041 -87.254 -51.0581 -68.3194 
-56 -100.522 -31 27 -93.0579 -94.2734 -55.8646 -73.4591 
-50 -101.672 -32 26 -84.7195 -92.2044 -56.4736 -79.3878 
-60 -100.412 -31 27 -90.5799 -91.6696 -54.923 -74.3656 
-57 -94.0853 -29 26 -103.654 -101.672 -58.913 -72.0171 
-56 -100.31 -32 27 -91.3065 -94.7394 -57.6273 -75.9836 
-48 -101.773 -31 27 -88.1517 -92.4696 -54.227 -77.843 
-62 -95.9707 -31 27 -95.1078 -98.7964 -57.4737 -76.9079 
-46 -101.236 -33 27 -90.1708 -92.8452 -59.1498 -80.5381 
-66 -97.1322 -28 27 -96.3514 -96.5472 -50.2726 -70.1314 
FEATURES_TXT_END_0
FEATURES_TXT_BEGIN_0 57 100 8 Distortion0_0 LM0_0 WordPenalty0_0 PhrasePenalty0_0 TranslationModel0_0 TranslationModel0_1 TranslationModel0_2 TranslationModel0_3 
-81 -148.764 -47 44 -134.231 -144.519 -76.271 -120.253 
-81 -149.409 -47 43 -133.297 -142.471 -75.4399 -119.941 
-77 -152.438 -48 45 -130.106 -139.15 -77.8021 -120.174 
-77 -153.083 -48 44 -129.173 -137.103 -76.971 -119.862 
-82 -150.653 -47 44 -129.221 -140.223 -76.1365 -120.052 
-73 -151.787 -45 41 -132.975 -144.035 -72.5069 -114.773 
-81 -147.182 -46 44 -141.127 -144.48 -78.2787 -117.136 
-79 -148.59 -49 44 -128.622 -147.535 -82.3577 -125.105 
-82 -151.299 -47 43 -128.288 -138.176 -75.3053 -119.74 
-81 -150.17 -46 43 -133.015 -139.866 -75.5891 -117.314 
-81 -147.828 -46 43 -140.193 -142.433 -77.4476 -116.824 
-78 -154.328 -48 45 -125.097 -134.854 -77.6676 -119.974 
-79 -149.236 -49 43 -127.688 -145.487 -81.5266 -124.793 
-77 -150.856 -47 45 -137.002 -139.112 -79.8098 -117.057 
-81 -150.816 -46 42 -132.081 -137.819 -74.758 -117.002 
-75 -152.264 -50 45 -124.497 -142.166 -83.8888 -125.027 
-78 -154.973 -48 44 -124.163 -132.807 -76.8364 -119.661 
-77 -153.844 -47 44 -128.89 -134.497 -77.1202 -117.235 
-77 -151.502 -47 44 -136.069 -137.065 -78.9787 -116.745 
-78 -152.763 -47 43 -129.359 -139.456 -77.5347 -116.906 
-75 -152.91 -50 44 -123.564 -140.119 -83.0577 -124.714 
-71 -148.536 -48 43 -132.82 -148.92 -81.608 -123.975 
-77 -154.49 -47 43 -127.957 -132.45 -76.2891 -116.923 
-82 -149.072 -46 44 -136.117 -140.185 -78.1441 -116.935 
-73 -150.206 -44 41 -139.871 -143.997 -74.5146 -111.656 
-79 -145.986 -46 44 -140.244 -147.139 -80.4142 -119.245 
-71 -149.182 -48 42 -131.887 -146.873 -80.7769 -123.662 
-80 -150.48 -49 44 -123.612 -143.239 -82.2232 -124.905 
-71 -151.614 -47 41 -127.366 -147.051 -78.5936 -119.626 
-81 -149.96 -47 43 -133.258 -142.134 -75.4797 -119.775 
-79 -147.009 -48 44 -135.518 -147.496 -84.3654 -121.988 
-82 -149.718 -46 43 -135.184 -138.137 -77.313 -116.623 
-67 -152.21 -49 44 -128.696 -143.552 -83.1391 -123.896 
-79 -146.632 -46 43 -139.311 -145.092 -79.583 -118.933 
-81 -148.589 -45 43 -139.911 -139.828 -77.5968 -114.197 
-80 -151.125 -49 43 -122.679 -141.192 -81.3921 -124.593 
-78 -152.746 -47 45 -131.993 -134.816 -79.6752 -116.857 
-73 -153.791 -45 41 -129.95 -141.497 -69.2734 -115.26 
-75 -149.66 -47 45 -136.12 -141.771 -81.9453 -119.166 
-79 -149.996 -48 43 -127.406 -142.882 -81.6758 -122.167 
-81 -150.606 -47 42 -132.325 -140.086 -74.6486 -119.463 
-79 -147.654 -48 43 -134.584 -145.449 -83.5343 -121.676 
-67 -152.856 -49 43 -127.763 -141.505 -82.308 -123.584 
-76 -154.154 -50 45 -119.488 -137.87 -83.7543 -124.826 
-81 -149.234 -45 42 -138.977 -137.78 -76.7657 -113.885 
-77 -153.634 -48 44 -129.134 -136.765 -77.0108 -119.697 
-75 -150.683 -49 45 -131.393 -142.128 -85.8965 -121.91 
-78 -153.392 -47 44 -131.059 -132.769 -78.8441 -116.544 
-75 -150.306 -47 44 -135.186 -139.724 -81.1141 -118.854 
-79 -150.642 -48 42 -126.472 -140.835 -80.8447 -121.855 
-71 -145.932 -45 43 -144.443 -148.525 -79.6644 -118.114 
-77 -152.263 -46 44 -135.786 -134.459 -79.1279 -114.118 
-76 -154.799 -50 44 -118.554 -135.823 -82.9231 -124.514 
-72 -150.426 -48 43 -127.811 -144.625 -81.4735 -123.774 
-63 -151.56 -46 40 -131.565 -148.437 -77.8439 -118.495 
-75 -153.67 -49 44 -123.281 -137.513 -83.2069 -122.088 
-77 -154.28 -48 43 -128.2 -134.718 -76.1796 -119.384 
-78 -151.181 -46 43 -136.255 -139.417 -79.5424 -113.789 
-75 -151.328 -49 44 -130.46 -140.081 -85.0654 -121.597 
-71 -146.955 -47 43 -139.717 -148.882 -83.6157 -120.858 
-76 -152.589 -49 43 -123.75 -142.472 -83.6214 -121.758 
-71 -146.578 -45 42 -143.509 -146.478 -78.8333 -117.802 
-77 -152.908 -46 43 -134.853 -132.412 -78.2968 -113.806 
-80 -147.876 -46 44 -135.234 -142.844 -80.2796 -119.044 
-71 -149.01 -44 41 -138.989 -146.656 -76.65 -113.765 
-72 -151.071 -48 42 -126.877 -142.577 -80.6423 -123.462 
-75 -154.316 -49 43 -122.348 -135.466 -82.3758 -121.776 
-67 -149.606 -46 44 -140.318 -143.157 -81.1955 -118.035 
-71 -149.942 -47 42 -131.604 -144.268 -80.9261 -121.036 
-82 -151.85 -47 43 -128.248 -137.838 -75.3451 -119.575 
-71 -147.6 -47 42 -138.783 -146.835 -82.7846 -120.545 
-73 -152.984 -45 40 -132.003 -141.65 -71.7156 -114.296 
-81 -149.945 -47 43 -133.146 -142.471 -75.9019 -119.941 
-80 -148.898 -48 44 -130.508 -143.2 -84.2309 -121.788 
-71 -150.032 -46 41 -134.262 -147.013 -80.6013 -116.509 
-68 -154.1 -49 44 -123.686 -139.256 -83.0046 -123.695 
-80 -148.521 -46 43 -134.301 -140.796 -79.4485 -118.732 
-78 -154.766 -47 43 -126.334 -136.917 -74.3012 -117.392 
-81 -148.379 -46 43 -140.154 -142.095 -77.4874 -116.658 
-76 -150.3 -46 43 -131.314 -141.605 -78.8842 -118.532 
-79 -147.392 -45 43 -139.028 -142.487 -79.7323 -116.306 
-67 -150.629 -48 44 -135.592 -143.514 -85.1468 -120.779 
-67 -150.252 -46 43 -139.385 -141.11 -80.3644 -117.723 
-71 -150.588 -47 41 -130.671 -142.221 -80.095 -120.724 
-76 -151.55 -47 45 -131.11 -137.475 -81.8107 -118.965 
-82 -152.496 -47 42 -127.315 -135.791 -74.514 -119.263 
-81 -150.591 -47 42 -132.213 -140.424 -75.0708 -119.629 
-80 -149.544 -48 43 -129.575 -141.153 -83.3997 -121.476 
-68 -154.745 -49 43 -122.753 -137.209 -82.1734 -123.383 
-79 -148.482 -47 43 -129.532 -141.833 -82.1743 -122.114 
-81 -151.367 -46 42 -132.042 -137.481 -74.7978 -116.837 
-73 -152.21 -44 41 -136.846 -141.459 -71.2811 -112.142 
-79 -148.415 -47 43 -134.302 -142.844 -83.6835 -119.05 
-67 -153.616 -48 43 -127.48 -138.899 -82.4572 -120.957 
-81 -149.024 -46 42 -139.221 -140.048 -76.6562 -116.346 
-79 -148.038 -45 42 -138.094 -140.439 -78.9011 -115.994 
-81 -149.394 -47 44 -134.27 -144.857 -76.2312 -120.419 
-78 -155.524 -48 44 -124.124 -132.469 -76.8762 -119.496 
-67 -151.274 -48 43 -134.659 -141.466 -84.3157 -120.467 
-77 -153.619 -48 44 -129.022 -137.103 -77.433 -119.862 
FEATURES_TXT_END_0
FEATURES_TXT_BEGIN_0 58 100 8 Distortion0_0 LM0_0 WordPenalty0_0 PhrasePenalty0_0 TranslationModel0_0 TranslationModel0_1 TranslationModel0_2 TranslationModel0_3 
-66 -169.64 -57 46 -134.669 -137.126 -89.7043 -122.174 
-66 -172.826 -57 46 -130.508 -133.871 -85.9423 -121.012 
-90 -165.441 -56 46 -133.386 -135.323 -86.4719 -121.611 
-58 -171.105 -56 46 -138.148 -141.238 -89.5056 -118.822 
-90 -166.581 -56 48 -133.673 -136.734 -85.6098 -121.01 
-58 -174.291 -56 46 -133.988 -137.983 -85.7437 -117.66 
-90 -163.121 -56 46 -138.427 -138.68 -86.0664 -123.584 
-66 -171.401 -58 46 -133.954 -137.126 -90.8029 -122.179 
-70 -170.249 -58 47 -133.297 -133.018 -91.8266 -123.915 
-90 -165.911 -56 46 -133.643 -134.461 -86.6725 -121.416 
-70 -174.711 -58 47 -127.776 -128.257 -87.4986 -121.631 
-66 -174.587 -58 46 -129.793 -133.871 -87.0409 -121.017 
-70 -173.435 -58 47 -129.136 -129.763 -88.0646 -122.753 
-82 -166.906 -55 46 -136.865 -139.435 -86.2732 -118.259 
-70 -177.897 -58 47 -123.615 -125.002 -83.7367 -120.469 
-66 -174.747 -58 46 -127.646 -133.914 -86.0713 -122.456 
-66 -170.323 -56 46 -134.498 -137.126 -86.4423 -122.168 
-78 -171.158 -56 46 -129.447 -134.19 -82.6081 -120.929 
-90 -167.051 -56 48 -133.93 -135.872 -85.8105 -120.815 
-74 -172.864 -57 46 -129.441 -139.147 -80.6647 -121.577 
-90 -163.59 -56 46 -138.685 -137.818 -86.2671 -123.389 
-94 -166.05 -57 47 -132.013 -131.215 -88.5942 -123.352 
-66 -174.055 -57 46 -130.371 -134.166 -85.6845 -120.551 
-66 -169.81 -57 46 -135.743 -138.489 -89.5501 -123.062 
-82 -168.046 -55 48 -137.153 -140.845 -85.4112 -117.658 
-70 -171.447 -57 47 -132.509 -137.461 -85.8138 -122.688 
-82 -164.586 -55 46 -141.907 -142.792 -85.8678 -120.232 
-94 -170.512 -57 47 -126.493 -126.454 -84.2662 -121.068 
-70 -173.297 -57 46 -130.645 -136.217 -83.616 -121.119 
-66 -172.997 -57 46 -131.582 -135.234 -85.7882 -121.9 
-66 -170.225 -58 47 -135.917 -137.357 -92.0102 -124.148 
-58 -172.865 -57 46 -137.434 -141.238 -90.6042 -118.827 
-82 -167.375 -55 46 -137.122 -138.573 -86.4739 -118.064 
-58 -171.68 -56 46 -138.188 -141.576 -89.4658 -118.987 
-62 -176.176 -57 47 -131.256 -132.369 -87.2999 -118.279 
-60 -170.559 -55 47 -137.199 -137.234 -88.2971 -120.656 
-66 -173.412 -58 47 -131.756 -134.102 -88.2482 -122.986 
-58 -176.052 -57 46 -133.273 -137.983 -86.8423 -117.665 
-94 -167.191 -57 49 -132.301 -132.626 -87.7321 -122.751 
-62 -174.805 -57 45 -130.547 -136.023 -83.7374 -121.209 
-58 -174.866 -56 46 -134.027 -138.321 -85.7038 -117.825 
-94 -163.73 -57 47 -137.055 -134.572 -88.1887 -125.325 
-58 -172.894 -57 46 -136.263 -141.885 -88.2528 -120.627 
-66 -173.591 -57 46 -130.756 -135.918 -85.9278 -121.324 
-94 -171.652 -57 49 -126.781 -127.865 -83.4042 -120.467 
-62 -179.362 -57 47 -127.095 -129.114 -83.538 -117.117 
-60 -173.745 -55 47 -133.038 -133.979 -84.5351 -119.494 
-90 -165.612 -56 46 -134.46 -136.686 -86.3177 -122.499 
-62 -177.991 -57 45 -126.386 -132.768 -79.9755 -120.047 
-94 -168.192 -57 47 -131.535 -129.811 -83.8608 -123.041 
-70 -172.01 -59 47 -132.582 -133.018 -92.9252 -123.921 
-66 -169.92 -57 44 -135.183 -135.715 -90.5663 -122.775 
-62 -175.63 -56 47 -131.093 -132.369 -85.5339 -118.273 
-58 -176.08 -57 46 -132.102 -138.63 -84.4909 -119.465 
-94 -166.52 -57 47 -132.271 -130.354 -88.7948 -123.157 
-58 -176.212 -57 46 -131.125 -138.026 -85.8726 -119.104 
-66 -172.32 -57 46 -133.598 -135.984 -88.0948 -121.339 
-72 -168.57 -57 45 -135.667 -136.51 -91.9203 -122.437 
-58 -171.788 -55 46 -137.977 -141.238 -86.2437 -118.816 
-62 -175.128 -57 46 -128.337 -129.884 -86.7625 -122.18 
-66 -173.106 -57 47 -128.491 -130.318 -89.6457 -123.225 
-70 -172.623 -55 46 -132.926 -138.301 -82.4094 -117.578 
-82 -168.516 -55 48 -137.41 -139.984 -85.6118 -117.463 
-66 -174.329 -56 46 -132.92 -143.259 -80.466 -118.225 
-70 -176.472 -59 47 -127.061 -128.257 -88.5972 -121.636 
-82 -165.055 -55 46 -142.164 -141.93 -86.0684 -120.037 
-70 -175.196 -59 47 -128.421 -129.763 -89.1632 -122.759 
-66 -173.107 -57 44 -131.022 -132.46 -86.8044 -121.613 
-94 -170.982 -57 47 -126.75 -125.592 -84.4669 -120.873 
-62 -173.314 -58 46 -135.271 -137.454 -89.9919 -121.363 
-62 -178.817 -56 47 -126.933 -129.114 -81.772 -117.112 
-80 -171.59 -56 46 -129.31 -134.484 -82.3503 -120.469 
-66 -175.506 -57 46 -129.438 -132.729 -84.3329 -120.177 
-58 -175.52 -56 46 -133.851 -138.278 -85.4858 -117.199 
-74 -171.463 -57 47 -131.323 -135.115 -86.4877 -122.581 
-82 -167.481 -55 46 -136.904 -139.773 -86.2334 -118.424 
-64 -176.864 -58 46 -125.538 -127.426 -86.2776 -122.648 
-68 -174.842 -58 47 -125.692 -127.86 -89.1607 -123.693 
-72 -171.756 -57 45 -131.506 -133.255 -88.1583 -121.275 
-62 -178.315 -57 46 -124.176 -126.629 -83.0006 -121.018 
-66 -176.292 -57 47 -124.33 -127.063 -85.8837 -122.063 
-58 -171.275 -56 46 -139.223 -142.601 -89.3514 -119.71 
-70 -173.169 -58 47 -131.317 -140.073 -84.5443 -123.229 
-58 -171.17 -56 46 -139.436 -143.419 -90.1987 -119.197 
-62 -172.912 -56 47 -135.989 -141.573 -85.6151 -119.336 
-64 -170.359 -57 46 -139.916 -144.508 -90.4219 -120.085 
-70 -179.658 -59 47 -122.901 -125.002 -84.8353 -120.474 
-86 -171.977 -56 47 -129.972 -130.566 -84.0676 -117.716 
-62 -176.5 -58 46 -131.111 -134.199 -86.23 -120.202 
-84 -166.36 -54 47 -135.915 -135.431 -85.0647 -120.093 
-86 -170.606 -56 45 -129.263 -134.22 -80.505 -120.646 
-64 -171.916 -57 46 -136.263 -141.885 -88.2528 -120.627 
-64 -180.05 -58 46 -121.377 -124.171 -82.5156 -121.486 
-68 -178.028 -58 47 -121.531 -124.605 -85.3988 -122.531 
-62 -174.762 -56 46 -134.124 -140.329 -83.4173 -117.767 
-66 -176.508 -59 46 -126.931 -133.914 -87.1699 -122.462 
-82 -168.695 -56 46 -134.98 -140.082 -85.0204 -120.064 
-70 -175.356 -59 47 -126.274 -129.806 -88.1936 -124.198 
-90 -166.752 -56 48 -134.748 -138.097 -85.4557 -121.898 
-58 -174.461 -56 46 -135.062 -139.346 -85.5895 -118.548 
FEATURES_TXT_END_0
FEATURES_TXT_BEGIN_0 59 100 8 Distortion0_0 LM0_0 WordPenalty0_0 PhrasePenalty0_0 TranslationModel0_0 TranslationModel0_1 TranslationModel0_2 TranslationModel0_3 
-68 -135.817 -36 30 -74.4643 -75.9345 -44.8308 -64.6046 
-60 -134.914 -36 30 -76.1156 -79.3963 -47.3565 -67.1444 
-56 -139.772 -36 30 -74.2739 -72.5603 -44.3034 -63.6038 
-72 -135.639 -36 30 -70.8525 -75.3788 -45.8874 -65.3695 
-54 -140.657 -37 29 -68.5444 -73.0258 -43.3445 -67.698 
-48 -138.714 -36 29 -75.6753 -76.7807 -48.1778 -64.8033 
-68 -139.439 -37 30 -69.3675 -71.7092 -43.7322 -64.8753 
-50 -138.625 -35 29 -76.4799 -76.5499 -46.2171 -62.8288 
-58 -139.872 -36 29 -73.1141 -72.5603 -43.4454 -63.6038 
-34 -144.731 -38 29 -78.5549 -72.7233 -51.2124 -61.8486 
-34 -144.185 -37 28 -77.9301 -72.7233 -48.5847 -61.8431 
-56 -138.523 -36 30 -67.5304 -71.7188 -46.8386 -68.6659 
-28 -148.173 -39 30 -73.8605 -71.232 -49.468 -64.2879 
-60 -138.535 -37 30 -71.0188 -75.171 -46.2579 -67.4151 
-56 -143.394 -37 30 -69.1771 -68.3351 -43.2048 -63.8745 
-54 -139.408 -37 29 -61.8009 -72.1842 -45.8797 -72.7601 
-28 -147.627 -38 29 -73.2357 -71.232 -46.8402 -64.2825 
-48 -137.464 -36 29 -68.9318 -75.9391 -50.713 -69.8654 
-58 -133.47 -34 28 -80.7076 -77.2487 -44.0047 -66.1912 
-72 -139.261 -37 30 -65.7557 -71.1536 -44.7888 -65.6402 
-54 -144.279 -38 29 -63.4476 -68.8006 -42.2459 -67.9686 
-48 -142.335 -37 29 -70.5785 -72.5554 -47.0792 -65.074 
-36 -147.266 -39 29 -73.5802 -71.327 -49.7162 -62.6069 
-68 -134.537 -36 31 -82.5685 -76.5325 -48.8787 -63.206 
-66 -138.271 -38 30 -71.2651 -76.1653 -48.4647 -66.5845 
-34 -143.783 -36 28 -78.0302 -72.7233 -46.6387 -61.8377 
-50 -137.375 -35 29 -69.7364 -75.7083 -48.7523 -67.8909 
-56 -141.079 -37 30 -74.4362 -72.5603 -46.0694 -63.6092 
-36 -146.72 -38 28 -72.9554 -71.327 -47.0885 -62.6015 
-58 -138.622 -36 29 -66.3706 -71.7188 -45.9806 -68.6659 
-34 -143.481 -38 29 -71.8114 -71.8817 -53.7476 -66.9107 
-50 -142.246 -36 29 -71.3831 -72.3247 -45.1185 -63.0995 
-58 -140.954 -37 29 -73.1888 -72.5603 -45.3707 -63.6092 
-66 -135.422 -37 30 -76.8389 -76.998 -47.9198 -67.3001 
-68 -138.181 -37 30 -72.0697 -75.9345 -46.5039 -64.61 
-70 -136.393 -36 30 -70.5075 -75.003 -46.4111 -65.8732 
-60 -133.478 -36 30 -83.9698 -80.7528 -52.7532 -64.4055 
-54 -141.964 -38 29 -68.7066 -73.0258 -45.1105 -67.7034 
-34 -142.935 -37 28 -71.1866 -71.8817 -51.1198 -66.9052 
-58 -143.493 -37 29 -68.0173 -68.3351 -42.3468 -63.8744 
-52 -144.287 -40 30 -74.1447 -72.1078 -51.4993 -63.6298 
-56 -139.901 -35 30 -74.1993 -72.5603 -42.3781 -63.5983 
-28 -147.225 -37 29 -73.3358 -71.232 -44.8943 -64.2771 
-62 -133.389 -35 30 -84.7744 -80.5221 -50.7924 -62.431 
-52 -143.741 -39 29 -73.5199 -72.1078 -48.8715 -63.6244 
-40 -145.935 -39 30 -74.2839 -68.9684 -49.595 -64.7432 
-28 -146.923 -39 30 -67.117 -70.3904 -52.0032 -69.35 
-50 -132.567 -34 28 -82.3589 -80.7105 -46.5305 -68.731 
-46 -137.425 -34 28 -80.5172 -73.8746 -43.4773 -65.1904 
-34 -148.535 -38 29 -73.3697 -67.0534 -47.8429 -61.2759 
-46 -139.495 -38 30 -86.8495 -76.6954 -55.7878 -61.4508 
-36 -145.556 -40 29 -76.8082 -71.1716 -54.0517 -64.8274 
-66 -138.664 -36 30 -68.4436 -70.3059 -45.3886 -66.048 
-56 -142.144 -37 30 -62.4336 -67.4935 -45.74 -68.9366 
-50 -135.99 -35 29 -81.3986 -78.4268 -48.8143 -64.9538 
-40 -145.389 -38 29 -73.659 -68.9684 -46.9672 -64.7378 
-36 -146.141 -39 28 -75.7412 -71.1716 -47.6928 -64.822 
-28 -146.377 -38 29 -66.4922 -70.3904 -49.3754 -69.3446 
-58 -137.367 -38 30 -72.9164 -79.627 -50.9904 -69.1243 
-34 -147.989 -37 28 -72.7449 -67.0534 -45.2151 -61.2704 
-46 -138.949 -37 29 -86.2246 -76.6954 -53.16 -61.4453 
-36 -146.318 -37 28 -73.0554 -71.327 -45.1425 -62.5961 
-62 -133.292 -34 28 -77.0958 -76.6931 -45.0614 -66.9561 
-46 -147.729 -41 31 -69.4504 -70.6166 -49.7548 -66.0691 
-66 -137.907 -37 29 -68.7347 -76.4 -43.8719 -68.6988 
-64 -139.55 -37 29 -62.714 -70.7714 -44.4297 -70.1422 
-54 -143.029 -38 29 -56.704 -67.959 -44.7811 -73.0307 
-58 -137.606 -36 29 -69.8449 -74.5263 -49.263 -67.2476 
-72 -134.359 -36 31 -78.9567 -75.9768 -49.9353 -63.9708 
-48 -141.086 -37 29 -63.835 -71.7139 -49.6144 -70.1361 
-46 -147.183 -40 30 -68.8255 -70.6166 -47.127 -66.0637 
-70 -138.093 -38 30 -67.6534 -75.6096 -49.5213 -67.3494 
-36 -146.017 -39 29 -66.8367 -70.4855 -52.2514 -67.669 
-60 -137.278 -37 30 -73.721 -79.3963 -49.0296 -67.1498 
-34 -142.533 -36 28 -71.2867 -71.8817 -49.1739 -66.8998 
-54 -142.335 -38 30 -71.0748 -72.7911 -47.9372 -65.5836 
-70 -137.628 -38 31 -72.5126 -76.1653 -49.1634 -66.5845 
-32 -144.746 -36 29 -81.6112 -68.5824 -47.6592 -60.82 
-68 -134.538 -36 30 -76.9138 -77.8114 -47.1758 -66.7296 
-56 -139.829 -37 30 -67.6927 -71.7188 -48.6046 -68.6713 
-58 -137.092 -35 28 -75.6107 -73.0234 -42.9061 -66.4619 
-34 -149.377 -40 31 -69.5895 -67.4771 -47.8506 -67.1826 
-32 -147.738 -37 29 -74.5134 -70.5509 -45.1852 -61.7196 
-36 -145.471 -38 28 -66.2119 -70.4855 -49.6236 -67.6636 
-40 -142.937 -39 31 -82.1551 -75.2042 -54.0433 -63.8901 
-39 -142.976 -35 29 -80.5745 -69.0047 -45.2318 -60.8413 
-34 -144.915 -37 29 -78.6064 -73.2171 -49.046 -61.7217 
-44 -143.384 -40 30 -75.796 -75.5696 -54.025 -66.1695 
-68 -138.158 -37 31 -77.4717 -72.3072 -47.7801 -63.4766 
-66 -141.892 -39 30 -66.1683 -71.94 -47.366 -66.8552 
-34 -148.831 -39 30 -68.9647 -67.4771 -45.2228 -67.1772 
-70 -135.244 -37 30 -73.2272 -76.4423 -48.9764 -68.065 
-60 -137.517 -35 29 -70.6495 -74.2955 -47.3023 -65.2731 
-54 -146.823 -41 30 -69.17 -70.7116 -50.0031 -64.3881 
-50 -140.996 -36 29 -64.6396 -71.4831 -47.6536 -68.1616 
-58 -139.704 -37 29 -66.4453 -71.7188 -47.9059 -68.6713 
-72 -138.003 -37 30 -68.458 -75.3788 -47.5605 -65.3749 
-32 -147.192 -36 28 -73.8886 -70.5509 -42.5574 -61.7142 
-52 -143.34 -38 29 -73.62 -72.1078 -46.9256 -63.6189 
-40 -142.391 -38 30 -81.5303 -75.2042 -51.4155 -63.8847 
FEATURES_TXT_END_0
FEATURES_TXT_BEGIN_0 60 100 8 Distortion0_0 LM0_0 WordPenalty0_0 PhrasePenalty0_0 TranslationModel0_0 TranslationModel0_1 TranslationModel0_2 TranslationModel0_3 
-59 -118.775 -34 28 -86.0021 -96.3153 -51.2075 -79.974 
-57 -115.105 -34 28 -90.2056 -99.9754 -54.6574 -83.0636 
-59 -118.686 -33 28 -85.3701 -96.7376 -48.3027 -79.9954 
-57 -115.015 -33 28 -89.5736 -100.398 -51.7525 -83.0849 
-57 -119.76 -35 28 -86.2263 -96.6533 -53.8413 -80.145 
-57 -119.527 -34 28 -83.0746 -94.5715 -52.106 -81.2382 
-61 -115.614 -36 27 -85.9822 -95.1414 -58.2075 -86.3021 
-59 -119.642 -35 28 -82.4865 -94.1497 -51.2985 -83.443 
-57 -119.508 -34 28 -86.0414 -96.6533 -51.1677 -80.1395 
-63 -116.149 -35 29 -87.6027 -94.1148 -56.2805 -84.002 
-57 -119.67 -34 28 -85.5943 -97.0756 -50.9364 -80.1663 
-61 -112.479 -35 29 -91.8062 -97.7749 -59.7304 -87.0916 
-57 -119.437 -33 28 -82.4425 -94.9938 -49.2011 -81.2595 
-59 -119.621 -33 29 -85.221 -96.3559 -48.4219 -79.647 
-57 -120.248 -35 28 -86.1871 -96.3153 -53.8811 -79.9795 
-59 -119.552 -34 28 -81.8545 -94.572 -48.3936 -83.4643 
-57 -119.418 -33 28 -85.4093 -97.0756 -48.2629 -80.1609 
-57 -115.951 -33 29 -89.4245 -100.016 -51.8718 -82.7365 
-59 -119.458 -36 28 -85.0238 -95.0898 -54.6615 -83.3829 
-59 -119.975 -34 29 -85.853 -95.9336 -51.3268 -79.6256 
-57 -116.305 -34 29 -90.0565 -99.5937 -54.7767 -82.7152 
-65 -116.388 -34 27 -83.2373 -94.6285 -51.8833 -84.1837 
-61 -114.715 -33 28 -91.7862 -101.753 -52.9079 -81.1403 
-61 -117.134 -36 29 -87.8269 -94.4528 -58.9143 -84.173 
-61 -116.55 -36 28 -85.8331 -94.7597 -58.3268 -85.9537 
-57 -119.997 -34 28 -86.0021 -96.3153 -51.2075 -79.974 
-61 -116.9 -35 29 -84.6752 -92.371 -57.179 -85.2662 
-63 -112.329 -34 29 -94.8334 -101.929 -57.2419 -84.0069 
-57 -120.158 -34 28 -85.555 -96.7376 -50.9762 -80.0008 
-61 -108.659 -34 29 -99.0369 -105.589 -60.6917 -87.0964 
-59 -119.369 -35 28 -84.3918 -95.5121 -51.7566 -83.4042 
-63 -117.015 -36 29 -84.0871 -91.9492 -56.3715 -87.471 
-57 -120.606 -34 29 -85.4452 -96.6939 -51.0557 -79.8179 
-64 -114.732 -33 29 -94.1871 -94.9753 -55.5207 -79.7297 
-61 -116.882 -35 29 -87.6419 -94.4528 -56.2407 -84.1675 
-65 -114.214 -34 28 -88.0104 -99.3104 -54.5005 -84.5205 
-65 -115.603 -36 27 -84.3651 -94.5815 -56.7503 -87.4596 
-62 -111.061 -33 29 -98.3906 -98.6354 -58.9706 -82.8193 
-59 -119.651 -35 28 -83.8888 -95.0898 -51.5704 -83.3775 
-57 -119.454 -34 28 -85.6086 -95.1621 -53.6499 -80.4071 
-61 -114.625 -32 28 -91.1541 -102.175 -50.003 -81.1616 
-57 -120.96 -35 29 -86.0772 -96.2716 -53.9606 -79.7965 
-64 -115.085 -34 29 -94.8192 -94.553 -58.4256 -79.7084 
-57 -120.373 -33 29 -82.2934 -94.6121 -49.3204 -80.9111 
-62 -111.415 -34 29 -99.0227 -98.2131 -61.8755 -82.7979 
-61 -112.901 -34 27 -87.0042 -98.1834 -56.9019 -87.5727 
-57 -119.907 -33 28 -85.3701 -96.7376 -48.3027 -79.9954 
-57 -120.726 -34 29 -82.9255 -94.1898 -52.2253 -80.8897 
-67 -117.626 -35 29 -85.9053 -92.2454 -52.6014 -83.8676 
-66 -111.66 -36 28 -94.7992 -93.3791 -65.4256 -86.0365 
-59 -120.488 -34 29 -81.7054 -94.1903 -48.5129 -83.1159 
-65 -113.956 -35 29 -90.1088 -95.9055 -56.0512 -86.9571 
-57 -119.307 -34 28 -87.2136 -96.6786 -52.5115 -80.4369 
-57 -120.354 -33 29 -85.2602 -96.6939 -48.3821 -79.8125 
-63 -122.739 -34 30 -79.8889 -91.3252 -48.825 -79.2343 
-61 -119.069 -34 30 -84.0924 -94.9852 -52.2748 -82.3238 
-61 -117.622 -36 29 -87.7877 -94.1148 -58.9541 -84.0075 
-59 -120.841 -35 29 -82.3374 -93.768 -51.4178 -83.0946 
-64 -115.398 -33 29 -93.9396 -92.9282 -55.5352 -79.4176 
-61 -113.314 -35 29 -95.0576 -102.267 -59.8756 -84.1778 
-57 -120.708 -34 29 -85.8923 -96.2716 -51.287 -79.7911 
-63 -123.093 -35 30 -80.5209 -90.9029 -51.7299 -79.2129 
-65 -114.124 -33 28 -87.3783 -99.7327 -51.5957 -84.5419 
-62 -111.728 -33 29 -98.1432 -96.5883 -58.9851 -82.5071 
-65 -117.323 -34 28 -83.0882 -94.2468 -52.0026 -83.8353 
-59 -119.561 -34 28 -83.2568 -95.5121 -48.6656 -83.3988 
-61 -119.422 -35 30 -84.7245 -94.5629 -55.1797 -82.3025 
-57 -119.364 -33 28 -84.9766 -95.5844 -50.745 -80.4284 
-65 -118.374 -33 28 -85.3701 -96.7376 -48.3027 -79.9954 
-63 -116.832 -37 29 -86.6244 -92.8893 -59.7344 -87.4109 
-63 -114.704 -33 28 -89.5736 -100.398 -51.7525 -83.0849 
-61 -113.081 -34 29 -91.9058 -100.185 -58.1403 -85.271 
-57 -115.968 -35 28 -88.442 -98.0977 -57.375 -85.6578 
-66 -121.78 -33 29 -83.184 -88.409 -52.0172 -74.7367 
-63 -117.755 -33 29 -87.7613 -96.7376 -50.9478 -79.9954 
-61 -114.624 -34 27 -89.5232 -94.7675 -57.8891 -83.7952 
-62 -115.716 -34 29 -94.4113 -95.3133 -58.1545 -79.9007 
-59 -118.401 -33 28 -88.8784 -97.8125 -49.7241 -79.7588 
-64 -118.109 -33 29 -87.3875 -92.0691 -55.467 -77.8263 
-61 -114.085 -33 29 -91.9648 -100.398 -54.3977 -83.0849 
-61 -117.462 -34 27 -84.8544 -95.1884 -53.3406 -83.0262 
-71 -115.603 -33 29 -89.0429 -100.084 -50.3823 -79.9321 
-65 -119.668 -37 29 -80.501 -89.7289 -58.7298 -85.541 
-65 -112.088 -34 29 -93.3868 -99.5525 -57.9808 -85.1683 
-63 -118.109 -34 29 -88.3933 -96.3153 -53.8527 -79.974 
-69 -111.933 -33 29 -93.2464 -103.744 -53.8322 -83.0217 
-63 -122.142 -33 29 -81.6209 -90.2159 -48.4464 -77.525 
-62 -116.07 -35 29 -95.0434 -94.891 -61.0594 -79.8793 
-62 -115.483 -33 29 -91.2596 -93.2315 -56.4192 -80.9939 
-61 -114.439 -34 29 -92.5968 -99.9754 -57.3026 -83.0636 
-61 -118.472 -33 29 -85.8244 -93.876 -51.8963 -80.6146 
-57 -121.094 -34 29 -85.4059 -96.3559 -51.0955 -79.6524 
-61 -117.37 -35 29 -87.6027 -94.1148 -56.2805 -84.002 
-63 -113.196 -35 29 -91.3178 -99.7634 -57.3328 -87.4758 
-61 -116.158 -34 27 -88.5009 -96.3669 -54.7536 -82.8933 
-57 -119.217 -33 28 -86.5815 -97.101 -49.6066 -80.4583 
-61 -114.82 -36 28 -92.6521 -101.706 -60.3306 -84.4216 
-61 -113.062 -34 29 -94.8726 -102.267 -57.2021 -84.1724 
-63 -122.496 -34 29 -82.2529 -89.7936 -51.3513 -77.5037 
-62 -115.836 -34 29 -91.8916 -92.8092 -59.3241 -80.9725 
FEATURES_TXT_END_0
FEATURES_TXT_BEGIN_0 61 100 8 Distortion0_0 LM0_0 WordPenalty0_0 PhrasePenalty0_0 TranslationModel0_0 TranslationModel0_1 TranslationModel0_2 TranslationModel0_3 
-95 -207.036 -57 46 -122.075 -152.231 -63.7022 -128.249 
-97 -207.836 -57 46 -119.805 -152.231 -62.2189 -128.249 
-85 -206.885 -60 46 -119.717 -152.954 -74.1872 -135.48 
-95 -207.644 -58 46 -122.02 -153.71 -67.3923 -128.153 
-95 -206.823 -57 46 -122.218 -154.076 -64.7554 -128.655 
-85 -210.772 -58 45 -118.671 -153.306 -65.0432 -128.823 
-91 -207.014 -57 45 -123.377 -156.366 -64.3752 -128.724 
-95 -208.152 -58 46 -122.363 -152.231 -66.1871 -128.254 
-85 -208.276 -59 45 -118.202 -153.952 -70.6036 -132.913 
-91 -213.681 -58 44 -109.399 -145.597 -60.8739 -128.742 
-87 -207.685 -60 46 -117.447 -152.954 -72.7038 -135.48 
-103 -208.114 -57 47 -122.097 -144.473 -63.5636 -126.664 
-103 -208.198 -56 47 -121.849 -144.24 -61.261 -125.631 
-95 -209.407 -58 46 -119.773 -152.231 -64.3954 -128.254 
-97 -207.623 -57 46 -119.948 -154.076 -63.272 -128.655 
-95 -208.51 -57 46 -124.033 -151.996 -63.7022 -126.129 
-97 -203.222 -57 46 -125.087 -156.371 -67.7753 -131.695 
-85 -210.911 -58 46 -120.672 -154.877 -64.2296 -128.59 
-87 -211.572 -58 45 -116.4 -153.306 -63.5598 -128.823 
-93 -207.814 -57 45 -121.107 -156.366 -62.8918 -128.724 
-97 -208.952 -58 46 -120.093 -152.231 -64.7038 -128.254 
-87 -209.077 -59 45 -115.932 -153.952 -69.1203 -132.913 
-105 -208.915 -57 47 -119.827 -144.473 -62.0802 -126.664 
-105 -208.998 -56 47 -119.578 -144.24 -59.7777 -125.631 
-93 -209.358 -59 46 -121.116 -153.244 -65.7738 -130.111 
-95 -207.051 -56 47 -123.813 -152.231 -62.1681 -128.243 
-85 -207.493 -61 46 -119.662 -154.434 -77.8772 -135.385 
-85 -206.671 -60 46 -119.86 -154.799 -75.2403 -135.887 
-97 -209.31 -57 46 -121.763 -151.996 -62.2189 -126.129 
-99 -208.599 -57 46 -121.139 -151.189 -61.9105 -127.371 
-95 -208.267 -57 46 -123.632 -148.818 -64.5298 -127.525 
-95 -207.431 -58 46 -122.163 -155.555 -68.4454 -128.56 
-87 -211.712 -58 46 -118.402 -154.877 -62.7462 -128.59 
-95 -207.682 -58 46 -122.919 -152.894 -64.3911 -130.443 
-85 -208.001 -61 46 -120.005 -152.954 -76.6721 -135.486 
-81 -213.53 -61 44 -107.041 -146.32 -71.3588 -135.974 
-87 -209.595 -59 46 -123.515 -156.765 -66.3381 -130.229 
-91 -215.236 -59 44 -109.125 -145.175 -61.8179 -128.721 
-99 -206.498 -57 50 -128.685 -149.393 -66.2683 -128.084 
-85 -208.039 -59 47 -124.68 -154.562 -69.3936 -132.771 
-95 -208.14 -57 46 -124.176 -153.841 -64.7554 -126.536 
-85 -211.38 -59 45 -118.615 -154.786 -68.7332 -128.728 
-97 -207.851 -56 47 -121.543 -152.231 -60.6847 -128.243 
-91 -207.622 -58 45 -123.322 -157.846 -68.0652 -128.628 
-95 -208.76 -59 46 -122.308 -153.71 -69.8772 -128.159 
-85 -210.559 -58 45 -118.814 -155.151 -66.0963 -129.23 
-85 -208.885 -60 45 -118.147 -155.432 -74.2937 -132.817 
-91 -206.8 -57 45 -123.52 -158.211 -65.4284 -129.13 
-95 -209.196 -59 46 -119.561 -152.84 -64.8009 -131.451 
-95 -207.939 -58 46 -122.506 -154.076 -67.2403 -128.661 
-85 -208.063 -59 45 -118.345 -155.797 -71.6568 -133.319 
-91 -213.468 -58 44 -109.542 -147.442 -61.927 -129.149 
-103 -208.723 -58 47 -122.042 -145.952 -67.2537 -126.569 
-103 -208.806 -57 47 -121.793 -145.719 -64.9511 -125.536 
-113 -207.474 -55 47 -119.475 -150.481 -57.2633 -123.692 
-85 -209.256 -61 46 -117.415 -152.954 -74.8803 -135.486 
-87 -207.472 -60 46 -117.59 -154.799 -73.7569 -135.887 
-95 -207.87 -56 47 -125.314 -148.92 -62.3025 -127.192 
-103 -207.901 -57 47 -122.24 -146.318 -64.6168 -127.071 
-103 -207.985 -56 47 -121.992 -146.085 -62.3142 -126.038 
-103 -206.235 -57 47 -125.757 -148.706 -65.2982 -127.682 
-103 -206.318 -56 47 -125.508 -148.473 -62.9956 -126.649 
-85 -209.822 -58 46 -122.166 -154.888 -66.1755 -129.695 
-87 -203.07 -60 46 -122.729 -157.094 -78.2602 -138.927 
-101 -209.399 -57 46 -118.869 -151.189 -60.4271 -127.371 
-97 -209.068 -57 46 -121.362 -148.818 -63.0464 -127.525 
-95 -209.118 -58 46 -123.978 -153.475 -67.3923 -126.033 
-95 -209.194 -58 46 -119.916 -154.076 -65.4485 -128.661 
-85 -211.888 -59 45 -118.958 -153.306 -67.5281 -128.829 
-91 -208.13 -58 45 -123.665 -156.366 -66.8601 -128.729 
-81 -217.417 -59 43 -105.995 -146.672 -62.2148 -129.317 
-87 -213.659 -58 43 -110.702 -149.732 -61.5468 -129.217 
-85 -209.392 -60 45 -118.49 -153.952 -73.0885 -132.918 
-91 -214.797 -59 44 -109.687 -145.597 -63.3588 -128.748 
-81 -214.921 -60 43 -105.526 -147.319 -67.7753 -133.406 
-99 -208.092 -57 46 -123.399 -148.608 -64.2366 -127.139 
-99 -208.176 -56 46 -123.151 -148.375 -61.934 -126.106 
-101 -209.804 -58 47 -120.578 -150.714 -63.0176 -127.444 
-87 -208.801 -61 46 -117.735 -152.954 -75.1887 -135.486 
-103 -209.23 -58 47 -122.385 -144.473 -66.0485 -126.67 
-103 -209.314 -57 47 -122.136 -144.24 -63.7459 -125.637 
-99 -214.759 -58 45 -109.421 -137.839 -60.7353 -127.158 
-99 -214.843 -57 45 -109.173 -137.606 -58.4327 -126.125 
-85 -211.52 -59 46 -120.617 -156.356 -67.9196 -128.494 
-89 -210.396 -59 46 -121.245 -156.765 -64.8547 -130.229 
-97 -203.008 -57 46 -125.23 -158.216 -68.8284 -132.102 
-101 -207.299 -57 50 -126.415 -149.393 -64.7849 -128.084 
-83 -209.207 -62 46 -118.758 -153.967 -76.2587 -137.342 
-85 -210.698 -58 46 -120.815 -156.722 -65.2828 -128.997 
-87 -208.839 -59 47 -122.409 -154.562 -67.9102 -132.771 
-85 -206.9 -59 47 -121.455 -152.954 -72.653 -135.475 
-97 -208.941 -57 46 -121.906 -153.841 -63.272 -126.536 
-93 -210.315 -59 46 -119.914 -153.659 -67.0231 -129.058 
-85 -213.143 -59 45 -116.368 -153.306 -65.7363 -128.829 
-99 -209.858 -58 46 -121.293 -152.111 -63.8564 -126.691 
-91 -209.385 -58 45 -121.075 -156.366 -65.0684 -128.729 
-87 -211.359 -58 45 -116.543 -155.151 -64.6129 -129.23 
-93 -207.601 -57 45 -121.25 -158.211 -63.945 -129.13 
-93 -211.965 -57 47 -120.445 -146.886 -61.7884 -125.972 
-95 -210.523 -59 46 -120.06 -152.231 -66.8803 -128.26 
FEATURES_TXT_END_0
FEATURES_TXT_BEGIN_0 62 98 8 Distortion0_0 LM0_0 WordPenalty0_0 PhrasePenalty0_0 TranslationModel0_0 TranslationModel0_1 TranslationModel0_2 TranslationModel0_3 
-64 -109.185 -32 28 -66.6898 -69.641 -38.1031 -64.6738 
-62 -106.211 -32 28 -70.2635 -71.3328 -42.5657 -67.308 
-59 -110.814 -32 28 -67.3777 -69.3223 -37.2019 -64.7507 
-63 -109.955 -32 28 -66.6898 -69.641 -38.1031 -64.6738 
-64 -109.86 -32 28 -67.0652 -69.7258 -38.1698 -64.4561 
-59 -113.68 -32 28 -65.6729 -65.6703 -36.5088 -61.755 
-52 -114.911 -32 28 -65.8755 -65.6703 -37.4822 -61.755 
-59 -110.189 -31 27 -64.3145 -72.018 -33.4242 -66.5094 
-57 -107.84 -32 28 -70.9514 -71.0141 -41.6646 -67.3849 
-61 -106.981 -32 28 -70.2635 -71.3328 -42.5657 -67.308 
-62 -106.886 -32 28 -70.639 -71.4176 -42.6324 -67.0903 
-57 -110.706 -32 28 -69.2467 -67.3622 -40.9714 -64.3891 
-64 -109.238 -33 27 -67.0259 -68.3542 -41.9403 -66.4547 
-58 -107.948 -33 29 -81.2436 -72.9032 -41.8574 -64.7426 
-50 -111.936 -32 28 -69.4493 -67.3622 -41.9449 -64.3891 
-57 -107.214 -31 27 -67.8883 -73.7098 -37.8869 -69.1436 
-59 -111.489 -32 28 -67.7531 -69.4072 -37.2686 -64.533 
-58 -109.124 -33 29 -81.046 -72.7292 -40.6861 -63.4762 
-60 -113.46 -32 28 -61.6798 -67.1584 -36.2213 -64.4228 
-63 -110.63 -32 28 -67.0652 -69.7259 -38.1698 -64.4561 
-66 -109.465 -31 28 -66.3739 -69.641 -36.0236 -64.6684 
-64 -110.367 -32 28 -66.8332 -70.138 -38.359 -64.5006 
-60 -113.487 -32 28 -62.0552 -67.2433 -36.288 -64.2051 
-63 -110.204 -31 28 -66.3739 -69.641 -36.0236 -64.6684 
-52 -114.384 -31 27 -62.6722 -68.366 -34.4583 -63.5137 
-59 -114.355 -32 28 -66.0483 -65.7552 -36.5755 -61.5373 
-52 -112.545 -30 27 -70.3316 -70.3101 -35.7603 -60.1342 
-70 -109.362 -32 28 -66.6898 -69.641 -38.1031 -64.6738 
-60 -109.507 -34 29 -75.4626 -72.0626 -42.452 -66.4639 
-62 -106.264 -33 27 -70.5996 -70.046 -46.4029 -69.0889 
-60 -110.562 -34 28 -73.5452 -71.7228 -39.7807 -66.372 
-52 -115.586 -32 28 -66.251 -65.7552 -37.5489 -61.5373 
-59 -110.863 -31 27 -64.69 -72.1028 -33.4909 -66.2917 
-65 -113.749 -33 28 -65.9888 -65.6703 -38.5882 -61.7604 
-61 -114.073 -32 28 -65.6729 -65.6703 -36.5088 -61.755 
-57 -108.515 -32 28 -71.3268 -71.099 -41.7313 -67.1672 
-60 -111.738 -34 28 -73.3476 -71.5488 -38.6094 -65.1055 
-70 -109.444 -32 28 -66.8332 -70.138 -38.359 -64.5006 
-59 -110.868 -33 27 -67.7138 -68.0355 -41.0392 -66.5316 
-58 -110.486 -32 28 -65.2535 -68.8502 -40.6839 -67.057 
-61 -107.656 -32 28 -70.639 -71.4176 -42.6324 -67.0903 
-64 -106.491 -31 28 -69.9477 -71.3328 -40.4863 -67.3026 
-62 -107.393 -32 28 -70.407 -71.8298 -42.8216 -67.1347 
-58 -110.512 -32 28 -65.6289 -68.9351 -40.7506 -66.8392 
-53 -109.577 -33 29 -81.9315 -72.5845 -40.9563 -64.8195 
-63 -110.008 -33 27 -67.0259 -68.3542 -41.9403 -66.4547 
-57 -108.718 -33 29 -81.2436 -72.9032 -41.8574 -64.7426 
-61 -107.229 -31 28 -69.9477 -71.3328 -40.4863 -67.3026 
-53 -110.753 -33 29 -81.7339 -72.4106 -39.7849 -63.5531 
-50 -111.41 -31 27 -66.2459 -70.0578 -38.921 -66.1478 
-55 -115.089 -32 28 -62.3677 -66.8398 -35.3202 -64.4997 
-66 -104.31 -33 28 -79.0709 -75.1069 -46.5049 -67.1243 
-59 -113.803 -31 27 -62.6098 -68.366 -32.7311 -63.5137 
-59 -111.996 -32 28 -67.5211 -69.8194 -37.4579 -64.5775 
-57 -111.381 -32 28 -69.6221 -67.447 -41.0381 -64.1714 
-64 -109.913 -33 27 -67.4013 -68.4391 -42.007 -66.237 
-55 -115.116 -32 28 -62.7431 -66.9247 -35.3868 -64.282 
-68 -110.435 -32 27 -64.0961 -67.87 -38.7199 -64.8511 
-64 -109.708 -32 28 -67.2852 -70.6221 -40.1508 -65.4515 
-62 -112.121 -35 28 -67.7642 -70.8822 -40.3753 -68.0932 
-57 -109.894 -33 29 -81.046 -72.7292 -40.6861 -63.4762 
-50 -109.571 -30 27 -73.9053 -72.0019 -40.2229 -62.7683 
-59 -114.23 -32 28 -61.6798 -67.1584 -36.2213 -64.4228 
-60 -111.235 -32 27 -65.78 -68.367 -40.5445 -64.6778 
-59 -113.734 -33 27 -66.009 -64.3836 -40.346 -63.5359 
-68 -106.388 -32 28 -70.2635 -71.3328 -42.5657 -67.308 
-63 -111.137 -32 28 -66.8332 -70.138 -38.359 -64.5006 
-58 -108.623 -33 29 -81.619 -72.988 -41.9241 -64.5249 
-64 -113.117 -31 28 -64.6692 -65.989 -35.3305 -61.6727 
-59 -114.256 -32 28 -62.0552 -67.2433 -36.288 -64.2051 
-60 -113.934 -32 27 -61.5395 -66.0546 -37.4003 -63.8317 
-64 -113.223 -32 28 -61.6798 -67.1584 -36.2213 -64.4228 
-61 -113.762 -31 28 -64.6692 -65.989 -35.3305 -61.6727 
-64 -112.813 -33 28 -64.1706 -70.4781 -36.5788 -65.3955 
-53 -112.443 -33 29 -80.2267 -68.9325 -40.2632 -61.8238 
-50 -112.611 -32 28 -69.8247 -67.447 -42.0116 -64.1714 
-57 -107.889 -31 27 -68.2637 -73.7946 -37.9536 -68.9259 
-63 -110.775 -33 28 -69.5625 -67.3622 -43.0509 -64.3946 
-70 -107.958 -32 28 -69.954 -72.8391 -38.6021 -65.6059 
-52 -114.964 -33 27 -66.2116 -64.3836 -41.3195 -63.5359 
-59 -111.099 -32 28 -69.2467 -67.3622 -40.9714 -64.3891 
-59 -110.242 -32 26 -64.6506 -70.7312 -37.2615 -68.2903 
-66 -104.598 -33 28 -78.3154 -75.9441 -44.9806 -67.8405 
-66 -103.746 -32 28 -78.9763 -75.1069 -44.8627 -67.1189 
-58 -109.799 -33 29 -81.4214 -72.8141 -40.7527 -63.2585 
-66 -110.14 -31 28 -66.7494 -69.7258 -36.0903 -64.4507 
-46 -113.673 -33 29 -80.4294 -68.9325 -41.2366 -61.8238 
-53 -113.619 -33 29 -80.0291 -68.7586 -39.0918 -60.5574 
-53 -108.951 -32 28 -78.8683 -75.2802 -37.1786 -66.5782 
-65 -110.991 -32 28 -67.3777 -69.3223 -37.2019 -64.7507 
-59 -112.773 -33 28 -67.4088 -69.3223 -39.6223 -64.7562 
-55 -117.955 -32 28 -60.6629 -63.1878 -34.627 -61.504 
-60 -111.523 -32 27 -65.0245 -69.2042 -39.0201 -65.394 
-68 -106.47 -32 28 -70.407 -71.8298 -42.8216 -67.1347 
-55 -111.136 -34 29 -76.1505 -71.7439 -41.5509 -66.5408 
-59 -114.862 -32 28 -65.8164 -66.1674 -36.7647 -61.5817 
-58 -113.727 -31 27 -62.6722 -68.366 -34.4583 -63.5137 
-57 -107.893 -33 27 -71.2875 -69.7273 -45.5018 -69.1658 
FEATURES_TXT_END_0
FEATURES_TXT_BEGIN_0 63 97 8 Distortion0_0 LM0_0 WordPenalty0_0 PhrasePenalty0_0 TranslationModel0_0 TranslationModel0_1 TranslationModel0_2 TranslationModel0_3 
-18 -132.322 -24 23 -50.097 -76.5343 -24.0969 -48.7654 
-26 -132.763 -25 23 -48.185 -73.0326 -27.3736 -47.0347 
-24 -133.84 -25 23 -47.4774 -72.7015 -26.4573 -46.6899 
-18 -131.713 -23 23 -49.9347 -76.5343 -22.3309 -48.76 
-26 -132.153 -24 23 -48.0227 -73.0326 -25.6076 -47.0293 
-24 -133.23 -24 23 -47.3151 -72.7015 -24.6913 -46.6845 
-26 -131.774 -25 23 -44.8652 -70.7521 -30.1263 -49.6733 
-26 -129.577 -25 23 -50.29 -75.1816 -31.1624 -49.7911 
-26 -131.164 -24 23 -44.703 -70.7521 -28.3603 -49.6679 
-26 -128.968 -24 23 -50.1277 -75.1816 -29.3964 -49.7857 
-22 -133.839 -25 23 -48.0188 -73.0326 -27.6267 -47.0347 
-22 -133.23 -24 23 -47.8565 -73.0326 -25.8607 -47.0293 
-22 -132.85 -25 23 -44.699 -70.7521 -30.3794 -49.6733 
-22 -130.653 -25 23 -50.1237 -75.1816 -31.4155 -49.7911 
-22 -132.241 -24 23 -44.5367 -70.7521 -28.6134 -49.6679 
-18 -132.502 -24 23 -51.166 -76.112 -24.3478 -48.7386 
-26 -132.942 -25 23 -49.2541 -72.6103 -27.6245 -47.008 
-24 -134.019 -25 23 -48.5465 -72.2792 -26.7082 -46.6631 
-22 -130.044 -24 23 -49.9614 -75.1816 -29.6495 -49.7857 
-18 -130.062 -25 23 -52.7375 -78.261 -29.8414 -51.5004 
-26 -130.503 -26 23 -50.8255 -74.7593 -33.118 -49.7698 
-24 -131.58 -26 23 -50.1179 -74.4282 -32.2017 -49.4249 
-18 -131.892 -23 23 -51.0038 -76.112 -22.5818 -48.7332 
-26 -132.333 -24 23 -49.0918 -72.6103 -25.8585 -47.0025 
-24 -133.41 -24 23 -48.3842 -72.2792 -24.9422 -46.6577 
-18 -129.453 -24 23 -52.5752 -78.261 -28.0754 -51.495 
-26 -129.894 -25 23 -50.6632 -74.7593 -31.352 -49.7644 
-24 -130.971 -25 23 -49.9557 -74.4282 -30.4357 -49.4195 
-18 -134.757 -26 23 -49.028 -74.4974 -24.5392 -50.4907 
-26 -135.198 -27 23 -47.116 -70.9957 -27.8159 -48.7601 
-24 -136.275 -27 23 -46.4084 -70.6646 -26.8996 -48.4152 
-26 -133.236 -25 23 -49.2599 -72.7015 -27.5967 -46.6899 
-44 -123.66 -24 23 -51.2673 -76.5946 -29.1913 -52.6412 
-18 -134.148 -25 23 -48.8657 -74.4974 -22.7732 -50.4853 
-26 -134.589 -26 23 -46.9537 -70.9957 -26.0499 -48.7546 
-24 -135.666 -26 23 -46.2461 -70.6646 -25.1336 -48.4098 
-26 -132.627 -24 23 -49.0976 -72.7015 -25.8307 -46.6845 
-24 -132.302 -24 23 -44.5777 -70.7521 -27.6006 -49.6679 
-44 -123.05 -23 23 -51.105 -76.5946 -27.4254 -52.6357 
-26 -134.209 -27 23 -43.7962 -68.7151 -30.5686 -51.3987 
-26 -132.012 -27 23 -49.2209 -73.1447 -31.6047 -51.5165 
-26 -132.879 -23 22 -46.0067 -71.4956 -23.6885 -46.3961 
-22 -135.649 -26 23 -47.6397 -72.7015 -28.2233 -46.6953 
-24 -131.692 -23 23 -44.4155 -70.7521 -25.8346 -49.6625 
-22 -134.019 -25 23 -49.0878 -72.6103 -27.8775 -47.008 
-26 -132.333 -25 23 -45.4379 -70.8716 -30.6699 -49.2244 
-22 -131.579 -26 23 -50.6593 -74.7593 -33.3711 -49.7698 
-26 -133.6 -26 23 -43.6339 -68.7151 -28.8026 -51.3933 
-16 -134.179 -25 23 -50.2593 -76.5343 -25.8629 -48.7708 
-22 -132.249 -24 23 -50.097 -76.5343 -24.0969 -48.7654 
-26 -131.403 -26 23 -49.0586 -73.1447 -29.8387 -51.511 
-26 -132.269 -22 22 -45.8444 -71.4956 -21.9225 -46.3907 
-22 -135.04 -25 23 -47.4774 -72.7015 -26.4573 -46.6899 
-22 -133.409 -24 23 -48.9255 -72.6103 -26.1115 -47.0025 
-26 -131.724 -24 23 -45.2756 -70.8716 -28.904 -49.219 
-24 -133.178 -25 22 -47.4444 -69.9978 -28.2218 -48.5682 
-22 -130.97 -25 23 -50.497 -74.7593 -31.6051 -49.7644 
-20 -133.111 -25 23 -51.3283 -76.112 -26.1138 -48.744 
-34 -124.713 -25 23 -54.9134 -77.8684 -33.4607 -53.0349 
-16 -133.57 -24 23 -50.097 -76.5343 -24.0969 -48.7654 
-22 -131.64 -23 23 -49.9347 -76.5343 -22.3309 -48.76 
-34 -125.11 -26 23 -56.1779 -77.4461 -35.5034 -53.0136 
-22 -136.274 -27 23 -46.9497 -70.9957 -28.069 -48.7601 
-30 -132.763 -25 23 -48.185 -73.0326 -27.3736 -47.0347 
-30 -125.589 -25 23 -54.9134 -77.8684 -33.4607 -53.0349 
-16 -134.29 -25 23 -50.2593 -76.5343 -25.8629 -48.7708 
-34 -124.104 -24 23 -54.7512 -77.8684 -31.6947 -53.0295 
-34 -124.501 -25 23 -56.0157 -77.4461 -33.7374 -53.0081 
-22 -135.665 -26 23 -46.7875 -70.9957 -26.303 -48.7546 
-30 -132.153 -24 23 -48.0227 -73.0326 -25.6076 -47.0293 
-30 -124.98 -24 23 -54.7512 -77.8684 -31.6947 -53.0295 
-16 -133.681 -24 23 -50.097 -76.5343 -24.0969 -48.7654 
-24 -130.368 -24 23 -50.0025 -75.1816 -28.6367 -49.7857 
-24 -134.804 -26 23 -48.3473 -73.0326 -29.1396 -47.0401 
-22 -135.321 -25 23 -47.4774 -72.7015 -26.4573 -46.6899 
-22 -135.285 -27 23 -43.63 -68.7151 -30.8217 -51.3987 
-30 -131.774 -25 23 -44.8652 -70.7521 -30.1263 -49.6733 
-22 -133.089 -27 23 -49.0547 -73.1447 -31.8578 -51.5165 
-30 -129.577 -25 23 -50.29 -75.1816 -31.1624 -49.7911 
-20 -135.648 -26 23 -48.181 -73.0326 -29.3927 -47.0401 
-22 -133.41 -25 23 -45.2716 -70.8716 -30.923 -49.2244 
-24 -129.758 -23 23 -49.8402 -75.1816 -26.8707 -49.7803 
-24 -134.194 -25 23 -48.185 -73.0326 -27.3736 -47.0347 
-24 -133.815 -26 23 -45.0275 -70.7521 -31.8923 -49.6787 
-22 -134.676 -26 23 -43.4677 -68.7151 -29.0557 -51.3933 
-30 -131.164 -24 23 -44.703 -70.7521 -28.3603 -49.6679 
-18 -134.937 -26 23 -50.097 -74.0751 -24.7901 -50.464 
-26 -135.377 -27 23 -48.185 -70.5734 -28.0667 -48.7333 
-24 -136.454 -27 23 -47.4774 -70.2423 -27.1504 -48.3885 
-26 -133.416 -25 23 -50.3289 -72.2792 -27.8476 -46.6631 
-22 -132.479 -26 23 -48.8924 -73.1447 -30.0918 -51.511 
-30 -128.968 -24 23 -50.1277 -75.1816 -29.3964 -49.7857 
-18 -132.498 -27 23 -51.6685 -76.2241 -30.2836 -53.2258 
-26 -132.938 -28 23 -49.7565 -72.7224 -33.5603 -51.4951 
-24 -134.015 -28 23 -49.0489 -72.3913 -32.644 -51.1503 
-20 -135.039 -25 23 -48.0188 -73.0326 -27.6267 -47.0347 
-26 -130.976 -26 23 -51.9004 -74.4282 -33.3412 -49.4249 
FEATURES_TXT_END_0
FEATURES_TXT_BEGIN_0 64 100 8 Distortion0_0 LM0_0 WordPenalty0_0 PhrasePenalty0_0 TranslationModel0_0 TranslationModel0_1 TranslationModel0_2 TranslationModel0_3 
-74 -149.805 -43 37 -104.443 -108.686 -61.9292 -82.8232 
-82 -143.876 -42 37 -113.207 -117.629 -57.3017 -85.1238 
-86 -147.803 -42 38 -103.316 -108.264 -57.5433 -83.6677 
-82 -149.394 -42 37 -104.675 -109.377 -58.4962 -80.7027 
-90 -142.618 -42 37 -113.207 -117.629 -57.3017 -85.1238 
-74 -151.27 -43 37 -103.985 -108.903 -60.4252 -82.199 
-64 -150.045 -43 38 -110.791 -114.488 -61.8786 -83.7934 
-74 -150.97 -43 37 -103.572 -107.552 -61.4708 -82.7933 
-107 -139.57 -42 37 -104.445 -113.527 -61.1697 -87.3864 
-92 -148.222 -42 37 -100.506 -112.483 -54.3909 -82.7745 
-74 -150.17 -43 36 -103.063 -107.819 -61.7619 -83.8939 
-92 -148.203 -42 37 -100.544 -112.519 -53.8656 -83.1243 
-64 -150.516 -43 37 -109.804 -114.002 -61.5063 -83.4436 
-82 -144.241 -42 36 -111.827 -116.762 -57.1343 -86.1945 
-86 -149.205 -43 38 -101.672 -108.573 -57.7845 -84.8866 
-86 -146.025 -43 38 -106.368 -115.522 -57.9599 -87.0574 
-74 -150.023 -42 36 -103.957 -108.686 -59.5647 -82.8178 
-64 -150.657 -43 37 -109.75 -112.441 -62.1125 -83.4812 
-82 -150.485 -42 37 -100.544 -112.519 -53.8656 -83.1243 
-86 -151.233 -43 38 -97.8367 -107.269 -59.1544 -82.6363 
-84 -146.811 -43 37 -107.05 -110.641 -63.5807 -83.8756 
-72 -148.584 -43 37 -108.877 -111.822 -64.0403 -83.9393 
-82 -150.796 -43 37 -103.032 -109.685 -58.7373 -81.9217 
-82 -144.094 -41 36 -112.721 -117.629 -54.9371 -85.1184 
-82 -149.187 -43 37 -104.443 -108.686 -61.9292 -82.8232 
-86 -148.168 -42 37 -101.936 -107.398 -57.376 -84.7384 
-82 -150.957 -42 36 -99.5571 -112.033 -53.4933 -82.7745 
-74 -149.469 -43 37 -107.114 -111.345 -62.4688 -83.3773 
-76 -151.525 -44 38 -102.701 -108.545 -61.496 -84.6957 
-82 -144.693 -42 36 -112.467 -119.19 -56.9149 -85.0861 
-92 -140.882 -42 37 -115.814 -119.585 -58.9532 -86.1762 
-80 -142.655 -42 37 -117.641 -120.765 -59.4127 -86.2399 
-84 -144.153 -42 37 -113.808 -119.243 -56.1258 -85.7543 
-80 -149.274 -43 37 -104.211 -110.616 -61.7037 -83.4885 
-90 -143.258 -42 37 -113.207 -117.629 -57.3017 -85.1238 
-76 -148.694 -43 37 -107.05 -110.641 -63.5807 -83.8756 
-82 -151.098 -42 36 -99.5032 -110.472 -54.0995 -82.8121 
-84 -145.596 -43 38 -111.465 -117.488 -56.8684 -86.9963 
-82 -149.759 -42 36 -103.295 -108.51 -58.3288 -81.7734 
-86 -149.227 -43 39 -102.659 -109.059 -58.1568 -85.2364 
-84 -144.102 -42 37 -113.454 -119.676 -57.2872 -85.4359 
-64 -151.51 -43 38 -110.333 -114.705 -60.3746 -83.1692 
-86 -148.021 -41 37 -102.83 -108.264 -55.1787 -83.6623 
-90 -142.984 -42 36 -111.827 -116.762 -57.1343 -86.1945 
-74 -152.435 -43 37 -103.115 -107.769 -59.9667 -82.1692 
-76 -150.179 -43 37 -105.889 -110.243 -60.9084 -83.3032 
-76 -148.043 -43 37 -108.877 -111.822 -64.0403 -83.9393 
-94 -144.767 -43 38 -106.368 -115.522 -57.9599 -87.0574 
-89 -139.998 -43 37 -113.643 -113.437 -69.6222 -88.3673 
-74 -151.635 -43 36 -102.605 -108.036 -60.2578 -83.2698 
-82 -144.633 -42 37 -113.454 -119.676 -57.2872 -85.4359 
-84 -142.765 -42 37 -115.814 -119.585 -58.9532 -86.1762 
-64 -150.41 -43 37 -109.411 -113.621 -61.7113 -84.8641 
-107 -140.105 -41 37 -104.027 -113.527 -57.7357 -87.381 
-82 -150.818 -43 38 -104.018 -110.171 -59.1096 -82.2715 
-92 -148.757 -41 37 -100.089 -112.483 -50.9569 -82.769 
-74 -151.75 -43 37 -103.535 -107.515 -61.996 -82.4435 
-74 -151.335 -43 36 -102.192 -106.685 -61.3034 -83.8641 
-94 -147.184 -42 38 -103.316 -108.264 -57.5433 -83.6677 
-64 -151.981 -43 37 -109.347 -114.219 -60.0023 -82.8194 
-86 -149.523 -43 38 -101.391 -108.123 -57.6975 -85.5402 
-82 -149.612 -41 36 -104.189 -109.377 -56.1316 -80.6973 
-92 -148.738 -41 37 -100.126 -112.519 -50.4316 -83.1189 
-107 -139.935 -42 36 -103.065 -112.66 -61.0024 -88.4572 
-92 -148.587 -42 36 -99.1266 -111.616 -54.2236 -83.8452 
-84 -144.25 -42 37 -114.653 -119.187 -56.2809 -85.6038 
-78 -145.735 -43 36 -110.604 -114.208 -63.062 -86.3719 
-84 -142.114 -42 37 -117.641 -120.765 -59.4127 -86.2399 
-76 -146.392 -42 38 -110.572 -111.547 -61.9321 -85.8922 
-90 -142.836 -41 36 -112.721 -117.629 -54.9371 -85.1184 
-92 -148.568 -42 36 -99.1638 -111.653 -53.6983 -84.195 
-84 -150.012 -43 38 -101.17 -107.242 -59.6823 -84.8481 
-86 -152.635 -44 38 -96.1931 -107.578 -59.3955 -83.8553 
-92 -146.399 -42 37 -107.283 -111.332 -60.1477 -81.7552 
-64 -150.882 -43 36 -108.424 -113.135 -61.339 -84.5143 
-80 -148.173 -42 37 -109.11 -112.513 -60.6072 -81.8189 
-74 -151.488 -42 36 -103.499 -108.903 -58.0606 -82.1936 
-74 -150.768 -43 37 -106.657 -111.562 -60.9648 -82.7531 
-64 -152.122 -43 37 -109.293 -112.658 -60.6084 -82.8571 
-64 -150.262 -42 37 -110.305 -114.488 -59.5141 -83.788 
-74 -151.579 -45 38 -106.072 -108.56 -65.1796 -85.0049 
-90 -148.775 -42 37 -104.675 -109.377 -58.4962 -80.7027 
-100 -139.624 -42 37 -115.814 -119.585 -58.9532 -86.1762 
-86 -150.033 -43 39 -102.411 -107.012 -58.1713 -84.9243 
-88 -141.397 -42 37 -117.641 -120.765 -59.4127 -86.2399 
-74 -151.188 -42 36 -103.086 -107.552 -59.1062 -82.7879 
-84 -151.114 -43 38 -102.933 -109.236 -58.0629 -82.5752 
-86 -139.806 -42 36 -119.368 -123.151 -58.4345 -88.6725 
-92 -142.895 -42 37 -113.808 -119.243 -56.1258 -85.7543 
-74 -151.819 -44 37 -104.564 -108.686 -64.7081 -82.8286 
-98 -142 -42 37 -113.207 -117.629 -57.3017 -85.1238 
-82 -151.02 -41 37 -100.126 -112.519 -50.4317 -83.1189 
-86 -149.57 -43 37 -100.292 -107.707 -57.6171 -85.9574 
-107 -139.788 -41 36 -103.959 -113.527 -58.8052 -87.381 
-76 -146.864 -42 37 -109.586 -111.061 -61.5598 -85.5424 
-84 -148.276 -43 37 -106.593 -110.859 -62.0767 -83.2515 
-72 -147.984 -42 37 -111.932 -112.659 -62.885 -82.9272 
-92 -148.44 -41 36 -100.02 -112.483 -52.0263 -82.769 
-86 -146.39 -43 37 -104.988 -114.655 -57.7925 -88.1281 
-72 -150.049 -43 37 -108.42 -112.039 -62.5362 -83.3152 
FEATURES_TXT_END_0
FEATURES_TXT_BEGIN_0 65 100 8 Distortion0_0 LM0_0 WordPenalty0_0 PhrasePenalty0_0 TranslationModel0_0 TranslationModel0_1 TranslationModel0_2 TranslationModel0_3 
-38 -148.068 -42 32 -93.511 -110.84 -45.0591 -94.1127 
-38 -148.25 -43 33 -91.5834 -109.222 -44.76 -98.098 
-34 -146.148 -41 31 -98.537 -114.988 -46.8914 -92.6509 
-34 -146.33 -42 32 -96.6095 -113.369 -46.5923 -96.6362 
-38 -148.595 -41 32 -94.9454 -110.668 -44.1788 -91.3439 
-38 -151.521 -42 31 -91.9615 -104.206 -44.3322 -90.3806 
-38 -147.607 -42 33 -98.2411 -110.257 -48.1648 -92.4986 
-38 -148.778 -42 33 -93.0178 -109.049 -43.8796 -95.3292 
-38 -151.704 -43 32 -90.034 -102.587 -44.0331 -94.3659 
-38 -147.789 -43 34 -96.3135 -108.638 -47.8657 -96.4839 
-34 -146.675 -40 31 -99.9715 -114.816 -46.0111 -89.882 
-34 -149.601 -41 30 -96.9876 -108.354 -46.1645 -88.9187 
-34 -145.687 -41 32 -103.267 -114.404 -49.9972 -91.0368 
-38 -149.405 -41 32 -90.8656 -107.904 -41.1879 -94.3636 
-38 -145.042 -42 33 -97.4704 -109.573 -52.0373 -96.1713 
-34 -146.858 -41 32 -98.0439 -113.197 -45.7119 -93.8673 
-34 -149.784 -42 31 -95.06 -106.735 -45.8654 -92.904 
-34 -145.869 -42 33 -101.34 -112.785 -49.698 -95.0221 
-38 -152.049 -41 31 -93.396 -104.034 -43.4519 -87.6117 
-38 -148.134 -41 33 -99.6756 -110.084 -47.2845 -89.7298 
-38 -145.224 -43 34 -95.5428 -107.954 -51.7381 -100.157 
-34 -147.484 -40 31 -95.8917 -112.051 -43.0202 -92.9017 
-38 -152.231 -42 32 -91.4684 -102.415 -43.1527 -91.597 
-34 -143.121 -41 32 -102.496 -113.721 -53.8696 -94.7094 
-38 -148.316 -42 34 -97.748 -108.465 -46.9853 -93.7151 
-38 -150.326 -42 32 -89.1909 -107.645 -43.4497 -94.9612 
-34 -150.129 -40 30 -98.4221 -108.181 -45.2842 -86.1498 
-34 -146.214 -40 32 -104.702 -114.232 -49.1168 -88.2679 
-34 -143.304 -42 33 -100.569 -112.102 -53.5704 -98.6947 
-38 -149.932 -40 32 -92.3001 -107.731 -40.3076 -91.5947 
-38 -145.569 -41 33 -98.9048 -109.401 -51.1569 -93.4024 
-38 -152.858 -41 31 -89.3162 -101.269 -40.461 -90.6314 
-34 -150.311 -41 31 -96.4945 -106.562 -44.985 -90.1351 
-38 -148.943 -41 33 -95.5957 -107.32 -44.2937 -92.7495 
-34 -146.396 -41 33 -102.774 -112.613 -48.8177 -92.2532 
-34 -148.406 -41 31 -94.217 -111.792 -45.282 -93.4993 
-38 -145.751 -42 34 -96.9773 -107.782 -50.8578 -97.3877 
-38 -148.082 -41 32 -94.3629 -110.84 -43.6728 -94.1073 
-34 -148.012 -39 31 -97.3261 -111.879 -42.1399 -90.1328 
-34 -143.649 -40 32 -103.931 -113.548 -52.9892 -91.9406 
-38 -149.61 -41 32 -90.0429 -107.645 -42.0634 -94.9557 
-34 -150.938 -40 30 -94.3422 -105.417 -42.2933 -89.1695 
-38 -150.853 -41 32 -90.6254 -107.472 -42.5693 -92.1923 
-34 -147.023 -40 32 -100.622 -111.467 -46.126 -91.2876 
-38 -153.779 -42 31 -87.6415 -101.01 -42.7228 -91.229 
-38 -149.865 -42 33 -93.9211 -107.061 -46.5554 -93.3471 
-38 -146.378 -41 33 -94.825 -106.636 -48.1661 -96.4221 
-38 -149.645 -43 32 -93.266 -110.84 -48.3363 -94.1182 
-34 -143.831 -41 33 -102.003 -111.93 -52.6901 -95.9258 
-34 -146.162 -40 31 -99.389 -114.988 -45.5051 -92.6455 
-38 -153.385 -40 31 -90.7506 -101.097 -39.5807 -87.8625 
-38 -148.504 -42 33 -89.1736 -107.023 -45.2636 -98.9489 
-38 -149.47 -40 33 -97.0302 -107.147 -43.4133 -89.9806 
-34 -147.69 -40 31 -95.0689 -111.792 -43.8957 -93.4939 
-38 -149.827 -44 33 -91.3384 -109.222 -48.0371 -98.1035 
-34 -148.933 -40 31 -95.6515 -111.62 -44.4016 -90.7304 
-34 -151.859 -41 30 -92.6676 -105.158 -44.5551 -89.7671 
-34 -147.945 -41 32 -98.9471 -111.208 -48.3877 -91.8852 
-38 -148.609 -40 32 -95.7974 -110.668 -42.7925 -91.3385 
-34 -144.458 -40 32 -99.8511 -110.784 -49.9984 -94.9602 
-38 -151.535 -41 31 -92.8135 -104.206 -42.9459 -90.3752 
-34 -147.725 -42 31 -98.2921 -114.988 -50.1686 -92.6563 
-38 -147.62 -41 33 -99.093 -110.257 -46.7786 -92.4932 
-38 -147.3 -42 33 -93.1504 -106.377 -50.4278 -97.0197 
-46 -145.043 -42 33 -101.124 -112.903 -49.5971 -93.4874 
-38 -150.487 -42 33 -98.267 -105.598 -50.0688 -89.1608 
-38 -150.137 -40 32 -91.4773 -107.472 -41.183 -92.1869 
-34 -151.465 -39 30 -95.7767 -105.244 -41.413 -86.4007 
-38 -153.064 -41 31 -88.4935 -101.01 -41.3365 -91.2236 
-34 -146.584 -41 32 -94.1996 -111.171 -47.096 -97.487 
-34 -147.55 -39 32 -102.056 -111.295 -45.2456 -88.5187 
-38 -154.307 -41 31 -89.076 -100.838 -41.8424 -88.4601 
-34 -147.907 -43 32 -96.3645 -113.369 -49.8694 -96.6416 
-38 -149.149 -41 33 -94.773 -107.061 -45.1691 -93.3416 
-38 -150.392 -41 33 -95.3555 -106.888 -45.6751 -90.5782 
-38 -148.78 -43 33 -91.3511 -109.779 -45.8929 -99.1883 
-38 -146.905 -40 33 -96.2595 -106.464 -47.2857 -93.6532 
-38 -150.172 -42 32 -94.7004 -110.668 -47.4559 -91.3493 
-46 -145.225 -43 34 -99.1964 -111.284 -49.2979 -97.4727 
-38 -150.67 -43 34 -96.3394 -103.979 -49.7696 -93.146 
-34 -146.689 -39 31 -100.823 -114.816 -44.6248 -89.8766 
-38 -153.098 -43 31 -91.7166 -104.206 -47.6094 -90.386 
-34 -149.615 -40 30 -97.8396 -108.354 -44.7782 -88.9133 
-38 -149.184 -43 33 -97.9961 -110.257 -51.442 -92.5041 
-34 -145.7 -40 32 -104.119 -114.404 -48.6109 -91.0314 
-34 -145.379 -41 32 -98.1764 -110.525 -52.2602 -95.5578 
-42 -143.123 -41 32 -106.15 -117.05 -51.4294 -92.0256 
-34 -148.567 -41 32 -103.293 -109.745 -51.9011 -87.6989 
-38 -149.031 -41 33 -90.608 -106.851 -44.3833 -96.18 
-34 -148.217 -39 31 -96.5034 -111.62 -43.0154 -90.725 
-38 -150.355 -43 33 -92.7728 -109.049 -47.1568 -95.3346 
-38 -145.055 -41 33 -98.3223 -109.573 -50.651 -96.1659 
-36 -147.891 -43 33 -95.8338 -111.898 -53.2205 -95.519 
-38 -151.957 -42 32 -87.6241 -100.389 -44.5368 -95.2167 
-34 -151.143 -40 30 -93.5195 -105.158 -43.1688 -89.7617 
-38 -149.046 -41 32 -93.5865 -110.485 -43.6728 -93.9216 
-38 -148.76 -42 32 -99.0844 -108.542 -48.3991 -92.1125 
-38 -153.281 -44 32 -89.789 -102.587 -47.3102 -94.3713 
-38 -150.204 -43 32 -91.0732 -110.106 -45.0693 -96.8009 
-34 -152.386 -40 30 -94.102 -104.986 -43.6747 -86.9982 
FEATURES_TXT_END_0
FEATURES_TXT_BEGIN_0 66 99 8 Distortion0_0 LM0_0 WordPenalty0_0 PhrasePenalty0_0 TranslationModel0_0 TranslationModel0_1 TranslationModel0_2 TranslationModel0_3 
-56 -114.085 -26 26 -91.9989 -91.1443 -42.8304 -64.1054 
-51 -115.673 -26 26 -90.9299 -91.5666 -42.5796 -64.1322 
-50 -116.153 -26 26 -90.9299 -91.5666 -42.5796 -64.1322 
-54 -115.104 -26 26 -91.9989 -91.1443 -42.8304 -64.1054 
-56 -115.145 -26 26 -90.9299 -91.5666 -42.5796 -64.1322 
-51 -116.789 -26 26 -90.6824 -89.5195 -42.5941 -63.82 
-56 -112.127 -26 26 -93.345 -96.6263 -43.1036 -67.8794 
-66 -116.163 -29 26 -82.3334 -92.2846 -42.1313 -70.0482 
-56 -112.782 -26 26 -93.0975 -94.5792 -43.1181 -67.5672 
-52 -113.745 -26 26 -93.0975 -94.5792 -43.1181 -67.5672 
-49 -116.364 -26 26 -86.1764 -88.3285 -44.7138 -67.7511 
-52 -113.395 -26 26 -93.345 -96.6263 -43.1036 -67.8794 
-51 -117.297 -27 26 -91.562 -91.1443 -45.4844 -64.1108 
-54 -116.134 -26 26 -91.9989 -91.1443 -42.8304 -64.1054 
-46 -116.529 -27 26 -91.9189 -94.5792 -43.8112 -67.5726 
-56 -116.526 -26 26 -90.6824 -89.5195 -42.5941 -63.82 
-60 -115.736 -26 26 -90.6824 -89.5195 -42.5941 -63.82 
-54 -117.086 -26 26 -90.6824 -89.5195 -42.5941 -63.82 
-49 -118.154 -26 26 -90.6824 -89.5195 -42.5941 -63.82 
-56 -115.952 -26 26 -92.0307 -93.2755 -40.7827 -64.705 
-51 -117.306 -26 26 -90.9299 -91.5666 -42.5796 -64.1322 
-56 -116.007 -26 26 -91.9672 -89.0131 -44.8781 -63.5058 
-54 -113.99 -26 26 -90.2513 -90.4302 -45.8589 -68.0598 
-50 -117.309 -26 26 -91.9989 -91.1443 -42.8304 -64.1054 
-56 -115.194 -26 26 -90.4067 -89.5823 -44.5321 -65.8883 
-54 -116.54 -26 26 -92.0307 -93.2755 -40.7827 -64.705 
-40 -121.499 -27 26 -89.0539 -89.5195 -43.8468 -63.8254 
-54 -116.562 -26 26 -92.0307 -93.2755 -40.7827 -64.705 
-50 -117.424 -26 26 -91.9989 -91.1443 -42.8304 -64.1054 
-48 -117.859 -26 26 -91.9989 -91.1443 -42.8304 -64.1054 
-48 -119.14 -27 26 -90.3704 -91.1443 -44.0832 -64.1108 
-51 -117.54 -26 26 -90.9617 -93.6978 -40.5319 -64.7318 
-54 -114.076 -26 26 -93.0975 -94.5792 -43.1181 -67.5672 
-48 -118.735 -26 26 -90.6824 -89.5195 -42.5941 -63.82 
-52 -115.443 -26 26 -88.9348 -88.8054 -45.6226 -67.7744 
-61 -115.577 -26 26 -90.9299 -91.5666 -42.5796 -64.1322 
-50 -117.639 -26 26 -91.9989 -91.1443 -42.8304 -64.1054 
-54 -113.726 -26 26 -93.345 -96.6263 -43.1036 -67.8794 
-45 -118.713 -26 26 -91.9989 -91.1443 -42.8304 -64.1054 
-54 -119.518 -29 26 -78.1399 -91.2266 -45.3033 -71.0142 
-55 -116.641 -26 26 -91.9989 -91.1443 -42.8304 -64.1054 
-56 -114.11 -26 26 -92.0285 -95.0015 -42.8672 -67.594 
-54 -117.167 -26 26 -90.9299 -91.5666 -42.5796 -64.1322 
-55 -116.681 -26 26 -92.0307 -93.2755 -40.7827 -64.705 
-50 -117.636 -27 26 -93.4023 -91.1443 -46.2644 -64.1108 
-50 -118.02 -26 26 -90.9617 -93.6978 -40.5319 -64.7318 
-48 -116.486 -26 26 -88.9348 -88.8054 -45.6226 -67.7744 
-49 -115.664 -26 26 -92.0285 -95.0015 -42.8672 -67.594 
-66 -117.636 -30 26 -83.3571 -91.8623 -44.7886 -70.0269 
-70 -118.038 -29 26 -74.2317 -84.7688 -44.4201 -71.4688 
-66 -118.146 -29 26 -81.0169 -90.6599 -41.8949 -69.7628 
-54 -116.951 -29 26 -82.5325 -94.6865 -45.9965 -72.9601 
-50 -119.165 -27 26 -90.3704 -91.1443 -44.0832 -64.1108 
-49 -116.236 -26 26 -91.7493 -90.8232 -44.9294 -66.6822 
-56 -114.765 -26 26 -91.781 -92.9544 -42.8817 -67.2818 
-51 -115.356 -26 26 -91.9968 -92.8703 -44.9149 -66.9944 
-49 -115.314 -26 26 -92.276 -97.0486 -42.8527 -67.9062 
-50 -119.21 -28 26 -84.7812 -91.306 -45.657 -68.0521 
-55 -118.135 -27 26 -90.4022 -93.2755 -42.0355 -64.7104 
-49 -117.821 -26 26 -89.0412 -86.9859 -45.3349 -65.6706 
-51 -116.941 -26 26 -89.2887 -89.033 -45.3204 -65.9828 
-48 -116.173 -26 26 -89.1822 -90.8525 -45.6081 -68.0866 
-64 -122.576 -28 26 -76.8704 -87.7877 -36.3619 -65.673 
-61 -115.653 -26 26 -91.9989 -91.1443 -42.8304 -64.1054 
-56 -120.063 -26 26 -86.4559 -90.0823 -38.0419 -63.1974 
-52 -119.319 -26 26 -87.924 -89.0426 -41.6853 -63.7967 
-56 -117.012 -26 26 -90.9617 -93.6978 -40.5319 -64.7318 
-52 -116.276 -27 26 -91.9189 -94.5792 -43.8112 -67.5726 
-64 -119.029 -30 26 -81.4737 -91.292 -43.9993 -70.0242 
-52 -114.995 -26 26 -96.2572 -92.7128 -45.3349 -65.3277 
-52 -115.727 -26 26 -91.781 -92.9544 -42.8817 -67.2818 
-45 -119.364 -26 26 -90.9299 -91.5666 -42.5796 -64.1322 
-55 -113.651 -26 26 -97.5737 -94.3376 -45.5712 -65.6131 
-50 -119.318 -27 26 -90.3704 -91.1443 -44.0832 -64.1108 
-54 -118.886 -28 26 -79.1695 -91.2266 -43.6939 -71.0087 
-48 -116.144 -26 26 -92.0285 -95.0015 -42.8672 -67.594 
-60 -120.782 -30 26 -81.8538 -88.2038 -44.9935 -68.3954 
-54 -115.719 -28 26 -81.8535 -95.4305 -45.3033 -73.9355 
-62 -123.164 -28 26 -76.8704 -87.7877 -36.3619 -65.673 
-58 -113.464 -26 26 -93.345 -96.6263 -43.1036 -67.8794 
-58 -118.845 -29 26 -79.209 -90.8043 -45.5542 -70.9874 
-51 -118.655 -26 26 -90.7142 -91.6507 -40.5464 -64.4196 
-40 -121.494 -27 26 -90.3704 -91.1443 -44.0832 -64.1108 
-52 -115.094 -26 26 -93.0975 -94.5792 -43.1181 -67.5672 
-52 -115.378 -26 26 -92.0285 -95.0015 -42.8672 -67.594 
-54 -120.651 -26 26 -86.4559 -90.0823 -38.0419 -63.1974 
-55 -114.029 -26 26 -96.5047 -94.7599 -45.3204 -65.6398 
-54 -115.535 -27 26 -92.1664 -96.6263 -43.7967 -67.8848 
-56 -114.812 -27 27 -93.1027 -97.4326 -42.886 -68.8242 
-56 -114.3 -26 26 -96.2572 -92.7128 -45.3349 -65.3277 
-58 -113.419 -26 26 -96.5047 -94.7599 -45.3204 -65.6398 
-54 -120.673 -26 26 -86.4559 -90.0823 -38.0419 -63.1974 
-52 -114.682 -26 26 -96.5047 -94.7599 -45.3204 -65.6398 
-48 -115.794 -26 26 -92.276 -97.0486 -42.8527 -67.9062 
-54 -117.37 -26 26 -91.9989 -91.1443 -42.8304 -64.1054 
-50 -118.484 -26 26 -90.9299 -91.5666 -42.5796 -64.1322 
-59 -124.164 -28 26 -75.8014 -88.21 -36.1111 -65.6997 
-54 -116.614 -28 26 -89.0576 -94.6179 -45.0434 -69.471 
-54 -118.116 -26 26 -90.6824 -89.5195 -42.5941 -63.82 
FEATURES_TXT_END_0
FEATURES_TXT_BEGIN_0 67 100 8 Distortion0_0 LM0_0 WordPenalty0_0 PhrasePenalty0_0 TranslationModel0_0 TranslationModel0_1 TranslationModel0_2 TranslationModel0_3 
-70 -165.389 -41 36 -85.9601 -115.5 -46.7315 -83.0945 
-70 -164.71 -41 36 -87.2766 -117.125 -46.9679 -83.3799 
-70 -166.062 -41 36 -85.7637 -113.738 -47.5788 -83.0464 
-70 -165.382 -41 36 -87.0802 -115.362 -47.8152 -83.3318 
-66 -165.737 -42 36 -87.1784 -116.309 -51.1881 -84.6609 
-66 -165.057 -42 36 -88.4949 -117.934 -51.4244 -84.9463 
-66 -165.932 -42 36 -86.6857 -116.182 -50.9302 -84.7998 
-66 -165.253 -42 36 -88.0022 -117.807 -51.1666 -85.0852 
-70 -165.84 -41 36 -86.2076 -117.547 -46.717 -83.4066 
-66 -163.417 -42 36 -90.5201 -120.062 -53.3281 -85.7595 
-66 -162.738 -42 36 -91.8366 -121.686 -53.5645 -86.0449 
-70 -165.686 -42 36 -84.2722 -114.046 -51.4343 -85.419 
-70 -165.007 -42 36 -85.5888 -115.671 -51.6706 -85.7044 
-76 -163.95 -41 36 -88.695 -118.08 -47.2015 -83.5788 
-76 -163.27 -41 36 -90.0115 -119.705 -47.4379 -83.8643 
-70 -166.322 -41 36 -87.7814 -112.973 -49.0829 -82.2183 
-70 -165.642 -41 36 -89.0979 -114.597 -49.3193 -82.5037 
-66 -166.409 -42 36 -86.982 -114.547 -52.0354 -84.6129 
-78 -162.799 -41 36 -86.5682 -120.445 -49.3011 -84.8466 
-66 -165.73 -42 36 -88.2985 -116.172 -52.2717 -84.8983 
-66 -166.604 -42 36 -86.4893 -114.42 -51.7775 -84.7517 
-66 -167.332 -43 36 -86.6559 -116.182 -52.635 -84.8052 
-66 -165.925 -42 36 -87.8058 -116.045 -52.0139 -85.0371 
-70 -166.512 -41 36 -86.0112 -115.785 -47.5643 -83.3586 
-66 -164.089 -42 36 -90.3237 -118.299 -54.1754 -85.7115 
-66 -166.653 -43 36 -87.9724 -117.807 -52.8713 -85.0906 
-72 -164.14 -41 37 -91.4351 -116.12 -48.7783 -84.3439 
-66 -163.41 -42 36 -91.6402 -119.924 -54.4118 -85.9969 
-72 -163.461 -41 37 -92.7516 -117.745 -49.0146 -84.6293 
-70 -166.964 -40 35 -88.2641 -116.237 -44.3864 -80.4821 
-72 -163.87 -41 36 -84.4281 -112.869 -51.2546 -87.1889 
-66 -166.188 -42 36 -87.4259 -118.357 -51.1736 -84.9731 
-78 -163.5 -41 36 -86.3207 -118.398 -49.3156 -84.5345 
-70 -166.285 -40 35 -89.5806 -117.862 -44.6228 -80.7675 
-70 -166.911 -42 36 -85.4366 -114.494 -49.7761 -84.5717 
-66 -166.55 -43 36 -88.5457 -116.309 -54.7619 -84.6663 
-72 -163.19 -41 36 -85.7446 -114.494 -51.4909 -87.4743 
-66 -166.383 -42 36 -86.9332 -118.229 -50.9157 -85.1119 
-70 -166.231 -42 36 -86.7531 -116.119 -50.0124 -84.8571 
-66 -166.541 -43 36 -86.2504 -116.85 -54.0213 -86.0904 
-66 -165.871 -43 36 -89.8622 -117.934 -54.9982 -84.9517 
-80 -161.175 -42 38 -91.6115 -121.164 -49.7894 -88.1799 
-70 -167.72 -41 35 -86.4631 -116.56 -44.9855 -82.0673 
-76 -164.622 -41 36 -88.4986 -116.318 -48.0488 -83.5308 
-66 -165.862 -43 36 -87.5669 -118.474 -54.2576 -86.3758 
-66 -163.868 -42 36 -90.7676 -122.109 -53.3136 -86.0717 
-66 -166.034 -43 36 -85.4905 -114.855 -55.8908 -86.9855 
-66 -163.86 -42 36 -90.739 -120.22 -54.0213 -86.165 
-70 -167.04 -41 35 -87.7796 -118.185 -45.2219 -82.3527 
-76 -163.943 -41 36 -89.8151 -117.942 -48.2852 -83.8162 
-66 -165.355 -43 36 -86.807 -116.48 -56.1272 -87.2709 
-66 -166.229 -43 36 -84.9978 -114.728 -55.633 -87.1243 
-66 -163.18 -42 36 -92.0556 -121.844 -54.2576 -86.4504 
-66 -165.55 -43 36 -86.3144 -116.353 -55.8693 -87.4097 
-70 -166.137 -42 36 -84.5197 -116.093 -51.4198 -85.7312 
-72 -164.297 -42 36 -89.9132 -118.889 -51.6581 -85.1453 
-68 -163.745 -43 36 -83.8286 -111.434 -56.4649 -91.8707 
-66 -163.714 -43 36 -88.8322 -118.607 -58.0309 -88.0841 
-70 -167.27 -42 36 -86.8397 -117.125 -49.6219 -83.3853 
-72 -163.618 -42 36 -91.2298 -120.514 -51.8944 -85.4307 
-68 -163.066 -43 36 -85.1451 -113.059 -56.7012 -92.1561 
-72 -164.493 -42 36 -89.4206 -118.762 -51.4002 -85.2841 
-74 -165.866 -40 36 -86.7861 -118.43 -44.1315 -82.5489 
-66 -163.035 -43 36 -90.1487 -120.232 -58.2672 -88.3695 
-66 -166.669 -42 36 -88.9996 -113.782 -53.5394 -83.7848 
-72 -163.813 -42 36 -90.7371 -120.387 -51.6366 -85.5695 
-78 -163.472 -41 36 -86.3718 -118.682 -50.1484 -84.7986 
-76 -164.401 -41 36 -88.9425 -120.127 -47.187 -83.891 
-72 -161.978 -42 36 -93.255 -122.641 -53.7981 -86.2439 
-66 -165.99 -42 36 -90.3161 -115.407 -53.7758 -84.0702 
-66 -166.864 -42 36 -88.507 -113.655 -53.2816 -83.9236 
-66 -168.005 -43 36 -86.4594 -114.42 -53.4823 -84.7572 
-72 -161.298 -42 36 -94.5715 -124.266 -54.0345 -86.5293 
-66 -166.185 -42 36 -89.8235 -115.28 -53.518 -84.209 
-70 -166.772 -41 36 -88.0288 -115.02 -49.0684 -82.5305 
-66 -167.325 -43 36 -87.776 -116.045 -53.7186 -85.0426 
-66 -164.349 -42 36 -92.3413 -117.534 -55.6795 -84.8834 
-72 -164.813 -41 37 -91.2387 -114.358 -49.6256 -84.2958 
-72 -170.488 -42 36 -86.3975 -115.922 -44.3897 -80.1872 
-76 -164.247 -42 36 -87.0071 -116.626 -51.9043 -85.9034 
-74 -163.147 -42 36 -87.7865 -121.254 -53.7577 -86.4131 
-70 -167.523 -41 36 -86.4528 -115.627 -46.9894 -82.9556 
-66 -163.67 -42 36 -93.6579 -119.159 -55.9159 -85.1688 
-72 -164.133 -41 37 -92.5552 -115.983 -49.8619 -84.5812 
-70 -167.636 -40 35 -88.0677 -114.475 -45.2337 -80.4341 
-64 -172.274 -44 36 -88.3578 -116.049 -51.2811 -80.0592 
-72 -169.808 -42 36 -87.714 -117.547 -44.6261 -80.4726 
-78 -160.773 -41 35 -91.7694 -121.894 -51.4089 -85.8107 
-86 -160.662 -40 36 -87.6056 -119.63 -47.7868 -85.4887 
-76 -163.568 -42 36 -88.3236 -118.251 -52.1406 -86.1888 
-74 -163.342 -42 36 -87.2938 -121.127 -53.4998 -86.5519 
-86 -160.414 -42 38 -91.3991 -121.164 -50.0862 -88.1799 
-72 -164.542 -41 36 -84.2317 -111.107 -52.1019 -87.1409 
-70 -166.843 -41 36 -87.7693 -117.252 -47.2257 -83.241 
-66 -166.86 -42 36 -87.2294 -116.594 -52.0209 -84.9251 
-78 -164.172 -41 36 -86.1243 -116.635 -50.1629 -84.4865 
-70 -166.957 -40 35 -89.3842 -116.1 -45.4701 -80.7195 
-86 -163.813 -40 36 -84.3507 -116.243 -45.0221 -83.3796 
-64 -171.595 -44 36 -89.6743 -117.674 -51.5174 -80.3446 
-86 -163.893 -40 35 -83.8986 -115.643 -44.7053 -83.2424 
FEATURES_TXT_END_0
FEATURES_TXT_BEGIN_0 68 100 8 Distortion0_0 LM0_0 WordPenalty0_0 PhrasePenalty0_0 TranslationModel0_0 TranslationModel0_1 TranslationModel0_2 TranslationModel0_3 
-23 -64.3046 -20 15 -38.8503 -53.0469 -28.6762 -41.2583 
-29 -71.4261 -21 16 -34.3256 -48.6091 -21.7196 -35.6747 
-26 -67.2312 -21 16 -39.8331 -50.4932 -26.2654 -39.4854 
-26 -67.1553 -21 16 -39.2067 -51.0535 -25.5345 -40.2938 
-33 -55.9797 -18 14 -49.2474 -61.9846 -26.6709 -43.0056 
-35 -57.3911 -18 14 -48.0068 -58.5135 -28.2804 -40.3159 
-23 -69.4907 -20 15 -43.2499 -54.0644 -22.5294 -33.8269 
-33 -58.2896 -18 14 -49.0322 -59.859 -26.6709 -39.8275 
-23 -68.5258 -20 13 -31.4594 -50.7322 -18.9626 -42.9656 
-35 -58.0762 -18 14 -49.0322 -59.859 -26.6709 -39.8275 
-23 -69.9821 -20 14 -30.8792 -50.664 -19.7698 -40.9009 
-35 -56.1479 -18 14 -49.2474 -61.9846 -26.6709 -43.0056 
-36 -57.9613 -18 14 -49.0322 -59.859 -26.6709 -39.8275 
-28 -69.4889 -20 15 -40.8542 -53.2238 -22.2883 -34.1253 
-35 -56.5203 -18 14 -47.0627 -59.3583 -27.1818 -43.6987 
-24 -64.0834 -20 15 -40.1552 -52.1437 -31.2411 -41.6498 
-33 -57.8608 -19 14 -47.586 -61.9846 -28.2804 -43.011 
-21 -70.1698 -20 15 -44.3189 -53.6421 -22.7803 -33.8001 
-36 -58.7222 -19 14 -48.5811 -59.859 -29.2359 -39.8329 
-23 -67.5622 -20 15 -38.6352 -50.9212 -28.6762 -38.0802 
-15 -66.8899 -19 15 -49.2631 -56.4614 -28.6915 -34.0734 
-23 -68.4428 -20 14 -31.005 -51.2442 -23.6726 -42.0194 
-26 -68.5923 -20 15 -41.981 -52.33 -24.3177 -35.4714 
-26 -69.7931 -20 15 -41.9233 -52.8015 -22.5392 -34.0986 
-21 -70.5578 -20 15 -43.2499 -54.0644 -22.5294 -33.8269 
-31 -68.8939 -20 16 -38.9861 -50.3355 -25.3651 -34.8647 
-23 -66.0518 -20 15 -37.7601 -51.2232 -29.109 -41.2483 
-35 -68.729 -21 18 -38.6482 -49.9132 -26.961 -36.4444 
-28 -64.699 -20 16 -44.4936 -52.2196 -29.911 -38.6755 
-34 -58.7587 -18 14 -49.0322 -59.859 -26.6709 -39.8275 
-24 -64.2269 -20 15 -38.979 -52.2887 -30.548 -42.9183 
-28 -64.6231 -20 16 -43.8672 -52.78 -29.1801 -39.4839 
-32 -64.534 -21 18 -44.1557 -51.7974 -31.5069 -40.2551 
-26 -67.9066 -21 16 -40.0806 -52.5403 -26.2509 -39.7976 
-25 -66.7765 -19 15 -47.9104 -55.7908 -26.175 -33.0169 
-25 -71.5747 -21 16 -35.6998 -49.7624 -23.7345 -37.3329 
-26 -68.4305 -20 15 -42.2285 -54.3771 -24.3032 -35.7835 
-18 -71.4433 -20 15 -43.2499 -54.0644 -22.5294 -33.8269 
-32 -64.4581 -21 18 -43.5293 -52.3577 -30.776 -41.0636 
-31 -73.9474 -22 17 -31.763 -49.4153 -21.3813 -36.6195 
-25 -66.3142 -20 16 -36.1332 -51.8463 -28.8159 -41.7431 
-29 -68.679 -21 15 -31.1224 -50.7458 -21.803 -43.7318 
-23 -63.4851 -20 16 -41.9875 -56.5557 -30.8201 -43.0086 
-23 -65.8298 -19 15 -38.5654 -53.0469 -25.1262 -41.2529 
-25 -69.4132 -20 16 -43.808 -54.0644 -25.4 -33.8269 
-43 -65.3376 -21 18 -33.1325 -52.1622 -27.0586 -42.1975 
-29 -72.2107 -20 16 -34.118 -48.6091 -19.9278 -35.6692 
-35 -63.4176 -19 17 -47.1087 -55.7488 -28.5197 -35.8982 
-45 -61.6888 -20 17 -40.7302 -56.3547 -27.8782 -40.6214 
-23 -67.7468 -20 15 -37.4976 -52.3763 -26.1597 -40.2018 
-23 -69.7875 -19 15 -43.2789 -54.0644 -21.0825 -33.8214 
-13 -67.569 -19 15 -50.3321 -56.0391 -28.9423 -34.0467 
-31 -67.6547 -20 16 -40.3388 -51.006 -27.8816 -35.9212 
-21 -71.4912 -20 15 -43.0024 -52.0173 -22.544 -33.5147 
-29 -66.7935 -20 17 -47.5725 -55.3686 -27.7709 -34.5966 
-26 -68.0158 -20 16 -39.6255 -50.4932 -24.4737 -39.48 
-13 -67.957 -19 15 -49.2631 -56.4614 -28.6915 -34.0734 
-28 -63.4597 -20 16 -45.8463 -52.8902 -32.4274 -39.732 
-26 -67.9399 -20 16 -38.999 -51.0535 -23.7428 -40.2884 
-15 -64.9765 -18 15 -52.4542 -57.3704 -30.6929 -33.9094 
-28 -63.3838 -20 16 -45.2199 -53.4505 -31.6966 -40.5404 
-35 -55.5881 -18 14 -49.5268 -59.736 -30.8453 -43.8854 
-25 -65.5372 -19 15 -49.2631 -56.4614 -28.6915 -34.0734 
-24 -68.3046 -20 13 -32.7643 -49.829 -21.5276 -43.357 
-35 -57.1334 -18 14 -49.2474 -61.9846 -26.6709 -43.0056 
-33 -68.5164 -20 15 -44.3189 -53.6421 -22.7803 -33.8001 
-23 -67.4556 -19 15 -48.9795 -55.3685 -26.4259 -32.9902 
-23 -71.7835 -20 13 -31.2443 -48.6065 -18.9626 -39.7875 
-15 -71.1112 -19 13 -41.8721 -54.1467 -18.9779 -35.7807 
-23 -70.2753 -19 15 -43.0423 -54.0644 -20.7377 -33.8214 
-35 -69.9149 -21 16 -38.9847 -50.3355 -25.9023 -34.8702 
-24 -69.7609 -20 14 -32.184 -49.7609 -22.3348 -41.2924 
-29 -73.8519 -21 16 -35.2402 -48.8553 -21.0596 -34.4961 
-10 -68.8425 -19 15 -49.2631 -56.4614 -28.6915 -34.0734 
-30 -66.9567 -19 15 -45.5148 -54.9502 -25.9339 -33.3154 
-23 -67.8436 -19 15 -47.9104 -55.7908 -26.175 -33.0169 
-24 -68.3084 -20 15 -38.6352 -50.9212 -28.6762 -38.0802 
-36 -57.669 -19 14 -48.7963 -61.9846 -29.2359 -43.011 
-31 -64.8739 -19 16 -48.288 -56.1711 -28.8665 -34.324 
-23 -70.0923 -20 16 -44.877 -53.6421 -25.6509 -33.8001 
-29 -66.9451 -19 15 -48.4953 -55.7908 -24.4876 -33.0169 
-34 -66.7917 -20 17 -45.1768 -54.528 -27.5298 -34.895 
-23 -73.2398 -20 14 -30.6641 -48.5384 -19.7698 -37.7229 
-15 -72.5674 -19 14 -41.2919 -54.0785 -19.7851 -33.7161 
-32 -65.7199 -21 16 -44.4922 -52.2196 -30.4482 -38.6809 
-23 -70.273 -20 13 -30.3692 -48.9085 -19.3955 -42.9556 
-34 -58.3284 -18 14 -49.2002 -60.5965 -28.1373 -41.0945 
-26 -69.6569 -21 16 -40.7477 -50.7394 -25.6054 -38.3068 
-23 -70.5655 -20 13 -28.8026 -50.6418 -18.9626 -43.0276 
-29 -72.8009 -21 16 -36.7213 -49.4496 -21.9607 -35.3762 
-33 -64.0967 -19 17 -48.1778 -55.3265 -28.7706 -35.8714 
-21 -74.8842 -22 16 -36.8425 -49.4496 -24.7395 -35.3816 
-21 -71.8532 -21 15 -41.1001 -54.3147 -22.0872 -36.6197 
-29 -71.3838 -21 16 -34.7235 -48.0772 -22.8127 -38.8051 
-29 -69.5552 -20 14 -30.3455 -50.1053 -21.8492 -41.0336 
-33 -62.7106 -19 15 -49.3988 -56.9824 -30.9648 -35.4131 
-32 -65.644 -21 16 -43.8658 -52.78 -29.7173 -39.4893 
-21 -70.4666 -19 15 -44.3479 -53.6421 -21.3334 -33.7947 
-35 -59.4055 -18 14 -49.0322 -59.859 -26.6709 -39.8275 
-28 -66.0601 -19 15 -46.6415 -54.0565 -27.9633 -34.6615 
FEATURES_TXT_END_0
FEATURES_TXT_BEGIN_0 69 100 8 Distortion0_0 LM0_0 WordPenalty0_0 PhrasePenalty0_0 TranslationModel0_0 TranslationModel0_1 TranslationModel0_2 TranslationModel0_3 
-67 -140.677 -40 34 -85.6604 -94.9664 -50.3751 -82.1903 
-53 -140.963 -38 33 -87.5094 -97.937 -45.7352 -83.3625 
-67 -137.203 -39 35 -91.1589 -95.0204 -51.3415 -84.3076 
-46 -144.241 -41 35 -90.3343 -96.0207 -52.1296 -83.7165 
-59 -150.581 -41 33 -74.5702 -89.0894 -44.1502 -79.1254 
-46 -145.542 -41 35 -90.8576 -98.005 -50.1771 -81.9603 
-53 -137.489 -37 34 -93.0078 -97.991 -46.7016 -85.4798 
-46 -140.766 -40 36 -95.8328 -96.0747 -53.096 -85.8338 
-45 -150.867 -39 32 -76.4192 -92.06 -39.5102 -80.2976 
-46 -146.181 -41 35 -90.6101 -95.9579 -50.1916 -81.6482 
-65 -141.666 -40 34 -85.5992 -94.5322 -51.5524 -81.8345 
-49 -145.06 -39 33 -82.6052 -92.9467 -46.9751 -83.1571 
-59 -147.106 -40 34 -80.0686 -89.1434 -45.1166 -81.2428 
-46 -142.068 -40 36 -96.356 -98.059 -51.1435 -84.0777 
-38 -154.145 -42 34 -79.2441 -90.1437 -45.9046 -80.6516 
-49 -144.475 -38 32 -83.4429 -93.6872 -46.3259 -81.4621 
-51 -141.952 -38 33 -87.4482 -97.5029 -46.9124 -83.0067 
-38 -155.446 -42 34 -79.7673 -92.128 -43.9521 -78.8955 
-45 -147.393 -38 33 -81.9176 -92.114 -40.4766 -82.415 
-49 -147.669 -41 34 -84.531 -92.7339 -47.6277 -82.5423 
-46 -142.706 -40 36 -96.1085 -96.0119 -51.158 -83.7655 
-65 -138.192 -39 35 -91.0976 -94.5863 -52.5188 -83.9518 
-69 -138.691 -38 34 -90.249 -94.9233 -49.2765 -80.7404 
-44 -145.23 -41 35 -90.2731 -95.5865 -53.3069 -83.3606 
-49 -141.586 -38 34 -88.1036 -93.0007 -47.9415 -85.2744 
-67 -143.511 -41 33 -80.6225 -93.5497 -49.4637 -83.5427 
-67 -142.993 -40 33 -80.5737 -93.5497 -47.0888 -83.5373 
-38 -150.67 -41 35 -84.7425 -90.1977 -46.8711 -82.7689 
-53 -141.444 -38 33 -88.0588 -98.705 -46.4283 -83.1881 
-67 -140.576 -39 34 -88.5225 -94.9233 -50.2462 -80.7458 
-49 -141 -37 33 -88.9414 -93.7412 -47.2923 -83.5795 
-49 -144.429 -38 32 -83.9923 -94.4552 -47.019 -81.2878 
-67 -143.49 -41 33 -81.6078 -94.6723 -48.7078 -83.4943 
-38 -156.085 -42 34 -79.5198 -90.0809 -43.9666 -78.5833 
-57 -151.57 -41 33 -74.5089 -88.6552 -45.3274 -78.7696 
-56 -142.249 -39 34 -94.8791 -100.281 -49.544 -78.3271 
-46 -145.893 -41 35 -91.9266 -97.5827 -50.4279 -81.9336 
-44 -146.532 -41 35 -90.7963 -97.5709 -51.3543 -81.6045 
-46 -144.721 -41 35 -90.8837 -96.7887 -52.8228 -83.5421 
-51 -138.478 -37 34 -92.9466 -97.5569 -47.8788 -85.124 
-55 -138.977 -36 33 -92.098 -97.8939 -44.6366 -81.9126 
-67 -139.306 -38 34 -90.249 -94.9233 -49.2765 -80.7404 
-41 -154.964 -40 32 -71.5149 -87.0697 -40.7501 -80.0923 
-49 -144.919 -39 32 -82.7469 -93.4778 -48.3183 -82.8439 
-49 -145.658 -41 35 -90.3144 -97.6847 -50.2724 -82.1083 
-53 -143.797 -39 32 -82.4715 -96.5203 -44.8237 -84.7149 
-38 -151.972 -41 35 -85.2657 -92.182 -44.9185 -81.0128 
-53 -143.28 -38 32 -82.4227 -96.5203 -42.4488 -84.7095 
-49 -144.194 -40 35 -90.0294 -92.7879 -48.5941 -84.6596 
-67 -141.458 -40 34 -85.8627 -95.186 -50.6645 -82.644 
-44 -141.756 -40 36 -95.7715 -95.6405 -54.2733 -85.478 
-48 -142.255 -39 35 -94.9229 -95.9776 -51.031 -82.2666 
-41 -154.379 -39 31 -72.3527 -87.8102 -40.1009 -78.3973 
-51 -146.127 -39 33 -82.5861 -92.722 -46.0588 -81.9355 
-46 -147.075 -42 34 -85.2964 -94.6039 -51.2182 -85.0689 
-69 -143.246 -41 33 -81.6078 -94.6723 -48.7078 -83.4943 
-46 -146.557 -41 34 -85.2476 -94.6039 -48.8433 -85.0635 
-46 -145.239 -40 35 -93.7197 -97.9619 -50.0481 -80.5159 
-53 -143.776 -39 32 -83.4568 -97.6429 -44.0678 -84.6665 
-46 -146.023 -41 35 -91.4069 -98.773 -50.8702 -81.786 
-50 -141.668 -38 34 -96.6981 -104.531 -48.1556 -78.7979 
-53 -137.969 -37 34 -93.5572 -98.759 -47.3948 -85.3055 
-49 -145.774 -40 34 -83.9351 -94.6461 -46.8304 -84.7741 
-43 -151.856 -39 32 -76.3579 -91.6259 -40.6874 -79.9418 
-67 -137.101 -38 35 -94.021 -94.9773 -51.2126 -82.8632 
-44 -147.17 -41 35 -90.5488 -95.5238 -51.3688 -81.2924 
-64 -141.675 -40 35 -93.2048 -99.4038 -51.5919 -79.3397 
-53 -139.592 -36 33 -92.098 -97.8939 -44.6366 -81.9126 
-49 -140.954 -37 33 -89.4907 -94.5092 -47.9855 -83.4051 
-47 -146.05 -39 33 -82.5439 -92.5126 -48.1524 -82.8013 
-67 -143.338 -41 33 -81.8101 -94.8919 -48.9971 -83.948 
-41 -157.572 -42 33 -73.4407 -86.8569 -41.4027 -79.4775 
-67 -139.867 -39 33 -87.1908 -99.0482 -49.2186 -82.4218 
-38 -152.61 -41 35 -85.0182 -90.1349 -44.933 -80.7007 
-65 -140.688 -38 33 -88.4263 -94.9233 -47.3225 -80.7404 
-57 -148.096 -40 34 -80.0073 -88.7092 -46.2938 -80.8869 
-61 -148.595 -39 33 -79.1588 -89.0463 -43.0515 -77.6756 
-56 -138.775 -38 35 -100.378 -100.335 -50.5104 -80.4444 
-46 -142.419 -40 36 -97.425 -97.6367 -51.3943 -84.0509 
-69 -143.237 -41 35 -84.8036 -94.0012 -50.1081 -82.6636 
-69 -139.81 -39 34 -90.4113 -94.9233 -51.0425 -80.7458 
-46 -147.054 -42 34 -86.2817 -95.7266 -50.4622 -85.0205 
-44 -143.057 -40 36 -96.2947 -97.6249 -52.3207 -83.7218 
-46 -141.247 -40 36 -96.3821 -96.8427 -53.7892 -85.6594 
-48 -143.557 -39 35 -95.4461 -97.9619 -49.0784 -80.5105 
-36 -155.134 -42 34 -79.1828 -89.7095 -47.0819 -80.2958 
-41 -151.49 -39 33 -77.0134 -87.1237 -41.7165 -82.2096 
-49 -141.445 -38 33 -88.2453 -93.5318 -49.2847 -84.9613 
-53 -141.745 -38 33 -87.7117 -98.1566 -46.0245 -83.8162 
-59 -153.415 -42 32 -69.5323 -87.6727 -43.2387 -80.4779 
-46 -142.869 -39 35 -94.9229 -95.9776 -51.031 -82.2666 
-59 -152.897 -41 32 -69.4835 -87.6727 -40.8638 -80.4725 
-49 -142.184 -40 36 -95.8129 -97.7388 -51.2388 -84.2256 
-46 -148.376 -42 34 -85.8197 -96.5883 -49.2656 -83.3128 
-65 -145.006 -42 33 -80.6225 -93.8007 -50.1568 -84.2278 
-47 -145.464 -38 32 -83.3817 -93.2531 -47.5031 -81.1063 
-67 -141.927 -41 33 -85.7555 -99.0482 -52.0832 -82.4326 
-67 -139.026 -40 35 -91.3211 -95.0204 -53.1075 -84.313 
-65 -142.569 -37 33 -84.0206 -93.6141 -47.5492 -77.3792 
-46 -147.859 -41 34 -85.7708 -96.5883 -46.8907 -83.3074 
FEATURES_TXT_END_0
FEATURES_TXT_BEGIN_0 70 99 8 Distortion0_0 LM0_0 WordPenalty0_0 PhrasePenalty0_0 TranslationModel0_0 TranslationModel0_1 TranslationModel0_2 TranslationModel0_3 
-65 -207.9 -46 33 -63.1976 -90.6938 -33.009 -80.3195 
-61 -209.601 -47 33 -63.348 -90.6938 -34.7557 -80.3249 
-67 -207.9 -46 33 -63.1976 -90.6938 -33.009 -80.3195 
-65 -211.632 -47 33 -61.3258 -85.4664 -33.009 -78.5224 
-65 -205.806 -45 32 -65.4936 -95.8971 -30.6989 -81.3933 
-61 -213.334 -48 33 -61.4762 -85.4664 -34.7557 -78.5278 
-67 -203.351 -45 35 -66.9172 -95.4298 -38.2272 -82.7212 
-61 -210.609 -46 32 -60.8428 -90.6938 -30.2 -80.3195 
-65 -209.156 -46 33 -62.9501 -88.6467 -33.0235 -80.0073 
-67 -211.632 -47 33 -61.3258 -85.4664 -33.009 -78.5224 
-63 -205.053 -46 35 -67.0677 -95.4298 -39.974 -82.7266 
-57 -212.31 -47 32 -60.9932 -90.6938 -31.9468 -80.3249 
-65 -209.539 -46 32 -63.6218 -90.6697 -30.6989 -79.5962 
-65 -207.693 -45 33 -63.1976 -90.6938 -33.009 -80.3141 
-60 -207.403 -45 32 -65.4936 -95.8971 -30.6989 -81.3933 
-61 -209.394 -46 33 -63.348 -90.6938 -34.7557 -80.3195 
-69 -203.351 -45 35 -66.9172 -95.4298 -38.2272 -82.7212 
-63 -210.609 -46 32 -60.8428 -90.6938 -30.2 -80.3195 
-69 -206.241 -45 35 -65.491 -91.853 -36.1004 -79.9387 
-61 -209.96 -46 33 -63.1976 -90.6938 -33.009 -80.3195 
-61 -211.113 -47 33 -63.1005 -88.6467 -34.7702 -80.0127 
-67 -207.084 -46 35 -65.0454 -90.2025 -38.2272 -80.9241 
-61 -214.341 -47 32 -58.971 -85.4664 -30.2 -78.5224 
-61 -210.562 -47 32 -62.7015 -90.2715 -35.0048 -80.2981 
-65 -212.889 -47 33 -61.0783 -83.4194 -33.0235 -78.2102 
-63 -210.775 -47 33 -63.1005 -88.6467 -34.7702 -80.0127 
-61 -209.443 -46 33 -63.4615 -94.6563 -30.1423 -82.026 
-65 -207.942 -46 35 -65.6415 -91.853 -37.8471 -79.9441 
-67 -207.693 -45 33 -63.1976 -90.6938 -33.009 -80.3141 
-63 -208.785 -47 35 -65.1959 -90.2025 -39.974 -80.9295 
-57 -216.042 -48 32 -59.1214 -85.4664 -31.9468 -78.5278 
-65 -211.425 -46 33 -61.3258 -85.4664 -33.009 -78.517 
-65 -205.599 -44 32 -65.4936 -95.8971 -30.6989 -81.3879 
-67 -206.869 -46 35 -62.9469 -92.4054 -38.2272 -82.3211 
-65 -208.707 -46 33 -64.4219 -91.771 -32.9349 -80.8673 
-60 -211.136 -46 32 -63.6218 -90.6697 -30.6989 -79.5962 
-67 -204.608 -45 35 -66.6698 -93.3827 -38.2417 -82.409 
-61 -211.865 -46 32 -60.5953 -88.6467 -30.2145 -80.0073 
-65 -209.347 -46 32 -62.551 -90.2715 -33.2581 -80.2927 
-60 -211.198 -47 33 -63.348 -90.6938 -34.7557 -80.3249 
-65 -210.066 -47 32 -62.7015 -90.2715 -35.0048 -80.2981 
-71 -206.241 -45 35 -65.491 -91.853 -36.1004 -79.9387 
-65 -208.772 -46 33 -64.4297 -91.8943 -34.1076 -80.3195 
-73 -206.858 -47 34 -63.6722 -94.1989 -34.8409 -83.0209 
-61 -213.127 -47 33 -61.4762 -85.4664 -34.7557 -78.5224 
-69 -207.084 -46 35 -65.0454 -90.2025 -38.2272 -80.9241 
-63 -214.341 -47 32 -58.971 -85.4664 -30.2 -78.5224 
-69 -209.973 -46 35 -63.6192 -86.6257 -36.1004 -78.1416 
-63 -208.571 -47 35 -63.0974 -92.4054 -39.974 -82.3265 
-67 -208.532 -46 33 -63.4615 -94.6563 -30.1423 -82.026 
-61 -210.409 -47 33 -64.5723 -91.771 -34.6816 -80.8727 
-61 -213.692 -47 33 -61.3258 -85.4664 -33.009 -78.5224 
-69 -204.147 -44 34 -67.7871 -97.0563 -33.7903 -81.0125 
-61 -214.846 -48 33 -61.2287 -83.4194 -34.7702 -78.2157 
-69 -204.334 -45 35 -66.8982 -95.928 -37.6045 -82.1315 
-61 -214.295 -48 32 -60.8297 -85.0441 -35.0048 -78.501 
-67 -203.144 -44 35 -66.9172 -95.4298 -38.2272 -82.7158 
-61 -210.402 -45 32 -60.8428 -90.6938 -30.2 -80.3141 
-63 -214.508 -48 33 -61.2287 -83.4194 -34.7702 -78.2157 
-71 -206.73 -48 34 -64.274 -89.3051 -36.9228 -86.2248 
-65 -208.949 -45 33 -62.9501 -88.6467 -33.0235 -80.0019 
-63 -210.802 -47 33 -63.348 -90.6938 -34.7557 -80.3249 
-61 -210.474 -47 33 -64.5802 -91.8943 -35.8543 -80.3249 
-61 -213.176 -47 33 -61.5897 -89.429 -30.1423 -80.2289 
-61 -209.47 -46 33 -63.709 -96.7034 -30.1278 -82.3381 
-65 -211.674 -47 35 -63.7697 -86.6257 -37.8471 -78.147 
-61 -208.435 -46 32 -65.0528 -90.8237 -35.0048 -81.9217 
-69 -207.834 -46 33 -63.709 -96.7034 -30.1278 -82.3381 
-67 -208.772 -46 33 -64.4297 -91.8943 -34.1076 -80.3195 
-73 -209.601 -47 34 -61.413 -91.5001 -32.4379 -81.2643 
-67 -211.425 -46 33 -61.3258 -85.4664 -33.009 -78.517 
-65 -206.035 -46 35 -67.0486 -95.928 -39.3512 -82.1369 
-69 -207.867 -46 33 -63.709 -96.7034 -30.1278 -82.3381 
-62 -212.32 -47 33 -60.0596 -87.4969 -34.7557 -80.3249 
-69 -206.869 -46 35 -62.9469 -92.4054 -38.2272 -82.3211 
-67 -208.707 -46 33 -64.4219 -91.771 -32.9349 -80.8673 
-61 -211.159 -46 32 -58.7207 -90.5336 -31.8974 -81.594 
-63 -204.846 -45 35 -67.0677 -95.4298 -39.974 -82.7212 
-57 -212.103 -46 32 -60.9932 -90.6938 -31.9468 -80.3195 
-65 -208.47 -45 33 -64.9388 -90.6938 -32.0927 -80.3141 
-69 -202.613 -47 34 -69.8247 -101.31 -40.1417 -85.9033 
-67 -208.432 -49 34 -64.4244 -89.3051 -38.6696 -86.2302 
-65 -208.949 -45 34 -63.1362 -91.853 -33.2915 -79.9387 
-65 -209.332 -45 32 -63.6218 -90.6697 -30.6989 -79.5908 
-63 -205.411 -45 35 -66.9172 -95.4298 -38.2272 -82.7212 
-57 -212.668 -46 32 -60.8428 -90.6938 -30.2 -80.3195 
-67 -210.602 -47 35 -61.0751 -87.178 -38.2272 -80.524 
-65 -212.44 -47 33 -62.5501 -86.5437 -32.9349 -79.0702 
-63 -206.565 -46 35 -66.8202 -93.3827 -39.9885 -82.4144 
-69 -207.497 -45 35 -65.2435 -89.8059 -36.1149 -79.6266 
-57 -213.822 -47 32 -60.7458 -88.6467 -31.9613 -80.0127 
-65 -210.514 -46 31 -60.545 -93.3607 -29.7906 -80.5037 
-69 -206.787 -45 35 -65.3269 -92.224 -36.0795 -80.4127 
-65 -206.614 -45 32 -66.7179 -96.9743 -30.6248 -81.9411 
-75 -205.365 -46 33 -66.9076 -93.1258 -34.6131 -81.7941 
-63 -206.014 -46 34 -66.4211 -95.0075 -40.2231 -82.6998 
-57 -213.271 -47 31 -60.3467 -90.2715 -32.1959 -80.2981 
-67 -208.341 -46 35 -64.798 -88.1554 -38.2417 -80.6119 
-61 -215.598 -47 32 -58.7235 -83.4194 -30.2145 -78.2102 
FEATURES_TXT_END_0
FEATURES_TXT_BEGIN_0 71 100 8 Distortion0_0 LM0_0 WordPenalty0_0 PhrasePenalty0_0 TranslationModel0_0 TranslationModel0_1 TranslationModel0_2 TranslationModel0_3 
-47 -78.1172 -26 22 -61.9912 -71.6167 -32.3007 -54.7963 
-35 -78.7214 -25 22 -67.1822 -76.4123 -34.5241 -52.2301 
-23 -72.716 -25 23 -79.7654 -84.3028 -41.95 -57.8 
-29 -79.0952 -29 22 -72.9878 -75.1679 -40.3196 -58.1064 
-43 -79.1776 -26 22 -59.6727 -70.2016 -33.8048 -56.4277 
-32 -76.4861 -28 22 -70.9463 -76.4595 -41.7629 -59.5238 
-29 -78.578 -28 22 -70.1129 -75.0764 -39.735 -58.6874 
-23 -72.6307 -26 23 -78.9609 -84.5336 -43.9108 -59.7745 
-29 -78.3412 -26 22 -70.7814 -74.8456 -35.3999 -56.7075 
-29 -78.1146 -27 22 -69.9768 -75.0764 -37.3607 -58.682 
-30 -79.1434 -29 22 -72.9878 -75.1679 -40.3196 -58.1064 
-29 -79.626 -28 22 -73.7924 -74.9371 -38.3588 -56.1319 
-32 -77.017 -27 22 -71.7509 -76.2288 -39.8021 -57.5493 
-17 -79.6994 -28 22 -78.1789 -79.9635 -42.543 -55.5402 
-47 -83.3307 -28 22 -57.9298 -64.2091 -34.4611 -54.1349 
-29 -79.1088 -27 22 -70.9175 -74.8456 -37.7743 -56.7129 
-20 -77.0903 -27 22 -76.1374 -81.2551 -43.9863 -56.9576 
-29 -75.9162 -27 23 -77.282 -81.0675 -43.1736 -56.1112 
-29 -74.1733 -26 23 -80.4418 -84.8224 -40.7255 -56.1014 
-23 -77.3839 -25 23 -73.2689 -78.6971 -39.2419 -55.7206 
-17 -79.1821 -27 22 -75.3039 -79.872 -41.9584 -56.1212 
-17 -78.9454 -25 22 -75.9724 -79.6412 -37.6233 -54.1413 
-17 -78.7188 -26 22 -75.1678 -79.872 -39.5841 -56.1158 
-30 -79.6742 -28 22 -73.7924 -74.9371 -38.3588 -56.1319 
-29 -72.3437 -25 22 -82.469 -85.2469 -40.3314 -56.2207 
-32 -75.9024 -27 22 -77.2388 -78.6186 -42.266 -55.8515 
-18 -79.7476 -28 22 -78.1789 -79.9635 -42.543 -55.5402 
-23 -75.4507 -25 22 -75.7197 -82.2557 -38.6711 -57.4879 
-29 -76.3827 -26 23 -78.0866 -80.8367 -41.2128 -54.1367 
-29 -74.6397 -25 23 -81.2463 -84.5916 -38.7647 -54.127 
-17 -80.2302 -27 22 -78.9835 -79.7327 -40.5822 -53.5657 
-20 -77.6211 -26 22 -76.942 -81.0243 -42.0255 -54.9831 
-23 -73.2952 -25 22 -79.0829 -83.3943 -41.5017 -58.3533 
-45 -81.1048 -27 22 -57.5811 -70.2016 -34.353 -56.4331 
-35 -83.9348 -27 22 -63.1208 -69.0047 -36.6845 -51.5687 
-29 -79.129 -26 22 -66.7821 -70.3272 -38.4238 -57.657 
-25 -80.1557 -29 22 -70.6694 -73.7529 -41.8237 -59.7378 
-17 -79.713 -26 22 -76.1085 -79.6412 -39.9977 -54.1467 
-29 -72.3112 -26 22 -81.6644 -85.4777 -42.2921 -58.1952 
-29 -79.7387 -28 22 -69.8654 -73.0293 -39.7495 -58.3752 
-28 -77.5466 -28 22 -68.6279 -75.0445 -43.267 -61.1552 
-23 -75.3934 -26 22 -74.9152 -82.4865 -40.6318 -59.4623 
-23 -73.1018 -24 23 -79.6293 -84.3028 -39.5757 -57.7946 
-29 -79.6613 -29 22 -71.8005 -74.6541 -41.5953 -58.666 
-23 -73.2098 -26 22 -78.2783 -83.6251 -43.4625 -60.3278 
-29 -72.786 -25 23 -83.1516 -86.1554 -40.7796 -55.6674 
-21 -73.7396 -25 22 -76.7023 -83.3458 -41.0334 -59.9518 
-33 -79.5629 -26 22 -64.7127 -72.4307 -37.1243 -56.6961 
-25 -79.6079 -26 21 -67.7183 -73.8886 -34.4834 -58.8592 
-25 -79.6384 -28 22 -67.7944 -73.6613 -41.2391 -60.3188 
-37 -72.7213 -26 22 -74.9595 -79.0362 -39.6121 -60.4183 
-25 -79.4016 -26 22 -68.4629 -73.4305 -36.904 -58.3389 
-39 -79.2118 -25 22 -67.1822 -76.4123 -34.5241 -52.2301 
-25 -79.1751 -27 22 -67.6583 -73.6613 -38.8648 -60.3134 
-32 -76.4333 -26 22 -78.0434 -78.3878 -40.3052 -53.8771 
-18 -80.2784 -27 22 -78.9835 -79.7327 -40.5822 -53.5657 
-23 -78.4946 -26 23 -76.1438 -78.7887 -39.8265 -55.1396 
-20 -76.5066 -26 22 -82.4299 -83.4142 -44.4894 -53.2853 
-25 -80.8927 -28 21 -70.7293 -73.9801 -37.4423 -58.2837 
-26 -80.2038 -29 22 -70.6694 -73.7529 -41.8237 -59.7378 
-29 -76.9429 -25 22 -75.9724 -79.6412 -37.6233 -54.1413 
-25 -73.3271 -25 21 -79.4059 -84.2899 -39.4148 -58.3725 
-28 -78.2836 -27 21 -68.6878 -75.2717 -38.8855 -59.701 
-29 -72.7535 -26 23 -82.347 -86.3862 -42.7404 -57.6419 
-29 -79.7262 -26 22 -70.5339 -72.7985 -35.4144 -56.3953 
-25 -80.6865 -28 22 -71.474 -73.5221 -39.8629 -57.7633 
-29 -79.4996 -27 22 -69.7293 -73.0293 -37.3752 -58.3698 
-29 -80.2696 -27 22 -70.67 -72.7985 -37.7888 -56.4007 
-28 -78.0774 -27 22 -69.4325 -74.8137 -41.3062 -59.1807 
-37 -72.6887 -27 22 -74.1549 -79.267 -41.5728 -62.3928 
-29 -79.6488 -27 22 -72.469 -74.4233 -37.2602 -56.6861 
-29 -79.4222 -28 22 -71.6644 -74.6541 -39.221 -58.6606 
-43 -74.9729 -27 24 -69.184 -75.3683 -39.5618 -61.063 
-41 -80.6882 -26 22 -58.7413 -72.678 -31.8953 -57.4113 
-25 -80.3755 -27 21 -67.8544 -73.8886 -36.8577 -58.8647 
-31 -73.7863 -26 22 -71.5733 -77.1837 -40.7824 -62.551 
-17 -79.7332 -25 22 -71.9731 -75.1227 -40.6472 -55.0909 
-29 -80.1921 -28 22 -72.6051 -74.4233 -39.6346 -56.6915 
-43 -84.3911 -28 22 -55.6113 -62.794 -35.9652 -55.7663 
-23 -78.5447 -25 23 -73.0214 -76.65 -39.2565 -55.4084 
-33 -80.0937 -25 22 -65.5173 -72.2 -35.1635 -54.7217 
-25 -77.6145 -25 21 -72.9093 -78.6842 -36.7067 -56.293 
-41 -72.7064 -26 22 -77.278 -80.4513 -38.108 -58.7869 
-25 -80.1692 -27 22 -68.599 -73.4305 -39.2784 -58.3443 
-17 -80.3429 -27 22 -75.0565 -77.8249 -41.9729 -55.809 
-35 -79.9383 -24 23 -67.9014 -77.3208 -32.6062 -51.6714 
-33 -80.2772 -26 22 -65.3318 -71.884 -37.5298 -55.5975 
-23 -77.9631 -25 22 -72.5863 -77.7886 -38.7937 -56.2739 
-23 -78.4673 -26 23 -74.9565 -78.2748 -41.1022 -55.6992 
-17 -80.2655 -28 22 -76.9916 -79.4497 -43.8187 -56.0998 
-21 -80.1671 -25 22 -69.9038 -77.2263 -39.3477 -54.13 
-13 -80.2121 -25 21 -72.9093 -78.6842 -36.7067 -56.293 
-39 -75.1241 -26 23 -67.945 -71.1495 -41.8741 -60.1283 
-29 -75.0785 -25 21 -78.4233 -83.1998 -37.0524 -55.9086 
-26 -80.9409 -28 21 -70.7293 -73.9801 -37.4423 -58.2837 
-31 -73.701 -27 22 -70.7688 -77.4145 -42.7432 -64.5254 
-39 -81.8788 -26 21 -59.8507 -71.1334 -31.0367 -56.0246 
-25 -75.3472 -30 24 -80.1807 -78.9195 -47.5807 -64.3731 
-29 -77.3852 -25 23 -76.655 -80.5497 -38.0716 -53.588 
-20 -77.0374 -25 22 -83.2344 -83.1834 -42.5286 -51.3109 
FEATURES_TXT_END_0
FEATURES_TXT_BEGIN_0 72 100 8 Distortion0_0 LM0_0 WordPenalty0_0 PhrasePenalty0_0 TranslationModel0_0 TranslationModel0_1 TranslationModel0_2 TranslationModel0_3 
-55 -118.96 -38 29 -58.6446 -65.1326 -53.2761 -78.8852 
-59 -115.425 -37 28 -65.0546 -72.3418 -51.9556 -77.4224 
-61 -116.432 -37 28 -59.5275 -68.8311 -52.9852 -77.6188 
-61 -116.355 -37 31 -64.5491 -67.6187 -54.8909 -76.304 
-65 -112.82 -36 30 -70.9591 -74.8279 -53.5705 -74.8411 
-67 -113.826 -36 30 -65.432 -71.3172 -54.6001 -75.0375 
-50 -119.956 -37 27 -60.076 -64.7001 -51.5478 -76.4756 
-54 -116.421 -36 26 -66.486 -71.9092 -50.2273 -75.0127 
-56 -117.427 -36 26 -60.9589 -68.3985 -51.2569 -75.2091 
-56 -117.35 -36 29 -65.9804 -67.1862 -53.1626 -73.8943 
-57 -118.023 -37 28 -63.5405 -70.3383 -51.0393 -75.6122 
-60 -113.815 -35 28 -72.3904 -74.3953 -51.8421 -72.4315 
-62 -114.822 -35 28 -66.8633 -70.8847 -52.8718 -72.6279 
-55 -116.909 -38 29 -60.8928 -68.0432 -54.5288 -81.2484 
-55 -120.447 -39 29 -56.4964 -65.1709 -53.3484 -80.2828 
-63 -115.417 -36 30 -69.4449 -72.8244 -52.6542 -73.031 
-59 -115.632 -37 28 -65.604 -73.1098 -52.6487 -77.248 
-61 -114.303 -37 31 -66.7972 -70.5293 -56.1437 -78.6672 
-52 -119.018 -36 26 -64.9719 -69.9057 -49.311 -73.2026 
-61 -117.842 -38 31 -62.4008 -67.657 -54.9633 -77.7016 
-50 -117.904 -37 27 -62.3242 -67.6106 -52.8005 -78.8388 
-65 -113.027 -36 30 -71.5084 -75.5959 -54.2636 -74.6668 
-53 -110.571 -37 31 -76.2675 -72.8064 -64.6556 -79.6186 
-50 -121.442 -38 27 -57.9278 -64.7383 -51.6201 -77.8731 
-58 -116.413 -35 28 -70.8763 -72.3918 -50.9259 -70.6213 
-57 -107.036 -36 30 -82.6775 -80.0156 -63.3351 -78.1557 
-54 -116.628 -36 26 -67.0353 -72.6772 -50.9204 -74.8383 
-59 -108.042 -36 30 -77.1504 -76.5049 -64.3648 -78.3522 
-56 -115.298 -36 29 -68.2286 -70.0968 -54.4154 -76.2575 
-57 -115.971 -37 28 -65.7887 -73.2489 -52.2921 -77.9754 
-56 -118.837 -37 29 -63.8322 -67.2245 -53.235 -75.2919 
-55 -118.684 -38 29 -60.2415 -64.8382 -56.6463 -78.6318 
-57 -119.509 -38 28 -61.3923 -70.3766 -51.1116 -77.0098 
-60 -114.022 -35 28 -72.9398 -75.1633 -52.5353 -72.2571 
-48 -111.566 -36 29 -77.6989 -72.3739 -62.9273 -77.2089 
-63 -113.365 -36 30 -71.6931 -75.735 -53.9069 -75.3942 
-52 -108.031 -35 28 -84.1088 -79.583 -61.6068 -75.7461 
-61 -116.078 -37 31 -66.1459 -67.3243 -58.2612 -76.0505 
-63 -116.904 -37 30 -67.2967 -72.8627 -52.7265 -74.4286 
-54 -109.038 -35 28 -78.5817 -76.0724 -62.6364 -75.9425 
-55 -115.046 -37 28 -69.5891 -75.5686 -52.9852 -78.2631 
-52 -116.966 -36 26 -67.2201 -72.8163 -50.5638 -75.5658 
-50 -117.894 -37 27 -61.9722 -67.4847 -53.3395 -79.5081 
-50 -119.679 -37 27 -61.6729 -64.4056 -54.918 -76.2221 
-55 -109.633 -36 30 -81.1634 -78.0121 -62.4188 -76.3456 
-52 -120.505 -37 26 -62.8236 -69.944 -49.3833 -74.6002 
-54 -114.359 -36 26 -68.3822 -74.6938 -52.019 -78.0453 
-56 -115.365 -36 26 -62.8551 -71.1832 -53.0487 -78.2417 
-53 -108.519 -37 31 -78.5157 -75.717 -65.9084 -81.9818 
-61 -112.441 -36 30 -75.4935 -78.0547 -54.6001 -75.6819 
-58 -114.361 -35 28 -73.1245 -75.3024 -52.1786 -72.9845 
-56 -115.289 -36 29 -67.8766 -69.9708 -54.9544 -76.9269 
-53 -112.058 -38 31 -74.1192 -72.8447 -64.7279 -81.0162 
-56 -117.074 -36 29 -67.5773 -66.8917 -56.5329 -73.6409 
-58 -117.899 -36 28 -68.7281 -72.4301 -50.9982 -72.0189 
-60 -111.754 -35 28 -74.2867 -77.1799 -53.6339 -75.464 
-59 -118.139 -38 29 -56.7811 -65.8884 -54.7112 -81.2411 
-57 -118.476 -37 28 -61.8918 -69.3688 -51.9556 -76.9805 
-50 -116.042 -36 26 -71.0204 -75.136 -51.2569 -75.8535 
-57 -107.243 -36 30 -83.2268 -80.7836 -64.0283 -77.9814 
-62 -112.76 -35 28 -68.7595 -73.6693 -54.6635 -75.6604 
-50 -110.629 -35 28 -82.5947 -77.5795 -60.6905 -73.936 
-55 -116.632 -38 29 -62.4897 -67.7488 -57.8991 -80.995 
-55 -120.171 -39 29 -58.0932 -64.8765 -56.7186 -80.0294 
-48 -109.515 -36 29 -79.947 -75.2845 -64.1801 -79.5721 
-65 -115.534 -37 31 -62.6855 -68.3745 -56.326 -78.6599 
-60 -113.129 -36 26 -69.5406 -75.6484 -52.6274 -77.4548 
-57 -116.105 -36 30 -64.8855 -69.4734 -57.1493 -76.2931 
-63 -115.871 -36 30 -67.7963 -71.8549 -53.5705 -74.3993 
-56 -113.436 -35 28 -76.9249 -77.6221 -52.8718 -73.2722 
-67 -116.825 -40 30 -62.1913 -69.2599 -54.6977 -82.6411 
-48 -113.053 -37 29 -75.5506 -72.4122 -62.9996 -78.6065 
-61 -117.746 -37 29 -63.6897 -70.8502 -52.2903 -76.2982 
-52 -116.956 -36 26 -66.8681 -72.6904 -51.1027 -76.2351 
-61 -114.027 -37 31 -68.3941 -70.2349 -59.514 -78.4137 
-61 -112.57 -35 29 -71.2955 -76.6826 -55.8288 -74.8302 
-51 -122.294 -39 29 -56.4964 -65.1709 -53.3484 -80.2828 
-54 -119.134 -37 27 -58.2124 -65.4558 -52.9828 -78.8315 
-63 -113.577 -35 29 -65.7684 -73.1719 -56.8584 -75.0267 
-61 -117.565 -38 31 -63.9977 -67.3626 -58.3335 -77.4481 
-52 -119.471 -36 26 -63.3232 -68.9362 -50.2273 -74.5709 
-59 -114.862 -37 28 -68.9541 -75.2322 -52.2921 -78.6155 
-59 -115.74 -37 28 -64.6523 -72.6358 -52.6487 -79.3683 
-52 -108.238 -35 28 -84.6582 -80.351 -62.3 -75.5717 
-66 -110.523 -35 28 -75.445 -78.1345 -54.2423 -74.8735 
-50 -115.842 -37 27 -64.2204 -70.3953 -54.5923 -81.8713 
-53 -118.205 -38 28 -62.3448 -70.7313 -51.3724 -81.5584 
-50 -117.627 -37 27 -63.921 -67.3162 -56.1708 -78.5853 
-55 -107.582 -36 30 -83.4115 -80.9227 -63.6716 -78.7088 
-73 -114.219 -39 32 -68.0958 -71.746 -56.3126 -80.0598 
-55 -119.73 -38 29 -60.7941 -67.3955 -52.7652 -79.2346 
-50 -119.381 -38 27 -59.824 -67.523 -53.4118 -80.9057 
-67 -115.141 -36 31 -69.5941 -73.3363 -53.9052 -73.717 
-58 -114.351 -35 28 -72.7725 -75.1765 -52.7176 -73.6539 
-50 -121.166 -38 27 -59.5246 -64.4439 -54.9903 -77.6197 
-55 -111.12 -37 30 -79.0151 -78.0504 -62.4912 -77.7432 
-57 -119.689 -38 31 -62.4008 -67.657 -54.9633 -77.7016 
-60 -116.529 -36 29 -64.1169 -67.9419 -54.5977 -76.2502 
-52 -117.101 -35 28 -66.3169 -69.0409 -55.421 -73.8834 
-58 -116.866 -35 28 -69.2276 -71.4224 -51.8421 -71.9896 
FEATURES_TXT_END_0
FEATURES_TXT_BEGIN_0 73 100 8 Distortion0_0 LM0_0 WordPenalty0_0 PhrasePenalty0_0 TranslationModel0_0 TranslationModel0_1 TranslationModel0_2 TranslationModel0_3 
-71 -186.241 -49 38 -104.649 -127.67 -64.1658 -109.309 
-71 -185.631 -48 38 -104.487 -127.67 -62.3998 -109.303 
-71 -189.633 -51 39 -100.435 -123.055 -64.9101 -110.863 
-71 -189.023 -50 39 -100.272 -123.055 -63.1441 -110.858 
-67 -185.235 -48 38 -104.668 -130.727 -61.5494 -111.678 
-71 -187.034 -48 37 -102.495 -126.258 -62.8742 -107.585 
-71 -186.232 -49 38 -104.566 -128.008 -64.8589 -109.557 
-67 -184.626 -47 38 -104.505 -130.727 -59.7834 -111.672 
-71 -186.425 -47 37 -102.332 -126.258 -61.1082 -107.58 
-71 -186.024 -48 38 -104.017 -127.989 -62.4675 -109.226 
-71 -186.166 -50 39 -103.006 -125.602 -67.7878 -112.231 
-71 -185.623 -48 38 -104.404 -128.008 -63.0929 -109.552 
-71 -185.414 -47 38 -103.855 -127.989 -60.7015 -109.221 
-67 -188.627 -50 39 -100.453 -126.112 -62.2937 -113.232 
-71 -190.427 -50 38 -98.2799 -121.643 -63.6185 -109.14 
-71 -185.557 -49 39 -102.844 -125.602 -66.0218 -112.226 
-71 -189.624 -51 39 -100.351 -123.393 -65.6032 -111.112 
-67 -188.018 -49 39 -100.291 -126.112 -60.5277 -113.227 
-71 -189.817 -49 38 -98.1176 -121.643 -61.8525 -109.134 
-71 -189.416 -50 39 -99.8027 -123.374 -63.2118 -110.781 
-71 -189.558 -52 40 -98.7917 -120.987 -68.5321 -113.786 
-67 -186.029 -47 37 -102.513 -129.315 -60.2578 -109.954 
-71 -189.015 -50 39 -100.189 -123.393 -63.8372 -111.107 
-71 -188.807 -49 39 -99.6405 -123.374 -61.4458 -110.776 
-71 -188.949 -51 40 -98.6295 -120.987 -66.7661 -113.78 
-71 -187.026 -48 37 -102.411 -126.596 -63.5673 -107.834 
-67 -185.42 -46 37 -102.351 -129.315 -58.4918 -109.949 
-71 -186.818 -47 37 -101.863 -126.577 -61.1759 -107.503 
-67 -185.161 -49 39 -103.025 -128.659 -65.1714 -114.6 
-71 -186.417 -47 37 -102.249 -126.596 -61.8013 -107.828 
-71 -186.019 -48 38 -103.934 -128.327 -63.1606 -109.475 
-71 -186.208 -46 37 -101.701 -126.577 -59.4099 -107.497 
-67 -188.293 -49 38 -101.805 -128.027 -62.2199 -110.624 
-67 -189.421 -49 38 -98.2982 -124.7 -61.0021 -111.509 
-71 -186.158 -50 39 -102.923 -125.94 -68.4809 -112.48 
-67 -184.551 -48 39 -102.862 -128.659 -63.4054 -114.595 
-71 -185.949 -49 39 -102.375 -125.921 -66.0895 -112.149 
-71 -185.409 -47 38 -103.772 -128.327 -61.3946 -109.47 
-67 -187.684 -48 38 -101.642 -128.027 -60.4539 -110.618 
-71 -190.418 -50 38 -98.1966 -121.981 -64.3116 -109.389 
-67 -188.812 -48 38 -98.1359 -124.7 -59.2361 -111.503 
-71 -185.549 -49 39 -102.761 -125.94 -66.7149 -112.474 
-71 -190.21 -49 38 -97.6481 -121.962 -61.9202 -109.058 
-71 -185.34 -48 39 -102.212 -125.921 -64.3235 -112.143 
-71 -187.297 -49 38 -103.759 -127.989 -64.0935 -109.232 
-67 -188.553 -51 40 -98.81 -124.044 -65.9157 -116.155 
-71 -189.809 -49 38 -98.0344 -121.981 -62.5456 -109.383 
-71 -189.411 -50 39 -99.7195 -123.712 -63.9049 -111.03 
-71 -189.601 -48 38 -97.4858 -121.962 -60.1542 -109.052 
-67 -191.685 -51 39 -97.5899 -123.412 -62.9642 -112.179 
-71 -186.688 -48 38 -103.597 -127.989 -62.3275 -109.226 
-71 -189.55 -52 40 -98.7085 -121.325 -69.2252 -114.035 
-67 -187.943 -50 40 -98.6477 -124.044 -64.1497 -116.149 
-71 -189.342 -51 40 -98.1599 -121.306 -66.8338 -113.703 
-71 -188.802 -49 39 -99.5572 -123.712 -62.1389 -111.024 
-67 -191.076 -50 39 -97.4277 -123.412 -61.1982 -112.173 
-71 -188.941 -51 40 -98.5462 -121.325 -67.4592 -114.029 
-71 -188.732 -50 40 -97.9977 -121.306 -65.0678 -113.698 
-71 -190.689 -51 39 -99.544 -123.374 -64.8377 -110.786 
-71 -186.813 -47 37 -101.78 -126.915 -61.869 -107.752 
-63 -189.348 -51 41 -107.615 -128.465 -68.7389 -110.581 
-67 -189.087 -48 37 -99.65 -126.615 -60.9283 -108.9 
-71 -190.08 -50 39 -99.3818 -123.374 -63.0718 -110.781 
-71 -186.203 -46 37 -101.617 -126.915 -60.103 -107.746 
-63 -188.739 -50 41 -107.453 -128.465 -66.9729 -110.576 
-67 -188.478 -47 37 -99.4877 -126.615 -59.1623 -108.895 
-71 -185.944 -49 39 -102.291 -126.259 -66.7826 -112.397 
-71 -188.091 -48 37 -101.604 -126.577 -62.8018 -107.508 
-67 -188.219 -50 39 -100.162 -125.959 -65.8419 -113.546 
-71 -187.607 -50 38 -104.936 -127.67 -67.3333 -109.314 
-65 -184.547 -48 38 -113.905 -134.115 -66.5269 -107.717 
-71 -190.205 -49 38 -97.5648 -122.3 -62.6133 -109.306 
-71 -185.335 -48 39 -102.129 -126.259 -65.0166 -112.392 
-63 -192.741 -53 42 -103.4 -123.85 -69.4832 -112.136 
-71 -187.292 -49 38 -103.676 -128.327 -64.7866 -109.48 
-67 -192.479 -50 38 -95.4353 -122 -61.6725 -110.455 
-71 -187.482 -47 37 -101.442 -126.577 -61.0359 -107.503 
-67 -187.923 -48 38 -102.063 -128.027 -60.5939 -110.618 
-67 -187.609 -49 39 -99.9996 -125.959 -64.0759 -113.541 
-71 -187.338 -47 38 -106.042 -128.063 -62.6253 -105.029 
-71 -186.998 -49 38 -104.773 -127.67 -65.5673 -109.309 
-65 -183.938 -47 38 -113.742 -134.115 -64.7609 -107.712 
-71 -187.223 -50 39 -102.116 -125.921 -67.7154 -112.154 
-71 -189.596 -48 38 -97.4026 -122.3 -60.8473 -109.301 
-63 -192.131 -52 42 -103.238 -123.85 -67.7172 -112.131 
-71 -186.683 -48 38 -103.513 -128.327 -63.0206 -109.475 
-67 -191.87 -49 38 -95.273 -122 -59.9066 -110.45 
-71 -185.653 -49 38 -107.253 -130.37 -65.1213 -110.368 
-67 -187.314 -47 38 -101.901 -128.027 -58.8279 -110.613 
-71 -186.729 -46 38 -105.88 -128.063 -60.8593 -105.024 
-71 -189.337 -51 40 -98.0767 -121.644 -67.5269 -113.952 
-71 -191.483 -50 38 -97.3894 -121.962 -63.5461 -109.063 
-67 -191.611 -52 40 -95.9471 -121.344 -66.5862 -115.101 
-71 -186.613 -49 39 -101.954 -125.921 -65.9495 -112.149 
-59 -188.343 -50 41 -107.633 -131.521 -66.1226 -112.95 
-63 -190.142 -50 40 -105.46 -127.053 -67.4473 -108.858 
-71 -191 -52 39 -100.721 -123.055 -68.0775 -110.869 
-65 -187.939 -50 39 -109.69 -129.5 -67.2712 -109.272 
-71 -185.043 -48 38 -107.091 -130.37 -63.3553 -110.362 
-65 -183.22 -47 37 -113.416 -136.704 -62.5387 -109.464 
FEATURES_TXT_END_0
FEATURES_TXT_BEGIN_0 74 68 8 Distortion0_0 LM0_0 WordPenalty0_0 PhrasePenalty0_0 TranslationModel0_0 TranslationModel0_1 TranslationModel0_2 TranslationModel0_3 
-38 -92.7471 -28 24 -52.1037 -56.3606 -37.2639 -48.9144 
-36 -96.9782 -29 21 -42.7894 -53.39 -30.8391 -51.3588 
-36 -94.2599 -29 24 -52.0187 -57.1669 -36.7134 -49.8592 
-36 -94.9095 -30 22 -45.1948 -56.6563 -37.3878 -52.8353 
-38 -92.1378 -27 24 -53.3644 -56.3606 -35.4721 -48.909 
-36 -95.0176 -28 21 -47.5716 -52.5837 -32.2363 -50.414 
-36 -92.9489 -29 22 -49.9771 -55.85 -38.785 -51.8904 
-36 -96.3689 -28 21 -44.05 -53.39 -29.0474 -51.3534 
-38 -93.2902 -28 24 -54.2049 -56.7828 -38.8175 -47.3402 
-36 -95.7743 -28 21 -44.1512 -54.0618 -29.5582 -52.0593 
-36 -93.6506 -28 24 -53.2793 -57.1669 -34.9216 -49.8538 
-36 -94.3002 -29 22 -46.4555 -56.6563 -35.5961 -52.8299 
-36 -93.7056 -29 22 -46.5566 -57.3282 -36.1069 -53.5357 
-40 -92.359 -28 24 -54.3304 -58.7895 -36.4907 -49.1708 
-36 -94.4083 -27 21 -48.8323 -52.5837 -30.4445 -50.4086 
-36 -92.3396 -28 22 -51.2378 -55.85 -36.9932 -51.885 
-58 -90.0025 -28 22 -54.6529 -57.0617 -32.9885 -47.9432 
-36 -94.803 -29 24 -54.1198 -57.5891 -38.267 -48.285 
-38 -96.8001 -28 23 -50.4654 -54.6536 -32.6253 -46.3298 
-36 -95.4526 -30 22 -47.296 -57.0786 -38.9414 -51.2611 
-38 -93.8718 -29 24 -54.2454 -59.5958 -35.9402 -50.1156 
-38 -92.6809 -27 24 -55.4655 -56.7828 -37.0257 -47.3348 
-36 -95.165 -27 21 -45.4118 -54.0618 -27.7664 -52.0539 
-42 -94.8424 -28 21 -46.1147 -55.8189 -28.2742 -51.6098 
-36 -95.3986 -28 21 -47.3225 -55.6789 -29.2705 -51.9162 
-36 -93.0963 -28 22 -47.8173 -57.3282 -34.3151 -53.5303 
-42 -92.7737 -29 22 -48.5201 -59.0852 -34.8229 -53.0862 
-40 -91.7497 -27 24 -55.5911 -58.7895 -34.6989 -49.1653 
-38 -95.9667 -28 24 -48.8094 -54.5118 -35.2357 -48.172 
-36 -93.3299 -29 22 -49.7279 -58.9453 -35.8192 -53.3926 
-36 -99.7656 -29 22 -43.1855 -52.7413 -30.2452 -48.7636 
-36 -93.492 -29 22 -52.0783 -56.2723 -40.3386 -50.3162 
-48 -91.7118 -29 24 -55.1359 -59.2771 -36.0125 -50.1925 
-38 -94.6295 -28 21 -49.7983 -55.0126 -31.4631 -50.6703 
-36 -98.3129 -29 23 -50.3803 -55.4599 -32.0748 -47.2747 
-38 -92.5608 -29 22 -52.2038 -58.2789 -38.0118 -52.1468 
-58 -89.3932 -27 22 -55.9135 -57.0617 -31.1967 -47.9378 
-36 -94.1937 -28 24 -55.3805 -57.5891 -36.4752 -48.2796 
-38 -96.1908 -27 23 -51.726 -54.6536 -30.8335 -46.3244 
-36 -94.8433 -29 22 -48.5567 -57.0786 -37.1497 -51.2557 
-48 -93.8653 -28 22 -51.6699 -55.188 -30.3677 -48.6617 
-36 -94.2487 -29 22 -48.6578 -57.7504 -37.6605 -51.9615 
-40 -95.6039 -28 21 -46.1147 -55.8189 -28.2742 -51.6098 
-40 -92.9021 -28 24 -56.4316 -59.2117 -38.0443 -47.5966 
-38 -93.2625 -28 24 -55.506 -59.5958 -34.1484 -50.1102 
-36 -97.4795 -29 24 -48.7244 -55.3181 -34.6852 -49.1168 
-40 -93.5352 -29 22 -48.5201 -59.0852 -34.8229 -53.0862 
-36 -98.1291 -30 22 -41.9006 -54.8076 -35.3597 -52.0929 
-38 -93.6682 -28 24 -54.5957 -55.9383 -37.489 -48.8877 
-42 -94.2331 -27 21 -47.3753 -55.8189 -26.4824 -51.6044 
-36 -94.7893 -27 21 -48.5831 -55.6789 -27.4787 -51.9108 
-36 -99.5114 -29 22 -42.0792 -53.3245 -30.8379 -49.9599 
-42 -92.1644 -28 22 -49.7808 -59.0852 -33.0311 -53.0808 
-35 -95.5589 -28 21 -41.9288 -51.7953 -32.7703 -54.3398 
-38 -95.3574 -27 24 -50.0701 -54.5118 -33.444 -48.1666 
-36 -92.7206 -28 22 -50.9886 -58.9453 -34.0274 -53.3872 
-36 -97.3747 -28 21 -43.888 -53.39 -29.0474 -51.3534 
-36 -99.1564 -28 22 -44.4461 -52.7413 -28.4535 -48.7582 
-36 -92.8827 -28 22 -53.3389 -56.2723 -38.5469 -50.3108 
-36 -98.5618 -28 22 -44.5473 -53.4132 -28.9643 -49.464 
-48 -91.1025 -28 24 -56.3965 -59.2771 -34.2207 -50.1871 
-36 -95.3059 -29 22 -46.2934 -56.6563 -35.5961 -52.8299 
-38 -94.0202 -27 21 -51.059 -55.0126 -29.6714 -50.6649 
-32 -97.4625 -28 21 -44.2881 -52.3578 -30.2854 -52.3029 
-36 -97.7036 -28 23 -51.641 -55.4599 -30.283 -47.2693 
-38 -91.9515 -28 22 -53.4645 -58.2789 -36.22 -52.1414 
-36 -96.1685 -29 22 -46.6828 -54.0013 -36.7568 -51.148 
-38 -94.4149 -29 24 -56.3465 -60.018 -37.4938 -48.5414 
FEATURES_TXT_END_0
FEATURES_TXT_BEGIN_0 75 100 8 Distortion0_0 LM0_0 WordPenalty0_0 PhrasePenalty0_0 TranslationModel0_0 TranslationModel0_1 TranslationModel0_2 TranslationModel0_3 
-26 -160.63 -36 28 -64.9969 -96.7535 -33.0422 -65.375 
-26 -161.489 -36 28 -66.9546 -96.5188 -33.0422 -63.2553 
-26 -161.743 -35 28 -63.9908 -97.2974 -30.2495 -63.4183 
-26 -159.785 -36 28 -69.1906 -95.8597 -37.9655 -63.2442 
-26 -160.645 -36 28 -71.1482 -95.625 -37.9655 -61.1245 
-29 -161.344 -36 28 -62.2976 -94.2361 -33.6915 -65.379 
-29 -160.173 -36 28 -66.4912 -93.3422 -38.6149 -63.2482 
-26 -161.728 -37 28 -65.064 -96.7535 -35.5121 -65.3804 
-26 -160.898 -35 28 -68.1844 -96.4035 -35.1728 -61.2874 
-34 -154.085 -36 28 -77.8928 -102.975 -39.5943 -64.9321 
-24 -162.902 -36 28 -62.7241 -95.4255 -32.801 -64.6892 
-29 -162.204 -36 28 -64.2552 -94.0014 -33.6915 -63.2593 
-29 -161.033 -36 28 -68.4489 -93.1075 -38.6149 -61.1285 
-26 -159.959 -36 28 -64.3762 -97.0911 -32.3868 -68.5379 
-26 -162.587 -37 28 -67.0216 -96.5188 -35.5121 -63.2607 
-26 -162.566 -38 28 -61.9203 -96.9257 -35.0212 -68.1493 
-22 -165.03 -36 27 -60.4198 -92.9816 -32.1294 -63.2032 
-30 -160.566 -36 27 -66.4023 -98.2549 -34.719 -63.1505 
-24 -163.432 -36 29 -64.2406 -94.9039 -32.5835 -64.007 
-34 -154.944 -36 28 -79.8504 -102.74 -39.5943 -62.8123 
-29 -162.457 -35 28 -61.2915 -94.7799 -30.8989 -63.4223 
-29 -161.286 -35 28 -65.4851 -93.886 -35.8222 -61.2915 
-24 -163.762 -36 28 -64.6817 -95.1908 -32.801 -62.5695 
-26 -162.841 -36 28 -64.0579 -97.2974 -32.7194 -63.4237 
-29 -162.055 -37 28 -62.1401 -94.2361 -36.7976 -65.3844 
-26 -160.674 -35 28 -65.9945 -96.7535 -30.8827 -65.3696 
-26 -160.818 -36 28 -66.3338 -96.8564 -32.3868 -66.4182 
-34 -155.198 -35 28 -76.8867 -103.519 -36.8016 -62.9753 
-24 -164.015 -35 28 -61.718 -95.9693 -30.0084 -62.7324 
-26 -163.425 -38 28 -63.8779 -96.691 -35.0212 -66.0296 
-30 -161.426 -36 27 -68.3599 -98.0202 -34.719 -61.0308 
-24 -164.292 -36 29 -66.1982 -94.6692 -32.5835 -61.8873 
-24 -162.058 -36 28 -66.9177 -94.5316 -37.7244 -62.5583 
-26 -161.072 -35 28 -63.3701 -97.6349 -29.5941 -66.5812 
-29 -162.915 -37 28 -64.0978 -94.0014 -36.7976 -63.2647 
-26 -159.114 -36 28 -68.5698 -96.1972 -37.3101 -66.4071 
-33 -160.954 -36 27 -63.7029 -95.7374 -35.3684 -63.1545 
-26 -161.533 -35 28 -67.9521 -96.5188 -30.8827 -63.2499 
-30 -160.826 -36 27 -66.4023 -98.2549 -34.719 -63.1505 
-26 -163.238 -35 28 -65.9484 -97.0627 -30.2495 -61.2986 
-26 -163.679 -37 28 -60.9142 -97.4695 -32.2285 -66.1926 
-30 -161.679 -35 27 -65.3961 -98.7987 -31.9263 -61.1938 
-24 -164.546 -35 29 -63.2344 -95.4477 -29.7908 -62.0503 
-26 -161.721 -38 28 -66.1139 -96.0318 -39.9445 -66.0185 
-22 -164.185 -36 27 -64.6134 -92.0877 -37.0527 -61.0724 
-26 -160.109 -35 28 -69.1235 -95.8597 -35.4956 -63.2388 
-29 -162.442 -37 28 -62.3647 -94.2361 -36.1614 -65.3844 
-24 -162.588 -36 29 -68.4342 -94.01 -37.5068 -61.8762 
-29 -163.169 -36 28 -61.134 -94.7799 -34.0049 -63.4277 
-24 -162.497 -36 29 -66.2571 -95.6285 -32.9199 -65.1162 
-26 -161.787 -34 28 -64.9883 -97.2974 -28.09 -63.4129 
-24 -162.917 -36 28 -68.8753 -94.2969 -37.7244 -60.4386 
-26 -160.709 -36 29 -67.4627 -98.144 -34.3287 -65.8434 
-30 -159.712 -36 26 -63.1162 -97.1879 -34.546 -66.7227 
-40 -160.283 -38 29 -63.1804 -95.8007 -34.8989 -67.8904 
-26 -159.829 -35 28 -70.1881 -95.8597 -35.806 -63.2388 
-26 -163.036 -36 29 -66.7563 -94.6952 -33.2309 -63.2454 
-30 -156.008 -36 29 -74.409 -101.73 -38.5298 -66.9076 
-26 -159.974 -36 28 -70.5274 -95.9625 -37.3101 -64.2874 
-33 -161.814 -36 27 -65.6606 -95.5027 -35.3684 -61.0348 
-27 -163.617 -36 28 -60.0248 -92.908 -33.4504 -64.6932 
-27 -162.446 -36 28 -64.2184 -92.0142 -38.3737 -62.5623 
-26 -162.66 -37 28 -63.8416 -96.7535 -35.6325 -65.3804 
-30 -161.685 -36 27 -68.3599 -98.0202 -34.719 -61.0308 
-40 -159.043 -37 29 -64.8226 -95.8007 -33.8003 -67.885 
-24 -164 -37 28 -62.7911 -95.4255 -35.2709 -64.6946 
-29 -160.673 -36 28 -61.6769 -94.5736 -33.0361 -68.542 
-29 -159.502 -36 28 -65.8705 -93.6797 -37.9595 -66.4111 
-24 -163.171 -35 28 -65.9116 -95.0755 -34.9317 -60.6016 
-28 -158.281 -36 29 -70.5798 -100.402 -37.483 -66.2217 
-26 -162.581 -38 28 -68.0715 -95.7971 -39.9445 -63.8987 
-26 -160.969 -35 28 -71.0811 -95.625 -35.4956 -61.119 
-29 -163.302 -37 28 -64.3223 -94.0014 -36.1614 -63.2647 
-26 -157.243 -36 28 -71.7716 -98.1811 -41.4771 -66.3076 
-26 -161.057 -37 28 -64.4432 -97.0911 -34.8567 -68.5434 
-24 -163.447 -36 29 -70.3918 -93.7753 -37.5068 -59.7565 
-34 -160.825 -37 29 -64.1779 -95.8006 -32.7394 -67.885 
-24 -162.335 -36 28 -63.4821 -96.1378 -33.3606 -66.1573 
-34 -160.284 -38 29 -62.5596 -96.1382 -34.2435 -71.0534 
-26 -160.227 -35 28 -67.5637 -96.741 -34.5174 -64.4504 
-24 -163.356 -36 29 -68.2147 -95.3938 -32.9199 -62.9964 
-32 -156.357 -36 28 -75.6199 -101.647 -39.3531 -64.2462 
-33 -162.067 -35 27 -62.6968 -96.2813 -32.5757 -61.1978 
-26 -161.568 -36 29 -69.4203 -97.9093 -34.3287 -63.7237 
-30 -160.572 -36 26 -65.0738 -96.9532 -34.546 -64.603 
-29 -163.28 -38 28 -59.221 -94.4082 -35.6705 -68.1533 
-29 -162.109 -38 28 -63.4146 -93.5144 -40.5938 -66.0225 
-40 -161.143 -38 29 -65.138 -95.5659 -34.8989 -65.7707 
-25 -165.744 -36 27 -57.7205 -90.4641 -32.7787 -63.2072 
-25 -164.573 -36 27 -61.9141 -89.5703 -37.7021 -61.0764 
-29 -160.497 -35 28 -66.4242 -93.3422 -36.145 -63.2428 
-30 -161.939 -35 27 -65.3961 -98.7987 -31.9263 -61.1938 
-27 -164.147 -36 29 -61.5412 -92.3864 -33.2328 -64.011 
-27 -162.976 -36 29 -65.7349 -91.4925 -38.1561 -61.8802 
-26 -160.689 -35 28 -72.1457 -95.625 -35.806 -61.119 
-26 -163.664 -39 28 -61.9873 -96.9257 -37.4911 -68.1547 
-34 -153.414 -36 28 -77.272 -103.312 -38.9389 -68.095 
-30 -156.868 -36 29 -76.3667 -101.495 -38.5298 -64.7879 
-22 -166.128 -37 27 -60.4869 -92.9816 -34.5993 -63.2086 
-26 -162.052 -36 28 -64.9969 -96.7535 -33.0422 -65.375 
FEATURES_TXT_END_0
FEATURES_TXT_BEGIN_0 76 100 8 Distortion0_0 LM0_0 WordPenalty0_0 PhrasePenalty0_0 TranslationModel0_0 TranslationModel0_1 TranslationModel0_2 TranslationModel0_3 
-58 -181.881 -48 38 -91.3713 -116.154 -73.8338 -109.73 
-58 -186.562 -51 41 -88.047 -106.915 -77.9377 -110.996 
-68 -180.152 -48 38 -91.4939 -116.154 -73.6077 -109.73 
-58 -182.923 -49 38 -90.8091 -116.154 -76.1364 -109.735 
-56 -180.96 -47 37 -93.0216 -119.534 -73.9647 -108.686 
-54 -181.439 -47 37 -93.0216 -119.534 -73.9647 -108.686 
-68 -179.843 -47 38 -91.4079 -116.154 -71.4676 -109.724 
-50 -186.663 -50 40 -90.5508 -113.073 -73.8363 -111.658 
-58 -181.532 -47 38 -93.8331 -118.032 -72.9983 -108.194 
-56 -180.584 -46 37 -92.9357 -119.534 -71.8246 -108.68 
-62 -181.728 -48 38 -91.4939 -116.154 -73.6077 -109.73 
-68 -181.194 -49 38 -90.9317 -116.154 -75.9102 -109.735 
-56 -182.002 -48 37 -92.4594 -119.534 -76.2672 -108.691 
-58 -181.821 -48 38 -92.8064 -117.915 -73.6107 -110.372 
-58 -186.212 -50 41 -90.5088 -108.794 -77.1021 -109.461 
-54 -183.885 -48 40 -92.3376 -118.63 -72.8803 -109.611 
-54 -182.481 -48 37 -92.4594 -119.534 -76.2672 -108.691 
-62 -186.409 -51 41 -88.1696 -106.915 -77.7115 -110.996 
-58 -181.498 -47 39 -91.7688 -116.154 -74.4325 -109.724 
-68 -180.885 -48 38 -90.8457 -116.154 -73.7702 -109.73 
-58 -186.501 -51 41 -89.4821 -108.677 -77.7145 -111.638 
-58 -175.802 -47 37 -100.633 -127.662 -78.5599 -110.802 
-68 -182.383 -48 38 -88.2157 -112.7 -72.8269 -109.408 
-60 -184.934 -50 40 -90.6733 -113.073 -73.6102 -111.658 
-68 -179.803 -47 38 -93.9557 -118.032 -72.7721 -108.194 
-58 -182.574 -48 38 -93.2709 -118.032 -75.3008 -108.199 
-56 -181.626 -47 37 -92.3734 -119.534 -74.1272 -108.686 
-56 -176.857 -47 37 -99.868 -125.12 -77.2297 -111.253 
-62 -182.77 -49 38 -90.9317 -116.154 -75.9102 -109.735 
-58 -182.205 -48 38 -93.1631 -116.958 -74.527 -109.678 
-48 -185.741 -49 39 -92.2011 -116.453 -73.9672 -110.614 
-58 -183.693 -49 39 -91.4391 -116.96 -74.159 -110.675 
-56 -180.61 -46 37 -95.4834 -121.413 -73.1291 -107.15 
-70 -180.818 -47 39 -88.9829 -113.497 -73.4737 -109.183 
-66 -183.8 -49 39 -87.1961 -107.94 -74.4298 -111.229 
-46 -186.22 -49 39 -92.2011 -116.453 -73.9672 -110.614 
-46 -189.513 -50 39 -86.9365 -115.049 -69.9184 -111.597 
-54 -181.089 -46 37 -95.4834 -121.413 -73.1291 -107.15 
-68 -180.092 -48 38 -92.929 -117.915 -73.3845 -110.372 
-58 -182.863 -49 38 -92.2442 -117.915 -75.9133 -110.377 
-64 -182.156 -48 40 -92.4601 -118.63 -72.6541 -109.611 
-68 -179.769 -47 39 -91.8914 -116.154 -74.2063 -109.724 
-58 -186.885 -51 41 -89.8388 -107.719 -78.6308 -110.945 
-58 -188.374 -52 42 -88.1149 -107.721 -78.2629 -111.941 
-56 -180.899 -47 37 -94.4567 -121.296 -73.7415 -109.328 
-52 -182.963 -47 39 -93.9878 -122.011 -73.0111 -108.567 
-60 -184.625 -49 40 -90.5874 -113.073 -71.4701 -111.653 
-56 -180.577 -46 38 -93.4191 -119.534 -74.5633 -108.68 
-68 -179.494 -46 38 -93.8697 -118.032 -70.632 -108.189 
-50 -186.313 -49 40 -93.0126 -114.951 -73.0008 -110.122 
-48 -185.366 -48 39 -92.1151 -116.453 -71.8271 -110.609 
-56 -180.235 -45 37 -95.3975 -121.413 -70.989 -107.145 
-54 -181.378 -47 37 -94.4567 -121.296 -73.7415 -109.328 
-54 -186.51 -50 40 -90.6733 -113.073 -73.6102 -111.658 
-62 -181.379 -47 38 -93.9557 -118.032 -72.7721 -108.194 
-52 -191.502 -51 41 -85.6425 -104.309 -76.7624 -108.536 
-58 -176.844 -48 37 -100.071 -127.662 -80.8624 -110.807 
-68 -183.425 -49 38 -87.6535 -112.7 -75.1295 -109.414 
-50 -183.442 -47 39 -93.9878 -122.011 -73.0111 -108.567 
-54 -181.056 -46 38 -93.4191 -119.534 -74.5633 -108.68 
-68 -180.845 -48 38 -93.3935 -118.032 -75.0747 -108.199 
-56 -177.899 -48 37 -99.3058 -125.12 -79.5323 -111.259 
-58 -182.648 -48 38 -92.3521 -116.317 -74.9324 -109.73 
-60 -180.327 -48 37 -100.066 -125.105 -72.6182 -108.538 
-68 -180.476 -48 38 -93.2856 -116.958 -74.3008 -109.678 
-58 -183.247 -49 38 -92.6009 -116.958 -76.8296 -109.684 
-68 -181.964 -49 39 -91.5617 -116.96 -73.9329 -110.675 
-58 -184.735 -50 39 -90.8769 -116.96 -76.4616 -110.68 
-56 -181.652 -47 37 -94.9212 -121.413 -75.4317 -107.155 
-54 -186.282 -49 38 -91.8574 -118.023 -67.1257 -110.806 
-68 -179.783 -47 38 -92.843 -117.915 -71.2445 -110.366 
-62 -193.083 -52 41 -83.7256 -103.671 -74.7834 -106.258 
-50 -186.603 -50 40 -91.9859 -114.834 -73.6132 -112.3 
-64 -179.436 -48 38 -93.9433 -118.03 -75.9527 -111.855 
-58 -181.471 -47 38 -95.2682 -119.794 -72.7751 -108.836 
-58 -184.071 -49 39 -91.4391 -116.96 -74.159 -110.675 
-56 -180.524 -46 37 -94.3707 -121.296 -71.6014 -109.322 
-64 -181.847 -47 40 -92.3742 -118.63 -70.514 -109.606 
-68 -179.46 -46 39 -91.8055 -116.154 -72.0663 -109.719 
-56 -187.784 -50 39 -87.0591 -115.049 -69.6923 -111.597 
-62 -181.668 -48 38 -92.929 -117.915 -73.3845 -110.372 
-54 -183.535 -47 40 -94.7994 -120.509 -72.0447 -108.076 
-54 -182.131 -47 37 -94.9212 -121.413 -75.4317 -107.155 
-52 -182.588 -46 39 -93.9019 -122.011 -70.871 -108.562 
-62 -186.059 -50 41 -90.6314 -108.794 -76.8759 -109.461 
-58 -181.149 -46 39 -94.2307 -118.032 -73.5969 -108.189 
-56 -180.201 -45 38 -93.3332 -119.534 -72.4232 -108.675 
-56 -181.283 -47 37 -94.8134 -120.338 -74.6578 -108.634 
-56 -182.771 -48 38 -93.0894 -120.341 -74.2899 -109.631 
-68 -181.134 -49 38 -92.3667 -117.915 -75.6871 -110.377 
-58 -183.732 -48 40 -92.4601 -118.63 -72.6541 -109.611 
-62 -181.345 -47 39 -91.8914 -116.154 -74.2063 -109.724 
-54 -183.338 -46 37 -91.0023 -118.409 -70.1749 -107.932 
-58 -187.329 -51 41 -89.0279 -107.078 -79.0363 -110.996 
-54 -181.762 -47 37 -94.8134 -120.338 -74.6578 -108.634 
-54 -183.251 -48 38 -93.0894 -120.341 -74.2899 -109.631 
-44 -188.591 -49 38 -88.5868 -118.43 -70.0493 -110.553 
-54 -185.02 -47 37 -90.4945 -116.929 -73.0156 -106.225 
-58 -183.316 -48 38 -92.2659 -118.473 -73.1407 -109.366 
-56 -181.941 -48 37 -93.8945 -121.296 -76.0441 -109.333 
FEATURES_TXT_END_0
FEATURES_TXT_BEGIN_0 77 100 8 Distortion0_0 LM0_0 WordPenalty0_0 PhrasePenalty0_0 TranslationModel0_0 TranslationModel0_1 TranslationModel0_2 TranslationModel0_3 
-13 -60.0261 -16 14 -39.6188 -46.1036 -22.7106 -35.5546 
-13 -61.7891 -16 13 -37.0311 -44.0565 -20.9541 -35.2424 
-22 -59.796 -18 15 -38.1787 -46.5236 -21.8737 -39.4734 
-13 -60.6049 -16 14 -39.1976 -46.2724 -23.1161 -35.5787 
-22 -60.4619 -19 16 -39.3729 -42.4784 -26.5782 -39.3295 
-22 -60.951 -19 15 -37.6452 -46.5236 -23.5784 -39.4788 
-17 -56.0494 -16 13 -45.4178 -49.0806 -26.9425 -36.8645 
-15 -61.1375 -16 13 -37.7402 -48.1018 -20.6747 -35.3917 
-7 -62.2246 -18 14 -39.1737 -46.8616 -25.6115 -38.5602 
-17 -56.7826 -18 15 -43.7747 -49.2492 -29.5944 -40.6277 
-13 -59.5801 -15 14 -41.1915 -47.3681 -22.5436 -35.0509 
-18 -61.6646 -19 15 -35.8735 -42.5806 -26.3174 -40.3762 
-18 -61.4775 -19 16 -36.5946 -42.8662 -26.4385 -40.7888 
-23 -61.8725 -17 14 -32.375 -42.7014 -19.9991 -38.1023 
-18 -61.3656 -20 15 -35.1804 -43.0383 -26.3174 -43.5576 
-19 -61.5153 -19 16 -39.3729 -42.4784 -26.5782 -39.3295 
-17 -56.2994 -16 13 -45.3827 -49.2494 -27.4008 -36.8886 
-13 -60.747 -16 14 -36.9189 -44.7439 -23.8092 -37.4607 
-15 -61.9637 -18 15 -38.1787 -46.5236 -21.8737 -39.4734 
-23 -57.7876 -17 16 -40.7619 -45.9891 -27.5074 -38.4223 
-13 -62.4089 -17 13 -36.0503 -44.2287 -21.3596 -38.0113 
-13 -61.1829 -17 14 -38.638 -46.2758 -23.1161 -38.3234 
-15 -63.6613 -19 15 -35.6466 -42.3088 -24.7042 -39.4113 
-18 -60.4379 -19 15 -37.7061 -46.4501 -26.3174 -41.5479 
-13 -60.3912 -15 14 -41.469 -46.7114 -22.1128 -34.5363 
-15 -62.9005 -16 12 -35.1525 -46.0547 -18.9181 -35.0795 
-7 -63.9877 -18 13 -36.586 -44.8145 -23.8549 -38.2481 
-13 -62.7339 -16 13 -36.6099 -44.2253 -21.3596 -35.2665 
-13 -61.3431 -15 13 -38.6038 -45.3211 -20.7871 -34.7388 
-13 -61.0413 -17 15 -39.1475 -46.4445 -24.5758 -38.3475 
-17 -60.004 -16 12 -38.1996 -49.762 -21.1765 -36.4865 
-25 -61.196 -17 15 -33.4822 -40.7032 -22.7509 -38.2652 
-22 -59.35 -17 15 -39.7514 -47.7882 -21.7066 -38.9697 
-15 -61.7163 -16 13 -37.319 -48.2706 -21.0801 -35.4158 
-13 -60.6544 -15 14 -41.4056 -46.9702 -21.7412 -34.4784 
-7 -62.8034 -18 14 -38.7525 -47.0303 -26.0169 -38.5843 
-18 -63.2857 -19 15 -35.4681 -42.4124 -24.5257 -39.5149 
-13 -60.1589 -15 14 -40.7703 -47.5369 -22.949 -35.075 
-19 -60.529 -17 14 -39.2989 -45.8649 -24.002 -37.0573 
-15 -61.3065 -19 15 -37.8847 -46.3464 -26.496 -41.4442 
-15 -61.1204 -20 15 -36.4502 -46.5186 -27.3763 -44.2131 
-13 -62.51 -16 13 -34.3312 -42.6969 -22.0527 -37.1486 
-13 -62.0549 -16 14 -40.4568 -46.9702 -22.6236 -34.4838 
-13 -61.0784 -16 14 -38.6911 -45.6479 -22.7796 -37.3137 
-22 -60.7744 -20 16 -38.1859 -44.6976 -27.444 -42.4106 
-22 -60.0159 -18 16 -40.9455 -43.7429 -26.4111 -38.8259 
-22 -60.505 -18 15 -39.2179 -47.7882 -23.4114 -38.9751 
-17 -55.6034 -15 13 -46.9905 -50.3451 -26.7754 -36.3608 
-19 -61.6712 -19 16 -39.6203 -44.5254 -26.5637 -39.6417 
-13 -58.8714 -16 14 -41.0018 -49.1456 -24.7255 -38.76 
-13 -61.3258 -16 14 -36.4977 -44.9127 -24.2147 -37.4848 
-18 -62.2429 -20 16 -35.5358 -42.7528 -27.3795 -43.1451 
-19 -63.6864 -19 14 -32.4304 -41.8897 -21.9226 -41.288 
-13 -62.1542 -15 13 -38.8813 -44.6643 -20.3563 -34.2242 
-15 -60.6915 -15 13 -39.3129 -49.3663 -20.5076 -34.888 
-12 -64.7867 -17 14 -34.7744 -43.0948 -20.8507 -36.7207 
-15 -62.4986 -17 15 -38.0058 -45.2695 -23.4797 -37.023 
-7 -61.7786 -17 14 -40.7464 -48.1261 -25.4444 -38.0566 
-12 -62.0907 -17 15 -36.4841 -44.2395 -23.8051 -39.7055 
-22 -60.1611 -17 15 -40.0289 -47.1314 -21.2759 -38.4551 
-13 -63.5047 -16 14 -36.4648 -43.9906 -21.1992 -35.4278 
-17 -56.3366 -17 15 -45.3474 -50.5137 -29.4273 -40.1241 
-22 -59.2021 -17 14 -37.8509 -45.3978 -23.4359 -40.0558 
-13 -60.97 -15 14 -41.0478 -46.8801 -22.5183 -34.5604 
-13 -62.4174 -15 13 -38.8179 -44.9232 -19.9847 -34.1663 
-18 -63.5603 -20 15 -34.4872 -42.5846 -24.9311 -42.2838 
-18 -61.2186 -18 15 -37.4462 -43.8451 -26.1504 -39.8726 
-18 -61.0314 -18 16 -38.1672 -44.1307 -26.2715 -40.2851 
-22 -60.4243 -17 15 -39.9655 -47.3903 -20.9043 -38.3972 
-21 -59.9005 -19 16 -39.8615 -44.802 -29.6085 -40.8451 
-23 -56.906 -15 13 -43.2154 -49.0943 -23.3269 -35.9604 
-13 -61.1653 -17 15 -39.8167 -44.3369 -24.8897 -39.2326 
-13 -61.5422 -16 14 -38.2099 -45.2028 -24.3201 -36.6806 
-23 -61.4265 -16 14 -33.9477 -43.9659 -19.832 -37.5987 
-18 -60.9196 -19 15 -36.753 -44.3029 -26.1504 -43.054 
-13 -61.0808 -16 14 -40.0243 -46.2718 -24.5024 -36.4159 
-13 -61.2332 -15 14 -40.9844 -47.139 -22.1467 -34.5025 
-13 -62.9929 -17 14 -36.5598 -44.3974 -22.8193 -38.0354 
-22 -60.827 -18 16 -41.223 -43.0861 -25.9804 -38.3113 
-13 -62.2238 -16 13 -36.0331 -45.4969 -22.4488 -36.9627 
-15 -63.5203 -17 12 -34.1717 -46.2269 -19.3236 -37.8484 
-14 -63.0753 -17 14 -37.3055 -47.5974 -20.6705 -37.6364 
-19 -61.0693 -18 16 -40.9455 -43.7429 -26.4111 -38.8259 
-23 -55.748 -15 14 -45.8031 -51.1413 -25.0835 -36.2725 
-17 -55.8533 -15 13 -46.9553 -50.5139 -27.2337 -36.3849 
-13 -60.301 -15 14 -38.4915 -46.0085 -23.6422 -36.9571 
-22 -61.3161 -18 15 -39.4954 -47.1314 -22.9806 -38.4606 
-17 -56.4144 -15 13 -47.268 -49.6884 -26.3446 -35.8462 
-15 -61.5177 -17 15 -39.7513 -47.7882 -21.7066 -38.9697 
-7 -64.6074 -19 13 -35.6052 -44.9867 -24.2604 -41.0169 
-13 -63.8179 -16 13 -37.8691 -44.9232 -20.8671 -34.1717 
-13 -62.8414 -16 13 -36.1035 -43.6008 -21.0231 -37.0015 
-15 -62.2943 -17 13 -36.7594 -48.274 -21.0801 -38.1605 
-22 -61.7246 -20 16 -37.9384 -42.6505 -27.4585 -42.0984 
-21 -60.6851 -18 15 -39.3482 -45.2698 -26.8863 -38.5209 
-23 -57.3415 -16 16 -42.3345 -47.2536 -27.3404 -37.9186 
-15 -61.9647 -20 15 -38.903 -46.0278 -29.7872 -41.5265 
-7 -63.3814 -19 14 -38.1929 -47.0338 -26.0169 -41.3291 
-22 -61.8248 -18 15 -39.0166 -47.3903 -21.7867 -38.4027 
-13 -61.9629 -16 13 -37.623 -45.4932 -21.1925 -37.5076 
FEATURES_TXT_END_0
FEATURES_TXT_BEGIN_0 78 100 8 Distortion0_0 LM0_0 WordPenalty0_0 PhrasePenalty0_0 TranslationModel0_0 TranslationModel0_1 TranslationModel0_2 TranslationModel0_3 
-46 -98.9776 -21 20 -65.6849 -65.3594 -27.5579 -44.3015 
-44 -97.4607 -21 20 -70.1548 -66.5204 -28.9385 -44.9736 
-46 -96.6441 -21 20 -70.5429 -69.0928 -29.062 -45.5799 
-49 -98.8406 -21 20 -65.6849 -65.3594 -27.5579 -44.3015 
-44 -95.1271 -21 20 -75.0128 -70.2537 -30.4426 -46.252 
-47 -97.3236 -21 20 -70.1548 -66.5204 -28.9385 -44.9736 
-22 -104.629 -21 20 -65.6849 -65.3594 -27.5579 -44.3015 
-46 -96.6927 -21 20 -69.1247 -66.1004 -30.8538 -46.6239 
-44 -95.1758 -21 20 -73.5946 -67.2613 -32.2344 -47.296 
-40 -99.9495 -21 20 -65.0457 -65.6443 -28.8107 -46.2152 
-26 -103.441 -21 20 -65.4296 -65.0952 -28.4984 -45.3861 
-32 -103.384 -22 20 -63.1666 -64.5488 -26.9219 -47.4924 
-49 -99.3698 -21 20 -65.4276 -66.2208 -27.3573 -44.4966 
-42 -95.1947 -23 20 -69.6363 -75.2184 -31.1967 -53.5668 
-25 -104.505 -21 20 -65.6849 -65.3594 -27.5579 -44.3015 
-48 -99.6065 -21 20 -65.4276 -66.2208 -27.3573 -44.4966 
-44 -99.924 -22 20 -68.1867 -66.5204 -30.0371 -44.979 
-47 -97.8529 -21 20 -69.8975 -67.3818 -28.7379 -45.1687 
-46 -98.0896 -21 20 -69.8975 -67.3818 -28.7379 -45.1687 
-36 -94.2122 -22 20 -73.3895 -75.2184 -31.8898 -53.5614 
-49 -100.962 -21 20 -62.7762 -62.5089 -27.0471 -44.2642 
-40 -97.616 -21 20 -69.9037 -69.3776 -30.3148 -47.4936 
-47 -99.4446 -21 20 -67.246 -63.6698 -28.4277 -44.9363 
-43 -99.8125 -21 20 -65.0457 -65.6443 -28.8107 -46.2152 
-24 -101.332 -21 20 -72.6474 -70.7553 -29.4675 -45.8334 
-36 -102.196 -22 20 -62.9114 -64.2846 -27.8624 -48.577 
-48 -97.3032 -21 20 -70.5429 -69.0928 -29.062 -45.5799 
-46 -94.0072 -23 20 -69.3811 -74.9542 -32.1372 -54.6514 
-29 -103.317 -21 20 -65.4296 -65.0952 -28.4984 -45.3861 
-44 -97.5904 -22 20 -73.0447 -70.2537 -31.5412 -46.2574 
-46 -95.7863 -21 20 -75.0128 -70.2537 -30.4426 -46.252 
-50 -99.7213 -21 20 -65.6849 -65.3594 -27.5579 -44.3015 
-22 -104.384 -21 20 -64.6443 -64.7996 -29.4675 -46.1518 
-49 -97.1827 -21 20 -70.5429 -69.0928 -29.062 -45.5799 
-46 -100.344 -21 20 -62.5398 -63.137 -29.062 -45.8984 
-40 -93.0246 -22 20 -73.1342 -74.9542 -32.8303 -54.646 
-32 -102.805 -21 20 -62.5248 -63.9944 -28.3082 -47.022 
-47 -99.7869 -22 20 -68.1867 -66.5204 -30.0371 -44.979 
-48 -98.2044 -21 20 -70.1548 -66.5204 -28.9385 -44.9736 
-47 -95.6658 -21 20 -75.0128 -70.2537 -30.4426 -46.252 
-44 -98.8267 -21 20 -67.0096 -64.298 -30.4426 -46.5705 
-46 -99.372 -22 20 -65.1407 -65.3801 -31.1375 -47.3051 
-24 -104.295 -21 20 -67.7894 -67.022 -27.9634 -44.555 
-44 -100.898 -21 20 -66.1897 -62.9567 -28.1653 -44.6551 
-22 -104.755 -21 20 -67.7894 -67.022 -27.9634 -44.555 
-46 -96.0427 -21 20 -70.9546 -68.5467 -32.3578 -47.3145 
-44 -94.5258 -21 20 -75.4245 -69.7077 -33.7384 -47.9866 
-40 -97.6646 -21 20 -68.4855 -66.3852 -32.1065 -48.5375 
-44 -98.0405 -21 20 -69.9979 -67.059 -30.7303 -46.2057 
-28 -103.293 -22 20 -66.7208 -70.4146 -28.6565 -46.8226 
-38 -102.504 -21 20 -65.6849 -65.3594 -27.5579 -44.3015 
-28 -100.145 -21 20 -72.3922 -70.4911 -30.408 -46.9179 
-42 -101.698 -21 20 -65.6849 -65.3594 -27.5579 -44.3015 
-18 -105.64 -21 20 -67.2483 -67.0467 -27.6757 -45.1695 
-52 -100.966 -22 20 -61.0621 -62.8862 -26.5165 -47.239 
-48 -97.7051 -21 20 -70.5429 -69.0928 -29.062 -45.5799 
-36 -100.987 -21 20 -70.1548 -66.5204 -28.9385 -44.9736 
-22 -102.31 -21 20 -70.474 -70.4146 -29.3497 -46.8172 
-46 -102.152 -21 20 -62.7762 -62.5089 -27.0471 -44.2642 
-50 -99.4487 -22 20 -65.5319 -64.0472 -27.8971 -47.911 
-46 -96.1882 -21 20 -75.0128 -70.2537 -30.4426 -46.252 
-44 -97.639 -22 20 -71.6265 -67.2613 -33.333 -47.3014 
-26 -103.196 -21 20 -64.3891 -64.5353 -30.408 -47.2364 
-46 -101.384 -21 20 -62.8275 -62.9177 -28.2511 -45.06 
-44 -100.635 -21 20 -67.246 -63.6698 -28.4277 -44.9363 
-36 -101.617 -21 20 -62.2695 -63.7302 -29.2487 -48.1066 
-26 -105.135 -21 20 -65.4276 -66.2208 -27.3573 -44.4966 
-46 -98.4296 -21 20 -67.6843 -67.8416 -29.2161 -46.8029 
-47 -102.058 -21 20 -62.7762 -62.5089 -27.0471 -44.2642 
-26 -106.029 -22 20 -63.287 -63.9823 -26.8648 -46.8365 
-43 -100.342 -21 20 -64.7885 -66.5057 -28.61 -46.4102 
-44 -99.8671 -21 20 -67.2973 -64.0787 -29.6317 -45.7321 
-28 -103.108 -21 20 -67.5342 -66.7577 -28.9039 -45.6395 
-49 -99.2915 -21 20 -64.8955 -63.6049 -29.2443 -46.2874 
-46 -97.0385 -22 20 -69.9987 -69.1134 -32.6415 -48.5835 
-42 -100.578 -21 20 -64.7885 -66.5057 -28.61 -46.4102 
-24 -101.962 -21 20 -72.6474 -70.7553 -29.4675 -45.8334 
-26 -104.307 -21 20 -67.7894 -67.022 -27.9634 -44.555 
-32 -101.206 -21 20 -69.3122 -69.3958 -28.4559 -46.504 
-26 -103.567 -21 20 -67.5342 -66.7578 -28.9039 -45.6395 
-27 -105.004 -21 20 -65.4276 -66.2208 -27.3573 -44.4966 
-26 -104.246 -21 20 -67.5322 -67.8834 -27.7627 -44.75 
-46 -100.165 -22 20 -64.9061 -64.0891 -31.5429 -46.8633 
-45 -100.541 -21 20 -67.246 -63.6698 -28.4277 -44.9363 
-44 -98.5649 -21 20 -71.0477 -66.6901 -29.6694 -45.9336 
-20 -107.786 -21 20 -62.7762 -62.5089 -27.0471 -44.2642 
-47 -97.7746 -21 20 -69.3654 -64.7659 -30.6249 -46.9595 
-24 -104.697 -21 20 -67.5322 -67.8834 -27.7627 -44.75 
-49 -99.235 -22 20 -65.1407 -65.3801 -31.1375 -47.3051 
-47 -100.761 -21 20 -66.1897 -62.9567 -28.1653 -44.6551 
-26 -105.386 -21 20 -65.6849 -65.3594 -27.5579 -44.3015 
-20 -104.678 -22 20 -68.145 -67.7157 -28.3688 -48.1149 
-32 -104.611 -21 20 -59.5947 -59.7775 -30.7469 -45.7864 
-47 -100.316 -22 20 -67.9294 -67.3818 -29.8365 -45.1741 
-32 -102.105 -22 20 -66.4656 -70.1503 -29.597 -47.9072 
-36 -100.395 -22 20 -67.8188 -69.8989 -28.4559 -49.5473 
-26 -105.429 -21 20 -65.6849 -65.3594 -27.5579 -44.3015 
-44 -95.7069 -21 20 -74.8559 -70.7923 -32.2344 -47.4842 
-46 -100.553 -22 20 -67.9294 -67.3818 -29.8365 -45.1741 
-49 -100.626 -21 20 -65.6849 -65.3594 -27.5579 -44.3015 
FEATURES_TXT_END_0
FEATURES_TXT_BEGIN_0 79 100 8 Distortion0_0 LM0_0 WordPenalty0_0 PhrasePenalty0_0 TranslationModel0_0 TranslationModel0_1 TranslationModel0_2 TranslationModel0_3 
-34 -71.8481 -22 18 -43.3917 -52.6549 -23.7201 -49.1503 
-29 -66.6299 -22 17 -53.0913 -63.158 -26.8354 -51.9407 
-32 -70.3378 -21 17 -46.2262 -55.3836 -24.7442 -48.1008 
-22 -72.1091 -22 17 -44.7431 -57.1046 -21.5592 -53.2066 
-26 -73.7802 -23 18 -41.22 -51.7595 -24.0047 -52.8448 
-34 -72.0869 -22 18 -45.3458 -52.6166 -25.5937 -47.7582 
-29 -66.8688 -22 17 -55.0454 -63.1197 -28.709 -50.5485 
-24 -71.4997 -22 16 -48.5969 -59.1225 -23.4881 -49.9836 
-34 -73.147 -22 18 -42.629 -51.4574 -24.2132 -48.1335 
-29 -67.9288 -22 17 -52.3286 -61.9605 -27.3285 -50.9239 
-26 -74.8675 -24 18 -41.0377 -51.7595 -25.6141 -52.8502 
-32 -70.5767 -21 17 -48.1803 -55.3453 -26.6178 -46.7086 
-32 -71.6367 -21 17 -45.4635 -54.1861 -25.2373 -47.084 
-34 -73.7113 -22 18 -40.6749 -51.4957 -22.3397 -49.5257 
-34 -69.987 -22 16 -44.4378 -58.8988 -22.788 -51.8924 
-29 -68.0802 -23 17 -53.3876 -63.158 -28.9949 -51.9461 
-22 -72.3479 -22 17 -46.6972 -57.0663 -23.4328 -51.8144 
-53 -66.5214 -23 18 -56.4558 -62.454 -28.831 -44.8775 
-26 -74.019 -23 18 -43.1741 -51.7212 -25.8782 -51.4526 
-22 -73.408 -22 17 -43.9804 -55.9071 -22.0523 -52.1897 
-26 -75.0791 -23 18 -40.4573 -50.562 -24.4978 -51.828 
-24 -71.7386 -22 16 -50.551 -59.0842 -25.3617 -48.5914 
-24 -72.7986 -22 16 -47.8343 -57.925 -23.9813 -48.9668 
-24 -71.3059 -20 15 -48.8625 -59.8036 -20.3425 -47.8336 
-53 -66.5051 -22 18 -55.269 -62.7726 -26.5992 -44.7952 
-26 -75.1063 -24 18 -42.9918 -51.7212 -27.4877 -51.458 
-25 -71.405 -22 18 -47.7032 -56.1991 -25.8504 -51.9256 
-26 -76.1664 -24 18 -40.275 -50.562 -26.1072 -51.8334 
-34 -72.8467 -22 18 -42.8266 -51.6313 -25.3846 -49.4 
-19 -74.9763 -24 18 -44.7197 -56.0955 -25.8227 -53.7251 
-34 -73.9502 -22 18 -42.629 -51.4574 -24.2132 -48.1335 
-29 -67.6285 -22 17 -52.5263 -62.1344 -28.4999 -52.1903 
-34 -70.2258 -22 16 -46.3919 -58.8605 -24.6616 -50.5003 
-34 -72.7909 -22 18 -43.6392 -54.702 -23.7056 -49.4625 
-27 -70.0182 -22 16 -48.1198 -63.2348 -22.9966 -52.7674 
-34 -75.0103 -22 18 -39.9122 -50.2982 -22.8328 -48.5089 
-34 -72.7729 -22 18 -46.2363 -52.298 -25.666 -47.8351 
-29 -68.319 -23 17 -55.3417 -63.1197 -30.8685 -50.5539 
-34 -71.2859 -22 16 -43.6751 -57.7013 -23.2811 -50.8756 
-29 -67.5547 -22 17 -55.9359 -62.801 -28.7813 -50.6254 
-24 -72.95 -23 16 -48.8932 -59.1225 -25.6476 -49.989 
-24 -71.1819 -21 16 -49.5001 -59.1225 -22.795 -49.9782 
-48 -71.3913 -23 17 -51.9614 -58.4185 -25.4838 -42.9204 
-29 -69.3791 -23 17 -52.6249 -61.9605 -29.488 -50.9293 
-34 -71.9728 -22 18 -45.5521 -52.9435 -25.6561 -49.6665 
-34 -73.6018 -22 17 -42.8511 -52.3169 -22.9294 -48.9848 
-29 -66.7546 -22 17 -55.2518 -63.4465 -28.7713 -52.4569 
-41 -69.9154 -23 18 -54.5017 -62.4922 -26.9574 -46.2697 
-25 -72.5281 -22 18 -48.0516 -56.9347 -24.2133 -51.0361 
-34 -67.6417 -21 17 -53.0844 -61.5892 -26.3536 -49.4507 
-32 -71.3364 -21 17 -45.6611 -54.36 -26.4087 -48.3504 
-27 -69.6017 -21 16 -51.2694 -64.074 -22.9966 -50.0838 
-24 -71.5448 -20 15 -50.8166 -59.7653 -22.2161 -46.4414 
-26 -72.3984 -23 18 -47.5208 -56.1991 -27.4599 -51.9311 
-24 -72.6048 -20 15 -48.0999 -58.6061 -20.8357 -46.8167 
-32 -71.2806 -21 17 -46.4737 -57.4307 -24.7297 -48.413 
-32 -71.2626 -21 17 -49.0708 -55.0267 -26.6901 -46.7855 
-34 -73.3307 -22 18 -44.2822 -52.3363 -23.7924 -49.2272 
-48 -71.3749 -22 17 -50.7746 -58.7371 -23.252 -42.8381 
-27 -70.3477 -22 16 -48.1198 -63.2348 -22.9966 -52.7674 
-25 -71.6438 -22 18 -49.6572 -56.1608 -27.724 -50.5335 
-22 -74.2049 -23 17 -44.5607 -57.1046 -23.1686 -53.212 
-46 -72.8519 -21 17 -45.6103 -57.6529 -18.5072 -43.7588 
-53 -66.221 -22 18 -59.3179 -62.4109 -28.7021 -43.4331 
-50 -74.5229 -22 18 -42.0872 -52.3078 -20.9527 -43.397 
-32 -72.2576 -23 18 -47.979 -56.2775 -25.8504 -50.7271 
-22 -73.1077 -22 17 -44.178 -56.0811 -23.2237 -53.4562 
-25 -72.7039 -22 18 -46.9405 -55.0016 -26.3436 -50.9088 
-26 -74.7788 -23 18 -40.6549 -50.7359 -25.6692 -53.0944 
-32 -70.4625 -21 17 -48.3867 -55.6722 -26.6802 -48.617 
-48 -72.9401 -22 17 -43.6634 -55.222 -19.1519 -46.2709 
-52 -74.6112 -23 18 -40.1403 -49.8769 -21.5974 -45.9091 
-41 -69.899 -22 18 -53.3149 -62.8109 -24.7256 -46.1874 
-19 -75.2151 -24 18 -46.6737 -56.0572 -27.6963 -52.333 
-34 -74.5898 -23 18 -42.1679 -52.6549 -26.0227 -49.1558 
-24 -72.4983 -22 16 -48.0319 -58.0989 -25.1526 -50.2332 
-22 -73.0339 -22 17 -47.5877 -56.7477 -23.5051 -51.8913 
-34 -73.0297 -22 18 -45.5932 -54.6637 -25.5792 -48.0703 
-29 -69.3717 -23 17 -51.8675 -63.158 -29.138 -51.9461 
-27 -70.2571 -22 16 -50.0739 -63.1965 -24.8702 -51.3752 
-26 -74.705 -23 18 -44.0646 -51.4026 -25.9506 -51.5295 
-19 -76.2752 -24 18 -43.957 -54.898 -26.3159 -52.7083 
-53 -67.2422 -23 18 -57.3463 -62.1353 -28.9033 -44.9544 
-53 -67.7528 -23 18 -54.5017 -62.4922 -26.9574 -46.2697 
-22 -75.0556 -21 17 -45.6448 -52.6643 -21.5592 -48.7859 
-24 -73.6052 -23 18 -48.9383 -56.5124 -26.0736 -51.0148 
-24 -73.1888 -23 16 -50.8473 -59.0842 -27.5212 -48.5968 
-24 -71.4208 -21 16 -51.4542 -59.0842 -24.6686 -48.586 
-34 -74.0898 -22 18 -42.8765 -53.5045 -24.1987 -48.4457 
-27 -71.3171 -22 16 -47.3571 -62.0373 -23.4898 -51.7506 
-24 -72.4245 -22 16 -51.4415 -58.7656 -25.434 -48.6683 
-22 -72.2338 -22 17 -46.9035 -57.3932 -23.4951 -53.7227 
-27 -70.0974 -22 16 -49.3042 -62.9999 -24.3829 -52.4797 
-26 -73.9049 -23 18 -43.3804 -52.048 -25.9406 -53.3609 
-22 -74.4256 -21 16 -43.4326 -58.0383 -18.7434 -50.9043 
-24 -74.2489 -23 16 -48.1305 -57.925 -26.1407 -48.9722 
-24 -72.4808 -21 16 -48.7374 -57.925 -23.2881 -48.9614 
-26 -76.0966 -22 17 -39.9096 -52.6932 -21.1889 -50.5425 
-53 -66.2046 -21 18 -58.1311 -62.7295 -26.4703 -43.3508 
-34 -73.8407 -22 17 -44.8051 -52.2786 -24.803 -47.5927 
FEATURES_TXT_END_0
FEATURES_TXT_BEGIN_0 80 100 8 Distortion0_0 LM0_0 WordPenalty0_0 PhrasePenalty0_0 TranslationModel0_0 TranslationModel0_1 TranslationModel0_2 TranslationModel0_3 
-37 -76.6342 -27 24 -51.1807 -53.9644 -31.1923 -49.5326 
-41 -79.6749 -29 24 -49.5377 -52.7733 -33.1686 -48.0329 
-37 -77.2966 -27 24 -51.5562 -54.0493 -31.259 -49.3149 
-37 -77.5535 -26 24 -51.9853 -53.7336 -29.2316 -47.5581 
-35 -74.9694 -26 22 -57.1119 -58.5744 -31.804 -47.6 
-47 -70.9736 -25 22 -56.8013 -56.4849 -34.7084 -47.3419 
-37 -77.5322 -27 24 -51.3242 -54.4615 -31.4483 -49.3593 
-47 -71.4096 -25 23 -57.2947 -56.1455 -34.9602 -46.9314 
-37 -77.8841 -27 24 -51.4479 -54.6736 -30.9631 -49.2028 
-37 -78.2943 -27 24 -51.1966 -54.5391 -29.998 -49.2801 
-49 -78.0517 -28 24 -49.9747 -52.7733 -30.5145 -48.0275 
-41 -80.5943 -28 24 -50.3423 -52.5425 -31.2078 -46.0584 
-37 -78.216 -26 24 -52.3607 -53.8185 -29.2982 -47.3404 
-39 -78.0102 -28 22 -55.4688 -57.3833 -33.7802 -46.1003 
-35 -75.6454 -25 23 -58.7119 -58.3436 -30.9029 -45.6255 
-35 -75.6318 -26 22 -57.4873 -58.6593 -31.8707 -47.3822 
-55 -69.3504 -24 22 -57.2383 -56.4849 -32.0543 -47.3365 
-41 -74.9063 -25 22 -57.7501 -55.0405 -35.1167 -43.3894 
-55 -69.7864 -24 23 -57.7317 -56.1455 -32.3062 -46.926 
-37 -78.4516 -26 24 -52.1288 -54.2307 -29.4875 -47.3849 
-37 -76.993 -27 24 -55.9138 -57.0846 -33.0426 -48.3583 
-35 -75.8674 -26 22 -57.2553 -59.0714 -32.0599 -47.4267 
-41 -80.9249 -29 24 -49.8049 -53.4824 -32.9394 -47.7031 
-37 -78.5466 -27 24 -51.8233 -54.7584 -31.0298 -48.9851 
-37 -78.8035 -26 24 -52.2525 -54.4428 -29.0024 -47.2283 
-41 -81.3351 -29 24 -49.5536 -53.348 -31.9743 -47.7804 
-37 -78.9567 -27 24 -51.572 -54.624 -30.0647 -49.0624 
-37 -79.2136 -26 24 -52.0012 -54.3083 -28.0373 -47.3057 
-49 -78.9711 -27 24 -50.7793 -52.5425 -28.5538 -46.053 
-37 -78.9119 -27 24 -50.9294 -53.83 -30.2272 -49.6099 
-35 -76.2194 -26 22 -57.379 -59.2835 -31.5748 -47.2701 
-37 -77.082 -27 24 -52.2952 -55.7981 -33.0426 -50.5861 
-47 -72.2236 -25 22 -57.0685 -57.194 -34.4792 -47.0121 
-37 -79.4305 -28 23 -52.0618 -54.3453 -35.2712 -47.3136 
-37 -83.2559 -27 24 -44.9132 -50.0189 -27.048 -46.9981 
-35 -76.6295 -26 22 -57.1277 -59.1491 -30.6097 -47.3475 
-47 -76.3869 -27 22 -55.9058 -57.3833 -31.1262 -46.0948 
-37 -78.7822 -27 24 -51.5914 -55.1706 -31.2191 -49.0295 
-39 -78.6861 -27 23 -57.0689 -57.1525 -32.8792 -44.1258 
-37 -75.7593 -27 24 -54.5808 -56.3264 -33.5079 -51.8187 
-47 -72.6595 -25 23 -57.5619 -56.8546 -34.731 -46.6016 
-35 -76.3078 -25 23 -59.0874 -58.4285 -30.9696 -45.4078 
-47 -72.6337 -25 22 -56.8172 -57.0596 -33.5141 -47.0895 
-37 -79.7675 -27 23 -52.8664 -54.1145 -33.3105 -45.3391 
-37 -79.1923 -27 24 -51.34 -55.0362 -30.254 -49.1069 
-49 -73.2831 -24 22 -58.1871 -55.0405 -32.4627 -43.384 
-37 -77.367 -27 24 -55.6466 -56.3755 -33.2718 -48.6881 
-47 -73.0697 -25 23 -57.3105 -56.7202 -33.7659 -46.679 
-43 -79.7014 -28 24 -48.2467 -50.4233 -33.7161 -48.9145 
-37 -78.6248 -27 24 -51.8309 -55.5044 -31.4331 -49.4744 
-49 -79.3017 -28 24 -50.2419 -53.4824 -30.2854 -47.6977 
-41 -80.0338 -29 24 -54.2708 -55.8935 -35.0188 -46.8586 
-37 -77.6555 -27 24 -56.2892 -57.1695 -33.1093 -48.1406 
-35 -76.5434 -25 23 -58.8554 -58.8407 -31.1588 -45.4522 
-37 -77.9124 -26 24 -56.7184 -56.8538 -31.0818 -46.3839 
-41 -81.8442 -28 24 -50.6095 -53.2516 -30.9786 -45.7286 
-37 -79.4659 -26 24 -52.6279 -54.5276 -29.0691 -47.0106 
-49 -79.7119 -28 24 -49.9906 -53.348 -29.3203 -47.775 
-37 -79.4818 -27 23 -49.8825 -53.1634 -30.0783 -49.7983 
-37 -77.7228 -28 24 -51.0831 -54.6197 -33.7573 -53.107 
-41 -82.2544 -28 24 -50.3581 -53.1172 -30.0135 -45.806 
-35 -75.3283 -26 22 -61.8449 -61.6946 -33.6542 -46.4257 
-37 -79.8761 -26 24 -52.3766 -54.3932 -28.104 -47.0879 
-41 -81.6512 -29 24 -49.1623 -52.6884 -33.1019 -48.2506 
-41 -81.9526 -29 24 -49.2864 -52.6389 -32.2035 -48.1102 
-39 -79.2601 -28 22 -55.736 -58.0924 -33.551 -45.7704 
-37 -79.5743 -27 24 -51.3048 -53.9149 -30.2939 -49.3922 
-35 -76.8953 -25 23 -58.9791 -59.0527 -30.6737 -45.2957 
-35 -76.8818 -26 22 -57.7545 -59.3684 -31.6415 -47.0524 
-43 -83.0562 -28 24 -46.3647 -49.1844 -28.8563 -46.9323 
-37 -79.8312 -26 24 -51.734 -53.5992 -28.2665 -47.6355 
-37 -79.6241 -26 24 -51.4826 -52.9326 -29.1773 -47.8238 
-41 -80.1228 -29 24 -50.6522 -54.607 -35.0188 -49.0864 
-55 -70.6004 -24 22 -57.5055 -57.194 -31.8251 -47.0067 
-47 -71.3325 -25 22 -61.5344 -59.605 -36.5586 -46.1677 
-45 -82.6811 -28 24 -45.9893 -49.0995 -28.7896 -47.15 
-45 -77.8073 -27 23 -52.4988 -54.3453 -32.6172 -47.3082 
-37 -77.7444 -27 24 -52.6706 -55.883 -33.1093 -50.3684 
-37 -78.0013 -26 24 -53.0998 -55.5673 -31.0818 -48.6116 
-39 -79.6703 -28 22 -55.4847 -57.958 -32.5859 -45.8478 
-35 -75.8398 -25 22 -60.2903 -55.6299 -35.8899 -44.3309 
-35 -77.3055 -25 23 -58.7278 -58.9183 -29.7086 -45.373 
-35 -77.292 -26 22 -57.5032 -59.234 -30.6764 -47.1298 
-37 -84.1753 -26 24 -45.7178 -49.7881 -25.0872 -45.0236 
-37 -77.8911 -27 24 -56.0573 -57.5817 -33.2985 -48.1851 
-47 -77.0629 -26 23 -57.5059 -57.1525 -30.2251 -44.1204 
-41 -76.1563 -25 22 -58.0173 -55.7496 -34.8875 -43.0596 
-55 -71.0363 -24 23 -57.9988 -56.8546 -32.077 -46.5962 
-47 -71.7684 -25 23 -62.0278 -59.2657 -36.8105 -45.7572 
-41 -78.8 -29 24 -52.9378 -55.1352 -35.4841 -50.319 
-55 -71.0105 -24 22 -57.2542 -57.0596 -30.8601 -47.084 
-35 -77.2471 -26 22 -56.8605 -58.44 -30.8389 -47.6773 
-49 -81.9462 -28 24 -45.9893 -49.0995 -28.7896 -47.15 
-45 -78.1443 -26 23 -53.3034 -54.1145 -30.6565 -45.3337 
-37 -76.4217 -27 24 -54.9562 -56.4112 -33.5745 -51.6009 
-37 -79.7015 -26 24 -52.3959 -54.9398 -29.2583 -47.055 
-35 -75.4172 -26 22 -58.2263 -60.4081 -33.6542 -48.6535 
-49 -75.6291 -28 24 -48.4924 -55.1783 -35.2734 -53.1441 
-47 -72.9499 -25 22 -56.4259 -56.4 -34.6417 -47.5597 
-47 -73.2513 -25 22 -56.55 -56.3504 -33.7433 -47.4193 
FEATURES_TXT_END_0
FEATURES_TXT_BEGIN_0 81 100 8 Distortion0_0 LM0_0 WordPenalty0_0 PhrasePenalty0_0 TranslationModel0_0 TranslationModel0_1 TranslationModel0_2 TranslationModel0_3 
-58 -133.77 -45 36 -85.1137 -107.152 -65.9612 -106.893 
-50 -137.898 -46 36 -84.2905 -107.139 -64.3698 -106.301 
-62 -136.843 -46 36 -91.7601 -109.542 -65.6778 -99.3549 
-62 -138.966 -47 36 -85.9195 -106.143 -64.5792 -101.709 
-64 -134.83 -44 35 -84.4637 -107.144 -59.5706 -104.688 
-58 -134.987 -45 36 -83.9888 -106.338 -66.3178 -106.45 
-58 -136.074 -45 36 -85.3895 -107.089 -64.0231 -104.825 
-62 -136.905 -46 36 -90.9778 -108.116 -66.6355 -99.9572 
-58 -132.309 -44 36 -88.4389 -108.788 -67.8033 -105.994 
-62 -139.028 -47 36 -85.1371 -104.717 -65.5369 -102.311 
-56 -133.976 -46 37 -84.044 -106.113 -69.259 -110.593 
-58 -134.627 -45 36 -84.5627 -106.634 -66.5984 -106.942 
-58 -136.098 -45 36 -82.8494 -104.98 -65.6247 -105.932 
-58 -135.858 -45 36 -85.637 -109.136 -64.0086 -105.137 
-58 -135.342 -45 36 -82.0819 -107.208 -63.3917 -108.467 
-50 -139.116 -46 36 -83.1656 -106.325 -64.7264 -105.858 
-50 -140.203 -46 36 -84.5663 -107.076 -62.4317 -104.232 
-56 -132.699 -45 36 -87.373 -109.851 -68.3642 -108.649 
-62 -137.183 -46 36 -91.5289 -108.633 -65.9983 -99.9082 
-58 -136.919 -46 36 -79.2731 -103.753 -64.8625 -109.247 
-58 -134.37 -45 36 -85.0437 -106.909 -66.5169 -107.53 
-50 -136.438 -45 36 -87.6157 -108.775 -66.2118 -105.402 
-62 -139.307 -47 36 -85.6882 -105.235 -64.8996 -102.262 
-50 -138.756 -46 36 -83.7394 -106.621 -65.007 -106.35 
-54 -133.336 -45 35 -90.2062 -113.25 -67.1889 -106.566 
-50 -140.226 -46 36 -82.0262 -104.967 -64.0333 -105.34 
-58 -134.676 -44 36 -86.771 -106.841 -65.9365 -104.466 
-50 -143.144 -47 36 -84.5367 -104.848 -67.8067 -99.1271 
-54 -136.723 -45 35 -86.1472 -108.515 -62.0259 -105.92 
-62 -138.061 -46 36 -90.6352 -108.728 -66.0345 -98.9123 
-62 -139.147 -46 36 -92.0358 -109.479 -63.7397 -97.2866 
-62 -140.184 -47 36 -84.7945 -105.329 -64.9359 -101.266 
-62 -141.271 -47 36 -86.1952 -106.081 -62.6411 -99.6403 
-50 -139.986 -46 36 -84.8137 -109.123 -62.4172 -104.545 
-50 -139.47 -46 36 -81.2587 -107.195 -61.8003 -107.874 
-58 -135.569 -46 36 -85.1626 -107.152 -68.3361 -106.898 
-56 -135.062 -46 36 -81.5324 -106.452 -67.2656 -111.003 
-58 -137.693 -47 36 -79.3219 -103.753 -67.2375 -109.252 
-50 -143.017 -46 36 -85.5241 -105.103 -64.8622 -98.3688 
-50 -138.667 -45 36 -85.9477 -106.828 -64.345 -103.874 
-54 -135.609 -46 35 -84.3655 -109.851 -66.0903 -108.92 
-50 -138.499 -46 36 -84.2205 -106.896 -64.9255 -106.938 
-56 -134.994 -46 36 -84.8248 -107.437 -68.6002 -108.812 
-50 -141.914 -46 36 -85.5241 -104.757 -64.8622 -100.541 
-64 -136.047 -44 35 -83.3388 -106.33 -59.9273 -104.246 
-64 -137.134 -44 35 -84.7395 -107.081 -57.6326 -102.62 
-62 -139.171 -46 36 -89.4957 -107.371 -65.3413 -98.3942 
-62 -141.295 -47 36 -83.6551 -103.972 -64.2427 -100.748 
-58 -137.292 -45 36 -84.2646 -106.275 -64.3798 -104.382 
-62 -138.931 -46 36 -92.2833 -111.526 -63.7252 -97.5988 
-62 -138.415 -46 36 -88.7283 -109.599 -63.1083 -100.929 
-62 -141.055 -47 36 -86.4427 -108.128 -62.6266 -99.9525 
-62 -140.539 -47 36 -82.8876 -106.2 -62.0097 -103.282 
-64 -133.369 -43 35 -87.7889 -108.781 -61.4127 -103.789 
-72 -135.435 -45 36 -91.5401 -107.879 -62.3361 -99.8385 
-62 -138.122 -46 36 -89.8528 -107.302 -66.9922 -99.5145 
-62 -139.209 -46 36 -91.2535 -108.053 -64.6974 -97.8889 
-58 -134.546 -45 36 -84.3406 -108.169 -67.0598 -107.781 
-64 -135.21 -44 35 -84.6864 -107.484 -60.0588 -105.099 
-58 -133.527 -44 36 -87.314 -107.974 -68.1599 -105.552 
-62 -140.246 -47 36 -84.0122 -103.904 -65.8935 -101.868 
-58 -134.614 -44 36 -88.7147 -108.725 -65.8652 -103.926 
-62 -141.333 -47 36 -85.4129 -104.655 -63.5988 -100.243 
-64 -135.687 -44 35 -83.9126 -106.627 -60.2078 -104.737 
-58 -136.186 -45 36 -83.1512 -106.121 -66.559 -106.077 
-56 -135.194 -46 37 -82.919 -105.299 -69.6157 -110.15 
-56 -136.28 -46 37 -84.3197 -106.05 -67.3209 -108.524 
-50 -140.332 -44 34 -81.7966 -107.153 -61.4551 -101.372 
-58 -135.845 -45 36 -83.4377 -105.82 -66.9551 -106.499 
-54 -132.967 -44 35 -91.0459 -113.25 -64.9377 -106.56 
-58 -136.932 -45 36 -84.8384 -106.571 -64.6603 -104.874 
-50 -142.754 -47 36 -84.5582 -104.107 -67.7197 -100.811 
-58 -137.316 -45 36 -81.7245 -104.166 -65.9814 -105.49 
-58 -138.403 -45 36 -83.1251 -104.917 -63.6866 -103.864 
-58 -136.645 -45 36 -83.3849 -105.781 -65.9124 -105.666 
-64 -136.918 -44 35 -84.9869 -109.129 -57.618 -102.932 
-64 -136.402 -44 35 -81.4319 -107.201 -57.0011 -106.262 
-62 -136.807 -46 36 -92.0734 -108.801 -66.6124 -101.039 
-62 -138.931 -47 36 -86.2328 -105.403 -65.5138 -103.392 
-56 -132.515 -45 37 -87.3692 -107.749 -71.1011 -109.694 
-58 -137.076 -45 36 -84.512 -108.322 -64.3653 -104.694 
-58 -137.647 -45 36 -82.3576 -107.146 -61.4536 -106.398 
-62 -139.233 -46 36 -88.7134 -105.945 -66.299 -98.9965 
-50 -141.42 -46 36 -83.4413 -106.262 -62.7884 -103.79 
-40 -138.865 -42 33 -80.4293 -108.402 -60.4063 -104.108 
-58 -134.637 -44 36 -86.1746 -106.617 -67.4668 -105.033 
-62 -141.357 -47 36 -82.8728 -102.546 -65.2004 -101.35 
-56 -134.833 -46 37 -83.4929 -105.595 -69.8962 -110.642 
-56 -133.916 -45 36 -86.2481 -109.037 -68.7209 -108.207 
-56 -135.003 -45 36 -87.6488 -109.788 -66.4262 -106.581 
-64 -135.43 -44 35 -84.3937 -106.902 -60.1264 -105.325 
-50 -139.76 -43 34 -81.7214 -107.153 -59.8044 -101.367 
-58 -136.007 -45 36 -83.9888 -106.338 -66.3178 -106.45 
-58 -135.34 -45 36 -85.0786 -107.32 -66.4195 -106.917 
-62 -138.993 -46 36 -91.501 -110.1 -64.6829 -98.2011 
-62 -138.477 -46 36 -87.9459 -108.173 -64.066 -101.531 
-56 -136.304 -46 37 -81.7796 -103.941 -68.9225 -109.632 
-58 -135.295 -45 35 -82.5394 -106.939 -63.9727 -109.064 
-62 -138.401 -46 36 -90.4039 -107.82 -66.3549 -99.4656 
-58 -134.398 -44 36 -88.9622 -110.772 -65.8507 -104.238 
FEATURES_TXT_END_0
FEATURES_TXT_BEGIN_0 82 100 8 Distortion0_0 LM0_0 WordPenalty0_0 PhrasePenalty0_0 TranslationModel0_0 TranslationModel0_1 TranslationModel0_2 TranslationModel0_3 
-31 -83.2203 -24 22 -76.5703 -82.422 -33.1139 -56.097 
-31 -81.5364 -24 22 -77.2246 -82.6911 -36.8274 -57.5729 
-31 -82.6425 -24 22 -77.1155 -83.003 -34.2125 -57.0133 
-39 -82.6531 -25 22 -71.6187 -79.9073 -38.0282 -57.6399 
-31 -80.9586 -24 22 -77.7698 -83.2721 -37.926 -58.4892 
-31 -86.5896 -26 22 -69.8304 -77.2983 -34.6387 -59.3751 
-28 -86.1388 -25 22 -74.8056 -82.422 -34.0302 -56.1024 
-31 -85.7508 -25 22 -75.3839 -80.0538 -35.9471 -55.0881 
-39 -82.0753 -25 22 -72.1639 -80.4883 -39.1268 -58.5562 
-31 -85.3066 -25 22 -76.078 -82.422 -34.3425 -56.1024 
-31 -84.9057 -26 22 -70.4846 -77.5674 -38.3523 -60.8511 
-28 -84.4548 -25 22 -75.4599 -82.6911 -37.7437 -57.5783 
-39 -86.0224 -27 22 -64.542 -74.7836 -39.1819 -60.9181 
-31 -86.0118 -26 22 -70.3756 -77.8792 -35.7373 -60.2914 
-28 -85.561 -25 22 -75.3508 -83.003 -35.1288 -57.0187 
-31 -84.0669 -25 22 -76.0381 -80.3229 -39.6607 -56.564 
-29 -86.6217 -27 23 -74.5847 -82.3601 -37.3 -59.1754 
-33 -86.1488 -25 22 -76.3521 -79.0193 -36.3319 -54.018 
-36 -85.5716 -26 22 -69.854 -79.9073 -38.9445 -57.6453 
-31 -84.7288 -25 22 -76.6232 -83.003 -35.4411 -57.0187 
-39 -85.1836 -26 22 -70.4322 -77.5391 -40.8614 -56.631 
-31 -84.3279 -26 22 -71.0299 -78.1483 -39.4509 -61.7673 
-28 -83.8771 -25 22 -76.0051 -83.2721 -38.8423 -58.4946 
-39 -85.4446 -27 22 -65.0872 -75.3646 -40.2805 -61.8344 
-31 -86.7543 -24 22 -74.6347 -80.0538 -31.2588 -55.0827 
-29 -84.9378 -27 23 -75.239 -82.6292 -41.0136 -60.6514 
-28 -86.7711 -25 22 -75.8746 -81.9997 -34.281 -56.0756 
-33 -84.4649 -25 22 -77.0063 -79.2884 -40.0455 -55.4939 
-41 -85.5816 -26 22 -71.0637 -76.5046 -40.8752 -55.5609 
-31 -89.1201 -27 22 -68.6439 -74.9301 -37.4719 -58.3662 
-33 -83.439 -25 23 -80.2284 -86.0384 -36.651 -56.8425 
-28 -88.6693 -26 22 -73.6191 -80.0538 -36.8634 -55.0935 
-33 -85.571 -25 22 -76.8973 -79.6002 -37.4305 -54.9343 
-36 -84.9938 -26 22 -70.3992 -80.4883 -40.0431 -58.5616 
-31 -88.6759 -27 22 -69.338 -77.2983 -35.8673 -59.3806 
-37 -86.0545 -28 23 -69.6331 -79.8454 -42.2144 -60.7184 
-28 -88.225 -26 22 -74.3132 -82.422 -35.2588 -56.1078 
-31 -85.0704 -24 22 -75.289 -80.3229 -34.9724 -56.5586 
-25 -83.9751 -23 22 -72.0042 -82.7396 -34.9072 -59.7293 
-31 -87.8371 -26 22 -74.8915 -80.0538 -37.1757 -55.0935 
-29 -86.6704 -27 23 -76.9471 -83.8424 -38.1265 -58.6025 
-28 -85.0872 -25 22 -76.5289 -82.2688 -37.9946 -57.5516 
-29 -89.2408 -28 23 -73.3967 -81.7791 -38.0472 -58.2646 
-29 -89.081 -26 22 -74.2023 -77.5943 -37.4153 -54.4754 
-31 -87.4362 -27 22 -69.2982 -75.1992 -41.1855 -59.8422 
-33 -81.7551 -25 23 -80.8827 -86.3075 -40.3646 -58.3184 
-37 -82.6184 -25 22 -77.4643 -82.6911 -39.3054 -57.5783 
-28 -86.1933 -25 22 -76.4198 -82.5807 -35.3796 -56.9919 
-28 -86.9854 -26 22 -74.2734 -80.3229 -40.5769 -56.5694 
-33 -83.8871 -25 22 -77.5516 -79.8694 -41.1441 -56.4102 
-39 -88.5529 -28 22 -63.3556 -72.4154 -42.0151 -59.9092 
-33 -84.744 -25 22 -71.148 -79.3779 -38.7214 -59.197 
-29 -89.991 -29 23 -67.8448 -77.2363 -38.8249 -62.4536 
-41 -85.0038 -26 22 -71.6089 -77.0856 -41.9738 -56.4772 
-39 -86.1871 -25 22 -69.6831 -77.5391 -36.1731 -56.6256 
-26 -89.5402 -28 23 -72.82 -82.3601 -38.2163 -59.1809 
-31 -80.947 -24 23 -78.646 -82.2853 -38.9881 -61.1387 
-29 -87.5793 -28 25 -71.2719 -79.1257 -38.441 -64.0004 
-31 -85.5947 -24 22 -76.9553 -83.8469 -32.9468 -55.645 
-29 -87.9432 -28 25 -71.3866 -79.5015 -37.9299 -63.4967 
-36 -86.2039 -26 22 -70.923 -79.485 -39.1954 -57.6186 
-29 -87.2932 -25 23 -75.9304 -82.1879 -33.9695 -56.4012 
-28 -86.4996 -25 22 -74.2824 -80.4377 -35.9827 -57.8585 
-31 -88.0981 -27 22 -69.8832 -77.8792 -36.966 -60.2968 
-28 -87.6473 -26 22 -74.8585 -83.003 -36.3574 -57.0241 
-29 -86.2897 -26 23 -78.1252 -82.1879 -40.1034 -56.4066 
-41 -82.8718 -26 23 -75.2768 -83.5238 -41.5654 -58.3854 
-33 -88.6793 -26 22 -75.1656 -76.6511 -39.1651 -53.0091 
-36 -88.1021 -27 22 -68.6675 -77.5391 -41.7777 -56.6364 
-31 -84.564 -25 23 -76.1982 -82.2978 -35.976 -59.6488 
-29 -84.9865 -27 23 -77.6014 -84.1115 -41.8401 -60.0784 
-25 -83.3973 -23 22 -72.5495 -83.3205 -36.0058 -60.6456 
-29 -88.708 -28 23 -74.0924 -82.3601 -38.5287 -59.1809 
-29 -87.5568 -28 23 -74.051 -82.0482 -41.7608 -59.7405 
-47 -79.6738 -23 22 -77.8159 -82.6481 -35.1215 -57.2297 
-31 -88.5049 -28 23 -75.7591 -83.2614 -38.8737 -57.6916 
-29 -87.3971 -26 22 -74.8566 -77.8635 -41.1288 -55.9513 
-35 -87.0668 -25 22 -74.898 -78.0166 -36.2481 -54.4967 
-25 -87.6408 -23 22 -72.1766 -80.5423 -31.1936 -56.174 
-33 -88.2351 -26 22 -75.8597 -79.0193 -37.5606 -54.0234 
-31 -90.1236 -26 22 -67.8948 -74.9301 -32.7836 -58.3608 
-28 -84.5094 -25 22 -77.0741 -82.8498 -39.0932 -58.4678 
-37 -88.5138 -27 22 -68.914 -75.0797 -41.9585 -56.0183 
-28 -89.6728 -25 22 -72.87 -80.0538 -32.1751 -55.0881 
-29 -88.3071 -29 23 -68.499 -77.5055 -42.5384 -63.9295 
-29 -88.5033 -26 22 -74.7475 -78.1753 -38.5139 -55.3917 
-26 -87.8563 -28 23 -73.4743 -82.6292 -41.9299 -60.6568 
-37 -82.0406 -25 22 -78.0095 -83.2721 -40.404 -58.4946 
-37 -89.4238 -30 23 -62.5564 -74.7217 -43.3681 -63.9965 
-29 -85.8954 -28 25 -71.9262 -79.3948 -42.1546 -65.4763 
-31 -83.9108 -24 22 -77.6096 -84.1161 -36.6604 -57.1209 
-33 -84.1662 -25 22 -71.6933 -79.9589 -39.82 -60.1133 
-35 -84.6237 -24 21 -65.2394 -80.913 -31.5419 -62.8118 
-29 -86.2593 -28 25 -72.0409 -79.7706 -41.6435 -64.9727 
-33 -83.662 -24 22 -72.4008 -79.3779 -38.7214 -59.1916 
-37 -86.1032 -28 23 -71.9955 -81.3277 -43.0409 -60.1454 
-29 -85.6093 -25 23 -76.5847 -82.457 -37.683 -57.8771 
-25 -87.3444 -25 21 -63.8818 -77.6158 -35.9766 -63.0075 
-37 -88.6736 -29 23 -68.4451 -79.2645 -42.9616 -59.8075 
-28 -84.8157 -25 22 -74.9366 -80.7068 -39.6963 -59.3344 
FEATURES_TXT_END_0
FEATURES_TXT_BEGIN_0 83 100 8 Distortion0_0 LM0_0 WordPenalty0_0 PhrasePenalty0_0 TranslationModel0_0 TranslationModel0_1 TranslationModel0_2 TranslationModel0_3 
-45 -168.47 -38 30 -75.7783 -88.6866 -43.4842 -77.8896 
-31 -173.499 -34 28 -68.4913 -82.3266 -36.0616 -72.7718 
-45 -168.005 -38 30 -76.7099 -90.8266 -43.4842 -78.1704 
-31 -173.034 -34 28 -69.4228 -84.4666 -36.0616 -73.0526 
-29 -174.201 -36 28 -67.2558 -79.0047 -42.4648 -75.1883 
-53 -168.864 -38 29 -71.3101 -85.643 -43.1683 -77.1462 
-45 -168.845 -38 30 -75.9748 -90.449 -42.6369 -77.9376 
-31 -173.873 -34 28 -68.6877 -84.0889 -35.2143 -72.8198 
-29 -173.737 -36 28 -68.1874 -81.1446 -42.4648 -75.4691 
-53 -168.4 -38 29 -72.2417 -87.783 -43.1683 -77.427 
-41 -167.698 -33 28 -76.2243 -85.683 -36.0395 -74.0083 
-45 -168.38 -38 30 -76.9063 -92.5889 -42.6369 -78.2184 
-31 -173.408 -34 28 -69.6193 -86.2289 -35.2143 -73.1006 
-29 -174.576 -36 28 -67.4522 -80.767 -41.6175 -75.2363 
-53 -169.239 -38 29 -71.5065 -87.4053 -42.321 -77.1942 
-23 -175.014 -34 28 -68.7302 -85.8329 -35.3685 -73.8906 
-31 -174.257 -34 28 -68.8696 -84.1394 -34.963 -72.7613 
-39 -168.401 -35 28 -74.9889 -82.3611 -42.4427 -76.4248 
-27 -174.441 -34 28 -70.1525 -84.1394 -36.2459 -72.7613 
-59 -166.433 -37 32 -72.2751 -85.6678 -42.6053 -79.3408 
-63 -160.131 -38 32 -81.2067 -93.9536 -49.7006 -82.1243 
-43 -170.687 -37 30 -77.3457 -88.7016 -39.2388 -75.451 
-29 -174.111 -36 28 -68.3838 -82.9069 -41.6175 -75.5171 
-53 -168.774 -38 29 -72.4381 -89.5453 -42.321 -77.475 
-23 -174.55 -34 28 -69.6617 -87.9728 -35.3685 -74.1714 
-41 -168.073 -33 28 -76.4207 -87.4453 -35.1922 -74.0563 
-31 -173.792 -34 28 -69.8011 -86.2793 -34.963 -73.0421 
-27 -173.976 -34 28 -71.084 -86.2793 -36.2459 -73.0421 
-45 -168.657 -37 29 -75.014 -90.5898 -42.5734 -77.1178 
-43 -170.223 -37 30 -78.2773 -90.8416 -39.2388 -75.7318 
-49 -161.37 -38 31 -85.8559 -95.9498 -49.0437 -82.8705 
-29 -174.96 -36 28 -67.6341 -80.8174 -41.3662 -75.1777 
-63 -165.652 -38 32 -69.9832 -79.1152 -49.5389 -80.8896 
-49 -161.55 -38 31 -88.375 -96.9351 -49.2528 -81.2287 
-29 -170.519 -35 29 -77.9371 -89.5125 -40.9055 -75.4066 
-45 -168.193 -37 29 -75.9456 -92.7298 -42.5734 -77.3986 
-31 -173.743 -34 28 -68.7302 -85.8329 -35.3685 -73.8906 
-23 -175.389 -34 28 -68.9266 -87.5952 -34.5212 -73.9387 
-57 -167.873 -37 30 -71.9283 -83.5444 -41.2043 -78.4208 
-61 -161.571 -38 30 -80.8599 -91.8303 -48.2996 -81.2043 
-29 -174.799 -35 29 -71.887 -83.1622 -36.3731 -74.1001 
-49 -160.905 -38 31 -86.7875 -98.0898 -49.0437 -83.1513 
-31 -174.631 -34 28 -69.066 -85.9017 -34.1157 -72.8093 
-39 -168.775 -35 28 -75.1853 -84.1234 -41.5954 -76.4728 
-29 -174.495 -36 28 -68.5657 -82.9574 -41.3662 -75.4585 
-27 -174.815 -34 28 -70.3489 -85.9017 -35.3986 -72.8093 
-59 -166.808 -37 32 -72.4716 -87.4301 -41.758 -79.3888 
-33 -169.214 -33 28 -76.4632 -89.1893 -35.3463 -75.1271 
-63 -160.505 -38 32 -81.4032 -95.716 -48.8533 -82.1723 
-31 -173.722 -33 28 -68.8696 -84.2935 -34.963 -72.3504 
-43 -171.062 -37 30 -77.5422 -90.464 -38.3915 -75.499 
-41 -168.457 -33 28 -76.6026 -87.4958 -34.9409 -73.9978 
-49 -161.085 -38 31 -89.3066 -99.075 -49.2528 -81.5095 
-29 -170.054 -35 29 -78.8687 -91.6524 -40.9055 -75.6874 
-37 -168.641 -33 28 -77.8855 -87.4958 -36.2238 -73.9978 
-31 -173.564 -35 28 -71.6824 -84.5601 -37.5375 -74.5377 
-31 -173.279 -34 28 -69.6617 -87.9728 -35.3685 -74.1714 
-23 -174.924 -34 28 -69.8582 -89.7352 -34.5212 -74.2195 
-63 -166.112 -37 32 -72.2751 -85.6678 -42.6053 -79.3408 
-53 -164.887 -36 30 -85.0788 -92.058 -39.2166 -76.6875 
-39 -168.955 -36 30 -79.2005 -91.6685 -38.367 -77.8465 
-29 -174.334 -35 29 -72.8185 -85.3021 -36.3731 -74.3808 
-53 -169.051 -37 28 -70.5458 -87.5462 -42.2575 -76.3744 
-31 -174.167 -34 28 -69.9976 -88.0416 -34.1157 -73.0901 
-41 -169.343 -36 30 -78.801 -89.5704 -41.8658 -75.2194 
-27 -174.351 -34 28 -71.2805 -88.0416 -35.3986 -73.0901 
-45 -169.032 -37 29 -75.2104 -92.3521 -41.7261 -77.1658 
-53 -166.629 -36 32 -78.3557 -86.3323 -41.0465 -77.9668 
-53 -167.513 -37 32 -77.6626 -86.3323 -42.8383 -77.9722 
-39 -169.979 -38 30 -77.9336 -89.0129 -42.8974 -79.3498 
-31 -173.257 -33 28 -69.8011 -86.4335 -34.963 -72.6312 
-43 -170.597 -37 30 -78.4737 -92.6039 -38.3915 -75.7798 
-33 -173.468 -34 29 -71.3747 -85.4477 -35.2022 -73.6017 
-49 -161.744 -38 31 -86.0523 -97.7122 -48.1964 -82.9185 
-29 -175.334 -36 28 -67.8305 -82.5797 -40.5189 -75.2258 
-31 -173.099 -35 28 -72.6139 -86.7001 -37.5375 -74.8185 
-65 -165.064 -36 31 -72.4867 -85.827 -43.7466 -77.3086 
-31 -174.082 -34 28 -68.7302 -85.8329 -35.3685 -73.8906 
-23 -175.773 -34 28 -69.1084 -87.6456 -34.2698 -73.8801 
-39 -168.49 -36 30 -80.1321 -93.8084 -38.367 -78.1273 
-45 -168.744 -38 29 -75.0994 -91.2191 -42.9217 -79.8383 
-29 -174.424 -35 28 -67.6341 -80.9716 -41.3662 -74.7669 
-69 -164.478 -37 33 -77.4196 -87.0265 -42.4505 -78.288 
-59 -155.57 -37 31 -93.5889 -99.3062 -49.0216 -84.107 
-29 -177.122 -37 28 -65.2998 -79.0047 -42.4648 -75.1937 
-53 -168.587 -37 28 -71.4773 -89.6862 -42.2575 -76.6552 
-61 -163.047 -37 32 -78.5588 -88.2655 -46.1019 -80.8538 
-63 -166.026 -38 32 -70.1796 -80.8775 -48.6916 -80.9376 
-41 -168.879 -36 30 -79.7326 -91.7103 -41.8658 -75.5002 
-49 -161.924 -38 31 -88.5714 -98.6974 -48.4055 -81.2767 
-29 -170.894 -35 29 -78.1336 -91.2748 -40.0582 -75.4546 
-39 -169.159 -35 28 -75.3671 -84.1738 -41.3441 -76.4142 
-29 -175.665 -35 29 -69.0424 -83.5191 -34.4272 -75.4153 
-29 -173.699 -35 29 -76.0492 -87.7083 -38.0131 -73.0739 
-55 -169.806 -37 32 -69.7801 -77.1821 -44.4836 -78.0026 
-27 -175.199 -34 28 -70.5307 -85.9521 -35.1473 -72.7508 
-25 -176.542 -35 28 -69.1174 -82.3266 -38.885 -72.7772 
-45 -168.567 -37 29 -76.142 -94.4921 -41.7261 -77.4466 
-55 -170.69 -38 32 -69.087 -77.1821 -46.2753 -78.008 
-53 -166.164 -36 32 -79.2873 -88.4723 -41.0465 -78.2476 
FEATURES_TXT_END_0
FEATURES_TXT_BEGIN_0 84 20 8 Distortion0_0 LM0_0 WordPenalty0_0 PhrasePenalty0_0 TranslationModel0_0 TranslationModel0_1 TranslationModel0_2 TranslationModel0_3 
-92 -218.129 -65 53 -145.861 -142.683 -76.6433 -124.373 
-92 -219.234 -66 53 -145.119 -142.683 -77.8472 -124.378 
-96 -218.659 -65 53 -145.316 -142.102 -75.5447 -123.457 
-92 -220.04 -66 53 -143.807 -142.683 -77.3364 -124.378 
-94 -218.381 -64 54 -146.919 -142.452 -75.2291 -122.399 
-96 -219.764 -66 53 -144.574 -142.102 -76.7486 -123.462 
-92 -221.146 -67 53 -143.065 -142.683 -78.5404 -124.384 
-94 -219.486 -65 54 -146.177 -142.452 -76.4331 -122.404 
-92 -220.134 -65 53 -144.846 -140.899 -74.8515 -123.543 
-92 -221.239 -66 53 -144.104 -140.899 -76.0555 -123.548 
-98 -218.911 -64 54 -146.374 -141.871 -74.1305 -121.482 
-92 -218.217 -64 53 -145.699 -142.683 -74.8773 -124.368 
-94 -220.293 -65 54 -144.865 -142.452 -75.9222 -122.404 
-92 -219.144 -64 53 -146.666 -142.452 -74.6825 -122.399 
-98 -220.016 -65 54 -145.632 -141.871 -75.3344 -121.488 
-92 -219.322 -65 53 -144.957 -142.683 -76.0812 -124.373 
-94 -221.398 -66 54 -144.123 -142.452 -77.1262 -122.409 
-98 -217.697 -65 53 -145.861 -142.683 -76.6433 -124.373 
-92 -220.249 -65 53 -145.924 -142.452 -75.8865 -122.404 
-98 -218.803 -66 53 -145.119 -142.683 -77.8472 -124.378 
FEATURES_TXT_END_0
FEATURES_TXT_BEGIN_0 85 100 8 Distortion0_0 LM0_0 WordPenalty0_0 PhrasePenalty0_0 TranslationModel0_0 TranslationModel0_1 TranslationModel0_2 TranslationModel0_3 
-31 -130.552 -27 24 -56.3444 -64.2096 -21.9414 -45.146 
-42 -128.618 -30 25 -51.3021 -63.9721 -23.1764 -53.5636 
-42 -127.647 -30 27 -56.0546 -65.0498 -27.9315 -51.5228 
-31 -131.55 -27 23 -54.1852 -63.9561 -20.2889 -45.2277 
-42 -129.615 -30 24 -49.1429 -63.7185 -21.5239 -53.6453 
-42 -128.645 -30 26 -53.8953 -64.7962 -26.279 -51.6045 
-31 -128.775 -27 24 -60.8651 -68.2661 -22.7215 -45.7945 
-33 -130.552 -27 24 -56.3444 -64.2096 -21.9414 -45.146 
-32 -132.607 -28 25 -54.5529 -63.3563 -23.6822 -44.6647 
-42 -126.841 -30 25 -55.8229 -68.0285 -23.9566 -54.212 
-42 -125.87 -30 27 -60.5753 -69.1062 -28.7117 -52.1713 
-44 -128.618 -30 25 -51.3021 -63.9721 -23.1764 -53.5636 
-31 -131.16 -27 24 -58.6061 -63.8063 -22.6345 -43.6482 
-44 -127.647 -30 27 -56.0546 -65.0498 -27.9315 -51.5228 
-33 -128.562 -26 23 -60.9934 -63.4033 -22.2488 -44.2012 
-44 -126.628 -29 24 -55.9512 -63.1658 -23.4838 -52.6187 
-44 -125.657 -29 26 -60.7036 -64.2435 -28.239 -50.578 
-33 -131.55 -27 23 -54.1852 -63.9561 -20.2889 -45.2277 
-32 -133.605 -28 24 -52.3937 -63.1028 -22.0297 -44.7464 
-33 -128.253 -27 25 -63.7968 -68.2661 -22.7077 -45.7945 
-21 -132.521 -27 24 -57.2811 -65.5672 -22.7372 -45.6641 
-35 -129.758 -28 25 -57.1714 -62.6867 -25.7185 -47.2249 
-44 -129.615 -30 24 -49.1429 -63.7185 -21.5239 -53.6453 
-28 -133.972 -28 24 -56.3251 -62.1744 -20.8139 -44.6842 
-31 -132.158 -27 23 -56.4469 -63.5527 -20.982 -43.7299 
-44 -128.645 -30 26 -53.8953 -64.7962 -26.279 -51.6045 
-33 -128.775 -27 24 -60.8651 -68.2661 -22.7215 -45.7945 
-44 -126.318 -30 26 -58.7545 -68.0285 -23.9427 -54.212 
-44 -125.347 -30 28 -63.507 -69.1062 -28.6979 -52.1713 
-32 -130.586 -30 25 -52.2389 -65.3297 -23.9722 -54.0817 
-46 -127.824 -31 26 -52.1291 -62.4491 -26.9535 -55.6424 
-33 -129.56 -26 22 -58.8342 -63.1498 -20.5963 -44.2829 
-32 -130.831 -28 25 -59.0736 -67.4128 -24.4624 -45.3131 
-32 -129.616 -30 27 -56.9913 -66.4073 -28.7273 -52.0409 
-46 -126.853 -31 28 -56.8815 -63.5268 -31.7086 -53.6017 
-34 -132.607 -28 25 -54.5529 -63.3563 -23.6822 -44.6647 
-44 -126.841 -30 25 -55.8229 -68.0285 -23.9566 -54.212 
-28 -135.264 -31 23 -47.0292 -60.1995 -21.5247 -53.0778 
-42 -127.576 -30 27 -55.9542 -64.8773 -29.0476 -52.6434 
-31 -129.383 -27 24 -63.1269 -67.8627 -23.4147 -44.2966 
-44 -125.87 -30 27 -60.5753 -69.1062 -28.7117 -52.1713 
-44 -127.626 -29 23 -53.792 -62.9122 -21.8313 -52.7004 
-33 -131.16 -27 24 -58.6061 -63.8063 -22.6345 -43.6482 
-44 -126.655 -29 25 -58.5444 -63.9899 -26.5865 -50.6597 
-33 -126.786 -26 23 -65.5142 -67.4598 -23.029 -44.8496 
-24 -134.829 -28 24 -53.0723 -63.5562 -22.5648 -45.356 
-34 -130.618 -27 24 -59.2019 -62.55 -23.9896 -43.7198 
-31 -130.703 -27 24 -56.244 -64.0372 -23.0574 -46.2666 
-44 -124.851 -29 24 -60.4719 -67.2223 -24.264 -53.2671 
-33 -127.133 -30 26 -65.3435 -66.7814 -29.4354 -51.7265 
-28 -134.622 -29 24 -51.9941 -63.5175 -23.3606 -46.6324 
-44 -123.881 -29 26 -65.2244 -68.2999 -29.0191 -51.2264 
-21 -133.518 -27 23 -55.1219 -65.3137 -21.0847 -45.7458 
-35 -130.756 -28 24 -55.0122 -62.4331 -24.066 -47.3065 
-28 -134.969 -28 23 -54.1659 -61.9208 -19.1614 -44.7659 
-33 -129.17 -26 23 -63.2552 -63 -22.942 -42.7034 
-30 -132.142 -27 24 -61.859 -62.4245 -20.8836 -42.9764 
-44 -125.199 -33 27 -60.3013 -66.5438 -30.6704 -60.144 
-42 -134.522 -31 26 -46.8677 -59.2078 -21.3441 -51.3348 
-44 -124.228 -33 29 -65.0537 -67.6215 -35.4256 -58.1033 
-32 -131.584 -30 24 -50.0797 -65.0761 -22.3197 -54.1634 
-46 -128.822 -31 25 -49.9699 -62.1956 -25.301 -55.7241 
-31 -133.058 -28 23 -50.9432 -62.9646 -18.7905 -48.7418 
-32 -130.613 -30 26 -54.8321 -66.1538 -27.0749 -52.1226 
-46 -127.851 -31 27 -54.7223 -63.2733 -30.0561 -53.6833 
-34 -133.605 -28 24 -52.3937 -63.1028 -22.0297 -44.7464 
-21 -130.744 -27 24 -61.8018 -69.6237 -23.5174 -46.3126 
-35 -127.981 -28 25 -61.6921 -66.7431 -26.4986 -47.8733 
-28 -132.195 -28 24 -60.8458 -66.2309 -21.594 -45.3326 
-28 -136.262 -31 22 -44.87 -59.946 -19.8722 -53.1595 
-42 -128.573 -30 26 -53.795 -64.6238 -27.3951 -52.7251 
-23 -132.521 -27 24 -57.2811 -65.5672 -22.7372 -45.6641 
-37 -129.758 -28 25 -57.1714 -62.6867 -25.7185 -47.2249 
-30 -133.972 -28 24 -56.3251 -62.1744 -20.8139 -44.6842 
-34 -130.308 -28 26 -62.0053 -67.4128 -24.4485 -45.3131 
-33 -132.158 -27 23 -56.4469 -63.5527 -20.982 -43.7299 
-22 -134.576 -28 25 -55.4896 -64.7139 -24.478 -45.1828 
-36 -131.814 -29 26 -55.3799 -61.8333 -27.4593 -46.7435 
-32 -128.81 -30 25 -56.7596 -69.3861 -24.7524 -54.7301 
-46 -126.047 -31 26 -56.6499 -66.5056 -27.7336 -56.2908 
-33 -125.847 -30 26 -67.06 -68.1518 -30.3326 -52.9529 
-32 -127.839 -30 27 -61.512 -70.4638 -29.5075 -52.6894 
-28 -136.077 -31 24 -48.2623 -57.9525 -22.6566 -52.0743 
-33 -128.86 -27 25 -66.0585 -67.8627 -23.4009 -44.2966 
-46 -125.076 -31 28 -61.4023 -67.5833 -32.4888 -54.2501 
-34 -130.586 -30 25 -52.2389 -65.3297 -23.9722 -54.0817 
-48 -127.824 -31 26 -52.1291 -62.4491 -26.9535 -55.6424 
-34 -130.831 -28 25 -59.0736 -67.4128 -24.4624 -45.3131 
-24 -135.826 -28 23 -50.9131 -63.3026 -20.9123 -45.4377 
-33 -126.573 -30 26 -65.7776 -67.3379 -30.1769 -52.5103 
-21 -133.128 -27 24 -59.5428 -65.1638 -23.4303 -44.1663 
-34 -129.616 -30 27 -56.9913 -66.4073 -28.7273 -52.0409 
-35 -130.366 -28 25 -59.4331 -62.2833 -26.4116 -45.727 
-48 -126.853 -31 28 -56.8815 -63.5268 -31.7086 -53.6017 
-28 -133.487 -31 23 -51.55 -64.256 -22.3048 -53.7262 
-42 -125.799 -30 27 -60.4749 -68.9338 -29.8277 -53.2918 
-26 -132.999 -27 24 -58.6061 -63.8063 -22.6345 -43.6482 
-34 -131.615 -27 23 -57.0427 -62.2965 -22.3371 -43.8015 
-31 -131.701 -27 23 -54.0848 -63.7836 -21.4049 -46.3483 
-32 -132.738 -28 25 -53.4951 -63.6911 -24.193 -46.1631 
FEATURES_TXT_END_0
FEATURES_TXT_BEGIN_0 86 100 8 Distortion0_0 LM0_0 WordPenalty0_0 PhrasePenalty0_0 TranslationModel0_0 TranslationModel0_1 TranslationModel0_2 TranslationModel0_3 
-50 -135.312 -32 29 -92.4096 -105.695 -49.0729 -74.5934 
-50 -135.417 -32 29 -92.2554 -105.893 -48.5621 -74.8178 
-56 -130.05 -32 30 -98.0898 -107.94 -55.1716 -76.8459 
-50 -140.408 -34 28 -81.7677 -100.203 -46.4472 -77.2438 
-52 -135.32 -32 29 -98.2119 -110.122 -50.5901 -70.0747 
-56 -130.155 -32 30 -97.9356 -108.138 -54.6608 -77.0703 
-54 -138.192 -32 29 -85.0982 -104.626 -43.4621 -74.9722 
-54 -138.296 -32 29 -84.944 -104.824 -42.9513 -75.1966 
-50 -138.416 -33 29 -89.4251 -101.925 -50.9085 -73.2231 
-54 -139.042 -32 29 -84.3379 -105.365 -41.5162 -74.7694 
-54 -139.146 -32 29 -84.1838 -105.562 -41.0054 -74.9938 
-50 -136.907 -33 30 -91.8416 -102.766 -50.2584 -75.8646 
-56 -135.146 -34 29 -87.4479 -102.448 -52.5459 -79.4963 
-58 -130.058 -32 30 -103.892 -112.367 -56.6888 -72.3272 
-50 -137.011 -33 30 -91.6874 -102.964 -49.7475 -76.0891 
-60 -132.93 -32 30 -90.7784 -106.872 -49.5609 -77.2247 
-46 -142.086 -34 28 -83.2219 -100.994 -45.3486 -76.2024 
-60 -133.034 -32 30 -90.6242 -107.069 -49.05 -77.4491 
-56 -133.154 -33 30 -95.1052 -104.17 -57.0073 -75.4757 
-60 -133.78 -32 30 -90.0181 -107.61 -47.6149 -77.0219 
-50 -136.594 -32 29 -93.8638 -106.486 -47.9743 -73.5519 
-50 -139.348 -33 28 -86.5239 -104.081 -47.5999 -74.3129 
-60 -133.884 -32 30 -89.8639 -107.808 -47.1041 -77.2463 
-52 -137.302 -33 30 -87.8374 -101.048 -50.1144 -77.0899 
-50 -136.698 -32 29 -93.7096 -106.683 -47.4635 -73.7764 
-52 -134.461 -32 29 -100.883 -112.781 -51.1297 -70.6287 
-52 -137.406 -33 30 -87.6832 -101.246 -49.6036 -77.3143 
-50 -134.194 -32 29 -93.161 -106.247 -51.6727 -76.6118 
-56 -131.645 -33 31 -97.5217 -105.011 -56.3571 -78.1171 
-54 -139.237 -32 29 -84.8507 -102.579 -43.4766 -74.66 
-50 -142.002 -35 29 -81.1997 -97.2739 -47.6327 -78.5151 
-50 -141.935 -33 28 -82.0948 -99.902 -42.7095 -75.2592 
-52 -136.914 -33 30 -97.6439 -107.193 -51.7755 -71.3459 
-50 -134.298 -32 29 -93.0069 -106.445 -51.1619 -76.8363 
-56 -131.749 -33 31 -97.3676 -105.209 -55.8463 -78.3416 
-54 -139.341 -32 29 -84.6966 -102.777 -42.9658 -74.8845 
-54 -139.786 -33 30 -84.5302 -101.697 -44.6476 -76.2434 
-54 -140.086 -32 29 -84.0904 -103.317 -41.5307 -74.4572 
-50 -138.573 -34 30 -87.8145 -103.805 -49.5121 -77.8372 
-52 -136.824 -34 29 -88.9021 -103.239 -51.4473 -78.4549 
-50 -135.222 -32 29 -95.9194 -107.309 -50.8221 -73.9299 
-54 -139.891 -33 30 -84.376 -101.895 -44.1367 -76.4679 
-50 -140.01 -34 30 -88.8571 -98.9958 -52.094 -74.4944 
-54 -140.19 -32 29 -83.9363 -103.515 -41.0199 -74.6817 
-54 -140.636 -33 30 -83.7699 -102.436 -42.7017 -76.0406 
-50 -138.677 -34 30 -87.6604 -104.003 -49.0013 -78.0617 
-50 -135.326 -32 29 -95.7653 -107.507 -50.3113 -74.1544 
-52 -135.485 -32 29 -100.112 -110.319 -50.6854 -70.2991 
-56 -131.332 -32 30 -99.5439 -108.731 -54.073 -75.8044 
-56 -134.086 -33 29 -92.2041 -106.326 -53.6986 -76.5654 
-54 -140.74 -33 30 -83.6158 -102.633 -42.1908 -76.2651 
-58 -132.04 -33 31 -93.5175 -103.294 -56.2132 -79.3424 
-50 -141.689 -34 28 -83.2219 -100.994 -45.3486 -76.2024 
-52 -136.601 -32 29 -99.6661 -110.913 -49.4915 -69.0332 
-50 -139.633 -33 28 -86.7974 -103.602 -46.7349 -74.8901 
-56 -131.436 -32 30 -99.3898 -108.929 -53.5622 -76.0289 
-58 -129.199 -32 30 -106.564 -115.027 -57.2284 -72.8812 
-54 -139.474 -32 29 -86.5524 -105.417 -42.3635 -73.9307 
-58 -132.144 -33 31 -93.3634 -103.491 -55.7023 -79.5669 
-56 -128.932 -32 30 -98.8412 -108.492 -57.7714 -78.8643 
-50 -139.29 -34 28 -82.5191 -100.755 -49.047 -79.2623 
-60 -133.975 -32 30 -90.5309 -104.825 -49.5754 -76.9125 
-50 -139.737 -33 28 -86.6433 -103.799 -46.2241 -75.1146 
-52 -134.202 -32 29 -98.9633 -110.674 -53.1899 -72.0931 
-56 -136.74 -35 30 -86.8799 -99.5192 -53.7314 -80.7676 
-54 -139.578 -32 29 -86.3982 -105.615 -41.8527 -74.1552 
-48 -137.538 -32 29 -99.6661 -110.913 -49.4915 -69.0332 
-42 -140.378 -33 30 -93.4444 -105.347 -50.0255 -72.6404 
-46 -142.3 -34 28 -85.1867 -102.982 -45.2664 -75.5591 
-56 -136.673 -33 29 -87.775 -102.147 -48.8083 -77.5118 
-58 -131.652 -33 31 -103.324 -109.438 -57.8742 -73.5984 
-56 -129.037 -32 30 -98.687 -108.69 -57.2606 -79.0888 
-50 -139.697 -33 29 -90.8792 -102.716 -49.8099 -72.1817 
-54 -137.074 -32 29 -85.8496 -105.179 -46.0619 -76.9906 
-54 -140.323 -32 29 -85.7921 -106.155 -40.4176 -73.7279 
-54 -137.84 -35 30 -87.1706 -102.117 -51.6186 -79.9771 
-60 -134.079 -32 30 -90.3767 -105.022 -49.0645 -77.137 
-50 -137.64 -32 29 -94.4548 -105.323 -51.1962 -70.8694 
-60 -134.524 -33 31 -90.2103 -103.943 -50.7463 -78.4959 
-50 -138.572 -32 29 -93.1261 -105.55 -49.7691 -70.4548 
-60 -134.824 -32 30 -89.7706 -105.563 -47.6294 -76.7097 
-46 -141.263 -34 28 -86.572 -103.646 -45.6459 -76.6078 
-56 -133.311 -34 31 -93.4947 -106.051 -55.6109 -80.0898 
-50 -140.915 -32 29 -86.3049 -103.37 -42.378 -73.6185 
-54 -137.178 -32 29 -85.6954 -105.376 -45.5511 -77.2151 
-54 -140.427 -32 29 -85.6379 -106.353 -39.9068 -73.9524 
-50 -143.669 -36 29 -77.1727 -98.3132 -46.8864 -80.4877 
-46 -143.681 -35 29 -82.6539 -98.0648 -46.534 -77.4736 
-54 -137.944 -35 30 -87.0164 -102.315 -51.1078 -80.2015 
-50 -140.769 -34 29 -82.8905 -100.42 -48.1975 -77.6171 
-50 -137.298 -33 29 -90.1765 -102.477 -53.5083 -75.2416 
-54 -137.924 -32 29 -85.0893 -105.917 -44.116 -76.7878 
-46 -143.613 -33 28 -83.549 -100.693 -41.6109 -74.2178 
-52 -138.581 -34 30 -93.6168 -108.232 -51.0293 -73.3185 
-50 -137.745 -32 29 -94.3006 -105.521 -50.6854 -71.0939 
-60 -134.629 -33 31 -90.0562 -104.14 -50.2355 -78.7204 
-52 -138.925 -33 29 -85.6083 -104.69 -47.0217 -76.4761 
-46 -140.634 -33 29 -90.8792 -102.716 -49.8099 -72.1817 
-50 -140.318 -34 28 -85.2776 -101.817 -48.1964 -76.5804 
-56 -134.748 -34 31 -94.5372 -101.241 -58.1927 -76.7469 
FEATURES_TXT_END_0
FEATURES_TXT_BEGIN_0 87 100 8 Distortion0_0 LM0_0 WordPenalty0_0 PhrasePenalty0_0 TranslationModel0_0 TranslationModel0_1 TranslationModel0_2 TranslationModel0_3 
-27 -125.305 -33 25 -62.1448 -75.4774 -39.6989 -70.4939 
-39 -122.823 -33 25 -62.1448 -75.4774 -39.6989 -70.4939 
-27 -125.273 -32 25 -63.6264 -74.8094 -41.3084 -67.0349 
-53 -119.797 -33 26 -73.3331 -78.6701 -40.8758 -64.7731 
-39 -122.791 -32 25 -63.6264 -74.8094 -41.3084 -67.0349 
-45 -120.388 -33 26 -70.2514 -77.4977 -43.7522 -67.006 
-53 -124.775 -34 25 -68.4729 -74.4996 -37.5107 -62.2395 
-27 -120.697 -31 25 -64.7732 -76.907 -44.1416 -70.9294 
-27 -125.574 -31 25 -59.6406 -73.707 -35.7529 -69.5534 
-39 -123.092 -31 25 -59.6406 -73.707 -35.7529 -69.5534 
-27 -125.541 -30 25 -61.1222 -73.039 -37.3623 -66.0944 
-53 -120.066 -31 26 -70.829 -76.8997 -36.9298 -63.8326 
-39 -123.059 -30 25 -61.1222 -73.039 -37.3623 -66.0944 
-45 -120.656 -31 26 -67.7472 -75.7272 -39.8061 -66.0655 
-53 -125.043 -32 25 -65.9688 -72.7292 -33.5647 -61.299 
-27 -120.966 -29 25 -62.269 -75.1366 -40.1955 -69.9889 
-63 -124.217 -35 25 -66.9979 -74.4996 -38.8191 -62.2449 
-53 -120.804 -34 26 -73.4304 -78.6701 -42.8773 -64.7785 
-37 -131.699 -35 24 -50.9899 -68.8164 -34.0312 -69.2987 
-35 -128.006 -33 24 -58.1617 -70.9689 -35.6805 -67.7895 
-49 -129.217 -35 24 -50.9899 -68.8164 -34.0312 -69.2987 
-47 -125.524 -33 24 -58.1617 -70.9689 -35.6805 -67.7895 
-37 -131.666 -34 24 -52.4715 -68.1484 -35.6407 -65.8397 
-35 -127.974 -32 24 -59.6433 -70.3009 -37.2899 -64.3304 
-49 -129.184 -34 24 -52.4715 -68.1484 -35.6407 -65.8397 
-47 -125.492 -32 24 -59.6433 -70.3009 -37.2899 -64.3304 
-55 -126.781 -35 25 -59.0965 -70.8367 -38.0845 -65.8108 
-53 -123.089 -33 25 -66.2683 -72.9891 -39.7337 -64.3016 
-33 -130.192 -34 25 -50.8487 -67.9257 -37.0307 -70.7913 
-33 -130.484 -34 25 -48.6485 -66.5501 -36.7032 -71.737 
-37 -127.09 -33 24 -53.6183 -70.2461 -38.4739 -69.7342 
-35 -123.398 -31 24 -60.7901 -72.3985 -40.1231 -68.225 
-35 -133.556 -34 24 -45.6152 -63.2927 -32.7627 -68.9455 
-63 -124.485 -33 25 -64.4937 -72.7292 -34.873 -61.3044 
-39 -130.652 -34 24 -51.8763 -67.7105 -32.0696 -69.3022 
-39 -121.637 -33 25 -77.4674 -80.3542 -46.0102 -62.5007 
-45 -129.047 -34 25 -48.6188 -67.0317 -32.9586 -71.6715 
-33 -130.16 -33 25 -52.3303 -67.2577 -38.6401 -67.3323 
-33 -130.451 -33 25 -50.1301 -65.8821 -38.3126 -68.2779 
-53 -121.072 -32 26 -70.9262 -76.8997 -38.9313 -63.838 
-35 -133.523 -33 24 -47.0968 -62.6247 -34.3721 -65.4865 
-43 -120.756 -33 26 -78.1528 -81.1605 -44.4868 -63.4401 
-53 -122.615 -34 25 -71.0391 -76.2145 -39.5122 -64.7894 
-39 -130.619 -33 24 -53.3579 -67.0425 -33.679 -65.8431 
-27 -130.855 -34 25 -50.6118 -67.8012 -38.0895 -71.65 
-45 -129.014 -33 25 -50.1004 -66.3637 -34.568 -68.2125 
-31 -127.951 -34 25 -56.873 -72.219 -37.3964 -72.0066 
-33 -125.584 -32 25 -53.4771 -69.3553 -41.4733 -71.2268 
-33 -125.875 -32 25 -51.2769 -67.9797 -41.1459 -72.1725 
-37 -126.346 -34 26 -53.6155 -71.5402 -38.2853 -74.376 
-35 -128.947 -32 24 -48.2436 -64.7223 -37.2054 -69.381 
-27 -130.822 -33 25 -52.0934 -67.1332 -39.6989 -68.1909 
-39 -126.044 -32 24 -54.5048 -69.1401 -36.5122 -69.7377 
-37 -131.967 -33 24 -48.4857 -67.046 -30.0852 -68.3582 
-35 -128.275 -31 24 -55.6575 -69.1985 -31.7344 -66.849 
-31 -127.919 -33 25 -58.3546 -71.551 -39.0058 -68.5476 
-37 -126.313 -33 26 -55.0971 -70.8722 -39.8948 -70.917 
-49 -123.572 -33 25 -61.8597 -73.9562 -37.5394 -68.276 
-49 -129.486 -33 24 -48.4857 -67.046 -30.0852 -68.3582 
-47 -125.793 -31 24 -55.6575 -69.1985 -31.7344 -66.849 
-43 -121.411 -32 25 -62.8106 -75.9622 -40.4874 -69.9946 
-37 -131.935 -32 24 -49.9673 -66.378 -31.6946 -64.8992 
-35 -128.242 -30 24 -57.1391 -68.5305 -33.3439 -63.3899 
-27 -126.246 -32 25 -53.2403 -69.2308 -42.5322 -72.0855 
-49 -128.549 -34 24 -56.9995 -69.7857 -34.1743 -65.7425 
-31 -123.343 -32 25 -59.5014 -73.6486 -41.839 -72.4421 
-49 -129.453 -32 24 -49.9673 -66.378 -31.6946 -64.8992 
-47 -125.76 -30 24 -57.1391 -68.5305 -33.3439 -63.3899 
-55 -127.05 -33 25 -56.5923 -69.0663 -34.1384 -64.8703 
-53 -123.357 -31 25 -63.7641 -71.2187 -35.7877 -63.361 
-43 -121.378 -31 25 -64.2922 -75.2942 -42.0968 -66.5356 
-33 -130.461 -32 25 -48.3445 -66.1553 -33.0846 -69.8508 
-33 -130.752 -32 25 -46.1443 -64.7797 -32.7572 -70.7965 
-27 -126.274 -32 23 -65.6731 -75.6403 -38.6237 -65.9982 
-37 -127.359 -31 24 -51.1141 -68.4757 -34.5278 -68.7937 
-35 -123.667 -29 24 -58.2859 -70.6281 -36.1771 -67.2845 
-35 -133.824 -32 24 -43.111 -61.5223 -28.8167 -68.005 
-39 -130.921 -32 24 -49.3722 -65.9401 -28.1235 -68.3617 
-39 -121.906 -31 25 -74.9633 -78.5838 -42.0641 -61.5602 
-45 -129.315 -32 25 -46.1147 -65.2612 -29.0125 -70.731 
-33 -130.428 -31 25 -49.8261 -65.4873 -34.6941 -66.3918 
-33 -130.719 -31 25 -47.6259 -64.1117 -34.3666 -67.3374 
-35 -133.792 -31 24 -44.5926 -60.8543 -30.4261 -64.546 
-43 -121.025 -31 26 -75.6486 -79.3901 -40.5407 -62.4996 
-53 -122.883 -32 25 -68.5349 -74.4441 -35.5662 -63.8489 
-39 -130.888 -31 24 -50.8538 -65.2721 -29.733 -64.9026 
-27 -131.123 -32 25 -48.1077 -66.0308 -34.1434 -70.7095 
-45 -129.283 -31 25 -47.5963 -64.5933 -30.6219 -67.272 
-31 -128.22 -32 25 -54.3688 -70.4486 -33.4503 -71.0661 
-33 -125.853 -30 25 -50.9729 -67.5849 -37.5273 -70.2863 
-33 -126.144 -30 25 -48.7727 -66.2093 -37.1998 -71.232 
-37 -126.614 -32 26 -51.1113 -69.7698 -34.3393 -73.4355 
-35 -129.216 -30 24 -45.7394 -62.9519 -33.2593 -68.4405 
-27 -131.091 -31 25 -49.5893 -65.3628 -35.7529 -67.2504 
-39 -126.312 -30 24 -52.0006 -67.3697 -32.5662 -68.7972 
-31 -128.187 -31 25 -55.8504 -69.7806 -35.0597 -67.6071 
-37 -126.582 -31 26 -52.5929 -69.1018 -35.9487 -69.9765 
-45 -120.13 -33 25 -68.527 -77.0636 -46.0873 -68.4703 
-49 -123.84 -31 25 -59.3555 -72.1858 -33.5933 -67.3355 
-43 -121.679 -30 25 -60.3065 -74.1918 -36.5413 -69.0541 
FEATURES_TXT_END_0
FEATURES_TXT_BEGIN_0 88 100 8 Distortion0_0 LM0_0 WordPenalty0_0 PhrasePenalty0_0 TranslationModel0_0 TranslationModel0_1 TranslationModel0_2 TranslationModel0_3 
-50 -168.626 -44 35 -112.095 -130.016 -54.7539 -83.9245 
-44 -173.484 -46 35 -107.211 -125.939 -55.8641 -84.3423 
-60 -164.842 -44 35 -112.507 -129.47 -58.0497 -85.6591 
-54 -169.701 -46 35 -107.623 -125.393 -59.1599 -86.0769 
-46 -172.173 -44 35 -108.661 -129.214 -53.276 -82.2283 
-40 -177.032 -46 35 -103.777 -125.138 -54.3862 -82.6462 
-44 -174.375 -44 35 -107.368 -125.379 -51.8566 -81.1599 
-38 -179.234 -46 35 -102.483 -121.302 -52.9668 -81.5777 
-52 -170.605 -45 35 -110.051 -129.971 -52.5678 -84.8297 
-46 -175.463 -47 35 -105.167 -125.894 -53.6781 -85.2475 
-56 -167.373 -44 36 -115.248 -130.137 -55.0494 -83.8537 
-56 -168.39 -44 35 -109.073 -128.668 -56.5718 -83.9629 
-50 -173.248 -46 35 -104.189 -124.592 -57.682 -84.3808 
-44 -171.646 -42 36 -113.346 -124.695 -52.5098 -79.6346 
-58 -164.821 -43 35 -116.834 -133.112 -55.3292 -83.7268 
-38 -176.504 -44 36 -108.462 -120.619 -53.62 -80.0525 
-52 -169.68 -45 35 -111.95 -129.035 -56.4395 -84.1447 
-66 -163.589 -44 36 -115.659 -129.591 -58.3452 -85.5883 
-50 -168.921 -44 35 -112.527 -129.815 -55.0415 -84.666 
-50 -168.685 -42 36 -116.923 -126.608 -56.5254 -79.0404 
-44 -173.78 -46 35 -107.643 -125.739 -56.1518 -85.0838 
-40 -177.923 -44 35 -103.933 -124.577 -50.3787 -79.4637 
-68 -161.038 -43 35 -117.246 -132.566 -58.6251 -85.4614 
-44 -173.544 -44 36 -112.039 -122.531 -57.6356 -79.4583 
-34 -182.782 -46 35 -99.0493 -120.5 -51.4889 -79.8816 
-62 -165.896 -45 35 -112.362 -128.489 -59.7353 -85.8793 
-50 -169.272 -43 37 -116.491 -127.417 -55.7393 -81.306 
-48 -174.153 -45 35 -106.617 -129.169 -51.0899 -83.1335 
-56 -167.032 -44 36 -114.993 -129.712 -56.6363 -84.6106 
-42 -179.011 -47 35 -101.732 -125.092 -52.2002 -83.5514 
-52 -170.921 -44 36 -111.813 -129.335 -53.5715 -82.1576 
-52 -169.088 -45 35 -109.118 -128.566 -54.765 -88.0684 
-46 -176.355 -45 35 -105.323 -125.334 -49.6705 -82.0651 
-46 -173.946 -47 35 -104.234 -124.49 -55.8753 -88.4862 
-48 -170.102 -44 35 -112.134 -129.865 -54.5679 -84.001 
-40 -181.213 -47 35 -100.439 -121.257 -50.7808 -82.4829 
-50 -173.123 -44 36 -110.52 -125.5 -52.1521 -81.0892 
-60 -165.137 -44 35 -112.939 -129.269 -58.3374 -86.4006 
-40 -175.193 -42 36 -109.912 -123.893 -51.0319 -77.9385 
-54 -169.996 -46 35 -108.054 -125.193 -59.4476 -86.8184 
-34 -180.052 -44 36 -105.028 -119.817 -52.1421 -78.3563 
-52 -169.81 -44 35 -112.625 -127.31 -55.6979 -82.8795 
-58 -169.352 -45 36 -113.203 -130.092 -52.8633 -84.759 
-46 -169.404 -44 35 -114.537 -131.716 -55.0415 -84.4852 
-46 -174.668 -46 35 -107.741 -123.234 -56.8081 -83.2973 
-52 -170.571 -43 35 -112.107 -128.475 -52.4319 -80.9622 
-40 -174.262 -46 35 -109.653 -127.639 -56.1518 -84.903 
-46 -175.43 -45 35 -107.222 -124.398 -53.5422 -81.3801 
-66 -163.248 -44 36 -115.405 -129.166 -59.9322 -86.3452 
-46 -173.625 -43 36 -111.302 -124.65 -50.3237 -80.5398 
-62 -167.137 -44 36 -112.225 -128.789 -56.8673 -83.8922 
-60 -166.8 -44 35 -114.79 -133.067 -53.1432 -84.632 
-40 -178.483 -45 36 -106.417 -120.574 -51.4339 -80.9577 
-50 -169.421 -45 35 -110.958 -130.209 -52.8616 -88.4357 
-50 -170.393 -42 37 -116.499 -124.816 -52.8053 -79.5639 
-58 -166.319 -44 35 -112.546 -129.319 -57.8637 -85.7356 
-54 -171.659 -46 35 -109.906 -128.99 -54.2534 -85.0499 
-64 -163.568 -43 36 -119.987 -133.233 -55.6247 -83.6561 
-58 -166.22 -44 35 -113.434 -130.628 -59.0999 -84.6308 
-50 -168.955 -44 34 -109.244 -132.403 -52.4866 -87.18 
-52 -171.078 -46 35 -108.55 -126.552 -60.2101 -85.0486 
-46 -172.233 -42 36 -113.489 -125.806 -55.0475 -77.3443 
-44 -173.814 -46 34 -104.36 -128.327 -53.5969 -87.5979 
-40 -177.092 -44 36 -108.604 -121.729 -56.1577 -77.7621 
-50 -170.429 -44 35 -112.625 -127.31 -55.6979 -82.8795 
-44 -174.671 -44 35 -107.799 -125.178 -52.1443 -81.9014 
-62 -166.026 -44 35 -113.037 -126.764 -58.9937 -84.6141 
-56 -165.62 -44 35 -114.949 -131.17 -58.3374 -86.2198 
-52 -167.841 -41 36 -118.085 -127.791 -53.0851 -79.437 
-44 -175.288 -46 35 -107.741 -123.234 -56.8081 -83.2973 
-38 -179.529 -46 35 -102.915 -121.101 -53.2545 -82.3192 
-56 -170.885 -46 35 -108.153 -122.688 -60.1039 -85.0319 
-50 -170.479 -46 35 -110.065 -127.093 -59.4476 -86.6376 
-46 -172.7 -43 36 -113.201 -123.715 -54.1954 -79.8549 
-50 -168.815 -44 35 -114.537 -131.716 -55.0415 -84.4852 
-46 -172.82 -43 37 -113.057 -126.615 -54.2614 -79.6098 
-52 -170.58 -44 36 -111.559 -128.91 -55.1584 -82.9145 
-44 -173.674 -46 35 -109.653 -127.639 -56.1518 -84.903 
-46 -173.617 -44 35 -108.414 -127.167 -53.2905 -81.9162 
-48 -170.351 -44 35 -113.022 -131.174 -55.8041 -82.8962 
-52 -170.9 -45 35 -110.482 -129.77 -52.8555 -85.5712 
-48 -172.635 -45 35 -105.684 -127.764 -53.2871 -86.3722 
-40 -178.476 -46 35 -103.529 -123.09 -54.4007 -82.334 
-42 -175.209 -46 35 -108.138 -127.098 -56.9143 -83.314 
-46 -175.759 -47 35 -105.598 -125.694 -53.9657 -85.989 
-42 -179.902 -45 35 -101.889 -124.532 -48.1926 -80.3689 
-56 -167.668 -44 36 -115.679 -129.936 -55.3371 -84.5953 
-50 -172.782 -44 36 -110.265 -125.075 -53.739 -81.846 
-60 -165.638 -45 35 -111.37 -129.663 -56.1574 -90.1703 
-42 -177.494 -47 35 -100.8 -123.688 -54.3974 -86.7901 
-56 -167.433 -42 37 -120.075 -126.729 -56.8209 -78.9697 
-44 -173.65 -44 35 -108.7 -129.063 -53.09 -82.3048 
-36 -184.761 -47 35 -97.0047 -120.455 -49.3029 -80.7868 
-46 -176.67 -44 36 -107.086 -124.698 -50.6742 -79.393 
-74 -159.785 -43 36 -120.398 -132.687 -58.9206 -85.3907 
-46 -174.838 -45 35 -104.391 -123.929 -51.8677 -85.3038 
-40 -179.696 -47 35 -99.5065 -119.853 -52.978 -85.7216 
-60 -165.172 -44 34 -109.656 -131.857 -55.7825 -88.9146 
-42 -175.852 -44 35 -107.406 -125.228 -51.6706 -81.2364 
-52 -171.252 -44 37 -114.446 -127.372 -53.5533 -82.2112 
FEATURES_TXT_END_0
FEATURES_TXT_BEGIN_0 89 100 8 Distortion0_0 LM0_0 WordPenalty0_0 PhrasePenalty0_0 TranslationModel0_0 TranslationModel0_1 TranslationModel0_2 TranslationModel0_3 
-60 -157.218 -34 31 -55.6324 -62.013 -33.4879 -62.2716 
-46 -161.966 -36 32 -53.5514 -61.656 -35.1024 -64.1081 
-54 -163.886 -36 32 -46.4374 -58.3994 -32.3515 -62.9827 
-52 -157.211 -35 30 -63.195 -65.4292 -38.682 -60.626 
-54 -160.736 -36 32 -53.2267 -61.656 -34.7314 -64.1081 
-50 -156.475 -35 31 -63.5151 -67.3841 -37.631 -63.5089 
-60 -157.264 -34 31 -57.65 -61.2478 -34.992 -61.4435 
-46 -162.012 -36 32 -55.5691 -60.8909 -36.6065 -63.2799 
-66 -155.736 -35 31 -59.518 -64.5158 -37.4148 -61.4277 
-52 -156.419 -34 30 -63.7001 -65.4292 -37.5834 -60.6206 
-52 -160.484 -37 32 -57.437 -64.1588 -39.0293 -63.2642 
-62 -154.713 -34 30 -62.3421 -65.9121 -37.1779 -60.6694 
-54 -163.932 -36 32 -48.455 -57.6343 -33.8556 -62.1545 
-60 -162.404 -37 32 -50.323 -60.9022 -36.2784 -62.1388 
-52 -156.933 -34 30 -62.5783 -65.4292 -37.0725 -60.6206 
-54 -161.682 -36 32 -51.8404 -61.6601 -34.7314 -63.5972 
-50 -155.682 -34 31 -64.0202 -67.3841 -36.5324 -63.5035 
-60 -153.976 -34 31 -62.6622 -67.8669 -36.1269 -63.5523 
-52 -157.257 -35 30 -65.2126 -64.6641 -40.186 -59.7979 
-54 -160.782 -36 32 -55.2443 -60.8909 -36.2355 -63.2799 
-50 -156.196 -34 31 -62.8984 -67.3841 -36.0216 -63.5035 
-60 -159.254 -37 32 -57.1123 -64.1588 -38.6583 -63.2642 
-52 -158.245 -36 30 -63.3988 -65.4292 -41.0569 -60.6314 
-52 -156.14 -33 30 -63.0834 -65.4292 -35.9739 -60.6152 
-50 -156.52 -35 31 -65.5327 -66.6189 -39.1351 -62.6808 
-64 -157.218 -34 31 -55.6324 -62.013 -33.4879 -62.2716 
-50 -161.966 -36 32 -53.5514 -61.656 -35.1024 -64.1081 
-58 -163.886 -36 32 -46.4374 -58.3994 -32.3515 -62.9827 
-66 -155.782 -35 31 -61.5357 -63.7507 -38.9189 -60.5996 
-52 -156.465 -34 30 -65.7178 -64.6641 -39.0874 -59.7925 
-52 -160.53 -37 32 -59.4547 -63.3937 -40.5334 -62.436 
-52 -158.661 -36 30 -63.5187 -65.4292 -39.966 -60.6314 
-50 -157.508 -36 31 -63.7189 -67.3841 -40.0059 -63.5143 
-62 -154.758 -34 30 -64.3597 -65.1469 -38.682 -59.8413 
-52 -157.779 -36 31 -61.1702 -64.9414 -41.5579 -63.1553 
-50 -155.404 -33 31 -63.4035 -67.3841 -34.923 -63.4981 
-54 -158.389 -36 32 -57.7872 -65.6621 -36.6902 -65.7233 
-62 -158.78 -35 32 -54.6969 -62.8193 -33.8093 -63.2165 
-60 -162.45 -37 32 -52.3406 -60.1371 -37.7825 -61.3106 
-52 -156.979 -34 30 -64.596 -64.6641 -38.5766 -59.7925 
-54 -161.728 -36 32 -53.858 -60.8949 -36.2355 -62.7691 
-50 -155.728 -34 31 -66.0378 -66.6189 -38.0365 -62.6753 
-60 -160.199 -37 32 -55.726 -64.1629 -38.6583 -62.7533 
-58 -162.201 -35 32 -50.1844 -59.24 -31.5017 -62.6788 
-60 -154.022 -34 31 -64.6798 -67.1018 -37.631 -62.7241 
-60 -157.9 -35 31 -56.1432 -61.4179 -33.8933 -64.8959 
-46 -162.648 -37 32 -54.0622 -61.0609 -35.5079 -66.7324 
-56 -157.211 -35 30 -63.195 -65.4292 -38.682 -60.626 
-50 -157.95 -36 31 -63.8388 -67.3841 -38.915 -63.5143 
-52 -157.967 -35 30 -62.7821 -65.4292 -39.4474 -60.626 
-58 -160.736 -36 32 -53.2267 -61.656 -34.7314 -64.1081 
-58 -155.536 -35 31 -63.5151 -67.3841 -37.631 -63.5089 
-58 -158.914 -35 32 -56.9737 -62.4966 -33.8816 -63.8042 
-54 -164.568 -37 32 -46.9482 -57.8043 -32.7569 -65.607 
-50 -156.242 -34 31 -64.9161 -66.6189 -37.5257 -62.6753 
-52 -157.869 -35 30 -64.0238 -65.4292 -38.8674 -60.626 
-62 -157.955 -35 32 -55.6578 -62.8161 -33.8043 -64.6712 
-52 -156.987 -35 31 -61.6753 -64.9414 -40.4593 -63.1499 
-60 -159.3 -37 32 -59.13 -63.3937 -40.1624 -62.436 
-62 -156.163 -35 30 -62.6658 -65.9121 -38.4619 -60.6748 
-62 -155.28 -35 31 -60.3173 -65.4243 -40.0538 -63.1987 
-54 -158.772 -36 31 -62.2595 -66.2355 -39.0034 -61.5709 
-52 -158.291 -36 30 -65.4165 -64.6641 -42.561 -59.8033 
-54 -156.475 -35 31 -63.5151 -67.3841 -37.631 -63.5089 
-52 -156.186 -33 30 -65.1011 -64.6641 -37.478 -59.7871 
-52 -158.383 -35 30 -62.902 -65.4292 -38.3565 -60.626 
-50 -157.23 -35 31 -63.1022 -67.3841 -38.3965 -63.5089 
-52 -157.5 -35 31 -60.5535 -64.9414 -39.9485 -63.1499 
-52 -158.38 -35 30 -61.5232 -65.9121 -39.3751 -60.6748 
-64 -157.264 -34 31 -57.65 -61.2478 -34.992 -61.4435 
-50 -162.012 -36 32 -55.5691 -60.8909 -36.6065 -63.2799 
-50 -162.193 -36 31 -57.747 -62.6562 -36.6958 -61.0332 
-70 -155.736 -35 31 -59.518 -64.5158 -37.4148 -61.4277 
-56 -156.419 -34 30 -63.7001 -65.4292 -37.5834 -60.6206 
-56 -160.484 -37 32 -57.437 -64.1588 -39.0293 -63.2642 
-50 -157.158 -35 31 -64.3439 -67.3841 -37.8164 -63.5089 
-66 -154.713 -34 30 -62.3421 -65.9121 -37.1779 -60.6694 
-52 -158.036 -36 32 -62.5796 -68.1904 -37.9524 -64.4537 
-54 -161.418 -37 32 -53.7375 -61.0609 -35.1369 -66.7324 
-60 -155.452 -35 31 -62.9859 -67.8669 -37.4109 -63.5577 
-58 -163.932 -36 32 -48.455 -57.6343 -33.8556 -62.1545 
-60 -158.321 -35 31 -55.3052 -62.7692 -35.6851 -63.7969 
-46 -163.068 -37 32 -53.2243 -62.4122 -37.2996 -65.6333 
-58 -154.744 -34 31 -64.0202 -67.3841 -36.5324 -63.5035 
-52 -158.707 -36 30 -65.5364 -64.6641 -41.4701 -59.8033 
-50 -157.554 -36 31 -65.7366 -66.6189 -41.51 -62.6862 
-50 -158.907 -36 31 -64.5363 -65.9128 -39.0757 -62.1586 
-52 -157.825 -36 31 -63.1879 -64.1763 -43.062 -62.3272 
-68 -153.038 -34 31 -62.6622 -67.8669 -36.1269 -63.5523 
-64 -162.404 -37 32 -50.323 -60.9022 -36.2784 -62.1388 
-50 -155.45 -33 31 -65.4212 -66.6189 -36.427 -62.6699 
-54 -158.435 -36 32 -59.8049 -64.8969 -38.1943 -64.8951 
-54 -157.948 -36 31 -63.2204 -66.2324 -38.9984 -63.0256 
-62 -158.826 -35 32 -56.7146 -62.0541 -35.3134 -62.3883 
-56 -156.933 -34 30 -62.5783 -65.4292 -37.0725 -60.6206 
-54 -164.988 -37 32 -46.1102 -59.1556 -34.5487 -64.5079 
-50 -157.644 -35 31 -61.8433 -67.8669 -38.3242 -63.5577 
-50 -157.672 -35 31 -63.2221 -67.3841 -37.3056 -63.5089 
-60 -156.907 -37 32 -61.6728 -68.1649 -40.6171 -64.8794 
-68 -157.297 -36 32 -58.5825 -65.3221 -37.7362 -62.3726 
FEATURES_TXT_END_0
FEATURES_TXT_BEGIN_0 90 100 8 Distortion0_0 LM0_0 WordPenalty0_0 PhrasePenalty0_0 TranslationModel0_0 TranslationModel0_1 TranslationModel0_2 TranslationModel0_3 
-100 -212.485 -58 49 -126.413 -142.578 -74.4854 -128.26 
-94 -215.014 -57 48 -122.931 -140.945 -79.5127 -122.613 
-96 -215.289 -58 49 -124.521 -141.484 -72.0912 -127.057 
-90 -217.818 -57 48 -121.039 -139.851 -77.1185 -121.41 
-88 -216.006 -57 48 -123.824 -140.824 -80.1568 -122.613 
-96 -214.687 -56 48 -126.178 -140.698 -76.2814 -120.676 
-106 -209.106 -57 49 -129.402 -138.23 -78.8512 -127.556 
-106 -208.806 -56 49 -128.007 -138.653 -76.6834 -127.577 
-84 -218.811 -57 48 -121.932 -139.73 -77.7627 -121.41 
-100 -211.635 -56 48 -125.92 -136.597 -83.8786 -121.909 
-92 -217.492 -56 48 -124.286 -139.604 -73.8872 -119.473 
-100 -211.335 -55 48 -124.525 -137.02 -81.7108 -121.93 
-94 -215.235 -56 48 -126.178 -140.819 -76.2814 -120.676 
-94 -212.628 -56 48 -126.813 -136.477 -84.5227 -121.909 
-102 -211.309 -55 48 -129.166 -136.35 -80.6473 -119.972 
-94 -212.328 -55 48 -125.418 -136.899 -82.3549 -121.93 
-90 -218.039 -56 48 -124.286 -139.724 -73.8872 -119.473 
-102 -211.008 -54 48 -127.772 -136.773 -78.4795 -119.994 
-96 -216.019 -57 48 -123.315 -140.741 -76.4104 -122.12 
-92 -218.823 -57 48 -121.424 -139.647 -74.0162 -120.917 
-96 -214.977 -56 48 -126.178 -140.819 -76.2814 -120.676 
-100 -211.856 -55 48 -129.166 -136.471 -80.6473 -119.972 
-100 -216.811 -60 48 -121.047 -138.572 -74.793 -128.362 
-100 -211.556 -54 48 -127.772 -136.893 -78.4795 -119.994 
-106 -213.668 -58 49 -124.521 -141.484 -72.0912 -127.057 
-92 -217.781 -56 48 -124.286 -139.724 -73.8872 -119.473 
-96 -215.047 -56 48 -126.178 -140.698 -76.2814 -120.676 
-96 -215.688 -58 49 -123.704 -140.945 -82.0063 -122.618 
-94 -219.34 -59 47 -117.564 -136.939 -79.8204 -122.715 
-100 -216.197 -57 48 -121.039 -139.851 -77.1186 -121.41 
-96 -219.616 -60 48 -119.155 -137.478 -72.3989 -127.16 
-100 -215.669 -59 48 -122.283 -138.572 -73.6944 -128.357 
-102 -212.64 -56 48 -126.304 -136.393 -80.7762 -121.417 
-92 -217.852 -56 48 -124.286 -139.604 -73.8872 -119.473 
-92 -218.492 -58 49 -121.812 -139.851 -79.6121 -121.415 
-96 -215.758 -58 49 -123.704 -140.824 -82.0063 -122.618 
-102 -212.34 -55 48 -124.909 -136.816 -78.6084 -121.438 
-90 -222.144 -59 47 -115.672 -135.845 -77.4262 -121.513 
-94 -218.197 -58 47 -118.801 -136.939 -78.7218 -122.71 
-96 -218.473 -59 48 -120.391 -137.478 -71.3003 -127.154 
-102 -214.838 -59 48 -122.263 -137.795 -76.1281 -128.123 
-98 -216.806 -58 47 -122.043 -138.341 -70.1404 -126.383 
-92 -218.563 -58 49 -121.812 -139.73 -79.6121 -121.415 
-98 -213.447 -59 49 -127.961 -145.236 -76.5422 -128.351 
-102 -211.598 -55 48 -129.166 -136.471 -80.6473 -119.972 
-90 -221.002 -58 47 -116.909 -135.845 -76.3276 -121.507 
-96 -217.367 -58 47 -118.78 -136.162 -81.1555 -122.476 
-98 -217.643 -59 48 -120.371 -136.701 -73.734 -126.92 
-102 -211.298 -54 48 -127.772 -136.893 -78.4795 -119.994 
-92 -219.334 -57 46 -118.561 -136.708 -75.1678 -120.736 
-88 -220.332 -59 47 -118.457 -136.818 -80.4645 -122.715 
-94 -219.61 -58 47 -120.151 -137.247 -67.7462 -125.18 
-94 -217.19 -57 48 -121.932 -139.73 -77.7627 -121.41 
-92 -215.976 -58 48 -124.479 -143.603 -81.5696 -122.704 
-96 -219.013 -58 47 -120.811 -136.692 -76.5891 -120.779 
-106 -213.433 -59 48 -124.035 -134.224 -79.1589 -127.659 
-94 -216.251 -59 49 -126.069 -144.142 -74.1481 -127.148 
-102 -215.871 -56 48 -124.286 -139.604 -73.8873 -119.473 
-102 -213.696 -58 48 -123.5 -137.795 -75.0295 -128.117 
-110 -213.278 -56 49 -120.689 -137.446 -78.2287 -121.568 
-94 -212.446 -55 48 -130.018 -142.221 -77.0078 -121.849 
-106 -213.132 -58 48 -122.641 -134.646 -76.9911 -127.68 
-96 -216.308 -57 48 -123.315 -140.862 -76.4104 -122.12 
-106 -212.893 -57 50 -124.171 -139.079 -73.2013 -127.215 
-92 -220.171 -58 47 -116.888 -135.068 -78.7613 -121.273 
-102 -211.669 -55 48 -129.166 -136.35 -80.6473 -119.972 
-102 -212.309 -57 49 -126.692 -136.597 -86.3722 -121.914 
-88 -222.139 -57 46 -116.669 -135.614 -72.7736 -119.533 
-84 -223.137 -59 47 -116.565 -135.724 -78.0703 -121.513 
-102 -211.368 -54 48 -127.772 -136.773 -78.4795 -119.994 
-100 -215.961 -58 47 -120.553 -132.591 -84.1862 -122.012 
-102 -212.009 -56 49 -125.298 -137.02 -84.2044 -121.936 
-88 -218.78 -58 48 -122.587 -142.508 -79.1754 -121.501 
-92 -221.818 -58 47 -118.919 -135.597 -74.1949 -119.576 
-96 -216.224 -57 47 -120.017 -136.162 -80.0569 -122.47 
-98 -216.5 -58 48 -121.608 -136.701 -72.6353 -126.914 
-100 -215.661 -57 47 -119.158 -133.013 -82.0185 -122.033 
-88 -219.19 -58 47 -119.694 -136.818 -79.3659 -122.71 
-100 -215.421 -56 49 -120.689 -137.446 -78.2287 -121.568 
-90 -215.25 -55 48 -128.126 -141.127 -74.6137 -120.646 
-92 -219.113 -57 48 -121.424 -139.768 -74.0162 -120.917 
-96 -217.871 -57 47 -122.048 -136.692 -75.4905 -120.773 
-106 -212.29 -58 48 -125.272 -134.224 -78.0603 -127.654 
-96 -216.379 -57 48 -123.315 -140.741 -76.4104 -122.12 
-106 -211.99 -57 48 -123.877 -134.646 -75.8925 -127.675 
-102 -212.38 -57 49 -126.692 -136.477 -86.3722 -121.914 
-92 -219.029 -57 47 -118.125 -135.068 -77.6627 -121.267 
-102 -212.079 -56 49 -125.298 -136.899 -84.2044 -121.936 
-84 -221.995 -58 47 -117.802 -135.724 -76.9717 -121.507 
-90 -218.36 -58 47 -119.673 -136.041 -81.7996 -122.476 
-100 -214.819 -57 47 -121.79 -132.591 -83.0876 -122.007 
-86 -220.327 -57 46 -119.454 -136.587 -75.8119 -120.736 
-92 -220.675 -57 47 -120.156 -135.597 -73.0963 -119.57 
-98 -217.04 -57 47 -122.027 -135.915 -77.9242 -120.539 
-108 -211.46 -58 48 -125.252 -133.447 -80.494 -127.419 
-92 -219.183 -57 48 -121.424 -139.647 -74.0162 -120.917 
-86 -216.968 -58 48 -125.372 -143.482 -82.2137 -122.704 
-100 -214.518 -56 47 -120.395 -133.013 -80.9198 -122.028 
-94 -219.008 -56 46 -121.808 -136.461 -71.9365 -118.799 
-104 -213.427 -57 47 -125.032 -133.993 -74.5063 -125.679 
FEATURES_TXT_END_0
FEATURES_TXT_BEGIN_0 91 95 8 Distortion0_0 LM0_0 WordPenalty0_0 PhrasePenalty0_0 TranslationModel0_0 TranslationModel0_1 TranslationModel0_2 TranslationModel0_3 
-56 -184.049 -45 37 -99.0358 -126.952 -55.839 -101.194 
-56 -181.909 -44 36 -100.727 -128.382 -57.5991 -100.796 
-44 -188.241 -46 37 -97.5793 -126.952 -56.5321 -101.199 
-66 -176.205 -45 35 -102.857 -140.38 -65.5546 -101.913 
-56 -184.316 -44 37 -102.504 -130.55 -56.5321 -96.5058 
-44 -186.101 -45 36 -99.2704 -128.382 -58.2922 -100.801 
-62 -178.928 -44 36 -108.644 -133.873 -58.8037 -99.2006 
-56 -182.176 -43 36 -104.195 -131.98 -58.2923 -96.108 
-54 -180.397 -46 35 -101.4 -140.38 -66.2478 -101.918 
-44 -188.508 -45 37 -101.047 -130.55 -57.2253 -96.5112 
-66 -175.941 -44 35 -103.102 -140.38 -63.3574 -101.908 
-66 -176.472 -44 35 -106.325 -143.978 -66.2478 -97.225 
-60 -184.049 -45 37 -99.0358 -126.952 -55.839 -101.194 
-56 -184.018 -44 36 -99.4643 -126.838 -55.3235 -100.155 
-50 -183.12 -45 36 -107.187 -133.873 -59.4968 -99.206 
-44 -186.368 -44 36 -102.738 -131.98 -58.9854 -96.1134 
-47 -188.238 -46 37 -97.5793 -126.952 -56.5321 -101.199 
-44 -189.37 -46 37 -97.3318 -124.905 -56.5466 -100.887 
-62 -179.195 -43 36 -112.111 -137.471 -59.4968 -94.5126 
-47 -188.044 -46 37 -98.6484 -126.529 -56.783 -101.173 
-56 -183.039 -45 34 -96.0017 -130.787 -58.5874 -102.588 
-44 -188.697 -46 37 -98.6484 -126.529 -56.783 -101.173 
-60 -181.909 -44 36 -100.727 -128.382 -57.5991 -100.796 
-62 -187.217 -45 37 -97.5841 -126.61 -50.9263 -98.2371 
-54 -180.133 -45 35 -101.646 -140.38 -64.0506 -101.913 
-54 -180.664 -45 35 -104.868 -143.978 -66.9409 -97.2304 
-47 -186.098 -45 36 -99.2704 -128.382 -58.2922 -100.801 
-44 -188.209 -45 36 -98.0078 -126.838 -56.0167 -100.161 
-56 -185.053 -45 36 -99.0886 -127.794 -57.6549 -99.8619 
-44 -187.23 -45 36 -99.0229 -126.335 -58.3068 -100.489 
-66 -176.208 -43 35 -106.57 -143.978 -64.0506 -97.2195 
-48 -188.315 -46 37 -97.5793 -126.952 -56.5321 -101.199 
-56 -183.29 -46 37 -103.187 -125.801 -60.148 -104.072 
-47 -185.904 -45 36 -100.339 -127.96 -58.5431 -100.775 
-70 -176.205 -45 35 -102.857 -140.38 -65.5546 -101.913 
-44 -186.557 -45 36 -100.339 -127.96 -58.5431 -100.775 
-60 -184.316 -44 37 -102.504 -130.55 -56.5321 -96.5058 
-56 -184.284 -43 36 -102.932 -130.436 -56.0167 -95.4671 
-62 -185.077 -44 36 -99.2752 -128.04 -52.6864 -97.8392 
-50 -183.387 -44 36 -110.655 -137.471 -60.19 -94.518 
-44 -187.231 -46 34 -94.5452 -130.787 -59.2806 -102.594 
-57 -180.394 -46 35 -101.4 -140.38 -66.2478 -101.918 
-47 -188.505 -45 37 -101.047 -130.55 -57.2253 -96.5112 
-49 -188.238 -46 37 -97.5793 -126.952 -56.5321 -101.199 
-50 -191.409 -46 37 -96.1277 -126.61 -51.6195 -98.2425 
-56 -185.543 -44 36 -99.4039 -126.903 -55.1198 -98.3999 
-54 -181.526 -46 35 -101.153 -138.333 -66.2623 -101.606 
-56 -179.908 -44 36 -110.518 -140.595 -61.732 -97.3819 
-44 -189.636 -45 37 -100.8 -128.503 -57.2398 -96.1991 
-57 -180.199 -46 35 -102.47 -139.958 -66.4986 -101.892 
-66 -178.928 -44 36 -108.644 -133.873 -58.8037 -99.2006 
-48 -186.175 -45 36 -99.2704 -128.382 -58.2922 -100.801 
-56 -185.093 -45 37 -100.047 -126.043 -56.5321 -101.747 
-47 -188.31 -45 37 -102.116 -130.127 -57.4761 -96.4845 
-49 -188.044 -46 37 -98.6484 -126.529 -56.783 -101.173 
-56 -183.306 -44 34 -99.4694 -134.385 -59.2806 -97.9003 
-54 -180.853 -46 35 -102.47 -139.958 -66.4986 -101.892 
-44 -187.859 -44 37 -102.504 -130.55 -56.5321 -96.5058 
-44 -188.964 -45 37 -102.116 -130.127 -57.4761 -96.4845 
-72 -179.373 -45 35 -101.405 -140.038 -60.642 -98.9562 
-60 -182.176 -43 36 -104.195 -131.98 -58.2923 -96.108 
-62 -187.484 -44 37 -101.052 -130.208 -51.6195 -93.549 
-44 -189.244 -46 36 -97.6321 -127.794 -58.348 -99.8674 
-56 -185.43 -47 38 -101.495 -124.37 -58.3879 -104.47 
-53 -183.117 -45 36 -107.187 -133.873 -59.4968 -99.206 
-54 -180.4 -44 35 -105.113 -143.978 -64.7437 -97.225 
-47 -189.301 -46 37 -97.3318 -124.905 -56.5466 -100.887 
-70 -179.491 -45 37 -104.062 -129.56 -60.498 -101.738 
-50 -184.249 -45 36 -106.94 -131.826 -59.5114 -98.8939 
-62 -176.456 -44 36 -108.593 -135.85 -63.2814 -102.857 
-47 -186.365 -44 36 -102.738 -131.98 -58.9854 -96.1134 
-49 -186.098 -45 36 -99.2704 -128.382 -58.2922 -100.801 
-44 -188.476 -44 36 -101.476 -130.436 -56.7098 -95.4725 
-50 -188.241 -46 37 -97.5793 -126.952 -56.5321 -101.199 
-50 -189.269 -45 36 -97.8188 -128.04 -53.3796 -97.8447 
-56 -186.457 -46 37 -97.3239 -123.937 -57.7849 -102.305 
-53 -182.922 -45 36 -108.256 -133.451 -59.7477 -99.1793 
-56 -185.319 -44 36 -102.556 -131.392 -58.348 -95.1739 
-44 -187.496 -44 36 -102.491 -129.933 -58.9999 -95.8012 
-50 -183.576 -45 36 -108.256 -133.451 -59.7477 -99.1793 
-58 -180.471 -46 35 -101.4 -140.38 -66.2478 -101.918 
-60 -184.018 -44 36 -99.4643 -126.838 -55.3235 -100.155 
-48 -187.972 -44 37 -98.0396 -127.354 -55.1458 -98.5346 
-62 -185.344 -43 36 -102.743 -131.638 -53.3796 -93.1512 
-68 -182.096 -44 36 -107.192 -133.531 -53.891 -96.2438 
-48 -188.581 -45 37 -101.047 -130.55 -57.2253 -96.5112 
-44 -184.1 -45 36 -109.062 -140.595 -62.4252 -97.3873 
-47 -186.17 -44 36 -103.807 -131.557 -59.2362 -96.0866 
-70 -175.941 -44 35 -103.102 -140.38 -63.3574 -101.908 
-49 -185.904 -45 36 -100.339 -127.96 -58.5431 -100.775 
-44 -189.735 -45 36 -97.9475 -126.903 -55.8129 -98.4053 
-70 -176.472 -44 35 -106.325 -143.978 -66.2478 -97.225 
-44 -185.719 -43 36 -104.195 -131.98 -58.2923 -96.108 
-44 -186.824 -44 36 -103.807 -131.557 -59.2362 -96.0866 
-70 -180.916 -45 37 -105.017 -130.164 -60.0125 -99.0199 
FEATURES_TXT_END_0
FEATURES_TXT_BEGIN_0 92 97 8 Distortion0_0 LM0_0 WordPenalty0_0 PhrasePenalty0_0 TranslationModel0_0 TranslationModel0_1 TranslationModel0_2 TranslationModel0_3 
-17 -150.867 -29 22 -56.0746 -64.5547 -26.6515 -50.9585 
-23 -150.136 -29 24 -59.5294 -67.7834 -23.8731 -50.4625 
-17 -150.156 -29 22 -57.684 -65.7959 -26.6515 -51.8058 
-19 -150.867 -29 22 -56.0746 -64.5547 -26.6515 -50.9585 
-23 -149.425 -29 24 -61.1388 -69.0246 -23.8731 -51.3098 
-25 -150.136 -29 24 -59.5294 -67.7834 -23.8731 -50.4625 
-17 -151.278 -29 22 -56.8657 -63.4144 -27.5678 -50.8137 
-17 -152.999 -29 22 -53.4031 -61.8953 -26.1119 -50.4044 
-19 -150.156 -29 22 -57.684 -65.7959 -26.6515 -51.8058 
-17 -151.579 -29 22 -56.5854 -64.2154 -27.1623 -50.548 
-23 -148.961 -29 23 -58.8602 -66.7553 -27.1523 -51.9827 
-17 -152.353 -29 21 -55.3882 -64.8497 -24.5567 -50.4977 
-23 -150.548 -29 24 -60.3205 -66.643 -24.7894 -50.3178 
-17 -151.713 -30 23 -55.294 -66.9054 -28.5208 -52.5697 
-21 -150.867 -29 22 -56.0746 -64.5547 -26.6515 -50.9585 
-23 -152.269 -29 24 -56.8579 -65.1239 -23.3335 -49.9085 
-25 -149.425 -29 24 -61.1388 -69.0246 -23.8731 -51.3098 
-23 -150.849 -29 24 -60.0402 -67.4441 -24.3839 -50.0521 
-17 -153.06 -30 23 -54.0747 -62.3116 -28.2119 -51.9592 
-17 -150.567 -29 22 -58.4751 -64.6556 -27.5678 -51.661 
-23 -151.623 -29 23 -58.843 -68.0784 -21.7783 -50.0017 
-23 -150.982 -30 25 -58.7488 -70.1341 -25.7424 -52.0738 
-17 -152.289 -29 22 -55.0126 -63.1365 -26.1119 -51.2517 
-27 -150.136 -29 24 -59.5294 -67.7834 -23.8731 -50.4625 
-17 -150.868 -29 22 -58.1948 -65.4566 -27.1623 -51.3953 
-23 -148.25 -29 23 -60.4697 -67.9966 -27.1523 -52.83 
-17 -150.336 -29 22 -58.0896 -65.9837 -27.1148 -52.4394 
-19 -151.278 -29 22 -56.8657 -63.4144 -27.5678 -50.8137 
-17 -151.642 -29 21 -56.9977 -66.0909 -24.5567 -51.345 
-17 -152.817 -30 22 -54.0597 -63.6063 -26.6515 -52.7346 
-27 -148.884 -29 22 -57.684 -65.7959 -26.6515 -51.8058 
-23 -149.837 -29 24 -61.9299 -67.8842 -24.7894 -51.1651 
-23 -148.202 -29 23 -59.0364 -65.9121 -29.7172 -52.899 
-19 -152.999 -29 22 -53.4031 -61.8953 -26.1119 -50.4044 
-21 -150.156 -29 22 -57.684 -65.7959 -26.6515 -51.8058 
-19 -151.579 -29 22 -56.5854 -64.2154 -27.1623 -50.548 
-25 -148.961 -29 23 -58.8602 -66.7553 -27.1523 -51.9827 
-27 -152.139 -32 24 -51.2085 -63.3749 -29.8874 -55.431 
-23 -151.558 -29 24 -58.4674 -66.3652 -23.3335 -50.7558 
-23 -150.138 -29 24 -61.6496 -68.6853 -24.3839 -50.8994 
-19 -152.353 -29 21 -55.3882 -64.8497 -24.5567 -50.4977 
-17 -152.349 -30 23 -55.6842 -63.5528 -28.2119 -52.8065 
-23 -149.606 -29 24 -61.5444 -69.2124 -24.3364 -51.9435 
-25 -150.548 -29 24 -60.3205 -66.643 -24.7894 -50.3178 
-19 -151.713 -30 23 -55.294 -66.9054 -28.5208 -52.5697 
-23 -150.912 -29 23 -60.4525 -69.3196 -21.7783 -50.849 
-25 -151.647 -30 23 -55.3741 -63.1585 -27.4222 -51.7168 
-33 -148.154 -29 24 -61.1388 -69.0246 -23.8731 -51.3098 
-25 -152.269 -29 24 -56.8579 -65.1239 -23.3335 -49.9085 
-27 -149.425 -29 24 -61.1388 -69.0246 -23.8731 -51.3098 
-25 -150.849 -29 24 -60.0402 -67.4441 -24.3839 -50.0521 
-33 -151.409 -32 26 -54.6633 -66.6036 -27.109 -54.9351 
-15 -151.479 -30 23 -60.063 -66.4745 -29.4869 -52.0874 
-17 -152.076 -29 22 -55.9117 -63.0429 -27.1623 -51.3245 
-19 -153.06 -30 23 -54.0747 -62.3116 -28.2119 -51.9592 
-17 -153.411 -29 22 -54.1943 -60.7549 -27.0282 -50.2596 
-17 -149.625 -29 22 -59.699 -67.2249 -27.1148 -53.2867 
-19 -150.567 -29 22 -58.4751 -64.6556 -27.5678 -51.661 
-17 -153.149 -30 22 -53.772 -65.5961 -26.6515 -52.3635 
-25 -151.623 -29 23 -58.843 -68.0784 -21.7783 -50.0017 
-23 -149.373 -29 23 -59.6513 -65.615 -28.0686 -51.8379 
-17 -152.106 -30 22 -55.6691 -64.8475 -26.6515 -53.5819 
-21 -151.423 -29 22 -56.0746 -64.5547 -26.6515 -50.9585 
-25 -150.936 -30 23 -56.9835 -64.3997 -27.4222 -52.5641 
-23 -147.491 -29 23 -60.6458 -67.1533 -29.7172 -53.7463 
-25 -150.982 -30 25 -58.7488 -70.1341 -25.7424 -52.0738 
-19 -152.289 -29 22 -55.0126 -63.1365 -26.1119 -51.2517 
-17 -153.712 -29 22 -53.914 -61.5559 -26.6227 -49.9939 
-23 -151.094 -29 23 -56.1888 -64.0959 -26.6127 -51.4286 
-31 -150.917 -30 25 -58.8289 -66.3872 -24.6438 -51.2209 
-19 -150.868 -29 22 -58.1948 -65.4566 -27.1623 -51.3953 
-21 -151.437 -29 23 -57.4539 -63.4144 -27.2437 -50.8137 
-23 -149.807 -30 24 -58.0797 -69.106 -29.0216 -53.5939 
-25 -148.25 -29 23 -60.4697 -67.9966 -27.1523 -52.83 
-17 -152.764 -29 21 -56.1794 -63.7093 -25.473 -50.3529 
-23 -149.674 -29 23 -59.371 -66.416 -27.6631 -51.5722 
-13 -154.155 -31 23 -59.0076 -67.3178 -28.5314 -51.1765 
-33 -148.793 -30 23 -56.9237 -67.4176 -27.8139 -52.4822 
-17 -152.425 -30 23 -55.8049 -66.5661 -29.0316 -52.1592 
-17 -152.124 -30 23 -56.0852 -65.7651 -29.4371 -52.4249 
-17 -151.274 -30 23 -57.2326 -64.7529 -30.2086 -53.2797 
-19 -150.336 -29 22 -58.0896 -65.9837 -27.1148 -52.4394 
-21 -151.278 -29 22 -56.8657 -63.4144 -27.5678 -50.8137 
-19 -151.642 -29 21 -56.9977 -66.0909 -24.5567 -51.345 
-19 -152.817 -30 22 -54.0597 -63.6063 -26.6515 -52.7346 
-23 -151.346 -29 24 -59.3665 -66.2716 -24.3839 -50.8286 
-17 -153.065 -29 21 -55.8991 -64.5104 -25.0675 -50.0872 
-23 -150.447 -29 22 -58.1739 -67.0503 -25.0575 -51.5219 
-13 -152.092 -30 23 -60.063 -66.4745 -29.4869 -52.0874 
-23 -152.681 -29 24 -57.6491 -63.9836 -24.2498 -49.7637 
-17 -153.845 -30 23 -52.6226 -64.246 -27.9812 -52.0156 
-29 -148.884 -29 22 -57.684 -65.7959 -26.6515 -51.8058 
-23 -148.895 -29 24 -63.1538 -70.4536 -24.3364 -52.7907 
-25 -149.837 -29 24 -61.9299 -67.8842 -24.7894 -51.1651 
-25 -148.202 -29 23 -59.0364 -65.9121 -29.7172 -52.899 
-21 -152.999 -29 22 -53.4031 -61.8953 -26.1119 -50.4044 
-23 -152.419 -30 24 -57.2268 -68.8248 -23.8731 -51.8675 
FEATURES_TXT_END_0
FEATURES_TXT_BEGIN_0 93 100 8 Distortion0_0 LM0_0 WordPenalty0_0 PhrasePenalty0_0 TranslationModel0_0 TranslationModel0_1 TranslationModel0_2 TranslationModel0_3 
-47 -176.987 -48 38 -95.786 -105.383 -60.6589 -105.929 
-43 -177.756 -49 39 -95.6729 -107.004 -61.7758 -108.575 
-43 -178.365 -50 39 -95.9782 -107.004 -63.6848 -108.581 
-51 -174.01 -49 38 -102.032 -111.927 -60.5237 -108.685 
-43 -178.263 -48 38 -95.786 -105.383 -60.6589 -105.929 
-45 -172.869 -47 39 -103.692 -110.971 -66.7395 -105.567 
-57 -175.896 -48 38 -94.4854 -103.484 -59.2908 -106.821 
-53 -178.31 -47 37 -92.6809 -101.04 -56.9042 -103.806 
-47 -175.756 -48 38 -100.787 -109.021 -60.5866 -106.257 
-51 -177.231 -49 39 -94.051 -105.555 -60.5723 -108.698 
-47 -178.866 -49 38 -95.786 -105.383 -60.6589 -105.934 
-43 -175.532 -48 39 -99.0619 -109.196 -63.9132 -107.936 
-41 -178.518 -48 38 -100.304 -108.351 -58.5464 -105.201 
-53 -177.425 -46 37 -93.1917 -101.04 -55.9234 -103.8 
-49 -176.182 -47 37 -98.7748 -106.489 -60.2476 -103.932 
-39 -179.032 -49 39 -95.6729 -107.004 -61.7758 -108.575 
-47 -175.745 -48 37 -97.499 -106.598 -58.7223 -109.129 
-39 -179.642 -50 39 -95.9782 -107.004 -63.6848 -108.581 
-47 -175.286 -49 38 -102.032 -111.927 -60.5237 -108.685 
-41 -173.638 -48 40 -103.579 -112.592 -67.8564 -108.213 
-41 -174.247 -49 40 -103.885 -112.592 -69.7654 -108.219 
-53 -176.665 -49 39 -94.3723 -105.106 -60.4077 -109.467 
-53 -177.275 -50 39 -94.6776 -105.106 -62.3167 -109.472 
-47 -175.829 -48 38 -101.678 -108.703 -60.6589 -106.334 
-49 -179.079 -48 38 -92.5678 -102.662 -58.0211 -106.452 
-49 -179.688 -49 38 -92.8731 -102.662 -59.9301 -106.457 
-49 -169.892 -48 39 -109.938 -117.515 -66.6043 -108.323 
-47 -177.781 -48 38 -95.3295 -104.325 -60.9491 -106.506 
-61 -172.919 -49 38 -100.731 -110.029 -59.1556 -109.577 
-53 -177.172 -48 38 -94.4854 -103.484 -59.2908 -106.821 
-47 -178.726 -48 38 -94.3928 -102.967 -60.1533 -105.988 
-47 -178.001 -50 40 -93.9379 -107.176 -61.6891 -111.344 
-57 -175.332 -48 37 -98.9264 -107.585 -56.769 -106.562 
-47 -178.61 -51 40 -94.2432 -107.176 -63.5982 -111.349 
-45 -176.075 -47 38 -98.5924 -107.99 -64.7889 -104.06 
-49 -179.586 -47 37 -92.6809 -101.04 -56.9042 -103.806 
-43 -177.033 -48 38 -100.787 -109.021 -60.5866 -106.257 
-47 -180.767 -48 37 -90.686 -102.402 -58.7082 -104.421 
-55 -174.254 -50 39 -100.297 -112.099 -60.4371 -111.453 
-55 -171.778 -47 39 -102.392 -109.072 -65.3715 -106.459 
-43 -180.143 -49 38 -95.786 -105.383 -60.6589 -105.934 
-49 -178.194 -47 38 -93.0786 -102.662 -57.0403 -106.447 
-51 -174.192 -46 38 -100.587 -106.628 -62.9849 -103.444 
-49 -178.804 -48 38 -93.3839 -102.662 -58.9493 -106.452 
-39 -176.808 -48 39 -99.0619 -109.196 -63.9132 -107.936 
-45 -171.638 -47 39 -108.694 -114.609 -66.6672 -105.896 
-45 -176.951 -48 38 -98.6617 -108.111 -61.3645 -106.578 
-45 -177.56 -49 38 -98.967 -108.111 -63.2735 -106.583 
-43 -176.514 -49 38 -97.3859 -108.219 -59.8391 -111.775 
-43 -177.123 -50 38 -97.6912 -108.219 -61.7481 -111.78 
-57 -174.665 -48 38 -99.4866 -107.123 -59.2185 -107.149 
-53 -177.079 -47 37 -97.682 -104.679 -56.8319 -104.134 
-57 -174.448 -47 37 -99.4372 -107.585 -55.7882 -106.556 
-49 -176.801 -47 38 -99.4345 -108.351 -56.6838 -105.195 
-45 -175.205 -47 38 -101.461 -108.842 -61.1462 -106.345 
-45 -174.749 -48 39 -103.692 -110.971 -66.7395 -105.572 
-53 -173.205 -48 37 -105.02 -113.034 -60.1124 -106.687 
-37 -179.795 -48 38 -100.304 -108.351 -58.5464 -105.201 
-49 -178.701 -46 37 -93.1917 -101.04 -55.9234 -103.8 
-41 -171.414 -47 40 -106.968 -114.783 -69.9939 -107.574 
-61 -176.14 -49 39 -92.7504 -103.656 -59.2042 -109.59 
-45 -177.458 -47 37 -98.7748 -106.489 -60.2476 -103.932 
-51 -172.768 -49 37 -103.745 -113.142 -58.5871 -111.885 
-57 -177.776 -49 38 -94.4854 -103.484 -59.2908 -106.826 
-43 -177.021 -48 37 -97.499 -106.598 -58.7223 -109.129 
-57 -178.554 -48 38 -90.9459 -101.213 -56.8176 -106.575 
-53 -174.441 -48 39 -97.7612 -107.297 -62.5452 -108.828 
-33 -176.301 -47 38 -105.206 -108.926 -64.0261 -105.833 
-51 -176.001 -49 39 -99.0521 -109.194 -60.4999 -109.026 
-53 -180.189 -48 37 -92.6809 -101.04 -56.9042 -103.811 
-49 -176.855 -47 38 -95.9567 -104.853 -60.1586 -105.813 
-45 -175.025 -45 37 -102.921 -103.857 -59.1364 -103.286 
-47 -176.791 -47 38 -96.8847 -105.383 -60.6589 -105.923 
-39 -174.401 -47 39 -108.211 -113.939 -64.627 -104.839 
-51 -173.307 -45 38 -101.098 -106.628 -62.0041 -103.438 
-41 -176.886 -47 38 -100.787 -109.021 -59.2003 -106.252 
-43 -178.551 -49 39 -95.2164 -105.946 -62.0659 -109.153 
-47 -172.064 -46 38 -106.681 -112.077 -66.3283 -103.57 
-43 -179.16 -50 39 -95.5217 -105.946 -63.975 -109.158 
-45 -171.627 -47 38 -105.405 -112.186 -64.8029 -108.767 
-51 -177.428 -48 38 -99.0037 -106.452 -57.1783 -106.093 
-51 -179.111 -50 39 -94.051 -105.555 -60.5723 -108.703 
-47 -175.776 -49 40 -97.3268 -109.368 -63.8266 -110.705 
-49 -177.942 -49 39 -94.3723 -105.106 -60.4077 -109.467 
-43 -179.495 -49 39 -94.2797 -104.589 -61.2701 -108.635 
-45 -177.077 -49 37 -98.5905 -112.091 -59.4162 -108.685 
-47 -179.841 -47 37 -97.1991 -104.008 -54.7917 -103.078 
-49 -178.551 -50 39 -94.6776 -105.106 -62.3167 -109.472 
-43 -177.105 -48 38 -101.678 -108.703 -60.6589 -106.334 
-43 -180.104 -50 39 -94.585 -104.589 -63.1792 -108.64 
-53 -176.195 -46 37 -98.1929 -104.679 -55.8511 -104.129 
-41 -176.844 -48 39 -98.4793 -109.611 -65.9057 -106.706 
-45 -180.355 -48 38 -92.5678 -102.662 -58.0211 -106.452 
-51 -174.804 -49 38 -101.575 -110.869 -60.8139 -109.262 
-49 -174.951 -47 37 -103.776 -110.128 -60.1753 -104.26 
-41 -177.454 -49 39 -98.7846 -109.611 -67.8148 -106.711 
-45 -180.965 -49 38 -92.8731 -102.662 -59.9301 -106.457 
-43 -179.058 -48 38 -95.3295 -104.325 -60.9491 -106.506 
-47 -177.257 -48 37 -97.7313 -106.04 -57.5894 -108.039 
-47 -174.514 -48 37 -102.5 -110.236 -58.6499 -109.457 
FEATURES_TXT_END_0
FEATURES_TXT_BEGIN_0 94 95 8 Distortion0_0 LM0_0 WordPenalty0_0 PhrasePenalty0_0 TranslationModel0_0 TranslationModel0_1 TranslationModel0_2 TranslationModel0_3 
-81 -215.071 -54 45 -123.131 -140.778 -80.5888 -127.725 
-85 -211.33 -54 45 -127.614 -141.946 -85.7238 -128.274 
-61 -219.011 -53 45 -129.402 -135.447 -80.6882 -124.636 
-65 -215.269 -53 45 -133.885 -136.615 -85.8233 -125.184 
-73 -214.373 -55 46 -128.27 -142.286 -87.5011 -129.282 
-61 -220.584 -53 45 -124.336 -136.213 -78.5149 -125.464 
-75 -213.585 -54 44 -125.092 -142.283 -84.1934 -130.184 
-65 -216.842 -53 45 -128.82 -137.38 -83.65 -126.012 
-53 -218.313 -54 46 -134.541 -136.955 -87.6006 -126.193 
-69 -218.115 -55 45 -124.485 -140.356 -84.3895 -127.704 
-73 -219.053 -54 45 -122.007 -131.774 -82.2666 -126.419 
-73 -219.012 -54 45 -122.579 -131.894 -82.8102 -125.97 
-55 -217.525 -53 44 -131.363 -136.952 -84.2929 -127.095 
-79 -217.601 -55 46 -123.093 -139.537 -80.6206 -128.358 
-63 -216.629 -55 45 -125.748 -142.623 -85.9707 -131.192 
-77 -215.312 -54 45 -126.49 -132.942 -87.4017 -126.968 
-77 -215.271 -54 45 -127.063 -133.061 -87.9453 -126.519 
-53 -219.886 -54 46 -129.476 -137.721 -85.4272 -127.021 
-83 -213.859 -55 46 -127.577 -140.705 -85.7557 -128.906 
-73 -220.577 -54 45 -116.941 -132.539 -80.0932 -127.247 
-49 -222.054 -54 45 -130.756 -135.025 -84.489 -124.614 
-91 -213.923 -54 45 -123.131 -140.778 -80.5888 -127.725 
-73 -220.536 -54 45 -117.514 -132.659 -80.6369 -126.798 
-82 -214.049 -54 45 -125.233 -141.018 -82.9866 -128.849 
-77 -216.835 -54 45 -121.425 -133.707 -85.2283 -127.796 
-55 -219.098 -53 44 -126.298 -137.717 -82.1195 -127.923 
-77 -216.794 -54 45 -121.997 -133.827 -85.7719 -127.347 
-73 -214.871 -56 46 -126.836 -142.458 -88.3815 -132.051 
-43 -220.568 -54 45 -132.019 -137.292 -86.0702 -128.103 
-86 -210.307 -54 45 -129.717 -142.186 -88.1217 -129.398 
-87 -211.827 -54 46 -127.524 -141.997 -87.3546 -128.175 
-65 -219.011 -53 45 -129.402 -135.447 -80.6882 -124.636 
-65 -217.609 -53 45 -129.337 -139.143 -83.1239 -126.061 
-65 -218.355 -55 46 -127.146 -133.282 -89.179 -127.976 
-83 -213.109 -54 45 -121.739 -141.378 -83.7751 -131.578 
-65 -218.314 -55 46 -127.719 -133.402 -89.7226 -127.527 
-82 -214.264 -52 45 -126.599 -141.31 -80.6563 -124.753 
-49 -223.627 -54 45 -125.69 -135.79 -82.3157 -125.442 
-89 -215.738 -54 45 -121.502 -135.926 -80.1516 -127.58 
-57 -219.81 -52 45 -126.752 -133.897 -78.8523 -126.653 
-71 -216.902 -56 47 -128.233 -141.045 -87.533 -129.915 
-69 -215.269 -53 45 -133.885 -136.615 -85.8233 -125.184 
-86 -209.107 -54 45 -130.098 -143.502 -89.7312 -131.189 
-71 -217.863 -53 45 -129.402 -135.447 -80.6882 -124.636 
-87 -209.368 -54 45 -126.223 -142.546 -88.9102 -132.127 
-86 -210.522 -52 45 -131.082 -142.478 -85.7914 -125.302 
-93 -211.996 -54 45 -125.986 -137.094 -85.2867 -128.129 
-49 -218.814 -53 46 -131.892 -135.405 -85.7647 -128.21 
-61 -216.068 -52 45 -131.235 -135.065 -83.9874 -127.202 
-67 -217.567 -54 44 -123.968 -133.279 -85.8713 -128.878 
-62 -217.988 -53 45 -131.504 -135.687 -83.0861 -125.759 
-65 -219.878 -55 46 -122.081 -134.047 -87.0056 -128.804 
-67 -217.526 -54 44 -124.541 -133.398 -86.4149 -128.429 
-43 -222.141 -54 45 -126.954 -138.058 -83.8968 -128.931 
-65 -219.837 -55 46 -122.653 -134.167 -87.5492 -128.355 
-65 -220.584 -53 45 -124.336 -136.213 -78.5149 -125.464 
-67 -221.238 -54 45 -126.044 -134.522 -81.0067 -124.412 
-75 -217.168 -54 44 -123.62 -140.138 -81.7753 -127.454 
-53 -218.811 -55 46 -133.107 -137.128 -88.4809 -128.961 
-69 -218.613 -56 45 -123.05 -140.528 -85.2699 -130.472 
-73 -216.115 -55 45 -125.055 -141.042 -84.2253 -130.817 
-81 -216.019 -54 45 -122.849 -138.719 -81.6149 -128.537 
-81 -216.752 -53 45 -126.049 -140.648 -80.5888 -123.607 
-66 -214.247 -53 45 -135.988 -136.855 -88.2212 -126.308 
-67 -215.766 -53 46 -133.794 -136.667 -87.4541 -125.086 
-74 -213.35 -55 46 -130.373 -142.526 -89.899 -130.406 
-75 -214.87 -55 47 -128.18 -142.338 -89.1319 -129.183 
-61 -222.096 -55 45 -123.361 -131.352 -86.0674 -126.397 
-57 -221.383 -52 45 -121.686 -134.662 -76.679 -127.481 
-69 -216.842 -53 45 -128.82 -137.38 -83.65 -126.012 
-81 -219.471 -54 45 -117.845 -132.912 -80.3492 -126.716 
-61 -222.056 -55 45 -123.933 -131.471 -86.611 -125.949 
-62 -218.203 -51 45 -132.87 -135.979 -80.7558 -121.663 
-85 -212.277 -54 45 -127.333 -139.887 -86.7499 -129.085 
-71 -219.436 -53 45 -124.336 -136.213 -78.5149 -125.464 
-85 -213.01 -53 45 -130.532 -141.816 -85.7238 -124.156 
-67 -219.091 -54 44 -118.903 -134.044 -83.6979 -129.706 
-67 -220.644 -56 46 -124.447 -139.115 -84.4214 -128.336 
-82 -212.848 -54 45 -125.614 -142.334 -84.5961 -130.641 
-61 -221.35 -53 45 -124.854 -137.975 -77.9888 -125.512 
-67 -219.05 -54 44 -119.475 -134.163 -84.2415 -129.257 
-57 -218.313 -54 46 -134.541 -136.955 -87.6006 -126.193 
-76 -212.563 -54 44 -127.195 -142.523 -86.5913 -131.308 
-49 -220.387 -53 46 -126.826 -136.17 -83.5913 -129.038 
-83 -216.045 -54 46 -123.04 -140.83 -82.2195 -127.627 
-61 -217.641 -52 45 -126.17 -135.83 -81.814 -128.03 
-63 -217.127 -56 45 -124.314 -142.795 -86.851 -133.961 
-77 -218.82 -54 45 -120.037 -136.114 -80.0536 -127.854 
-62 -219.561 -53 45 -126.438 -136.452 -80.9128 -126.588 
-75 -212.411 -55 46 -126.879 -142.886 -90.6875 -133.135 
-66 -214.462 -51 45 -137.353 -137.147 -85.8909 -122.212 
-67 -219.011 -53 45 -129.402 -135.447 -80.6882 -124.636 
-74 -213.565 -53 46 -131.738 -142.818 -87.5687 -126.31 
-45 -222.555 -53 45 -128.106 -133.475 -82.6531 -126.632 
-81 -215.039 -55 46 -126.642 -137.434 -87.0639 -129.137 
FEATURES_TXT_END_0
FEATURES_TXT_BEGIN_0 95 100 8 Distortion0_0 LM0_0 WordPenalty0_0 PhrasePenalty0_0 TranslationModel0_0 TranslationModel0_1 TranslationModel0_2 TranslationModel0_3 
-68 -201.804 -53 45 -128.312 -124.401 -92.2493 -113.357 
-68 -204.889 -53 45 -123.366 -122.883 -89.3871 -111.989 
-68 -202.831 -54 44 -130.062 -127.026 -89.0194 -114.6 
-64 -198.839 -52 46 -131.05 -126.716 -93.3618 -117.443 
-72 -206.276 -53 46 -123.5 -122.422 -87.4618 -110.395 
-60 -201.182 -53 45 -130.303 -125.153 -93.2105 -117.277 
-82 -204.608 -54 46 -123.667 -121.094 -90.953 -110.316 
-68 -201.822 -53 45 -129.594 -125.215 -92.405 -113.8 
-68 -205.916 -54 44 -125.117 -125.508 -86.1572 -113.233 
-64 -201.924 -52 46 -126.105 -125.198 -90.4996 -116.075 
-60 -204.267 -53 45 -125.358 -123.636 -90.3483 -115.909 
-80 -203.331 -53 45 -122.744 -120.036 -90.2125 -111.957 
-72 -206.044 -53 46 -124.471 -122.585 -87.9318 -110.395 
-68 -202.09 -52 45 -128.357 -124.401 -89.8428 -113.352 
-68 -204.907 -53 45 -124.649 -123.697 -89.5428 -112.432 
-82 -204.376 -54 46 -124.638 -121.258 -91.423 -110.316 
-60 -200.471 -52 46 -130.324 -125.576 -92.8193 -117.298 
-68 -206.092 -53 45 -123.119 -120.836 -89.4016 -111.677 
-68 -208.798 -54 44 -117.977 -117.273 -88.1231 -112.345 
-68 -205.175 -52 45 -123.412 -122.883 -86.9806 -111.984 
-70 -202.84 -51 46 -126.555 -123.724 -87.4759 -111.932 
-56 -205.779 -51 46 -126.555 -123.724 -87.4759 -111.932 
-60 -203.556 -52 46 -125.379 -124.058 -89.9571 -115.93 
-66 -205.183 -52 45 -125.809 -122.161 -87.3247 -111.766 
-80 -203.842 -53 45 -121.728 -119.236 -90.0301 -112.18 
-52 -208.122 -52 45 -125.809 -122.161 -87.3247 -111.766 
-71 -200.643 -53 46 -127.8 -124.381 -95.4796 -115.38 
-62 -201.766 -54 46 -128.717 -126.151 -94.1171 -118.932 
-62 -201.707 -53 47 -129.425 -127.082 -94.014 -116.843 
-68 -197.933 -53 47 -133.122 -129.46 -95.5615 -118.484 
-68 -205.459 -52 45 -123.469 -122.883 -86.3158 -111.984 
-82 -204.666 -53 46 -123.168 -121.094 -88.245 -110.31 
-78 -201.271 -53 45 -129.755 -124.295 -90.6399 -112.664 
-70 -205.925 -51 46 -121.61 -122.206 -84.6137 -110.565 
-56 -205.753 -51 46 -124.52 -121.078 -88.4167 -113.23 
-60 -201.526 -53 45 -130.806 -125.954 -93.2648 -117.011 
-56 -208.864 -51 46 -121.61 -122.206 -84.6137 -110.565 
-58 -204.05 -54 46 -128.678 -125.519 -93.8627 -116.677 
-64 -200.276 -54 46 -132.375 -127.898 -95.4103 -118.318 
-68 -203.879 -54 46 -127.979 -125.207 -92.4807 -114.302 
-66 -208.268 -52 45 -120.863 -120.643 -84.4625 -110.398 
-52 -208.096 -52 45 -123.774 -119.515 -88.2655 -113.064 
-74 -196.3 -51 46 -134.207 -127.466 -92.7718 -115.767 
-52 -211.207 -52 45 -120.863 -120.643 -84.4625 -110.398 
-71 -203.728 -53 46 -122.855 -122.863 -92.6174 -114.012 
-62 -204.85 -54 46 -123.772 -124.633 -91.2549 -117.564 
-68 -205.208 -53 44 -122.531 -124.084 -87.233 -114.101 
-62 -204.792 -53 47 -124.48 -125.564 -91.1518 -115.475 
-68 -201.018 -53 47 -128.177 -127.942 -92.6993 -117.117 
-68 -204.968 -54 46 -129.883 -126 -92.0516 -111.534 
-78 -204.356 -53 45 -124.81 -122.777 -87.7777 -111.296 
-66 -204.472 -51 46 -125.83 -122.583 -86.9335 -111.787 
-52 -207.411 -51 46 -125.83 -122.583 -86.9335 -111.787 
-56 -208.838 -51 46 -119.575 -119.56 -85.5546 -111.862 
-60 -204.611 -53 45 -125.861 -124.437 -90.4026 -115.643 
-82 -204.434 -53 46 -124.138 -121.258 -88.715 -110.31 
-70 -198.643 -52 45 -133.46 -125.903 -92.6205 -115.6 
-72 -207.303 -54 45 -125.251 -125.047 -84.2318 -111.638 
-58 -207.135 -54 46 -123.733 -124.001 -91.0005 -115.309 
-68 -203.311 -52 47 -126.238 -124.737 -88.5742 -114.481 
-64 -203.361 -54 46 -127.43 -126.38 -92.5481 -116.951 
-78 -207.196 -53 45 -119.822 -118.111 -86.0408 -110.36 
-60 -202.209 -54 44 -132.054 -127.779 -89.9805 -118.52 
-60 -200.815 -52 46 -130.827 -126.377 -92.8736 -117.032 
-82 -205.635 -55 45 -125.417 -123.719 -87.7231 -111.559 
-68 -206.964 -54 46 -123.034 -123.689 -89.6185 -112.934 
-78 -201.643 -53 47 -126.405 -123.41 -92.0654 -114.402 
-68 -200.852 -53 45 -135.459 -127.823 -92.4274 -113.398 
-52 -211.181 -52 45 -118.828 -117.997 -85.4033 -111.696 
-74 -199.385 -51 46 -129.262 -125.948 -89.9096 -114.399 
-58 -203.339 -53 47 -128.699 -125.941 -93.4715 -116.698 
-66 -200.102 -54 46 -131.227 -127.758 -96.3809 -118.262 
-64 -199.565 -53 47 -132.396 -128.32 -95.0191 -118.34 
-68 -208.293 -53 44 -117.586 -122.567 -84.3708 -112.734 
-64 -198.857 -52 46 -132.332 -127.53 -93.5174 -117.885 
-64 -201.468 -54 47 -129.954 -127.522 -94.9929 -118.393 
-64 -200.799 -53 47 -129.792 -127.522 -93.2269 -118.388 
-64 -205.654 -53 46 -125.492 -123.175 -88.4229 -114.314 
-66 -207.557 -51 46 -120.885 -121.066 -84.0713 -110.42 
-52 -207.385 -51 46 -123.795 -119.937 -87.8743 -113.085 
-52 -210.496 -51 46 -120.885 -121.066 -84.0713 -110.42 
-72 -206.294 -53 46 -124.783 -123.236 -87.6174 -110.837 
-74 -203.986 -54 46 -125.659 -121.847 -91.9142 -114.235 
-68 -204.736 -54 46 -130.854 -126.164 -92.5216 -111.534 
-64 -203.475 -52 45 -128.357 -124.401 -89.8428 -113.352 
-70 -201.728 -52 45 -128.515 -124.385 -89.7583 -114.233 
-82 -204.764 -53 46 -122.984 -121.339 -89.0071 -110.334 
-68 -203.676 -54 45 -127.063 -123.674 -92.9887 -115.052 
-78 -201.36 -53 45 -129.965 -122.862 -94.0411 -111.52 
-60 -201.2 -53 45 -131.586 -125.967 -93.3661 -117.719 
-60 -203.811 -55 46 -129.207 -125.96 -94.8416 -118.227 
-60 -203.143 -54 46 -129.045 -125.96 -93.0756 -118.221 
-60 -205.294 -54 44 -127.109 -126.261 -87.1183 -117.152 
-82 -204.626 -54 46 -124.949 -121.908 -91.1087 -110.758 
-80 -204.358 -54 44 -124.494 -122.661 -86.9825 -113.2 
-60 -203.9 -52 46 -125.882 -124.859 -90.0114 -115.665 
-72 -207.071 -54 45 -126.222 -125.211 -84.7018 -111.638 
-76 -200.366 -52 46 -125.482 -122.351 -91.3249 -116.042 
-68 -203.079 -52 47 -127.209 -124.901 -89.0442 -114.481 
-70 -197.932 -51 46 -133.481 -126.325 -92.2293 -115.622 
FEATURES_TXT_END_0
FEATURES_TXT_BEGIN_0 96 55 8 Distortion0_0 LM0_0 WordPenalty0_0 PhrasePenalty0_0 TranslationModel0_0 TranslationModel0_1 TranslationModel0_2 TranslationModel0_3 
-78 -226.009 -63 50 -150.14 -184.277 -88.0687 -143.918 
-76 -227.214 -62 49 -148.426 -178.48 -85.6376 -143.157 
-78 -225.655 -63 50 -150.178 -184.358 -88.6146 -144.455 
-81 -224.675 -63 51 -153.1 -183.371 -92.36 -142.637 
-76 -226.86 -62 49 -148.464 -178.561 -86.1834 -143.694 
-79 -225.88 -62 50 -151.386 -177.574 -89.9288 -141.876 
-81 -224.321 -63 51 -153.138 -183.452 -92.9058 -143.174 
-78 -225.726 -63 50 -149.986 -184.318 -88.8797 -144.746 
-79 -225.526 -62 50 -151.424 -177.655 -90.4747 -142.413 
-78 -226.058 -63 51 -151.177 -184.615 -88.8951 -144.083 
-76 -226.931 -62 49 -148.272 -178.521 -86.4485 -143.985 
-78 -228.729 -63 50 -149.961 -179.267 -88.7619 -140.54 
-76 -227.263 -62 50 -149.463 -178.818 -86.4639 -143.322 
-86 -228.269 -64 49 -147.231 -178.535 -88.3511 -141.699 
-78 -225.704 -63 51 -151.216 -184.696 -89.4409 -144.621 
-81 -224.392 -63 51 -152.946 -183.412 -93.1709 -143.465 
-81 -224.724 -63 52 -154.137 -183.709 -93.1864 -142.802 
-78 -223.734 -63 50 -154.3 -188.71 -89.0338 -145.806 
-78 -228.375 -63 50 -150 -179.348 -89.3077 -141.078 
-76 -226.909 -62 50 -149.502 -178.899 -87.0098 -143.86 
-86 -227.915 -64 49 -147.27 -178.616 -88.8969 -142.237 
-79 -225.597 -62 50 -151.232 -177.615 -90.7398 -142.704 
-81 -227.396 -63 51 -152.922 -178.362 -93.0532 -139.259 
-79 -225.929 -62 51 -152.423 -177.912 -90.7552 -142.041 
-89 -226.935 -64 50 -150.191 -177.629 -92.6423 -140.418 
-76 -224.939 -62 49 -152.586 -182.913 -86.6026 -145.046 
-81 -224.37 -63 52 -154.176 -183.79 -93.7322 -143.34 
-84 -229.572 -63 48 -145.517 -172.738 -85.9199 -140.938 
-78 -223.557 -64 50 -154.31 -184.735 -94.512 -146.587 
-78 -228.754 -63 50 -149.73 -178.359 -89.0823 -141.093 
-78 -229.105 -63 50 -146.931 -179.528 -87.5832 -142.269 
-81 -222.4 -63 51 -157.26 -187.804 -93.3251 -144.526 
-81 -227.042 -63 51 -152.96 -178.442 -93.599 -139.797 
-78 -225.775 -63 51 -151.024 -184.656 -89.706 -144.912 
-79 -225.576 -62 51 -152.462 -177.993 -91.301 -142.579 
-82 -225.926 -63 50 -150.14 -184.277 -88.0687 -143.918 
-89 -226.581 -64 50 -150.23 -177.71 -93.1881 -140.956 
-76 -224.762 -63 49 -152.596 -178.938 -92.0808 -145.826 
-84 -229.218 -63 48 -145.556 -172.819 -86.4657 -141.476 
-78 -223.203 -64 50 -154.349 -184.816 -95.0578 -147.125 
-79 -223.605 -62 50 -155.546 -182.007 -90.8939 -143.765 
-78 -228.446 -63 50 -149.808 -179.308 -89.5728 -141.368 
-78 -228.4 -63 50 -149.769 -178.439 -89.6282 -141.631 
-78 -228.751 -63 50 -146.97 -179.609 -88.1291 -142.806 
-87 -228.238 -63 49 -148.477 -171.832 -90.2111 -139.657 
-76 -226.98 -62 50 -149.31 -178.859 -87.2749 -144.151 
-80 -227.131 -62 49 -148.426 -178.48 -85.6376 -143.157 
-86 -227.986 -64 49 -147.078 -178.576 -89.162 -142.528 
-81 -222.224 -64 51 -157.27 -183.83 -98.8032 -145.306 
-78 -228.779 -63 51 -150.999 -179.605 -89.5883 -140.705 
-82 -225.572 -63 50 -150.178 -184.358 -88.6146 -144.455 
-76 -224.408 -63 49 -152.635 -179.019 -92.6266 -146.364 
-81 -227.42 -63 51 -152.69 -177.453 -93.3736 -139.812 
-81 -227.771 -63 51 -149.891 -178.623 -91.8745 -140.988 
-86 -228.318 -64 50 -148.269 -178.873 -89.1774 -141.865 
FEATURES_TXT_END_0
FEATURES_TXT_BEGIN_0 97 99 8 Distortion0_0 LM0_0 WordPenalty0_0 PhrasePenalty0_0 TranslationModel0_0 TranslationModel0_1 TranslationModel0_2 TranslationModel0_3 
-84 -173.148 -45 42 -124.201 -135.546 -59.3999 -94.3762 
-84 -171.6 -46 42 -128.035 -135.923 -64.3929 -95.171 
-88 -171.198 -46 43 -125.772 -134.979 -64.4531 -96.0984 
-84 -167.554 -45 42 -133.591 -140.422 -68.0552 -95.3606 
-64 -176.128 -46 41 -124.752 -128.689 -63.6369 -97.9431 
-90 -170.554 -45 42 -124.084 -137.107 -60.3753 -96.7696 
-64 -174.58 -47 41 -128.586 -129.066 -68.6299 -98.7379 
-90 -172.45 -45 42 -123.844 -135.546 -59.2457 -94.3762 
-94 -173.124 -46 42 -117.998 -127.955 -59.6143 -97.9659 
-90 -169.005 -46 42 -127.918 -137.484 -65.3683 -97.5644 
-94 -168.603 -46 43 -125.655 -136.539 -65.4286 -98.4919 
-84 -172.201 -45 42 -127.988 -135.706 -63.1199 -93.3298 
-90 -170.902 -46 42 -127.678 -135.923 -64.2387 -95.171 
-94 -170.5 -46 43 -125.415 -134.979 -64.299 -96.0984 
-94 -171.576 -47 42 -121.832 -128.332 -64.6073 -98.7607 
-98 -171.174 -47 43 -119.569 -127.387 -64.6676 -99.6881 
-84 -172.948 -44 42 -124.493 -135.546 -57.4539 -94.3708 
-88 -173.953 -45 42 -123.46 -134.131 -58.7067 -93.3838 
-84 -171.4 -45 42 -128.328 -135.923 -62.447 -95.1656 
-88 -170.998 -45 43 -126.065 -134.979 -62.5072 -96.093 
-88 -172.405 -46 42 -127.294 -134.508 -63.6997 -94.1785 
-92 -172.002 -46 43 -125.031 -133.564 -63.76 -95.106 
-90 -164.959 -45 42 -133.474 -141.982 -69.0307 -97.754 
-90 -166.855 -45 42 -133.234 -140.422 -67.9011 -95.3606 
-70 -173.533 -46 41 -124.635 -130.25 -64.6124 -100.337 
-94 -167.529 -46 42 -127.388 -132.83 -68.2697 -98.9503 
-92 -170.58 -45 42 -128.694 -139.336 -63.7361 -92.2203 
-84 -174.945 -45 42 -123.46 -134.131 -58.7067 -93.3838 
-90 -174.041 -46 43 -123.358 -130.808 -61.7346 -94.6638 
-64 -175.928 -45 42 -127.979 -131.456 -63.8271 -95.1807 
-70 -175.43 -46 41 -124.395 -128.689 -63.4828 -97.9431 
-84 -174.767 -46 42 -123.552 -135.546 -61.1916 -94.3816 
-74 -176.104 -47 41 -118.548 -121.098 -63.8514 -101.533 
-70 -171.985 -47 41 -128.469 -130.626 -69.6054 -101.131 
-84 -173.396 -46 42 -127.294 -134.508 -63.6997 -94.1785 
-90 -172.493 -47 43 -127.192 -131.185 -66.7276 -95.4586 
-88 -172.994 -46 43 -125.031 -133.564 -63.76 -95.106 
-94 -172.09 -47 44 -124.929 -130.241 -66.7878 -96.386 
-92 -173.705 -46 43 -123.358 -130.808 -61.7346 -94.6638 
-96 -169.855 -45 42 -123.727 -137.107 -60.2211 -96.7696 
-84 -167.353 -44 42 -133.883 -140.422 -66.1093 -95.3552 
-64 -174.38 -46 42 -131.813 -131.833 -68.8201 -95.9755 
-64 -175.181 -46 41 -128.539 -128.849 -67.357 -96.8968 
-100 -170.529 -46 42 -117.88 -129.515 -60.5897 -100.359 
-70 -173.882 -47 41 -128.229 -129.066 -68.4758 -98.7379 
-84 -173.218 -47 42 -127.386 -135.923 -66.1846 -95.1764 
-88 -172.816 -47 43 -125.123 -134.979 -66.2449 -96.1039 
-74 -174.556 -48 41 -122.383 -121.474 -68.8444 -102.328 
-88 -168.358 -45 42 -132.849 -139.007 -67.3621 -94.3682 
-64 -175.928 -45 41 -125.044 -128.689 -61.691 -97.9377 
-92 -172.156 -47 43 -127.192 -131.185 -66.7276 -95.4586 
-90 -169.606 -45 42 -127.871 -137.267 -64.0953 -95.7233 
-96 -171.754 -47 44 -124.929 -130.241 -66.7878 -96.386 
-96 -168.307 -46 42 -127.561 -137.484 -65.2142 -97.5644 
-100 -167.905 -46 43 -125.298 -136.539 -65.2744 -98.4919 
-68 -176.933 -46 41 -124.01 -127.274 -62.9438 -96.9507 
-100 -168.981 -47 42 -121.715 -129.892 -65.5827 -101.154 
-104 -168.579 -47 43 -119.452 -128.948 -65.643 -102.082 
-84 -172.766 -45 42 -127.698 -135.463 -62.7622 -93.4183 
-72 -176.684 -47 42 -123.909 -123.951 -65.9716 -98.2307 
-90 -170.353 -44 42 -124.376 -137.107 -58.4294 -96.7642 
-90 -171.503 -45 42 -127.631 -135.706 -62.9658 -93.3298 
-94 -172.177 -46 42 -121.785 -128.115 -63.3344 -96.9195 
-64 -174.38 -46 41 -128.878 -129.066 -66.684 -98.7325 
-94 -171.358 -45 42 -123.342 -135.692 -59.6821 -95.7772 
-68 -175.384 -47 41 -127.844 -127.651 -67.9368 -97.7454 
-92 -171.608 -45 42 -122.153 -134.253 -61.3739 -96.1327 
-84 -169.35 -45 42 -132.849 -139.007 -67.3621 -94.3682 
-90 -168.446 -46 43 -132.748 -135.683 -70.3899 -95.6482 
-90 -168.805 -45 42 -128.21 -137.484 -63.4224 -97.559 
-88 -173.435 -45 42 -123.844 -135.546 -59.2457 -94.3762 
-94 -168.403 -45 43 -125.947 -136.539 -63.4827 -98.4865 
-94 -170.604 -45 42 -128.385 -138.6 -63.3684 -92.4302 
-94 -169.81 -46 42 -127.176 -136.069 -64.6752 -96.572 
-98 -169.407 -46 43 -124.913 -135.125 -64.7354 -97.4994 
-84 -169.172 -46 42 -132.942 -140.422 -69.847 -95.366 
-84 -172.001 -44 42 -128.28 -135.706 -61.174 -93.3244 
-84 -172.742 -45 42 -128.007 -136.2 -63.13 -93.2084 
-72 -173.559 -46 41 -129.244 -132.479 -67.9732 -95.7872 
-64 -177.924 -46 41 -124.01 -127.274 -62.9438 -96.9507 
-70 -177.021 -47 42 -123.909 -123.951 -65.9716 -98.2307 
-92 -170.059 -46 42 -125.987 -134.63 -66.367 -96.9275 
-96 -169.657 -46 43 -123.724 -133.686 -66.4272 -97.8549 
-88 -173.006 -45 42 -127.246 -134.292 -62.4268 -92.3374 
-88 -171.886 -46 42 -127.678 -135.923 -64.2387 -95.171 
-92 -171.484 -46 43 -125.415 -134.979 -64.299 -96.0984 
-64 -177.746 -47 41 -124.103 -128.689 -65.4287 -97.9485 
-92 -168.11 -46 43 -132.748 -135.683 -70.3899 -95.6482 
-96 -173.343 -46 42 -117.998 -127.955 -59.6143 -97.9659 
-96 -164.261 -45 42 -133.117 -141.982 -68.8765 -97.754 
-100 -164.934 -46 42 -127.27 -134.391 -69.2451 -101.344 
-98 -167.985 -45 42 -128.576 -140.897 -64.7115 -94.6137 
-90 -172.35 -45 42 -123.342 -135.692 -59.6821 -95.7772 
-96 -171.446 -46 43 -123.241 -132.369 -62.71 -97.0572 
-88 -173.753 -44 42 -123.752 -134.131 -56.7608 -93.3783 
-94 -170.555 -45 42 -128.694 -139.336 -63.7361 -92.2203 
-64 -176.376 -47 41 -127.844 -127.651 -67.9368 -97.7454 
-70 -175.472 -48 42 -127.743 -124.328 -70.9646 -99.0255 
-84 -172.823 -45 42 -127.988 -135.706 -63.1199 -93.3298 
FEATURES_TXT_END_0
FEATURES_TXT_BEGIN_0 98 100 8 Distortion0_0 LM0_0 WordPenalty0_0 PhrasePenalty0_0 TranslationModel0_0 TranslationModel0_1 TranslationModel0_2 TranslationModel0_3 
-24 -123.859 -30 26 -43.129 -64.92 -31.1146 -54.7036 
-24 -123.65 -30 26 -43.3635 -66.211 -30.7091 -55.1455 
-24 -123.582 -29 26 -43.6467 -64.1652 -30.016 -53.9874 
-24 -123.872 -30 26 -44.198 -64.4977 -31.3655 -54.6769 
-24 -124.01 -29 26 -45.4738 -63.3987 -30.4215 -52.3502 
-24 -123.663 -30 26 -44.4326 -65.7887 -30.96 -55.1187 
-24 -123.594 -29 26 -44.7157 -63.7429 -30.2668 -53.9606 
-24 -124.023 -29 26 -46.5428 -62.9764 -30.6723 -52.3235 
-22 -124.912 -30 26 -46.065 -63.8789 -31.8355 -53.1858 
-24 -123.85 -29 25 -42.3763 -64.92 -28.9539 -54.6982 
-24 -125.061 -30 26 -42.8815 -62.8729 -31.1291 -54.3915 
-22 -124.703 -30 26 -46.2996 -65.1699 -31.43 -53.6276 
-24 -123.641 -29 25 -42.6109 -66.211 -28.5485 -55.14 
-24 -124.852 -30 26 -43.1161 -64.1639 -30.7236 -54.8333 
-22 -125.433 -30 26 -44.9959 -64.3012 -31.5846 -53.2125 
-24 -125.44 -30 26 -45.0866 -64.6853 -31.1146 -52.5839 
-22 -124.634 -29 26 -46.5827 -63.1241 -30.7368 -52.4695 
-24 -123.509 -28 26 -48.3359 -63.3556 -30.2925 -50.9058 
-24 -123.668 -29 26 -45.9911 -64.8769 -30.9856 -53.2592 
-22 -125.062 -29 26 -48.4098 -62.3576 -31.1423 -50.8324 
-18 -125.387 -30 26 -44.1074 -64.1136 -31.8355 -55.3055 
-24 -123.572 -28 25 -42.894 -64.1652 -27.8553 -53.9819 
-24 -123.863 -29 25 -43.4454 -64.4977 -29.2048 -54.6715 
-24 -124.001 -28 25 -44.7211 -63.3987 -28.2608 -52.3448 
-22 -125.224 -30 26 -45.2305 -65.5922 -31.1791 -53.6543 
-24 -125.543 -30 26 -45.0866 -64.6853 -31.1146 -52.5839 
-24 -124.783 -29 26 -43.3992 -62.1181 -30.0305 -53.6752 
-24 -125.231 -30 26 -45.3212 -65.9763 -30.7091 -53.0257 
-24 -125.212 -29 26 -45.2263 -61.3516 -30.436 -52.0381 
-24 -123.601 -30 26 -43.7557 -65.7314 -32.8152 -55.7928 
-18 -125.178 -30 26 -44.3419 -65.4046 -31.43 -55.7473 
-24 -123.654 -29 25 -43.6799 -65.7887 -28.7993 -55.1133 
-24 -125.334 -30 26 -45.3212 -65.9763 -30.7091 -53.0257 
-22 -125.155 -29 26 -45.5136 -63.5464 -30.486 -52.4963 
-24 -125.162 -29 26 -45.6043 -63.9305 -30.016 -51.8676 
-24 -123.392 -30 26 -43.9902 -67.0224 -32.4097 -56.2346 
-22 -125.584 -29 26 -47.3407 -62.7799 -30.8915 -50.8591 
-24 -125.453 -30 26 -46.1556 -64.263 -31.3655 -52.5571 
-18 -125.908 -30 26 -43.0383 -64.5359 -31.5846 -55.3322 
-24 -123.522 -28 26 -49.4049 -62.9333 -30.5433 -50.879 
-24 -123.681 -29 26 -47.0601 -64.4546 -31.2365 -53.2324 
-24 -125.591 -29 26 -47.4314 -63.1639 -30.4215 -50.2305 
-18 -125.109 -29 26 -44.6251 -63.3588 -30.7368 -54.5892 
-24 -123.585 -28 25 -43.9631 -63.7429 -28.1062 -53.9552 
-18 -125.537 -29 26 -46.4521 -62.5923 -31.1423 -52.9521 
-24 -122.777 -30 26 -44.3253 -65.4759 -34.4593 -56.6378 
-24 -124.014 -28 25 -45.7902 -62.9764 -28.5116 -52.3181 
-24 -125.266 -29 26 -45.6043 -63.9305 -30.016 -51.8676 
-24 -125.556 -30 26 -46.1556 -64.263 -31.3655 -52.5571 
-24 -125.694 -29 26 -47.4314 -63.1639 -30.4215 -50.2305 
-24 -125.186 -30 26 -42.7866 -64.3613 -31.3348 -54.8363 
-24 -125.244 -30 26 -46.3902 -65.554 -30.96 -52.999 
-22 -124.902 -29 25 -45.3123 -63.8789 -29.6748 -53.1803 
-18 -125.699 -30 26 -43.2729 -65.8269 -31.1791 -55.7741 
-24 -123.324 -29 26 -44.2734 -64.9766 -31.7166 -55.0765 
-24 -123.614 -30 26 -44.8247 -65.3091 -33.0661 -55.766 
-24 -123.752 -29 26 -46.1004 -64.21 -32.1221 -53.4394 
-24 -122.568 -30 26 -44.5598 -66.7669 -34.0539 -57.0796 
-22 -125.69 -30 26 -45.7227 -63.3202 -32.0556 -53.3184 
-24 -125.347 -30 26 -46.3902 -65.554 -30.96 -52.999 
-24 -125.052 -29 25 -42.1289 -62.8729 -28.9684 -54.3861 
-24 -124.977 -30 26 -43.0212 -65.6523 -30.9293 -55.2781 
-22 -124.693 -29 25 -45.5469 -65.1699 -29.2693 -53.6222 
-22 -125.042 -30 26 -44.1074 -64.1136 -31.8355 -55.3055 
-24 -125.175 -29 26 -46.6733 -63.5082 -30.2668 -51.8409 
-24 -123.405 -30 26 -45.0593 -66.6001 -32.6606 -56.2079 
-22 -126.433 -30 26 -45.0866 -64.6853 -31.1146 -52.5839 
-18 -125.63 -29 26 -43.556 -63.7811 -30.486 -54.616 
-24 -123.914 -29 26 -46.2257 -66.1679 -30.5802 -53.701 
-24 -125.603 -29 26 -48.5004 -62.7416 -30.6723 -50.2038 
-18 -126.059 -29 26 -45.3831 -63.0146 -30.8915 -52.9789 
-22 -125.481 -30 26 -45.9572 -64.6112 -31.6501 -53.7603 
-14 -126.807 -30 26 -44.1074 -64.1136 -31.8355 -55.3055 
-22 -125.824 -30 26 -46.065 -63.8789 -31.8355 -53.1858 
-22 -124.561 -28 26 -51.2719 -62.3145 -31.0134 -49.3879 
-24 -124.843 -29 25 -42.3634 -64.1639 -28.563 -54.8279 
-24 -122.499 -29 26 -44.843 -64.7211 -33.3607 -55.9215 
-22 -124.721 -29 26 -48.9271 -63.8358 -31.7065 -51.7413 
-24 -124.775 -30 26 -45.7133 -65.4967 -32.8152 -53.6731 
-24 -122.79 -30 26 -45.3943 -65.0536 -34.7102 -56.611 
-22 -125.424 -29 25 -44.2433 -64.3012 -29.4239 -53.2071 
-22 -124.833 -30 26 -44.3419 -65.4046 -31.43 -55.7473 
-24 -125.278 -29 26 -46.6733 -63.5082 -30.2668 -51.8409 
-24 -122.928 -29 26 -46.6701 -63.9546 -33.7662 -54.2844 
-22 -122.173 -29 25 -48.4051 -66.319 -33.6543 -54.7084 
-24 -125.431 -29 25 -44.334 -64.6853 -28.9539 -52.5785 
-24 -124.908 -29 26 -43.3043 -63.6065 -30.2361 -54.12 
-22 -124.624 -28 25 -45.83 -63.1241 -28.5762 -52.4641 
-24 -123.5 -27 25 -47.5832 -63.3556 -28.1318 -50.9004 
-24 -123.659 -28 25 -45.2384 -64.8769 -28.825 -53.2538 
-22 -126.224 -30 26 -45.3212 -65.9763 -30.7091 -53.0257 
-24 -125.707 -29 26 -48.5004 -62.7416 -30.6723 -50.2038 
-24 -125.198 -30 26 -43.8557 -63.939 -31.5856 -54.8095 
-14 -127.372 -31 26 -44.6338 -64.1136 -33.953 -55.3109 
-22 -126.635 -30 26 -44.7485 -62.2541 -31.5991 -52.9004 
-24 -125.336 -29 26 -45.1314 -62.8399 -30.6416 -52.4829 
-22 -125.053 -28 25 -47.6571 -62.3576 -28.9816 -50.827 
-24 -123.336 -29 26 -45.3424 -64.5543 -31.9674 -55.0498 
-18 -125.377 -29 25 -43.3547 -64.1136 -29.6748 -55.3001 
-24 -126.642 -30 26 -44.8391 -62.6382 -31.1291 -52.2717 
FEATURES_TXT_END_0
FEATURES_TXT_BEGIN_0 99 27 8 Distortion0_0 LM0_0 WordPenalty0_0 PhrasePenalty0_0 TranslationModel0_0 TranslationModel0_1 TranslationModel0_2 TranslationModel0_3 
-67 -153.544 -49 38 -75.0561 -79.7409 -59.4973 -92.1698 
-67 -153.049 -48 38 -74.2458 -80.1632 -57.6205 -92.1912 
-67 -154.676 -49 38 -76.1953 -80.8523 -56.922 -90.7796 
-67 -154.182 -48 38 -75.3849 -81.2746 -55.0451 -90.8009 
-67 -154.282 -49 38 -74.5751 -79.4659 -59.5788 -91.5817 
-67 -153.411 -48 38 -74.2458 -79.4541 -56.9274 -92.521 
-67 -153.787 -48 38 -73.7647 -79.8882 -57.702 -91.6031 
-67 -153.994 -49 38 -75.0561 -79.0318 -58.8042 -92.4996 
-67 -155.414 -49 38 -75.7142 -80.5773 -57.0034 -90.1915 
-67 -154.543 -48 38 -75.3849 -80.5655 -54.352 -91.1307 
-67 -154.92 -48 38 -74.9039 -80.9996 -55.1266 -90.2129 
-67 -155.126 -49 38 -76.1953 -80.1432 -56.2288 -91.1094 
-67 -152.222 -49 38 -77.0298 -82.8949 -61.218 -93.2513 
-67 -154.148 -48 38 -73.7647 -79.1791 -57.0089 -91.9329 
-67 -154.731 -49 38 -74.5751 -78.7568 -58.8857 -91.9116 
-67 -151.727 -48 38 -76.2195 -83.3172 -59.3412 -93.2726 
-67 -153.354 -49 38 -78.169 -84.0064 -58.6426 -91.8611 
-67 -155.281 -48 38 -74.9039 -80.2905 -54.4335 -90.5427 
-67 -155.864 -49 38 -75.7142 -79.8682 -56.3103 -90.5213 
-67 -154.975 -49 39 -77.2329 -81.1903 -57.7483 -90.9451 
-67 -152.86 -48 38 -77.3586 -84.4287 -56.7658 -91.8824 
-51 -153.653 -46 40 -85.5789 -85.0971 -57.6169 -88.8097 
-67 -154.481 -48 39 -76.4225 -81.6126 -55.8715 -90.9664 
-67 -155.616 -48 37 -74.5597 -79.2275 -53.5008 -90.4888 
-51 -153.158 -45 40 -84.7686 -85.5194 -55.7401 -88.831 
-51 -158.616 -47 39 -76.919 -81.1025 -54.4237 -88.0321 
-67 -155.122 -47 37 -73.7494 -79.6498 -51.624 -90.5101 
FEATURES_TXT_END_0
FEATURES_TXT_BEGIN_0 100 100 8 Distortion0_0 LM0_0 WordPenalty0_0 PhrasePenalty0_0 TranslationModel0_0 TranslationModel0_1 TranslationModel0_2 TranslationModel0_3 
-44 -99.6882 -30 24 -72.0026 -78.348 -38.1077 -55.1876 
-44 -99.3331 -30 24 -72.2501 -80.3951 -38.0932 -55.4998 
-47 -101.965 -30 25 -69.1708 -72.33 -37.1168 -54.6035 
-47 -101.61 -30 25 -69.4183 -74.3771 -37.1023 -54.9156 
-44 -102.472 -31 24 -69.218 -77.6055 -38.4539 -55.3142 
-44 -101.147 -30 24 -71.7552 -76.301 -38.1222 -54.8755 
-44 -102.117 -31 24 -69.4655 -79.6526 -38.4394 -55.6263 
-44 -100.791 -30 24 -72.0026 -78.348 -38.1077 -55.1876 
-47 -100.931 -30 24 -68.1517 -73.2351 -38.3586 -56.6794 
-44 -100.167 -30 24 -73.3192 -79.9728 -38.3441 -55.473 
-44 -100.712 -30 24 -73.0717 -77.9257 -38.3586 -55.1609 
-47 -100.576 -30 24 -68.3992 -75.2822 -38.3441 -56.9916 
-47 -100.461 -30 24 -71.4595 -78.0278 -38.203 -55.3355 
-42 -102.202 -29 23 -67.1365 -78.8072 -34.7851 -55.0047 
-44 -100.357 -30 24 -73.3191 -79.9728 -38.3441 -55.473 
-47 -100.106 -30 24 -71.707 -80.0749 -38.1885 -55.6477 
-42 -101.847 -29 23 -67.3839 -80.8543 -34.7706 -55.3169 
-42 -102.062 -29 22 -67.9599 -79.8031 -32.5753 -55.5519 
-42 -103.452 -30 25 -68.7647 -76.8629 -33.7397 -56.4463 
-42 -101.707 -29 22 -68.2074 -81.8502 -32.5608 -55.864 
-42 -103.097 -30 25 -69.0122 -78.91 -33.7252 -56.7585 
-47 -100.489 -30 24 -73.0717 -77.9257 -38.3586 -55.1609 
-50 -99.8589 -30 25 -74.5673 -79.2566 -38.6232 -54.6343 
-47 -100.134 -30 24 -73.3191 -79.9728 -38.3441 -55.473 
-47 -102.444 -30 25 -70.4873 -73.9547 -37.3531 -54.8889 
-50 -102.193 -32 26 -66.4429 -68.6121 -38.6811 -61.6822 
-42 -104.755 -31 24 -65.4097 -75.8111 -34.6767 -57.8695 
-52 -99.5819 -28 22 -70.1999 -81.402 -31.8203 -53.9484 
-44 -100.565 -30 24 -71.4794 -76.3637 -40.0603 -56.9437 
-45 -104.479 -29 24 -64.3046 -72.7891 -33.7942 -54.4206 
-42 -104.598 -31 24 -65.1785 -74.9026 -34.9971 -58.4228 
-50 -101.838 -32 26 -66.6903 -70.6592 -38.6666 -61.9944 
-42 -103.74 -30 25 -68.5335 -75.9544 -34.0601 -56.9997 
-51 -100.766 -30 24 -71.7552 -76.301 -38.1222 -54.8755 
-42 -104.399 -31 24 -65.6572 -77.8582 -34.6622 -58.1816 
-38 -104.832 -30 23 -66.4997 -77.8987 -35.1056 -55.5635 
-52 -99.2267 -28 22 -70.4474 -83.4491 -31.8058 -54.2606 
-44 -100.21 -30 24 -71.7269 -78.4108 -40.0458 -57.2559 
-45 -104.124 -29 24 -64.5521 -74.8362 -33.7797 -54.7327 
-46 -102.237 -30 25 -66.5917 -66.5219 -37.0242 -59.7538 
-50 -103.232 -31 26 -63.2955 -63.0308 -37.2789 -61.253 
-45 -104.339 -29 23 -65.1281 -73.7851 -31.5844 -54.9677 
-42 -104.243 -31 24 -65.426 -76.9497 -34.9826 -58.7349 
-44 -102.951 -31 24 -70.5345 -79.2303 -38.6902 -55.5996 
-42 -103.385 -30 25 -68.781 -78.0015 -34.0456 -57.3118 
-45 -105.729 -30 26 -65.9329 -70.8448 -32.7487 -55.8622 
-51 -100.411 -30 24 -72.0026 -78.348 -38.1077 -55.1876 
-38 -104.477 -30 23 -66.7472 -79.9458 -35.0911 -55.8756 
-44 -101.625 -30 24 -73.0717 -77.9257 -38.3586 -55.1609 
-46 -101.882 -30 25 -66.8392 -68.569 -37.0097 -60.066 
-50 -102.877 -31 26 -63.543 -65.0779 -37.2644 -61.5652 
-45 -103.983 -29 23 -65.3755 -75.8322 -31.5699 -55.2799 
-34 -102.944 -31 24 -71.3081 -79.4884 -41.0551 -58.0623 
-45 -105.374 -30 26 -66.1804 -72.8919 -32.7342 -56.1744 
-50 -100.458 -29 24 -72.3495 -78.7689 -37.3402 -53.6125 
-44 -103.224 -31 24 -71.1917 -78.348 -38.8008 -55.193 
-42 -104.986 -30 23 -64.3518 -78.0646 -35.1313 -55.1313 
-49 -103.349 -31 25 -68.6029 -72.5699 -39.3147 -55.7328 
-54 -99.0667 -29 24 -74.2426 -79.9469 -37.3527 -53.5842 
-42 -103.661 -29 23 -66.889 -76.7601 -34.7996 -54.6926 
-53 -102.136 -30 26 -71.7354 -73.2385 -37.6322 -54.0502 
-44 -102.815 -30 24 -67.6086 -72.9148 -38.4539 -56.8274 
-46 -101.823 -30 25 -70.9155 -74.8643 -37.3536 -57.0252 
-34 -102.589 -31 24 -71.5556 -81.5355 -41.0406 -58.3745 
-47 -101.409 -30 24 -69.4682 -74.8599 -38.5949 -56.9648 
-50 -100.103 -29 24 -72.597 -80.816 -37.3257 -53.9247 
-44 -102.869 -31 24 -71.4392 -80.3951 -38.7863 -55.5052 
-50 -100.085 -30 25 -74.8148 -81.3036 -38.6087 -54.9465 
-42 -102.113 -28 23 -71.3149 -80.855 -31.6383 -54.1288 
-47 -100.955 -30 24 -71.2957 -78.588 -38.4262 -56.3115 
-42 -104.631 -30 23 -64.5993 -80.1117 -35.1168 -55.4435 
-49 -102.994 -31 25 -68.8503 -74.617 -39.3002 -56.045 
-44 -104.292 -30 24 -67.1505 -74.038 -37.6152 -54.6209 
-54 -98.7115 -29 24 -74.4901 -81.994 -37.3382 -53.8963 
-52 -100.31 -28 23 -69.3764 -80.406 -34.0301 -53.4013 
-42 -104.846 -30 22 -65.1753 -79.0606 -32.9215 -55.6785 
-48 -99.6904 -28 23 -73.8097 -80.6734 -34.81 -53.601 
-42 -103.306 -29 23 -67.1365 -78.8072 -34.7851 -55.0047 
-44 -102.46 -30 24 -67.856 -74.9619 -38.4394 -57.1395 
-46 -101.468 -30 25 -71.163 -76.9114 -37.3391 -57.3373 
-44 -104.298 -31 24 -69.0566 -72.9139 -39.6951 -55.2299 
-42 -106.236 -31 25 -65.9801 -76.1204 -34.0858 -56.5729 
-42 -103.52 -29 22 -67.7124 -77.7561 -32.5898 -55.2397 
-44 -101.191 -30 24 -74.3882 -79.5505 -38.5949 -55.4463 
-50 -100.931 -29 24 -70.3954 -78.8072 -35.4667 -55.0047 
-42 -101.758 -28 23 -71.5624 -82.9021 -31.6238 -54.4409 
-42 -104.911 -30 25 -68.5173 -74.8158 -33.7542 -56.1342 
-47 -100.6 -30 24 -71.5432 -80.635 -38.4117 -56.6237 
-47 -100.94 -30 24 -72.776 -79.6526 -38.4394 -55.6209 
-44 -103.937 -30 24 -67.398 -76.0851 -37.6007 -54.933 
-52 -99.9545 -28 23 -69.6239 -82.4531 -34.0156 -53.7135 
-42 -104.49 -30 22 -65.4228 -81.1077 -32.907 -55.9906 
-45 -103.445 -29 23 -63.2855 -73.6943 -35.036 -56.4966 
-48 -99.3352 -28 23 -74.0571 -82.7204 -34.7955 -53.9131 
-42 -103.816 -30 24 -69.754 -77.6097 -38.7386 -53.9933 
-53 -104.47 -32 27 -63.611 -62.5941 -37.6901 -61.0981 
-42 -102.681 -29 23 -68.453 -80.432 -35.0215 -55.2901 
-44 -103.942 -31 24 -69.3041 -74.961 -39.6805 -55.542 
-42 -105.881 -31 25 -66.2276 -78.1674 -34.0713 -56.8851 
-45 -107.031 -31 25 -62.5779 -69.793 -33.6857 -57.2853 
FEATURES_TXT_END_0
FEATURES_TXT_BEGIN_0 101 100 8 Distortion0_0 LM0_0 WordPenalty0_0 PhrasePenalty0_0 TranslationModel0_0 TranslationModel0_1 TranslationModel0_2 TranslationModel0_3 
-56 -164.596 -38 33 -85.9167 -99.2582 -46.4207 -76.1529 
-66 -165.828 -39 33 -86.0315 -95.4195 -47.9316 -72.824 
-56 -166.769 -37 33 -83.9992 -97.7118 -44.7561 -72.67 
-56 -162.688 -38 33 -87.225 -102.867 -47.6103 -78.4189 
-66 -169.571 -38 34 -80.863 -92.7568 -40.0803 -71.342 
-58 -164.596 -38 33 -85.9167 -99.2582 -46.4207 -76.1529 
-54 -175.379 -41 31 -70.0549 -87.4789 -45.7537 -73.7837 
-54 -174.225 -42 31 -69.4741 -86.6334 -47.1399 -77.939 
-58 -166.516 -39 33 -79.7428 -96.944 -47.6643 -77.8784 
-58 -165.362 -40 33 -79.162 -96.0984 -49.0506 -82.0336 
-68 -169.395 -38 34 -80.863 -92.7568 -40.0803 -71.342 
-56 -162.121 -38 33 -90.7648 -102.368 -48.8631 -77.7665 
-62 -167.315 -39 33 -85.9202 -96.0484 -47.4824 -72.4575 
-66 -168.001 -38 33 -84.1141 -93.8731 -46.267 -69.3411 
-56 -167.836 -38 33 -84.1361 -95.7412 -44.1383 -74.2225 
-66 -163.92 -39 33 -87.3398 -99.0288 -49.1212 -75.09 
-76 -170.803 -39 34 -80.9779 -88.9181 -41.5912 -68.0131 
-68 -165.828 -39 33 -86.0315 -95.4195 -47.9316 -72.824 
-56 -164.862 -37 33 -85.3075 -101.321 -45.9457 -74.9359 
-66 -171.745 -37 34 -78.9455 -91.2104 -38.4158 -67.859 
-58 -166.769 -37 33 -83.9992 -97.7118 -44.7561 -72.67 
-66 -167.664 -38 34 -82.1713 -96.3661 -41.2699 -73.6079 
-64 -176.611 -42 31 -70.1698 -83.6402 -47.2645 -70.4548 
-58 -165.76 -39 33 -83.4804 -95.9076 -48.9249 -77.5026 
-58 -162.688 -38 33 -87.225 -102.867 -47.6103 -78.4189 
-68 -169.571 -38 34 -80.863 -92.7568 -40.0803 -71.342 
-56 -166.006 -39 33 -86.2532 -99.2582 -48.3666 -76.1584 
-64 -175.457 -43 31 -69.5889 -82.7947 -48.6508 -74.6101 
-56 -164.434 -38 33 -85.7296 -99.2567 -48.0077 -77.3316 
-58 -166.532 -39 33 -82.5013 -95.5714 -47.7722 -77.3813 
-48 -175.521 -40 33 -71.5176 -89.671 -44.7785 -74.7895 
-68 -167.749 -40 33 -79.8576 -93.1053 -49.1752 -74.5495 
-68 -166.594 -41 33 -79.2768 -92.2597 -50.5615 -78.7047 
-78 -170.627 -39 34 -80.9779 -88.9181 -41.5912 -68.0131 
-66 -163.353 -39 33 -90.8796 -98.5297 -50.374 -74.4376 
-68 -171.492 -39 34 -74.6891 -90.4426 -41.324 -73.0674 
-60 -166.516 -39 33 -79.7428 -96.944 -47.6643 -77.8784 
-58 -165.392 -39 33 -81.1738 -99.2484 -48.6153 -79.0973 
-68 -171.568 -37 34 -78.9455 -91.2104 -38.4158 -67.859 
-68 -170.337 -40 34 -74.1083 -89.597 -42.7102 -77.2226 
-56 -164.295 -37 33 -88.8473 -100.822 -47.1985 -74.2836 
-68 -167.487 -38 34 -82.1713 -96.3661 -41.2699 -73.6079 
-60 -165.362 -40 33 -79.162 -96.0984 -49.0506 -82.0336 
-58 -164.238 -40 33 -80.5929 -98.4028 -50.0016 -83.2525 
-66 -167.097 -38 34 -85.7111 -95.8671 -42.5227 -72.9556 
-70 -169.395 -38 34 -80.863 -92.7568 -40.0803 -71.342 
-62 -169.489 -38 33 -84.0027 -94.502 -45.8178 -68.9745 
-58 -162.121 -38 33 -90.7648 -102.368 -48.8631 -77.7665 
-56 -170.009 -37 33 -82.2186 -94.1948 -42.4738 -70.7395 
-62 -165.407 -39 33 -87.2284 -99.6577 -48.672 -74.7234 
-62 -176.323 -39 33 -66.7114 -85.6483 -40.904 -71.0608 
-66 -166.094 -38 33 -85.4223 -97.4824 -47.4566 -71.607 
-72 -172.291 -39 34 -80.8665 -89.5471 -41.142 -67.6465 
-56 -165.928 -38 33 -85.4444 -99.3505 -45.3279 -76.4884 
-56 -162.779 -38 33 -83.8062 -100.147 -47.6103 -81.7176 
-76 -172.977 -38 34 -79.0604 -87.3717 -39.9266 -64.5301 
-52 -174.68 -40 31 -76.2289 -89.7931 -44.51 -72.0583 
-66 -172.811 -38 34 -79.0825 -89.2398 -37.798 -69.4115 
-64 -167.315 -39 33 -85.9202 -96.0484 -47.4824 -72.4575 
-68 -168.001 -38 33 -84.1141 -93.8731 -46.267 -69.3411 
-76 -168.896 -39 34 -82.2861 -92.5274 -42.7808 -70.279 
-58 -167.836 -38 33 -84.1361 -95.7412 -44.1383 -74.2225 
-68 -166.992 -40 33 -83.5952 -92.0689 -50.4357 -74.1737 
-56 -166.823 -37 33 -83.2548 -97.4465 -45.7858 -73.8424 
-68 -163.92 -39 33 -87.3398 -99.0288 -49.1212 -75.09 
-54 -173.207 -39 31 -74.0928 -91.1657 -44.4934 -72.55 
-78 -170.803 -39 34 -80.9779 -88.9181 -41.5912 -68.0131 
-60 -178.099 -42 31 -70.0584 -84.2692 -46.8153 -70.0883 
-54 -172.052 -40 31 -73.512 -90.3201 -45.8797 -76.7052 
-66 -169.837 -37 34 -80.2538 -94.8197 -39.6053 -70.1249 
-52 -171.623 -40 31 -81.077 -92.9034 -46.9524 -73.6719 
-58 -167.934 -38 33 -81.5629 -94.3612 -47.2603 -74.0196 
-54 -178.619 -41 31 -68.2743 -83.962 -43.4713 -71.8533 
-58 -164.862 -37 33 -85.3075 -101.321 -45.9457 -74.9359 
-50 -177.694 -39 33 -68.8125 -88.1246 -41.963 -71.3066 
-66 -165.666 -39 33 -85.8445 -95.418 -49.5186 -74.0027 
-68 -171.745 -37 34 -78.9455 -91.2104 -38.4158 -67.859 
-58 -163.852 -39 33 -84.7886 -99.5169 -50.1144 -79.7685 
-60 -176.944 -43 31 -69.4775 -83.4236 -48.2016 -74.2435 
-56 -168.18 -38 33 -84.3357 -97.7118 -46.702 -72.6754 
-54 -177.465 -42 31 -67.6935 -83.1164 -44.8576 -76.0085 
-62 -176.916 -40 33 -67.5811 -85.6483 -42.7665 -71.0662 
-50 -178.283 -40 33 -64.6544 -87.1729 -42.8866 -74.1602 
-68 -167.664 -38 34 -82.1713 -96.3661 -41.2699 -73.6079 
-56 -164.099 -39 33 -87.5614 -102.867 -49.5562 -78.4243 
-60 -165.76 -39 33 -83.4804 -95.9076 -48.9249 -77.5026 
-68 -167.764 -40 33 -82.6161 -91.7327 -49.2831 -74.0524 
-66 -170.982 -39 34 -81.1995 -92.7568 -42.0262 -71.3474 
-58 -176.753 -41 33 -71.6324 -85.8323 -46.2894 -71.4606 
-70 -171.316 -39 34 -74.6891 -90.4426 -41.324 -73.0674 
-50 -177.128 -41 33 -64.0736 -86.3274 -44.2729 -78.3155 
-58 -166.006 -39 33 -86.2532 -99.2582 -48.3666 -76.1584 
-56 -162.526 -38 33 -87.0379 -102.866 -49.1973 -79.5975 
-70 -170.161 -40 34 -74.1083 -89.597 -42.7102 -77.2226 
-66 -169.409 -38 34 -80.6759 -92.7553 -41.6673 -72.5207 
-48 -167.049 -37 33 -85.3075 -101.321 -45.9457 -74.9359 
-58 -168.706 -38 33 -80.5838 -94.025 -46.1076 -73.8983 
-64 -169.236 -40 33 -79.7462 -93.7342 -48.726 -74.1829 
-58 -169.312 -40 34 -83.9554 -94.3521 -48.2231 -75.0507 
-58 -164.434 -38 33 -85.7296 -99.2567 -48.0077 -77.3316 
FEATURES_TXT_END_0
FEATURES_TXT_BEGIN_0 102 100 8 Distortion0_0 LM0_0 WordPenalty0_0 PhrasePenalty0_0 TranslationModel0_0 TranslationModel0_1 TranslationModel0_2 TranslationModel0_3 
-98 -211.741 -63 52 -165.263 -178.885 -101.877 -136.714 
-110 -212.954 -63 52 -156.448 -170.251 -95.9965 -139.199 
-104 -215.517 -65 53 -152.047 -165.422 -99.2717 -143.143 
-110 -213.932 -64 52 -155.407 -170.251 -97.7883 -139.204 
-104 -215.4 -65 53 -152.011 -165.591 -99.73 -143.167 
-98 -211.912 -64 52 -163.829 -179.057 -102.758 -139.483 
-110 -213.339 -64 52 -154.713 -170.442 -97.7883 -141.014 
-110 -213.07 -64 52 -152.555 -165.478 -101.282 -141.807 
-102 -219.633 -64 54 -151.072 -160.456 -96.165 -138.244 
-110 -213.125 -64 52 -155.014 -170.423 -96.8769 -141.968 
-104 -215.687 -66 53 -150.612 -165.595 -100.152 -145.912 
-110 -214.103 -65 52 -153.972 -170.423 -98.6686 -141.973 
-104 -215.57 -66 53 -150.577 -165.763 -100.61 -145.936 
-112 -213.475 -63 51 -153.996 -169.764 -97.4666 -138.183 
-112 -212.874 -64 51 -154.984 -171.12 -98.6428 -140.238 
-104 -212.921 -65 53 -155.544 -169.46 -101.412 -145.176 
-116 -212.36 -63 53 -158.026 -165.235 -99.0408 -138.09 
-110 -214.125 -64 52 -150.435 -164.695 -100.589 -141.77 
-112 -212.995 -63 53 -158.757 -170.57 -95.0693 -139.122 
-98 -212.869 -63 52 -162.743 -178.166 -100.779 -137.885 
-108 -213.849 -63 53 -158.757 -170.57 -95.0693 -139.122 
-114 -212.001 -62 52 -158.237 -169.764 -94.82 -138.177 
-110 -213.509 -65 52 -153.279 -170.614 -98.6686 -143.783 
-110 -213.24 -65 52 -151.121 -165.651 -102.162 -144.576 
-102 -219.803 -65 54 -149.638 -160.628 -97.0454 -141.013 
-110 -213.353 -64 53 -156.291 -165.838 -100.833 -140.959 
-110 -214.435 -65 53 -155.786 -165.838 -101.931 -140.965 
-110 -214.082 -63 52 -153.928 -169.532 -94.8979 -140.369 
-104 -216.644 -65 53 -149.526 -164.703 -98.1731 -144.313 
-110 -215.06 -64 52 -152.886 -169.532 -96.6897 -140.375 
-90 -214.44 -63 52 -165.7 -179.62 -102.136 -136.156 
-112 -213.645 -64 51 -152.562 -169.936 -98.347 -140.951 
-98 -213.014 -63 52 -164.194 -179.307 -101.626 -136.741 
-104 -216.527 -65 53 -149.491 -164.872 -98.6314 -144.337 
-112 -213.045 -65 51 -153.55 -171.292 -99.5232 -143.007 
-100 -222.466 -63 53 -153.448 -171.915 -91.5401 -130.831 
-104 -213.092 -66 53 -154.109 -169.632 -102.292 -147.945 
-116 -212.53 -64 53 -156.591 -165.407 -99.9212 -140.859 
-98 -217.713 -62 51 -155.156 -164.892 -95.4052 -135.871 
-108 -215.128 -64 53 -157.715 -170.57 -96.8611 -139.127 
-100 -222.953 -65 54 -152.725 -170.584 -97.3643 -132.604 
-110 -214.053 -63 52 -155.558 -170.57 -95.9242 -139.122 
-110 -214.295 -65 52 -149 -164.867 -101.469 -144.539 
-112 -213.165 -64 53 -157.322 -170.742 -95.9497 -141.891 
-98 -213.039 -64 52 -161.309 -178.338 -101.659 -140.653 
-108 -214.02 -64 53 -157.322 -170.742 -95.9497 -141.891 
-102 -218.833 -64 54 -156.46 -163.603 -98.2717 -136.549 
-96 -221.141 -62 52 -152.38 -172.574 -96.2528 -130.166 
-98 -218.181 -63 51 -156.606 -172.272 -97.4669 -134.168 
-100 -224.392 -64 52 -150.272 -171.108 -93.5069 -129.897 
-112 -213.055 -62 51 -155.038 -169.764 -95.6748 -138.177 
-95 -214.051 -64 52 -161.214 -175.735 -103.669 -139.653 
-114 -212.171 -63 52 -156.802 -169.936 -95.7003 -140.946 
-110 -214.466 -64 52 -152.193 -169.723 -96.6897 -142.185 
-102 -215.653 -63 52 -156.885 -170.987 -96.2549 -138.641 
-96 -218.215 -65 53 -152.483 -166.158 -99.5302 -142.584 
-102 -216.631 -64 52 -155.844 -170.987 -98.0467 -138.646 
-110 -214.227 -63 52 -155.379 -170.674 -95.7457 -139.226 
-104 -216.79 -65 53 -150.977 -165.845 -99.0209 -143.17 
-110 -215.205 -64 52 -154.338 -170.674 -97.5374 -139.231 
-110 -214.198 -64 52 -150.035 -164.759 -100.183 -142.977 
-90 -213.982 -63 52 -166.925 -180.697 -102.062 -136.704 
-98 -211.2 -64 53 -171.869 -180.597 -108.282 -136.02 
-96 -218.098 -65 53 -152.448 -166.327 -99.9885 -142.609 
-112 -223.679 -63 53 -144.632 -163.281 -85.6593 -133.315 
-106 -226.242 -65 54 -140.231 -158.452 -88.9345 -137.259 
-104 -216.673 -65 53 -150.942 -166.013 -99.4792 -143.194 
-110 -213.523 -65 53 -154.857 -166.011 -101.713 -143.728 
-112 -224.657 -64 53 -143.591 -163.281 -87.4511 -133.321 
-102 -220.76 -64 54 -148.552 -159.737 -95.0664 -139.414 
-112 -214.539 -63 53 -156.04 -169.411 -93.6889 -139.497 
-100 -225.688 -64 52 -152.049 -170.036 -93.5069 -127.124 
-106 -226.125 -65 54 -140.196 -158.621 -89.3929 -137.283 
-112 -224.166 -65 54 -143.91 -161.951 -91.4835 -135.089 
-106 -226.728 -67 55 -139.508 -157.122 -94.7588 -139.033 
-110 -212.631 -62 52 -159.611 -169.365 -95.9965 -138.266 
-112 -225.144 -66 54 -142.868 -161.951 -93.2753 -135.094 
-98 -212.856 -64 52 -163.829 -179.057 -102.758 -139.483 
-110 -213.609 -63 52 -158.569 -169.365 -97.7883 -138.271 
-106 -219.926 -63 53 -153.51 -172.295 -94.4064 -132.138 
-110 -214.605 -66 53 -154.352 -166.011 -102.812 -143.734 
-110 -214.252 -64 52 -152.493 -169.704 -95.7783 -143.138 
-104 -216.815 -66 53 -148.092 -164.876 -99.0535 -147.082 
-106 -226.611 -67 55 -139.473 -157.29 -95.2171 -139.057 
-110 -215.23 -65 52 -151.452 -169.704 -97.57 -143.144 
-108 -222.354 -62 52 -143.564 -163.941 -90.372 -132.651 
-102 -224.916 -64 53 -139.163 -159.112 -93.6472 -136.595 
-108 -223.332 -63 52 -142.523 -163.941 -92.1637 -132.656 
-90 -214.61 -64 52 -164.266 -179.792 -103.016 -138.925 
-98 -213.184 -64 52 -162.76 -179.479 -102.507 -139.51 
-104 -220.058 -62 52 -149.829 -172.395 -95.4418 -131.17 
-104 -216.698 -66 53 -148.057 -165.044 -99.5118 -147.106 
-112 -214.602 -63 51 -151.476 -169.045 -96.368 -139.353 
-102 -224.799 -64 53 -139.128 -159.281 -94.1055 -136.619 
-100 -222.637 -64 53 -152.013 -172.087 -92.4205 -133.6 
-112 -225.605 -64 52 -141.457 -162.475 -87.6261 -132.381 
-106 -228.168 -66 53 -137.056 -157.646 -90.9013 -136.325 
-112 -214.002 -64 51 -152.464 -170.401 -97.5442 -141.408 
-112 -226.583 -65 52 -140.416 -162.475 -89.4178 -132.387 
-107 -215.264 -64 52 -152.399 -167.102 -97.7883 -142.138 
FEATURES_TXT_END_0
FEATURES_TXT_BEGIN_0 103 100 8 Distortion0_0 LM0_0 WordPenalty0_0 PhrasePenalty0_0 TranslationModel0_0 TranslationModel0_1 TranslationModel0_2 TranslationModel0_3 
-67 -193.227 -55 46 -127.514 -139.043 -83.5124 -118.828 
-103 -187.694 -57 47 -126.79 -144.215 -84.2595 -119.03 
-67 -192.804 -55 46 -131.234 -138.134 -83.3037 -118.297 
-63 -192.797 -54 46 -129.958 -139.345 -81.8047 -118.731 
-103 -187.271 -57 47 -130.51 -143.305 -84.0508 -118.499 
-103 -188.43 -58 47 -126.952 -144.215 -86.0255 -119.036 
-99 -187.264 -56 47 -129.234 -144.517 -82.5518 -118.934 
-63 -192.374 -54 46 -133.677 -138.436 -81.596 -118.2 
-67 -191.771 -56 47 -132.735 -140.527 -86.4873 -120.284 
-103 -188.006 -58 47 -130.672 -143.305 -85.8168 -118.505 
-99 -186.841 -56 47 -132.953 -143.607 -82.3431 -118.403 
-99 -188 -57 47 -129.396 -144.517 -84.3178 -118.939 
-67 -190.565 -55 47 -133.011 -140.285 -87.4973 -119.729 
-103 -186.238 -58 48 -132.011 -145.698 -87.2344 -120.487 
-63 -191.341 -55 47 -135.178 -140.828 -84.7796 -120.188 
-99 -187.577 -57 47 -133.116 -143.607 -84.1091 -118.408 
-103 -185.032 -57 48 -132.287 -145.456 -88.2444 -119.932 
-67 -192.402 -57 47 -132.698 -140.527 -88.8535 -120.29 
-63 -190.136 -54 47 -135.455 -140.587 -85.7896 -119.633 
-103 -186.973 -59 48 -132.173 -145.698 -89.0004 -120.492 
-99 -185.808 -57 48 -134.454 -146 -85.5267 -120.39 
-75 -195.699 -55 46 -123.513 -138.47 -77.334 -116.819 
-103 -186.869 -59 48 -131.974 -145.698 -89.6007 -120.492 
-67 -194.836 -55 46 -127.427 -138.741 -81.7417 -117.407 
-103 -185.768 -58 48 -132.449 -145.456 -90.0104 -119.937 
-99 -184.603 -56 48 -134.731 -145.758 -86.5367 -119.835 
-63 -191.973 -56 47 -135.142 -140.828 -87.1459 -120.193 
-95 -185.104 -56 47 -130.25 -145.988 -87.7297 -121.424 
-75 -195.275 -55 46 -127.233 -137.561 -77.1253 -116.288 
-99 -186.544 -58 48 -134.616 -146 -87.2927 -120.396 
-71 -195.269 -54 46 -125.957 -138.772 -75.6263 -116.723 
-103 -189.303 -57 47 -126.703 -143.912 -82.4888 -117.61 
-103 -187.605 -60 48 -132.136 -145.698 -91.3667 -120.498 
-99 -186.44 -58 48 -134.417 -146 -87.893 -120.396 
-67 -194.413 -55 46 -131.147 -137.832 -81.533 -116.876 
-63 -194.406 -54 46 -129.871 -139.043 -80.034 -117.311 
-99 -185.338 -57 48 -134.893 -145.758 -88.3027 -119.841 
-95 -184.681 -56 47 -133.97 -145.079 -87.521 -120.893 
-69 -187.577 -53 46 -138.306 -146.902 -82.4159 -118.623 
-95 -185.84 -57 47 -130.413 -145.988 -89.4957 -121.429 
-91 -184.674 -55 47 -132.694 -146.29 -86.022 -121.327 
-71 -194.845 -54 46 -129.676 -137.863 -75.4176 -116.192 
-103 -188.879 -57 47 -130.423 -143.003 -82.2801 -117.079 
-103 -190.039 -58 47 -126.865 -143.912 -84.2548 -117.615 
-99 -188.873 -56 47 -129.146 -144.214 -80.7811 -117.513 
-99 -187.175 -59 48 -134.58 -146 -89.659 -120.401 
-63 -193.983 -54 46 -133.59 -138.133 -79.8253 -116.78 
-75 -194.242 -56 47 -128.734 -139.954 -80.3089 -118.276 
-105 -182.044 -55 47 -137.581 -152.074 -83.163 -118.826 
-69 -187.154 -53 46 -142.025 -145.993 -82.2072 -118.092 
-95 -185.416 -57 47 -134.132 -145.079 -89.287 -120.898 
-91 -184.251 -55 47 -136.414 -145.38 -85.8133 -120.796 
-67 -193.38 -56 47 -132.648 -140.224 -84.7166 -118.864 
-91 -185.41 -56 47 -132.856 -146.29 -87.788 -121.332 
-75 -193.037 -55 47 -129.01 -139.712 -81.3189 -117.721 
-103 -189.615 -58 47 -130.585 -143.003 -84.0461 -117.084 
-99 -188.45 -56 47 -132.866 -143.305 -80.5724 -116.982 
-99 -189.609 -57 47 -129.309 -144.214 -82.5471 -117.519 
-67 -191.789 -55 46 -129.461 -144.019 -85.1231 -119.538 
-67 -192.174 -55 47 -132.924 -139.983 -85.7266 -118.309 
-95 -183.648 -57 48 -135.471 -147.471 -90.7046 -122.88 
-71 -193.812 -55 47 -131.177 -140.255 -78.6013 -118.179 
-105 -181.621 -55 47 -141.301 -151.164 -82.9543 -118.295 
-105 -182.78 -56 47 -137.744 -152.074 -84.929 -118.831 
-103 -187.846 -58 48 -131.923 -145.396 -85.4637 -119.066 
-75 -194.874 -57 47 -128.697 -139.954 -82.6752 -118.281 
-91 -184.987 -56 47 -136.576 -145.38 -87.5793 -120.801 
-63 -192.95 -55 47 -135.091 -140.526 -83.0089 -118.767 
-95 -182.442 -56 48 -135.747 -147.23 -91.7146 -122.325 
-71 -192.607 -54 47 -131.454 -140.014 -79.6112 -117.624 
-99 -189.185 -57 47 -133.028 -143.305 -82.3384 -116.988 
-67 -191.366 -55 46 -133.18 -143.11 -84.9144 -119.007 
-103 -186.641 -57 48 -132.2 -145.154 -86.4737 -118.511 
-63 -191.36 -54 46 -131.904 -144.321 -83.4154 -119.442 
-67 -194.011 -57 47 -132.611 -140.224 -87.0828 -118.869 
-63 -191.744 -54 47 -135.368 -140.285 -84.0189 -118.212 
-69 -186.121 -54 47 -143.526 -148.386 -85.3908 -120.08 
-95 -184.383 -58 48 -135.633 -147.471 -92.4706 -122.886 
-91 -183.218 -56 48 -137.915 -147.773 -88.9969 -122.784 
-105 -182.357 -56 47 -141.463 -151.164 -84.7203 -118.3 
-103 -188.582 -59 48 -132.086 -145.396 -87.2297 -119.072 
-99 -187.417 -57 48 -134.367 -145.698 -83.756 -118.97 
-75 -197.308 -55 46 -123.426 -138.168 -75.5633 -115.399 
-95 -184.279 -58 48 -135.434 -147.471 -93.0709 -122.886 
-71 -194.444 -56 47 -131.141 -140.255 -80.9675 -118.185 
-103 -188.478 -59 48 -131.887 -145.396 -87.83 -119.072 
-69 -184.916 -53 47 -143.803 -148.144 -86.4008 -119.525 
-95 -183.178 -57 48 -135.91 -147.23 -93.4806 -122.33 
-91 -182.013 -55 48 -138.191 -147.532 -90.0069 -122.229 
-63 -190.936 -54 46 -135.624 -143.412 -83.2067 -118.911 
-103 -187.377 -58 48 -132.362 -145.154 -88.2397 -118.517 
-99 -186.211 -56 48 -134.643 -145.456 -84.766 -118.415 
-63 -193.581 -56 47 -135.054 -140.526 -85.3752 -118.773 
-105 -180.588 -56 48 -142.802 -153.557 -86.138 -120.282 
-71 -189.993 -57 47 -125.862 -142.809 -87.7087 -127.148 
-91 -183.954 -57 48 -138.077 -147.773 -90.7629 -122.789 
-95 -186.713 -56 47 -130.163 -145.686 -85.959 -120.003 
-75 -196.884 -55 46 -127.146 -137.259 -75.3546 -114.868 
-99 -188.152 -58 48 -134.529 -145.698 -85.522 -118.975 
-105 -179.383 -55 48 -143.078 -153.316 -87.1479 -119.727 
FEATURES_TXT_END_0
FEATURES_TXT_BEGIN_0 104 100 8 Distortion0_0 LM0_0 WordPenalty0_0 PhrasePenalty0_0 TranslationModel0_0 TranslationModel0_1 TranslationModel0_2 TranslationModel0_3 
-68 -132.246 -35 28 -60.8641 -82.4007 -38.3507 -67.276 
-70 -134.461 -36 29 -57.2205 -78.2534 -37.2212 -68.7379 
-78 -129.7 -38 31 -69.8563 -82.0871 -42.2138 -70.9685 
-68 -133.685 -36 28 -60.8641 -82.4007 -39.0439 -67.2814 
-70 -131.021 -37 30 -66.1098 -82.5094 -41.4376 -70.9899 
-80 -131.915 -39 32 -66.2128 -77.9397 -41.0842 -72.4304 
-70 -135.899 -37 29 -57.2205 -78.2534 -37.9143 -68.7433 
-72 -133.235 -38 31 -62.4662 -78.362 -40.308 -72.4517 
-68 -128.042 -40 31 -69.0662 -97.4197 -51.2483 -75.3657 
-68 -131.95 -36 28 -61.6009 -83.9268 -40.8356 -69.4786 
-68 -127.432 -39 31 -68.9039 -97.4197 -49.4823 -75.3603 
-58 -131.037 -36 28 -58.336 -82.9953 -45.064 -74.5829 
-78 -131.139 -39 31 -69.8563 -82.0871 -42.9069 -70.9739 
-70 -132.459 -38 30 -66.1098 -82.5094 -42.1307 -70.9953 
-68 -128.771 -41 31 -68.591 -97.4197 -54.0381 -75.3711 
-72 -126.595 -39 31 -70.3382 -84.4584 -48.0396 -78.4032 
-68 -134.599 -36 28 -55.4391 -78.8042 -38.3507 -70.113 
-68 -128.252 -39 31 -67.3282 -82.6816 -48.9271 -78.2754 
-70 -123.575 -39 32 -72.2206 -87.2641 -53.2879 -81.178 
-70 -130.256 -41 32 -65.4226 -93.2723 -50.1187 -76.8276 
-68 -128.162 -40 31 -68.4287 -97.4197 -52.2721 -75.3657 
-72 -125.985 -38 31 -70.1759 -84.4584 -46.2736 -78.3978 
-70 -134.165 -37 29 -57.9573 -79.7794 -39.7061 -70.9405 
-70 -129.647 -40 32 -65.2603 -93.2723 -48.3527 -76.8222 
-52 -136.264 -37 27 -55.4825 -80.5179 -42.2257 -72.7198 
-60 -133.251 -37 29 -54.6924 -78.8479 -43.9345 -76.0448 
-60 -135.375 -37 27 -54.9637 -80.1596 -40.7906 -72.3316 
-70 -132.499 -42 32 -59.9139 -79.6007 -52.534 -79.3034 
-52 -135.655 -36 27 -55.3202 -80.5179 -40.4597 -72.7144 
-72 -127.324 -40 31 -69.8631 -84.4584 -50.8295 -78.4086 
-80 -133.353 -40 32 -66.2128 -77.9397 -41.7774 -72.4358 
-70 -131.89 -41 32 -59.7517 -79.6007 -50.768 -79.298 
-72 -134.674 -39 31 -62.4662 -78.362 -41.0012 -72.4571 
-70 -130.986 -42 32 -64.9474 -93.2723 -52.9086 -76.833 
-74 -128.809 -40 32 -66.6946 -80.3111 -46.91 -79.865 
-72 -126.715 -39 31 -69.7008 -84.4584 -49.0635 -78.4032 
-78 -129.404 -39 31 -70.5931 -83.6131 -44.6987 -73.1712 
-62 -133.48 -40 30 -64.4747 -80.2042 -46.0887 -76.4123 
-70 -130.466 -40 32 -63.6846 -78.5342 -47.7976 -79.7373 
-72 -125.79 -40 33 -68.577 -83.1168 -52.1583 -82.6398 
-70 -130.376 -41 32 -64.7852 -93.2723 -51.1426 -76.8276 
-52 -136.994 -38 27 -55.0073 -80.5179 -45.0156 -72.7252 
-74 -128.2 -39 32 -66.5324 -80.3111 -45.144 -79.8596 
-70 -130.725 -38 30 -66.8466 -84.0354 -43.9225 -73.1925 
-60 -136.104 -38 27 -54.4886 -80.1596 -43.5805 -72.337 
-60 -129.811 -38 30 -63.5817 -83.1039 -48.1509 -78.2968 
-70 -133.229 -43 32 -59.4388 -79.6007 -55.3239 -79.3088 
-62 -132.87 -39 30 -64.3125 -80.2042 -44.3227 -76.4069 
-54 -138.479 -38 28 -51.8389 -76.3705 -41.0961 -74.1817 
-62 -137.589 -38 28 -51.3201 -76.0123 -39.6611 -73.7934 
-52 -136.385 -37 27 -54.8451 -80.5179 -43.2496 -72.7198 
-72 -134.714 -43 33 -56.2704 -75.4534 -51.4045 -80.7653 
-70 -132.62 -42 32 -59.2765 -79.6007 -53.5579 -79.3034 
-70 -130.939 -38 30 -65.6551 -81.6141 -40.0513 -76.0551 
-54 -137.87 -37 28 -51.6766 -76.3705 -39.3301 -74.1763 
-74 -129.539 -41 32 -66.2195 -80.3111 -49.6999 -79.8705 
-58 -130.345 -36 28 -63.5661 -87.4043 -44.3709 -73.8612 
-78 -132.053 -39 31 -64.4314 -78.4905 -42.2138 -73.8055 
-72 -134.105 -42 33 -56.1081 -75.4534 -49.6385 -80.7599 
-62 -134.209 -41 30 -63.9996 -80.2042 -48.8786 -76.4178 
-68 -136.037 -37 28 -55.4391 -78.8042 -39.0439 -70.1184 
-70 -133.373 -38 30 -60.6848 -78.9129 -41.4376 -73.8269 
-74 -135.568 -37 30 -53.6396 -74.4863 -38.9579 -71.5067 
-74 -128.929 -40 32 -66.0572 -80.3111 -47.9339 -79.865 
-80 -131.619 -40 32 -66.9496 -79.4657 -43.5692 -74.633 
-64 -135.694 -41 31 -60.8312 -76.0568 -44.9592 -77.8742 
-70 -132.829 -40 30 -63.9559 -79.8459 -44.6537 -76.0241 
-62 -133.6 -40 30 -63.8373 -80.2042 -47.1126 -76.4123 
-54 -139.208 -39 28 -51.3638 -76.3705 -43.886 -74.1871 
-72 -132.939 -39 31 -63.203 -79.888 -42.7929 -74.6544 
-62 -138.319 -39 28 -50.845 -76.0123 -42.4509 -73.7989 
-54 -135.039 -39 29 -60.7282 -80.6265 -45.3125 -76.4337 
-62 -132.026 -39 31 -59.9381 -78.9565 -47.0213 -79.7586 
-62 -134.149 -39 29 -60.2094 -80.2683 -43.8774 -76.0455 
-72 -135.222 -36 29 -57.2205 -78.2534 -37.2212 -68.7379 
-72 -135.443 -44 33 -55.7952 -75.4534 -54.1943 -80.7707 
-52 -137.39 -38 27 -51.9023 -79.0249 -42.7365 -75.4169 
-68 -128.925 -38 31 -70.1831 -97.0221 -48.3579 -71.7027 
-64 -135.085 -40 31 -60.6689 -76.0568 -43.1932 -77.8688 
-68 -127.56 -39 31 -72.5584 -87.0906 -48.2339 -77.5537 
-62 -129.283 -39 30 -71.8789 -96.7674 -49.5692 -73.7668 
-76 -129.535 -37 30 -70.1967 -82.3326 -42.9422 -70.6799 
-70 -122.884 -39 32 -77.4507 -91.6731 -52.5947 -80.4562 
-54 -138.599 -38 28 -51.2015 -76.3705 -42.12 -74.1817 
-68 -128.334 -40 32 -75.7034 -101.187 -51.9864 -72.5182 
-54 -134.429 -38 29 -60.5659 -80.6265 -43.5465 -76.4283 
-68 -130.855 -36 29 -66.4502 -82.7549 -42.166 -70.7013 
-68 -130.025 -39 31 -70.3654 -96.56 -49.7442 -71.3128 
-72 -134.834 -43 33 -55.6329 -75.4534 -52.4283 -80.7653 
-52 -136.781 -37 27 -51.74 -79.0249 -40.9705 -75.4115 
-68 -128.316 -37 31 -70.0208 -97.0221 -46.5919 -71.6973 
-72 -133.154 -39 31 -62.0115 -77.4667 -38.9217 -77.517 
-62 -128.674 -38 30 -71.7166 -96.7674 -47.8032 -73.7614 
-70 -132.157 -41 31 -64.0389 -78.1305 -48.6395 -78.5309 
-68 -134.229 -35 28 -60.6166 -80.3536 -38.3652 -66.9638 
-60 -132.56 -37 29 -59.9226 -83.2569 -43.2413 -75.3231 
-68 -127.725 -39 32 -75.5411 -101.187 -50.2204 -72.5128 
-76 -131.259 -38 31 -69.8563 -82.0871 -42.2138 -70.9685 
-60 -134.916 -36 27 -54.9637 -80.1596 -40.0974 -72.3262 
-68 -128.772 -35 28 -70.1787 -86.9532 -44.6172 -68.0421 
FEATURES_TXT_END_0
FEATURES_TXT_BEGIN_0 105 100 8 Distortion0_0 LM0_0 WordPenalty0_0 PhrasePenalty0_0 TranslationModel0_0 TranslationModel0_1 TranslationModel0_2 TranslationModel0_3 
-18 -85.8336 -17 14 -16.9664 -27.3215 -15.1989 -29.7843 
-24 -84.7871 -17 14 -16.9664 -27.3215 -15.1989 -29.7843 
-22 -86.3904 -17 14 -14.3565 -23.7921 -14.3869 -30.0452 
-22 -86.1993 -17 14 -14.6039 -25.8392 -14.3724 -30.3573 
-20 -86.7713 -15 13 -12.6508 -24.6367 -12.5897 -28.0431 
-18 -87.3936 -15 13 -14.5062 -26.4806 -11.1821 -27.1636 
-16 -87.9536 -17 14 -14.6039 -25.8392 -14.3724 -30.3573 
-18 -85.5756 -17 14 -17.593 -28.1329 -16.8995 -30.8735 
-16 -88.5342 -17 14 -14.3565 -23.7921 -14.3869 -30.0452 
-26 -85.7248 -15 13 -12.6508 -24.6367 -12.5897 -28.0431 
-24 -86.3471 -15 13 -14.5062 -26.4806 -11.1821 -27.1636 
-24 -87.3281 -15 13 -10.0409 -21.1073 -11.7777 -28.3039 
-22 -87.9504 -15 13 -11.8963 -22.9512 -10.3701 -27.4244 
-24 -84.5291 -17 14 -17.593 -28.1329 -16.8995 -30.8735 
-16 -84.9806 -16 13 -22.1596 -29.6897 -16.8388 -28.0406 
-22 -86.1324 -17 14 -14.9832 -24.6035 -16.0875 -31.1344 
-18 -87.9891 -15 13 -13.4075 -26.9029 -11.1821 -27.1903 
-16 -88.7619 -17 14 -14.7186 -26.215 -13.8613 -29.8536 
-24 -87.137 -15 13 -10.2883 -23.1544 -11.7632 -28.6161 
-22 -83.9341 -16 13 -22.1596 -29.6897 -16.8388 -28.0406 
-22 -87.7593 -15 13 -12.1437 -24.9983 -10.3556 -27.7366 
-24 -84.3354 -14 12 -18.6008 -29.2711 -12.822 -25.4465 
-24 -86.4389 -18 14 -17.5984 -26.8992 -18.1038 -29.763 
-22 -85.9413 -17 14 -15.2306 -26.6506 -16.073 -31.4465 
-24 -86.9426 -15 13 -13.4075 -26.9029 -11.1821 -27.1903 
-22 -88.5459 -15 13 -10.7977 -23.3735 -10.3701 -27.4512 
-22 -87.7154 -17 14 -14.7186 -26.215 -13.8613 -29.8536 
-18 -84.9806 -16 13 -22.1596 -29.6897 -16.8388 -28.0406 
-18 -87.842 -17 14 -15.8677 -27.7438 -15.1989 -29.8111 
-22 -87.8396 -17 13 -15.2603 -25.2744 -13.543 -29.4722 
-22 -86.6954 -17 14 -14.9832 -24.6035 -16.0875 -31.1344 
-22 -88.3548 -15 13 -11.0451 -25.4206 -10.3556 -27.7633 
-24 -86.7955 -17 14 -15.8677 -27.7438 -15.1989 -29.8111 
-18 -88.8913 -15 13 -10.2883 -23.1544 -11.7632 -28.6161 
-16 -89.5136 -15 13 -12.1437 -24.9983 -10.3556 -27.7366 
-22 -88.3988 -17 14 -13.2579 -24.2144 -14.3869 -30.0719 
-18 -87.1356 -15 13 -15.1328 -27.292 -12.8827 -28.2527 
-26 -86.723 -15 12 -15.544 -22.5896 -9.96795 -27.7309 
-16 -87.6956 -17 14 -15.2306 -26.6506 -16.073 -31.4465 
-18 -89.4719 -15 13 -10.0409 -21.1073 -11.7777 -28.3039 
-16 -90.0941 -15 13 -11.8963 -22.9512 -10.3701 -27.4244 
-22 -86.5366 -17 14 -15.2306 -26.6506 -16.073 -31.4465 
-16 -88.2762 -17 14 -14.9832 -24.6035 -16.0875 -31.1344 
-16 -89.5201 -17 13 -15.2603 -25.2744 -13.543 -29.4722 
-24 -87.6017 -15 13 -13.4075 -26.9029 -11.1821 -27.1903 
-24 -86.0891 -15 13 -15.1328 -27.292 -12.8827 -28.2527 
-32 -85.6764 -15 12 -15.544 -22.5896 -9.96795 -27.7309 
-18 -85.9183 -14 12 -17.844 -27.0049 -14.2296 -26.2993 
-24 -85.5622 -17 14 -17.593 -28.1329 -16.8995 -30.8735 
-16 -86.5405 -14 12 -19.6994 -28.8488 -12.822 -25.4198 
-21 -88.2587 -15 14 -14.1687 -26.9029 -11.5623 -27.1903 
-22 -87.6924 -15 13 -12.523 -23.7626 -12.0707 -28.5136 
-30 -87.2798 -15 12 -12.9341 -19.0602 -9.15596 -27.9918 
-22 -88.2077 -17 14 -13.5053 -26.2615 -14.3724 -30.3841 
-20 -88.5147 -15 13 -13.4075 -26.9029 -11.1821 -27.1903 
-16 -84.7226 -16 13 -22.7863 -30.5011 -18.5394 -29.1297 
-16 -90.1091 -15 13 -11.0451 -25.4206 -10.3556 -27.7633 
-24 -88.0359 -17 14 -14.036 -23.4263 -14.8608 -30.2066 
-18 -87.7311 -15 13 -14.0342 -27.7143 -12.8827 -28.2795 
-19 -85.9211 -16 13 -19.6085 -32.9152 -13.3734 -29.5629 
-30 -86.5552 -15 13 -13.4075 -26.9029 -11.1821 -27.1903 
-18 -89.6996 -15 13 -10.403 -23.5302 -11.2521 -28.1124 
-16 -90.3219 -15 13 -12.2584 -25.3741 -9.8445 -27.2329 
-18 -88.7619 -17 13 -16.4065 -26.215 -13.4715 -29.8536 
-28 -88.1585 -15 13 -10.7977 -23.3735 -10.3701 -27.4512 
-24 -84.8717 -14 12 -17.844 -27.0049 -14.2296 -26.2993 
-22 -85.494 -14 12 -19.6994 -28.8488 -12.822 -25.4198 
-27 -87.2121 -15 14 -14.1687 -26.9029 -11.5623 -27.1903 
-16 -90.6897 -15 13 -10.7977 -23.3735 -10.3701 -27.4512 
-26 -87.4681 -15 13 -13.4075 -26.9029 -11.1821 -27.1903 
-16 -88.5039 -17 14 -15.3453 -27.0264 -15.5619 -30.9428 
-26 -87.3766 -16 13 -13.2828 -24.2144 -15.4946 -28.0218 
-25 -88.8154 -15 14 -11.5588 -23.3735 -10.7504 -27.4512 
-24 -87.9989 -16 13 -15.1382 -26.0583 -14.087 -27.1422 
-22 -83.6761 -16 13 -22.7863 -30.5011 -18.5394 -29.1297 
-24 -89.0715 -15 13 -10.7977 -23.3735 -10.3701 -27.4512 
-22 -87.5013 -15 13 -12.7704 -25.8097 -12.0562 -28.8257 
-28 -84.3354 -14 12 -19.0528 -29.2711 -13.0569 -25.4465 
-30 -87.0887 -15 12 -13.1816 -21.1073 -9.14146 -28.3039 
-18 -87.0759 -17 15 -20.3234 -29.1507 -17.9094 -29.4277 
-24 -84.0775 -14 12 -19.2275 -30.0825 -14.5226 -26.5357 
-24 -86.1809 -18 14 -18.2251 -27.7106 -19.8044 -30.8522 
-28 -87.638 -15 13 -11.4971 -25.4206 -10.5905 -27.7633 
-24 -86.6846 -15 13 -14.0342 -27.7143 -12.8827 -28.2795 
-18 -89.5201 -17 13 -15.2603 -25.2744 -13.543 -29.4722 
-25 -84.8745 -16 13 -19.6085 -32.9152 -13.3734 -29.5629 
-16 -88.2909 -17 14 -15.2306 -26.6506 -16.073 -31.4465 
-24 -88.6531 -15 13 -10.403 -23.5302 -11.2521 -28.1124 
-16 -87.1361 -14 12 -18.6008 -29.2711 -12.822 -25.4465 
-22 -88.2879 -15 13 -11.4243 -24.1849 -12.0707 -28.5403 
-22 -89.2754 -15 13 -12.2584 -25.3741 -9.8445 -27.2329 
-23 -86.4779 -16 13 -16.9986 -29.3858 -12.5614 -29.8237 
-20 -85.9183 -14 12 -17.844 -27.0049 -14.2296 -26.2993 
-24 -87.7491 -17 14 -16.7189 -25.2744 -15.2134 -29.4722 
-19 -85.035 -15 13 -20.3263 -32.9152 -12.4876 -29.5575 
-18 -86.5405 -14 12 -19.6994 -28.8488 -12.822 -25.4198 
-21 -87.9947 -15 14 -14.9328 -26.0346 -13.9747 -27.0674 
-22 -87.4574 -17 14 -15.3453 -27.0264 -15.5619 -30.9428 
-16 -88.8392 -17 14 -14.9832 -24.6035 -16.0875 -31.1344 
-28 -87.9674 -15 13 -11.0451 -25.4206 -10.3556 -27.7633 
FEATURES_TXT_END_0
FEATURES_TXT_BEGIN_0 106 100 8 Distortion0_0 LM0_0 WordPenalty0_0 PhrasePenalty0_0 TranslationModel0_0 TranslationModel0_1 TranslationModel0_2 TranslationModel0_3 
-15 -62.9037 -13 11 -19.9337 -36.1529 -15.0397 -30.3127 
-15 -62.1001 -12 11 -19.9901 -36.1529 -13.701 -30.3073 
-11 -62.2791 -12 10 -25.1012 -37.1268 -14.3985 -29.5277 
-11 -61.4755 -11 10 -25.1576 -37.1268 -13.0598 -29.5222 
-22 -62.5707 -15 12 -25.4833 -33.6647 -18.3806 -31.3177 
-15 -61.2869 -11 10 -24.5558 -37.1268 -12.574 -29.5222 
-15 -61.9116 -12 10 -24.4379 -37.1268 -14.7895 -29.5277 
-22 -61.9619 -14 12 -25.5397 -33.6647 -17.0419 -31.3123 
-17 -61.2478 -11 10 -23.4868 -37.5491 -12.3231 -29.549 
-8 -66.4976 -14 11 -19.8157 -36.1529 -17.2553 -30.3181 
-22 -59.3597 -14 12 -28.7124 -37.6339 -18.5802 -33.5012 
-17 -59.4583 -12 10 -26.0781 -40.5216 -16.008 -31.7183 
-13 -62.8446 -12 10 -24.0321 -37.5491 -14.1477 -29.5544 
-7 -63.8404 -12 10 -25.1012 -37.1268 -14.3985 -29.5277 
-8 -65.694 -13 11 -19.8721 -36.1529 -15.9165 -30.3127 
-15 -58.3988 -11 10 -25.1318 -39.894 -14.6805 -33.5313 
-13 -62.041 -11 10 -24.0885 -37.5491 -12.8089 -29.549 
-7 -63.0368 -11 10 -25.1576 -37.1268 -13.0598 -29.5222 
-8 -65.9777 -13 11 -19.9337 -36.1529 -15.0397 -30.3127 
-8 -66.4434 -13 11 -19.6862 -34.1058 -15.0542 -30.0006 
-17 -60.524 -12 10 -22.0789 -38.4551 -15.7791 -32.3129 
-8 -67.0681 -14 11 -19.5682 -34.1058 -17.2698 -30.006 
-8 -65.1741 -12 11 -19.9901 -36.1529 -13.701 -30.3073 
-8 -65.6398 -12 11 -19.7426 -34.1058 -13.7155 -29.9952 
-8 -66.2645 -13 11 -19.6246 -34.1058 -15.931 -30.0006 
-21 -59.5868 -10 10 -24.3508 -37.1268 -11.5884 -29.5168 
-22 -62.0252 -14 13 -25.8808 -33.6647 -18.9793 -31.3123 
-21 -60.2114 -11 10 -24.2328 -37.1268 -13.804 -29.5222 
-6 -65.2276 -14 11 -26.5361 -36.0458 -16.6757 -30.9909 
-14 -59.7859 -13 11 -26.5667 -38.813 -16.9577 -34.9946 
-6 -64.424 -13 11 -26.5925 -36.0458 -15.3369 -30.9855 
-15 -64.3794 -13 11 -21.0027 -35.7306 -15.2906 -30.286 
-15 -63.5758 -12 11 -21.0591 -35.7306 -13.9518 -30.2806 
-24 -62.0824 -14 12 -25.5397 -33.6647 -17.0419 -31.3123 
-19 -56.8456 -11 10 -29.131 -41.9605 -14.9093 -32.9367 
-19 -57.4703 -12 10 -29.013 -41.9605 -17.1249 -32.9421 
-11 -62.7649 -11 10 -24.5558 -37.1268 -12.574 -29.5222 
-11 -65.2991 -13 10 -21.0364 -35.2425 -13.3004 -31.0117 
-24 -60.9814 -13 13 -25.9372 -33.6647 -17.6405 -31.3069 
-19 -59.8574 -12 10 -21.067 -38.0097 -13.5824 -35.0154 
-17 -63.2978 -13 10 -24.1612 -37.1268 -15.3148 -29.5331 
-22 -61.4165 -13 13 -25.9372 -33.6647 -17.6405 -31.3069 
-15 -62.8736 -12 10 -23.3688 -37.5491 -14.5387 -29.5544 
-21 -56.8065 -11 10 -28.0619 -42.3828 -14.6585 -32.9634 
-11 -64.4955 -12 10 -21.0928 -35.2425 -11.9616 -31.0063 
-15 -65.3445 -13 11 -19.6862 -34.1058 -15.0542 -30.0006 
-15 -65.783 -13 11 -16.8395 -34.5165 -13.5508 -31.206 
-17 -64.3635 -13 10 -20.162 -35.0603 -15.086 -30.1277 
-15 -64.7783 -14 12 -25.213 -36.4421 -18.5007 -29.0265 
-10 -64.1521 -13 11 -25.9907 -36.0458 -14.8511 -30.9855 
-21 -57.8721 -11 10 -24.0628 -40.3163 -14.4297 -33.558 
-15 -64.5409 -12 11 -19.7426 -34.1058 -13.7155 -29.9952 
-15 -64.9794 -12 11 -16.8959 -34.5165 -12.212 -31.2006 
-22 -58.6735 -13 13 -29.11 -37.6339 -19.1789 -33.4958 
-15 -63.9747 -13 12 -25.2694 -36.4421 -17.162 -29.0211 
-21 -60.8369 -11 10 -24.2943 -37.1268 -12.9271 -29.5222 
-19 -61.007 -11 10 -25.1576 -37.1268 -13.0598 -29.5222 
-21 -61.4615 -12 10 -24.1764 -37.1268 -15.1427 -29.5277 
-19 -61.6317 -12 10 -25.0396 -37.1268 -15.2753 -29.5277 
-23 -62.2691 -13 12 -23.7165 -34.4615 -15.6055 -31.0869 
-15 -64.598 -12 10 -18.0078 -33.4239 -12.6807 -31.0156 
-21 -60.0333 -10 10 -24.3508 -37.1268 -11.5884 -29.5168 
-11 -64.4705 -13 10 -23.9142 -37.5491 -16.3632 -29.5598 
-21 -60.6579 -11 10 -24.2328 -37.1268 -13.804 -29.5222 
-26 -61.1444 -16 14 -31.4817 -35.9074 -20.5528 -33.3312 
-15 -66.647 -16 12 -22.3513 -32.9626 -19.2918 -31.9354 
-11 -63.6669 -12 10 -23.9706 -37.5491 -15.0245 -29.5544 
-22 -61.7958 -15 12 -25.7042 -36.2496 -19.6418 -33.5756 
-15 -65.8434 -15 12 -22.4077 -32.9626 -17.9531 -31.93 
-15 -64.2235 -12 10 -20.491 -35.2425 -11.4758 -31.0063 
-15 -65.5903 -13 11 -19.6862 -34.1058 -15.0542 -30.0006 
-15 -67.1257 -14 12 -17.1395 -34.7676 -13.2892 -31.8911 
-17 -63.9006 -13 10 -23.0921 -37.5491 -15.064 -29.5598 
-14 -65.9852 -14 11 -19.4427 -32.3429 -14.9579 -32.4788 
-15 -67.735 -15 12 -17.4448 -34.7676 -15.1982 -31.8965 
-8 -66.3536 -13 11 -21.0027 -35.7306 -15.2906 -30.286 
-8 -66.9782 -14 11 -20.8847 -35.7306 -17.5061 -30.2914 
-15 -64.7867 -12 11 -19.7426 -34.1058 -13.7155 -29.9952 
-15 -63.8671 -12 10 -21.102 -35.0603 -14.1697 -30.1222 
-15 -66.3221 -13 12 -17.196 -34.7676 -11.9504 -31.8857 
-23 -60.0689 -10 10 -23.2817 -37.5491 -11.3375 -29.5436 
-15 -66.9314 -14 12 -17.5013 -34.7676 -13.8594 -31.8911 
-8 -65.55 -12 11 -21.0591 -35.7306 -13.9518 -30.2806 
-8 -66.1746 -13 11 -20.9412 -35.7306 -16.1674 -30.286 
-17 -61.0647 -10 10 -24.3508 -37.1268 -11.5884 -29.5168 
-23 -59.8447 -10 10 -24.6122 -37.1268 -11.2352 -29.5168 
-23 -60.4694 -11 10 -24.4943 -37.1268 -13.4508 -29.5222 
-13 -63.3564 -12 10 -25.1012 -37.1268 -14.3985 -29.5277 
-17 -64.9663 -13 10 -19.093 -35.4826 -14.8351 -30.1544 
-21 -62.6476 -12 10 -21.8823 -35.4905 -12.9009 -30.421 
-21 -63.2722 -13 10 -21.7644 -35.4905 -15.1165 -30.4264 
-13 -62.5528 -11 10 -25.1576 -37.1268 -13.0598 -29.5222 
-19 -63.0448 -12 10 -22.007 -35.4905 -12.9096 -30.421 
-19 -63.6695 -13 10 -21.889 -35.4905 -15.1252 -30.4264 
-20 -60.7555 -14 12 -25.8758 -37.2428 -18.7414 -34.6039 
-21 -61.844 -11 10 -21.9388 -35.4905 -11.5622 -30.4155 
-21 -62.4686 -12 10 -21.8208 -35.4905 -13.7778 -30.421 
-14 -65.2542 -14 11 -22.5369 -33.9793 -16.4468 -31.5855 
-15 -65.324 -13 11 -19.9337 -36.1529 -15.0397 -30.3127 
-25 -59.8056 -10 10 -23.5432 -37.5491 -10.9844 -29.5436 
FEATURES_TXT_END_0
