FEATURES_TXT_BEGIN_0 0 99 8 Distortion0_0 LM0_0 WordPenalty0_0 PhrasePenalty0_0 TranslationModel0_0 TranslationModel0_1 TranslationModel0_2 TranslationModel0_3 
0 -281.019 -43 38 -238.265 -239.917 -225.663 -288.836 
0 -276.674 -42 38 -240.746 -239.646 -225.663 -278.011 
0 -283.959 -43 38 -238.442 -239.259 -228.228 -291.005 
0 -284.435 -43 38 -235.853 -241.382 -226.356 -292.132 
0 -279.615 -42 38 -240.922 -238.988 -228.228 -280.18 
0 -280.091 -42 38 -238.334 -241.11 -226.356 -281.307 
0 -278.583 -43 38 -237.678 -240.242 -225.663 -288.143 
0 -276.236 -43 38 -239.102 -239.225 -224.565 -285.907 
0 -281.481 -43 38 -238.14 -239.77 -225.663 -288.431 
0 -277.939 -43 38 -239.102 -239.225 -224.565 -285.907 
0 -274.238 -42 38 -240.158 -239.97 -225.663 -277.317 
0 -271.892 -42 38 -241.583 -238.953 -224.565 -275.081 
0 -283.386 -43 38 -237.818 -239.573 -225.663 -290.781 
0 -283.549 -43 38 -237.818 -239.573 -225.663 -290.781 
0 -277.137 -42 38 -240.62 -239.499 -225.663 -277.605 
0 -273.595 -42 38 -241.583 -238.953 -224.565 -275.081 
0 -284.602 -43 38 -237.156 -240.379 -226.356 -290.052 
0 -279.042 -42 38 -240.299 -239.301 -225.663 -279.956 
0 -279.205 -42 38 -240.299 -239.301 -225.663 -279.956 
0 -287.375 -43 38 -236.029 -240.724 -228.921 -294.301 
0 -280.257 -42 38 -239.637 -240.108 -226.356 -279.227 
-3 -282.052 -43 38 -238.265 -239.917 -225.663 -288.836 
0 -283.031 -42 38 -238.51 -240.452 -228.921 -283.476 
0 -281.523 -43 38 -237.854 -239.584 -228.228 -290.312 
0 -275.888 -43 38 -238.265 -240.116 -225.663 -284.667 
-4 -275.118 -43 38 -238.265 -239.917 -225.663 -288.836 
0 -276.594 -43 38 -238.265 -240.116 -225.663 -284.667 
0 -279.177 -43 38 -239.278 -238.567 -227.13 -288.076 
-4 -275.822 -43 38 -238.265 -239.917 -225.663 -288.836 
0 -281.999 -43 38 -235.265 -241.707 -226.356 -291.439 
0 -284.421 -43 38 -238.316 -239.112 -228.228 -290.6 
0 -279.653 -43 38 -236.69 -240.69 -225.258 -289.203 
-3 -277.708 -42 38 -240.746 -239.646 -225.663 -278.011 
0 -280.879 -43 38 -239.278 -238.567 -227.13 -288.076 
0 -284.897 -43 38 -235.727 -241.235 -226.356 -291.727 
0 -278.958 -42 38 -238.265 -240.116 -225.663 -284.662 
0 -278.969 -42 38 -238.265 -240.116 -225.663 -284.662 
0 -277.179 -42 38 -240.335 -239.313 -228.228 -279.486 
0 -271.544 -42 38 -240.746 -239.844 -225.663 -273.842 
-4 -277.984 -43 38 -238.265 -239.917 -225.663 -288.836 
-4 -278.052 -43 38 -238.265 -239.917 -225.663 -288.836 
-4 -270.774 -42 38 -240.746 -239.646 -225.663 -278.011 
-4 -278.219 -43 38 -238.265 -239.917 -225.663 -288.836 
-4 -278.525 -43 38 -238.265 -239.917 -225.663 -288.836 
0 -281.355 -43 38 -236.69 -240.69 -225.258 -289.203 
-4 -278.643 -43 38 -238.265 -239.917 -225.663 -288.836 
0 -280.899 -43 38 -236.734 -240.325 -225.663 -290.781 
0 -272.25 -42 38 -240.746 -239.844 -225.663 -273.842 
0 -274.832 -42 38 -241.759 -238.295 -227.13 -277.25 
-4 -271.477 -42 38 -240.746 -239.646 -225.663 -278.011 
0 -286.326 -43 38 -237.995 -238.915 -228.228 -292.951 
0 -277.655 -42 38 -237.746 -241.435 -226.356 -280.614 
-4 -279.042 -43 38 -238.265 -239.917 -225.663 -288.836 
0 -286.49 -43 38 -237.995 -238.915 -228.228 -292.951 
-4 -279.311 -43 38 -238.265 -239.917 -225.663 -288.836 
-4 -279.332 -43 38 -238.265 -239.917 -225.663 -288.836 
0 -282.965 -43 38 -238.442 -239.074 -228.228 -289.752 
-4 -279.411 -43 38 -238.265 -239.917 -225.663 -288.836 
0 -281.703 -43 38 -236.734 -240.325 -225.663 -290.781 
0 -280.077 -42 38 -240.796 -238.841 -228.228 -279.774 
0 -275.308 -42 38 -239.17 -240.418 -225.258 -278.378 
-4 -279.913 -43 38 -238.265 -239.917 -225.663 -288.836 
0 -273.8 -43 38 -238.514 -239.55 -224.565 -285.214 
0 -283.19 -43 38 -237.204 -240.051 -226.356 -290.222 
0 -286.802 -43 38 -235.406 -241.038 -226.356 -294.078 
-4 -280.075 -43 38 -238.265 -239.917 -225.663 -288.836 
-4 -280.104 -43 38 -238.265 -239.917 -225.663 -288.836 
0 -286.966 -43 38 -235.406 -241.038 -226.356 -294.078 
-4 -280.335 -43 38 -238.265 -239.917 -225.663 -288.836 
0 -276.535 -42 38 -241.759 -238.295 -227.13 -277.25 
0 -277.972 -42 38 -238.265 -240.174 -225.663 -283.968 
-4 -280.551 -43 38 -238.265 -239.917 -225.663 -288.836 
0 -280.553 -42 38 -238.208 -240.963 -226.356 -280.901 
0 -274.613 -41 38 -240.746 -239.844 -225.663 -273.836 
0 -274.625 -41 38 -240.746 -239.844 -225.663 -273.836 
0 -279.045 -43 38 -237.552 -240.095 -225.663 -287.737 
0 -287.542 -43 38 -237.332 -239.721 -228.921 -292.221 
-4 -280.951 -43 38 -238.265 -239.917 -225.663 -288.836 
-4 -273.639 -42 38 -240.746 -239.646 -225.663 -278.011 
-4 -281.019 -43 38 -238.265 -239.917 -225.663 -288.836 
0 -281.982 -42 38 -240.475 -238.643 -228.228 -282.125 
-4 -273.708 -42 38 -240.746 -239.646 -225.663 -278.011 
-4 -281.104 -43 38 -238.265 -239.917 -225.663 -288.836 
-4 -281.109 -43 38 -238.265 -239.917 -225.663 -288.836 
-4 -273.874 -42 38 -240.746 -239.646 -225.663 -278.011 
-4 -281.222 -43 38 -238.265 -239.917 -225.663 -288.836 
-4 -281.245 -43 38 -238.265 -239.917 -225.663 -288.836 
-4 -281.444 -43 38 -238.265 -239.917 -225.663 -288.836 
-4 -274.18 -42 38 -240.746 -239.646 -225.663 -278.011 
0 -277.011 -42 38 -239.17 -240.418 -225.258 -278.378 
-4 -281.526 -43 38 -238.265 -239.917 -225.663 -288.836 
-4 -281.53 -43 38 -238.265 -239.917 -225.663 -288.836 
0 -276.699 -43 38 -238.976 -239.078 -224.565 -285.501 
-4 -274.299 -42 38 -240.746 -239.646 -225.663 -278.011 
0 -276.554 -42 38 -239.215 -240.053 -225.663 -279.956 
0 -275.503 -43 38 -238.514 -239.55 -224.565 -285.214 
-4 -281.688 -43 38 -238.265 -239.917 -225.663 -288.836 
-4 -281.789 -43 38 -238.265 -239.917 -225.663 -288.836 
-4 -281.917 -43 38 -238.265 -239.917 -225.663 -288.836 
FEATURES_TXT_END_0
FEATURES_TXT_BEGIN_0 1 100 8 Distortion0_0 LM0_0 WordPenalty0_0 PhrasePenalty0_0 TranslationModel0_0 TranslationModel0_1 TranslationModel0_2 TranslationModel0_3 
0 -358.477 -61 55 -361.631 -348.526 -313.715 -397.727 
0 -355.111 -60 55 -364.111 -348.254 -313.715 -386.901 
0 -355.112 -60 55 -364.111 -348.254 -313.715 -386.901 
0 -358.236 -60 55 -364.111 -348.254 -313.715 -386.901 
0 -351.745 -59 55 -366.592 -347.983 -313.715 -376.076 
0 -351.199 -61 55 -363.346 -347.431 -311.273 -392.905 
0 -359.352 -61 55 -361.581 -348.3 -313.715 -398.246 
0 -352.965 -61 55 -363.346 -347.431 -311.273 -392.905 
0 -354.869 -59 55 -366.592 -347.983 -313.715 -376.076 
0 -354.87 -59 55 -366.592 -347.983 -313.715 -376.076 
0 -347.833 -60 55 -365.827 -347.159 -311.273 -382.079 
0 -347.834 -60 55 -365.827 -347.159 -311.273 -382.079 
0 -355.986 -60 55 -364.062 -348.028 -313.715 -387.42 
0 -355.987 -60 55 -364.062 -348.028 -313.715 -387.42 
0 -349.599 -60 55 -365.827 -347.159 -311.273 -382.079 
0 -349.6 -60 55 -365.827 -347.159 -311.273 -382.079 
0 -352.251 -61 55 -362.522 -347.906 -313.022 -394.293 
0 -351.504 -58 55 -369.073 -347.711 -313.715 -365.251 
0 -357.932 -61 55 -361.505 -348.379 -313.715 -397.322 
0 -350.958 -60 55 -365.827 -347.159 -311.273 -382.079 
0 -359.111 -60 55 -364.062 -348.028 -313.715 -387.42 
0 -344.468 -59 55 -368.308 -346.887 -311.273 -371.254 
0 -352.62 -59 55 -366.542 -347.757 -313.715 -376.595 
0 -352.074 -61 55 -363.297 -347.205 -311.273 -393.424 
0 -352.724 -60 55 -365.827 -347.159 -311.273 -382.079 
0 -346.233 -59 55 -368.308 -346.887 -311.273 -371.254 
0 -345.687 -61 55 -365.062 -346.336 -308.83 -388.083 
0 -348.884 -60 55 -365.003 -347.634 -313.022 -383.468 
0 -348.886 -60 55 -365.003 -347.634 -313.022 -383.468 
0 -353.84 -61 55 -363.297 -347.205 -311.273 -393.424 
0 -355.666 -62 55 -363.391 -347.431 -314.408 -392.91 
0 -356.874 -61 55 -362.467 -347.834 -312.616 -394.798 
0 -356.186 -62 55 -363.391 -347.431 -314.408 -392.91 
0 -354.565 -60 55 -363.986 -348.107 -313.715 -386.496 
0 -354.567 -60 55 -363.986 -348.107 -313.715 -386.496 
0 -347.591 -59 55 -368.308 -346.887 -311.273 -371.254 
0 -347.592 -59 55 -368.308 -346.887 -311.273 -371.254 
0 -355.744 -59 55 -366.542 -347.757 -313.715 -376.595 
0 -355.745 -59 55 -366.542 -347.757 -313.715 -376.595 
0 -359.99 -61 55 -362.543 -347.563 -314.814 -396.523 
0 -353.718 -60 55 -363.24 -347.445 -313.715 -392.841 
0 -348.708 -60 55 -365.778 -346.933 -311.273 -382.598 
0 -348.709 -60 55 -365.778 -346.933 -311.273 -382.598 
0 -349.357 -59 55 -368.308 -346.887 -311.273 -371.254 
0 -349.358 -59 55 -368.308 -346.887 -311.273 -371.254 
0 -352.009 -60 55 -365.003 -347.634 -313.022 -383.468 
0 -342.321 -60 55 -367.543 -346.064 -308.83 -377.257 
0 -342.322 -60 55 -367.543 -346.064 -308.83 -377.257 
0 -345.519 -59 55 -367.484 -347.362 -313.022 -372.642 
0 -350.474 -60 55 -365.778 -346.933 -311.273 -382.598 
0 -350.475 -60 55 -365.778 -346.933 -311.273 -382.598 
0 -344.973 -61 55 -364.238 -346.81 -310.58 -389.471 
0 -357.69 -60 55 -363.986 -348.107 -313.715 -386.496 
0 -352.3 -61 55 -365.872 -347.159 -314.408 -382.085 
0 -352.301 -61 55 -365.872 -347.159 -314.408 -382.085 
0 -353.126 -61 55 -362.473 -347.68 -313.022 -394.812 
0 -353.507 -60 55 -364.948 -347.562 -312.616 -383.972 
0 -353.508 -60 55 -364.948 -347.562 -312.616 -383.972 
0 -352.82 -61 55 -365.872 -347.159 -314.408 -382.085 
0 -352.821 -61 55 -365.872 -347.159 -314.408 -382.085 
0 -357.274 -61 55 -360.669 -348.758 -315.101 -398.768 
0 -351.2 -59 55 -366.466 -347.836 -313.715 -375.671 
0 -344.226 -58 55 -370.788 -346.616 -311.273 -360.429 
0 -352.379 -58 55 -369.023 -347.485 -313.715 -365.769 
0 -350.654 -61 55 -363.221 -347.284 -311.273 -392.499 
0 -358.807 -61 55 -361.455 -348.153 -313.715 -397.84 
0 -351.833 -60 55 -365.778 -346.933 -311.273 -382.598 
0 -356.624 -60 55 -365.024 -347.291 -314.814 -385.697 
0 -356.625 -60 55 -365.024 -347.291 -314.814 -385.697 
-3 -358.726 -61 55 -361.631 -348.526 -313.715 -397.727 
0 -346.739 -61 55 -364.238 -346.81 -310.58 -389.471 
0 -350.351 -59 55 -365.721 -347.173 -313.715 -382.016 
0 -350.353 -59 55 -365.721 -347.173 -313.715 -382.016 
0 -345.343 -59 55 -368.258 -346.661 -311.273 -371.773 
-4 -352.123 -61 55 -361.631 -348.526 -313.715 -397.727 
0 -345.992 -58 55 -370.788 -346.616 -311.273 -360.429 
0 -352.42 -61 55 -363.221 -347.284 -311.273 -392.499 
0 -345.446 -60 55 -367.543 -346.064 -308.83 -377.257 
0 -348.643 -59 55 -367.484 -347.362 -313.022 -372.642 
0 -348.644 -59 55 -367.484 -347.362 -313.022 -372.642 
0 -353.599 -60 55 -365.778 -346.933 -311.273 -382.598 
-4 -352.765 -61 55 -361.631 -348.526 -313.715 -397.727 
0 -359.799 -61 55 -360.669 -348.758 -315.101 -398.768 
0 -355.425 -61 55 -365.872 -347.159 -314.408 -382.085 
-4 -352.84 -61 55 -361.631 -348.526 -313.715 -397.727 
0 -356.632 -60 55 -364.948 -347.562 -312.616 -383.972 
0 -338.955 -59 55 -370.024 -345.792 -308.83 -366.432 
0 -355.945 -61 55 -365.872 -347.159 -314.408 -382.085 
0 -347.108 -59 55 -368.258 -346.661 -311.273 -371.773 
0 -341.606 -60 55 -366.719 -346.539 -310.58 -378.646 
0 -341.608 -60 55 -366.719 -346.539 -310.58 -378.646 
0 -346.562 -61 55 -365.013 -346.11 -308.83 -388.602 
0 -354.324 -59 55 -366.466 -347.836 -313.715 -375.671 
0 -354.325 -59 55 -366.466 -347.836 -313.715 -375.671 
0 -348.935 -60 55 -368.352 -346.887 -314.408 -371.259 
0 -349.759 -60 55 -364.953 -347.408 -313.022 -383.986 
0 -349.761 -60 55 -364.953 -347.408 -313.022 -383.986 
0 -348.388 -62 55 -365.107 -346.336 -311.966 -388.088 
0 -350.142 -59 55 -367.429 -347.29 -312.616 -373.147 
0 -356.541 -62 55 -363.341 -347.205 -314.408 -393.429 
FEATURES_TXT_END_0
FEATURES_TXT_BEGIN_0 2 94 8 Distortion0_0 LM0_0 WordPenalty0_0 PhrasePenalty0_0 TranslationModel0_0 TranslationModel0_1 TranslationModel0_2 TranslationModel0_3 
0 -242.043 -43 38 -253.036 -245.328 -221.846 -262.301 
0 -241.785 -43 38 -253.895 -244.679 -221.846 -261.32 
0 -238.857 -42 38 -255.516 -245.057 -221.846 -251.475 
0 -239.335 -42 38 -255.516 -245.057 -221.846 -251.475 
0 -238.6 -42 38 -256.376 -244.407 -221.846 -250.494 
0 -239.078 -42 38 -256.376 -244.407 -221.846 -250.494 
0 -236.15 -41 38 -257.997 -244.785 -221.846 -240.65 
0 -243.479 -43 38 -252.986 -245.102 -221.846 -262.819 
0 -239.801 -43 38 -252.55 -245.435 -221.846 -262.778 
0 -235.892 -41 38 -258.856 -244.135 -221.846 -239.669 
0 -243.222 -43 38 -253.845 -244.453 -221.846 -261.839 
0 -239.544 -43 38 -253.409 -244.785 -221.846 -261.797 
0 -241.635 -43 38 -252.55 -245.435 -221.846 -262.778 
0 -241.377 -43 38 -253.409 -244.785 -221.846 -261.797 
0 -240.294 -42 38 -255.467 -244.831 -221.846 -251.994 
0 -240.772 -42 38 -255.467 -244.831 -221.846 -251.994 
0 -237.094 -42 38 -255.031 -245.163 -221.846 -251.952 
0 -240.036 -42 38 -256.326 -244.181 -221.846 -251.013 
0 -240.514 -42 38 -256.326 -244.181 -221.846 -251.013 
0 -236.836 -42 38 -255.89 -244.514 -221.846 -250.971 
0 -238.449 -42 38 -255.031 -245.163 -221.846 -251.952 
-3 -237.21 -43 38 -252.55 -245.435 -221.846 -262.778 
0 -238.927 -42 38 -255.031 -245.163 -221.846 -251.952 
0 -238.191 -42 38 -255.89 -244.514 -221.846 -250.971 
-4 -239.274 -43 38 -253.895 -244.679 -221.846 -261.32 
0 -238.67 -42 38 -255.89 -244.514 -221.846 -250.971 
0 -237.586 -41 38 -257.947 -244.559 -221.846 -241.169 
0 -241.238 -43 38 -252.5 -245.209 -221.846 -263.296 
0 -244.573 -43 38 -252.589 -244.984 -221.846 -264.246 
-3 -237.619 -43 38 -253.036 -245.328 -221.846 -262.301 
0 -237.329 -41 38 -258.807 -243.909 -221.846 -240.188 
0 -240.98 -43 38 -253.36 -244.559 -221.846 -262.315 
0 -235.742 -41 38 -257.511 -244.891 -221.846 -241.127 
0 -244.165 -43 38 -252.103 -245.09 -221.846 -264.723 
0 -243.071 -43 38 -252.501 -245.209 -221.846 -263.296 
0 -244.316 -43 38 -253.448 -244.334 -221.846 -263.265 
-3 -237.361 -43 38 -253.895 -244.679 -221.846 -261.32 
0 -239.393 -43 38 -252.065 -245.541 -221.846 -263.254 
0 -235.484 -41 38 -258.371 -244.242 -221.846 -240.146 
-4 -240.749 -43 38 -253.036 -245.328 -221.846 -262.301 
0 -242.814 -43 38 -253.36 -244.559 -221.846 -262.315 
0 -239.136 -43 38 -252.924 -244.892 -221.846 -262.274 
0 -238.531 -42 38 -254.981 -244.937 -221.846 -252.471 
0 -241.388 -42 38 -255.069 -244.712 -221.846 -253.421 
-3 -234.433 -42 38 -255.516 -245.057 -221.846 -251.475 
0 -241.866 -42 38 -255.069 -244.712 -221.846 -253.421 
-3 -234.911 -42 38 -255.516 -245.057 -221.846 -251.475 
0 -238.273 -42 38 -255.84 -244.288 -221.846 -251.49 
0 -239.886 -42 38 -254.981 -244.937 -221.846 -252.471 
-4 -240.597 -43 38 -253.036 -245.328 -221.846 -262.301 
0 -241.13 -42 38 -255.929 -244.063 -221.846 -252.44 
-3 -234.175 -42 38 -256.376 -244.407 -221.846 -250.494 
0 -240.364 -42 38 -254.981 -244.937 -221.846 -252.471 
0 -241.608 -42 38 -255.929 -244.063 -221.846 -252.44 
-3 -234.654 -42 38 -256.376 -244.407 -221.846 -250.494 
0 -236.686 -42 38 -254.545 -245.27 -221.846 -252.429 
0 -239.628 -42 38 -255.841 -244.288 -221.846 -251.49 
0 -239.628 -42 38 -255.84 -244.288 -221.846 -251.49 
0 -240.106 -42 38 -255.841 -244.288 -221.846 -251.49 
-4 -237.126 -43 38 -253.036 -245.328 -221.846 -262.301 
0 -236.428 -42 38 -255.405 -244.62 -221.846 -251.448 
0 -238.041 -42 38 -254.545 -245.27 -221.846 -252.429 
-4 -237.497 -43 38 -253.036 -245.328 -221.846 -262.301 
-4 -238.126 -43 38 -253.036 -245.328 -221.846 -262.301 
0 -245.269 -43 38 -252.074 -245.56 -223.233 -263.342 
-4 -236.789 -43 38 -253.895 -244.679 -221.846 -261.32 
0 -238.68 -41 38 -257.55 -244.44 -221.846 -242.595 
0 -246.01 -43 38 -252.539 -244.758 -221.846 -264.765 
0 -237.783 -42 38 -255.405 -244.62 -221.846 -251.448 
-3 -231.726 -41 38 -257.997 -244.785 -221.846 -240.65 
-3 -239.055 -43 38 -252.986 -245.102 -221.846 -262.819 
-4 -237.24 -43 38 -253.895 -244.679 -221.846 -261.32 
0 -242.332 -43 38 -252.103 -245.09 -221.846 -264.723 
-4 -239.059 -43 38 -253.036 -245.328 -221.846 -262.301 
-3 -235.377 -43 38 -252.55 -245.435 -221.846 -262.778 
-4 -239.194 -43 38 -253.036 -245.328 -221.846 -262.301 
-4 -239.206 -43 38 -253.036 -245.328 -221.846 -262.301 
-4 -239.532 -43 38 -253.036 -245.328 -221.846 -262.301 
0 -237.178 -41 38 -257.462 -244.665 -221.846 -241.645 
-4 -238.948 -43 38 -253.895 -244.679 -221.846 -261.32 
0 -245.011 -43 38 -252.933 -244.911 -223.233 -262.361 
0 -238.423 -41 38 -258.409 -243.791 -221.846 -241.614 
0 -245.752 -43 38 -253.399 -244.108 -221.846 -263.784 
-3 -231.468 -41 38 -258.856 -244.135 -221.846 -239.669 
-3 -238.798 -43 38 -253.845 -244.453 -221.846 -261.839 
-4 -240.032 -43 38 -253.036 -245.328 -221.846 -262.301 
0 -240.83 -43 38 -252.015 -245.315 -221.846 -263.773 
0 -239.372 -42 38 -252.698 -246.448 -221.846 -255.031 
-4 -240.283 -43 38 -253.036 -245.328 -221.846 -262.301 
0 -242.074 -43 38 -252.963 -244.441 -221.846 -263.742 
-4 -238.802 -43 38 -253.895 -244.679 -221.846 -261.32 
-3 -235.12 -43 38 -253.409 -244.785 -221.846 -261.797 
0 -247.444 -43 38 -252.074 -245.56 -223.233 -263.342 
-4 -238.936 -43 38 -253.895 -244.679 -221.846 -261.32 
FEATURES_TXT_END_0
FEATURES_TXT_BEGIN_0 3 63 8 Distortion0_0 LM0_0 WordPenalty0_0 PhrasePenalty0_0 TranslationModel0_0 TranslationModel0_1 TranslationModel0_2 TranslationModel0_3 
0 -247.789 -37 34 -203.421 -222.597 -188.468 -234.612 
0 -246.485 -36 34 -203.9 -223.004 -187.775 -229.721 
0 -240.012 -37 34 -205.137 -221.502 -186.026 -229.79 
0 -250.661 -37 34 -203.711 -223.255 -189.161 -229.726 
0 -242.101 -37 34 -205.137 -221.502 -186.026 -229.79 
0 -242.518 -37 34 -205.137 -221.502 -186.026 -229.79 
0 -246.679 -36 34 -203.935 -223.016 -186.763 -228.597 
0 -247.53 -36 34 -203.659 -222.983 -189.161 -230.581 
0 -243.694 -37 34 -205.137 -221.502 -186.026 -229.79 
0 -238.709 -36 34 -205.616 -221.909 -185.333 -224.899 
0 -248.814 -37 34 -203.171 -222.479 -188.874 -235.151 
0 -247.156 -38 34 -205.471 -222.16 -189.854 -224.91 
0 -237.044 -38 34 -206.898 -220.406 -186.719 -224.973 
0 -237.196 -37 34 -207.143 -221.065 -184.277 -220.082 
0 -240.797 -36 34 -205.616 -221.909 -185.333 -224.899 
0 -241.214 -36 34 -205.616 -221.909 -185.333 -224.899 
0 -242.39 -36 34 -205.616 -221.909 -185.333 -224.899 
0 -242.884 -37 34 -205.427 -222.16 -186.719 -224.904 
0 -247.51 -36 34 -203.649 -222.886 -188.18 -230.26 
0 -249.839 -37 34 -202.92 -222.361 -189.279 -235.69 
0 -246.355 -38 34 -205.471 -222.16 -189.854 -224.91 
0 -237.119 -36 34 -207.332 -220.814 -182.89 -220.077 
0 -243.483 -38 34 -205.182 -221.502 -189.161 -229.795 
0 -234.324 -37 34 -206.853 -220.406 -183.583 -224.968 
0 -244.284 -38 34 -205.182 -221.502 -189.161 -229.795 
0 -234.741 -37 34 -206.853 -220.406 -183.583 -224.968 
0 -238.903 -36 34 -205.65 -221.92 -184.321 -223.775 
0 -244.972 -37 34 -205.427 -222.16 -186.719 -224.904 
0 -244.821 -38 34 -205.182 -221.502 -189.161 -229.795 
0 -245.389 -37 34 -205.427 -222.16 -186.719 -224.904 
0 -236.508 -38 34 -206.898 -220.406 -186.719 -224.973 
0 -239.753 -36 34 -205.375 -221.887 -186.719 -225.759 
0 -235.917 -37 34 -206.853 -220.406 -183.583 -224.968 
0 -236.829 -37 34 -206.853 -220.406 -183.583 -224.968 
0 -240.991 -36 34 -205.65 -221.92 -184.321 -223.775 
0 -241.408 -36 34 -205.65 -221.92 -184.321 -223.775 
-3 -244.493 -36 34 -203.9 -223.004 -187.775 -229.721 
0 -241.037 -37 34 -204.887 -221.383 -186.431 -230.329 
0 -236.702 -36 34 -207.332 -220.814 -182.89 -220.077 
0 -246.234 -37 34 -205.661 -221.909 -188.468 -224.904 
0 -235.706 -38 34 -206.898 -220.406 -186.719 -224.973 
0 -242.179 -37 34 -205.661 -221.909 -188.468 -224.904 
0 -247.537 -38 34 -205.182 -221.502 -189.161 -229.795 
0 -241.842 -36 34 -205.375 -221.887 -186.719 -225.759 
0 -238.006 -37 34 -206.853 -220.406 -183.583 -224.968 
0 -233.021 -36 34 -207.332 -220.814 -182.89 -220.077 
-3 -245.797 -37 34 -203.421 -222.597 -188.468 -234.612 
0 -251.686 -37 34 -203.46 -223.137 -189.567 -230.265 
0 -249.005 -36 34 -203.684 -222.897 -187.169 -229.136 
0 -239.734 -36 34 -205.365 -221.791 -185.738 -225.438 
0 -244.719 -37 34 -204.887 -221.383 -186.431 -230.329 
0 -242.259 -36 34 -205.375 -221.887 -186.719 -225.759 
0 -248.555 -36 34 -203.408 -222.865 -189.567 -231.12 
0 -238.423 -37 34 -206.853 -220.406 -183.583 -224.968 
0 -242.981 -37 34 -205.661 -221.909 -188.468 -224.904 
0 -233.438 -36 34 -207.332 -220.814 -182.89 -220.077 
0 -248.392 -36 34 -203.228 -223.255 -187.082 -229.721 
0 -243.517 -37 34 -205.661 -221.909 -188.468 -224.904 
0 -243.126 -37 34 -204.887 -221.383 -186.431 -230.329 
0 -235.526 -36 34 -207.332 -220.814 -182.89 -220.077 
0 -247.704 -36 34 -203.684 -222.897 -187.169 -229.136 
0 -243.543 -37 34 -204.887 -221.383 -186.431 -230.329 
0 -234.614 -36 34 -207.332 -220.814 -182.89 -220.077 
FEATURES_TXT_END_0
FEATURES_TXT_BEGIN_0 4 99 8 Distortion0_0 LM0_0 WordPenalty0_0 PhrasePenalty0_0 TranslationModel0_0 TranslationModel0_1 TranslationModel0_2 TranslationModel0_3 
0 -395.574 -64 59 -385.522 -390.285 -381.678 -481.868 
0 -390.333 -63 59 -388.003 -390.013 -381.678 -471.042 
0 -392.262 -63 59 -388.003 -390.013 -381.678 -471.042 
0 -392.627 -63 59 -388.003 -390.013 -381.678 -471.042 
0 -387.022 -62 59 -390.484 -389.741 -381.678 -460.217 
0 -387.387 -62 59 -390.484 -389.741 -381.678 -460.217 
0 -394.589 -64 59 -386.323 -389.69 -381.678 -480.258 
0 -393.603 -64 59 -387.387 -388.701 -381.678 -479.971 
0 -395.378 -64 59 -385.473 -390.059 -381.678 -482.386 
0 -395.815 -63 59 -388.003 -390.013 -381.678 -471.042 
0 -396.016 -64 59 -385.473 -390.059 -381.678 -482.386 
0 -396.377 -64 59 -385.473 -390.059 -381.678 -482.386 
0 -389.316 -62 59 -390.484 -389.741 -381.678 -460.217 
0 -389.348 -63 59 -388.803 -389.418 -381.678 -469.433 
0 -388.362 -63 59 -389.867 -388.429 -381.678 -469.145 
0 -390.137 -63 59 -387.954 -389.787 -381.678 -471.561 
0 -390.574 -62 59 -390.484 -389.741 -381.678 -460.217 
0 -394.167 -64 59 -385.141 -390.399 -381.678 -481.868 
0 -390.775 -63 59 -387.954 -389.787 -381.678 -471.561 
0 -391.136 -63 59 -387.954 -389.787 -381.678 -471.561 
0 -384.075 -61 59 -392.964 -389.47 -381.678 -449.391 
0 -391.278 -63 59 -388.803 -389.418 -381.678 -469.433 
0 -391.643 -63 59 -388.803 -389.418 -381.678 -469.433 
0 -390.291 -63 59 -389.867 -388.429 -381.678 -469.145 
0 -392.067 -63 59 -387.954 -389.787 -381.678 -471.561 
0 -398.99 -64 59 -383.11 -391.749 -382.371 -485.164 
0 -390.656 -63 59 -389.867 -388.429 -381.678 -469.145 
0 -392.432 -63 59 -387.954 -389.787 -381.678 -471.561 
0 -392.503 -62 59 -390.484 -389.741 -381.678 -460.217 
0 -392.705 -63 59 -387.954 -389.787 -381.678 -471.561 
0 -388.926 -63 59 -387.622 -390.127 -381.678 -471.042 
0 -392.868 -62 59 -390.484 -389.741 -381.678 -460.217 
0 -393.066 -63 59 -387.954 -389.787 -381.678 -471.561 
0 -393.07 -63 59 -387.954 -389.787 -381.678 -471.561 
0 -393.431 -63 59 -387.954 -389.787 -381.678 -471.561 
0 -386.037 -62 59 -391.284 -389.147 -381.678 -458.607 
0 -386.402 -62 59 -391.284 -389.147 -381.678 -458.607 
0 -385.05 -62 59 -392.348 -388.157 -381.678 -458.32 
0 -386.826 -62 59 -390.434 -389.515 -381.678 -460.736 
0 -393.749 -63 59 -385.591 -391.478 -382.371 -474.338 
0 -385.415 -62 59 -392.348 -388.157 -381.678 -458.32 
0 -387.191 -62 59 -390.434 -389.515 -381.678 -460.736 
0 -387.262 -61 59 -392.964 -389.469 -381.678 -449.391 
0 -392.618 -64 59 -388.187 -388.106 -381.678 -478.361 
0 -394.394 -64 59 -386.273 -389.464 -381.678 -480.777 
0 -390.856 -63 59 -387.622 -390.127 -381.678 -471.042 
0 -387.464 -62 59 -390.434 -389.515 -381.678 -460.736 
0 -387.627 -61 59 -392.964 -389.47 -381.678 -449.391 
0 -391.221 -63 59 -387.622 -390.127 -381.678 -471.042 
0 -394.83 -63 59 -388.803 -389.418 -381.678 -469.433 
0 -387.825 -62 59 -390.434 -389.515 -381.678 -460.736 
0 -387.829 -62 59 -390.434 -389.515 -381.678 -460.736 
0 -393.407 -64 59 -387.337 -388.475 -381.678 -480.489 
0 -395.031 -64 59 -386.273 -389.464 -381.678 -480.777 
0 -388.19 -62 59 -390.434 -389.515 -381.678 -460.736 
0 -393.843 -63 59 -389.867 -388.429 -381.678 -469.145 
0 -395.393 -64 59 -386.273 -389.464 -381.678 -480.777 
0 -394.045 -64 59 -387.337 -388.475 -381.678 -480.489 
0 -395.82 -64 59 -385.423 -389.833 -381.678 -482.905 
0 -388.331 -62 59 -391.284 -389.147 -381.678 -458.607 
0 -394.406 -64 59 -387.337 -388.475 -381.678 -480.489 
0 -396.182 -64 59 -385.423 -389.833 -381.678 -482.905 
0 -396.257 -63 59 -387.954 -389.787 -381.678 -471.561 
0 -395.679 -63 59 -385.591 -391.478 -382.371 -474.338 
0 -387.345 -62 59 -392.348 -388.157 -381.678 -458.32 
0 -389.12 -62 59 -390.434 -389.515 -381.678 -460.736 
0 -393.157 -64 59 -386.435 -389.321 -382.777 -480.664 
0 -396.618 -63 59 -387.954 -389.787 -381.678 -471.561 
0 -389.306 -63 59 -390.668 -387.835 -381.678 -467.536 
0 -387.377 -63 59 -390.668 -387.835 -381.678 -467.536 
0 -389.153 -63 59 -388.754 -389.192 -381.678 -469.952 
0 -385.615 -62 59 -390.103 -389.855 -381.678 -460.217 
0 -396.044 -63 59 -385.591 -391.478 -382.371 -474.338 
0 -396.819 -64 59 -385.423 -389.833 -381.678 -482.905 
0 -389.557 -61 59 -392.964 -389.47 -381.678 -449.391 
0 -389.758 -62 59 -390.434 -389.515 -381.678 -460.736 
0 -385.98 -62 59 -390.103 -389.855 -381.678 -460.217 
0 -389.589 -62 59 -391.284 -389.147 -381.678 -458.607 
0 -393.183 -64 59 -385.942 -389.804 -381.678 -480.258 
0 -388.166 -63 59 -389.818 -388.203 -381.678 -469.664 
0 -389.791 -63 59 -388.754 -389.192 -381.678 -469.952 
0 -390.119 -62 59 -390.434 -389.515 -381.678 -460.736 
0 -398.672 -64 59 -383.549 -391.708 -380.292 -482.273 
0 -388.602 -62 59 -392.348 -388.157 -381.678 -458.32 
0 -390.152 -63 59 -388.754 -389.192 -381.678 -469.952 
0 -392.196 -64 59 -387.006 -388.815 -381.678 -479.971 
0 -393.972 -64 59 -385.092 -390.173 -381.678 -482.386 
0 -388.804 -63 59 -389.818 -388.203 -381.678 -469.664 
0 -390.58 -63 59 -387.904 -389.561 -381.678 -472.08 
0 -383.091 -61 59 -393.765 -388.875 -381.678 -447.782 
0 -394.408 -63 59 -387.622 -390.127 -381.678 -471.042 
0 -389.165 -63 59 -389.818 -388.203 -381.678 -469.664 
0 -390.941 -63 59 -387.904 -389.561 -381.678 -472.08 
0 -391.016 -62 59 -390.434 -389.515 -381.678 -460.736 
0 -394.609 -64 59 -385.092 -390.173 -381.678 -482.386 
0 -390.438 -62 59 -388.071 -391.206 -382.371 -463.513 
0 -382.104 -61 59 -394.829 -387.886 -381.678 -447.494 
0 -383.88 -61 59 -392.915 -389.244 -381.678 -449.91 
0 -387.917 -63 59 -388.916 -389.05 -382.777 -469.838 
FEATURES_TXT_END_0
FEATURES_TXT_BEGIN_0 5 100 8 Distortion0_0 LM0_0 WordPenalty0_0 PhrasePenalty0_0 TranslationModel0_0 TranslationModel0_1 TranslationModel0_2 TranslationModel0_3 
0 -323.753 -51 48 -330.184 -308.947 -286.787 -347.67 
0 -319.383 -50 48 -332.664 -308.675 -286.787 -336.844 
0 -320.609 -51 48 -330.377 -308.785 -286.094 -346.417 
0 -323.664 -50 48 -332.664 -308.675 -286.787 -336.844 
0 -316.239 -50 48 -332.857 -308.514 -286.094 -335.591 
0 -318.331 -51 48 -331.9 -307.851 -284.344 -342.848 
0 -318.454 -51 48 -331.9 -307.851 -284.344 -342.848 
0 -319.295 -49 48 -335.145 -308.403 -286.787 -326.019 
0 -313.962 -50 48 -334.38 -307.58 -284.344 -332.022 
0 -314.084 -50 48 -334.38 -307.58 -284.344 -332.022 
0 -320.52 -50 48 -332.857 -308.514 -286.094 -335.591 
0 -325.898 -51 48 -329.49 -309.143 -286.094 -348.517 
0 -320.282 -51 48 -331.096 -307.983 -287.885 -346.466 
0 -317.409 -52 48 -331.944 -307.851 -287.48 -342.853 
0 -317.434 -52 48 -331.944 -307.851 -287.48 -342.853 
0 -321.336 -51 48 -331.096 -307.983 -287.885 -346.466 
0 -315.187 -51 48 -332.093 -307.69 -283.651 -341.595 
0 -315.31 -51 48 -332.093 -307.69 -283.651 -341.595 
0 -316.15 -49 48 -335.338 -308.242 -286.094 -324.766 
0 -321.528 -50 48 -331.97 -308.872 -286.094 -337.692 
0 -322.565 -51 48 -331.096 -307.983 -287.885 -346.466 
0 -318.243 -50 48 -334.38 -307.58 -284.344 -332.022 
0 -318.365 -50 48 -334.38 -307.58 -284.344 -332.022 
0 -315.912 -50 48 -333.577 -307.712 -287.885 -335.64 
0 -313.039 -51 48 -334.425 -307.58 -287.48 -332.028 
0 -313.065 -51 48 -334.425 -307.58 -287.48 -332.028 
0 -316.967 -50 48 -333.577 -307.712 -287.885 -335.64 
0 -322.075 -51 48 -331.02 -308.255 -285.688 -344.74 
0 -326.283 -51 48 -329.737 -308.602 -286.787 -349.615 
0 -310.817 -50 48 -334.573 -307.418 -283.651 -330.769 
0 -310.94 -50 48 -334.573 -307.418 -283.651 -330.769 
0 -322.754 -51 48 -329.683 -308.982 -285.4 -347.264 
0 -323.073 -51 48 -331.02 -308.255 -285.688 -344.74 
0 -318.196 -50 48 -333.577 -307.712 -287.885 -335.64 
0 -313.032 -51 48 -333.615 -306.756 -281.902 -338.026 
0 -313.873 -49 48 -336.861 -307.308 -284.344 -321.197 
0 -313.996 -49 48 -336.861 -307.308 -284.344 -321.197 
0 -317.138 -51 48 -331.289 -307.822 -287.192 -345.213 
0 -325.81 -50 48 -331.97 -308.872 -286.094 -337.692 
0 -314.264 -52 48 -332.137 -307.69 -286.787 -341.6 
0 -324.342 -51 48 -331.02 -308.255 -285.688 -344.74 
0 -314.29 -52 48 -332.137 -307.69 -286.787 -341.6 
0 -317.706 -50 48 -333.501 -307.983 -285.688 -333.915 
0 -318.192 -51 48 -331.289 -307.822 -287.192 -345.213 
0 -321.914 -50 48 -332.218 -308.331 -286.787 -338.79 
0 -320.193 -50 48 -333.577 -307.712 -287.885 -335.64 
0 -317.32 -51 48 -334.425 -307.58 -287.48 -332.028 
0 -317.346 -51 48 -334.425 -307.58 -287.48 -332.028 
0 -318.384 -50 48 -332.163 -308.71 -285.4 -336.439 
0 -318.703 -50 48 -333.501 -307.983 -285.688 -333.915 
0 -320.916 -51 48 -329.789 -308.705 -287.48 -348.075 
0 -319.421 -51 48 -331.289 -307.822 -287.192 -345.213 
0 -321.248 -50 48 -333.577 -307.712 -287.885 -335.64 
0 -308.663 -50 48 -336.096 -306.485 -281.902 -327.2 
0 -315.098 -50 48 -334.573 -307.418 -283.651 -330.769 
0 -315.221 -50 48 -334.573 -307.418 -283.651 -330.769 
0 -320.476 -51 48 -331.206 -308.048 -283.651 -343.695 
0 -312.768 -50 48 -333.77 -307.55 -287.192 -334.387 
0 -320.599 -51 48 -331.206 -308.048 -283.651 -343.695 
-3 -323.998 -51 48 -330.184 -308.947 -286.787 -347.67 
0 -321.44 -49 48 -334.451 -308.6 -286.094 -326.866 
0 -309.895 -51 48 -334.618 -307.418 -286.787 -330.775 
0 -319.972 -50 48 -333.501 -307.983 -285.688 -333.915 
0 -309.92 -51 48 -334.618 -307.418 -286.787 -330.775 
0 -322.477 -50 48 -333.577 -307.712 -287.885 -335.64 
0 -314.86 -51 48 -332.812 -306.888 -285.443 -341.644 
0 -313.822 -50 48 -333.77 -307.55 -287.192 -334.387 
0 -318.931 -51 48 -331.214 -308.093 -284.995 -343.488 
0 -314.983 -51 48 -332.812 -306.888 -285.443 -341.644 
0 -315.824 -49 48 -336.057 -307.44 -287.885 -324.815 
0 -311.987 -52 48 -333.66 -306.756 -285.038 -338.031 
0 -312.135 -52 48 -333.66 -306.756 -285.038 -338.031 
0 -312.95 -50 48 -336.905 -307.308 -287.48 -321.202 
0 -312.976 -50 48 -336.905 -307.308 -287.48 -321.202 
0 -321.254 -50 48 -333.501 -307.983 -285.688 -333.915 
0 -323.849 -51 48 -329.93 -308.441 -286.094 -348.362 
0 -315.867 -51 48 -332.812 -306.888 -285.443 -341.644 
0 -319.928 -51 48 -331.214 -308.093 -284.995 -343.488 
0 -316.546 -50 48 -332.27 -308.434 -287.48 -337.25 
0 -315.915 -51 48 -332.812 -306.888 -285.443 -341.644 
0 -315.051 -50 48 -333.77 -307.55 -287.192 -334.387 
0 -316.878 -49 48 -336.057 -307.44 -287.885 -324.815 
0 -321.987 -50 48 -333.501 -307.983 -285.688 -333.915 
0 -326.195 -50 48 -332.218 -308.331 -286.787 -338.79 
0 -309.888 -51 48 -333.809 -306.595 -281.209 -336.773 
0 -317.967 -50 48 -329.846 -310.067 -286.787 -340.4 
0 -310.729 -49 48 -337.054 -307.147 -283.651 -319.944 
0 -310.851 -49 48 -337.054 -307.147 -283.651 -319.944 
0 -316.107 -50 48 -333.686 -307.776 -283.651 -332.869 
0 -316.229 -50 48 -333.686 -307.776 -283.651 -332.869 
-4 -319.175 -51 48 -330.184 -308.947 -286.787 -347.67 
-3 -319.628 -50 48 -332.664 -308.675 -286.787 -336.844 
0 -316.973 -51 48 -332.812 -306.888 -285.443 -341.644 
0 -322.665 -50 48 -332.163 -308.71 -285.4 -336.439 
0 -321.197 -51 48 -331.214 -308.093 -284.995 -343.488 
0 -317.266 -51 48 -332.812 -306.888 -285.443 -341.644 
0 -316.883 -51 48 -331.843 -307.282 -287.074 -344.529 
0 -318.107 -49 48 -336.057 -307.44 -287.885 -324.815 
0 -312.944 -50 48 -336.096 -306.484 -281.902 -327.2 
0 -310.491 -50 48 -335.293 -306.616 -285.443 -330.818 
FEATURES_TXT_END_0
FEATURES_TXT_BEGIN_0 6 100 8 Distortion0_0 LM0_0 WordPenalty0_0 PhrasePenalty0_0 TranslationModel0_0 TranslationModel0_1 TranslationModel0_2 TranslationModel0_3 
0 -261.899 -44 42 -306.924 -301.678 -278.301 -314.366 
0 -263.486 -44 42 -305.958 -302.254 -278.301 -316.158 
0 -259.846 -43 42 -307.403 -302.085 -277.608 -309.475 
0 -261.432 -43 42 -306.437 -302.661 -277.608 -311.266 
0 -262.262 -44 42 -307.214 -302.336 -278.994 -309.48 
0 -252.497 -44 42 -308.64 -300.583 -275.859 -309.544 
0 -263.848 -44 42 -306.247 -302.912 -278.994 -311.272 
0 -254.084 -44 42 -307.674 -301.158 -275.859 -311.335 
0 -250.443 -43 42 -309.119 -300.99 -275.166 -304.652 
0 -259.862 -43 42 -307.438 -302.096 -276.596 -308.351 
0 -252.03 -43 42 -308.153 -301.566 -275.166 -306.444 
0 -261.449 -43 42 -306.471 -302.672 -276.596 -310.142 
0 -256.617 -44 42 -308.64 -300.582 -275.859 -309.544 
0 -258.238 -44 42 -307.674 -301.158 -275.859 -311.335 
0 -261.393 -43 42 -307.162 -302.064 -278.994 -310.335 
0 -262.979 -43 42 -306.196 -302.639 -278.994 -312.126 
0 -265.315 -44 42 -304.512 -303.143 -278.994 -317.662 
0 -266.902 -44 42 -303.546 -303.718 -278.994 -319.454 
0 -252.859 -44 42 -308.93 -301.241 -276.552 -304.658 
0 -254.446 -44 42 -307.963 -301.817 -276.552 -306.45 
0 -254.563 -43 42 -309.119 -300.99 -275.165 -304.652 
0 -256.185 -43 42 -308.153 -301.565 -275.165 -306.444 
0 -263.262 -43 42 -304.991 -303.55 -278.301 -312.771 
0 -264.849 -43 42 -304.025 -304.126 -278.301 -314.562 
0 -250.46 -43 42 -309.154 -301.001 -274.154 -303.529 
0 -252.047 -43 42 -308.187 -301.577 -274.154 -305.32 
0 -256.979 -44 42 -308.93 -301.241 -276.552 -304.658 
0 -247.214 -44 42 -310.356 -299.487 -273.416 -304.722 
0 -258.601 -44 42 -307.963 -301.817 -276.552 -306.45 
0 -248.836 -44 42 -309.39 -300.063 -273.416 -306.513 
0 -257.599 -45 42 -308.685 -300.582 -278.994 -309.549 
0 -251.99 -43 42 -308.878 -300.968 -276.552 -305.513 
0 -253.577 -43 42 -307.912 -301.544 -276.552 -307.304 
0 -259.425 -45 42 -307.719 -301.158 -278.994 -311.341 
0 -265.678 -44 42 -304.801 -303.801 -279.687 -312.776 
0 -255.913 -44 42 -306.228 -302.047 -276.552 -312.84 
0 -267.265 -44 42 -303.835 -304.377 -279.687 -314.568 
0 -257.5 -44 42 -305.262 -302.623 -276.552 -314.632 
0 -259.118 -45 42 -308.685 -300.583 -278.994 -309.549 
0 -260.705 -45 42 -307.719 -301.158 -278.994 -311.341 
0 -260.027 -43 42 -306.731 -302.336 -276.915 -309.475 
0 -245.161 -43 42 -310.835 -299.895 -272.723 -299.83 
0 -261.614 -43 42 -305.764 -302.912 -276.915 -311.266 
0 -254.58 -43 42 -309.154 -301.001 -274.154 -303.529 
0 -246.782 -43 42 -309.869 -300.47 -272.723 -301.622 
0 -256.201 -43 42 -308.187 -301.577 -274.154 -305.32 
0 -255.546 -44 42 -309.164 -300.99 -278.301 -304.658 
-3 -258.827 -44 42 -306.924 -301.678 -278.301 -314.366 
0 -257.372 -44 42 -308.197 -301.565 -278.301 -306.45 
0 -265.482 -44 42 -305.815 -302.14 -278.994 -315.582 
-3 -260.414 -44 42 -305.958 -302.254 -278.301 -316.158 
0 -253.86 -43 42 -306.707 -302.455 -275.859 -307.949 
0 -267.069 -44 42 -304.849 -302.716 -278.994 -317.374 
0 -263.279 -43 42 -305.025 -303.561 -277.289 -311.647 
0 -255.447 -43 42 -305.74 -303.03 -275.859 -309.74 
0 -264.865 -43 42 -304.059 -304.137 -277.289 -313.438 
0 -256.11 -43 42 -308.878 -300.968 -276.552 -305.513 
0 -257.732 -43 42 -307.912 -301.544 -276.552 -307.304 
0 -257.064 -44 42 -309.164 -300.99 -278.301 -304.658 
0 -260.033 -44 42 -306.228 -302.047 -276.552 -312.84 
0 -258.651 -44 42 -308.197 -301.566 -278.301 -306.45 
0 -261.654 -44 42 -305.262 -302.623 -276.552 -314.632 
0 -247.577 -44 42 -310.646 -300.146 -274.109 -299.836 
0 -249.198 -44 42 -309.679 -300.722 -274.109 -301.628 
0 -264.809 -43 42 -304.75 -303.528 -279.687 -313.631 
0 -266.396 -43 42 -303.784 -304.104 -279.687 -315.423 
0 -257.962 -45 42 -308.974 -301.241 -279.687 -304.663 
0 -248.197 -45 42 -310.401 -299.487 -276.552 -304.727 
0 -259.788 -45 42 -308.008 -301.817 -279.687 -306.455 
0 -250.023 -45 42 -309.434 -300.063 -276.552 -306.519 
0 -256.276 -44 42 -306.517 -302.706 -277.245 -307.954 
0 -263.429 -43 42 -306.294 -302.547 -278.301 -310.691 
0 -257.863 -44 42 -305.551 -303.282 -277.245 -309.746 
-4 -254.564 -44 42 -306.924 -301.678 -278.301 -314.366 
0 -265.015 -43 42 -305.327 -303.123 -278.301 -312.483 
-4 -254.811 -44 42 -306.924 -301.678 -278.301 -314.366 
-4 -256.151 -44 42 -305.958 -302.254 -278.301 -316.158 
-4 -256.398 -44 42 -305.958 -302.254 -278.301 -316.158 
0 -259.48 -45 42 -308.974 -301.241 -279.687 -304.663 
0 -261.067 -45 42 -308.008 -301.817 -279.687 -306.455 
0 -257.979 -43 42 -306.707 -302.454 -275.859 -307.949 
0 -259.601 -43 42 -305.74 -303.03 -275.859 -309.74 
0 -250.624 -43 42 -308.447 -301.241 -274.472 -304.652 
-3 -258.795 -43 42 -307.403 -302.085 -277.608 -309.475 
0 -252.211 -43 42 -307.48 -301.817 -274.472 -306.444 
0 -245.178 -43 42 -310.869 -299.906 -271.712 -298.706 
-4 -256.375 -44 42 -306.924 -301.678 -278.301 -314.366 
-3 -260.381 -43 42 -306.437 -302.661 -277.608 -311.266 
0 -246.799 -43 42 -309.903 -300.482 -271.712 -300.498 
-4 -257.962 -44 42 -305.958 -302.254 -278.301 -316.157 
0 -246.143 -44 42 -310.88 -299.895 -275.859 -299.836 
-4 -256.733 -44 42 -306.924 -301.678 -278.301 -314.366 
0 -255.562 -44 42 -309.198 -301.001 -277.289 -303.534 
-4 -258.32 -44 42 -305.958 -302.254 -278.301 -316.158 
-3 -249.425 -44 42 -308.64 -300.583 -275.859 -309.544 
0 -265.845 -44 42 -306.104 -302.798 -279.687 -310.696 
0 -247.97 -44 42 -309.913 -300.47 -275.859 -301.628 
0 -256.08 -44 42 -307.531 -301.045 -276.552 -310.76 
-3 -251.011 -44 42 -307.674 -301.158 -275.859 -311.335 
0 -267.431 -44 42 -305.138 -303.374 -279.687 -312.488 
FEATURES_TXT_END_0
FEATURES_TXT_BEGIN_0 7 100 8 Distortion0_0 LM0_0 WordPenalty0_0 PhrasePenalty0_0 TranslationModel0_0 TranslationModel0_1 TranslationModel0_2 TranslationModel0_3 
0 -346.442 -60 57 -410.787 -392.78 -365.77 -423.538 
0 -354.788 -61 57 -408.306 -393.051 -365.77 -434.363 
0 -341.873 -59 57 -413.267 -392.508 -365.77 -412.713 
0 -350.219 -60 57 -410.786 -392.78 -365.77 -423.538 
0 -340.599 -60 57 -412.502 -391.684 -363.328 -418.716 
0 -348.945 -61 57 -410.022 -391.956 -363.328 -429.541 
0 -336.03 -59 57 -414.983 -391.413 -363.328 -407.89 
0 -344.376 -60 57 -412.502 -391.684 -363.328 -418.716 
0 -342.773 -60 57 -411.623 -392.088 -364.672 -420.609 
0 -347.646 -60 57 -410.661 -392.633 -365.77 -423.133 
0 -342.438 -61 57 -412.547 -391.684 -366.463 -418.721 
0 -351.119 -61 57 -409.143 -392.359 -364.672 -431.434 
0 -355.992 -61 57 -408.18 -392.904 -365.77 -433.958 
0 -344.283 -60 57 -411.623 -392.088 -364.672 -420.609 
0 -350.784 -62 57 -410.066 -391.956 -366.463 -429.547 
0 -344.538 -60 57 -411.623 -392.088 -364.672 -420.609 
0 -344.746 -60 57 -411.623 -392.088 -364.672 -420.609 
0 -348.972 -60 57 -410.34 -392.435 -365.77 -425.483 
0 -352.629 -61 57 -409.143 -392.359 -364.672 -431.434 
0 -338.204 -59 57 -414.104 -391.816 -364.672 -409.783 
0 -352.884 -61 57 -409.143 -392.359 -364.672 -431.434 
0 -353.092 -61 57 -409.143 -392.359 -364.672 -431.434 
0 -343.077 -59 57 -413.141 -392.361 -365.77 -412.307 
0 -357.318 -61 57 -407.859 -392.707 -365.77 -436.309 
0 -337.869 -60 57 -415.028 -391.413 -366.463 -407.896 
0 -346.55 -60 57 -411.623 -392.088 -364.672 -420.609 
0 -351.424 -60 57 -410.661 -392.633 -365.77 -423.133 
0 -339.714 -59 57 -414.104 -391.816 -364.672 -409.783 
0 -346.215 -61 57 -412.547 -391.684 -366.463 -418.721 
0 -339.969 -59 57 -414.104 -391.816 -364.672 -409.783 
0 -347.273 -60 57 -411.678 -392.159 -365.077 -420.104 
0 -340.177 -59 57 -414.104 -391.816 -364.672 -409.783 
0 -344.403 -59 57 -412.82 -392.164 -365.77 -414.658 
0 -348.06 -60 57 -411.623 -392.088 -364.672 -420.609 
0 -348.315 -60 57 -411.623 -392.088 -364.672 -420.609 
0 -355.62 -61 57 -409.198 -392.431 -365.077 -430.93 
0 -348.523 -60 57 -411.623 -392.088 -364.672 -420.609 
0 -352.75 -60 57 -410.34 -392.435 -365.77 -425.483 
-3 -346.316 -60 57 -410.787 -392.78 -365.77 -423.538 
0 -342.704 -59 57 -414.159 -391.887 -365.077 -409.279 
-3 -354.662 -61 57 -408.306 -393.051 -365.77 -434.363 
-4 -340.193 -60 57 -410.786 -392.78 -365.77 -423.538 
0 -351.051 -60 57 -411.678 -392.159 -365.077 -420.104 
-4 -340.421 -60 57 -410.786 -392.78 -365.77 -423.538 
-4 -348.539 -61 57 -408.306 -393.051 -365.77 -434.363 
-3 -341.747 -59 57 -413.267 -392.508 -365.77 -412.713 
-4 -348.768 -61 57 -408.306 -393.051 -365.77 -434.363 
0 -336.93 -60 57 -413.339 -390.992 -362.229 -415.787 
0 -345.027 -60 57 -409.725 -392.913 -366.463 -424.924 
0 -341.803 -60 57 -412.377 -391.537 -363.328 -418.311 
0 -348.608 -60 57 -407.969 -394.171 -365.77 -427.094 
-3 -350.093 -60 57 -410.786 -392.78 -365.77 -423.538 
-4 -342.393 -60 57 -410.787 -392.78 -365.77 -423.538 
0 -345.276 -61 57 -410.858 -391.264 -362.229 -426.612 
-4 -342.728 -60 57 -410.787 -392.78 -365.77 -423.538 
0 -353.374 -61 57 -407.245 -393.185 -366.463 -435.749 
0 -350.149 -61 57 -409.896 -391.809 -363.328 -429.136 
-4 -335.624 -59 57 -413.267 -392.508 -365.77 -412.713 
0 -338.44 -60 57 -413.339 -390.992 -362.229 -415.787 
-4 -342.989 -60 57 -410.787 -392.78 -365.77 -423.538 
-4 -343.025 -60 57 -410.787 -392.78 -365.77 -423.538 
-4 -335.852 -59 57 -413.267 -392.508 -365.77 -412.713 
0 -338.695 -60 57 -413.339 -390.992 -362.229 -415.787 
-4 -343.232 -60 57 -410.787 -392.78 -365.77 -423.538 
-4 -350.739 -61 57 -408.306 -393.051 -365.77 -434.363 
0 -338.903 -60 57 -413.339 -390.992 -362.229 -415.787 
0 -343.129 -60 57 -412.056 -391.34 -363.328 -420.661 
-4 -351.074 -61 57 -408.306 -393.051 -365.77 -434.363 
-4 -343.97 -60 57 -410.786 -392.78 -365.77 -423.538 
0 -346.786 -61 57 -410.858 -391.264 -362.229 -426.612 
-4 -351.335 -61 57 -408.306 -393.051 -365.77 -434.363 
-4 -351.371 -61 57 -408.306 -393.051 -365.77 -434.363 
-4 -344.058 -60 57 -410.787 -392.78 -365.77 -423.538 
-4 -344.083 -60 57 -410.787 -392.78 -365.77 -423.538 
-4 -344.199 -60 57 -410.786 -392.78 -365.77 -423.538 
0 -332.361 -59 57 -415.82 -390.721 -362.229 -404.961 
0 -347.041 -61 57 -410.858 -391.264 -362.229 -426.612 
-4 -351.578 -61 57 -408.306 -393.051 -365.77 -434.363 
-4 -344.266 -60 57 -410.787 -392.78 -365.77 -423.538 
-4 -344.279 -60 57 -410.787 -392.78 -365.77 -423.538 
0 -347.249 -61 57 -410.858 -391.264 -362.229 -426.612 
-4 -344.536 -60 57 -410.787 -392.78 -365.77 -423.538 
-4 -344.561 -60 57 -410.787 -392.78 -365.77 -423.538 
0 -340.459 -59 57 -412.206 -392.642 -366.463 -414.098 
0 -337.234 -59 57 -414.857 -391.266 -363.328 -407.485 
0 -351.475 -61 57 -409.575 -391.612 -363.328 -431.487 
0 -344.039 -59 57 -410.449 -393.9 -365.77 -416.268 
-4 -344.944 -60 57 -410.786 -392.78 -365.77 -423.538 
-4 -352.404 -61 57 -408.306 -393.051 -365.77 -434.363 
-4 -352.429 -61 57 -408.306 -393.051 -365.77 -434.363 
-4 -337.824 -59 57 -413.267 -392.508 -365.77 -412.713 
0 -340.707 -60 57 -413.339 -390.992 -362.229 -415.787 
-4 -352.612 -61 57 -408.306 -393.051 -365.77 -434.363 
-4 -352.625 -61 57 -408.306 -393.051 -365.77 -434.363 
-4 -345.328 -60 57 -410.787 -392.78 -365.77 -423.538 
-4 -345.392 -60 57 -410.787 -392.78 -365.77 -423.538 
0 -342.69 -60 57 -412.445 -391.115 -366.058 -420.398 
-4 -352.883 -61 57 -408.306 -393.051 -365.77 -434.363 
-4 -352.907 -61 57 -408.306 -393.051 -365.77 -434.363 
0 -348.805 -60 57 -409.725 -392.913 -366.463 -424.924 
FEATURES_TXT_END_0
FEATURES_TXT_BEGIN_0 8 100 8 Distortion0_0 LM0_0 WordPenalty0_0 PhrasePenalty0_0 TranslationModel0_0 TranslationModel0_1 TranslationModel0_2 TranslationModel0_3 
0 -367.914 -68 60 -434.039 -416.422 -389.101 -487.39 
0 -377.619 -69 60 -431.558 -416.694 -389.101 -498.215 
0 -365.861 -67 60 -434.518 -416.829 -388.407 -482.499 
0 -365.37 -67 60 -436.519 -416.15 -389.101 -476.564 
0 -365.499 -67 60 -436.519 -416.15 -389.101 -476.564 
0 -367.305 -68 60 -434.328 -417.081 -389.794 -482.504 
0 -375.565 -68 60 -432.037 -417.101 -388.407 -493.324 
0 -366.063 -67 60 -436.519 -416.15 -389.101 -476.564 
0 -375.075 -68 60 -434.039 -416.422 -389.101 -487.39 
0 -375.204 -68 60 -434.039 -416.422 -389.101 -487.39 
0 -377.01 -69 60 -431.847 -417.353 -389.794 -493.33 
0 -375.768 -68 60 -434.039 -416.422 -389.101 -487.39 
0 -363.317 -66 60 -436.998 -416.558 -388.407 -471.673 
0 -363.446 -66 60 -436.998 -416.558 -388.407 -471.673 
0 -365.062 -67 60 -434.552 -416.841 -387.396 -481.375 
0 -364.652 -66 60 -436.998 -416.558 -388.407 -471.673 
0 -361.82 -68 60 -435.755 -415.327 -386.658 -482.568 
0 -362.955 -66 60 -439 -415.879 -389.101 -465.739 
0 -364.761 -67 60 -436.809 -416.809 -389.794 -471.679 
0 -364.89 -67 60 -436.809 -416.809 -389.794 -471.679 
0 -373.022 -67 60 -434.518 -416.829 -388.407 -482.499 
0 -363.52 -66 60 -439 -415.879 -389.101 -465.739 
0 -373.15 -67 60 -434.518 -416.829 -388.407 -482.499 
0 -363.648 -66 60 -439 -415.879 -389.101 -465.739 
0 -367.137 -67 60 -434.277 -416.808 -389.794 -483.359 
0 -374.767 -68 60 -432.071 -417.113 -387.396 -492.2 
0 -366.096 -67 60 -436.809 -416.809 -389.794 -471.679 
0 -373.221 -68 60 -433.382 -416.768 -389.794 -488.237 
0 -374.356 -67 60 -434.518 -416.829 -388.407 -482.499 
0 -371.524 -69 60 -433.274 -415.599 -386.658 -493.393 
0 -372.66 -67 60 -436.519 -416.15 -389.101 -476.564 
0 -374.466 -68 60 -434.328 -417.081 -389.794 -482.504 
0 -374.594 -68 60 -434.328 -417.081 -389.794 -482.504 
0 -359.766 -67 60 -436.233 -415.734 -385.965 -477.677 
0 -373.224 -67 60 -436.519 -416.15 -389.101 -476.564 
0 -373.353 -67 60 -436.519 -416.15 -389.101 -476.564 
0 -360.902 -65 60 -439.479 -416.286 -388.407 -460.848 
0 -376.842 -68 60 -431.796 -417.08 -389.794 -494.184 
0 -362.518 -66 60 -437.033 -416.569 -387.396 -470.549 
0 -362.647 -66 60 -437.033 -416.569 -387.396 -470.549 
0 -375.801 -68 60 -434.328 -417.081 -389.794 -482.504 
0 -382.926 -69 60 -430.901 -417.039 -389.794 -499.063 
0 -362.108 -65 60 -439.479 -416.286 -388.407 -460.848 
0 -359.276 -67 60 -438.235 -415.055 -386.658 -471.742 
0 -362.237 -65 60 -439.479 -416.286 -388.407 -460.848 
0 -359.404 -67 60 -438.235 -415.055 -386.658 -471.742 
0 -361.211 -68 60 -436.044 -415.986 -387.351 -477.682 
0 -363.642 -66 60 -437.033 -416.569 -387.396 -470.549 
0 -371.168 -67 60 -433.861 -417.175 -389.101 -483.346 
0 -362.346 -66 60 -439.289 -416.537 -389.794 -460.853 
0 -369.471 -68 60 -433.753 -416.006 -385.965 -488.502 
0 -359.969 -67 60 -438.235 -415.055 -386.658 -471.742 
0 -370.606 -66 60 -436.998 -416.558 -388.407 -471.673 
0 -361.104 -65 60 -441.481 -415.607 -389.101 -454.914 
0 -364.593 -66 60 -436.757 -416.536 -389.794 -472.533 
0 -364.722 -66 60 -436.757 -416.536 -389.794 -472.533 
0 -372.223 -67 60 -434.552 -416.841 -387.396 -481.375 
0 -372.351 -67 60 -434.552 -416.841 -387.396 -481.375 
0 -363.552 -66 60 -439.289 -416.537 -389.794 -460.853 
0 -368.18 -68 60 -433.913 -416.275 -389.101 -486.984 
0 -363.681 -66 60 -439.289 -416.537 -389.794 -460.853 
0 -370.678 -67 60 -435.863 -416.496 -389.794 -477.412 
0 -371.813 -66 60 -436.998 -416.558 -388.407 -471.673 
0 -370.806 -67 60 -435.863 -416.496 -389.794 -477.412 
0 -368.98 -68 60 -435.755 -415.327 -386.658 -482.568 
0 -371.941 -66 60 -436.998 -416.558 -388.407 -471.673 
0 -372.612 -68 60 -433.671 -417.426 -390.487 -483.351 
0 -369.109 -68 60 -435.755 -415.327 -386.658 -482.568 
0 -370.915 -69 60 -433.563 -416.257 -387.351 -488.507 
0 -373.347 -67 60 -434.552 -416.841 -387.396 -481.375 
0 -365.928 -66 60 -436.757 -416.536 -389.794 -472.533 
0 -380.873 -68 60 -431.38 -417.447 -389.101 -494.171 
0 -371.37 -67 60 -435.863 -416.496 -389.794 -477.412 
0 -372.051 -67 60 -436.809 -416.809 -389.794 -471.679 
0 -369.673 -68 60 -435.755 -415.327 -386.658 -482.568 
0 -357.222 -66 60 -438.714 -415.462 -385.965 -466.851 
0 -357.351 -66 60 -438.714 -415.462 -385.965 -466.851 
0 -371.838 -67 60 -434.039 -416.449 -389.101 -485.763 
0 -370.809 -66 60 -439 -415.879 -389.101 -465.739 
0 -358.967 -67 60 -436.268 -415.746 -384.953 -476.553 
0 -374.298 -67 60 -434.277 -416.808 -389.794 -483.359 
0 -374.426 -67 60 -434.277 -416.808 -389.794 -483.359 
0 -360.103 -65 60 -439.513 -416.297 -387.396 -459.724 
0 -373.257 -67 60 -436.809 -416.809 -389.794 -471.679 
0 -377.884 -69 60 -431.432 -416.547 -389.101 -497.81 
0 -373.385 -67 60 -436.809 -416.809 -389.794 -471.679 
0 -358.557 -66 60 -438.714 -415.462 -385.965 -466.851 
0 -365.409 -69 60 -435.799 -415.327 -389.794 -482.573 
0 -380.382 -68 60 -433.382 -416.768 -389.794 -488.237 
0 -370.445 -68 60 -433.592 -416.078 -389.101 -489.335 
0 -380.511 -68 60 -433.382 -416.768 -389.794 -488.237 
0 -365.771 -67 60 -433.845 -417.081 -387.714 -482.499 
0 -382.317 -69 60 -431.191 -417.698 -390.487 -494.177 
0 -359.693 -64 60 -441.96 -416.014 -388.407 -450.022 
0 -356.861 -66 60 -440.716 -414.783 -386.658 -460.917 
0 -358.667 -67 60 -438.525 -415.714 -387.351 -466.857 
0 -366.126 -67 60 -434.392 -416.682 -388.407 -482.093 
0 -358.795 -67 60 -438.525 -415.714 -387.351 -466.857 
0 -361.098 -65 60 -439.513 -416.297 -387.396 -459.724 
0 -375.633 -67 60 -434.277 -416.808 -389.794 -483.359 
FEATURES_TXT_END_0
FEATURES_TXT_BEGIN_0 9 100 8 Distortion0_0 LM0_0 WordPenalty0_0 PhrasePenalty0_0 TranslationModel0_0 TranslationModel0_1 TranslationModel0_2 TranslationModel0_3 
0 -238.846 -36 34 -205.782 -216.646 -202.541 -254.954 
0 -234.402 -35 34 -208.262 -216.374 -202.541 -244.129 
0 -236.896 -36 34 -204.967 -216.989 -201.848 -256.053 
0 -237.719 -35 34 -208.262 -216.374 -202.541 -244.129 
0 -240.881 -36 34 -203.516 -218.204 -202.541 -257.152 
0 -232.453 -35 34 -207.448 -216.717 -201.848 -245.228 
0 -240.066 -36 34 -204.967 -216.989 -201.848 -256.053 
0 -233.276 -34 34 -210.743 -216.102 -202.541 -233.304 
0 -236.438 -35 34 -205.997 -217.932 -202.541 -246.326 
0 -235.623 -35 34 -207.448 -216.717 -201.848 -245.228 
0 -235.77 -35 34 -207.448 -216.717 -201.848 -245.228 
0 -245.02 -36 34 -203.516 -218.204 -202.541 -257.152 
0 -234.299 -36 34 -206.694 -215.682 -203.639 -253.75 
0 -238.117 -36 34 -204.153 -217.331 -201.154 -257.152 
0 -239.754 -35 34 -205.997 -217.932 -202.541 -246.326 
0 -231.326 -34 34 -209.929 -216.445 -201.848 -234.402 
0 -237.869 -36 34 -205.656 -216.499 -202.541 -254.549 
0 -238.939 -35 34 -207.448 -216.717 -201.848 -245.228 
0 -240.576 -35 34 -205.997 -217.932 -202.541 -246.326 
0 -229.856 -35 34 -209.175 -215.411 -203.639 -242.925 
0 -242.101 -36 34 -202.702 -218.547 -201.848 -258.25 
0 -233.673 -35 34 -206.634 -217.06 -201.154 -246.326 
0 -235.311 -34 34 -208.477 -217.66 -202.541 -235.501 
0 -233.426 -35 34 -208.136 -216.227 -202.541 -243.724 
0 -234.496 -34 34 -209.929 -216.445 -201.848 -234.402 
0 -241.781 -36 34 -205.961 -215.605 -206.124 -258.372 
0 -243.07 -36 34 -202.702 -218.547 -201.848 -258.25 
0 -237.057 -36 34 -206.618 -215.954 -201.442 -252.025 
0 -243.893 -35 34 -205.997 -217.932 -202.541 -246.326 
0 -232.35 -36 34 -205.88 -216.025 -202.946 -254.849 
0 -242.125 -36 34 -205.691 -215.849 -206.124 -258.372 
0 -240.251 -36 34 -206.694 -215.682 -203.639 -253.75 
0 -233.172 -35 34 -209.175 -215.411 -203.639 -242.925 
0 -237.658 -35 34 -205.183 -218.275 -201.848 -247.425 
0 -235.92 -36 34 -204.842 -216.842 -201.848 -255.648 
0 -236.99 -35 34 -206.634 -217.06 -201.154 -246.326 
0 -247.055 -36 34 -201.251 -219.762 -202.541 -259.349 
0 -237.337 -35 34 -208.442 -215.333 -206.124 -247.547 
0 -238.626 -35 34 -205.183 -218.275 -201.848 -247.425 
0 -236.742 -35 34 -208.136 -216.227 -202.541 -243.724 
0 -232.614 -35 34 -209.099 -215.682 -201.442 -241.2 
0 -239.449 -34 34 -208.477 -217.66 -202.541 -235.501 
0 -236.334 -36 34 -204.429 -217.24 -203.639 -255.948 
0 -227.906 -35 34 -208.361 -215.754 -202.946 -244.024 
0 -237.682 -35 34 -208.172 -215.577 -206.124 -247.547 
0 -235.52 -36 34 -205.88 -216.025 -202.946 -254.849 
0 -235.807 -35 34 -209.175 -215.411 -203.639 -242.925 
0 -228.729 -34 34 -211.655 -215.139 -203.639 -232.1 
0 -233.897 -37 34 -207.263 -214.062 -203.927 -257.947 
0 -239.905 -36 34 -203.39 -218.057 -202.541 -256.746 
0 -231.476 -35 34 -207.322 -216.57 -201.848 -244.822 
0 -240.975 -35 34 -205.183 -218.275 -201.848 -247.425 
0 -232.546 -34 34 -209.115 -216.788 -201.154 -235.501 
0 -239.09 -36 34 -204.842 -216.842 -201.848 -255.648 
0 -239.831 -36 34 -205.147 -215.948 -205.431 -259.471 
0 -242.611 -35 34 -203.732 -219.49 -202.541 -248.524 
0 -232.299 -34 34 -210.617 -215.955 -202.541 -232.898 
0 -240.654 -35 34 -208.442 -215.333 -206.124 -247.547 
0 -241.943 -35 34 -205.183 -218.275 -201.848 -247.425 
0 -240.175 -36 34 -204.877 -216.192 -205.431 -259.471 
0 -235.931 -35 34 -209.099 -215.682 -201.442 -241.2 
0 -231.891 -35 34 -206.909 -216.969 -203.639 -245.122 
0 -238.301 -36 34 -205.88 -216.025 -202.946 -254.849 
0 -231.076 -35 34 -208.36 -215.754 -202.946 -244.024 
0 -231.223 -35 34 -208.361 -215.754 -202.946 -244.024 
0 -240.998 -35 34 -208.172 -215.577 -206.124 -247.547 
0 -239.124 -35 34 -209.175 -215.411 -203.639 -242.925 
0 -240.473 -36 34 -204.429 -217.24 -203.639 -255.948 
0 -229.453 -36 34 -209.744 -213.79 -203.927 -247.121 
0 -235.461 -35 34 -205.871 -217.785 -202.541 -245.921 
0 -236.531 -34 34 -207.663 -218.003 -201.848 -236.599 
0 -234.646 -35 34 -207.322 -216.57 -201.848 -244.822 
0 -243.816 -36 34 -203.696 -217.163 -206.124 -260.569 
0 -235.388 -35 34 -207.628 -215.676 -205.431 -248.645 
0 -234.793 -35 34 -207.322 -216.57 -201.848 -244.822 
0 -237.814 -36 34 -205.804 -216.297 -200.749 -253.124 
-4 -234.444 -36 34 -205.782 -216.646 -202.541 -254.954 
0 -243.001 -36 34 -205.147 -215.948 -205.431 -259.471 
0 -245.928 -35 34 -203.732 -219.49 -202.541 -248.524 
0 -236.21 -34 34 -210.922 -215.062 -206.124 -236.721 
0 -239.412 -36 34 -204.353 -217.512 -201.442 -254.223 
0 -238.278 -36 34 -205.804 -216.297 -200.749 -253.124 
0 -237.499 -34 34 -207.663 -218.003 -201.848 -236.599 
0 -244.043 -36 34 -203.39 -218.057 -202.541 -256.746 
0 -244.16 -36 34 -203.426 -217.407 -206.124 -260.569 
0 -235.732 -35 34 -207.357 -215.92 -205.431 -248.645 
0 -231.487 -34 34 -211.579 -215.41 -201.442 -230.374 
0 -233.57 -36 34 -205.066 -216.368 -202.253 -255.948 
0 -243.345 -36 34 -204.877 -216.192 -205.431 -259.471 
0 -242.286 -36 34 -204.429 -217.24 -203.639 -255.948 
-3 -243.335 -36 34 -205.782 -216.646 -202.541 -254.954 
0 -233.857 -35 34 -208.361 -215.754 -202.946 -244.024 
0 -235.207 -35 34 -206.909 -216.969 -203.639 -245.122 
0 -226.779 -34 34 -210.841 -215.482 -202.946 -233.198 
0 -236.555 -34 34 -210.652 -215.305 -206.124 -236.721 
0 -241.471 -36 34 -205.88 -216.025 -202.946 -254.849 
0 -238.937 -37 34 -207.263 -214.062 -203.927 -257.947 
0 -233.323 -36 34 -206.568 -215.535 -203.639 -253.345 
-4 -236.013 -36 34 -205.782 -216.646 -202.541 -254.954 
0 -234.393 -35 34 -208.361 -215.754 -202.946 -244.024 
FEATURES_TXT_END_0
FEATURES_TXT_BEGIN_0 10 100 8 Distortion0_0 LM0_0 WordPenalty0_0 PhrasePenalty0_0 TranslationModel0_0 TranslationModel0_1 TranslationModel0_2 TranslationModel0_3 
0 -158.55 -26 24 -154.993 -155.829 -146.445 -181.213 
0 -168.039 -27 24 -152.513 -156.101 -146.445 -192.038 
0 -157.341 -25 24 -157.474 -155.558 -146.445 -170.387 
0 -162.287 -26 24 -154.784 -155.502 -146.445 -183.41 
0 -156.366 -26 24 -156.858 -154.246 -146.445 -179.316 
0 -166.83 -26 24 -154.993 -155.829 -146.445 -181.213 
0 -171.777 -27 24 -152.303 -155.774 -146.445 -194.235 
0 -165.856 -27 24 -154.377 -154.517 -146.445 -190.141 
0 -156.308 -26 24 -154.508 -155.936 -146.445 -181.69 
0 -165.798 -27 24 -152.027 -156.208 -146.445 -192.515 
0 -162.166 -26 24 -152.581 -157.294 -147.138 -184.509 
0 -161.078 -25 24 -157.264 -155.23 -146.445 -172.584 
0 -155.157 -25 24 -159.338 -153.974 -146.445 -168.49 
0 -160.103 -26 24 -156.648 -153.918 -146.445 -181.513 
0 -171.656 -27 24 -150.1 -157.566 -147.138 -195.334 
0 -170.568 -26 24 -154.784 -155.502 -146.445 -183.41 
0 -164.647 -26 24 -156.858 -154.246 -146.445 -179.316 
0 -169.593 -27 24 -154.167 -154.19 -146.445 -192.338 
0 -160.045 -26 24 -154.298 -155.609 -146.445 -183.887 
0 -154.125 -26 24 -156.372 -154.352 -146.445 -179.793 
0 -156.932 -25 24 -156.989 -155.664 -146.445 -170.864 
0 -160.957 -25 24 -155.062 -157.022 -147.138 -173.683 
0 -169.535 -27 24 -151.818 -155.88 -146.445 -194.712 
0 -163.615 -27 24 -153.892 -154.624 -146.445 -190.618 
0 -165.903 -26 24 -152.371 -156.967 -147.138 -186.706 
0 -159.983 -26 24 -154.445 -155.71 -147.138 -182.612 
0 -161.08 -26 24 -154.547 -155.485 -146.445 -183.158 
0 -166.422 -26 24 -154.508 -155.936 -146.445 -181.69 
0 -161.386 -26 24 -153.884 -156.292 -147.138 -182.429 
0 -158.894 -25 24 -159.129 -153.647 -146.445 -170.687 
0 -170.447 -26 24 -152.581 -157.294 -147.138 -184.509 
0 -175.393 -27 24 -149.891 -157.239 -147.138 -197.531 
0 -169.473 -27 24 -151.965 -155.982 -147.138 -193.437 
0 -159.925 -26 24 -152.096 -157.401 -147.138 -184.986 
0 -170.57 -27 24 -152.066 -155.757 -146.445 -193.984 
0 -170.876 -27 24 -151.403 -156.563 -147.138 -193.254 
-3 -157.181 -26 24 -154.993 -155.829 -146.445 -181.213 
0 -168.384 -26 24 -156.648 -153.918 -146.445 -181.513 
0 -157.862 -26 24 -156.163 -154.025 -146.445 -181.99 
0 -169.414 -27 24 -149.615 -157.672 -147.138 -195.811 
0 -160.67 -25 24 -156.779 -155.337 -146.445 -173.061 
-3 -166.671 -27 24 -152.513 -156.101 -146.445 -192.038 
0 -154.749 -25 24 -158.853 -154.08 -146.445 -168.967 
0 -164.694 -25 24 -154.852 -156.695 -147.138 -175.881 
0 -158.774 -25 24 -156.926 -155.439 -147.138 -171.786 
0 -159.871 -25 24 -157.027 -155.213 -146.445 -172.333 
0 -167.352 -27 24 -153.682 -154.297 -146.445 -192.815 
0 -163.72 -26 24 -154.236 -155.383 -147.138 -184.809 
0 -164.817 -26 24 -154.337 -155.158 -146.445 -185.355 
0 -158.897 -26 24 -156.411 -153.901 -146.445 -181.261 
0 -160.177 -25 24 -156.365 -156.02 -147.138 -171.604 
0 -170.159 -26 24 -154.298 -155.609 -146.445 -183.887 
0 -156.682 -27 24 -156.475 -153.245 -147.831 -184.205 
0 -164.239 -26 24 -156.372 -154.352 -146.445 -179.793 
0 -165.123 -26 24 -153.674 -155.964 -147.138 -184.626 
0 -159.202 -26 24 -155.748 -154.708 -147.138 -180.532 
0 -174.184 -26 24 -152.371 -156.967 -147.138 -186.706 
0 -157.36 -27 24 -156.475 -153.245 -147.831 -184.205 
0 -168.264 -26 24 -154.445 -155.71 -147.138 -182.612 
0 -169.361 -26 24 -154.547 -155.485 -146.445 -183.158 
-4 -154.608 -26 24 -154.993 -155.829 -146.445 -181.213 
0 -173.21 -27 24 -151.755 -155.655 -147.138 -195.634 
0 -163.662 -26 24 -151.886 -157.074 -147.138 -187.183 
0 -174.307 -27 24 -151.856 -155.43 -146.445 -196.181 
0 -157.741 -26 24 -153.96 -155.817 -147.138 -183.089 
0 -168.387 -27 24 -153.93 -154.173 -146.445 -192.086 
0 -169.666 -26 24 -153.884 -156.292 -147.138 -182.429 
0 -158.839 -26 24 -154.061 -155.592 -146.445 -183.635 
-3 -155.972 -25 24 -157.474 -155.558 -146.445 -170.387 
0 -166.172 -28 24 -153.994 -153.517 -147.831 -195.031 
-4 -155.995 -26 24 -154.993 -155.829 -146.445 -181.213 
0 -174.613 -27 24 -151.194 -156.236 -147.138 -195.452 
-3 -160.919 -26 24 -154.784 -155.502 -146.445 -183.41 
0 -168.692 -27 24 -153.268 -154.979 -147.138 -191.357 
0 -160.549 -25 24 -154.576 -157.129 -147.138 -174.16 
-3 -154.998 -26 24 -156.858 -154.246 -146.445 -179.316 
0 -159.144 -26 24 -153.398 -156.398 -147.138 -182.906 
0 -166.85 -28 24 -153.994 -153.517 -147.831 -195.031 
-4 -164.098 -27 24 -152.513 -156.101 -146.445 -192.038 
0 -173.152 -27 24 -149.405 -157.345 -147.138 -198.008 
0 -167.231 -27 24 -151.479 -156.089 -147.138 -193.914 
0 -164.01 -26 24 -152.175 -157.221 -146.445 -184.768 
0 -168.329 -27 24 -151.58 -155.863 -146.445 -194.461 
-3 -165.462 -26 24 -154.993 -155.829 -146.445 -181.213 
0 -164.696 -26 24 -152.134 -156.95 -147.138 -186.454 
-4 -158.153 -26 24 -154.993 -155.829 -146.445 -181.213 
-4 -165.485 -27 24 -152.513 -156.101 -146.445 -192.038 
-3 -170.408 -27 24 -152.303 -155.774 -146.445 -194.235 
0 -158.486 -25 24 -158.643 -153.753 -146.445 -171.164 
-4 -158.471 -26 24 -154.993 -155.829 -146.445 -181.213 
0 -170.039 -26 24 -152.096 -157.401 -147.138 -184.986 
-3 -164.488 -27 24 -154.377 -154.517 -146.445 -190.141 
0 -168.634 -27 24 -150.918 -156.67 -147.138 -193.731 
-4 -158.599 -26 24 -154.993 -155.829 -146.445 -181.213 
-3 -154.94 -26 24 -154.508 -155.936 -146.445 -181.69 
-4 -158.823 -26 24 -154.993 -155.829 -146.445 -181.213 
0 -162.511 -25 24 -156.716 -155.111 -147.138 -173.984 
0 -163.608 -25 24 -156.818 -154.886 -146.445 -174.53 
0 -157.688 -25 24 -158.892 -153.629 -146.445 -170.436 
0 -161.558 -26 24 -153.462 -156.237 -146.445 -183.158 
FEATURES_TXT_END_0
FEATURES_TXT_BEGIN_0 11 69 8 Distortion0_0 LM0_0 WordPenalty0_0 PhrasePenalty0_0 TranslationModel0_0 TranslationModel0_1 TranslationModel0_2 TranslationModel0_3 
0 -281.081 -40 36 -216.643 -228.785 -204.357 -286.68 
0 -273.868 -39 36 -219.124 -228.514 -204.357 -275.854 
0 -279.029 -40 36 -216.924 -228.653 -203.664 -285.581 
0 -271.817 -39 36 -219.405 -228.381 -203.664 -274.756 
0 -275.074 -39 36 -219.124 -228.514 -204.357 -275.854 
0 -267.861 -38 36 -221.604 -228.242 -204.357 -265.029 
0 -273.022 -39 36 -219.405 -228.381 -203.664 -274.756 
0 -275.745 -39 36 -219.124 -228.514 -204.357 -275.854 
0 -265.809 -38 36 -221.886 -228.11 -203.664 -263.93 
0 -268.533 -38 36 -221.604 -228.242 -204.357 -265.029 
0 -273.694 -39 36 -219.405 -228.381 -203.664 -274.756 
0 -266.481 -38 36 -221.886 -228.11 -203.664 -263.93 
0 -269.738 -38 36 -221.604 -228.242 -204.357 -265.029 
0 -262.525 -37 36 -224.085 -227.97 -204.357 -254.203 
0 -267.686 -38 36 -221.886 -228.11 -203.664 -263.93 
0 -260.473 -37 36 -224.366 -227.838 -203.664 -253.105 
0 -280.253 -39 36 -219.124 -228.514 -204.357 -275.854 
0 -273.04 -38 36 -221.604 -228.242 -204.357 -265.029 
0 -278.201 -39 36 -219.405 -228.381 -203.664 -274.756 
0 -270.988 -38 36 -221.886 -228.11 -203.664 -263.93 
0 -274.245 -38 36 -221.604 -228.242 -204.357 -265.029 
0 -267.032 -37 36 -224.085 -227.97 -204.357 -254.203 
0 -272.193 -38 36 -221.886 -228.11 -203.664 -263.93 
0 -274.917 -38 36 -221.604 -228.242 -204.357 -265.029 
0 -264.981 -37 36 -224.366 -227.838 -203.664 -253.105 
0 -267.704 -37 36 -224.085 -227.97 -204.357 -254.203 
0 -272.865 -38 36 -221.886 -228.11 -203.664 -263.93 
0 -265.652 -37 36 -224.366 -227.838 -203.664 -253.105 
0 -268.909 -37 36 -224.085 -227.97 -204.357 -254.203 
0 -261.697 -36 36 -226.566 -227.698 -204.357 -243.378 
0 -266.858 -37 36 -224.366 -227.838 -203.664 -253.105 
0 -259.645 -36 36 -226.847 -227.566 -203.664 -242.279 
0 -278.664 -40 36 -217.555 -227.822 -205.456 -285.476 
0 -270.216 -38 36 -221.439 -227.765 -203.664 -265.876 
0 -271.452 -39 36 -220.036 -227.55 -205.456 -274.65 
0 -275.784 -39 36 -220.318 -227.418 -204.763 -273.552 
0 -276.613 -40 36 -217.837 -227.69 -204.763 -284.377 
0 -275.784 -39 36 -220.317 -227.418 -204.763 -273.552 
0 -269.4 -39 36 -220.318 -227.418 -204.763 -273.552 
0 -265.056 -37 36 -223.638 -227.626 -204.357 -256.149 
0 -272.657 -39 36 -220.036 -227.55 -205.456 -274.65 
0 -270.623 -38 36 -222.517 -227.278 -205.456 -263.825 
0 -265.444 -38 36 -222.517 -227.278 -205.456 -263.825 
0 -272.268 -38 36 -221.157 -227.897 -204.357 -266.974 
0 -270.605 -39 36 -220.317 -227.418 -204.763 -273.552 
0 -270.605 -39 36 -220.318 -227.418 -204.763 -273.552 
0 -273.329 -39 36 -220.036 -227.55 -205.456 -274.65 
0 -263.392 -38 36 -222.798 -227.146 -204.763 -262.726 
0 -277.836 -39 36 -220.036 -227.55 -205.456 -274.65 
0 -269.011 -38 36 -221.439 -227.765 -203.664 -265.876 
0 -266.116 -38 36 -222.517 -227.278 -205.456 -263.825 
0 -276.224 -39 36 -218.958 -228.037 -203.664 -276.701 
0 -271.277 -39 36 -220.317 -227.418 -204.763 -273.552 
0 -271.277 -39 36 -220.318 -227.418 -204.763 -273.552 
0 -264.064 -38 36 -222.798 -227.146 -204.763 -262.726 
0 -271.063 -38 36 -221.157 -227.897 -204.357 -266.974 
0 -283.611 -40 36 -216.196 -228.441 -204.357 -288.625 
0 -268.339 -38 36 -221.439 -227.765 -203.664 -265.876 
0 -276.399 -39 36 -218.677 -228.169 -204.357 -277.8 
0 -278.276 -39 36 -218.677 -228.169 -204.357 -277.8 
0 -267.321 -38 36 -222.517 -227.278 -205.456 -263.825 
0 -275.552 -39 36 -218.958 -228.037 -203.664 -276.701 
0 -260.109 -37 36 -224.997 -227.007 -205.456 -252.999 
0 -270.391 -38 36 -221.157 -227.897 -204.357 -266.974 
0 -281.56 -40 36 -216.478 -228.309 -203.664 -287.527 
0 -277.604 -39 36 -218.677 -228.169 -204.357 -277.8 
0 -274.347 -39 36 -218.958 -228.037 -203.664 -276.701 
0 -258.057 -37 36 -225.279 -226.875 -204.763 -251.901 
0 -265.269 -38 36 -222.798 -227.146 -204.763 -262.726 
FEATURES_TXT_END_0
FEATURES_TXT_BEGIN_0 12 93 8 Distortion0_0 LM0_0 WordPenalty0_0 PhrasePenalty0_0 TranslationModel0_0 TranslationModel0_1 TranslationModel0_2 TranslationModel0_3 
0 -313.64 -53 46 -297.426 -288.332 -284.373 -371.632 
0 -307.256 -52 46 -299.907 -288.06 -284.373 -360.806 
0 -315.315 -52 46 -297.426 -288.332 -284.373 -371.626 
0 -308.93 -51 46 -299.907 -288.06 -284.373 -360.801 
0 -309.047 -52 46 -299.907 -288.06 -284.373 -360.806 
0 -302.662 -51 46 -302.388 -287.789 -284.373 -349.981 
0 -310.722 -51 46 -299.907 -288.06 -284.373 -360.801 
0 -304.337 -50 46 -302.388 -287.789 -284.373 -349.975 
0 -312.369 -51 46 -299.907 -288.06 -284.373 -360.801 
0 -305.984 -50 46 -302.388 -287.789 -284.373 -349.975 
0 -312.959 -53 46 -297.377 -288.106 -284.373 -372.15 
0 -313.11 -52 46 -299.907 -288.06 -284.373 -360.806 
0 -313.597 -53 46 -297.377 -288.106 -284.373 -372.15 
0 -306.574 -52 46 -299.858 -287.834 -284.373 -361.325 
0 -313.935 -52 46 -299.907 -288.06 -284.373 -360.806 
0 -306.725 -51 46 -302.388 -287.789 -284.373 -349.981 
0 -314.634 -52 46 -297.377 -288.106 -284.373 -372.145 
0 -314.278 -52 46 -299.907 -288.06 -284.373 -360.806 
0 -314.785 -51 46 -299.907 -288.06 -284.373 -360.801 
0 -307.212 -52 46 -299.858 -287.834 -284.373 -361.325 
0 -307.775 -50 46 -302.388 -287.789 -284.373 -349.975 
0 -315.272 -52 46 -297.377 -288.106 -284.373 -372.145 
0 -307.55 -51 46 -302.388 -287.789 -284.373 -349.981 
0 -308.249 -51 46 -299.858 -287.834 -284.373 -361.32 
0 -315.609 -51 46 -299.907 -288.06 -284.373 -360.801 
0 -307.894 -51 46 -302.388 -287.789 -284.373 -349.981 
0 -308.4 -50 46 -302.388 -287.789 -284.373 -349.975 
0 -301.391 -49 46 -304.868 -287.517 -284.373 -339.15 
0 -308.366 -52 46 -299.858 -287.834 -284.373 -361.325 
0 -308.887 -51 46 -299.858 -287.834 -284.373 -361.32 
0 -308.517 -51 46 -302.388 -287.789 -284.373 -349.981 
0 -309.225 -50 46 -302.388 -287.789 -284.373 -349.975 
0 -309.004 -52 46 -299.858 -287.834 -284.373 -361.325 
0 -301.981 -51 46 -302.338 -287.563 -284.373 -350.5 
0 -309.341 -51 46 -302.388 -287.789 -284.373 -349.981 
0 -302.132 -50 46 -304.868 -287.517 -284.373 -339.155 
0 -310.041 -51 46 -299.858 -287.834 -284.373 -361.32 
0 -309.685 -51 46 -302.388 -287.789 -284.373 -349.981 
0 -310.192 -50 46 -302.388 -287.789 -284.373 -349.975 
0 -309.028 -53 46 -299.142 -287.237 -281.931 -366.81 
0 -302.619 -51 46 -302.338 -287.563 -284.373 -350.5 
0 -310.679 -51 46 -299.858 -287.834 -284.373 -361.32 
0 -302.957 -50 46 -304.868 -287.517 -284.373 -339.155 
0 -303.656 -50 46 -302.338 -287.563 -284.373 -350.494 
0 -311.016 -50 46 -302.388 -287.789 -284.373 -349.975 
0 -303.3 -50 46 -304.868 -287.517 -284.373 -339.155 
0 -317.257 -53 46 -295.014 -289.797 -285.066 -374.928 
0 -307.732 -50 46 -302.338 -287.563 -284.373 -350.494 
0 -303.807 -49 46 -304.868 -287.517 -284.373 -339.15 
0 -302.643 -52 46 -301.623 -286.965 -281.931 -355.984 
0 -310.703 -52 46 -299.142 -287.237 -281.931 -366.804 
0 -304.294 -50 46 -302.338 -287.563 -284.373 -350.494 
0 -311.688 -51 46 -299.858 -287.834 -284.373 -361.32 
0 -311.839 -50 46 -302.388 -287.789 -284.373 -349.975 
0 -304.631 -49 46 -304.868 -287.517 -284.373 -339.15 
0 -310.872 -52 46 -297.495 -289.525 -285.066 -364.102 
0 -315.079 -50 46 -302.388 -287.789 -284.373 -349.975 
0 -318.931 -52 46 -295.014 -289.797 -285.066 -374.922 
0 -307.719 -50 46 -302.338 -287.563 -284.373 -350.494 
0 -312.325 -51 46 -299.858 -287.834 -284.373 -361.32 
0 -304.318 -51 46 -301.623 -286.965 -281.931 -355.979 
0 -305.303 -50 46 -302.338 -287.563 -284.373 -350.494 
0 -312.663 -50 46 -302.388 -287.789 -284.373 -349.975 
0 -305.454 -49 46 -304.868 -287.517 -284.373 -339.15 
0 -312.429 -52 46 -299.858 -287.834 -284.373 -361.325 
0 -304.435 -52 46 -301.623 -286.965 -281.931 -355.984 
0 -312.547 -51 46 -297.495 -289.525 -285.066 -364.097 
0 -314.338 -51 46 -297.495 -289.525 -285.066 -364.097 
0 -305.941 -50 46 -302.338 -287.563 -284.373 -350.494 
0 -312.916 -53 46 -297.327 -287.88 -284.373 -372.669 
0 -313.067 -52 46 -299.858 -287.834 -284.373 -361.325 
0 -306.278 -49 46 -304.868 -287.517 -284.373 -339.15 
0 -312.663 -52 46 -297.495 -289.525 -285.066 -364.102 
0 -314.573 -51 46 -302.388 -287.789 -284.373 -349.981 
0 -306.044 -51 46 -302.338 -287.563 -284.373 -350.5 
0 -313.405 -51 46 -302.388 -287.789 -284.373 -349.981 
0 -298.05 -51 46 -304.104 -286.694 -281.931 -345.159 
0 -313.597 -52 46 -299.858 -287.834 -284.373 -361.325 
0 -314.104 -51 46 -299.858 -287.834 -284.373 -361.32 
0 -306.11 -51 46 -301.623 -286.965 -281.931 -355.979 
0 -313.748 -51 46 -302.388 -287.789 -284.373 -349.981 
0 -306.531 -52 46 -299.808 -287.608 -284.373 -361.844 
0 -313.891 -52 46 -299.858 -287.834 -284.373 -361.325 
0 -307.094 -50 46 -302.338 -287.563 -284.373 -350.494 
0 -306.682 -51 46 -302.338 -287.563 -284.373 -350.5 
0 -307.245 -49 46 -304.868 -287.517 -284.373 -339.15 
0 -314.591 -52 46 -297.327 -287.88 -284.373 -372.664 
0 -314.235 -52 46 -299.858 -287.834 -284.373 -361.325 
0 -306.279 -51 46 -299.975 -289.254 -285.066 -353.277 
0 -307.212 -51 46 -302.338 -287.563 -284.373 -350.5 
0 -314.742 -51 46 -299.858 -287.834 -284.373 -361.32 
0 -307.02 -50 46 -304.868 -287.517 -284.373 -339.155 
0 -314.527 -52 46 -299.858 -287.834 -284.373 -361.325 
FEATURES_TXT_END_0
FEATURES_TXT_BEGIN_0 13 100 8 Distortion0_0 LM0_0 WordPenalty0_0 PhrasePenalty0_0 TranslationModel0_0 TranslationModel0_1 TranslationModel0_2 TranslationModel0_3 
0 -239.583 -38 35 -225.718 -218.79 -208.517 -244.854 
0 -232.897 -37 35 -228.198 -218.519 -208.517 -234.029 
0 -243.26 -38 35 -225.622 -218.731 -208.517 -245.142 
0 -236.575 -37 35 -228.103 -218.459 -208.517 -234.316 
0 -235.486 -37 35 -226.971 -218.1 -207.824 -240.777 
0 -234.744 -38 35 -227.434 -217.695 -206.075 -240.032 
0 -228.059 -37 35 -229.914 -217.423 -206.075 -229.207 
0 -230.975 -36 35 -229.451 -217.828 -207.824 -229.951 
0 -241.88 -38 35 -225.337 -218.904 -208.517 -244.854 
0 -235.195 -37 35 -227.817 -218.633 -208.517 -234.029 
0 -237.944 -38 35 -225.592 -218.643 -208.517 -244.449 
0 -231.258 -37 35 -228.073 -218.372 -208.517 -233.623 
-3 -232.485 -38 35 -225.718 -218.79 -208.517 -244.854 
-3 -225.8 -37 35 -228.198 -218.519 -208.517 -234.029 
0 -239.163 -37 35 -226.875 -218.04 -207.824 -241.064 
0 -235.935 -39 35 -227.478 -217.695 -209.211 -240.038 
0 -237.088 -38 35 -226.554 -218.098 -207.419 -241.925 
0 -229.25 -38 35 -229.959 -217.423 -209.211 -229.212 
0 -238.422 -38 35 -227.338 -217.635 -206.075 -240.32 
0 -230.403 -37 35 -229.035 -217.826 -207.419 -231.1 
0 -242.113 -38 35 -225.271 -218.446 -208.517 -246.8 
0 -231.736 -37 35 -229.819 -217.364 -206.075 -229.494 
0 -235.428 -37 35 -227.752 -218.174 -208.517 -235.974 
0 -234.652 -36 35 -229.356 -217.768 -207.824 -230.239 
0 -230.647 -37 35 -228.686 -217.005 -205.382 -235.955 
0 -245.558 -38 35 -225.241 -218.845 -208.517 -245.142 
0 -238.872 -37 35 -227.722 -218.573 -208.517 -234.316 
0 -241.621 -38 35 -225.497 -218.584 -208.517 -244.737 
0 -234.936 -37 35 -227.977 -218.312 -208.517 -233.911 
0 -226.137 -36 35 -231.167 -216.733 -205.382 -225.129 
0 -237.783 -37 35 -226.589 -218.214 -207.824 -240.777 
0 -233.847 -37 35 -226.845 -217.953 -207.824 -240.371 
-3 -236.163 -38 35 -225.622 -218.731 -208.517 -245.142 
0 -237.042 -38 35 -227.053 -217.809 -206.075 -240.032 
-3 -229.477 -37 35 -228.103 -218.459 -208.517 -234.316 
0 -230.356 -37 35 -229.533 -217.537 -206.075 -229.207 
0 -233.105 -38 35 -227.308 -217.548 -206.075 -239.627 
-4 -233.344 -38 35 -225.718 -218.79 -208.517 -244.854 
0 -239.613 -39 35 -227.383 -217.635 -209.211 -240.325 
0 -226.42 -37 35 -229.789 -217.276 -206.075 -228.801 
0 -240.766 -38 35 -226.459 -218.038 -207.419 -242.213 
-3 -228.388 -37 35 -226.971 -218.1 -207.824 -240.777 
-4 -234.217 -38 35 -225.718 -218.79 -208.517 -244.854 
0 -233.273 -36 35 -229.07 -217.942 -207.824 -229.951 
0 -232.927 -38 35 -229.863 -217.364 -209.211 -229.5 
0 -234.08 -37 35 -228.94 -217.767 -207.419 -231.387 
-4 -227.532 -37 35 -228.198 -218.519 -208.517 -234.029 
0 -229.336 -36 35 -229.325 -217.681 -207.824 -229.546 
0 -245.791 -38 35 -225.176 -218.386 -208.517 -247.087 
-3 -227.647 -38 35 -227.434 -217.695 -206.075 -240.032 
0 -238.522 -39 35 -227.199 -216.206 -209.904 -247.847 
0 -231.838 -38 35 -228.731 -217.005 -208.517 -235.96 
0 -239.105 -37 35 -227.656 -218.115 -208.517 -236.262 
0 -232.991 -37 35 -227.807 -217.408 -206.726 -237.847 
-4 -235.913 -38 35 -225.718 -218.79 -208.517 -244.854 
-3 -220.961 -37 35 -229.914 -217.423 -206.075 -229.207 
0 -240.241 -38 35 -225.211 -218.757 -208.517 -244.449 
-4 -236.091 -38 35 -225.718 -218.79 -208.517 -244.854 
0 -231.837 -38 35 -229.68 -215.935 -209.904 -237.021 
0 -234.325 -37 35 -228.591 -216.945 -205.382 -236.242 
-4 -229.227 -37 35 -228.198 -218.519 -208.517 -234.029 
0 -233.556 -37 35 -227.692 -218.486 -208.517 -233.623 
-4 -229.405 -37 35 -228.198 -218.519 -208.517 -234.029 
0 -238.016 -37 35 -226.524 -217.755 -207.824 -242.722 
0 -232.25 -38 35 -228.27 -217.003 -204.976 -237.103 
-4 -236.783 -38 35 -225.718 -218.79 -208.517 -244.854 
-4 -229.517 -37 35 -228.198 -218.519 -208.517 -234.029 
-3 -223.878 -36 35 -229.451 -217.828 -207.824 -229.951 
0 -240.291 -38 35 -224.656 -218.924 -209.211 -246.24 
-4 -237.121 -38 35 -225.718 -218.79 -208.517 -244.854 
-4 -237.375 -38 35 -225.718 -218.79 -208.517 -244.854 
0 -225.564 -37 35 -230.751 -216.731 -204.976 -226.277 
-4 -230.098 -37 35 -228.198 -218.519 -208.517 -234.029 
-4 -237.575 -38 35 -225.718 -218.79 -208.517 -244.854 
0 -233.606 -37 35 -227.137 -218.652 -209.211 -235.415 
0 -237.275 -38 35 -226.987 -217.351 -206.075 -241.978 
-4 -237.862 -38 35 -225.718 -218.79 -208.517 -244.854 
-4 -230.689 -37 35 -228.198 -218.519 -208.517 -234.029 
-4 -238.037 -38 35 -225.718 -218.79 -208.517 -244.854 
-3 -234.783 -38 35 -225.337 -218.904 -208.517 -244.854 
-4 -238.162 -38 35 -225.718 -218.79 -208.517 -244.854 
-4 -230.89 -37 35 -228.198 -218.519 -208.517 -234.029 
0 -227.328 -37 35 -231.212 -216.733 -208.517 -225.135 
0 -230.589 -37 35 -229.467 -217.079 -206.075 -231.152 
-4 -231.177 -37 35 -228.198 -218.519 -208.517 -234.029 
0 -228.481 -36 35 -230.288 -217.136 -206.726 -227.022 
0 -240.792 -38 35 -224.186 -219.198 -208.517 -246.8 
0 -236.031 -38 35 -227.377 -217.126 -208.805 -241.714 
-3 -228.097 -37 35 -227.817 -218.633 -208.517 -234.029 
-4 -231.477 -37 35 -228.198 -218.519 -208.517 -234.029 
-3 -230.846 -38 35 -225.592 -218.643 -208.517 -244.449 
0 -237.964 -37 35 -225.38 -219.91 -208.517 -237.584 
-4 -238.912 -38 35 -225.718 -218.79 -208.517 -244.854 
0 -229.814 -36 35 -231.072 -216.673 -205.382 -225.417 
0 -241.461 -37 35 -226.494 -218.154 -207.824 -241.064 
0 -234.106 -37 35 -226.667 -218.927 -208.517 -235.974 
0 -229.345 -37 35 -229.857 -216.854 -208.805 -230.888 
0 -238.233 -39 35 -227.097 -217.809 -209.211 -240.038 
-3 -224.161 -37 35 -228.073 -218.372 -208.517 -233.623 
-4 -232.226 -37 35 -228.198 -218.519 -208.517 -234.029 
FEATURES_TXT_END_0
FEATURES_TXT_BEGIN_0 14 100 8 Distortion0_0 LM0_0 WordPenalty0_0 PhrasePenalty0_0 TranslationModel0_0 TranslationModel0_1 TranslationModel0_2 TranslationModel0_3 
0 -256.117 -40 37 -235.363 -246.408 -217.372 -286.825 
0 -252.26 -39 37 -237.844 -246.136 -217.372 -275.999 
0 -253.772 -39 37 -237.844 -246.136 -217.372 -275.999 
0 -252.126 -40 37 -237.227 -244.824 -217.372 -284.928 
0 -256.106 -39 37 -237.844 -246.136 -217.372 -275.999 
0 -256.496 -40 37 -235.313 -246.182 -217.372 -287.344 
0 -256.921 -40 37 -235.313 -246.182 -217.372 -287.344 
0 -249.915 -38 37 -240.324 -245.864 -217.372 -265.174 
0 -248.269 -39 37 -239.708 -244.552 -217.372 -274.102 
0 -249.781 -39 37 -239.708 -244.552 -217.372 -274.102 
0 -250.925 -40 37 -237.079 -245.313 -214.93 -282.003 
0 -252.248 -38 37 -240.324 -245.864 -217.372 -265.174 
0 -252.638 -39 37 -237.794 -245.91 -217.372 -276.518 
0 -253.063 -39 37 -237.794 -245.91 -217.372 -276.518 
0 -253.76 -38 37 -240.324 -245.864 -217.372 -265.174 
0 -252.115 -39 37 -239.708 -244.552 -217.372 -274.102 
0 -254.151 -39 37 -237.794 -245.91 -217.372 -276.518 
0 -252.505 -40 37 -237.178 -244.598 -217.372 -285.447 
0 -254.575 -39 37 -237.794 -245.91 -217.372 -276.518 
0 -252.93 -40 37 -237.178 -244.598 -217.372 -285.447 
0 -245.924 -38 37 -242.189 -244.281 -217.372 -263.277 
0 -247.068 -39 37 -239.56 -245.041 -214.93 -271.177 
0 -256.484 -39 37 -237.794 -245.91 -217.372 -276.518 
0 -248.58 -39 37 -239.56 -245.041 -214.93 -271.177 
0 -246.934 -40 37 -238.943 -243.729 -214.93 -280.106 
0 -256.909 -39 37 -237.794 -245.91 -217.372 -276.518 
0 -249.903 -37 37 -242.805 -245.593 -217.372 -254.349 
0 -257.299 -40 37 -235.264 -245.956 -217.372 -287.862 
0 -248.257 -38 37 -242.189 -244.281 -217.372 -263.277 
0 -256.467 -40 37 -235.237 -246.261 -217.372 -286.42 
0 -250.293 -38 37 -240.275 -245.638 -217.372 -265.693 
0 -248.647 -39 37 -239.658 -244.326 -217.372 -274.621 
0 -250.718 -38 37 -240.275 -245.638 -217.372 -265.693 
0 -249.072 -39 37 -239.658 -244.326 -217.372 -274.621 
0 -252.056 -41 37 -237.123 -245.313 -218.065 -282.008 
0 -249.769 -38 37 -242.189 -244.281 -217.372 -263.277 
0 -250.913 -39 37 -239.56 -245.041 -214.93 -271.177 
0 -250.16 -39 37 -239.658 -244.326 -217.372 -274.621 
0 -251.304 -40 37 -237.029 -245.087 -214.93 -282.522 
0 -250.584 -39 37 -239.658 -244.326 -217.372 -274.621 
0 -251.728 -40 37 -237.029 -245.087 -214.93 -282.522 
0 -252.627 -38 37 -240.275 -245.638 -217.372 -265.693 
0 -244.722 -38 37 -242.04 -244.769 -214.93 -260.352 
0 -243.077 -39 37 -241.424 -243.457 -214.93 -269.28 
0 -253.051 -38 37 -240.275 -245.638 -217.372 -265.693 
0 -253.442 -39 37 -237.745 -245.684 -217.372 -277.037 
0 -252.609 -39 37 -237.718 -245.989 -217.372 -275.594 
0 -254.139 -38 37 -240.275 -245.638 -217.372 -265.693 
0 -252.493 -39 37 -239.658 -244.326 -217.372 -274.621 
0 -244.589 -39 37 -241.424 -243.457 -214.93 -269.28 
0 -254.564 -38 37 -240.275 -245.638 -217.372 -265.693 
0 -248.199 -40 37 -239.604 -245.041 -218.065 -271.183 
0 -252.918 -39 37 -239.658 -244.326 -217.372 -274.621 
0 -254.954 -39 37 -237.745 -245.684 -217.372 -277.037 
0 -245.912 -37 37 -244.669 -244.009 -217.372 -252.451 
0 -247.056 -38 37 -242.04 -244.769 -214.93 -260.352 
0 -253.308 -40 37 -237.128 -244.372 -217.372 -285.965 
0 -254.122 -39 37 -237.718 -245.989 -217.372 -275.594 
0 -252.476 -40 37 -237.102 -244.677 -217.372 -284.522 
-3 -254.119 -40 37 -235.363 -246.408 -217.372 -286.825 
0 -246.302 -38 37 -242.139 -244.055 -217.372 -263.796 
0 -247.446 -39 37 -239.51 -244.815 -214.93 -271.696 
0 -246.727 -38 37 -242.139 -244.055 -217.372 -263.796 
0 -247.871 -39 37 -239.51 -244.815 -214.93 -271.696 
0 -249.711 -40 37 -239.604 -245.041 -218.065 -271.183 
0 -248.065 -41 37 -238.988 -243.729 -218.065 -280.111 
0 -248.568 -38 37 -242.04 -244.769 -214.93 -260.352 
0 -246.922 -39 37 -241.424 -243.457 -214.93 -269.28 
0 -248.958 -39 37 -239.51 -244.815 -214.93 -271.696 
0 -247.312 -40 37 -238.894 -243.503 -214.93 -280.624 
0 -257.287 -39 37 -237.745 -245.684 -217.372 -277.037 
0 -249.383 -39 37 -239.51 -244.815 -214.93 -271.696 
0 -256.455 -39 37 -237.718 -245.989 -217.372 -275.594 
0 -247.737 -40 37 -238.894 -243.503 -214.93 -280.624 
0 -250.281 -37 37 -242.755 -245.367 -217.372 -254.867 
0 -248.636 -38 37 -242.139 -244.055 -217.372 -263.796 
0 -240.731 -38 37 -243.904 -243.185 -214.93 -258.455 
0 -256.845 -40 37 -235.188 -246.035 -217.372 -286.938 
0 -250.706 -37 37 -242.755 -245.367 -217.372 -254.867 
0 -249.06 -38 37 -242.139 -244.055 -217.372 -263.796 
0 -257.27 -40 37 -235.188 -246.035 -217.372 -286.938 
0 -251.096 -38 37 -240.225 -245.412 -217.372 -266.212 
0 -252.044 -40 37 -239.604 -245.041 -218.065 -271.183 
0 -249.451 -39 37 -239.609 -244.1 -217.372 -275.14 
-4 -249.55 -40 37 -235.363 -246.408 -217.372 -286.825 
0 -250.264 -38 37 -240.199 -245.717 -217.372 -264.769 
0 -248.618 -39 37 -239.582 -244.405 -217.372 -273.697 
-3 -250.261 -39 37 -237.844 -246.136 -217.372 -275.999 
0 -252.434 -41 37 -237.074 -245.087 -218.065 -282.527 
0 -250.148 -38 37 -242.139 -244.055 -217.372 -263.796 
0 -252.859 -41 37 -237.074 -245.087 -218.065 -282.527 
0 -251.292 -39 37 -239.51 -244.815 -214.93 -271.696 
0 -245.853 -39 37 -242.085 -244.769 -218.065 -260.357 
0 -250.573 -38 37 -242.139 -244.055 -217.372 -263.796 
0 -244.207 -40 37 -241.468 -243.457 -218.065 -269.286 
0 -251.716 -39 37 -239.51 -244.815 -214.93 -271.696 
0 -244.71 -37 37 -244.521 -244.498 -214.93 -249.526 
0 -250.963 -39 37 -239.609 -244.1 -217.372 -275.14 
0 -252.107 -40 37 -236.98 -244.861 -214.93 -283.04 
0 -243.065 -38 37 -243.904 -243.185 -214.93 -258.455 
FEATURES_TXT_END_0
FEATURES_TXT_BEGIN_0 15 98 8 Distortion0_0 LM0_0 WordPenalty0_0 PhrasePenalty0_0 TranslationModel0_0 TranslationModel0_1 TranslationModel0_2 TranslationModel0_3 
0 -307.656 -46 42 -239.928 -239.791 -237.685 -310.614 
0 -316.699 -47 42 -237.447 -240.063 -237.685 -321.439 
0 -303.293 -45 42 -242.409 -239.519 -237.685 -299.788 
0 -304.289 -45 42 -242.409 -239.519 -237.685 -299.788 
0 -304.75 -45 42 -242.409 -239.519 -237.685 -299.788 
0 -312.337 -46 42 -239.928 -239.791 -237.685 -310.614 
0 -313.333 -46 42 -239.928 -239.791 -237.685 -310.614 
0 -298.1 -46 42 -241.644 -238.696 -235.242 -305.791 
0 -304.665 -46 42 -241.792 -238.207 -237.685 -308.716 
0 -313.793 -46 42 -239.928 -239.791 -237.685 -310.614 
0 -299.927 -44 42 -244.889 -239.248 -237.685 -288.963 
0 -300.387 -44 42 -244.889 -239.248 -237.685 -288.963 
0 -307.144 -47 42 -239.163 -238.968 -235.242 -316.617 
0 -313.709 -47 42 -239.312 -238.479 -237.685 -319.542 
0 -301.383 -44 42 -244.889 -239.248 -237.685 -288.963 
0 -308.97 -45 42 -242.409 -239.519 -237.685 -299.788 
0 -293.738 -45 42 -244.124 -238.424 -235.242 -294.966 
0 -300.303 -45 42 -244.273 -237.936 -237.685 -297.891 
0 -309.431 -45 42 -242.409 -239.519 -237.685 -299.788 
0 -294.734 -45 42 -244.124 -238.424 -235.242 -294.966 
0 -301.299 -45 42 -244.273 -237.936 -237.685 -297.891 
0 -310.427 -45 42 -242.409 -239.519 -237.685 -299.788 
0 -295.194 -45 42 -244.124 -238.424 -235.242 -294.966 
0 -302.781 -46 42 -241.644 -238.696 -235.242 -305.791 
0 -301.759 -45 42 -244.273 -237.936 -237.685 -297.891 
0 -309.346 -46 42 -241.792 -238.207 -237.685 -308.716 
0 -303.399 -46 42 -241.644 -238.696 -235.242 -305.792 
0 -303.427 -46 42 -241.644 -238.696 -235.242 -305.791 
0 -297.021 -43 42 -247.37 -238.976 -237.685 -278.137 
0 -303.777 -46 42 -241.644 -238.696 -235.242 -305.792 
0 -310.342 -46 42 -241.792 -238.207 -237.685 -308.716 
0 -295.11 -46 42 -243.508 -237.112 -235.242 -303.894 
0 -304.238 -46 42 -241.644 -238.696 -235.242 -305.791 
0 -310.803 -46 42 -241.792 -238.207 -237.685 -308.716 
0 -290.371 -44 42 -246.605 -238.152 -235.242 -284.141 
0 -312.443 -47 42 -239.163 -238.968 -235.242 -316.617 
0 -312.471 -47 42 -239.163 -238.968 -235.242 -316.617 
0 -296.936 -44 42 -246.753 -237.664 -237.685 -287.066 
0 -306.064 -44 42 -244.889 -239.248 -237.685 -288.963 
0 -290.832 -44 42 -246.605 -238.152 -235.242 -284.141 
0 -305.291 -46 42 -239.802 -239.644 -237.685 -310.208 
0 -297.397 -44 42 -246.753 -237.664 -237.685 -287.066 
0 -313.243 -47 42 -239.163 -238.968 -235.242 -316.617 
0 -304.153 -47 42 -241.027 -237.384 -235.242 -314.72 
0 -299.065 -45 42 -244.124 -238.424 -235.242 -294.966 
0 -291.828 -44 42 -246.605 -238.152 -235.242 -284.141 
0 -299.415 -45 42 -244.124 -238.424 -235.242 -294.966 
0 -298.393 -44 42 -246.753 -237.664 -237.685 -287.066 
0 -305.98 -45 42 -244.273 -237.936 -237.685 -297.891 
0 -290.747 -45 42 -245.989 -236.84 -235.242 -293.069 
0 -299.875 -45 42 -244.124 -238.424 -235.242 -294.966 
0 -314.335 -47 42 -237.322 -239.916 -237.685 -321.034 
0 -300.033 -45 42 -244.124 -238.424 -235.242 -294.966 
0 -300.061 -45 42 -244.124 -238.424 -235.242 -294.966 
0 -306.44 -45 42 -244.273 -237.936 -237.685 -297.891 
0 -300.493 -45 42 -244.124 -238.424 -235.242 -294.966 
0 -300.521 -45 42 -244.124 -238.424 -235.242 -294.966 
0 -302.171 -47 42 -241.688 -238.696 -238.378 -305.797 
0 -308.108 -46 42 -241.644 -238.696 -235.242 -305.791 
0 -291.743 -45 42 -245.989 -236.84 -235.242 -293.069 
0 -300.871 -45 42 -244.124 -238.424 -235.242 -294.966 
0 -302.684 -47 42 -241.688 -238.696 -238.378 -305.797 
0 -308.118 -46 42 -239.802 -239.644 -237.685 -310.208 
0 -305.467 -47 42 -241.688 -238.696 -238.378 -305.797 
0 -307.436 -45 42 -244.273 -237.936 -237.685 -297.891 
0 -300.929 -45 42 -242.283 -239.372 -237.685 -299.383 
0 -292.204 -45 42 -245.989 -236.84 -235.242 -293.069 
0 -308.88 -46 42 -241.644 -238.696 -235.242 -305.792 
0 -299.791 -46 42 -243.508 -237.112 -235.242 -303.894 
0 -306.468 -46 42 -240.84 -238.828 -238.783 -309.41 
0 -309.076 -46 42 -241.644 -238.696 -235.242 -305.792 
0 -309.104 -46 42 -241.644 -238.696 -235.242 -305.792 
0 -293.844 -46 42 -243.36 -237.601 -232.8 -300.969 
0 -293.872 -46 42 -243.36 -237.601 -232.8 -300.969 
0 -287.465 -43 42 -249.086 -237.881 -235.242 -273.315 
0 -300.409 -46 42 -243.508 -237.112 -235.242 -303.894 
0 -309.537 -46 42 -241.644 -238.696 -235.242 -305.792 
0 -300.437 -46 42 -243.508 -237.112 -235.242 -303.894 
0 -309.565 -46 42 -241.644 -238.696 -235.242 -305.791 
0 -301.925 -45 42 -242.283 -239.372 -237.685 -299.383 
0 -311.215 -48 42 -239.208 -238.968 -238.378 -316.622 
0 -294.03 -43 42 -249.234 -237.392 -237.685 -276.24 
0 -309.876 -46 42 -241.644 -238.696 -235.242 -305.792 
0 -300.787 -46 42 -243.508 -237.112 -235.242 -303.894 
0 -311.728 -48 42 -239.208 -238.968 -238.378 -316.622 
0 -317.162 -47 42 -237.322 -239.916 -237.685 -321.034 
0 -296.509 -44 42 -246.605 -238.152 -235.242 -284.141 
0 -309.972 -46 42 -239.802 -239.644 -237.685 -310.208 
0 -310.337 -46 42 -241.644 -238.696 -235.242 -305.792 
0 -295.698 -44 42 -246.605 -238.152 -235.242 -284.141 
0 -301.247 -46 42 -243.508 -237.112 -235.242 -303.894 
0 -303.311 -45 42 -244.124 -238.424 -235.242 -294.966 
0 -315.512 -47 42 -238.36 -239.1 -238.783 -320.235 
0 -296.159 -44 42 -246.605 -238.152 -235.242 -284.141 
0 -310.009 -46 42 -239.481 -239.447 -237.685 -312.559 
0 -302.887 -47 42 -240.879 -237.872 -232.8 -311.795 
0 -302.915 -47 42 -240.879 -237.872 -232.8 -311.795 
0 -287.381 -44 42 -248.469 -236.569 -235.242 -282.243 
FEATURES_TXT_END_0
FEATURES_TXT_BEGIN_0 16 100 8 Distortion0_0 LM0_0 WordPenalty0_0 PhrasePenalty0_0 TranslationModel0_0 TranslationModel0_1 TranslationModel0_2 TranslationModel0_3 
0 -175.672 -33 30 -221.719 -201.065 -191.639 -213.534 
0 -183.823 -34 30 -219.239 -201.336 -191.639 -224.36 
0 -173.711 -32 30 -222.198 -201.472 -190.946 -208.643 
0 -181.862 -33 30 -219.718 -201.744 -190.946 -219.468 
0 -174.529 -32 30 -224.2 -200.793 -191.639 -202.709 
0 -176.473 -33 30 -222.009 -201.723 -192.332 -208.648 
0 -182.68 -33 30 -221.719 -201.065 -191.639 -213.534 
0 -184.624 -34 30 -219.528 -201.995 -192.332 -219.474 
0 -172.568 -31 30 -224.679 -201.2 -190.946 -197.818 
0 -174.045 -32 30 -222.233 -201.483 -189.934 -207.519 
0 -180.719 -32 30 -222.198 -201.472 -190.946 -208.643 
0 -182.196 -33 30 -219.752 -201.755 -189.934 -218.344 
0 -175.576 -32 30 -221.957 -201.45 -192.332 -209.503 
0 -183.726 -33 30 -219.477 -201.722 -192.332 -220.329 
0 -175.331 -32 30 -224.489 -201.452 -192.332 -197.823 
0 -183.482 -33 30 -222.009 -201.723 -192.332 -208.648 
0 -173.334 -33 30 -221.782 -201.235 -190.946 -210.538 
0 -181.485 -34 30 -219.301 -201.507 -190.946 -221.364 
0 -172.903 -31 30 -224.713 -201.212 -189.934 -196.694 
0 -181.053 -32 30 -222.233 -201.483 -189.934 -207.519 
0 -171.374 -32 30 -222.261 -201.642 -190.253 -205.647 
0 -174.433 -31 30 -224.438 -201.179 -192.332 -198.678 
0 -179.524 -33 30 -219.78 -201.914 -190.253 -216.473 
0 -182.584 -32 30 -221.957 -201.45 -192.332 -209.503 
0 -174.418 -33 30 -222.556 -200.372 -190.54 -210.605 
0 -173.962 -32 30 -221.526 -201.723 -190.253 -208.643 
0 -182.569 -34 30 -220.076 -200.644 -190.54 -221.43 
0 -172.192 -32 30 -224.262 -200.963 -190.946 -199.713 
0 -182.113 -33 30 -219.045 -201.995 -190.253 -219.468 
0 -174.136 -33 30 -222.071 -201.894 -191.639 -205.653 
0 -180.343 -33 30 -221.782 -201.235 -190.946 -210.538 
0 -182.287 -34 30 -219.591 -202.165 -191.639 -216.478 
-3 -173.991 -33 30 -221.719 -201.065 -191.639 -213.534 
0 -172.457 -32 30 -223.035 -200.78 -189.847 -205.714 
-3 -182.142 -34 30 -219.239 -201.336 -191.639 -224.36 
0 -180.608 -33 30 -220.554 -201.051 -189.847 -216.539 
0 -170.231 -31 30 -224.741 -201.37 -190.253 -194.822 
0 -171.708 -32 30 -222.295 -201.654 -189.241 -204.523 
0 -178.382 -32 30 -222.261 -201.642 -190.253 -205.647 
0 -179.859 -33 30 -219.814 -201.925 -189.241 -215.349 
0 -176.08 -33 30 -218.901 -202.456 -191.639 -217.09 
0 -173.209 -32 30 -225.037 -200.101 -190.54 -199.78 
0 -173.238 -32 30 -222.02 -201.621 -191.639 -206.507 
0 -175.22 -33 30 -222.845 -201.031 -191.233 -205.719 
0 -172.819 -31 30 -224.006 -201.452 -190.253 -197.818 
0 -181.36 -33 30 -222.556 -200.372 -190.54 -210.605 
0 -181.389 -33 30 -219.539 -201.892 -191.639 -217.333 
0 -183.37 -34 30 -220.365 -201.303 -191.233 -216.545 
0 -180.97 -32 30 -221.526 -201.723 -190.253 -208.643 
0 -172.993 -32 30 -224.552 -201.622 -191.639 -194.827 
-3 -173.959 -32 30 -222.198 -201.472 -190.946 -208.643 
0 -181.144 -33 30 -222.071 -201.894 -191.639 -205.653 
-3 -182.109 -33 30 -219.718 -201.744 -190.946 -219.468 
-3 -172.848 -32 30 -224.2 -200.793 -191.639 -202.709 
0 -174.119 -32 30 -219.38 -202.863 -190.946 -212.199 
0 -171.248 -31 30 -225.516 -200.508 -189.847 -194.888 
-4 -173.044 -33 30 -221.719 -201.065 -191.639 -213.534 
-3 -180.999 -33 30 -221.719 -201.065 -191.639 -213.534 
0 -172.791 -32 30 -223.069 -200.791 -188.835 -204.59 
0 -179.399 -32 30 -223.035 -200.78 -189.847 -205.714 
-4 -181.195 -34 30 -219.239 -201.336 -191.639 -224.36 
0 -180.942 -33 30 -220.589 -201.063 -188.835 -215.415 
-4 -174.256 -33 30 -221.719 -201.065 -191.639 -213.534 
-4 -174.329 -33 30 -221.719 -201.065 -191.639 -213.534 
-3 -176.542 -33 30 -222.009 -201.723 -192.332 -208.648 
0 -170.565 -31 30 -224.776 -201.382 -189.241 -193.698 
-4 -174.786 -33 30 -221.719 -201.065 -191.639 -213.534 
-4 -174.913 -33 30 -221.719 -201.065 -191.639 -213.534 
0 -174.322 -32 30 -222.794 -200.758 -191.233 -206.574 
-4 -182.406 -34 30 -219.239 -201.336 -191.639 -224.36 
-4 -182.48 -34 30 -219.239 -201.336 -191.639 -224.36 
-3 -184.693 -34 30 -219.528 -201.995 -192.332 -219.474 
0 -178.716 -32 30 -222.295 -201.654 -189.241 -204.523 
-4 -175.333 -33 30 -221.719 -201.065 -191.639 -213.534 
-4 -175.366 -33 30 -221.719 -201.065 -191.639 -213.534 
-4 -175.402 -33 30 -221.719 -201.065 -191.639 -213.534 
-4 -182.937 -34 30 -219.239 -201.336 -191.639 -224.36 
-4 -175.671 -33 30 -221.719 -201.065 -191.639 -213.534 
0 -182.473 -33 30 -220.313 -201.03 -191.233 -217.399 
-4 -175.77 -33 30 -221.719 -201.065 -191.639 -213.534 
0 -174.937 -32 30 -221.382 -202.185 -191.639 -206.264 
-4 -175.826 -33 30 -221.719 -201.065 -191.639 -213.534 
-4 -175.845 -33 30 -221.719 -201.065 -191.639 -213.534 
0 -175.012 -32 30 -221.382 -202.185 -191.639 -206.264 
0 -176.881 -33 30 -219.191 -203.115 -192.332 -212.204 
0 -172.096 -31 30 -224.5 -201.349 -191.639 -195.682 
0 -174.011 -32 30 -225.326 -200.759 -191.233 -194.894 
-4 -183.483 -34 30 -219.239 -201.336 -191.639 -224.36 
-4 -176.166 -33 30 -221.719 -201.065 -191.639 -213.534 
-4 -171.083 -32 30 -222.198 -201.472 -190.946 -208.643 
-4 -183.775 -34 30 -219.239 -201.336 -191.639 -224.36 
-4 -176.457 -33 30 -221.719 -201.065 -191.639 -213.534 
-4 -176.463 -33 30 -221.719 -201.065 -191.639 -213.534 
-4 -183.797 -34 30 -219.239 -201.336 -191.639 -224.36 
-4 -176.506 -33 30 -221.719 -201.065 -191.639 -213.534 
-4 -176.526 -33 30 -221.719 -201.065 -191.639 -213.534 
-4 -183.895 -34 30 -219.239 -201.336 -191.639 -224.36 
-4 -183.921 -34 30 -219.239 -201.336 -191.639 -224.36 
-4 -176.604 -33 30 -221.719 -201.065 -191.639 -213.534 
-4 -183.93 -34 30 -219.239 -201.336 -191.639 -224.36 
FEATURES_TXT_END_0
FEATURES_TXT_BEGIN_0 17 100 8 Distortion0_0 LM0_0 WordPenalty0_0 PhrasePenalty0_0 TranslationModel0_0 TranslationModel0_1 TranslationModel0_2 TranslationModel0_3 
0 -255.638 -40 38 -252.929 -259.588 -205.509 -271.903 
0 -249.679 -39 38 -255.41 -259.316 -205.509 -261.077 
0 -256.023 -40 38 -252.719 -259.261 -205.509 -274.1 
0 -252.648 -39 38 -255.41 -259.316 -205.509 -261.077 
0 -250.064 -39 38 -255.2 -258.989 -205.509 -263.274 
0 -253.452 -40 38 -251.879 -260.401 -206.297 -272.239 
0 -257.663 -40 38 -252.72 -259.261 -205.509 -274.1 
0 -246.689 -38 38 -257.89 -259.045 -205.509 -250.252 
0 -247.493 -39 38 -254.36 -260.129 -206.297 -261.414 
0 -251.704 -39 38 -255.2 -258.989 -205.509 -263.274 
0 -253.033 -39 38 -255.2 -258.989 -205.509 -263.274 
0 -253.837 -40 38 -251.669 -260.074 -206.297 -274.436 
0 -258.048 -40 38 -252.51 -258.934 -205.509 -276.297 
0 -248.906 -40 38 -254.645 -258.493 -203.067 -267.081 
0 -247.074 -38 38 -257.681 -258.717 -205.509 -252.449 
0 -250.462 -39 38 -254.36 -260.129 -206.297 -261.414 
0 -254.673 -39 38 -255.2 -258.989 -205.509 -263.274 
0 -247.878 -39 38 -254.15 -259.802 -206.297 -263.611 
0 -252.088 -39 38 -254.991 -258.662 -205.509 -265.472 
0 -255.477 -40 38 -251.669 -260.074 -206.297 -274.436 
0 -242.946 -39 38 -257.126 -258.221 -203.067 -256.255 
0 -244.503 -38 38 -256.84 -259.857 -206.297 -250.588 
0 -248.714 -38 38 -257.681 -258.717 -205.509 -252.449 
0 -254.314 -40 38 -252.637 -259.788 -205.509 -270.986 
0 -249.517 -39 38 -254.15 -259.802 -206.297 -263.611 
0 -249.291 -40 38 -254.435 -258.166 -203.067 -269.278 
0 -248.354 -39 38 -255.117 -259.516 -205.509 -260.161 
0 -250.847 -39 38 -254.15 -259.802 -206.297 -263.611 
0 -255.058 -39 38 -254.991 -258.662 -205.509 -265.472 
0 -245.916 -39 38 -257.126 -258.221 -203.067 -256.255 
0 -255.862 -40 38 -251.46 -259.746 -206.297 -276.633 
0 -243.331 -39 38 -256.916 -257.894 -203.067 -258.452 
0 -246.72 -40 38 -253.595 -259.306 -203.855 -267.417 
0 -250.93 -40 38 -254.435 -258.166 -203.067 -269.278 
0 -244.888 -38 38 -256.631 -259.53 -206.297 -252.785 
0 -249.099 -38 38 -257.471 -258.39 -205.509 -254.646 
0 -254.698 -40 38 -252.427 -259.461 -205.509 -273.184 
0 -252.487 -39 38 -254.15 -259.802 -206.297 -263.611 
0 -239.957 -38 38 -259.606 -257.949 -203.067 -245.43 
0 -249.902 -39 38 -253.94 -259.475 -206.297 -265.808 
0 -240.76 -39 38 -256.075 -259.034 -203.855 -256.592 
0 -244.971 -39 38 -256.916 -257.894 -203.067 -258.452 
0 -251.324 -39 38 -255.117 -259.516 -205.509 -260.161 
0 -248.739 -39 38 -254.908 -259.189 -205.509 -262.358 
0 -246.528 -38 38 -256.631 -259.53 -206.297 -252.785 
0 -252.127 -40 38 -251.586 -260.6 -206.297 -271.323 
0 -256.338 -40 38 -252.427 -259.46 -205.509 -273.184 
0 -253.516 -40 38 -253.842 -258.625 -206.607 -270.699 
0 -250.602 -41 38 -254.69 -258.493 -206.202 -267.086 
0 -246.301 -39 38 -256.916 -257.894 -203.067 -258.452 
0 -245.365 -38 38 -257.598 -259.244 -205.509 -249.335 
0 -254.96 -40 38 -252.96 -259.398 -205.509 -270.804 
0 -247.104 -40 38 -253.385 -258.978 -203.855 -269.614 
0 -251.315 -40 38 -254.226 -257.838 -203.067 -271.475 
0 -246.168 -39 38 -254.067 -260.329 -206.297 -260.497 
0 -250.379 -39 38 -254.908 -259.189 -205.509 -262.358 
0 -247.557 -39 38 -256.322 -258.353 -206.607 -259.873 
0 -244.643 -40 38 -257.17 -258.221 -206.202 -256.26 
0 -255.236 -40 38 -253.842 -258.625 -206.607 -270.699 
0 -252.872 -39 38 -253.94 -259.475 -206.297 -265.808 
0 -240.342 -38 38 -259.397 -257.622 -203.067 -247.627 
0 -243.73 -39 38 -256.075 -259.034 -203.855 -256.592 
0 -247.941 -39 38 -256.916 -257.894 -203.067 -258.452 
0 -249.001 -39 38 -255.441 -259.127 -205.509 -259.979 
0 -241.145 -39 38 -255.866 -258.707 -203.855 -258.789 
0 -245.356 -39 38 -256.706 -257.567 -203.067 -260.649 
0 -251.709 -39 38 -254.908 -259.189 -205.509 -262.358 
0 -248.744 -40 38 -253.385 -258.978 -203.855 -269.614 
0 -249.277 -39 38 -256.322 -258.353 -206.607 -259.873 
0 -246.913 -38 38 -256.421 -259.203 -206.297 -254.983 
0 -252.512 -40 38 -251.377 -260.273 -206.297 -273.52 
0 -256.723 -40 38 -252.217 -259.133 -205.509 -275.381 
0 -253.901 -40 38 -253.632 -258.297 -206.607 -272.896 
0 -237.771 -38 38 -258.556 -258.762 -203.855 -245.766 
0 -241.982 -38 38 -259.397 -257.622 -203.067 -247.627 
0 -250.987 -41 38 -254.48 -258.166 -206.202 -269.283 
0 -247.581 -40 38 -254.353 -258.692 -203.067 -266.164 
0 -245.749 -38 38 -257.388 -258.917 -205.509 -251.533 
0 -242.785 -39 38 -255.866 -258.707 -203.855 -258.789 
0 -249.138 -39 38 -254.067 -260.329 -206.297 -260.497 
0 -253.349 -39 38 -254.908 -259.189 -205.509 -262.358 
0 -255.345 -40 38 -252.75 -259.071 -205.509 -273.001 
0 -250.526 -39 38 -256.322 -258.353 -206.607 -259.873 
0 -247.612 -40 38 -257.17 -258.221 -206.202 -256.26 
0 -246.553 -39 38 -253.857 -260.001 -206.297 -262.695 
0 -250.764 -39 38 -254.698 -258.862 -205.509 -264.555 
0 -247.942 -39 38 -256.113 -258.026 -206.607 -262.07 
0 -254.152 -40 38 -251.377 -260.273 -206.297 -273.52 
0 -251.33 -40 38 -252.791 -259.437 -207.396 -271.035 
0 -245.028 -40 38 -256.961 -257.894 -206.202 -258.458 
0 -241.622 -39 38 -256.833 -258.421 -203.067 -255.339 
0 -255.541 -40 38 -253.632 -258.297 -206.607 -272.896 
0 -255.621 -40 38 -253.632 -258.297 -206.607 -272.896 
0 -248.416 -41 38 -253.639 -259.306 -206.99 -267.422 
0 -252.627 -41 38 -254.48 -258.166 -206.202 -269.283 
0 -251.97 -39 38 -255.441 -259.127 -205.509 -259.979 
0 -244.115 -39 38 -255.866 -258.707 -203.855 -258.789 
0 -259.51 -41 38 -250.23 -260.522 -207.907 -278.504 
0 -248.326 -39 38 -256.706 -257.567 -203.067 -260.649 
0 -243.178 -38 38 -256.548 -260.057 -206.297 -249.672 
FEATURES_TXT_END_0
FEATURES_TXT_BEGIN_0 18 100 8 Distortion0_0 LM0_0 WordPenalty0_0 PhrasePenalty0_0 TranslationModel0_0 TranslationModel0_1 TranslationModel0_2 TranslationModel0_3 
0 -394.87 -68 64 -471.432 -465.402 -416.451 -512.99 
0 -390.147 -67 64 -473.913 -465.13 -416.451 -502.164 
0 -391.02 -67 64 -473.913 -465.13 -416.451 -502.164 
0 -391.685 -67 64 -473.913 -465.13 -416.451 -502.164 
0 -393.176 -67 64 -473.913 -465.13 -416.451 -502.164 
0 -393.043 -68 64 -472.232 -464.807 -416.451 -511.38 
0 -386.297 -66 64 -476.393 -464.859 -416.451 -491.339 
0 -386.962 -66 64 -476.393 -464.859 -416.451 -491.339 
0 -392.752 -68 64 -473.296 -463.818 -416.451 -511.092 
0 -387.834 -66 64 -476.393 -464.859 -416.451 -491.339 
0 -395.547 -68 64 -471.382 -465.176 -416.451 -513.508 
0 -388.453 -66 64 -476.393 -464.859 -416.451 -491.339 
0 -388.32 -67 64 -474.713 -464.536 -416.451 -500.555 
0 -389.325 -66 64 -476.393 -464.859 -416.451 -491.339 
0 -389.192 -67 64 -474.713 -464.536 -416.451 -500.555 
0 -388.029 -67 64 -475.777 -463.546 -416.451 -500.267 
0 -389.99 -66 64 -476.393 -464.859 -416.451 -491.339 
0 -389.857 -67 64 -474.713 -464.536 -416.451 -500.555 
0 -383.111 -65 64 -478.874 -464.587 -416.451 -480.513 
0 -388.902 -67 64 -475.777 -463.546 -416.451 -500.267 
0 -390.824 -67 64 -473.863 -464.904 -416.451 -502.683 
0 -389.567 -67 64 -475.777 -463.546 -416.451 -500.267 
0 -391.349 -67 64 -474.713 -464.536 -416.451 -500.555 
0 -391.696 -67 64 -473.863 -464.904 -416.451 -502.683 
0 -384.602 -65 64 -478.874 -464.587 -416.451 -480.513 
0 -384.469 -66 64 -477.193 -464.264 -416.451 -489.729 
0 -392.361 -67 64 -473.863 -464.904 -416.451 -502.683 
0 -385.267 -65 64 -478.874 -464.587 -416.451 -480.513 
0 -385.134 -66 64 -477.193 -464.264 -416.451 -489.729 
0 -391.058 -67 64 -475.777 -463.546 -416.451 -500.267 
0 -394.071 -68 64 -469.458 -466.826 -415.064 -513.395 
0 -390.925 -68 64 -474.096 -463.224 -416.451 -509.483 
0 -399.755 -68 64 -469.02 -466.867 -417.144 -516.286 
0 -384.179 -66 64 -478.258 -463.275 -416.451 -489.442 
0 -386.14 -65 64 -478.874 -464.587 -416.451 -480.513 
0 -386.006 -66 64 -477.193 -464.264 -416.451 -489.729 
0 -393.853 -67 64 -473.863 -464.904 -416.451 -502.683 
0 -384.844 -66 64 -478.257 -463.275 -416.451 -489.442 
0 -393.72 -68 64 -472.182 -464.581 -416.451 -511.899 
0 -386.626 -66 64 -477.193 -464.264 -416.451 -489.729 
0 -386.974 -66 64 -476.344 -464.633 -416.451 -491.857 
0 -385.716 -66 64 -478.257 -463.275 -416.451 -489.442 
0 -387.638 -66 64 -476.344 -464.633 -416.451 -491.857 
0 -387.498 -66 64 -477.193 -464.264 -416.451 -489.729 
0 -393.429 -68 64 -473.247 -463.592 -416.451 -511.611 
0 -386.335 -66 64 -478.258 -463.275 -416.451 -489.442 
0 -389.348 -67 64 -471.939 -466.554 -415.064 -502.57 
0 -386.202 -67 64 -476.577 -462.952 -416.451 -498.658 
0 -388.163 -66 64 -477.193 -464.264 -416.451 -489.729 
0 -395.032 -67 64 -471.5 -466.595 -417.144 -505.46 
0 -388.511 -66 64 -476.344 -464.633 -416.451 -491.857 
0 -381.417 -64 64 -481.355 -464.315 -416.451 -469.688 
0 -381.284 -65 64 -479.674 -463.992 -416.451 -478.904 
0 -387.208 -66 64 -478.258 -463.275 -416.451 -489.442 
0 -390.221 -67 64 -471.939 -466.554 -415.064 -502.57 
0 -387.074 -67 64 -476.577 -462.952 -416.451 -498.658 
0 -389.13 -66 64 -476.344 -464.633 -416.451 -491.857 
0 -388.997 -67 64 -474.663 -464.31 -416.451 -501.073 
0 -395.904 -67 64 -471.5 -466.595 -417.144 -505.46 
0 -387.873 -66 64 -478.257 -463.275 -416.451 -489.442 
0 -390.886 -67 64 -471.939 -466.554 -415.064 -502.57 
0 -387.739 -67 64 -476.577 -462.952 -416.451 -498.658 
0 -391.656 -68 64 -472.269 -464.71 -415.352 -510.06 
0 -396.569 -67 64 -471.5 -466.595 -417.144 -505.46 
0 -390.002 -66 64 -476.344 -464.633 -416.451 -491.857 
0 -380.993 -65 64 -480.738 -463.003 -416.451 -478.616 
0 -389.869 -67 64 -474.663 -464.31 -416.451 -501.073 
0 -382.775 -65 64 -479.674 -463.992 -416.451 -478.904 
0 -388.706 -67 64 -475.727 -463.32 -416.451 -500.786 
0 -390.667 -66 64 -476.344 -464.633 -416.451 -491.857 
0 -390.534 -67 64 -474.663 -464.31 -416.451 -501.073 
0 -383.44 -65 64 -479.674 -463.992 -416.451 -478.904 
0 -383.788 -65 64 -478.824 -464.361 -416.451 -481.032 
0 -392.377 -67 64 -471.939 -466.554 -415.064 -502.57 
0 -389.231 -67 64 -476.577 -462.952 -416.451 -498.658 
0 -392.244 -68 64 -470.258 -466.231 -415.064 -511.786 
0 -389.579 -67 64 -475.727 -463.32 -416.451 -500.786 
0 -398.06 -67 64 -471.5 -466.595 -417.144 -505.46 
0 -397.927 -68 64 -469.82 -466.272 -417.144 -514.676 
0 -382.485 -65 64 -480.738 -463.003 -416.451 -478.616 
0 -385.498 -66 64 -474.419 -466.282 -415.064 -491.744 
0 -382.351 -66 64 -479.058 -462.68 -416.451 -487.832 
0 -384.312 -65 64 -479.674 -463.992 -416.451 -478.904 
0 -391.181 -66 64 -473.981 -466.323 -417.144 -494.635 
0 -390.244 -67 64 -475.727 -463.32 -416.451 -500.786 
0 -383.15 -65 64 -480.738 -463.003 -416.451 -478.616 
0 -392.026 -67 64 -474.663 -464.31 -416.451 -501.073 
0 -386.163 -66 64 -474.419 -466.282 -415.064 -491.744 
0 -383.016 -66 64 -479.058 -462.68 -416.451 -487.832 
0 -386.933 -67 64 -474.749 -464.438 -415.352 -499.235 
0 -391.846 -66 64 -473.981 -466.323 -417.144 -494.635 
0 -391.953 -68 64 -471.322 -465.242 -415.064 -511.498 
0 -385.279 -65 64 -478.824 -464.361 -416.451 -481.032 
0 -385.146 -66 64 -477.144 -464.038 -416.451 -490.248 
0 -397.637 -68 64 -470.884 -465.283 -417.144 -514.389 
0 -384.022 -65 64 -480.738 -463.003 -416.451 -478.616 
0 -387.035 -66 64 -474.419 -466.282 -415.064 -491.744 
0 -383.889 -66 64 -479.058 -462.68 -416.451 -487.832 
0 -385.944 -65 64 -478.824 -464.361 -416.451 -481.032 
0 -387.805 -67 64 -474.749 -464.438 -415.352 -499.235 
FEATURES_TXT_END_0
FEATURES_TXT_BEGIN_0 19 100 8 Distortion0_0 LM0_0 WordPenalty0_0 PhrasePenalty0_0 TranslationModel0_0 TranslationModel0_1 TranslationModel0_2 TranslationModel0_3 
0 -248.118 -50 40 -285.022 -256.232 -268.021 -301.262 
0 -256.269 -51 40 -282.541 -256.504 -268.021 -312.087 
0 -246.065 -49 40 -285.501 -256.64 -267.328 -296.371 
0 -254.216 -50 40 -283.02 -256.911 -267.328 -307.196 
0 -245.92 -49 40 -287.503 -255.961 -268.021 -290.436 
0 -248.204 -50 40 -285.311 -256.891 -268.714 -296.376 
0 -254.071 -50 40 -285.022 -256.232 -268.021 -301.262 
0 -256.355 -51 40 -282.831 -257.163 -268.714 -307.201 
0 -248.461 -50 40 -284.973 -256.006 -268.021 -301.781 
0 -248.781 -49 40 -287.503 -255.961 -268.021 -290.436 
0 -243.866 -48 40 -287.981 -256.368 -267.328 -285.545 
0 -256.612 -51 40 -282.492 -256.278 -268.021 -312.606 
0 -245.448 -49 40 -285.535 -256.651 -266.316 -295.247 
0 -256.932 -50 40 -285.022 -256.232 -268.021 -301.262 
0 -252.017 -49 40 -285.501 -256.64 -267.328 -296.371 
0 -253.599 -50 40 -283.055 -256.923 -266.316 -306.072 
0 -247.335 -49 40 -285.26 -256.618 -268.714 -297.231 
0 -246.408 -49 40 -285.451 -256.414 -267.328 -296.889 
0 -246.006 -49 40 -287.792 -256.619 -268.714 -285.551 
0 -246.728 -48 40 -287.981 -256.368 -267.328 -285.545 
0 -255.486 -50 40 -282.779 -256.89 -268.714 -308.056 
0 -254.558 -50 40 -282.971 -256.685 -267.328 -307.715 
0 -254.156 -50 40 -285.311 -256.891 -268.714 -296.376 
0 -254.879 -49 40 -285.501 -256.64 -267.328 -296.371 
0 -246.262 -49 40 -287.453 -255.735 -268.021 -290.955 
0 -246.582 -48 40 -289.983 -255.689 -268.021 -279.611 
0 -248.547 -50 40 -285.262 -256.665 -268.714 -296.895 
0 -254.413 -50 40 -284.973 -256.006 -268.021 -301.781 
0 -248.867 -49 40 -287.792 -256.619 -268.714 -285.551 
0 -243.249 -48 40 -288.016 -256.379 -266.316 -284.421 
0 -254.733 -49 40 -287.503 -255.961 -268.021 -290.436 
0 -256.698 -51 40 -282.781 -256.937 -268.714 -307.72 
0 -257.018 -50 40 -285.311 -256.891 -268.714 -296.376 
0 -251.4 -49 40 -285.535 -256.651 -266.316 -295.247 
-3 -240.397 -50 40 -285.022 -256.232 -268.021 -301.262 
0 -245.137 -48 40 -287.74 -256.346 -268.714 -286.405 
0 -244.209 -48 40 -287.932 -256.142 -267.328 -286.064 
0 -244.529 -47 40 -290.462 -256.096 -267.328 -274.72 
0 -245.79 -49 40 -285.486 -256.425 -266.316 -295.765 
-3 -248.548 -51 40 -282.541 -256.504 -268.021 -312.087 
0 -249.881 -49 40 -287.453 -255.735 -268.021 -290.955 
0 -253.287 -49 40 -285.26 -256.618 -268.714 -297.231 
0 -246.111 -48 40 -288.016 -256.379 -266.316 -284.421 
0 -252.36 -49 40 -285.451 -256.414 -267.328 -296.889 
0 -252.68 -48 40 -287.982 -256.368 -267.328 -285.545 
0 -253.941 -50 40 -283.005 -256.697 -266.316 -306.591 
0 -258.032 -50 40 -284.973 -256.006 -268.021 -301.781 
0 -254.261 -49 40 -285.535 -256.651 -266.316 -295.247 
0 -247.678 -49 40 -285.21 -256.392 -268.714 -297.75 
0 -246.348 -49 40 -287.743 -256.393 -268.714 -286.069 
0 -247.998 -48 40 -287.741 -256.346 -268.714 -286.405 
0 -246.668 -48 40 -290.273 -256.348 -268.714 -274.725 
0 -245.969 -49 40 -284.828 -256.891 -266.635 -296.371 
0 -255.829 -50 40 -282.73 -256.664 -268.714 -308.575 
0 -254.499 -50 40 -285.262 -256.665 -268.714 -296.895 
0 -256.149 -49 40 -285.26 -256.618 -268.714 -297.231 
0 -247.828 -48 40 -287.932 -256.142 -267.328 -286.064 
0 -254.819 -49 40 -287.792 -256.619 -268.714 -285.551 
0 -254.12 -50 40 -282.348 -257.163 -266.635 -307.196 
0 -255.979 -49 40 -285.451 -256.414 -267.328 -296.889 
-3 -240.37 -49 40 -285.501 -256.64 -267.328 -296.371 
-3 -238.199 -49 40 -287.503 -255.961 -268.021 -290.436 
-3 -248.52 -50 40 -283.02 -256.911 -267.328 -307.196 
0 -243.592 -48 40 -287.966 -256.153 -266.316 -284.94 
-3 -246.35 -50 40 -285.022 -256.232 -268.021 -301.262 
0 -247.683 -48 40 -289.934 -255.463 -268.021 -280.13 
0 -243.912 -47 40 -290.496 -256.108 -266.316 -273.596 
0 -249.967 -49 40 -287.743 -256.393 -268.714 -286.069 
0 -251.743 -49 40 -285.486 -256.425 -266.316 -295.765 
0 -255.834 -49 40 -287.453 -255.735 -268.021 -290.955 
0 -252.063 -48 40 -288.016 -256.379 -266.316 -284.421 
0 -258.118 -50 40 -285.262 -256.665 -268.714 -296.895 
-3 -240.74 -50 40 -284.973 -256.006 -268.021 -301.781 
0 -245.479 -48 40 -287.691 -256.12 -268.714 -286.924 
-3 -241.06 -49 40 -287.503 -255.961 -268.021 -290.436 
0 -247.13 -50 40 -282.204 -257.624 -268.021 -304.818 
0 -245.799 -47 40 -290.221 -256.075 -268.714 -275.58 
0 -243.771 -48 40 -287.309 -256.619 -266.635 -285.545 
-3 -248.891 -51 40 -282.492 -256.278 -268.021 -312.606 
0 -253.63 -49 40 -285.21 -256.392 -268.714 -297.75 
-3 -249.211 -50 40 -285.022 -256.232 -268.021 -301.262 
0 -253.95 -48 40 -287.741 -256.346 -268.714 -286.405 
0 -245.629 -47 40 -290.413 -255.87 -267.328 -275.238 
0 -248.737 -50 40 -284.06 -256.464 -269.408 -302.303 
0 -251.922 -49 40 -284.828 -256.891 -266.635 -296.371 
-3 -244.13 -50 40 -285.311 -256.891 -268.714 -296.376 
-4 -242.038 -50 40 -285.022 -256.232 -268.021 -301.262 
0 -247.211 -48 40 -287.966 -256.153 -266.316 -284.94 
0 -253.78 -48 40 -287.932 -256.142 -267.328 -286.064 
0 -256.888 -51 40 -281.58 -256.736 -269.408 -313.129 
-3 -252.281 -51 40 -282.831 -257.163 -268.714 -307.201 
-3 -238.171 -48 40 -287.981 -256.368 -267.328 -285.545 
-4 -250.189 -51 40 -282.541 -256.504 -268.021 -312.087 
0 -255.362 -49 40 -285.486 -256.425 -266.316 -295.765 
-4 -243.264 -50 40 -285.022 -256.232 -268.021 -301.262 
0 -246.312 -49 40 -284.779 -256.665 -266.635 -296.889 
-3 -246.322 -49 40 -285.501 -256.64 -267.328 -296.371 
0 -245.076 -49 40 -282.683 -258.031 -267.328 -299.926 
0 -246.632 -48 40 -287.309 -256.619 -266.635 -285.545 
-4 -243.883 -50 40 -285.022 -256.232 -268.021 -301.262 
FEATURES_TXT_END_0
FEATURES_TXT_BEGIN_0 20 100 8 Distortion0_0 LM0_0 WordPenalty0_0 PhrasePenalty0_0 TranslationModel0_0 TranslationModel0_1 TranslationModel0_2 TranslationModel0_3 
0 -324.125 -58 52 -371.64 -354.114 -317.484 -390.261 
0 -317.608 -57 52 -374.121 -353.842 -317.484 -379.436 
0 -320.316 -57 52 -374.121 -353.842 -317.484 -379.436 
0 -313.799 -56 52 -376.601 -353.57 -317.484 -368.61 
0 -321.267 -57 52 -374.121 -353.842 -317.484 -379.436 
0 -314.75 -56 52 -376.601 -353.57 -317.484 -368.61 
0 -322.446 -57 52 -374.121 -353.842 -317.484 -379.436 
0 -315.929 -56 52 -376.601 -353.57 -317.484 -368.61 
0 -317.458 -56 52 -376.601 -353.571 -317.484 -368.61 
0 -310.941 -55 52 -379.082 -353.299 -317.484 -357.785 
0 -318.637 -56 52 -376.601 -353.571 -317.484 -368.61 
0 -312.12 -55 52 -379.082 -353.299 -317.484 -357.785 
0 -319.588 -56 52 -376.601 -353.57 -317.484 -368.61 
0 -313.072 -55 52 -379.082 -353.299 -317.484 -357.785 
0 -315.779 -55 52 -379.082 -353.299 -317.484 -357.785 
0 -309.263 -54 52 -381.562 -353.027 -317.484 -346.959 
0 -320.702 -58 52 -372.552 -353.151 -318.583 -389.057 
0 -314.185 -57 52 -375.033 -352.879 -318.583 -378.232 
0 -323.172 -58 52 -371.66 -353.665 -318.177 -390.549 
0 -316.655 -57 52 -374.141 -353.393 -318.177 -379.723 
0 -316.893 -57 52 -375.033 -352.879 -318.583 -378.232 
0 -310.376 -56 52 -377.514 -352.607 -318.583 -367.406 
0 -317.844 -57 52 -375.033 -352.879 -318.583 -378.232 
0 -311.327 -56 52 -377.514 -352.607 -318.583 -367.406 
0 -319.024 -57 52 -375.033 -352.879 -318.583 -378.232 
0 -319.363 -57 52 -374.141 -353.393 -318.177 -379.723 
0 -322.27 -58 52 -370.759 -354.218 -317.484 -391.36 
0 -312.507 -56 52 -377.514 -352.607 -318.583 -367.406 
0 -322.696 -58 52 -370.759 -354.218 -317.484 -391.36 
0 -312.846 -56 52 -376.622 -353.121 -318.177 -368.898 
0 -315.753 -57 52 -373.24 -353.947 -317.484 -380.534 
0 -320.314 -57 52 -374.141 -353.393 -318.177 -379.724 
0 -316.179 -57 52 -373.24 -353.947 -317.484 -380.534 
0 -313.797 -56 52 -376.622 -353.121 -318.177 -368.898 
0 -314.035 -56 52 -377.514 -352.607 -318.583 -367.406 
0 -321.493 -57 52 -374.141 -353.393 -318.177 -379.723 
0 -307.519 -55 52 -379.994 -352.335 -318.583 -356.581 
0 -314.976 -56 52 -376.622 -353.121 -318.177 -368.898 
0 -315.215 -56 52 -377.514 -352.607 -318.583 -367.406 
-4 -317.082 -58 52 -371.64 -354.114 -317.484 -390.261 
0 -318.461 -57 52 -373.24 -353.947 -317.484 -380.534 
0 -308.698 -55 52 -379.994 -352.335 -318.583 -356.581 
-4 -317.699 -58 52 -371.64 -354.114 -317.484 -390.261 
0 -316.166 -56 52 -377.514 -352.607 -318.583 -367.406 
0 -318.887 -57 52 -373.24 -353.947 -317.484 -380.534 
-4 -310.566 -57 52 -374.121 -353.842 -317.484 -379.436 
0 -311.944 -56 52 -375.721 -353.675 -317.484 -369.709 
0 -316.505 -56 52 -376.622 -353.121 -318.177 -368.898 
0 -319.412 -57 52 -373.24 -353.947 -317.484 -380.534 
0 -317.514 -57 52 -371.303 -355.234 -317.484 -382.992 
-4 -311.182 -57 52 -374.121 -353.842 -317.484 -379.436 
0 -309.649 -55 52 -379.994 -352.335 -318.583 -356.581 
0 -312.37 -56 52 -375.721 -353.675 -317.484 -369.709 
0 -319.838 -57 52 -373.24 -353.947 -317.484 -380.534 
-4 -318.848 -58 52 -371.64 -354.114 -317.484 -390.261 
0 -309.988 -55 52 -379.102 -352.849 -318.177 -358.073 
-4 -319.024 -58 52 -371.64 -354.114 -317.484 -390.261 
0 -312.895 -56 52 -375.721 -353.675 -317.484 -369.709 
0 -324.937 -58 52 -371.245 -353.873 -318.177 -390.667 
0 -317.684 -56 52 -376.622 -353.121 -318.177 -368.898 
0 -320.591 -57 52 -373.24 -353.947 -317.484 -380.534 
0 -313.322 -56 52 -375.721 -353.675 -317.484 -369.709 
-4 -312.332 -57 52 -374.121 -353.842 -317.484 -379.436 
-4 -319.836 -58 52 -371.64 -354.114 -317.484 -390.261 
0 -321.018 -57 52 -373.24 -353.947 -317.484 -380.534 
0 -318.42 -57 52 -373.726 -353.601 -318.177 -379.841 
0 -311.167 -55 52 -379.102 -352.849 -318.177 -358.073 
0 -314.075 -56 52 -375.721 -353.675 -317.484 -369.709 
0 -318.635 -56 52 -376.622 -353.121 -318.177 -368.898 
-4 -320.341 -58 52 -371.64 -354.114 -317.484 -390.261 
0 -325.405 -58 52 -371.58 -353.477 -318.177 -390.954 
-4 -313.273 -57 52 -374.121 -353.842 -317.484 -379.436 
-4 -313.319 -57 52 -374.121 -353.842 -317.484 -379.436 
0 -314.501 -56 52 -375.721 -353.675 -317.484 -369.709 
0 -312.119 -55 52 -379.102 -352.849 -318.177 -358.073 
-4 -313.825 -57 52 -374.121 -353.842 -317.484 -379.436 
-4 -313.89 -57 52 -374.121 -353.842 -317.484 -379.436 
0 -312.357 -55 52 -379.994 -352.335 -318.583 -356.581 
0 -318.889 -57 52 -374.061 -353.206 -318.177 -380.129 
-4 -306.757 -56 52 -376.601 -353.57 -317.484 -368.61 
0 -320.655 -57 52 -371.303 -355.234 -317.484 -382.991 
-4 -314.225 -57 52 -374.121 -353.842 -317.484 -379.436 
0 -315.603 -56 52 -375.721 -353.675 -317.484 -369.709 
-4 -321.774 -58 52 -371.64 -354.114 -317.484 -390.261 
-4 -321.861 -58 52 -371.64 -354.114 -317.484 -390.261 
0 -313.705 -56 52 -373.783 -354.962 -317.484 -372.166 
-4 -321.992 -58 52 -371.64 -354.114 -317.484 -390.261 
-4 -307.373 -56 52 -376.601 -353.57 -317.484 -368.61 
0 -305.84 -54 52 -382.475 -352.064 -318.583 -345.755 
-4 -322.083 -58 52 -371.64 -354.114 -317.484 -390.261 
-4 -314.841 -57 52 -374.121 -353.842 -317.484 -379.436 
0 -316.029 -56 52 -375.721 -353.675 -317.484 -369.709 
-4 -322.202 -58 52 -371.64 -354.114 -317.484 -390.261 
0 -314.138 -56 52 -373.783 -354.962 -317.484 -372.166 
-4 -307.708 -56 52 -376.601 -353.57 -317.484 -368.61 
-4 -315.039 -57 52 -374.121 -353.842 -317.484 -379.436 
-4 -315.215 -57 52 -374.121 -353.842 -317.484 -379.436 
0 -309.086 -55 52 -378.201 -353.403 -317.484 -358.884 
-4 -315.257 -57 52 -374.121 -353.842 -317.484 -379.436 
-4 -315.345 -57 52 -374.121 -353.842 -317.484 -379.436 
FEATURES_TXT_END_0
FEATURES_TXT_BEGIN_0 21 95 8 Distortion0_0 LM0_0 WordPenalty0_0 PhrasePenalty0_0 TranslationModel0_0 TranslationModel0_1 TranslationModel0_2 TranslationModel0_3 
0 -134.965 -18 17 -91.0326 -92.3431 -88.3903 -111.73 
0 -131.108 -17 17 -93.5132 -92.0714 -88.3903 -100.905 
0 -133.077 -18 17 -92.7485 -91.2478 -85.948 -106.908 
0 -129.22 -17 17 -95.2291 -90.9761 -85.948 -96.0826 
0 -137.496 -18 17 -90.5857 -91.9987 -88.3903 -113.676 
0 -128.919 -19 17 -92.5142 -89.759 -89.7766 -114.723 
0 -133.638 -17 17 -93.0664 -91.727 -88.3903 -102.85 
0 -136.748 -19 17 -92.793 -91.2478 -89.0835 -106.913 
0 -136.453 -18 17 -90.1519 -92.4474 -88.3903 -112.829 
0 -125.062 -18 17 -94.9948 -89.4873 -89.7766 -103.897 
-3 -137.402 -18 17 -91.0326 -92.3431 -88.3903 -111.73 
0 -132.891 -18 17 -95.2736 -90.9761 -89.0835 -96.088 
0 -132.595 -17 17 -92.6325 -92.1757 -88.3903 -102.003 
0 -137.038 -18 17 -88.3245 -93.6802 -88.3903 -114.866 
0 -131.447 -17 17 -90.6952 -93.463 -88.3903 -104.46 
-3 -133.545 -17 17 -93.5132 -92.0714 -88.3903 -100.905 
-4 -134.504 -18 17 -91.0326 -92.3431 -88.3903 -111.73 
-4 -134.553 -18 17 -91.0326 -92.3431 -88.3903 -111.73 
-4 -134.63 -18 17 -91.0326 -92.3431 -88.3903 -111.73 
-4 -134.631 -18 17 -91.0326 -92.3431 -88.3903 -111.73 
-4 -134.965 -18 17 -91.0326 -92.3431 -88.3903 -111.73 
0 -130.407 -19 17 -91.6335 -89.8634 -89.7766 -115.821 
-4 -134.972 -18 17 -91.0326 -92.3431 -88.3903 -111.73 
-4 -135.584 -18 17 -91.0326 -92.3431 -88.3903 -111.73 
0 -133.181 -17 17 -90.8051 -93.4085 -88.3903 -104.04 
0 -137.974 -18 17 -89.5011 -92.751 -88.3903 -113.676 
-4 -135.955 -18 17 -91.0326 -92.3431 -88.3903 -111.73 
0 -129.1 -18 17 -91.8678 -91.3522 -85.948 -108.007 
0 -135.608 -18 17 -92.3016 -90.9034 -85.948 -108.853 
-4 -136.407 -18 17 -91.0326 -92.3431 -88.3903 -111.73 
0 -135.538 -18 17 -92.5253 -90.7021 -88.7958 -109.459 
0 -134.158 -18 17 -92.6914 -90.6787 -88.678 -108.59 
-4 -137.006 -18 17 -91.0326 -92.3431 -88.3903 -111.73 
0 -133.414 -18 17 -91.5324 -91.2708 -88.3903 -110.814 
-4 -130.385 -17 17 -93.5132 -92.0714 -88.3903 -100.905 
-4 -130.696 -17 17 -93.5132 -92.0714 -88.3903 -100.905 
-4 -130.773 -17 17 -93.5132 -92.0714 -88.3903 -100.905 
0 -133.65 -18 17 -94.2412 -89.6068 -86.3535 -104.637 
-4 -138.223 -18 17 -91.0326 -92.3431 -88.3903 -111.73 
-4 -138.299 -18 17 -91.0326 -92.3431 -88.3903 -111.73 
-4 -131.006 -17 17 -93.5132 -92.0714 -88.3903 -100.905 
-4 -131.108 -17 17 -93.5132 -92.0714 -88.3903 -100.905 
-4 -134.519 -18 17 -92.7485 -91.2478 -85.948 -106.908 
-4 -138.475 -18 17 -91.0326 -92.3431 -88.3903 -111.73 
-4 -138.477 -18 17 -91.0326 -92.3431 -88.3903 -111.73 
-4 -138.557 -18 17 -91.0326 -92.3431 -88.3903 -111.73 
-4 -131.537 -17 17 -93.5132 -92.0714 -88.3903 -100.905 
0 -134.116 -17 17 -91.9817 -92.4793 -88.3903 -102.85 
0 -127.032 -19 17 -94.2301 -88.6638 -87.3343 -109.9 
-4 -132.098 -17 17 -93.5132 -92.0714 -88.3903 -100.905 
0 -125.243 -17 17 -94.3484 -91.0805 -85.948 -97.1812 
0 -131.75 -17 17 -94.7823 -90.6317 -85.948 -98.028 
-4 -132.549 -17 17 -93.5132 -92.0714 -88.3903 -100.905 
0 -131.68 -17 17 -95.006 -90.4304 -88.7958 -98.6339 
0 -130.3 -17 17 -95.1721 -90.407 -88.678 -97.7644 
-4 -133.149 -17 17 -93.5132 -92.0714 -88.3903 -100.905 
0 -129.557 -17 17 -94.0131 -90.9991 -88.3903 -99.9885 
-4 -134.365 -17 17 -93.5132 -92.0714 -88.3903 -100.905 
-4 -134.442 -17 17 -93.5132 -92.0714 -88.3903 -100.905 
-4 -134.618 -17 17 -93.5132 -92.0714 -88.3903 -100.905 
-4 -134.619 -17 17 -93.5132 -92.0714 -88.3903 -100.905 
-4 -134.7 -17 17 -93.5132 -92.0714 -88.3903 -100.905 
0 -123.174 -18 17 -96.7107 -88.3921 -87.3343 -99.075 
-3 -135.515 -18 17 -92.7485 -91.2478 -85.948 -106.908 
0 -131.45 -19 17 -92.0673 -89.4146 -89.7766 -116.668 
0 -132.364 -19 17 -91.9123 -91.3522 -89.0835 -108.012 
0 -139.279 -19 17 -92.3461 -90.9034 -89.0835 -108.859 
0 -135.151 -18 17 -90.0404 -92.585 -85.948 -110.044 
0 -129.559 -17 17 -92.4111 -92.3678 -85.948 -99.6383 
-3 -131.657 -17 17 -95.2291 -90.9761 -85.948 -96.0826 
-5 -138.903 -18 17 -91.0326 -92.3431 -88.3903 -111.73 
0 -138.983 -18 17 -89.705 -92.103 -88.3903 -114.774 
-5 -139.215 -18 17 -91.0326 -92.3431 -88.3903 -111.73 
-4 -131.73 -18 17 -92.7485 -91.2478 -85.948 -106.908 
-4 -132.616 -18 17 -92.7485 -91.2478 -85.948 -106.908 
-4 -132.665 -18 17 -92.7485 -91.2478 -85.948 -106.908 
0 -127.592 -18 17 -94.548 -89.1429 -89.7766 -105.843 
-4 -132.743 -18 17 -92.7485 -91.2478 -85.948 -106.908 
-3 -139.933 -18 17 -90.5857 -91.9987 -88.3903 -113.676 
-6 -132.917 -18 17 -91.0326 -92.3431 -88.3903 -111.73 
-4 -133.077 -18 17 -92.7485 -91.2478 -85.948 -106.908 
-6 -133.984 -18 17 -91.0326 -92.3431 -88.3903 -111.73 
0 -128.506 -18 17 -94.3929 -91.0805 -89.0835 -97.1866 
-4 -133.084 -18 17 -92.7485 -91.2478 -85.948 -106.908 
-4 -133.122 -18 17 -92.7485 -91.2478 -85.948 -106.908 
-4 -133.204 -18 17 -92.7485 -91.2478 -85.948 -106.908 
-4 -133.385 -18 17 -92.7485 -91.2478 -85.948 -106.908 
0 -130.702 -20 17 -94.2746 -88.6638 -90.4698 -109.906 
0 -135.421 -18 17 -94.8268 -90.6317 -89.0835 -98.0335 
-4 -133.696 -18 17 -92.7485 -91.2478 -85.948 -106.908 
0 -131.293 -17 17 -92.521 -92.3133 -85.948 -99.2181 
0 -136.086 -18 17 -91.217 -91.6558 -85.948 -108.853 
-6 -133.889 -18 17 -91.0326 -92.3431 -88.3903 -111.73 
-6 -133.92 -18 17 -91.0326 -92.3431 -88.3903 -111.73 
-4 -134.068 -18 17 -92.7485 -91.2478 -85.948 -106.908 
FEATURES_TXT_END_0
FEATURES_TXT_BEGIN_0 22 99 8 Distortion0_0 LM0_0 WordPenalty0_0 PhrasePenalty0_0 TranslationModel0_0 TranslationModel0_1 TranslationModel0_2 TranslationModel0_3 
0 -249.306 -38 36 -232.118 -236.352 -237.048 -287.448 
0 -244.065 -37 36 -234.598 -236.08 -237.048 -276.623 
0 -244.111 -37 36 -234.598 -236.08 -237.048 -276.623 
0 -249.152 -38 36 -232.399 -236.22 -236.355 -286.35 
0 -238.87 -36 36 -237.079 -235.809 -237.048 -265.798 
0 -243.911 -37 36 -234.88 -235.948 -236.355 -275.524 
0 -243.957 -37 36 -234.88 -235.948 -236.355 -275.524 
0 -238.716 -36 36 -237.36 -235.676 -236.355 -264.699 
0 -248.585 -38 36 -233.982 -234.768 -237.048 -285.551 
0 -243.344 -37 36 -236.463 -234.496 -237.048 -274.726 
0 -243.39 -37 36 -236.463 -234.496 -237.048 -274.726 
0 -248.43 -38 36 -234.263 -234.636 -236.355 -284.453 
0 -244.852 -38 36 -233.834 -235.257 -234.605 -282.626 
0 -252.932 -38 36 -229.705 -237.817 -237.741 -290.745 
0 -238.149 -36 36 -238.943 -234.225 -237.048 -263.9 
0 -243.19 -37 36 -236.744 -234.364 -236.355 -273.627 
0 -243.235 -37 36 -236.744 -234.364 -236.355 -273.627 
0 -239.611 -37 36 -236.314 -234.985 -234.605 -271.801 
0 -239.657 -37 36 -236.314 -234.985 -234.605 -271.801 
0 -244.697 -38 36 -234.115 -235.125 -233.912 -281.528 
0 -247.692 -37 36 -232.186 -237.545 -237.741 -279.919 
0 -247.737 -37 36 -232.186 -237.545 -237.741 -279.919 
0 -252.778 -38 36 -229.987 -237.685 -237.048 -289.646 
0 -237.995 -36 36 -239.225 -234.093 -236.355 -262.802 
0 -234.416 -36 36 -238.795 -234.713 -234.605 -260.975 
0 -239.456 -37 36 -236.596 -234.853 -233.912 -270.702 
0 -239.502 -37 36 -236.596 -234.853 -233.912 -270.702 
0 -242.497 -36 36 -234.667 -237.273 -237.741 -269.094 
0 -247.537 -37 36 -232.467 -237.413 -237.048 -278.82 
0 -247.583 -37 36 -232.467 -237.413 -237.048 -278.82 
0 -245.327 -39 36 -233.878 -235.257 -237.741 -282.632 
0 -251.144 -38 36 -231.992 -236.205 -237.048 -287.043 
0 -234.261 -36 36 -239.076 -234.581 -233.912 -259.877 
0 -242.342 -36 36 -234.948 -237.141 -237.048 -267.995 
0 -251.837 -38 36 -231.671 -236.008 -237.048 -289.394 
0 -240.086 -38 36 -236.359 -234.985 -237.741 -271.806 
0 -240.132 -38 36 -236.359 -234.985 -237.741 -271.806 
0 -244.13 -38 36 -235.698 -233.673 -234.605 -280.729 
0 -248.473 -38 36 -232.954 -235.66 -235.949 -284.519 
0 -245.172 -39 36 -234.16 -235.125 -237.048 -281.533 
0 -245.903 -37 36 -234.473 -235.933 -237.048 -276.218 
0 -252.152 -38 36 -231.008 -236.814 -237.741 -288.665 
0 -245.949 -37 36 -234.473 -235.933 -237.048 -276.218 
0 -250.99 -38 36 -232.273 -236.073 -236.355 -285.944 
0 -252.211 -38 36 -231.57 -236.233 -237.741 -288.847 
0 -246.475 -37 36 -234.152 -235.736 -237.048 -278.568 
0 -246.642 -37 36 -234.152 -235.736 -237.048 -278.568 
0 -251.682 -38 36 -231.952 -235.875 -236.355 -288.295 
0 -234.891 -37 36 -238.839 -234.713 -237.741 -260.981 
0 -238.889 -37 36 -238.179 -233.401 -234.605 -269.904 
0 -243.232 -37 36 -235.435 -235.388 -235.949 -273.694 
0 -238.935 -37 36 -238.179 -233.401 -234.605 -269.904 
0 -243.278 -37 36 -235.435 -235.388 -235.949 -273.694 
0 -239.931 -38 36 -236.64 -234.853 -237.048 -270.708 
0 -239.977 -38 36 -236.64 -234.853 -237.048 -270.708 
0 -246.911 -37 36 -233.489 -236.542 -237.741 -277.839 
0 -240.708 -36 36 -236.953 -235.662 -237.048 -265.392 
0 -243.976 -38 36 -235.979 -233.541 -233.912 -279.631 
0 -246.957 -37 36 -233.489 -236.542 -237.741 -277.839 
0 -248.319 -38 36 -233.236 -235.528 -235.256 -283.421 
0 -245.749 -37 36 -234.754 -235.801 -236.355 -275.119 
0 -251.998 -38 36 -231.29 -236.682 -237.048 -287.566 
0 -245.795 -37 36 -234.754 -235.801 -236.355 -275.119 
0 -246.97 -37 36 -234.05 -235.961 -237.741 -278.022 
0 -247.016 -37 36 -234.05 -235.961 -237.741 -278.022 
0 -252.057 -38 36 -231.851 -236.101 -237.048 -287.749 
0 -248.478 -38 36 -231.421 -236.721 -235.299 -285.922 
0 -241.28 -36 36 -236.632 -235.464 -237.048 -267.743 
-3 -249.107 -38 36 -232.118 -236.352 -237.048 -287.448 
0 -246.321 -37 36 -234.433 -235.604 -236.355 -277.47 
0 -246.487 -37 36 -234.433 -235.604 -236.355 -277.47 
0 -233.694 -36 36 -240.659 -233.129 -234.605 -259.078 
0 -238.037 -36 36 -237.916 -235.116 -235.949 -262.868 
0 -234.737 -37 36 -239.121 -234.581 -237.048 -259.882 
0 -238.735 -37 36 -238.46 -233.269 -233.912 -268.805 
0 -241.716 -36 36 -235.97 -236.271 -237.741 -267.014 
0 -243.078 -37 36 -235.717 -235.256 -235.256 -272.595 
0 -238.781 -37 36 -238.46 -233.269 -233.912 -268.805 
0 -243.124 -37 36 -235.717 -235.256 -235.256 -272.595 
0 -246.757 -37 36 -233.77 -236.41 -237.048 -276.741 
0 -240.554 -36 36 -237.235 -235.529 -236.355 -264.294 
0 -246.803 -37 36 -233.77 -236.41 -237.048 -276.741 
0 -241.775 -36 36 -236.531 -235.689 -237.741 -267.197 
0 -246.816 -37 36 -234.332 -235.829 -237.048 -276.923 
-4 -242.887 -38 36 -232.118 -236.352 -237.048 -287.448 
0 -241.621 -36 36 -236.812 -235.557 -237.048 -266.098 
0 -246.862 -37 36 -234.332 -235.829 -237.048 -276.923 
0 -243.237 -37 36 -233.902 -236.45 -235.299 -275.097 
0 -243.283 -37 36 -233.902 -236.45 -235.299 -275.097 
0 -248.323 -38 36 -231.703 -236.589 -234.605 -284.824 
-3 -243.866 -37 36 -234.598 -236.08 -237.048 -276.623 
-3 -243.912 -37 36 -234.598 -236.08 -237.048 -276.623 
0 -241.126 -36 36 -236.914 -235.332 -236.355 -266.644 
0 -244.605 -39 36 -235.742 -233.673 -237.741 -280.735 
-3 -248.953 -38 36 -232.399 -236.22 -236.355 -286.35 
0 -250.422 -38 36 -233.856 -234.621 -237.048 -285.146 
0 -233.54 -36 36 -240.941 -232.997 -233.912 -257.98 
0 -237.883 -36 36 -238.197 -234.984 -235.256 -261.77 
0 -241.562 -36 36 -236.251 -236.139 -237.048 -265.915 
FEATURES_TXT_END_0
FEATURES_TXT_BEGIN_0 23 100 8 Distortion0_0 LM0_0 WordPenalty0_0 PhrasePenalty0_0 TranslationModel0_0 TranslationModel0_1 TranslationModel0_2 TranslationModel0_3 
0 -425.24 -68 62 -424.926 -435.643 -383.323 -513.246 
0 -417.979 -67 62 -427.406 -435.372 -383.323 -502.421 
0 -418.856 -67 62 -427.406 -435.372 -383.323 -502.421 
0 -411.594 -66 62 -429.887 -435.1 -383.323 -491.596 
0 -420.127 -67 62 -427.406 -435.372 -383.323 -502.421 
0 -412.866 -66 62 -429.887 -435.1 -383.323 -491.596 
0 -413.742 -66 62 -429.887 -435.1 -383.323 -491.596 
0 -406.481 -65 62 -432.368 -434.828 -383.323 -480.77 
0 -422.055 -67 62 -427.406 -435.372 -383.323 -502.421 
0 -414.793 -66 62 -429.887 -435.1 -383.323 -491.596 
0 -422.383 -67 62 -427.406 -435.372 -383.323 -502.421 
0 -415.121 -66 62 -429.887 -435.1 -383.323 -491.596 
0 -415.67 -66 62 -429.887 -435.1 -383.323 -491.596 
0 -408.409 -65 62 -432.368 -434.828 -383.323 -480.77 
0 -415.998 -66 62 -429.887 -435.1 -383.323 -491.596 
0 -408.737 -65 62 -432.368 -434.828 -383.323 -480.77 
0 -416.942 -66 62 -429.887 -435.1 -383.323 -491.596 
0 -409.68 -65 62 -432.368 -434.828 -383.323 -480.77 
0 -417.269 -66 62 -429.887 -435.1 -383.323 -491.596 
0 -410.008 -65 62 -432.368 -434.828 -383.323 -480.77 
0 -410.557 -65 62 -432.368 -434.828 -383.323 -480.77 
0 -403.295 -64 62 -434.848 -434.556 -383.323 -469.945 
0 -410.885 -65 62 -432.368 -434.828 -383.323 -480.77 
0 -403.623 -64 62 -434.848 -434.556 -383.323 -469.945 
0 -419.197 -66 62 -429.887 -435.1 -383.323 -491.596 
0 -411.936 -65 62 -432.368 -434.828 -383.323 -480.77 
0 -419.055 -68 62 -426.642 -434.548 -380.881 -508.424 
0 -411.794 -67 62 -429.122 -434.276 -380.881 -497.599 
0 -412.812 -65 62 -432.368 -434.828 -383.323 -480.77 
0 -405.551 -64 62 -434.848 -434.556 -383.323 -469.945 
0 -412.67 -67 62 -429.122 -434.276 -380.881 -497.599 
0 -405.409 -66 62 -431.603 -434.005 -380.881 -486.773 
0 -414.084 -65 62 -432.368 -434.828 -383.323 -480.77 
0 -406.822 -64 62 -434.848 -434.556 -383.323 -469.945 
0 -413.942 -67 62 -429.122 -434.276 -380.881 -497.599 
0 -406.681 -66 62 -431.603 -434.005 -380.881 -486.773 
0 -407.699 -64 62 -434.848 -434.556 -383.323 -469.945 
0 -400.438 -63 62 -437.329 -434.285 -383.323 -459.119 
0 -426.141 -68 62 -424.232 -435.84 -382.63 -514.094 
0 -418.88 -67 62 -426.712 -435.568 -382.63 -503.268 
0 -407.557 -66 62 -431.603 -434.005 -380.881 -486.773 
0 -400.296 -65 62 -434.084 -433.733 -380.881 -475.948 
0 -416.635 -69 62 -426.686 -434.548 -384.016 -508.43 
0 -409.374 -68 62 -429.167 -434.276 -384.016 -497.604 
0 -419.756 -67 62 -426.712 -435.568 -382.63 -503.268 
0 -412.495 -66 62 -429.193 -435.297 -382.63 -492.443 
0 -415.87 -67 62 -429.122 -434.276 -380.881 -497.599 
0 -408.608 -66 62 -431.603 -434.005 -380.881 -486.773 
0 -410.251 -68 62 -429.167 -434.276 -384.016 -497.604 
0 -402.989 -67 62 -431.648 -434.005 -384.016 -486.779 
0 -416.198 -67 62 -429.122 -434.276 -380.881 -497.599 
0 -408.936 -66 62 -431.603 -434.005 -380.881 -486.773 
0 -409.485 -66 62 -431.603 -434.005 -380.881 -486.773 
0 -402.223 -65 62 -434.084 -433.733 -380.881 -475.948 
0 -421.028 -67 62 -426.712 -435.568 -382.63 -503.268 
0 -413.767 -66 62 -429.193 -435.297 -382.63 -492.443 
0 -409.813 -66 62 -431.603 -434.005 -380.881 -486.773 
0 -402.551 -65 62 -434.084 -433.733 -380.881 -475.948 
0 -411.522 -68 62 -429.167 -434.276 -384.016 -497.604 
0 -404.261 -67 62 -431.648 -434.005 -384.016 -486.779 
0 -414.643 -66 62 -429.193 -435.297 -382.63 -492.443 
0 -407.382 -65 62 -431.674 -435.025 -382.63 -481.617 
0 -410.756 -66 62 -431.603 -434.005 -380.881 -486.773 
0 -403.495 -65 62 -434.084 -433.733 -380.881 -475.948 
0 -405.137 -67 62 -431.648 -434.005 -384.016 -486.779 
0 -397.876 -66 62 -434.128 -433.733 -384.016 -475.953 
0 -411.084 -66 62 -431.603 -434.005 -380.881 -486.773 
0 -403.823 -65 62 -434.084 -433.733 -380.881 -475.948 
0 -422.956 -67 62 -426.712 -435.568 -382.63 -503.268 
0 -415.694 -66 62 -429.193 -435.297 -382.63 -492.443 
0 -404.372 -65 62 -434.084 -433.733 -380.881 -475.948 
0 -397.11 -64 62 -436.564 -433.461 -380.881 -465.123 
0 -423.283 -67 62 -426.712 -435.568 -382.63 -503.268 
0 -413.45 -68 62 -429.167 -434.276 -384.016 -497.604 
0 -416.022 -66 62 -429.193 -435.297 -382.63 -492.443 
0 -406.188 -67 62 -431.647 -434.005 -384.016 -486.779 
0 -404.7 -65 62 -434.084 -433.733 -380.881 -475.948 
0 -397.438 -64 62 -436.564 -433.461 -380.881 -465.123 
0 -413.778 -68 62 -429.167 -434.276 -384.016 -497.604 
0 -406.516 -67 62 -431.648 -434.005 -384.016 -486.779 
0 -429.566 -68 62 -422.285 -437.337 -383.323 -515.811 
0 -422.305 -67 62 -424.765 -437.065 -383.323 -504.986 
0 -416.571 -66 62 -429.193 -435.297 -382.63 -492.443 
0 -409.309 -65 62 -431.674 -435.025 -382.63 -481.618 
0 -416.899 -66 62 -429.193 -435.297 -382.63 -492.443 
0 -407.065 -67 62 -431.647 -434.005 -384.016 -486.779 
0 -409.637 -65 62 -431.674 -435.025 -382.63 -481.617 
0 -399.804 -66 62 -434.128 -433.733 -384.016 -475.954 
0 -413.012 -66 62 -431.603 -434.005 -380.881 -486.773 
0 -405.75 -65 62 -434.084 -433.733 -380.881 -475.948 
0 -407.393 -67 62 -431.648 -434.005 -384.016 -486.779 
0 -400.131 -66 62 -434.128 -433.733 -384.016 -475.953 
0 -423.181 -67 62 -424.765 -437.065 -383.323 -504.986 
0 -415.92 -66 62 -427.246 -436.794 -383.323 -494.16 
0 -426.227 -68 62 -424.957 -435.454 -383.323 -512.148 
0 -418.965 -67 62 -427.437 -435.182 -383.323 -501.322 
0 -417.842 -66 62 -429.193 -435.297 -382.63 -492.443 
0 -427.594 -68 62 -424.479 -435.299 -383.323 -515.192 
0 -410.581 -65 62 -431.674 -435.025 -382.63 -481.617 
0 -420.332 -67 62 -426.96 -435.027 -383.323 -504.366 
FEATURES_TXT_END_0
FEATURES_TXT_BEGIN_0 24 95 8 Distortion0_0 LM0_0 WordPenalty0_0 PhrasePenalty0_0 TranslationModel0_0 TranslationModel0_1 TranslationModel0_2 TranslationModel0_3 
0 -376.654 -51 51 -318.937 -328.494 -305.729 -346.265 
0 -376.79 -51 51 -318.888 -328.268 -305.729 -346.783 
0 -369.597 -51 51 -320.653 -327.399 -303.287 -341.443 
0 -370.073 -51 51 -320.653 -327.399 -303.287 -341.443 
0 -379.877 -51 51 -318.888 -328.268 -305.729 -346.783 
0 -373.591 -51 51 -319.85 -327.531 -306.828 -345.061 
0 -374.079 -51 51 -319.85 -327.531 -306.828 -345.061 
0 -369.733 -51 51 -320.603 -327.173 -303.287 -341.961 
0 -371.365 -52 51 -320.697 -327.399 -306.422 -341.448 
0 -376.967 -51 51 -318.811 -328.347 -305.729 -345.859 
0 -370.209 -51 51 -320.603 -327.173 -303.287 -341.961 
0 -376.965 -51 51 -318.999 -328.665 -305.036 -343.269 
0 -372.302 -52 51 -320.698 -327.399 -306.422 -341.448 
0 -363.015 -51 51 -322.369 -326.304 -300.844 -336.62 
0 -377.993 -51 51 -318.49 -328.15 -305.729 -348.21 
0 -380.013 -51 51 -318.838 -328.042 -305.729 -347.302 
0 -372.819 -51 51 -320.603 -327.173 -303.287 -341.961 
0 -373.732 -51 51 -320.603 -327.173 -303.287 -341.961 
0 -378.723 -51 51 -319.85 -327.531 -306.828 -345.061 
0 -373.727 -51 51 -319.8 -327.305 -306.828 -345.579 
0 -374.215 -51 51 -319.8 -327.305 -306.828 -345.579 
-3 -376.602 -51 51 -318.937 -328.494 -305.729 -346.265 
0 -366.534 -51 51 -321.565 -326.436 -304.385 -340.239 
0 -371.501 -52 51 -320.648 -327.173 -306.422 -341.967 
0 -377.103 -51 51 -318.762 -328.121 -305.729 -346.378 
0 -367.01 -51 51 -321.565 -326.436 -304.385 -340.239 
0 -367.022 -51 51 -321.565 -326.436 -304.385 -340.239 
0 -377.101 -51 51 -318.95 -328.439 -305.036 -343.788 
0 -364.308 -52 51 -322.413 -326.304 -303.98 -336.626 
0 -367.498 -51 51 -321.565 -326.436 -304.385 -340.239 
0 -372.438 -52 51 -320.648 -327.173 -306.422 -341.967 
0 -369.91 -51 51 -320.527 -327.252 -303.287 -341.037 
0 -363.151 -51 51 -322.319 -326.078 -300.844 -337.139 
-4 -370.255 -51 51 -318.937 -328.494 -305.729 -346.265 
0 -369.908 -51 51 -320.715 -327.57 -302.594 -338.447 
0 -370.386 -51 51 -320.527 -327.252 -303.287 -341.037 
0 -378.129 -51 51 -318.441 -327.924 -305.729 -348.729 
0 -370.384 -51 51 -320.715 -327.57 -302.594 -338.447 
0 -376.814 -51 51 -319.8 -327.305 -306.828 -345.579 
0 -365.72 -52 51 -322.413 -326.304 -303.98 -336.626 
-4 -371.273 -51 51 -318.937 -328.494 -305.729 -346.265 
0 -370.936 -51 51 -320.206 -327.055 -303.287 -343.388 
0 -377.302 -51 51 -319.8 -327.305 -306.828 -345.579 
-4 -371.702 -51 51 -318.937 -328.494 -305.729 -346.265 
0 -371.412 -51 51 -320.206 -327.055 -303.287 -343.388 
0 -372.955 -51 51 -320.554 -326.947 -303.287 -342.48 
0 -380.19 -51 51 -318.762 -328.121 -305.729 -346.378 
-4 -372.527 -51 51 -318.937 -328.494 -305.729 -346.265 
0 -380.188 -51 51 -318.95 -328.439 -305.036 -343.788 
0 -373.868 -51 51 -320.554 -326.947 -303.287 -342.48 
0 -375.524 -52 51 -320.648 -327.173 -306.422 -341.967 
-4 -373.058 -51 51 -318.937 -328.494 -305.729 -346.265 
-4 -373.06 -51 51 -318.937 -328.494 -305.729 -346.265 
0 -378.859 -51 51 -319.8 -327.305 -306.828 -345.579 
0 -375.719 -52 51 -320.648 -327.173 -306.422 -341.967 
0 -381.216 -51 51 -318.441 -327.924 -305.729 -348.729 
0 -366.675 -51 51 -322.319 -326.078 -300.844 -337.139 
0 -371.665 -51 51 -321.565 -326.436 -304.385 -340.239 
-4 -374.141 -51 51 -318.937 -328.494 -305.729 -346.265 
-4 -374.211 -51 51 -318.937 -328.494 -305.729 -346.265 
0 -371.584 -51 51 -320.596 -326.83 -306.017 -343.124 
0 -372.142 -51 51 -321.565 -326.436 -304.385 -340.239 
-4 -374.896 -51 51 -318.937 -328.494 -305.729 -346.265 
-4 -374.938 -51 51 -318.937 -328.494 -305.729 -346.265 
-4 -376.902 -51 51 -318.937 -328.494 -305.729 -346.265 
-4 -375.128 -51 51 -318.937 -328.494 -305.729 -346.265 
0 -368.79 -52 51 -321.61 -326.436 -307.521 -340.244 
-4 -375.281 -51 51 -318.937 -328.494 -305.729 -346.265 
-4 -375.334 -51 51 -318.937 -328.494 -305.729 -346.265 
-4 -375.372 -51 51 -318.937 -328.494 -305.729 -346.265 
0 -378.614 -51 51 -317.876 -328.628 -306.422 -347.651 
-4 -375.516 -51 51 -318.937 -328.494 -305.729 -346.265 
0 -372.834 -51 51 -320.596 -326.83 -306.017 -343.124 
-4 -375.58 -51 51 -318.937 -328.494 -305.729 -346.265 
-4 -375.665 -51 51 -318.937 -328.494 -305.729 -346.265 
-4 -375.767 -51 51 -318.937 -328.494 -305.729 -346.265 
-4 -375.817 -51 51 -318.937 -328.494 -305.729 -346.265 
0 -371.017 -51 51 -320.762 -326.568 -307.926 -343.857 
-4 -375.917 -51 51 -318.937 -328.494 -305.729 -346.265 
0 -367.158 -51 51 -321.516 -326.21 -304.385 -340.757 
-4 -375.971 -51 51 -318.937 -328.494 -305.729 -346.265 
-4 -376.027 -51 51 -318.937 -328.494 -305.729 -346.265 
-4 -376.172 -51 51 -318.937 -328.494 -305.729 -346.265 
0 -381.946 -51 51 -319.8 -327.305 -306.828 -345.579 
0 -378.472 -51 51 -317.406 -328.902 -305.729 -348.21 
-3 -376.738 -51 51 -318.888 -328.268 -305.729 -346.783 
0 -366.67 -51 51 -321.516 -326.21 -304.385 -340.757 
0 -368.302 -52 51 -321.61 -326.436 -307.521 -340.244 
-4 -376.511 -51 51 -318.937 -328.494 -305.729 -346.265 
0 -373.904 -51 51 -319.724 -327.384 -306.828 -344.655 
-4 -376.592 -51 51 -318.937 -328.494 -305.729 -346.265 
-4 -376.632 -51 51 -318.937 -328.494 -305.729 -346.265 
-4 -376.654 -51 51 -318.937 -328.494 -305.729 -346.265 
0 -367.146 -51 51 -321.516 -326.21 -304.385 -340.757 
-4 -376.669 -51 51 -318.937 -328.494 -305.729 -346.265 
FEATURES_TXT_END_0
FEATURES_TXT_BEGIN_0 25 100 8 Distortion0_0 LM0_0 WordPenalty0_0 PhrasePenalty0_0 TranslationModel0_0 TranslationModel0_1 TranslationModel0_2 TranslationModel0_3 
0 -367.112 -56 52 -344.911 -360.119 -334.624 -404.149 
0 -365.06 -56 52 -345.192 -359.987 -333.931 -403.05 
0 -364.72 -55 52 -347.392 -359.847 -334.624 -393.323 
0 -365.134 -55 52 -347.392 -359.847 -334.624 -393.323 
0 -362.668 -55 52 -347.673 -359.715 -333.931 -392.225 
0 -363.083 -55 52 -347.673 -359.715 -333.931 -392.225 
0 -364.187 -56 52 -345.104 -359.957 -333.931 -402.896 
0 -362.135 -56 52 -345.385 -359.825 -333.237 -401.797 
0 -360.911 -56 52 -346.627 -359.024 -332.181 -399.327 
0 -358.859 -56 52 -346.908 -358.891 -331.488 -398.228 
0 -361.98 -56 52 -346.627 -359.024 -332.181 -399.327 
0 -362.743 -54 52 -349.872 -359.575 -334.624 -382.498 
0 -359.928 -56 52 -346.908 -358.891 -331.488 -398.228 
0 -360.691 -54 52 -350.154 -359.443 -333.931 -381.399 
0 -361.796 -55 52 -347.585 -359.686 -333.931 -392.071 
0 -362.21 -55 52 -347.585 -359.686 -333.931 -392.071 
0 -359.744 -55 52 -347.866 -359.554 -333.237 -390.972 
0 -360.952 -56 52 -345.823 -359.155 -335.722 -402.945 
0 -360.158 -55 52 -347.866 -359.553 -333.237 -390.972 
0 -358.9 -56 52 -346.105 -359.023 -335.029 -401.846 
0 -358.519 -55 52 -349.107 -358.752 -332.181 -388.501 
0 -358.934 -55 52 -349.108 -358.752 -332.181 -388.501 
0 -356.467 -55 52 -349.389 -358.62 -331.488 -387.403 
0 -356.882 -55 52 -349.389 -358.62 -331.488 -387.403 
0 -359.588 -55 52 -349.107 -358.752 -332.181 -388.501 
0 -357.986 -56 52 -346.82 -358.862 -331.488 -398.074 
0 -360.003 -55 52 -349.107 -358.752 -332.181 -388.501 
0 -357.536 -55 52 -349.389 -358.62 -331.488 -387.403 
0 -355.935 -56 52 -347.101 -358.73 -330.795 -396.975 
0 -362.049 -57 52 -346.671 -359.024 -335.317 -399.332 
0 -357.951 -55 52 -349.389 -358.62 -331.488 -387.403 
0 -359.056 -56 52 -346.82 -358.862 -331.488 -398.074 
0 -359.818 -54 52 -350.065 -359.414 -333.931 -381.245 
0 -359.997 -57 52 -346.953 -358.891 -334.624 -398.234 
0 -358.56 -55 52 -348.304 -358.884 -335.722 -392.119 
0 -357.004 -56 52 -347.101 -358.73 -330.795 -396.975 
0 -357.766 -54 52 -350.347 -359.282 -333.237 -380.147 
0 -358.975 -55 52 -348.304 -358.884 -335.722 -392.119 
0 -356.508 -55 52 -348.585 -358.752 -335.029 -391.021 
0 -356.923 -55 52 -348.585 -358.752 -335.029 -391.021 
0 -358.028 -56 52 -346.017 -358.994 -335.029 -401.692 
0 -365.386 -56 52 -345.748 -359.427 -333.525 -401.22 
0 -355.976 -56 52 -346.298 -358.862 -334.336 -400.593 
0 -365.526 -56 52 -345.803 -359.498 -333.931 -400.715 
0 -363.334 -56 52 -346.029 -359.295 -332.832 -400.121 
0 -366.085 -56 52 -345.748 -359.427 -333.525 -401.22 
0 -363.474 -56 52 -346.084 -359.366 -333.237 -399.616 
0 -355.779 -56 52 -348.343 -357.928 -329.739 -394.505 
0 -356.542 -54 52 -351.588 -358.48 -332.181 -377.676 
0 -364.033 -56 52 -346.029 -359.294 -332.832 -400.121 
0 -353.727 -56 52 -348.624 -357.796 -329.046 -393.406 
0 -354.49 -54 52 -351.87 -358.348 -331.488 -376.577 
0 -366.084 -57 52 -346.671 -359.024 -335.317 -399.332 
0 -355.595 -55 52 -349.301 -358.59 -331.488 -387.248 
0 -357.611 -54 52 -351.588 -358.48 -332.181 -377.676 
0 -364.033 -57 52 -346.953 -358.891 -334.624 -398.234 
0 -356.009 -55 52 -349.301 -358.59 -331.488 -387.249 
0 -353.543 -55 52 -349.582 -358.458 -330.795 -386.15 
0 -359.657 -56 52 -349.152 -358.752 -335.317 -388.507 
0 -354.751 -56 52 -347.539 -358.06 -333.28 -398.123 
0 -355.559 -54 52 -351.87 -358.348 -331.488 -376.577 
0 -353.957 -55 52 -349.582 -358.458 -330.795 -386.15 
0 -356.664 -55 52 -349.301 -358.59 -331.488 -387.248 
0 -360.072 -56 52 -349.152 -358.752 -335.317 -388.507 
0 -357.605 -56 52 -349.433 -358.62 -334.624 -387.408 
0 -352.699 -56 52 -347.821 -357.928 -332.587 -397.024 
0 -357.078 -55 52 -349.301 -358.59 -331.488 -387.249 
0 -354.612 -55 52 -349.582 -358.458 -330.795 -386.15 
0 -358.02 -56 52 -349.433 -358.62 -334.624 -387.408 
0 -355.82 -56 52 -347.539 -358.06 -333.28 -398.123 
0 -356.583 -54 52 -350.785 -358.612 -335.722 -381.294 
0 -359.124 -57 52 -346.864 -358.862 -334.624 -398.079 
-3 -366.187 -56 52 -344.911 -360.119 -334.624 -404.149 
0 -355.026 -55 52 -349.582 -358.458 -330.795 -386.15 
0 -353.768 -56 52 -347.821 -357.928 -332.587 -397.024 
0 -354.531 -54 52 -351.066 -358.48 -335.029 -380.195 
0 -357.073 -57 52 -347.146 -358.73 -333.931 -396.981 
-3 -364.135 -56 52 -345.192 -359.987 -333.931 -403.05 
0 -355.636 -55 52 -348.497 -358.722 -335.029 -390.867 
0 -356.05 -55 52 -348.497 -358.722 -335.029 -390.867 
0 -362.994 -55 52 -348.228 -359.155 -333.525 -390.394 
0 -353.584 -55 52 -348.779 -358.59 -334.336 -389.768 
0 -363.134 -55 52 -348.283 -359.227 -333.931 -389.889 
0 -363.409 -55 52 -348.228 -359.155 -333.525 -390.394 
0 -353.998 -55 52 -348.779 -358.59 -334.336 -389.768 
0 -360.942 -55 52 -348.51 -359.023 -332.832 -389.296 
0 -363.548 -55 52 -348.283 -359.227 -333.931 -389.89 
0 -363.693 -55 52 -348.228 -359.155 -333.525 -390.394 
0 -361.082 -55 52 -348.565 -359.094 -333.237 -388.791 
0 -361.357 -55 52 -348.51 -359.023 -332.832 -389.296 
0 -353.387 -55 52 -350.823 -357.657 -329.739 -383.679 
0 -364.107 -55 52 -348.228 -359.155 -333.525 -390.394 
0 -361.497 -55 52 -348.565 -359.094 -333.237 -388.791 
0 -361.641 -55 52 -348.51 -359.023 -332.832 -389.296 
0 -362.461 -56 52 -345.941 -359.265 -332.832 -399.967 
0 -353.802 -55 52 -350.823 -357.657 -329.739 -383.679 
0 -362.601 -56 52 -345.996 -359.337 -333.237 -399.462 
0 -351.335 -55 52 -351.105 -357.524 -329.046 -382.581 
0 -363.693 -56 52 -349.152 -358.752 -335.317 -388.507 
0 -362.056 -55 52 -348.51 -359.023 -332.832 -389.296 
FEATURES_TXT_END_0
FEATURES_TXT_BEGIN_0 26 100 8 Distortion0_0 LM0_0 WordPenalty0_0 PhrasePenalty0_0 TranslationModel0_0 TranslationModel0_1 TranslationModel0_2 TranslationModel0_3 
0 -294.621 -50 47 -341.252 -315.646 -278.096 -338.672 
0 -288.622 -49 47 -343.733 -315.374 -278.096 -327.847 
0 -288.847 -49 47 -343.733 -315.374 -278.096 -327.847 
0 -282.847 -48 47 -346.214 -315.103 -278.096 -317.021 
0 -290.566 -49 47 -343.733 -315.374 -278.096 -327.847 
0 -284.566 -48 47 -346.214 -315.103 -278.096 -317.021 
0 -284.792 -48 47 -346.214 -315.103 -278.096 -317.021 
0 -278.792 -47 47 -348.694 -314.831 -278.096 -306.196 
0 -293.95 -50 47 -340.202 -316.459 -278.884 -339.009 
0 -287.95 -49 47 -342.683 -316.187 -278.884 -328.183 
0 -288.175 -49 47 -342.683 -316.187 -278.884 -328.183 
0 -282.176 -48 47 -345.163 -315.915 -278.884 -317.358 
0 -289.894 -49 47 -342.683 -316.187 -278.884 -328.183 
0 -289.322 -50 47 -342.968 -314.551 -275.653 -333.85 
0 -290.155 -50 47 -342.968 -314.551 -275.653 -333.85 
0 -283.895 -48 47 -345.163 -315.915 -278.884 -317.358 
0 -284.12 -48 47 -345.163 -315.915 -278.884 -317.358 
0 -283.323 -49 47 -345.449 -314.279 -275.653 -323.025 
0 -283.548 -49 47 -345.449 -314.279 -275.653 -323.025 
0 -284.155 -49 47 -345.449 -314.279 -275.653 -323.025 
0 -284.38 -49 47 -345.449 -314.279 -275.653 -323.025 
0 -278.12 -47 47 -347.644 -315.643 -278.884 -306.532 
0 -277.548 -48 47 -347.93 -314.007 -275.653 -312.199 
0 -285.267 -49 47 -345.449 -314.279 -275.653 -323.025 
0 -278.381 -48 47 -347.93 -314.007 -275.653 -312.199 
0 -286.099 -49 47 -345.449 -314.279 -275.653 -323.025 
0 -279.267 -48 47 -347.93 -314.007 -275.653 -312.199 
0 -279.493 -48 47 -347.93 -314.007 -275.653 -312.199 
0 -280.1 -48 47 -347.93 -314.007 -275.653 -312.199 
0 -280.325 -48 47 -347.93 -314.007 -275.653 -312.199 
0 -273.493 -47 47 -350.41 -313.736 -275.653 -301.374 
0 -288.651 -50 47 -341.918 -315.363 -276.442 -334.187 
0 -274.325 -47 47 -350.41 -313.736 -275.653 -301.374 
0 -289.483 -50 47 -341.918 -315.363 -276.442 -334.187 
0 -282.651 -49 47 -344.399 -315.092 -276.442 -323.361 
0 -282.876 -49 47 -344.399 -315.092 -276.442 -323.361 
0 -291.571 -51 47 -343.013 -314.551 -278.789 -333.856 
0 -283.483 -49 47 -344.399 -315.092 -276.442 -323.361 
0 -283.708 -49 47 -344.399 -315.092 -276.442 -323.361 
0 -276.877 -48 47 -346.879 -314.82 -276.442 -312.536 
0 -296.579 -51 47 -338.553 -316.58 -280.493 -345.274 
0 -285.572 -50 47 -345.493 -314.279 -278.789 -323.03 
0 -292.96 -51 47 -343.013 -314.551 -278.789 -333.856 
0 -285.797 -50 47 -345.493 -314.279 -278.789 -323.03 
0 -284.595 -49 47 -344.399 -315.092 -276.442 -323.361 
0 -277.709 -48 47 -346.879 -314.82 -276.442 -312.536 
0 -294.83 -50 47 -342.089 -314.954 -276.997 -335.743 
-3 -291.903 -50 47 -341.252 -315.646 -278.096 -338.672 
0 -285.427 -49 47 -344.399 -315.092 -276.442 -323.361 
0 -290.579 -50 47 -341.034 -316.308 -280.493 -334.449 
0 -286.961 -50 47 -345.493 -314.279 -278.789 -323.03 
0 -290.805 -50 47 -341.034 -316.308 -280.493 -334.449 
0 -279.797 -49 47 -347.974 -314.007 -278.789 -312.205 
0 -284.856 -50 47 -344.684 -313.456 -273.211 -329.028 
0 -287.186 -50 47 -345.493 -314.279 -278.789 -323.03 
0 -278.596 -48 47 -346.879 -314.82 -276.442 -312.536 
0 -278.821 -48 47 -346.879 -314.82 -276.442 -312.536 
0 -287.516 -50 47 -345.493 -314.279 -278.789 -323.03 
0 -288.83 -49 47 -344.57 -314.682 -276.997 -324.918 
-3 -285.903 -49 47 -343.733 -315.374 -278.096 -327.847 
0 -279.428 -48 47 -346.879 -314.82 -276.442 -312.536 
0 -289.055 -49 47 -344.57 -314.682 -276.997 -324.918 
-3 -286.129 -49 47 -343.733 -315.374 -278.096 -327.847 
0 -279.653 -48 47 -346.879 -314.82 -276.442 -312.536 
0 -284.805 -49 47 -343.515 -316.036 -280.493 -323.623 
-4 -285.904 -50 47 -341.252 -315.646 -278.096 -338.672 
0 -278.856 -49 47 -347.165 -313.184 -273.211 -318.203 
0 -281.186 -49 47 -347.974 -314.007 -278.789 -312.205 
0 -279.081 -49 47 -347.165 -313.184 -273.211 -318.203 
0 -272.821 -47 47 -349.36 -314.548 -276.442 -301.71 
0 -292.524 -50 47 -341.034 -316.308 -280.493 -334.449 
0 -281.516 -49 47 -347.974 -314.007 -278.789 -312.205 
0 -288.905 -50 47 -345.493 -314.279 -278.789 -323.03 
0 -281.741 -49 47 -347.974 -314.007 -278.789 -312.205 
0 -283.056 -48 47 -347.05 -314.41 -276.997 -314.092 
-3 -280.129 -48 47 -346.214 -315.103 -278.096 -317.021 
0 -273.653 -47 47 -349.36 -314.548 -276.442 -301.71 
-4 -279.904 -49 47 -343.733 -315.374 -278.096 -327.847 
0 -290.774 -49 47 -344.57 -314.682 -276.997 -324.918 
-3 -287.848 -49 47 -343.733 -315.374 -278.096 -327.847 
-4 -280.129 -49 47 -343.733 -315.374 -278.096 -327.847 
0 -273.082 -48 47 -349.645 -312.912 -273.211 -307.377 
0 -286.524 -49 47 -343.515 -316.036 -280.493 -323.623 
0 -282.905 -49 47 -347.974 -314.007 -278.789 -312.205 
0 -286.749 -49 47 -343.515 -316.036 -280.493 -323.623 
0 -275.742 -48 47 -350.455 -313.736 -278.789 -301.379 
0 -280.8 -49 47 -347.165 -313.184 -273.211 -318.203 
0 -283.13 -49 47 -347.974 -314.007 -278.789 -312.205 
0 -290.899 -51 47 -341.962 -315.363 -279.577 -334.192 
0 -284.775 -48 47 -347.05 -314.41 -276.997 -314.092 
-3 -281.848 -48 47 -346.214 -315.103 -278.096 -317.021 
-4 -274.13 -48 47 -346.214 -315.103 -278.096 -317.021 
0 -285 -48 47 -347.05 -314.41 -276.997 -314.092 
-3 -282.073 -48 47 -346.214 -315.103 -278.096 -317.021 
-4 -289.093 -50 47 -341.252 -315.646 -278.096 -338.672 
0 -280.75 -48 47 -345.995 -315.764 -280.493 -312.798 
-4 -281.848 -49 47 -343.733 -315.374 -278.096 -327.847 
0 -274.801 -48 47 -349.645 -312.912 -273.211 -307.377 
0 -277.131 -48 47 -350.455 -313.736 -278.789 -301.379 
0 -284.9 -50 47 -344.443 -315.092 -279.577 -323.367 
FEATURES_TXT_END_0
FEATURES_TXT_BEGIN_0 27 100 8 Distortion0_0 LM0_0 WordPenalty0_0 PhrasePenalty0_0 TranslationModel0_0 TranslationModel0_1 TranslationModel0_2 TranslationModel0_3 
0 -209.879 -35 32 -216.441 -215.343 -208.863 -264.547 
0 -206.208 -34 32 -218.922 -215.071 -208.863 -253.722 
0 -206.693 -34 32 -218.922 -215.071 -208.863 -253.722 
0 -208.67 -34 32 -218.922 -215.071 -208.863 -253.722 
0 -209.615 -35 32 -216.392 -215.117 -208.863 -265.066 
0 -203.022 -33 32 -221.402 -214.799 -208.863 -242.896 
0 -210.471 -35 32 -216.392 -215.117 -208.863 -265.066 
0 -204.999 -33 32 -221.402 -214.799 -208.863 -242.896 
0 -204.433 -35 32 -218.157 -214.248 -206.42 -259.725 
0 -205.484 -33 32 -221.402 -214.799 -208.863 -242.896 
0 -205.944 -34 32 -218.872 -214.845 -208.863 -254.241 
0 -206.429 -34 32 -218.872 -214.845 -208.863 -254.241 
0 -206.8 -34 32 -218.872 -214.845 -208.863 -254.241 
0 -207.285 -34 32 -218.872 -214.845 -208.863 -254.241 
0 -208.406 -34 32 -218.872 -214.845 -208.863 -254.241 
0 -200.762 -34 32 -220.638 -213.976 -206.42 -248.9 
0 -201.813 -32 32 -223.883 -214.528 -208.863 -232.071 
0 -209.262 -34 32 -218.872 -214.845 -208.863 -254.241 
0 -201.247 -34 32 -220.638 -213.976 -206.42 -248.9 
0 -202.758 -33 32 -221.353 -214.573 -208.863 -243.415 
0 -210.207 -35 32 -216.342 -214.891 -208.863 -265.585 
0 -203.614 -33 32 -221.353 -214.573 -208.863 -243.415 
0 -203.224 -34 32 -220.638 -213.976 -206.42 -248.9 
0 -210.228 -35 32 -216.315 -215.196 -208.863 -264.142 
0 -204.735 -33 32 -221.353 -214.573 -208.863 -243.415 
0 -204.169 -35 32 -218.107 -214.022 -206.42 -260.244 
0 -205.22 -33 32 -221.353 -214.573 -208.863 -243.415 
0 -205.591 -33 32 -221.353 -214.573 -208.863 -243.415 
0 -197.576 -33 32 -223.118 -213.704 -206.42 -238.074 
0 -205.025 -35 32 -218.107 -214.022 -206.42 -260.244 
0 -206.076 -33 32 -221.353 -214.573 -208.863 -243.415 
0 -206.536 -34 32 -218.823 -214.619 -208.863 -254.759 
0 -207.022 -34 32 -218.823 -214.619 -208.863 -254.759 
0 -199.553 -33 32 -223.118 -213.704 -206.42 -238.074 
0 -206.557 -34 32 -218.796 -214.924 -208.863 -253.317 
0 -200.038 -33 32 -223.118 -213.704 -206.42 -238.074 
0 -207.043 -34 32 -218.796 -214.924 -208.863 -253.317 
0 -200.498 -34 32 -220.588 -213.75 -206.42 -249.419 
0 -201.549 -32 32 -223.833 -214.302 -208.863 -232.59 
0 -208.998 -34 32 -218.823 -214.619 -208.863 -254.759 
0 -200.984 -34 32 -220.588 -213.75 -206.42 -249.419 
0 -209.989 -36 32 -218.201 -214.248 -209.556 -259.731 
0 -201.354 -34 32 -220.588 -213.75 -206.42 -249.419 
0 -202.405 -32 32 -223.833 -214.302 -208.863 -232.59 
0 -201.839 -34 32 -220.588 -213.75 -206.42 -249.419 
0 -209.019 -34 32 -218.796 -214.924 -208.863 -253.317 
0 -203.351 -33 32 -221.303 -214.347 -208.863 -243.934 
-3 -209.675 -35 32 -216.441 -215.343 -208.863 -264.547 
0 -202.96 -34 32 -220.588 -213.75 -206.42 -249.419 
0 -209.965 -35 32 -216.266 -214.97 -208.863 -264.661 
0 -196.367 -32 32 -225.599 -213.433 -206.42 -227.249 
0 -203.372 -33 32 -221.277 -214.652 -208.863 -242.491 
0 -203.816 -34 32 -220.588 -213.75 -206.42 -249.419 
0 -210.82 -35 32 -216.266 -214.97 -208.863 -264.661 
-4 -203.266 -35 32 -216.441 -215.343 -208.863 -264.547 
-4 -203.271 -35 32 -216.441 -215.343 -208.863 -264.547 
0 -205.327 -33 32 -221.303 -214.347 -208.863 -243.934 
0 -197.313 -33 32 -223.069 -213.478 -206.42 -238.593 
0 -206.318 -35 32 -220.682 -213.976 -209.556 -248.905 
0 -204.761 -35 32 -218.058 -213.796 -206.42 -260.763 
0 -205.812 -33 32 -221.303 -214.347 -208.863 -243.934 
0 -206.804 -35 32 -220.682 -213.976 -209.556 -248.905 
0 -198.168 -33 32 -223.069 -213.478 -206.42 -238.593 
0 -205.348 -33 32 -221.277 -214.652 -208.863 -242.491 
0 -204.782 -35 32 -218.031 -214.101 -206.42 -259.32 
-4 -205.053 -35 32 -216.441 -215.343 -208.863 -264.547 
0 -205.834 -33 32 -221.277 -214.652 -208.863 -242.491 
-4 -205.404 -35 32 -216.441 -215.343 -208.863 -264.547 
-3 -206.004 -34 32 -218.922 -215.071 -208.863 -253.722 
-4 -198.245 -34 32 -218.922 -215.071 -208.863 -253.722 
0 -199.289 -33 32 -223.069 -213.478 -206.42 -238.593 
0 -206.294 -34 32 -218.746 -214.698 -208.863 -253.835 
0 -203.036 -35 32 -218.1 -213.679 -209.151 -261.407 
-3 -206.49 -34 32 -218.922 -215.071 -208.863 -253.722 
0 -199.774 -33 32 -223.069 -213.478 -206.42 -238.593 
0 -206.779 -34 32 -218.746 -214.698 -208.863 -253.835 
0 -208.78 -35 32 -220.682 -213.976 -209.556 -248.905 
-4 -206.429 -35 32 -216.441 -215.343 -208.863 -264.547 
0 -200.145 -33 32 -223.069 -213.478 -206.42 -238.593 
0 -207.149 -34 32 -218.746 -214.698 -208.863 -253.835 
-4 -206.536 -35 32 -216.441 -215.343 -208.863 -264.547 
-4 -206.545 -35 32 -216.441 -215.343 -208.863 -264.547 
-4 -206.962 -35 32 -216.441 -215.343 -208.863 -264.547 
0 -200.63 -33 32 -223.069 -213.478 -206.42 -238.593 
0 -207.635 -34 32 -218.746 -214.698 -208.863 -253.835 
-4 -207.046 -35 32 -216.441 -215.343 -208.863 -264.547 
0 -209.726 -36 32 -218.152 -214.022 -209.556 -260.249 
-4 -200.08 -34 32 -218.922 -215.071 -208.863 -253.722 
-4 -200.085 -34 32 -218.922 -215.071 -208.863 -253.722 
0 -201.09 -34 32 -220.539 -213.524 -206.42 -249.937 
0 -202.142 -32 32 -223.784 -214.076 -208.863 -233.109 
0 -203.133 -34 32 -223.163 -213.704 -209.556 -238.08 
0 -201.576 -34 32 -220.539 -213.524 -206.42 -249.937 
0 -210.581 -36 32 -218.152 -214.022 -209.556 -260.249 
-3 -208.466 -34 32 -218.922 -215.071 -208.863 -253.722 
0 -208.756 -34 32 -218.746 -214.698 -208.863 -253.835 
-4 -201.04 -34 32 -218.922 -215.071 -208.863 -253.722 
-4 -208.385 -35 32 -216.441 -215.343 -208.863 -264.547 
-4 -208.431 -35 32 -216.441 -215.343 -208.863 -264.547 
0 -201.111 -34 32 -220.512 -213.829 -206.42 -248.495 
FEATURES_TXT_END_0
FEATURES_TXT_BEGIN_0 28 100 8 Distortion0_0 LM0_0 WordPenalty0_0 PhrasePenalty0_0 TranslationModel0_0 TranslationModel0_1 TranslationModel0_2 TranslationModel0_3 
0 -288.994 -49 45 -304.79 -310.854 -275.362 -342.457 
0 -297.145 -50 45 -302.31 -311.126 -275.362 -353.282 
0 -287.371 -49 45 -305.072 -310.722 -274.669 -341.358 
0 -295.522 -50 45 -302.591 -310.994 -274.669 -352.184 
0 -285.311 -48 45 -307.271 -310.582 -275.362 -331.632 
0 -293.462 -49 45 -304.79 -310.854 -275.362 -342.457 
0 -283.688 -48 45 -307.552 -310.45 -274.669 -330.533 
0 -291.839 -49 45 -305.072 -310.722 -274.669 -341.358 
0 -287.395 -48 45 -307.271 -310.582 -275.362 -331.632 
0 -280.138 -49 45 -306.506 -309.759 -272.92 -337.635 
0 -295.545 -49 45 -304.79 -310.854 -275.362 -342.457 
0 -285.772 -48 45 -307.552 -310.45 -274.669 -330.533 
0 -288.289 -50 45 -304.025 -310.031 -272.92 -348.46 
0 -278.515 -49 45 -306.788 -309.627 -272.227 -336.536 
0 -293.923 -49 45 -305.072 -310.722 -274.669 -341.358 
0 -289.586 -49 45 -304.741 -310.628 -275.362 -342.976 
0 -283.429 -48 45 -306.043 -310.164 -274.669 -338.38 
0 -286.666 -50 45 -304.307 -309.898 -272.227 -347.362 
0 -297.737 -50 45 -302.26 -310.9 -275.362 -353.801 
0 -291.58 -49 45 -303.562 -310.435 -274.669 -349.205 
0 -287.963 -49 45 -305.022 -310.496 -274.669 -341.877 
0 -281.806 -48 45 -306.324 -310.031 -273.976 -337.281 
0 -290.788 -48 45 -307.271 -310.582 -275.362 -331.632 
0 -283.711 -47 45 -309.751 -310.311 -275.362 -320.806 
0 -296.114 -50 45 -302.541 -310.768 -274.669 -352.703 
0 -289.957 -49 45 -303.844 -310.303 -273.976 -348.106 
0 -298.939 -49 45 -304.79 -310.854 -275.362 -342.457 
0 -289.165 -48 45 -307.552 -310.45 -274.669 -330.533 
0 -276.454 -48 45 -308.987 -309.487 -272.92 -326.81 
0 -291.862 -48 45 -307.271 -310.582 -275.362 -331.632 
0 -282.088 -47 45 -310.033 -310.179 -274.669 -319.708 
0 -297.316 -49 45 -305.072 -310.722 -274.669 -341.358 
0 -284.605 -49 45 -306.506 -309.759 -272.92 -337.635 
0 -274.832 -48 45 -309.268 -309.355 -272.227 -325.711 
0 -290.239 -48 45 -307.552 -310.45 -274.669 -330.533 
0 -285.903 -48 45 -307.221 -310.356 -275.362 -332.15 
0 -279.745 -47 45 -308.524 -309.892 -274.669 -327.554 
0 -282.982 -49 45 -306.788 -309.627 -272.227 -336.536 
0 -278.538 -48 45 -308.987 -309.487 -272.92 -326.81 
0 -294.054 -49 45 -304.741 -310.628 -275.362 -342.976 
0 -287.896 -48 45 -306.043 -310.164 -274.669 -338.38 
0 -284.28 -48 45 -307.503 -310.224 -274.669 -331.052 
0 -278.122 -47 45 -308.805 -309.76 -273.976 -326.456 
0 -287.104 -47 45 -309.751 -310.311 -275.362 -320.806 
0 -286.689 -49 45 -306.506 -309.759 -272.92 -337.635 
0 -276.915 -48 45 -309.268 -309.355 -272.227 -325.711 
0 -292.431 -49 45 -305.022 -310.496 -274.669 -341.877 
0 -286.273 -48 45 -306.324 -310.031 -273.976 -337.281 
0 -295.255 -48 45 -307.271 -310.582 -275.362 -331.632 
0 -287.987 -48 45 -307.221 -310.356 -275.362 -332.15 
0 -281.829 -47 45 -308.524 -309.892 -274.669 -327.554 
0 -285.481 -47 45 -310.033 -310.179 -274.669 -319.708 
0 -285.066 -49 45 -306.787 -309.627 -272.227 -336.536 
0 -296.138 -49 45 -304.741 -310.628 -275.362 -342.976 
0 -274.572 -48 45 -307.759 -309.068 -272.227 -333.557 
0 -289.98 -48 45 -306.043 -310.164 -274.669 -338.38 
0 -293.632 -48 45 -307.552 -310.45 -274.669 -330.533 
0 -286.364 -48 45 -307.503 -310.224 -274.669 -331.052 
0 -280.931 -49 45 -306.457 -309.533 -272.92 -338.154 
0 -280.206 -47 45 -308.805 -309.76 -273.976 -326.456 
0 -289.188 -47 45 -309.751 -310.311 -275.362 -320.806 
0 -282.723 -49 45 -305.278 -309.34 -272.227 -344.383 
0 -294.515 -49 45 -305.022 -310.496 -274.669 -341.877 
0 -289.082 -50 45 -303.976 -309.805 -272.92 -348.979 
0 -272.949 -48 45 -308.04 -308.936 -271.534 -332.459 
0 -288.357 -48 45 -306.324 -310.031 -273.976 -337.281 
0 -281.931 -48 45 -308.987 -309.487 -272.92 -326.81 
0 -297.339 -48 45 -307.271 -310.582 -275.362 -331.632 
0 -279.308 -49 45 -306.738 -309.401 -272.227 -337.055 
0 -289.055 -49 45 -304.664 -310.707 -275.362 -342.052 
0 -287.565 -47 45 -310.033 -310.179 -274.669 -319.708 
0 -274.855 -47 45 -311.467 -309.215 -272.92 -315.984 
0 -284.021 -48 45 -305.993 -309.938 -274.669 -338.898 
0 -281.1 -49 45 -305.56 -309.208 -271.534 -343.284 
0 -290.082 -49 45 -306.506 -309.759 -272.92 -337.635 
0 -287.459 -50 45 -304.257 -309.672 -272.227 -347.881 
0 -297.206 -50 45 -302.184 -310.979 -275.362 -352.877 
0 -280.308 -48 45 -309.268 -309.355 -272.227 -325.711 
0 -295.716 -48 45 -307.552 -310.45 -274.669 -330.533 
0 -283.006 -48 45 -308.987 -309.487 -272.92 -326.81 
0 -287.432 -49 45 -304.946 -310.575 -274.669 -340.953 
0 -292.172 -49 45 -303.513 -310.209 -274.669 -349.724 
-3 -282.539 -49 45 -304.79 -310.854 -275.362 -342.457 
0 -273.232 -47 45 -311.749 -309.083 -272.227 -314.885 
0 -282.398 -48 45 -306.275 -309.805 -273.976 -337.8 
0 -291.38 -48 45 -307.221 -310.356 -275.362 -332.15 
0 -285.222 -47 45 -308.524 -309.892 -274.669 -327.554 
0 -284.303 -47 45 -309.702 -310.085 -275.362 -321.325 
0 -278.146 -46 45 -311.004 -309.62 -274.669 -316.729 
0 -288.459 -49 45 -306.788 -309.627 -272.227 -336.536 
0 -295.583 -50 45 -302.465 -310.847 -274.669 -351.779 
-3 -290.69 -50 45 -302.31 -311.126 -275.362 -353.282 
0 -286.508 -49 45 -305.627 -310.162 -274.264 -339.528 
0 -281.383 -48 45 -309.268 -309.355 -272.227 -325.711 
0 -290.549 -49 45 -303.794 -310.077 -273.976 -348.625 
-3 -280.916 -49 45 -305.072 -310.722 -274.669 -341.358 
0 -299.531 -49 45 -304.741 -310.628 -275.362 -342.976 
0 -293.373 -48 45 -306.043 -310.164 -274.669 -338.38 
0 -289.757 -48 45 -307.503 -310.224 -274.669 -331.052 
0 -283.599 -47 45 -308.805 -309.76 -273.976 -326.456 
FEATURES_TXT_END_0
FEATURES_TXT_BEGIN_0 29 53 8 Distortion0_0 LM0_0 WordPenalty0_0 PhrasePenalty0_0 TranslationModel0_0 TranslationModel0_1 TranslationModel0_2 TranslationModel0_3 
0 -507.022 -81 72 -443.703 -454.378 -420.931 -517.376 
0 -506.868 -81 72 -443.985 -454.246 -420.238 -516.277 
0 -502.591 -81 72 -445.7 -453.15 -417.796 -511.455 
0 -521.905 -82 72 -442.947 -455.024 -420.644 -517.944 
0 -502.336 -80 72 -446.184 -454.106 -420.931 -506.55 
0 -508.358 -81 72 -443.985 -454.246 -420.238 -516.277 
0 -504.574 -80 72 -446.184 -454.106 -420.931 -506.55 
0 -506.714 -81 72 -444.266 -454.113 -419.545 -515.178 
0 -519.06 -83 72 -441.62 -454.464 -419.588 -526.144 
0 -519.765 -81 72 -444.865 -455.016 -422.03 -509.315 
0 -502.181 -80 72 -446.465 -453.974 -420.238 -505.452 
0 -494.341 -80 72 -448.181 -452.879 -417.796 -500.629 
0 -496.914 -80 72 -447.9 -453.011 -418.489 -501.728 
0 -526.901 -83 72 -439.904 -455.56 -422.03 -530.966 
0 -508.203 -81 72 -444.266 -454.113 -419.545 -515.178 
0 -526.438 -83 72 -440.748 -455.163 -419.951 -527.671 
0 -508.203 -81 72 -444.266 -454.114 -419.545 -515.178 
0 -503.671 -80 72 -446.465 -453.974 -420.238 -505.452 
0 -504.419 -80 72 -446.465 -453.974 -420.238 -505.452 
0 -524.298 -82 72 -442.666 -455.156 -421.337 -519.042 
0 -498.873 -81 72 -445.982 -453.018 -417.103 -510.356 
0 -506.559 -81 72 -444.547 -453.981 -418.852 -514.08 
0 -499.887 -79 72 -448.664 -453.834 -420.931 -495.725 
0 -499.182 -81 72 -445.419 -453.283 -418.489 -512.553 
0 -502.027 -80 72 -446.747 -453.842 -419.545 -504.353 
0 -499.578 -79 72 -449.227 -453.57 -419.545 -493.528 
0 -501.446 -81 72 -445.7 -453.15 -417.796 -511.455 
0 -526.746 -83 72 -440.185 -455.428 -421.337 -529.868 
0 -496.733 -80 72 -447.9 -453.011 -418.489 -501.728 
0 -504.111 -80 72 -447.028 -453.71 -418.852 -503.254 
0 -522.214 -82 72 -442.385 -455.288 -422.03 -520.141 
0 -505.909 -80 72 -446.465 -453.974 -420.238 -505.452 
0 -508.049 -81 72 -444.547 -453.981 -418.852 -514.08 
0 -507.978 -81 72 -443.009 -454.574 -420.238 -518.223 
0 -523.55 -82 72 -442.666 -455.156 -421.337 -519.042 
0 -503.517 -80 72 -446.747 -453.842 -419.545 -504.353 
0 -528.082 -83 72 -440.467 -455.295 -420.644 -528.769 
0 -503.363 -80 72 -447.028 -453.71 -418.852 -503.254 
0 -528.236 -83 72 -440.185 -455.428 -421.337 -529.868 
0 -504.265 -80 72 -446.747 -453.842 -419.545 -504.353 
0 -500.517 -81 72 -445.7 -453.15 -417.796 -511.455 
0 -501.223 -79 72 -448.946 -453.702 -420.238 -494.626 
0 -501.601 -81 72 -445.419 -453.283 -418.489 -512.553 
0 -499.733 -79 72 -448.946 -453.702 -420.238 -494.626 
0 -507.895 -81 72 -444.829 -453.849 -418.159 -512.981 
0 -505.755 -80 72 -446.747 -453.842 -419.545 -504.353 
0 -499.028 -81 72 -445.7 -453.15 -417.796 -511.455 
0 -502.746 -81 72 -445.419 -453.283 -418.489 -512.553 
0 -522.06 -82 72 -442.666 -455.156 -421.337 -519.042 
0 -501.873 -80 72 -447.028 -453.71 -418.852 -503.254 
0 -524.452 -82 72 -442.385 -455.288 -422.03 -520.141 
0 -526.592 -83 72 -440.467 -455.295 -420.644 -528.769 
0 -494.495 -80 72 -447.9 -453.011 -418.489 -501.728 
FEATURES_TXT_END_0
FEATURES_TXT_BEGIN_0 30 95 8 Distortion0_0 LM0_0 WordPenalty0_0 PhrasePenalty0_0 TranslationModel0_0 TranslationModel0_1 TranslationModel0_2 TranslationModel0_3 
0 -226.064 -40 36 -242.121 -233.521 -207.041 -263.178 
0 -220.679 -39 36 -244.601 -233.249 -207.041 -252.352 
0 -225.943 -39 36 -244.601 -233.249 -207.041 -252.352 
0 -224.378 -40 36 -243.985 -231.937 -207.041 -261.281 
0 -226.656 -40 36 -242.071 -233.295 -207.041 -263.696 
0 -220.558 -38 36 -247.082 -232.977 -207.041 -241.527 
0 -218.993 -39 36 -246.465 -231.665 -207.041 -250.455 
0 -221.271 -39 36 -244.552 -233.023 -207.041 -252.871 
0 -228.173 -40 36 -242.611 -232.804 -207.041 -263.178 
0 -224.258 -39 36 -246.465 -231.665 -207.041 -250.455 
0 -226.536 -39 36 -244.552 -233.023 -207.041 -252.871 
0 -222.787 -39 36 -245.092 -232.532 -207.041 -252.352 
0 -224.971 -40 36 -243.935 -231.711 -207.041 -261.799 
0 -218.872 -38 36 -248.946 -231.393 -207.041 -239.63 
0 -221.15 -38 36 -247.032 -232.751 -207.041 -242.046 
0 -219.585 -39 36 -246.416 -231.439 -207.041 -250.974 
0 -228.052 -39 36 -245.092 -232.532 -207.041 -252.352 
0 -226.487 -40 36 -244.475 -231.22 -207.041 -261.281 
0 -228.765 -40 36 -242.562 -232.578 -207.041 -263.696 
0 -222.667 -38 36 -247.572 -232.26 -207.041 -241.527 
0 -224.85 -39 36 -246.416 -231.439 -207.041 -250.974 
0 -221.102 -39 36 -246.956 -230.948 -207.041 -250.455 
0 -223.38 -39 36 -245.042 -232.306 -207.041 -252.871 
0 -219.464 -38 36 -248.897 -231.167 -207.041 -240.148 
-4 -219.949 -40 36 -242.121 -233.521 -207.041 -263.178 
-4 -222.286 -39 36 -244.601 -233.249 -207.041 -252.352 
-3 -228.228 -40 36 -242.121 -233.521 -207.041 -263.178 
-4 -214.563 -39 36 -244.601 -233.249 -207.041 -252.352 
-3 -222.722 -38 36 -247.082 -232.977 -207.041 -241.527 
-4 -222.113 -40 36 -242.121 -233.521 -207.041 -263.178 
-4 -222.199 -40 36 -242.121 -233.521 -207.041 -263.178 
-3 -222.843 -39 36 -244.601 -233.249 -207.041 -252.352 
0 -218.287 -38 36 -242.121 -233.544 -207.041 -259.183 
0 -226.367 -39 36 -246.956 -230.948 -207.041 -250.455 
0 -228.644 -39 36 -245.042 -232.306 -207.041 -252.871 
0 -227.079 -40 36 -244.426 -230.994 -207.041 -261.799 
-4 -223.827 -40 36 -242.121 -233.521 -207.041 -263.178 
-4 -216.727 -39 36 -244.601 -233.249 -207.041 -252.352 
-4 -224.121 -40 36 -242.121 -233.521 -207.041 -263.178 
-4 -216.814 -39 36 -244.601 -233.249 -207.041 -252.352 
-4 -224.337 -40 36 -242.121 -233.521 -207.041 -263.178 
0 -212.901 -37 36 -244.601 -233.273 -207.041 -248.358 
-3 -223.348 -40 36 -243.985 -231.937 -207.041 -261.28 
0 -220.981 -38 36 -249.437 -230.676 -207.041 -239.63 
-4 -224.833 -40 36 -242.121 -233.521 -207.041 -263.178 
-4 -224.847 -40 36 -242.121 -233.521 -207.041 -263.178 
0 -223.259 -38 36 -247.523 -232.034 -207.041 -242.046 
-4 -225.531 -40 36 -242.121 -233.521 -207.041 -263.178 
0 -224.69 -39 36 -241.783 -234.64 -207.041 -255.908 
0 -221.694 -39 36 -246.907 -230.722 -207.041 -250.974 
-4 -218.441 -39 36 -244.601 -233.249 -207.041 -252.352 
-4 -225.817 -40 36 -242.121 -233.521 -207.041 -263.178 
-4 -225.847 -40 36 -242.121 -233.521 -207.041 -263.178 
-4 -225.868 -40 36 -242.121 -233.521 -207.041 -263.178 
-4 -225.936 -40 36 -242.121 -233.521 -207.041 -263.178 
-4 -226.005 -40 36 -242.121 -233.521 -207.041 -263.178 
-4 -218.736 -39 36 -244.601 -233.249 -207.041 -252.352 
-4 -217.011 -40 36 -243.985 -231.937 -207.041 -261.281 
-4 -226.273 -40 36 -242.121 -233.521 -207.041 -263.178 
-4 -218.952 -39 36 -244.601 -233.249 -207.041 -252.352 
-4 -226.308 -40 36 -242.121 -233.521 -207.041 -263.178 
-4 -226.422 -40 36 -242.121 -233.521 -207.041 -263.178 
-4 -217.378 -40 36 -243.985 -231.937 -207.041 -261.281 
-3 -217.963 -39 36 -246.465 -231.665 -207.041 -250.455 
-4 -226.701 -40 36 -242.121 -233.521 -207.041 -263.178 
-4 -219.448 -39 36 -244.601 -233.249 -207.041 -252.352 
-4 -226.785 -40 36 -242.121 -233.521 -207.041 -263.178 
-4 -219.462 -39 36 -244.601 -233.249 -207.041 -252.352 
-4 -227.045 -40 36 -242.121 -233.521 -207.041 -263.178 
-4 -219.828 -39 36 -244.601 -233.249 -207.041 -252.352 
-4 -222.147 -39 36 -244.601 -233.249 -207.041 -252.352 
-4 -227.532 -40 36 -242.121 -233.521 -207.041 -263.178 
-3 -228.108 -39 36 -244.601 -233.249 -207.041 -252.352 
-4 -227.671 -40 36 -242.121 -233.521 -207.041 -263.178 
-4 -220.431 -39 36 -244.601 -233.249 -207.041 -252.352 
-4 -220.461 -39 36 -244.601 -233.249 -207.041 -252.352 
-4 -220.483 -39 36 -244.601 -233.249 -207.041 -252.352 
-4 -218.756 -40 36 -243.985 -231.937 -207.041 -261.281 
-4 -220.55 -39 36 -244.601 -233.249 -207.041 -252.352 
-4 -220.541 -40 36 -242.071 -233.295 -207.041 -263.696 
-4 -222.079 -39 36 -244.601 -233.249 -207.041 -252.352 
-4 -228.059 -40 36 -242.121 -233.521 -207.041 -263.178 
-4 -211.626 -39 36 -246.465 -231.665 -207.041 -250.455 
-4 -220.888 -39 36 -244.601 -233.249 -207.041 -252.352 
-4 -220.923 -39 36 -244.601 -233.249 -207.041 -252.352 
-4 -221.037 -39 36 -244.601 -233.249 -207.041 -252.352 
-3 -228.82 -40 36 -242.071 -233.295 -207.041 -263.696 
-4 -211.992 -39 36 -246.465 -231.665 -207.041 -250.455 
-4 -221.316 -39 36 -244.601 -233.249 -207.041 -252.352 
-4 -221.4 -39 36 -244.601 -233.249 -207.041 -252.352 
-4 -228.761 -40 36 -242.121 -233.521 -207.041 -263.178 
-4 -221.659 -39 36 -244.601 -233.249 -207.041 -252.352 
-4 -214.443 -38 36 -247.082 -232.977 -207.041 -241.527 
-4 -229.35 -40 36 -242.121 -233.52 -207.041 -263.178 
-4 -221.992 -39 36 -244.601 -233.249 -207.041 -252.352 
FEATURES_TXT_END_0
FEATURES_TXT_BEGIN_0 31 100 8 Distortion0_0 LM0_0 WordPenalty0_0 PhrasePenalty0_0 TranslationModel0_0 TranslationModel0_1 TranslationModel0_2 TranslationModel0_3 
0 -229.478 -38 36 -257.826 -256.571 -223.831 -266.134 
0 -223.117 -37 36 -260.306 -256.3 -223.831 -255.309 
0 -228.22 -38 36 -259.69 -254.987 -223.831 -264.237 
0 -221.859 -37 36 -262.171 -254.716 -223.831 -253.412 
0 -225.236 -38 36 -259.542 -255.476 -221.388 -261.312 
0 -218.875 -37 36 -262.022 -255.204 -221.388 -250.487 
0 -230.43 -37 36 -258.998 -256.096 -223.831 -261.542 
0 -224.069 -36 36 -261.478 -255.824 -223.831 -250.716 
0 -225.134 -38 36 -258.663 -255.879 -222.732 -263.205 
0 -218.773 -37 36 -261.143 -255.607 -222.732 -252.379 
0 -225.235 -39 36 -259.586 -255.476 -224.524 -261.317 
0 -218.874 -38 36 -262.067 -255.204 -224.524 -250.492 
0 -232.008 -38 36 -257.379 -256.227 -223.831 -268.08 
0 -223.978 -38 36 -261.406 -253.892 -221.388 -259.415 
0 -225.527 -37 36 -259.86 -255.955 -223.831 -257.254 
0 -217.617 -37 36 -263.887 -253.62 -221.388 -248.589 
0 -229.172 -37 36 -260.862 -254.512 -223.831 -259.644 
-3 -229.513 -38 36 -257.826 -256.571 -223.831 -266.134 
0 -222.811 -36 36 -263.343 -254.24 -223.831 -248.819 
0 -223.876 -38 36 -260.527 -254.295 -222.732 -261.308 
-3 -223.152 -37 36 -260.306 -256.3 -223.831 -255.309 
0 -217.515 -37 36 -263.007 -254.023 -222.732 -250.482 
0 -230.142 -38 36 -256.864 -256.803 -225.217 -267.176 
0 -223.977 -39 36 -261.451 -253.892 -224.524 -259.42 
0 -223.781 -37 36 -259.345 -256.531 -225.217 -256.35 
0 -217.616 -38 36 -263.931 -253.62 -224.524 -248.595 
0 -226.188 -37 36 -260.714 -255 -221.388 -256.719 
0 -230.75 -38 36 -259.243 -254.643 -223.831 -266.182 
-4 -225.215 -38 36 -257.826 -256.571 -223.831 -266.134 
0 -219.827 -36 36 -263.194 -254.729 -221.388 -245.894 
0 -220.892 -38 36 -260.378 -254.784 -220.29 -258.383 
-4 -225.59 -38 36 -257.826 -256.571 -223.831 -266.134 
0 -224.269 -37 36 -261.724 -254.371 -223.831 -255.357 
-4 -225.887 -38 36 -257.826 -256.571 -223.831 -266.134 
-4 -218.854 -37 36 -260.306 -256.3 -223.831 -255.309 
0 -214.531 -37 36 -262.859 -254.512 -220.29 -247.557 
-4 -219.229 -37 36 -260.306 -256.3 -223.831 -255.309 
-4 -226.775 -38 36 -257.826 -256.571 -223.831 -266.134 
0 -229.358 -38 36 -256.294 -256.979 -223.831 -268.08 
0 -226.43 -37 36 -257.488 -257.691 -223.831 -258.864 
-4 -227.417 -38 36 -257.826 -256.571 -223.831 -266.134 
-4 -227.515 -38 36 -257.826 -256.571 -223.831 -266.134 
-4 -227.567 -38 36 -257.826 -256.571 -223.831 -266.134 
-4 -227.783 -38 36 -257.826 -256.571 -223.831 -266.134 
-4 -227.936 -38 36 -257.826 -256.571 -223.831 -266.134 
-4 -228.005 -38 36 -257.826 -256.571 -223.831 -266.134 
-4 -228.097 -38 36 -257.826 -256.571 -223.831 -266.134 
0 -225.233 -37 36 -259.834 -255.404 -222.732 -258.612 
0 -227.766 -38 36 -259.095 -255.132 -221.388 -263.258 
-4 -221.056 -37 36 -260.306 -256.3 -223.831 -255.309 
-4 -221.154 -37 36 -260.306 -256.3 -223.831 -255.309 
-4 -221.206 -37 36 -260.306 -256.3 -223.831 -255.309 
-4 -228.717 -38 36 -257.826 -256.571 -223.831 -266.134 
-4 -228.722 -38 36 -257.826 -256.571 -223.831 -266.134 
0 -226.011 -38 36 -259.485 -254.907 -224.118 -262.994 
-4 -228.731 -38 36 -257.826 -256.571 -223.831 -266.134 
-4 -221.422 -37 36 -260.306 -256.3 -223.831 -255.309 
-4 -221.575 -37 36 -260.306 -256.3 -223.831 -255.309 
-4 -228.932 -38 36 -257.826 -256.571 -223.831 -266.134 
-4 -221.644 -37 36 -260.306 -256.3 -223.831 -255.309 
-4 -228.984 -38 36 -257.826 -256.571 -223.831 -266.134 
-4 -221.736 -37 36 -260.306 -256.3 -223.831 -255.309 
-4 -229.095 -38 36 -257.826 -256.571 -223.831 -266.134 
0 -221.285 -37 36 -261.576 -254.86 -221.388 -252.432 
0 -218.872 -36 36 -262.315 -255.132 -222.732 -247.787 
-4 -229.272 -38 36 -257.826 -256.571 -223.831 -266.134 
-4 -229.417 -38 36 -257.826 -256.571 -223.831 -266.134 
-4 -229.534 -38 36 -257.826 -256.571 -223.831 -266.134 
-3 -228.255 -38 36 -259.69 -254.987 -223.831 -264.237 
-4 -229.65 -38 36 -257.826 -256.571 -223.831 -266.134 
-4 -222.356 -37 36 -260.306 -256.3 -223.831 -255.309 
0 -219.65 -37 36 -261.965 -254.635 -224.118 -252.168 
-4 -222.361 -37 36 -260.306 -256.3 -223.831 -255.309 
-4 -222.37 -37 36 -260.306 -256.3 -223.831 -255.309 
-4 -222.571 -37 36 -260.306 -256.3 -223.831 -255.309 
-4 -229.901 -38 36 -257.826 -256.571 -223.831 -266.134 
-4 -222.623 -37 36 -260.306 -256.3 -223.831 -255.309 
-4 -222.734 -37 36 -260.306 -256.3 -223.831 -255.309 
0 -226.187 -38 36 -260.758 -255 -224.524 -256.725 
-4 -230.104 -38 36 -257.826 -256.571 -223.831 -266.134 
0 -225.028 -37 36 -258.775 -256.707 -223.831 -257.254 
-4 -230.162 -38 36 -257.826 -256.571 -223.831 -266.134 
-4 -222.911 -37 36 -260.306 -256.3 -223.831 -255.309 
-4 -230.355 -38 36 -257.826 -256.571 -223.831 -266.134 
-4 -223.056 -37 36 -260.306 -256.3 -223.831 -255.309 
-4 -230.412 -38 36 -257.826 -256.571 -223.831 -266.134 
-4 -223.173 -37 36 -260.306 -256.3 -223.831 -255.309 
-3 -221.894 -37 36 -262.171 -254.716 -223.831 -253.412 
-4 -230.601 -38 36 -257.826 -256.571 -223.831 -266.134 
-4 -223.289 -37 36 -260.306 -256.3 -223.831 -255.309 
-4 -230.638 -38 36 -257.826 -256.571 -223.831 -266.134 
-4 -230.704 -38 36 -257.826 -256.571 -223.831 -266.134 
-4 -230.81 -38 36 -257.826 -256.571 -223.831 -266.134 
-4 -223.54 -37 36 -260.306 -256.3 -223.831 -255.309 
0 -228.884 -38 36 -258.728 -255.219 -225.217 -265.278 
0 -219.826 -37 36 -263.239 -254.729 -224.524 -245.899 
-4 -223.801 -37 36 -260.306 -256.3 -223.831 -255.309 
0 -220.891 -39 36 -260.423 -254.784 -223.425 -258.388 
0 -228.659 -38 36 -257.293 -256.398 -223.137 -265.623 
-4 -223.994 -37 36 -260.306 -256.3 -223.831 -255.309 
FEATURES_TXT_END_0
FEATURES_TXT_BEGIN_0 32 94 8 Distortion0_0 LM0_0 WordPenalty0_0 PhrasePenalty0_0 TranslationModel0_0 TranslationModel0_1 TranslationModel0_2 TranslationModel0_3 
0 -189.005 -29 29 -197.936 -196.067 -147.709 -181.765 
0 -189.221 -29 29 -197.122 -196.409 -147.016 -182.864 
0 -191.688 -29 29 -195.671 -197.624 -147.709 -183.963 
-3 -188.303 -29 29 -197.936 -196.067 -147.709 -181.765 
0 -190.173 -29 29 -196.974 -196.299 -149.095 -182.807 
-4 -184.351 -29 29 -197.936 -196.067 -147.709 -181.765 
-4 -185.226 -29 29 -197.936 -196.067 -147.709 -181.765 
0 -192.414 -29 29 -196.974 -196.299 -149.095 -182.807 
-4 -185.417 -29 29 -197.936 -196.067 -147.709 -181.765 
-4 -185.564 -29 29 -197.936 -196.067 -147.709 -181.765 
-4 -185.702 -29 29 -197.936 -196.067 -147.709 -181.765 
-4 -186.16 -29 29 -197.936 -196.067 -147.709 -181.765 
-4 -188.068 -29 29 -197.936 -196.067 -147.709 -181.765 
-3 -188.52 -29 29 -197.122 -196.409 -147.016 -182.864 
-4 -188.298 -29 29 -197.936 -196.067 -147.709 -181.765 
-4 -188.3 -29 29 -197.936 -196.067 -147.709 -181.765 
-4 -188.611 -29 29 -197.936 -196.067 -147.709 -181.765 
-4 -188.871 -29 29 -197.936 -196.067 -147.709 -181.765 
-4 -189.005 -29 29 -197.936 -196.067 -147.709 -181.765 
-6 -184.309 -29 29 -197.936 -196.067 -147.709 -181.765 
-5 -191.982 -29 29 -197.936 -196.067 -147.709 -181.765 
0 -186.3 -29 29 -198.65 -195.113 -147.709 -179.463 
-4 -189.145 -29 29 -197.936 -196.067 -147.709 -181.765 
-4 -189.409 -29 29 -197.936 -196.067 -147.709 -181.765 
0 -186.801 -29 29 -198.65 -195.113 -147.709 -179.463 
-3 -190.987 -29 29 -195.671 -197.624 -147.709 -183.963 
-4 -189.748 -29 29 -197.936 -196.067 -147.709 -181.765 
-4 -190.108 -29 29 -197.936 -196.067 -147.709 -181.765 
-4 -190.162 -29 29 -197.936 -196.067 -147.709 -181.765 
-4 -190.214 -29 29 -197.936 -196.067 -147.709 -181.765 
0 -190.39 -29 29 -196.16 -196.641 -148.402 -183.905 
-4 -191.022 -29 29 -197.936 -196.067 -147.709 -181.765 
-4 -191.122 -29 29 -197.936 -196.067 -147.709 -181.765 
-4 -191.146 -29 29 -197.936 -196.067 -147.709 -181.765 
-4 -191.346 -29 29 -197.936 -196.067 -147.709 -181.765 
-4 -191.567 -29 29 -197.936 -196.067 -147.709 -181.765 
-4 -184.568 -29 29 -197.122 -196.409 -147.016 -182.864 
0 -192.856 -29 29 -194.709 -197.856 -149.095 -185.004 
0 -193.385 -29 29 -194.709 -197.856 -149.095 -185.004 
-4 -185.283 -29 29 -197.122 -196.409 -147.016 -182.864 
-4 -185.634 -29 29 -197.122 -196.409 -147.016 -182.864 
-4 -185.78 -29 29 -197.122 -196.409 -147.016 -182.864 
-4 -187.034 -29 29 -195.671 -197.624 -147.709 -183.963 
-4 -185.919 -29 29 -197.122 -196.409 -147.016 -182.864 
0 -193.101 -29 29 -196.16 -196.641 -148.402 -183.905 
0 -190.634 -29 29 -196.752 -196.302 -146.323 -182.053 
-4 -186.377 -29 29 -197.122 -196.409 -147.016 -182.864 
-4 -194.062 -29 29 -197.936 -196.067 -147.709 -181.765 
-4 -188.1 -29 29 -195.671 -197.624 -147.709 -183.963 
-4 -188.247 -29 29 -195.671 -197.624 -147.709 -183.963 
-4 -194.708 -29 29 -197.936 -196.067 -147.709 -181.765 
-4 -188.385 -29 29 -195.671 -197.624 -147.709 -183.963 
-5 -187.372 -29 29 -197.936 -196.067 -147.709 -181.765 
-4 -188.843 -29 29 -195.671 -197.624 -147.709 -183.963 
-4 -188.285 -29 29 -197.122 -196.409 -147.016 -182.864 
-4 -189.637 -29 29 -195.671 -197.624 -147.709 -183.963 
-4 -188.515 -29 29 -197.122 -196.409 -147.016 -182.864 
-4 -188.517 -29 29 -197.122 -196.409 -147.016 -182.864 
-4 -188.828 -29 29 -197.122 -196.409 -147.016 -182.864 
-4 -189.088 -29 29 -197.122 -196.409 -147.016 -182.864 
-4 -189.221 -29 29 -197.122 -196.409 -147.016 -182.864 
-4 -192.254 -29 29 -197.122 -196.409 -147.016 -182.864 
-6 -184.193 -29 29 -197.936 -196.067 -147.709 -181.765 
0 -186.516 -29 29 -197.836 -195.456 -147.016 -180.561 
-4 -189.361 -29 29 -197.122 -196.409 -147.016 -182.864 
-4 -190.751 -29 29 -195.671 -197.624 -147.709 -183.963 
-4 -189.626 -29 29 -197.122 -196.409 -147.016 -182.864 
0 -187.017 -29 29 -197.836 -195.456 -147.016 -180.561 
-4 -190.981 -29 29 -195.671 -197.624 -147.709 -183.963 
-4 -190.983 -29 29 -195.671 -197.624 -147.709 -183.963 
-4 -197.342 -29 29 -197.936 -196.067 -147.709 -181.765 
0 -193.275 -29 29 -198.436 -194.994 -147.709 -180.849 
-4 -189.965 -29 29 -197.122 -196.409 -147.016 -182.864 
-4 -191.294 -29 29 -195.671 -197.624 -147.709 -183.963 
-4 -190.324 -29 29 -197.122 -196.409 -147.016 -182.864 
-4 -191.554 -29 29 -195.671 -197.624 -147.709 -183.963 
-4 -190.431 -29 29 -197.122 -196.409 -147.016 -182.864 
-4 -191.688 -29 29 -195.671 -197.624 -147.709 -183.963 
-4 -193.124 -29 29 -195.671 -197.624 -147.709 -183.963 
0 -190.432 -29 29 -198.122 -195.054 -147.303 -181.382 
0 -188.983 -29 29 -196.384 -196.671 -147.709 -181.66 
-4 -191.828 -29 29 -195.671 -197.624 -147.709 -183.963 
-4 -192.092 -29 29 -195.671 -197.624 -147.709 -183.963 
0 -189.484 -29 29 -196.384 -196.671 -147.709 -181.66 
-4 -191.239 -29 29 -197.122 -196.409 -147.016 -182.864 
-4 -192.431 -29 29 -195.671 -197.624 -147.709 -183.963 
-4 -191.276 -29 29 -197.122 -196.409 -147.016 -182.864 
-4 -191.339 -29 29 -197.122 -196.409 -147.016 -182.864 
-4 -191.362 -29 29 -197.122 -196.409 -147.016 -182.864 
-4 -192.538 -29 29 -195.671 -197.624 -147.709 -183.963 
-4 -192.791 -29 29 -195.671 -197.624 -147.709 -183.963 
-4 -192.877 -29 29 -195.671 -197.624 -147.709 -183.963 
-4 -192.897 -29 29 -195.671 -197.624 -147.709 -183.963 
-4 -191.729 -29 29 -197.122 -196.409 -147.016 -182.864 
FEATURES_TXT_END_0
FEATURES_TXT_BEGIN_0 33 98 8 Distortion0_0 LM0_0 WordPenalty0_0 PhrasePenalty0_0 TranslationModel0_0 TranslationModel0_1 TranslationModel0_2 TranslationModel0_3 
0 -160.229 -24 22 -148.257 -143.956 -138.758 -167.855 
0 -158.176 -23 22 -148.736 -144.363 -138.065 -162.964 
0 -156.277 -23 22 -150.737 -143.684 -138.758 -157.029 
0 -159.358 -24 22 -148.546 -144.614 -139.451 -162.969 
0 -154.223 -22 22 -151.216 -144.091 -138.065 -152.138 
0 -155.405 -23 22 -151.027 -144.343 -139.451 -152.143 
0 -157.059 -23 22 -148.495 -144.342 -139.451 -163.824 
0 -157.916 -23 22 -148.77 -144.374 -137.053 -161.84 
0 -153.107 -22 22 -150.975 -144.07 -139.451 -152.998 
0 -153.963 -22 22 -151.251 -144.103 -137.053 -151.014 
0 -156.251 -24 22 -149.169 -142.992 -139.857 -166.651 
0 -154.198 -23 22 -149.648 -143.4 -139.163 -161.759 
0 -152.299 -23 22 -151.65 -142.721 -139.857 -155.825 
0 -157.907 -23 22 -148.063 -144.614 -137.372 -162.964 
0 -155.38 -24 22 -149.459 -143.651 -140.55 -161.765 
-3 -156.276 -24 22 -148.257 -143.956 -138.758 -167.855 
0 -150.245 -22 22 -152.129 -143.128 -139.163 -150.934 
0 -153.955 -22 22 -150.544 -144.343 -137.372 -152.138 
0 -151.427 -23 22 -151.939 -143.379 -140.55 -150.939 
0 -153.081 -23 22 -149.407 -143.378 -140.55 -162.62 
-3 -152.324 -23 22 -150.737 -143.684 -138.758 -157.029 
0 -153.938 -23 22 -149.682 -143.411 -138.152 -160.636 
-4 -153.073 -24 22 -148.257 -143.956 -138.758 -167.855 
-3 -156.244 -23 22 -148.736 -144.363 -138.065 -162.964 
0 -149.129 -22 22 -151.888 -143.107 -140.55 -151.794 
-3 -157.705 -24 22 -148.546 -144.614 -139.451 -162.969 
0 -149.985 -22 22 -152.163 -143.139 -138.152 -149.81 
0 -158.904 -25 22 -149.738 -141.372 -140.144 -170.847 
-4 -155.893 -24 22 -148.257 -143.956 -138.758 -167.855 
-4 -151.019 -23 22 -148.736 -144.363 -138.065 -162.964 
-4 -149.12 -23 22 -150.737 -143.684 -138.758 -157.029 
-4 -156.762 -24 22 -148.257 -143.956 -138.758 -167.855 
-3 -152.291 -22 22 -151.216 -144.091 -138.065 -152.138 
-4 -152.431 -23 22 -148.736 -144.363 -138.065 -162.964 
-4 -152.201 -24 22 -148.546 -144.614 -139.451 -162.969 
-4 -157.941 -24 22 -148.257 -143.956 -138.758 -167.855 
-4 -158.47 -24 22 -148.257 -143.956 -138.758 -167.855 
-4 -158.707 -24 22 -148.257 -143.956 -138.758 -167.855 
-3 -153.753 -23 22 -151.027 -144.343 -139.451 -152.143 
-4 -158.923 -24 22 -148.257 -143.956 -138.758 -167.855 
0 -156.851 -24 22 -150.217 -141.779 -139.451 -165.956 
-4 -153.84 -23 22 -148.736 -144.363 -138.065 -162.964 
-4 -159.075 -24 22 -148.257 -143.956 -138.758 -167.855 
-4 -159.199 -24 22 -148.257 -143.956 -138.758 -167.855 
0 -154.952 -24 22 -152.219 -141.1 -140.144 -160.022 
-4 -151.941 -23 22 -150.737 -143.684 -138.758 -157.029 
-3 -155.887 -23 22 -148.77 -144.374 -137.053 -161.84 
-4 -147.067 -22 22 -151.216 -144.091 -138.065 -152.138 
-4 -159.603 -24 22 -148.257 -143.956 -138.758 -167.855 
0 -158.762 -23 22 -147.919 -145.076 -138.758 -160.585 
-4 -160.006 -24 22 -148.257 -143.956 -138.758 -167.855 
-3 -156.354 -23 22 -148.495 -144.342 -139.451 -163.824 
-4 -160.112 -24 22 -148.257 -143.956 -138.758 -167.855 
-4 -152.81 -23 22 -150.737 -143.684 -138.758 -157.029 
-4 -160.229 -24 22 -148.257 -143.956 -138.758 -167.855 
-4 -156.16 -23 22 -150.737 -143.684 -138.758 -157.029 
-4 -160.294 -24 22 -148.257 -143.956 -138.758 -167.855 
-4 -160.446 -24 22 -148.257 -143.956 -138.758 -167.855 
0 -158.033 -25 22 -150.028 -142.03 -140.837 -165.961 
-4 -160.577 -24 22 -148.257 -143.956 -138.758 -167.855 
-4 -155.022 -24 22 -148.546 -144.614 -139.451 -162.969 
-4 -160.712 -24 22 -148.257 -143.956 -138.758 -167.855 
-4 -155.273 -24 22 -148.546 -144.614 -139.451 -162.969 
-4 -148.478 -22 22 -151.216 -144.091 -138.065 -152.138 
-4 -155.887 -23 22 -148.736 -144.363 -138.065 -162.964 
-4 -148.249 -23 22 -151.027 -144.343 -139.451 -152.143 
-4 -161.237 -24 22 -148.257 -143.956 -138.758 -167.855 
-4 -149.903 -23 22 -148.495 -144.342 -139.451 -163.824 
-4 -161.435 -24 22 -148.257 -143.956 -138.758 -167.855 
-4 -156.416 -23 22 -148.736 -144.363 -138.065 -162.964 
-4 -156.654 -23 22 -148.736 -144.363 -138.065 -162.964 
0 -153.929 -23 22 -148.975 -143.651 -138.47 -161.759 
-4 -154.517 -23 22 -150.737 -143.684 -138.758 -157.029 
-4 -156.87 -23 22 -148.736 -144.363 -138.065 -162.964 
-4 -150.759 -23 22 -148.77 -144.374 -137.053 -161.84 
-4 -157.022 -23 22 -148.736 -144.363 -138.065 -162.964 
-4 -150.88 -23 22 -148.77 -144.374 -137.053 -161.84 
0 -152.899 -23 22 -152.698 -141.507 -139.451 -155.13 
-4 -149.888 -22 22 -151.216 -144.091 -138.065 -152.138 
-4 -162.392 -24 22 -148.257 -143.956 -138.758 -167.855 
-4 -157.323 -23 22 -148.736 -144.363 -138.065 -162.964 
-4 -155.123 -23 22 -150.737 -143.684 -138.758 -157.029 
-3 -152.298 -24 22 -149.169 -142.992 -139.857 -166.651 
-4 -155.247 -23 22 -150.737 -143.684 -138.758 -157.029 
-4 -157.069 -24 22 -148.546 -144.614 -139.451 -162.969 
0 -156.709 -22 22 -148.398 -145.483 -138.065 -155.694 
-3 -151.935 -22 22 -151.251 -144.103 -137.053 -151.014 
-4 -157.726 -23 22 -148.736 -144.363 -138.065 -162.964 
-4 -155.65 -23 22 -150.738 -143.684 -138.758 -157.029 
-4 -157.953 -23 22 -148.736 -144.363 -138.065 -162.964 
-4 -155.823 -23 22 -150.737 -143.684 -138.758 -157.029 
-4 -157.598 -24 22 -148.546 -144.614 -139.451 -162.969 
-4 -158.059 -23 22 -148.736 -144.363 -138.065 -162.964 
-4 -158.176 -23 22 -148.736 -144.363 -138.065 -162.964 
-3 -152.402 -22 22 -150.975 -144.07 -139.451 -152.998 
-4 -158.24 -23 22 -148.736 -144.363 -138.065 -162.964 
-4 -156.054 -23 22 -150.737 -143.684 -138.758 -157.029 
-4 -157.836 -24 22 -148.546 -144.614 -139.451 -162.969 
FEATURES_TXT_END_0
FEATURES_TXT_BEGIN_0 34 70 8 Distortion0_0 LM0_0 WordPenalty0_0 PhrasePenalty0_0 TranslationModel0_0 TranslationModel0_1 TranslationModel0_2 TranslationModel0_3 
0 -278.597 -39 35 -222.315 -213.019 -199.412 -251.473 
0 -276.729 -39 35 -222.315 -212.974 -199.412 -251.473 
-3 -269.004 -38 35 -224.795 -212.658 -199.412 -240.647 
0 -274.862 -39 35 -222.315 -212.93 -199.412 -251.473 
0 -286.903 -40 35 -219.834 -213.29 -199.412 -262.298 
0 -285.036 -40 35 -219.834 -213.246 -199.412 -262.298 
0 -283.583 -39 35 -223.227 -212.011 -200.511 -250.269 
0 -283.169 -40 35 -219.834 -213.201 -199.412 -262.298 
0 -275.739 -38 35 -224.795 -212.747 -199.412 -240.647 
0 -273.872 -38 35 -224.795 -212.702 -199.412 -240.647 
-4 -272.466 -39 35 -222.315 -213.019 -199.412 -251.473 
0 -272.005 -38 35 -224.795 -212.658 -199.412 -240.647 
0 -284.045 -39 35 -222.315 -213.019 -199.412 -251.473 
0 -282.178 -39 35 -222.315 -212.974 -199.412 -251.473 
-3 -270.871 -38 35 -224.795 -212.702 -199.412 -240.647 
0 -280.311 -39 35 -222.315 -212.93 -199.412 -251.473 
0 -271.101 -39 35 -224.031 -211.924 -196.97 -246.651 
0 -269.234 -39 35 -224.031 -211.879 -196.97 -246.651 
0 -285.45 -39 35 -223.227 -212.055 -200.511 -250.269 
0 -267.367 -39 35 -224.031 -211.834 -196.97 -246.651 
0 -279.408 -40 35 -221.55 -212.195 -196.97 -257.476 
0 -277.54 -40 35 -221.55 -212.151 -196.97 -257.476 
0 -268.349 -40 35 -221.55 -211.822 -196.97 -256.377 
0 -275.673 -40 35 -221.55 -212.106 -196.97 -257.476 
0 -268.243 -38 35 -226.511 -211.652 -196.97 -235.825 
0 -266.376 -38 35 -226.511 -211.607 -196.97 -235.825 
-3 -272.738 -38 35 -224.795 -212.747 -199.412 -240.647 
0 -264.509 -38 35 -226.511 -211.563 -196.97 -235.825 
0 -276.55 -39 35 -224.031 -211.924 -196.97 -246.651 
0 -274.683 -39 35 -224.031 -211.879 -196.97 -246.651 
0 -270.216 -40 35 -221.55 -211.867 -196.97 -256.377 
0 -272.816 -39 35 -224.031 -211.834 -196.97 -246.651 
0 -269.405 -39 35 -222.315 -212.691 -199.412 -250.374 
0 -278.113 -40 35 -224.075 -211.834 -200.105 -246.656 
0 -267.538 -39 35 -222.315 -212.646 -199.412 -250.374 
0 -279.98 -40 35 -224.075 -211.879 -200.105 -246.656 
0 -277.711 -40 35 -219.834 -212.962 -199.412 -261.199 
0 -281.847 -40 35 -224.075 -211.924 -200.105 -246.656 
0 -275.844 -40 35 -219.834 -212.918 -199.412 -261.199 
0 -273.409 -38 35 -225.708 -211.694 -200.511 -239.443 
0 -276.398 -40 35 -224.075 -211.924 -200.105 -246.656 
0 -274.531 -40 35 -224.075 -211.879 -200.105 -246.656 
0 -275.276 -38 35 -225.708 -211.739 -200.511 -239.443 
0 -272.664 -40 35 -224.075 -211.834 -200.105 -246.656 
0 -280.001 -39 35 -223.227 -212.055 -200.511 -250.269 
0 -278.134 -39 35 -223.227 -212.011 -200.511 -250.269 
0 -277.143 -38 35 -225.708 -211.784 -200.511 -239.443 
0 -276.267 -39 35 -223.227 -211.966 -200.511 -250.269 
0 -284.705 -41 35 -221.595 -212.195 -200.105 -257.481 
0 -282.838 -41 35 -221.595 -212.151 -200.105 -257.481 
0 -260.042 -39 35 -224.031 -211.551 -196.97 -245.552 
0 -280.971 -41 35 -221.595 -212.106 -200.105 -257.481 
0 -266.547 -38 35 -224.795 -212.419 -199.412 -239.549 
0 -261.909 -39 35 -224.031 -211.595 -196.97 -245.552 
-3 -275.596 -39 35 -222.315 -213.019 -199.412 -251.473 
0 -288.308 -40 35 -220.747 -212.327 -200.511 -261.094 
0 -264.68 -38 35 -224.795 -212.374 -199.412 -239.549 
0 -269.807 -39 35 -226.556 -211.563 -200.105 -235.831 
-3 -273.729 -39 35 -222.315 -212.974 -199.412 -251.473 
0 -271.674 -39 35 -226.556 -211.607 -200.105 -235.831 
0 -286.441 -40 35 -220.747 -212.282 -200.511 -261.094 
0 -286.441 -40 35 -220.747 -212.283 -200.511 -261.094 
-3 -271.862 -39 35 -222.315 -212.93 -199.412 -251.473 
0 -284.574 -40 35 -220.747 -212.238 -200.511 -261.094 
0 -274.854 -39 35 -222.315 -212.691 -199.412 -250.374 
0 -273.541 -39 35 -226.556 -211.652 -200.105 -235.831 
-3 -283.903 -40 35 -219.834 -213.29 -199.412 -262.298 
0 -272.987 -39 35 -222.315 -212.646 -199.412 -250.374 
-3 -280.169 -40 35 -219.834 -213.201 -199.412 -262.298 
-3 -282.036 -40 35 -219.834 -213.246 -199.412 -262.298 
FEATURES_TXT_END_0
FEATURES_TXT_BEGIN_0 35 100 8 Distortion0_0 LM0_0 WordPenalty0_0 PhrasePenalty0_0 TranslationModel0_0 TranslationModel0_1 TranslationModel0_2 TranslationModel0_3 
0 -284.112 -44 39 -245.906 -258.032 -216.612 -303.593 
0 -299.285 -46 39 -242.107 -259.214 -217.711 -317.184 
0 -279.203 -43 39 -248.386 -257.76 -216.612 -292.768 
0 -294.376 -45 39 -244.587 -258.942 -217.711 -306.358 
0 -280.795 -43 39 -248.386 -257.76 -216.612 -292.768 
0 -295.967 -45 39 -244.587 -258.942 -217.711 -306.358 
0 -281.156 -44 39 -246.706 -257.437 -216.612 -301.984 
0 -279.925 -44 39 -246.099 -257.87 -215.919 -302.34 
0 -281.805 -43 39 -248.386 -257.76 -216.612 -292.768 
0 -296.328 -46 39 -242.907 -258.619 -217.711 -315.574 
0 -295.097 -46 39 -242.3 -259.052 -217.018 -315.931 
0 -296.977 -45 39 -244.587 -258.942 -217.711 -306.358 
0 -282.903 -43 39 -248.386 -257.76 -216.612 -292.768 
0 -281.122 -44 39 -247.77 -256.448 -216.612 -301.696 
0 -275.886 -42 39 -250.867 -257.488 -216.612 -281.942 
0 -298.076 -45 39 -244.587 -258.942 -217.711 -306.358 
0 -296.294 -46 39 -243.971 -257.63 -217.711 -315.287 
0 -291.058 -44 39 -247.068 -258.67 -217.711 -295.533 
0 -276.246 -43 39 -249.187 -257.165 -216.612 -291.158 
0 -275.015 -43 39 -248.579 -257.598 -215.919 -291.515 
0 -276.896 -42 39 -250.867 -257.488 -216.612 -281.942 
0 -291.419 -45 39 -245.387 -258.347 -217.711 -304.749 
0 -290.188 -45 39 -244.78 -258.78 -217.018 -305.106 
0 -292.068 -44 39 -247.068 -258.67 -217.711 -295.533 
0 -276.644 -44 39 -247.622 -256.936 -214.17 -298.771 
0 -291.816 -46 39 -243.822 -258.118 -215.268 -312.362 
0 -277.994 -42 39 -250.867 -257.488 -216.612 -281.942 
0 -276.213 -43 39 -250.251 -256.176 -216.612 -290.87 
0 -277.838 -43 39 -249.187 -257.165 -216.612 -291.158 
0 -291.325 -44 39 -246.765 -257.382 -216.612 -302.612 
0 -277.626 -44 39 -247.622 -256.936 -214.17 -298.771 
0 -276.607 -43 39 -248.579 -257.598 -215.919 -291.515 
0 -293.167 -44 39 -247.068 -258.67 -217.711 -295.533 
0 -291.385 -45 39 -246.451 -257.358 -217.711 -304.461 
0 -278.487 -42 39 -250.867 -257.488 -216.612 -281.942 
0 -293.01 -45 39 -245.387 -258.347 -217.711 -304.749 
0 -306.497 -46 39 -242.966 -258.564 -217.711 -316.203 
0 -292.799 -46 39 -243.822 -258.118 -215.268 -312.362 
0 -291.779 -45 39 -244.78 -258.78 -217.018 -305.106 
0 -280.015 -43 39 -247.159 -257.341 -215.919 -299.516 
0 -293.66 -44 39 -247.068 -258.67 -217.711 -295.533 
0 -276.968 -44 39 -246.899 -257.276 -215.919 -300.731 
0 -278.848 -43 39 -249.187 -257.165 -216.612 -291.158 
0 -295.188 -45 39 -243.359 -258.523 -217.018 -313.106 
0 -292.14 -46 39 -243.1 -258.458 -217.018 -314.322 
0 -294.02 -45 39 -245.387 -258.347 -217.711 -304.749 
0 -279.586 -42 39 -250.867 -257.488 -216.612 -281.942 
0 -277.804 -43 39 -250.251 -256.176 -216.612 -290.87 
0 -271.734 -43 39 -250.102 -256.665 -214.17 -287.945 
0 -294.758 -44 39 -247.068 -258.67 -217.711 -295.533 
0 -292.977 -45 39 -246.451 -257.358 -217.711 -304.461 
0 -279.947 -43 39 -249.187 -257.165 -216.612 -291.158 
0 -278.165 -44 39 -248.57 -255.853 -216.612 -300.086 
0 -286.907 -45 39 -246.303 -257.847 -215.268 -301.536 
0 -272.109 -44 39 -248.422 -256.342 -214.17 -297.161 
0 -278.66 -43 39 -248.579 -257.599 -215.919 -291.515 
0 -272.929 -42 39 -251.667 -256.894 -216.612 -280.333 
0 -278.716 -43 39 -248.579 -257.598 -215.919 -291.515 
0 -276.934 -44 39 -247.963 -256.286 -215.919 -300.443 
0 -280.596 -42 39 -250.867 -257.488 -216.612 -281.942 
0 -278.814 -43 39 -250.251 -256.176 -216.612 -290.87 
0 -295.119 -45 39 -245.387 -258.347 -217.711 -304.749 
0 -293.338 -46 39 -244.771 -257.035 -217.711 -313.677 
0 -286.415 -43 39 -249.246 -257.11 -216.612 -291.787 
0 -272.717 -43 39 -250.102 -256.665 -214.17 -287.945 
0 -271.698 -42 39 -251.06 -257.327 -215.919 -280.689 
0 -287.282 -46 39 -244.623 -257.524 -215.268 -310.752 
0 -273.578 -41 39 -253.348 -257.217 -216.612 -271.117 
0 -293.833 -45 39 -244.78 -258.78 -217.018 -305.106 
0 -288.101 -44 39 -247.868 -258.076 -217.711 -293.924 
0 -293.888 -45 39 -244.78 -258.78 -217.018 -305.106 
0 -292.107 -46 39 -244.164 -257.468 -217.018 -314.034 
0 -295.768 -44 39 -247.068 -258.67 -217.711 -295.533 
0 -293.987 -45 39 -246.451 -257.358 -217.711 -304.461 
0 -301.588 -45 39 -245.447 -258.292 -217.711 -305.378 
0 -287.89 -45 39 -246.303 -257.847 -215.268 -301.536 
0 -286.87 -44 39 -247.261 -258.509 -217.018 -294.28 
0 -275.106 -42 39 -249.639 -257.069 -215.919 -288.69 
0 -288.75 -43 39 -249.548 -258.398 -217.711 -284.708 
0 -273.326 -43 39 -250.102 -256.665 -214.17 -287.945 
0 -272.059 -43 39 -249.38 -257.004 -215.919 -289.905 
0 -273.939 -42 39 -251.667 -256.894 -216.612 -280.333 
0 -279.913 -43 39 -250.251 -256.176 -216.612 -290.87 
0 -290.279 -44 39 -245.84 -258.251 -217.018 -302.281 
0 -288.498 -45 39 -246.303 -257.847 -215.268 -301.536 
0 -287.231 -45 39 -245.58 -258.186 -217.018 -303.496 
0 -289.111 -44 39 -247.868 -258.076 -217.711 -293.924 
0 -274.677 -41 39 -253.348 -257.217 -216.612 -271.117 
0 -272.895 -42 39 -252.731 -255.904 -216.612 -280.045 
0 -295.085 -45 39 -246.451 -257.358 -217.711 -304.461 
0 -288.007 -43 39 -249.246 -257.11 -216.612 -291.787 
0 -272.456 -44 39 -247.815 -256.775 -213.477 -297.518 
0 -274.309 -43 39 -250.102 -256.665 -214.17 -287.945 
0 -274.336 -43 39 -250.102 -256.665 -214.17 -287.945 
0 -289.849 -43 39 -249.548 -258.398 -217.711 -284.708 
0 -288.068 -44 39 -248.932 -257.086 -217.711 -293.636 
0 -275.037 -42 39 -251.667 -256.894 -216.612 -280.333 
0 -273.256 -43 39 -251.051 -255.582 -216.612 -289.261 
0 -303.179 -45 39 -245.447 -258.292 -217.711 -305.378 
0 -287.628 -46 39 -244.016 -257.957 -214.575 -311.109 
FEATURES_TXT_END_0
FEATURES_TXT_BEGIN_0 36 98 8 Distortion0_0 LM0_0 WordPenalty0_0 PhrasePenalty0_0 TranslationModel0_0 TranslationModel0_1 TranslationModel0_2 TranslationModel0_3 
0 -332.2 -54 50 -325.127 -337.685 -296.36 -346.377 
0 -340.507 -55 50 -322.647 -337.957 -296.36 -357.202 
0 -333.899 -54 50 -326.215 -336.781 -296.36 -345.198 
0 -327.446 -53 50 -328.624 -335.428 -296.36 -339.947 
0 -342.205 -55 50 -323.734 -337.052 -296.36 -356.024 
0 -335.752 -54 50 -326.143 -335.7 -296.36 -350.773 
0 -332.889 -54 50 -324.433 -337.882 -295.667 -347.224 
0 -341.196 -55 50 -321.953 -338.154 -295.667 -358.05 
0 -329.144 -53 50 -329.711 -334.523 -296.36 -338.769 
0 -335.194 -54 50 -323.995 -338.278 -296.36 -347.475 
0 -337.451 -54 50 -327.231 -334.795 -296.36 -349.594 
0 -331.635 -54 50 -325.002 -337.538 -296.36 -345.972 
0 -343.501 -55 50 -321.514 -338.55 -296.36 -358.301 
0 -339.941 -55 50 -322.521 -337.81 -296.36 -356.797 
0 -332.177 -54 50 -325.158 -337.496 -296.36 -345.278 
0 -340.483 -55 50 -322.677 -337.767 -296.36 -356.104 
0 -334.731 -54 50 -324.68 -337.341 -296.36 -348.322 
0 -334.588 -54 50 -325.521 -336.977 -295.667 -346.046 
0 -328.135 -53 50 -327.93 -335.625 -295.667 -340.794 
0 -343.037 -55 50 -322.2 -337.613 -296.36 -359.148 
0 -342.894 -55 50 -323.04 -337.249 -295.667 -356.871 
0 -336.441 -54 50 -325.449 -335.896 -295.667 -351.62 
0 -330.813 -54 50 -324.247 -337.79 -296.36 -347.476 
0 -336.893 -54 50 -325.083 -337.374 -296.36 -346.297 
0 -330.44 -53 50 -327.491 -336.021 -296.36 -341.046 
0 -333.333 -54 50 -326.089 -336.634 -296.36 -344.793 
0 -326.88 -53 50 -328.498 -335.281 -296.36 -339.542 
0 -330.626 -54 50 -325.336 -337.133 -296.36 -345.53 
0 -339.12 -55 50 -321.766 -338.061 -296.36 -358.301 
0 -345.199 -55 50 -322.602 -337.645 -296.36 -357.122 
0 -338.746 -54 50 -325.011 -336.293 -296.36 -351.871 
0 -341.64 -55 50 -323.608 -336.905 -296.36 -355.618 
0 -335.187 -54 50 -326.017 -335.553 -296.36 -350.367 
0 -338.933 -55 50 -322.855 -337.405 -296.36 -356.355 
0 -333.875 -54 50 -326.246 -336.591 -296.36 -344.1 
0 -327.422 -53 50 -328.655 -335.238 -296.36 -338.849 
0 -342.182 -55 50 -323.765 -336.863 -296.36 -354.925 
0 -335.729 -54 50 -326.174 -335.51 -296.36 -349.674 
0 -336.429 -54 50 -325.768 -336.436 -296.36 -347.144 
0 -329.976 -53 50 -328.177 -335.084 -296.36 -341.893 
0 -329.833 -53 50 -329.017 -334.72 -295.667 -339.616 
0 -329.475 -54 50 -325.721 -337.269 -293.064 -341.807 
0 -335.883 -54 50 -323.301 -338.475 -295.667 -348.323 
-4 -327.543 -54 50 -325.127 -337.685 -296.36 -346.377 
0 -344.736 -55 50 -323.287 -336.708 -296.36 -357.969 
0 -338.283 -54 50 -325.696 -335.355 -296.36 -352.718 
0 -338.139 -54 50 -326.537 -334.992 -295.667 -350.441 
0 -337.781 -55 50 -323.241 -337.541 -293.064 -352.633 
-4 -327.991 -54 50 -325.127 -337.685 -296.36 -346.377 
0 -332.324 -54 50 -324.307 -337.735 -295.667 -346.819 
-4 -328.482 -54 50 -325.127 -337.685 -296.36 -346.377 
0 -344.19 -55 50 -320.82 -338.747 -295.667 -359.148 
-4 -335.85 -55 50 -322.647 -337.957 -296.36 -357.202 
-4 -336.297 -55 50 -322.647 -337.957 -296.36 -357.202 
-4 -336.47 -55 50 -322.647 -337.957 -296.36 -357.202 
0 -332.512 -54 50 -325.334 -336.885 -296.36 -346.297 
0 -326.059 -53 50 -327.743 -335.532 -296.36 -341.046 
0 -340.63 -55 50 -321.827 -338.007 -295.667 -357.644 
0 -332.138 -53 50 -328.579 -335.116 -296.36 -339.867 
-4 -329.322 -54 50 -325.127 -337.685 -296.36 -346.377 
-4 -336.788 -55 50 -322.647 -337.957 -296.36 -357.202 
-4 -337.008 -55 50 -322.647 -337.957 -296.36 -357.202 
0 -328.578 -53 50 -329.586 -334.376 -296.36 -338.363 
0 -332.325 -54 50 -326.423 -336.229 -296.36 -344.351 
0 -340.818 -55 50 -322.854 -337.157 -296.36 -357.122 
0 -325.872 -53 50 -328.832 -334.876 -296.36 -339.1 
0 -334.365 -54 50 -325.262 -335.804 -296.36 -351.871 
0 -340.445 -54 50 -326.098 -335.388 -296.36 -350.693 
-4 -337.629 -55 50 -322.647 -337.957 -296.36 -357.202 
-4 -330.414 -54 50 -325.127 -337.685 -296.36 -346.377 
0 -333.641 -54 50 -324.066 -337.819 -297.053 -347.763 
0 -332.866 -54 50 -324.464 -337.692 -295.667 -346.126 
-4 -330.614 -54 50 -325.127 -337.685 -296.36 -346.377 
-4 -330.645 -54 50 -325.127 -337.685 -296.36 -346.377 
-4 -332.143 -54 50 -325.127 -337.685 -296.36 -346.377 
-4 -330.683 -54 50 -325.127 -337.685 -296.36 -346.377 
0 -334.629 -54 50 -323.869 -338.131 -296.36 -347.07 
-4 -330.826 -54 50 -325.127 -337.685 -296.36 -346.377 
0 -336.885 -54 50 -327.105 -334.648 -296.36 -349.189 
-4 -338.328 -55 50 -322.647 -337.957 -296.36 -357.202 
-4 -331.049 -54 50 -325.127 -337.685 -296.36 -346.377 
0 -340.631 -55 50 -323.943 -336.5 -296.36 -355.176 
0 -334.178 -54 50 -326.352 -335.148 -296.36 -349.925 
0 -331.876 -54 50 -325.815 -336.684 -294.974 -344.431 
-4 -338.703 -55 50 -322.647 -337.957 -296.36 -357.202 
0 -341.947 -55 50 -321.585 -338.091 -297.053 -358.588 
-4 -331.457 -54 50 -325.127 -337.685 -296.36 -346.377 
0 -341.172 -55 50 -321.983 -337.964 -295.667 -356.951 
-4 -338.921 -55 50 -322.647 -337.957 -296.36 -357.202 
-4 -331.61 -54 50 -325.127 -337.685 -296.36 -346.377 
-4 -338.952 -55 50 -322.647 -337.957 -296.36 -357.202 
-4 -339.356 -55 50 -322.647 -337.957 -296.36 -357.202 
-4 -331.648 -54 50 -325.127 -337.685 -296.36 -346.377 
-4 -338.99 -55 50 -322.647 -337.957 -296.36 -357.202 
0 -342.935 -55 50 -321.389 -338.403 -296.36 -357.896 
-4 -339.133 -55 50 -322.647 -337.957 -296.36 -357.202 
0 -335.42 -54 50 -323.986 -337.538 -295.667 -349.17 
-4 -331.912 -54 50 -325.127 -337.685 -296.36 -346.377 
FEATURES_TXT_END_0
FEATURES_TXT_BEGIN_0 37 97 8 Distortion0_0 LM0_0 WordPenalty0_0 PhrasePenalty0_0 TranslationModel0_0 TranslationModel0_1 TranslationModel0_2 TranslationModel0_3 
0 -235.254 -38 33 -209.211 -214.248 -193.091 -255.635 
0 -231.326 -37 33 -211.691 -213.976 -193.091 -244.81 
0 -233.684 -37 33 -211.691 -213.976 -193.091 -244.81 
0 -227.723 -38 33 -210.927 -213.152 -190.649 -250.813 
0 -229.757 -36 33 -214.172 -213.704 -193.091 -233.984 
0 -223.795 -37 33 -213.407 -212.881 -190.649 -239.987 
0 -226.153 -37 33 -213.407 -212.881 -190.649 -239.987 
0 -229.115 -39 33 -210.971 -213.152 -193.784 -250.818 
0 -234.797 -38 33 -209.085 -214.101 -193.091 -255.23 
0 -222.226 -36 33 -215.888 -212.609 -190.649 -229.162 
0 -225.188 -38 33 -213.452 -212.881 -193.784 -239.993 
0 -230.87 -37 33 -211.566 -213.829 -193.091 -244.404 
0 -227.546 -38 33 -213.452 -212.881 -193.784 -239.993 
0 -233.228 -37 33 -211.566 -213.829 -193.091 -244.404 
0 -227.266 -38 33 -210.801 -213.005 -190.649 -250.408 
-3 -235.289 -38 33 -209.211 -214.248 -193.091 -255.635 
0 -234.849 -38 33 -208.249 -214.48 -194.478 -256.676 
0 -223.619 -37 33 -215.932 -212.609 -193.784 -229.167 
0 -229.301 -36 33 -214.046 -213.557 -193.091 -233.579 
0 -228.934 -37 33 -210.73 -214.208 -194.478 -245.851 
-4 -229.924 -38 33 -209.211 -214.248 -193.091 -255.635 
0 -223.339 -37 33 -213.281 -212.734 -190.649 -239.582 
-3 -231.361 -37 33 -211.691 -213.976 -193.091 -244.81 
-4 -231.343 -38 33 -209.211 -214.248 -193.091 -255.635 
-4 -231.57 -38 33 -209.211 -214.248 -193.091 -255.635 
0 -227.764 -36 33 -209.211 -214.272 -193.091 -251.641 
0 -229.797 -38 33 -210.87 -212.583 -193.379 -252.495 
-4 -232.912 -38 33 -209.211 -214.248 -193.091 -255.635 
0 -225.697 -37 33 -213.281 -212.734 -190.649 -239.582 
-3 -233.72 -37 33 -211.691 -213.976 -193.091 -244.81 
-4 -225.996 -37 33 -211.691 -213.976 -193.091 -244.81 
-4 -233.371 -38 33 -209.211 -214.248 -193.091 -255.635 
0 -232.88 -37 33 -208.873 -215.368 -193.091 -248.365 
0 -236.96 -38 33 -208.149 -214.381 -193.784 -257.021 
-4 -233.87 -38 33 -209.211 -214.248 -193.091 -255.635 
-4 -226.761 -37 33 -211.691 -213.976 -193.091 -244.81 
-4 -226.796 -37 33 -211.691 -213.976 -193.091 -244.81 
-4 -234.128 -38 33 -209.211 -214.248 -193.091 -255.635 
-4 -234.127 -38 33 -209.211 -214.248 -193.091 -255.635 
-4 -234.219 -38 33 -209.211 -214.248 -193.091 -255.635 
-4 -234.428 -38 33 -209.211 -214.248 -193.091 -255.635 
0 -228.659 -39 33 -210.845 -213.005 -193.784 -250.413 
-4 -227.415 -37 33 -211.691 -213.976 -193.091 -244.81 
-4 -234.742 -38 33 -209.211 -214.248 -193.091 -255.635 
-4 -227.643 -37 33 -211.691 -213.976 -193.091 -244.81 
-4 -235.129 -38 33 -209.211 -214.248 -193.091 -255.635 
-4 -235.188 -38 33 -209.211 -214.248 -193.091 -255.635 
-4 -235.254 -38 33 -209.211 -214.248 -193.091 -255.635 
-4 -231.569 -37 33 -211.691 -213.976 -193.091 -244.81 
-4 -238.88 -38 33 -209.211 -214.248 -193.091 -255.635 
-3 -227.758 -38 33 -210.927 -213.152 -190.649 -250.813 
-4 -235.41 -38 33 -209.211 -214.248 -193.091 -255.635 
-4 -235.442 -38 33 -209.211 -214.248 -193.091 -255.635 
0 -223.837 -35 33 -211.691 -214 -193.091 -240.815 
-4 -235.497 -38 33 -209.211 -214.248 -193.091 -255.635 
-4 -235.625 -38 33 -209.211 -214.248 -193.091 -255.635 
-4 -228.354 -37 33 -211.691 -213.976 -193.091 -244.81 
-4 -235.679 -38 33 -209.211 -214.248 -193.091 -255.635 
-4 -235.681 -38 33 -209.211 -214.248 -193.091 -255.635 
0 -227.318 -38 33 -209.965 -213.384 -192.035 -251.854 
-4 -235.825 -38 33 -209.211 -214.248 -193.091 -255.635 
-4 -235.824 -38 33 -209.211 -214.248 -193.091 -255.635 
0 -225.87 -37 33 -213.35 -212.312 -193.379 -241.669 
-4 -236.151 -38 33 -209.211 -214.248 -193.091 -255.635 
0 -235.855 -37 33 -210.73 -214.208 -194.478 -245.851 
-4 -228.985 -37 33 -211.691 -213.976 -193.091 -244.81 
0 -221.77 -36 33 -215.762 -212.462 -190.649 -228.757 
-3 -229.792 -36 33 -214.172 -213.704 -193.091 -233.984 
-4 -229.444 -37 33 -211.691 -213.976 -193.091 -244.81 
0 -236.039 -37 33 -208.873 -215.368 -193.091 -248.365 
-4 -229.774 -37 33 -211.691 -213.976 -193.091 -244.81 
0 -221.403 -37 33 -212.446 -213.113 -192.035 -241.029 
0 -233.032 -37 33 -210.63 -214.109 -193.784 -246.196 
-4 -229.943 -37 33 -211.691 -213.976 -193.091 -244.81 
-4 -230.201 -37 33 -211.691 -213.976 -193.091 -244.81 
-4 -230.2 -37 33 -211.691 -213.976 -193.091 -244.81 
0 -229.941 -36 33 -213.21 -213.936 -194.478 -235.026 
-4 -230.292 -37 33 -211.691 -213.976 -193.091 -244.81 
-4 -223.025 -36 33 -214.172 -213.704 -193.091 -233.984 
-4 -230.451 -37 33 -211.691 -213.976 -193.091 -244.81 
-4 -222.393 -38 33 -210.927 -213.152 -190.649 -250.813 
-4 -230.461 -37 33 -211.691 -213.976 -193.091 -244.81 
0 -226.195 -35 33 -211.691 -214 -193.091 -240.815 
-4 -230.501 -37 33 -211.691 -213.976 -193.091 -244.81 
0 -224.732 -38 33 -213.326 -212.734 -193.784 -239.588 
-4 -237.957 -38 33 -209.211 -214.248 -193.091 -255.635 
-4 -230.648 -37 33 -211.691 -213.976 -193.091 -244.81 
-4 -230.659 -37 33 -211.691 -213.976 -193.091 -244.81 
-4 -230.815 -37 33 -211.691 -213.976 -193.091 -244.81 
0 -228.228 -37 33 -213.35 -212.312 -193.379 -241.669 
-4 -238.468 -38 33 -209.211 -214.248 -193.091 -255.635 
-4 -231.202 -37 33 -211.691 -213.976 -193.091 -244.81 
-4 -231.326 -37 33 -211.691 -213.976 -193.091 -244.81 
-4 -231.515 -37 33 -211.691 -213.976 -193.091 -244.81 
-4 -231.343 -37 33 -211.691 -213.976 -193.091 -244.81 
-3 -223.83 -37 33 -213.407 -212.881 -190.649 -239.987 
-4 -231.483 -37 33 -211.691 -213.976 -193.091 -244.81 
FEATURES_TXT_END_0
FEATURES_TXT_BEGIN_0 38 100 8 Distortion0_0 LM0_0 WordPenalty0_0 PhrasePenalty0_0 TranslationModel0_0 TranslationModel0_1 TranslationModel0_2 TranslationModel0_3 
0 -265.633 -45 41 -278.008 -279.666 -252.18 -305.492 
0 -261.824 -44 41 -280.488 -279.394 -252.18 -294.667 
0 -264.463 -44 41 -280.488 -279.394 -252.18 -294.667 
0 -264.984 -45 41 -277.958 -279.44 -252.18 -306.011 
0 -269.558 -45 41 -277.912 -279.606 -252.18 -305.78 
0 -267.17 -45 41 -277.958 -279.44 -252.18 -306.011 
0 -260.654 -43 41 -282.969 -279.122 -252.18 -283.842 
0 -261.175 -44 41 -280.439 -279.168 -252.18 -295.186 
0 -264.197 -45 41 -277.715 -279.865 -252.18 -304.576 
0 -265.749 -44 41 -280.393 -279.334 -252.18 -294.955 
0 -263.361 -44 41 -280.439 -279.168 -252.18 -295.186 
0 -263.815 -44 41 -280.439 -279.168 -252.18 -295.186 
0 -267.317 -45 41 -277.314 -279.862 -251.487 -306.34 
0 -268.389 -44 41 -280.393 -279.334 -252.18 -294.955 
0 -260.388 -44 41 -280.196 -279.594 -252.18 -293.751 
0 -268.91 -45 41 -277.863 -279.38 -252.18 -306.299 
0 -266.001 -44 41 -280.439 -279.168 -252.18 -295.186 
0 -266.522 -45 41 -277.909 -279.214 -252.18 -306.53 
0 -270.593 -45 41 -277.627 -279.78 -252.18 -305.492 
0 -260.006 -43 41 -282.919 -278.896 -252.18 -284.36 
0 -263.508 -44 41 -279.794 -279.591 -251.487 -295.514 
0 -263.028 -44 41 -280.196 -279.594 -252.18 -293.751 
0 -271.096 -45 41 -277.863 -279.38 -252.18 -306.299 
0 -264.753 -45 41 -278.028 -279.216 -252.873 -305.78 
0 -263.549 -45 41 -277.666 -279.639 -252.18 -305.095 
0 -264.58 -43 41 -282.874 -279.063 -252.18 -284.129 
0 -265.101 -44 41 -280.344 -279.108 -252.18 -295.473 
0 -262.192 -43 41 -282.919 -278.896 -252.18 -284.36 
0 -268.123 -45 41 -277.62 -279.806 -252.18 -304.864 
0 -266.147 -44 41 -279.794 -279.591 -251.487 -295.514 
0 -262.713 -44 41 -280.389 -278.942 -252.18 -295.705 
0 -265.735 -45 41 -277.666 -279.639 -252.18 -305.095 
0 -266.784 -44 41 -280.107 -279.508 -252.18 -294.667 
0 -266.668 -45 41 -277.264 -279.636 -251.487 -306.859 
0 -259.219 -43 41 -282.677 -279.322 -252.18 -282.925 
0 -267.287 -44 41 -280.344 -279.108 -252.18 -295.473 
0 -260.944 -44 41 -280.509 -278.945 -252.873 -294.955 
0 -267.74 -44 41 -280.344 -279.108 -252.18 -295.473 
0 -271.242 -45 41 -277.218 -279.803 -251.487 -306.628 
0 -259.74 -44 41 -280.146 -279.368 -252.18 -294.27 
0 -265.352 -44 41 -280.389 -278.942 -252.18 -295.705 
0 -268.854 -45 41 -277.264 -279.636 -251.487 -306.859 
0 -264.314 -44 41 -280.101 -279.534 -252.18 -294.038 
0 -269.423 -44 41 -280.107 -279.508 -252.18 -294.667 
-3 -264.62 -45 41 -278.008 -279.666 -252.18 -305.492 
0 -262.338 -43 41 -282.275 -279.319 -251.487 -284.689 
0 -269.944 -45 41 -277.577 -279.554 -252.18 -306.011 
0 -269.927 -44 41 -280.344 -279.108 -252.18 -295.473 
0 -261.926 -44 41 -280.146 -279.368 -252.18 -294.27 
0 -262.859 -44 41 -279.745 -279.365 -251.487 -296.033 
0 -263.584 -44 41 -280.509 -278.945 -252.873 -294.955 
0 -262.379 -44 41 -280.146 -279.368 -252.18 -294.27 
0 -270.448 -45 41 -277.813 -279.154 -252.18 -306.818 
-4 -258.17 -45 41 -278.008 -279.666 -252.18 -305.492 
0 -265.881 -45 41 -277.021 -280.062 -251.487 -305.424 
0 -264.104 -45 41 -277.979 -278.99 -252.873 -306.299 
0 -274.519 -45 41 -277.531 -279.72 -252.18 -305.78 
0 -265.666 -45 41 -277.046 -279.898 -253.566 -306.534 
0 -263.931 -43 41 -282.824 -278.837 -252.18 -284.648 
0 -267.433 -44 41 -279.699 -279.531 -251.487 -295.802 
0 -266.953 -44 41 -280.101 -279.534 -252.18 -294.038 
0 -272.131 -45 41 -277.577 -279.554 -252.18 -306.011 
0 -268.679 -45 41 -277.933 -279.157 -252.873 -306.068 
0 -261.543 -43 41 -282.87 -278.67 -252.18 -284.879 
0 -267.474 -45 41 -277.57 -279.58 -252.18 -305.383 
0 -265.045 -44 41 -279.745 -279.365 -251.487 -296.033 
-4 -260 -45 41 -278.008 -279.666 -252.18 -305.492 
0 -265.1 -45 41 -277.948 -279.029 -252.873 -306.186 
0 -264.566 -44 41 -280.146 -279.368 -252.18 -294.27 
0 -265.615 -43 41 -282.588 -279.236 -252.18 -283.842 
-3 -260.811 -44 41 -280.488 -279.394 -252.18 -294.667 
0 -265.499 -44 41 -279.745 -279.365 -251.487 -296.033 
-4 -260.45 -45 41 -278.008 -279.666 -252.18 -305.492 
0 -266.291 -45 41 -277.979 -278.99 -252.873 -306.299 
0 -265.087 -45 41 -277.616 -279.413 -252.18 -305.614 
0 -266.135 -44 41 -280.058 -279.282 -252.18 -295.186 
0 -266.118 -43 41 -282.824 -278.837 -252.18 -284.648 
0 -269.158 -45 41 -277.334 -279.979 -252.18 -304.576 
0 -259.775 -43 41 -282.99 -278.673 -252.873 -284.129 
0 -270.073 -44 41 -279.699 -279.531 -251.487 -295.802 
0 -258.57 -43 41 -282.627 -279.096 -252.18 -283.444 
0 -266.639 -44 41 -280.294 -278.882 -252.18 -295.992 
-4 -254.361 -44 41 -280.488 -279.394 -252.18 -294.667 
0 -262.072 -44 41 -279.502 -279.79 -251.487 -294.598 
0 -260.296 -44 41 -280.459 -278.719 -252.873 -295.474 
0 -269.661 -45 41 -277.57 -279.58 -252.18 -305.383 
0 -262.724 -45 41 -278.695 -278.664 -250.793 -303.547 
0 -270.71 -44 41 -280.012 -279.448 -252.18 -294.955 
0 -261.857 -44 41 -279.527 -279.626 -253.566 -295.708 
0 -270.594 -45 41 -277.169 -279.577 -251.487 -307.146 
0 -263.318 -45 41 -277.736 -279.416 -252.873 -304.864 
0 -267.685 -44 41 -279.745 -279.365 -251.487 -296.033 
0 -263.145 -43 41 -282.581 -279.262 -252.18 -283.213 
-4 -262.907 -45 41 -278.008 -279.666 -252.18 -305.492 
-3 -263.451 -44 41 -280.488 -279.394 -252.18 -294.667 
0 -262.163 -44 41 -277.67 -280.786 -252.18 -298.223 
0 -268.322 -44 41 -280.058 -279.282 -252.18 -295.186 
0 -268.206 -45 41 -277.215 -279.41 -251.487 -307.377 
-4 -263.114 -45 41 -278.008 -279.666 -252.18 -305.492 
-4 -263.199 -45 41 -278.008 -279.666 -252.18 -305.492 
FEATURES_TXT_END_0
FEATURES_TXT_BEGIN_0 39 100 8 Distortion0_0 LM0_0 WordPenalty0_0 PhrasePenalty0_0 TranslationModel0_0 TranslationModel0_1 TranslationModel0_2 TranslationModel0_3 
0 -385.157 -62 55 -342.747 -364.281 -334.647 -438.728 
0 -378.635 -61 55 -345.227 -364.009 -334.647 -427.902 
0 -386.926 -62 55 -343.092 -363.836 -334.647 -439.278 
0 -380.403 -61 55 -345.573 -363.564 -334.647 -428.452 
0 -381.348 -61 55 -345.227 -364.009 -334.647 -427.902 
0 -387.208 -62 55 -343.606 -363.631 -334.647 -437.747 
0 -374.826 -60 55 -347.708 -363.738 -334.647 -417.077 
0 -380.686 -61 55 -346.087 -363.36 -334.647 -426.921 
0 -382.812 -61 55 -345.227 -364.009 -334.647 -427.902 
0 -383.971 -62 55 -342.09 -364.626 -335.34 -439.575 
0 -383.117 -61 55 -345.573 -363.564 -334.647 -428.452 
0 -388.977 -62 55 -343.952 -363.186 -334.647 -438.297 
0 -376.289 -60 55 -347.708 -363.738 -334.647 -417.077 
0 -377.448 -61 55 -344.571 -364.355 -335.34 -428.749 
0 -376.594 -60 55 -348.054 -363.293 -334.647 -417.627 
0 -382.454 -61 55 -346.432 -362.915 -334.647 -427.471 
0 -384.58 -61 55 -345.573 -363.564 -334.647 -428.452 
0 -385.739 -62 55 -342.436 -364.181 -335.34 -440.125 
0 -383.399 -61 55 -346.087 -363.36 -334.647 -426.921 
0 -378.058 -60 55 -348.054 -363.292 -334.647 -417.627 
0 -379.216 -61 55 -344.916 -363.91 -335.34 -429.299 
0 -376.877 -60 55 -348.567 -363.088 -334.647 -416.096 
0 -379.003 -60 55 -347.708 -363.738 -334.647 -417.077 
0 -380.162 -61 55 -344.571 -364.355 -335.34 -428.749 
0 -384.863 -61 55 -346.087 -363.36 -334.647 -426.921 
0 -386.022 -62 55 -342.949 -363.977 -335.34 -438.594 
0 -386.632 -62 55 -342.923 -363.623 -337.211 -440.897 
0 -385.168 -61 55 -346.432 -362.915 -334.647 -427.471 
0 -378.839 -62 55 -344.463 -363.186 -332.204 -433.906 
0 -372.48 -59 55 -350.189 -363.466 -334.647 -406.251 
0 -373.639 -60 55 -347.051 -364.083 -335.34 -417.924 
0 -378.34 -60 55 -348.567 -363.088 -334.647 -416.096 
0 -379.499 -61 55 -345.43 -363.705 -335.34 -427.769 
0 -380.109 -61 55 -345.403 -363.351 -337.211 -430.071 
0 -378.645 -60 55 -348.913 -362.643 -334.647 -416.646 
0 -387.568 -62 55 -342.697 -364.055 -334.647 -439.246 
0 -372.316 -61 55 -346.943 -362.914 -332.204 -423.08 
0 -381.626 -61 55 -344.57 -364.355 -335.34 -428.749 
0 -380.771 -60 55 -348.054 -363.293 -334.647 -417.627 
0 -381.93 -61 55 -344.916 -363.91 -335.34 -429.299 
0 -386.631 -61 55 -346.432 -362.915 -334.647 -427.471 
0 -387.79 -62 55 -343.295 -363.532 -335.34 -439.144 
0 -381.046 -61 55 -345.178 -363.783 -334.647 -428.421 
0 -388.4 -62 55 -343.268 -363.178 -337.211 -441.447 
0 -375.103 -60 55 -347.051 -364.083 -335.34 -417.924 
0 -380.607 -62 55 -344.808 -362.741 -332.204 -434.456 
0 -374.249 -59 55 -350.534 -363.021 -334.647 -406.801 
0 -375.407 -60 55 -347.397 -363.638 -335.34 -418.474 
0 -380.109 -60 55 -348.913 -362.643 -334.647 -416.646 
0 -381.267 -61 55 -345.776 -363.26 -335.34 -428.319 
0 -381.877 -61 55 -345.749 -362.906 -337.211 -430.621 
0 -389.336 -62 55 -343.043 -363.61 -334.647 -439.796 
0 -374.085 -61 55 -347.289 -362.469 -332.204 -423.63 
0 -383.394 -61 55 -344.916 -363.91 -335.34 -429.299 
0 -381.814 -62 55 -344.463 -363.186 -332.204 -433.906 
0 -381.054 -60 55 -348.567 -363.088 -334.647 -416.096 
0 -382.624 -62 55 -343.833 -363.448 -332.567 -435.683 
0 -382.213 -61 55 -345.43 -363.705 -335.34 -427.769 
0 -382.814 -61 55 -345.523 -363.338 -334.647 -428.971 
0 -382.823 -61 55 -345.403 -363.351 -337.211 -430.071 
0 -376.871 -60 55 -347.397 -363.638 -335.34 -418.474 
0 -375.03 -61 55 -346.943 -362.914 -332.204 -423.08 
0 -388.683 -62 55 -343.782 -362.973 -337.211 -439.916 
0 -380.89 -62 55 -345.322 -362.536 -332.204 -432.925 
0 -374.531 -59 55 -351.048 -362.816 -334.647 -405.27 
0 -376.102 -61 55 -346.314 -363.176 -332.567 -424.858 
0 -375.69 -60 55 -347.911 -363.433 -335.34 -416.943 
0 -383.708 -62 55 -344.179 -363.003 -332.567 -436.233 
0 -376.3 -60 55 -347.884 -363.08 -337.211 -419.246 
0 -383.759 -61 55 -345.178 -363.783 -334.647 -428.421 
0 -368.507 -60 55 -349.424 -362.642 -332.204 -412.255 
0 -382.16 -61 55 -346.263 -362.702 -337.211 -429.09 
0 -389.619 -62 55 -343.557 -363.405 -334.647 -438.266 
0 -377.817 -60 55 -347.051 -364.083 -335.34 -417.924 
0 -374.367 -61 55 -347.803 -362.264 -332.204 -422.099 
0 -383.677 -61 55 -345.43 -363.705 -335.34 -427.769 
0 -383.582 -62 55 -344.808 -362.741 -332.204 -434.456 
0 -384.287 -61 55 -345.403 -363.351 -337.211 -430.071 
0 -382.822 -60 55 -348.913 -362.643 -334.647 -416.646 
0 -385.445 -62 55 -342.266 -363.968 -337.905 -441.744 
0 -383.981 -61 55 -345.776 -363.26 -335.34 -428.319 
0 -376.494 -61 55 -346.943 -362.914 -332.204 -423.08 
0 -377.185 -61 55 -346.659 -362.731 -332.567 -425.408 
0 -377.237 -60 55 -347.658 -363.512 -334.647 -417.596 
0 -377.653 -62 55 -343.806 -363.531 -332.897 -434.753 
0 -383.097 -61 55 -346.037 -363.134 -334.647 -427.44 
0 -384.591 -61 55 -345.749 -362.906 -337.211 -430.621 
0 -371.294 -59 55 -349.532 -363.811 -335.34 -407.099 
0 -376.798 -61 55 -347.289 -362.469 -332.204 -423.63 
0 -390.451 -62 55 -344.128 -362.528 -337.211 -440.466 
0 -377.154 -60 55 -347.911 -363.433 -335.34 -416.943 
0 -382.658 -62 55 -345.668 -362.091 -332.204 -433.475 
0 -377.764 -60 55 -347.884 -363.08 -337.211 -419.246 
0 -376.3 -59 55 -351.394 -362.371 -334.647 -405.82 
0 -385.223 -61 55 -345.178 -363.783 -334.647 -428.421 
0 -378.923 -61 55 -344.747 -363.697 -337.905 -430.918 
0 -377.458 -60 55 -348.256 -362.988 -335.34 -417.493 
0 -386.382 -62 55 -342.04 -364.4 -335.34 -440.094 
0 -369.971 -60 55 -349.424 -362.642 -332.204 -412.255 
0 -371.13 -61 55 -346.286 -363.259 -332.897 -423.927 
FEATURES_TXT_END_0
FEATURES_TXT_BEGIN_0 40 93 8 Distortion0_0 LM0_0 WordPenalty0_0 PhrasePenalty0_0 TranslationModel0_0 TranslationModel0_1 TranslationModel0_2 TranslationModel0_3 
0 -192.826 -26 25 -148.272 -126.84 -131.041 -130.424 
0 -193.204 -26 25 -148.223 -126.614 -131.041 -130.943 
0 -193.938 -26 25 -148.223 -126.614 -131.041 -130.943 
0 -194.08 -26 25 -148.223 -126.614 -131.041 -130.943 
0 -194.317 -26 25 -148.173 -126.388 -131.041 -131.462 
0 -194.459 -26 25 -148.173 -126.388 -131.041 -131.462 
0 -195.193 -26 25 -148.173 -126.388 -131.041 -131.462 
-3 -192.234 -26 25 -148.272 -126.84 -131.041 -130.424 
-4 -185.577 -26 25 -148.272 -126.84 -131.041 -130.424 
0 -195.572 -26 25 -148.124 -126.162 -131.041 -131.981 
-4 -187.445 -26 25 -148.272 -126.84 -131.041 -130.424 
0 -193.676 -26 25 -145.564 -128.177 -131.041 -133.56 
-4 -189.406 -26 25 -148.272 -126.84 -131.041 -130.424 
-4 -190.513 -26 25 -148.272 -126.84 -131.041 -130.424 
-4 -191.187 -26 25 -148.272 -126.84 -131.041 -130.424 
-4 -191.265 -26 25 -148.272 -126.84 -131.041 -130.424 
-4 -192.084 -26 25 -148.272 -126.84 -131.041 -130.424 
-3 -192.612 -26 25 -148.223 -126.614 -131.041 -130.943 
-4 -192.394 -26 25 -148.272 -126.84 -131.041 -130.424 
-4 -192.456 -26 25 -148.272 -126.84 -131.041 -130.424 
0 -195.806 -27 25 -147.815 -126.84 -134.475 -130.43 
-4 -192.789 -26 25 -148.272 -126.84 -131.041 -130.424 
-3 -193.346 -26 25 -148.223 -126.614 -131.041 -130.943 
-4 -192.945 -26 25 -148.272 -126.84 -131.041 -130.424 
-4 -192.969 -26 25 -148.272 -126.84 -131.041 -130.424 
-4 -194.347 -26 25 -148.223 -126.614 -131.041 -130.943 
-3 -193.488 -26 25 -148.223 -126.614 -131.041 -130.943 
-4 -185.955 -26 25 -148.223 -126.614 -131.041 -130.943 
-4 -193.331 -26 25 -148.272 -126.84 -131.041 -130.424 
-4 -193.397 -26 25 -148.272 -126.84 -131.041 -130.424 
-4 -193.704 -26 25 -148.272 -126.84 -131.041 -130.424 
-4 -194.274 -26 25 -148.223 -126.614 -131.041 -130.943 
-4 -193.895 -26 25 -148.272 -126.84 -131.041 -130.424 
-4 -186.69 -26 25 -148.223 -126.614 -131.041 -130.943 
-4 -186.832 -26 25 -148.223 -126.614 -131.041 -130.943 
-4 -194.301 -26 25 -148.272 -126.84 -131.041 -130.424 
-4 -194.483 -26 25 -148.272 -126.84 -131.041 -130.424 
-4 -194.223 -26 25 -148.223 -126.614 -131.041 -130.943 
-4 -194.533 -26 25 -148.272 -126.84 -131.041 -130.424 
-4 -194.599 -26 25 -148.272 -126.84 -131.041 -130.424 
0 -193.469 -26 25 -147.647 -126.579 -131.041 -131.043 
-4 -187.823 -26 25 -148.223 -126.614 -131.041 -130.943 
-5 -187.771 -26 25 -148.272 -126.84 -131.041 -130.424 
-4 -195.851 -26 25 -148.272 -126.84 -131.041 -130.424 
-4 -188.558 -26 25 -148.223 -126.614 -131.041 -130.943 
-4 -188.7 -26 25 -148.223 -126.614 -131.041 -130.943 
0 -194.055 -26 25 -145.515 -127.951 -131.041 -134.079 
0 -194.789 -26 25 -145.515 -127.951 -131.041 -134.079 
0 -194.931 -26 25 -145.515 -127.951 -131.041 -134.079 
-4 -190.328 -26 25 -148.223 -126.614 -131.041 -130.943 
-4 -190.518 -26 25 -148.223 -126.614 -131.041 -130.943 
-4 -190.66 -26 25 -148.223 -126.614 -131.041 -130.943 
-4 -190.892 -26 25 -148.223 -126.614 -131.041 -130.943 
0 -195.59 -26 25 -144.746 -128.652 -131.041 -134.162 
-4 -191.566 -26 25 -148.223 -126.614 -131.041 -130.943 
-4 -191.626 -26 25 -148.223 -126.614 -131.041 -130.943 
0 -195.938 -26 25 -144.746 -128.652 -131.041 -134.162 
-4 -191.768 -26 25 -148.223 -126.614 -131.041 -130.943 
0 -194.779 -25 25 -144.836 -128.019 -132.14 -136.834 
-4 -192.3 -26 25 -148.223 -126.614 -131.041 -130.943 
-4 -192.378 -26 25 -148.223 -126.614 -131.041 -130.943 
-4 -192.442 -26 25 -148.223 -126.614 -131.041 -130.943 
-4 -192.52 -26 25 -148.223 -126.614 -131.041 -130.943 
-4 -192.639 -26 25 -148.223 -126.614 -131.041 -130.943 
-4 -192.772 -26 25 -148.223 -126.614 -131.041 -130.943 
-5 -192.366 -26 25 -148.272 -126.84 -131.041 -130.424 
0 -194.307 -27 25 -147.527 -126.84 -133.089 -130.43 
-4 -192.835 -26 25 -148.223 -126.614 -131.041 -130.943 
0 -197.075 -26 25 -144.746 -128.653 -131.041 -134.162 
0 -196.184 -27 25 -147.765 -126.614 -134.475 -130.949 
-4 -193.167 -26 25 -148.223 -126.614 -131.041 -130.943 
-4 -193.197 -26 25 -148.223 -126.614 -131.041 -130.943 
-4 -193.204 -26 25 -148.223 -126.614 -131.041 -130.943 
-3 -193.725 -26 25 -148.173 -126.388 -131.041 -131.462 
-4 -193.323 -26 25 -148.223 -126.614 -131.041 -130.943 
-4 -193.339 -26 25 -148.223 -126.614 -131.041 -130.943 
-6 -185.159 -26 25 -148.272 -126.84 -131.041 -130.424 
-4 -193.347 -26 25 -148.223 -126.614 -131.041 -130.943 
-4 -194.2 -26 25 -148.223 -126.614 -131.041 -130.943 
-3 -193.867 -26 25 -148.173 -126.388 -131.041 -131.462 
-4 -193.569 -26 25 -148.223 -126.614 -131.041 -130.943 
-4 -193.649 -26 25 -148.223 -126.614 -131.041 -130.943 
0 -196.919 -27 25 -147.765 -126.614 -134.475 -130.949 
-4 -193.71 -26 25 -148.223 -126.614 -131.041 -130.943 
-4 -193.711 -26 25 -148.223 -126.614 -131.041 -130.943 
-6 -185.598 -26 25 -148.272 -126.84 -131.041 -130.424 
0 -197.061 -27 25 -147.765 -126.614 -134.475 -130.949 
-4 -193.989 -26 25 -148.223 -126.614 -131.041 -130.943 
-4 -194.044 -26 25 -148.223 -126.614 -131.041 -130.943 
-4 -194.058 -26 25 -148.223 -126.614 -131.041 -130.943 
-4 -194.081 -26 25 -148.223 -126.614 -131.041 -130.943 
-4 -194.082 -26 25 -148.223 -126.614 -131.041 -130.943 
-3 -194.601 -26 25 -148.173 -126.388 -131.041 -131.462 
FEATURES_TXT_END_0
FEATURES_TXT_BEGIN_0 41 58 8 Distortion0_0 LM0_0 WordPenalty0_0 PhrasePenalty0_0 TranslationModel0_0 TranslationModel0_1 TranslationModel0_2 TranslationModel0_3 
0 -403.057 -67 64 -442.17 -435.734 -405.797 -491.406 
0 -402.903 -67 64 -442.452 -435.602 -405.104 -490.308 
0 -404.972 -67 64 -443.364 -434.638 -406.202 -489.104 
0 -402.336 -68 64 -442.161 -435.734 -407.183 -491.411 
0 -399.433 -66 64 -444.651 -435.462 -405.797 -480.581 
0 -402.748 -67 64 -442.733 -435.47 -404.41 -489.209 
0 -401.031 -66 64 -444.651 -435.462 -405.797 -480.581 
0 -394.35 -65 64 -450.166 -434.655 -405.797 -456.738 
0 -402.182 -68 64 -442.443 -435.602 -406.49 -490.313 
0 -401.963 -66 64 -444.204 -435.118 -405.797 -482.526 
0 -399.278 -66 64 -444.932 -435.33 -405.104 -479.482 
0 -397.556 -66 64 -445.845 -434.367 -406.202 -478.278 
0 -398.712 -67 64 -444.642 -435.462 -407.183 -480.586 
0 -400.876 -66 64 -444.932 -435.33 -405.104 -479.482 
0 -404.509 -67 64 -442.607 -435.323 -404.41 -488.804 
0 -404.866 -68 64 -441.714 -435.39 -407.183 -493.357 
0 -395.391 -67 64 -445.554 -434.499 -408.282 -479.382 
0 -402.027 -68 64 -442.724 -435.47 -405.797 -489.214 
0 -400.31 -67 64 -444.642 -435.462 -407.183 -480.586 
0 -405.433 -67 64 -442.005 -435.257 -405.104 -492.253 
0 -399.124 -66 64 -445.214 -435.198 -404.41 -478.384 
0 -397.406 -65 64 -447.131 -435.191 -405.797 -469.755 
0 -401.193 -66 64 -444.525 -435.315 -405.797 -480.175 
0 -398.557 -67 64 -444.923 -435.33 -406.49 -479.487 
0 -395.958 -66 64 -445.845 -434.367 -406.202 -478.278 
0 -400.722 -66 64 -445.214 -435.198 -404.41 -478.384 
0 -403.658 -67 64 -443.007 -435.042 -404.698 -488.477 
0 -399.004 -65 64 -447.131 -435.191 -405.797 -469.755 
0 -400.155 -67 64 -444.923 -435.33 -406.49 -479.487 
0 -404.097 -68 64 -442.035 -435.587 -407.183 -491.006 
0 -398.861 -68 64 -443.355 -434.638 -407.588 -489.109 
0 -405.126 -67 64 -443.083 -434.771 -406.895 -490.202 
0 -397.252 -65 64 -447.413 -435.058 -405.104 -468.657 
0 -394.505 -65 64 -449.885 -434.787 -406.49 -457.837 
0 -397.71 -66 64 -445.563 -434.499 -406.895 -479.377 
0 -404.663 -67 64 -442.326 -435.455 -405.104 -489.902 
0 -398.403 -67 64 -445.205 -435.198 -405.797 -478.389 
0 -396.685 -66 64 -447.123 -435.191 -407.183 -469.761 
0 -399.428 -67 64 -443.645 -434.506 -405.509 -488.005 
0 -398.85 -65 64 -447.413 -435.058 -405.104 -468.657 
0 -395.071 -64 64 -450.175 -434.655 -404.41 -456.733 
0 -400.001 -67 64 -445.205 -435.198 -405.797 -478.389 
0 -397.975 -66 64 -447.685 -434.926 -405.797 -467.563 
0 -398.283 -66 64 -447.123 -435.191 -407.183 -469.761 
0 -397.098 -65 64 -447.694 -434.926 -404.41 -467.558 
0 -405.587 -67 64 -441.723 -435.39 -405.797 -493.352 
0 -395.38 -64 64 -449.612 -434.919 -405.797 -458.93 
0 -399.737 -67 64 -443.083 -434.771 -406.895 -490.202 
0 -396.531 -66 64 -447.404 -435.058 -406.49 -468.662 
0 -396.112 -66 64 -445.563 -434.499 -406.895 -479.377 
0 -399.016 -68 64 -443.074 -434.771 -408.282 -490.207 
0 -394.659 -65 64 -449.603 -434.919 -407.183 -458.935 
0 -398.696 -65 64 -447.694 -434.926 -404.41 -467.558 
0 -398.129 -66 64 -447.404 -435.058 -406.49 -468.662 
0 -404.818 -67 64 -442.044 -435.587 -405.797 -491.001 
0 -395.226 -64 64 -449.893 -434.787 -405.104 -457.831 
0 -396.377 -66 64 -447.685 -434.926 -405.797 -467.563 
0 -399.582 -67 64 -443.364 -434.638 -406.202 -489.104 
FEATURES_TXT_END_0
FEATURES_TXT_BEGIN_0 42 100 8 Distortion0_0 LM0_0 WordPenalty0_0 PhrasePenalty0_0 TranslationModel0_0 TranslationModel0_1 TranslationModel0_2 TranslationModel0_3 
0 -394.09 -70 61 -416.355 -398.676 -356.736 -443.039 
0 -387.332 -69 61 -418.835 -398.404 -356.736 -432.213 
0 -389.847 -69 61 -418.835 -398.405 -356.736 -432.213 
0 -383.089 -68 61 -421.316 -398.133 -356.736 -421.388 
0 -392.013 -69 61 -418.835 -398.404 -356.736 -432.213 
0 -385.255 -68 61 -421.316 -398.133 -356.736 -421.388 
0 -393.894 -70 61 -416.305 -398.45 -356.736 -443.557 
0 -387.137 -69 61 -418.786 -398.179 -356.736 -432.732 
0 -387.77 -68 61 -421.316 -398.133 -356.736 -421.388 
0 -395.527 -70 61 -416.305 -398.45 -356.736 -443.557 
0 -381.012 -67 61 -423.797 -397.861 -356.736 -410.562 
0 -388.769 -69 61 -418.786 -398.178 -356.736 -432.732 
0 -388.148 -70 61 -418.071 -397.581 -354.294 -438.216 
0 -381.391 -69 61 -420.551 -397.309 -354.294 -427.391 
0 -389.651 -69 61 -418.786 -398.179 -356.736 -432.732 
0 -389.478 -70 61 -418.071 -397.581 -354.294 -438.216 
0 -382.893 -68 61 -421.267 -397.907 -356.736 -421.906 
0 -382.72 -69 61 -420.551 -397.309 -354.294 -427.391 
0 -391.283 -69 61 -418.786 -398.178 -356.736 -432.732 
0 -384.525 -68 61 -421.267 -397.907 -356.736 -421.906 
0 -383.905 -69 61 -420.551 -397.309 -354.294 -427.391 
0 -377.147 -68 61 -423.032 -397.038 -354.294 -416.566 
0 -392.816 -69 61 -418.786 -398.178 -356.736 -432.732 
0 -385.234 -69 61 -420.551 -397.309 -354.294 -427.391 
0 -386.059 -68 61 -421.267 -397.907 -356.736 -421.906 
0 -393.45 -69 61 -418.786 -398.178 -356.736 -432.732 
0 -378.477 -68 61 -423.032 -397.038 -354.294 -416.566 
0 -386.692 -68 61 -421.267 -397.907 -356.736 -421.906 
0 -395.331 -70 61 -416.256 -398.224 -356.736 -444.076 
0 -387.401 -69 61 -420.551 -397.309 -354.294 -427.391 
0 -391.414 -70 61 -415.587 -399.127 -356.736 -442.345 
0 -388.573 -68 61 -421.267 -397.907 -356.736 -421.906 
0 -387.849 -70 61 -418.021 -397.355 -354.294 -438.735 
0 -388.573 -69 61 -418.736 -397.953 -356.736 -433.251 
0 -380.643 -68 61 -423.032 -397.038 -354.294 -416.566 
0 -384.656 -69 61 -418.068 -398.855 -356.736 -431.52 
0 -381.815 -67 61 -423.747 -397.635 -356.736 -411.081 
0 -381.091 -69 61 -420.502 -397.083 -354.294 -427.91 
0 -389.206 -68 61 -421.267 -397.907 -356.736 -421.906 
0 -391.488 -70 61 -417.191 -397.984 -355.638 -440.109 
0 -382.449 -67 61 -423.747 -397.635 -356.736 -411.081 
0 -390.88 -71 61 -418.115 -397.581 -357.429 -438.222 
0 -389.282 -70 61 -418.021 -397.355 -354.294 -438.735 
0 -384.73 -69 61 -419.672 -397.712 -355.638 -429.284 
0 -389.757 -70 61 -418.021 -397.355 -354.294 -438.735 
0 -384.123 -70 61 -420.596 -397.309 -357.429 -427.396 
0 -382.524 -69 61 -420.502 -397.083 -354.294 -427.91 
0 -396.62 -70 61 -415.908 -398.332 -356.736 -444.984 
0 -392.601 -70 61 -417.246 -398.056 -356.043 -439.605 
0 -382.999 -69 61 -420.502 -397.083 -354.294 -427.91 
0 -390.384 -69 61 -420.551 -397.309 -354.294 -427.391 
0 -391.087 -69 61 -418.736 -397.953 -356.736 -433.251 
0 -383.158 -68 61 -423.032 -397.038 -354.294 -416.566 
0 -389.863 -69 61 -418.389 -398.06 -356.736 -434.159 
0 -397.203 -70 61 -415.908 -398.332 -356.736 -444.984 
0 -385.843 -69 61 -419.727 -397.784 -356.043 -428.779 
0 -387.171 -69 61 -418.068 -398.855 -356.736 -431.52 
0 -390.914 -70 61 -418.021 -397.355 -354.294 -438.735 
0 -383.626 -68 61 -423.032 -397.038 -354.294 -416.566 
0 -383.605 -69 61 -420.502 -397.083 -354.294 -427.91 
0 -384.33 -68 61 -421.217 -397.681 -356.736 -422.425 
0 -376.4 -67 61 -425.513 -396.766 -354.294 -405.74 
-3 -390.546 -70 61 -416.355 -398.676 -356.736 -443.039 
0 -390.445 -69 61 -418.389 -398.06 -356.736 -434.159 
0 -380.413 -68 61 -420.549 -398.584 -356.736 -420.695 
0 -384.157 -69 61 -420.502 -397.083 -354.294 -427.91 
0 -376.848 -68 61 -422.982 -396.812 -354.294 -417.084 
0 -383.536 -70 61 -419.787 -396.486 -351.851 -433.394 
-3 -383.789 -69 61 -418.835 -398.404 -356.736 -432.213 
0 -394.501 -70 61 -417.191 -397.984 -355.638 -440.109 
0 -394.655 -70 61 -417.191 -397.984 -355.638 -440.109 
0 -376.779 -69 61 -422.267 -396.214 -351.851 -422.569 
0 -386.637 -70 61 -420.596 -397.309 -357.429 -427.396 
0 -385.039 -69 61 -420.502 -397.083 -354.294 -427.91 
0 -387.743 -69 61 -419.672 -397.712 -355.638 -429.284 
0 -387.897 -69 61 -419.672 -397.712 -355.638 -429.284 
0 -385.513 -69 61 -420.502 -397.083 -354.294 -427.91 
0 -379.879 -69 61 -423.076 -397.038 -357.429 -416.571 
0 -378.281 -68 61 -422.982 -396.812 -354.294 -417.084 
0 -389.337 -69 61 -418.068 -398.855 -356.736 -431.52 
0 -394.696 -71 61 -418.115 -397.581 -357.429 -438.222 
0 -392.377 -69 61 -418.389 -398.06 -356.736 -434.159 
0 -388.357 -69 61 -419.727 -397.784 -356.043 -428.779 
0 -378.755 -68 61 -422.982 -396.812 -354.294 -417.084 
0 -386.141 -68 61 -423.032 -397.038 -354.294 -416.566 
0 -382.579 -68 61 -420.549 -398.583 -356.736 -420.695 
0 -394.253 -69 61 -418.736 -397.952 -356.736 -433.251 
0 -387.938 -70 61 -420.596 -397.309 -357.429 -427.396 
0 -385.619 -68 61 -420.869 -397.788 -356.736 -423.333 
0 -392.959 -69 61 -418.389 -398.06 -356.736 -434.159 
0 -381.6 -68 61 -422.208 -397.512 -356.043 -417.954 
0 -386.671 -69 61 -420.502 -397.083 -354.294 -427.91 
0 -379.383 -67 61 -425.513 -396.766 -354.294 -405.74 
0 -387.495 -68 61 -421.217 -397.681 -356.736 -422.425 
-3 -386.303 -69 61 -418.835 -398.405 -356.736 -432.213 
0 -389.411 -69 61 -419.672 -397.712 -355.638 -429.284 
0 -386.202 -68 61 -420.869 -397.788 -356.736 -423.333 
0 -388.804 -70 61 -420.596 -397.309 -357.429 -427.396 
0 -389.747 -69 61 -419.672 -397.712 -355.638 -429.284 
0 -379.913 -68 61 -422.982 -396.812 -354.294 -417.084 
FEATURES_TXT_END_0
FEATURES_TXT_BEGIN_0 43 100 8 Distortion0_0 LM0_0 WordPenalty0_0 PhrasePenalty0_0 TranslationModel0_0 TranslationModel0_1 TranslationModel0_2 TranslationModel0_3 
0 -232.346 -34 31 -200.817 -196.588 -187.934 -231.258 
0 -225.355 -33 31 -203.298 -196.316 -187.934 -220.433 
0 -230.488 -34 31 -200.932 -196.716 -185.988 -229.39 
0 -223.498 -33 31 -203.413 -196.444 -185.988 -218.564 
0 -229.257 -33 31 -203.298 -196.316 -187.934 -220.433 
0 -222.267 -32 31 -205.778 -196.044 -187.934 -209.607 
0 -227.4 -33 31 -203.413 -196.444 -185.988 -218.564 
0 -220.41 -32 31 -205.894 -196.172 -185.988 -207.739 
0 -229.355 -34 31 -202.681 -195.004 -187.934 -229.361 
0 -222.365 -33 31 -205.162 -194.732 -187.934 -218.536 
0 -227.498 -34 31 -202.797 -195.132 -185.988 -227.493 
0 -220.508 -33 31 -205.277 -194.86 -185.988 -216.667 
0 -232.938 -34 31 -200.768 -196.362 -187.934 -231.777 
0 -225.948 -33 31 -203.248 -196.09 -187.934 -220.951 
0 -231.08 -34 31 -200.883 -196.49 -185.988 -229.908 
0 -224.09 -33 31 -203.364 -196.218 -185.988 -219.083 
0 -221.361 -34 31 -201.654 -195.896 -186.835 -228.329 
0 -230.789 -35 31 -200.787 -196.716 -186.835 -229.395 
0 -214.371 -33 31 -204.134 -195.624 -186.835 -217.503 
0 -219.504 -34 31 -201.769 -196.024 -184.89 -226.46 
0 -223.799 -34 31 -203.268 -196.444 -186.835 -218.57 
0 -212.514 -33 31 -204.25 -195.752 -184.89 -215.635 
0 -226.267 -33 31 -205.162 -194.732 -187.934 -218.536 
0 -219.276 -32 31 -207.643 -194.461 -187.934 -207.71 
0 -224.409 -33 31 -205.277 -194.86 -185.988 -216.667 
0 -217.419 -32 31 -207.758 -194.589 -185.988 -205.842 
0 -229.849 -33 31 -203.248 -196.09 -187.934 -220.951 
0 -222.859 -32 31 -205.729 -195.818 -187.934 -210.126 
0 -227.992 -33 31 -203.364 -196.218 -185.988 -219.083 
0 -221.002 -32 31 -205.844 -195.946 -185.988 -208.258 
0 -218.273 -33 31 -204.134 -195.624 -186.835 -217.503 
0 -227.701 -34 31 -203.268 -196.444 -186.835 -218.57 
0 -211.282 -32 31 -206.615 -195.352 -186.835 -206.678 
0 -216.415 -33 31 -204.25 -195.752 -184.89 -215.635 
0 -220.711 -33 31 -205.748 -196.172 -186.835 -207.744 
0 -229.947 -34 31 -202.632 -194.778 -187.934 -229.88 
0 -209.425 -32 31 -206.73 -195.48 -184.89 -204.81 
0 -222.957 -33 31 -205.112 -194.506 -187.934 -219.054 
0 -228.09 -34 31 -202.747 -194.906 -185.988 -228.011 
0 -231.468 -34 31 -200.691 -196.441 -187.934 -230.853 
0 -221.1 -33 31 -205.228 -194.634 -185.988 -217.186 
0 -224.477 -33 31 -203.172 -196.169 -187.934 -220.027 
0 -218.371 -34 31 -203.518 -194.312 -186.835 -226.432 
0 -229.61 -34 31 -200.807 -196.569 -185.988 -228.984 
0 -227.799 -35 31 -202.651 -195.132 -186.835 -227.498 
0 -211.38 -33 31 -205.999 -194.04 -186.835 -215.606 
0 -222.62 -33 31 -203.287 -196.297 -185.988 -218.159 
0 -216.513 -34 31 -203.633 -194.44 -184.89 -224.563 
0 -220.809 -34 31 -205.132 -194.86 -186.835 -216.673 
0 -209.523 -33 31 -206.114 -194.168 -184.89 -213.738 
0 -230.511 -35 31 -200.737 -196.49 -186.835 -229.914 
0 -223.521 -34 31 -203.218 -196.218 -186.835 -219.088 
0 -221.953 -34 31 -201.604 -195.67 -186.835 -228.848 
0 -214.963 -33 31 -204.085 -195.398 -186.835 -218.022 
0 -220.096 -34 31 -201.72 -195.798 -184.89 -226.979 
0 -213.106 -33 31 -204.2 -195.526 -184.89 -216.154 
0 -226.859 -33 31 -205.112 -194.506 -187.934 -219.054 
0 -219.805 -35 31 -201.624 -196.024 -185.737 -226.466 
0 -219.869 -32 31 -207.593 -194.235 -187.934 -208.229 
0 -225.001 -33 31 -205.228 -194.634 -185.988 -217.186 
0 -212.815 -34 31 -204.104 -195.752 -185.737 -215.64 
0 -228.379 -33 31 -203.172 -196.169 -187.934 -220.027 
0 -218.011 -32 31 -207.708 -194.363 -185.988 -206.36 
0 -221.389 -32 31 -205.653 -195.897 -187.934 -209.202 
-3 -228.573 -34 31 -200.817 -196.588 -187.934 -231.258 
0 -215.282 -33 31 -205.999 -194.04 -186.835 -215.606 
0 -226.522 -33 31 -203.287 -196.297 -185.988 -218.159 
0 -224.71 -34 31 -205.132 -194.86 -186.835 -216.673 
-3 -221.582 -33 31 -203.298 -196.316 -187.934 -220.433 
0 -208.292 -32 31 -208.479 -193.768 -186.835 -204.781 
0 -219.531 -32 31 -205.768 -196.025 -185.988 -207.333 
-3 -226.715 -34 31 -200.932 -196.716 -185.988 -229.39 
0 -213.425 -33 31 -206.114 -194.168 -184.89 -213.738 
0 -217.72 -33 31 -207.613 -194.589 -186.835 -205.847 
-3 -219.725 -33 31 -203.413 -196.444 -185.988 -218.564 
0 -206.435 -32 31 -208.595 -193.896 -184.89 -202.912 
0 -227.422 -34 31 -203.218 -196.218 -186.835 -219.088 
0 -228.477 -34 31 -202.556 -194.857 -187.934 -228.956 
0 -220.432 -33 31 -205.699 -195.946 -186.835 -208.263 
0 -221.487 -33 31 -205.036 -194.585 -187.934 -218.13 
0 -218.865 -33 31 -204.085 -195.398 -186.835 -218.022 
0 -226.62 -34 31 -202.671 -194.985 -185.988 -227.087 
0 -211.875 -32 31 -206.566 -195.126 -186.835 -207.197 
0 -219.629 -33 31 -205.152 -194.713 -185.988 -216.262 
0 -217.007 -33 31 -204.2 -195.526 -184.89 -216.154 
0 -210.017 -32 31 -206.681 -195.254 -184.89 -205.328 
0 -227.52 -35 31 -202.602 -194.906 -186.835 -228.017 
0 -232.06 -34 31 -200.642 -196.215 -187.934 -231.372 
0 -216.716 -34 31 -204.104 -195.752 -185.737 -215.64 
0 -220.53 -34 31 -205.082 -194.634 -186.835 -217.191 
0 -225.069 -33 31 -203.122 -195.943 -187.934 -220.546 
0 -209.726 -33 31 -206.585 -195.48 -185.737 -204.815 
0 -218.963 -34 31 -203.469 -194.086 -186.835 -226.951 
0 -230.202 -34 31 -200.757 -196.343 -185.988 -229.503 
0 -211.973 -33 31 -205.949 -193.814 -186.835 -216.125 
0 -223.212 -33 31 -203.238 -196.071 -185.988 -218.678 
-3 -225.484 -33 31 -203.298 -196.316 -187.934 -220.433 
0 -217.105 -34 31 -203.584 -194.214 -184.89 -225.082 
0 -220.483 -34 31 -201.528 -195.749 -186.835 -227.924 
-3 -218.494 -32 31 -205.778 -196.044 -187.934 -209.607 
FEATURES_TXT_END_0
FEATURES_TXT_BEGIN_0 44 100 8 Distortion0_0 LM0_0 WordPenalty0_0 PhrasePenalty0_0 TranslationModel0_0 TranslationModel0_1 TranslationModel0_2 TranslationModel0_3 
0 -432.832 -69 62 -408.358 -399.595 -359.405 -460.718 
0 -425.569 -68 62 -410.838 -399.323 -359.405 -449.893 
0 -428.971 -68 62 -410.838 -399.323 -359.405 -449.893 
0 -421.708 -67 62 -413.319 -399.052 -359.405 -439.067 
0 -429.817 -68 62 -410.838 -399.323 -359.405 -449.893 
0 -422.555 -67 62 -413.319 -399.052 -359.405 -439.067 
0 -425.956 -67 62 -413.319 -399.052 -359.405 -439.067 
0 -418.694 -66 62 -415.799 -398.78 -359.405 -428.242 
0 -432.682 -69 62 -410.222 -398.011 -359.405 -458.821 
0 -425.42 -68 62 -412.702 -397.739 -359.405 -447.995 
0 -431.967 -69 62 -407.976 -399.709 -359.405 -460.718 
0 -424.704 -68 62 -410.457 -399.437 -359.405 -449.893 
0 -427.822 -69 62 -410.073 -398.5 -356.962 -455.896 
0 -420.56 -68 62 -412.554 -398.228 -356.962 -445.07 
0 -428.189 -69 62 -410.073 -398.5 -356.962 -455.896 
0 -420.927 -68 62 -412.554 -398.228 -356.962 -445.07 
0 -436.458 -69 62 -405.945 -401.06 -360.098 -464.014 
0 -429.196 -68 62 -408.426 -400.788 -360.098 -453.189 
0 -428.822 -68 62 -412.702 -397.739 -359.405 -447.995 
0 -421.559 -67 62 -415.183 -397.468 -359.405 -437.17 
0 -429.668 -68 62 -412.702 -397.739 -359.405 -447.995 
0 -422.406 -67 62 -415.183 -397.468 -359.405 -437.17 
0 -428.106 -68 62 -410.457 -399.437 -359.405 -449.893 
0 -420.844 -67 62 -412.938 -399.166 -359.405 -439.067 
0 -423.962 -68 62 -412.554 -398.228 -356.962 -445.07 
0 -416.699 -67 62 -415.035 -397.956 -356.962 -434.245 
0 -424.329 -68 62 -412.554 -398.228 -356.962 -445.07 
0 -417.066 -67 62 -415.035 -397.956 -356.962 -434.245 
0 -428.952 -68 62 -410.457 -399.437 -359.405 -449.893 
0 -421.69 -67 62 -412.938 -399.166 -359.405 -439.067 
0 -424.808 -68 62 -412.554 -398.228 -356.962 -445.07 
0 -417.546 -67 62 -415.035 -397.956 -356.962 -434.245 
0 -425.175 -68 62 -412.554 -398.228 -356.962 -445.07 
0 -417.913 -67 62 -415.035 -397.956 -356.962 -434.245 
0 -432.597 -68 62 -408.426 -400.788 -360.098 -453.189 
0 -425.335 -67 62 -410.906 -400.516 -360.098 -442.363 
0 -430.534 -69 62 -408.378 -399.146 -360.098 -461.006 
0 -423.271 -68 62 -410.859 -398.874 -360.098 -450.18 
0 -433.037 -69 62 -408.232 -399.448 -359.405 -460.313 
0 -433.443 -68 62 -408.426 -400.788 -360.098 -453.189 
0 -427.69 -70 62 -410.118 -398.5 -360.098 -455.901 
0 -425.774 -68 62 -410.712 -399.176 -359.405 -449.487 
0 -427.743 -70 62 -410.118 -398.5 -360.098 -455.901 
0 -426.181 -67 62 -410.906 -400.516 -360.098 -442.363 
0 -420.428 -69 62 -412.599 -398.228 -360.098 -445.076 
0 -420.48 -69 62 -412.599 -398.228 -360.098 -445.076 
0 -425.807 -67 62 -415.183 -397.468 -359.405 -437.17 
0 -429.395 -69 62 -409.194 -398.903 -358.306 -457.789 
0 -418.545 -66 62 -417.664 -397.196 -359.405 -426.345 
0 -422.133 -68 62 -411.675 -398.631 -358.306 -446.963 
0 -430.359 -69 62 -409.194 -398.903 -358.306 -457.789 
0 -423.096 -68 62 -411.675 -398.631 -358.306 -446.963 
0 -425.092 -67 62 -412.938 -399.166 -359.405 -439.067 
0 -417.829 -66 62 -415.418 -398.894 -359.405 -428.242 
0 -420.947 -67 62 -415.035 -397.956 -356.962 -434.245 
0 -413.685 -66 62 -417.515 -397.685 -356.962 -423.42 
0 -431.022 -69 62 -409.249 -398.975 -358.712 -457.284 
0 -421.314 -67 62 -415.035 -397.956 -356.962 -434.245 
0 -423.76 -68 62 -411.73 -398.703 -358.712 -446.459 
0 -414.052 -66 62 -417.515 -397.685 -356.962 -423.42 
0 -435.362 -69 62 -407.911 -399.251 -359.405 -462.663 
0 -428.1 -68 62 -410.391 -398.979 -359.405 -451.838 
0 -431.818 -69 62 -409.841 -398.125 -359.405 -458.821 
0 -424.555 -68 62 -412.321 -397.854 -359.405 -447.995 
0 -427.673 -69 62 -411.938 -396.916 -356.962 -453.999 
0 -429.176 -68 62 -410.712 -399.176 -359.405 -449.487 
0 -420.411 -68 62 -414.418 -396.644 -356.962 -443.173 
0 -429.583 -67 62 -410.906 -400.516 -360.098 -442.363 
0 -423.829 -69 62 -412.599 -398.228 -360.098 -445.076 
0 -421.914 -67 62 -413.193 -398.905 -359.405 -438.662 
0 -423.882 -69 62 -412.599 -398.228 -360.098 -445.076 
0 -422.32 -66 62 -413.387 -400.245 -360.098 -431.538 
0 -416.567 -68 62 -415.079 -397.956 -360.098 -434.25 
0 -416.62 -68 62 -415.079 -397.956 -360.098 -434.25 
0 -435.678 -69 62 -407.248 -400.057 -360.098 -461.934 
0 -428.04 -69 62 -411.938 -396.916 -356.962 -453.999 
0 -428.415 -68 62 -409.729 -399.785 -360.098 -451.109 
0 -420.778 -68 62 -414.418 -396.644 -356.962 -443.173 
0 -427.434 -68 62 -410.859 -398.874 -360.098 -450.18 
0 -420.171 -67 62 -413.339 -398.602 -360.098 -439.355 
0 -427.519 -68 62 -410.859 -398.874 -360.098 -450.18 
0 -420.257 -67 62 -413.339 -398.602 -360.098 -439.355 
0 -425.534 -68 62 -411.675 -398.631 -358.306 -446.963 
0 -430.022 -68 62 -410.712 -399.176 -359.405 -449.487 
0 -418.272 -67 62 -414.155 -398.359 -358.306 -436.138 
0 -424.676 -69 62 -412.599 -398.228 -360.098 -445.076 
0 -422.76 -67 62 -413.193 -398.905 -359.405 -438.662 
0 -424.728 -69 62 -412.599 -398.228 -360.098 -445.076 
0 -417.413 -68 62 -415.079 -397.956 -360.098 -434.25 
0 -417.466 -68 62 -415.079 -397.956 -360.098 -434.25 
0 -436.309 -69 62 -407.809 -399.476 -360.098 -462.117 
0 -426.958 -69 62 -409.692 -398.614 -356.962 -455.896 
0 -429.046 -68 62 -410.29 -399.204 -360.098 -451.292 
0 -419.695 -68 62 -412.173 -398.342 -356.962 -445.07 
0 -433.496 -69 62 -409.249 -398.975 -358.712 -457.284 
0 -427.325 -69 62 -409.692 -398.614 -356.962 -455.896 
0 -426.234 -68 62 -411.73 -398.703 -358.712 -446.459 
0 -426.381 -68 62 -411.675 -398.631 -358.306 -446.963 
0 -420.062 -68 62 -412.173 -398.342 -356.962 -445.07 
0 -423.18 -69 62 -411.789 -397.405 -354.52 -451.074 
FEATURES_TXT_END_0
FEATURES_TXT_BEGIN_0 45 100 8 Distortion0_0 LM0_0 WordPenalty0_0 PhrasePenalty0_0 TranslationModel0_0 TranslationModel0_1 TranslationModel0_2 TranslationModel0_3 
0 -349.167 -60 55 -392.814 -385.184 -353.902 -426.696 
0 -335.078 -58 55 -396.613 -384.002 -352.804 -413.106 
0 -346.483 -59 55 -395.294 -384.912 -353.902 -415.871 
0 -332.394 -57 55 -399.093 -383.73 -352.804 -402.28 
0 -369.809 -62 55 -389.014 -386.366 -355.001 -440.287 
0 -355.72 -60 55 -392.814 -385.184 -353.902 -426.696 
0 -349.609 -60 55 -392.764 -384.958 -353.902 -427.215 
0 -349.633 -60 55 -392.764 -384.958 -353.902 -427.215 
0 -345.878 -59 55 -396.31 -382.926 -353.902 -420.267 
0 -335.52 -58 55 -396.563 -383.776 -352.804 -413.624 
0 -335.544 -58 55 -396.563 -383.776 -352.804 -413.624 
0 -350.421 -60 55 -392.764 -384.958 -353.902 -427.215 
0 -331.789 -57 55 -400.109 -381.744 -352.804 -406.676 
0 -336.332 -58 55 -396.563 -383.776 -352.804 -413.624 
0 -367.126 -61 55 -391.495 -386.094 -355.001 -429.462 
0 -353.037 -59 55 -395.294 -384.912 -353.902 -415.871 
0 -346.925 -59 55 -395.245 -384.686 -353.902 -416.39 
0 -346.949 -59 55 -395.245 -384.686 -353.902 -416.39 
0 -343.195 -58 55 -398.791 -382.655 -353.902 -409.441 
0 -332.836 -57 55 -399.044 -383.504 -352.804 -402.799 
0 -332.86 -57 55 -399.044 -383.504 -352.804 -402.799 
0 -347.738 -59 55 -395.245 -384.686 -353.902 -416.39 
0 -329.106 -56 55 -402.59 -381.473 -352.804 -395.85 
0 -370.251 -62 55 -388.965 -386.14 -355.001 -440.806 
0 -370.275 -62 55 -388.965 -386.14 -355.001 -440.806 
0 -333.649 -57 55 -399.044 -383.504 -352.804 -402.799 
0 -366.52 -61 55 -392.511 -384.108 -355.001 -433.858 
0 -356.162 -60 55 -392.764 -384.958 -353.902 -427.215 
0 -356.186 -60 55 -392.764 -384.958 -353.902 -427.215 
0 -371.064 -62 55 -388.965 -386.14 -355.001 -440.806 
0 -352.431 -59 55 -396.31 -382.926 -353.902 -420.267 
0 -356.975 -60 55 -392.764 -384.958 -353.902 -427.215 
0 -353.198 -60 55 -392.433 -385.298 -353.902 -426.696 
0 -350.075 -60 55 -392.715 -384.732 -353.902 -427.734 
0 -339.109 -58 55 -396.232 -384.116 -352.804 -413.106 
0 -346.32 -59 55 -396.261 -382.7 -353.902 -420.786 
0 -346.344 -59 55 -396.261 -382.7 -353.902 -420.785 
0 -335.986 -58 55 -396.514 -383.55 -352.804 -414.143 
0 -350.863 -60 55 -392.715 -384.732 -353.902 -427.734 
0 -350.888 -60 55 -392.715 -384.732 -353.902 -427.734 
0 -332.231 -57 55 -400.06 -381.518 -352.804 -407.195 
0 -332.255 -57 55 -400.06 -381.518 -352.804 -407.195 
0 -347.133 -59 55 -396.261 -382.7 -353.902 -420.786 
0 -350.417 -60 55 -392.688 -385.037 -353.902 -426.291 
0 -336.775 -58 55 -396.514 -383.55 -352.804 -414.143 
0 -336.799 -58 55 -396.514 -383.55 -352.804 -414.143 
0 -333.044 -57 55 -400.06 -381.518 -352.804 -407.195 
0 -336.328 -58 55 -396.487 -383.855 -352.804 -412.7 
0 -347.079 -60 55 -393.65 -384.492 -352.804 -423.767 
0 -367.568 -61 55 -391.445 -385.868 -355.001 -429.981 
0 -367.592 -61 55 -391.445 -385.868 -355.001 -429.981 
0 -332.99 -58 55 -397.45 -383.31 -351.705 -410.176 
0 -351.697 -60 55 -392.367 -384.839 -353.902 -428.642 
0 -363.837 -60 55 -394.992 -383.837 -355.001 -423.032 
0 -353.479 -59 55 -395.245 -384.686 -353.902 -416.39 
0 -353.503 -59 55 -395.245 -384.686 -353.902 -416.39 
0 -352.102 -60 55 -392.367 -384.839 -353.902 -428.642 
0 -368.38 -61 55 -391.445 -385.868 -355.001 -429.981 
0 -337.608 -58 55 -396.166 -383.657 -352.804 -415.051 
0 -349.748 -58 55 -398.791 -382.655 -353.902 -409.441 
0 -348.589 -60 55 -393.65 -384.492 -352.804 -423.767 
0 -338.013 -58 55 -396.166 -383.657 -352.804 -415.051 
0 -354.292 -59 55 -395.245 -384.686 -353.902 -416.39 
0 -350.514 -59 55 -394.913 -385.026 -353.902 -415.871 
0 -334.5 -58 55 -397.45 -383.31 -351.705 -410.176 
0 -347.391 -59 55 -395.195 -384.46 -353.902 -416.909 
0 -336.425 -57 55 -398.712 -383.844 -352.804 -402.28 
0 -343.637 -58 55 -398.741 -382.429 -353.902 -409.96 
0 -343.661 -58 55 -398.741 -382.429 -353.902 -409.96 
0 -333.303 -57 55 -398.994 -383.278 -352.804 -403.318 
0 -348.18 -59 55 -395.195 -384.46 -353.902 -416.909 
0 -348.204 -59 55 -395.195 -384.46 -353.902 -416.909 
0 -373.84 -62 55 -388.633 -386.48 -355.001 -440.287 
0 -329.548 -56 55 -402.54 -381.247 -352.804 -396.369 
0 -329.572 -56 55 -402.54 -381.247 -352.804 -396.369 
0 -370.717 -62 55 -388.915 -385.914 -355.001 -441.325 
0 -344.449 -58 55 -398.741 -382.429 -353.902 -409.96 
0 -347.734 -59 55 -395.169 -384.765 -353.902 -415.466 
0 -334.091 -57 55 -398.994 -383.278 -352.804 -403.318 
0 -334.115 -57 55 -398.994 -383.278 -352.804 -403.318 
0 -359.751 -60 55 -392.433 -385.298 -353.902 -426.696 
0 -366.963 -61 55 -392.461 -383.882 -355.001 -434.376 
0 -366.987 -61 55 -392.461 -383.882 -355.001 -434.376 
0 -356.628 -60 55 -392.715 -384.732 -353.902 -427.734 
0 -330.361 -56 55 -402.54 -381.247 -352.804 -396.369 
0 -333.645 -57 55 -398.968 -383.583 -352.804 -401.875 
0 -371.506 -62 55 -388.915 -385.914 -355.001 -441.325 
0 -371.53 -62 55 -388.915 -385.914 -355.001 -441.325 
0 -352.874 -59 55 -396.261 -382.7 -353.902 -420.786 
0 -352.898 -59 55 -396.261 -382.7 -353.902 -420.785 
0 -344.396 -59 55 -396.131 -384.22 -352.804 -412.942 
0 -367.775 -61 55 -392.461 -383.882 -355.001 -434.376 
0 -371.06 -62 55 -388.889 -386.219 -355.001 -439.882 
0 -357.417 -60 55 -392.715 -384.732 -353.902 -427.734 
0 -353.64 -60 55 -392.383 -385.072 -353.902 -427.215 
0 -357.441 -60 55 -392.715 -384.732 -353.902 -427.734 
0 -353.664 -60 55 -392.383 -385.072 -353.902 -427.215 
0 -330.307 -57 55 -399.93 -383.038 -351.705 -399.351 
0 -349.014 -59 55 -394.847 -384.568 -353.902 -417.816 
0 -353.686 -59 55 -396.261 -382.7 -353.902 -420.785 
FEATURES_TXT_END_0
FEATURES_TXT_BEGIN_0 46 100 8 Distortion0_0 LM0_0 WordPenalty0_0 PhrasePenalty0_0 TranslationModel0_0 TranslationModel0_1 TranslationModel0_2 TranslationModel0_3 
0 -329.22 -54 40 -220.103 -226.661 -195.688 -321.667 
0 -330.728 -54 40 -220.449 -226.216 -195.688 -322.217 
0 -325.598 -53 40 -222.584 -226.389 -195.688 -310.842 
0 -325.779 -53 40 -222.584 -226.389 -195.688 -310.842 
0 -326.034 -53 40 -222.584 -226.389 -195.688 -310.842 
0 -326.099 -53 40 -222.584 -226.389 -195.688 -310.842 
0 -326.668 -53 40 -222.584 -226.389 -195.688 -310.842 
0 -327.053 -53 40 -222.929 -225.944 -195.688 -311.392 
0 -327.106 -53 40 -222.929 -225.944 -195.688 -311.392 
0 -327.288 -53 40 -222.929 -225.944 -195.688 -311.392 
0 -327.608 -53 40 -222.929 -225.944 -195.688 -311.392 
0 -328.177 -53 40 -222.929 -225.944 -195.688 -311.392 
0 -322.157 -52 40 -225.064 -226.118 -195.688 -300.016 
0 -322.412 -52 40 -225.064 -226.118 -195.688 -300.016 
0 -322.477 -52 40 -225.064 -226.118 -195.688 -300.016 
0 -322.593 -52 40 -225.064 -226.118 -195.688 -300.016 
0 -322.658 -52 40 -225.064 -226.118 -195.688 -300.016 
0 -322.913 -52 40 -225.064 -226.118 -195.688 -300.016 
0 -323.046 -52 40 -225.064 -226.118 -195.688 -300.016 
0 -323.227 -52 40 -225.064 -226.118 -195.688 -300.016 
0 -323.431 -52 40 -225.41 -225.673 -195.688 -300.566 
0 -323.482 -52 40 -225.064 -226.118 -195.688 -300.016 
0 -323.548 -52 40 -225.064 -226.118 -195.688 -300.016 
0 -323.612 -52 40 -225.41 -225.673 -195.688 -300.566 
0 -323.666 -52 40 -225.41 -225.673 -195.688 -300.566 
0 -323.932 -52 40 -225.41 -225.673 -195.688 -300.566 
0 -323.986 -52 40 -225.41 -225.673 -195.688 -300.566 
0 -324.167 -52 40 -225.41 -225.673 -195.688 -300.566 
0 -324.502 -52 40 -225.41 -225.673 -195.688 -300.566 
0 -324.555 -52 40 -225.41 -225.673 -195.688 -300.566 
0 -324.736 -52 40 -225.41 -225.673 -195.688 -300.566 
0 -325.056 -52 40 -225.41 -225.673 -195.688 -300.566 
0 -318.971 -51 40 -227.545 -225.846 -195.688 -289.191 
0 -319.036 -51 40 -227.545 -225.846 -195.688 -289.191 
0 -319.291 -51 40 -227.545 -225.846 -195.688 -289.191 
0 -319.473 -51 40 -227.545 -225.846 -195.688 -289.191 
0 -319.605 -51 40 -227.545 -225.846 -195.688 -289.191 
0 -332.455 -54 40 -221.239 -225.604 -195.688 -320.569 
0 -319.86 -51 40 -227.545 -225.846 -195.688 -289.191 
0 -319.926 -51 40 -227.545 -225.846 -195.688 -289.191 
0 -319.99 -51 40 -227.891 -225.401 -195.688 -289.741 
0 -320.042 -51 40 -227.545 -225.846 -195.688 -289.191 
0 -320.107 -51 40 -227.545 -225.846 -195.688 -289.191 
0 -320.311 -51 40 -227.891 -225.401 -195.688 -289.741 
0 -320.362 -51 40 -227.545 -225.846 -195.688 -289.191 
0 -320.492 -51 40 -227.891 -225.401 -195.688 -289.741 
0 -320.545 -51 40 -227.891 -225.401 -195.688 -289.741 
0 -320.88 -51 40 -227.891 -225.401 -195.688 -289.741 
0 -321.061 -51 40 -227.891 -225.401 -195.688 -289.741 
0 -321.114 -51 40 -227.891 -225.401 -195.688 -289.741 
0 -333.964 -54 40 -221.584 -225.159 -195.688 -321.119 
0 -321.381 -51 40 -227.891 -225.401 -195.688 -289.741 
0 -321.434 -51 40 -227.891 -225.401 -195.688 -289.741 
0 -321.616 -51 40 -227.891 -225.401 -195.688 -289.741 
0 -315.851 -50 40 -230.026 -225.574 -195.688 -278.365 
0 -328.833 -53 40 -223.719 -225.332 -195.688 -309.743 
0 -329.015 -53 40 -223.719 -225.332 -195.688 -309.743 
0 -316.42 -50 40 -230.026 -225.574 -195.688 -278.365 
0 -329.27 -53 40 -223.719 -225.332 -195.688 -309.743 
0 -316.485 -50 40 -230.026 -225.574 -195.688 -278.365 
0 -329.335 -53 40 -223.719 -225.332 -195.688 -309.743 
0 -328.032 -54 40 -221.016 -225.698 -196.786 -320.463 
0 -316.74 -50 40 -230.026 -225.574 -195.688 -278.365 
0 -316.87 -50 40 -230.371 -225.129 -195.688 -278.916 
0 -316.921 -50 40 -230.026 -225.574 -195.688 -278.365 
0 -329.904 -53 40 -223.719 -225.332 -195.688 -309.743 
0 -317.439 -50 40 -230.371 -225.129 -195.688 -278.916 
0 -330.289 -53 40 -224.065 -224.887 -195.688 -310.293 
0 -330.342 -53 40 -224.065 -224.887 -195.688 -310.293 
0 -330.523 -53 40 -224.065 -224.887 -195.688 -310.293 
0 -317.759 -50 40 -230.371 -225.129 -195.688 -278.916 
0 -317.94 -50 40 -230.371 -225.129 -195.688 -278.916 
0 -317.994 -50 40 -230.371 -225.129 -195.688 -278.916 
0 -330.844 -53 40 -224.065 -224.887 -195.688 -310.293 
0 -329.541 -54 40 -221.361 -225.253 -196.786 -321.013 
0 -327.52 -54 40 -220.94 -225.969 -194.589 -318.738 
0 -331.413 -53 40 -224.065 -224.887 -195.688 -310.293 
0 -325.393 -52 40 -226.2 -225.06 -195.688 -298.918 
0 -329.029 -54 40 -221.286 -225.524 -194.589 -319.288 
0 -325.648 -52 40 -226.2 -225.06 -195.688 -298.918 
0 -325.713 -52 40 -226.2 -225.06 -195.688 -298.918 
0 -328.745 -54 40 -221.7 -225.08 -195.688 -319.721 
0 -325.829 -52 40 -226.2 -225.06 -195.688 -298.918 
0 -324.41 -53 40 -223.496 -225.426 -196.786 -309.638 
0 -325.894 -52 40 -226.2 -225.06 -195.688 -298.918 
0 -324.591 -53 40 -223.496 -225.426 -196.786 -309.638 
0 -329.726 -54 40 -220.94 -225.969 -194.589 -318.738 
0 -313.299 -49 40 -232.506 -225.303 -195.688 -267.54 
0 -326.149 -52 40 -226.2 -225.06 -195.688 -298.918 
0 -326.282 -52 40 -226.2 -225.06 -195.688 -298.918 
0 -324.846 -53 40 -223.496 -225.426 -196.786 -309.638 
0 -324.911 -53 40 -223.496 -225.426 -196.786 -309.638 
0 -326.463 -52 40 -226.2 -225.06 -195.688 -298.918 
0 -326.667 -52 40 -226.546 -224.615 -195.688 -299.468 
0 -326.718 -52 40 -226.2 -225.06 -195.688 -298.918 
0 -326.783 -52 40 -226.2 -225.06 -195.688 -298.918 
0 -326.848 -52 40 -226.546 -224.615 -195.688 -299.468 
0 -326.901 -52 40 -226.546 -224.615 -195.688 -299.468 
0 -325.481 -53 40 -223.496 -225.426 -196.786 -309.638 
0 -314.318 -49 40 -232.852 -224.857 -195.688 -268.09 
FEATURES_TXT_END_0
FEATURES_TXT_BEGIN_0 47 100 8 Distortion0_0 LM0_0 WordPenalty0_0 PhrasePenalty0_0 TranslationModel0_0 TranslationModel0_1 TranslationModel0_2 TranslationModel0_3 
0 -497.341 -79 75 -511.056 -501.778 -449.584 -556.938 
0 -491.24 -78 75 -513.536 -501.506 -449.584 -546.113 
0 -506.268 -80 75 -508.575 -502.05 -449.584 -567.764 
0 -500.168 -79 75 -511.056 -501.778 -449.584 -556.938 
0 -493.413 -78 75 -513.536 -501.506 -449.584 -546.113 
0 -493.418 -78 75 -513.536 -501.506 -449.584 -546.113 
0 -487.313 -77 75 -516.017 -501.235 -449.584 -535.287 
0 -487.317 -77 75 -516.017 -501.235 -449.584 -535.287 
0 -502.341 -79 75 -511.056 -501.778 -449.584 -556.938 
0 -502.345 -79 75 -511.056 -501.778 -449.584 -556.938 
0 -496.24 -78 75 -513.536 -501.506 -449.584 -546.113 
0 -496.245 -78 75 -513.536 -501.506 -449.584 -546.113 
0 -489.491 -77 75 -516.017 -501.235 -449.584 -535.287 
0 -483.39 -76 75 -518.498 -500.963 -449.584 -524.462 
0 -498.418 -78 75 -513.536 -501.506 -449.584 -546.113 
0 -492.318 -77 75 -516.017 -501.235 -449.584 -535.287 
0 -499.528 -79 75 -510.382 -501.96 -451.376 -558.718 
0 -499.794 -79 75 -508.643 -503.243 -450.277 -560.234 
0 -493.427 -78 75 -512.863 -501.688 -451.376 -547.892 
0 -493.693 -78 75 -511.124 -502.971 -450.277 -549.409 
0 -508.455 -80 75 -507.901 -502.232 -451.376 -569.543 
0 -494.06 -78 75 -511.124 -502.971 -450.277 -549.409 
0 -508.722 -80 75 -506.163 -503.514 -450.277 -571.06 
0 -502.355 -79 75 -510.382 -501.96 -451.376 -558.718 
0 -487.959 -77 75 -513.605 -502.699 -450.277 -538.583 
0 -502.621 -79 75 -508.643 -503.243 -450.277 -560.234 
0 -495.601 -78 75 -512.863 -501.688 -451.376 -547.892 
0 -495.605 -78 75 -512.863 -501.688 -451.376 -547.892 
0 -502.987 -79 75 -508.643 -503.243 -450.277 -560.234 
0 -495.867 -78 75 -511.124 -502.971 -450.277 -549.409 
0 -493.458 -79 75 -511.968 -500.815 -450.683 -555.734 
0 -489.5 -77 75 -515.343 -501.417 -451.376 -537.067 
0 -489.504 -77 75 -515.343 -501.417 -451.376 -537.067 
0 -496.887 -78 75 -511.124 -502.971 -450.277 -549.409 
0 -489.766 -77 75 -513.605 -502.699 -450.277 -538.583 
0 -504.528 -79 75 -510.382 -501.96 -451.376 -558.718 
0 -504.533 -79 75 -510.382 -501.96 -451.376 -558.718 
0 -487.357 -78 75 -514.449 -500.543 -450.683 -544.909 
0 -497.915 -80 75 -510.813 -501.778 -451.376 -556.944 
0 -490.133 -77 75 -513.605 -502.699 -450.277 -538.583 
0 -504.794 -79 75 -508.643 -503.243 -450.277 -560.234 
0 -502.385 -80 75 -509.487 -501.086 -450.683 -566.56 
0 -500.849 -79 75 -508.415 -503.472 -449.584 -559.503 
0 -498.427 -78 75 -512.863 -501.688 -451.376 -547.892 
0 -498.432 -78 75 -512.863 -501.688 -451.376 -547.892 
0 -501.143 -79 75 -508.415 -503.472 -449.584 -559.503 
0 -491.815 -79 75 -513.293 -501.506 -451.376 -546.118 
0 -484.032 -76 75 -516.085 -502.428 -450.277 -527.758 
0 -498.694 -78 75 -511.124 -502.971 -450.277 -549.409 
0 -496.285 -79 75 -511.968 -500.815 -450.683 -555.734 
0 -491.678 -77 75 -515.343 -501.417 -451.376 -537.067 
0 -506.843 -81 75 -508.332 -502.05 -451.376 -567.769 
0 -499.06 -78 75 -511.124 -502.971 -450.277 -549.409 
0 -501.666 -79 75 -508.415 -503.472 -449.584 -559.503 
0 -501.961 -79 75 -508.415 -503.472 -449.584 -559.503 
0 -489.531 -78 75 -514.449 -500.543 -450.683 -544.909 
0 -489.535 -78 75 -514.449 -500.543 -450.682 -544.909 
0 -494.748 -78 75 -510.895 -503.2 -449.584 -548.677 
0 -495.042 -78 75 -510.895 -503.2 -449.584 -548.678 
0 -509.776 -80 75 -505.934 -503.743 -449.584 -570.328 
0 -485.577 -76 75 -517.824 -501.145 -451.376 -526.241 
0 -510.071 -80 75 -505.934 -503.743 -449.584 -570.328 
0 -500.742 -80 75 -510.813 -501.778 -451.376 -556.944 
0 -492.959 -77 75 -513.605 -502.699 -450.277 -538.583 
0 -495.566 -78 75 -510.895 -503.2 -449.584 -548.678 
0 -500.605 -78 75 -512.863 -501.688 -451.376 -547.892 
0 -495.86 -78 75 -510.895 -503.2 -449.584 -548.678 
0 -483.43 -77 75 -516.929 -500.271 -450.683 -534.083 
0 -483.434 -77 75 -516.929 -500.271 -450.682 -534.083 
0 -510.594 -80 75 -505.934 -503.743 -449.584 -570.328 
0 -493.988 -79 75 -513.293 -501.506 -451.376 -546.118 
0 -493.993 -79 75 -513.293 -501.506 -451.376 -546.118 
0 -510.888 -80 75 -505.934 -503.743 -449.584 -570.328 
0 -498.458 -79 75 -511.968 -500.815 -450.683 -555.734 
0 -498.463 -79 75 -511.968 -500.815 -450.682 -555.734 
0 -503.482 -80 75 -509.467 -501.429 -448.891 -564.33 
0 -503.676 -79 75 -508.415 -503.472 -449.584 -559.503 
0 -503.97 -79 75 -508.415 -503.472 -449.584 -559.503 
0 -496.922 -78 75 -510.895 -503.2 -449.584 -548.677 
0 -496.926 -78 75 -510.895 -503.2 -449.584 -548.677 
0 -494.505 -77 75 -515.343 -501.417 -451.376 -537.067 
0 -504.493 -79 75 -508.415 -503.472 -449.584 -559.503 
0 -497.216 -78 75 -510.895 -503.2 -449.584 -548.678 
0 -497.22 -78 75 -510.895 -503.2 -449.584 -548.678 
0 -487.887 -78 75 -515.774 -501.235 -451.376 -535.293 
0 -487.892 -78 75 -515.774 -501.235 -451.376 -535.293 
0 -500.684 -79 75 -509.946 -502.24 -450.277 -558.154 
0 -504.788 -79 75 -508.415 -503.472 -449.584 -559.503 
0 -492.358 -78 75 -514.449 -500.543 -450.683 -544.909 
0 -492.362 -78 75 -514.449 -500.543 -450.682 -544.909 
0 -497.381 -79 75 -511.947 -501.157 -448.891 -553.504 
0 -502.916 -80 75 -510.813 -501.778 -451.376 -556.944 
0 -502.92 -80 75 -510.813 -501.778 -451.376 -556.944 
0 -497.739 -78 75 -510.895 -503.2 -449.584 -548.678 
0 -497.744 -78 75 -510.895 -503.2 -449.584 -548.678 
0 -501.981 -79 75 -507.97 -503.425 -452.069 -562.014 
0 -498.034 -78 75 -510.895 -503.2 -449.584 -548.678 
0 -498.038 -78 75 -510.895 -503.2 -449.584 -548.678 
0 -485.608 -77 75 -516.929 -500.271 -450.682 -534.083 
0 -490.821 -77 75 -513.376 -502.928 -449.584 -537.852 
FEATURES_TXT_END_0
FEATURES_TXT_BEGIN_0 48 100 8 Distortion0_0 LM0_0 WordPenalty0_0 PhrasePenalty0_0 TranslationModel0_0 TranslationModel0_1 TranslationModel0_2 TranslationModel0_3 
0 -211.032 -33 27 -157.594 -163.216 -138.076 -200.509 
0 -205.732 -32 27 -160.074 -162.944 -138.076 -189.683 
0 -206.666 -32 27 -160.074 -162.944 -138.076 -189.683 
0 -209.817 -32 27 -158.073 -163.623 -137.383 -195.617 
0 -201.365 -31 27 -162.555 -162.672 -138.076 -178.858 
0 -204.517 -31 27 -160.553 -163.351 -137.383 -184.792 
0 -211.52 -33 27 -157.883 -163.874 -138.769 -195.623 
0 -206.456 -32 27 -158.107 -163.635 -136.372 -194.493 
0 -205.451 -31 27 -160.553 -163.351 -137.383 -184.792 
0 -205.466 -32 27 -158.846 -162.525 -137.383 -196.431 
0 -206.22 -32 27 -160.364 -163.603 -138.769 -184.797 
0 -201.155 -31 27 -160.588 -163.363 -136.372 -183.668 
0 -200.15 -30 27 -163.034 -163.08 -137.383 -173.967 
0 -207.154 -32 27 -160.364 -163.603 -138.769 -184.797 
0 -202.089 -31 27 -160.588 -163.363 -136.372 -183.668 
0 -201.1 -31 27 -161.327 -162.254 -137.383 -185.606 
0 -201.853 -31 27 -162.844 -163.331 -138.769 -173.972 
0 -196.789 -30 27 -163.068 -163.091 -136.372 -172.843 
0 -204.251 -31 27 -159.325 -162.932 -136.69 -191.54 
0 -211.688 -32 27 -157.832 -163.602 -138.769 -196.478 
0 -202.341 -31 27 -161.327 -162.254 -137.383 -185.606 
0 -210.759 -32 27 -158.766 -162.74 -138.076 -195.916 
0 -205.954 -32 27 -159.136 -163.184 -138.076 -191.545 
0 -206.388 -31 27 -160.312 -163.33 -138.769 -185.652 
0 -200.89 -31 27 -159.36 -162.944 -135.678 -190.416 
0 -199.885 -30 27 -161.806 -162.661 -136.69 -180.714 
0 -207.322 -31 27 -160.312 -163.33 -138.769 -185.652 
0 -197.975 -30 27 -163.808 -161.982 -137.383 -174.78 
0 -210.825 -33 27 -157.468 -163.069 -138.076 -200.103 
0 -205.459 -31 27 -161.246 -162.469 -138.076 -185.091 
0 -201.126 -30 27 -161.806 -162.661 -136.69 -180.714 
0 -206.393 -31 27 -161.246 -162.469 -138.076 -185.091 
0 -208.706 -31 27 -159.244 -163.147 -137.383 -191.025 
0 -201.588 -31 27 -161.617 -162.912 -138.076 -180.72 
0 -202.022 -30 27 -162.793 -163.058 -138.769 -174.827 
0 -205.525 -32 27 -159.949 -162.797 -138.076 -189.278 
0 -196.524 -30 27 -161.84 -162.672 -135.678 -179.59 
0 -211.209 -33 27 -157.614 -162.766 -138.769 -200.796 
0 -202.829 -31 27 -161.616 -162.912 -138.076 -180.72 
0 -206.459 -32 27 -159.949 -162.797 -138.076 -189.278 
0 -201.093 -30 27 -163.727 -162.197 -138.076 -174.265 
0 -203.405 -30 27 -161.725 -162.876 -137.383 -180.199 
0 -208.787 -32 27 -157.4 -163.874 -136.69 -195.617 
0 -204.575 -31 27 -159.279 -163.159 -136.372 -189.901 
0 -197.765 -30 27 -161.84 -162.672 -135.678 -179.59 
0 -196.76 -29 27 -164.287 -162.389 -136.69 -169.889 
0 -210.966 -32 27 -159.055 -163.399 -138.769 -191.03 
0 -209.61 -32 27 -157.947 -163.476 -137.383 -195.212 
0 -204.339 -30 27 -161.725 -162.876 -137.383 -180.199 
0 -206.123 -31 27 -159.084 -162.911 -138.076 -192.4 
0 -205.909 -32 27 -160.095 -162.495 -138.769 -189.971 
0 -201.159 -31 27 -162.429 -162.525 -138.076 -178.452 
0 -203.487 -31 27 -159.881 -163.603 -136.69 -184.792 
0 -199.275 -30 27 -161.759 -162.887 -136.372 -179.075 
0 -206.843 -32 27 -160.095 -162.495 -138.769 -189.971 
0 -198.463 -30 27 -164.097 -162.641 -138.076 -169.894 
0 -205.666 -31 27 -161.536 -163.127 -138.769 -180.205 
0 -204.31 -31 27 -160.427 -163.204 -137.383 -184.387 
0 -205.193 -31 27 -160.018 -162.05 -137.383 -191.838 
0 -211.313 -33 27 -157.757 -163.727 -138.769 -195.217 
0 -199.039 -29 27 -164.206 -162.604 -137.383 -169.374 
0 -204.421 -31 27 -159.881 -163.603 -136.69 -184.792 
0 -200.209 -30 27 -161.759 -162.887 -136.372 -179.075 
0 -193.399 -29 27 -164.321 -162.401 -135.678 -168.765 
0 -209.994 -32 27 -158.093 -163.174 -138.076 -195.905 
0 -206.249 -32 27 -157.981 -163.488 -136.372 -194.088 
0 -206.6 -31 27 -161.536 -163.127 -138.769 -180.205 
-3 -210.104 -33 27 -157.594 -163.216 -138.076 -200.509 
0 -205.244 -31 27 -160.427 -163.204 -137.383 -184.387 
0 -201.757 -30 27 -161.565 -162.639 -138.076 -181.575 
0 -201.543 -31 27 -162.576 -162.223 -138.769 -179.145 
0 -208.3 -33 27 -157.534 -162.579 -138.769 -201.202 
0 -210.382 -33 27 -156.632 -163.448 -139.463 -201.55 
0 -205.259 -32 27 -158.721 -162.378 -137.383 -196.026 
0 -206.013 -32 27 -160.238 -163.456 -138.769 -184.392 
0 -199.121 -30 27 -162.361 -163.331 -136.69 -173.967 
0 -194.909 -29 27 -164.24 -162.616 -136.372 -168.25 
0 -204.694 -31 27 -160.574 -162.902 -138.076 -185.08 
0 -209.976 -31 27 -159.003 -163.126 -138.769 -191.885 
0 -200.949 -31 27 -160.462 -163.216 -136.372 -183.263 
0 -201.299 -30 27 -164.016 -162.855 -138.769 -169.379 
0 -211.697 -33 27 -157.904 -163.425 -139.463 -195.91 
0 -202.998 -30 27 -161.565 -162.639 -138.076 -181.575 
-3 -204.804 -32 27 -160.074 -162.944 -138.076 -189.683 
0 -199.943 -30 27 -162.908 -162.933 -137.383 -173.561 
0 -200.827 -30 27 -162.499 -161.778 -137.383 -181.013 
0 -206.947 -32 27 -160.238 -163.456 -138.769 -184.392 
0 -203.14 -30 27 -160.497 -162.457 -136.69 -186.947 
0 -206.633 -32 27 -158.127 -163.185 -137.065 -194.781 
0 -205.628 -31 27 -160.574 -162.902 -138.076 -185.08 
0 -201.883 -31 27 -160.462 -163.216 -136.372 -183.263 
-3 -205.738 -32 27 -160.074 -162.944 -138.076 -189.683 
0 -202.999 -32 27 -160.014 -162.308 -138.769 -190.376 
0 -205.082 -32 27 -159.113 -163.176 -139.463 -190.725 
0 -202.068 -30 27 -162.499 -161.778 -137.383 -181.013 
0 -204.676 -30 27 -161.484 -162.854 -138.769 -181.06 
0 -205.644 -32 27 -158.867 -162.076 -138.076 -196.719 
0 -203.933 -32 27 -160.014 -162.308 -138.769 -190.376 
0 -206.016 -32 27 -159.113 -163.176 -139.463 -190.725 
0 -206.397 -32 27 -160.384 -163.153 -139.463 -185.085 
FEATURES_TXT_END_0
FEATURES_TXT_BEGIN_0 49 100 8 Distortion0_0 LM0_0 WordPenalty0_0 PhrasePenalty0_0 TranslationModel0_0 TranslationModel0_1 TranslationModel0_2 TranslationModel0_3 
0 -311.894 -46 44 -274.309 -288.707 -259.693 -330.519 
0 -306.526 -45 44 -276.79 -288.436 -259.693 -319.694 
0 -310.541 -46 44 -276.173 -287.123 -259.693 -328.622 
0 -312.949 -46 44 -275.109 -288.113 -259.693 -328.91 
0 -305.173 -45 44 -278.654 -286.852 -259.693 -317.797 
0 -311.879 -46 44 -274.544 -288.293 -259.693 -330.36 
0 -306.482 -46 44 -276.025 -287.612 -257.251 -325.697 
0 -313.069 -46 44 -276.173 -287.123 -259.693 -328.622 
0 -307.581 -45 44 -277.59 -287.841 -259.693 -318.084 
0 -315.31 -46 44 -271.897 -290.172 -260.387 -333.815 
0 -306.511 -45 44 -277.025 -288.021 -259.693 -319.535 
0 -301.114 -45 44 -278.506 -287.34 -257.251 -314.872 
0 -307.7 -45 44 -278.654 -286.852 -259.693 -317.797 
0 -309.942 -45 44 -274.377 -289.9 -260.387 -322.99 
0 -311.687 -46 44 -274.183 -288.56 -259.693 -330.114 
0 -307.93 -46 44 -275.201 -288.087 -259 -327.086 
0 -311.596 -46 44 -276.974 -286.529 -259.693 -327.013 
0 -314.992 -46 44 -272.335 -290.131 -258.307 -330.925 
0 -306.319 -45 44 -276.664 -288.288 -259.693 -319.289 
0 -310.526 -46 44 -276.409 -286.709 -259.693 -328.463 
0 -305.129 -46 44 -277.889 -286.028 -257.251 -323.8 
0 -311.715 -46 44 -278.038 -285.539 -259.693 -326.725 
0 -308.999 -47 44 -276.069 -287.612 -260.387 -325.703 
0 -302.562 -45 44 -277.681 -287.815 -259 -316.26 
0 -306.227 -45 44 -279.454 -286.257 -259.693 -316.187 
0 -309.624 -45 44 -274.816 -289.859 -258.307 -320.099 
0 -312.934 -46 44 -275.344 -287.698 -259.693 -328.751 
0 -307.537 -46 44 -276.825 -287.017 -257.251 -324.088 
0 -314.424 -46 44 -273.862 -288.363 -259.693 -332.465 
0 -314.123 -46 44 -276.974 -286.529 -259.693 -327.013 
0 -313.957 -46 44 -273.761 -288.588 -260.387 -331.918 
0 -305.158 -45 44 -278.889 -286.437 -259.693 -317.638 
0 -299.761 -45 44 -280.37 -285.756 -257.251 -312.975 
0 -306.467 -46 44 -276.26 -287.198 -257.251 -325.538 
0 -306.347 -45 44 -280.518 -285.268 -259.693 -315.9 
0 -316.365 -46 44 -272.697 -289.577 -260.387 -332.206 
0 -303.631 -46 44 -278.55 -287.34 -260.387 -314.877 
0 -313.053 -46 44 -276.409 -286.709 -259.693 -328.463 
0 -307.657 -46 44 -277.889 -286.028 -257.251 -323.8 
0 -315.477 -46 44 -273.2 -289.169 -260.387 -331.736 
0 -307.566 -45 44 -277.825 -287.427 -259.693 -317.925 
0 -302.169 -45 44 -279.306 -286.746 -257.251 -313.262 
0 -309.056 -45 44 -276.343 -288.091 -259.693 -321.639 
0 -308.755 -45 44 -279.454 -286.257 -259.693 -316.187 
0 -308.589 -45 44 -276.242 -288.316 -260.387 -321.093 
0 -315.295 -46 44 -272.132 -289.758 -260.387 -333.656 
0 -309.898 -46 44 -273.613 -289.077 -257.944 -328.993 
0 -316.485 -46 44 -273.761 -288.588 -260.387 -331.918 
0 -301.099 -45 44 -278.741 -286.926 -257.251 -314.713 
0 -310.997 -45 44 -275.177 -289.306 -260.387 -321.381 
0 -307.685 -45 44 -278.889 -286.437 -259.693 -317.638 
0 -302.288 -45 44 -280.37 -285.756 -257.251 -312.975 
0 -310.109 -45 44 -275.68 -288.898 -260.387 -320.91 
0 -310.334 -46 44 -276.048 -286.976 -259.693 -328.217 
0 -309.927 -45 44 -274.613 -289.486 -260.387 -322.831 
0 -304.53 -45 44 -276.093 -288.805 -257.944 -318.168 
0 -311.117 -45 44 -276.242 -288.316 -260.387 -321.093 
0 -306.577 -46 44 -277.065 -286.503 -259 -325.188 
0 -312.742 -46 44 -274.983 -287.966 -259.693 -328.505 
-3 -312.927 -46 44 -274.309 -288.707 -259.693 -330.519 
0 -313.639 -46 44 -274.2 -288.547 -258.307 -329.028 
0 -315.39 -46 44 -273.135 -289.536 -258.307 -329.315 
0 -308.985 -46 44 -276.001 -287.492 -259 -325.476 
0 -304.966 -45 44 -278.528 -286.705 -259.693 -317.391 
0 -311.672 -46 44 -274.418 -288.146 -259.693 -329.955 
0 -306.275 -46 44 -275.899 -287.465 -257.251 -325.292 
-4 -306.36 -46 44 -274.309 -288.707 -259.693 -330.519 
0 -313.469 -46 44 -273.347 -288.939 -261.08 -331.561 
0 -312.862 -46 44 -276.048 -286.976 -259.693 -328.217 
0 -307.646 -47 44 -277.934 -286.028 -260.387 -323.806 
0 -301.209 -45 44 -279.546 -286.231 -259 -314.363 
0 -307.374 -45 44 -277.464 -287.694 -259.693 -317.679 
-3 -307.559 -45 44 -276.79 -288.436 -259.693 -319.694 
0 -307.915 -46 44 -275.436 -287.672 -259 -326.926 
0 -308.27 -45 44 -276.68 -288.275 -258.307 -318.202 
0 -302.518 -46 44 -276.917 -286.991 -256.558 -322.263 
0 -311.58 -46 44 -277.209 -286.114 -259.693 -326.854 
0 -306.184 -46 44 -278.689 -285.434 -257.251 -322.191 
-4 -307.292 -46 44 -274.309 -288.707 -259.693 -330.519 
0 -313.071 -46 44 -275.727 -286.779 -259.693 -330.568 
0 -310.022 -45 44 -275.616 -289.265 -258.307 -318.49 
0 -314.977 -46 44 -272.57 -289.716 -258.307 -330.766 
0 -309.58 -46 44 -274.051 -289.036 -255.865 -326.103 
0 -309.105 -46 44 -277.065 -286.503 -259 -325.188 
0 -312.77 -46 44 -278.838 -284.945 -259.693 -325.116 
-4 -307.673 -46 44 -274.309 -288.707 -259.693 -330.519 
0 -310.054 -47 44 -276.87 -287.017 -260.387 -324.093 
0 -316.166 -46 44 -274.2 -288.547 -258.307 -329.028 
0 -303.617 -45 44 -278.481 -287.22 -259 -314.651 
0 -315.103 -46 44 -271.771 -290.025 -260.387 -333.41 
0 -315.479 -46 44 -274.662 -287.768 -259.693 -330.855 
-4 -308.216 -46 44 -274.309 -288.707 -259.693 -330.519 
0 -306.304 -45 44 -276.899 -287.874 -259.693 -319.129 
0 -300.907 -45 44 -278.38 -287.193 -257.251 -314.466 
0 -308.101 -45 44 -275.828 -288.667 -261.08 -320.735 
0 -305.114 -46 44 -278.124 -285.614 -257.251 -323.641 
0 -307.494 -45 44 -278.528 -286.705 -259.693 -317.391 
0 -311.346 -46 44 -272.788 -289.551 -259.693 -330.382 
0 -315.012 -46 44 -274.561 -287.994 -260.387 -330.309 
-4 -308.73 -46 44 -274.309 -288.707 -259.693 -330.519 
FEATURES_TXT_END_0
FEATURES_TXT_BEGIN_0 50 74 8 Distortion0_0 LM0_0 WordPenalty0_0 PhrasePenalty0_0 TranslationModel0_0 TranslationModel0_1 TranslationModel0_2 TranslationModel0_3 
0 -410.558 -68 62 -428.916 -457.051 -409.667 -531.446 
0 -404.168 -67 62 -431.396 -456.779 -409.667 -520.621 
0 -404.344 -67 62 -431.396 -456.779 -409.667 -520.621 
0 -405.074 -67 62 -431.396 -456.779 -409.667 -520.621 
0 -397.953 -66 62 -433.877 -456.507 -409.667 -509.795 
0 -405.307 -67 62 -431.396 -456.779 -409.667 -520.621 
0 -398.683 -66 62 -433.877 -456.507 -409.667 -509.795 
0 -398.86 -66 62 -433.877 -456.507 -409.667 -509.795 
0 -398.916 -66 62 -433.877 -456.507 -409.667 -509.795 
0 -399.093 -66 62 -433.877 -456.507 -409.667 -509.795 
0 -392.469 -65 62 -436.357 -456.236 -409.667 -498.97 
0 -399.823 -66 62 -433.877 -456.507 -409.667 -509.795 
0 -392.702 -65 62 -436.357 -456.236 -409.667 -498.97 
0 -407.373 -67 62 -431.396 -456.779 -409.667 -520.621 
0 -389.528 -64 62 -438.743 -455.904 -409.667 -488.432 
0 -410.7 -68 62 -428.82 -456.991 -409.667 -531.734 
0 -393.432 -65 62 -436.357 -456.236 -409.667 -498.97 
0 -393.608 -65 62 -436.357 -456.236 -409.667 -498.97 
0 -400.982 -66 62 -433.877 -456.507 -409.667 -509.795 
0 -389.527 -64 62 -438.743 -455.904 -409.667 -488.432 
0 -404.412 -67 62 -431.301 -456.719 -409.667 -520.908 
0 -401.158 -66 62 -433.877 -456.507 -409.667 -509.795 
0 -396.779 -65 62 -436.262 -456.176 -409.667 -499.257 
0 -404.485 -67 62 -431.301 -456.719 -409.667 -520.908 
0 -387.218 -64 62 -438.838 -455.964 -409.667 -488.144 
0 -401.888 -66 62 -433.877 -456.507 -409.667 -509.795 
0 -396.778 -65 62 -436.262 -456.176 -409.667 -499.257 
0 -405.215 -67 62 -431.301 -456.719 -409.667 -520.908 
0 -394.768 -65 62 -436.357 -456.236 -409.667 -498.97 
0 -393.451 -64 62 -438.838 -455.964 -409.667 -488.144 
0 -402.121 -66 62 -433.877 -456.507 -409.667 -509.795 
0 -386.098 -63 62 -441.319 -455.692 -409.667 -477.319 
0 -405.448 -67 62 -431.301 -456.719 -409.667 -520.908 
0 -398.198 -66 62 -433.782 -456.448 -409.667 -510.083 
0 -395.498 -65 62 -436.357 -456.236 -409.667 -498.97 
0 -396.048 -65 62 -436.262 -456.176 -409.667 -499.257 
0 -398.928 -66 62 -433.781 -456.448 -409.667 -510.083 
0 -395.674 -65 62 -436.357 -456.236 -409.667 -498.97 
0 -392.721 -64 62 -438.838 -455.964 -409.667 -488.144 
0 -399.001 -66 62 -433.781 -456.448 -409.667 -510.083 
0 -395.731 -65 62 -436.357 -456.236 -409.667 -498.97 
0 -395.975 -65 62 -436.262 -456.176 -409.667 -499.257 
0 -399.161 -66 62 -433.781 -456.448 -409.667 -510.083 
0 -395.907 -65 62 -436.357 -456.236 -409.667 -498.97 
0 -392.545 -64 62 -438.838 -455.964 -409.667 -488.144 
0 -399.234 -66 62 -433.781 -456.448 -409.667 -510.083 
0 -389.283 -64 62 -438.838 -455.964 -409.667 -488.144 
0 -395.815 -65 62 -436.262 -456.176 -409.667 -499.257 
0 -396.637 -65 62 -436.357 -456.236 -409.667 -498.97 
0 -392.488 -64 62 -438.838 -455.964 -409.667 -488.144 
0 -399.964 -66 62 -433.781 -456.448 -409.667 -510.083 
0 -392.713 -65 62 -436.262 -456.176 -409.667 -499.257 
0 -389.516 -64 62 -438.838 -455.964 -409.667 -488.144 
0 -395.742 -65 62 -436.262 -456.176 -409.667 -499.257 
0 -404.187 -66 62 -433.877 -456.507 -409.667 -509.795 
0 -407.514 -67 62 -431.301 -456.719 -409.667 -520.908 
0 -392.312 -64 62 -438.838 -455.964 -409.667 -488.144 
0 -392.946 -65 62 -436.262 -456.176 -409.667 -499.257 
0 -390.246 -64 62 -438.838 -455.964 -409.667 -488.144 
0 -395.012 -65 62 -436.262 -456.176 -409.667 -499.257 
0 -393.676 -65 62 -436.262 -456.176 -409.667 -499.257 
0 -390.423 -64 62 -438.838 -455.964 -409.667 -488.144 
0 -402.263 -66 62 -433.781 -456.448 -409.667 -510.083 
0 -397.796 -65 62 -436.357 -456.236 -409.667 -498.97 
0 -393.75 -65 62 -436.262 -456.176 -409.667 -499.257 
0 -401.226 -66 62 -433.782 -456.448 -409.667 -510.083 
0 -398.936 -65 62 -436.357 -456.236 -409.667 -498.97 
0 -397.973 -65 62 -436.357 -456.236 -409.667 -498.97 
0 -401.3 -66 62 -433.782 -456.448 -409.667 -510.083 
0 -391.582 -64 62 -438.838 -455.964 -409.667 -488.144 
0 -384.032 -63 62 -441.319 -455.692 -409.667 -477.319 
0 -387.462 -64 62 -438.743 -455.904 -409.667 -488.432 
0 -398.703 -65 62 -436.357 -456.236 -409.667 -498.97 
0 -402.03 -66 62 -433.781 -456.448 -409.667 -510.083 
FEATURES_TXT_END_0
FEATURES_TXT_BEGIN_0 51 100 8 Distortion0_0 LM0_0 WordPenalty0_0 PhrasePenalty0_0 TranslationModel0_0 TranslationModel0_1 TranslationModel0_2 TranslationModel0_3 
0 -136.061 -25 24 -169.989 -163.266 -145.669 -154.93 
0 -130.545 -25 24 -171.704 -162.17 -143.227 -150.108 
0 -135.866 -25 24 -169.863 -163.119 -145.669 -154.525 
0 -134.297 -26 24 -171.749 -162.17 -146.362 -150.114 
-3 -136.03 -25 24 -169.989 -163.266 -145.669 -154.93 
-4 -130.215 -25 24 -169.989 -163.266 -145.669 -154.93 
0 -130.35 -25 24 -171.579 -162.023 -143.227 -149.703 
-4 -131.529 -25 24 -169.989 -163.266 -145.669 -154.93 
-4 -132.38 -25 24 -169.989 -163.266 -145.669 -154.93 
-4 -133.835 -25 24 -169.989 -163.266 -145.669 -154.93 
-4 -134.481 -25 24 -169.989 -163.266 -145.669 -154.93 
-4 -134.677 -25 24 -169.989 -163.266 -145.669 -154.93 
-4 -134.931 -25 24 -169.989 -163.266 -145.669 -154.93 
0 -132.241 -25 24 -171.647 -161.601 -145.957 -151.79 
0 -138.199 -25 24 -168.927 -163.399 -146.362 -156.316 
-4 -135.047 -25 24 -169.989 -163.266 -145.669 -154.93 
-4 -135.358 -25 24 -169.989 -163.266 -145.669 -154.93 
0 -132.819 -25 24 -169.456 -163.092 -144.976 -154.42 
-4 -135.611 -25 24 -169.989 -163.266 -145.669 -154.93 
-4 -136.048 -25 24 -169.989 -163.266 -145.669 -154.93 
-4 -136.47 -25 24 -169.989 -163.266 -145.669 -154.93 
-4 -136.607 -25 24 -169.989 -163.266 -145.669 -154.93 
-4 -136.754 -25 24 -169.989 -163.266 -145.669 -154.93 
-4 -137.139 -25 24 -169.989 -163.266 -145.669 -154.93 
-4 -137.411 -25 24 -169.989 -163.266 -145.669 -154.93 
-4 -137.719 -25 24 -169.989 -163.266 -145.669 -154.93 
-3 -130.515 -25 24 -171.704 -162.17 -143.227 -150.108 
-4 -138.627 -25 24 -169.989 -163.266 -145.669 -154.93 
-4 -139.225 -25 24 -169.989 -163.266 -145.669 -154.93 
0 -134.102 -26 24 -171.623 -162.023 -146.362 -149.708 
-4 -124.699 -25 24 -171.704 -162.17 -143.227 -150.108 
0 -138.448 -25 24 -168.514 -163.427 -147.615 -157.78 
-4 -140.833 -25 24 -169.989 -163.266 -145.669 -154.93 
-4 -140.858 -25 24 -169.989 -163.266 -145.669 -154.93 
-4 -141.681 -25 24 -169.989 -163.266 -145.669 -154.93 
-4 -142.373 -25 24 -169.989 -163.266 -145.669 -154.93 
-5 -134.777 -25 24 -169.989 -163.266 -145.669 -154.93 
0 -134.722 -25 24 -168.349 -163.576 -145.669 -156.722 
-4 -128.319 -25 24 -171.704 -162.17 -143.227 -150.108 
-3 -135.835 -25 24 -169.863 -163.119 -145.669 -154.525 
-4 -128.965 -25 24 -171.704 -162.17 -143.227 -150.108 
-4 -129.161 -25 24 -171.704 -162.17 -143.227 -150.108 
-4 -129.416 -25 24 -171.704 -162.17 -143.227 -150.108 
-6 -129.316 -25 24 -169.989 -163.266 -145.669 -154.93 
0 -132.683 -25 24 -170.643 -162.304 -143.92 -151.494 
-5 -137.126 -25 24 -169.989 -163.266 -145.669 -154.93 
-4 -129.531 -25 24 -171.704 -162.17 -143.227 -150.108 
0 -127.303 -25 24 -171.172 -161.997 -142.534 -149.598 
-4 -129.991 -25 24 -171.704 -162.17 -143.227 -150.108 
0 -134.948 -25 24 -168.448 -163.507 -145.264 -156.252 
-4 -130.095 -25 24 -171.704 -162.17 -143.227 -150.108 
-4 -130.02 -25 24 -169.863 -163.119 -145.669 -154.525 
0 -136.884 -25 24 -170.174 -162.253 -145.264 -154.547 
-6 -130.365 -25 24 -169.989 -163.266 -145.669 -154.93 
-4 -130.532 -25 24 -171.704 -162.17 -143.227 -150.108 
-6 -130.634 -25 24 -169.989 -163.266 -145.669 -154.93 
-4 -130.954 -25 24 -171.704 -162.17 -143.227 -150.108 
-4 -131.091 -25 24 -171.704 -162.17 -143.227 -150.108 
-4 -131.238 -25 24 -171.704 -162.17 -143.227 -150.108 
-6 -131.264 -25 24 -169.989 -163.266 -145.669 -154.93 
-4 -131.623 -25 24 -171.704 -162.17 -143.227 -150.108 
-4 -131.334 -25 24 -169.863 -163.119 -145.669 -154.525 
-4 -131.687 -25 24 -171.704 -162.17 -143.227 -150.108 
-6 -131.601 -25 24 -169.989 -163.266 -145.669 -154.93 
-6 -131.624 -25 24 -169.989 -163.266 -145.669 -154.93 
-4 -131.527 -25 24 -169.863 -163.119 -145.669 -154.525 
-4 -131.896 -25 24 -171.704 -162.17 -143.227 -150.108 
-3 -134.267 -26 24 -171.749 -162.17 -146.362 -150.114 
-4 -132.372 -25 24 -171.704 -162.17 -143.227 -150.108 
-4 -132.4 -25 24 -171.704 -162.17 -143.227 -150.108 
-6 -132.817 -25 24 -169.989 -163.266 -145.669 -154.93 
-6 -133.365 -25 24 -169.989 -163.266 -145.669 -154.93 
-6 -133.452 -25 24 -169.989 -163.266 -145.669 -154.93 
-4 -133.709 -25 24 -171.704 -162.17 -143.227 -150.108 
-4 -133.64 -25 24 -169.863 -163.119 -145.669 -154.525 
-4 -128.451 -26 24 -171.749 -162.17 -146.362 -150.114 
-6 -134.106 -25 24 -169.989 -163.266 -145.669 -154.93 
-4 -134.283 -25 24 -169.863 -163.119 -145.669 -154.525 
-6 -134.517 -25 24 -169.989 -163.266 -145.669 -154.93 
-6 -134.592 -25 24 -169.989 -163.266 -145.669 -154.93 
0 -133.41 -25 24 -168.802 -162.938 -147.055 -157.129 
-4 -134.482 -25 24 -169.863 -163.119 -145.669 -154.525 
0 -132.046 -25 24 -171.522 -161.454 -145.957 -151.385 
-4 -134.852 -25 24 -169.863 -163.119 -145.669 -154.525 
0 -132.932 -25 24 -170.23 -162.331 -145.173 -152.958 
0 -146.022 -24 24 -166.552 -164.445 -146.768 -161.34 
-4 -135.317 -25 24 -171.704 -162.17 -143.227 -150.108 
-4 -135.343 -25 24 -171.704 -162.17 -143.227 -150.108 
-6 -135.338 -25 24 -169.989 -163.266 -145.669 -154.93 
-4 -135.163 -25 24 -169.863 -163.119 -145.669 -154.525 
-6 -135.364 -25 24 -169.989 -163.266 -145.669 -154.93 
0 -132.624 -25 24 -169.33 -162.945 -144.976 -154.014 
-4 -135.416 -25 24 -169.863 -163.119 -145.669 -154.525 
-6 -135.956 -25 24 -169.989 -163.266 -145.669 -154.93 
-4 -135.772 -25 24 -169.863 -163.119 -145.669 -154.525 
-4 -136.165 -25 24 -171.704 -162.17 -143.227 -150.108 
-4 -135.853 -25 24 -169.863 -163.119 -145.669 -154.525 
-6 -136.076 -25 24 -169.989 -163.266 -145.669 -154.93 
-6 -136.403 -25 24 -169.989 -163.266 -145.669 -154.93 
-4 -136.275 -25 24 -169.863 -163.119 -145.669 -154.525 
FEATURES_TXT_END_0
FEATURES_TXT_BEGIN_0 52 100 8 Distortion0_0 LM0_0 WordPenalty0_0 PhrasePenalty0_0 TranslationModel0_0 TranslationModel0_1 TranslationModel0_2 TranslationModel0_3 
0 -215.314 -37 35 -242.695 -240.31 -213.435 -247.96 
0 -219.923 -37 35 -242.413 -240.442 -214.128 -249.058 
0 -211.463 -36 35 -245.175 -240.038 -213.435 -237.134 
0 -216.073 -36 35 -244.894 -240.17 -214.128 -238.233 
0 -216.369 -37 35 -243.495 -239.715 -213.435 -246.35 
0 -209.004 -37 35 -244.411 -239.214 -210.992 -243.138 
0 -210.015 -37 35 -244.411 -239.214 -210.992 -243.138 
0 -220.978 -37 35 -243.213 -239.847 -214.128 -247.449 
0 -213.614 -37 35 -244.129 -239.347 -211.686 -244.236 
0 -212.518 -36 35 -245.975 -239.443 -213.435 -235.525 
0 -214.624 -37 35 -244.129 -239.347 -211.686 -244.236 
0 -205.154 -36 35 -246.891 -238.943 -210.992 -232.312 
0 -206.164 -36 35 -246.891 -238.943 -210.992 -232.312 
0 -217.128 -36 35 -245.694 -239.576 -214.128 -236.623 
0 -209.763 -36 35 -246.61 -239.075 -211.686 -233.411 
0 -210.774 -36 35 -246.61 -239.075 -211.686 -233.411 
0 -218.412 -37 35 -240.721 -241.733 -212.048 -248.365 
0 -211.387 -38 35 -244.455 -239.214 -214.128 -243.143 
0 -210.059 -37 35 -245.211 -238.62 -210.992 -241.528 
0 -223.021 -37 35 -240.439 -241.866 -212.742 -249.464 
0 -211.07 -37 35 -245.211 -238.62 -210.992 -241.528 
0 -203.705 -37 35 -246.127 -238.119 -208.55 -238.316 
0 -215.997 -38 35 -244.174 -239.347 -214.821 -244.242 
0 -213.653 -38 35 -244.455 -239.214 -214.128 -243.143 
0 -214.668 -37 35 -244.929 -238.752 -211.686 -242.627 
0 -214.561 -36 35 -243.201 -241.462 -212.048 -237.54 
0 -207.537 -37 35 -246.936 -238.943 -214.128 -232.318 
0 -215.679 -37 35 -244.929 -238.752 -211.686 -242.627 
-3 -213.034 -37 35 -242.695 -240.31 -213.435 -247.96 
0 -206.208 -36 35 -247.691 -238.348 -210.992 -230.703 
0 -208.315 -37 35 -245.845 -238.251 -209.243 -239.414 
0 -218.262 -38 35 -244.174 -239.347 -214.821 -244.242 
0 -219.171 -36 35 -242.92 -241.594 -212.742 -238.638 
0 -207.219 -36 35 -247.691 -238.348 -210.992 -230.703 
0 -199.855 -36 35 -248.607 -237.848 -208.55 -227.49 
0 -212.146 -37 35 -246.654 -239.075 -214.821 -233.416 
0 -209.802 -37 35 -246.936 -238.943 -214.128 -232.318 
-3 -217.643 -37 35 -242.413 -240.442 -214.128 -249.058 
0 -210.818 -36 35 -247.41 -238.48 -211.686 -231.801 
0 -211.829 -36 35 -247.41 -238.48 -211.686 -231.801 
-3 -209.183 -36 35 -245.175 -240.038 -213.435 -237.134 
0 -218.81 -37 35 -241.521 -241.139 -212.048 -246.756 
0 -204.464 -36 35 -248.326 -237.98 -209.243 -228.589 
0 -214.412 -37 35 -246.654 -239.075 -214.821 -233.416 
-4 -209.881 -37 35 -242.695 -240.31 -213.435 -247.96 
0 -212.102 -37 35 -242.437 -240.638 -209.606 -243.543 
0 -212.442 -38 35 -245.255 -238.62 -214.128 -241.534 
-4 -210.332 -37 35 -242.695 -240.31 -213.435 -247.96 
-4 -210.403 -37 35 -242.695 -240.31 -213.435 -247.96 
-3 -213.793 -36 35 -244.894 -240.17 -214.128 -238.233 
0 -223.42 -37 35 -241.24 -241.271 -212.742 -247.854 
0 -213.113 -37 35 -242.437 -240.638 -209.606 -243.543 
-4 -211.057 -37 35 -242.695 -240.31 -213.435 -247.96 
0 -206.088 -38 35 -246.171 -238.119 -211.686 -238.321 
-4 -214.399 -37 35 -242.413 -240.442 -214.128 -249.058 
-4 -211.836 -37 35 -242.695 -240.31 -213.435 -247.96 
-4 -214.49 -37 35 -242.413 -240.442 -214.128 -249.058 
0 -216.711 -37 35 -242.155 -240.77 -210.299 -244.642 
0 -204.76 -37 35 -246.927 -237.525 -208.55 -236.706 
0 -217.052 -38 35 -244.974 -238.752 -214.821 -242.632 
-4 -214.81 -37 35 -242.413 -240.442 -214.128 -249.058 
-4 -212.25 -37 35 -242.695 -240.31 -213.435 -247.96 
0 -214.96 -36 35 -244.002 -240.867 -212.048 -235.93 
-4 -214.941 -37 35 -242.413 -240.442 -214.128 -249.058 
0 -214.708 -38 35 -245.255 -238.62 -214.128 -241.534 
-4 -215.012 -37 35 -242.413 -240.442 -214.128 -249.058 
-4 -212.454 -37 35 -242.695 -240.31 -213.435 -247.96 
0 -207.343 -38 35 -246.171 -238.119 -211.686 -238.321 
0 -217.722 -37 35 -242.155 -240.77 -210.299 -244.642 
-4 -215.667 -37 35 -242.413 -240.442 -214.128 -249.058 
-4 -206.03 -36 35 -245.175 -240.038 -213.435 -237.134 
0 -208.251 -36 35 -244.917 -240.366 -209.606 -232.718 
0 -208.591 -37 35 -247.736 -238.348 -214.128 -230.708 
0 -210.698 -38 35 -245.89 -238.251 -212.379 -239.42 
-4 -206.481 -36 35 -245.175 -240.038 -213.435 -237.134 
-4 -213.817 -37 35 -242.695 -240.31 -213.435 -247.96 
-4 -216.445 -37 35 -242.413 -240.442 -214.128 -249.058 
-4 -206.552 -36 35 -245.175 -240.038 -213.435 -237.134 
-3 -214.089 -37 35 -243.495 -239.715 -213.435 -246.35 
-4 -213.941 -37 35 -242.695 -240.31 -213.435 -247.96 
0 -209.369 -37 35 -246.645 -237.657 -209.243 -237.805 
-4 -214.111 -37 35 -242.695 -240.31 -213.435 -247.96 
0 -211.494 -37 35 -244.354 -238.645 -213.722 -244.819 
-4 -216.859 -37 35 -242.413 -240.442 -214.128 -249.058 
0 -219.569 -36 35 -243.72 -240.999 -212.742 -237.029 
-4 -214.32 -37 35 -242.695 -240.31 -213.435 -247.96 
0 -219.317 -38 35 -244.974 -238.752 -214.821 -242.632 
-3 -206.724 -37 35 -244.411 -239.214 -210.992 -243.138 
0 -211.664 -37 35 -244.354 -238.645 -213.722 -244.819 
0 -209.262 -36 35 -244.917 -240.366 -209.606 -232.718 
-4 -217.064 -37 35 -242.413 -240.442 -214.128 -249.058 
-4 -207.207 -36 35 -245.175 -240.038 -213.435 -237.134 
0 -211.952 -38 35 -245.89 -238.251 -212.379 -239.42 
0 -202.238 -37 35 -248.652 -237.848 -211.686 -227.496 
-4 -215.061 -37 35 -242.695 -240.31 -213.435 -247.96 
-4 -215.245 -37 35 -242.695 -240.31 -213.435 -247.96 
-4 -210.548 -36 35 -244.894 -240.17 -214.128 -238.233 
-4 -207.985 -36 35 -245.175 -240.038 -213.435 -237.134 
-4 -210.639 -36 35 -244.894 -240.17 -214.128 -238.233 
-4 -215.368 -37 35 -242.695 -240.31 -213.435 -247.96 
FEATURES_TXT_END_0
FEATURES_TXT_BEGIN_0 53 100 8 Distortion0_0 LM0_0 WordPenalty0_0 PhrasePenalty0_0 TranslationModel0_0 TranslationModel0_1 TranslationModel0_2 TranslationModel0_3 
0 -227.352 -38 36 -253.086 -261.611 -239.535 -300.644 
0 -220.14 -37 36 -255.566 -261.339 -239.535 -289.818 
0 -221.868 -37 36 -255.566 -261.339 -239.535 -289.818 
0 -214.655 -36 36 -258.047 -261.067 -239.535 -278.993 
0 -220.479 -38 36 -254.802 -260.516 -237.092 -295.821 
0 -213.266 -37 36 -257.282 -260.244 -237.092 -284.996 
0 -214.995 -37 36 -257.282 -260.244 -237.092 -284.996 
0 -207.782 -36 36 -259.763 -259.972 -237.092 -274.171 
0 -227.218 -38 36 -252.705 -261.725 -239.535 -300.644 
0 -220.006 -37 36 -255.185 -261.453 -239.535 -289.818 
0 -221.734 -37 36 -255.185 -261.453 -239.535 -289.818 
0 -214.522 -36 36 -257.666 -261.181 -239.535 -278.993 
0 -229.352 -38 36 -252.705 -261.725 -239.535 -300.644 
0 -222.14 -37 36 -255.185 -261.453 -239.535 -289.818 
0 -223.868 -37 36 -255.185 -261.453 -239.535 -289.818 
0 -216.655 -36 36 -257.666 -261.181 -239.535 -278.993 
0 -221.388 -39 36 -254.846 -260.516 -240.228 -295.827 
0 -214.176 -38 36 -257.327 -260.244 -240.228 -285.001 
0 -215.904 -38 36 -257.327 -260.244 -240.228 -285.001 
0 -208.691 -37 36 -259.807 -259.972 -240.228 -274.176 
-3 -223.107 -38 36 -253.086 -261.611 -239.535 -300.644 
-3 -215.894 -37 36 -255.566 -261.339 -239.535 -289.818 
0 -220.724 -38 36 -254.421 -260.63 -237.092 -295.821 
0 -213.511 -37 36 -256.901 -260.358 -237.092 -284.996 
-3 -217.623 -37 36 -255.566 -261.339 -239.535 -289.818 
-3 -210.41 -36 36 -258.047 -261.067 -239.535 -278.993 
0 -222.479 -38 36 -254.421 -260.63 -237.092 -295.821 
0 -215.24 -37 36 -256.901 -260.358 -237.092 -284.996 
0 -215.266 -37 36 -256.901 -260.358 -237.092 -284.996 
0 -208.027 -36 36 -259.382 -260.086 -237.092 -274.171 
0 -216.995 -37 36 -256.901 -260.358 -237.092 -284.996 
0 -209.782 -36 36 -259.382 -260.086 -237.092 -274.171 
0 -229.218 -38 36 -252.324 -261.839 -239.535 -300.644 
0 -222.006 -37 36 -254.804 -261.567 -239.535 -289.818 
-4 -220.978 -38 36 -253.086 -261.611 -239.535 -300.644 
-4 -213.766 -37 36 -255.566 -261.339 -239.535 -289.818 
0 -223.734 -37 36 -254.804 -261.567 -239.535 -289.818 
0 -216.522 -36 36 -257.285 -261.295 -239.535 -278.993 
-4 -215.494 -37 36 -255.566 -261.339 -239.535 -289.818 
-4 -208.281 -36 36 -258.047 -261.067 -239.535 -278.993 
0 -230.664 -38 36 -252.124 -261.843 -240.921 -301.685 
0 -223.452 -37 36 -254.605 -261.571 -240.921 -290.859 
0 -221.052 -38 36 -254.745 -259.946 -239.822 -297.503 
-3 -216.234 -38 36 -254.802 -260.516 -237.092 -295.821 
0 -213.84 -37 36 -257.225 -259.675 -239.822 -286.678 
-3 -209.021 -37 36 -257.282 -260.244 -237.092 -284.996 
0 -223.323 -37 36 -252.748 -262.731 -239.535 -293.374 
0 -223.154 -39 36 -254.465 -260.63 -240.228 -295.827 
0 -215.942 -38 36 -256.946 -260.358 -240.228 -285.001 
0 -223.388 -39 36 -254.465 -260.63 -240.228 -295.827 
0 -216.176 -38 36 -256.946 -260.358 -240.228 -285.001 
-4 -217.898 -37 36 -255.566 -261.339 -239.535 -289.818 
0 -225.18 -37 36 -254.605 -261.571 -240.921 -290.859 
-4 -225.59 -38 36 -253.086 -261.611 -239.535 -300.644 
0 -217.967 -36 36 -257.085 -261.299 -240.921 -280.034 
0 -215.568 -37 36 -257.225 -259.675 -239.822 -286.678 
-4 -218.378 -37 36 -255.566 -261.339 -239.535 -289.818 
-3 -210.749 -37 36 -257.282 -260.244 -237.092 -284.996 
0 -208.355 -36 36 -259.706 -259.403 -239.822 -275.852 
-3 -203.537 -36 36 -259.763 -259.972 -237.092 -274.171 
-4 -225.865 -38 36 -253.086 -261.611 -239.535 -300.644 
-4 -218.653 -37 36 -255.566 -261.339 -239.535 -289.818 
0 -217.838 -36 36 -255.229 -262.459 -239.535 -282.548 
-4 -226.049 -38 36 -253.086 -261.611 -239.535 -300.644 
0 -217.67 -38 36 -256.946 -260.358 -240.228 -285.001 
-4 -226.218 -38 36 -253.086 -261.611 -239.535 -300.644 
-4 -226.251 -38 36 -253.086 -261.611 -239.535 -300.644 
0 -210.457 -37 36 -259.426 -260.086 -240.228 -274.176 
-4 -219.005 -37 36 -255.566 -261.339 -239.535 -289.818 
-3 -222.973 -38 36 -252.705 -261.725 -239.535 -300.644 
-4 -219.038 -37 36 -255.566 -261.339 -239.535 -289.818 
-4 -226.388 -38 36 -253.086 -261.611 -239.535 -300.644 
0 -217.904 -38 36 -256.946 -260.358 -240.228 -285.001 
-3 -215.761 -37 36 -255.185 -261.453 -239.535 -289.818 
-4 -219.175 -37 36 -255.566 -261.339 -239.535 -289.818 
-4 -226.54 -38 36 -253.086 -261.611 -239.535 -300.644 
0 -210.691 -37 36 -259.426 -260.086 -240.228 -274.176 
-4 -219.328 -37 36 -255.566 -261.339 -239.535 -289.818 
-4 -226.916 -38 36 -253.086 -261.611 -239.535 -300.644 
-4 -226.956 -38 36 -253.086 -261.611 -239.535 -300.644 
-4 -219.703 -37 36 -255.566 -261.339 -239.535 -289.818 
-4 -212.414 -36 36 -258.047 -261.067 -239.535 -278.993 
-4 -219.743 -37 36 -255.566 -261.339 -239.535 -289.818 
-4 -227.091 -38 36 -253.086 -261.611 -239.535 -300.644 
-4 -219.878 -37 36 -255.566 -261.339 -239.535 -289.818 
-4 -227.25 -38 36 -253.086 -261.611 -239.535 -300.644 
-4 -227.332 -38 36 -253.086 -261.611 -239.535 -300.644 
-4 -220.037 -37 36 -255.566 -261.339 -239.535 -289.818 
-4 -227.43 -38 36 -253.086 -261.611 -239.535 -300.644 
-4 -220.12 -37 36 -255.566 -261.339 -239.535 -289.818 
-4 -227.541 -38 36 -253.086 -261.611 -239.535 -300.644 
-4 -220.217 -37 36 -255.566 -261.339 -239.535 -289.818 
-4 -227.59 -38 36 -253.086 -261.611 -239.535 -300.644 
-4 -227.629 -38 36 -253.086 -261.611 -239.535 -300.644 
-4 -227.689 -38 36 -253.086 -261.611 -239.535 -300.644 
-4 -220.381 -37 36 -255.566 -261.339 -239.535 -289.818 
-4 -220.477 -37 36 -255.566 -261.339 -239.535 -289.818 
-4 -213.168 -36 36 -258.047 -261.067 -239.535 -278.993 
-4 -220.564 -37 36 -255.566 -261.339 -239.535 -289.818 
-4 -220.734 -37 36 -255.566 -261.339 -239.535 -289.818 
FEATURES_TXT_END_0
FEATURES_TXT_BEGIN_0 54 100 8 Distortion0_0 LM0_0 WordPenalty0_0 PhrasePenalty0_0 TranslationModel0_0 TranslationModel0_1 TranslationModel0_2 TranslationModel0_3 
0 -236.175 -37 35 -230.273 -242.468 -210.754 -254.676 
0 -234.872 -36 35 -230.752 -242.875 -210.061 -249.785 
0 -233.806 -36 35 -232.753 -242.196 -210.754 -243.851 
0 -232.612 -37 35 -232.137 -240.884 -210.754 -252.779 
0 -233.031 -37 35 -230.466 -242.306 -210.061 -253.423 
0 -239.047 -37 35 -230.562 -243.127 -211.447 -249.79 
0 -232.503 -35 35 -233.232 -242.603 -210.061 -238.959 
0 -231.309 -36 35 -232.616 -241.291 -210.061 -247.888 
0 -230.404 -37 35 -231.989 -241.373 -208.311 -249.854 
0 -231.727 -36 35 -230.945 -242.714 -209.367 -248.532 
0 -235.2 -36 35 -230.786 -242.887 -209.049 -248.661 
0 -230.243 -36 35 -234.618 -240.612 -210.754 -241.954 
0 -230.662 -36 35 -232.947 -242.035 -210.061 -242.598 
0 -235.916 -36 35 -230.511 -242.854 -211.447 -250.645 
0 -229.468 -37 35 -232.33 -240.723 -210.061 -251.526 
0 -236.678 -36 35 -233.043 -242.855 -211.447 -238.965 
0 -229.101 -36 35 -232.467 -241.78 -207.618 -244.963 
0 -235.484 -37 35 -232.426 -241.543 -211.447 -247.893 
0 -228.94 -35 35 -235.097 -241.019 -210.061 -237.062 
0 -235.903 -37 35 -230.755 -242.965 -210.754 -248.538 
0 -228.035 -36 35 -234.469 -241.101 -208.311 -239.029 
0 -226.254 -37 35 -233.853 -239.789 -208.311 -247.957 
0 -229.358 -35 35 -233.425 -242.442 -209.367 -237.707 
0 -232.831 -35 35 -233.267 -242.615 -209.049 -237.836 
0 -228.165 -36 35 -232.809 -241.13 -209.367 -246.635 
0 -227.26 -37 35 -232.182 -241.211 -207.618 -248.601 
0 -231.637 -36 35 -232.65 -241.303 -209.049 -246.764 
0 -231.136 -38 35 -232.033 -241.373 -211.447 -249.859 
0 -233.547 -35 35 -232.991 -242.582 -211.447 -239.82 
0 -232.056 -36 35 -230.979 -242.725 -208.356 -247.408 
0 -227.099 -36 35 -234.811 -240.451 -210.061 -240.701 
0 -232.354 -36 35 -232.375 -241.27 -211.447 -248.748 
0 -232.1 -37 35 -232.278 -242.031 -209.005 -244.968 
0 -232.772 -36 35 -230.704 -242.692 -210.754 -249.392 
0 -226.732 -35 35 -234.948 -241.508 -207.618 -234.137 
0 -224.951 -36 35 -234.332 -240.196 -207.618 -243.066 
0 -238.706 -37 35 -229.826 -242.123 -210.754 -256.622 
0 -228.253 -36 35 -232.502 -241.791 -206.607 -243.839 
0 -233.115 -36 35 -234.907 -241.271 -211.447 -237.068 
0 -233.534 -36 35 -233.236 -242.693 -210.754 -237.712 
0 -225.956 -36 35 -232.661 -241.618 -206.925 -243.71 
0 -223.885 -36 35 -236.334 -239.517 -208.311 -237.131 
0 -228.969 -36 35 -232.226 -241.758 -209.005 -245.823 
0 -229.832 -37 35 -232.512 -241.78 -210.754 -244.968 
0 -232.34 -37 35 -232.62 -241.381 -210.754 -246.64 
0 -225.796 -35 35 -235.29 -240.858 -209.367 -235.81 
0 -234.07 -37 35 -229.392 -242.572 -210.754 -255.775 
0 -224.891 -36 35 -234.662 -240.939 -207.618 -237.776 
0 -223.11 -37 35 -234.046 -239.627 -207.618 -246.704 
0 -229.268 -35 35 -235.131 -241.031 -209.049 -235.938 
0 -228.767 -37 35 -234.514 -241.101 -211.447 -239.034 
0 -226.986 -38 35 -233.897 -239.789 -211.447 -247.962 
0 -229.687 -35 35 -233.46 -242.453 -208.356 -236.583 
0 -236.779 -36 35 -230.079 -243.127 -209.367 -249.785 
0 -229.984 -35 35 -234.856 -240.998 -211.447 -237.923 
0 -229.731 -36 35 -234.759 -241.76 -209.005 -234.143 
0 -227.95 -37 35 -234.142 -240.447 -209.005 -243.071 
0 -228.493 -36 35 -232.843 -241.141 -208.356 -245.511 
0 -227.991 -38 35 -232.226 -241.211 -210.754 -248.607 
0 -230.403 -35 35 -233.184 -242.421 -210.754 -238.567 
-3 -235.409 -37 35 -230.273 -242.468 -210.754 -254.676 
0 -237.402 -36 35 -230.305 -242.531 -210.061 -251.73 
0 -229.209 -36 35 -232.568 -241.108 -210.754 -247.495 
0 -228.956 -37 35 -232.471 -241.87 -208.311 -243.715 
0 -222.582 -35 35 -236.812 -239.924 -207.618 -232.24 
0 -236.337 -36 35 -232.307 -241.852 -210.754 -245.796 
0 -225.884 -35 35 -234.982 -241.52 -206.607 -233.013 
0 -224.103 -36 35 -234.366 -240.207 -206.607 -241.942 
0 -233.471 -38 35 -232.323 -242.031 -212.14 -244.974 
0 -232.767 -36 35 -229.871 -242.979 -210.061 -250.883 
0 -235.143 -37 35 -231.69 -240.54 -210.754 -254.724 
0 -223.587 -35 35 -235.141 -241.347 -206.925 -232.885 
0 -221.806 -36 35 -234.525 -240.035 -206.925 -241.813 
0 -226.6 -35 35 -234.707 -241.487 -209.005 -234.998 
0 -224.819 -36 35 -234.091 -240.175 -209.005 -243.926 
0 -225.109 -36 35 -232.695 -241.63 -205.914 -242.586 
0 -227.463 -36 35 -234.993 -241.508 -210.754 -234.143 
0 -225.682 -37 35 -234.376 -240.196 -210.754 -243.071 
0 -237.038 -37 35 -229.311 -242.7 -212.14 -255.717 
0 -229.971 -36 35 -235.1 -241.109 -210.754 -235.815 
0 -229.119 -37 35 -232.546 -241.791 -209.742 -243.844 
0 -231.701 -36 35 -231.873 -242.301 -210.754 -244.949 
0 -229.021 -37 35 -232.271 -241.758 -212.14 -245.828 
0 -236.272 -37 35 -230.019 -241.962 -210.061 -255.369 
0 -220.741 -36 35 -236.527 -239.356 -207.618 -235.879 
0 -225.825 -36 35 -232.42 -241.597 -208.311 -244.57 
0 -226.688 -37 35 -232.705 -241.618 -210.061 -243.715 
0 -224.617 -37 35 -236.378 -239.517 -211.447 -237.137 
0 -230.602 -37 35 -231.256 -240.988 -210.754 -253.878 
-3 -234.105 -36 35 -230.752 -242.875 -210.061 -249.785 
0 -230.926 -37 35 -229.585 -242.411 -210.061 -254.522 
-4 -231.597 -37 35 -230.273 -242.468 -210.754 -254.676 
0 -234.41 -35 35 -232.56 -242.855 -209.367 -238.959 
0 -225.581 -36 35 -236.623 -240.176 -209.005 -232.246 
0 -226.124 -35 35 -235.324 -240.87 -208.356 -234.686 
0 -225.622 -37 35 -234.707 -240.939 -210.754 -237.781 
0 -223.841 -38 35 -234.091 -239.627 -210.754 -246.71 
0 -233.216 -36 35 -231.943 -241.543 -209.367 -247.888 
0 -241.578 -37 35 -230.115 -242.782 -211.447 -251.736 
-3 -233.04 -36 35 -232.753 -242.196 -210.754 -243.851 
FEATURES_TXT_END_0
FEATURES_TXT_BEGIN_0 55 100 8 Distortion0_0 LM0_0 WordPenalty0_0 PhrasePenalty0_0 TranslationModel0_0 TranslationModel0_1 TranslationModel0_2 TranslationModel0_3 
0 -268.694 -50 39 -246.843 -228.787 -252.079 -310.371 
0 -263.126 -49 39 -249.323 -228.515 -252.079 -299.545 
0 -264.008 -49 39 -249.323 -228.515 -252.079 -299.545 
0 -264.837 -49 39 -249.323 -228.515 -252.079 -299.545 
0 -258.44 -48 39 -251.804 -228.243 -252.079 -288.72 
0 -265.837 -49 39 -249.323 -228.515 -252.079 -299.545 
0 -259.269 -48 39 -251.804 -228.243 -252.079 -288.72 
0 -267.016 -49 39 -249.323 -228.515 -252.079 -299.545 
0 -260.151 -48 39 -251.804 -228.243 -252.079 -288.72 
0 -260.269 -48 39 -251.804 -228.243 -252.079 -288.72 
0 -261.15 -48 39 -251.804 -228.243 -252.079 -288.72 
0 -268.71 -50 39 -246.793 -228.561 -252.079 -310.889 
0 -261.448 -48 39 -251.804 -228.243 -252.079 -288.72 
0 -268.83 -50 39 -246.793 -228.561 -252.079 -310.889 
0 -254.583 -47 39 -254.285 -227.972 -252.079 -277.894 
0 -261.98 -48 39 -251.804 -228.243 -252.079 -288.72 
0 -262.33 -48 39 -251.804 -228.243 -252.079 -288.72 
0 -261.907 -50 39 -248.559 -227.692 -249.636 -305.548 
0 -255.582 -47 39 -254.285 -227.972 -252.079 -277.894 
0 -263.159 -48 39 -251.804 -228.243 -252.079 -288.72 
0 -263.142 -49 39 -249.274 -228.289 -252.079 -300.064 
0 -263.262 -49 39 -249.274 -228.289 -252.079 -300.064 
0 -262.611 -50 39 -248.559 -227.692 -249.636 -305.548 
0 -256.411 -47 39 -254.285 -227.972 -252.079 -277.894 
0 -264.024 -49 39 -249.274 -228.289 -252.079 -300.064 
0 -256.761 -47 39 -254.285 -227.972 -252.079 -277.894 
0 -264.158 -48 39 -251.804 -228.243 -252.079 -288.72 
0 -264.144 -49 39 -249.274 -228.289 -252.079 -300.064 
0 -256.339 -49 39 -251.039 -227.42 -249.636 -294.723 
0 -257.293 -47 39 -254.285 -227.972 -252.079 -277.894 
0 -264.853 -49 39 -249.274 -228.289 -252.079 -300.064 
0 -257.591 -47 39 -254.285 -227.972 -252.079 -277.894 
0 -264.973 -49 39 -249.274 -228.289 -252.079 -300.064 
0 -257.043 -49 39 -251.039 -227.42 -249.636 -294.723 
0 -257.221 -49 39 -251.039 -227.42 -249.636 -294.723 
0 -258.472 -47 39 -254.285 -227.972 -252.079 -277.894 
0 -258.456 -48 39 -251.755 -228.017 -252.079 -289.238 
0 -265.853 -49 39 -249.274 -228.289 -252.079 -300.064 
0 -258.59 -47 39 -254.285 -227.972 -252.079 -277.894 
0 -258.576 -48 39 -251.755 -228.017 -252.079 -289.238 
0 -265.973 -49 39 -249.274 -228.289 -252.079 -300.064 
0 -258.05 -49 39 -251.039 -227.42 -249.636 -294.723 
0 -251.725 -46 39 -256.765 -227.7 -252.079 -267.069 
0 -259.285 -48 39 -251.755 -228.017 -252.079 -289.238 
0 -259.405 -48 39 -251.755 -228.017 -252.079 -289.238 
0 -259.472 -47 39 -254.285 -227.972 -252.079 -277.894 
0 -258.754 -49 39 -251.039 -227.42 -249.636 -294.723 
0 -251.653 -48 39 -253.52 -227.148 -249.636 -283.898 
0 -267.032 -49 39 -249.274 -228.289 -252.079 -300.064 
0 -259.049 -49 39 -251.039 -227.42 -249.636 -294.723 
0 -267.152 -49 39 -249.274 -228.289 -252.079 -300.064 
0 -260.167 -48 39 -251.755 -228.017 -252.079 -289.238 
0 -252.904 -46 39 -256.765 -227.7 -252.079 -267.069 
0 -260.301 -47 39 -254.285 -227.972 -252.079 -277.894 
0 -260.284 -48 39 -251.755 -228.017 -252.079 -289.238 
0 -260.287 -48 39 -251.755 -228.017 -252.079 -289.238 
0 -260.405 -48 39 -251.755 -228.017 -252.079 -289.238 
0 -259.753 -49 39 -251.039 -227.42 -249.636 -294.723 
0 -252.482 -48 39 -253.52 -227.148 -249.636 -283.898 
0 -260.229 -49 39 -251.039 -227.42 -249.636 -294.723 
0 -261.166 -48 39 -251.755 -228.017 -252.079 -289.238 
0 -253.904 -46 39 -256.765 -227.7 -252.079 -267.069 
0 -253.186 -48 39 -253.52 -227.148 -249.636 -283.898 
0 -261.286 -48 39 -251.755 -228.017 -252.079 -289.238 
0 -253.364 -48 39 -253.52 -227.148 -249.636 -283.898 
0 -261.464 -48 39 -251.755 -228.017 -252.079 -289.238 
0 -253.481 -48 39 -253.52 -227.148 -249.636 -283.898 
0 -268.846 -50 39 -246.744 -228.335 -252.079 -311.408 
0 -261.584 -48 39 -251.755 -228.017 -252.079 -289.238 
0 -260.932 -49 39 -251.039 -227.42 -249.636 -294.723 
0 -254.599 -47 39 -254.235 -227.746 -252.079 -278.413 
0 -261.995 -48 39 -251.755 -228.017 -252.079 -289.238 
0 -254.733 -46 39 -256.765 -227.7 -252.079 -267.069 
0 -254.719 -47 39 -254.235 -227.746 -252.079 -278.413 
0 -262.116 -48 39 -251.755 -228.017 -252.079 -289.238 
0 -254.185 -48 39 -253.52 -227.148 -249.636 -283.898 
0 -262.345 -48 39 -251.755 -228.017 -252.079 -289.238 
0 -254.363 -48 39 -253.52 -227.148 -249.636 -283.898 
0 -262.466 -48 39 -251.755 -228.017 -252.079 -289.238 
0 -261.923 -50 39 -248.509 -227.466 -249.636 -306.067 
0 -254.661 -48 39 -253.52 -227.148 -249.636 -283.898 
0 -262.043 -50 39 -248.509 -227.466 -249.636 -306.067 
0 -255.615 -46 39 -256.765 -227.7 -252.079 -267.069 
0 -255.598 -47 39 -254.235 -227.746 -252.079 -278.413 
0 -255.718 -47 39 -254.235 -227.746 -252.079 -278.413 
0 -247.795 -47 39 -256.001 -226.877 -249.636 -273.072 
0 -263.175 -48 39 -251.755 -228.017 -252.079 -289.238 
0 -255.192 -48 39 -253.52 -227.148 -249.636 -283.898 
0 -262.55 -49 39 -251.039 -227.42 -249.636 -294.723 
0 -263.295 -48 39 -251.755 -228.017 -252.079 -289.238 
0 -263.278 -49 39 -249.224 -228.063 -252.079 -300.583 
0 -262.627 -50 39 -248.509 -227.466 -249.636 -306.067 
0 -255.364 -48 39 -253.52 -227.148 -249.636 -283.898 
0 -262.747 -50 39 -248.509 -227.466 -249.636 -306.067 
0 -255.542 -48 39 -253.52 -227.148 -249.636 -283.898 
0 -256.427 -47 39 -254.235 -227.746 -252.079 -278.413 
0 -256.547 -47 39 -254.235 -227.746 -252.079 -278.413 
0 -255.896 -48 39 -253.52 -227.148 -249.636 -283.898 
0 -256.777 -47 39 -254.235 -227.746 -252.079 -278.413 
0 -248.795 -47 39 -256.001 -226.877 -249.636 -273.072 
FEATURES_TXT_END_0
FEATURES_TXT_BEGIN_0 56 100 8 Distortion0_0 LM0_0 WordPenalty0_0 PhrasePenalty0_0 TranslationModel0_0 TranslationModel0_1 TranslationModel0_2 TranslationModel0_3 
0 -226.344 -35 33 -220.655 -232.816 -186.666 -247.6 
0 -221.822 -34 33 -223.136 -232.544 -186.666 -236.775 
0 -224.064 -35 33 -221.556 -232.026 -186.666 -246.684 
0 -225.212 -35 33 -221.556 -232.026 -186.666 -246.684 
0 -226.832 -36 33 -220.646 -232.816 -188.053 -247.605 
0 -223.916 -34 33 -223.136 -232.544 -186.666 -236.775 
0 -219.542 -34 33 -224.037 -231.754 -186.666 -235.858 
0 -220.69 -34 33 -224.037 -231.754 -186.666 -235.858 
0 -222.31 -35 33 -223.127 -232.544 -188.053 -236.78 
0 -219.394 -33 33 -225.616 -232.273 -186.666 -225.949 
0 -224.552 -36 33 -221.547 -232.026 -188.053 -246.689 
0 -222.019 -34 33 -224.037 -231.754 -186.666 -235.858 
0 -225.7 -36 33 -221.547 -232.026 -188.053 -246.689 
0 -220.09 -35 33 -222.371 -231.721 -184.224 -242.778 
0 -222.784 -34 33 -224.037 -231.754 -186.666 -235.858 
0 -224.404 -35 33 -223.127 -232.544 -188.053 -236.78 
0 -224.868 -35 33 -222.458 -231.235 -186.666 -245.767 
0 -220.029 -35 33 -224.028 -231.754 -188.053 -235.864 
0 -217.497 -33 33 -226.518 -231.482 -186.666 -225.033 
0 -221.178 -35 33 -224.028 -231.754 -188.053 -235.864 
0 -215.568 -34 33 -224.851 -231.449 -184.224 -231.952 
0 -218.262 -33 33 -226.518 -231.482 -186.666 -225.033 
0 -219.882 -34 33 -225.607 -232.273 -188.053 -225.954 
0 -220.346 -34 33 -224.938 -230.964 -186.666 -234.942 
0 -217.81 -35 33 -223.272 -230.93 -184.224 -241.862 
0 -222.507 -35 33 -224.028 -231.754 -188.053 -235.864 
0 -218.958 -35 33 -223.272 -230.93 -184.224 -241.862 
0 -220.578 -36 33 -222.362 -231.721 -185.61 -242.783 
0 -223.272 -35 33 -224.028 -231.754 -188.053 -235.864 
0 -225.356 -36 33 -222.449 -231.235 -188.053 -245.773 
0 -217.662 -34 33 -224.851 -231.449 -184.224 -231.952 
0 -222.823 -34 33 -224.938 -230.964 -186.666 -234.942 
0 -221.143 -35 33 -221.492 -232.124 -185.568 -244.671 
0 -213.288 -34 33 -225.753 -230.659 -184.224 -231.036 
0 -220.833 -36 33 -222.415 -231.721 -187.359 -242.783 
0 -217.984 -34 33 -226.509 -231.482 -188.053 -225.038 
0 -214.436 -34 33 -225.753 -230.659 -184.224 -231.036 
0 -216.056 -35 33 -224.843 -231.449 -185.61 -231.958 
0 -218.75 -34 33 -226.509 -231.482 -188.053 -225.038 
0 -220.833 -35 33 -224.929 -230.964 -188.053 -234.947 
0 -213.14 -33 33 -227.332 -231.177 -184.224 -221.127 
0 -218.297 -36 33 -223.263 -230.93 -185.61 -241.867 
0 -230.67 -35 33 -218.014 -234.51 -186.666 -250.165 
0 -218.301 -33 33 -227.419 -230.692 -186.666 -224.116 
0 -215.765 -34 33 -225.753 -230.659 -184.224 -231.036 
0 -216.621 -34 33 -223.972 -231.852 -185.568 -233.845 
0 -219.446 -36 33 -223.263 -230.93 -185.61 -241.867 
0 -218.863 -35 33 -222.393 -231.334 -185.568 -243.754 
0 -216.53 -34 33 -225.753 -230.659 -184.224 -231.036 
0 -216.311 -35 33 -224.896 -231.449 -187.359 -231.958 
0 -218.15 -35 33 -224.843 -231.449 -185.61 -231.958 
0 -218.614 -35 33 -224.173 -230.14 -184.224 -240.945 
0 -218.552 -36 33 -223.317 -230.93 -187.359 -241.867 
0 -223.311 -35 33 -224.929 -230.964 -188.053 -234.947 
0 -221.631 -36 33 -221.483 -232.124 -186.954 -244.676 
0 -213.775 -35 33 -225.744 -230.659 -185.61 -231.042 
0 -218.715 -34 33 -223.972 -231.852 -185.568 -233.845 
0 -226.148 -34 33 -220.494 -234.238 -186.666 -239.339 
0 -219.701 -36 33 -223.317 -230.93 -187.359 -241.867 
0 -221.321 -37 33 -222.406 -231.721 -188.746 -242.789 
0 -228.39 -35 33 -218.915 -233.719 -186.666 -249.249 
0 -211.243 -33 33 -228.233 -230.387 -184.224 -220.211 
0 -221.108 -35 33 -222.393 -231.334 -185.568 -243.754 
0 -218.405 -35 33 -224.896 -231.449 -187.359 -231.958 
0 -214.924 -35 33 -225.744 -230.659 -185.61 -231.042 
0 -214.34 -34 33 -224.874 -231.062 -185.568 -232.929 
0 -212.008 -33 33 -228.233 -230.387 -184.224 -220.211 
0 -213.628 -34 33 -227.323 -231.177 -185.61 -221.132 
0 -214.092 -34 33 -226.654 -229.869 -184.224 -230.12 
0 -229.538 -35 33 -218.915 -233.719 -186.666 -249.249 
0 -214.03 -35 33 -225.797 -230.659 -187.359 -231.042 
0 -231.158 -36 33 -218.005 -234.51 -188.053 -250.17 
0 -228.242 -34 33 -220.494 -234.238 -186.666 -239.339 
0 -218.788 -34 33 -227.41 -230.692 -188.053 -224.122 
0 -216.252 -35 33 -225.744 -230.659 -185.61 -231.042 
0 -217.109 -35 33 -223.963 -231.852 -186.954 -233.851 
0 -214.193 -33 33 -226.453 -231.58 -185.568 -223.02 
0 -219.35 -36 33 -222.384 -231.334 -186.954 -243.76 
0 -215.178 -35 33 -225.797 -230.659 -187.359 -231.042 
0 -217.018 -35 33 -225.744 -230.659 -185.61 -231.042 
0 -216.798 -36 33 -224.887 -231.449 -188.746 -231.963 
0 -219.101 -36 33 -224.165 -230.14 -185.61 -240.951 
0 -223.868 -34 33 -221.396 -233.448 -186.666 -238.423 
0 -216.585 -34 33 -224.874 -231.062 -185.568 -232.929 
0 -213.882 -34 33 -227.377 -231.177 -187.359 -221.132 
0 -219.04 -37 33 -223.308 -230.93 -188.746 -241.872 
0 -216.818 -34 33 -224.874 -231.062 -185.568 -232.929 
-3 -226.938 -35 33 -220.655 -232.816 -186.666 -247.6 
0 -216.569 -34 33 -226.654 -229.868 -184.224 -230.12 
0 -216.507 -35 33 -225.797 -230.659 -187.359 -231.042 
0 -214.889 -35 33 -223.207 -231.029 -183.125 -239.849 
-4 -219.475 -35 33 -220.655 -232.816 -186.666 -247.6 
0 -225.016 -34 33 -221.396 -233.448 -186.666 -238.423 
0 -219.203 -35 33 -223.963 -231.852 -186.954 -233.851 
0 -226.636 -35 33 -220.486 -234.238 -188.053 -239.345 
0 -220.188 -37 33 -223.308 -230.93 -188.746 -241.872 
0 -223.72 -33 33 -222.975 -233.966 -186.666 -228.514 
0 -228.877 -36 33 -218.906 -233.719 -188.053 -249.254 
0 -217.272 -35 33 -225.797 -230.659 -187.359 -231.042 
0 -211.73 -34 33 -228.225 -230.387 -185.61 -220.216 
FEATURES_TXT_END_0
FEATURES_TXT_BEGIN_0 57 52 8 Distortion0_0 LM0_0 WordPenalty0_0 PhrasePenalty0_0 TranslationModel0_0 TranslationModel0_1 TranslationModel0_2 TranslationModel0_3 
0 -368.233 -63 57 -408.952 -399.446 -355.85 -433.77 
0 -363.447 -62 57 -411.432 -399.174 -355.85 -422.945 
0 -363.787 -61 57 -411.862 -399.355 -355.157 -418.573 
0 -366.18 -62 57 -409.431 -399.853 -355.157 -428.879 
0 -358.661 -61 57 -413.913 -398.902 -355.85 -412.12 
0 -368.569 -62 57 -409.431 -399.853 -355.157 -428.879 
0 -368.169 -63 57 -409.241 -400.104 -356.543 -428.885 
0 -361.394 -61 57 -411.911 -399.581 -355.157 -418.054 
0 -370.562 -63 57 -409.192 -399.878 -356.543 -429.403 
0 -368.682 -63 57 -408.902 -399.22 -355.85 -434.289 
0 -370.962 -62 57 -409.381 -399.627 -355.157 -429.398 
0 -364.178 -61 57 -410.602 -399.377 -355.157 -424.287 
0 -361.054 -61 57 -413.863 -398.676 -355.85 -412.638 
0 -363.783 -61 57 -411.911 -399.581 -355.157 -418.054 
0 -371.577 -62 57 -409.19 -399.832 -356.543 -429.739 
0 -363.382 -62 57 -411.722 -399.833 -356.543 -418.059 
0 -372.093 -62 57 -409.72 -400.512 -355.85 -423.993 
0 -356.607 -60 57 -414.392 -399.31 -355.157 -407.228 
0 -366.516 -61 57 -409.909 -400.26 -354.463 -423.988 
0 -365.92 -62 57 -409.465 -399.865 -354.145 -427.755 
0 -370.626 -63 57 -408.902 -399.22 -355.85 -434.289 
0 -366.256 -61 57 -409.944 -400.272 -353.452 -422.864 
0 -363.896 -62 57 -411.383 -398.948 -355.85 -423.464 
0 -361.445 -61 57 -412.604 -398.699 -355.85 -418.352 
0 -356.347 -60 57 -414.426 -399.321 -354.145 -406.104 
0 -369.36 -62 57 -411.722 -399.833 -356.543 -418.059 
0 -362.363 -61 57 -411.862 -399.355 -355.157 -418.573 
0 -356.943 -59 57 -414.871 -399.717 -354.463 -402.337 
0 -367.311 -62 57 -409.465 -399.865 -354.145 -427.755 
0 -358.996 -60 57 -414.392 -399.31 -355.157 -407.228 
0 -358.596 -61 57 -414.202 -399.561 -356.543 -407.234 
0 -367.45 -62 57 -409.19 -399.832 -356.543 -429.739 
0 -364.417 -62 57 -411.383 -398.948 -355.85 -423.464 
0 -363.718 -61 57 -412.201 -400.24 -355.85 -413.168 
0 -366.629 -62 57 -409.381 -399.627 -355.157 -429.398 
0 -365.257 -61 57 -409.944 -400.272 -353.452 -422.864 
0 -361.843 -61 57 -411.862 -399.355 -355.157 -418.573 
0 -359.63 -61 57 -413.863 -398.676 -355.85 -412.638 
0 -368.504 -62 57 -409.72 -400.512 -355.85 -423.993 
0 -361.729 -60 57 -412.39 -399.988 -354.463 -413.163 
0 -361.729 -60 57 -412.39 -399.989 -354.463 -413.163 
0 -374.147 -63 57 -409.241 -400.104 -356.543 -428.885 
0 -361.134 -61 57 -411.946 -399.593 -354.145 -416.93 
0 -359.63 -61 57 -413.864 -398.676 -355.85 -412.638 
0 -366.231 -62 57 -410.124 -398.97 -355.85 -429.178 
0 -368.618 -63 57 -409.192 -399.878 -356.543 -429.403 
0 -365.84 -62 57 -411.383 -398.948 -355.85 -423.464 
0 -369.018 -62 57 -409.381 -399.627 -355.157 -429.398 
0 -362.664 -61 57 -411.67 -399.56 -356.543 -418.914 
0 -362.524 -61 57 -411.946 -399.593 -354.145 -416.93 
0 -368.573 -62 57 -409.381 -399.627 -355.157 -429.398 
0 -359.11 -61 57 -413.863 -398.676 -355.85 -412.638 
FEATURES_TXT_END_0
FEATURES_TXT_BEGIN_0 58 100 8 Distortion0_0 LM0_0 WordPenalty0_0 PhrasePenalty0_0 TranslationModel0_0 TranslationModel0_1 TranslationModel0_2 TranslationModel0_3 
0 -368.758 -65 60 -414.045 -410.634 -365.47 -453.508 
0 -365.149 -64 60 -416.526 -410.362 -365.47 -442.682 
0 -366.569 -64 60 -416.526 -410.362 -365.47 -442.682 
0 -373.799 -65 60 -414.904 -409.984 -365.47 -452.527 
0 -368.939 -65 60 -413.996 -410.408 -365.47 -454.026 
0 -362.96 -63 60 -419.006 -410.091 -365.47 -431.857 
0 -370.189 -64 60 -417.385 -409.713 -365.47 -441.701 
0 -364.202 -65 60 -415.761 -409.539 -363.028 -448.686 
0 -361.991 -65 60 -414.958 -409.671 -366.569 -452.304 
0 -365.329 -64 60 -416.476 -410.136 -365.47 -443.201 
0 -371.61 -64 60 -417.385 -409.713 -365.47 -441.701 
0 -366.75 -64 60 -416.476 -410.136 -365.47 -443.201 
0 -366.956 -65 60 -413.919 -410.487 -365.47 -453.102 
0 -373.979 -65 60 -414.855 -409.758 -365.47 -453.046 
0 -360.592 -64 60 -418.242 -409.267 -363.028 -437.86 
0 -358.381 -64 60 -417.438 -409.399 -366.569 -441.478 
0 -368 -63 60 -419.866 -409.441 -365.47 -430.876 
0 -368.705 -65 60 -413.919 -410.487 -365.47 -453.102 
0 -362.013 -64 60 -418.242 -409.267 -363.028 -437.86 
0 -369.108 -65 60 -413.919 -410.487 -365.47 -453.102 
0 -359.802 -64 60 -417.438 -409.399 -366.569 -441.478 
0 -363.14 -63 60 -418.957 -409.865 -365.47 -432.376 
0 -369.242 -65 60 -416.62 -408.889 -363.028 -447.705 
0 -363.346 -64 60 -416.4 -410.215 -365.47 -442.277 
0 -367.031 -65 60 -415.817 -409.021 -366.569 -451.323 
0 -370.369 -64 60 -417.336 -409.487 -365.47 -442.22 
0 -365.904 -66 60 -415.805 -409.539 -366.163 -448.691 
0 -364.383 -65 60 -415.711 -409.313 -363.028 -449.204 
0 -362.172 -65 60 -414.908 -409.445 -366.569 -452.822 
0 -364.767 -64 60 -416.4 -410.215 -365.47 -442.277 
0 -367.833 -65 60 -414.882 -409.942 -364.372 -450.578 
0 -371.79 -64 60 -417.336 -409.487 -365.47 -442.22 
0 -365.096 -64 60 -416.4 -410.215 -365.47 -442.277 
0 -358.403 -63 60 -420.722 -408.995 -363.028 -427.035 
0 -365.498 -64 60 -416.4 -410.215 -365.47 -442.277 
0 -356.192 -63 60 -419.919 -409.127 -366.569 -430.653 
0 -364.356 -65 60 -414.026 -410.181 -365.47 -453.102 
0 -371.996 -65 60 -414.779 -409.837 -365.47 -452.121 
0 -366.516 -64 60 -416.4 -410.215 -365.47 -442.277 
0 -365.632 -64 60 -419.101 -408.617 -363.028 -436.879 
0 -366.919 -64 60 -416.4 -410.215 -365.47 -442.277 
0 -367.136 -65 60 -413.87 -410.261 -365.47 -453.621 
0 -363.422 -64 60 -418.298 -408.749 -366.569 -440.497 
0 -362.294 -65 60 -418.286 -409.267 -366.163 -437.866 
0 -357.435 -65 60 -416.673 -408.575 -364.127 -447.482 
0 -360.773 -64 60 -418.192 -409.041 -363.028 -438.379 
0 -373.746 -65 60 -414.779 -409.837 -365.47 -452.121 
0 -358.562 -64 60 -417.389 -409.173 -366.569 -441.997 
0 -367.053 -64 60 -419.101 -408.617 -363.028 -436.879 
0 -374.148 -65 60 -414.779 -409.837 -365.47 -452.121 
0 -361.157 -63 60 -418.881 -409.944 -365.47 -431.451 
0 -367.704 -65 60 -414.045 -410.33 -365.47 -452.409 
0 -364.842 -64 60 -418.298 -408.749 -366.569 -440.497 
0 -364.223 -64 60 -417.362 -409.67 -364.372 -439.753 
0 -368.18 -63 60 -419.816 -409.215 -365.47 -431.395 
0 -368.886 -65 60 -413.87 -410.261 -365.47 -453.621 
0 -363.715 -65 60 -418.286 -409.267 -366.163 -437.866 
-3 -368.945 -65 60 -414.045 -410.634 -365.47 -453.508 
0 -362.193 -64 60 -418.192 -409.041 -363.028 -438.379 
0 -369.289 -65 60 -413.87 -410.261 -365.47 -453.621 
0 -359.983 -64 60 -417.389 -409.173 -366.569 -441.997 
0 -360.746 -64 60 -416.506 -409.909 -365.47 -442.277 
0 -368.386 -64 60 -417.259 -409.566 -365.47 -441.296 
0 -365.644 -64 60 -417.362 -409.67 -364.372 -439.753 
0 -362.907 -63 60 -418.881 -409.944 -365.47 -431.451 
-4 -362.449 -65 60 -414.045 -410.634 -365.47 -453.508 
0 -362.399 -65 60 -415.635 -409.392 -363.028 -448.28 
0 -370.944 -66 60 -416.665 -408.889 -366.163 -447.71 
0 -363.309 -63 60 -418.881 -409.943 -365.47 -431.451 
0 -369.423 -65 60 -416.571 -408.663 -363.028 -448.223 
0 -360.189 -65 60 -414.832 -409.524 -366.569 -451.898 
0 -363.527 -64 60 -416.35 -409.989 -365.47 -442.796 
0 -367.212 -65 60 -415.767 -408.795 -366.569 -451.842 
0 -362.167 -64 60 -416.506 -409.909 -365.47 -442.277 
0 -369.807 -64 60 -417.259 -409.566 -365.47 -441.296 
0 -353.825 -64 60 -419.154 -408.304 -364.127 -436.656 
0 -366.084 -66 60 -415.756 -409.313 -366.163 -449.21 
-4 -363.516 -65 60 -414.045 -410.634 -365.47 -453.508 
0 -372.873 -65 60 -415.741 -409.292 -364.372 -449.598 
0 -366.821 -65 60 -412.984 -410.768 -366.163 -454.894 
0 -370.136 -64 60 -417.259 -409.566 -365.47 -441.296 
-4 -363.807 -65 60 -414.045 -410.634 -365.47 -453.508 
0 -363.443 -63 60 -421.582 -408.346 -363.028 -426.054 
0 -370.538 -64 60 -417.259 -409.566 -365.47 -441.296 
0 -364.149 -65 60 -415.635 -409.392 -363.028 -448.28 
0 -364.094 -64 60 -416.526 -410.059 -365.47 -441.584 
0 -364.947 -64 60 -416.35 -409.989 -365.47 -442.796 
0 -361.232 -63 60 -420.778 -408.478 -366.569 -429.672 
0 -367.626 -65 60 -412.984 -410.768 -366.163 -454.894 
0 -368.013 -65 60 -414.832 -409.716 -364.372 -451.097 
0 -361.938 -65 60 -414.832 -409.524 -366.569 -451.898 
0 -364.552 -65 60 -415.635 -409.392 -363.028 -448.28 
0 -365.276 -64 60 -416.35 -409.989 -365.47 -442.796 
0 -369.396 -65 60 -414.885 -409.531 -365.47 -452.121 
0 -360.105 -64 60 -420.767 -408.995 -366.163 -427.04 
0 -355.246 -64 60 -419.154 -408.304 -364.127 -436.656 
-3 -365.335 -64 60 -416.526 -410.362 -365.47 -442.682 
0 -358.584 -63 60 -420.673 -408.769 -363.028 -427.553 
0 -362.341 -65 60 -414.832 -409.524 -366.569 -451.898 
0 -365.679 -64 60 -416.35 -409.989 -365.47 -442.796 
FEATURES_TXT_END_0
FEATURES_TXT_BEGIN_0 59 99 8 Distortion0_0 LM0_0 WordPenalty0_0 PhrasePenalty0_0 TranslationModel0_0 TranslationModel0_1 TranslationModel0_2 TranslationModel0_3 
0 -285.075 -45 43 -278.189 -284.718 -275.82 -330.76 
0 -280.499 -44 43 -280.67 -284.446 -275.82 -319.935 
0 -286.375 -45 43 -279.049 -284.068 -275.82 -329.78 
0 -281.799 -44 43 -281.529 -283.797 -275.82 -318.954 
0 -283.866 -44 43 -280.67 -284.446 -275.82 -319.935 
0 -279.29 -43 43 -283.151 -284.174 -275.82 -309.11 
0 -285.166 -44 43 -281.529 -283.797 -275.82 -318.954 
0 -279.653 -45 43 -279.905 -283.623 -273.378 -325.938 
0 -280.59 -43 43 -284.01 -283.525 -275.82 -308.129 
0 -275.077 -44 43 -282.386 -283.351 -273.378 -315.113 
0 -280.954 -45 43 -280.765 -282.973 -273.378 -324.958 
0 -284.868 -45 43 -278.064 -284.571 -275.82 -330.355 
0 -276.378 -44 43 -283.245 -282.701 -273.378 -314.132 
0 -278.444 -44 43 -282.386 -283.351 -273.378 -315.113 
0 -286.346 -45 43 -278.064 -284.571 -275.82 -330.355 
0 -280.292 -44 43 -280.544 -284.299 -275.82 -319.53 
0 -286.169 -45 43 -278.923 -283.921 -275.82 -329.374 
0 -273.868 -43 43 -284.867 -283.079 -273.378 -304.288 
0 -279.745 -44 43 -283.245 -282.701 -273.378 -314.132 
0 -283.433 -46 43 -279.95 -283.623 -276.513 -325.944 
0 -281.77 -44 43 -280.544 -284.299 -275.82 -319.53 
0 -287.646 -45 43 -278.923 -283.921 -275.82 -329.374 
0 -285.062 -45 43 -279.081 -284.097 -275.127 -327.327 
0 -281.593 -44 43 -281.404 -283.65 -275.82 -318.549 
0 -283.659 -44 43 -280.544 -284.299 -275.82 -319.53 
0 -275.169 -43 43 -285.726 -282.43 -273.378 -303.307 
0 -278.857 -45 43 -282.43 -283.351 -276.513 -315.118 
-3 -284.084 -45 43 -278.189 -284.718 -275.82 -330.76 
0 -284.733 -46 43 -280.809 -282.973 -276.513 -324.963 
0 -283.07 -44 43 -281.404 -283.65 -275.82 -318.549 
0 -280.486 -44 43 -281.562 -283.826 -275.127 -316.501 
0 -285.137 -44 43 -280.544 -284.299 -275.82 -319.53 
0 -286.363 -45 43 -279.94 -283.448 -275.127 -326.346 
0 -279.083 -43 43 -283.025 -284.027 -275.82 -308.704 
0 -284.96 -44 43 -281.404 -283.65 -275.82 -318.549 
-3 -279.508 -44 43 -280.67 -284.446 -275.82 -319.935 
0 -280.157 -45 43 -283.29 -282.701 -276.513 -314.138 
-3 -285.384 -45 43 -279.049 -284.068 -275.82 -329.78 
0 -279.446 -45 43 -279.779 -283.476 -273.378 -325.533 
0 -282.224 -45 43 -282.43 -283.351 -276.513 -315.118 
0 -280.561 -43 43 -283.025 -284.027 -275.82 -308.704 
0 -281.786 -44 43 -282.421 -283.176 -275.127 -315.52 
0 -286.437 -44 43 -281.404 -283.65 -275.82 -318.549 
-4 -280.314 -45 43 -278.189 -284.718 -275.82 -330.76 
0 -283.853 -44 43 -281.562 -283.826 -275.127 -316.501 
-4 -280.578 -45 43 -278.189 -284.718 -275.82 -330.76 
0 -280.924 -45 43 -279.779 -283.476 -273.378 -325.533 
-4 -281.061 -45 43 -278.189 -284.718 -275.82 -330.76 
0 -280.384 -43 43 -283.884 -283.378 -275.82 -307.723 
-4 -281.487 -45 43 -278.189 -284.718 -275.82 -330.76 
-4 -281.629 -45 43 -278.189 -284.718 -275.82 -330.76 
0 -284.917 -45 43 -277.128 -284.851 -276.513 -332.146 
-3 -280.808 -44 43 -281.529 -283.797 -275.82 -318.954 
-4 -282.198 -45 43 -278.189 -284.718 -275.82 -330.76 
0 -274.87 -44 43 -282.26 -283.204 -273.378 -314.708 
0 -277.648 -44 43 -284.911 -283.079 -276.513 -304.293 
0 -280.747 -45 43 -280.639 -282.826 -273.378 -324.552 
-3 -282.875 -44 43 -280.67 -284.446 -275.82 -319.935 
0 -283.524 -45 43 -283.29 -282.701 -276.513 -314.138 
0 -281.861 -43 43 -283.884 -283.378 -275.82 -307.723 
-4 -282.912 -45 43 -278.189 -284.718 -275.82 -330.76 
-4 -275.738 -44 43 -280.67 -284.446 -275.82 -319.935 
0 -279.277 -43 43 -284.042 -283.554 -275.127 -305.676 
-4 -281.615 -45 43 -279.049 -284.068 -275.82 -329.78 
-4 -283.255 -45 43 -278.189 -284.718 -275.82 -330.76 
0 -282.475 -44 43 -277.852 -285.838 -275.82 -323.491 
-4 -276.002 -44 43 -280.67 -284.446 -275.82 -319.935 
0 -285.154 -44 43 -282.421 -283.176 -275.127 -315.52 
-4 -283.437 -45 43 -278.189 -284.718 -275.82 -330.76 
-4 -281.879 -45 43 -279.049 -284.068 -275.82 -329.78 
-4 -283.584 -45 43 -278.189 -284.718 -275.82 -330.76 
-4 -283.592 -45 43 -278.189 -284.718 -275.82 -330.76 
0 -276.348 -44 43 -282.26 -283.204 -273.378 -314.708 
-4 -276.485 -44 43 -280.67 -284.446 -275.82 -319.935 
0 -281.11 -45 43 -279.848 -283.054 -276.108 -327.62 
-4 -283.861 -45 43 -278.189 -284.718 -275.82 -330.76 
-4 -283.879 -45 43 -278.189 -284.718 -275.82 -330.76 
0 -282.225 -45 43 -280.639 -282.826 -273.378 -324.552 
-4 -282.362 -45 43 -279.049 -284.068 -275.82 -329.78 
-4 -284.122 -45 43 -278.189 -284.718 -275.82 -330.76 
-4 -276.911 -44 43 -280.67 -284.446 -275.82 -319.935 
0 -279.64 -45 43 -280.797 -283.002 -272.684 -322.505 
-4 -277.053 -44 43 -280.67 -284.446 -275.82 -319.935 
-4 -282.787 -45 43 -279.049 -284.068 -275.82 -329.78 
0 -280.341 -44 43 -279.609 -284.58 -276.513 -321.321 
-4 -282.929 -45 43 -279.049 -284.068 -275.82 -329.78 
0 -286.217 -45 43 -277.987 -284.202 -276.513 -331.166 
-4 -284.77 -45 43 -278.189 -284.718 -275.82 -330.76 
-4 -284.878 -45 43 -278.189 -284.718 -275.82 -330.76 
-4 -284.938 -45 43 -278.189 -284.718 -275.82 -330.76 
-4 -277.622 -44 43 -280.67 -284.446 -275.82 -319.935 
-4 -284.983 -45 43 -278.189 -284.718 -275.82 -330.76 
-4 -285.034 -45 43 -278.189 -284.718 -275.82 -330.76 
-4 -285.075 -45 43 -278.189 -284.718 -275.82 -330.76 
0 -278.948 -44 43 -285.77 -282.43 -276.513 -303.312 
-4 -283.499 -45 43 -279.049 -284.068 -275.82 -329.78 
-4 -285.146 -45 43 -278.189 -284.718 -275.82 -330.76 
0 -276.171 -44 43 -283.12 -282.554 -273.378 -313.727 
-3 -278.299 -43 43 -283.151 -284.174 -275.82 -309.11 
FEATURES_TXT_END_0
FEATURES_TXT_BEGIN_0 60 100 8 Distortion0_0 LM0_0 WordPenalty0_0 PhrasePenalty0_0 TranslationModel0_0 TranslationModel0_1 TranslationModel0_2 TranslationModel0_3 
0 -269.003 -45 41 -277.865 -278.759 -244.848 -328.304 
0 -262.619 -44 41 -280.345 -278.488 -244.848 -317.479 
0 -263.396 -44 41 -280.345 -278.488 -244.848 -317.479 
0 -257.011 -43 41 -282.826 -278.216 -244.848 -306.653 
0 -265.638 -44 41 -280.345 -278.488 -244.848 -317.479 
0 -259.253 -43 41 -282.826 -278.216 -244.848 -306.653 
0 -260.03 -43 41 -282.826 -278.216 -244.848 -306.653 
0 -253.645 -42 41 -285.307 -277.944 -244.848 -295.828 
0 -259.483 -44 41 -281.481 -277.43 -244.848 -316.38 
0 -253.098 -43 41 -283.961 -277.158 -244.848 -305.555 
0 -256.117 -43 41 -283.962 -277.158 -244.848 -305.555 
0 -249.733 -42 41 -286.442 -276.887 -244.848 -294.729 
0 -272.331 -45 41 -279 -277.702 -244.848 -327.206 
0 -265.947 -44 41 -281.481 -277.43 -244.848 -316.38 
0 -265.213 -45 41 -278.777 -277.796 -245.947 -327.1 
0 -258.828 -44 41 -281.258 -277.524 -245.947 -316.275 
0 -270.666 -45 41 -275.891 -280.183 -243.462 -328.71 
0 -259.605 -44 41 -281.258 -277.524 -245.947 -316.275 
0 -264.281 -44 41 -278.372 -279.911 -243.462 -317.884 
0 -267.213 -45 41 -278.777 -277.796 -245.947 -327.1 
0 -268.966 -44 41 -281.481 -277.43 -244.848 -316.38 
0 -253.22 -43 41 -283.739 -277.252 -245.947 -305.449 
0 -265.058 -44 41 -278.372 -279.911 -243.462 -317.884 
0 -260.829 -44 41 -281.258 -277.524 -245.947 -316.275 
0 -262.581 -43 41 -283.962 -277.158 -244.848 -305.555 
0 -266.53 -45 41 -278.702 -278.067 -243.75 -325.375 
0 -268.849 -45 41 -278.777 -277.796 -245.947 -327.1 
0 -258.673 -43 41 -280.852 -279.64 -243.462 -307.059 
0 -261.606 -44 41 -281.258 -277.524 -245.947 -316.275 
0 -261.847 -44 41 -281.258 -277.524 -245.947 -316.275 
0 -260.145 -44 41 -281.182 -277.795 -243.75 -314.55 
0 -271.534 -45 41 -277.418 -278.415 -244.848 -330.25 
0 -262.465 -44 41 -281.258 -277.524 -245.947 -316.275 
0 -255.221 -43 41 -283.739 -277.252 -245.947 -305.449 
0 -255.462 -43 41 -283.739 -277.252 -245.947 -305.449 
0 -267.3 -44 41 -278.372 -279.911 -243.462 -317.884 
0 -260.922 -44 41 -281.182 -277.795 -243.75 -314.55 
0 -263.242 -44 41 -281.258 -277.524 -245.947 -316.275 
0 -265.149 -44 41 -279.899 -278.143 -244.848 -319.424 
0 -256.239 -43 41 -283.739 -277.252 -245.947 -305.449 
-3 -265.657 -45 41 -277.865 -278.759 -244.848 -328.304 
0 -260.915 -43 41 -280.852 -279.64 -243.462 -307.059 
0 -263.848 -44 41 -281.258 -277.524 -245.947 -316.275 
0 -254.538 -43 41 -283.663 -277.524 -243.75 -303.724 
0 -265.926 -44 41 -279.899 -278.143 -244.848 -319.424 
0 -256.857 -43 41 -283.739 -277.252 -245.947 -305.449 
0 -262.024 -44 41 -281.182 -277.795 -243.75 -314.55 
0 -249.855 -42 41 -286.219 -276.981 -245.947 -294.624 
0 -255.371 -44 41 -282.393 -276.467 -245.947 -315.176 
0 -261.692 -43 41 -280.852 -279.64 -243.462 -307.059 
-3 -259.272 -44 41 -280.345 -278.488 -244.848 -317.479 
0 -257.463 -43 41 -283.739 -277.252 -245.947 -305.449 
0 -272.264 -45 41 -278.777 -277.796 -245.947 -327.1 
0 -259.541 -43 41 -282.379 -277.871 -244.848 -308.599 
0 -255.64 -43 41 -283.663 -277.524 -243.75 -303.724 
-3 -260.049 -44 41 -280.345 -278.488 -244.848 -317.479 
0 -248.987 -43 41 -284.874 -276.195 -245.947 -304.351 
0 -265.484 -44 41 -281.258 -277.524 -245.947 -316.275 
0 -255.308 -42 41 -283.333 -279.368 -243.462 -296.233 
0 -258.24 -43 41 -283.739 -277.252 -245.947 -305.449 
0 -270.078 -45 41 -279.461 -277.178 -244.848 -326.358 
0 -261.145 -44 41 -279.507 -278.854 -243.462 -316.786 
0 -265.879 -44 41 -281.258 -277.524 -245.947 -316.275 
0 -256.417 -43 41 -283.663 -277.524 -243.75 -303.724 
-3 -253.664 -43 41 -282.826 -278.216 -244.848 -306.653 
0 -268.169 -44 41 -279.899 -278.143 -244.848 -319.424 
0 -259.099 -43 41 -283.739 -277.252 -245.947 -305.449 
0 -251.856 -42 41 -286.219 -276.981 -245.947 -294.624 
0 -263.693 -44 41 -281.942 -276.906 -244.848 -315.533 
0 -266.656 -44 41 -281.258 -277.524 -245.947 -316.275 
0 -254.76 -43 41 -281.988 -278.582 -243.462 -305.96 
0 -257.693 -44 41 -282.393 -276.467 -245.947 -315.176 
0 -250.032 -42 41 -286.143 -277.252 -243.75 -292.899 
0 -259.876 -43 41 -283.739 -277.252 -245.947 -305.449 
0 -261.784 -43 41 -282.379 -277.871 -244.848 -308.599 
0 -260.271 -43 41 -283.739 -277.252 -245.947 -305.449 
-3 -262.292 -44 41 -280.345 -278.488 -244.848 -317.479 
0 -251.308 -43 41 -284.874 -276.195 -245.947 -304.351 
0 -262.561 -43 41 -282.379 -277.871 -244.848 -308.599 
0 -253.491 -42 41 -286.219 -276.981 -245.947 -294.624 
-4 -262.618 -45 41 -277.865 -278.759 -244.848 -328.304 
0 -257.009 -44 41 -282.318 -276.738 -243.75 -313.451 
0 -259.329 -44 41 -282.393 -276.467 -245.947 -315.176 
0 -252.006 -43 41 -284.874 -276.195 -245.947 -304.351 
-3 -255.907 -43 41 -282.826 -278.216 -244.848 -306.653 
0 -269.938 -45 41 -276.903 -278.991 -246.235 -329.346 
0 -268.899 -44 41 -281.258 -277.524 -245.947 -316.275 
0 -266.05 -44 41 -281.942 -276.906 -244.848 -315.533 
0 -256.176 -42 41 -284.86 -277.6 -244.848 -297.773 
-3 -256.684 -43 41 -282.826 -278.216 -244.848 -306.653 
0 -250.625 -43 41 -284.798 -276.466 -243.75 -302.625 
0 -262.013 -44 41 -281.034 -277.086 -244.848 -318.326 
0 -252.944 -43 41 -284.874 -276.195 -245.947 -304.351 
0 -245.621 -42 41 -287.355 -275.923 -245.947 -293.525 
-4 -263.71 -45 41 -277.865 -278.759 -244.848 -328.304 
0 -266.713 -44 41 -281.942 -276.906 -244.848 -315.533 
0 -263.553 -44 41 -279.384 -278.719 -246.235 -318.52 
0 -257.779 -43 41 -281.988 -278.582 -243.462 -305.96 
0 -262.514 -43 41 -283.739 -277.252 -245.947 -305.449 
0 -259.666 -43 41 -284.423 -276.635 -244.848 -304.707 
FEATURES_TXT_END_0
FEATURES_TXT_BEGIN_0 61 77 8 Distortion0_0 LM0_0 WordPenalty0_0 PhrasePenalty0_0 TranslationModel0_0 TranslationModel0_1 TranslationModel0_2 TranslationModel0_3 
0 -485.484 -74 72 -459.7 -471.033 -441.641 -516.894 
0 -495.03 -75 72 -457.219 -471.305 -441.641 -527.719 
0 -504.447 -76 72 -454.358 -471.691 -441.641 -538.544 
0 -482.162 -74 72 -459.989 -471.692 -442.334 -512.008 
0 -481.023 -73 72 -462.181 -470.762 -441.641 -506.068 
0 -483.268 -73 72 -460.179 -471.441 -440.948 -512.002 
0 -504.576 -76 72 -454.739 -471.577 -441.641 -538.544 
0 -491.708 -75 72 -457.509 -471.964 -442.334 -522.833 
0 -488.246 -73 72 -460.129 -471.215 -440.948 -512.521 
0 -490.569 -74 72 -459.7 -471.034 -441.641 -516.894 
0 -503.798 -75 72 -454.976 -471.963 -442.334 -534.513 
0 -477.701 -73 72 -462.47 -471.42 -442.334 -501.182 
0 -492.814 -74 72 -457.698 -471.712 -440.948 -522.828 
0 -494.519 -75 72 -456.933 -470.889 -438.506 -528.831 
0 -478.807 -72 72 -462.659 -471.169 -440.948 -501.177 
0 -501.254 -76 72 -455.028 -472.236 -442.334 -533.659 
0 -485.377 -74 72 -459.65 -470.807 -441.641 -517.412 
0 -481.402 -73 72 -460.213 -471.452 -439.937 -510.878 
0 -500.115 -75 72 -457.219 -471.305 -441.641 -527.719 
0 -487.247 -74 72 -459.989 -471.692 -442.334 -512.008 
0 -479.406 -74 72 -461.705 -470.597 -439.892 -507.186 
0 -502.36 -75 72 -455.217 -471.984 -440.948 -533.653 
0 -477.643 -74 72 -461.416 -469.938 -439.199 -512.071 
0 -488.353 -73 72 -460.179 -471.441 -440.948 -512.002 
0 -492.275 -75 72 -458.935 -470.21 -439.199 -522.897 
0 -494.923 -75 72 -457.17 -471.079 -441.641 -528.238 
0 -489.972 -75 72 -457.216 -472.164 -442.334 -521.917 
0 -490.948 -74 72 -457.732 -471.724 -439.937 -521.704 
0 -473.561 -73 72 -461.929 -470.357 -437.494 -506.056 
0 -482.055 -74 72 -459.94 -471.466 -442.334 -512.526 
0 -496.793 -75 72 -457.509 -471.964 -442.334 -522.833 
0 -487.189 -75 72 -458.935 -470.21 -439.199 -522.897 
0 -502.84 -76 72 -454.446 -471.777 -441.641 -537.628 
0 -474.321 -74 72 -461.705 -470.597 -439.892 -507.186 
0 -480.916 -73 72 -462.131 -470.536 -441.641 -506.587 
0 -476.941 -72 72 -462.694 -471.181 -439.937 -500.053 
0 -483.161 -73 72 -460.129 -471.215 -440.948 -512.521 
0 -497.899 -74 72 -457.698 -471.712 -440.948 -522.828 
0 -483.748 -74 72 -459.407 -471.233 -441.641 -515.977 
0 -473.182 -73 72 -463.896 -469.667 -439.199 -501.246 
0 -475.427 -73 72 -461.895 -470.345 -438.506 -507.18 
0 -484.706 -73 72 -459.938 -471.419 -442.334 -512.863 
0 -485.355 -74 72 -459.319 -471.148 -441.641 -516.894 
0 -504.469 -76 72 -454.689 -471.351 -441.641 -539.063 
0 -491.601 -75 72 -457.459 -471.738 -442.334 -523.352 
0 -500.494 -75 72 -455.252 -471.996 -439.937 -532.529 
0 -477.537 -74 72 -461.366 -469.712 -439.199 -512.59 
0 -496.735 -76 72 -456.454 -470.482 -439.199 -533.722 
0 -483.867 -75 72 -459.225 -470.869 -439.892 -518.011 
0 -487.14 -74 72 -459.94 -471.466 -442.334 -512.526 
0 -490.462 -74 72 -459.65 -470.807 -441.641 -517.412 
0 -502.253 -75 72 -455.168 -471.758 -440.948 -534.172 
0 -486.487 -73 72 -460.213 -471.452 -439.937 -510.878 
0 -492.707 -74 72 -457.649 -471.486 -440.948 -523.347 
0 -496.033 -74 72 -457.732 -471.724 -439.937 -521.704 
0 -477.594 -73 72 -462.42 -471.194 -442.334 -501.701 
0 -500.008 -75 72 -457.17 -471.079 -441.641 -528.238 
0 -493.294 -75 72 -456.927 -471.505 -441.641 -526.803 
0 -481.295 -73 72 -460.164 -471.226 -439.937 -511.397 
0 -480.426 -74 72 -459.697 -471.892 -442.334 -511.091 
0 -482.729 -74 72 -461.416 -469.938 -439.199 -512.071 
0 -493.413 -76 72 -456.744 -471.14 -439.892 -528.837 
0 -469.86 -73 72 -464.186 -470.325 -439.892 -496.36 
0 -484.973 -74 72 -459.414 -470.617 -438.506 -518.006 
0 -483.843 -74 72 -459.574 -470.886 -441.641 -516.488 
0 -494.252 -74 72 -457.457 -471.691 -442.334 -523.688 
0 -501.147 -76 72 -454.978 -472.01 -442.334 -534.177 
0 -478.7 -72 72 -462.61 -470.943 -440.948 -501.696 
0 -494.901 -75 72 -456.838 -471.419 -441.641 -527.719 
0 -483.139 -73 72 -459.798 -471.555 -440.948 -512.002 
0 -479.287 -73 72 -461.888 -470.961 -441.641 -505.152 
0 -483.015 -74 72 -459.574 -470.886 -441.641 -516.488 
0 -482.033 -74 72 -459.608 -471.806 -442.334 -512.008 
0 -481.532 -73 72 -459.886 -471.64 -440.948 -511.086 
0 -470.966 -72 72 -464.375 -470.074 -438.506 -496.355 
0 -480.246 -72 72 -462.418 -471.148 -442.334 -502.037 
0 -480.894 -73 72 -461.799 -470.876 -441.641 -506.068 
FEATURES_TXT_END_0
FEATURES_TXT_BEGIN_0 62 100 8 Distortion0_0 LM0_0 WordPenalty0_0 PhrasePenalty0_0 TranslationModel0_0 TranslationModel0_1 TranslationModel0_2 TranslationModel0_3 
0 -265.385 -46 41 -285.647 -279.59 -253.316 -331.91 
0 -259 -45 41 -288.128 -279.318 -253.316 -321.085 
0 -259.293 -45 41 -288.128 -279.318 -253.316 -321.085 
0 -260.002 -45 41 -288.128 -279.318 -253.316 -321.085 
0 -252.908 -44 41 -290.608 -279.046 -253.316 -310.259 
0 -253.617 -44 41 -290.608 -279.046 -253.316 -310.259 
0 -253.91 -44 41 -290.608 -279.046 -253.316 -310.259 
0 -262.011 -45 41 -288.128 -279.318 -253.316 -321.085 
0 -247.525 -43 41 -293.089 -278.775 -253.316 -299.434 
0 -255.626 -44 41 -290.608 -279.046 -253.316 -310.259 
0 -247.644 -45 41 -289.843 -278.223 -250.874 -316.263 
0 -255.056 -46 41 -287.363 -278.494 -250.874 -327.088 
0 -255.919 -44 41 -290.608 -279.046 -253.316 -310.259 
0 -256.629 -44 41 -290.608 -279.046 -253.316 -310.259 
0 -249.534 -43 41 -293.089 -278.775 -253.316 -299.434 
0 -241.552 -44 41 -292.324 -277.951 -250.874 -305.437 
0 -248.964 -45 41 -289.843 -278.223 -250.874 -316.263 
0 -250.244 -43 41 -293.089 -278.775 -253.316 -299.434 
0 -242.262 -44 41 -292.324 -277.951 -250.874 -305.437 
0 -249.673 -45 41 -289.843 -278.223 -250.874 -316.263 
0 -250.537 -43 41 -293.089 -278.775 -253.316 -299.434 
0 -244.152 -42 41 -295.569 -278.503 -253.316 -288.609 
0 -266.181 -46 41 -285.597 -279.364 -253.316 -332.429 
0 -236.17 -43 41 -294.805 -277.679 -250.874 -294.612 
0 -243.581 -44 41 -292.324 -277.951 -250.874 -305.437 
0 -244.271 -44 41 -292.324 -277.951 -250.874 -305.437 
0 -251.682 -45 41 -289.843 -278.223 -250.874 -316.263 
0 -259.796 -45 41 -288.078 -279.092 -253.316 -321.604 
0 -260.089 -45 41 -288.078 -279.092 -253.316 -321.604 
0 -260.798 -45 41 -288.078 -279.092 -253.316 -321.604 
0 -238.179 -43 41 -294.805 -277.679 -250.874 -294.612 
0 -245.59 -44 41 -292.324 -277.951 -250.874 -305.437 
0 -253.704 -44 41 -290.559 -278.82 -253.316 -310.778 
0 -238.888 -43 41 -294.805 -277.679 -250.874 -294.612 
0 -246.3 -44 41 -292.324 -277.951 -250.874 -305.437 
0 -254.414 -44 41 -290.559 -278.82 -253.316 -310.778 
0 -261.227 -46 41 -287.363 -278.494 -250.874 -327.088 
0 -254.706 -44 41 -290.559 -278.82 -253.316 -310.778 
0 -262.807 -45 41 -288.078 -279.092 -253.316 -321.604 
0 -232.796 -42 41 -297.285 -277.408 -250.874 -283.787 
0 -254.843 -45 41 -289.843 -278.223 -250.874 -316.263 
0 -240.208 -43 41 -294.805 -277.679 -250.874 -294.612 
0 -248.322 -43 41 -293.039 -278.549 -253.316 -299.953 
0 -255.135 -45 41 -289.843 -278.223 -250.874 -316.263 
0 -256.423 -44 41 -290.559 -278.82 -253.316 -310.778 
0 -248.441 -45 41 -289.794 -277.997 -250.874 -316.782 
0 -255.852 -46 41 -287.313 -278.268 -250.874 -327.607 
0 -256.715 -44 41 -290.559 -278.82 -253.316 -310.778 
0 -248.751 -44 41 -292.324 -277.951 -250.874 -305.437 
0 -257.425 -44 41 -290.559 -278.82 -253.316 -310.778 
0 -250.331 -43 41 -293.039 -278.549 -253.316 -299.953 
0 -242.349 -44 41 -292.275 -277.725 -250.874 -305.956 
0 -249.76 -45 41 -289.794 -277.997 -250.874 -316.782 
0 -251.04 -43 41 -293.039 -278.549 -253.316 -299.953 
0 -243.058 -44 41 -292.275 -277.725 -250.874 -305.956 
0 -250.469 -45 41 -289.794 -277.997 -250.874 -316.782 
0 -257.854 -45 41 -289.843 -278.223 -250.874 -316.263 
0 -251.333 -43 41 -293.039 -278.549 -253.316 -299.953 
0 -251.469 -44 41 -292.324 -277.951 -250.874 -305.437 
0 -243.487 -45 41 -291.559 -277.128 -248.432 -311.441 
0 -244.948 -42 41 -295.52 -278.277 -253.316 -289.127 
0 -250.898 -46 41 -289.079 -277.399 -248.432 -322.266 
0 -236.966 -43 41 -294.755 -277.453 -250.874 -295.131 
0 -244.377 -44 41 -292.275 -277.725 -250.874 -305.956 
0 -251.762 -44 41 -292.324 -277.951 -250.874 -305.437 
0 -245.067 -44 41 -292.275 -277.725 -250.874 -305.956 
0 -252.478 -45 41 -289.794 -277.997 -250.874 -316.782 
0 -245.377 -43 41 -294.805 -277.679 -250.874 -294.612 
0 -262.591 -46 41 -286.484 -278.897 -252.218 -328.981 
0 -237.395 -44 41 -294.04 -276.856 -248.432 -300.615 
0 -260.139 -45 41 -289.843 -278.223 -250.874 -316.263 
0 -244.806 -45 41 -291.559 -277.127 -248.432 -311.441 
0 -266.366 -46 41 -285.059 -279.915 -253.316 -331.217 
0 -238.975 -43 41 -294.755 -277.453 -250.874 -295.131 
0 -256.207 -45 41 -288.964 -278.626 -252.218 -318.156 
0 -246.386 -44 41 -292.275 -277.725 -250.874 -305.956 
0 -253.754 -44 41 -292.324 -277.951 -250.874 -305.437 
0 -256.5 -45 41 -288.964 -278.626 -252.218 -318.156 
0 -254.047 -44 41 -292.324 -277.951 -250.874 -305.437 
0 -262.979 -47 41 -287.407 -278.494 -254.009 -327.094 
0 -267.915 -46 41 -285.2 -279.245 -253.316 -333.856 
0 -259.982 -45 41 -287.54 -279.643 -253.316 -320.392 
0 -239.684 -43 41 -294.755 -277.453 -250.874 -295.131 
0 -247.096 -44 41 -292.275 -277.725 -250.874 -305.956 
0 -260.274 -45 41 -287.54 -279.643 -253.316 -320.392 
0 -257.209 -45 41 -288.964 -278.626 -252.218 -318.156 
0 -262.024 -46 41 -287.313 -278.268 -250.874 -327.607 
0 -250.115 -44 41 -291.445 -278.354 -252.218 -307.33 
-3 -261.703 -46 41 -285.647 -279.59 -253.316 -331.91 
0 -247.662 -43 41 -294.805 -277.679 -250.874 -294.612 
0 -256.59 -46 41 -289.888 -278.223 -254.009 -316.268 
0 -256.594 -46 41 -289.888 -278.223 -254.009 -316.268 
0 -261.531 -45 41 -287.681 -278.974 -253.316 -323.03 
0 -264.001 -47 41 -287.407 -278.494 -254.009 -327.094 
0 -260.984 -45 41 -287.54 -279.643 -253.316 -320.392 
0 -256.887 -46 41 -289.888 -278.223 -254.009 -316.268 
0 -261.823 -45 41 -287.681 -278.974 -253.316 -323.03 
0 -240.113 -44 41 -294.04 -276.856 -248.432 -300.615 
0 -253.89 -44 41 -290.021 -279.371 -253.316 -309.566 
0 -247.525 -45 41 -291.559 -277.127 -248.432 -311.441 
FEATURES_TXT_END_0
FEATURES_TXT_BEGIN_0 63 100 8 Distortion0_0 LM0_0 WordPenalty0_0 PhrasePenalty0_0 TranslationModel0_0 TranslationModel0_1 TranslationModel0_2 TranslationModel0_3 
0 -263.404 -39 37 -234.186 -225.965 -222.45 -266.349 
0 -263.842 -39 37 -234.467 -225.832 -221.757 -265.251 
0 -261.351 -38 37 -234.665 -226.372 -221.757 -261.458 
0 -263.49 -39 37 -234.475 -226.623 -223.143 -261.464 
0 -261.788 -38 37 -234.946 -226.24 -221.064 -260.36 
0 -254.222 -39 37 -235.902 -224.869 -220.008 -261.527 
0 -264.459 -39 37 -234.986 -225.37 -222.45 -264.74 
0 -260.877 -39 37 -233.805 -226.079 -222.45 -266.349 
0 -263.928 -39 37 -234.757 -226.491 -222.45 -260.365 
0 -261.091 -38 37 -234.699 -226.383 -220.745 -260.334 
0 -254.66 -39 37 -236.183 -224.737 -219.314 -260.429 
0 -252.169 -38 37 -236.381 -225.276 -219.314 -256.636 
0 -258.055 -39 37 -235.902 -224.869 -220.008 -261.527 
0 -262.621 -38 37 -234.424 -226.35 -223.143 -262.318 
0 -266.82 -39 37 -231.774 -227.429 -223.143 -269.646 
0 -264.897 -39 37 -235.267 -225.238 -221.757 -263.641 
0 -261.315 -39 37 -234.086 -225.946 -221.757 -265.251 
0 -262.405 -38 37 -235.465 -225.777 -221.757 -259.849 
0 -258.823 -38 37 -234.284 -226.486 -221.757 -261.458 
0 -254.308 -39 37 -236.191 -225.528 -220.701 -256.642 
0 -261.528 -38 37 -234.98 -226.251 -220.052 -259.236 
0 -252.606 -38 37 -236.662 -225.144 -218.621 -255.538 
0 -258.493 -39 37 -236.183 -224.737 -219.314 -260.429 
0 -256.002 -38 37 -236.381 -225.276 -219.314 -256.636 
0 -263.059 -38 37 -234.705 -226.218 -222.45 -261.22 
0 -264.545 -39 37 -235.275 -226.029 -223.143 -259.854 
0 -260.963 -39 37 -234.094 -226.737 -223.143 -261.464 
0 -267.258 -39 37 -232.055 -227.297 -222.45 -268.547 
0 -264.767 -38 37 -232.252 -227.836 -222.45 -264.754 
0 -262.843 -38 37 -235.746 -225.645 -221.064 -258.75 
0 -259.261 -38 37 -234.565 -226.354 -221.064 -260.36 
0 -255.277 -39 37 -236.702 -224.275 -220.008 -259.918 
0 -251.695 -39 37 -235.521 -224.983 -220.008 -261.527 
0 -254.746 -39 37 -236.473 -225.396 -220.008 -255.543 
0 -257.316 -40 37 -235.946 -224.869 -223.143 -261.533 
0 -251.909 -38 37 -236.415 -225.288 -218.303 -255.512 
0 -263.197 -39 37 -234.06 -225.817 -222.45 -265.944 
0 -258.141 -39 37 -236.191 -225.528 -220.701 -256.642 
0 -256.44 -38 37 -236.662 -225.144 -218.621 -255.538 
0 -248.873 -39 37 -237.618 -223.774 -217.565 -256.705 
0 -266.502 -39 37 -232.212 -227.388 -221.064 -266.755 
0 -253.439 -38 37 -236.14 -225.255 -220.701 -257.496 
0 -264.608 -39 37 -234.06 -225.817 -222.45 -265.944 
0 -266.906 -39 37 -232.063 -228.088 -223.836 -264.76 
0 -261.932 -39 37 -234.605 -225.484 -222.45 -264.74 
0 -264.982 -39 37 -235.557 -225.896 -222.45 -258.756 
0 -261.4 -39 37 -234.376 -226.605 -222.45 -260.365 
0 -265.205 -38 37 -232.534 -227.704 -221.757 -263.656 
0 -262.145 -38 37 -235.499 -225.789 -220.745 -258.725 
0 -258.563 -38 37 -234.318 -226.497 -220.745 -260.334 
0 -257.638 -39 37 -233.489 -226.334 -220.701 -264.824 
0 -255.714 -39 37 -236.983 -224.143 -219.314 -258.819 
0 -252.133 -39 37 -235.802 -224.851 -219.314 -260.429 
0 -253.223 -38 37 -237.181 -224.682 -219.314 -255.027 
0 -249.641 -38 37 -236 -225.391 -219.314 -256.636 
0 -257.754 -40 37 -236.228 -224.737 -222.45 -260.434 
0 -255.262 -39 37 -236.425 -225.276 -222.45 -256.642 
0 -252.346 -38 37 -236.696 -225.156 -217.61 -254.414 
0 -263.635 -39 37 -234.342 -225.685 -221.757 -264.846 
0 -261.144 -38 37 -234.539 -226.225 -221.757 -261.053 
0 -259.11 -39 37 -236.702 -224.275 -220.008 -259.918 
0 -265.935 -39 37 -233.739 -225.62 -222.45 -268.295 
0 -258.579 -39 37 -236.473 -225.396 -220.008 -255.543 
0 -261.255 -38 37 -233.992 -226.623 -221.064 -261.458 
0 -255.742 -38 37 -236.415 -225.288 -218.303 -255.512 
0 -263.676 -38 37 -235.224 -225.756 -223.143 -260.709 
0 -260.094 -38 37 -234.043 -226.464 -223.143 -262.318 
0 -249.311 -39 37 -237.899 -223.642 -216.872 -255.607 
0 -246.82 -38 37 -238.096 -224.181 -216.872 -251.814 
0 -262.564 -39 37 -235.023 -225.272 -221.351 -263.42 
0 -262.571 -39 37 -235.023 -225.272 -221.351 -263.42 
0 -266.94 -39 37 -232.493 -227.256 -220.37 -265.656 
0 -264.448 -38 37 -232.691 -227.795 -220.37 -261.864 
0 -256.649 -39 37 -235.521 -224.983 -220.008 -261.527 
0 -253.877 -38 37 -236.421 -225.123 -220.008 -256.398 
0 -265.046 -39 37 -234.342 -225.685 -221.757 -264.846 
0 -262.555 -38 37 -234.539 -226.225 -221.757 -261.053 
0 -267.875 -39 37 -232.574 -226.835 -223.143 -268.036 
0 -264.293 -39 37 -231.393 -227.543 -223.143 -269.646 
0 -262.39 -40 37 -235.946 -224.869 -223.143 -261.533 
0 -267.344 -39 37 -232.344 -227.956 -223.143 -263.661 
0 -262.369 -39 37 -234.886 -225.352 -221.757 -263.641 
0 -259.878 -38 37 -235.084 -225.891 -221.757 -259.849 
0 -266.987 -39 37 -233.076 -226.427 -223.143 -267.566 
-4 -252.796 -39 37 -234.186 -225.965 -222.45 -266.349 
0 -255.363 -39 37 -236.991 -224.933 -220.701 -255.032 
0 -251.781 -39 37 -235.81 -225.642 -220.701 -256.642 
0 -264.507 -38 37 -232.287 -227.848 -221.438 -263.63 
0 -262.583 -38 37 -235.781 -225.657 -220.052 -257.626 
0 -259.001 -38 37 -234.599 -226.365 -220.052 -259.236 
0 -257.402 -40 37 -236.236 -225.528 -223.836 -256.647 
0 -257.272 -38 37 -236.14 -225.255 -220.701 -257.496 
0 -258.076 -39 37 -233.771 -226.202 -220.008 -263.725 
0 -255.585 -38 37 -233.968 -226.741 -220.008 -259.932 
0 -253.661 -38 37 -237.462 -224.55 -218.621 -253.928 
0 -250.079 -38 37 -236.281 -225.258 -218.621 -255.538 
0 -255.7 -39 37 -236.706 -225.144 -221.757 -255.543 
0 -263.283 -39 37 -234.35 -226.476 -223.143 -261.058 
0 -248.134 -40 37 -237.662 -223.774 -220.701 -256.711 
0 -261.472 -39 37 -233.489 -226.334 -220.701 -264.824 
FEATURES_TXT_END_0
FEATURES_TXT_BEGIN_0 64 100 8 Distortion0_0 LM0_0 WordPenalty0_0 PhrasePenalty0_0 TranslationModel0_0 TranslationModel0_1 TranslationModel0_2 TranslationModel0_3 
0 -372.485 -55 51 -337.18 -345.401 -302.985 -375.532 
0 -367.609 -54 51 -339.66 -345.129 -302.985 -364.707 
0 -368.303 -54 51 -339.66 -345.129 -302.985 -364.707 
0 -363.428 -53 51 -342.141 -344.857 -302.985 -353.882 
0 -369.34 -55 51 -337.373 -345.239 -302.292 -374.28 
0 -369.36 -55 51 -339.044 -343.817 -302.985 -373.635 
0 -364.465 -54 51 -339.854 -344.968 -302.292 -363.454 
0 -364.484 -54 51 -341.525 -343.545 -302.985 -362.81 
0 -365.587 -55 51 -338.896 -344.305 -300.543 -370.71 
0 -365.159 -54 51 -339.854 -344.967 -302.292 -363.454 
0 -365.178 -54 51 -341.525 -343.545 -302.985 -362.81 
0 -368.388 -54 51 -338.433 -344.71 -302.292 -371.455 
0 -373.16 -55 51 -339.044 -343.817 -302.985 -373.635 
0 -360.712 -54 51 -341.376 -344.034 -300.543 -359.885 
0 -372.356 -55 51 -336.799 -345.515 -302.985 -375.532 
0 -360.283 -53 51 -342.334 -344.696 -302.292 -352.629 
0 -360.303 -53 51 -344.005 -343.273 -302.985 -351.984 
0 -361.406 -54 51 -341.376 -344.034 -300.543 -359.885 
0 -363.512 -53 51 -340.913 -344.438 -302.292 -360.629 
0 -366.215 -55 51 -339.237 -343.655 -302.292 -372.383 
0 -368.284 -54 51 -341.525 -343.545 -302.985 -362.81 
0 -364.206 -53 51 -340.913 -344.438 -302.292 -360.629 
0 -368.978 -54 51 -341.525 -343.545 -302.985 -362.81 
0 -367.481 -54 51 -339.279 -345.243 -302.985 -364.707 
0 -356.53 -53 51 -343.857 -343.762 -300.543 -349.059 
0 -368.175 -54 51 -339.279 -345.243 -302.985 -364.707 
0 -361.34 -54 51 -341.718 -343.384 -302.292 -361.557 
0 -362.443 -55 51 -339.089 -344.144 -299.849 -369.458 
0 -362.462 -55 51 -340.76 -342.722 -300.543 -368.813 
0 -359.331 -52 51 -343.394 -344.167 -302.292 -349.804 
0 -362.034 -54 51 -341.718 -343.384 -302.292 -361.557 
0 -376.507 -55 51 -336.486 -345.597 -302.292 -376.38 
0 -364.102 -53 51 -344.005 -343.273 -302.985 -351.984 
0 -365.243 -54 51 -338.626 -344.549 -301.599 -370.202 
0 -365.263 -54 51 -340.297 -343.126 -302.292 -369.558 
0 -370.015 -55 51 -339.237 -343.655 -302.292 -372.383 
0 -370.035 -55 51 -340.908 -342.233 -302.985 -371.738 
0 -363.299 -53 51 -341.76 -344.971 -302.985 -353.882 
0 -357.568 -54 51 -341.569 -343.872 -299.849 -358.632 
0 -357.587 -54 51 -343.241 -342.45 -300.543 -357.988 
0 -369.212 -55 51 -336.992 -345.353 -302.292 -374.28 
0 -369.231 -55 51 -338.663 -343.931 -302.985 -373.635 
0 -357.158 -53 51 -344.198 -343.112 -302.292 -350.732 
0 -358.261 -54 51 -341.569 -343.872 -299.849 -358.632 
0 -358.281 -54 51 -343.241 -342.45 -300.543 -357.988 
0 -371.632 -54 51 -338.966 -345.326 -302.292 -365.554 
0 -360.368 -53 51 -341.106 -344.277 -301.599 -359.377 
0 -360.387 -53 51 -342.778 -342.855 -302.292 -358.732 
0 -361.49 -54 51 -340.148 -343.615 -299.849 -366.633 
0 -365.14 -54 51 -341.718 -343.384 -302.292 -361.557 
0 -365.159 -54 51 -343.389 -341.961 -302.985 -360.913 
0 -366.262 -55 51 -340.76 -342.722 -300.543 -368.813 
0 -372.326 -54 51 -338.966 -345.326 -302.292 -365.554 
0 -361.062 -53 51 -341.106 -344.277 -301.599 -359.377 
0 -361.081 -53 51 -342.778 -342.855 -302.292 -358.732 
0 -375.015 -55 51 -336.733 -345.056 -302.985 -377.478 
0 -365.833 -54 51 -341.718 -343.384 -302.292 -361.557 
0 -365.853 -54 51 -343.389 -341.961 -302.985 -360.913 
0 -369.063 -54 51 -340.297 -343.126 -302.292 -369.558 
0 -371.641 -55 51 -338.017 -344.708 -301.886 -372.603 
0 -364.337 -54 51 -339.472 -345.082 -302.292 -363.454 
0 -364.356 -54 51 -341.144 -343.659 -302.985 -362.81 
0 -365.459 -55 51 -338.515 -344.419 -300.543 -370.71 
0 -372.046 -55 51 -338.017 -344.708 -301.886 -372.603 
0 -353.386 -53 51 -344.05 -343.601 -299.849 -347.807 
0 -353.405 -53 51 -345.721 -342.178 -300.543 -347.162 
0 -365.03 -54 51 -339.473 -345.082 -302.292 -363.454 
0 -365.05 -54 51 -341.144 -343.659 -302.985 -362.81 
0 -356.615 -53 51 -342.629 -343.343 -299.849 -355.807 
0 -359.318 -55 51 -340.953 -342.56 -299.849 -367.56 
0 -368.259 -54 51 -338.052 -344.824 -302.292 -371.455 
0 -361.387 -54 51 -343.241 -342.45 -300.543 -357.988 
0 -373.031 -55 51 -338.663 -343.931 -302.985 -373.635 
0 -372.233 -56 51 -338.94 -344.305 -303.678 -370.716 
0 -367.45 -53 51 -341.447 -345.054 -302.292 -354.729 
0 -356.186 -52 51 -343.587 -344.005 -301.599 -348.551 
0 -356.206 -52 51 -345.258 -342.583 -302.292 -347.907 
0 -357.309 -53 51 -342.629 -343.343 -299.849 -355.807 
0 -370.14 -54 51 -339.214 -344.785 -302.985 -366.652 
0 -373.363 -55 51 -336.679 -345.436 -301.599 -375.127 
0 -373.382 -55 51 -338.35 -344.013 -302.292 -374.483 
0 -360.958 -53 51 -344.198 -343.112 -302.292 -350.732 
0 -360.977 -53 51 -345.87 -341.689 -302.985 -350.087 
0 -362.08 -54 51 -343.241 -342.45 -300.543 -357.988 
0 -362.118 -54 51 -340.49 -342.965 -301.599 -368.305 
-3 -370.68 -55 51 -337.18 -345.401 -302.985 -375.532 
0 -364.187 -53 51 -342.777 -342.855 -302.292 -358.732 
0 -366.89 -55 51 -341.102 -342.071 -302.292 -370.485 
0 -366.766 -54 51 -340.497 -344.437 -301.886 -361.778 
0 -370.833 -54 51 -339.214 -344.785 -302.985 -366.652 
0 -360.584 -54 51 -340.995 -344.148 -300.543 -359.885 
0 -366.646 -56 51 -338.661 -342.817 -304.371 -378.525 
0 -367.17 -54 51 -340.497 -344.437 -301.886 -361.778 
0 -364.881 -53 51 -342.777 -342.855 -302.292 -358.732 
0 -367.459 -54 51 -340.497 -344.437 -301.886 -361.778 
0 -360.155 -53 51 -341.953 -344.81 -302.292 -352.629 
0 -360.174 -53 51 -343.624 -343.387 -302.985 -351.984 
0 -361.277 -54 51 -340.995 -344.148 -300.543 -359.885 
0 -366.78 -55 51 -337.774 -344.984 -299.689 -370.963 
0 -359.995 -55 51 -341.142 -342.545 -304.371 -367.699 
FEATURES_TXT_END_0
FEATURES_TXT_BEGIN_0 65 98 8 Distortion0_0 LM0_0 WordPenalty0_0 PhrasePenalty0_0 TranslationModel0_0 TranslationModel0_1 TranslationModel0_2 TranslationModel0_3 
0 -352.828 -59 53 -360.31 -339.069 -328.398 -410.682 
0 -347.301 -58 53 -362.791 -338.797 -328.398 -399.857 
0 -359.308 -59 53 -359.451 -339.719 -328.398 -411.663 
0 -350.828 -58 53 -362.791 -338.797 -328.398 -399.857 
0 -351.95 -58 53 -362.791 -338.797 -328.398 -399.857 
0 -353.781 -58 53 -361.932 -339.447 -328.398 -400.838 
0 -345.301 -57 53 -365.272 -338.526 -328.398 -389.032 
0 -353.621 -58 53 -362.791 -338.797 -328.398 -399.857 
0 -346.423 -57 53 -365.272 -338.526 -328.398 -389.032 
0 -347.302 -59 53 -362.026 -337.974 -325.956 -405.86 
0 -348.094 -57 53 -365.272 -338.526 -328.398 -389.032 
0 -347.533 -59 53 -362.026 -337.974 -325.956 -405.86 
0 -347.549 -59 53 -362.026 -337.974 -325.956 -405.86 
0 -357.308 -58 53 -361.932 -339.447 -328.398 -400.838 
0 -347.643 -59 53 -362.026 -337.974 -325.956 -405.86 
0 -358.43 -58 53 -361.932 -339.447 -328.398 -400.838 
0 -341.776 -58 53 -364.507 -337.702 -325.956 -395.035 
0 -349.95 -57 53 -365.272 -338.526 -328.398 -389.032 
0 -342.006 -58 53 -364.507 -337.702 -325.956 -395.035 
0 -342.023 -58 53 -364.507 -337.702 -325.956 -395.035 
0 -351.781 -57 53 -364.412 -339.175 -328.398 -390.012 
0 -342.116 -58 53 -364.507 -337.702 -325.956 -395.035 
0 -349.678 -59 53 -362.026 -337.974 -325.956 -405.86 
0 -360.101 -58 53 -361.932 -339.447 -328.398 -400.838 
0 -352.903 -57 53 -364.412 -339.175 -328.398 -390.012 
0 -350.463 -59 53 -360.185 -338.922 -328.398 -410.277 
0 -351.622 -57 53 -365.272 -338.526 -328.398 -389.032 
0 -345.262 -60 53 -362.071 -337.974 -329.091 -405.866 
0 -344.424 -56 53 -367.752 -338.254 -328.398 -378.206 
0 -352.743 -57 53 -365.272 -338.526 -328.398 -389.032 
0 -353.782 -59 53 -361.167 -338.623 -325.956 -406.841 
0 -354.574 -57 53 -364.412 -339.175 -328.398 -390.012 
0 -354.013 -59 53 -361.167 -338.623 -325.956 -406.841 
0 -354.029 -59 53 -361.167 -338.623 -325.956 -406.841 
0 -354.123 -59 53 -361.167 -338.623 -325.956 -406.841 
0 -344.936 -58 53 -362.665 -338.65 -328.398 -399.452 
0 -345.303 -58 53 -364.507 -337.702 -325.956 -395.035 
0 -346.095 -56 53 -367.752 -338.254 -328.398 -378.206 
0 -339.735 -59 53 -364.551 -337.702 -329.091 -395.04 
0 -350.253 -59 53 -361.223 -338.106 -329.497 -409.478 
0 -351.783 -58 53 -363.647 -338.352 -325.956 -396.016 
0 -345.533 -58 53 -364.507 -337.702 -325.956 -395.035 
0 -345.55 -58 53 -364.507 -337.702 -325.956 -395.035 
0 -345.643 -58 53 -364.507 -337.702 -325.956 -395.035 
0 -346.424 -58 53 -364.507 -337.702 -325.956 -395.035 
0 -351.171 -59 53 -361.223 -338.106 -329.497 -409.478 
0 -347.217 -56 53 -367.752 -338.254 -328.398 -378.206 
0 -346.655 -58 53 -364.507 -337.702 -325.956 -395.035 
0 -348.256 -58 53 -363.647 -338.352 -325.956 -396.016 
0 -346.672 -58 53 -364.507 -337.702 -325.956 -395.035 
0 -356.43 -57 53 -364.412 -339.175 -328.398 -390.012 
0 -346.765 -58 53 -364.507 -337.702 -325.956 -395.035 
0 -348.486 -58 53 -363.647 -338.352 -325.956 -396.016 
0 -348.503 -58 53 -363.647 -338.352 -325.956 -396.016 
0 -348.596 -58 53 -363.647 -338.352 -325.956 -396.016 
0 -339.776 -57 53 -366.987 -337.43 -325.956 -384.21 
0 -356.158 -59 53 -361.167 -338.623 -325.956 -406.841 
0 -351.893 -59 53 -360.331 -338.62 -329.091 -410.97 
0 -344.726 -58 53 -363.703 -337.834 -329.497 -398.653 
0 -351.416 -58 53 -361.806 -339.3 -328.398 -400.433 
0 -340.006 -57 53 -366.987 -337.43 -325.956 -384.21 
0 -340.023 -57 53 -366.988 -337.43 -325.956 -384.21 
0 -340.117 -57 53 -366.987 -337.43 -325.956 -384.21 
0 -349.188 -60 53 -362.071 -337.974 -329.091 -405.866 
0 -347.678 -58 53 -364.507 -337.702 -325.956 -395.035 
0 -348.096 -58 53 -364.507 -337.702 -325.956 -395.035 
0 -340.898 -57 53 -366.987 -337.43 -325.956 -384.21 
0 -345.644 -58 53 -363.703 -337.834 -329.497 -398.653 
0 -348.326 -58 53 -364.507 -337.702 -325.956 -395.035 
0 -348.343 -58 53 -364.507 -337.702 -325.956 -395.035 
0 -356.943 -59 53 -359.325 -339.572 -328.398 -411.258 
0 -358.101 -57 53 -364.412 -339.175 -328.398 -390.012 
0 -348.436 -58 53 -364.507 -337.702 -325.956 -395.035 
0 -341.128 -57 53 -366.987 -337.43 -325.956 -384.21 
0 -341.145 -57 53 -366.988 -337.43 -325.956 -384.21 
0 -351.742 -60 53 -361.211 -338.623 -329.091 -406.847 
0 -350.903 -56 53 -366.893 -338.904 -328.398 -379.187 
0 -341.238 -57 53 -366.987 -337.43 -325.956 -384.21 
0 -348.656 -58 53 -364.507 -337.702 -325.956 -395.035 
0 -348.463 -58 53 -362.665 -338.65 -328.398 -399.452 
0 -348.8 -58 53 -364.507 -337.702 -325.956 -395.035 
0 -355.358 -59 53 -359.863 -338.725 -328.398 -412.628 
0 -343.262 -59 53 -364.551 -337.702 -329.091 -395.04 
0 -350.634 -60 53 -362.071 -337.974 -329.091 -405.866 
0 -346.366 -58 53 -362.811 -338.348 -329.091 -400.145 
0 -351.882 -59 53 -361.202 -338.449 -327.705 -407.249 
0 -351.994 -59 53 -361.147 -338.377 -327.299 -407.753 
0 -359.223 -57 53 -364.412 -339.175 -328.398 -390.012 
0 -351.17 -60 53 -362.071 -337.974 -329.091 -405.866 
0 -351.277 -60 53 -362.071 -337.974 -329.091 -405.866 
0 -342.569 -57 53 -366.987 -337.43 -325.956 -384.21 
0 -349.585 -58 53 -362.665 -338.65 -328.398 -399.452 
0 -350.744 -56 53 -367.752 -338.254 -328.398 -378.206 
0 -342.007 -59 53 -363.742 -336.879 -323.513 -401.038 
0 -342.024 -59 53 -363.742 -336.879 -323.513 -401.038 
0 -344.384 -59 53 -364.551 -337.702 -329.091 -395.04 
0 -342.799 -57 53 -366.987 -337.43 -325.956 -384.21 
0 -342.816 -57 53 -366.987 -337.43 -325.956 -384.21 
FEATURES_TXT_END_0
FEATURES_TXT_BEGIN_0 66 97 8 Distortion0_0 LM0_0 WordPenalty0_0 PhrasePenalty0_0 TranslationModel0_0 TranslationModel0_1 TranslationModel0_2 TranslationModel0_3 
0 -184.708 -30 28 -171.359 -176.803 -127.909 -185.442 
0 -181.34 -29 28 -173.84 -176.531 -127.909 -174.616 
0 -182.389 -29 28 -173.84 -176.531 -127.909 -174.616 
0 -184.769 -31 28 -171.279 -176.803 -129.701 -185.447 
0 -179.022 -28 28 -176.32 -176.26 -127.909 -163.791 
0 -182.231 -30 28 -173.76 -176.531 -129.701 -174.622 
0 -182.451 -30 28 -173.76 -176.531 -129.701 -174.622 
0 -179.913 -29 28 -176.24 -176.26 -129.701 -163.796 
0 -183.082 -30 28 -172.251 -176.183 -127.216 -182.008 
0 -184.159 -30 28 -172.251 -176.183 -127.216 -182.008 
0 -185.619 -30 28 -172.251 -176.183 -127.216 -182.008 
0 -179.714 -29 28 -174.731 -175.911 -127.216 -171.183 
0 -180.763 -29 28 -174.731 -175.911 -127.216 -171.183 
0 -180.792 -29 28 -174.731 -175.911 -127.216 -171.183 
-3 -186.029 -30 28 -171.359 -176.803 -127.909 -185.442 
0 -181.841 -29 28 -174.731 -175.911 -127.216 -171.183 
0 -182.251 -29 28 -174.731 -175.911 -127.216 -171.183 
0 -186.847 -30 28 -170.397 -177.035 -129.295 -186.483 
0 -183.3 -29 28 -174.731 -175.911 -127.216 -171.183 
0 -183.143 -31 28 -172.171 -176.183 -129.008 -182.013 
0 -187.765 -30 28 -170.397 -177.035 -129.295 -186.483 
0 -177.396 -28 28 -177.212 -175.639 -127.216 -160.357 
-4 -181.361 -30 28 -171.359 -176.803 -127.909 -185.442 
0 -184.221 -31 28 -172.171 -176.183 -129.008 -182.013 
-3 -182.662 -29 28 -173.84 -176.531 -127.909 -174.616 
0 -178.473 -28 28 -177.212 -175.639 -127.216 -160.357 
0 -185.68 -31 28 -172.171 -176.183 -129.008 -182.013 
-3 -183.711 -29 28 -173.84 -176.531 -127.909 -174.616 
0 -182.525 -30 28 -172.613 -175.449 -127.909 -182.785 
-4 -183.641 -30 28 -171.359 -176.803 -127.909 -185.442 
0 -183.479 -29 28 -172.878 -176.763 -129.295 -175.658 
-4 -183.81 -30 28 -171.359 -176.803 -127.909 -185.442 
0 -179.933 -28 28 -177.212 -175.639 -127.216 -160.357 
-4 -184.562 -30 28 -171.359 -176.803 -127.909 -185.442 
0 -184.397 -29 28 -172.878 -176.763 -129.295 -175.658 
0 -184.528 -29 28 -172.878 -176.763 -129.295 -175.658 
-4 -185.02 -30 28 -171.359 -176.803 -127.909 -185.442 
0 -180.605 -30 28 -174.651 -175.911 -129.008 -171.188 
-4 -177.994 -29 28 -173.84 -176.531 -127.909 -174.616 
0 -180.825 -30 28 -174.651 -175.911 -129.008 -171.188 
-4 -185.429 -30 28 -171.359 -176.803 -127.909 -185.442 
-4 -185.549 -30 28 -171.359 -176.803 -127.909 -185.442 
0 -185.446 -29 28 -172.878 -176.763 -129.295 -175.658 
-4 -185.82 -30 28 -171.359 -176.803 -127.909 -185.442 
0 -184.98 -29 28 -171.022 -177.923 -127.909 -178.172 
0 -183.198 -30 28 -172.435 -175.254 -127.909 -183.884 
-4 -185.883 -30 28 -171.359 -176.803 -127.909 -185.442 
0 -181.682 -30 28 -174.651 -175.911 -129.008 -171.188 
-4 -186.272 -30 28 -171.359 -176.803 -127.909 -185.442 
-3 -186.091 -31 28 -171.279 -176.803 -129.701 -185.447 
-4 -179.043 -29 28 -173.84 -176.531 -127.909 -174.616 
0 -182.76 -30 28 -172.077 -175.61 -127.216 -183.995 
-4 -186.435 -30 28 -171.359 -176.803 -127.909 -185.442 
0 -181.902 -30 28 -174.651 -175.911 -129.008 -171.188 
-4 -186.573 -30 28 -171.359 -176.803 -127.909 -185.442 
-4 -186.625 -30 28 -171.359 -176.803 -127.909 -185.442 
-4 -186.656 -30 28 -171.359 -176.803 -127.909 -185.442 
-4 -186.691 -30 28 -171.359 -176.803 -127.909 -185.442 
-4 -186.741 -30 28 -171.359 -176.803 -127.909 -185.442 
-4 -186.744 -30 28 -171.359 -176.803 -127.909 -185.442 
-4 -186.792 -30 28 -171.359 -176.803 -127.909 -185.442 
-4 -186.924 -30 28 -171.359 -176.803 -127.909 -185.442 
-4 -186.926 -30 28 -171.359 -176.803 -127.909 -185.442 
-4 -187.11 -30 28 -171.359 -176.803 -127.909 -185.442 
-3 -180.343 -28 28 -176.32 -176.26 -127.909 -163.791 
-4 -187.257 -30 28 -171.359 -176.803 -127.909 -185.442 
-4 -182.758 -29 28 -173.84 -176.531 -127.909 -174.616 
0 -179.157 -29 28 -175.094 -175.178 -127.909 -171.96 
-4 -180.169 -29 28 -173.84 -176.531 -127.909 -174.616 
-4 -180.274 -29 28 -173.84 -176.531 -127.909 -174.616 
0 -183.142 -30 28 -174.651 -175.911 -129.008 -171.188 
-4 -187.713 -30 28 -171.359 -176.803 -127.909 -185.442 
-4 -180.442 -29 28 -173.84 -176.531 -127.909 -174.616 
0 -186.908 -31 28 -170.317 -177.035 -131.087 -186.489 
0 -183.362 -30 28 -174.651 -175.911 -129.008 -171.188 
-4 -188.233 -30 28 -171.359 -176.803 -127.909 -185.442 
0 -180.206 -29 28 -175.094 -175.178 -127.909 -171.96 
-4 -181.323 -29 28 -173.84 -176.531 -127.909 -174.616 
0 -187.84 -30 28 -172.852 -175.162 -128.314 -183.171 
0 -187.826 -31 28 -170.317 -177.035 -131.087 -186.489 
0 -181.161 -28 28 -175.359 -176.492 -129.295 -164.832 
-4 -181.491 -29 28 -173.84 -176.531 -127.909 -174.616 
-4 -181.506 -29 28 -173.84 -176.531 -127.909 -174.616 
-4 -188.848 -30 28 -171.359 -176.803 -127.909 -185.442 
-4 -181.634 -29 28 -173.84 -176.531 -127.909 -174.616 
-4 -181.652 -29 28 -173.84 -176.531 -127.909 -174.616 
-4 -181.422 -31 28 -171.279 -176.803 -129.701 -185.447 
-4 -182.062 -29 28 -173.84 -176.531 -127.909 -174.616 
-4 -182.094 -29 28 -173.84 -176.531 -127.909 -174.616 
-4 -182.181 -29 28 -173.84 -176.531 -127.909 -174.616 
-4 -182.243 -29 28 -173.84 -176.531 -127.909 -174.616 
-4 -182.317 -29 28 -173.84 -176.531 -127.909 -174.616 
-4 -182.701 -29 28 -173.84 -176.531 -127.909 -174.616 
0 -182.079 -28 28 -175.359 -176.492 -129.295 -164.832 
-4 -182.452 -29 28 -173.84 -176.531 -127.909 -174.616 
0 -181.613 -28 28 -173.502 -177.651 -127.909 -167.347 
-4 -182.516 -29 28 -173.84 -176.531 -127.909 -174.616 
FEATURES_TXT_END_0
FEATURES_TXT_BEGIN_0 67 99 8 Distortion0_0 LM0_0 WordPenalty0_0 PhrasePenalty0_0 TranslationModel0_0 TranslationModel0_1 TranslationModel0_2 TranslationModel0_3 
0 -369.312 -57 54 -352.804 -368.967 -323.039 -401.272 
0 -364.068 -56 54 -355.285 -368.695 -323.039 -390.447 
0 -367.259 -56 54 -353.283 -369.374 -322.346 -396.381 
0 -370.491 -57 54 -352.92 -369.095 -321.093 -399.404 
0 -362.015 -55 54 -355.764 -369.102 -322.346 -385.556 
0 -369.334 -57 54 -353.094 -369.626 -323.732 -396.387 
0 -365.247 -56 54 -355.4 -368.823 -321.093 -388.578 
0 -368.438 -56 54 -353.398 -369.502 -320.4 -394.513 
0 -364.089 -56 54 -355.574 -369.354 -323.732 -385.561 
0 -368.849 -57 54 -354.669 -367.383 -323.039 -399.375 
0 -363.194 -55 54 -355.879 -369.23 -320.4 -383.687 
0 -366.934 -56 54 -353.317 -369.386 -321.334 -395.257 
0 -370.512 -57 54 -353.209 -369.754 -321.786 -394.518 
0 -367.836 -58 54 -352.774 -369.095 -321.94 -399.409 
0 -370.536 -57 54 -354.669 -367.383 -323.039 -399.375 
0 -368.465 -56 54 -353.042 -369.353 -323.732 -397.241 
0 -363.605 -56 54 -357.149 -367.111 -323.039 -388.55 
0 -361.69 -55 54 -355.798 -369.114 -321.334 -384.432 
0 -365.268 -56 54 -355.69 -369.482 -321.786 -383.693 
0 -362.592 -57 54 -355.255 -368.823 -321.94 -388.584 
0 -366.796 -56 54 -355.147 -367.79 -322.346 -394.484 
0 -370.028 -57 54 -354.784 -367.511 -321.093 -397.507 
0 -365.292 -56 54 -357.149 -367.111 -323.039 -388.55 
0 -368.113 -56 54 -353.433 -369.514 -319.388 -393.389 
0 -365.783 -57 54 -353.253 -369.502 -321.247 -394.518 
0 -363.22 -55 54 -355.523 -369.081 -323.732 -386.416 
0 -368.483 -56 54 -355.147 -367.79 -322.346 -394.484 
0 -361.552 -55 54 -357.628 -367.519 -322.346 -383.659 
0 -371.715 -57 54 -354.784 -367.511 -321.093 -397.507 
0 -369.643 -56 54 -353.157 -369.481 -321.786 -395.373 
0 -368.87 -57 54 -354.958 -368.042 -323.732 -394.489 
0 -364.784 -56 54 -357.265 -367.239 -321.093 -386.681 
0 -362.869 -55 54 -355.913 -369.242 -319.388 -382.563 
0 -360.539 -56 54 -355.733 -369.23 -321.247 -383.693 
0 -367.857 -58 54 -353.063 -369.754 -322.634 -394.523 
0 -367.975 -56 54 -355.263 -367.918 -320.4 -392.616 
0 -363.239 -55 54 -357.628 -367.519 -322.346 -383.659 
0 -363.865 -56 54 -352.61 -369.626 -321.653 -396.381 
0 -370.557 -57 54 -354.958 -368.042 -323.732 -394.489 
0 -366.471 -56 54 -357.265 -367.239 -321.093 -386.681 
0 -364.399 -55 54 -355.638 -369.209 -321.786 -384.547 
0 -363.626 -56 54 -357.439 -367.77 -323.732 -383.664 
0 -370.173 -57 54 -352.678 -368.82 -323.039 -400.867 
0 -369.662 -56 54 -355.263 -367.918 -320.4 -392.616 
0 -362.613 -57 54 -355.544 -369.482 -322.634 -383.698 
0 -362.73 -55 54 -357.743 -367.647 -320.4 -381.79 
0 -358.621 -55 54 -355.091 -369.354 -321.653 -385.556 
0 -366.471 -56 54 -355.182 -367.802 -321.334 -393.36 
0 -359.479 -56 54 -356.122 -368.003 -321.941 -387.518 
0 -370.049 -57 54 -355.073 -368.17 -321.786 -392.621 
0 -365.313 -56 54 -357.439 -367.77 -323.732 -383.664 
0 -367.373 -58 54 -354.638 -367.511 -321.94 -397.512 
0 -365.458 -57 54 -353.287 -369.514 -320.236 -393.394 
0 -364.929 -56 54 -355.159 -368.548 -323.039 -390.042 
0 -371.843 -57 54 -352.357 -368.622 -323.039 -403.218 
0 -370.073 -57 54 -356.533 -365.799 -323.039 -397.478 
0 -364.418 -55 54 -357.743 -367.647 -320.4 -381.79 
0 -365.044 -56 54 -352.726 -369.754 -319.707 -394.513 
0 -368.001 -56 54 -354.906 -367.769 -323.732 -395.344 
0 -368.158 -56 54 -355.182 -367.802 -321.334 -393.36 
0 -371.736 -57 54 -355.073 -368.17 -321.786 -392.621 
0 -368.672 -57 54 -353.641 -368.275 -321.941 -398.343 
0 -368.713 -57 54 -353.641 -368.275 -321.941 -398.343 
0 -368.713 -57 54 -353.641 -368.275 -321.94 -398.343 
0 -368.12 -56 54 -353.157 -369.227 -322.346 -395.976 
0 -361.227 -55 54 -357.662 -367.53 -321.334 -382.535 
0 -369.06 -58 54 -354.638 -367.511 -321.94 -397.512 
0 -364.805 -56 54 -357.554 -367.898 -321.786 -381.796 
0 -366.988 -57 54 -353.012 -369.481 -322.634 -395.378 
0 -371.352 -57 54 -352.794 -368.948 -321.093 -398.999 
0 -362.129 -57 54 -357.119 -367.239 -321.94 -386.687 
0 -360.214 -56 54 -355.768 -369.242 -320.236 -382.569 
0 -357.425 -55 54 -356.6 -368.41 -321.247 -382.626 
0 -366.599 -56 54 -354.838 -368.351 -323.039 -392.392 
0 -369.688 -56 54 -354.906 -367.769 -323.732 -395.344 
0 -364.829 -56 54 -359.013 -365.527 -323.039 -386.653 
0 -359.8 -55 54 -355.206 -369.482 -319.707 -383.687 
0 -367.65 -56 54 -355.297 -367.93 -319.388 -391.492 
0 -365.32 -57 54 -355.117 -367.918 -321.247 -392.621 
0 -360.657 -56 54 -356.237 -368.131 -319.995 -385.649 
0 -362.757 -55 54 -357.387 -367.497 -323.732 -384.519 
0 -362.914 -55 54 -357.662 -367.53 -321.334 -382.535 
0 -366.492 -56 54 -357.554 -367.898 -321.786 -381.796 
0 -363.469 -56 54 -356.122 -368.003 -321.941 -387.518 
0 -363.469 -56 54 -356.122 -368.003 -321.94 -387.518 
0 -362.875 -55 54 -355.638 -368.955 -322.346 -385.15 
0 -369.789 -56 54 -352.836 -369.03 -322.346 -398.327 
0 -363.816 -57 54 -357.119 -367.239 -321.94 -386.687 
0 -368.02 -56 54 -357.012 -366.206 -322.346 -392.587 
0 -370.194 -57 54 -352.968 -369.479 -323.732 -395.981 
0 -361.744 -56 54 -355.493 -369.209 -322.634 -384.553 
0 -366.107 -56 54 -355.274 -368.676 -321.093 -388.173 
0 -373.022 -57 54 -352.473 -368.75 -321.093 -401.349 
0 -371.252 -57 54 -356.648 -365.927 -321.093 -395.61 
0 -366.618 -56 54 -354.12 -368.682 -321.247 -393.452 
0 -366.66 -56 54 -354.12 -368.682 -321.247 -393.452 
0 -369.337 -56 54 -355.297 -367.93 -319.388 -391.492 
-3 -368.853 -57 54 -352.804 -368.967 -323.039 -401.272 
0 -369.18 -56 54 -355.022 -367.897 -321.786 -393.476 
FEATURES_TXT_END_0
FEATURES_TXT_BEGIN_0 68 98 8 Distortion0_0 LM0_0 WordPenalty0_0 PhrasePenalty0_0 TranslationModel0_0 TranslationModel0_1 TranslationModel0_2 TranslationModel0_3 
0 -181.39 -28 27 -178.684 -175.367 -171.654 -202.715 
0 -180.097 -27 27 -181.164 -175.095 -171.654 -191.89 
0 -181.526 -28 27 -178.634 -175.141 -171.654 -203.234 
0 -181.982 -28 27 -178.634 -175.141 -171.654 -203.234 
0 -182.067 -28 27 -178.634 -175.141 -171.654 -203.234 
0 -180.233 -27 27 -181.115 -174.869 -171.654 -192.408 
0 -180.689 -27 27 -181.115 -174.869 -171.654 -192.408 
0 -180.774 -27 27 -181.115 -174.869 -171.654 -192.408 
0 -182.118 -28 27 -178.584 -174.915 -171.654 -203.753 
0 -182.203 -28 27 -178.584 -174.915 -171.654 -203.753 
0 -182.659 -28 27 -178.584 -174.915 -171.654 -203.753 
0 -181.703 -28 27 -178.558 -175.22 -171.654 -202.31 
0 -180.349 -28 27 -179.596 -174.404 -172.753 -201.511 
-3 -178.469 -28 27 -178.684 -175.367 -171.654 -202.715 
0 -180.825 -27 27 -181.065 -174.643 -171.654 -192.927 
0 -180.91 -27 27 -181.065 -174.643 -171.654 -192.927 
0 -181.366 -27 27 -181.065 -174.643 -171.654 -192.927 
0 -180.41 -27 27 -181.038 -174.948 -171.654 -191.484 
0 -179.056 -27 27 -182.077 -174.132 -172.753 -190.686 
0 -182.795 -28 27 -178.535 -174.689 -171.654 -204.271 
0 -181.839 -28 27 -178.508 -174.994 -171.654 -202.828 
0 -182.296 -28 27 -178.508 -174.994 -171.654 -202.828 
0 -182.38 -28 27 -178.508 -174.994 -171.654 -202.828 
0 -180.485 -28 27 -179.546 -174.178 -172.753 -202.03 
0 -180.941 -28 27 -179.546 -174.178 -172.753 -202.03 
0 -181.026 -28 27 -179.546 -174.178 -172.753 -202.03 
-3 -177.176 -27 27 -181.164 -175.095 -171.654 -191.89 
-4 -177.544 -28 27 -178.684 -175.367 -171.654 -202.715 
-3 -178.605 -28 27 -178.634 -175.141 -171.654 -203.234 
-3 -179.061 -28 27 -178.634 -175.141 -171.654 -203.234 
-3 -179.146 -28 27 -178.634 -175.141 -171.654 -203.234 
-4 -179.427 -28 27 -178.684 -175.367 -171.654 -202.715 
-4 -179.435 -28 27 -178.684 -175.367 -171.654 -202.715 
-4 -179.643 -28 27 -178.684 -175.367 -171.654 -202.715 
0 -181.502 -27 27 -181.016 -174.417 -171.654 -193.446 
0 -180.546 -27 27 -180.989 -174.722 -171.654 -192.003 
0 -183.35 -28 27 -177.622 -175.501 -172.347 -204.101 
-4 -180.169 -28 27 -178.684 -175.367 -171.654 -202.715 
0 -181.003 -27 27 -180.989 -174.722 -171.654 -192.003 
0 -181.087 -27 27 -180.989 -174.722 -171.654 -192.003 
0 -179.192 -27 27 -182.027 -173.906 -172.753 -191.204 
-4 -180.797 -28 27 -178.684 -175.367 -171.654 -202.715 
-4 -180.817 -28 27 -178.684 -175.367 -171.654 -202.715 
-4 -180.894 -28 27 -178.684 -175.367 -171.654 -202.715 
-4 -181.013 -28 27 -178.684 -175.367 -171.654 -202.715 
-4 -181.083 -28 27 -178.684 -175.367 -171.654 -202.715 
-4 -180.084 -27 27 -181.164 -175.095 -171.654 -191.89 
-4 -181.107 -28 27 -178.684 -175.367 -171.654 -202.715 
0 -179.649 -27 27 -182.027 -173.906 -172.753 -191.204 
0 -179.733 -27 27 -182.027 -173.906 -172.753 -191.204 
-4 -181.33 -28 27 -178.684 -175.367 -171.654 -202.715 
-4 -181.377 -28 27 -178.684 -175.367 -171.654 -202.715 
-4 -181.444 -28 27 -178.684 -175.367 -171.654 -202.715 
0 -182.432 -28 27 -178.459 -174.768 -171.654 -203.347 
0 -182.516 -28 27 -178.459 -174.768 -171.654 -203.347 
-4 -182.064 -28 27 -178.684 -175.367 -171.654 -202.715 
0 -182.972 -28 27 -178.459 -174.768 -171.654 -203.347 
-4 -182.395 -28 27 -178.684 -175.367 -171.654 -202.715 
-4 -182.405 -28 27 -178.684 -175.367 -171.654 -202.715 
-4 -182.642 -28 27 -178.684 -175.367 -171.654 -202.715 
0 -181.077 -28 27 -179.497 -173.952 -172.753 -202.549 
0 -181.162 -28 27 -179.497 -173.952 -172.753 -202.549 
-4 -182.968 -28 27 -178.684 -175.367 -171.654 -202.715 
-4 -183.16 -28 27 -178.684 -175.367 -171.654 -202.715 
-4 -183.225 -28 27 -178.684 -175.367 -171.654 -202.715 
0 -181.618 -28 27 -179.497 -173.952 -172.753 -202.549 
-4 -183.291 -28 27 -178.684 -175.367 -171.654 -202.715 
0 -180.662 -28 27 -179.47 -174.257 -172.753 -201.106 
-4 -176.251 -27 27 -181.164 -175.095 -171.654 -191.89 
-4 -183.873 -28 27 -178.684 -175.367 -171.654 -202.715 
-4 -184.199 -28 27 -178.684 -175.367 -171.654 -202.715 
-3 -177.312 -27 27 -181.115 -174.869 -171.654 -192.408 
0 -183.522 -27 27 -178.346 -176.487 -171.654 -195.445 
-3 -177.768 -27 27 -181.115 -174.869 -171.654 -192.408 
-3 -177.853 -27 27 -181.115 -174.869 -171.654 -192.408 
-4 -177.68 -28 27 -178.634 -175.141 -171.654 -203.234 
-4 -178.134 -27 27 -181.164 -175.095 -171.654 -191.89 
-4 -178.136 -28 27 -178.634 -175.141 -171.654 -203.234 
-4 -178.22 -28 27 -178.634 -175.141 -171.654 -203.234 
-4 -178.301 -27 27 -181.164 -175.095 -171.654 -191.89 
-4 -178.35 -27 27 -181.164 -175.095 -171.654 -191.89 
-3 -179.197 -28 27 -178.584 -174.915 -171.654 -203.753 
-4 -178.813 -28 27 -178.634 -175.141 -171.654 -203.234 
0 -182.057 -27 27 -180.103 -175.229 -172.347 -193.276 
-4 -178.876 -27 27 -181.164 -175.095 -171.654 -191.89 
-3 -179.282 -28 27 -178.584 -174.915 -171.654 -203.753 
-3 -179.738 -28 27 -178.584 -174.915 -171.654 -203.753 
-3 -178.782 -28 27 -178.558 -175.22 -171.654 -202.31 
-4 -179.504 -27 27 -181.164 -175.095 -171.654 -191.89 
-4 -179.524 -27 27 -181.164 -175.095 -171.654 -191.89 
-4 -179.563 -28 27 -178.634 -175.141 -171.654 -203.234 
-4 -179.72 -27 27 -181.164 -175.095 -171.654 -191.89 
0 -183.932 -28 27 -175.157 -177.18 -171.654 -206.453 
-4 -179.79 -27 27 -181.164 -175.095 -171.654 -191.89 
-4 -180.027 -28 27 -178.634 -175.141 -171.654 -203.234 
-4 -179.779 -28 27 -178.634 -175.141 -171.654 -203.234 
-4 -180.037 -27 27 -181.164 -175.095 -171.654 -191.89 
-4 -180.019 -28 27 -178.634 -175.141 -171.654 -203.234 
FEATURES_TXT_END_0
FEATURES_TXT_BEGIN_0 69 100 8 Distortion0_0 LM0_0 WordPenalty0_0 PhrasePenalty0_0 TranslationModel0_0 TranslationModel0_1 TranslationModel0_2 TranslationModel0_3 
0 -310.61 -53 45 -291.174 -274.435 -269.711 -323.175 
0 -304.226 -52 45 -293.654 -274.163 -269.711 -312.349 
0 -310.97 -53 45 -291.289 -274.563 -267.765 -321.306 
0 -308.557 -52 45 -291.652 -274.842 -269.017 -318.283 
0 -311.236 -53 45 -291.455 -274.303 -269.017 -322.076 
0 -306.753 -52 45 -293.654 -274.163 -269.711 -312.349 
0 -304.585 -52 45 -293.77 -274.291 -267.765 -310.481 
0 -302.172 -51 45 -294.133 -274.571 -269.017 -307.458 
0 -304.851 -52 45 -293.936 -274.031 -269.017 -311.251 
0 -300.368 -51 45 -296.135 -273.892 -269.711 -301.524 
0 -309.654 -53 45 -291.463 -275.094 -270.404 -318.289 
0 -303.269 -52 45 -293.944 -274.822 -270.404 -307.463 
0 -308.916 -52 45 -291.768 -274.97 -267.072 -316.415 
0 -311.595 -53 45 -291.57 -274.431 -267.072 -320.208 
0 -307.112 -52 45 -293.77 -274.291 -267.765 -310.481 
0 -309.183 -52 45 -291.934 -274.71 -268.324 -317.185 
0 -304.699 -51 45 -294.133 -274.571 -269.017 -307.458 
0 -307.379 -52 45 -293.936 -274.031 -269.017 -311.251 
0 -302.531 -51 45 -294.248 -274.699 -267.072 -305.589 
0 -305.211 -52 45 -294.051 -274.159 -267.072 -309.382 
0 -300.727 -51 45 -296.25 -274.02 -267.765 -299.655 
0 -302.798 -51 45 -294.414 -274.439 -268.324 -306.359 
0 -310.013 -53 45 -291.578 -275.222 -268.458 -316.42 
0 -298.315 -50 45 -296.614 -274.299 -269.017 -296.632 
0 -300.994 -51 45 -296.416 -273.76 -269.017 -300.425 
0 -310.28 -53 45 -291.744 -274.962 -269.711 -317.19 
0 -311.202 -53 45 -291.124 -274.209 -269.711 -323.693 
0 -305.797 -52 45 -293.944 -274.822 -270.404 -307.463 
0 -311.396 -53 45 -291.124 -274.209 -269.711 -323.693 
0 -303.629 -52 45 -294.059 -274.95 -268.458 -305.595 
0 -308.136 -54 45 -291.144 -274.563 -268.612 -321.312 
0 -311.98 -52 45 -293.654 -274.163 -269.711 -312.349 
0 -303.895 -52 45 -294.225 -274.69 -269.711 -306.365 
0 -304.818 -52 45 -293.605 -273.937 -269.711 -312.868 
0 -299.412 -51 45 -296.424 -274.55 -270.404 -296.638 
0 -308.297 -52 45 -291.687 -274.854 -268.006 -317.159 
0 -309.542 -52 45 -292.049 -274.838 -266.378 -315.316 
0 -305.011 -52 45 -293.605 -273.937 -269.711 -312.868 
0 -305.059 -51 45 -294.248 -274.699 -267.072 -305.589 
0 -301.751 -53 45 -293.624 -274.291 -268.612 -310.486 
0 -307.738 -52 45 -294.051 -274.159 -267.072 -309.382 
0 -305.595 -51 45 -296.135 -273.892 -269.711 -301.524 
0 -305.325 -51 45 -294.414 -274.439 -268.324 -306.359 
0 -301.912 -51 45 -294.167 -274.582 -268.006 -306.334 
0 -303.157 -51 45 -294.53 -274.566 -266.378 -304.491 
0 -298.674 -50 45 -296.729 -274.427 -267.072 -294.764 
0 -301.353 -51 45 -296.532 -273.888 -267.072 -298.557 
0 -310.639 -53 45 -291.86 -275.09 -267.765 -315.322 
0 -309.827 -52 45 -291.411 -274.821 -270.404 -319.144 
0 -311.562 -53 45 -291.239 -274.337 -267.765 -321.825 
0 -298.941 -50 45 -296.895 -274.167 -268.324 -295.534 
0 -306.156 -52 45 -294.059 -274.95 -268.458 -305.595 
0 -311.755 -53 45 -291.239 -274.337 -267.765 -321.825 
0 -309.149 -52 45 -291.603 -274.616 -269.017 -318.802 
0 -311.828 -53 45 -291.406 -274.077 -269.017 -322.595 
0 -309.342 -52 45 -291.603 -274.616 -269.017 -318.802 
0 -306.423 -52 45 -294.225 -274.69 -269.711 -306.365 
0 -312.021 -53 45 -291.406 -274.077 -269.017 -322.595 
0 -307.345 -52 45 -293.605 -273.937 -269.711 -312.868 
0 -312.339 -52 45 -293.77 -274.291 -267.765 -310.481 
0 -304.254 -52 45 -294.34 -274.818 -267.765 -304.496 
0 -306.083 -53 45 -291.622 -274.97 -267.919 -316.42 
0 -307.538 -52 45 -293.605 -273.937 -269.711 -312.868 
0 -303.442 -51 45 -293.892 -274.549 -270.404 -308.318 
0 -305.177 -52 45 -293.72 -274.065 -267.765 -310.999 
0 -308.762 -54 45 -291.425 -274.431 -267.919 -320.213 
0 -309.926 -51 45 -294.133 -274.571 -269.017 -307.458 
0 -299.771 -51 45 -296.54 -274.678 -268.458 -294.769 
0 -308.656 -52 45 -291.802 -274.982 -266.06 -315.291 
0 -305.37 -52 45 -293.72 -274.065 -267.765 -310.999 
0 -314.438 -53 45 -288.761 -275.9 -270.404 -326.471 
0 -312.605 -52 45 -293.936 -274.031 -269.017 -311.251 
0 -302.764 -51 45 -294.084 -274.345 -269.017 -307.977 
0 -304.279 -53 45 -293.624 -274.291 -268.612 -310.486 
0 -305.443 -52 45 -293.886 -273.805 -269.017 -311.769 
0 -302.957 -51 45 -294.084 -274.345 -269.017 -307.977 
0 -308.122 -51 45 -296.135 -273.892 -269.711 -301.524 
0 -300.038 -51 45 -296.706 -274.418 -269.711 -295.539 
0 -308.923 -52 45 -291.968 -274.722 -267.313 -316.061 
0 -305.637 -52 45 -293.886 -273.805 -269.017 -311.769 
0 -300.96 -51 45 -296.085 -273.666 -269.711 -302.042 
0 -305.954 -51 45 -296.25 -274.02 -267.765 -299.655 
0 -304.439 -51 45 -294.167 -274.582 -268.006 -306.334 
0 -299.698 -52 45 -294.103 -274.699 -267.919 -305.595 
0 -305.685 -51 45 -294.53 -274.566 -266.378 -304.491 
0 -301.153 -51 45 -296.085 -273.666 -269.711 -302.042 
0 -310.246 -53 45 -291.413 -274.868 -270.404 -318.808 
0 -302.377 -53 45 -293.906 -274.159 -267.919 -309.388 
0 -303.541 -50 45 -296.614 -274.299 -269.017 -296.632 
0 -302.271 -51 45 -294.283 -274.71 -266.06 -304.466 
0 -310.439 -53 45 -291.413 -274.868 -270.404 -318.808 
0 -308.054 -52 45 -291.242 -275.628 -270.404 -315.645 
0 -306.221 -51 45 -296.416 -273.76 -269.017 -300.425 
0 -297.894 -52 45 -296.105 -274.02 -268.612 -299.661 
0 -301.737 -50 45 -298.616 -273.62 -269.711 -290.698 
0 -307.18 -54 45 -291.433 -275.222 -269.305 -316.426 
0 -302.538 -51 45 -294.449 -274.45 -267.313 -305.235 
0 -311.023 -52 45 -293.944 -274.822 -270.404 -307.463 
0 -310.186 -52 45 -291.527 -274.949 -268.458 -317.275 
0 -298.055 -50 45 -296.648 -274.31 -268.006 -295.509 
FEATURES_TXT_END_0
FEATURES_TXT_BEGIN_0 70 100 8 Distortion0_0 LM0_0 WordPenalty0_0 PhrasePenalty0_0 TranslationModel0_0 TranslationModel0_1 TranslationModel0_2 TranslationModel0_3 
0 -337.438 -50 45 -268.676 -272.256 -237.006 -308.944 
0 -332.654 -49 45 -271.157 -271.985 -237.006 -298.119 
0 -339.64 -50 45 -267.577 -272.747 -238.615 -311.94 
0 -333.58 -49 45 -271.157 -271.985 -237.006 -298.119 
0 -336.926 -51 45 -268.676 -272.256 -238.615 -308.95 
0 -334.857 -49 45 -270.058 -272.476 -238.615 -301.115 
0 -328.797 -48 45 -273.637 -271.713 -237.006 -287.293 
0 -332.142 -50 45 -271.157 -271.985 -238.615 -298.124 
0 -335.783 -49 45 -270.058 -272.476 -238.615 -301.115 
0 -333.068 -50 45 -271.157 -271.985 -238.615 -298.124 
0 -338.688 -50 45 -268.626 -272.03 -237.006 -309.463 
0 -330.999 -48 45 -272.539 -272.204 -238.615 -290.289 
0 -337.762 -50 45 -270.54 -270.672 -237.006 -307.047 
0 -328.285 -49 45 -273.637 -271.713 -238.615 -287.299 
0 -333.904 -49 45 -271.107 -271.759 -237.006 -298.638 
0 -340.89 -50 45 -267.528 -272.521 -238.615 -312.459 
0 -332.979 -49 45 -273.021 -270.401 -237.006 -296.222 
0 -334.83 -49 45 -271.107 -271.759 -237.006 -298.638 
0 -339.965 -50 45 -269.442 -271.164 -238.615 -310.043 
0 -338.176 -51 45 -268.626 -272.03 -238.615 -309.468 
0 -333.905 -49 45 -273.021 -270.401 -237.006 -296.222 
0 -337.25 -51 45 -270.54 -270.672 -238.615 -307.052 
0 -336.106 -49 45 -270.008 -272.25 -238.615 -301.633 
0 -330.047 -48 45 -273.588 -271.487 -237.006 -287.812 
0 -335.181 -49 45 -271.922 -270.892 -238.615 -299.217 
0 -333.392 -50 45 -271.107 -271.759 -238.615 -298.643 
0 -337.033 -49 45 -270.008 -272.25 -238.615 -301.633 
0 -329.121 -48 45 -275.502 -270.129 -237.006 -285.396 
0 -332.466 -50 45 -273.021 -270.401 -238.615 -296.227 
0 -336.107 -49 45 -271.922 -270.892 -238.615 -299.217 
0 -334.318 -50 45 -271.107 -271.759 -238.615 -298.643 
0 -333.393 -50 45 -273.021 -270.401 -238.615 -296.227 
0 -332.249 -48 45 -272.489 -271.978 -238.615 -290.808 
0 -339.012 -50 45 -270.491 -270.446 -237.006 -307.566 
0 -331.323 -48 45 -274.403 -270.62 -238.615 -288.392 
0 -329.535 -49 45 -273.588 -271.487 -238.615 -287.818 
0 -339.791 -50 45 -268.229 -271.912 -237.006 -310.89 
0 -328.609 -49 45 -275.502 -270.129 -238.615 -285.402 
0 -334.228 -49 45 -272.971 -270.175 -237.006 -296.74 
0 -341.215 -50 45 -269.392 -270.938 -238.615 -310.562 
0 -335.007 -49 45 -270.71 -271.64 -237.006 -300.064 
0 -341.993 -50 45 -267.13 -272.403 -238.615 -313.885 
0 -335.155 -49 45 -272.971 -270.175 -237.006 -296.74 
0 -338.5 -51 45 -270.491 -270.446 -238.615 -307.571 
0 -339.109 -50 45 -269.513 -271.564 -235.907 -306.015 
0 -335.934 -49 45 -270.71 -271.64 -237.006 -300.064 
0 -339.279 -51 45 -268.229 -271.912 -238.615 -310.895 
0 -336.431 -49 45 -271.873 -270.666 -238.615 -299.736 
0 -330.818 -50 45 -268.676 -272.455 -237.006 -304.775 
-4 -330.174 -50 45 -268.676 -272.256 -237.006 -308.944 
0 -337.21 -49 45 -269.611 -272.131 -238.615 -303.06 
-4 -330.379 -50 45 -268.676 -272.256 -237.006 -308.944 
0 -330.371 -48 45 -275.452 -269.903 -237.006 -285.915 
0 -333.716 -50 45 -272.971 -270.175 -238.615 -296.746 
0 -337.357 -49 45 -271.873 -270.666 -238.615 -299.736 
0 -334.325 -49 45 -271.993 -271.292 -235.907 -295.19 
0 -341.311 -50 45 -268.414 -272.055 -237.517 -309.011 
0 -331.15 -48 45 -273.19 -271.368 -237.006 -289.239 
-3 -338.751 -50 45 -268.676 -272.256 -237.006 -308.944 
0 -334.495 -50 45 -270.71 -271.64 -238.615 -300.07 
0 -338.136 -49 45 -269.611 -272.131 -238.615 -303.06 
0 -334.643 -50 45 -272.971 -270.175 -238.615 -296.746 
0 -335.251 -49 45 -271.993 -271.292 -235.907 -295.19 
-4 -331.765 -50 45 -268.676 -272.256 -237.006 -308.944 
0 -338.597 -51 45 -269.513 -271.564 -237.517 -306.02 
0 -335.422 -50 45 -270.71 -271.64 -238.615 -300.07 
0 -326.034 -49 45 -271.157 -272.183 -237.006 -293.95 
0 -333.899 -49 45 -268.676 -272.455 -237.006 -304.77 
0 -333.02 -50 45 -267.577 -272.946 -238.615 -307.771 
-4 -325.391 -49 45 -271.157 -271.985 -237.006 -298.119 
-4 -332.377 -50 45 -267.577 -272.747 -238.615 -311.94 
-4 -325.596 -49 45 -271.157 -271.985 -237.006 -298.119 
-4 -332.582 -50 45 -267.577 -272.747 -238.615 -311.94 
0 -332.573 -48 45 -274.353 -270.394 -238.615 -288.911 
0 -326.96 -49 45 -271.157 -272.183 -237.006 -293.95 
0 -336.528 -49 45 -270.895 -271.784 -237.517 -298.185 
-3 -333.967 -49 45 -271.157 -271.985 -237.006 -298.119 
0 -330.306 -51 45 -268.676 -272.455 -238.615 -304.781 
0 -341.041 -50 45 -268.18 -271.686 -237.006 -311.408 
-4 -326.317 -49 45 -271.157 -271.985 -237.006 -298.119 
0 -333.352 -48 45 -272.092 -271.86 -238.615 -292.234 
-3 -340.953 -50 45 -267.577 -272.747 -238.615 -311.94 
-4 -329.662 -51 45 -268.676 -272.256 -238.615 -308.95 
-4 -326.522 -49 45 -271.157 -271.985 -237.006 -298.119 
-4 -329.867 -51 45 -268.676 -272.256 -238.615 -308.95 
0 -329.859 -49 45 -275.452 -269.903 -238.615 -285.92 
0 -330.468 -48 45 -274.474 -271.021 -235.907 -284.364 
-4 -334.276 -50 45 -268.676 -272.256 -237.006 -308.944 
-4 -334.31 -50 45 -268.676 -272.256 -237.006 -308.944 
0 -340.115 -50 45 -270.093 -270.328 -237.006 -308.992 
0 -333.813 -50 45 -271.993 -271.292 -237.517 -295.195 
0 -337.454 -49 45 -270.895 -271.784 -237.517 -298.185 
-4 -334.418 -50 45 -268.676 -272.256 -237.006 -308.944 
-3 -334.894 -49 45 -271.157 -271.985 -237.006 -298.119 
-4 -333.967 -50 45 -267.577 -272.747 -238.615 -311.94 
0 -330.638 -49 45 -273.19 -271.368 -238.615 -289.244 
-3 -338.239 -51 45 -268.676 -272.256 -238.615 -308.95 
-4 -334.913 -50 45 -268.676 -272.256 -237.006 -308.944 
0 -334.112 -49 45 -268.339 -273.376 -237.006 -301.674 
-4 -335.028 -50 45 -268.676 -272.256 -237.006 -308.944 
FEATURES_TXT_END_0
FEATURES_TXT_BEGIN_0 71 100 8 Distortion0_0 LM0_0 WordPenalty0_0 PhrasePenalty0_0 TranslationModel0_0 TranslationModel0_1 TranslationModel0_2 TranslationModel0_3 
0 -178.536 -31 29 -205.623 -205.184 -170.505 -206.783 
0 -186.416 -32 29 -203.142 -205.456 -170.505 -217.608 
0 -173.29 -30 29 -208.103 -204.913 -170.505 -195.957 
0 -181.17 -31 29 -205.623 -205.184 -170.505 -206.783 
0 -178.387 -31 29 -207.487 -203.6 -170.505 -204.886 
0 -186.266 -32 29 -205.006 -203.872 -170.505 -215.711 
0 -173.141 -30 29 -209.968 -203.329 -170.505 -194.06 
0 -181.02 -31 29 -207.487 -203.6 -170.505 -204.886 
0 -180.903 -31 29 -205.176 -204.84 -170.505 -208.728 
0 -188.783 -32 29 -202.695 -205.112 -170.505 -219.554 
0 -176.431 -31 29 -204.742 -205.289 -170.505 -207.881 
0 -175.657 -30 29 -207.657 -204.568 -170.505 -197.903 
0 -184.311 -32 29 -202.262 -205.56 -170.505 -218.707 
0 -183.537 -31 29 -205.176 -204.84 -170.505 -208.728 
0 -171.185 -30 29 -207.223 -205.017 -170.505 -197.056 
0 -179.065 -31 29 -204.742 -205.289 -170.505 -207.881 
-3 -179.714 -31 29 -205.623 -205.184 -170.505 -206.783 
-3 -187.594 -32 29 -203.142 -205.456 -170.505 -217.608 
-3 -174.468 -30 29 -208.103 -204.913 -170.505 -195.957 
-3 -182.348 -31 29 -205.623 -205.184 -170.505 -206.783 
-4 -174.736 -31 29 -205.623 -205.184 -170.505 -206.783 
0 -174.028 -30 29 -205.285 -206.304 -170.505 -199.513 
-4 -175.028 -31 29 -205.623 -205.184 -170.505 -206.783 
0 -180.754 -31 29 -207.04 -203.256 -170.505 -206.831 
-4 -182.616 -32 29 -203.142 -205.456 -170.505 -217.608 
0 -181.908 -31 29 -202.805 -206.576 -170.505 -210.339 
-4 -182.908 -32 29 -203.142 -205.456 -170.505 -217.608 
0 -188.634 -32 29 -204.56 -203.528 -170.505 -217.657 
-4 -175.764 -31 29 -205.623 -205.184 -170.505 -206.783 
0 -182.702 -31 29 -202.805 -206.576 -170.505 -210.339 
-4 -183.75 -32 29 -203.142 -205.456 -170.505 -217.608 
-4 -183.823 -32 29 -203.142 -205.456 -170.505 -217.608 
-4 -176.754 -31 29 -205.623 -205.184 -170.505 -206.783 
-4 -184.15 -32 29 -203.142 -205.456 -170.505 -217.608 
-4 -176.878 -31 29 -205.623 -205.184 -170.505 -206.783 
0 -179.22 -31 29 -204.091 -205.592 -170.505 -208.728 
0 -176.377 -31 29 -206.606 -203.705 -170.505 -205.984 
-4 -169.782 -30 29 -208.103 -204.913 -170.505 -195.957 
0 -175.508 -30 29 -209.521 -202.984 -170.505 -196.006 
-4 -184.634 -32 29 -203.142 -205.456 -170.505 -217.608 
-4 -184.758 -32 29 -203.142 -205.456 -170.505 -217.608 
0 -187.1 -32 29 -201.611 -205.864 -170.505 -219.554 
0 -184.256 -32 29 -204.126 -203.977 -170.505 -216.81 
-4 -177.662 -31 29 -205.623 -205.184 -170.505 -206.783 
0 -183.388 -31 29 -207.04 -203.256 -170.505 -206.831 
-4 -170.518 -30 29 -208.103 -204.913 -170.505 -195.957 
-4 -177.916 -31 29 -205.623 -205.184 -170.505 -206.783 
-4 -177.974 -31 29 -205.623 -205.184 -170.505 -206.783 
-4 -178.184 -31 29 -205.623 -205.184 -170.505 -206.783 
-4 -178.205 -31 29 -205.623 -205.184 -170.505 -206.783 
0 -177.456 -30 29 -205.285 -206.304 -170.505 -199.513 
-4 -178.372 -31 29 -205.623 -205.184 -170.505 -206.783 
-4 -185.796 -32 29 -203.142 -205.456 -170.505 -217.608 
-4 -178.504 -31 29 -205.623 -205.184 -170.505 -206.783 
-4 -185.854 -32 29 -203.142 -205.456 -170.505 -217.608 
-4 -178.577 -31 29 -205.623 -205.184 -170.505 -206.783 
-4 -186.064 -32 29 -203.142 -205.456 -170.505 -217.608 
-4 -186.084 -32 29 -203.142 -205.456 -170.505 -217.608 
-4 -171.508 -30 29 -208.103 -204.913 -170.505 -195.957 
-4 -178.904 -31 29 -205.623 -205.184 -170.505 -206.783 
-4 -186.252 -32 29 -203.142 -205.456 -170.505 -217.608 
-4 -186.349 -32 29 -203.142 -205.456 -170.505 -217.608 
0 -173.974 -30 29 -206.572 -205.321 -170.505 -197.903 
-4 -179.065 -31 29 -205.623 -205.184 -170.505 -206.783 
0 -171.131 -30 29 -209.087 -203.433 -170.505 -195.159 
-4 -179.177 -31 29 -205.623 -205.184 -170.505 -206.783 
-4 -170.141 -31 29 -207.487 -203.6 -170.505 -204.886 
-4 -172.046 -30 29 -208.103 -204.913 -170.505 -195.957 
-4 -179.388 -31 29 -205.623 -205.184 -170.505 -206.783 
-4 -179.457 -31 29 -205.623 -205.184 -170.505 -206.783 
-4 -172.229 -30 29 -208.103 -204.913 -170.505 -195.957 
0 -181.854 -31 29 -204.091 -205.592 -170.505 -208.728 
-4 -186.944 -32 29 -203.142 -205.456 -170.505 -217.608 
0 -179.01 -31 29 -206.606 -203.705 -170.505 -205.984 
-4 -187.057 -32 29 -203.142 -205.456 -170.505 -217.608 
-4 -179.783 -31 29 -205.623 -205.184 -170.505 -206.783 
-4 -178.021 -32 29 -205.006 -203.872 -170.505 -215.711 
-4 -179.878 -31 29 -205.623 -205.184 -170.505 -206.783 
-4 -179.926 -31 29 -205.623 -205.184 -170.505 -206.783 
-4 -172.67 -30 29 -208.103 -204.913 -170.505 -195.957 
-4 -187.336 -32 29 -203.142 -205.456 -170.505 -217.608 
-4 -180.044 -31 29 -205.623 -205.184 -170.505 -206.783 
-4 -180.109 -31 29 -205.623 -205.184 -170.505 -206.783 
-4 -180.162 -31 29 -205.623 -205.184 -170.505 -206.783 
-4 -172.938 -30 29 -208.103 -204.913 -170.505 -195.957 
-4 -172.959 -30 29 -208.103 -204.913 -170.505 -195.957 
-4 -187.663 -32 29 -203.142 -205.456 -170.505 -217.608 
-4 -180.408 -31 29 -205.623 -205.184 -170.505 -206.783 
-4 -187.758 -32 29 -203.142 -205.456 -170.505 -217.608 
-4 -173.126 -30 29 -208.103 -204.913 -170.505 -195.957 
-4 -180.55 -31 29 -205.623 -205.184 -170.505 -206.783 
-4 -188.042 -32 29 -203.142 -205.456 -170.505 -217.608 
-4 -180.775 -31 29 -205.623 -205.184 -170.505 -206.783 
-4 -180.818 -31 29 -205.623 -205.184 -170.505 -206.783 
-4 -180.838 -31 29 -205.623 -205.184 -170.505 -206.783 
-3 -179.565 -31 29 -207.487 -203.6 -170.505 -204.886 
-4 -173.608 -30 29 -208.103 -204.913 -170.505 -195.957 
-4 -188.288 -32 29 -203.142 -205.456 -170.505 -217.608 
-4 -181.006 -31 29 -205.623 -205.184 -170.505 -206.783 
-4 -181.103 -31 29 -205.623 -205.184 -170.505 -206.783 
FEATURES_TXT_END_0
FEATURES_TXT_BEGIN_0 72 99 8 Distortion0_0 LM0_0 WordPenalty0_0 PhrasePenalty0_0 TranslationModel0_0 TranslationModel0_1 TranslationModel0_2 TranslationModel0_3 
0 -214.781 -36 35 -264.413 -257.411 -222.046 -258.875 
0 -212.592 -35 35 -266.894 -257.139 -222.046 -248.05 
0 -217.194 -36 35 -264.032 -257.525 -222.046 -258.875 
0 -214.728 -36 35 -264.288 -257.264 -222.046 -258.47 
0 -215.004 -35 35 -266.513 -257.254 -222.046 -248.05 
0 -217.312 -36 35 -263.966 -257.067 -222.046 -260.821 
0 -213.678 -36 35 -265.25 -256.719 -220.948 -255.946 
0 -212.539 -35 35 -266.768 -256.992 -222.046 -247.644 
-3 -215.044 -36 35 -264.413 -257.411 -222.046 -258.875 
0 -215.122 -35 35 -266.447 -256.795 -222.046 -249.995 
0 -211.489 -35 35 -267.731 -256.447 -220.948 -245.121 
-4 -209.15 -36 35 -264.413 -257.411 -222.046 -258.875 
-4 -210.537 -36 35 -264.413 -257.411 -222.046 -258.875 
-4 -204.002 -35 35 -266.894 -257.139 -222.046 -248.05 
-4 -211.456 -36 35 -264.413 -257.411 -222.046 -258.875 
0 -210.196 -36 35 -263.761 -257.486 -220.437 -257.587 
-4 -212.037 -36 35 -264.413 -257.411 -222.046 -258.875 
-4 -212.301 -36 35 -264.413 -257.411 -222.046 -258.875 
-3 -212.855 -35 35 -266.894 -257.139 -222.046 -248.05 
-4 -212.511 -36 35 -264.413 -257.411 -222.046 -258.875 
-4 -212.873 -36 35 -264.413 -257.411 -222.046 -258.875 
0 -217.141 -36 35 -263.907 -257.378 -222.046 -258.47 
-4 -213.543 -36 35 -264.413 -257.411 -222.046 -258.875 
-4 -213.613 -36 35 -264.413 -257.411 -222.046 -258.875 
0 -216.953 -36 35 -263.352 -257.545 -222.739 -260.261 
-4 -214.006 -36 35 -264.413 -257.411 -222.046 -258.875 
-4 -214.055 -36 35 -264.413 -257.411 -222.046 -258.875 
-4 -214.078 -36 35 -264.413 -257.411 -222.046 -258.875 
-4 -214.117 -36 35 -264.413 -257.411 -222.046 -258.875 
-4 -206.961 -35 35 -266.894 -257.139 -222.046 -248.05 
-4 -214.312 -36 35 -264.413 -257.411 -222.046 -258.875 
-4 -214.407 -36 35 -264.413 -257.411 -222.046 -258.875 
-4 -214.572 -36 35 -264.413 -257.411 -222.046 -258.875 
-4 -214.696 -36 35 -264.413 -257.411 -222.046 -258.875 
-4 -215.089 -36 35 -264.413 -257.411 -222.046 -258.875 
-4 -215.12 -36 35 -264.413 -257.411 -222.046 -258.875 
-4 -215.385 -36 35 -264.413 -257.411 -222.046 -258.875 
-4 -215.432 -36 35 -264.413 -257.411 -222.046 -258.875 
0 -217.79 -36 35 -262.882 -257.819 -222.046 -260.821 
-4 -215.626 -36 35 -264.413 -257.411 -222.046 -258.875 
-4 -208.348 -35 35 -266.894 -257.139 -222.046 -248.05 
-4 -215.744 -36 35 -264.413 -257.411 -222.046 -258.875 
-4 -215.856 -36 35 -264.413 -257.411 -222.046 -258.875 
-4 -215.932 -36 35 -264.413 -257.411 -222.046 -258.875 
0 -219.724 -36 35 -263.585 -257.181 -222.046 -260.821 
0 -213.494 -36 35 -263.881 -257.238 -221.353 -258.364 
-4 -216.103 -36 35 -264.413 -257.411 -222.046 -258.875 
-4 -216.115 -36 35 -264.413 -257.411 -222.046 -258.875 
-4 -216.15 -36 35 -264.413 -257.411 -222.046 -258.875 
-4 -216.325 -36 35 -264.413 -257.411 -222.046 -258.875 
0 -216.09 -36 35 -264.869 -256.833 -220.948 -255.946 
-4 -216.459 -36 35 -264.413 -257.411 -222.046 -258.875 
-4 -216.48 -36 35 -264.413 -257.411 -222.046 -258.875 
-4 -209.267 -35 35 -266.894 -257.139 -222.046 -248.05 
-4 -209.848 -35 35 -266.894 -257.139 -222.046 -248.05 
0 -214.327 -35 35 -266.268 -256.879 -222.046 -248.669 
0 -208.15 -35 35 -266.242 -257.214 -220.437 -246.762 
0 -216.476 -35 35 -264.076 -258.531 -222.046 -251.605 
-4 -210.112 -35 35 -266.894 -257.139 -222.046 -248.05 
-4 -210.322 -35 35 -266.894 -257.139 -222.046 -248.05 
-4 -217.651 -36 35 -264.413 -257.411 -222.046 -258.875 
0 -216.517 -36 35 -263.788 -257.151 -222.046 -259.494 
-4 -210.684 -35 35 -266.894 -257.139 -222.046 -248.05 
0 -214.951 -35 35 -266.387 -257.107 -222.046 -247.644 
0 -217.259 -36 35 -263.841 -256.92 -222.046 -260.415 
0 -213.625 -36 35 -265.124 -256.572 -220.948 -255.541 
-4 -211.354 -35 35 -266.894 -257.139 -222.046 -248.05 
-4 -211.424 -35 35 -266.894 -257.139 -222.046 -248.05 
-4 -211.543 -35 35 -266.894 -257.139 -222.046 -248.05 
0 -214.763 -35 35 -265.833 -257.273 -222.739 -249.436 
-4 -211.817 -35 35 -266.894 -257.139 -222.046 -248.05 
-4 -211.866 -35 35 -266.894 -257.139 -222.046 -248.05 
-4 -211.889 -35 35 -266.894 -257.139 -222.046 -248.05 
-4 -211.928 -35 35 -266.894 -257.139 -222.046 -248.05 
-3 -215.977 -36 35 -264.032 -257.525 -222.046 -258.875 
-4 -212.122 -35 35 -266.894 -257.139 -222.046 -248.05 
-4 -212.217 -35 35 -266.894 -257.139 -222.046 -248.05 
-4 -212.506 -35 35 -266.894 -257.139 -222.046 -248.05 
-4 -212.899 -35 35 -266.894 -257.139 -222.046 -248.05 
-4 -212.93 -35 35 -266.894 -257.139 -222.046 -248.05 
-4 -213.196 -35 35 -266.894 -257.139 -222.046 -248.05 
-4 -213.243 -35 35 -266.894 -257.139 -222.046 -248.05 
0 -215.601 -35 35 -265.362 -257.547 -222.046 -249.995 
-4 -213.437 -35 35 -266.894 -257.139 -222.046 -248.05 
-4 -213.555 -35 35 -266.894 -257.139 -222.046 -248.05 
-4 -213.743 -35 35 -266.894 -257.139 -222.046 -248.05 
0 -217.535 -35 35 -266.066 -256.909 -222.046 -249.995 
0 -211.305 -35 35 -266.361 -256.966 -221.353 -247.539 
-4 -213.916 -35 35 -266.894 -257.139 -222.046 -248.05 
-4 -213.926 -35 35 -266.894 -257.139 -222.046 -248.05 
-4 -213.96 -35 35 -266.894 -257.139 -222.046 -248.05 
-4 -214.136 -35 35 -266.894 -257.139 -222.046 -248.05 
0 -213.901 -35 35 -267.35 -256.561 -220.948 -245.121 
0 -216.208 -36 35 -264.803 -256.375 -220.948 -257.891 
-4 -214.269 -35 35 -266.894 -257.139 -222.046 -248.05 
-4 -214.29 -35 35 -266.894 -257.139 -222.046 -248.05 
-4 -211.562 -36 35 -264.032 -257.525 -222.046 -258.875 
-5 -214.999 -36 35 -264.413 -257.411 -222.046 -258.875 
-3 -214.991 -36 35 -264.288 -257.264 -222.046 -258.47 
FEATURES_TXT_END_0
FEATURES_TXT_BEGIN_0 73 100 8 Distortion0_0 LM0_0 WordPenalty0_0 PhrasePenalty0_0 TranslationModel0_0 TranslationModel0_1 TranslationModel0_2 TranslationModel0_3 
0 -382.83 -62 55 -361.592 -368.761 -317.62 -411.433 
0 -391.432 -63 55 -359.112 -369.033 -317.62 -422.259 
0 -377.969 -61 55 -364.073 -368.489 -317.62 -400.608 
0 -378.969 -61 55 -364.073 -368.489 -317.62 -400.608 
0 -386.571 -62 55 -361.592 -368.761 -317.62 -411.433 
0 -382.27 -61 55 -362.071 -369.168 -316.927 -406.542 
0 -387.571 -62 55 -361.592 -368.761 -317.62 -411.433 
0 -390.871 -62 55 -359.591 -369.44 -316.927 -417.368 
0 -374.108 -60 55 -366.554 -368.218 -317.62 -389.783 
0 -386.567 -62 55 -361.383 -368.434 -317.62 -413.631 
0 -377.409 -60 55 -364.552 -368.897 -316.927 -395.717 
0 -382.71 -61 55 -364.073 -368.489 -317.62 -400.608 
0 -395.169 -63 55 -358.902 -368.706 -317.62 -424.456 
0 -385.28 -62 55 -361.882 -369.42 -318.313 -406.548 
0 -378.409 -60 55 -364.552 -368.897 -316.927 -395.717 
0 -386.011 -61 55 -362.071 -369.168 -316.927 -406.542 
0 -377.959 -62 55 -359.619 -370.185 -316.233 -411.839 
0 -381.706 -61 55 -363.863 -368.162 -317.62 -402.805 
0 -387.01 -61 55 -362.071 -369.168 -316.927 -406.542 
0 -393.882 -63 55 -359.401 -369.691 -318.313 -417.373 
0 -386.56 -63 55 -357.138 -370.456 -316.233 -422.664 
0 -382.706 -61 55 -363.863 -368.162 -317.62 -402.805 
0 -390.308 -62 55 -361.383 -368.434 -317.62 -413.631 
0 -380.419 -61 55 -364.362 -369.148 -318.313 -395.722 
0 -373.548 -59 55 -367.032 -368.625 -316.927 -384.891 
0 -382.582 -61 55 -362.106 -369.18 -315.915 -405.418 
0 -373.098 -61 55 -362.099 -369.913 -316.233 -401.013 
0 -386.007 -61 55 -361.862 -368.841 -316.927 -408.739 
0 -391.308 -62 55 -361.383 -368.434 -317.62 -413.631 
0 -381.419 -61 55 -364.362 -369.148 -318.313 -395.722 
0 -382.15 -60 55 -364.552 -368.897 -316.927 -395.717 
0 -389.021 -62 55 -361.882 -369.42 -318.313 -406.548 
0 -374.098 -61 55 -362.099 -369.913 -316.233 -401.013 
0 -383.591 -61 55 -361.83 -369.147 -318.313 -407.402 
0 -391.183 -62 55 -359.625 -369.451 -315.915 -416.244 
0 -381.7 -62 55 -359.619 -370.185 -316.233 -411.839 
0 -394.608 -62 55 -359.381 -369.113 -316.927 -419.565 
0 -377.846 -60 55 -366.344 -367.89 -317.62 -391.98 
0 -390.021 -62 55 -361.882 -369.42 -318.313 -406.548 
0 -377.398 -61 55 -360.097 -370.592 -315.54 -406.948 
0 -382.699 -62 55 -359.619 -370.185 -316.233 -411.839 
0 -380.942 -62 55 -363.308 -367.666 -315.177 -406.611 
0 -392.193 -62 55 -359.35 -369.419 -318.313 -418.228 
0 -377.721 -60 55 -364.586 -368.908 -315.915 -394.593 
0 -381.146 -60 55 -364.342 -368.569 -316.927 -397.914 
0 -386.447 -61 55 -363.863 -368.162 -317.62 -402.805 
0 -376.559 -60 55 -366.843 -368.876 -318.313 -384.897 
0 -386 -62 55 -357.617 -370.864 -315.54 -417.773 
0 -378.721 -60 55 -364.586 -368.908 -315.915 -394.593 
0 -369.237 -60 55 -364.58 -369.641 -316.233 -390.188 
0 -378.73 -60 55 -364.311 -368.875 -318.313 -396.577 
0 -389.017 -62 55 -361.672 -369.092 -318.313 -408.745 
0 -382.146 -60 55 -364.342 -368.569 -316.927 -397.914 
0 -389.544 -63 55 -360.828 -367.938 -315.177 -417.437 
0 -386.323 -61 55 -362.106 -369.18 -315.915 -405.418 
0 -389.748 -61 55 -361.862 -368.841 -316.927 -408.739 
0 -385.16 -61 55 -364.362 -369.148 -318.313 -395.722 
0 -381.696 -62 55 -359.409 -369.858 -316.233 -414.036 
0 -382.829 -62 55 -363.308 -367.666 -315.177 -406.611 
0 -372.538 -60 55 -362.578 -370.32 -315.54 -396.122 
0 -379.73 -60 55 -364.311 -368.875 -318.313 -396.577 
0 -382.889 -62 55 -361.467 -368.614 -317.62 -411.028 
0 -387.323 -61 55 -362.106 -369.18 -315.915 -405.418 
0 -377.839 -61 55 -362.099 -369.913 -316.233 -401.013 
0 -376.082 -61 55 -365.789 -367.394 -315.177 -395.786 
0 -387.332 -61 55 -361.83 -369.147 -318.313 -407.402 
0 -390.748 -61 55 -361.862 -368.841 -316.927 -408.739 
0 -397.619 -63 55 -359.192 -369.364 -318.313 -419.57 
0 -390.297 -63 55 -356.928 -370.129 -316.233 -424.861 
0 -380.409 -62 55 -359.908 -370.843 -316.927 -406.953 
0 -373.538 -60 55 -362.578 -370.32 -315.54 -396.122 
0 -391.43 -63 55 -360.828 -367.937 -315.177 -417.437 
0 -381.642 -62 55 -362.505 -367.798 -318.718 -410.229 
0 -381.139 -61 55 -360.097 -370.592 -315.54 -406.948 
0 -377.081 -61 55 -365.789 -367.394 -315.177 -395.786 
0 -388.332 -61 55 -361.83 -369.147 -318.313 -407.402 
0 -373.86 -59 55 -367.067 -368.636 -315.915 -383.767 
0 -391.491 -63 55 -358.986 -368.886 -317.62 -421.853 
0 -384.157 -61 55 -364.153 -368.821 -318.313 -397.919 
0 -377.285 -59 55 -366.823 -368.298 -316.927 -387.088 
0 -384.683 -62 55 -363.308 -367.666 -315.177 -406.611 
0 -386.319 -61 55 -361.896 -368.853 -315.915 -407.615 
0 -376.835 -61 55 -361.89 -369.586 -316.233 -403.211 
0 -377.968 -61 55 -365.789 -367.394 -315.177 -395.786 
0 -382.139 -61 55 -360.097 -370.592 -315.54 -406.948 
0 -389.01 -63 55 -357.427 -371.115 -316.927 -417.778 
0 -390.244 -63 55 -360.024 -368.069 -318.718 -421.055 
0 -380.382 -61 55 -363.787 -368.073 -314.484 -401.72 
0 -374.87 -59 55 -366.792 -368.603 -318.313 -385.751 
0 -385.156 -61 55 -364.153 -368.821 -318.313 -397.919 
0 -385.683 -62 55 -363.308 -367.666 -315.177 -406.611 
0 -378.029 -61 55 -363.947 -368.342 -317.62 -400.203 
0 -382.462 -60 55 -364.586 -368.908 -315.915 -394.593 
0 -385.887 -60 55 -364.342 -368.569 -316.927 -397.914 
0 -392.758 -62 55 -361.672 -369.093 -318.313 -408.745 
0 -380.195 -63 55 -363.353 -367.666 -318.313 -406.617 
0 -381.134 -62 55 -362.429 -368.069 -316.521 -408.504 
0 -377.835 -61 55 -361.89 -369.586 -316.233 -403.211 
0 -378.968 -61 55 -365.789 -367.394 -315.177 -395.786 
0 -387.328 -61 55 -361.621 -368.82 -318.313 -409.6 
FEATURES_TXT_END_0
FEATURES_TXT_BEGIN_0 74 100 8 Distortion0_0 LM0_0 WordPenalty0_0 PhrasePenalty0_0 TranslationModel0_0 TranslationModel0_1 TranslationModel0_2 TranslationModel0_3 
0 -180.904 -27 27 -178.201 -174.763 -168.734 -187.41 
0 -189.362 -28 27 -175.721 -175.035 -168.734 -198.236 
0 -178.231 -27 27 -180.065 -173.179 -168.734 -185.513 
0 -186.689 -28 27 -177.585 -173.451 -168.734 -196.339 
0 -185.895 -28 27 -177.436 -173.94 -166.292 -193.414 
0 -175.608 -27 27 -179.038 -174.071 -167.635 -184.481 
0 -184.066 -28 27 -176.557 -174.343 -167.635 -195.307 
0 -181.71 -27 27 -178.075 -174.616 -168.734 -187.005 
0 -190.168 -28 27 -175.595 -174.888 -168.734 -197.831 
0 -184.686 -27 27 -179.917 -173.668 -166.292 -182.588 
0 -186.434 -29 27 -177.481 -173.94 -169.427 -193.419 
0 -183.222 -28 27 -179.301 -172.356 -166.292 -191.517 
0 -172.936 -27 27 -180.902 -172.487 -167.635 -182.584 
0 -181.393 -28 27 -178.422 -172.759 -167.635 -193.41 
0 -179.038 -27 27 -179.94 -173.032 -168.734 -185.108 
-3 -181.489 -27 27 -178.201 -174.763 -168.734 -187.41 
0 -187.495 -28 27 -177.459 -173.304 -168.734 -195.933 
0 -176.651 -27 27 -178.795 -174.347 -165.438 -182.841 
-3 -189.946 -28 27 -175.721 -175.035 -168.734 -198.236 
0 -185.109 -28 27 -176.315 -174.618 -165.438 -193.666 
0 -185.287 -28 27 -179.962 -173.668 -169.427 -182.594 
0 -182.013 -27 27 -181.781 -172.084 -166.292 -180.691 
0 -183.761 -29 27 -179.345 -172.356 -169.427 -191.522 
0 -179.748 -28 27 -179.683 -172.179 -170.12 -190.403 
0 -180.599 -28 27 -178.273 -173.247 -165.193 -190.485 
0 -188.206 -29 27 -177.202 -172.451 -170.12 -201.228 
-4 -185.322 -28 27 -175.721 -175.035 -168.734 -198.236 
-4 -178.561 -27 27 -178.201 -174.763 -168.734 -187.41 
0 -182.077 -28 27 -179.683 -172.179 -170.12 -190.403 
-4 -186.514 -28 27 -175.721 -175.035 -168.734 -198.236 
0 -186.701 -28 27 -177.311 -173.793 -166.292 -193.008 
-4 -179.498 -27 27 -178.201 -174.763 -168.734 -187.41 
-4 -187.019 -28 27 -175.721 -175.035 -168.734 -198.236 
-4 -179.818 -27 27 -178.201 -174.763 -168.734 -187.41 
0 -190.534 -29 27 -177.202 -172.451 -170.12 -201.228 
-3 -178.816 -27 27 -180.065 -173.179 -168.734 -185.513 
0 -183.518 -27 27 -177.14 -174.897 -169.427 -188.796 
0 -173.978 -27 27 -180.659 -172.763 -165.438 -180.944 
-4 -187.956 -28 27 -175.721 -175.035 -168.734 -198.236 
-4 -180.732 -27 27 -178.201 -174.763 -168.734 -187.41 
-4 -181.19 -27 27 -178.201 -174.763 -168.734 -187.41 
-4 -181.223 -27 27 -178.201 -174.763 -168.734 -187.41 
0 -176.415 -27 27 -178.912 -173.924 -167.635 -184.076 
-3 -187.274 -28 27 -177.585 -173.451 -168.734 -196.339 
0 -181.806 -27 27 -178.869 -173.647 -168.734 -186.43 
0 -191.976 -28 27 -174.659 -175.168 -169.427 -199.622 
-4 -181.556 -27 27 -178.201 -174.763 -168.734 -187.41 
-4 -181.576 -27 27 -178.201 -174.763 -168.734 -187.41 
-4 -181.625 -27 27 -178.201 -174.763 -168.734 -187.41 
-4 -181.628 -27 27 -178.201 -174.763 -168.734 -187.41 
0 -182.436 -28 27 -178.179 -173.034 -165.438 -191.769 
0 -182.614 -28 27 -181.826 -172.084 -169.427 -180.697 
-4 -181.861 -27 27 -178.201 -174.763 -168.734 -187.41 
-4 -189.189 -28 27 -175.721 -175.035 -168.734 -198.236 
-4 -182.145 -27 27 -178.201 -174.763 -168.734 -187.41 
-4 -182.21 -27 27 -178.201 -174.763 -168.734 -187.41 
-4 -182.215 -27 27 -178.201 -174.763 -168.734 -187.41 
-4 -189.648 -28 27 -175.721 -175.035 -168.734 -198.236 
-4 -189.68 -28 27 -175.721 -175.035 -168.734 -198.236 
0 -184.872 -28 27 -176.431 -174.196 -167.635 -194.901 
0 -190.264 -28 27 -176.388 -173.919 -168.734 -197.255 
-4 -182.672 -27 27 -178.201 -174.763 -168.734 -187.41 
-4 -190.014 -28 27 -175.721 -175.035 -168.734 -198.236 
-4 -190.083 -28 27 -175.72 -175.035 -168.734 -198.236 
-4 -190.086 -28 27 -175.721 -175.035 -168.734 -198.236 
-4 -182.763 -27 27 -178.201 -174.763 -168.734 -187.41 
-4 -182.9 -27 27 -178.201 -174.763 -168.734 -187.41 
-4 -190.319 -28 27 -175.721 -175.035 -168.734 -198.236 
-4 -183.042 -27 27 -178.201 -174.763 -168.734 -187.41 
0 -180.023 -27 27 -177.017 -174.998 -167.348 -187.698 
0 -177.075 -28 27 -181.547 -170.595 -170.12 -188.506 
-4 -183.24 -27 27 -178.201 -174.763 -168.734 -187.41 
-4 -190.603 -28 27 -175.721 -175.035 -168.734 -198.236 
-4 -190.668 -28 27 -175.721 -175.035 -168.734 -198.236 
-4 -190.673 -28 27 -175.721 -175.035 -168.734 -198.236 
0 -187.99 -28 27 -177.379 -173.37 -169.022 -195.096 
-4 -183.726 -27 27 -178.201 -174.763 -168.734 -187.41 
-4 -191.1 -28 27 -175.721 -175.035 -168.734 -198.236 
-4 -191.129 -28 27 -175.721 -175.035 -168.734 -198.236 
-4 -191.221 -28 27 -175.721 -175.035 -168.734 -198.236 
-4 -183.911 -27 27 -178.201 -174.763 -168.734 -187.41 
0 -179.39 -27 27 -180.754 -172.976 -165.193 -179.659 
-4 -191.358 -28 27 -175.721 -175.035 -168.734 -198.236 
0 -181.139 -29 27 -178.318 -173.247 -168.329 -190.49 
-4 -191.5 -28 27 -175.721 -175.035 -168.734 -198.236 
0 -188.48 -28 27 -174.536 -175.27 -167.348 -198.524 
0 -177.926 -28 27 -180.137 -171.664 -165.193 -188.588 
0 -185.533 -29 27 -179.066 -170.867 -170.12 -199.331 
-4 -191.698 -28 27 -175.721 -175.035 -168.734 -198.236 
-4 -182.649 -28 27 -177.585 -173.451 -168.734 -196.339 
-4 -184.556 -27 27 -178.201 -174.763 -168.734 -187.41 
-4 -184.674 -27 27 -178.201 -174.763 -168.734 -187.41 
-4 -192.183 -28 27 -175.721 -175.035 -168.734 -198.236 
-4 -175.888 -27 27 -180.065 -173.179 -168.734 -185.513 
-4 -192.369 -28 27 -175.721 -175.035 -168.734 -198.236 
0 -191.537 -27 27 -175.383 -176.155 -168.734 -190.966 
-4 -176.308 -27 27 -180.065 -173.179 -168.734 -185.513 
0 -179.404 -28 27 -181.547 -170.595 -170.12 -188.506 
0 -185.492 -27 27 -179.791 -173.521 -166.292 -182.183 
-4 -183.841 -28 27 -177.585 -173.451 -168.734 -196.339 
FEATURES_TXT_END_0
FEATURES_TXT_BEGIN_0 75 100 8 Distortion0_0 LM0_0 WordPenalty0_0 PhrasePenalty0_0 TranslationModel0_0 TranslationModel0_1 TranslationModel0_2 TranslationModel0_3 
0 -353.318 -57 52 -330.105 -306.757 -288.904 -361.592 
0 -347.18 -56 52 -332.586 -306.486 -288.904 -350.766 
0 -349.887 -57 52 -330.831 -306.33 -287.805 -359.512 
0 -348.726 -56 52 -332.586 -306.486 -288.904 -350.766 
0 -343.748 -56 52 -333.312 -306.058 -287.805 -348.687 
0 -349.796 -56 52 -332.586 -306.486 -288.904 -350.766 
0 -342.588 -55 52 -335.066 -306.214 -288.904 -339.941 
0 -350.328 -56 52 -332.586 -306.486 -288.904 -350.766 
0 -345.294 -56 52 -333.312 -306.058 -287.805 -348.687 
0 -343.657 -55 52 -335.066 -306.214 -288.904 -339.941 
0 -346.364 -56 52 -333.312 -306.058 -287.805 -348.687 
0 -344.19 -55 52 -335.066 -306.214 -288.904 -339.941 
0 -339.156 -55 52 -335.792 -305.786 -287.805 -337.862 
0 -346.897 -56 52 -333.312 -306.058 -287.805 -348.687 
0 -345.203 -55 52 -335.066 -306.214 -288.904 -339.941 
0 -340.226 -55 52 -335.792 -305.786 -287.805 -337.862 
0 -345.736 -55 52 -335.066 -306.214 -288.904 -339.941 
0 -340.759 -55 52 -335.792 -305.786 -287.805 -337.862 
0 -353.212 -57 52 -330.055 -306.531 -288.904 -362.111 
0 -353.454 -57 52 -330.055 -306.531 -288.904 -362.111 
0 -339.065 -54 52 -337.547 -305.942 -288.904 -329.116 
0 -353.91 -57 52 -330.055 -306.531 -288.904 -362.111 
0 -354.19 -57 52 -329.055 -307.57 -289.692 -361.928 
0 -346.806 -55 52 -335.066 -306.214 -288.904 -339.941 
0 -341.771 -55 52 -335.792 -305.786 -287.805 -337.862 
0 -339.598 -54 52 -337.547 -305.942 -288.904 -329.116 
0 -347.074 -56 52 -332.536 -306.26 -288.904 -351.285 
0 -347.316 -56 52 -332.536 -306.26 -288.904 -351.285 
0 -342.304 -55 52 -335.792 -305.786 -287.805 -337.862 
0 -349.78 -57 52 -330.781 -306.104 -287.805 -360.031 
0 -347.772 -56 52 -332.536 -306.26 -288.904 -351.285 
0 -348.052 -56 52 -331.535 -307.298 -289.692 -351.103 
0 -350.023 -57 52 -330.781 -306.104 -287.805 -360.031 
0 -340.668 -54 52 -337.547 -305.942 -288.904 -329.116 
0 -335.633 -54 52 -338.273 -305.514 -287.805 -327.036 
0 -347.456 -57 52 -331.821 -305.662 -286.462 -356.77 
0 -350.479 -57 52 -330.781 -306.104 -287.805 -360.031 
0 -350.759 -57 52 -329.781 -307.142 -288.594 -359.849 
0 -343.374 -55 52 -335.792 -305.786 -287.805 -337.862 
0 -336.166 -54 52 -338.273 -305.514 -287.805 -327.036 
0 -348.619 -56 52 -332.536 -306.26 -288.904 -351.285 
0 -348.019 -57 52 -331.821 -305.662 -286.462 -356.77 
0 -343.642 -56 52 -333.262 -305.832 -287.805 -349.206 
0 -348.862 -56 52 -332.536 -306.26 -288.904 -351.285 
0 -343.884 -56 52 -333.262 -305.832 -287.805 -349.206 
0 -349.318 -56 52 -332.536 -306.26 -288.904 -351.285 
0 -349.598 -56 52 -331.535 -307.298 -289.692 -351.103 
0 -341.318 -56 52 -334.301 -305.39 -286.462 -345.944 
0 -344.341 -56 52 -333.262 -305.832 -287.805 -349.206 
0 -344.62 -56 52 -332.261 -306.871 -288.594 -349.023 
0 -342.213 -54 52 -337.547 -305.942 -288.904 -329.116 
0 -348.846 -57 52 -331.821 -305.662 -286.462 -356.77 
0 -337.236 -54 52 -338.273 -305.514 -287.805 -327.036 
0 -349.689 -56 52 -332.536 -306.26 -288.904 -351.285 
0 -342.481 -55 52 -335.017 -305.988 -288.904 -340.46 
0 -344.024 -57 52 -332.547 -305.234 -285.363 -354.69 
0 -341.881 -56 52 -334.301 -305.39 -286.462 -345.944 
0 -349.932 -56 52 -332.536 -306.26 -288.904 -351.285 
0 -342.724 -55 52 -335.017 -305.988 -288.904 -340.46 
0 -350.222 -56 52 -332.536 -306.26 -288.904 -351.285 
0 -345.188 -56 52 -333.262 -305.832 -287.805 -349.206 
0 -350.388 -56 52 -332.536 -306.26 -288.904 -351.285 
0 -350.668 -56 52 -331.535 -307.298 -289.692 -351.103 
0 -344.588 -57 52 -332.547 -305.234 -285.363 -354.69 
0 -350.464 -56 52 -332.536 -306.26 -288.904 -351.285 
0 -343.18 -55 52 -335.017 -305.988 -288.904 -340.46 
0 -343.46 -55 52 -334.016 -307.026 -289.692 -340.278 
0 -345.43 -56 52 -333.262 -305.832 -287.805 -349.206 
0 -336.075 -53 52 -340.028 -305.67 -288.904 -318.29 
0 -343.551 -55 52 -335.017 -305.988 -288.904 -340.46 
0 -342.863 -56 52 -334.301 -305.39 -286.462 -345.944 
0 -350.921 -56 52 -332.536 -306.26 -288.904 -351.285 
0 -351.2 -56 52 -331.535 -307.298 -289.692 -351.103 
0 -345.886 -56 52 -333.262 -305.832 -287.805 -349.206 
0 -346.166 -56 52 -332.261 -306.871 -288.594 -349.024 
0 -337.886 -56 52 -335.027 -304.963 -285.363 -343.865 
0 -343.793 -55 52 -335.017 -305.988 -288.904 -340.46 
0 -338.782 -54 52 -338.273 -305.514 -287.805 -327.036 
0 -354.676 -57 52 -329.411 -306.954 -288.211 -362.439 
0 -345.415 -57 52 -332.547 -305.234 -285.363 -354.69 
0 -346.257 -56 52 -333.262 -305.832 -287.805 -349.206 
0 -344.084 -55 52 -335.017 -305.988 -288.904 -340.46 
0 -343.427 -56 52 -334.301 -305.39 -286.462 -345.944 
0 -339.049 -55 52 -335.743 -305.56 -287.805 -338.38 
0 -344.25 -55 52 -335.017 -305.988 -288.904 -340.46 
0 -344.529 -55 52 -334.016 -307.026 -289.692 -340.277 
0 -338.449 -56 52 -335.027 -304.963 -285.363 -343.865 
0 -346.5 -56 52 -333.262 -305.832 -287.805 -349.206 
0 -344.326 -55 52 -335.017 -305.988 -288.904 -340.46 
0 -339.292 -55 52 -335.743 -305.56 -287.805 -338.38 
0 -346.79 -56 52 -333.262 -305.832 -287.805 -349.206 
0 -343.933 -56 52 -334.301 -305.39 -286.462 -345.944 
0 -346.956 -56 52 -333.262 -305.832 -287.805 -349.206 
0 -336.725 -55 52 -336.782 -305.119 -286.462 -335.119 
0 -347.236 -56 52 -332.261 -306.871 -288.594 -349.023 
0 -344.782 -55 52 -335.017 -305.988 -288.904 -340.46 
0 -345.062 -55 52 -334.016 -307.026 -289.692 -340.277 
0 -347.033 -56 52 -333.262 -305.832 -287.805 -349.206 
0 -339.748 -55 52 -335.743 -305.56 -287.805 -338.38 
0 -340.028 -55 52 -334.742 -306.599 -288.594 -338.198 
FEATURES_TXT_END_0
FEATURES_TXT_BEGIN_0 76 100 8 Distortion0_0 LM0_0 WordPenalty0_0 PhrasePenalty0_0 TranslationModel0_0 TranslationModel0_1 TranslationModel0_2 TranslationModel0_3 
0 -401.617 -65 59 -389.602 -404.515 -349.953 -442.342 
0 -396.861 -64 59 -392.082 -404.243 -349.953 -431.517 
0 -397.304 -64 59 -392.082 -404.243 -349.953 -431.517 
0 -398.431 -64 59 -392.082 -404.243 -349.953 -431.517 
0 -392.548 -63 59 -394.563 -403.972 -349.953 -420.691 
0 -393.675 -63 59 -394.563 -403.972 -349.953 -420.691 
0 -394.118 -63 59 -394.563 -403.972 -349.953 -420.691 
0 -405.228 -65 59 -387.928 -405.268 -351.052 -446.254 
0 -395.413 -65 59 -391.318 -403.42 -347.511 -437.52 
0 -389.362 -62 59 -397.044 -403.7 -349.953 -409.866 
0 -400.472 -64 59 -390.408 -404.996 -351.052 -435.429 
0 -396.263 -65 59 -391.318 -403.42 -347.511 -437.52 
0 -400.915 -64 59 -390.408 -404.996 -351.052 -435.429 
0 -402.042 -64 59 -390.408 -404.996 -351.052 -435.429 
0 -405.856 -65 59 -389.552 -404.289 -349.953 -442.861 
0 -390.657 -64 59 -393.798 -403.148 -347.511 -426.695 
0 -391.1 -64 59 -393.798 -403.148 -347.511 -426.695 
0 -391.508 -64 59 -393.798 -403.148 -347.511 -426.695 
0 -396.159 -63 59 -392.889 -404.724 -351.052 -424.603 
0 -391.95 -64 59 -393.798 -403.148 -347.511 -426.695 
0 -392.227 -64 59 -393.798 -403.148 -347.511 -426.695 
0 -399.647 -65 59 -389.476 -404.368 -349.953 -441.937 
0 -397.286 -63 59 -392.889 -404.724 -351.052 -424.603 
0 -401.101 -64 59 -392.033 -404.017 -349.953 -432.036 
0 -393.078 -64 59 -393.798 -403.148 -347.511 -426.695 
0 -397.729 -63 59 -392.889 -404.724 -351.052 -424.603 
0 -401.543 -64 59 -392.033 -404.017 -349.953 -432.036 
0 -386.344 -63 59 -396.279 -402.876 -347.511 -415.869 
0 -395.64 -66 59 -391.362 -403.42 -350.646 -437.526 
0 -399.213 -65 59 -390.514 -403.552 -351.052 -441.138 
0 -387.195 -63 59 -396.279 -402.876 -347.511 -415.869 
0 -402.671 -64 59 -392.033 -404.017 -349.953 -432.036 
0 -387.472 -63 59 -396.279 -402.876 -347.511 -415.869 
0 -394.891 -64 59 -391.957 -404.096 -349.953 -431.111 
0 -387.914 -63 59 -396.279 -402.876 -347.511 -415.869 
0 -399.024 -65 59 -389.644 -404.172 -348.609 -441.432 
0 -402.463 -65 59 -389.476 -404.368 -349.953 -441.937 
0 -388.322 -63 59 -396.279 -402.876 -347.511 -415.869 
0 -395.334 -64 59 -391.957 -404.096 -349.953 -431.111 
0 -392.973 -62 59 -395.37 -404.453 -351.052 -413.778 
0 -396.788 -63 59 -394.514 -403.746 -349.953 -421.21 
0 -388.765 -63 59 -396.279 -402.876 -347.511 -415.869 
0 -399.874 -65 59 -389.644 -404.172 -348.609 -441.432 
0 -390.885 -65 59 -393.843 -403.148 -350.646 -426.7 
0 -396.462 -64 59 -391.957 -404.096 -349.953 -431.111 
0 -394.457 -64 59 -392.995 -403.28 -351.052 -430.313 
0 -391.327 -65 59 -393.843 -403.148 -350.646 -426.7 
0 -397.915 -63 59 -394.514 -403.746 -349.953 -421.21 
0 -401.071 -65 59 -388.835 -404.966 -349.953 -441.649 
0 -394.9 -64 59 -392.995 -403.28 -351.052 -430.313 
0 -398.358 -63 59 -394.514 -403.746 -349.953 -421.21 
0 -409.467 -65 59 -387.878 -405.042 -351.052 -446.773 
0 -383.159 -62 59 -398.76 -402.605 -347.511 -405.044 
0 -394.268 -64 59 -392.124 -403.901 -348.609 -430.607 
0 -397.707 -64 59 -391.957 -404.096 -349.953 -431.111 
0 -390.06 -65 59 -393.034 -402.325 -345.068 -432.698 
0 -392.455 -65 59 -393.843 -403.148 -350.646 -426.7 
0 -390.578 -63 59 -394.437 -403.825 -349.953 -420.286 
0 -400.784 -65 59 -390.438 -403.823 -348.854 -439.413 
0 -394.711 -64 59 -392.124 -403.901 -348.609 -430.607 
0 -399.88 -66 59 -391.362 -403.42 -350.646 -437.526 
0 -394.687 -64 59 -391.315 -404.694 -349.953 -430.824 
0 -398.15 -64 59 -391.957 -404.096 -349.953 -431.111 
0 -396.027 -64 59 -392.995 -403.28 -351.052 -430.313 
0 -384.009 -62 59 -398.76 -402.605 -347.511 -405.044 
0 -395.118 -64 59 -392.124 -403.901 -348.609 -430.607 
0 -395.561 -64 59 -392.124 -403.901 -348.609 -430.607 
0 -391.706 -63 59 -394.437 -403.825 -349.953 -420.286 
0 -395.838 -64 59 -392.124 -403.901 -348.609 -430.607 
0 -399.277 -64 59 -391.957 -404.096 -349.953 -431.111 
0 -386.572 -64 59 -396.323 -402.876 -350.646 -415.875 
0 -399.653 -65 59 -391.268 -403.194 -347.511 -438.039 
0 -392.149 -63 59 -394.437 -403.825 -349.953 -420.286 
0 -403.258 -65 59 -387.802 -405.121 -351.052 -445.849 
0 -390.144 -63 59 -395.475 -403.008 -351.052 -419.487 
0 -393.602 -62 59 -396.994 -403.474 -349.953 -410.385 
0 -404.711 -64 59 -390.359 -404.77 -351.052 -435.948 
0 -396.689 -64 59 -392.124 -403.901 -348.609 -430.607 
0 -396.758 -64 59 -391.315 -404.694 -349.953 -430.824 
0 -400.503 -65 59 -391.268 -403.194 -347.511 -438.039 
0 -405.154 -64 59 -390.359 -404.77 -351.052 -435.948 
0 -385.304 -64 59 -395.514 -402.053 -345.068 -421.873 
0 -387.699 -64 59 -396.323 -402.876 -350.646 -415.875 
0 -396.028 -64 59 -392.919 -403.551 -348.854 -428.588 
0 -389.955 -63 59 -394.605 -403.629 -348.609 -419.781 
0 -395.125 -65 59 -393.843 -403.148 -350.646 -426.7 
0 -393.394 -63 59 -394.437 -403.825 -349.953 -420.286 
0 -385.747 -64 59 -395.514 -402.053 -345.068 -421.873 
0 -391.271 -63 59 -395.475 -403.008 -351.052 -419.487 
0 -388.142 -64 59 -396.323 -402.876 -350.646 -415.875 
0 -399.251 -66 59 -389.688 -404.172 -351.745 -441.438 
0 -396.471 -64 59 -392.919 -403.551 -348.854 -428.588 
0 -395.567 -65 59 -393.843 -403.148 -350.646 -426.7 
0 -390.374 -63 59 -393.796 -404.422 -349.953 -419.998 
0 -397.886 -64 59 -391.315 -404.694 -349.953 -430.824 
0 -391.714 -63 59 -395.475 -403.008 -351.052 -419.487 
0 -402.824 -65 59 -388.84 -404.304 -352.15 -445.05 
0 -390.806 -63 59 -394.605 -403.629 -348.609 -419.781 
0 -406.282 -64 59 -390.359 -404.77 -351.052 -435.948 
0 -393.443 -65 59 -391.192 -403.273 -347.511 -437.115 
FEATURES_TXT_END_0
FEATURES_TXT_BEGIN_0 77 100 8 Distortion0_0 LM0_0 WordPenalty0_0 PhrasePenalty0_0 TranslationModel0_0 TranslationModel0_1 TranslationModel0_2 TranslationModel0_3 
0 -154.43 -29 25 -181.747 -163.718 -157.31 -197.623 
0 -150.954 -28 25 -184.227 -163.446 -157.31 -186.797 
0 -151.063 -28 25 -184.227 -163.446 -157.31 -186.797 
0 -154.421 -28 25 -182.226 -164.125 -156.617 -192.731 
0 -154.547 -28 25 -182.226 -164.125 -156.617 -192.731 
0 -154.601 -29 25 -182.036 -164.377 -158.003 -192.737 
0 -155.066 -29 25 -182.036 -164.377 -158.003 -192.737 
0 -147.588 -27 25 -186.708 -163.175 -157.31 -175.972 
0 -151.944 -28 25 -182.26 -164.137 -155.606 -191.607 
0 -150.945 -27 25 -184.706 -163.854 -156.617 -181.906 
0 -151.054 -27 25 -184.706 -163.854 -156.617 -181.906 
0 -151.071 -27 25 -184.706 -163.854 -156.617 -181.906 
0 -151.181 -27 25 -184.706 -163.854 -156.617 -181.906 
0 -152.571 -28 25 -182.26 -164.137 -155.606 -191.607 
0 -151.126 -28 25 -184.517 -164.105 -158.003 -181.911 
0 -151.235 -28 25 -184.517 -164.105 -158.003 -181.911 
0 -151.59 -28 25 -184.517 -164.105 -158.003 -181.911 
0 -151.699 -28 25 -184.517 -164.105 -158.003 -181.911 
0 -154.538 -27 25 -182.704 -164.533 -155.924 -187.84 
0 -154.592 -28 25 -182.515 -164.784 -157.31 -187.846 
0 -155.183 -28 25 -182.515 -164.784 -157.31 -187.846 
0 -155.237 -29 25 -182.325 -165.035 -158.697 -187.851 
0 -148.469 -27 25 -184.741 -163.865 -155.606 -180.782 
0 -155.711 -28 25 -181.985 -164.104 -158.003 -193.592 
0 -148.578 -27 25 -184.741 -163.865 -155.606 -180.782 
0 -155.812 -28 25 -181.985 -164.104 -158.003 -193.592 
0 -147.578 -26 25 -187.187 -163.582 -156.617 -171.081 
0 -147.705 -26 25 -187.187 -163.582 -156.617 -171.081 
0 -149.095 -27 25 -184.741 -163.865 -155.606 -180.782 
0 -149.204 -27 25 -184.741 -163.865 -155.606 -180.782 
0 -147.759 -27 25 -186.997 -163.833 -158.003 -171.086 
0 -151.935 -27 25 -182.739 -164.544 -154.912 -186.716 
0 -148.224 -27 25 -186.997 -163.833 -158.003 -171.086 
0 -151.062 -26 25 -185.185 -164.261 -155.924 -177.015 
0 -151.171 -26 25 -185.185 -164.261 -155.924 -177.015 
0 -151.116 -27 25 -184.996 -164.512 -157.31 -177.02 
0 -152.688 -27 25 -182.739 -164.544 -154.912 -186.716 
0 -151.225 -27 25 -184.996 -164.512 -157.31 -177.02 
0 -152.58 -28 25 -182.549 -164.796 -156.299 -186.722 
0 -152.742 -28 25 -182.549 -164.796 -156.299 -186.722 
0 -151.707 -27 25 -184.996 -164.512 -157.31 -177.02 
0 -151.817 -27 25 -184.996 -164.512 -157.31 -177.02 
0 -151.761 -28 25 -184.806 -164.764 -158.697 -177.026 
0 -151.871 -28 25 -184.806 -164.764 -158.697 -177.026 
0 -152.235 -27 25 -184.465 -163.832 -158.003 -182.766 
0 -145.102 -26 25 -187.221 -163.593 -155.606 -169.957 
0 -152.336 -27 25 -184.465 -163.832 -158.003 -182.766 
0 -152.344 -27 25 -184.465 -163.832 -158.003 -182.766 
0 -152.446 -27 25 -184.465 -163.832 -158.003 -182.766 
0 -145.728 -26 25 -187.221 -163.593 -155.606 -169.957 
0 -148.459 -26 25 -185.219 -164.272 -154.912 -175.891 
0 -148.568 -26 25 -185.219 -164.272 -154.912 -175.891 
0 -155.803 -27 25 -182.463 -164.511 -157.31 -188.7 
0 -155.828 -27 25 -182.463 -164.511 -157.31 -188.7 
0 -147.696 -25 25 -187.666 -163.989 -155.924 -166.189 
0 -150.085 -27 25 -182.773 -164.556 -153.901 -185.592 
0 -155.882 -28 25 -182.274 -164.763 -158.697 -188.706 
0 -149.212 -26 25 -185.219 -164.272 -154.912 -175.891 
0 -147.75 -26 25 -187.476 -164.241 -157.31 -166.195 
0 -149.321 -26 25 -185.219 -164.272 -154.912 -175.891 
0 -149.104 -27 25 -185.03 -164.524 -156.299 -175.896 
0 -149.214 -27 25 -185.03 -164.524 -156.299 -175.896 
0 -156.448 -28 25 -182.274 -164.763 -158.697 -188.706 
0 -149.266 -27 25 -185.03 -164.524 -156.299 -175.896 
0 -149.376 -27 25 -185.03 -164.524 -156.299 -175.896 
0 -148.341 -26 25 -187.476 -164.241 -157.31 -166.195 
0 -148.395 -27 25 -187.287 -164.492 -158.697 -166.2 
0 -153.844 -28 25 -181.553 -164.377 -155.924 -192.731 
0 -153.903 -28 25 -181.553 -164.377 -155.924 -192.731 
0 -148.869 -26 25 -186.946 -163.561 -158.003 -171.941 
0 -148.97 -26 25 -186.946 -163.561 -158.003 -171.941 
0 -153.225 -27 25 -182.498 -164.523 -156.299 -187.576 
0 -145.093 -25 25 -187.7 -164.001 -154.912 -165.065 
0 -152.327 -26 25 -184.944 -164.24 -157.31 -177.875 
0 -152.352 -26 25 -184.944 -164.24 -157.31 -177.875 
0 -152.436 -26 25 -184.944 -164.24 -157.31 -177.875 
0 -152.462 -26 25 -184.944 -164.24 -157.31 -177.875 
0 -146.609 -26 25 -185.254 -164.284 -153.901 -174.767 
0 -146.719 -26 25 -185.254 -164.284 -153.901 -174.767 
0 -153.953 -27 25 -182.498 -164.523 -156.299 -187.576 
0 -152.407 -27 25 -184.755 -164.491 -158.697 -177.88 
0 -152.516 -27 25 -184.755 -164.491 -158.697 -177.88 
0 -145.846 -25 25 -187.7 -164.001 -154.912 -165.065 
0 -145.738 -26 25 -187.511 -164.252 -156.299 -165.071 
0 -152.972 -27 25 -184.755 -164.491 -158.697 -177.88 
0 -153.081 -27 25 -184.755 -164.491 -158.697 -177.88 
0 -145.9 -26 25 -187.511 -164.252 -156.299 -165.071 
-3 -154.955 -29 25 -181.747 -163.718 -157.31 -197.623 
0 -150.368 -27 25 -184.034 -164.105 -155.924 -181.906 
0 -150.427 -27 25 -184.034 -164.105 -155.924 -181.906 
0 -150.477 -27 25 -184.034 -164.105 -155.924 -181.906 
0 -150.536 -27 25 -184.034 -164.105 -155.924 -181.906 
-4 -141.41 -28 25 -184.227 -163.446 -157.31 -186.797 
0 -149.749 -26 25 -184.978 -164.251 -156.299 -176.751 
0 -153.893 -27 25 -182.032 -164.784 -155.231 -187.84 
0 -149.859 -26 25 -184.978 -164.251 -156.299 -176.751 
0 -157.093 -27 25 -182.222 -164.49 -158.697 -189.561 
0 -153.961 -27 25 -182.032 -164.784 -155.231 -187.84 
0 -148.96 -25 25 -187.425 -163.968 -157.31 -167.049 
0 -148.986 -25 25 -187.425 -163.968 -157.31 -167.049 
FEATURES_TXT_END_0
FEATURES_TXT_BEGIN_0 78 95 8 Distortion0_0 LM0_0 WordPenalty0_0 PhrasePenalty0_0 TranslationModel0_0 TranslationModel0_1 TranslationModel0_2 TranslationModel0_3 
0 -166.846 -24 23 -156.192 -146.33 -100.978 -131.198 
0 -162.227 -24 23 -158.056 -144.746 -100.978 -129.301 
0 -164.857 -24 23 -158.056 -144.746 -100.978 -129.301 
0 -165.099 -24 23 -158.056 -144.746 -100.978 -129.301 
0 -168.18 -24 23 -156.142 -146.104 -100.978 -131.716 
0 -166.72 -24 23 -158.056 -144.746 -100.978 -129.301 
0 -160.238 -24 23 -159.92 -143.162 -100.978 -127.403 
0 -160.48 -24 23 -159.92 -143.162 -100.978 -127.403 
0 -163.561 -24 23 -158.006 -144.52 -100.978 -129.819 
0 -162.101 -24 23 -159.92 -143.162 -100.978 -127.403 
0 -163.109 -24 23 -159.92 -143.162 -100.978 -127.403 
0 -166.19 -24 23 -158.006 -144.52 -100.978 -129.819 
0 -166.432 -24 23 -158.006 -144.52 -100.978 -129.819 
0 -164.73 -24 23 -159.92 -143.162 -100.978 -127.403 
0 -164.972 -24 23 -159.92 -143.162 -100.978 -127.403 
0 -168.053 -24 23 -158.006 -144.52 -100.978 -129.819 
0 -158.49 -24 23 -161.784 -141.578 -100.978 -125.506 
0 -166.551 -24 23 -157.028 -145.638 -99.8797 -128.268 
0 -161.571 -24 23 -159.871 -142.936 -100.978 -127.922 
0 -161.813 -24 23 -159.871 -142.936 -100.978 -127.922 
0 -160.111 -24 23 -161.784 -141.578 -100.978 -125.506 
0 -160.353 -24 23 -161.784 -141.578 -100.978 -125.506 
0 -163.434 -24 23 -159.871 -142.936 -100.978 -127.922 
-3 -165.871 -24 23 -156.192 -146.33 -100.978 -131.198 
0 -164.443 -24 23 -159.871 -142.936 -100.978 -127.922 
0 -162.983 -24 23 -161.784 -141.578 -100.978 -125.506 
0 -161.932 -24 23 -158.893 -144.054 -99.8797 -126.371 
0 -166.064 -24 23 -159.871 -142.936 -100.978 -127.922 
0 -166.306 -24 23 -159.871 -142.936 -100.978 -127.922 
-4 -160.869 -24 23 -156.192 -146.33 -100.978 -131.198 
0 -163.193 -24 23 -158.893 -144.054 -99.8797 -126.371 
-3 -161.252 -24 23 -158.056 -144.746 -100.978 -129.301 
0 -164.562 -24 23 -158.893 -144.054 -99.8797 -126.371 
-4 -163.345 -24 23 -156.192 -146.33 -100.978 -131.198 
0 -159.823 -24 23 -161.735 -141.352 -100.978 -126.025 
0 -158.364 -24 23 -163.649 -139.994 -100.978 -123.609 
-4 -163.925 -24 23 -156.192 -146.33 -100.978 -131.198 
0 -167.885 -24 23 -156.979 -145.412 -99.8797 -128.787 
0 -166.425 -24 23 -158.893 -144.054 -99.8797 -126.371 
-4 -164.712 -24 23 -156.192 -146.33 -100.978 -131.198 
-3 -161.125 -24 23 -159.92 -143.162 -100.978 -127.403 
-4 -164.891 -24 23 -156.192 -146.33 -100.978 -131.198 
-4 -165.049 -24 23 -156.192 -146.33 -100.978 -131.198 
0 -161.445 -24 23 -161.735 -141.352 -100.978 -126.025 
-3 -163.881 -24 23 -158.056 -144.746 -100.978 -129.301 
0 -161.687 -24 23 -161.735 -141.352 -100.978 -126.025 
-4 -165.359 -24 23 -156.192 -146.33 -100.978 -131.198 
-4 -156.25 -24 23 -158.056 -144.746 -100.978 -129.301 
-4 -165.416 -24 23 -156.192 -146.33 -100.978 -131.198 
0 -158.574 -24 23 -160.757 -142.47 -99.8797 -124.474 
-3 -164.678 -24 23 -158.056 -144.746 -100.978 -129.301 
-4 -166.363 -24 23 -156.192 -146.33 -100.978 -131.198 
-4 -166.439 -24 23 -156.192 -146.33 -100.978 -131.198 
-4 -162.419 -24 23 -158.056 -144.746 -100.978 -129.301 
0 -165.895 -24 23 -158.843 -143.828 -99.8797 -126.89 
-3 -167.204 -24 23 -156.142 -146.104 -100.978 -131.716 
-4 -166.846 -24 23 -156.192 -146.33 -100.978 -131.198 
-4 -167.001 -24 23 -156.192 -146.33 -100.978 -131.198 
-3 -165.745 -24 23 -158.056 -144.746 -100.978 -129.301 
-4 -167.274 -24 23 -156.192 -146.33 -100.978 -131.198 
0 -159.943 -24 23 -160.757 -142.47 -99.8797 -124.474 
-4 -167.762 -24 23 -156.192 -146.33 -100.978 -131.198 
-4 -158.726 -24 23 -158.056 -144.746 -100.978 -129.301 
-4 -167.847 -24 23 -156.192 -146.33 -100.978 -131.198 
0 -164.316 -24 23 -161.735 -141.352 -100.978 -126.025 
-4 -158.879 -24 23 -158.056 -144.746 -100.978 -129.301 
-4 -160.845 -24 23 -156.142 -146.104 -100.978 -131.716 
-4 -159.122 -24 23 -158.056 -144.746 -100.978 -129.301 
-4 -168.372 -24 23 -156.192 -146.33 -100.978 -131.198 
-4 -159.306 -24 23 -158.056 -144.746 -100.978 -129.301 
-4 -168.527 -24 23 -156.192 -146.33 -100.978 -131.198 
-4 -162.382 -24 23 -158.056 -144.746 -100.978 -129.301 
0 -161.203 -24 23 -160.757 -142.47 -99.8797 -124.474 
-4 -168.636 -24 23 -156.192 -146.33 -100.978 -131.198 
0 -163.266 -24 23 -158.843 -143.828 -99.8797 -126.89 
0 -161.806 -24 23 -160.757 -142.47 -99.8797 -124.474 
-4 -160.093 -24 23 -158.056 -144.746 -100.978 -129.301 
-4 -160.272 -24 23 -158.056 -144.746 -100.978 -129.301 
-4 -160.43 -24 23 -158.056 -144.746 -100.978 -129.301 
-3 -159.262 -24 23 -159.92 -143.162 -100.978 -127.403 
-4 -160.739 -24 23 -158.056 -144.746 -100.978 -129.301 
-4 -160.743 -24 23 -158.056 -144.746 -100.978 -129.301 
0 -164.527 -24 23 -158.843 -143.828 -99.8797 -126.89 
0 -163.067 -24 23 -160.757 -142.47 -99.8797 -124.474 
-4 -161.355 -24 23 -158.056 -144.746 -100.978 -129.301 
-3 -160.059 -24 23 -159.92 -143.162 -100.978 -127.403 
-4 -161.597 -24 23 -158.056 -144.746 -100.978 -129.301 
-4 -161.744 -24 23 -158.056 -144.746 -100.978 -129.301 
-4 -161.82 -24 23 -158.056 -144.746 -100.978 -129.301 
-4 -162.227 -24 23 -158.056 -144.746 -100.978 -129.301 
-4 -161.936 -24 23 -158.056 -144.746 -100.978 -129.301 
0 -167.884 -24 23 -152.665 -148.143 -100.978 -134.936 
-4 -162.038 -24 23 -158.056 -144.746 -100.978 -129.301 
-3 -162.585 -24 23 -158.006 -144.52 -100.978 -129.819 
-4 -162.178 -24 23 -158.056 -144.746 -100.978 -129.301 
FEATURES_TXT_END_0
FEATURES_TXT_BEGIN_0 79 100 8 Distortion0_0 LM0_0 WordPenalty0_0 PhrasePenalty0_0 TranslationModel0_0 TranslationModel0_1 TranslationModel0_2 TranslationModel0_3 
0 -172.67 -32 29 -203.574 -197.615 -179.722 -225.929 
0 -169.129 -31 29 -206.055 -197.343 -179.722 -215.104 
0 -169.575 -31 29 -206.055 -197.343 -179.722 -215.104 
0 -166.034 -30 29 -208.535 -197.072 -179.722 -204.278 
0 -174.262 -32 29 -203.524 -197.389 -179.722 -226.448 
0 -184.544 -32 29 -203.459 -197.487 -181.668 -227.797 
0 -176.492 -32 29 -201.162 -199.08 -180.415 -229.225 
0 -170.722 -31 29 -206.005 -197.117 -179.722 -215.622 
0 -171.168 -31 29 -206.005 -197.117 -179.722 -215.622 
0 -181.004 -31 29 -205.939 -197.215 -181.668 -216.972 
0 -181.45 -31 29 -205.939 -197.215 -181.668 -216.972 
0 -172.952 -31 29 -203.642 -198.808 -180.415 -218.4 
0 -173.398 -31 29 -203.642 -198.808 -180.415 -218.4 
0 -167.627 -30 29 -208.486 -196.846 -179.722 -204.797 
0 -177.909 -30 29 -208.42 -196.944 -181.668 -206.147 
0 -182.08 -33 29 -203.429 -197.615 -180.569 -225.934 
0 -186.137 -32 29 -203.409 -197.261 -181.668 -228.316 
0 -175.037 -32 29 -203.127 -197.271 -179.722 -227.874 
0 -174.074 -32 29 -204.486 -196.652 -180.82 -224.725 
0 -175.712 -32 29 -202.465 -198.077 -180.415 -227.145 
0 -169.857 -30 29 -206.123 -198.536 -180.415 -207.574 
0 -177.742 -32 29 -201.112 -198.854 -180.415 -229.744 
-3 -170.695 -32 29 -203.574 -197.615 -179.722 -225.929 
0 -188.367 -32 29 -201.046 -198.952 -182.361 -231.094 
0 -178.539 -32 29 -205.909 -197.343 -180.569 -215.109 
0 -182.596 -31 29 -205.89 -196.989 -181.668 -217.491 
0 -178.985 -32 29 -205.909 -197.343 -180.569 -215.109 
0 -171.496 -31 29 -205.608 -196.999 -179.722 -217.049 
0 -183.042 -31 29 -205.89 -196.989 -181.668 -217.491 
0 -171.942 -31 29 -205.608 -196.999 -179.722 -217.049 
0 -170.534 -31 29 -206.967 -196.38 -180.82 -213.9 
0 -170.98 -31 29 -206.967 -196.38 -180.82 -213.9 
0 -172.171 -31 29 -204.945 -197.805 -180.415 -216.32 
0 -172.617 -31 29 -204.945 -197.805 -180.415 -216.32 
0 -174.202 -31 29 -203.593 -198.582 -180.415 -218.918 
0 -174.648 -31 29 -203.593 -198.582 -180.415 -218.918 
-3 -167.155 -31 29 -206.055 -197.343 -179.722 -215.104 
0 -184.826 -31 29 -203.527 -198.68 -182.361 -220.268 
-3 -167.6 -31 29 -206.055 -197.343 -179.722 -215.104 
0 -185.272 -31 29 -203.527 -198.68 -182.361 -220.268 
0 -175.445 -31 29 -208.39 -197.072 -180.569 -204.284 
0 -179.502 -30 29 -208.37 -196.718 -181.668 -206.665 
0 -168.402 -30 29 -208.088 -196.727 -179.722 -206.224 
0 -183.673 -33 29 -203.379 -197.389 -180.569 -226.453 
0 -167.703 -31 29 -203.237 -198.735 -179.722 -218.659 
0 -167.439 -30 29 -209.448 -196.108 -180.82 -203.074 
0 -176.63 -32 29 -203.078 -197.045 -179.722 -228.393 
-4 -169.411 -32 29 -203.574 -197.615 -179.722 -225.929 
0 -169.077 -30 29 -207.426 -197.534 -180.415 -205.494 
0 -186.912 -32 29 -203.012 -197.143 -181.668 -229.743 
-4 -169.869 -32 29 -203.574 -197.615 -179.722 -225.929 
-4 -169.87 -32 29 -203.574 -197.615 -179.722 -225.929 
-4 -169.903 -32 29 -203.574 -197.615 -179.722 -225.929 
0 -175.667 -32 29 -204.437 -196.426 -180.82 -225.244 
0 -176.962 -32 29 -202.415 -197.851 -180.415 -227.664 
0 -171.107 -30 29 -206.073 -198.31 -180.415 -208.093 
0 -185.949 -32 29 -204.371 -196.524 -182.766 -226.593 
-3 -164.06 -30 29 -208.535 -197.072 -179.722 -204.278 
0 -187.587 -32 29 -202.349 -197.949 -182.361 -229.014 
0 -181.732 -30 29 -206.008 -198.408 -182.361 -209.443 
0 -173.354 -32 29 -202.043 -198.023 -179.722 -227.874 
0 -185.903 -33 29 -201.016 -199.08 -181.262 -229.23 
0 -189.617 -32 29 -200.997 -198.726 -182.361 -231.612 
-4 -171.849 -32 29 -203.574 -197.615 -179.722 -225.929 
-3 -172.288 -32 29 -203.524 -197.389 -179.722 -226.448 
0 -178.86 -32 29 -200.715 -198.735 -180.415 -231.171 
0 -180.132 -32 29 -205.86 -197.117 -180.569 -215.628 
-3 -182.57 -32 29 -203.459 -197.487 -181.668 -227.797 
-4 -172.473 -32 29 -203.574 -197.615 -179.722 -225.929 
-4 -172.495 -32 29 -203.574 -197.615 -179.722 -225.929 
-4 -172.542 -32 29 -203.574 -197.615 -179.722 -225.929 
-4 -172.745 -32 29 -203.574 -197.615 -179.722 -225.929 
0 -180.578 -32 29 -205.86 -197.117 -180.569 -215.628 
0 -164.608 -30 29 -205.717 -198.463 -179.722 -207.834 
-4 -172.807 -32 29 -203.574 -197.615 -179.722 -225.929 
0 -177.897 -32 29 -202.074 -198.116 -181.513 -228.021 
0 -173.089 -31 29 -205.558 -196.773 -179.722 -217.568 
-4 -173.184 -32 29 -203.574 -197.615 -179.722 -225.929 
-4 -175.584 -32 29 -203.459 -197.487 -181.668 -227.797 
-4 -165.87 -31 29 -206.055 -197.343 -179.722 -215.104 
0 -173.535 -31 29 -205.558 -196.773 -179.722 -217.568 
0 -183.371 -31 29 -205.492 -196.871 -181.668 -218.917 
-4 -173.479 -32 29 -203.574 -197.615 -179.722 -225.929 
-4 -173.562 -32 29 -203.574 -197.615 -179.722 -225.929 
-4 -173.568 -32 29 -203.574 -197.615 -179.722 -225.929 
-4 -166.328 -31 29 -206.055 -197.343 -179.722 -215.104 
-4 -166.33 -31 29 -206.055 -197.343 -179.722 -215.104 
-4 -166.362 -31 29 -206.055 -197.343 -179.722 -215.104 
0 -172.126 -31 29 -206.918 -196.154 -180.82 -214.418 
0 -173.421 -31 29 -204.896 -197.579 -180.415 -216.839 
0 -183.817 -31 29 -205.492 -196.871 -181.668 -218.917 
-4 -174.005 -32 29 -203.574 -197.615 -179.722 -225.929 
-4 -166.774 -31 29 -206.055 -197.343 -179.722 -215.104 
-4 -166.808 -31 29 -206.055 -197.343 -179.722 -215.104 
0 -172.572 -31 29 -206.918 -196.154 -180.82 -214.418 
0 -173.368 -31 29 -203.237 -198.735 -179.722 -218.659 
0 -182.408 -31 29 -206.852 -196.252 -182.766 -215.768 
0 -173.867 -31 29 -204.896 -197.579 -180.415 -216.839 
-4 -174.536 -32 29 -203.574 -197.615 -179.722 -225.929 
-4 -174.649 -32 29 -203.574 -197.615 -179.722 -225.929 
FEATURES_TXT_END_0
FEATURES_TXT_BEGIN_0 80 100 8 Distortion0_0 LM0_0 WordPenalty0_0 PhrasePenalty0_0 TranslationModel0_0 TranslationModel0_1 TranslationModel0_2 TranslationModel0_3 
0 -161.734 -29 27 -194.816 -196.227 -177.493 -213.707 
0 -158.626 -29 27 -196.68 -194.643 -177.493 -211.81 
0 -165.243 -28 27 -197.296 -195.955 -177.493 -202.882 
0 -162.135 -28 27 -199.16 -194.371 -177.493 -200.985 
-3 -156.925 -29 27 -194.816 -196.227 -177.493 -213.707 
0 -165.55 -29 27 -195.652 -195.535 -176.395 -210.778 
-3 -153.816 -29 27 -196.68 -194.643 -177.493 -211.81 
0 -162.519 -29 27 -193.854 -196.459 -178.88 -214.749 
-4 -156.788 -29 27 -194.816 -196.227 -177.493 -213.707 
-4 -158.137 -29 27 -194.816 -196.227 -177.493 -213.707 
-4 -158.356 -29 27 -194.816 -196.227 -177.493 -213.707 
-4 -159.187 -29 27 -194.816 -196.227 -177.493 -213.707 
-4 -159.646 -29 27 -194.816 -196.227 -177.493 -213.707 
-4 -159.965 -29 27 -194.816 -196.227 -177.493 -213.707 
-3 -160.433 -28 27 -197.296 -195.955 -177.493 -202.882 
0 -162.442 -29 27 -197.517 -193.951 -176.395 -208.881 
-4 -160.729 -29 27 -194.816 -196.227 -177.493 -213.707 
-4 -160.74 -29 27 -194.816 -196.227 -177.493 -213.707 
0 -165.668 -29 27 -192.107 -197.564 -177.493 -216.843 
-4 -161.169 -29 27 -194.816 -196.227 -177.493 -213.707 
-4 -161.279 -29 27 -194.816 -196.227 -177.493 -213.707 
0 -159.411 -29 27 -195.718 -194.875 -178.88 -212.852 
-4 -161.684 -29 27 -194.816 -196.227 -177.493 -213.707 
-4 -161.819 -29 27 -194.816 -196.227 -177.493 -213.707 
-4 -161.947 -29 27 -194.816 -196.227 -177.493 -213.707 
-4 -162.011 -29 27 -194.816 -196.227 -177.493 -213.707 
-4 -162.246 -29 27 -194.816 -196.227 -177.493 -213.707 
-4 -162.343 -29 27 -194.816 -196.227 -177.493 -213.707 
-4 -162.584 -29 27 -194.816 -196.227 -177.493 -213.707 
-4 -153.68 -29 27 -196.68 -194.643 -177.493 -211.81 
-4 -163.154 -29 27 -194.816 -196.227 -177.493 -213.707 
0 -162.377 -29 27 -194.19 -195.966 -177.493 -214.326 
-4 -155.029 -29 27 -196.68 -194.643 -177.493 -211.81 
-4 -164.272 -29 27 -194.816 -196.227 -177.493 -213.707 
0 -161.077 -29 27 -193.4 -196.81 -177.493 -213.707 
-4 -155.247 -29 27 -196.68 -194.643 -177.493 -211.81 
0 -168.12 -28 27 -198.133 -195.263 -176.395 -199.953 
-4 -155.792 -29 27 -196.68 -194.643 -177.493 -211.81 
-4 -156.079 -29 27 -196.68 -194.643 -177.493 -211.81 
-4 -165.41 -29 27 -194.816 -196.227 -177.493 -213.707 
0 -164.872 -28 27 -194.478 -197.347 -177.493 -206.438 
-4 -156.857 -29 27 -196.68 -194.643 -177.493 -211.81 
-3 -157.325 -28 27 -199.16 -194.371 -177.493 -200.985 
0 -166.028 -28 27 -196.334 -196.187 -178.88 -203.923 
-4 -166.533 -29 27 -194.816 -196.227 -177.493 -213.707 
-4 -166.688 -29 27 -194.816 -196.227 -177.493 -213.707 
-4 -157.621 -29 27 -196.68 -194.643 -177.493 -211.81 
-4 -157.632 -29 27 -196.68 -194.643 -177.493 -211.81 
0 -162.492 -29 27 -193.972 -195.98 -177.493 -214.946 
-4 -167.154 -29 27 -194.816 -196.227 -177.493 -213.707 
-4 -158.06 -29 27 -196.68 -194.643 -177.493 -211.81 
-4 -167.238 -29 27 -194.816 -196.227 -177.493 -213.707 
-4 -158.17 -29 27 -196.68 -194.643 -177.493 -211.81 
-4 -160.297 -28 27 -197.296 -195.955 -177.493 -202.882 
-4 -167.642 -29 27 -194.816 -196.227 -177.493 -213.707 
-4 -158.576 -29 27 -196.68 -194.643 -177.493 -211.81 
-4 -158.71 -29 27 -196.68 -194.643 -177.493 -211.81 
-4 -158.903 -29 27 -196.68 -194.643 -177.493 -211.81 
-4 -159.234 -29 27 -196.68 -194.643 -177.493 -211.81 
-4 -159.475 -29 27 -196.68 -194.643 -177.493 -211.81 
-4 -161.646 -28 27 -197.296 -195.955 -177.493 -202.882 
-4 -160.046 -29 27 -196.68 -194.643 -177.493 -211.81 
-4 -161.864 -28 27 -197.296 -195.955 -177.493 -202.882 
-4 -160.148 -29 27 -196.68 -194.643 -177.493 -211.81 
-5 -161.792 -29 27 -194.816 -196.227 -177.493 -213.707 
-5 -161.913 -29 27 -194.816 -196.227 -177.493 -213.707 
-4 -160.594 -29 27 -196.68 -194.643 -177.493 -211.81 
-4 -162.435 -28 27 -197.296 -195.955 -177.493 -202.882 
-6 -154.248 -29 27 -194.816 -196.227 -177.493 -213.707 
0 -159.269 -29 27 -196.054 -194.383 -177.493 -212.429 
-4 -162.695 -28 27 -197.296 -195.955 -177.493 -202.882 
-4 -161.164 -29 27 -196.68 -194.643 -177.493 -211.81 
0 -157.968 -29 27 -195.264 -195.226 -177.493 -211.81 
-4 -161.36 -29 27 -196.68 -194.643 -177.493 -211.81 
-4 -163.154 -28 27 -197.296 -195.955 -177.493 -202.882 
0 -165.012 -28 27 -199.997 -193.679 -176.395 -198.056 
-4 -163.473 -28 27 -197.296 -195.955 -177.493 -202.882 
-4 -164.238 -28 27 -197.296 -195.955 -177.493 -202.882 
-4 -164.249 -28 27 -197.296 -195.955 -177.493 -202.882 
-4 -164.335 -28 27 -197.296 -195.955 -177.493 -202.882 
0 -169.176 -28 27 -194.588 -197.292 -177.493 -206.017 
0 -161.763 -28 27 -196.342 -195.763 -177.493 -204.541 
-4 -164.677 -28 27 -197.296 -195.955 -177.493 -202.882 
-4 -164.787 -28 27 -197.296 -195.955 -177.493 -202.882 
-6 -156.757 -29 27 -194.816 -196.227 -177.493 -213.707 
0 -162.919 -28 27 -198.199 -194.603 -178.88 -202.026 
-4 -165.192 -28 27 -197.296 -195.955 -177.493 -202.882 
-4 -163.425 -29 27 -196.68 -194.643 -177.493 -211.81 
-4 -165.327 -28 27 -197.296 -195.955 -177.493 -202.882 
-4 -163.58 -29 27 -196.68 -194.643 -177.493 -211.81 
-6 -157.241 -29 27 -194.816 -196.227 -177.493 -213.707 
-4 -165.455 -28 27 -197.296 -195.955 -177.493 -202.882 
-4 -165.519 -28 27 -197.296 -195.955 -177.493 -202.882 
-4 -165.728 -28 27 -197.296 -195.955 -177.493 -202.882 
-4 -165.755 -28 27 -197.296 -195.955 -177.493 -202.882 
-4 -164.045 -29 27 -196.68 -194.643 -177.493 -211.81 
-3 -160.74 -29 27 -195.652 -195.535 -176.395 -210.778 
-4 -165.851 -28 27 -197.296 -195.955 -177.493 -202.882 
-4 -164.13 -29 27 -196.68 -194.643 -177.493 -211.81 
-4 -166.092 -28 27 -197.296 -195.955 -177.493 -202.882 
FEATURES_TXT_END_0
FEATURES_TXT_BEGIN_0 81 100 8 Distortion0_0 LM0_0 WordPenalty0_0 PhrasePenalty0_0 TranslationModel0_0 TranslationModel0_1 TranslationModel0_2 TranslationModel0_3 
0 -368.714 -60 53 -354.705 -348.412 -332.317 -433.623 
0 -367.781 -60 53 -355.564 -347.762 -332.317 -432.642 
0 -362.754 -59 53 -357.186 -348.14 -332.317 -422.798 
0 -361.821 -59 53 -358.045 -347.49 -332.317 -421.817 
0 -364.348 -59 53 -357.186 -348.14 -332.317 -422.798 
0 -364.857 -59 53 -357.186 -348.14 -332.317 -422.798 
0 -363.414 -59 53 -358.045 -347.49 -332.317 -421.817 
0 -363.923 -59 53 -358.045 -347.49 -332.317 -421.817 
0 -365.649 -59 53 -357.186 -348.14 -332.317 -422.798 
0 -358.388 -58 53 -359.666 -347.868 -332.317 -411.972 
0 -358.897 -58 53 -359.666 -347.868 -332.317 -411.972 
0 -364.716 -59 53 -358.045 -347.49 -332.317 -421.817 
0 -357.454 -58 53 -360.526 -347.219 -332.317 -410.991 
0 -366.638 -59 53 -357.186 -348.14 -332.317 -422.798 
0 -357.963 -58 53 -360.526 -347.219 -332.317 -410.991 
0 -359.689 -58 53 -359.666 -347.868 -332.317 -411.972 
0 -370.336 -60 53 -354.61 -348.352 -332.317 -433.911 
0 -365.704 -59 53 -358.045 -347.491 -332.317 -421.817 
0 -358.755 -58 53 -360.526 -347.219 -332.317 -410.991 
0 -369.403 -60 53 -355.469 -347.703 -332.317 -432.93 
0 -360.491 -58 53 -359.666 -347.868 -332.317 -411.972 
0 -360.677 -58 53 -359.666 -347.868 -332.317 -411.972 
0 -364.376 -59 53 -357.09 -348.08 -332.317 -423.085 
0 -359.557 -58 53 -360.526 -347.219 -332.317 -410.991 
0 -368.519 -60 53 -354.656 -348.186 -332.317 -434.142 
0 -361.283 -58 53 -359.666 -347.868 -332.317 -411.972 
0 -359.744 -58 53 -360.526 -347.219 -332.317 -410.991 
0 -368.954 -60 53 -354.656 -348.186 -332.317 -434.142 
0 -363.443 -59 53 -357.95 -347.431 -332.317 -422.104 
0 -361.792 -58 53 -359.666 -347.868 -332.317 -411.972 
0 -354.531 -57 53 -362.147 -347.597 -332.317 -401.147 
0 -367.585 -60 53 -355.515 -347.536 -332.317 -433.161 
0 -360.349 -58 53 -360.526 -347.219 -332.317 -410.991 
0 -369.51 -60 53 -354.656 -348.186 -332.317 -434.142 
0 -362.271 -58 53 -359.666 -347.868 -332.317 -411.972 
0 -368.02 -60 53 -355.515 -347.536 -332.317 -433.161 
0 -360.858 -58 53 -360.526 -347.219 -332.317 -410.991 
0 -353.597 -57 53 -363.006 -346.947 -332.317 -400.166 
0 -362.559 -59 53 -357.136 -347.914 -332.317 -423.316 
0 -355.323 -57 53 -362.147 -347.597 -332.317 -401.147 
0 -365.97 -59 53 -357.09 -348.08 -332.317 -423.085 
0 -362.78 -58 53 -359.666 -347.868 -332.317 -411.972 
0 -368.382 -60 53 -356.569 -346.828 -332.317 -431.726 
0 -368.577 -60 53 -355.515 -347.536 -332.317 -433.161 
0 -361.338 -58 53 -360.526 -347.219 -332.317 -410.991 
0 -362.994 -59 53 -357.136 -347.914 -332.317 -423.316 
0 -355.832 -57 53 -362.147 -347.597 -332.317 -401.147 
0 -366.479 -59 53 -357.09 -348.08 -332.317 -423.085 
0 -361.625 -59 53 -357.996 -347.264 -332.317 -422.336 
0 -354.389 -57 53 -363.006 -346.947 -332.317 -400.166 
0 -365.037 -59 53 -357.95 -347.431 -332.317 -422.104 
0 -361.846 -58 53 -360.526 -347.219 -332.317 -410.991 
0 -367.449 -60 53 -357.429 -346.178 -332.317 -430.745 
0 -363.572 -58 53 -359.666 -347.868 -332.317 -411.972 
0 -363.55 -59 53 -357.136 -347.914 -332.317 -423.316 
0 -362.879 -60 53 -356.421 -347.317 -329.875 -428.801 
0 -356.311 -57 53 -362.147 -347.597 -332.317 -401.147 
0 -362.914 -60 53 -356.421 -347.317 -329.875 -428.801 
0 -367.181 -60 53 -354.324 -348.526 -332.317 -433.623 
0 -362.06 -59 53 -357.996 -347.264 -332.317 -422.336 
0 -354.898 -57 53 -363.006 -346.947 -332.317 -400.166 
0 -365.545 -59 53 -357.95 -347.431 -332.317 -422.104 
0 -367.271 -59 53 -357.09 -348.08 -332.317 -423.085 
0 -360.01 -58 53 -359.571 -347.809 -332.317 -412.26 
0 -356.82 -57 53 -362.147 -347.597 -332.317 -401.147 
0 -364.152 -59 53 -357.136 -347.914 -332.317 -423.316 
0 -362.422 -59 53 -359.05 -346.556 -332.317 -420.901 
0 -362.639 -58 53 -360.526 -347.219 -332.317 -410.991 
0 -362.617 -59 53 -357.996 -347.264 -332.317 -422.336 
0 -361.946 -60 53 -357.28 -346.667 -329.875 -427.82 
0 -355.378 -57 53 -363.006 -346.947 -332.317 -400.166 
0 -361.98 -60 53 -357.28 -346.667 -329.875 -427.82 
0 -360.519 -58 53 -359.571 -347.809 -332.317 -412.26 
0 -364.588 -59 53 -357.136 -347.914 -332.317 -423.316 
0 -366.338 -59 53 -357.95 -347.431 -332.317 -422.104 
0 -364.661 -59 53 -357.136 -347.914 -332.317 -423.316 
0 -359.076 -58 53 -360.43 -347.159 -332.317 -411.279 
0 -357.425 -57 53 -362.147 -347.597 -332.317 -401.147 
0 -355.886 -57 53 -363.006 -346.947 -332.317 -400.166 
0 -363.219 -59 53 -357.996 -347.264 -332.317 -422.336 
0 -361.489 -59 53 -359.909 -345.907 -332.317 -419.92 
0 -357.612 -57 53 -362.147 -347.597 -332.317 -401.147 
0 -368.26 -59 53 -357.09 -348.08 -332.317 -423.085 
0 -356.919 -59 53 -358.902 -347.045 -329.875 -417.976 
0 -356.954 -59 53 -358.902 -347.045 -329.875 -417.976 
0 -361.221 -59 53 -356.805 -348.254 -332.317 -422.798 
0 -365.096 -59 53 -357.136 -347.914 -332.317 -423.316 
0 -365.144 -59 53 -357.136 -347.914 -332.317 -423.316 
0 -359.585 -58 53 -360.43 -347.159 -332.317 -411.279 
0 -363.654 -59 53 -357.996 -347.264 -332.317 -422.336 
0 -361.311 -58 53 -359.571 -347.809 -332.317 -412.26 
0 -363.728 -59 53 -357.996 -347.265 -332.317 -422.336 
0 -356.492 -57 53 -363.006 -346.947 -332.317 -400.166 
0 -365.453 -59 53 -357.136 -347.914 -332.317 -423.316 
0 -358.192 -58 53 -359.617 -347.642 -332.317 -412.491 
0 -356.679 -57 53 -363.006 -346.947 -332.317 -400.166 
0 -367.326 -59 53 -357.95 -347.431 -332.317 -422.104 
0 -355.986 -59 53 -359.761 -346.395 -329.875 -416.995 
0 -365.653 -59 53 -357.136 -347.914 -332.317 -423.316 
0 -356.02 -59 53 -359.761 -346.395 -329.875 -416.995 
FEATURES_TXT_END_0
FEATURES_TXT_BEGIN_0 82 100 8 Distortion0_0 LM0_0 WordPenalty0_0 PhrasePenalty0_0 TranslationModel0_0 TranslationModel0_1 TranslationModel0_2 TranslationModel0_3 
0 -176.129 -34 30 -200.34 -184.149 -186.983 -218.577 
0 -173.689 -34 30 -200.629 -184.807 -187.676 -213.691 
0 -174.578 -34 30 -200.629 -184.807 -187.676 -213.691 
0 -175.103 -33 30 -200.818 -184.556 -186.289 -213.685 
0 -173.934 -33 30 -202.82 -183.877 -186.983 -207.751 
0 -176.948 -33 30 -200.818 -184.556 -186.289 -213.685 
0 -172.138 -34 30 -200.918 -185.466 -188.369 -208.805 
0 -172.663 -33 30 -201.108 -185.215 -186.983 -208.8 
0 -176.705 -34 30 -200.29 -183.923 -186.983 -219.095 
0 -172.897 -33 30 -200.853 -184.567 -185.278 -212.562 
0 -171.493 -33 30 -203.11 -184.536 -187.676 -202.865 
0 -171.588 -33 30 -203.11 -184.536 -187.676 -202.865 
0 -177.384 -34 30 -200.29 -183.923 -186.983 -219.095 
0 -172.908 -32 30 -203.299 -184.284 -186.289 -202.86 
0 -174.075 -33 30 -200.853 -184.567 -185.278 -212.562 
0 -175.397 -33 30 -201.108 -185.215 -186.983 -208.8 
0 -175.922 -32 30 -201.297 -184.963 -185.596 -208.794 
0 -178.894 -33 30 -202.82 -183.877 -186.983 -207.751 
0 -174.265 -34 30 -200.58 -184.581 -187.676 -214.21 
0 -174.753 -32 30 -203.299 -184.284 -186.289 -202.86 
0 -169.148 -33 30 -203.399 -185.194 -188.369 -197.98 
0 -174.943 -34 30 -200.58 -184.581 -187.676 -214.21 
0 -175.155 -34 30 -200.58 -184.581 -187.676 -214.21 
0 -175.68 -33 30 -200.769 -184.33 -186.289 -214.204 
0 -171.346 -33 30 -201.142 -185.226 -185.971 -207.676 
0 -171.871 -32 30 -201.332 -184.975 -184.585 -207.67 
0 -176.894 -33 30 -200.577 -184.535 -187.676 -214.546 
0 -170.467 -32 30 -203.588 -184.943 -186.983 -197.974 
0 -171.634 -33 30 -201.142 -185.226 -185.971 -207.676 
0 -175.833 -34 30 -200.58 -184.581 -187.676 -214.21 
0 -176.358 -33 30 -200.769 -184.33 -186.289 -214.204 
0 -174.51 -33 30 -202.771 -183.651 -186.983 -208.27 
0 -176.453 -33 30 -203.11 -184.536 -187.676 -202.865 
0 -170.702 -32 30 -203.333 -184.296 -185.278 -201.736 
0 -171.085 -32 30 -203.333 -184.296 -185.278 -201.736 
0 -175.188 -33 30 -202.771 -183.651 -186.983 -208.27 
0 -177.525 -33 30 -200.769 -184.33 -186.289 -214.204 
0 -178.55 -33 30 -200.577 -184.535 -187.676 -214.546 
0 -177.343 -33 30 -203.11 -184.536 -187.676 -202.865 
0 -177.868 -32 30 -203.299 -184.284 -186.289 -202.86 
0 -172.408 -32 30 -203.588 -184.943 -186.983 -197.974 
0 -178.203 -33 30 -200.769 -184.33 -186.289 -214.204 
0 -169.815 -33 30 -200.146 -184.807 -185.596 -213.685 
0 -172.714 -34 30 -200.869 -185.24 -188.369 -209.324 
0 -173.239 -33 30 -201.058 -184.989 -186.983 -209.318 
0 -173.727 -31 30 -203.778 -184.691 -185.596 -197.969 
0 -176.698 -32 30 -205.301 -183.605 -186.983 -196.926 
0 -174.894 -32 30 -201.332 -184.975 -184.585 -207.67 
0 -174.453 -33 30 -200.867 -185.193 -188.369 -209.66 
0 -175.872 -34 30 -200.214 -184.002 -186.983 -218.171 
0 -175.922 -34 30 -200.214 -184.002 -186.983 -218.171 
0 -173.393 -34 30 -200.869 -185.24 -188.369 -209.324 
0 -173.918 -33 30 -201.058 -184.989 -186.983 -209.318 
0 -179.713 -32 30 -203.299 -184.284 -186.289 -202.86 
0 -173.473 -33 30 -200.803 -184.341 -185.278 -213.08 
0 -172.069 -33 30 -203.06 -184.31 -187.676 -203.384 
0 -172.165 -33 30 -203.06 -184.31 -187.676 -203.384 
0 -168.356 -32 30 -203.623 -184.954 -185.971 -196.85 
0 -177.96 -34 30 -200.241 -183.697 -186.983 -219.614 
0 -173.904 -32 30 -203.058 -184.263 -187.676 -203.72 
0 -174.152 -33 30 -200.803 -184.341 -185.278 -213.08 
0 -168.644 -32 30 -203.623 -184.954 -185.971 -196.85 
0 -172.748 -33 30 -203.06 -184.31 -187.676 -203.384 
0 -172.843 -33 30 -203.06 -184.31 -187.676 -203.384 
0 -173.484 -32 30 -203.25 -184.058 -186.289 -203.379 
0 -174.651 -33 30 -200.803 -184.341 -185.278 -213.08 
0 -174.903 -33 30 -203.399 -185.194 -188.369 -197.98 
0 -175.428 -32 30 -203.588 -184.943 -186.983 -197.974 
0 -169.676 -31 30 -203.812 -184.703 -184.585 -196.845 
0 -170.843 -32 30 -201.366 -184.986 -183.573 -206.546 
0 -167.375 -33 30 -200.435 -185.466 -186.289 -208.8 
0 -174.163 -32 30 -203.25 -184.058 -186.289 -203.379 
0 -175.974 -33 30 -201.058 -184.989 -186.983 -209.318 
0 -175.329 -33 30 -200.803 -184.341 -185.278 -213.08 
0 -176.999 -33 30 -200.867 -185.193 -188.369 -209.66 
0 -176.499 -32 30 -201.248 -184.737 -185.596 -209.313 
0 -177.524 -32 30 -201.056 -184.942 -186.983 -209.654 
0 -182.68 -34 30 -199.207 -184.742 -186.983 -219.675 
0 -179.47 -33 30 -202.771 -183.651 -186.983 -208.27 
0 -177.713 -32 30 -201.056 -184.942 -186.983 -209.654 
0 -175.662 -32 30 -203.333 -184.296 -185.278 -201.736 
0 -174.258 -32 30 -205.59 -184.264 -187.676 -192.04 
0 -174.353 -32 30 -205.59 -184.264 -187.676 -192.04 
0 -176.652 -33 30 -201.058 -184.989 -186.983 -209.318 
0 -173.431 -34 30 -200.503 -184.66 -187.676 -213.286 
0 -177.177 -32 30 -201.248 -184.737 -185.596 -209.313 
0 -173.482 -34 30 -200.503 -184.66 -187.676 -213.286 
0 -180.149 -33 30 -202.771 -183.651 -186.983 -208.27 
0 -173.93 -33 30 -200.146 -184.807 -185.596 -213.685 
0 -175.329 -32 30 -203.25 -184.058 -186.289 -203.379 
0 -176.355 -32 30 -203.058 -184.263 -187.676 -203.72 
0 -175.673 -31 30 -205.78 -184.012 -186.289 -192.035 
0 -176.84 -32 30 -203.333 -184.296 -185.278 -201.736 
0 -169.724 -33 30 -203.35 -184.968 -188.369 -198.498 
0 -167.311 -32 30 -202.627 -184.536 -185.596 -202.86 
0 -174.321 -34 30 -200.503 -184.66 -187.676 -213.286 
0 -174.371 -34 30 -200.503 -184.66 -187.676 -213.286 
0 -174.846 -33 30 -200.693 -184.409 -186.289 -213.28 
0 -171.904 -31 30 -203.812 -184.703 -184.585 -196.845 
0 -174.896 -33 30 -200.693 -184.409 -186.289 -213.28 
FEATURES_TXT_END_0
FEATURES_TXT_BEGIN_0 83 100 8 Distortion0_0 LM0_0 WordPenalty0_0 PhrasePenalty0_0 TranslationModel0_0 TranslationModel0_1 TranslationModel0_2 TranslationModel0_3 
0 -318.825 -47 44 -269.599 -269.681 -231.643 -295.83 
0 -316.967 -47 44 -269.715 -269.809 -229.697 -293.962 
0 -322.07 -47 44 -269.484 -269.553 -233.589 -297.699 
0 -320.213 -47 44 -269.599 -269.681 -231.643 -295.83 
0 -314.512 -46 44 -272.08 -269.41 -231.643 -285.005 
0 -312.654 -46 44 -272.195 -269.538 -229.697 -283.137 
0 -317.757 -46 44 -271.965 -269.282 -233.589 -286.873 
0 -320.017 -47 44 -269.599 -269.527 -231.643 -296.236 
0 -323.186 -47 44 -269.945 -269.236 -231.643 -296.38 
0 -315.9 -46 44 -272.08 -269.41 -231.643 -285.005 
0 -318.16 -47 44 -269.715 -269.655 -229.697 -294.367 
0 -321.328 -47 44 -270.06 -269.364 -229.697 -294.512 
0 -323.263 -47 44 -269.484 -269.399 -233.589 -298.104 
0 -320.485 -48 44 -269.599 -269.527 -231.643 -296.241 
0 -326.432 -47 44 -269.83 -269.108 -233.589 -298.249 
0 -321.405 -47 44 -269.599 -269.527 -231.643 -296.236 
0 -318.627 -48 44 -269.715 -269.655 -229.697 -294.373 
0 -324.574 -47 44 -269.945 -269.236 -231.643 -296.38 
0 -316.118 -47 44 -271.464 -268.098 -231.643 -293.933 
0 -324.449 -48 44 -269.484 -269.399 -233.589 -298.11 
0 -314.26 -47 44 -271.579 -268.226 -229.697 -292.065 
0 -316.708 -47 44 -271.464 -268.098 -231.643 -293.933 
0 -310.601 -47 44 -271.315 -268.586 -229.201 -291.008 
0 -319.364 -47 44 -271.348 -267.97 -233.589 -295.802 
0 -318.794 -46 44 -272.08 -269.41 -231.643 -285.005 
0 -315.704 -46 44 -272.08 -269.256 -231.643 -285.41 
0 -322.592 -48 44 -269.599 -269.527 -231.643 -296.241 
0 -318.873 -46 44 -272.426 -268.965 -231.643 -285.555 
0 -314.851 -47 44 -271.579 -268.226 -229.697 -292.065 
0 -319.196 -46 44 -272.426 -268.965 -231.643 -285.555 
0 -308.743 -47 44 -271.431 -268.714 -227.255 -289.14 
0 -317.506 -47 44 -271.464 -268.098 -231.643 -293.933 
0 -316.937 -46 44 -272.195 -269.538 -229.697 -283.137 
0 -313.847 -46 44 -272.195 -269.384 -229.697 -283.542 
0 -319.954 -47 44 -271.348 -267.97 -233.589 -295.802 
0 -315.719 -48 44 -269.569 -269.809 -230.545 -293.967 
0 -317.015 -46 44 -272.541 -269.093 -229.697 -283.687 
0 -313.846 -47 44 -271.2 -268.458 -231.147 -292.877 
0 -322.04 -46 44 -271.965 -269.282 -233.589 -286.873 
0 -318.95 -46 44 -271.965 -269.128 -233.589 -287.279 
0 -316.172 -47 44 -272.08 -269.256 -231.643 -285.416 
0 -322.119 -46 44 -272.31 -268.837 -233.589 -287.423 
0 -317.339 -46 44 -272.541 -269.093 -229.697 -283.687 
0 -318.096 -47 44 -271.464 -268.098 -231.643 -293.933 
0 -322.442 -46 44 -272.31 -268.837 -233.589 -287.423 
0 -311.989 -47 44 -271.315 -268.586 -229.201 -291.008 
0 -324.378 -47 44 -269.945 -269.082 -231.643 -296.786 
0 -320.182 -46 44 -272.08 -269.41 -231.643 -285.005 
0 -317.092 -46 44 -272.08 -269.256 -231.643 -285.41 
0 -318.965 -48 44 -269.454 -269.681 -232.49 -295.836 
0 -314.314 -47 44 -272.195 -269.384 -229.697 -283.547 
0 -320.261 -46 44 -272.426 -268.965 -231.643 -285.555 
0 -320.585 -46 44 -272.426 -268.965 -231.643 -285.555 
0 -322.521 -47 44 -270.06 -269.21 -229.697 -294.918 
0 -311.805 -46 44 -273.944 -267.826 -231.643 -283.108 
0 -327.624 -47 44 -269.83 -268.954 -233.589 -298.654 
0 -324.846 -48 44 -269.945 -269.082 -231.643 -296.791 
0 -320.136 -47 44 -271.965 -269.128 -233.589 -287.284 
0 -309.947 -46 44 -274.06 -267.954 -229.697 -281.239 
0 -312.395 -46 44 -273.944 -267.826 -231.643 -283.108 
0 -325.767 -47 44 -269.945 -269.082 -231.643 -296.786 
0 -322.988 -48 44 -270.06 -269.21 -229.697 -294.923 
0 -306.288 -46 44 -273.796 -268.315 -229.201 -280.183 
0 -315.051 -46 44 -273.829 -267.698 -233.589 -284.976 
0 -314.481 -45 44 -274.561 -269.138 -231.643 -274.18 
0 -318.279 -47 44 -272.08 -269.256 -231.643 -285.416 
0 -310.538 -46 44 -274.06 -267.954 -229.697 -281.239 
0 -317.31 -47 44 -271.464 -267.943 -231.643 -294.339 
0 -314.883 -45 44 -274.906 -268.693 -231.643 -274.73 
0 -304.43 -46 44 -273.911 -268.443 -227.255 -278.314 
0 -320.479 -47 44 -271.809 -267.652 -231.643 -294.483 
0 -313.193 -46 44 -273.944 -267.826 -231.643 -283.108 
0 -312.624 -45 44 -274.676 -269.266 -229.697 -272.311 
0 -315.641 -46 44 -273.829 -267.698 -233.589 -284.976 
0 -311.406 -47 44 -272.05 -269.538 -230.545 -283.142 
0 -309.533 -46 44 -273.681 -268.187 -231.147 -282.051 
0 -328.811 -48 44 -269.83 -268.954 -233.589 -298.66 
0 -317.727 -45 44 -274.445 -269.01 -233.589 -276.048 
0 -315.453 -47 44 -271.579 -268.071 -229.697 -292.47 
0 -313.026 -45 44 -275.022 -268.821 -229.697 -272.861 
0 -317.9 -47 44 -271.464 -267.943 -231.643 -294.339 
0 -318.622 -47 44 -271.925 -267.78 -229.697 -292.615 
0 -321.069 -47 44 -271.809 -267.652 -231.643 -294.483 
0 -313.784 -46 44 -273.944 -267.826 -231.643 -283.108 
0 -321.736 -48 44 -269.454 -269.681 -232.49 -295.836 
0 -320.556 -47 44 -271.348 -267.815 -233.589 -296.207 
0 -314.962 -47 44 -271.661 -268.141 -229.201 -291.558 
0 -318.129 -45 44 -274.791 -268.565 -233.589 -276.598 
0 -307.676 -46 44 -273.796 -268.315 -229.201 -280.183 
0 -319.986 -46 44 -272.08 -269.256 -231.643 -285.41 
0 -317.778 -48 44 -271.464 -267.943 -231.643 -294.344 
0 -323.725 -47 44 -271.694 -267.525 -233.589 -296.352 
0 -320.065 -46 44 -272.426 -268.811 -231.643 -285.961 
0 -326.953 -48 44 -269.945 -269.082 -231.643 -296.791 
0 -315.87 -45 44 -274.561 -269.138 -231.643 -274.18 
0 -314.652 -47 44 -271.935 -269.41 -232.49 -285.01 
0 -316.043 -47 44 -271.579 -268.071 -229.697 -292.47 
0 -319.212 -47 44 -271.925 -267.78 -229.697 -292.615 
0 -320.389 -46 44 -272.426 -268.811 -231.643 -285.961 
0 -319.879 -48 44 -269.569 -269.809 -230.544 -293.967 
FEATURES_TXT_END_0
FEATURES_TXT_BEGIN_0 84 74 8 Distortion0_0 LM0_0 WordPenalty0_0 PhrasePenalty0_0 TranslationModel0_0 TranslationModel0_1 TranslationModel0_2 TranslationModel0_3 
0 -498.053 -78 72 -457.683 -474.5 -462.085 -585.808 
0 -491.669 -77 72 -460.163 -474.228 -462.085 -574.982 
0 -482.868 -75 72 -464.97 -473.711 -462.085 -553.331 
0 -485.284 -76 72 -462.644 -473.956 -462.085 -564.157 
0 -493.367 -77 72 -460.163 -474.228 -462.085 -574.982 
0 -493.744 -77 72 -460.163 -474.228 -462.085 -574.982 
0 -493.805 -77 72 -460.163 -474.228 -462.085 -574.982 
0 -486.982 -76 72 -462.644 -473.956 -462.085 -564.157 
0 -473.367 -73 72 -470.086 -473.141 -462.085 -531.68 
0 -487.359 -76 72 -462.644 -473.956 -462.085 -564.157 
0 -498.584 -78 72 -456.989 -474.696 -461.392 -586.655 
0 -494.693 -77 72 -460.163 -474.228 -462.085 -574.982 
0 -487.42 -76 72 -462.644 -473.956 -462.085 -564.157 
0 -495.06 -77 72 -460.114 -474.002 -462.085 -575.501 
0 -480.597 -75 72 -465.125 -473.684 -462.085 -553.331 
0 -480.975 -75 72 -465.125 -473.684 -462.085 -553.331 
0 -488.309 -76 72 -462.644 -473.956 -462.085 -564.157 
0 -489.691 -76 72 -462.49 -473.983 -462.085 -564.157 
0 -481.036 -75 72 -465.125 -473.684 -462.085 -553.331 
0 -498.248 -78 72 -457.529 -474.526 -462.085 -585.808 
0 -489.058 -76 72 -462.644 -473.956 -462.085 -564.157 
0 -489.119 -76 72 -462.644 -473.956 -462.085 -564.157 
0 -481.924 -75 72 -465.125 -473.684 -462.085 -553.331 
0 -489.496 -76 72 -462.644 -473.956 -462.085 -564.157 
0 -491.863 -77 72 -460.009 -474.255 -462.085 -574.982 
0 -479.652 -76 72 -464.36 -472.861 -459.643 -559.335 
0 -482.673 -75 72 -465.125 -473.684 -462.085 -553.331 
0 -494.999 -77 72 -460.114 -474.002 -462.085 -575.501 
0 -490.007 -76 72 -462.644 -473.956 -462.085 -564.157 
0 -482.734 -75 72 -465.125 -473.684 -462.085 -553.331 
0 -472.989 -73 72 -470.086 -473.141 -462.085 -531.68 
0 -490.384 -76 72 -462.644 -473.956 -462.085 -564.157 
0 -483.111 -75 72 -465.125 -473.684 -462.085 -553.331 
0 -472.928 -73 72 -470.086 -473.141 -462.085 -531.68 
0 -490.445 -76 72 -462.644 -473.956 -462.085 -564.157 
0 -485.479 -76 72 -462.49 -473.983 -462.085 -564.157 
0 -476.288 -74 72 -467.605 -473.413 -462.085 -542.506 
0 -483.622 -75 72 -465.125 -473.684 -462.085 -553.331 
0 -482.119 -75 72 -464.971 -473.711 -462.085 -553.331 
0 -476.349 -74 72 -467.605 -473.413 -462.085 -542.506 
0 -483.999 -75 72 -465.125 -473.684 -462.085 -553.331 
0 -489.313 -76 72 -462.49 -473.983 -462.085 -564.157 
0 -476.726 -74 72 -467.605 -473.413 -462.085 -542.506 
0 -484.06 -75 72 -465.125 -473.684 -462.085 -553.331 
0 -494.622 -77 72 -460.114 -474.002 -462.085 -575.501 
0 -493.562 -77 72 -460.009 -474.255 -462.085 -574.982 
0 -477.237 -74 72 -467.605 -473.413 -462.085 -542.506 
0 -493.939 -77 72 -460.009 -474.255 -462.085 -574.982 
0 -499.308 -78 72 -457.633 -474.274 -462.085 -586.326 
0 -494 -77 72 -460.009 -474.255 -462.085 -574.982 
0 -484.809 -75 72 -465.125 -473.684 -462.085 -553.331 
0 -477.615 -74 72 -467.605 -473.413 -462.085 -542.506 
0 -477.676 -74 72 -467.605 -473.413 -462.085 -542.506 
0 -487.177 -76 72 -462.49 -473.983 -462.085 -564.157 
0 -489.252 -76 72 -462.49 -473.983 -462.085 -564.157 
0 -487.554 -76 72 -462.49 -473.983 -462.085 -564.157 
0 -479.751 -74 72 -467.605 -473.413 -462.085 -542.506 
0 -494.888 -77 72 -460.009 -474.255 -462.085 -574.982 
0 -492.923 -77 72 -460.114 -474.002 -462.085 -575.501 
0 -486.037 -77 72 -461.879 -473.133 -459.643 -570.16 
0 -487.615 -76 72 -462.49 -473.983 -462.085 -564.157 
0 -479.374 -74 72 -467.605 -473.413 -462.085 -542.506 
0 -485.698 -75 72 -465.125 -473.684 -462.085 -553.331 
0 -478.425 -74 72 -467.605 -473.413 -462.085 -542.506 
0 -472.04 -73 72 -470.086 -473.141 -462.085 -531.68 
0 -485.759 -75 72 -465.125 -473.684 -462.085 -553.331 
0 -492.422 -78 72 -459.399 -473.404 -459.643 -580.986 
0 -479.313 -74 72 -467.605 -473.413 -462.085 -542.506 
0 -486.136 -75 72 -465.125 -473.684 -462.085 -553.331 
0 -480.792 -75 72 -464.97 -473.711 -462.085 -553.331 
0 -481.169 -75 72 -464.971 -473.711 -462.085 -553.331 
0 -488.503 -76 72 -462.49 -473.983 -462.085 -564.157 
0 -481.23 -75 72 -464.971 -473.711 -462.085 -553.331 
0 -486.539 -76 72 -462.594 -473.73 -462.085 -564.676 
FEATURES_TXT_END_0
FEATURES_TXT_BEGIN_0 85 73 8 Distortion0_0 LM0_0 WordPenalty0_0 PhrasePenalty0_0 TranslationModel0_0 TranslationModel0_1 TranslationModel0_2 TranslationModel0_3 
0 -269.917 -42 38 -252.308 -245.495 -228.039 -277.403 
0 -277.478 -43 38 -249.827 -245.766 -228.039 -288.228 
0 -263.533 -41 38 -254.788 -245.223 -228.039 -266.577 
0 -273.42 -42 38 -252.192 -245.367 -229.985 -279.271 
0 -271.093 -42 38 -252.308 -245.495 -228.039 -277.403 
0 -280.98 -43 38 -249.712 -245.638 -229.985 -290.097 
0 -267.035 -41 38 -254.673 -245.095 -229.985 -268.446 
0 -269.562 -42 38 -252.589 -245.363 -227.346 -276.304 
0 -275.569 -43 38 -251.428 -244.543 -227.542 -285.275 
0 -274.595 -42 38 -252.192 -245.367 -229.985 -279.271 
0 -277.122 -43 38 -250.109 -245.634 -227.346 -287.13 
0 -272.629 -43 38 -252.162 -245.495 -228.886 -277.408 
0 -263.177 -41 38 -255.07 -245.091 -227.346 -265.479 
0 -265.682 -42 38 -254.024 -244.399 -225.597 -272.581 
0 -273.064 -42 38 -252.474 -245.235 -229.292 -278.173 
0 -277.003 -42 38 -250.34 -246.185 -226.334 -282.213 
0 -270.737 -42 38 -252.589 -245.363 -227.346 -276.304 
0 -268.009 -42 38 -253.908 -244.271 -227.542 -274.449 
0 -280.624 -43 38 -249.993 -245.506 -229.292 -288.998 
0 -258.122 -41 38 -256.504 -244.128 -225.597 -261.755 
0 -268.898 -41 38 -252.787 -245.902 -227.346 -272.512 
0 -266.68 -41 38 -254.954 -244.963 -229.292 -267.347 
0 -272.865 -41 38 -253.234 -245.51 -227.905 -272.183 
0 -276.458 -42 38 -250.306 -246.174 -227.346 -283.337 
0 -269.207 -42 38 -252.871 -245.23 -226.653 -275.206 
0 -274.24 -42 38 -252.474 -245.235 -229.292 -278.173 
0 -269.443 -41 38 -252.821 -245.913 -226.334 -271.388 
0 -276.767 -43 38 -250.39 -245.502 -226.653 -286.031 
0 -262.513 -40 38 -255.267 -245.63 -227.346 -261.686 
0 -272.4 -41 38 -252.671 -245.774 -229.292 -274.38 
0 -270.074 -41 38 -252.787 -245.902 -227.346 -272.512 
0 -279.961 -42 38 -250.191 -246.046 -229.292 -285.205 
0 -262.822 -41 38 -255.351 -244.959 -226.653 -264.38 
0 -272.709 -42 38 -252.755 -245.102 -228.598 -277.074 
0 -270.382 -42 38 -252.871 -245.23 -226.653 -275.206 
0 -280.269 -43 38 -250.275 -245.374 -228.598 -287.899 
0 -266.016 -40 38 -255.152 -245.502 -229.292 -263.555 
0 -268.543 -41 38 -253.068 -245.77 -226.653 -271.413 
0 -276.569 -42 38 -250.065 -246.152 -228.732 -284.197 
0 -273.576 -41 38 -252.671 -245.774 -229.292 -274.38 
0 -266.324 -41 38 -255.236 -244.831 -228.598 -266.249 
0 -276.103 -42 38 -250.587 -246.041 -226.653 -282.238 
0 -282.189 -43 38 -250.283 -246.165 -229.985 -284.112 
0 -273.884 -42 38 -252.755 -245.102 -228.598 -277.074 
0 -271.482 -42 38 -252.597 -246.153 -228.732 -272.517 
0 -262.158 -40 38 -255.549 -245.498 -226.653 -260.587 
0 -265.305 -40 38 -255.715 -245.238 -227.905 -261.357 
0 -279.042 -43 38 -250.116 -246.425 -228.732 -283.342 
0 -272.045 -41 38 -252.953 -245.642 -228.598 -273.281 
0 -272.302 -42 38 -252.879 -246.021 -228.039 -271.418 
0 -269.718 -41 38 -253.068 -245.77 -226.653 -271.413 
0 -269.008 -41 38 -252.546 -245.88 -228.732 -273.372 
0 -279.605 -42 38 -250.472 -245.913 -228.598 -284.107 
0 -274.629 -42 38 -252.763 -245.893 -229.985 -273.287 
0 -265.097 -41 38 -255.078 -245.882 -228.732 -261.691 
0 -274.984 -42 38 -252.482 -246.025 -230.678 -274.385 
0 -272.657 -42 38 -252.597 -246.153 -228.732 -272.517 
0 -265.66 -40 38 -255.433 -245.37 -228.598 -262.456 
0 -264.742 -41 38 -255.359 -245.749 -228.039 -260.593 
0 -282.544 -43 38 -250.001 -246.297 -230.678 -285.211 
0 -268.188 -41 38 -253.349 -245.638 -225.959 -270.314 
0 -273.221 -41 38 -252.953 -245.642 -228.598 -273.281 
0 -272.067 -43 38 -251.543 -244.671 -225.597 -283.406 
0 -275.748 -42 38 -250.869 -245.909 -225.959 -281.14 
0 -268.599 -41 38 -254.962 -245.754 -230.678 -263.56 
0 -271.126 -42 38 -252.879 -246.021 -228.039 -271.418 
0 -264.507 -42 38 -254.024 -244.399 -225.597 -272.581 
0 -276.159 -42 38 -252.482 -246.025 -230.678 -274.385 
0 -261.803 -40 38 -255.83 -245.366 -225.959 -259.489 
0 -278.687 -43 38 -250.398 -246.293 -228.039 -282.244 
0 -279.25 -42 38 -250.753 -245.781 -227.905 -283.008 
0 -271.69 -41 38 -253.234 -245.51 -227.905 -272.183 
0 -269.363 -41 38 -253.349 -245.638 -225.959 -270.314 
FEATURES_TXT_END_0
FEATURES_TXT_BEGIN_0 86 92 8 Distortion0_0 LM0_0 WordPenalty0_0 PhrasePenalty0_0 TranslationModel0_0 TranslationModel0_1 TranslationModel0_2 TranslationModel0_3 
0 -308.921 -45 43 -274.727 -274.726 -254.042 -320.153 
0 -302.097 -44 43 -277.208 -274.455 -254.042 -309.328 
0 -302.488 -44 43 -277.208 -274.455 -254.042 -309.328 
0 -295.665 -43 43 -279.689 -274.183 -254.042 -298.502 
0 -311.007 -45 43 -275.587 -274.077 -254.042 -319.172 
0 -304.183 -44 43 -278.067 -273.805 -254.042 -308.347 
0 -304.574 -44 43 -278.067 -273.805 -254.042 -308.347 
0 -297.75 -43 43 -280.548 -273.533 -254.042 -297.521 
0 -312.401 -45 43 -272.315 -276.191 -254.735 -323.449 
0 -305.577 -44 43 -274.796 -275.919 -254.735 -312.624 
0 -305.968 -44 43 -274.796 -275.919 -254.735 -312.624 
0 -299.145 -43 43 -277.276 -275.648 -254.735 -301.798 
0 -314.486 -45 43 -273.174 -275.541 -254.735 -322.468 
0 -307.663 -44 43 -275.655 -275.27 -254.735 -311.643 
0 -308.054 -44 43 -275.655 -275.27 -254.735 -311.643 
0 -301.23 -43 43 -278.136 -274.998 -254.735 -300.817 
0 -305.59 -45 43 -275.564 -274.034 -252.944 -317.224 
0 -298.766 -44 43 -278.045 -273.762 -252.944 -306.398 
0 -299.157 -44 43 -278.045 -273.762 -252.944 -306.398 
0 -292.333 -43 43 -280.525 -273.491 -252.944 -295.573 
0 -311.452 -45 43 -274.28 -274.382 -254.042 -322.098 
-4 -297.431 -44 43 -277.208 -274.455 -254.042 -309.328 
0 -304.628 -44 43 -276.761 -274.11 -254.042 -311.273 
-4 -297.349 -44 43 -277.208 -274.455 -254.042 -309.328 
0 -311.621 -45 43 -273.618 -275.188 -254.735 -321.369 
0 -305.019 -44 43 -276.761 -274.11 -254.042 -311.273 
-4 -290.01 -43 43 -279.689 -274.183 -254.042 -298.502 
0 -304.797 -44 43 -276.098 -274.917 -254.735 -310.544 
0 -298.195 -43 43 -279.242 -273.838 -254.042 -300.448 
0 -298.735 -45 43 -279.549 -271.221 -255.428 -311.339 
0 -309.114 -45 43 -275.564 -274.034 -252.944 -317.224 
0 -305.188 -44 43 -276.098 -274.917 -254.735 -310.544 
0 -302.29 -44 43 -278.045 -273.762 -252.944 -306.398 
0 -298.364 -43 43 -278.579 -274.645 -254.735 -299.718 
0 -302.681 -44 43 -278.045 -273.762 -252.944 -306.398 
0 -308.533 -45 43 -276.423 -273.385 -252.944 -316.243 
0 -295.857 -43 43 -280.525 -273.491 -252.944 -295.573 
0 -301.71 -44 43 -278.904 -273.113 -252.944 -305.418 
0 -303.082 -46 43 -276.209 -272.142 -255.428 -323.145 
0 -302.101 -44 43 -278.904 -273.113 -252.944 -305.418 
0 -302.723 -45 43 -275.321 -274.31 -250.746 -315.584 
0 -313.537 -45 43 -275.14 -273.732 -254.042 -321.118 
0 -307.629 -46 43 -276.209 -272.142 -255.428 -323.145 
0 -296.258 -45 43 -278.689 -271.871 -255.428 -312.32 
0 -295.277 -43 43 -281.385 -272.841 -252.944 -294.592 
0 -295.9 -44 43 -277.802 -274.038 -250.746 -304.758 
0 -306.713 -44 43 -277.62 -273.461 -254.042 -310.292 
-4 -297.242 -44 43 -277.208 -274.455 -254.042 -309.328 
0 -296.649 -45 43 -278.689 -271.871 -255.428 -312.32 
0 -313.706 -45 43 -274.477 -274.539 -254.735 -320.388 
0 -296.291 -44 43 -277.802 -274.038 -250.746 -304.758 
0 -307.104 -44 43 -277.62 -273.461 -254.042 -310.292 
0 -296.877 -43 43 -278.727 -274.415 -255.428 -299.544 
0 -289.826 -44 43 -281.17 -271.599 -255.428 -301.495 
0 -306.882 -44 43 -276.958 -274.267 -254.735 -309.563 
0 -289.467 -43 43 -280.283 -273.766 -250.746 -293.933 
0 -300.281 -43 43 -280.101 -273.189 -254.042 -299.467 
-4 -297.091 -44 43 -277.208 -274.455 -254.042 -309.328 
0 -311.199 -45 43 -276.423 -273.385 -252.944 -316.243 
0 -307.273 -44 43 -276.958 -274.267 -254.735 -309.563 
0 -301.313 -44 43 -274.39 -275.846 -254.042 -312.883 
0 -309.196 -45 43 -273.766 -274.958 -255.428 -321.194 
0 -304.375 -44 43 -278.904 -273.113 -252.944 -305.418 
0 -300.45 -43 43 -279.438 -273.995 -254.735 -298.738 
0 -294.49 -43 43 -276.871 -275.575 -254.042 -302.058 
0 -302.373 -44 43 -276.246 -274.686 -255.428 -310.369 
0 -304.767 -44 43 -278.904 -273.113 -252.944 -305.418 
-3 -310.786 -45 43 -274.727 -274.726 -254.042 -320.153 
0 -302.764 -44 43 -276.246 -274.686 -255.428 -310.369 
0 -310.134 -45 43 -273.766 -274.958 -255.428 -321.194 
0 -298.97 -45 43 -278.689 -271.871 -255.428 -312.32 
-4 -303.266 -45 43 -274.727 -274.726 -254.042 -320.153 
0 -297.943 -43 43 -281.385 -272.841 -252.944 -294.592 
-3 -303.963 -44 43 -277.208 -274.455 -254.042 -309.328 
0 -295.94 -43 43 -278.727 -274.415 -255.428 -299.544 
0 -303.31 -44 43 -276.246 -274.686 -255.428 -310.369 
0 -305.167 -46 43 -277.068 -271.493 -255.428 -322.165 
-4 -296.442 -44 43 -277.208 -274.455 -254.042 -309.328 
-4 -303.864 -45 43 -274.727 -274.726 -254.042 -320.153 
0 -304.809 -45 43 -276.181 -273.66 -250.746 -314.603 
-3 -304.354 -44 43 -277.208 -274.455 -254.042 -309.328 
-4 -303.915 -45 43 -274.727 -274.726 -254.042 -320.153 
0 -303.701 -44 43 -276.246 -274.686 -255.428 -310.369 
-4 -304.065 -45 43 -274.727 -274.726 -254.042 -320.153 
0 -292.537 -44 43 -281.17 -271.599 -255.428 -301.495 
-4 -296.833 -44 43 -277.208 -274.455 -254.042 -309.328 
-4 -304.173 -45 43 -274.727 -274.726 -254.042 -320.153 
0 -298.344 -45 43 -279.549 -271.221 -255.428 -311.339 
-4 -304.268 -45 43 -274.727 -274.726 -254.042 -320.153 
-4 -297.04 -44 43 -277.208 -274.455 -254.042 -309.328 
0 -297.985 -44 43 -278.661 -273.388 -250.746 -303.777 
-3 -297.53 -43 43 -279.689 -274.183 -254.042 -298.502 
FEATURES_TXT_END_0
FEATURES_TXT_BEGIN_0 87 99 8 Distortion0_0 LM0_0 WordPenalty0_0 PhrasePenalty0_0 TranslationModel0_0 TranslationModel0_1 TranslationModel0_2 TranslationModel0_3 
0 -262.473 -41 37 -242.026 -258.484 -227.619 -300.618 
0 -256.375 -40 37 -244.507 -258.212 -227.619 -289.793 
0 -259.328 -40 37 -244.507 -258.212 -227.619 -289.793 
0 -253.229 -39 37 -246.987 -257.941 -227.619 -278.967 
0 -260.662 -41 37 -241.734 -258.684 -227.619 -299.702 
0 -254.563 -40 37 -244.214 -258.412 -227.619 -288.877 
0 -257.516 -40 37 -244.214 -258.412 -227.619 -288.877 
0 -256.911 -41 37 -242.918 -257.864 -226.926 -297.184 
0 -257.387 -41 37 -242.863 -257.792 -226.521 -297.689 
0 -251.418 -39 37 -246.695 -258.14 -227.619 -278.051 
0 -251.288 -40 37 -245.343 -257.52 -226.521 -286.864 
0 -267.093 -41 37 -239.385 -260.178 -227.619 -303.183 
0 -260.995 -40 37 -241.866 -259.906 -227.619 -292.358 
0 -253.766 -40 37 -245.398 -257.592 -226.926 -286.359 
0 -265.379 -41 37 -241.579 -258.14 -227.619 -302.564 
0 -254.241 -40 37 -245.343 -257.52 -226.521 -286.864 
0 -261.874 -41 37 -242.863 -257.792 -226.521 -297.689 
0 -259.281 -40 37 -244.06 -257.868 -227.619 -291.738 
0 -248.143 -39 37 -247.824 -257.249 -226.521 -276.038 
0 -255.377 -40 37 -245.398 -257.592 -226.926 -286.359 
0 -255.775 -40 37 -245.343 -257.52 -226.521 -286.864 
0 -263.948 -40 37 -241.866 -259.906 -227.619 -292.358 
0 -257.85 -39 37 -244.346 -259.634 -227.619 -281.532 
-3 -262.046 -41 37 -242.026 -258.484 -227.619 -300.618 
-4 -254.312 -41 37 -242.026 -258.484 -227.619 -300.618 
0 -262.234 -40 37 -244.06 -257.868 -227.619 -291.738 
0 -258.728 -40 37 -245.343 -257.52 -226.521 -286.864 
-3 -255.948 -40 37 -244.507 -258.212 -227.619 -289.793 
-4 -248.213 -40 37 -244.507 -258.212 -227.619 -289.793 
0 -256.136 -39 37 -246.541 -257.596 -227.619 -280.913 
0 -252.232 -39 37 -247.879 -257.32 -226.926 -275.534 
0 -252.63 -39 37 -247.824 -257.249 -226.521 -276.038 
0 -260.108 -41 37 -242.026 -258.162 -227.619 -299.232 
0 -255.1 -41 37 -242.625 -258.063 -226.926 -296.268 
-4 -256.693 -41 37 -242.026 -258.484 -227.619 -300.618 
0 -255.575 -41 37 -242.57 -257.992 -226.521 -296.773 
0 -260.238 -42 37 -242.026 -258.162 -227.619 -299.237 
-4 -257.038 -41 37 -242.026 -258.484 -227.619 -300.618 
0 -254.01 -40 37 -244.507 -257.89 -227.619 -288.407 
-4 -257.682 -41 37 -242.026 -258.484 -227.619 -300.618 
-4 -250.595 -40 37 -244.507 -258.212 -227.619 -289.793 
0 -249.477 -40 37 -245.051 -257.72 -226.521 -285.947 
0 -254.14 -41 37 -244.507 -257.89 -227.619 -288.412 
-3 -258.901 -40 37 -244.507 -258.212 -227.619 -289.793 
-4 -251.166 -40 37 -244.507 -258.212 -227.619 -289.793 
-4 -251.584 -40 37 -244.507 -258.212 -227.619 -289.793 
0 -265.282 -41 37 -239.093 -260.378 -227.619 -302.267 
-4 -259.396 -41 37 -242.026 -258.484 -227.619 -300.618 
-3 -252.803 -39 37 -246.987 -257.941 -227.619 -278.967 
-4 -259.715 -41 37 -242.026 -258.484 -227.619 -300.618 
-4 -245.068 -39 37 -246.987 -257.941 -227.619 -278.967 
-4 -260.134 -41 37 -242.026 -258.484 -227.619 -300.618 
-4 -260.235 -41 37 -242.026 -258.484 -227.619 -300.618 
0 -259.184 -40 37 -241.573 -260.106 -227.619 -291.441 
-4 -260.565 -41 37 -242.026 -258.484 -227.619 -300.618 
-4 -253.298 -40 37 -244.507 -258.212 -227.619 -289.793 
0 -256.963 -40 37 -244.507 -257.89 -227.619 -288.407 
-4 -260.65 -41 37 -242.026 -258.484 -227.619 -300.618 
0 -251.955 -40 37 -245.106 -257.792 -226.926 -285.443 
-4 -260.703 -41 37 -242.026 -258.484 -227.619 -300.618 
0 -259.036 -41 37 -241.374 -258.559 -226.01 -299.33 
-4 -253.548 -40 37 -244.507 -258.212 -227.619 -289.793 
-4 -253.617 -40 37 -244.507 -258.212 -227.619 -289.793 
0 -252.43 -40 37 -245.051 -257.72 -226.521 -285.947 
0 -263.868 -41 37 -241.287 -258.339 -227.619 -301.647 
0 -257.093 -41 37 -244.507 -257.89 -227.619 -288.412 
-4 -253.893 -40 37 -244.507 -258.212 -227.619 -289.793 
-4 -261.224 -41 37 -242.026 -258.484 -227.619 -300.618 
0 -251.825 -41 37 -243.754 -257.172 -225.828 -294.255 
0 -260.062 -41 37 -242.57 -257.992 -226.521 -296.773 
-4 -261.44 -41 37 -242.026 -258.484 -227.619 -300.618 
-4 -254.137 -40 37 -244.507 -258.212 -227.619 -289.793 
-4 -261.471 -41 37 -242.026 -258.484 -227.619 -300.618 
-4 -261.504 -41 37 -242.026 -258.484 -227.619 -300.618 
0 -260.658 -40 37 -241.689 -259.604 -227.619 -293.349 
-4 -261.511 -41 37 -242.026 -258.484 -227.619 -300.618 
-4 -261.61 -41 37 -242.026 -258.484 -227.619 -300.618 
-4 -261.681 -41 37 -242.026 -258.484 -227.619 -300.618 
-4 -254.466 -40 37 -244.507 -258.212 -227.619 -289.793 
0 -250.864 -39 37 -246.987 -257.618 -227.619 -277.581 
-4 -254.552 -40 37 -244.507 -258.212 -227.619 -289.793 
-4 -254.605 -40 37 -244.507 -258.212 -227.619 -289.793 
0 -252.938 -40 37 -243.855 -258.287 -226.01 -288.505 
-4 -262.032 -41 37 -242.026 -258.484 -227.619 -300.618 
-4 -247.45 -39 37 -246.987 -257.941 -227.619 -278.967 
0 -246.332 -39 37 -247.532 -257.448 -226.521 -275.122 
0 -253.566 -40 37 -245.106 -257.792 -226.926 -285.443 
0 -257.77 -40 37 -243.767 -258.068 -227.619 -290.822 
-4 -255.094 -40 37 -244.507 -258.212 -227.619 -289.793 
-4 -262.432 -41 37 -242.026 -258.484 -227.619 -300.618 
0 -250.994 -40 37 -246.987 -257.618 -227.619 -277.587 
-4 -262.473 -41 37 -242.026 -258.484 -227.619 -300.618 
-4 -255.512 -40 37 -244.507 -258.212 -227.619 -289.793 
0 -253.964 -40 37 -245.051 -257.72 -226.521 -285.947 
-4 -262.588 -41 37 -242.026 -258.484 -227.619 -300.618 
-4 -255.342 -40 37 -244.507 -258.212 -227.619 -289.793 
-4 -255.372 -40 37 -244.507 -258.212 -227.619 -289.793 
0 -261.867 -40 37 -241.689 -259.604 -227.619 -293.349 
-4 -255.412 -40 37 -244.507 -258.212 -227.619 -289.793 
FEATURES_TXT_END_0
FEATURES_TXT_BEGIN_0 88 100 8 Distortion0_0 LM0_0 WordPenalty0_0 PhrasePenalty0_0 TranslationModel0_0 TranslationModel0_1 TranslationModel0_2 TranslationModel0_3 
0 -365.224 -57 52 -343.895 -336.509 -305.04 -376.575 
0 -358.2 -56 52 -346.376 -336.238 -305.04 -365.75 
0 -358.969 -56 52 -346.376 -336.238 -305.04 -365.75 
0 -351.945 -55 52 -348.856 -335.966 -305.04 -354.924 
0 -361.296 -56 52 -346.376 -336.238 -305.04 -365.75 
0 -354.273 -55 52 -348.856 -335.966 -305.04 -354.924 
0 -355.041 -55 52 -348.856 -335.966 -305.04 -354.924 
0 -348.018 -54 52 -351.337 -335.694 -305.04 -344.099 
0 -362.687 -57 52 -345.759 -334.925 -305.04 -374.678 
0 -355.664 -56 52 -348.24 -334.654 -305.04 -363.852 
0 -356.018 -56 52 -348.24 -334.654 -305.04 -363.852 
0 -363.543 -57 52 -345.759 -334.925 -305.04 -374.678 
0 -356.432 -56 52 -348.24 -334.654 -305.04 -363.852 
0 -349.409 -55 52 -350.721 -334.382 -305.04 -353.027 
0 -349.763 -55 52 -350.721 -334.382 -305.04 -353.027 
0 -357.288 -56 52 -348.24 -334.654 -305.04 -363.852 
0 -364.892 -57 52 -345.759 -334.925 -305.04 -374.678 
0 -357.868 -56 52 -348.24 -334.654 -305.04 -363.852 
0 -358.637 -56 52 -348.24 -334.654 -305.04 -363.852 
0 -358.76 -56 52 -348.24 -334.654 -305.04 -363.852 
0 -351.613 -55 52 -350.721 -334.382 -305.04 -353.027 
0 -351.737 -55 52 -350.721 -334.382 -305.04 -353.027 
0 -352.091 -55 52 -350.721 -334.382 -305.04 -353.027 
0 -359.616 -56 52 -348.24 -334.654 -305.04 -363.852 
0 -352.505 -55 52 -350.721 -334.382 -305.04 -353.027 
0 -345.482 -54 52 -353.201 -334.11 -305.04 -342.202 
0 -345.836 -54 52 -353.201 -334.11 -305.04 -342.202 
0 -353.361 -55 52 -350.721 -334.382 -305.04 -353.027 
0 -360.964 -56 52 -348.24 -334.654 -305.04 -363.852 
0 -359.44 -57 52 -344.808 -335.546 -306.138 -375.371 
0 -353.941 -55 52 -350.721 -334.382 -305.04 -353.027 
0 -352.417 -56 52 -347.288 -335.274 -306.138 -364.546 
0 -361.609 -57 52 -343.957 -336.68 -304.347 -373.579 
0 -354.585 -56 52 -346.438 -336.408 -304.347 -362.754 
0 -354.709 -55 52 -350.721 -334.382 -305.04 -353.027 
0 -353.185 -56 52 -347.288 -335.274 -306.138 -364.546 
0 -347.686 -54 52 -353.201 -334.11 -305.04 -342.202 
0 -346.162 -55 52 -349.769 -335.003 -306.138 -353.72 
0 -355.354 -56 52 -346.438 -336.408 -304.347 -362.754 
0 -353.482 -56 52 -350.104 -333.07 -305.04 -361.955 
0 -348.33 -55 52 -348.919 -336.136 -304.347 -351.928 
0 -361.007 -57 52 -347.624 -333.342 -305.04 -372.781 
0 -347.227 -55 52 -352.585 -332.798 -305.04 -351.13 
0 -354.752 -56 52 -350.104 -333.07 -305.04 -361.955 
0 -362.355 -57 52 -347.624 -333.342 -305.04 -372.781 
0 -362.681 -57 52 -344.808 -335.546 -306.138 -375.371 
0 -355.513 -56 52 -347.288 -335.274 -306.138 -364.546 
0 -355.332 -56 52 -350.104 -333.07 -305.04 -361.955 
0 -355.658 -56 52 -347.288 -335.274 -306.138 -364.546 
0 -348.489 -55 52 -349.769 -335.003 -306.138 -353.72 
0 -357.681 -56 52 -346.438 -336.408 -304.347 -362.754 
0 -355.686 -56 52 -350.104 -333.07 -305.04 -361.955 
0 -363.211 -57 52 -347.624 -333.342 -305.04 -372.781 
0 -350.658 -55 52 -348.919 -336.136 -304.347 -351.928 
0 -356.1 -56 52 -350.104 -333.07 -305.04 -361.955 
0 -356.426 -56 52 -347.288 -335.274 -306.138 -364.546 
0 -349.258 -55 52 -349.769 -335.003 -306.138 -353.72 
0 -349.077 -55 52 -352.585 -332.798 -305.04 -351.13 
0 -349.403 -55 52 -349.769 -335.003 -306.138 -353.72 
0 -342.234 -54 52 -352.249 -334.731 -306.138 -342.895 
0 -351.426 -55 52 -348.919 -336.136 -304.347 -351.928 
0 -349.431 -55 52 -352.585 -332.798 -305.04 -351.13 
0 -349.555 -55 52 -352.585 -332.798 -305.04 -351.13 
0 -356.956 -56 52 -350.104 -333.07 -305.04 -361.955 
0 -344.403 -54 52 -351.399 -335.865 -304.347 -341.103 
0 -357.08 -56 52 -350.104 -333.07 -305.04 -361.955 
0 -343.3 -54 52 -355.066 -332.526 -305.04 -340.305 
0 -350.825 -55 52 -352.585 -332.798 -305.04 -351.13 
0 -358.428 -56 52 -350.104 -333.07 -305.04 -361.955 
0 -356.904 -57 52 -346.672 -333.962 -306.138 -373.474 
0 -358.754 -56 52 -347.288 -335.274 -306.138 -364.546 
0 -363.948 -57 52 -344.732 -335.817 -303.941 -373.646 
0 -351.405 -55 52 -352.585 -332.798 -305.04 -351.13 
0 -349.88 -56 52 -349.152 -333.69 -306.138 -362.648 
0 -351.73 -55 52 -349.769 -335.003 -306.138 -353.72 
0 -359.072 -57 52 -345.822 -335.096 -304.347 -371.682 
0 -356.924 -56 52 -347.212 -335.545 -303.941 -362.82 
0 -368.367 -57 52 -343.448 -336.165 -305.04 -378.52 
0 -351.759 -55 52 -352.585 -332.798 -305.04 -351.13 
0 -350.235 -56 52 -349.152 -333.69 -306.138 -362.648 
0 -352.049 -56 52 -348.302 -334.824 -304.347 -360.857 
0 -359.284 -56 52 -350.104 -333.07 -305.04 -361.955 
0 -357.76 -57 52 -346.672 -333.962 -306.138 -373.474 
0 -361.343 -56 52 -345.929 -335.893 -305.04 -367.695 
0 -352.403 -56 52 -348.302 -334.824 -304.347 -360.857 
0 -352.173 -55 52 -352.585 -332.798 -305.04 -351.13 
0 -350.649 -56 52 -349.153 -333.69 -306.138 -362.648 
0 -352.499 -55 52 -349.769 -335.003 -306.138 -353.72 
0 -357.693 -56 52 -347.212 -335.546 -303.941 -362.82 
0 -359.928 -57 52 -345.822 -335.096 -304.347 -371.682 
0 -345.15 -54 52 -355.066 -332.526 -305.04 -340.304 
0 -343.625 -55 52 -351.633 -333.419 -306.138 -351.823 
0 -345.475 -54 52 -352.249 -334.731 -306.138 -342.895 
0 -352.817 -56 52 -348.302 -334.824 -304.347 -360.857 
0 -350.669 -55 52 -349.693 -335.274 -303.941 -351.995 
0 -362.112 -56 52 -345.929 -335.893 -305.04 -367.695 
0 -345.504 -54 52 -355.066 -332.526 -305.04 -340.304 
0 -343.98 -55 52 -351.633 -333.419 -306.138 -351.823 
0 -345.794 -55 52 -350.783 -334.552 -304.347 -350.031 
0 -353.029 -55 52 -352.585 -332.798 -305.04 -351.13 
FEATURES_TXT_END_0
FEATURES_TXT_BEGIN_0 89 100 8 Distortion0_0 LM0_0 WordPenalty0_0 PhrasePenalty0_0 TranslationModel0_0 TranslationModel0_1 TranslationModel0_2 TranslationModel0_3 
0 -308.428 -43 39 -222.259 -226.453 -201.694 -269.121 
0 -302.188 -42 39 -224.739 -226.182 -201.694 -258.295 
0 -303.137 -42 39 -224.739 -226.182 -201.694 -258.295 
0 -296.897 -41 39 -227.22 -225.91 -201.694 -247.47 
0 -296.776 -43 39 -223.975 -225.358 -199.252 -264.299 
0 -290.536 -42 39 -226.455 -225.086 -199.252 -253.473 
0 -291.486 -42 39 -226.455 -225.086 -199.252 -253.473 
0 -285.246 -41 39 -228.936 -224.815 -199.252 -242.648 
0 -308.009 -43 39 -221.585 -226.635 -203.486 -270.9 
0 -309.231 -43 39 -222.209 -226.227 -201.694 -269.64 
0 -302.991 -42 39 -224.69 -225.956 -201.694 -258.814 
0 -302.55 -42 39 -224.066 -226.364 -203.486 -260.075 
0 -302.719 -42 39 -224.066 -226.364 -203.486 -260.075 
0 -305.937 -43 39 -222.259 -226.18 -200.595 -268.833 
0 -303.941 -42 39 -224.69 -225.956 -201.694 -258.814 
0 -299.697 -42 39 -224.739 -225.908 -200.595 -258.008 
0 -297.701 -41 39 -227.17 -225.684 -201.694 -247.989 
0 -296.357 -43 39 -223.301 -225.54 -201.043 -266.078 
0 -297.26 -41 39 -226.546 -226.092 -203.486 -249.249 
0 -297.579 -43 39 -223.925 -225.132 -199.252 -264.817 
0 -300.647 -42 39 -224.739 -225.908 -200.595 -258.008 
0 -291.339 -42 39 -226.406 -224.86 -199.252 -253.992 
0 -294.407 -41 39 -227.22 -225.637 -200.595 -247.182 
0 -290.899 -42 39 -225.782 -225.268 -201.043 -255.253 
0 -291.067 -42 39 -225.782 -225.268 -201.043 -255.253 
0 -294.285 -43 39 -223.975 -225.085 -198.153 -264.011 
0 -292.289 -42 39 -226.406 -224.86 -199.252 -253.992 
0 -288.045 -42 39 -226.455 -224.813 -198.153 -253.186 
0 -286.049 -41 39 -228.886 -224.589 -199.252 -243.167 
0 -285.608 -41 39 -228.262 -224.997 -201.043 -244.427 
0 -288.995 -42 39 -226.455 -224.813 -198.153 -253.186 
0 -309.248 -44 39 -222.016 -226.453 -203.486 -269.126 
0 -308.812 -43 39 -221.535 -226.409 -203.486 -271.419 
0 -308.611 -43 39 -221.812 -226.109 -201.694 -271.066 
0 -304.025 -44 39 -224.019 -225.358 -202.387 -264.304 
0 -282.755 -41 39 -228.936 -224.541 -198.153 -242.36 
0 -302.371 -42 39 -224.293 -225.837 -201.694 -260.241 
0 -305.518 -43 39 -221.585 -226.362 -202.387 -270.613 
0 -303.354 -42 39 -224.016 -226.138 -203.486 -260.594 
0 -303.957 -43 39 -224.496 -226.182 -203.486 -258.301 
0 -303.522 -42 39 -224.016 -226.138 -203.486 -260.594 
0 -297.785 -43 39 -226.5 -225.086 -202.387 -253.479 
0 -306.74 -43 39 -222.209 -225.954 -200.595 -269.352 
0 -303.321 -42 39 -224.293 -225.837 -201.694 -260.241 
0 -298.734 -43 39 -226.5 -225.086 -202.387 -253.479 
0 -300.5 -42 39 -224.69 -225.682 -200.595 -258.526 
0 -300.059 -42 39 -224.066 -226.09 -202.387 -259.787 
0 -297.596 -44 39 -223.732 -225.358 -201.043 -264.304 
0 -297.161 -43 39 -223.251 -225.314 -201.043 -266.597 
0 -297.081 -41 39 -226.773 -225.565 -201.694 -249.415 
0 -300.228 -42 39 -224.066 -226.09 -202.387 -259.787 
0 -298.063 -41 39 -226.497 -225.866 -203.486 -249.768 
0 -305.87 -43 39 -224.496 -226.182 -203.486 -258.301 
0 -292.494 -42 39 -228.98 -224.815 -202.387 -242.653 
0 -301.45 -42 39 -224.69 -225.682 -200.595 -258.526 
0 -296.96 -43 39 -223.528 -225.014 -199.252 -266.244 
0 -295.21 -41 39 -227.17 -225.411 -200.595 -247.701 
0 -290.72 -42 39 -226.008 -224.742 -199.252 -255.419 
0 -293.866 -43 39 -223.301 -225.267 -199.945 -265.791 
0 -291.702 -42 39 -225.732 -225.042 -201.043 -255.772 
0 -294.769 -41 39 -226.546 -225.819 -202.387 -248.962 
0 -292.306 -43 39 -226.212 -225.086 -201.043 -253.479 
0 -291.87 -42 39 -225.732 -225.042 -201.043 -255.772 
0 -300.58 -42 39 -226.977 -225.91 -203.486 -247.475 
0 -295.089 -43 39 -223.925 -224.859 -198.153 -264.53 
0 -291.669 -42 39 -226.008 -224.742 -199.252 -255.419 
-3 -307.968 -43 39 -222.259 -226.453 -201.694 -269.121 
0 -288.848 -42 39 -226.406 -224.587 -198.153 -253.704 
0 -288.408 -42 39 -225.781 -224.995 -199.945 -254.965 
0 -285.429 -41 39 -228.489 -224.47 -199.252 -244.593 
0 -288.576 -42 39 -225.782 -224.995 -199.945 -254.965 
0 -286.412 -41 39 -228.213 -224.771 -201.043 -244.946 
0 -294.218 -43 39 -226.212 -225.086 -201.043 -253.479 
0 -289.798 -42 39 -226.406 -224.587 -198.153 -253.704 
0 -310.051 -44 39 -221.966 -226.227 -203.486 -269.645 
-3 -301.728 -42 39 -224.739 -226.182 -201.694 -258.295 
0 -308.193 -43 39 -221.138 -226.291 -203.486 -272.846 
0 -303.606 -44 39 -223.345 -225.54 -204.179 -266.084 
0 -309.415 -43 39 -221.762 -225.883 -201.694 -271.585 
-3 -302.677 -42 39 -224.739 -226.182 -201.694 -258.295 
0 -304.828 -44 39 -223.97 -225.132 -202.387 -264.823 
0 -283.558 -41 39 -228.886 -224.315 -198.153 -242.879 
0 -283.117 -41 39 -228.262 -224.723 -199.945 -244.14 
0 -301.819 -42 39 -221.921 -227.573 -201.694 -261.851 
-4 -302.797 -43 39 -222.259 -226.453 -201.694 -269.121 
0 -288.928 -42 39 -228.693 -224.815 -201.043 -242.653 
0 -304.457 -42 39 -222.664 -225.863 -201.001 -266.718 
0 -306.757 -44 39 -222.016 -226.18 -202.387 -268.839 
0 -303.175 -42 39 -224.243 -225.611 -201.694 -260.76 
0 -306.321 -43 39 -221.535 -226.136 -202.387 -271.131 
0 -302.734 -42 39 -223.619 -226.019 -203.486 -262.02 
0 -304.761 -43 39 -224.447 -225.956 -203.486 -258.82 
-3 -296.437 -41 39 -227.22 -225.91 -201.694 -247.47 
0 -298.588 -43 39 -226.45 -224.86 -202.387 -253.997 
-4 -303.349 -43 39 -222.259 -226.453 -201.694 -269.121 
0 -302.902 -42 39 -223.619 -226.019 -203.486 -262.02 
0 -298.147 -43 39 -225.826 -225.268 -204.179 -255.258 
0 -306.12 -43 39 -221.812 -225.836 -200.595 -270.779 
0 -298.316 -43 39 -225.826 -225.268 -204.179 -255.258 
-4 -296.557 -42 39 -224.739 -226.182 -201.694 -258.295 
FEATURES_TXT_END_0
FEATURES_TXT_BEGIN_0 90 100 8 Distortion0_0 LM0_0 WordPenalty0_0 PhrasePenalty0_0 TranslationModel0_0 TranslationModel0_1 TranslationModel0_2 TranslationModel0_3 
0 -443.409 -68 61 -380.725 -388.052 -338.656 -435.471 
0 -440.368 -67 61 -383.206 -387.78 -338.656 -424.646 
0 -440.676 -67 61 -383.206 -387.78 -338.656 -424.646 
0 -441.309 -67 61 -383.206 -387.78 -338.656 -424.646 
0 -441.555 -67 61 -383.206 -387.78 -338.656 -424.646 
0 -441.4 -68 61 -382.59 -386.468 -338.656 -433.574 
0 -437.635 -66 61 -385.687 -387.508 -338.656 -413.82 
0 -438.268 -66 61 -385.687 -387.508 -338.656 -413.82 
0 -438.514 -66 61 -385.687 -387.508 -338.656 -413.82 
0 -438.576 -66 61 -385.687 -387.508 -338.656 -413.82 
0 -449.307 -68 61 -380.63 -387.992 -338.656 -435.759 
0 -438.822 -66 61 -385.687 -387.508 -338.656 -413.82 
0 -439.454 -66 61 -385.687 -387.508 -338.656 -413.82 
0 -438.359 -67 61 -385.07 -386.196 -338.656 -422.748 
0 -438.667 -67 61 -385.07 -386.196 -338.656 -422.748 
0 -439.3 -67 61 -385.07 -386.196 -338.656 -422.748 
0 -439.546 -67 61 -385.07 -386.196 -338.656 -422.748 
0 -438.967 -68 61 -381.638 -387.088 -339.755 -434.267 
0 -435.535 -65 61 -388.167 -387.237 -338.656 -402.995 
0 -446.266 -67 61 -383.111 -387.72 -338.656 -424.933 
0 -435.781 -65 61 -388.167 -387.237 -338.656 -402.995 
0 -446.574 -67 61 -383.111 -387.72 -338.656 -424.933 
0 -436.414 -65 61 -388.167 -387.237 -338.656 -402.995 
0 -447.206 -67 61 -383.111 -387.72 -338.656 -424.933 
0 -436.722 -65 61 -388.167 -387.237 -338.656 -402.995 
0 -447.453 -67 61 -383.111 -387.72 -338.656 -424.933 
0 -438.652 -68 61 -381.562 -387.36 -337.558 -432.542 
0 -435.626 -66 61 -387.551 -385.924 -338.656 -411.923 
0 -436.259 -66 61 -387.551 -385.924 -338.656 -411.923 
0 -436.505 -66 61 -387.551 -385.924 -338.656 -411.923 
0 -436.567 -66 61 -387.551 -385.924 -338.656 -411.923 
0 -447.298 -68 61 -382.494 -386.408 -338.656 -433.862 
0 -436.813 -66 61 -387.551 -385.924 -338.656 -411.923 
0 -437.445 -66 61 -387.551 -385.924 -338.656 -411.923 
0 -435.926 -67 61 -384.118 -386.817 -339.755 -423.441 
0 -436.234 -67 61 -384.118 -386.817 -339.755 -423.441 
0 -436.866 -67 61 -384.118 -386.817 -339.755 -423.441 
0 -443.533 -66 61 -385.591 -387.449 -338.656 -414.108 
0 -449.55 -68 61 -378.084 -389.745 -338.656 -438.036 
0 -437.112 -67 61 -384.118 -386.817 -339.755 -423.441 
0 -444.166 -66 61 -385.591 -387.449 -338.656 -414.108 
0 -433.681 -64 61 -390.648 -386.965 -338.656 -392.169 
0 -444.412 -66 61 -385.591 -387.449 -338.656 -414.108 
0 -435.611 -67 61 -384.043 -387.088 -337.558 -421.716 
0 -444.474 -66 61 -385.591 -387.449 -338.656 -414.108 
0 -444.72 -66 61 -385.591 -387.449 -338.656 -414.108 
0 -435.919 -67 61 -384.043 -387.088 -337.558 -421.716 
0 -445.352 -66 61 -385.591 -387.449 -338.656 -414.108 
0 -436.958 -68 61 -383.502 -385.504 -339.755 -432.37 
0 -436.552 -67 61 -384.043 -387.088 -337.558 -421.716 
0 -436.798 -67 61 -384.043 -387.088 -337.558 -421.716 
0 -433.526 -65 61 -390.031 -385.653 -338.656 -401.098 
0 -442.089 -68 61 -379.845 -388.156 -338.656 -436.57 
0 -444.257 -67 61 -384.975 -386.137 -338.656 -423.036 
0 -433.772 -65 61 -390.031 -385.653 -338.656 -401.098 
0 -444.565 -67 61 -384.975 -386.136 -338.656 -423.036 
0 -434.404 -65 61 -390.031 -385.653 -338.656 -401.098 
0 -445.197 -67 61 -384.975 -386.137 -338.656 -423.036 
0 -434.713 -65 61 -390.031 -385.653 -338.656 -401.098 
0 -433.193 -66 61 -386.599 -386.545 -339.755 -412.616 
0 -445.443 -67 61 -384.975 -386.136 -338.656 -423.036 
0 -436.643 -68 61 -383.426 -385.776 -337.558 -430.645 
0 -442.354 -68 61 -380.725 -387.748 -338.656 -434.372 
0 -433.826 -66 61 -386.599 -386.545 -339.755 -412.616 
0 -446.509 -67 61 -380.565 -389.474 -338.656 -427.21 
0 -434.072 -66 61 -386.599 -386.545 -339.755 -412.616 
0 -434.134 -66 61 -386.599 -386.545 -339.755 -412.616 
0 -444.864 -68 61 -381.542 -387.029 -339.755 -434.555 
0 -446.817 -67 61 -380.565 -389.474 -338.656 -427.21 
0 -434.38 -66 61 -386.599 -386.545 -339.755 -412.616 
0 -441.433 -65 61 -388.072 -387.177 -338.656 -403.282 
0 -447.45 -67 61 -380.565 -389.474 -338.656 -427.21 
0 -435.012 -66 61 -386.599 -386.545 -339.755 -412.616 
-3 -444.386 -68 61 -380.725 -388.052 -338.656 -435.471 
0 -441.679 -65 61 -388.072 -387.177 -338.656 -403.282 
0 -432.878 -66 61 -386.523 -386.816 -337.558 -410.891 
0 -447.696 -67 61 -380.565 -389.474 -338.656 -427.21 
0 -443.923 -68 61 -379.764 -388.284 -340.042 -436.512 
0 -442.311 -65 61 -388.072 -387.177 -338.656 -403.282 
0 -433.917 -67 61 -385.983 -385.233 -339.755 -421.544 
0 -433.511 -66 61 -386.523 -386.816 -337.558 -410.891 
0 -433.757 -66 61 -386.523 -386.816 -337.558 -410.891 
0 -442.619 -65 61 -388.072 -387.177 -338.656 -403.282 
0 -434.225 -67 61 -385.983 -385.233 -339.755 -421.544 
0 -433.819 -66 61 -386.523 -386.816 -337.558 -410.891 
0 -444.55 -68 61 -381.467 -387.3 -337.558 -432.829 
0 -434.065 -66 61 -386.523 -386.816 -337.558 -410.891 
0 -439.048 -67 61 -382.325 -387.884 -338.656 -425.744 
0 -445.074 -68 61 -379.764 -388.284 -340.042 -436.512 
0 -439.356 -67 61 -382.325 -387.884 -338.656 -425.744 
0 -434.857 -67 61 -385.983 -385.233 -339.755 -421.544 
0 -441.524 -66 61 -387.456 -385.865 -338.656 -412.211 
0 -447.541 -68 61 -379.948 -388.162 -338.656 -436.139 
0 -435.103 -67 61 -385.983 -385.233 -339.755 -421.544 
-4 -438.477 -68 61 -380.725 -388.052 -338.656 -435.471 
0 -434.697 -66 61 -386.523 -386.816 -337.558 -410.891 
0 -439.988 -67 61 -382.325 -387.884 -338.656 -425.744 
0 -442.156 -66 61 -387.456 -385.865 -338.656 -412.211 
0 -431.672 -64 61 -392.512 -385.381 -338.656 -390.272 
0 -440.234 -67 61 -382.325 -387.884 -338.656 -425.744 
FEATURES_TXT_END_0
FEATURES_TXT_BEGIN_0 91 90 8 Distortion0_0 LM0_0 WordPenalty0_0 PhrasePenalty0_0 TranslationModel0_0 TranslationModel0_1 TranslationModel0_2 TranslationModel0_3 
0 -458.887 -68 65 -429.503 -413.648 -384.559 -482.918 
0 -453.34 -67 65 -431.983 -413.377 -384.559 -472.092 
0 -453.621 -67 65 -431.983 -413.377 -384.559 -472.092 
0 -453.692 -67 65 -431.983 -413.377 -384.559 -472.092 
0 -448.074 -66 65 -434.464 -413.105 -384.559 -461.267 
0 -448.145 -66 65 -434.464 -413.105 -384.559 -461.267 
0 -448.426 -66 65 -434.464 -413.105 -384.559 -461.267 
0 -442.879 -65 65 -436.945 -412.833 -384.559 -450.441 
0 -459.69 -68 65 -429.453 -413.422 -384.559 -483.436 
0 -452.184 -68 65 -431.219 -412.553 -382.116 -478.095 
0 -453.27 -68 65 -431.219 -412.553 -382.116 -478.095 
0 -453.338 -68 65 -431.219 -412.553 -382.116 -478.095 
0 -454.143 -67 65 -431.934 -413.151 -384.559 -472.611 
0 -453.439 -68 65 -431.219 -412.553 -382.116 -478.095 
0 -454.425 -67 65 -431.934 -413.151 -384.559 -472.611 
0 -454.495 -67 65 -431.934 -413.151 -384.559 -472.611 
0 -446.637 -67 65 -433.699 -412.281 -382.116 -467.27 
0 -446.918 -67 65 -433.699 -412.281 -382.116 -467.27 
0 -446.989 -67 65 -433.699 -412.281 -382.116 -467.27 
0 -458.265 -68 65 -429.21 -413.848 -384.559 -482.001 
0 -448.876 -67 65 -433.65 -412.055 -382.116 -467.789 
0 -447.723 -67 65 -433.699 -412.281 -382.116 -467.27 
0 -447.791 -67 65 -433.699 -412.281 -382.116 -467.27 
0 -447.892 -67 65 -433.699 -412.281 -382.116 -467.27 
0 -448.004 -67 65 -433.699 -412.281 -382.116 -467.27 
0 -448.072 -67 65 -433.699 -412.281 -382.116 -467.27 
0 -448.075 -67 65 -433.699 -412.281 -382.116 -467.27 
0 -448.143 -67 65 -433.699 -412.281 -382.116 -467.27 
0 -448.878 -66 65 -434.414 -412.879 -384.559 -461.785 
0 -448.174 -67 65 -433.699 -412.281 -382.116 -467.27 
0 -448.948 -66 65 -434.414 -412.879 -384.559 -461.785 
0 -448.245 -67 65 -433.699 -412.281 -382.116 -467.27 
0 -449.23 -66 65 -434.414 -412.879 -384.559 -461.785 
0 -441.371 -66 65 -436.18 -412.01 -382.116 -456.445 
0 -441.442 -66 65 -436.18 -412.01 -382.116 -456.445 
0 -441.723 -66 65 -436.18 -412.01 -382.116 -456.445 
0 -452.718 -67 65 -431.691 -413.576 -384.559 -471.176 
0 -448.808 -67 65 -433.65 -412.055 -382.116 -467.789 
0 -452.999 -67 65 -431.691 -413.576 -384.559 -471.176 
0 -448.696 -67 65 -433.65 -412.055 -382.116 -467.789 
0 -442.457 -66 65 -436.18 -412.01 -382.116 -456.445 
0 -453.07 -67 65 -431.691 -413.576 -384.559 -471.176 
0 -450.289 -68 65 -433.744 -412.281 -385.252 -467.275 
0 -442.525 -66 65 -436.18 -412.01 -382.116 -456.445 
0 -442.528 -66 65 -436.18 -412.01 -382.116 -456.445 
0 -442.596 -66 65 -436.18 -412.01 -382.116 -456.445 
0 -442.627 -66 65 -436.18 -412.01 -382.116 -456.445 
0 -442.697 -66 65 -436.18 -412.01 -382.116 -456.445 
0 -442.809 -66 65 -436.18 -412.01 -382.116 -456.445 
0 -442.878 -66 65 -436.18 -412.01 -382.116 -456.445 
0 -443.683 -65 65 -436.895 -412.607 -384.559 -450.96 
0 -442.979 -66 65 -436.18 -412.01 -382.116 -456.445 
0 -436.176 -65 65 -438.66 -411.738 -382.116 -445.619 
0 -447.452 -66 65 -434.171 -413.305 -384.559 -460.35 
0 -447.891 -68 65 -432.934 -411.458 -379.674 -473.273 
0 -447.523 -66 65 -434.171 -413.305 -384.559 -460.35 
0 -450.221 -68 65 -433.744 -412.281 -385.252 -467.275 
0 -447.804 -66 65 -434.171 -413.305 -384.559 -460.35 
0 -450.218 -68 65 -433.744 -412.281 -385.252 -467.275 
0 -437.262 -65 65 -438.66 -411.738 -382.116 -445.619 
0 -437.33 -65 65 -438.66 -411.738 -382.116 -445.619 
0 -437.432 -65 65 -438.66 -411.738 -382.116 -445.619 
0 -452.987 -68 65 -431.169 -412.327 -382.116 -478.614 
0 -442.257 -65 65 -436.652 -413.033 -384.559 -449.525 
0 -448.594 -67 65 -433.65 -412.055 -382.116 -467.789 
0 -455.416 -69 65 -431.263 -412.553 -385.252 -478.101 
0 -455.484 -69 65 -431.263 -412.553 -385.252 -478.101 
0 -454.073 -68 65 -431.169 -412.327 -382.116 -478.614 
0 -454.141 -68 65 -431.169 -412.327 -382.116 -478.614 
0 -454.243 -68 65 -431.169 -412.327 -382.116 -478.614 
0 -449.677 -67 65 -432.82 -412.684 -383.46 -469.163 
0 -446.567 -68 65 -432.934 -411.458 -379.674 -473.273 
0 -446.635 -68 65 -432.934 -411.458 -379.674 -473.273 
0 -447.44 -67 65 -433.65 -412.055 -382.116 -467.789 
0 -446.736 -68 65 -432.934 -411.458 -379.674 -473.273 
0 -456.486 -69 65 -431.263 -412.553 -385.252 -478.101 
0 -461.417 -68 65 -429.056 -413.304 -384.559 -484.863 
0 -458.452 -68 65 -430.339 -412.956 -383.46 -479.988 
0 -447.722 -67 65 -433.65 -412.055 -382.116 -467.789 
0 -447.792 -67 65 -433.65 -412.055 -382.116 -467.789 
0 -460.291 -68 65 -430.415 -412.685 -385.657 -481.714 
0 -449.869 -68 65 -433.744 -412.281 -385.252 -467.275 
0 -457.226 -69 65 -431.263 -412.553 -385.252 -478.101 
0 -458.159 -68 65 -430.339 -412.956 -383.46 -479.988 
0 -449.937 -68 65 -433.744 -412.281 -385.252 -467.275 
0 -447.721 -68 65 -432.934 -411.458 -379.674 -473.273 
0 -459.068 -68 65 -429.161 -413.622 -384.559 -482.52 
0 -447.823 -68 65 -432.934 -411.458 -379.674 -473.273 
0 -448.526 -67 65 -433.65 -412.055 -382.116 -467.789 
0 -450.15 -68 65 -433.744 -412.281 -385.252 -467.275 
FEATURES_TXT_END_0
FEATURES_TXT_BEGIN_0 92 99 8 Distortion0_0 LM0_0 WordPenalty0_0 PhrasePenalty0_0 TranslationModel0_0 TranslationModel0_1 TranslationModel0_2 TranslationModel0_3 
0 -275.177 -40 36 -202.552 -192.198 -178.12 -209.105 
0 -275.313 -40 36 -202.502 -191.972 -178.12 -209.624 
0 -275.973 -40 36 -202.502 -191.972 -178.12 -209.624 
0 -268.736 -40 36 -204.268 -191.102 -175.678 -204.283 
0 -276.393 -40 36 -204.416 -190.614 -178.12 -207.208 
0 -280.604 -40 36 -202.728 -191.54 -180.685 -211.275 
0 -276.109 -40 36 -202.453 -191.746 -178.12 -210.143 
0 -268.872 -40 36 -204.218 -190.876 -175.678 -204.802 
0 -270.566 -41 36 -204.312 -191.102 -178.813 -204.289 
0 -269.533 -40 36 -204.218 -190.876 -175.678 -204.802 
0 -272.753 -40 36 -203.388 -191.505 -177.022 -206.176 
0 -276.529 -40 36 -204.366 -190.388 -178.12 -207.727 
0 -277.19 -40 36 -204.366 -190.388 -178.12 -207.727 
0 -269.953 -40 36 -206.132 -189.518 -175.678 -202.386 
0 -273.352 -41 36 -202.125 -192.198 -179.506 -209.111 
0 -280.74 -40 36 -202.678 -191.314 -180.685 -211.793 
0 -281.4 -40 36 -202.678 -191.314 -180.685 -211.793 
0 -274.163 -40 36 -204.444 -190.444 -178.243 -206.452 
0 -281.82 -40 36 -204.592 -189.956 -180.685 -209.377 
0 -270.702 -41 36 -204.263 -190.876 -178.813 -204.808 
0 -275.21 -40 36 -201.59 -192.43 -179.506 -210.147 
-4 -268.316 -40 36 -202.552 -192.198 -178.12 -209.105 
0 -269.669 -40 36 -204.169 -190.65 -175.678 -205.321 
0 -271.362 -41 36 -204.263 -190.876 -178.813 -204.808 
0 -272.889 -40 36 -203.339 -191.279 -177.022 -206.695 
-4 -269.645 -40 36 -202.552 -192.198 -178.12 -209.105 
0 -273.549 -40 36 -203.339 -191.279 -177.022 -206.695 
0 -277.326 -40 36 -204.317 -190.162 -178.12 -208.246 
-4 -270.41 -40 36 -202.552 -192.198 -178.12 -209.105 
0 -266.312 -40 36 -205.104 -190.41 -174.579 -201.354 
-3 -278.633 -40 36 -202.552 -192.198 -178.12 -209.105 
0 -270.089 -40 36 -206.082 -189.292 -175.678 -202.905 
0 -271.782 -41 36 -206.176 -189.518 -178.813 -202.392 
-4 -271.444 -40 36 -202.552 -192.198 -178.12 -209.105 
0 -270.749 -40 36 -206.082 -189.292 -175.678 -202.905 
0 -273.488 -41 36 -202.075 -191.972 -179.506 -209.63 
-4 -271.938 -40 36 -202.552 -192.198 -178.12 -209.105 
0 -273.969 -40 36 -205.253 -189.922 -177.022 -204.279 
0 -274.149 -41 36 -202.075 -191.972 -179.506 -209.63 
0 -281.536 -40 36 -202.629 -191.088 -180.685 -212.312 
-4 -272.841 -40 36 -202.552 -192.198 -178.12 -209.105 
-4 -272.907 -40 36 -202.552 -192.198 -178.12 -209.105 
-4 -273.021 -40 36 -202.552 -192.198 -178.12 -209.105 
0 -274.299 -40 36 -204.394 -190.218 -178.243 -206.971 
0 -275.992 -41 36 -204.488 -190.444 -181.378 -206.458 
-4 -273.56 -40 36 -202.552 -192.198 -178.12 -209.105 
0 -271.212 -40 36 -204.211 -190.533 -178.408 -205.965 
0 -274.959 -40 36 -204.394 -190.218 -178.243 -206.971 
-4 -274.188 -40 36 -202.552 -192.198 -178.12 -209.105 
-4 -274.436 -40 36 -202.552 -192.198 -178.12 -209.105 
0 -274.569 -41 36 -203.989 -190.614 -179.506 -207.214 
-4 -274.455 -40 36 -202.552 -192.198 -178.12 -209.105 
-4 -274.562 -40 36 -202.552 -192.198 -178.12 -209.105 
-4 -274.666 -40 36 -202.552 -192.198 -178.12 -209.105 
0 -278.18 -40 36 -203.565 -190.847 -179.586 -208.345 
0 -281.956 -40 36 -204.543 -189.73 -180.685 -209.896 
-4 -274.844 -40 36 -202.552 -192.198 -178.12 -209.105 
-4 -274.969 -40 36 -202.552 -192.198 -178.12 -209.105 
0 -278.278 -41 36 -202.094 -192.198 -181.554 -209.111 
-4 -275.177 -40 36 -202.552 -192.198 -178.12 -209.105 
0 -282.616 -40 36 -204.543 -189.73 -180.685 -209.896 
-4 -275.597 -40 36 -202.552 -192.198 -178.12 -209.105 
0 -275.346 -40 36 -201.54 -192.204 -179.506 -210.666 
-4 -275.759 -40 36 -202.552 -192.198 -178.12 -209.105 
-4 -268.452 -40 36 -202.502 -191.972 -178.12 -209.624 
-4 -275.971 -40 36 -202.552 -192.198 -178.12 -209.105 
0 -279.61 -40 36 -202.728 -191.354 -180.685 -210.022 
0 -271.498 -41 36 -204.213 -190.65 -178.813 -205.326 
0 -275.38 -40 36 -206.308 -188.861 -178.243 -204.555 
-4 -276.305 -40 36 -202.552 -192.198 -178.12 -209.105 
0 -276.006 -40 36 -201.54 -192.204 -179.506 -210.666 
-4 -269.112 -40 36 -202.502 -191.972 -178.12 -209.624 
-4 -276.476 -40 36 -202.552 -192.198 -178.12 -209.105 
-4 -276.618 -40 36 -202.552 -192.198 -178.12 -209.105 
-4 -276.623 -40 36 -202.552 -192.198 -178.12 -209.105 
0 -278.779 -41 36 -202.301 -191.54 -182.071 -211.28 
-4 -277.096 -40 36 -202.552 -192.198 -178.12 -209.105 
-4 -279.074 -40 36 -202.552 -192.198 -178.12 -209.105 
-4 -269.781 -40 36 -202.502 -191.972 -178.12 -209.624 
0 -268.77 -40 36 -203.306 -191.334 -177.064 -205.325 
0 -273.685 -40 36 -203.289 -191.053 -177.022 -207.214 
-4 -270.442 -40 36 -202.502 -191.972 -178.12 -209.624 
-4 -277.809 -40 36 -202.552 -192.198 -178.12 -209.105 
-4 -270.546 -40 36 -202.502 -191.972 -178.12 -209.624 
-4 -278.071 -40 36 -202.552 -192.198 -178.12 -209.105 
-4 -278.33 -40 36 -202.552 -192.198 -178.12 -209.105 
0 -266.448 -40 36 -205.055 -190.184 -174.579 -201.873 
-3 -278.769 -40 36 -202.502 -191.972 -178.12 -209.624 
0 -268.141 -41 36 -205.149 -190.41 -177.715 -201.36 
0 -271.918 -41 36 -206.127 -189.292 -178.813 -202.91 
0 -276.427 -40 36 -203.454 -190.846 -179.506 -208.25 
-4 -271.206 -40 36 -202.502 -191.972 -178.12 -209.624 
-4 -269.532 -40 36 -204.416 -190.614 -178.12 -207.208 
-4 -278.816 -40 36 -202.552 -192.198 -178.12 -209.105 
-4 -278.902 -40 36 -202.552 -192.198 -178.12 -209.105 
-4 -271.58 -40 36 -202.502 -191.972 -178.12 -209.624 
0 -267.108 -40 36 -205.055 -190.184 -174.579 -201.873 
-3 -279.429 -40 36 -202.502 -191.972 -178.12 -209.624 
0 -270.885 -40 36 -206.033 -189.066 -175.678 -203.424 
FEATURES_TXT_END_0
FEATURES_TXT_BEGIN_0 93 100 8 Distortion0_0 LM0_0 WordPenalty0_0 PhrasePenalty0_0 TranslationModel0_0 TranslationModel0_1 TranslationModel0_2 TranslationModel0_3 
0 -311.775 -52 50 -345.527 -330.266 -286.884 -354.718 
0 -312.577 -52 50 -345.182 -330.711 -286.884 -354.168 
0 -314.892 -52 50 -344.668 -330.915 -286.884 -355.699 
0 -315.695 -52 50 -344.322 -331.361 -286.884 -355.149 
0 -310.175 -51 50 -348.008 -329.994 -286.884 -343.893 
0 -319.12 -52 50 -344.668 -330.915 -286.884 -355.699 
0 -310.978 -51 50 -347.662 -330.439 -286.884 -343.343 
0 -319.922 -52 50 -344.322 -331.361 -286.884 -355.149 
0 -313.293 -51 50 -347.149 -330.644 -286.884 -344.874 
0 -322.237 -52 50 -343.809 -331.565 -286.884 -356.68 
0 -314.095 -51 50 -346.803 -331.089 -286.884 -344.324 
0 -323.039 -52 50 -343.463 -332.01 -286.884 -356.13 
0 -306.271 -52 50 -347.243 -329.171 -284.442 -349.896 
0 -306.353 -52 50 -347.243 -329.171 -284.442 -349.896 
0 -306.766 -52 50 -347.243 -329.171 -284.442 -349.896 
0 -307.073 -52 50 -346.898 -329.616 -284.442 -349.346 
0 -307.156 -52 50 -346.898 -329.616 -284.442 -349.346 
0 -307.568 -52 50 -346.898 -329.616 -284.442 -349.346 
0 -309.388 -52 50 -346.384 -329.82 -284.442 -350.877 
0 -317.52 -51 50 -347.149 -330.644 -286.884 -344.874 
0 -308.557 -52 50 -346.614 -329.433 -284.804 -351.674 
0 -309.471 -52 50 -346.384 -329.82 -284.442 -350.877 
0 -309.883 -52 50 -346.384 -329.82 -284.442 -350.877 
0 -310.19 -52 50 -346.038 -330.265 -284.442 -350.327 
0 -318.322 -51 50 -346.803 -331.089 -286.884 -344.324 
0 -310.273 -52 50 -346.038 -330.265 -284.442 -350.327 
0 -302.973 -53 50 -347.288 -329.171 -287.577 -349.902 
0 -310.685 -52 50 -346.038 -330.265 -284.442 -350.327 
0 -312.8 -52 50 -345.277 -330.148 -287.289 -355.257 
0 -310.044 -52 50 -346.268 -329.878 -284.805 -351.124 
0 -320.637 -51 50 -346.289 -331.293 -286.884 -345.855 
0 -311.674 -52 50 -345.754 -330.082 -284.804 -352.655 
0 -303.776 -53 50 -346.942 -329.616 -287.577 -349.352 
0 -313.602 -52 50 -344.931 -330.593 -287.289 -354.707 
0 -321.44 -51 50 -345.944 -331.738 -286.884 -345.305 
0 -306.091 -53 50 -346.428 -329.82 -287.577 -350.883 
0 -315.917 -52 50 -344.417 -330.797 -287.289 -356.238 
0 -313.162 -52 50 -345.409 -330.528 -284.805 -352.105 
0 -306.893 -53 50 -346.083 -330.265 -287.577 -350.333 
0 -308.981 -52 50 -346.44 -329.303 -287.983 -353.514 
0 -316.72 -52 50 -344.072 -331.242 -287.289 -355.688 
0 -304.671 -51 50 -349.724 -328.899 -284.442 -339.071 
0 -313.615 -52 50 -346.384 -329.82 -284.442 -350.877 
0 -304.754 -51 50 -349.724 -328.899 -284.442 -339.071 
0 -313.698 -52 50 -346.384 -329.82 -284.442 -350.877 
0 -309.783 -52 50 -346.094 -329.748 -287.983 -352.964 
0 -306.686 -53 50 -347.288 -329.171 -287.577 -349.902 
0 -305.166 -51 50 -349.724 -328.899 -284.442 -339.071 
0 -314.11 -52 50 -346.384 -329.82 -284.442 -350.877 
0 -305.473 -51 50 -349.378 -329.344 -284.442 -338.521 
0 -314.418 -52 50 -346.038 -330.265 -284.442 -350.327 
0 -305.556 -51 50 -349.378 -329.344 -284.442 -338.521 
0 -314.5 -52 50 -346.038 -330.265 -284.442 -350.327 
0 -312.098 -52 50 -345.58 -329.952 -287.983 -354.495 
0 -307.488 -53 50 -346.942 -329.616 -287.577 -349.352 
0 -305.968 -51 50 -349.378 -329.344 -284.442 -338.521 
0 -314.913 -52 50 -346.038 -330.265 -284.442 -350.327 
0 -307.788 -51 50 -348.865 -329.549 -284.442 -340.052 
0 -316.733 -52 50 -345.524 -330.47 -284.442 -351.858 
0 -306.957 -51 50 -349.094 -329.161 -284.804 -340.848 
0 -307.871 -51 50 -348.865 -329.549 -284.442 -340.052 
0 -315.902 -52 50 -345.754 -330.082 -284.804 -352.655 
0 -316.815 -52 50 -345.524 -330.47 -284.442 -351.858 
0 -308.111 -53 50 -347.288 -329.171 -287.577 -349.902 
0 -312.9 -52 50 -345.235 -330.397 -287.983 -353.945 
0 -309.803 -53 50 -346.428 -329.82 -287.577 -350.883 
0 -308.283 -51 50 -348.865 -329.549 -284.442 -340.052 
0 -317.228 -52 50 -345.524 -330.47 -284.442 -351.858 
0 -308.591 -51 50 -348.519 -329.994 -284.442 -339.502 
0 -317.535 -52 50 -345.179 -330.915 -284.442 -351.308 
0 -308.673 -51 50 -348.519 -329.994 -284.442 -339.502 
0 -317.618 -52 50 -345.179 -330.915 -284.442 -351.308 
0 -301.374 -52 50 -349.768 -328.899 -287.577 -339.076 
0 -310.318 -53 50 -346.428 -329.82 -287.577 -350.883 
0 -308.914 -53 50 -346.942 -329.616 -287.577 -349.352 
0 -310.606 -53 50 -346.083 -330.265 -287.577 -350.333 
0 -309.086 -51 50 -348.519 -329.994 -284.442 -339.502 
0 -318.03 -52 50 -345.179 -330.915 -284.442 -351.308 
0 -311.2 -51 50 -347.757 -329.876 -287.289 -344.432 
0 -320.145 -52 50 -344.417 -330.797 -287.289 -356.238 
0 -308.445 -51 50 -348.749 -329.606 -284.805 -340.298 
0 -317.389 -52 50 -345.409 -330.528 -284.805 -352.105 
0 -310.075 -51 50 -348.235 -329.811 -284.804 -341.829 
0 -319.019 -52 50 -344.895 -330.732 -284.804 -353.636 
0 -302.176 -52 50 -349.423 -329.344 -287.577 -338.526 
0 -311.12 -53 50 -346.083 -330.265 -287.577 -350.333 
0 -311.229 -53 50 -346.428 -329.82 -287.577 -350.883 
0 -312.003 -51 50 -347.411 -330.321 -287.289 -343.882 
0 -320.947 -52 50 -344.071 -331.242 -287.289 -355.688 
0 -304.491 -52 50 -348.909 -329.549 -287.577 -340.057 
0 -313.435 -53 50 -345.569 -330.47 -287.577 -351.863 
0 -312.031 -53 50 -346.083 -330.265 -287.577 -350.333 
0 -300.849 -52 50 -348.959 -328.075 -281.999 -345.074 
0 -314.318 -51 50 -346.898 -330.526 -287.289 -345.413 
0 -323.262 -52 50 -343.558 -331.447 -287.289 -357.219 
0 -311.562 -51 50 -347.889 -330.256 -284.805 -341.279 
0 -320.506 -52 50 -344.549 -331.177 -284.805 -353.086 
0 -301.261 -52 50 -348.959 -328.075 -281.999 -345.074 
0 -301.344 -52 50 -348.959 -328.075 -281.999 -345.074 
0 -305.293 -52 50 -348.563 -329.994 -287.577 -339.507 
FEATURES_TXT_END_0
FEATURES_TXT_BEGIN_0 94 100 8 Distortion0_0 LM0_0 WordPenalty0_0 PhrasePenalty0_0 TranslationModel0_0 TranslationModel0_1 TranslationModel0_2 TranslationModel0_3 
0 -401.933 -61 55 -346.471 -338.474 -294.89 -383.03 
0 -399.879 -60 55 -346.95 -338.881 -294.197 -378.139 
0 -398.059 -60 55 -348.952 -338.202 -294.89 -372.205 
0 -399.075 -60 55 -348.952 -338.202 -294.89 -372.205 
0 -401.641 -60 55 -346.95 -338.881 -294.197 -378.139 
0 -401.923 -60 55 -346.95 -338.881 -294.197 -378.139 
0 -402.164 -61 55 -346.76 -339.133 -295.583 -378.144 
0 -402.565 -61 55 -346.76 -339.133 -295.583 -378.144 
0 -396.005 -59 55 -349.431 -338.609 -294.197 -367.314 
0 -397.022 -59 55 -349.431 -338.609 -294.197 -367.314 
0 -399.587 -59 55 -347.429 -339.288 -293.504 -373.248 
0 -395.201 -59 55 -351.432 -337.931 -294.89 -361.379 
0 -399.87 -59 55 -347.429 -339.288 -293.504 -373.248 
0 -397.767 -59 55 -349.431 -338.609 -294.197 -367.314 
0 -404.711 -61 55 -346.76 -339.133 -295.583 -378.144 
0 -398.049 -59 55 -349.431 -338.609 -294.197 -367.314 
0 -399.619 -60 55 -346.984 -338.893 -293.186 -377.015 
0 -398.289 -60 55 -349.241 -338.861 -295.583 -367.319 
0 -400.511 -60 55 -347.239 -339.54 -294.89 -373.253 
0 -398.783 -59 55 -349.431 -338.61 -294.197 -367.314 
0 -399.98 -60 55 -346.984 -338.893 -293.186 -377.015 
0 -399.066 -59 55 -349.431 -338.609 -294.197 -367.314 
0 -398.69 -60 55 -349.241 -338.861 -295.583 -367.319 
0 -401.631 -59 55 -347.429 -339.288 -293.504 -373.248 
0 -399.306 -60 55 -349.241 -338.861 -295.583 -367.319 
0 -401.872 -60 55 -347.239 -339.54 -294.89 -373.253 
0 -399.707 -60 55 -349.241 -338.861 -295.583 -367.319 
0 -401.15 -60 55 -346.709 -338.86 -295.583 -378.999 
0 -402.154 -60 55 -347.239 -339.54 -294.89 -373.253 
0 -397.513 -61 55 -348.187 -337.379 -292.448 -378.208 
0 -393.147 -58 55 -351.911 -338.338 -294.197 -356.488 
0 -402.273 -60 55 -347.239 -339.54 -294.89 -373.253 
0 -395.713 -58 55 -349.909 -339.017 -293.504 -362.422 
0 -402.658 -60 55 -347.239 -339.54 -294.89 -373.253 
0 -402.126 -60 55 -346.984 -338.893 -293.186 -377.015 
0 -395.996 -58 55 -349.909 -339.017 -293.504 -362.422 
0 -400.837 -60 55 -349.241 -338.861 -295.583 -367.319 
0 -402.795 -61 55 -347.05 -339.791 -296.277 -373.259 
0 -396.73 -58 55 -349.909 -339.017 -293.504 -362.422 
0 -397.927 -59 55 -347.463 -339.3 -292.492 -372.124 
0 -395.745 -59 55 -349.465 -338.621 -293.186 -366.19 
0 -403 -60 55 -346.709 -338.86 -295.583 -378.999 
0 -397.012 -58 55 -349.909 -339.017 -293.504 -362.422 
0 -396.637 -59 55 -349.72 -339.268 -294.89 -362.428 
0 -394.909 -58 55 -351.911 -338.338 -294.197 -356.488 
0 -403.214 -60 55 -346.709 -338.86 -295.583 -378.999 
0 -401.853 -60 55 -349.241 -338.861 -295.583 -367.319 
0 -396.106 -59 55 -349.465 -338.621 -293.186 -366.19 
0 -399.578 -58 55 -347.908 -339.696 -292.811 -368.357 
0 -395.191 -58 55 -351.911 -338.338 -294.197 -356.488 
0 -397.757 -58 55 -349.909 -339.017 -293.504 -362.422 
0 -404.702 -60 55 -347.239 -339.54 -294.89 -373.253 
0 -396.762 -59 55 -349.465 -338.621 -293.186 -366.19 
0 -395.432 -59 55 -351.722 -338.589 -295.583 -356.494 
0 -397.653 -59 55 -349.72 -339.268 -294.89 -362.428 
0 -397.123 -59 55 -349.465 -338.621 -293.186 -366.19 
0 -399.327 -59 55 -347.463 -339.3 -292.492 -372.124 
0 -395.46 -60 55 -348.666 -337.786 -291.755 -373.317 
0 -397.997 -59 55 -349.72 -339.268 -294.89 -362.428 
0 -400.219 -59 55 -347.718 -339.947 -294.197 -368.362 
0 -395.833 -59 55 -351.722 -338.589 -295.583 -356.494 
0 -397.275 -59 55 -349.19 -338.588 -295.583 -368.174 
0 -399.61 -59 55 -347.463 -339.3 -292.492 -372.124 
0 -404.942 -61 55 -347.05 -339.791 -296.277 -373.259 
0 -399.688 -59 55 -347.463 -339.3 -292.492 -372.124 
0 -398.28 -59 55 -349.72 -339.268 -294.89 -362.428 
0 -398.774 -58 55 -349.909 -339.017 -293.504 -362.422 
0 -398.398 -59 55 -349.72 -339.268 -294.89 -362.428 
0 -405.343 -61 55 -347.05 -339.791 -296.277 -373.259 
0 -400.072 -59 55 -347.463 -339.3 -292.492 -372.124 
0 -398.783 -59 55 -349.72 -339.268 -294.89 -362.428 
0 -398.251 -59 55 -349.465 -338.621 -293.186 -366.19 
0 -399.014 -59 55 -349.72 -339.268 -294.89 -362.428 
0 -398.292 -59 55 -349.19 -338.588 -295.583 -368.174 
0 -400.211 -60 55 -347.274 -339.551 -293.879 -372.129 
0 -400.251 -60 55 -347.274 -339.551 -293.879 -372.129 
0 -399.297 -59 55 -349.72 -339.268 -294.89 -362.428 
0 -394.655 -60 55 -350.668 -337.107 -292.448 -367.383 
0 -398.921 -60 55 -349.531 -339.52 -296.277 -362.433 
0 -399.415 -59 55 -349.72 -339.268 -294.89 -362.428 
0 -400.858 -59 55 -347.188 -339.267 -294.89 -374.108 
0 -401.726 -61 55 -346.345 -338.327 -294.89 -382.625 
0 -400.947 -59 55 -347.188 -339.267 -294.89 -374.108 
0 -401.862 -59 55 -347.718 -339.947 -294.197 -368.362 
0 -401.14 -59 55 -347.188 -339.267 -294.89 -374.108 
0 -397.221 -60 55 -348.666 -337.786 -291.755 -373.317 
0 -392.855 -57 55 -352.39 -338.745 -293.504 -351.597 
0 -401.16 -59 55 -347.188 -339.267 -294.89 -374.108 
0 -399.8 -59 55 -349.72 -339.268 -294.89 -362.428 
0 -394.053 -58 55 -349.944 -339.028 -292.492 -361.298 
0 -399.126 -59 55 -349.19 -338.588 -295.583 -368.174 
0 -399.268 -59 55 -349.465 -338.621 -293.186 -366.19 
0 -397.504 -60 55 -348.666 -337.786 -291.755 -373.317 
0 -393.138 -57 55 -352.39 -338.745 -293.504 -351.597 
0 -400.093 -61 55 -347.384 -337.511 -295.989 -381.826 
0 -402.388 -61 55 -346.345 -338.327 -294.89 -382.625 
0 -399.339 -59 55 -349.19 -338.588 -295.583 -368.174 
0 -397.979 -59 55 -351.722 -338.589 -295.583 -356.494 
0 -395.704 -57 55 -350.388 -339.424 -292.811 -357.531 
0 -399.938 -60 55 -349.531 -339.52 -296.277 -362.433 
FEATURES_TXT_END_0
FEATURES_TXT_BEGIN_0 95 78 8 Distortion0_0 LM0_0 WordPenalty0_0 PhrasePenalty0_0 TranslationModel0_0 TranslationModel0_1 TranslationModel0_2 TranslationModel0_3 
0 -375.337 -56 53 -334.001 -352.448 -286.147 -354.171 
0 -384.021 -57 53 -331.52 -352.72 -286.147 -364.997 
0 -375.336 -56 53 -334.282 -352.316 -285.454 -353.073 
0 -369.298 -56 53 -336.047 -350.714 -284.761 -350.077 
0 -375.963 -56 53 -334.282 -352.316 -285.454 -353.073 
0 -384.02 -57 53 -331.802 -352.587 -285.454 -363.898 
0 -380.574 -58 53 -333.281 -351.624 -286.84 -360.18 
0 -384.647 -57 53 -331.802 -352.587 -285.454 -363.898 
0 -375.335 -56 53 -334.564 -352.184 -284.761 -351.974 
0 -372.031 -56 53 -335.865 -350.864 -286.147 -352.274 
0 -375.962 -56 53 -334.564 -352.184 -284.761 -351.974 
0 -376.343 -56 53 -335.998 -351.221 -283.011 -348.25 
0 -384.019 -57 53 -332.083 -352.455 -284.761 -362.799 
0 -380.716 -57 53 -333.384 -351.136 -286.147 -363.099 
0 -384.646 -57 53 -332.083 -352.455 -284.761 -362.799 
0 -367.161 -56 53 -337.862 -349.637 -283.011 -346.353 
0 -371.39 -56 53 -336.147 -350.732 -285.454 -351.175 
0 -372.03 -56 53 -336.147 -350.732 -285.454 -351.175 
0 -382.554 -57 53 -331.983 -352.437 -284.067 -361.701 
0 -375.96 -56 53 -334.845 -352.052 -284.067 -350.875 
0 -373.246 -56 53 -333.62 -352.562 -286.147 -354.171 
0 -376.36 -57 53 -333.236 -351.624 -283.705 -360.174 
0 -380.074 -57 53 -333.666 -351.004 -285.454 -362.001 
0 -380.714 -57 53 -333.666 -351.004 -285.454 -362.001 
0 -378.624 -57 53 -333.285 -351.118 -285.454 -362.001 
0 -384.644 -57 53 -332.364 -352.323 -284.067 -361.701 
0 -371.389 -56 53 -336.428 -350.6 -284.761 -350.077 
0 -375.756 -56 53 -334.157 -352.169 -285.454 -352.667 
0 -381.931 -57 53 -331.139 -352.834 -286.147 -364.997 
0 -372.029 -56 53 -336.428 -350.6 -284.761 -350.077 
0 -371.109 -56 53 -335.717 -351.353 -283.705 -349.349 
0 -373.245 -56 53 -333.901 -352.43 -285.454 -353.073 
0 -385.034 -57 53 -331.073 -352.375 -286.147 -366.942 
0 -376.359 -57 53 -333.518 -351.492 -283.011 -359.076 
0 -376.359 -57 53 -333.517 -351.492 -283.011 -359.076 
0 -380.073 -57 53 -333.947 -350.871 -284.761 -360.902 
0 -380.417 -57 53 -333.799 -351.36 -282.318 -357.977 
0 -373.872 -56 53 -333.901 -352.43 -285.454 -353.073 
0 -376.986 -57 53 -333.517 -351.492 -283.011 -359.076 
0 -380.713 -57 53 -333.947 -350.871 -284.761 -360.902 
0 -379.793 -57 53 -333.236 -351.624 -283.705 -360.174 
0 -371.387 -56 53 -336.709 -350.468 -284.067 -348.978 
0 -381.929 -57 53 -331.421 -352.702 -285.454 -363.898 
0 -376.487 -57 53 -335.1 -350.04 -283.705 -358.277 
0 -382.556 -57 53 -331.421 -352.702 -285.454 -363.898 
0 -371.107 -56 53 -335.998 -351.221 -283.011 -348.25 
0 -377.983 -57 53 -333.285 -351.118 -285.454 -362.001 
0 -373.244 -56 53 -334.183 -352.298 -284.761 -351.974 
0 -376.358 -57 53 -333.799 -351.36 -282.318 -357.977 
0 -380.071 -57 53 -334.229 -350.739 -284.067 -359.804 
0 -371.734 -56 53 -335.998 -351.221 -283.011 -348.25 
0 -369.941 -56 53 -335.484 -350.978 -286.147 -352.274 
0 -373.871 -56 53 -334.183 -352.298 -284.761 -351.974 
0 -374.27 -57 53 -332.855 -351.738 -283.705 -360.174 
0 -373.055 -57 53 -335.1 -350.04 -283.705 -358.277 
0 -376.985 -57 53 -333.799 -351.36 -282.318 -357.977 
0 -375.129 -56 53 -334.156 -352.169 -285.454 -352.667 
0 -379.791 -57 53 -333.518 -351.492 -283.011 -359.076 
0 -375.129 -56 53 -334.157 -352.169 -285.454 -352.667 
0 -375.13 -56 53 -333.875 -352.301 -286.147 -353.766 
0 -381.928 -57 53 -331.702 -352.569 -284.761 -362.799 
0 -380.418 -57 53 -333.517 -351.492 -283.011 -359.076 
0 -378.625 -57 53 -333.003 -351.25 -286.147 -363.099 
0 -382.555 -57 53 -331.702 -352.569 -284.761 -362.799 
0 -379.79 -57 53 -333.799 -351.36 -282.318 -357.977 
0 -371.106 -56 53 -336.28 -351.088 -282.318 -347.152 
0 -376.344 -56 53 -335.717 -351.353 -283.705 -349.349 
0 -369.299 -56 53 -335.766 -350.846 -285.454 -351.175 
0 -372.413 -57 53 -335.382 -349.908 -283.011 -357.179 
0 -383.814 -57 53 -331.394 -352.573 -286.147 -364.591 
0 -367.803 -56 53 -337.581 -349.769 -283.705 -347.452 
0 -371.733 -56 53 -336.28 -351.088 -282.318 -347.152 
0 -371.89 -57 53 -335.761 -351.353 -286.84 -349.354 
0 -376.35 -56 53 -333.554 -352.103 -286.147 -356.117 
0 -369.94 -56 53 -335.766 -350.846 -285.454 -351.175 
0 -376.984 -57 53 -334.08 -351.228 -281.625 -356.879 
0 -373.87 -56 53 -334.464 -352.166 -284.067 -350.875 
0 -373.054 -57 53 -335.382 -349.908 -283.011 -357.179 
FEATURES_TXT_END_0
FEATURES_TXT_BEGIN_0 96 100 8 Distortion0_0 LM0_0 WordPenalty0_0 PhrasePenalty0_0 TranslationModel0_0 TranslationModel0_1 TranslationModel0_2 TranslationModel0_3 
0 -486.835 -78 71 -451.65 -455.914 -386.544 -505.462 
0 -480.609 -77 71 -454.13 -455.643 -386.544 -494.636 
0 -482.052 -77 71 -454.13 -455.643 -386.544 -494.636 
0 -475.825 -76 71 -456.611 -455.371 -386.544 -483.811 
0 -483.856 -77 71 -454.13 -455.643 -386.544 -494.636 
0 -489.201 -78 71 -449.966 -456.928 -387.237 -508.213 
0 -477.629 -76 71 -456.611 -455.371 -386.544 -483.811 
0 -482.974 -77 71 -452.446 -456.656 -387.237 -497.388 
0 -488.993 -79 71 -451.641 -455.914 -387.93 -505.467 
0 -479.073 -76 71 -456.611 -455.371 -386.544 -483.811 
0 -484.418 -77 71 -452.446 -456.656 -387.237 -497.388 
0 -482.766 -78 71 -454.121 -455.643 -387.93 -494.642 
0 -487.152 -78 71 -451.6 -455.688 -386.544 -505.981 
0 -472.846 -75 71 -459.092 -455.099 -386.544 -472.985 
0 -478.191 -76 71 -454.927 -456.385 -387.237 -486.562 
0 -484.21 -78 71 -454.121 -455.643 -387.93 -494.642 
0 -480.925 -77 71 -454.081 -455.417 -386.544 -495.155 
0 -486.222 -77 71 -452.446 -456.656 -387.237 -497.388 
0 -480.549 -78 71 -453.366 -454.819 -384.101 -500.64 
0 -477.983 -77 71 -456.602 -455.371 -387.93 -483.816 
0 -479.995 -76 71 -454.927 -456.385 -387.237 -486.562 
0 -474.322 -77 71 -455.846 -454.548 -384.101 -489.814 
0 -482.368 -77 71 -454.081 -455.417 -386.544 -495.155 
0 -488.163 -78 71 -452.785 -454.857 -386.544 -504.363 
0 -486.014 -78 71 -454.121 -455.643 -387.93 -494.642 
0 -491.359 -79 71 -449.957 -456.928 -388.623 -508.219 
0 -482.559 -78 71 -453.366 -454.819 -384.101 -500.64 
0 -476.141 -76 71 -456.561 -455.145 -386.544 -484.33 
0 -481.438 -76 71 -454.927 -456.385 -387.237 -486.562 
0 -481.936 -77 71 -455.266 -454.585 -386.544 -493.538 
0 -479.787 -77 71 -456.602 -455.371 -387.93 -483.816 
0 -475.765 -77 71 -455.846 -454.548 -384.101 -489.814 
0 -485.132 -78 71 -452.437 -456.656 -388.623 -497.393 
0 -484.172 -77 71 -454.081 -455.417 -386.544 -495.155 
0 -489.517 -78 71 -449.916 -456.702 -387.237 -508.732 
0 -475.211 -75 71 -457.408 -456.113 -387.237 -475.737 
0 -469.539 -76 71 -458.327 -454.276 -384.101 -478.989 
0 -483.38 -77 71 -455.266 -454.585 -386.544 -493.538 
0 -481.23 -77 71 -456.602 -455.371 -387.93 -483.816 
0 -477.945 -76 71 -456.561 -455.145 -386.544 -484.33 
0 -486.575 -78 71 -452.437 -456.656 -388.623 -497.393 
0 -483.29 -77 71 -452.397 -456.43 -387.237 -497.907 
0 -477.569 -77 71 -455.846 -454.548 -384.101 -489.814 
0 -477.776 -77 71 -455.846 -454.548 -384.101 -489.814 
0 -482.915 -78 71 -451.682 -455.833 -384.795 -503.391 
0 -489.309 -79 71 -451.591 -455.688 -387.93 -505.986 
0 -477.153 -76 71 -457.746 -454.314 -386.544 -482.712 
0 -475.003 -76 71 -459.083 -455.099 -387.93 -472.991 
0 -480.348 -77 71 -454.918 -456.385 -388.623 -486.568 
0 -471.343 -76 71 -458.327 -454.276 -384.101 -478.989 
0 -479.389 -76 71 -456.561 -455.145 -386.544 -484.33 
0 -483.457 -78 71 -452.562 -454.951 -387.642 -504.258 
0 -487.541 -78 71 -448.886 -457.611 -387.237 -508.619 
0 -476.688 -77 71 -454.162 -455.561 -384.795 -492.566 
0 -484.734 -77 71 -452.397 -456.43 -387.237 -497.907 
0 -485.184 -77 71 -455.266 -454.585 -386.544 -493.538 
0 -483.082 -78 71 -454.072 -455.417 -387.93 -495.161 
0 -490.529 -78 71 -451.101 -455.871 -387.237 -507.115 
0 -488.379 -78 71 -452.437 -456.656 -388.623 -497.393 
0 -482.706 -79 71 -453.357 -454.819 -385.488 -500.645 
0 -479.579 -77 71 -455.846 -454.548 -384.101 -489.814 
0 -486.768 -78 71 -451.65 -455.566 -386.544 -505.462 
0 -473.162 -75 71 -459.042 -454.873 -386.544 -473.504 
0 -477.231 -77 71 -455.043 -454.679 -387.642 -493.432 
0 -484.925 -78 71 -451.682 -455.833 -384.795 -503.391 
0 -481.315 -77 71 -451.366 -457.339 -387.237 -497.793 
0 -487.286 -78 71 -453.366 -454.819 -384.101 -500.64 
0 -478.507 -76 71 -454.877 -456.159 -387.237 -487.081 
0 -478.957 -76 71 -457.746 -454.314 -386.544 -482.712 
0 -472.786 -76 71 -458.327 -454.276 -384.101 -478.989 
0 -484.302 -77 71 -453.582 -455.599 -387.237 -496.289 
0 -482.152 -77 71 -454.918 -456.385 -388.623 -486.568 
0 -478.131 -77 71 -454.162 -455.561 -384.795 -492.566 
0 -476.48 -78 71 -455.837 -454.548 -385.488 -489.82 
0 -484.526 -78 71 -454.072 -455.417 -387.93 -495.161 
0 -480.626 -77 71 -455.846 -454.548 -384.101 -489.814 
0 -480.542 -77 71 -454.13 -455.294 -386.544 -494.636 
0 -490.321 -79 71 -452.776 -454.857 -387.93 -504.369 
0 -486.538 -77 71 -452.397 -456.43 -387.237 -497.907 
0 -480.865 -78 71 -453.316 -454.593 -384.101 -501.158 
0 -484.661 -78 71 -450.882 -456.365 -386.544 -504.769 
0 -481.06 -77 71 -455.846 -454.548 -384.101 -489.814 
0 -466.559 -75 71 -460.808 -454.004 -384.101 -468.163 
0 -478.674 -77 71 -455.043 -454.679 -387.642 -493.432 
0 -482.758 -77 71 -451.366 -457.339 -387.237 -497.793 
0 -484.716 -79 71 -453.357 -454.819 -385.488 -500.645 
0 -471.904 -76 71 -456.643 -455.289 -384.795 -481.74 
0 -480.4 -76 71 -457.746 -454.314 -386.544 -482.712 
0 -478.299 -77 71 -456.553 -455.145 -387.93 -484.335 
0 -483.346 -79 71 -453.41 -454.819 -387.237 -500.645 
0 -483.634 -78 71 -453.246 -454.333 -386.544 -503.516 
0 -485.745 -77 71 -453.582 -455.599 -387.237 -496.289 
0 -483.596 -77 71 -454.918 -456.385 -388.623 -486.568 
0 -484.094 -78 71 -455.257 -454.585 -387.93 -493.543 
0 -480.311 -76 71 -454.877 -456.159 -387.237 -487.081 
0 -477.923 -78 71 -455.837 -454.548 -385.488 -489.82 
0 -474.638 -77 71 -455.797 -454.322 -384.101 -490.333 
0 -478.434 -77 71 -453.363 -456.093 -386.544 -493.943 
0 -474.796 -76 71 -458.327 -454.276 -384.101 -478.989 
0 -481.985 -77 71 -454.13 -455.294 -386.544 -494.636 
FEATURES_TXT_END_0
FEATURES_TXT_BEGIN_0 97 100 8 Distortion0_0 LM0_0 WordPenalty0_0 PhrasePenalty0_0 TranslationModel0_0 TranslationModel0_1 TranslationModel0_2 TranslationModel0_3 
0 -414.419 -68 64 -429.251 -415.532 -394.912 -480.931 
0 -421.763 -69 64 -426.77 -415.804 -394.912 -491.756 
0 -432.225 -70 64 -425.452 -416.714 -396.011 -494.521 
0 -439.569 -71 64 -422.971 -416.986 -396.011 -505.347 
0 -412.706 -67 64 -429.73 -415.939 -394.219 -476.039 
0 -420.05 -68 64 -427.249 -416.211 -394.219 -486.865 
0 -411.561 -67 64 -431.732 -415.26 -394.912 -470.105 
0 -418.905 -68 64 -429.251 -415.532 -394.912 -480.931 
0 -411.63 -67 64 -431.732 -415.26 -394.912 -470.105 
0 -418.974 -68 64 -429.251 -415.532 -394.912 -480.931 
0 -430.512 -69 64 -425.93 -417.121 -395.318 -489.63 
0 -437.856 -70 64 -423.45 -417.393 -395.318 -500.456 
0 -413.399 -68 64 -430.051 -414.937 -394.912 -479.321 
0 -420.743 -69 64 -427.57 -415.209 -394.912 -490.147 
0 -415.403 -68 64 -429.54 -416.191 -395.606 -476.045 
0 -422.746 -69 64 -427.06 -416.462 -395.606 -486.87 
0 -429.367 -69 64 -427.932 -416.442 -396.011 -483.696 
0 -436.711 -70 64 -425.452 -416.714 -396.011 -494.521 
0 -429.436 -69 64 -427.932 -416.442 -396.011 -483.696 
0 -436.779 -70 64 -425.452 -416.714 -396.011 -494.521 
0 -414.861 -68 64 -429.201 -415.306 -394.912 -481.449 
0 -422.205 -69 64 -426.721 -415.578 -394.912 -492.275 
0 -409.849 -66 64 -432.21 -415.667 -394.219 -465.214 
0 -417.193 -67 64 -429.73 -415.939 -394.219 -476.039 
0 -409.917 -66 64 -432.21 -415.667 -394.219 -465.214 
0 -417.261 -67 64 -429.73 -415.939 -394.219 -476.039 
0 -408.772 -66 64 -434.212 -414.989 -394.912 -459.28 
0 -416.116 -67 64 -431.732 -415.26 -394.912 -470.105 
0 -431.205 -70 64 -426.252 -416.119 -396.011 -492.912 
0 -438.549 -71 64 -423.771 -416.391 -396.011 -503.737 
0 -433.208 -70 64 -425.741 -417.373 -396.704 -489.636 
0 -440.552 -71 64 -423.26 -417.644 -396.704 -500.461 
0 -411.687 -67 64 -430.53 -415.345 -394.219 -474.43 
0 -419.031 -68 64 -428.049 -415.616 -394.219 -485.255 
0 -408.997 -68 64 -430.967 -414.437 -392.47 -476.109 
0 -415.275 -68 64 -431.115 -413.948 -394.912 -479.034 
0 -416.341 -69 64 -428.486 -414.708 -392.47 -486.934 
0 -422.619 -69 64 -428.635 -414.22 -394.912 -489.859 
0 -413.415 -67 64 -429.764 -415.951 -393.208 -474.915 
0 -420.759 -68 64 -427.283 -416.222 -393.208 -485.741 
0 -413.576 -67 64 -429.489 -415.918 -395.606 -476.9 
0 -420.92 -68 64 -427.008 -416.19 -395.606 -487.725 
0 -409.719 -68 64 -430.967 -414.437 -392.47 -476.109 
0 -417.063 -69 64 -428.486 -414.708 -392.47 -486.934 
0 -432.667 -70 64 -425.402 -416.488 -396.011 -495.04 
0 -440.011 -71 64 -422.921 -416.76 -396.011 -505.866 
0 -427.655 -68 64 -428.411 -416.849 -395.318 -478.805 
0 -434.998 -69 64 -425.93 -417.121 -395.318 -489.63 
0 -410.542 -67 64 -432.532 -414.666 -394.912 -468.496 
0 -417.886 -68 64 -430.051 -414.937 -394.912 -479.321 
0 -412.545 -67 64 -432.021 -415.919 -395.606 -465.219 
0 -427.723 -68 64 -428.411 -416.849 -395.318 -478.805 
0 -419.889 -68 64 -429.54 -416.191 -395.606 -476.045 
0 -435.067 -69 64 -425.93 -417.121 -395.318 -489.63 
0 -410.61 -67 64 -432.532 -414.666 -394.912 -468.496 
0 -417.954 -68 64 -430.051 -414.937 -394.912 -479.321 
0 -412.613 -67 64 -432.021 -415.919 -395.606 -465.219 
0 -419.957 -68 64 -429.54 -416.191 -395.606 -476.045 
0 -413.149 -67 64 -429.68 -415.713 -394.219 -476.558 
0 -420.492 -68 64 -427.199 -415.985 -394.219 -487.384 
0 -417.835 -68 64 -426.839 -416.997 -395.606 -484.227 
0 -425.179 -69 64 -424.358 -417.268 -395.606 -495.052 
0 -413.961 -68 64 -428.958 -415.732 -394.912 -480.014 
0 -421.305 -69 64 -426.478 -416.003 -394.912 -490.84 
0 -426.578 -68 64 -430.413 -416.171 -396.011 -472.871 
0 -433.922 -69 64 -427.932 -416.442 -396.011 -483.696 
0 -412.003 -67 64 -431.682 -415.034 -394.912 -470.624 
0 -419.347 -68 64 -429.201 -415.306 -394.912 -481.449 
0 -412.072 -67 64 -431.682 -415.034 -394.912 -470.624 
0 -419.416 -68 64 -429.201 -415.306 -394.912 -481.449 
0 -407.059 -65 64 -434.691 -415.396 -394.219 -454.389 
0 -414.403 -66 64 -432.21 -415.667 -394.219 -465.214 
0 -429.493 -69 64 -426.731 -416.527 -395.318 -488.021 
0 -436.837 -70 64 -424.25 -416.798 -395.318 -498.846 
0 -426.803 -70 64 -427.168 -415.619 -393.569 -489.699 
0 -433.081 -70 64 -427.316 -415.13 -396.011 -492.624 
0 -434.147 -71 64 -424.687 -415.89 -393.569 -500.525 
0 -440.425 -71 64 -424.835 -415.402 -396.011 -503.45 
0 -414.383 -68 64 -430.34 -415.596 -395.606 -474.435 
0 -421.727 -69 64 -427.86 -415.868 -395.606 -485.261 
0 -407.285 -67 64 -431.446 -414.844 -391.777 -471.217 
0 -413.563 -67 64 -431.594 -414.355 -394.219 -474.142 
0 -414.629 -68 64 -428.965 -415.116 -391.777 -482.043 
0 -420.906 -68 64 -429.113 -414.627 -394.219 -484.968 
0 -431.221 -69 64 -425.965 -417.133 -394.306 -488.506 
0 -438.565 -70 64 -423.484 -417.404 -394.306 -499.332 
0 -431.382 -69 64 -425.689 -417.1 -396.704 -490.49 
0 -438.726 -70 64 -423.209 -417.371 -396.704 -501.316 
0 -427.525 -70 64 -427.168 -415.619 -393.569 -489.699 
0 -434.869 -71 64 -424.687 -415.89 -393.569 -500.525 
0 -428.348 -69 64 -428.732 -415.848 -396.011 -482.087 
0 -408.006 -67 64 -431.446 -414.844 -391.777 -471.217 
0 -435.691 -70 64 -426.252 -416.119 -396.011 -492.912 
0 -415.35 -68 64 -428.965 -415.116 -391.777 -482.043 
0 -430.351 -69 64 -428.222 -417.101 -396.704 -478.81 
0 -437.695 -70 64 -425.741 -417.373 -396.704 -489.636 
0 -428.416 -69 64 -428.732 -415.848 -396.011 -482.087 
0 -435.76 -70 64 -426.252 -416.119 -396.011 -492.912 
0 -430.419 -69 64 -428.222 -417.101 -396.704 -478.81 
0 -437.763 -70 64 -425.741 -417.373 -396.704 -489.636 
FEATURES_TXT_END_0
FEATURES_TXT_BEGIN_0 98 97 8 Distortion0_0 LM0_0 WordPenalty0_0 PhrasePenalty0_0 TranslationModel0_0 TranslationModel0_1 TranslationModel0_2 TranslationModel0_3 
0 -238.787 -37 33 -196.111 -190.447 -196.069 -229.581 
0 -238.899 -37 33 -196.061 -190.221 -196.069 -230.1 
0 -239.147 -37 33 -196.061 -190.221 -196.069 -230.1 
0 -239.379 -37 33 -196.061 -190.221 -196.069 -230.1 
0 -239.259 -37 33 -196.011 -189.995 -196.069 -230.618 
0 -239.491 -37 33 -196.011 -189.995 -196.069 -230.618 
0 -239.74 -37 33 -196.011 -189.995 -196.069 -230.618 
0 -237.193 -37 33 -196.131 -189.998 -196.762 -229.869 
0 -241.722 -37 33 -195.664 -190.103 -196.069 -231.526 
0 -236.042 -37 33 -196.082 -189.772 -196.762 -230.387 
0 -239.851 -37 33 -195.962 -189.769 -196.069 -231.137 
0 -237.554 -37 33 -196.082 -189.772 -196.762 -230.387 
0 -237.785 -37 33 -196.082 -189.772 -196.762 -230.387 
-3 -242.038 -37 33 -196.111 -190.447 -196.069 -229.581 
0 -241.834 -37 33 -195.614 -189.877 -196.069 -232.045 
0 -242.083 -37 33 -195.614 -189.877 -196.069 -232.045 
0 -242.314 -37 33 -195.614 -189.877 -196.069 -232.045 
0 -240.229 -37 33 -196.051 -189.811 -196.762 -230.274 
-4 -235.946 -37 33 -196.111 -190.447 -196.069 -229.581 
-4 -236.09 -37 33 -196.111 -190.447 -196.069 -229.581 
-4 -236.299 -37 33 -196.111 -190.447 -196.069 -229.581 
-4 -236.485 -37 33 -196.111 -190.447 -196.069 -229.581 
-4 -237.251 -37 33 -196.111 -190.447 -196.069 -229.581 
-4 -237.75 -37 33 -196.111 -190.447 -196.069 -229.581 
-4 -237.885 -37 33 -196.111 -190.447 -196.069 -229.581 
-4 -237.964 -37 33 -196.111 -190.447 -196.069 -229.581 
0 -236.402 -37 33 -196.032 -189.546 -196.762 -230.906 
0 -236.634 -37 33 -196.032 -189.546 -196.762 -230.906 
-4 -238.591 -37 33 -196.111 -190.447 -196.069 -229.581 
-4 -238.71 -37 33 -196.111 -190.447 -196.069 -229.581 
-4 -238.787 -37 33 -196.111 -190.447 -196.069 -229.581 
-4 -239.338 -37 33 -196.061 -190.221 -196.069 -230.1 
-4 -239.007 -37 33 -196.111 -190.447 -196.069 -229.581 
-4 -239.427 -37 33 -196.111 -190.447 -196.069 -229.581 
-4 -239.539 -37 33 -196.111 -190.447 -196.069 -229.581 
-4 -239.873 -37 33 -196.111 -190.447 -196.069 -229.581 
0 -238.146 -37 33 -196.032 -189.546 -196.762 -230.906 
0 -242.2 -37 33 -194.579 -190.855 -196.069 -231.526 
-4 -240.516 -37 33 -196.111 -190.447 -196.069 -229.581 
-4 -240.767 -37 33 -196.111 -190.447 -196.069 -229.581 
-4 -240.885 -37 33 -196.111 -190.447 -196.069 -229.581 
-4 -240.92 -37 33 -196.111 -190.447 -196.069 -229.581 
-4 -240.971 -37 33 -196.111 -190.447 -196.069 -229.581 
-4 -241.158 -37 33 -196.111 -190.447 -196.069 -229.581 
-4 -241.231 -37 33 -196.111 -190.447 -196.069 -229.581 
-4 -241.246 -37 33 -196.111 -190.447 -196.069 -229.581 
-4 -241.431 -37 33 -196.111 -190.447 -196.069 -229.581 
-3 -242.149 -37 33 -196.061 -190.221 -196.069 -230.1 
-3 -242.398 -37 33 -196.061 -190.221 -196.069 -230.1 
0 -242.194 -37 33 -195.565 -189.651 -196.069 -232.564 
-4 -242.109 -37 33 -196.111 -190.447 -196.069 -229.581 
-3 -242.63 -37 33 -196.061 -190.221 -196.069 -230.1 
0 -242.426 -37 33 -195.565 -189.651 -196.069 -232.564 
-4 -242.467 -37 33 -196.111 -190.447 -196.069 -229.581 
0 -242.675 -37 33 -195.565 -189.651 -196.069 -232.564 
0 -240.186 -37 33 -196.001 -189.585 -196.762 -230.793 
-4 -242.841 -37 33 -196.111 -190.447 -196.069 -229.581 
0 -240.589 -37 33 -196.001 -189.585 -196.762 -230.793 
0 -240.821 -37 33 -196.001 -189.585 -196.762 -230.793 
-4 -243.373 -37 33 -196.111 -190.447 -196.069 -229.581 
0 -240.128 -37 33 -195.684 -189.653 -196.762 -231.814 
-4 -236.057 -37 33 -196.061 -190.221 -196.069 -230.1 
-4 -236.202 -37 33 -196.061 -190.221 -196.069 -230.1 
-4 -243.596 -37 33 -196.111 -190.447 -196.069 -229.581 
-4 -236.324 -37 33 -196.061 -190.221 -196.069 -230.1 
-4 -236.411 -37 33 -196.061 -190.221 -196.069 -230.1 
-4 -236.451 -37 33 -196.061 -190.221 -196.069 -230.1 
-4 -236.538 -37 33 -196.061 -190.221 -196.069 -230.1 
-4 -236.596 -37 33 -196.061 -190.221 -196.069 -230.1 
-4 -236.66 -37 33 -196.061 -190.221 -196.069 -230.1 
-4 -236.683 -37 33 -196.061 -190.221 -196.069 -230.1 
-4 -236.845 -37 33 -196.061 -190.221 -196.069 -230.1 
-4 -236.892 -37 33 -196.061 -190.221 -196.069 -230.1 
-4 -237.077 -37 33 -196.061 -190.221 -196.069 -230.1 
0 -241.328 -37 33 -192.584 -192.26 -196.069 -233.319 
-4 -237.291 -37 33 -196.061 -190.221 -196.069 -230.1 
0 -241.882 -37 33 -192.584 -192.26 -196.069 -233.319 
-4 -237.825 -37 33 -196.061 -190.221 -196.069 -230.1 
-4 -237.843 -37 33 -196.061 -190.221 -196.069 -230.1 
-4 -237.862 -37 33 -196.061 -190.221 -196.069 -230.1 
-4 -237.996 -37 33 -196.061 -190.221 -196.069 -230.1 
-4 -238.076 -37 33 -196.061 -190.221 -196.069 -230.1 
-4 -238.11 -37 33 -196.061 -190.221 -196.069 -230.1 
-4 -238.245 -37 33 -196.061 -190.221 -196.069 -230.1 
-4 -238.342 -37 33 -196.061 -190.221 -196.069 -230.1 
-4 -238.477 -37 33 -196.061 -190.221 -196.069 -230.1 
-4 -238.556 -37 33 -196.061 -190.221 -196.069 -230.1 
-4 -238.702 -37 33 -196.061 -190.221 -196.069 -230.1 
0 -236.994 -37 33 -195.983 -189.32 -196.762 -231.425 
-4 -238.822 -37 33 -196.061 -190.221 -196.069 -230.1 
-4 -238.899 -37 33 -196.061 -190.221 -196.069 -230.1 
-4 -239.302 -37 33 -196.061 -190.221 -196.069 -230.1 
-4 -238.963 -37 33 -196.061 -190.221 -196.069 -230.1 
-4 -239.07 -37 33 -196.061 -190.221 -196.069 -230.1 
-5 -238.732 -37 33 -196.111 -190.447 -196.069 -229.581 
-4 -239.147 -37 33 -196.061 -190.221 -196.069 -230.1 
-4 -239.183 -37 33 -196.061 -190.221 -196.069 -230.1 
FEATURES_TXT_END_0
FEATURES_TXT_BEGIN_0 99 100 8 Distortion0_0 LM0_0 WordPenalty0_0 PhrasePenalty0_0 TranslationModel0_0 TranslationModel0_1 TranslationModel0_2 TranslationModel0_3 
0 -349.332 -66 53 -361.563 -353.181 -354.014 -459.45 
0 -344.14 -65 53 -364.044 -352.909 -354.014 -448.624 
0 -349.29 -66 53 -361.844 -353.049 -353.321 -458.351 
0 -345.225 -65 53 -364.044 -352.909 -354.014 -448.624 
0 -344.097 -65 53 -364.325 -352.777 -353.321 -447.526 
0 -340.033 -64 53 -366.524 -352.637 -354.014 -437.799 
0 -345.182 -65 53 -364.325 -352.777 -353.321 -447.526 
0 -347.877 -65 53 -364.044 -352.909 -354.014 -448.624 
0 -339.99 -64 53 -366.806 -352.505 -353.321 -436.7 
0 -342.684 -64 53 -366.524 -352.637 -354.014 -437.799 
0 -347.834 -65 53 -364.325 -352.777 -353.321 -447.526 
0 -343.77 -64 53 -366.524 -352.637 -354.014 -437.799 
0 -343.999 -66 53 -363.279 -352.086 -351.571 -454.628 
0 -342.642 -64 53 -366.806 -352.505 -353.321 -436.7 
0 -338.577 -63 53 -369.005 -352.366 -354.014 -426.974 
0 -343.727 -64 53 -366.806 -352.505 -353.321 -436.7 
0 -338.807 -65 53 -365.759 -351.814 -351.571 -443.802 
0 -343.957 -66 53 -363.56 -351.953 -350.878 -453.529 
0 -339.892 -65 53 -365.759 -351.814 -351.571 -443.802 
0 -338.534 -63 53 -369.286 -352.234 -353.321 -425.875 
0 -338.764 -65 53 -366.041 -351.682 -350.878 -442.704 
0 -334.699 -64 53 -368.24 -351.542 -351.571 -432.977 
0 -339.849 -65 53 -366.041 -351.682 -350.878 -442.704 
0 -342.544 -65 53 -365.759 -351.814 -351.571 -443.802 
0 -346.421 -66 53 -362.455 -352.56 -353.321 -456.016 
0 -334.657 -64 53 -368.522 -351.41 -350.878 -431.878 
0 -337.351 -64 53 -368.24 -351.542 -351.571 -432.977 
0 -342.501 -65 53 -366.041 -351.682 -350.878 -442.704 
0 -347.843 -66 53 -362.455 -352.56 -353.321 -456.016 
0 -338.436 -64 53 -368.24 -351.542 -351.571 -432.977 
0 -341.229 -65 53 -364.935 -352.289 -353.321 -445.191 
0 -347.781 -67 53 -363.323 -352.086 -354.707 -454.633 
0 -346.379 -66 53 -362.736 -352.428 -352.628 -454.917 
0 -342.314 -65 53 -364.935 -352.289 -353.321 -445.191 
0 -337.308 -64 53 -368.522 -351.41 -350.878 -431.878 
0 -342.651 -65 53 -364.935 -352.289 -353.321 -445.191 
0 -333.244 -63 53 -370.721 -351.27 -351.571 -422.151 
0 -347.801 -66 53 -362.736 -352.428 -352.628 -454.917 
0 -342.589 -66 53 -365.804 -351.814 -354.707 -443.808 
0 -338.394 -64 53 -368.522 -351.41 -350.878 -431.878 
0 -343.736 -65 53 -364.935 -352.289 -353.321 -445.191 
0 -341.186 -65 53 -365.217 -352.156 -352.628 -444.092 
0 -347.739 -67 53 -363.605 -351.953 -354.014 -453.535 
0 -337.121 -64 53 -367.416 -352.017 -353.321 -434.365 
0 -343.674 -66 53 -365.804 -351.814 -354.707 -443.808 
-3 -348.939 -66 53 -361.563 -353.181 -354.014 -459.45 
0 -342.271 -65 53 -365.217 -352.156 -352.628 -444.092 
0 -344.966 -65 53 -364.935 -352.289 -353.321 -445.191 
0 -342.608 -65 53 -365.217 -352.156 -352.628 -444.092 
0 -333.201 -63 53 -371.002 -351.138 -350.878 -421.053 
0 -338.543 -64 53 -367.416 -352.017 -353.321 -434.365 
0 -342.546 -66 53 -366.085 -351.682 -354.014 -442.709 
0 -343.693 -65 53 -365.217 -352.156 -352.628 -444.092 
0 -346.388 -65 53 -364.935 -352.289 -353.321 -445.191 
0 -338.481 -65 53 -368.285 -351.542 -354.707 -432.982 
-3 -343.747 -65 53 -364.044 -352.909 -354.014 -448.624 
0 -337.079 -64 53 -367.697 -351.885 -352.628 -433.267 
0 -343.631 -66 53 -366.085 -351.682 -354.014 -442.709 
0 -339.773 -64 53 -367.416 -352.017 -353.321 -434.365 
0 -346.326 -66 53 -365.804 -351.814 -354.707 -443.808 
-3 -348.897 -66 53 -361.844 -353.049 -353.321 -458.351 
0 -344.923 -65 53 -365.217 -352.157 -352.628 -444.092 
-3 -344.832 -65 53 -364.044 -352.909 -354.014 -448.624 
0 -340.858 -64 53 -367.416 -352.017 -353.321 -434.365 
0 -338.501 -64 53 -367.697 -351.885 -352.628 -433.267 
0 -341.195 -64 53 -367.416 -352.017 -353.321 -434.365 
-4 -345.342 -66 53 -361.563 -353.181 -354.014 -459.45 
0 -346.345 -65 53 -365.217 -352.157 -352.628 -444.092 
-4 -345.538 -66 53 -361.563 -353.181 -354.014 -459.45 
-4 -345.721 -66 53 -361.563 -353.181 -354.014 -459.45 
0 -341.088 -66 53 -364.17 -351.465 -350.878 -451.194 
0 -338.439 -65 53 -368.566 -351.41 -354.014 -431.884 
-4 -338.524 -65 53 -364.044 -352.909 -354.014 -448.624 
0 -341.133 -65 53 -368.285 -351.542 -354.707 -432.982 
-3 -343.704 -65 53 -364.325 -352.777 -353.321 -447.526 
-4 -345.899 -66 53 -361.563 -353.181 -354.014 -459.45 
-4 -345.94 -66 53 -361.563 -353.181 -354.014 -459.45 
0 -345.285 -65 53 -361.226 -354.301 -354.014 -452.18 
0 -342.28 -64 53 -367.416 -352.017 -353.321 -434.365 
0 -339.73 -64 53 -367.697 -351.885 -352.628 -433.267 
0 -346.283 -66 53 -366.085 -351.682 -354.014 -442.709 
-3 -339.639 -64 53 -366.524 -352.637 -354.014 -437.799 
0 -335.666 -63 53 -369.897 -351.745 -353.321 -423.54 
0 -342.219 -65 53 -368.285 -351.542 -354.707 -432.982 
-3 -344.789 -65 53 -364.325 -352.777 -353.321 -447.526 
-4 -346.971 -66 53 -361.563 -353.181 -354.014 -459.45 
-4 -347 -66 53 -361.563 -353.181 -354.014 -459.45 
-3 -347.484 -65 53 -364.044 -352.909 -354.014 -448.624 
-4 -347.054 -66 53 -361.563 -353.181 -354.014 -459.45 
0 -342.51 -66 53 -364.17 -351.465 -350.878 -451.194 
0 -340.816 -64 53 -367.697 -351.885 -352.628 -433.267 
-4 -347.35 -66 53 -361.563 -353.181 -354.014 -459.45 
-4 -347.66 -66 53 -361.563 -353.181 -354.014 -459.45 
0 -341.152 -64 53 -367.697 -351.885 -352.628 -433.267 
-4 -340.346 -65 53 -364.044 -352.909 -354.014 -448.624 
-4 -347.833 -66 53 -361.563 -353.181 -354.014 -459.45 
-4 -340.529 -65 53 -364.044 -352.909 -354.014 -448.624 
0 -335.895 -65 53 -366.651 -351.193 -350.878 -440.368 
-4 -345.299 -66 53 -361.844 -353.049 -353.321 -458.351 
-4 -348.076 -66 53 -361.563 -353.181 -354.014 -459.45 
FEATURES_TXT_END_0
FEATURES_TXT_BEGIN_0 100 100 8 Distortion0_0 LM0_0 WordPenalty0_0 PhrasePenalty0_0 TranslationModel0_0 TranslationModel0_1 TranslationModel0_2 TranslationModel0_3 
0 -264.278 -44 40 -277.047 -275.248 -264.756 -344.527 
0 -257.893 -43 40 -279.528 -274.976 -264.756 -333.701 
0 -262.225 -43 40 -277.526 -275.655 -264.063 -339.635 
0 -262.433 -44 40 -277.337 -275.906 -265.449 -339.641 
0 -255.84 -42 40 -280.007 -275.383 -264.063 -328.81 
0 -261.452 -43 40 -279.528 -274.976 -264.756 -333.701 
0 -256.048 -43 40 -279.817 -275.635 -265.449 -328.815 
0 -255.068 -42 40 -282.009 -274.704 -264.756 -322.876 
0 -262.457 -43 40 -279.528 -274.976 -264.756 -333.701 
0 -256.072 -42 40 -282.009 -274.704 -264.756 -322.876 
0 -259.399 -42 40 -280.007 -275.383 -264.063 -328.81 
0 -259.607 -43 40 -279.817 -275.635 -265.449 -328.815 
0 -253.014 -41 40 -282.487 -275.111 -264.063 -317.985 
0 -260.404 -42 40 -280.007 -275.383 -264.063 -328.81 
0 -261.965 -43 40 -277.56 -275.666 -263.051 -338.511 
0 -265.994 -44 40 -276.998 -275.022 -264.756 -345.045 
0 -253.222 -42 40 -282.298 -275.363 -265.449 -317.99 
0 -260.611 -43 40 -279.817 -275.635 -265.449 -328.815 
0 -254.019 -41 40 -282.487 -275.111 -264.063 -317.985 
0 -255.58 -42 40 -280.041 -275.395 -263.051 -327.686 
0 -259.631 -42 40 -282.009 -274.704 -264.756 -322.876 
0 -259.61 -43 40 -279.478 -274.75 -264.756 -334.22 
0 -254.227 -42 40 -282.298 -275.363 -265.449 -317.99 
0 -263.495 -43 40 -277.285 -275.633 -265.449 -340.496 
0 -253.246 -41 40 -284.489 -274.432 -264.756 -312.05 
0 -257.11 -42 40 -279.766 -275.362 -265.449 -329.67 
0 -268.101 -44 40 -274.635 -276.712 -265.449 -347.823 
0 -263.941 -43 40 -277.477 -275.429 -264.063 -340.154 
0 -261.716 -43 40 -277.116 -276.441 -265.449 -336.997 
0 -257.578 -41 40 -282.487 -275.111 -264.063 -317.985 
0 -257.556 -42 40 -279.957 -275.157 -264.063 -329.329 
0 -259.139 -42 40 -280.041 -275.395 -263.051 -327.686 
0 -263.168 -43 40 -279.478 -274.75 -264.756 -334.22 
0 -265.038 -44 40 -277.287 -275.68 -265.449 -340.16 
0 -257.785 -42 40 -282.298 -275.363 -265.449 -317.99 
0 -251.193 -40 40 -284.968 -274.84 -264.063 -307.159 
0 -252.754 -41 40 -282.522 -275.123 -263.051 -316.861 
0 -256.784 -42 40 -281.959 -274.478 -264.756 -323.395 
0 -260.144 -42 40 -280.041 -275.395 -263.051 -327.686 
0 -264.173 -43 40 -279.478 -274.75 -264.756 -334.22 
0 -258.653 -43 40 -279.768 -275.409 -265.449 -329.334 
0 -251.401 -41 40 -284.779 -275.091 -265.449 -307.165 
0 -266.047 -43 40 -275.114 -277.12 -264.756 -342.932 
0 -260.669 -42 40 -279.766 -275.362 -265.449 -329.67 
0 -253.759 -41 40 -282.522 -275.123 -263.051 -316.861 
0 -257.788 -42 40 -281.959 -274.478 -264.756 -323.395 
0 -266.255 -44 40 -274.924 -277.371 -266.142 -342.937 
0 -259.663 -42 40 -277.594 -276.848 -264.756 -332.106 
0 -254.284 -41 40 -282.246 -275.09 -265.449 -318.845 
0 -261.674 -42 40 -279.766 -275.362 -265.449 -329.67 
0 -265.275 -43 40 -277.116 -276.441 -265.449 -336.997 
0 -259.87 -43 40 -277.405 -277.099 -266.142 -332.112 
0 -261.115 -42 40 -279.957 -275.157 -264.063 -329.329 
0 -255.289 -41 40 -282.246 -275.09 -265.449 -318.845 
0 -258.89 -42 40 -279.596 -276.169 -265.449 -326.172 
0 -266.28 -43 40 -277.116 -276.441 -265.449 -336.997 
0 -254.73 -41 40 -282.438 -274.885 -264.063 -318.503 
0 -262.12 -42 40 -279.957 -275.157 -264.063 -329.329 
0 -261.836 -44 40 -277.884 -274.555 -263.657 -341.597 
0 -261.159 -43 40 -276.853 -275.906 -263.37 -339.635 
0 -263.681 -43 40 -277.511 -275.44 -263.051 -339.03 
0 -262.212 -43 40 -279.768 -275.409 -265.449 -329.334 
0 -259.895 -42 40 -279.596 -276.169 -265.449 -326.172 
0 -255.735 -41 40 -282.438 -274.885 -264.063 -318.503 
0 -255.451 -43 40 -280.365 -274.284 -263.657 -330.772 
0 -266.809 -44 40 -276.6 -274.903 -264.756 -346.472 
0 -254.774 -42 40 -279.334 -275.635 -263.37 -328.81 
0 -267.069 -44 40 -276.6 -274.903 -264.756 -346.472 
0 -257.318 -41 40 -282.522 -275.123 -263.051 -316.861 
0 -257.296 -42 40 -279.992 -275.169 -263.051 -328.205 
0 -261.347 -42 40 -281.959 -274.478 -264.756 -323.395 
0 -255.827 -42 40 -282.248 -275.137 -265.449 -318.509 
0 -263.217 -43 40 -279.768 -275.409 -265.449 -329.334 
0 -263.221 -42 40 -277.594 -276.848 -264.756 -332.106 
0 -260.424 -43 40 -279.081 -274.631 -264.756 -335.647 
0 -265.211 -43 40 -277.236 -275.407 -265.449 -341.014 
0 -267.321 -44 40 -275.938 -275.71 -265.449 -345.743 
0 -260.685 -43 40 -279.081 -274.631 -264.756 -335.647 
0 -250.933 -40 40 -285.002 -274.851 -263.051 -306.035 
0 -254.963 -41 40 -284.44 -274.206 -264.756 -312.569 
0 -263.429 -43 40 -277.405 -277.099 -266.142 -332.112 
0 -256.832 -42 40 -282.248 -275.137 -265.449 -318.509 
0 -256.837 -41 40 -280.075 -276.576 -264.756 -321.281 
0 -264.226 -42 40 -277.594 -276.848 -264.756 -332.106 
0 -269.474 -44 40 -274.585 -276.486 -265.449 -348.342 
0 -258.848 -41 40 -282.246 -275.09 -265.449 -318.845 
0 -258.826 -42 40 -279.716 -275.136 -265.449 -330.189 
0 -260.936 -43 40 -278.419 -275.438 -265.449 -334.917 
0 -259.783 -43 40 -278.363 -274.963 -262.964 -336.706 
0 -265.787 -43 40 -275.148 -277.131 -263.744 -341.808 
-3 -261.925 -44 40 -277.047 -275.248 -264.756 -344.527 
0 -257.044 -42 40 -279.886 -276.828 -266.142 -321.286 
0 -264.434 -43 40 -277.405 -277.099 -266.142 -332.112 
0 -257.842 -41 40 -280.075 -276.576 -264.756 -321.281 
0 -259.991 -44 40 -278.173 -275.214 -264.35 -336.712 
0 -263.089 -43 40 -277.066 -276.215 -265.449 -337.516 
0 -252.463 -40 40 -284.727 -274.818 -265.449 -308.019 
0 -253.398 -42 40 -280.843 -274.691 -262.964 -325.881 
0 -264.755 -43 40 -277.079 -275.31 -264.063 -341.581 
0 -259.403 -42 40 -277.629 -276.859 -263.744 -330.982 
FEATURES_TXT_END_0
FEATURES_TXT_BEGIN_0 101 100 8 Distortion0_0 LM0_0 WordPenalty0_0 PhrasePenalty0_0 TranslationModel0_0 TranslationModel0_1 TranslationModel0_2 TranslationModel0_3 
0 -343.735 -49 44 -254.419 -265.489 -259.372 -323.437 
0 -353.17 -50 44 -251.939 -265.761 -259.372 -334.262 
0 -340.878 -48 44 -256.9 -265.217 -259.372 -312.612 
0 -350.312 -49 44 -254.419 -265.489 -259.372 -323.437 
0 -341.746 -49 44 -256.284 -263.905 -259.372 -321.54 
0 -335.895 -49 44 -256.135 -264.394 -256.93 -318.615 
0 -351.18 -50 44 -253.803 -264.177 -259.372 -332.365 
0 -341.779 -49 44 -253.725 -265.686 -258.679 -324.284 
0 -345.329 -50 44 -253.654 -264.666 -256.93 -329.44 
0 -338.888 -48 44 -258.764 -263.634 -259.372 -310.714 
0 -351.653 -50 44 -251.245 -265.958 -258.679 -335.11 
0 -333.037 -48 44 -258.616 -264.122 -256.93 -307.789 
0 -348.322 -49 44 -256.284 -263.905 -259.372 -321.54 
0 -338.922 -48 44 -256.206 -265.414 -258.679 -313.459 
0 -342.471 -49 44 -256.135 -264.394 -256.93 -318.615 
0 -333.905 -49 44 -257.999 -262.81 -256.93 -316.718 
0 -348.795 -49 44 -253.725 -265.686 -258.679 -324.284 
0 -339.79 -49 44 -255.59 -264.102 -258.679 -322.387 
0 -343.34 -50 44 -255.519 -263.082 -256.93 -327.543 
0 -333.939 -49 44 -255.441 -264.591 -256.237 -319.462 
0 -341.437 -49 44 -255.256 -264.797 -258.274 -320.508 
0 -348.923 -49 44 -251.778 -267.183 -259.372 -326.002 
0 -346.088 -49 44 -253.972 -265.145 -259.372 -325.382 
0 -342.456 -49 44 -255.256 -264.797 -258.274 -320.508 
0 -349.663 -50 44 -253.109 -264.374 -258.679 -333.213 
0 -331.047 -48 44 -260.48 -262.538 -256.93 -305.892 
0 -341.772 -50 44 -256.18 -264.394 -260.066 -318.62 
0 -343.812 -50 44 -252.96 -264.862 -256.237 -330.288 
0 -350.871 -50 44 -252.775 -265.069 -258.274 -331.333 
0 -358.357 -50 44 -249.297 -267.455 -259.372 -336.827 
0 -335.363 -49 44 -255.013 -265.073 -256.077 -318.868 
0 -336.242 -50 44 -255.901 -262.905 -260.759 -326.429 
-3 -340.999 -49 44 -254.419 -265.489 -259.372 -323.437 
0 -355.523 -50 44 -251.492 -265.416 -259.372 -336.208 
0 -336.932 -48 44 -258.07 -263.83 -258.679 -311.562 
0 -351.89 -50 44 -252.775 -265.069 -258.274 -331.333 
0 -340.482 -49 44 -257.999 -262.81 -256.93 -316.718 
0 -351.206 -51 44 -253.699 -264.666 -260.066 -329.446 
0 -331.081 -48 44 -257.922 -264.319 -256.237 -308.637 
0 -337.896 -50 44 -255.901 -262.905 -260.759 -326.429 
0 -344.797 -50 44 -252.533 -265.344 -256.077 -329.693 
0 -338.579 -48 44 -257.737 -264.525 -258.274 -309.682 
0 -346.065 -48 44 -254.259 -266.911 -259.372 -315.176 
0 -345.677 -51 44 -253.42 -263.177 -260.759 -337.255 
0 -337.845 -49 44 -255.013 -265.073 -256.077 -318.868 
-3 -350.433 -50 44 -251.939 -265.761 -259.372 -334.262 
0 -343.231 -48 44 -256.453 -264.873 -259.372 -314.557 
0 -339.598 -48 44 -257.737 -264.525 -258.274 -309.682 
0 -346.805 -49 44 -255.589 -264.102 -258.679 -322.387 
0 -338.914 -49 44 -258.66 -264.122 -260.066 -307.795 
0 -340.955 -49 44 -255.441 -264.591 -256.237 -319.462 
0 -331.949 -49 44 -257.305 -263.007 -256.237 -317.565 
0 -347.331 -51 44 -253.42 -263.177 -260.759 -337.255 
0 -348.013 -49 44 -255.256 -264.797 -258.274 -320.508 
0 -355.499 -49 44 -251.778 -267.183 -259.372 -326.002 
0 -332.505 -48 44 -257.494 -264.801 -256.077 -308.042 
0 -347.28 -50 44 -252.533 -265.344 -256.077 -329.693 
0 -333.385 -49 44 -258.381 -262.633 -260.759 -315.604 
0 -339.447 -49 44 -257.12 -263.213 -258.274 -318.611 
-3 -338.141 -48 44 -256.9 -265.217 -259.372 -312.612 
0 -346.933 -49 44 -253.642 -265.599 -259.372 -324.105 
0 -352.665 -49 44 -253.972 -265.145 -259.372 -325.382 
0 -343.569 -49 44 -254.025 -265.248 -260.066 -323.843 
0 -333.597 -49 44 -256.972 -263.702 -255.831 -315.686 
0 -349.033 -49 44 -255.256 -264.797 -258.274 -320.508 
0 -341.083 -49 44 -253.494 -266.088 -256.93 -321.18 
0 -344.099 -49 44 -255.837 -263.561 -259.372 -323.485 
0 -348.349 -50 44 -256.18 -264.394 -260.066 -318.62 
0 -340.466 -49 44 -257.12 -263.213 -258.274 -318.611 
0 -338.248 -49 44 -255.688 -264.049 -256.93 -320.56 
0 -339.782 -50 44 -258.044 -262.81 -260.066 -316.723 
0 -334.616 -49 44 -256.972 -263.702 -255.831 -315.686 
0 -341.823 -50 44 -254.825 -263.278 -256.237 -328.391 
0 -335.038 -49 44 -258.381 -262.633 -260.759 -315.604 
-4 -339.339 -49 44 -254.419 -265.489 -259.372 -323.437 
0 -341.939 -49 44 -255.013 -265.073 -256.077 -318.868 
0 -342.579 -50 44 -255.901 -262.905 -260.759 -326.429 
0 -342.819 -50 44 -255.901 -262.905 -260.759 -326.429 
0 -334.988 -48 44 -257.494 -264.801 -256.077 -308.042 
0 -348.881 -50 44 -254.64 -263.485 -258.274 -329.436 
-3 -347.576 -49 44 -254.419 -265.489 -259.372 -323.437 
0 -339.481 -49 44 -254.562 -264.994 -257.581 -321.355 
0 -356.367 -50 44 -251.162 -265.871 -259.372 -334.93 
0 -333.373 -49 44 -256.878 -263.489 -256.077 -316.97 
0 -346.967 -49 44 -251.084 -267.38 -258.679 -326.849 
0 -353.003 -50 44 -251.544 -265.52 -260.066 -334.668 
0 -343.031 -50 44 -254.491 -263.973 -255.831 -326.511 
0 -334.253 -50 44 -257.765 -261.321 -260.759 -324.532 
0 -350.517 -50 44 -251.013 -266.359 -256.93 -332.005 
-3 -339.009 -49 44 -256.284 -263.905 -259.372 -321.54 
0 -327.522 -49 44 -256.729 -263.977 -253.634 -314.046 
0 -353.533 -50 44 -253.356 -263.833 -259.372 -334.311 
-4 -340.498 -49 44 -254.419 -265.489 -259.372 -323.437 
0 -344.133 -49 44 -253.278 -265.341 -258.679 -326.23 
-4 -340.647 -49 44 -254.419 -265.489 -259.372 -323.437 
0 -343.721 -50 44 -255.901 -262.905 -260.759 -326.429 
0 -328.402 -50 44 -257.617 -261.81 -258.316 -321.607 
-3 -333.159 -49 44 -256.135 -264.394 -256.93 -318.615 
0 -349.901 -50 44 -254.64 -263.485 -258.274 -329.436 
0 -340.5 -49 44 -254.562 -264.994 -257.581 -321.355 
FEATURES_TXT_END_0
FEATURES_TXT_BEGIN_0 102 100 8 Distortion0_0 LM0_0 WordPenalty0_0 PhrasePenalty0_0 TranslationModel0_0 TranslationModel0_1 TranslationModel0_2 TranslationModel0_3 
0 -496.16 -81 75 -527.734 -511.641 -448.266 -556.508 
0 -498.95 -81 75 -527.619 -511.513 -450.212 -558.376 
0 -495.379 -81 75 -528.016 -511.509 -447.573 -555.409 
0 -498.169 -81 75 -527.901 -511.381 -449.519 -557.278 
0 -492.351 -80 75 -530.215 -511.37 -448.266 -545.682 
0 -507.213 -82 75 -525.254 -511.913 -448.266 -567.333 
0 -495.141 -80 75 -530.1 -511.242 -450.212 -547.551 
0 -510.003 -82 75 -525.138 -511.785 -450.212 -569.202 
0 -493.371 -80 75 -530.215 -511.37 -448.266 -545.682 
0 -496.161 -80 75 -530.1 -511.242 -450.212 -547.551 
0 -491.57 -80 75 -530.497 -511.237 -447.573 -544.584 
0 -498.623 -81 75 -527.525 -511.314 -448.266 -558.705 
0 -506.432 -82 75 -525.535 -511.781 -447.573 -566.235 
0 -494.36 -80 75 -530.381 -511.109 -449.519 -546.452 
0 -501.413 -81 75 -527.409 -511.186 -450.212 -560.573 
0 -509.221 -82 75 -525.42 -511.653 -449.519 -568.103 
0 -494.931 -80 75 -530.215 -511.37 -448.266 -545.682 
0 -492.59 -80 75 -530.497 -511.237 -447.573 -544.584 
0 -497.721 -80 75 -530.1 -511.242 -450.212 -547.551 
0 -495.379 -80 75 -530.381 -511.109 -449.519 -546.452 
0 -495.932 -81 75 -527.685 -511.415 -448.266 -557.027 
0 -503.404 -81 75 -527.734 -511.641 -448.266 -556.508 
0 -497.842 -81 75 -527.806 -511.182 -447.573 -557.606 
0 -498.722 -81 75 -527.57 -511.287 -450.212 -558.895 
0 -506.194 -81 75 -527.619 -511.513 -450.212 -558.376 
0 -500.631 -81 75 -527.691 -511.054 -449.519 -559.475 
0 -494.15 -80 75 -530.497 -511.237 -447.573 -544.584 
0 -489.562 -79 75 -532.696 -511.098 -448.266 -534.857 
0 -504.424 -81 75 -527.734 -511.641 -448.266 -556.508 
0 -496.94 -80 75 -530.381 -511.109 -449.519 -546.452 
0 -495.92 -82 75 -527.589 -511.641 -449.114 -556.513 
0 -492.352 -79 75 -532.58 -510.97 -450.212 -536.725 
0 -507.213 -81 75 -527.619 -511.513 -450.212 -558.376 
0 -494.814 -80 75 -530.005 -511.042 -448.266 -547.88 
0 -495.151 -81 75 -527.966 -511.283 -447.573 -555.928 
0 -502.623 -81 75 -528.016 -511.509 -447.573 -555.409 
0 -509.676 -82 75 -525.044 -511.586 -448.266 -569.53 
0 -497.604 -80 75 -529.89 -510.914 -450.212 -549.748 
0 -497.941 -81 75 -527.851 -511.155 -449.519 -557.797 
0 -505.412 -81 75 -527.901 -511.381 -449.519 -557.278 
0 -512.465 -82 75 -524.929 -511.458 -450.212 -571.399 
0 -491.123 -79 75 -532.696 -511.098 -448.266 -534.857 
0 -505.984 -81 75 -527.734 -511.641 -448.266 -556.508 
0 -488.781 -79 75 -532.977 -510.966 -447.573 -533.758 
0 -495.834 -80 75 -530.005 -511.042 -448.266 -547.88 
0 -493.912 -79 75 -532.58 -510.97 -450.212 -536.725 
0 -503.642 -81 75 -528.016 -511.509 -447.573 -555.409 
0 -495.138 -82 75 -527.87 -511.509 -448.42 -555.415 
0 -508.774 -81 75 -527.619 -511.513 -450.212 -558.376 
0 -491.57 -79 75 -532.862 -510.838 -449.519 -535.627 
0 -498.623 -80 75 -529.89 -510.914 -450.212 -549.748 
0 -506.432 -81 75 -527.901 -511.381 -449.519 -557.278 
0 -492.142 -79 75 -532.696 -511.098 -448.266 -534.857 
0 -492.124 -80 75 -530.166 -511.143 -448.266 -546.201 
0 -494.033 -80 75 -530.287 -510.91 -447.573 -546.781 
0 -506.985 -82 75 -525.204 -511.687 -448.266 -567.852 
0 -508.894 -82 75 -525.326 -511.454 -447.573 -568.432 
0 -494.932 -79 75 -532.58 -510.97 -450.212 -536.725 
0 -494.913 -80 75 -530.05 -511.016 -450.212 -548.07 
0 -496.056 -81 75 -527.353 -511.755 -448.266 -556.508 
0 -496.822 -80 75 -530.172 -510.782 -449.519 -548.649 
0 -509.775 -82 75 -525.089 -511.559 -450.212 -569.721 
0 -511.684 -82 75 -525.21 -511.326 -449.519 -570.3 
0 -498.846 -81 75 -527.238 -511.627 -450.212 -558.376 
0 -490.341 -79 75 -532.977 -510.966 -447.573 -533.758 
0 -497.394 -80 75 -530.005 -511.042 -448.266 -547.88 
0 -505.203 -81 75 -528.016 -511.509 -447.573 -555.409 
0 -493.143 -80 75 -530.166 -511.143 -448.266 -546.201 
0 -500.615 -80 75 -530.215 -511.37 -448.266 -545.682 
0 -495.052 -80 75 -530.287 -510.91 -447.573 -546.781 
0 -493.131 -79 75 -532.862 -510.838 -449.519 -535.627 
0 -492.111 -81 75 -530.07 -511.37 -449.114 -545.688 
0 -500.184 -80 75 -529.89 -510.914 -450.212 -549.748 
0 -507.992 -81 75 -527.901 -511.381 -449.519 -557.278 
0 -495.933 -80 75 -530.05 -511.016 -450.212 -548.07 
0 -506.972 -83 75 -525.108 -511.913 -449.114 -567.339 
0 -503.404 -80 75 -530.1 -511.242 -450.212 -547.551 
0 -497.842 -80 75 -530.172 -510.782 -449.519 -548.649 
0 -491.361 -79 75 -532.977 -510.966 -447.573 -533.758 
0 -491.342 -80 75 -530.447 -511.011 -447.573 -545.103 
0 -498.395 -81 75 -527.475 -511.088 -448.266 -559.224 
0 -505.867 -81 75 -527.525 -511.314 -448.266 -558.705 
0 -506.204 -82 75 -525.486 -511.555 -447.573 -566.753 
0 -494.15 -79 75 -532.862 -510.838 -449.519 -535.627 
0 -494.132 -80 75 -530.332 -510.883 -449.519 -546.971 
0 -495.275 -81 75 -527.635 -511.623 -447.573 -555.409 
0 -493.13 -81 75 -530.07 -511.37 -449.114 -545.688 
0 -501.185 -81 75 -527.36 -510.96 -450.212 -561.092 
0 -508.657 -81 75 -527.409 -511.186 -450.212 -560.573 
0 -508.993 -82 75 -525.37 -511.427 -449.519 -568.622 
0 -494.704 -80 75 -530.166 -511.143 -448.266 -546.201 
0 -498.064 -81 75 -527.519 -511.495 -449.519 -557.278 
0 -502.175 -80 75 -530.215 -511.37 -448.266 -545.682 
0 -496.613 -80 75 -530.287 -510.91 -447.573 -546.781 
0 -492.025 -79 75 -532.486 -510.771 -448.266 -537.054 
0 -492.362 -80 75 -530.447 -511.011 -447.573 -545.103 
0 -497.493 -80 75 -530.05 -511.016 -450.212 -548.07 
0 -499.833 -80 75 -530.497 -511.237 -447.573 -544.584 
0 -491.329 -81 75 -530.351 -511.237 -448.42 -544.589 
0 -506.886 -81 75 -527.525 -511.314 -448.266 -558.705 
FEATURES_TXT_END_0
FEATURES_TXT_BEGIN_0 103 100 8 Distortion0_0 LM0_0 WordPenalty0_0 PhrasePenalty0_0 TranslationModel0_0 TranslationModel0_1 TranslationModel0_2 TranslationModel0_3 
0 -414.932 -67 64 -425.56 -451.304 -389.733 -482.781 
0 -408.705 -66 64 -428.04 -451.033 -389.733 -471.956 
0 -413.059 -66 64 -428.04 -451.033 -389.733 -471.956 
0 -406.832 -65 64 -430.521 -450.761 -389.733 -461.13 
0 -415.735 -67 64 -425.51 -451.078 -389.733 -483.3 
0 -408.66 -67 64 -427.276 -450.209 -387.29 -477.959 
0 -409.508 -66 64 -427.991 -450.807 -389.733 -472.474 
0 -409.192 -67 64 -427.276 -450.209 -387.29 -477.959 
0 -402.433 -66 64 -429.756 -449.937 -387.29 -467.133 
0 -402.965 -66 64 -429.756 -449.937 -387.29 -467.133 
0 -410.655 -67 64 -427.276 -450.209 -387.29 -477.959 
0 -415.167 -67 64 -426.05 -450.587 -389.733 -482.781 
0 -410.778 -67 64 -425.434 -451.157 -389.733 -482.376 
0 -408.94 -66 64 -428.531 -450.316 -389.733 -471.956 
0 -404.552 -66 64 -427.915 -450.886 -389.733 -471.55 
0 -413.863 -66 64 -427.991 -450.807 -389.733 -472.474 
0 -407.596 -68 64 -427.32 -450.209 -390.426 -477.964 
0 -406.788 -66 64 -429.756 -449.937 -387.29 -467.133 
0 -407.636 -65 64 -430.471 -450.535 -389.733 -461.649 
0 -414.154 -67 64 -425.434 -451.157 -389.733 -482.376 
0 -407.319 -66 64 -429.756 -449.937 -387.29 -467.133 
0 -419.282 -67 64 -426.05 -450.587 -389.733 -482.781 
0 -400.561 -65 64 -432.237 -449.666 -387.29 -456.308 
0 -407.927 -66 64 -427.915 -450.886 -389.733 -471.55 
0 -401.092 -65 64 -432.237 -449.666 -387.29 -456.308 
0 -408.722 -66 64 -429.756 -449.937 -387.29 -467.133 
0 -408.783 -66 64 -429.756 -449.937 -387.29 -467.133 
0 -413.055 -66 64 -428.531 -450.316 -389.733 -471.956 
0 -413.295 -66 64 -428.531 -450.316 -389.733 -471.956 
0 -408.906 -66 64 -427.915 -450.886 -389.733 -471.55 
0 -411.036 -68 64 -427.32 -450.209 -390.426 -477.964 
0 -409.464 -67 64 -427.226 -449.983 -387.29 -478.478 
0 -409.995 -67 64 -427.226 -449.983 -387.29 -478.478 
0 -407.068 -65 64 -431.012 -450.044 -389.733 -461.13 
0 -402.679 -65 64 -430.395 -450.614 -389.733 -460.725 
0 -404.809 -67 64 -429.801 -449.937 -390.426 -467.139 
0 -403.237 -66 64 -429.707 -449.711 -387.29 -467.652 
0 -417.462 -67 64 -425.113 -450.96 -389.733 -484.726 
0 -402.92 -67 64 -428.991 -449.114 -384.848 -473.137 
0 -403.768 -66 64 -429.707 -449.711 -387.29 -467.652 
0 -405.724 -67 64 -429.801 -449.937 -390.426 -467.139 
0 -411.458 -67 64 -427.226 -449.983 -387.29 -478.478 
0 -413.24 -68 64 -427.32 -450.209 -390.426 -477.964 
0 -405.995 -67 64 -429.801 -449.937 -390.426 -467.139 
0 -415.97 -67 64 -426.001 -450.361 -389.733 -483.3 
0 -414.458 -67 64 -426.396 -450.612 -388.634 -479.852 
0 -411.582 -67 64 -425.384 -450.931 -389.733 -482.894 
0 -411.235 -66 64 -427.593 -450.688 -389.733 -473.901 
0 -396.693 -66 64 -431.472 -448.842 -384.848 -462.311 
0 -404.384 -67 64 -428.991 -449.114 -384.848 -473.137 
0 -412.282 -66 64 -427.915 -450.886 -389.733 -471.55 
0 -408.895 -67 64 -427.766 -449.492 -387.29 -477.959 
0 -407.014 -67 64 -429.801 -449.937 -390.426 -467.139 
0 -409.743 -66 64 -428.481 -450.09 -389.733 -472.474 
0 -404.507 -67 64 -427.15 -450.062 -387.29 -477.554 
0 -404.915 -67 64 -428.991 -449.114 -384.848 -473.137 
0 -408.231 -66 64 -428.877 -450.34 -388.634 -469.026 
0 -405.355 -66 64 -427.865 -450.66 -389.733 -472.069 
0 -417.41 -66 64 -428.531 -450.316 -389.733 -471.956 
0 -409.427 -67 64 -427.766 -449.492 -387.29 -477.959 
0 -405.038 -67 64 -427.15 -450.062 -387.29 -477.554 
0 -406.055 -65 64 -430.395 -450.614 -389.733 -460.725 
0 -402.669 -66 64 -430.247 -449.22 -387.29 -467.133 
0 -398.28 -66 64 -429.63 -449.79 -387.29 -466.728 
0 -408.4 -68 64 -427.271 -449.983 -390.426 -478.483 
0 -406.85 -65 64 -432.237 -449.666 -387.29 -456.308 
0 -411.183 -65 64 -431.012 -450.044 -389.733 -461.13 
0 -403.2 -66 64 -430.247 -449.22 -387.29 -467.133 
0 -398.812 -66 64 -429.631 -449.79 -387.29 -466.728 
0 -410.89 -67 64 -427.766 -449.492 -387.29 -477.959 
0 -409.163 -67 64 -429.801 -449.937 -390.426 -467.139 
0 -406.502 -67 64 -427.15 -450.062 -387.29 -477.554 
0 -407.591 -66 64 -429.707 -449.711 -387.29 -467.652 
0 -401.325 -68 64 -429.036 -449.114 -387.984 -473.142 
0 -411.014 -67 64 -425.925 -450.44 -389.733 -482.376 
0 -414.957 -67 64 -425.384 -450.931 -389.733 -482.894 
0 -408.123 -66 64 -429.707 -449.711 -387.29 -467.652 
0 -418.129 -67 64 -426.396 -450.612 -388.634 -479.852 
-4 -407.302 -67 64 -425.56 -451.304 -389.733 -482.781 
0 -401.856 -68 64 -429.036 -449.114 -387.984 -473.142 
0 -420.086 -67 64 -426.001 -450.361 -389.733 -483.3 
0 -402.937 -66 64 -432.281 -449.666 -390.426 -456.313 
0 -401.364 -65 64 -432.187 -449.44 -387.29 -456.827 
0 -404.787 -66 64 -428.405 -450.169 -389.733 -471.55 
0 -407.883 -67 64 -427.15 -450.062 -387.29 -477.554 
0 -415.59 -66 64 -427.593 -450.688 -389.733 -473.901 
0 -408.731 -66 64 -427.865 -450.66 -389.733 -472.069 
0 -401.048 -66 64 -431.472 -448.842 -384.848 -462.311 
0 -401.896 -65 64 -432.187 -449.44 -387.29 -456.827 
0 -411.902 -66 64 -428.877 -450.34 -388.634 -469.026 
-4 -401.075 -66 64 -428.04 -451.033 -389.733 -471.956 
0 -413.011 -67 64 -427.766 -449.492 -387.29 -477.959 
0 -408.414 -67 64 -427.15 -450.062 -387.29 -477.554 
0 -409.526 -66 64 -429.707 -449.711 -387.29 -467.652 
0 -409.586 -66 64 -429.707 -449.711 -387.29 -467.652 
0 -413.859 -66 64 -428.481 -450.09 -389.733 -472.474 
0 -411.368 -67 64 -429.801 -449.937 -390.426 -467.139 
0 -404.122 -66 64 -432.281 -449.666 -390.426 -456.313 
0 -414.098 -66 64 -428.481 -450.09 -389.733 -472.474 
0 -412.146 -67 64 -424.498 -451.438 -390.426 -484.167 
FEATURES_TXT_END_0
FEATURES_TXT_BEGIN_0 104 99 8 Distortion0_0 LM0_0 WordPenalty0_0 PhrasePenalty0_0 TranslationModel0_0 TranslationModel0_1 TranslationModel0_2 TranslationModel0_3 
0 -306.668 -49 46 -295.738 -311.744 -294.848 -364.896 
0 -309.011 -49 46 -296.837 -311.253 -293.239 -361.9 
0 -301.933 -48 46 -299.317 -310.981 -293.239 -351.075 
0 -306.667 -49 46 -296.02 -311.612 -294.155 -363.797 
0 -306.919 -50 46 -296.837 -311.253 -294.848 -361.905 
0 -309.01 -49 46 -297.118 -311.12 -292.546 -360.801 
0 -301.931 -48 46 -299.599 -310.849 -292.546 -349.976 
0 -304.131 -48 46 -298.219 -311.472 -294.848 -354.07 
0 -304.253 -48 46 -298.219 -311.472 -294.848 -354.07 
0 -306.918 -50 46 -297.118 -311.12 -294.155 -360.807 
0 -306.596 -48 46 -299.318 -310.981 -293.239 -351.075 
0 -299.517 -47 46 -301.798 -310.709 -293.239 -340.249 
0 -304.13 -48 46 -298.5 -311.34 -294.155 -352.972 
0 -304.251 -48 46 -298.5 -311.34 -294.155 -352.972 
0 -304.504 -49 46 -299.318 -310.981 -294.848 -351.08 
0 -306.595 -48 46 -299.599 -310.849 -292.546 -349.976 
0 -299.516 -47 46 -302.08 -310.577 -292.546 -339.151 
0 -301.716 -47 46 -300.7 -311.2 -294.848 -343.245 
0 -301.369 -49 46 -297.454 -310.649 -292.406 -360.074 
0 -304.503 -49 46 -299.599 -310.849 -294.155 -349.981 
0 -310.084 -49 46 -293.326 -313.209 -295.541 -368.192 
0 -307.274 -49 46 -299.317 -310.981 -294.848 -351.08 
0 -307.325 -49 46 -296.229 -311.027 -294.848 -364.896 
0 -303.712 -49 46 -298.553 -310.157 -290.796 -357.078 
0 -296.634 -48 46 -301.033 -309.886 -290.796 -346.253 
0 -301.715 -47 46 -300.981 -311.068 -294.155 -342.146 
0 -301.368 -49 46 -297.736 -310.516 -291.713 -358.975 
0 -312.427 -49 46 -294.424 -312.717 -293.932 -365.196 
0 -305.349 -48 46 -296.905 -312.446 -293.932 -354.371 
0 -309.668 -49 46 -297.327 -310.536 -293.239 -361.9 
0 -302.59 -48 46 -299.808 -310.264 -293.239 -351.075 
0 -301.62 -50 46 -298.553 -310.157 -292.406 -357.083 
0 -310.083 -49 46 -293.607 -313.076 -294.848 -367.093 
0 -299.64 -50 46 -297.499 -310.649 -295.541 -360.079 
0 -307.272 -49 46 -299.599 -310.849 -294.155 -349.981 
0 -307.324 -49 46 -296.51 -310.895 -294.155 -363.797 
0 -303.711 -49 46 -298.834 -310.025 -290.103 -355.979 
0 -310.117 -49 46 -296.229 -311.027 -294.848 -364.896 
0 -296.632 -48 46 -301.315 -309.754 -290.103 -345.154 
0 -298.832 -48 46 -299.935 -310.377 -292.406 -349.248 
0 -298.954 -48 46 -299.935 -310.377 -292.406 -349.248 
0 -310.336 -50 46 -294.424 -312.717 -295.541 -365.202 
0 -306.461 -49 46 -295.612 -311.597 -294.848 -364.49 
0 -307.576 -50 46 -297.327 -310.536 -294.848 -361.905 
0 -312.426 -49 46 -294.706 -312.585 -293.239 -364.098 
0 -301.983 -50 46 -298.597 -310.157 -293.932 -357.083 
0 -305.348 -48 46 -297.187 -312.314 -293.239 -353.272 
0 -294.904 -49 46 -301.078 -309.886 -293.932 -346.258 
0 -304.926 -49 46 -296.651 -310.78 -295.947 -363.692 
0 -307.547 -48 46 -295.807 -312.937 -295.541 -357.366 
0 -309.667 -49 46 -297.609 -310.404 -292.546 -360.801 
0 -307.259 -49 46 -295.612 -311.597 -294.848 -364.49 
0 -307.669 -48 46 -295.807 -312.937 -295.541 -357.366 
0 -312.46 -49 46 -297.327 -310.536 -293.239 -361.9 
0 -304.858 -48 46 -301.798 -310.709 -294.848 -340.255 
0 -302.588 -48 46 -300.09 -310.132 -292.546 -349.976 
0 -304.788 -48 46 -298.71 -310.755 -294.848 -354.07 
0 -301.619 -50 46 -298.834 -310.025 -291.713 -355.985 
0 -304.91 -48 46 -298.71 -310.755 -294.848 -354.07 
0 -299.638 -50 46 -297.78 -310.516 -294.848 -358.981 
0 -301.297 -48 46 -301.033 -309.886 -290.796 -346.253 
0 -305.782 -48 46 -299.808 -310.264 -293.239 -351.075 
0 -294.218 -47 46 -303.514 -309.614 -290.796 -335.427 
0 -310.116 -49 46 -296.51 -310.895 -294.155 -363.797 
0 -308.804 -49 46 -296.711 -311.106 -293.239 -361.495 
0 -298.831 -48 46 -300.216 -310.245 -291.713 -348.15 
0 -301.726 -48 46 -299.192 -310.834 -293.239 -350.669 
0 -298.952 -48 46 -300.216 -310.245 -291.713 -348.15 
0 -310.334 -50 46 -294.706 -312.585 -294.848 -364.103 
0 -299.891 -51 46 -298.597 -310.157 -295.541 -357.089 
0 -307.269 -49 46 -297.749 -310.289 -294.337 -360.696 
0 -306.46 -49 46 -295.894 -311.465 -294.155 -363.392 
0 -309.602 -49 46 -296.711 -311.106 -293.239 -361.495 
0 -310.012 -48 46 -296.905 -312.446 -293.932 -354.371 
0 -307.575 -50 46 -297.609 -310.404 -294.155 -360.807 
0 -300.191 -48 46 -300.23 -310.018 -294.337 -349.871 
0 -302.523 -48 46 -299.192 -310.834 -293.239 -350.669 
0 -302.934 -47 46 -299.386 -312.174 -293.932 -343.545 
0 -310.368 -50 46 -297.327 -310.536 -294.848 -361.905 
0 -307.253 -48 46 -299.808 -310.264 -293.239 -351.075 
0 -301.982 -50 46 -298.879 -310.025 -293.239 -355.985 
0 -309.198 -49 46 -295.291 -311.399 -294.848 -366.841 
0 -305.781 -48 46 -300.09 -310.132 -292.546 -349.976 
0 -300.174 -47 46 -302.289 -309.992 -293.239 -340.249 
0 -294.903 -49 46 -301.359 -309.754 -293.239 -345.159 
0 -304.925 -49 46 -296.932 -310.648 -295.254 -362.593 
0 -307.546 -48 46 -296.088 -312.805 -294.848 -356.268 
0 -297.103 -49 46 -299.979 -310.377 -295.541 -349.254 
0 -299.205 -49 46 -301.033 -309.886 -292.406 -346.258 
0 -307.258 -49 46 -295.894 -311.465 -294.155 -363.392 
0 -307.668 -48 46 -296.088 -312.805 -294.848 -356.268 
0 -297.224 -49 46 -299.979 -310.377 -295.541 -349.254 
0 -312.459 -49 46 -297.609 -310.404 -292.546 -360.801 
0 -304.857 -48 46 -302.08 -310.577 -294.155 -339.156 
0 -304.787 -48 46 -298.991 -310.623 -294.155 -352.972 
0 -304.909 -48 46 -298.991 -310.623 -294.155 -352.972 
0 -306.712 -50 46 -296.711 -311.106 -294.848 -361.5 
0 -301.296 -48 46 -301.315 -309.754 -290.103 -345.154 
0 -307.702 -48 46 -298.709 -310.755 -294.848 -354.07 
FEATURES_TXT_END_0
FEATURES_TXT_BEGIN_0 105 84 8 Distortion0_0 LM0_0 WordPenalty0_0 PhrasePenalty0_0 TranslationModel0_0 TranslationModel0_1 TranslationModel0_2 TranslationModel0_3 
0 -145.95 -21 18 -95.8716 -97.6417 -99.3403 -132.287 
0 -140.013 -20 18 -98.3522 -97.37 -99.3403 -121.461 
0 -143.092 -20 18 -98.3522 -97.37 -99.3403 -121.461 
0 -137.156 -19 18 -100.833 -97.0983 -99.3403 -110.636 
0 -136.287 -21 18 -96.5222 -96.6555 -98.2417 -130.495 
-3 -145.837 -21 18 -95.8716 -97.6417 -99.3403 -132.287 
-3 -139.9 -20 18 -98.3522 -97.37 -99.3403 -121.461 
0 -142.407 -21 18 -96.5222 -96.6555 -98.2417 -130.495 
-3 -142.979 -20 18 -98.3522 -97.37 -99.3403 -121.461 
0 -136.018 -20 18 -99.0028 -96.3838 -98.2417 -119.669 
0 -136.086 -20 18 -99.0028 -96.3838 -98.2417 -119.669 
0 -136.47 -20 18 -99.0028 -96.3838 -98.2417 -119.669 
-4 -143.877 -21 18 -95.8716 -97.6417 -99.3403 -132.287 
-3 -137.042 -19 18 -100.833 -97.0983 -99.3403 -110.636 
-4 -144.42 -21 18 -95.8716 -97.6417 -99.3403 -132.287 
-4 -137.94 -20 18 -98.3522 -97.37 -99.3403 -121.461 
-4 -138.483 -20 18 -98.3522 -97.37 -99.3403 -121.461 
-4 -145.95 -21 18 -95.8716 -97.6417 -99.3403 -132.287 
0 -139.549 -20 18 -99.0028 -96.3838 -98.2417 -119.669 
-4 -146.564 -21 18 -95.8716 -97.6417 -99.3403 -132.287 
-6 -143.955 -21 18 -95.8716 -97.6417 -99.3403 -132.287 
-4 -147.203 -21 18 -95.8716 -97.6417 -99.3403 -132.287 
-3 -136.173 -21 18 -96.5222 -96.6555 -98.2417 -130.495 
-6 -136.065 -20 18 -98.3522 -97.37 -99.3403 -121.461 
-4 -147.213 -21 18 -95.8716 -97.6417 -99.3403 -132.287 
0 -146.476 -20 18 -95.5342 -98.7617 -99.3403 -125.017 
-4 -140.013 -20 18 -98.3522 -97.37 -99.3403 -121.461 
-4 -147.352 -21 18 -95.8716 -97.6417 -99.3403 -132.287 
0 -146.651 -20 18 -95.5342 -98.7617 -99.3403 -125.017 
-4 -140.236 -20 18 -98.3522 -97.37 -99.3403 -121.461 
0 -133.612 -19 18 -101.483 -96.112 -98.2417 -108.844 
-4 -147.871 -21 18 -95.8716 -97.6417 -99.3403 -132.287 
-4 -147.893 -21 18 -95.8716 -97.6417 -99.3403 -132.287 
0 -135.118 -19 18 -98.4931 -97.37 -97.2609 -115.268 
-4 -148.094 -21 18 -95.8716 -97.6417 -99.3403 -132.287 
-4 -148.127 -21 18 -95.8716 -97.6417 -99.3403 -132.287 
-4 -140.884 -20 18 -98.3522 -97.37 -99.3403 -121.461 
-4 -140.992 -20 18 -98.3522 -97.37 -99.3403 -121.461 
-4 -141.02 -20 18 -98.3522 -97.37 -99.3403 -121.461 
-4 -148.475 -21 18 -95.8716 -97.6417 -99.3403 -132.287 
-5 -142.728 -20 18 -98.3522 -97.37 -99.3403 -121.461 
-4 -141.215 -20 18 -98.3522 -97.37 -99.3403 -121.461 
-4 -141.266 -20 18 -98.3522 -97.37 -99.3403 -121.461 
-6 -142.002 -21 18 -95.8716 -97.6417 -99.3403 -132.287 
-5 -142.305 -20 18 -98.3522 -97.37 -99.3403 -121.461 
-4 -141.276 -20 18 -98.3522 -97.37 -99.3403 -121.461 
-4 -141.415 -20 18 -98.3522 -97.37 -99.3403 -121.461 
-4 -141.562 -20 18 -98.3522 -97.37 -99.3403 -121.461 
0 -140.714 -19 18 -98.0148 -98.49 -99.3403 -114.191 
-4 -141.956 -20 18 -98.3522 -97.37 -99.3403 -121.461 
-5 -134.822 -19 18 -100.833 -97.0983 -99.3403 -110.636 
-4 -142.19 -20 18 -98.3522 -97.37 -99.3403 -121.461 
-4 -135.083 -19 18 -100.833 -97.0983 -99.3403 -110.636 
-4 -142.535 -20 18 -98.3522 -97.37 -99.3403 -121.461 
-4 -142.538 -20 18 -98.3522 -97.37 -99.3403 -121.461 
0 -135.818 -19 18 -101.483 -96.1121 -98.2417 -108.844 
-4 -142.795 -20 18 -98.3522 -97.37 -99.3403 -121.461 
0 -141.055 -20 18 -96.0125 -97.6417 -97.2609 -126.093 
-4 -135.625 -19 18 -100.833 -97.0983 -99.3403 -110.636 
-4 -143.09 -20 18 -98.3522 -97.37 -99.3403 -121.461 
-4 -143.092 -20 18 -98.3522 -97.37 -99.3403 -121.461 
-4 -143.706 -20 18 -98.3522 -97.37 -99.3403 -121.461 
-5 -147.304 -21 18 -95.8716 -97.6417 -99.3403 -132.287 
-4 -136.598 -19 18 -100.833 -97.0983 -99.3403 -110.636 
-4 -143.986 -20 18 -98.3522 -97.37 -99.3403 -121.461 
-4 -136.858 -19 18 -100.833 -97.0983 -99.3403 -110.636 
-4 -144.345 -20 18 -98.3522 -97.37 -99.3403 -121.461 
-4 -139.098 -19 18 -100.833 -97.0983 -99.3403 -110.636 
-4 -138.419 -19 18 -100.833 -97.0983 -99.3403 -110.636 
-4 -144.355 -20 18 -98.3522 -97.37 -99.3403 -121.461 
0 -143.618 -19 18 -98.0149 -98.49 -99.3403 -114.191 
-4 -137.156 -19 18 -100.833 -97.0983 -99.3403 -110.636 
-4 -137.379 -19 18 -100.833 -97.0983 -99.3403 -110.636 
-4 -137.409 -19 18 -100.833 -97.0983 -99.3403 -110.636 
-4 -145.013 -20 18 -98.3522 -97.37 -99.3403 -121.461 
-4 -145.035 -20 18 -98.3522 -97.37 -99.3403 -121.461 
-4 -138.408 -19 18 -100.833 -97.0983 -99.3403 -110.636 
-4 -145.237 -20 18 -98.3522 -97.37 -99.3403 -121.461 
-4 -138.026 -19 18 -100.833 -97.0983 -99.3403 -110.636 
-4 -138.049 -19 18 -100.833 -97.0983 -99.3403 -110.636 
-5 -137.68 -20 18 -98.3522 -97.37 -99.3403 -121.461 
-4 -138.134 -19 18 -100.833 -97.0983 -99.3403 -110.636 
-5 -145.163 -21 18 -95.8716 -97.6417 -99.3403 -132.287 
-4 -138.358 -19 18 -100.833 -97.0983 -99.3403 -110.636 
FEATURES_TXT_END_0
FEATURES_TXT_BEGIN_0 106 98 8 Distortion0_0 LM0_0 WordPenalty0_0 PhrasePenalty0_0 TranslationModel0_0 TranslationModel0_1 TranslationModel0_2 TranslationModel0_3 
0 -133.002 -20 17 -106.117 -113.038 -98.7882 -141.918 
0 -127.758 -19 17 -108.598 -112.766 -98.7882 -131.093 
0 -133.808 -20 17 -105.907 -112.71 -98.7882 -144.115 
0 -128.564 -19 17 -108.388 -112.439 -98.7882 -133.29 
0 -129.012 -20 17 -107.029 -112.074 -99.8868 -140.714 
0 -132.844 -20 17 -105.991 -112.89 -98.7882 -141.513 
0 -123.768 -19 17 -109.51 -111.802 -99.8868 -129.889 
0 -127.6 -19 17 -108.472 -112.619 -98.7882 -130.687 
0 -129.818 -20 17 -106.82 -111.747 -99.8868 -142.911 
0 -124.308 -19 17 -109.434 -112.074 -97.6896 -128.164 
0 -133.65 -20 17 -105.782 -112.563 -98.7882 -143.71 
0 -132.487 -20 17 -106.954 -112.345 -97.6896 -138.989 
0 -124.574 -19 17 -109.3 -111.475 -99.8868 -132.086 
0 -130.897 -20 17 -105.236 -113.142 -98.7882 -143.017 
0 -128.406 -19 17 -108.262 -112.292 -98.7882 -132.885 
-3 -131.616 -20 17 -106.117 -113.038 -98.7882 -141.918 
0 -125.653 -19 17 -107.717 -112.87 -98.7882 -132.191 
0 -125.233 -19 17 -109.225 -111.746 -97.6896 -130.361 
0 -133.411 -20 17 -106.744 -112.018 -97.6896 -141.186 
-3 -126.372 -19 17 -108.598 -112.766 -98.7882 -131.093 
-4 -126.163 -20 17 -106.117 -113.038 -98.7882 -141.918 
0 -131.703 -20 17 -105.027 -112.815 -98.7882 -145.214 
-3 -132.422 -20 17 -105.907 -112.71 -98.7882 -144.115 
0 -126.941 -19 17 -105.78 -114.157 -98.7882 -134.649 
-4 -120.919 -19 17 -108.598 -112.766 -98.7882 -131.093 
0 -126.459 -19 17 -107.507 -112.543 -98.7882 -134.389 
-4 -129.689 -20 17 -106.117 -113.038 -98.7882 -141.918 
-3 -127.178 -19 17 -108.388 -112.439 -98.7882 -133.29 
-4 -126.969 -20 17 -105.907 -112.71 -98.7882 -144.115 
-4 -129.993 -20 17 -106.117 -113.038 -98.7882 -141.918 
-4 -130.343 -20 17 -106.117 -113.038 -98.7882 -141.918 
-4 -130.721 -20 17 -106.117 -113.038 -98.7882 -141.918 
-4 -131.032 -20 17 -106.117 -113.038 -98.7882 -141.918 
0 -134.448 -20 17 -105.056 -113.171 -99.4813 -143.304 
-4 -131.467 -20 17 -106.117 -113.038 -98.7882 -141.918 
0 -128.854 -20 17 -106.904 -111.927 -99.8868 -140.309 
0 -127.747 -19 17 -105.57 -113.83 -98.7882 -136.846 
-4 -131.732 -20 17 -106.117 -113.038 -98.7882 -141.918 
-4 -131.932 -20 17 -106.117 -113.038 -98.7882 -141.918 
-4 -121.724 -19 17 -108.388 -112.439 -98.7882 -133.29 
-4 -125.099 -19 17 -108.598 -112.766 -98.7882 -131.093 
-4 -125.236 -19 17 -108.598 -112.766 -98.7882 -131.093 
-4 -132.626 -20 17 -106.117 -113.038 -98.7882 -141.918 
-4 -125.476 -19 17 -108.598 -112.766 -98.7882 -131.093 
-4 -132.857 -20 17 -106.117 -113.038 -98.7882 -141.918 
-4 -132.873 -20 17 -106.117 -113.038 -98.7882 -141.918 
-4 -133.008 -20 17 -106.117 -113.038 -98.7882 -141.918 
-4 -125.788 -19 17 -108.598 -112.766 -98.7882 -131.093 
0 -129.204 -19 17 -107.536 -112.899 -99.4813 -132.479 
-4 -126.223 -19 17 -108.598 -112.766 -98.7882 -131.093 
0 -123.61 -19 17 -109.384 -111.655 -99.8868 -129.483 
-4 -133.613 -20 17 -106.117 -113.038 -98.7882 -141.918 
0 -121.243 -19 17 -110.137 -110.783 -98.7882 -129.157 
-4 -126.487 -19 17 -108.598 -112.766 -98.7882 -131.093 
-4 -126.688 -19 17 -108.598 -112.766 -98.7882 -131.093 
-4 -131.149 -20 17 -105.907 -112.71 -98.7882 -144.115 
-4 -134.626 -20 17 -106.117 -113.038 -98.7882 -141.918 
-4 -127.382 -19 17 -108.598 -112.766 -98.7882 -131.093 
-4 -131.73 -20 17 -105.907 -112.71 -98.7882 -144.115 
0 -120.318 -19 17 -110.347 -111.11 -98.7882 -126.96 
-4 -131.838 -20 17 -105.907 -112.71 -98.7882 -144.115 
-4 -127.613 -19 17 -108.598 -112.766 -98.7882 -131.093 
-4 -127.629 -19 17 -108.598 -112.766 -98.7882 -131.093 
0 -135.254 -20 17 -104.846 -112.844 -99.4813 -145.501 
-4 -127.764 -19 17 -108.598 -112.766 -98.7882 -131.093 
-4 -127.84 -19 17 -108.598 -112.766 -98.7882 -131.093 
-4 -132.273 -20 17 -105.907 -112.71 -98.7882 -144.115 
0 -129.66 -20 17 -106.694 -111.6 -99.8868 -142.506 
-4 -132.537 -20 17 -105.907 -112.71 -98.7882 -144.115 
0 -128.497 -20 17 -107.866 -111.382 -98.7882 -137.785 
-4 -128.369 -19 17 -108.598 -112.766 -98.7882 -131.093 
-4 -132.738 -20 17 -105.907 -112.71 -98.7882 -144.115 
-4 -125.905 -19 17 -108.388 -112.439 -98.7882 -133.29 
0 -124.15 -19 17 -109.309 -111.927 -97.6896 -127.758 
0 -126.907 -20 17 -106.149 -112.179 -99.8868 -141.813 
-4 -133.432 -20 17 -105.907 -112.71 -98.7882 -144.115 
-4 -133.501 -20 17 -105.907 -112.71 -98.7882 -144.115 
-4 -133.663 -20 17 -105.907 -112.71 -98.7882 -144.115 
-4 -133.679 -20 17 -105.907 -112.71 -98.7882 -144.115 
-4 -126.486 -19 17 -108.388 -112.439 -98.7882 -133.29 
-4 -133.814 -20 17 -105.907 -112.71 -98.7882 -144.115 
-4 -126.594 -19 17 -108.388 -112.439 -98.7882 -133.29 
-4 -134.125 -20 17 -105.907 -112.71 -98.7882 -144.115 
0 -130.01 -19 17 -107.327 -112.572 -99.4813 -134.676 
0 -132.329 -20 17 -106.828 -112.198 -97.6896 -138.584 
-4 -127.029 -19 17 -108.388 -112.439 -98.7882 -133.29 
-4 -127.05 -19 17 -108.388 -112.439 -98.7882 -133.29 
0 -124.416 -19 17 -109.175 -111.328 -99.8868 -131.681 
-4 -134.419 -20 17 -105.907 -112.71 -98.7882 -144.115 
-4 -128.188 -19 17 -108.388 -112.439 -98.7882 -133.29 
-4 -127.293 -19 17 -108.388 -112.439 -98.7882 -133.29 
-4 -127.494 -19 17 -108.388 -112.439 -98.7882 -133.29 
-3 -127.626 -20 17 -107.029 -112.074 -99.8868 -140.714 
0 -130.74 -20 17 -105.111 -112.995 -98.7882 -142.612 
-4 -130.699 -19 17 -108.598 -112.766 -98.7882 -131.093 
-4 -130.896 -19 17 -108.598 -112.766 -98.7882 -131.093 
-4 -135.432 -20 17 -105.907 -112.71 -98.7882 -144.115 
0 -121.663 -19 17 -108.629 -111.907 -99.8868 -130.987 
FEATURES_TXT_END_0
