FEATURES_TXT_BEGIN_0 0 100 8 Distortion0_0 LM0_0 WordPenalty0_0 PhrasePenalty0_0 TranslationModel0_0 TranslationModel0_1 TranslationModel0_2 TranslationModel0_3 
-12 -178.901 -33 28 -36.8914 -48.8488 -20.1524 -53.2516 
-18 -175.342 -33 28 -36.8914 -48.8488 -20.1524 -53.2516 
-18 -175.113 -33 27 -36.5841 -48.8488 -20.3296 -53.2516 
-12 -180.329 -34 28 -37.1047 -48.8488 -21.8511 -53.2516 
-24 -171.555 -33 27 -36.5841 -48.8488 -20.3296 -53.2516 
-18 -176.771 -34 28 -37.1047 -48.8488 -21.8511 -53.2516 
-18 -176.541 -34 27 -36.7974 -48.8488 -22.0283 -53.2516 
-16 -180.838 -35 29 -33.6278 -48.2994 -22.9833 -55.3492 
-24 -172.983 -34 27 -36.7974 -48.8488 -22.0283 -53.2516 
-16 -181.599 -36 29 -33.6584 -48.2994 -26.1751 -55.3492 
-22 -177.05 -35 28 -33.3205 -48.2994 -23.1605 -55.3492 
-22 -177.811 -36 28 -33.3511 -48.2994 -26.3524 -55.3492 
-12 -177.775 -33 27 -37.6418 -51.8474 -19.6836 -53.4294 
-12 -179.768 -33 28 -35.612 -48.0317 -21.103 -53.9333 
-18 -174.217 -33 27 -37.6418 -51.8474 -19.6836 -53.4294 
-18 -173.987 -33 26 -37.3345 -51.8474 -19.8609 -53.4294 
-16 -180.058 -34 29 -33.4145 -48.2994 -21.2846 -55.3492 
-18 -175.98 -33 27 -35.3047 -48.0317 -21.2803 -53.9333 
-24 -170.429 -33 26 -37.3345 -51.8474 -19.8609 -53.4294 
-12 -181.196 -34 28 -35.8253 -48.0317 -22.8017 -53.9333 
-16 -180.819 -35 29 -33.4451 -48.2994 -24.4765 -55.3492 
-18 -171.984 -32 27 -40.2116 -49.6289 -21.5336 -52.5231 
-22 -176.27 -34 28 -33.1072 -48.2994 -21.4619 -55.3492 
-24 -168.426 -32 27 -40.2116 -49.6289 -21.5336 -52.5231 
-18 -177.408 -34 27 -35.518 -48.0317 -22.9789 -53.9333 
-22 -177.03 -35 28 -33.1378 -48.2994 -24.6537 -55.3492 
-16 -181.706 -35 29 -32.3484 -47.4823 -23.9339 -56.031 
-8 -181.453 -33 30 -39.8786 -49.6659 -21.338 -52.5698 
-12 -171.379 -31 26 -41.5239 -55.8387 -19.355 -51.9275 
-8 -181.249 -33 30 -41.4954 -49.94 -20.9326 -51.6456 
-16 -182.466 -36 29 -32.379 -47.4823 -27.1257 -56.031 
-14 -177.895 -33 30 -39.8786 -49.6659 -21.338 -52.5698 
-18 -167.821 -31 26 -41.5239 -55.8387 -19.355 -51.9275 
-14 -177.691 -33 30 -41.4954 -49.94 -20.9326 -51.6456 
-16 -178.905 -34 28 -37.1047 -48.8488 -21.8511 -53.2516 
-18 -173.412 -33 27 -40.4249 -49.6289 -23.2323 -52.5231 
-22 -175.347 -34 28 -37.1047 -48.8488 -21.8511 -53.2516 
-24 -169.854 -33 27 -40.4249 -49.6289 -23.2323 -52.5231 
-22 -177.918 -35 28 -32.0411 -47.4823 -24.1112 -56.031 
-20 -175.342 -33 28 -36.8914 -48.8488 -20.1524 -53.2516 
-12 -183.092 -34 29 -36.2743 -47.686 -20.5513 -53.3197 
-8 -182.881 -34 30 -40.0919 -49.6659 -23.0367 -52.5698 
-12 -172.807 -32 26 -41.7372 -55.8387 -21.0536 -51.9275 
-22 -178.678 -36 28 -32.0717 -47.4823 -27.303 -56.031 
-19 -175.978 -33 28 -36.8914 -48.8488 -20.1524 -53.2516 
-8 -182.677 -34 30 -41.7087 -49.94 -22.6312 -51.6456 
-12 -179.152 -33 29 -38.7465 -49.6659 -21.7557 -52.5698 
-12 -180.377 -33 28 -35.612 -48.0317 -21.103 -53.9333 
-12 -179.605 -33 28 -36.9641 -48.8824 -20.8455 -53.9402 
-18 -179.534 -34 29 -36.2743 -47.686 -20.5513 -53.3197 
-14 -179.323 -34 30 -40.0919 -49.6659 -23.0367 -52.5698 
-18 -169.249 -32 26 -41.7372 -55.8387 -21.0536 -51.9275 
-25 -172.42 -33 28 -36.8914 -48.8488 -20.1524 -53.2516 
-22 -175.117 -34 27 -36.7974 -48.8488 -22.0283 -53.2516 
-14 -179.119 -34 30 -41.7087 -49.94 -22.6312 -51.6456 
-18 -175.594 -33 29 -38.7465 -49.6659 -21.7557 -52.5698 
-18 -176.819 -33 28 -35.612 -48.0317 -21.103 -53.9333 
-12 -178.643 -33 27 -36.3624 -51.0303 -20.6342 -54.1111 
-18 -176.047 -33 28 -36.9641 -48.8824 -20.8455 -53.9402 
-12 -178.789 -32 27 -39.3095 -48.384 -18.9905 -50.1081 
-12 -179.556 -34 29 -38.8373 -49.4967 -23.0611 -55.5258 
-22 -173.922 -34 28 -36.948 -49.0795 -24.3645 -54.6207 
-28 -171.559 -34 27 -36.7974 -48.8488 -22.0283 -53.2516 
-8 -184.238 -35 31 -37.9311 -49.1027 -25.5793 -55.6505 
-18 -175.231 -32 27 -39.3095 -48.384 -18.9905 -50.1081 
-18 -176.531 -33 27 -35.3047 -48.0317 -21.2803 -53.9333 
-26 -171.555 -33 27 -36.5841 -48.8488 -20.3296 -53.2516 
-8 -184.034 -35 31 -39.5479 -49.3768 -25.1738 -54.7264 
-12 -178.618 -32 28 -39.7246 -48.384 -20.1524 -50.1081 
-18 -175.998 -34 29 -38.8373 -49.4967 -23.0611 -55.5258 
-22 -174.682 -35 28 -36.9786 -49.0795 -27.5564 -54.6207 
-18 -179.304 -34 28 -35.967 -47.686 -20.7286 -53.3197 
-14 -180.68 -35 31 -37.9311 -49.1027 -25.5793 -55.6505 
-20 -176.771 -34 28 -37.1047 -48.8488 -21.8511 -53.2516 
-24 -172.973 -33 27 -35.3047 -48.0317 -21.2803 -53.9333 
-14 -180.476 -35 31 -39.5479 -49.3768 -25.1738 -54.7264 
-18 -175.06 -32 28 -39.7246 -48.384 -20.1524 -50.1081 
-12 -183.39 -35 31 -36.615 -49.1165 -24.1689 -54.6674 
-18 -175.817 -33 27 -36.6569 -48.8824 -21.0228 -53.9402 
-12 -184.52 -35 29 -36.4876 -47.686 -22.25 -53.3197 
-16 -173.317 -33 27 -38.2603 -55.2893 -22.1859 -54.0252 
-24 -175.746 -34 28 -35.967 -47.686 -20.7286 -53.3197 
-19 -177.406 -34 28 -37.1047 -48.8488 -21.8511 -53.2516 
-16 -178.788 -35 29 -37.457 -50.2347 -24.9712 -55.4622 
-12 -183.187 -35 31 -38.2318 -49.3906 -23.7635 -53.7433 
-12 -180.58 -34 29 -38.9598 -49.6659 -23.4544 -52.5698 
-12 -181.805 -34 28 -35.8253 -48.0317 -22.8017 -53.9333 
-8 -185.345 -35 31 -37.3025 -49.1165 -24.663 -54.6674 
-18 -175.409 -33 28 -38.4392 -49.6659 -21.933 -52.5698 
-18 -174.855 -33 26 -36.0551 -51.0303 -20.8115 -54.1111 
-24 -172.259 -33 27 -36.6569 -48.8824 -21.0228 -53.9402 
-18 -180.962 -35 29 -36.4876 -47.686 -22.25 -53.3197 
-18 -175.001 -32 26 -39.0022 -48.384 -19.1677 -50.1081 
-12 -184.151 -36 31 -36.6456 -49.1165 -27.3608 -54.6674 
-8 -185.142 -35 31 -38.9193 -49.3906 -24.2576 -53.7433 
-16 -174.077 -34 27 -38.2909 -55.2893 -25.3777 -54.0252 
-25 -173.848 -34 28 -37.1047 -48.8488 -21.8511 -53.2516 
-16 -180.926 -34 29 -32.1351 -47.4823 -22.2352 -56.031 
-18 -177.022 -34 29 -38.9598 -49.6659 -23.4544 -52.5698 
-18 -178.247 -34 28 -35.8253 -48.0317 -22.8017 -53.9333 
FEATURES_TXT_END_0
FEATURES_TXT_BEGIN_0 1 100 8 Distortion0_0 LM0_0 WordPenalty0_0 PhrasePenalty0_0 TranslationModel0_0 TranslationModel0_1 TranslationModel0_2 TranslationModel0_3 
-29 -260.955 -52 46 -66.931 -87.903 -47.2933 -87.1743 
-29 -260.955 -52 46 -66.2378 -87.5508 -47.9864 -87.8029 
-35 -253.932 -51 46 -69.0477 -90.9016 -45.976 -87.3521 
-29 -261.162 -52 46 -66.2378 -87.4018 -47.2933 -88.2729 
-35 -257.603 -52 46 -66.931 -87.903 -47.2933 -87.1743 
-39 -257.322 -52 47 -65.8077 -88.6574 -42.9118 -87.6724 
-35 -253.932 -51 46 -68.3545 -90.5494 -46.6691 -87.9807 
-35 -254.139 -51 46 -68.3545 -90.4003 -45.976 -88.4507 
-35 -257.604 -52 46 -66.2378 -87.5508 -47.9864 -87.8029 
-39 -257.322 -52 47 -65.1146 -88.3052 -43.6049 -88.3011 
-31 -260.076 -52 46 -66.931 -87.903 -47.5164 -87.1743 
-35 -257.81 -52 46 -66.2378 -87.4018 -47.2933 -88.2729 
-39 -257.529 -52 47 -65.1146 -88.1562 -42.9118 -88.7711 
-31 -260.077 -52 46 -66.2378 -87.5508 -48.2096 -87.8029 
-37 -253.053 -51 46 -69.0477 -90.9016 -46.1991 -87.3521 
-31 -260.283 -52 46 -66.2378 -87.4018 -47.5164 -88.2729 
-37 -256.725 -52 46 -66.931 -87.903 -47.5164 -87.1743 
-41 -256.443 -52 47 -65.8077 -88.6574 -43.1349 -87.6724 
-23 -266.122 -53 46 -66.7974 -88.5509 -47.2933 -89.4485 
-37 -253.054 -51 46 -68.3545 -90.5494 -46.8923 -87.9807 
-37 -253.26 -51 46 -68.3545 -90.4003 -46.1991 -88.4507 
-29 -261.79 -52 46 -66.182 -87.112 -48.4789 -87.3522 
-37 -256.725 -52 46 -66.2378 -87.5508 -48.2096 -87.8029 
-41 -256.444 -52 47 -65.1146 -88.3052 -43.828 -88.3011 
-23 -266.122 -53 46 -66.1043 -88.1987 -47.9864 -90.0771 
-29 -261.308 -52 46 -67.4272 -87.5189 -48.7974 -86.7131 
-37 -256.932 -52 46 -66.2378 -87.4018 -47.5164 -88.2729 
-41 -256.651 -52 47 -65.1146 -88.1562 -43.1349 -88.7711 
-29 -259.099 -52 46 -68.9141 -91.5495 -45.976 -89.6263 
-23 -266.329 -53 46 -66.1043 -88.0497 -47.2933 -90.5471 
-29 -261.791 -52 46 -65.4889 -86.7597 -49.172 -87.9808 
-29 -261.308 -52 46 -66.7341 -87.1667 -49.4905 -87.3417 
-29 -262.771 -53 46 -66.7974 -88.5509 -47.2933 -89.4485 
-35 -254.767 -51 46 -68.2987 -90.1105 -47.1616 -87.53 
-29 -261.998 -52 46 -65.4889 -86.6107 -48.4789 -88.4508 
-29 -259.099 -52 46 -68.221 -91.1973 -46.6691 -90.255 
-35 -254.285 -51 46 -69.5439 -90.5175 -47.48 -86.8909 
-29 -261.515 -52 46 -66.7341 -87.0177 -48.7973 -87.8117 
-35 -258.439 -52 46 -66.182 -87.112 -48.4789 -87.3522 
-29 -259.306 -52 46 -68.221 -91.0482 -45.976 -90.725 
-39 -258.158 -52 47 -65.0588 -87.8663 -44.0974 -87.8504 
-29 -262.771 -53 46 -66.1043 -88.1987 -47.9864 -90.0771 
-35 -254.768 -51 46 -67.6056 -89.7583 -47.8547 -88.1586 
-33 -262.645 -53 47 -64.0547 -86.5616 -48.2106 -88.8991 
-35 -257.957 -52 46 -67.4272 -87.5189 -48.7974 -86.7131 
-39 -257.675 -52 47 -66.304 -88.2733 -44.4158 -87.2113 
-35 -254.285 -51 46 -68.8508 -90.1653 -48.1732 -87.5195 
-25 -265.244 -53 46 -66.7974 -88.5509 -47.5164 -89.4485 
-29 -262.978 -53 46 -66.1043 -88.0497 -47.2933 -90.5471 
-35 -254.974 -51 46 -67.6056 -89.6093 -47.1616 -88.6286 
-35 -258.44 -52 46 -65.4889 -86.7597 -49.172 -87.9808 
-39 -258.158 -52 47 -64.3656 -87.5141 -44.7905 -88.479 
-35 -254.492 -51 46 -68.8508 -90.0162 -47.48 -87.9895 
-33 -262.646 -53 47 -63.3616 -86.2094 -48.9037 -89.5277 
-35 -257.957 -52 46 -66.7341 -87.1667 -49.4905 -87.3417 
-31 -260.912 -52 46 -66.182 -87.112 -48.702 -87.3522 
-35 -258.646 -52 46 -65.4889 -86.6107 -48.4789 -88.4508 
-39 -257.676 -52 47 -65.6108 -87.9211 -45.109 -87.8399 
-39 -258.365 -52 47 -64.3656 -87.3651 -44.0974 -88.949 
-25 -265.244 -53 46 -66.1043 -88.1987 -48.2096 -90.0771 
-31 -260.43 -52 46 -67.4272 -87.5189 -49.0205 -86.7131 
-39 -255.622 -52 47 -66.1714 -89.5602 -46.8933 -89.0769 
-33 -262.852 -53 47 -63.3616 -86.0604 -48.2106 -89.9977 
-35 -258.164 -52 46 -66.7341 -87.0177 -48.7973 -87.8117 
-39 -257.882 -52 47 -65.6108 -87.772 -44.4158 -88.3099 
-31 -258.221 -52 46 -68.9141 -91.5495 -46.1991 -89.6263 
-25 -265.451 -53 46 -66.1043 -88.0497 -47.5164 -90.5471 
-29 -259.606 -52 46 -67.8248 -89.9971 -48.998 -89.057 
-31 -260.913 -52 46 -65.4889 -86.7597 -49.3952 -87.9808 
-29 -262.686 -53 46 -64.4671 -87.6885 -50.9309 -90.1378 
-29 -265.557 -53 46 -67.7331 -85.251 -47.0435 -86.032 
-39 -259.294 -53 47 -64.0547 -86.5616 -48.2106 -88.8991 
-29 -261.116 -52 46 -67.7462 -88.9172 -47.3071 -88.2201 
-35 -257.524 -52 46 -67.7462 -88.9172 -47.3071 -88.2201 
-43 -259.012 -53 48 -62.9314 -87.316 -43.8291 -89.3973 
-31 -260.43 -52 46 -66.7341 -87.1667 -49.7136 -87.3417 
-39 -255.623 -52 47 -65.4783 -89.208 -47.5864 -89.7055 
-31 -261.892 -53 46 -66.7974 -88.5509 -47.5164 -89.4485 
-37 -253.889 -51 46 -68.2987 -90.1105 -47.3847 -87.53 
-31 -261.119 -52 46 -65.4889 -86.6107 -48.702 -88.4508 
-35 -253.727 -50 46 -69.3354 -90.9016 -44.1842 -87.3521 
-31 -258.221 -52 46 -68.221 -91.1973 -46.8923 -90.255 
-29 -259.607 -52 46 -67.1316 -89.6449 -49.6912 -89.6856 
-37 -253.406 -51 46 -69.5439 -90.5175 -47.7032 -86.8909 
-31 -260.637 -52 46 -66.7341 -87.0177 -49.0205 -87.8117 
-39 -255.829 -52 47 -65.4783 -89.0589 -46.8933 -90.1755 
-37 -257.556 -52 46 -66.931 -87.903 -47.2933 -87.1743 
-29 -262.686 -53 46 -63.774 -87.3363 -51.624 -90.7664 
-35 -258.767 -52 46 -66.931 -87.903 -47.2933 -87.1743 
-39 -259.294 -53 47 -63.3616 -86.2094 -48.9037 -89.5277 
-37 -257.561 -52 46 -66.182 -87.112 -48.702 -87.3522 
-29 -261.117 -52 46 -67.0531 -88.565 -48.0002 -88.8487 
-31 -258.428 -52 46 -68.221 -91.0482 -46.1991 -90.725 
-35 -257.524 -52 46 -67.0531 -88.565 -48.0002 -88.8487 
-43 -259.013 -53 48 -62.2383 -86.9638 -44.5222 -90.0259 
-41 -257.279 -52 47 -65.0588 -87.8663 -44.3205 -87.8504 
-35 -252.583 -51 46 -69.9415 -92.9956 -47.6807 -89.2348 
-23 -266.958 -53 46 -66.0485 -87.7598 -48.4789 -89.6265 
-29 -259.813 -52 46 -67.1316 -89.4958 -48.998 -90.1556 
-31 -261.893 -53 46 -66.1043 -88.1987 -48.2096 -90.0771 
FEATURES_TXT_END_0
FEATURES_TXT_BEGIN_0 2 100 8 Distortion0_0 LM0_0 WordPenalty0_0 PhrasePenalty0_0 TranslationModel0_0 TranslationModel0_1 TranslationModel0_2 TranslationModel0_3 
-23 -189.64 -42 35 -44.6101 -66.9571 -44.1104 -80.9778 
-23 -190.037 -40 34 -43.2721 -66.491 -37.0093 -78.1923 
-23 -190.839 -41 35 -43.8138 -67.3904 -40.9969 -77.6218 
-23 -189.692 -40 35 -44.3063 -67.3904 -38.599 -77.6218 
-29 -186.127 -42 35 -46.1091 -66.7581 -44.5068 -80.7502 
-23 -187.585 -40 35 -45.179 -68.1761 -42.5475 -77.8395 
-29 -186.524 -40 34 -44.7711 -66.292 -37.4058 -77.9647 
-27 -185.172 -42 35 -47.0079 -69.8565 -44.1104 -82.9237 
-23 -191.706 -42 35 -44.1672 -66.5293 -42.6063 -80.3381 
-27 -185.569 -40 34 -45.67 -69.3904 -37.0093 -80.1382 
-23 -192.103 -40 34 -42.8292 -66.0632 -35.5053 -77.5527 
-23 -190.956 -42 35 -43.1367 -67.0291 -44.1104 -81.751 
-23 -189.92 -41 35 -44.6295 -66.9571 -41.054 -80.9778 
-23 -190.729 -42 35 -45.2658 -68.1048 -42.6063 -80.7436 
-21 -189.751 -39 34 -44.6822 -66.4998 -38.9254 -76.1201 
-23 -190.411 -42 35 -45.0155 -67.6071 -43.4172 -81.5374 
-29 -187.326 -41 35 -45.3129 -67.1914 -41.3933 -77.3942 
-23 -190.69 -42 35 -44.6101 -66.3907 -44.1104 -81.8251 
-23 -191.353 -40 34 -41.7988 -66.563 -37.0093 -78.9655 
-23 -190.317 -39 34 -43.2915 -66.491 -33.953 -78.1923 
-21 -190.303 -41 34 -44.986 -66.0666 -44.4369 -79.4761 
-23 -190.643 -42 35 -45.8895 -67.7742 -43.1598 -80.296 
-27 -187.899 -42 35 -46.2949 -68.4242 -42.4666 -80.8556 
-29 -186.18 -40 35 -45.8053 -67.1914 -38.9954 -77.3942 
-23 -191.126 -40 34 -43.9278 -67.6387 -35.5053 -77.9581 
-21 -190.632 -39 33 -43.648 -65.6005 -37.3358 -76.6906 
-23 -190.808 -40 34 -43.6775 -67.141 -36.3162 -78.7519 
-21 -188.386 -40 34 -44.986 -66.0666 -44.4369 -79.4761 
-23 -191.087 -40 34 -43.2721 -65.9246 -37.0093 -79.0396 
-27 -186.371 -41 35 -46.2117 -70.2897 -40.9969 -79.5677 
-21 -188.701 -38 33 -43.648 -65.6005 -37.3358 -76.6906 
-23 -191.04 -40 34 -44.5515 -67.3081 -36.0587 -77.5106 
-21 -191.164 -40 34 -44.1898 -66.4998 -41.3233 -76.1201 
-23 -192.906 -41 35 -43.3709 -66.9625 -39.4928 -76.9821 
-27 -188.296 -40 34 -44.9569 -67.9581 -35.3656 -78.0702 
-23 -188.983 -41 35 -44.6101 -66.9571 -44.1104 -80.9778 
-27 -185.225 -40 35 -46.7042 -70.2897 -38.599 -79.5677 
-23 -191.759 -40 35 -43.8634 -66.9625 -37.0949 -76.9821 
-29 -184.072 -40 35 -46.6781 -67.9771 -42.9439 -77.6119 
-23 -189.38 -39 34 -43.2721 -66.491 -37.0093 -78.1923 
-33 -181.659 -42 35 -48.507 -69.6574 -44.5068 -82.6961 
-21 -188.126 -38 34 -44.6822 -66.4998 -38.9254 -76.1201 
-23 -192.155 -41 35 -42.3405 -67.4623 -40.9969 -78.395 
-23 -191.119 -40 35 -43.8332 -67.3904 -37.9405 -77.6218 
-29 -188.194 -42 35 -45.6663 -66.3302 -43.0027 -80.1106 
-27 -188.776 -42 35 -44.6101 -66.9571 -44.1104 -80.9778 
-23 -191.928 -41 35 -44.4696 -68.538 -39.4928 -77.3876 
-23 -191.611 -41 35 -44.2192 -68.0404 -40.3037 -78.1814 
-27 -183.117 -40 35 -47.5769 -71.0754 -42.5475 -79.7854 
-23 -191.008 -40 35 -42.833 -67.4623 -38.599 -78.395 
-23 -189.972 -39 35 -44.3257 -67.3904 -35.5426 -77.6218 
-21 -189.25 -42 35 -46.8088 -70.5851 -44.1104 -83.1861 
-33 -182.056 -40 34 -47.169 -69.1913 -37.4058 -79.9107 
-23 -191.889 -41 35 -43.8138 -66.824 -40.9969 -78.4691 
-23 -189.652 -40 35 -44.7361 -67.7482 -41.0434 -77.1998 
-23 -191.842 -41 35 -45.0932 -68.2074 -40.0462 -76.94 
-29 -188.591 -40 34 -44.3283 -65.8642 -35.9017 -77.3251 
-27 -189.173 -40 34 -43.2721 -66.491 -37.0093 -78.1923 
-15 -191.317 -41 34 -47.3063 -66.9891 -48.0113 -80.3061 
-23 -191.746 -42 35 -41.8573 -66.212 -45.061 -82.4327 
-23 -190.781 -40 35 -44.962 -68.538 -37.0949 -77.3876 
-27 -189.099 -41 35 -45.4986 -68.8574 -39.3531 -77.4996 
-21 -189.538 -39 34 -44.1898 -66.4998 -41.3233 -76.1201 
-27 -187.239 -42 35 -46.5651 -69.4286 -42.6063 -82.284 
-23 -190.464 -40 35 -44.7117 -68.0404 -37.9058 -78.1814 
-15 -191.632 -39 33 -45.9683 -66.523 -40.9103 -77.5206 
-23 -190.743 -40 35 -44.3063 -66.824 -38.599 -78.4691 
-29 -187.443 -42 35 -44.6358 -66.83 -44.5068 -81.5234 
-29 -186.407 -41 35 -46.1285 -66.7581 -41.4504 -80.7502 
-21 -189.647 -40 34 -45.4708 -70.119 -37.0093 -80.4006 
-23 -190.695 -40 35 -45.5857 -68.2074 -37.6483 -76.94 
-27 -187.952 -40 35 -45.9911 -68.8574 -36.9552 -77.4996 
-23 -191.043 -42 35 -45.0155 -67.6071 -43.4172 -81.5374 
-29 -187.216 -42 35 -46.7649 -67.9058 -43.0027 -80.516 
-23 -192.143 -40 34 -40.5194 -65.7459 -37.9599 -79.6473 
-23 -190.182 -40 35 -43.8138 -67.3904 -40.9969 -77.6218 
-27 -187.636 -40 34 -45.2271 -68.9625 -35.5053 -79.4986 
-29 -187.825 -42 35 -45.2658 -68.1048 -42.6063 -80.7436 
-27 -186.239 -39 34 -46.1813 -66.3008 -39.3219 -75.8925 
-29 -186.899 -42 35 -46.5146 -67.4081 -43.8137 -81.3098 
-29 -187.177 -42 35 -46.1091 -66.1917 -44.5068 -81.5975 
-23 -188.901 -40 35 -43.7057 -68.248 -42.5475 -78.6127 
-23 -187.865 -39 35 -45.1984 -68.1761 -39.4911 -77.8395 
-23 -190.424 -42 35 -44.6101 -68.7542 -44.1104 -81.8651 
-29 -187.84 -40 34 -43.2978 -66.3639 -37.4058 -78.7379 
-29 -186.804 -39 34 -44.7906 -66.292 -34.3494 -77.9647 
-27 -186.79 -41 34 -46.4851 -65.8676 -44.8333 -79.2485 
-29 -187.13 -42 35 -47.3885 -67.5752 -43.5562 -80.0685 
-33 -184.387 -42 35 -47.794 -68.2252 -42.863 -80.6281 
-23 -191.44 -40 34 -43.6775 -67.141 -36.3162 -78.7519 
-27 -186.488 -42 35 -45.5346 -69.9284 -44.1104 -83.6969 
-27 -185.452 -41 35 -47.0274 -69.8565 -41.054 -82.9237 
-23 -188.674 -40 35 -45.8348 -69.3238 -41.0434 -77.6053 
-23 -189.035 -39 35 -44.3063 -67.3904 -38.599 -77.6218 
-15 -191.057 -39 34 -47.0025 -67.4224 -42.4999 -76.9501 
-29 -187.613 -40 34 -45.4269 -67.4397 -35.9017 -77.7306 
-27 -187.12 -39 33 -45.1471 -65.4015 -37.7322 -76.4631 
-23 -188.357 -40 35 -45.5844 -68.8261 -41.8543 -78.3991 
-23 -193.022 -42 35 -42.6939 -66.6012 -42.6063 -81.1113 
-23 -191.986 -41 35 -44.1866 -66.5293 -39.5499 -80.3381 
FEATURES_TXT_END_0
FEATURES_TXT_BEGIN_0 3 100 8 Distortion0_0 LM0_0 WordPenalty0_0 PhrasePenalty0_0 TranslationModel0_0 TranslationModel0_1 TranslationModel0_2 TranslationModel0_3 
-26 -194.864 -31 28 -37.1536 -52.5393 -17.2116 -48.4385 
-24 -193.701 -30 28 -37.9382 -50.7573 -20.8492 -47.4942 
-18 -199.261 -30 28 -38.2246 -53.5667 -13.6852 -46.7498 
-18 -198.871 -29 28 -38.9978 -52.0434 -11.8935 -45.3147 
-28 -193.297 -30 28 -38.2246 -53.5667 -13.6852 -46.7498 
-26 -194.507 -30 28 -38.2246 -53.5667 -13.6852 -46.7498 
-26 -194.117 -29 28 -38.9978 -52.0434 -11.8935 -45.3147 
-26 -194.864 -31 28 -36.7482 -53.7433 -17.9047 -48.0331 
-26 -196.498 -32 28 -35.3404 -52.3776 -19.0574 -50.5878 
-28 -194.609 -31 28 -36.4114 -53.405 -15.531 -48.8991 
-30 -191.834 -29 28 -38.9978 -52.0434 -11.8935 -45.3147 
-22 -197.632 -31 28 -38.2522 -53.5667 -17.2116 -46.7498 
-29 -196.341 -32 28 -33.4945 -51.5082 -17.2116 -51.3507 
-26 -192.34 -30 28 -39.7024 -53.2658 -17.3228 -47.8307 
-30 -192.878 -31 28 -38.2522 -53.5667 -17.2116 -46.7498 
-20 -195.812 -29 28 -37.9106 -50.7573 -17.3228 -47.4942 
-22 -200.833 -33 28 -35.2959 -52.3776 -19.7505 -50.5878 
-30 -192.372 -30 28 -38.2246 -53.5667 -13.6852 -46.7498 
-22 -198.944 -32 28 -36.439 -53.405 -19.0574 -48.8991 
-30 -196.079 -33 28 -35.2959 -52.3776 -19.7505 -50.5878 
-18 -199.474 -29 28 -36.4329 -51.0583 -13.6852 -46.4133 
-30 -194.19 -32 28 -36.439 -53.405 -19.0574 -48.8991 
-26 -193.228 -31 28 -38.6313 -52.2384 -20.8492 -49.5194 
-24 -193.701 -30 28 -37.5327 -51.9613 -21.5423 -47.0888 
-26 -194.72 -29 28 -36.4329 -51.0583 -13.6852 -46.4133 
-26 -193.271 -31 28 -38.6313 -52.2384 -20.8492 -49.5194 
-22 -197.457 -30 28 -37.126 -52.5393 -13.6852 -48.4385 
-18 -199.261 -30 28 -37.8192 -54.7707 -14.3784 -46.3443 
-18 -198.871 -29 28 -38.5924 -53.2474 -12.5866 -44.9092 
-28 -193.297 -30 28 -37.8192 -54.7707 -14.3784 -46.3443 
-24 -192.425 -30 28 -39.7767 -54.9225 -16.5184 -50.2848 
-26 -194.507 -30 28 -37.8192 -54.7707 -14.3784 -46.3443 
-26 -194.992 -32 29 -36.7595 -51.0614 -23.4531 -51.8748 
-26 -194.117 -29 28 -38.5924 -53.2474 -12.5866 -44.9092 
-30 -192.437 -29 28 -36.4329 -51.0583 -13.6852 -46.4133 
-26 -196.498 -32 28 -34.9349 -53.5815 -19.7505 -50.1824 
-26 -195.927 -31 28 -35.8742 -51.7223 -18.1622 -49.1203 
-27 -195.179 -31 28 -34.2791 -49.7262 -20.8492 -50.4064 
-21 -200.738 -31 28 -34.5655 -52.5356 -13.6852 -49.662 
-18 -199.42 -29 28 -38.9978 -52.0434 -11.8935 -45.3147 
-21 -200.348 -30 28 -35.3387 -51.0123 -11.8935 -48.2269 
-28 -194.609 -31 28 -36.0059 -54.6089 -16.2242 -48.4936 
-31 -194.774 -31 28 -34.5655 -52.5356 -13.6852 -49.662 
-29 -195.984 -31 28 -34.5655 -52.5356 -13.6852 -49.662 
-26 -194.666 -29 28 -38.9978 -52.0434 -11.8935 -45.3147 
-30 -191.834 -29 28 -38.5924 -53.2474 -12.5866 -44.9092 
-22 -197.632 -31 28 -37.8468 -54.7707 -17.9047 -46.3443 
-29 -195.595 -30 28 -35.3387 -51.0123 -11.8935 -48.2269 
-29 -196.341 -32 28 -33.0891 -52.7122 -17.9047 -50.9453 
-18 -196.206 -30 28 -39.7767 -54.9225 -16.5184 -50.2848 
-24 -196.493 -30 28 -37.126 -52.5393 -13.6852 -48.4385 
-29 -197.975 -33 28 -31.6813 -51.3464 -19.0574 -53.5001 
-26 -192.34 -30 28 -39.2969 -54.4697 -18.0159 -47.4252 
-30 -192.878 -31 28 -37.8468 -54.7707 -17.9047 -46.3443 
-18 -200.731 -30 28 -37.1845 -51.8816 -13.7393 -47.464 
-20 -195.812 -29 28 -37.5051 -51.9613 -18.0159 -47.0887 
-26 -191.452 -30 28 -39.7767 -54.9225 -16.5184 -50.2848 
-26 -192.414 -29 28 -40.4755 -51.7424 -15.531 -46.3956 
-22 -200.833 -33 28 -34.8904 -53.5816 -20.4437 -50.1824 
-31 -196.086 -32 28 -32.7523 -52.3738 -15.531 -51.8113 
-24 -192.108 -30 28 -39.4159 -50.4563 -24.4867 -48.5751 
-26 -195.977 -30 28 -37.1845 -51.8816 -13.7393 -47.464 
-30 -192.372 -30 28 -37.8192 -54.7707 -14.3784 -46.3443 
-22 -198.944 -32 28 -36.0335 -54.6089 -19.7505 -48.4936 
-33 -193.311 -30 28 -35.3387 -51.0123 -11.8935 -48.2269 
-30 -194.148 -32 28 -37.1812 -52.5393 -20.7379 -48.4385 
-25 -199.109 -32 28 -34.5931 -52.5356 -17.2116 -49.662 
-18 -197.667 -30 28 -39.7024 -53.2658 -17.3228 -47.8307 
-30 -196.079 -33 28 -34.8904 -53.5816 -20.4437 -50.1824 
-30 -193.621 -30 28 -37.1845 -51.8816 -13.7393 -47.464 
-22 -197.23 -29 28 -38.9978 -52.0434 -11.8935 -45.3147 
-18 -197.278 -29 28 -40.4755 -51.7424 -15.531 -46.3956 
-18 -199.474 -29 28 -36.0274 -52.2622 -14.3784 -46.0078 
-30 -194.19 -32 28 -36.0335 -54.6089 -19.7505 -48.4936 
-18 -200.246 -30 28 -36.9452 -52.7497 -14.6358 -47.4315 
-28 -191.703 -30 28 -39.7023 -53.2658 -17.3228 -47.8307 
-29 -193.818 -31 28 -36.0433 -52.2346 -17.3228 -50.7429 
-33 -194.355 -32 28 -34.5931 -52.5356 -17.2116 -49.662 
-26 -193.228 -31 28 -38.2259 -53.4424 -21.5423 -49.114 
-26 -192.913 -30 28 -39.7024 -53.2658 -17.3228 -47.8307 
-18 -200.828 -31 28 -37.1536 -52.5393 -17.2116 -48.4385 
-24 -193.829 -31 29 -37.5441 -49.2794 -27.0907 -50.9305 
-18 -199.857 -29 28 -37.7184 -51.2263 -12.8441 -45.9965 
-23 -197.289 -30 28 -34.2515 -49.7262 -17.3228 -50.4064 
-26 -192.524 -29 28 -40.4755 -51.7424 -15.531 -46.3956 
-26 -194.72 -29 28 -36.0274 -52.2622 -14.3784 -46.0078 
-24 -194.764 -30 28 -36.6588 -49.9402 -21.7998 -48.176 
-26 -193.271 -31 28 -38.2259 -53.4423 -21.5423 -49.114 
-18 -199.388 -31 29 -37.8305 -52.0888 -19.9267 -50.186 
-25 -202.31 -34 28 -31.6368 -51.3464 -19.7505 -53.5001 
-22 -197.457 -30 28 -36.7205 -53.7433 -14.3784 -48.0331 
-26 -194.904 -32 28 -36.8181 -52.0766 -22.695 -51.6687 
-26 -196.074 -31 28 -37.1536 -52.5393 -17.2116 -48.4385 
-22 -199.09 -31 28 -35.3127 -52.3776 -15.531 -50.5878 
-18 -198.999 -30 29 -38.6037 -50.5655 -18.135 -48.7509 
-18 -200.323 -30 28 -36.9452 -52.7497 -14.6358 -47.4315 
-33 -193.849 -31 28 -34.5655 -52.5356 -13.6852 -49.662 
-29 -194.292 -31 28 -37.1536 -52.5393 -17.2116 -48.4385 
-25 -200.421 -33 28 -32.7799 -52.3738 -19.0574 -51.8113 
-28 -193.424 -31 29 -37.8305 -52.0888 -19.9267 -50.186 
FEATURES_TXT_END_0
FEATURES_TXT_BEGIN_0 4 100 8 Distortion0_0 LM0_0 WordPenalty0_0 PhrasePenalty0_0 TranslationModel0_0 TranslationModel0_1 TranslationModel0_2 TranslationModel0_3 
-16 -239.875 -53 43 -70.2133 -97.9257 -50.6506 -96.3188 
-8 -245.121 -54 43 -68.4215 -98.5306 -52.1721 -100.141 
-16 -239.947 -53 43 -70.9623 -98.7167 -49.465 -96.1409 
-14 -239.795 -53 45 -71.1583 -99.3288 -50.7102 -99.5082 
-8 -245.193 -54 43 -69.1704 -99.3216 -50.9864 -99.9633 
-14 -239.867 -53 45 -71.9072 -100.12 -49.5246 -99.3303 
-23 -241.786 -55 44 -66.724 -97.0398 -50.3419 -97.5485 
-15 -247.032 -56 44 -64.9321 -97.6447 -51.8633 -101.371 
-23 -241.859 -55 44 -67.473 -97.8309 -49.1563 -97.3706 
-21 -241.707 -55 46 -67.669 -98.4429 -50.4015 -100.738 
-15 -247.105 -56 44 -65.6811 -98.4358 -50.6777 -101.193 
-21 -241.779 -55 46 -68.4179 -99.234 -49.2159 -100.56 
-16 -239.646 -53 45 -73.2006 -98.7427 -51.8362 -95.637 
-14 -243.379 -54 44 -67.5517 -98.3904 -51.7966 -99.4623 
-21 -239.64 -53 43 -70.6558 -96.5983 -49.1678 -93.6602 
-8 -244.892 -54 45 -71.4087 -99.3476 -53.3577 -99.4594 
-16 -239.719 -53 45 -73.9495 -99.5338 -50.6506 -95.4591 
-6 -248.625 -55 44 -65.7598 -98.9953 -53.3181 -103.285 
-14 -241.409 -53 43 -68.171 -98.5117 -49.5246 -100.19 
-16 -241.817 -53 43 -70.147 -97.7026 -49.4512 -95.095 
-13 -244.886 -54 43 -68.864 -97.2032 -50.6892 -97.4826 
-16 -242.584 -54 43 -68.7943 -97.1456 -52.5477 -97.0473 
-14 -243.451 -54 44 -68.3006 -99.1815 -50.611 -99.2844 
-21 -239.712 -53 43 -71.4048 -97.3894 -47.9821 -93.4823 
-12 -243.299 -54 46 -68.4966 -99.7935 -51.8562 -102.652 
-19 -239.56 -53 45 -71.6008 -98.0014 -49.2274 -96.8497 
-24 -234.211 -51 43 -73.3964 -98.252 -44.9768 -92.9974 
-8 -244.965 -54 45 -72.1576 -100.139 -52.1721 -99.2815 
-16 -239.373 -52 43 -72.9649 -98.252 -49.552 -92.9974 
-8 -247.063 -54 43 -68.3551 -98.3075 -50.9726 -98.9174 
-8 -247.829 -55 43 -67.0024 -97.7505 -54.0692 -100.87 
-6 -248.697 -55 44 -66.5088 -99.7864 -52.1324 -103.107 
-14 -241.481 -53 43 -68.92 -99.3028 -48.339 -100.012 
-18 -239.859 -53 43 -70.0637 -97.9445 -50.3803 -96.27 
-13 -244.958 -54 43 -69.6129 -97.9943 -49.5036 -97.3047 
-14 -241.737 -53 45 -71.092 -99.1057 -49.5108 -98.2845 
-16 -242.656 -54 43 -69.5432 -97.9366 -51.3621 -96.8694 
-23 -241.558 -55 46 -69.7113 -97.8569 -51.5275 -96.8668 
-14 -242.504 -54 45 -69.7392 -98.5487 -52.6073 -100.237 
-12 -243.372 -54 46 -69.2456 -100.585 -50.6706 -102.474 
-16 -239.457 -52 43 -71.6045 -98.8569 -46.4983 -96.8198 
-19 -239.632 -53 45 -72.3497 -98.7925 -48.0418 -96.6717 
-8 -244.619 -53 43 -71.173 -98.8569 -51.0734 -96.8198 
-21 -245.291 -56 45 -64.0624 -97.5046 -51.4879 -100.692 
-24 -234.284 -51 43 -74.1453 -99.0431 -43.7912 -92.8195 
-22 -234.132 -51 45 -74.3413 -99.6551 -45.0364 -96.1868 
-16 -239.446 -52 43 -73.7138 -99.0431 -48.3664 -92.8195 
-14 -239.294 -52 45 -73.9098 -99.6551 -49.6116 -96.1868 
-16 -243.174 -53 43 -68.548 -97.0567 -49.1678 -94.913 
-8 -247.902 -55 43 -67.7513 -98.5415 -52.8836 -100.692 
-15 -246.804 -56 46 -67.9194 -98.4618 -53.049 -100.689 
-18 -239.931 -53 43 -70.8126 -98.7356 -49.1947 -96.0921 
-23 -241.63 -55 46 -70.4602 -98.6479 -50.3419 -96.6889 
-13 -250.537 -57 45 -62.2705 -98.1095 -53.0094 -104.514 
-21 -243.321 -55 44 -64.6817 -97.6258 -49.2159 -101.42 
-14 -242.576 -54 45 -70.4881 -99.3397 -51.4217 -100.059 
-23 -243.728 -55 44 -66.6577 -96.8167 -49.1425 -96.3248 
-16 -242.934 -53 43 -69.7715 -96.6173 -49.3978 -94.6538 
-16 -239.529 -52 43 -72.3534 -99.648 -45.3126 -96.6419 
-23 -244.495 -56 44 -65.3049 -96.2597 -52.239 -98.277 
-8 -244.692 -53 43 -71.9219 -99.648 -49.8878 -96.6419 
-21 -245.363 -56 45 -64.8113 -98.2956 -50.3023 -100.514 
-19 -245.211 -56 47 -65.0073 -98.9077 -51.5475 -103.881 
-21 -242.525 -53 43 -65.8022 -93.6542 -50.1184 -94.4961 
-16 -243.122 -53 43 -70.6558 -96.5983 -49.1678 -93.6602 
-8 -248.42 -54 43 -66.7561 -97.6616 -50.6892 -98.7354 
-22 -234.204 -51 45 -75.0902 -100.446 -43.8508 -96.0089 
-16 -238 -54 44 -72.1219 -100.595 -54.1102 -102.101 
-14 -239.366 -52 45 -74.6588 -100.446 -48.426 -96.0089 
-31 -236.123 -53 44 -69.907 -97.3661 -44.6681 -94.2271 
-16 -243.246 -53 43 -69.2969 -97.8478 -47.9821 -94.7351 
-15 -246.876 -56 46 -68.6683 -99.2529 -51.8634 -100.511 
-16 -240.798 -53 43 -72.0609 -99.2662 -48.7718 -95.9043 
-14 -243.094 -53 45 -69.4929 -98.4598 -49.2274 -98.1024 
-23 -241.285 -54 44 -69.4756 -97.3661 -49.2433 -94.2271 
-15 -248.974 -56 44 -64.8658 -97.4216 -50.6639 -100.147 
-27 -239.98 -56 45 -64.6393 -97.881 -53.7877 -102.285 
-8 -248.18 -54 43 -67.9796 -97.2222 -50.9193 -98.4762 
-15 -249.741 -57 44 -63.5131 -96.8646 -53.7605 -102.099 
-13 -250.609 -57 45 -63.0194 -98.9005 -51.8237 -104.337 
-21 -243.393 -55 44 -65.4307 -98.4169 -48.0302 -101.242 
-25 -241.77 -55 44 -66.5744 -97.0587 -50.0716 -97.4998 
-16 -243.007 -53 43 -70.5205 -97.4084 -48.2122 -94.4759 
-13 -247.771 -54 43 -64.0103 -94.2591 -51.6398 -98.3186 
-8 -248.368 -54 43 -68.864 -97.2032 -50.6892 -97.4826 
-21 -243.649 -55 46 -67.6026 -98.2198 -49.2021 -99.5142 
-16 -240.784 -53 43 -69.7994 -97.4266 -51.7492 -97.2351 
-14 -242.855 -53 45 -70.7164 -98.0204 -49.4575 -97.8432 
-23 -244.568 -56 44 -66.0539 -97.0508 -51.0534 -98.0991 
-8 -243.246 -55 44 -70.3301 -101.2 -55.6317 -105.924 
-21 -244.415 -56 46 -66.2499 -97.6628 -52.2986 -101.466 
-19 -245.283 -56 47 -65.7562 -99.6987 -50.3619 -103.704 
-21 -242.597 -53 43 -66.5512 -94.4453 -48.9328 -94.3182 
-16 -243.195 -53 43 -71.4048 -97.3894 -47.9821 -93.4823 
-23 -241.369 -54 44 -68.1151 -97.971 -46.1895 -98.0495 
-8 -248.492 -54 43 -67.505 -98.4527 -49.5036 -98.5575 
-8 -246.044 -54 43 -70.269 -99.871 -50.2933 -99.7267 
-19 -242.445 -53 45 -66.7472 -95.0573 -50.178 -97.6856 
-14 -243.043 -53 45 -71.6008 -98.0014 -49.2274 -96.8497 
-16 -238.072 -54 44 -72.8709 -101.386 -52.9246 -101.923 
FEATURES_TXT_END_0
FEATURES_TXT_BEGIN_0 5 100 8 Distortion0_0 LM0_0 WordPenalty0_0 PhrasePenalty0_0 TranslationModel0_0 TranslationModel0_1 TranslationModel0_2 TranslationModel0_3 
-30 -246.38 -49 38 -61.777 -94.7998 -36.5027 -108.689 
-30 -252.027 -50 38 -57.9441 -91.5648 -35.8096 -107.642 
-30 -246.769 -50 38 -62.2747 -94.8714 -40.0291 -109.427 
-30 -242.362 -49 38 -64.8977 -97.2545 -39.3359 -111.273 
-30 -244.207 -50 38 -65.6246 -95.8531 -41.7231 -110.027 
-26 -249.204 -49 38 -61.777 -94.7998 -36.5027 -108.689 
-30 -247.219 -50 38 -62.3207 -94.7998 -39.9367 -108.689 
-30 -252.416 -51 38 -58.4417 -91.6365 -39.3359 -108.379 
-30 -248.009 -50 38 -61.0647 -94.0196 -38.6428 -110.225 
-30 -249.854 -51 38 -61.7916 -92.6182 -41.03 -108.979 
-26 -254.851 -50 38 -57.9441 -91.5648 -35.8096 -107.642 
-30 -252.866 -51 38 -58.4877 -91.5648 -39.2436 -107.642 
-26 -245.545 -49 38 -64.4277 -97.1829 -39.3359 -110.536 
-30 -245.164 -51 38 -63.3503 -98.0935 -40.6299 -114.403 
-30 -244.596 -51 38 -66.1222 -95.9247 -45.2495 -110.764 
-26 -251.192 -50 38 -60.5947 -93.948 -38.6428 -109.488 
-30 -240.189 -50 38 -68.7453 -98.3079 -44.5563 -112.611 
-30 -250.811 -52 38 -59.5173 -94.8586 -39.9367 -113.355 
-30 -250.76 -49 38 -59.9545 -90.6049 -35.4041 -106.868 
-30 -251.68 -50 39 -59.7737 -91.7595 -36.2196 -108.799 
-26 -247.031 -50 38 -65.6246 -95.8531 -41.7231 -110.027 
-22 -250.678 -47 37 -62.9318 -93.848 -34.0062 -103.333 
-30 -245.046 -51 38 -66.1682 -95.8531 -45.1571 -110.027 
-30 -250.243 -52 38 -62.2892 -92.6898 -44.5563 -109.717 
-26 -243.489 -50 38 -65.4573 -100.477 -40.0291 -116.249 
-30 -245.836 -51 38 -64.9123 -95.073 -43.8632 -111.563 
-26 -252.678 -51 38 -61.7916 -92.6182 -41.03 -108.979 
-22 -256.325 -48 37 -59.0988 -90.6131 -33.3131 -102.285 
-30 -250.693 -52 38 -62.3352 -92.6182 -44.4639 -108.979 
-26 -247.466 -50 38 -62.8067 -98.0935 -37.1959 -114.403 
-26 -249.137 -51 38 -61.6243 -97.2417 -39.3359 -115.201 
-30 -254.31 -51 39 -56.6826 -91.6398 -35.5264 -111.623 
-26 -243.372 -50 38 -68.2753 -98.2363 -44.5563 -111.873 
-30 -242.99 -52 38 -67.1978 -99.1469 -45.8502 -115.74 
-26 -253.113 -51 38 -58.9737 -94.8586 -36.5027 -113.355 
-30 -251.149 -50 38 -60.4521 -90.6765 -38.9305 -107.606 
-30 -252.069 -51 39 -60.2713 -91.8311 -39.7459 -109.536 
-30 -252.291 -50 39 -58.9162 -90.6165 -36.9127 -109.412 
-22 -251.067 -48 37 -63.4294 -93.9196 -37.5326 -104.071 
-30 -246.742 -49 38 -63.0752 -93.0596 -38.2373 -109.452 
-26 -249.019 -51 38 -64.4423 -95.0013 -43.8632 -110.825 
-30 -247.662 -50 39 -62.8943 -94.2143 -39.0528 -111.383 
-30 -248.637 -53 38 -63.3649 -95.912 -45.1571 -114.692 
-30 -248.586 -50 38 -63.8021 -91.6583 -40.6245 -108.206 
-22 -246.66 -47 37 -66.0525 -96.3028 -36.8394 -105.917 
-30 -249.506 -51 39 -63.6212 -92.8129 -41.4399 -110.136 
-26 -253.584 -49 38 -59.9545 -90.6049 -35.4041 -106.868 
-30 -251.599 -50 38 -60.4981 -90.6049 -38.8381 -106.868 
-26 -254.504 -50 39 -59.7737 -91.7595 -36.2196 -108.799 
-30 -252.519 -51 39 -60.3173 -91.7595 -39.6535 -108.799 
-22 -248.504 -48 37 -66.7794 -94.9014 -39.2266 -104.671 
-18 -253.502 -47 37 -62.9318 -93.848 -34.0062 -103.333 
-22 -251.517 -48 37 -63.4754 -93.848 -37.4402 -103.333 
-22 -256.714 -49 37 -59.5964 -90.6847 -36.8394 -103.023 
-26 -241.316 -51 38 -69.3049 -101.53 -45.2495 -117.586 
-30 -247.419 -48 38 -60.6746 -95.0024 -33.3247 -108.457 
-28 -245.438 -47 38 -64.5563 -95.4273 -34.8841 -105.556 
-30 -254.7 -52 39 -57.1802 -91.7114 -39.0528 -112.361 
-22 -252.307 -48 37 -62.2195 -93.0678 -36.1463 -104.869 
-22 -254.151 -49 37 -62.9464 -91.6665 -38.5334 -103.623 
-30 -249.845 -50 38 -60.8607 -94.7998 -37.1959 -108.689 
-18 -259.149 -48 37 -59.0988 -90.6131 -33.3131 -102.285 
-26 -245.293 -51 38 -66.6542 -99.1469 -42.4162 -115.74 
-30 -250.292 -51 39 -59.8033 -94.0945 -38.3596 -114.207 
-22 -257.164 -49 37 -59.6424 -90.6131 -36.747 -102.285 
-26 -246.963 -52 38 -65.4719 -98.2951 -44.5563 -116.538 
-30 -252.137 -52 39 -60.5302 -92.6931 -40.7468 -112.96 
-26 -257.134 -51 39 -56.6826 -91.6398 -35.5264 -111.623 
-30 -253.067 -49 38 -56.8416 -91.7675 -32.6315 -107.41 
-30 -255.15 -52 39 -57.2262 -91.6398 -38.9604 -111.623 
-28 -251.085 -48 38 -60.7234 -92.1924 -34.1909 -104.508 
-26 -249.925 -49 38 -62.6052 -92.988 -38.2373 -108.715 
-26 -250.845 -50 39 -62.4243 -94.1426 -39.0528 -110.645 
-30 -252.68 -51 39 -59.4138 -90.6881 -40.4391 -110.149 
-30 -249.543 -51 38 -61.5277 -93.8986 -39.5313 -112.582 
-30 -250.463 -52 39 -61.3469 -95.0533 -40.3467 -114.512 
-18 -249.843 -47 37 -65.5825 -96.2312 -36.8394 -105.18 
-30 -255.492 -51 38 -57.0278 -91.5648 -36.5027 -107.642 
-22 -249.461 -49 37 -64.505 -97.1418 -38.1333 -109.046 
-30 -244.707 -47 38 -64.9125 -94.683 -36.5027 -103.629 
-26 -250.94 -52 38 -62.8212 -95.912 -41.7231 -114.692 
-30 -248.273 -50 39 -62.0369 -93.0713 -39.7459 -111.996 
-30 -247.914 -49 38 -61.777 -94.7998 -36.5027 -108.689 
-30 -248.975 -51 38 -64.2997 -91.7299 -44.1508 -108.943 
-30 -249.895 -52 39 -64.1189 -92.8845 -44.9663 -110.874 
-18 -256.038 -47 37 -61.8675 -92.8899 -32.1221 -101.625 
-30 -250.118 -51 39 -62.7638 -91.6699 -42.1331 -110.749 
-32 -246.744 -49 38 -61.777 -94.7998 -36.5027 -108.689 
-26 -255.115 -50 39 -58.9162 -90.6165 -36.9127 -109.412 
-22 -248.893 -49 37 -67.277 -94.973 -42.7529 -105.408 
-30 -253.13 -51 39 -59.4598 -90.6165 -40.3467 -109.412 
-38 -244.144 -50 38 -61.1038 -94.0543 -39.0628 -110.109 
-30 -244.568 -50 38 -66.9228 -94.113 -43.4577 -110.79 
-30 -245.488 -51 39 -66.7419 -95.2676 -44.2731 -112.72 
-18 -255.49 -48 37 -61.7495 -92.9962 -36.1463 -104.132 
-34 -246.572 -50 38 -61.1038 -94.0543 -39.0628 -110.109 
-22 -244.486 -48 37 -69.9 -97.3561 -42.0598 -107.255 
-22 -255.108 -50 37 -60.6721 -93.9069 -37.4402 -107.999 
-30 -250.355 -48 38 -61.0795 -91.4481 -35.8096 -102.581 
-30 -247.809 -49 38 -61.1722 -95.074 -36.851 -109.195 
FEATURES_TXT_END_0
FEATURES_TXT_BEGIN_0 6 100 8 Distortion0_0 LM0_0 WordPenalty0_0 PhrasePenalty0_0 TranslationModel0_0 TranslationModel0_1 TranslationModel0_2 TranslationModel0_3 
-22 -200.839 -40 33 -59.634 -72.4541 -28.9159 -65.8916 
-22 -201.997 -40 33 -58.5503 -71.6091 -28.5794 -65.3252 
-30 -196.836 -40 33 -60.2898 -72.629 -25.8714 -66.2271 
-30 -197.994 -40 33 -59.2061 -71.7841 -25.5349 -65.6607 
-20 -201.164 -39 33 -59.2773 -72.4541 -26.7187 -65.8916 
-20 -202.322 -39 33 -58.1937 -71.6091 -26.3822 -65.3252 
-28 -197.16 -39 33 -59.9331 -72.629 -23.6741 -66.2271 
-28 -198.318 -39 33 -58.8494 -71.7841 -23.3377 -65.6607 
-22 -201.414 -41 33 -59.2207 -73.0666 -28.9159 -69.7236 
-22 -200.296 -40 33 -58.9922 -72.9174 -29.8322 -66.9902 
-22 -202.937 -40 33 -58.0983 -70.8234 -28.1274 -65.1075 
-22 -202.572 -41 33 -58.1371 -72.2216 -28.5794 -69.1572 
-30 -196.292 -40 33 -59.6479 -73.0924 -26.7877 -67.3257 
-30 -198.934 -40 33 -58.7541 -70.9984 -25.0829 -65.443 
-30 -195.737 -39 33 -59.6064 -72.4541 -25.3895 -65.8916 
-14 -202.65 -39 33 -63.6785 -73.2537 -29.9144 -63.2158 
-20 -201.739 -40 33 -58.8641 -73.0666 -26.7187 -69.7236 
-20 -200.62 -39 33 -58.6355 -72.9174 -27.635 -66.9902 
-30 -196.895 -39 33 -58.5227 -71.6091 -25.0531 -65.3252 
-20 -203.262 -39 33 -57.7417 -70.8234 -25.9302 -65.1075 
-20 -202.897 -40 33 -57.7804 -72.2216 -26.3822 -69.1572 
-22 -198.646 -39 33 -64.3343 -73.4287 -26.8699 -63.5513 
-28 -196.617 -39 33 -59.2913 -73.0924 -24.5904 -67.3257 
-28 -199.258 -39 33 -58.3975 -70.9984 -22.8857 -65.443 
-22 -200.871 -41 33 -58.5789 -73.53 -29.8322 -70.8222 
-28 -196.062 -38 33 -59.2497 -72.4541 -23.1923 -65.8916 
-14 -206.596 -40 33 -58.9357 -71.3776 -29.5779 -65.5616 
-12 -202.974 -38 33 -63.3219 -73.2537 -27.7172 -63.2158 
-22 -203.512 -41 33 -57.6851 -71.4359 -28.1274 -68.9395 
-28 -197.22 -38 33 -58.166 -71.6091 -22.8558 -65.3252 
-22 -202.592 -40 33 -59.5915 -71.5526 -26.5334 -65.8971 
-20 -198.971 -38 33 -63.9776 -73.4287 -24.6727 -63.5513 
-18 -204.813 -40 33 -58.5503 -71.6091 -28.5794 -65.3252 
-34 -189.617 -40 33 -63.4468 -76.0522 -28.8869 -69.6886 
-14 -203.225 -40 33 -63.2653 -73.8662 -29.9144 -67.0478 
-30 -195.194 -39 33 -58.9646 -72.9174 -26.3058 -66.9902 
-18 -201.002 -39 33 -63.2931 -73.4852 -28.9159 -62.9794 
-34 -190.775 -40 33 -62.3631 -75.2073 -28.5504 -69.1222 
-30 -197.835 -39 33 -58.0707 -70.8234 -24.6011 -65.1075 
-20 -201.195 -40 33 -58.2222 -73.53 -27.635 -70.8222 
-12 -206.92 -39 33 -58.5791 -71.3776 -27.3807 -65.5616 
-26 -200.809 -40 33 -59.2061 -71.7841 -25.5349 -65.6607 
-20 -203.837 -40 33 -57.3284 -71.4359 -25.9302 -68.9395 
-26 -196.999 -39 33 -63.9489 -73.6601 -25.8714 -63.3149 
-20 -202.917 -39 33 -59.2349 -71.5526 -24.3362 -65.8971 
-16 -205.137 -39 33 -58.1937 -71.6091 -26.3822 -65.3252 
-32 -189.942 -39 33 -63.0902 -76.0522 -26.6897 -69.6886 
-22 -197.548 -38 33 -63.6509 -73.2537 -26.3881 -63.2158 
-14 -207.171 -41 33 -58.5225 -71.9902 -29.5779 -69.3936 
-12 -203.549 -39 33 -62.9086 -73.8662 -27.7172 -67.0478 
-28 -195.518 -38 33 -58.6079 -72.9174 -24.1086 -66.9902 
-16 -201.327 -38 33 -62.9364 -73.4852 -26.7187 -62.9794 
-32 -191.1 -39 33 -62.0065 -75.2073 -26.3532 -69.1222 
-28 -198.16 -38 33 -57.7141 -70.8234 -22.4038 -65.1075 
-24 -201.134 -39 33 -58.8494 -71.7841 -23.3377 -65.6607 
-24 -197.323 -38 33 -63.5922 -73.6601 -23.6741 -63.3149 
-18 -205.388 -41 33 -58.1371 -72.2216 -28.5794 -69.1572 
-18 -204.453 -40 33 -58.9357 -71.3776 -29.5779 -65.5616 
-26 -193.719 -38 33 -61.6859 -75.5054 -25.3895 -67.7108 
-34 -189.074 -40 33 -62.805 -76.5156 -29.8032 -70.7872 
-34 -191.715 -40 33 -61.9112 -74.4216 -28.0984 -68.9044 
-25 -199.694 -40 33 -59.634 -72.4541 -28.9159 -65.8916 
-22 -201.494 -39 33 -58.9081 -71.3776 -26.0516 -65.5616 
-20 -197.872 -37 33 -63.2942 -73.2537 -24.1908 -63.2158 
-18 -201.577 -40 33 -62.8798 -74.0977 -28.9159 -66.8114 
-26 -194.877 -38 33 -60.6022 -74.6605 -25.0531 -67.1444 
-12 -207.495 -40 33 -58.1658 -71.9902 -27.3807 -69.3936 
-18 -200.643 -39 33 -63.6785 -73.2537 -29.9144 -63.2158 
-25 -200.852 -40 33 -58.5503 -71.6091 -28.5794 -65.3252 
-26 -200.449 -40 33 -59.5915 -71.5526 -26.5334 -65.8971 
-34 -189.716 -38 33 -62.3416 -75.6804 -22.345 -68.0463 
-33 -195.69 -40 33 -60.2898 -72.629 -25.8714 -66.2271 
-34 -190.874 -38 33 -61.2579 -74.8355 -22.0085 -67.4799 
-26 -196.639 -39 33 -64.3343 -73.4287 -26.8699 -63.5513 
-26 -199.711 -39 33 -58.5227 -71.6091 -25.0531 -65.3252 
-33 -196.848 -40 33 -59.2061 -71.7841 -25.5349 -65.6607 
-26 -191.428 -39 33 -67.4913 -76.8519 -29.8854 -67.0127 
-16 -205.712 -40 33 -57.7804 -72.2216 -26.3822 -69.1572 
-16 -204.777 -39 33 -58.5791 -71.3776 -27.3807 -65.5616 
-32 -189.398 -39 33 -62.4483 -76.5156 -27.606 -70.7872 
-26 -195.9 -38 33 -63.2655 -73.4852 -25.3895 -62.9794 
-32 -192.04 -39 33 -61.5545 -74.4216 -25.9012 -68.9044 
-23 -200.018 -39 33 -59.2773 -72.4541 -26.7187 -65.8916 
-20 -201.818 -38 33 -58.5515 -71.3776 -23.8544 -65.5616 
-16 -201.902 -39 33 -62.5232 -74.0977 -26.7187 -66.8114 
-16 -200.967 -38 33 -63.3219 -73.2537 -27.7172 -63.2158 
-22 -200.638 -39 33 -59.2773 -72.4541 -26.7187 -65.8916 
-23 -201.176 -39 33 -58.1937 -71.6091 -26.3822 -65.3252 
-24 -200.774 -39 33 -59.2349 -71.5526 -24.3362 -65.8971 
-18 -203.061 -39 33 -59.2773 -72.4541 -26.7187 -65.8916 
-22 -201.796 -39 33 -58.1937 -71.6091 -26.3822 -65.3252 
-31 -196.015 -39 33 -59.9331 -72.629 -23.6741 -66.2271 
-24 -196.963 -38 33 -63.9776 -73.4287 -24.6727 -63.5513 
-24 -200.035 -38 33 -58.166 -71.6091 -22.8558 -65.3252 
-30 -196.634 -39 33 -59.9331 -72.629 -23.6741 -66.2271 
-18 -205.028 -41 33 -58.5225 -71.9902 -29.5779 -69.3936 
-18 -204.219 -39 33 -58.1937 -71.6091 -26.3822 -65.3252 
-26 -194.294 -39 33 -61.2726 -76.118 -25.3895 -71.5427 
-31 -197.173 -39 33 -58.8494 -71.7841 -23.3377 -65.6607 
-26 -195.374 -40 33 -62.7486 -74.9758 -29.549 -69.3586 
FEATURES_TXT_END_0
FEATURES_TXT_BEGIN_0 7 100 8 Distortion0_0 LM0_0 WordPenalty0_0 PhrasePenalty0_0 TranslationModel0_0 TranslationModel0_1 TranslationModel0_2 TranslationModel0_3 
-33 -234.689 -59 51 -94.611 -108.686 -62.4768 -117.624 
-29 -233.669 -59 51 -98.0503 -112.658 -61.3782 -120.1 
-33 -233.206 -59 51 -96.2748 -107.798 -63.6953 -119.659 
-33 -235.163 -59 50 -93.1134 -107.869 -62.3349 -118.305 
-33 -236.106 -59 51 -91.0104 -108.801 -59.3198 -121.226 
-29 -232.185 -59 51 -99.7142 -111.771 -62.5967 -122.136 
-29 -234.142 -59 50 -96.5528 -111.841 -61.2363 -120.782 
-33 -233.679 -59 50 -94.7773 -106.981 -63.5534 -120.341 
-29 -235.086 -59 51 -94.4498 -112.773 -58.2212 -123.703 
-33 -234.623 -59 51 -92.6743 -107.913 -60.5383 -123.262 
-33 -236.58 -59 50 -89.5128 -107.984 -59.1779 -121.908 
-33 -236.84 -60 52 -93.2892 -107.018 -64.2829 -120.388 
-29 -232.659 -59 50 -98.2166 -110.954 -62.4548 -122.818 
-29 -233.602 -59 51 -96.1136 -111.886 -59.4397 -125.738 
-29 -235.73 -58 51 -95.5273 -108.686 -61.0905 -117.624 
-29 -235.559 -59 50 -92.9522 -111.956 -58.0793 -124.384 
-33 -236.963 -60 51 -93.6947 -108.686 -63.8631 -117.624 
-29 -235.82 -60 52 -96.7286 -110.991 -63.1842 -122.865 
-33 -235.096 -59 50 -91.1767 -107.096 -60.3964 -123.944 
-33 -237.313 -60 51 -91.7917 -106.201 -64.1409 -121.07 
-25 -234.71 -58 51 -98.9666 -112.658 -59.9919 -120.1 
-29 -235.942 -60 51 -97.1341 -112.658 -62.7645 -120.1 
-29 -234.247 -58 51 -97.1911 -107.798 -62.309 -119.659 
-33 -238.257 -60 52 -89.6887 -107.133 -61.1259 -123.99 
-29 -234.076 -59 50 -94.616 -111.069 -59.2978 -126.42 
-33 -235.479 -60 51 -95.3586 -107.798 -65.0816 -119.659 
-23 -240.874 -59 51 -93.2321 -107.802 -62.1891 -121.226 
-39 -231.701 -59 51 -94.611 -108.686 -62.4768 -117.624 
-29 -236.204 -58 50 -94.0297 -107.869 -60.9486 -118.305 
-33 -237.436 -60 50 -92.1971 -107.869 -63.7212 -118.305 
-33 -239.557 -59 51 -90.1586 -104.944 -60.8674 -116.856 
-29 -236.293 -60 51 -95.231 -110.174 -63.0423 -123.546 
-29 -237.147 -58 51 -91.9267 -108.801 -57.9335 -121.226 
-33 -238.38 -60 51 -90.0941 -108.801 -60.7061 -121.226 
-25 -233.226 -58 51 -100.63 -111.771 -61.2104 -122.136 
-29 -237.237 -60 52 -93.128 -111.106 -60.0273 -126.467 
-29 -238.895 -60 51 -93.6696 -108.524 -63.6295 -119.773 
-29 -234.458 -60 51 -98.7979 -111.771 -63.983 -122.136 
-33 -238.225 -61 52 -93.021 -107.018 -66.8478 -120.388 
-19 -239.854 -59 51 -96.6715 -111.775 -61.0905 -123.703 
-23 -241.406 -59 51 -92.2408 -108.801 -61.0905 -121.226 
-35 -230.68 -59 51 -98.0503 -112.658 -61.3782 -120.1 
-25 -235.183 -58 50 -97.4691 -111.841 -59.85 -120.782 
-23 -245.112 -60 51 -88.2546 -107.711 -59.0321 -124.136 
-29 -236.415 -60 50 -95.6365 -111.841 -62.6226 -120.782 
-23 -239.391 -59 51 -94.896 -106.915 -63.4076 -123.262 
-39 -230.217 -59 51 -96.2748 -107.798 -63.6953 -119.659 
-33 -236.209 -59 51 -90.5965 -108.302 -60.4184 -122.142 
-29 -234.72 -58 50 -95.6936 -106.981 -62.1671 -120.341 
-33 -238.73 -60 51 -88.1911 -106.316 -60.9839 -124.672 
-25 -236.127 -58 51 -95.3661 -112.773 -56.8349 -123.703 
-33 -235.952 -60 50 -93.861 -106.981 -64.9397 -120.341 
-23 -240.847 -58 51 -91.9267 -108.801 -57.9335 -121.226 
-29 -237.359 -60 51 -93.5335 -112.773 -59.6075 -123.703 
-29 -235.041 -58 51 -96.2204 -108.484 -62.4768 -118.252 
-33 -238.073 -59 51 -91.8224 -104.057 -62.0859 -118.892 
-23 -241.348 -59 50 -91.7345 -106.985 -62.0472 -121.908 
-39 -232.174 -59 50 -93.1134 -107.869 -62.3349 -118.305 
-25 -237.874 -60 51 -97.1089 -112.497 -62.5309 -122.25 
-29 -237.204 -61 52 -96.4603 -110.991 -65.7492 -122.865 
-29 -235.664 -58 51 -93.5906 -107.913 -59.152 -123.262 
-33 -236.896 -60 51 -91.758 -107.913 -61.9246 -123.262 
-41 -228.3 -59 50 -100.141 -112.446 -61.4372 -114.331 
-19 -240.386 -59 51 -95.6801 -112.773 -59.9919 -123.703 
-23 -240.063 -59 51 -93.9253 -107.6 -63.5754 -121.855 
-33 -240.03 -59 50 -88.661 -104.127 -60.7255 -117.538 
-33 -234.64 -60 52 -95.9065 -109.151 -65.7133 -120.767 
-19 -244.091 -60 51 -91.694 -111.684 -57.9335 -126.612 
-39 -233.118 -59 51 -91.0104 -108.801 -59.3198 -121.226 
-29 -237.411 -60 51 -95.3334 -107.637 -64.848 -121.809 
-29 -237.621 -58 50 -90.4291 -107.984 -57.7916 -121.908 
-33 -238.853 -60 50 -88.5966 -107.984 -60.5642 -121.908 
-19 -238.37 -59 51 -98.3353 -110.888 -62.309 -125.738 
-23 -239.923 -59 51 -93.9046 -107.913 -62.309 -123.262 
-29 -237.881 -59 52 -94.2055 -107.018 -62.8966 -120.388 
-35 -229.197 -59 51 -99.7142 -111.771 -62.5967 -122.136 
-29 -235.189 -59 51 -94.0358 -112.274 -59.3198 -124.619 
-33 -240.974 -59 51 -86.558 -105.059 -57.7104 -120.459 
-25 -233.699 -58 50 -99.1329 -110.954 -61.0685 -122.818 
-29 -237.71 -60 51 -91.6304 -110.289 -59.8853 -127.149 
-33 -239.113 -61 52 -92.373 -107.018 -65.6692 -120.388 
-23 -243.628 -60 51 -89.9185 -106.824 -60.2506 -126.171 
-29 -239.368 -60 50 -92.172 -107.707 -63.4876 -120.455 
-29 -234.932 -60 50 -97.3003 -110.954 -63.8411 -122.818 
-19 -239.826 -58 51 -95.3661 -112.773 -56.8349 -123.703 
-33 -238.698 -61 51 -91.5234 -106.201 -66.7059 -121.07 
-25 -234.02 -58 51 -99.6598 -112.456 -61.3782 -120.729 
-19 -240.327 -59 50 -95.1739 -110.958 -60.9486 -124.384 
-23 -241.88 -59 50 -90.7432 -107.984 -60.9486 -121.908 
-35 -231.154 -59 50 -96.5528 -111.841 -61.2363 -120.782 
-33 -234.726 -59 51 -92.2603 -107.414 -61.6369 -124.178 
-23 -241.706 -58 51 -95.1039 -105.126 -62.1891 -115.631 
-25 -234.643 -58 51 -97.0299 -111.886 -58.0534 -125.738 
-23 -245.585 -60 50 -86.7571 -106.894 -58.8902 -124.817 
-23 -239.363 -58 51 -93.5906 -107.913 -59.152 -123.262 
-29 -240.312 -60 51 -90.069 -108.639 -60.4725 -123.375 
-29 -235.875 -60 51 -95.1973 -111.886 -60.826 -125.738 
-33 -239.642 -61 52 -89.4204 -107.133 -63.6908 -123.99 
-37 -227.28 -59 50 -103.58 -116.419 -60.3385 -116.807 
-19 -239.043 -59 51 -97.3646 -111.573 -62.4768 -124.331 
FEATURES_TXT_END_0
FEATURES_TXT_BEGIN_0 8 100 8 Distortion0_0 LM0_0 WordPenalty0_0 PhrasePenalty0_0 TranslationModel0_0 TranslationModel0_1 TranslationModel0_2 TranslationModel0_3 
-47 -272.973 -61 51 -64.7954 -103.795 -41.1448 -123.646 
-47 -273.224 -61 51 -64.3 -102.606 -41.9557 -123.918 
-47 -271.866 -60 51 -65.4885 -103.151 -41.1448 -121.614 
-47 -272.117 -60 51 -64.9932 -101.962 -41.9557 -121.886 
-47 -274.247 -61 50 -62.3187 -103.08 -40.247 -124.026 
-50 -271.45 -61 51 -64.7954 -103.795 -41.1448 -123.646 
-50 -271.701 -61 51 -64.3 -102.606 -41.9557 -123.918 
-47 -273.139 -60 50 -63.0119 -102.436 -40.247 -121.993 
-47 -272.015 -60 51 -63.6802 -101.789 -41.607 -124.6 
-50 -270.342 -60 51 -65.4885 -103.151 -41.1448 -121.614 
-50 -270.593 -60 51 -64.9932 -101.962 -41.9557 -121.886 
-53 -268.352 -61 51 -66.5871 -104.925 -41.8379 -123.646 
-43 -275.503 -61 50 -64.368 -102.292 -44.2502 -122.218 
-53 -268.603 -61 51 -66.0918 -103.737 -42.6488 -123.918 
-43 -275.753 -61 50 -63.8726 -101.103 -45.0611 -122.49 
-47 -270.907 -59 51 -64.3733 -101.145 -41.607 -122.567 
-50 -272.723 -61 50 -62.3187 -103.08 -40.247 -124.026 
-57 -266.021 -63 52 -69.3219 -105.994 -45.8523 -126.866 
-57 -266.271 -63 52 -68.8266 -104.805 -46.6633 -127.138 
-53 -267.245 -60 51 -67.2803 -104.281 -41.8379 -121.614 
-43 -274.395 -60 50 -65.0611 -101.647 -44.2502 -120.185 
-53 -267.495 -60 51 -66.785 -103.092 -42.6488 -121.886 
-43 -274.646 -60 50 -64.5658 -100.459 -45.0611 -120.457 
-50 -271.616 -60 50 -63.0119 -102.436 -40.247 -121.993 
-57 -264.913 -62 52 -70.015 -105.349 -45.8523 -124.834 
-53 -269.625 -61 50 -64.1105 -104.211 -40.9402 -124.026 
-43 -276.776 -61 49 -61.8913 -101.577 -43.3525 -122.597 
-57 -265.164 -62 52 -69.5197 -104.161 -46.6633 -125.105 
-53 -273.386 -63 52 -63.8131 -101.221 -45.1592 -125.735 
-50 -270.491 -60 51 -63.6802 -101.789 -41.607 -124.6 
-47 -272.023 -61 51 -66.7206 -105.6 -41.1448 -123.89 
-53 -273.637 -63 52 -63.3178 -100.033 -45.9701 -126.007 
-47 -271.874 -60 51 -65.4549 -103.795 -39.8455 -123.646 
-47 -272.274 -61 51 -66.2253 -104.412 -41.9557 -124.162 
-47 -274.054 -61 51 -63.0206 -101.789 -42.9063 -124.6 
-47 -273.842 -61 51 -63.516 -102.978 -42.0954 -124.328 
-57 -267.294 -63 51 -66.8452 -105.279 -44.9546 -127.246 
-56 -266.828 -61 51 -66.5871 -104.925 -41.8379 -123.646 
-46 -273.979 -61 50 -64.368 -102.292 -44.2502 -122.218 
-56 -267.079 -61 51 -66.0918 -103.737 -42.6488 -123.918 
-53 -268.518 -60 50 -64.8036 -103.566 -40.9402 -121.993 
-46 -274.23 -61 50 -63.8726 -101.103 -45.0611 -122.49 
-43 -275.668 -60 49 -62.5845 -100.933 -43.3525 -120.565 
-53 -272.278 -62 52 -64.5062 -100.577 -45.1592 -123.703 
-50 -269.384 -59 51 -64.3733 -101.145 -41.607 -122.567 
-47 -270.916 -60 51 -67.4138 -104.956 -41.1448 -121.857 
-53 -272.529 -62 52 -64.0109 -99.3883 -45.9701 -123.975 
-47 -270.767 -59 51 -66.148 -103.151 -39.8455 -121.614 
-47 -271.167 -60 51 -66.9185 -103.767 -41.9557 -122.129 
-47 -272.947 -60 51 -63.7138 -101.145 -42.9063 -122.567 
-57 -269.917 -63 52 -63.9466 -103.694 -44.466 -126.866 
-47 -272.734 -60 51 -64.2091 -102.334 -42.0954 -122.296 
-53 -267.393 -60 51 -65.4719 -102.919 -42.3002 -124.6 
-60 -264.497 -63 52 -69.3219 -105.994 -45.8523 -126.866 
-43 -274.544 -60 50 -63.2528 -100.286 -44.7125 -123.171 
-57 -270.168 -63 52 -63.4513 -102.505 -45.277 -127.138 
-60 -264.748 -63 52 -68.8266 -104.805 -46.6633 -127.138 
-57 -266.186 -62 51 -67.5384 -104.635 -44.9546 -125.213 
-56 -265.721 -60 51 -67.2803 -104.281 -41.8379 -121.614 
-46 -272.871 -60 50 -65.0611 -101.647 -44.2502 -120.185 
-56 -265.972 -60 51 -66.785 -103.092 -42.6488 -121.886 
-46 -273.122 -60 50 -64.5658 -100.459 -45.0611 -120.457 
-53 -274.659 -63 51 -61.3364 -100.507 -44.2615 -126.115 
-47 -273.297 -61 50 -64.244 -104.886 -40.247 -124.269 
-37 -273.266 -58 50 -71.1135 -104.348 -41.3858 -116.913 
-47 -271.47 -61 51 -67.1253 -106.794 -41.5261 -123.824 
-49 -270.881 -61 50 -66.1597 -103.422 -44.9434 -122.218 
-37 -273.517 -58 50 -70.6181 -103.159 -42.1967 -117.185 
-47 -271.72 -61 51 -66.63 -105.605 -42.3371 -124.096 
-49 -271.132 -61 50 -65.6644 -102.233 -45.7543 -122.49 
-57 -265.062 -62 52 -68.2067 -103.988 -46.3146 -127.82 
-57 -268.81 -62 52 -64.6398 -103.049 -44.466 -124.834 
-53 -266.286 -59 51 -66.1651 -102.275 -42.3002 -122.567 
-60 -263.389 -62 52 -70.015 -105.349 -45.8523 -124.834 
-43 -273.436 -59 50 -63.9459 -99.6415 -44.7125 -121.139 
-57 -269.061 -62 52 -64.1444 -101.861 -45.277 -125.105 
-56 -268.102 -61 50 -64.1105 -104.211 -40.9402 -124.026 
-46 -275.252 -61 49 -61.8913 -101.577 -43.3525 -122.597 
-60 -263.64 -62 52 -69.5197 -104.161 -46.6633 -125.105 
-56 -271.862 -63 52 -63.8131 -101.221 -45.1592 -125.735 
-50 -270.5 -61 51 -66.7206 -105.6 -41.1448 -123.89 
-56 -272.113 -63 52 -63.3178 -100.033 -45.9701 -126.007 
-53 -273.552 -62 51 -62.0296 -99.8623 -44.2615 -124.082 
-50 -270.35 -60 51 -65.4549 -103.795 -39.8455 -123.646 
-37 -279.898 -61 51 -64.7954 -103.795 -41.1448 -123.646 
-47 -274.477 -62 51 -64.823 -103.795 -44.6711 -123.646 
-37 -274.55 -61 51 -68.9268 -107.672 -44.3228 -125.833 
-50 -270.75 -61 51 -66.2253 -104.412 -41.9557 -124.162 
-47 -272.189 -60 50 -64.9371 -104.241 -40.247 -122.237 
-50 -272.53 -61 51 -63.0206 -101.789 -42.9063 -124.6 
-37 -280.149 -61 51 -64.3 -102.606 -41.9557 -123.918 
-47 -274.728 -62 51 -64.3277 -102.606 -45.482 -123.918 
-53 -268.55 -63 51 -68.8945 -104.49 -48.9578 -125.438 
-37 -274.801 -61 51 -68.4315 -106.483 -45.1337 -126.105 
-37 -272.159 -57 50 -71.8066 -103.704 -41.3858 -114.881 
-53 -268.8 -63 51 -68.3992 -103.302 -49.7687 -125.709 
-47 -270.362 -60 51 -67.8185 -106.149 -41.5261 -121.792 
-49 -269.774 -60 50 -66.8529 -102.778 -44.9434 -120.185 
-37 -272.409 -57 50 -71.3113 -102.515 -42.1967 -115.153 
-50 -272.318 -61 51 -63.516 -102.978 -42.0954 -124.328 
FEATURES_TXT_END_0
FEATURES_TXT_BEGIN_0 9 100 8 Distortion0_0 LM0_0 WordPenalty0_0 PhrasePenalty0_0 TranslationModel0_0 TranslationModel0_1 TranslationModel0_2 TranslationModel0_3 
-20 -176.654 -37 31 -39.6642 -53.8534 -32.481 -71.501 
-14 -180.363 -37 31 -39.6642 -53.8534 -32.481 -71.501 
-16 -178.083 -36 30 -41.2034 -54.8474 -29.7553 -68.5806 
-20 -175.975 -36 30 -38.5168 -53.8534 -30.2089 -71.501 
-25 -175.222 -36 30 -36.8514 -52.9844 -28.7261 -70.0952 
-14 -179.685 -36 30 -38.5168 -53.8534 -30.2089 -71.501 
-16 -177.404 -35 29 -40.0559 -54.8474 -27.4832 -68.5806 
-19 -178.931 -36 30 -36.8514 -52.9844 -28.7261 -70.0952 
-20 -176.627 -36 31 -39.6366 -53.8534 -28.9547 -71.501 
-20 -175.525 -37 31 -39.7244 -54.763 -34.4194 -72.8003 
-16 -177.096 -36 30 -44.0937 -55.6705 -30.1608 -67.9745 
-21 -176.651 -35 29 -38.3906 -53.9784 -26.0004 -67.1748 
-14 -180.336 -36 31 -39.6366 -53.8534 -28.9547 -71.501 
-14 -179.234 -37 31 -39.7244 -54.763 -34.4194 -72.8003 
-20 -174.169 -36 31 -43.2805 -54.7745 -31.7879 -70.5681 
-16 -178.056 -35 30 -41.1757 -54.8474 -26.229 -68.5806 
-16 -176.954 -36 30 -41.2635 -55.757 -31.6937 -69.8799 
-14 -177.879 -36 31 -43.2805 -54.7745 -31.7879 -70.5681 
-16 -178.82 -35 30 -41.2214 -53.5709 -27.4528 -66.9712 
-16 -175.599 -35 30 -44.8197 -55.7685 -29.0622 -67.6477 
-24 -174.723 -36 31 -39.0344 -52.4818 -30.9124 -71.0855 
-20 -174.847 -36 30 -38.577 -54.763 -32.1472 -72.8003 
-24 -174.451 -37 31 -41.5013 -53.8534 -32.5218 -71.501 
-16 -176.417 -35 29 -42.9463 -55.6705 -27.8887 -67.9745 
-10 -182.53 -35 30 -41.2214 -53.5709 -27.4528 -66.9712 
-20 -176.409 -37 31 -41.9976 -53.4692 -34.0259 -71.0398 
-18 -178.432 -36 31 -39.0344 -52.4818 -30.9124 -71.0855 
-25 -174.094 -36 30 -36.9116 -53.894 -30.6644 -71.3944 
-14 -178.556 -36 30 -38.577 -54.763 -32.1472 -72.8003 
-21 -175.664 -35 29 -41.2809 -54.8016 -26.4059 -66.5687 
-20 -173.491 -35 30 -42.1331 -54.7745 -29.5157 -70.5681 
-18 -178.16 -37 31 -41.5013 -53.8534 -32.5218 -71.501 
-20 -176.152 -35 30 -40.5736 -53.4758 -28.1867 -68.1651 
-20 -179.887 -37 31 -37.9988 -52.9844 -30.9982 -70.0952 
-14 -180.118 -37 31 -41.9976 -53.4692 -34.0259 -71.0398 
-16 -176.276 -35 29 -40.1161 -55.757 -29.4216 -69.8799 
-20 -173.777 -37 31 -40.9147 -57.9891 -31.2001 -77.319 
-19 -177.803 -36 30 -36.9116 -53.894 -30.6644 -71.3944 
-20 -175.499 -36 31 -39.6968 -54.763 -30.893 -72.8003 
-25 -172.738 -35 30 -40.4678 -53.9056 -28.0329 -69.1623 
-20 -175.88 -36 30 -43.0404 -54.8474 -29.7962 -68.5806 
-20 -175.225 -38 31 -40.627 -57.9891 -32.9918 -77.319 
-14 -177.2 -35 30 -42.1331 -54.7745 -29.5157 -70.5681 
-16 -177.838 -36 30 -43.5367 -54.4633 -31.3002 -68.1195 
-16 -177.069 -35 30 -44.0661 -55.6705 -26.6344 -67.9745 
-16 -175.967 -36 30 -44.1539 -56.5801 -32.0992 -69.2738 
-14 -180.989 -38 32 -40.0165 -55.2393 -35.6011 -73.7116 
-21 -175.523 -35 29 -38.4507 -54.888 -27.9387 -68.4741 
-14 -183.596 -37 31 -37.9988 -52.9844 -30.9982 -70.0952 
-16 -178.142 -34 29 -40.074 -53.5709 -25.1806 -66.9712 
-14 -179.208 -36 31 -39.6968 -54.763 -30.893 -72.8003 
-16 -174.92 -34 29 -43.6723 -55.7685 -26.7901 -67.6477 
-19 -176.447 -35 30 -40.4678 -53.9056 -28.0329 -69.1623 
-24 -174.044 -35 30 -37.887 -52.4818 -28.6403 -71.0855 
-20 -174.143 -35 31 -43.2529 -54.7745 -28.2615 -70.5681 
-20 -173.041 -36 31 -43.3407 -55.6841 -33.7262 -71.8674 
-16 -181.316 -36 30 -39.538 -53.9784 -28.2725 -67.1748 
-16 -174.611 -35 30 -47.71 -56.5917 -29.4677 -67.0416 
-21 -177.389 -34 29 -38.4086 -52.702 -23.6978 -65.5654 
-16 -176.928 -35 30 -41.2359 -55.757 -28.1673 -69.8799 
-21 -174.167 -34 29 -42.0069 -54.8996 -25.3072 -66.2419 
-24 -173.773 -36 30 -40.3539 -53.8534 -30.2497 -71.501 
-29 -173.291 -35 30 -36.2216 -51.6128 -27.1574 -69.6796 
-10 -181.851 -34 29 -40.074 -53.5709 -25.1806 -66.9712 
-20 -175.731 -36 30 -40.8502 -53.4692 -31.7538 -71.0398 
-18 -177.754 -35 30 -37.887 -52.4818 -28.6403 -71.0855 
-14 -177.852 -35 31 -43.2529 -54.7745 -28.2615 -70.5681 
-14 -176.75 -36 31 -43.3407 -55.6841 -33.7262 -71.8674 
-28 -172.48 -37 31 -41.5013 -53.8534 -32.5218 -71.501 
-29 -173.019 -36 30 -38.6885 -52.9844 -28.7669 -70.0952 
-15 -181.098 -34 29 -38.4086 -52.702 -23.6978 -65.5654 
-25 -174.977 -36 30 -39.1848 -52.6003 -30.271 -69.634 
-16 -178.794 -34 30 -41.1938 -53.5709 -23.9264 -66.9712 
-16 -177.692 -35 30 -41.2815 -54.4805 -29.3911 -68.2705 
-18 -177.482 -36 30 -40.3539 -53.8534 -30.2497 -71.501 
-20 -175.473 -34 29 -39.4261 -53.4758 -25.9146 -68.1651 
-23 -177 -35 30 -36.2216 -51.6128 -27.1574 -69.6796 
-16 -175.572 -34 30 -44.792 -55.7685 -25.5358 -67.6477 
-20 -179.209 -36 30 -36.8514 -52.9844 -28.7261 -70.0952 
-16 -174.47 -35 30 -44.8798 -56.6781 -31.0006 -68.947 
-24 -174.696 -35 31 -39.0068 -52.4818 -27.386 -71.0855 
-14 -179.44 -36 30 -40.8502 -53.4692 -31.7538 -71.0398 
-20 -173.098 -36 30 -39.7673 -57.9891 -28.928 -77.319 
-20 -175.165 -35 30 -43.4639 -54.299 -28.5922 -67.559 
-20 -175.202 -35 29 -41.893 -54.8474 -27.524 -68.5806 
-22 -176.19 -37 31 -41.5013 -53.8534 -32.5218 -71.501 
-23 -176.729 -36 30 -38.6885 -52.9844 -28.7669 -70.0952 
-25 -174.72 -34 29 -37.7608 -52.6069 -24.4318 -66.7593 
-20 -174.547 -37 30 -39.4796 -57.9891 -30.7197 -77.319 
-24 -174.424 -36 31 -41.4737 -53.8534 -28.9955 -71.501 
-16 -177.16 -35 29 -42.3893 -54.4633 -29.0281 -68.1195 
-19 -178.687 -36 30 -39.1848 -52.6003 -30.271 -69.634 
-16 -175.289 -35 29 -43.0065 -56.5801 -29.827 -69.2738 
-10 -182.503 -34 30 -41.1938 -53.5709 -23.9264 -66.9712 
-14 -180.311 -37 31 -38.8691 -55.2393 -33.329 -73.7116 
-10 -181.401 -35 30 -41.2815 -54.4805 -29.3911 -68.2705 
-20 -176.382 -36 31 -41.97 -53.4692 -30.4996 -71.0398 
-20 -175.28 -37 31 -42.0578 -54.3788 -35.9643 -72.3391 
-25 -172.345 -36 30 -38.1019 -57.1201 -27.4451 -75.9131 
-14 -182.918 -36 30 -36.8514 -52.9844 -28.7261 -70.0952 
FEATURES_TXT_END_0
FEATURES_TXT_BEGIN_0 10 100 8 Distortion0_0 LM0_0 WordPenalty0_0 PhrasePenalty0_0 TranslationModel0_0 TranslationModel0_1 TranslationModel0_2 TranslationModel0_3 
0 -101.733 -21 18 -17.3645 -34.4355 -11.7246 -30.3601 
0 -101.577 -20 18 -17.2185 -34.4355 -8.13183 -30.3601 
-6 -95.5224 -21 18 -19.7897 -36.913 -12.4957 -32.2611 
0 -103.202 -21 17 -15.5615 -35.5172 -9.4363 -30.4973 
0 -103.524 -22 18 -17.4403 -34.4355 -14.3538 -30.3601 
0 -103.302 -21 18 -17.2687 -35.0729 -10.2582 -29.5463 
0 -103.046 -20 17 -15.4156 -35.5172 -5.84356 -30.4973 
-6 -96.9913 -21 17 -17.9867 -37.9946 -10.2074 -32.3983 
0 -103.368 -21 18 -17.2943 -34.4355 -10.7611 -30.3601 
0 -103.147 -20 18 -17.1228 -35.0729 -6.6655 -29.5463 
-6 -97.0916 -21 18 -19.6939 -37.5503 -11.0294 -31.4473 
0 -103.378 -21 18 -16.0851 -33.6185 -12.6752 -31.0419 
0 -104.81 -22 18 -17.3445 -35.0729 -12.8875 -29.5463 
-10 -97.4014 -21 18 -17.7159 -35.9496 -9.87875 -29.9806 
0 -103.517 -21 17 -16.9419 -35.9496 -9.47284 -29.9806 
0 -104.992 -22 17 -15.6373 -35.5172 -12.0656 -30.4973 
-6 -97.2473 -22 18 -19.9357 -36.913 -16.0884 -32.2611 
0 -101.555 -21 18 -19.3626 -36.9326 -11.7246 -30.4973 
0 -103.125 -21 18 -18.977 -34.8946 -11.4369 -29.3052 
0 -105.093 -22 18 -17.3445 -35.0729 -12.8875 -29.5463 
0 -103.223 -20 18 -15.9391 -33.6185 -9.08245 -31.0419 
0 -104.654 -21 18 -17.1985 -35.0729 -9.29476 -29.5463 
-10 -97.2461 -20 18 -17.5699 -35.9496 -6.28601 -29.9806 
-6 -97.168 -21 18 -18.5103 -36.0959 -13.4463 -32.9428 
-6 -98.5993 -22 18 -19.7697 -37.5503 -13.6586 -31.4473 
0 -103.362 -20 17 -16.796 -35.9496 -5.8801 -29.9806 
0 -104.837 -21 17 -15.4913 -35.5172 -8.47283 -30.4973 
-16 -91.1911 -21 18 -20.1411 -38.427 -10.6499 -31.8816 
0 -101.394 -21 18 -19.4517 -36.1493 -12.8232 -31.2511 
-6 -97.3069 -21 17 -19.3671 -38.427 -10.244 -31.8816 
0 -101.4 -20 18 -19.2166 -36.9326 -8.13183 -30.4973 
0 -103.329 -21 17 -15.5615 -36.325 -9.4363 -32.6374 
0 -102.97 -20 18 -18.8311 -34.8946 -7.84415 -29.3052 
0 -102.449 -21 18 -19.3794 -36.2498 -12.13 -29.4911 
-6 -95.3446 -21 18 -21.7878 -39.41 -12.4957 -32.3983 
0 -104.937 -21 18 -17.1985 -35.0729 -9.29476 -29.5463 
-6 -96.9149 -21 18 -21.4023 -37.372 -12.208 -31.2061 
0 -103.428 -22 18 -16.9788 -35.0481 -13.8646 -34.1921 
0 -104.535 -22 18 -19.0528 -34.8946 -14.0662 -29.3052 
0 -104.847 -21 17 -14.2821 -34.7001 -10.3869 -31.1791 
-12 -92.8381 -20 18 -19.714 -36.913 -9.86643 -32.2611 
0 -107.602 -22 18 -14.1197 -30.404 -15.0919 -30.4009 
0 -101.239 -20 18 -19.3058 -36.1493 -9.23045 -31.2511 
0 -105.169 -22 18 -16.1609 -33.6185 -15.3045 -31.0419 
0 -104.947 -21 18 -15.9893 -34.2558 -11.2089 -30.2281 
0 -106.6 -23 18 -17.4202 -35.0729 -15.5168 -29.5463 
-6 -98.7162 -22 17 -18.1327 -37.9946 -13.8002 -32.3983 
0 -103.174 -20 17 -15.4156 -36.325 -5.84356 -32.6374 
-10 -99.1923 -22 18 -17.7917 -35.9496 -12.508 -29.9806 
-6 -95.1842 -21 18 -21.877 -38.6267 -13.5943 -33.152 
0 -102.294 -20 18 -19.2334 -36.2498 -8.5373 -29.4911 
0 -106.575 -23 17 -15.1306 -35.2238 -13.7115 -32.7956 
0 -105.308 -22 17 -17.0177 -35.9496 -12.1021 -29.9806 
-6 -97.1192 -21 17 -17.9867 -38.8025 -10.2074 -34.5383 
-6 -96.5649 -21 18 -19.3176 -36.7612 -14.2536 -33.6081 
-6 -96.2386 -21 18 -21.8046 -38.7273 -12.9012 -31.392 
-6 -98.8165 -22 18 -19.8399 -37.5503 -14.6221 -31.4473 
0 -103.273 -21 18 -16.8329 -35.0481 -10.2719 -34.1921 
0 -104.38 -21 18 -18.9069 -34.8946 -10.4734 -29.3052 
0 -104.692 -20 17 -14.1362 -34.7001 -6.79418 -31.1791 
0 -105.396 -22 17 -17.0177 -35.9496 -12.1021 -29.9806 
0 -103.346 -22 18 -19.4384 -36.9326 -14.3538 -30.4973 
0 -104.916 -22 18 -19.0528 -34.8946 -14.0662 -29.3052 
-6 -98.3252 -22 18 -21.4781 -37.372 -14.8373 -31.2061 
-6 -98.6369 -21 17 -16.7073 -37.1775 -11.158 -33.08 
0 -107.447 -21 18 -13.9738 -30.404 -11.4991 -30.4009 
0 -105.014 -21 18 -16.0149 -33.6185 -11.7117 -31.0419 
0 -104.792 -20 18 -15.8434 -34.2558 -7.61611 -30.2281 
0 -106.445 -22 18 -17.2743 -35.0729 -11.924 -29.5463 
0 -105.939 -22 17 -15.0548 -35.2238 -11.0823 -32.7956 
-6 -101.392 -22 18 -16.545 -32.8814 -15.863 -32.3019 
-10 -99.037 -21 18 -17.6457 -35.9496 -8.91528 -29.9806 
-6 -98.7372 -21 18 -18.4145 -36.7332 -11.98 -32.129 
0 -106.419 -22 17 -14.9847 -35.2238 -10.1188 -32.7956 
0 -105.153 -21 17 -16.8717 -35.9496 -8.50937 -29.9806 
-6 -98.48 -21 18 -20.9319 -37.3351 -11.4543 -30.3601 
-4 -102.31 -21 18 -17.7159 -35.9496 -9.87875 -29.9806 
0 -103.185 -22 18 -19.5275 -36.1493 -15.4525 -31.2511 
-6 -100.364 -23 17 -17.5559 -37.7013 -14.4827 -34.6965 
0 -105.241 -21 17 -16.8717 -35.9496 -8.50937 -29.9806 
0 -104.897 -22 17 -15.1758 -36.1297 -11.5764 -34.3293 
0 -103.637 -21 18 -16.8923 -34.2838 -13.4824 -31.7072 
0 -103.191 -21 18 -19.2924 -36.9326 -10.7611 -30.4973 
0 -105.12 -22 17 -15.6373 -36.325 -12.0656 -32.6374 
0 -104.761 -21 18 -18.9069 -34.8946 -10.4734 -29.3052 
-6 -97.3776 -21 18 -20.0619 -34.9182 -15.217 -32.8772 
0 -106.455 -22 18 -16.0651 -34.2558 -13.8381 -30.2281 
0 -104.24 -22 18 -19.4552 -36.2498 -14.7593 -29.4911 
-6 -99.1858 -22 17 -19.4429 -38.427 -12.8732 -31.8816 
-12 -94.307 -20 17 -17.911 -37.9946 -7.57816 -32.3983 
0 -103.811 -21 18 -17.0768 -34.8201 -12.8232 -31.4061 
-4 -102.314 -21 18 -17.3645 -34.4355 -11.7246 -30.3601 
-10 -99.047 -21 18 -16.4365 -35.1325 -10.8294 -30.6624 
0 -105.163 -21 17 -15.6625 -35.1325 -10.4235 -30.6624 
0 -109.071 -22 17 -12.3167 -31.4857 -12.8036 -30.5381 
0 -105.219 -23 18 -17.0546 -35.0481 -16.4939 -34.1921 
0 -104.997 -22 18 -16.883 -35.6854 -12.3983 -33.3783 
0 -106.326 -23 18 -19.1286 -34.8946 -16.6954 -29.3052 
0 -106.638 -22 17 -14.3579 -34.7001 -13.0162 -31.1791 
0 -105.784 -21 17 -14.9089 -35.2238 -7.48954 -32.7956 
FEATURES_TXT_END_0
FEATURES_TXT_BEGIN_0 11 100 8 Distortion0_0 LM0_0 WordPenalty0_0 PhrasePenalty0_0 TranslationModel0_0 TranslationModel0_1 TranslationModel0_2 TranslationModel0_3 
-23 -178.836 -30 28 -39.4699 -60.647 -14.8652 -55.9938 
-15 -184.505 -31 28 -39.281 -60.647 -17.9471 -55.9938 
-15 -183.772 -30 28 -39.4699 -60.647 -14.8652 -55.9938 
-29 -176.707 -30 29 -39.9073 -57.2993 -16.6315 -55.0287 
-19 -181.486 -30 28 -39.4699 -60.647 -14.8652 -55.9938 
-21 -182.377 -31 29 -39.7183 -57.2993 -19.7134 -55.0287 
-21 -181.644 -30 29 -39.9073 -57.2993 -16.6315 -55.0287 
-15 -183.349 -31 28 -39.0186 -61.1251 -19.5565 -57.9397 
-25 -177.292 -30 28 -37.9754 -59.7535 -17.5732 -57.5242 
-25 -176.534 -30 28 -39.2075 -61.1251 -16.4746 -57.9397 
-25 -179.358 -30 29 -39.9073 -57.2993 -16.6315 -55.0287 
-15 -182.616 -30 28 -39.2075 -61.1251 -16.4746 -57.9397 
-25 -176.671 -30 28 -39.2075 -61.1251 -16.4746 -57.9397 
-19 -180.33 -30 28 -39.2075 -61.1251 -16.4746 -57.9397 
-21 -181.221 -31 29 -39.456 -57.7774 -21.3228 -56.9746 
-31 -175.164 -30 29 -38.4128 -56.4059 -19.3395 -56.5591 
-31 -174.406 -30 29 -39.6449 -57.7774 -18.2409 -56.9746 
-21 -180.488 -30 29 -39.6449 -57.7774 -18.2409 -56.9746 
-23 -180.928 -30 28 -39.1587 -57.2805 -16.0645 -55.0775 
-23 -179.846 -31 28 -39.7918 -60.647 -18.8634 -55.9938 
-15 -186.598 -31 28 -38.9697 -57.2805 -19.1464 -55.0775 
-29 -177.428 -30 29 -38.6279 -56.4822 -17.5821 -55.7104 
-15 -185.515 -32 28 -39.6029 -60.647 -21.9453 -55.9938 
-31 -174.542 -30 29 -39.6449 -57.7774 -18.2409 -56.9746 
-23 -182.303 -31 28 -38.9073 -57.2805 -18.0104 -55.0775 
-21 -183.098 -31 29 -38.4389 -56.4822 -20.664 -55.7104 
-15 -187.972 -32 28 -38.7184 -57.2805 -21.0923 -55.0775 
-25 -178.202 -30 29 -39.6449 -57.7774 -18.2409 -56.9746 
-27 -178.316 -30 28 -37.2081 -58.6542 -15.376 -57.1833 
-15 -185.865 -30 28 -39.1587 -57.2805 -16.0645 -55.0775 
-15 -184.782 -31 28 -39.7918 -60.647 -18.8634 -55.9938 
-19 -183.986 -31 28 -37.0192 -58.6542 -18.4579 -57.1833 
-23 -176.828 -30 28 -41.4958 -62.8282 -17.3501 -56.5591 
-21 -182.365 -30 29 -38.6279 -56.4822 -17.5821 -55.7104 
-15 -182.497 -31 28 -41.3069 -62.8282 -20.432 -56.5591 
-15 -187.239 -31 28 -38.9073 -57.2805 -18.0104 -55.0775 
-23 -180.212 -31 28 -40.7046 -60.647 -17.5732 -55.9938 
-29 -177.717 -31 29 -40.2292 -57.2993 -20.6297 -55.0287 
-15 -185.882 -32 28 -40.5157 -60.647 -20.6551 -55.9938 
-19 -183.578 -30 28 -39.1587 -57.2805 -16.0645 -55.0775 
-19 -182.496 -31 28 -39.7918 -60.647 -18.8634 -55.9938 
-21 -183.387 -32 29 -40.0402 -57.2993 -23.7116 -55.0287 
-19 -183.252 -30 28 -37.2081 -58.6542 -15.376 -57.1833 
-25 -180.078 -30 29 -38.6279 -56.4822 -17.5821 -55.7104 
-15 -181.764 -30 28 -41.4958 -62.8282 -17.3501 -56.5591 
-19 -184.953 -31 28 -38.9073 -57.2805 -18.0104 -55.0775 
-15 -189.401 -31 29 -37.4568 -60.1368 -12.8513 -54.7196 
-23 -180.669 -30 28 -38.2377 -59.2754 -15.9638 -55.5783 
-7 -195.071 -32 29 -37.2678 -60.1368 -15.9332 -54.7196 
-33 -176.187 -30 29 -37.6455 -55.3066 -17.1423 -56.2183 
-15 -185.149 -31 28 -40.7046 -60.647 -17.5732 -55.9938 
-15 -186.339 -31 28 -38.0488 -59.2754 -19.0457 -55.5783 
-21 -182.654 -31 29 -40.2292 -57.2993 -20.6297 -55.0287 
-23 -180.966 -30 28 -37.2081 -58.6542 -15.376 -57.1833 
-25 -181.857 -31 29 -37.4566 -55.3066 -20.2242 -56.2183 
-15 -185.442 -31 28 -38.7074 -57.7586 -20.7558 -57.0234 
-15 -184.359 -32 28 -39.3405 -61.1251 -23.5547 -57.9397 
-29 -174.699 -30 29 -41.9332 -59.4805 -19.1164 -55.594 
-25 -179.384 -30 28 -37.6642 -56.387 -18.7725 -56.6079 
-25 -178.302 -31 28 -38.2973 -59.7535 -21.5714 -57.5242 
-23 -182.524 -30 28 -38.0113 -57.1206 -14.8652 -54.6075 
-25 -178.627 -30 28 -38.8963 -57.7586 -17.6739 -57.0234 
-21 -181.942 -31 29 -38.1766 -56.9604 -22.2734 -57.6564 
-25 -177.544 -31 28 -39.5294 -61.1251 -20.4728 -57.9397 
-19 -179.478 -30 28 -41.4958 -62.8282 -17.3501 -56.5591 
-21 -180.369 -31 29 -41.7443 -59.4805 -22.1983 -55.594 
-31 -175.884 -30 29 -37.1334 -55.5888 -20.2901 -57.2408 
-15 -186.816 -32 28 -38.4561 -57.7586 -22.7017 -57.0234 
-15 -188.194 -31 28 -37.8223 -57.1206 -17.9471 -54.6075 
-31 -175.126 -30 29 -38.3655 -56.9604 -19.1915 -57.6564 
-7 -194.337 -31 29 -37.4568 -60.1368 -12.8513 -54.7196 
-29 -179.418 -31 29 -37.002 -56.4685 -19.3049 -56.6935 
-29 -178.084 -31 29 -41.142 -57.2993 -19.3395 -55.0287 
-25 -180.001 -31 28 -38.645 -57.7586 -19.6198 -57.0234 
-15 -184.932 -31 28 -37.7864 -59.7535 -20.6551 -57.5242 
-15 -185.606 -30 28 -38.2377 -59.2754 -15.9638 -55.5783 
-19 -182.863 -31 28 -40.7046 -60.647 -17.5732 -55.9938 
-21 -185.088 -32 29 -36.813 -56.4685 -22.3868 -56.6935 
-21 -183.754 -32 29 -40.9531 -57.2993 -22.4214 -55.0287 
-25 -180.368 -31 29 -40.2292 -57.2993 -20.6297 -55.0287 
-25 -181.124 -30 29 -37.6455 -55.3066 -17.1423 -56.2183 
-15 -184.709 -30 28 -38.8963 -57.7586 -17.6739 -57.0234 
-15 -183.626 -31 28 -39.5294 -61.1251 -20.4728 -57.9397 
-19 -182.829 -31 28 -36.7568 -59.1323 -20.0674 -59.1293 
-25 -177.377 -30 28 -39.2075 -61.1251 -16.4746 -57.9397 
-21 -181.208 -30 29 -38.3655 -56.9604 -19.1915 -57.6564 
-29 -176.772 -30 28 -35.7136 -57.7608 -18.0841 -58.7137 
-21 -179.636 -30 29 -41.9332 -59.4805 -19.1164 -55.594 
-29 -176.014 -30 28 -36.9457 -59.1323 -16.9854 -59.1293 
-21 -187.273 -31 30 -37.8941 -56.7892 -14.6176 -53.7545 
-15 -181.341 -31 28 -41.0445 -63.3063 -22.0414 -58.505 
-15 -186.083 -31 28 -38.645 -57.7586 -19.6198 -57.0234 
-15 -187.461 -30 28 -38.0113 -57.1206 -14.8652 -54.6075 
-25 -178.763 -30 28 -38.8963 -57.7586 -17.6739 -57.0234 
-25 -177.681 -31 28 -39.5294 -61.1251 -20.4728 -57.9397 
-11 -192.051 -31 29 -37.4568 -60.1368 -12.8513 -54.7196 
-25 -175.284 -30 28 -40.0013 -61.9347 -20.0581 -58.0895 
-29 -178.541 -30 29 -38.6751 -55.9277 -17.7301 -54.6132 
-13 -192.942 -32 30 -37.7052 -56.7892 -17.6995 -53.7545 
-25 -174.526 -30 28 -41.2335 -63.3063 -18.9595 -58.505 
FEATURES_TXT_END_0
FEATURES_TXT_BEGIN_0 12 98 8 Distortion0_0 LM0_0 WordPenalty0_0 PhrasePenalty0_0 TranslationModel0_0 TranslationModel0_1 TranslationModel0_2 TranslationModel0_3 
-6 -221.894 -37 35 -56.7966 -67.9883 -17.7683 -60.0321 
-10 -219.505 -37 35 -56.7966 -67.9883 -17.7683 -60.0321 
-9 -220.199 -37 35 -56.7966 -67.9883 -17.7683 -60.0321 
-13 -217.809 -37 35 -56.7966 -67.9883 -17.7683 -60.0321 
-6 -223.884 -37 35 -53.0866 -67.0618 -17.5452 -60.7921 
-10 -221.495 -37 35 -53.0866 -67.0618 -17.5452 -60.7921 
-16 -216.263 -37 35 -56.7966 -67.9883 -17.7683 -60.0321 
-20 -213.874 -37 35 -56.7966 -67.9883 -17.7683 -60.0321 
-6 -218.118 -37 35 -60.1254 -71.5749 -18.6846 -62.6568 
-10 -215.728 -37 35 -60.1254 -71.5749 -18.6846 -62.6568 
-9 -222.189 -37 35 -53.0866 -67.0618 -17.5452 -60.7921 
-13 -219.799 -37 35 -53.0866 -67.0618 -17.5452 -60.7921 
-19 -214.568 -37 35 -56.7966 -67.9883 -17.7683 -60.0321 
-23 -212.178 -37 35 -56.7966 -67.9883 -17.7683 -60.0321 
-9 -216.422 -37 35 -60.1254 -71.5749 -18.6846 -62.6568 
-13 -214.033 -37 35 -60.1254 -71.5749 -18.6846 -62.6568 
-6 -228.639 -40 37 -53.095 -66.0095 -20.371 -64.5719 
-10 -226.25 -40 37 -53.095 -66.0095 -20.371 -64.5719 
-9 -226.944 -40 37 -53.095 -66.0095 -20.371 -64.5719 
-13 -224.554 -40 37 -53.095 -66.0095 -20.371 -64.5719 
-16 -218.253 -37 35 -53.0866 -67.0618 -17.5452 -60.7921 
-20 -215.864 -37 35 -53.0866 -67.0618 -17.5452 -60.7921 
-6 -220.108 -37 35 -56.4155 -70.6484 -18.4615 -63.4167 
-10 -217.718 -37 35 -56.4155 -70.6484 -18.4615 -63.4167 
-19 -216.558 -37 35 -53.0866 -67.0618 -17.5452 -60.7921 
-23 -214.168 -37 35 -53.0866 -67.0618 -17.5452 -60.7921 
-9 -218.412 -37 35 -56.4155 -70.6484 -18.4615 -63.4167 
-13 -216.023 -37 35 -56.4155 -70.6484 -18.4615 -63.4167 
-6 -230.629 -40 37 -49.385 -65.083 -20.1478 -65.3319 
-10 -228.24 -40 37 -49.385 -65.083 -20.1478 -65.3319 
-16 -223.008 -40 37 -53.095 -66.0095 -20.371 -64.5719 
-20 -220.619 -40 37 -53.095 -66.0095 -20.371 -64.5719 
-6 -224.863 -40 37 -56.4238 -69.5961 -21.2873 -67.1966 
-10 -222.473 -40 37 -56.4238 -69.5961 -21.2873 -67.1966 
-9 -228.934 -40 37 -49.385 -65.083 -20.1478 -65.3319 
-13 -226.544 -40 37 -49.385 -65.083 -20.1478 -65.3319 
-19 -221.313 -40 37 -53.095 -66.0095 -20.371 -64.5719 
-23 -218.923 -40 37 -53.095 -66.0095 -20.371 -64.5719 
-9 -223.167 -40 37 -56.4238 -69.5961 -21.2873 -67.1966 
-13 -220.778 -40 37 -56.4238 -69.5961 -21.2873 -67.1966 
-6 -222.609 -37 35 -57.788 -66.9899 -18.8669 -60.0321 
-10 -220.22 -37 35 -57.788 -66.9899 -18.8669 -60.0321 
-12 -219.505 -37 35 -56.7966 -67.9883 -17.7683 -60.0321 
-12 -219.511 -37 35 -56.7966 -67.9883 -17.7683 -60.0321 
-16 -224.998 -40 37 -49.385 -65.083 -20.1478 -65.3319 
-9 -220.913 -37 35 -57.788 -66.9899 -18.8669 -60.0321 
-20 -222.609 -40 37 -49.385 -65.083 -20.1478 -65.3319 
-13 -218.524 -37 35 -57.788 -66.9899 -18.8669 -60.0321 
-6 -226.853 -40 37 -52.7139 -68.6696 -21.0641 -67.9565 
-10 -224.463 -40 37 -52.7139 -68.6696 -21.0641 -67.9565 
-15 -217.809 -37 35 -56.7966 -67.9883 -17.7683 -60.0321 
-6 -223.49 -37 35 -54.2445 -68.8206 -17.0486 -61.8239 
-10 -221.101 -37 35 -54.2445 -68.8206 -17.0486 -61.8239 
-19 -223.303 -40 37 -49.385 -65.083 -20.1478 -65.3319 
-23 -220.913 -40 37 -49.385 -65.083 -20.1478 -65.3319 
-9 -225.157 -40 37 -52.7139 -68.6696 -21.0641 -67.9565 
-13 -222.768 -40 37 -52.7139 -68.6696 -21.0641 -67.9565 
-6 -220.214 -37 35 -60.3331 -72.1167 -17.7683 -60.1274 
-10 -217.824 -37 35 -60.3331 -72.1167 -17.7683 -60.1274 
-9 -221.795 -37 35 -54.2445 -68.8206 -17.0486 -61.8239 
-12 -222.973 -38 36 -54.2542 -67.9563 -17.5813 -60.7038 
-13 -219.405 -37 35 -54.2445 -68.8206 -17.0486 -61.8239 
-16 -220.583 -38 36 -54.2542 -67.9563 -17.5813 -60.7038 
-6 -225.335 -38 35 -55.1094 -67.2121 -19.256 -61.1005 
-10 -222.946 -38 35 -55.1094 -67.2121 -19.256 -61.1005 
-6 -223.429 -37 35 -53.6208 -66.7127 -20.371 -61.7865 
-6 -224.599 -37 35 -54.078 -66.0634 -18.6438 -60.7921 
-10 -221.039 -37 35 -53.6208 -66.7127 -20.371 -61.7865 
-6 -224.424 -37 35 -54.5348 -65.9955 -18.2791 -61.2217 
-10 -217.948 -37 35 -59.7197 -72.7573 -18.4615 -59.568 
-9 -219.436 -37 35 -58.462 -68.8572 -19.2512 -61.4379 
-10 -222.21 -37 35 -54.078 -66.0634 -18.6438 -60.7921 
-10 -222.035 -37 35 -54.5348 -65.9955 -18.2791 -61.2217 
-16 -216.978 -37 35 -57.788 -66.9899 -18.8669 -60.0321 
-13 -217.046 -37 35 -58.462 -68.8572 -19.2512 -61.4379 
-9 -218.518 -37 35 -60.3331 -72.1167 -17.7683 -60.1274 
-20 -214.589 -37 35 -57.788 -66.9899 -18.8669 -60.0321 
-13 -216.128 -37 35 -60.3331 -72.1167 -17.7683 -60.1274 
-15 -221.277 -38 36 -54.2542 -67.9563 -17.5813 -60.7038 
-6 -218.833 -37 35 -61.1168 -70.5765 -19.7832 -62.6568 
-19 -218.887 -38 36 -54.2542 -67.9563 -17.5813 -60.7038 
-12 -221.495 -37 35 -53.0866 -67.0618 -17.5452 -60.7921 
-12 -221.501 -37 35 -53.0866 -67.0618 -17.5452 -60.7921 
-10 -216.443 -37 35 -61.1168 -70.5765 -19.7832 -62.6568 
-22 -213.874 -37 35 -56.7966 -67.9883 -17.7683 -60.0321 
-9 -223.64 -38 35 -55.1094 -67.2121 -19.256 -61.1005 
-22 -213.88 -37 35 -56.7966 -67.9883 -17.7683 -60.0321 
-13 -221.25 -38 35 -55.1094 -67.2121 -19.256 -61.1005 
-9 -221.733 -37 35 -53.6208 -66.7127 -20.371 -61.7865 
-9 -222.903 -37 35 -54.078 -66.0634 -18.6438 -60.7921 
-6 -224.845 -37 35 -54.5299 -66.2312 -18.8669 -59.5968 
-13 -219.344 -37 35 -53.6208 -66.7127 -20.371 -61.7865 
-6 -220.338 -37 35 -59.7197 -72.7573 -18.4615 -59.568 
-9 -222.729 -37 35 -54.5348 -65.9955 -18.2791 -61.2217 
-12 -215.735 -37 35 -60.1254 -71.5749 -18.6846 -62.6568 
-13 -220.514 -37 35 -54.078 -66.0634 -18.6438 -60.7921 
-12 -215.728 -37 35 -60.1254 -71.5749 -18.6846 -62.6568 
-10 -222.455 -37 35 -54.5299 -66.2312 -18.8669 -59.5968 
FEATURES_TXT_END_0
FEATURES_TXT_BEGIN_0 13 100 8 Distortion0_0 LM0_0 WordPenalty0_0 PhrasePenalty0_0 TranslationModel0_0 TranslationModel0_1 TranslationModel0_2 TranslationModel0_3 
-12 -150.001 -36 27 -61.2326 -80.8867 -28.6857 -75.5003 
-12 -150.025 -37 29 -63.6174 -80.8867 -33.5663 -75.5003 
-12 -151.046 -36 27 -61.6744 -79.7881 -27.9925 -75.0949 
-15 -154.254 -37 27 -54.723 -79.0219 -28.1534 -75.3406 
-12 -151.07 -37 29 -64.0593 -79.7881 -32.8731 -75.0949 
-15 -154.278 -38 29 -57.1078 -79.0219 -33.0341 -75.3406 
-14 -154.907 -37 27 -54.7381 -76.395 -29.7843 -76.5936 
-19 -150.911 -36 27 -54.6453 -78.0078 -28.1396 -74.2947 
-19 -148.749 -35 27 -58.4257 -77.5663 -27.4465 -72.1435 
-12 -152.841 -36 27 -59.5672 -80.0178 -27.2028 -74.0945 
-12 -150.214 -36 27 -61.7288 -80.5026 -30.1897 -75.0392 
-19 -150.935 -37 29 -57.0302 -78.0078 -33.0203 -74.2947 
-15 -155.299 -37 27 -55.1648 -77.9233 -27.4603 -74.9351 
-19 -148.773 -36 29 -60.8106 -77.5663 -32.3271 -72.1435 
-12 -152.865 -37 29 -61.9521 -80.0178 -32.0834 -74.0945 
-12 -150.238 -37 29 -64.1137 -80.5026 -35.0704 -75.0392 
-12 -151.997 -37 27 -60.6302 -80.8867 -31.3529 -75.5003 
-15 -155.323 -38 29 -57.5497 -77.9233 -32.3409 -74.9351 
-14 -155.123 -38 29 -57.123 -76.395 -34.6649 -76.5936 
-14 -155.952 -37 27 -55.1799 -75.2963 -29.0911 -76.1882 
-12 -152.021 -38 29 -63.0151 -80.8867 -36.2335 -75.5003 
-19 -151.956 -36 27 -55.0871 -76.9092 -27.4465 -73.8893 
-19 -149.794 -35 27 -58.8675 -76.4677 -26.7534 -71.738 
-12 -153.886 -36 27 -60.009 -78.9192 -26.5097 -73.6891 
-17 -159.161 -38 27 -48.2285 -74.5302 -29.2521 -76.4339 
-12 -151.259 -36 27 -62.1707 -79.404 -29.4966 -74.6337 
-19 -151.153 -36 27 -55.9247 -78.8249 -27.189 -73.613 
-19 -151.98 -37 29 -57.472 -76.9092 -32.3271 -73.8893 
-15 -154.749 -37 27 -56.0024 -79.839 -27.2028 -74.6588 
-19 -149.818 -36 29 -61.2524 -76.4677 -31.634 -71.738 
-12 -153.91 -37 29 -62.3939 -78.9192 -31.3903 -73.6891 
-12 -151.283 -37 29 -64.5555 -79.404 -34.3772 -74.6337 
-12 -153.042 -37 27 -61.0721 -79.7881 -30.6597 -75.0949 
-19 -151.177 -37 29 -58.3096 -78.8249 -32.0697 -73.613 
-19 -151.937 -36 27 -52.6084 -77.8224 -28.1396 -75.3933 
-21 -155.818 -37 27 -48.1508 -73.516 -29.2383 -75.388 
-15 -154.773 -38 29 -58.3872 -79.839 -32.0834 -74.6588 
-15 -154.611 -37 27 -55.2192 -78.6378 -29.6575 -74.8794 
-21 -153.656 -36 27 -51.9312 -73.0745 -28.5451 -73.2368 
-15 -156.25 -38 27 -54.1206 -79.0219 -30.8207 -75.3406 
-14 -156.168 -38 29 -57.5648 -75.2963 -33.9717 -76.1882 
-14 -157.748 -37 27 -53.0727 -75.526 -28.3014 -75.1878 
-14 -155.12 -37 27 -55.2343 -76.0108 -31.2883 -76.1325 
-12 -152.446 -36 27 -60.4173 -79.8726 -28.6719 -74.4545 
-12 -151.483 -36 27 -60.5394 -80.885 -28.6857 -75.7235 
-12 -153.066 -38 29 -63.4569 -79.7881 -35.5404 -75.0949 
-19 -151.961 -37 29 -54.9933 -77.8224 -33.0203 -75.3933 
-17 -159.376 -39 29 -50.6134 -74.5302 -34.1327 -76.4339 
-12 -153.054 -36 27 -60.0635 -79.6337 -28.7069 -73.6334 
-17 -160.206 -38 27 -48.6703 -73.4315 -28.5589 -76.0284 
-15 -154.635 -38 29 -57.6041 -78.6378 -34.5381 -74.8794 
-15 -156.274 -39 29 -56.5055 -79.0219 -35.7013 -75.3406 
-19 -152.198 -36 27 -56.3665 -77.7262 -26.4959 -73.2075 
-14 -156.903 -38 27 -54.1357 -76.395 -32.4515 -76.5936 
-19 -149.315 -35 27 -59.7051 -78.3834 -26.4959 -71.4617 
-12 -152.47 -37 29 -62.8022 -79.8726 -33.5525 -74.4545 
-15 -155.794 -37 27 -56.4442 -78.7404 -26.5097 -74.2534 
-18 -147.724 -36 28 -64.3779 -79.7881 -28.4004 -75.0949 
-19 -150.136 -36 27 -55.9568 -78.6378 -29.6575 -74.8794 
-12 -153.078 -37 29 -62.4483 -79.6337 -33.5875 -73.6334 
-12 -154.837 -37 27 -58.9648 -80.0178 -29.8701 -74.0945 
-19 -149.591 -35 27 -58.4257 -77.5663 -27.4465 -72.1435 
-15 -156.487 -37 27 -53.9077 -78.0078 -28.1396 -74.2947 
-19 -152.222 -37 29 -58.7514 -77.7262 -31.3765 -73.2075 
-19 -154.112 -37 27 -53.9077 -78.0078 -28.1397 -74.2947 
-21 -156.033 -38 29 -50.5357 -73.516 -34.1189 -75.388 
-19 -149.339 -36 29 -62.09 -78.3834 -31.3765 -71.4617 
-19 -152.982 -36 27 -53.0502 -76.7238 -27.4465 -74.9879 
-21 -156.863 -37 27 -48.5926 -72.4174 -28.5451 -74.9826 
-19 -147.538 -35 27 -60.4634 -79.8317 -27.4603 -73.1234 
-21 -153.871 -37 29 -54.3161 -73.0745 -33.4257 -73.2368 
-15 -155.818 -38 29 -58.8291 -78.7404 -31.3903 -74.2534 
-14 -157.963 -38 29 -55.4576 -75.526 -33.1821 -75.1878 
-14 -155.335 -38 29 -57.6192 -76.0108 -36.169 -76.1325 
-17 -148.463 -35 27 -60.3048 -80.0178 -27.2028 -74.0945 
-19 -152.587 -37 27 -54.6759 -78.0078 -31.3315 -74.2947 
-15 -155.656 -37 27 -55.6611 -77.5392 -28.9644 -74.474 
-21 -154.7 -36 27 -52.373 -71.9759 -27.852 -72.8313 
-15 -157.295 -38 27 -54.5625 -77.9233 -30.1275 -74.9351 
-18 -147.748 -37 30 -66.7628 -79.7881 -33.2811 -75.0949 
-19 -150.16 -37 29 -58.3417 -78.6378 -34.5381 -74.8794 
-14 -158.793 -37 27 -53.5145 -74.4274 -27.6083 -74.7824 
-14 -156.165 -37 27 -55.6762 -74.9122 -30.5952 -75.727 
-12 -150.396 -37 28 -61.9257 -80.9793 -34.9648 -77.4814 
-12 -153.972 -36 27 -58.2878 -79.2007 -28.1534 -74.7763 
-12 -154.861 -38 29 -61.3497 -80.0178 -34.7507 -74.0945 
-19 -150.165 -35 27 -56.3888 -77.381 -27.4465 -73.2421 
-19 -149.615 -36 29 -60.8106 -77.5663 -32.3271 -72.1435 
-12 -153.491 -36 27 -60.8591 -78.774 -27.9787 -74.049 
-15 -156.511 -38 29 -56.2926 -78.0078 -33.0203 -74.2947 
-12 -152.528 -36 27 -60.9812 -79.7864 -27.9925 -75.318 
-21 -156.059 -37 27 -49.4302 -74.3331 -28.2876 -74.7063 
-12 -150.949 -36 27 -61.8783 -82.5804 -27.587 -76.0112 
-19 -154.136 -38 29 -56.2926 -78.0078 -33.0203 -74.2947 
-19 -153.006 -37 29 -55.4351 -76.7238 -32.3271 -74.9879 
-17 -160.421 -39 29 -51.0552 -73.4315 -33.4395 -76.0284 
-19 -152.238 -36 27 -53.8878 -78.6395 -27.189 -74.7116 
-12 -154.099 -36 27 -60.5053 -78.535 -28.0138 -73.2279 
-17 -159.655 -38 27 -49.5079 -75.3472 -28.3014 -75.7521 
-19 -147.562 -36 29 -62.8483 -79.8316 -32.3409 -73.1234 
FEATURES_TXT_END_0
FEATURES_TXT_BEGIN_0 14 100 8 Distortion0_0 LM0_0 WordPenalty0_0 PhrasePenalty0_0 TranslationModel0_0 TranslationModel0_1 TranslationModel0_2 TranslationModel0_3 
-28 -180.169 -39 33 -42.5305 -58.6422 -30.1077 -62.0339 
-28 -179.064 -38 33 -44.3438 -58.804 -28.2618 -59.8846 
-28 -182.306 -40 34 -40.0469 -59.107 -31.0193 -65.1774 
-28 -181.202 -39 34 -41.8601 -59.2687 -29.1734 -63.0281 
-28 -178.68 -38 33 -44.5261 -59.2838 -29.6969 -60.3897 
-28 -180.97 -39 33 -42.5305 -58.0758 -30.1077 -62.8812 
-28 -182.528 -39 33 -40.1377 -58.5354 -27.7828 -63.2867 
-28 -176.096 -38 32 -44.8218 -61.0253 -30.1138 -63.8802 
-28 -182.416 -40 34 -39.7034 -58.9659 -31.5118 -65.915 
-28 -180.785 -39 33 -42.936 -59.2922 -29.4145 -62.5935 
-32 -178.398 -39 33 -42.936 -59.2922 -29.4145 -62.5935 
-28 -179.865 -38 33 -44.3438 -58.2376 -28.2618 -60.7319 
-28 -181.423 -38 33 -41.9509 -58.6971 -25.937 -61.1374 
-28 -174.991 -37 32 -46.635 -61.1871 -28.268 -61.7308 
-28 -181.311 -39 34 -41.5166 -59.1277 -29.6659 -63.7656 
-28 -179.681 -38 33 -44.7492 -59.454 -27.5687 -60.4442 
-28 -184.892 -40 33 -39.1461 -56.1467 -30.1077 -63.8046 
-32 -177.293 -38 33 -44.7492 -59.454 -27.5687 -60.4442 
-32 -180.094 -40 34 -40.4523 -59.757 -30.3261 -65.737 
-28 -182.516 -40 34 -40.4523 -59.757 -30.3261 -65.737 
-28 -181.917 -40 33 -42.3512 -58.6422 -33.8065 -62.0339 
-28 -183.788 -39 33 -40.9594 -56.3085 -28.2618 -61.6553 
-26 -181.349 -38 33 -44.3438 -58.804 -28.2618 -59.8846 
-32 -178.99 -39 34 -42.2656 -59.9187 -28.4803 -63.5877 
-28 -181.411 -39 34 -42.2656 -59.9187 -28.4803 -63.5877 
-28 -180.812 -39 33 -44.1645 -58.804 -31.9607 -59.8846 
-28 -180.293 -38 32 -42.1711 -58.6422 -27.2806 -62.0339 
-28 -180.843 -38 33 -42.5029 -58.6422 -26.5813 -62.0339 
-24 -183.793 -39 33 -42.7515 -56.747 -31.8655 -62.1282 
-28 -180.817 -39 34 -42.0424 -59.7485 -30.6085 -63.5332 
-28 -182.377 -38 33 -44.2066 -58.863 -23.8389 -59.1857 
-28 -179.188 -37 32 -43.9844 -58.804 -25.4348 -59.8846 
-28 -179.739 -37 33 -44.3161 -58.804 -24.7355 -59.8846 
-24 -182.688 -38 33 -44.5647 -56.9088 -30.0197 -59.9789 
-28 -181.272 -37 33 -46.0199 -59.0247 -21.9931 -57.0364 
-24 -187.798 -38 33 -40.2269 -56.1187 -23.8389 -58.5795 
-28 -178.233 -39 33 -42.3381 -61.4901 -31.0254 -67.0237 
-24 -186.694 -37 33 -42.0402 -56.2805 -21.9931 -56.4302 
-32 -181.154 -40 33 -42.5305 -58.0758 -30.1077 -62.8812 
-28 -177.129 -38 33 -44.1514 -61.6519 -29.1796 -64.8744 
-32 -180.05 -39 33 -44.3438 -58.2376 -28.2618 -60.7319 
-32 -182.85 -41 34 -40.0469 -58.5406 -31.0193 -66.0247 
-28 -187.029 -41 34 -36.6625 -56.6115 -31.0193 -66.9481 
-28 -179.481 -38 33 -44.5261 -58.7174 -29.6969 -61.237 
-28 -181.039 -38 33 -42.1332 -59.1769 -27.372 -61.6425 
-28 -174.607 -37 32 -46.8173 -61.6669 -29.7031 -62.2359 
-32 -181.746 -40 34 -41.8601 -58.7023 -29.1734 -63.8754 
-28 -180.927 -39 34 -41.699 -59.6074 -31.101 -64.2707 
-28 -184.054 -41 34 -39.8676 -59.107 -34.7181 -65.1774 
-28 -185.925 -40 34 -38.4757 -56.7733 -29.1734 -64.7988 
-26 -183.486 -39 34 -41.8601 -59.2687 -29.1734 -63.0281 
-28 -179.296 -38 33 -44.9315 -59.9338 -29.0038 -60.9493 
-32 -176.909 -38 33 -44.9315 -59.9338 -29.0038 -60.9493 
-34 -178.332 -39 33 -42.5305 -58.6422 -30.1077 -62.0339 
-28 -182.949 -40 34 -41.6808 -59.2687 -32.8723 -63.0281 
-28 -182.43 -39 33 -39.6875 -59.107 -28.1922 -65.1774 
-28 -182.98 -39 34 -40.0192 -59.107 -27.4929 -65.1774 
-28 -183.403 -39 33 -41.1417 -56.7883 -29.6969 -62.1604 
-28 -182.515 -40 34 -41.0821 -58.9044 -32.6569 -65.4094 
-24 -185.93 -40 34 -40.2678 -57.2118 -32.7771 -65.2717 
-28 -176.897 -38 32 -44.8218 -60.4589 -30.1138 -64.7274 
-34 -177.228 -38 33 -44.3438 -58.804 -28.2618 -59.8846 
-32 -178.605 -39 34 -42.4479 -60.3985 -29.9154 -64.0928 
-26 -182.039 -38 33 -44.3438 -58.804 -28.2618 -59.8846 
-28 -178.455 -38 32 -42.4289 -60.9185 -27.7889 -65.1329 
-28 -184.514 -39 34 -41.723 -59.3277 -24.7505 -62.3292 
-28 -181.027 -39 34 -42.4479 -60.3985 -29.9154 -64.0928 
-28 -181.325 -38 33 -41.5007 -59.2687 -26.3464 -63.0281 
-28 -181.876 -38 34 -41.8325 -59.2687 -25.6471 -63.0281 
-28 -178.343 -39 33 -41.9946 -61.349 -31.5179 -67.7612 
-28 -180.428 -39 33 -44.3468 -59.2838 -33.3958 -60.3897 
-28 -176.712 -38 32 -45.2272 -61.6753 -29.4207 -64.4398 
-28 -181.411 -39 34 -42.8954 -59.0661 -30.8111 -63.2601 
-24 -184.825 -39 34 -42.0811 -57.3735 -30.9313 -63.1224 
-32 -174.325 -38 32 -45.2272 -61.6753 -29.4207 -64.4398 
-28 -175.792 -37 32 -46.635 -60.6207 -28.268 -62.5781 
-28 -177.35 -37 32 -44.2422 -61.0802 -25.9431 -62.9836 
-28 -183.41 -38 34 -43.5362 -59.4895 -22.9047 -60.1799 
-24 -189.936 -39 34 -37.7433 -56.5835 -24.7505 -61.7231 
-28 -177.238 -38 33 -43.8079 -61.5108 -29.6721 -65.6119 
-28 -185.693 -40 33 -39.1461 -55.5804 -30.1077 -64.6519 
-28 -178.804 -37 32 -44.1667 -59.2838 -26.8699 -60.3897 
-28 -179.354 -37 33 -44.4985 -59.2838 -26.1706 -60.3897 
-28 -187.251 -40 33 -36.7533 -56.0399 -27.7828 -65.0574 
-28 -175.608 -37 32 -47.0405 -61.8371 -27.5749 -62.2905 
-28 -180.819 -39 32 -41.4374 -58.5299 -30.1138 -65.6509 
-32 -173.22 -37 32 -47.0405 -61.8371 -27.5749 -62.2905 
-24 -185.515 -39 33 -43.2236 -56.8988 -30.1077 -60.7811 
-24 -183.603 -39 33 -42.0583 -58.4904 -31.8655 -63.381 
-32 -182.179 -40 34 -39.6371 -58.7428 -30.3123 -64.6912 
-28 -182.527 -40 33 -41.7706 -57.213 -33.475 -65.057 
-24 -182.304 -38 33 -44.7471 -57.3886 -31.4548 -60.484 
-28 -187.139 -41 34 -36.319 -56.4704 -31.5118 -67.6857 
-32 -176.021 -39 33 -42.7436 -62.1401 -30.3323 -67.5833 
-24 -188.831 -38 34 -39.5566 -56.7452 -22.9047 -59.5737 
-28 -180.888 -37 33 -46.2022 -59.5045 -23.4282 -57.5415 
-28 -185.508 -40 33 -39.5516 -56.7967 -29.4145 -64.3642 
-28 -178.443 -39 33 -42.7436 -62.1401 -30.3323 -67.5833 
-28 -182.717 -40 33 -42.3512 -58.0758 -33.8065 -62.8812 
-32 -183.121 -40 33 -39.5516 -56.7967 -29.4145 -64.3642 
FEATURES_TXT_END_0
FEATURES_TXT_BEGIN_0 15 94 8 Distortion0_0 LM0_0 WordPenalty0_0 PhrasePenalty0_0 TranslationModel0_0 TranslationModel0_1 TranslationModel0_2 TranslationModel0_3 
-12 -200.173 -37 30 -54.6884 -58.7936 -17.7632 -50.0129 
-12 -202.527 -37 30 -48.7331 -57.3529 -17.3159 -52.6937 
-20 -205.209 -42 32 -47.8065 -58.3205 -21.9028 -56.3742 
-12 -201.409 -38 31 -55.1542 -59.7216 -18.5787 -51.4578 
-12 -200.691 -37 30 -53.409 -57.9766 -18.7139 -50.6947 
-16 -203.246 -39 31 -50.0558 -57.8557 -18.3491 -53.2307 
-12 -202.87 -37 30 -47.4537 -56.5358 -18.2666 -53.3754 
-20 -204.127 -41 32 -47.5932 -58.3205 -20.2042 -56.3742 
-12 -207.581 -40 31 -50.0113 -57.8557 -19.0422 -53.2307 
-20 -207.564 -42 32 -41.8512 -56.8798 -21.4555 -59.0549 
-12 -203.764 -38 31 -49.1989 -58.2809 -18.1314 -54.1386 
-20 -206.446 -43 33 -48.2723 -59.2484 -22.7183 -57.8191 
-20 -205.728 -42 32 -46.5271 -57.5034 -22.8535 -57.0559 
-12 -201.928 -38 31 -53.8748 -58.9045 -19.5293 -52.1396 
-16 -205.601 -39 31 -44.1005 -56.415 -17.9018 -55.9114 
-12 -199.682 -37 30 -55.5036 -59.8078 -17.777 -51.0588 
-16 -204.483 -40 32 -50.5216 -58.7837 -19.1645 -54.6756 
-16 -203.765 -39 31 -48.7764 -57.0387 -19.2997 -53.9124 
-20 -206.482 -41 32 -41.6379 -56.8798 -19.7569 -59.0549 
-20 -207.907 -42 32 -40.5718 -56.0627 -22.4062 -59.7366 
-12 -204.107 -38 31 -47.9195 -57.4638 -19.082 -54.8203 
-20 -205.364 -42 33 -48.059 -59.2484 -21.0196 -57.8191 
-20 -204.646 -41 32 -46.3138 -57.5034 -21.1548 -57.0559 
-16 -205.944 -39 31 -42.8211 -55.5979 -18.8524 -56.5931 
-12 -209.936 -40 31 -44.056 -56.415 -18.5949 -55.9114 
-12 -202.222 -38 30 -52.8751 -58.6319 -19.6091 -52.1622 
-12 -208.818 -41 32 -50.4771 -58.7837 -19.8577 -54.6756 
-20 -208.8 -43 33 -42.317 -57.8077 -22.271 -60.4998 
-12 -198.458 -37 30 -57.3301 -61.7922 -18.4564 -50.1907 
-22 -201.897 -40 31 -48.2425 -57.694 -20.1949 -55.38 
-12 -208.1 -40 31 -48.7319 -57.0387 -19.9929 -53.9124 
-20 -206.825 -41 32 -40.3585 -56.0627 -20.7075 -59.7366 
-20 -206.965 -43 33 -46.9929 -58.4314 -23.6689 -58.5008 
-12 -202.037 -37 30 -49.5483 -58.3671 -17.3297 -53.7395 
-16 -206.837 -40 32 -44.5663 -57.3429 -18.7172 -57.3563 
-20 -204.719 -42 32 -48.6218 -59.3346 -21.9166 -57.42 
-12 -200.919 -38 31 -55.9694 -60.7357 -18.5925 -52.5037 
-12 -200.201 -37 30 -54.2242 -58.9907 -18.7277 -51.7406 
-16 -205.001 -40 32 -49.2422 -57.9666 -20.1152 -55.3573 
-12 -210.279 -40 31 -42.7766 -55.5979 -19.5456 -56.5931 
-12 -199.431 -36 30 -54.6376 -60.1717 -15.9025 -49.9266 
-16 -202.756 -39 31 -50.871 -58.8699 -18.3629 -54.2765 
-20 -207.718 -42 33 -42.1037 -57.8077 -20.5723 -60.4998 
-20 -209.144 -43 33 -41.0376 -56.9906 -23.2216 -61.1815 
-18 -198.824 -38 30 -52.8751 -58.6319 -19.6091 -52.1622 
-20 -205.883 -42 33 -46.7796 -58.4314 -21.9702 -58.5008 
-12 -202.38 -37 30 -48.2689 -57.55 -18.2803 -54.4213 
-20 -203.637 -41 32 -48.4085 -59.3346 -20.218 -57.42 
-16 -207.181 -40 32 -43.2869 -56.5259 -19.6679 -58.038 
-16 -202.82 -38 31 -51.869 -58.0175 -16.5033 -51.0813 
-16 -198.92 -37 30 -54.6884 -58.7936 -17.7632 -50.0129 
-16 -205.174 -38 31 -45.9137 -56.5768 -16.056 -53.7621 
-12 -211.172 -41 32 -44.5218 -57.3429 -19.4104 -57.3563 
-20 -207.258 -43 32 -45.9932 -58.1587 -23.7487 -58.5235 
-12 -203.458 -39 31 -53.3409 -59.5598 -20.4245 -53.6072 
-12 -200.812 -37 30 -51.3748 -60.3515 -18.0091 -52.8715 
-12 -209.63 -41 31 -48.1981 -57.694 -20.8881 -55.38 
-20 -203.495 -42 32 -50.4483 -61.319 -22.596 -56.552 
-12 -199.695 -38 31 -57.7959 -62.7201 -19.2718 -51.6356 
-12 -199.695 -38 31 -57.7959 -62.7201 -19.2718 -51.6357 
-12 -202.74 -38 30 -51.5957 -57.8148 -20.5597 -52.844 
-12 -209.337 -41 32 -49.1977 -57.9666 -20.8083 -55.3573 
-20 -208.062 -42 33 -40.8243 -56.9906 -21.5229 -61.1815 
-14 -200.173 -37 30 -54.6884 -58.7936 -17.7632 -50.0129 
-12 -198.976 -37 30 -56.0507 -60.9751 -19.407 -50.8725 
-20 -204.874 -42 33 -48.8743 -60.2626 -21.0334 -58.8649 
-16 -205.295 -40 31 -48.2425 -57.694 -20.1949 -55.38 
-12 -207.091 -40 31 -50.8266 -58.8699 -19.056 -54.2765 
-12 -198.069 -36 30 -56.4045 -56.7468 -22.8436 -48.6177 
-20 -207.073 -42 32 -42.6665 -57.8939 -21.4693 -60.1007 
-12 -203.274 -38 31 -50.0141 -59.295 -18.1452 -55.1844 
-16 -201.531 -39 31 -52.6975 -60.8543 -19.0422 -53.4085 
-12 -203.617 -38 31 -48.7347 -58.4779 -19.0958 -55.8662 
-20 -205.956 -43 33 -49.0876 -60.2626 -22.7321 -58.8649 
-12 -198.739 -36 30 -58.3475 -59.8248 -17.7632 -47.1007 
-20 -205.238 -42 32 -47.3424 -58.5176 -22.8673 -58.1018 
-12 -201.438 -38 31 -54.69 -59.9187 -19.5431 -53.1855 
-12 -201.785 -36 30 -48.6823 -58.731 -15.4552 -52.6074 
-20 -206.176 -42 32 -45.78 -58.1587 -22.05 -58.5235 
-20 -204.468 -41 32 -47.7558 -59.6985 -20.0421 -56.2878 
-12 -211.516 -41 32 -43.2424 -56.5259 -20.361 -58.038 
-12 -200.668 -37 31 -55.1034 -61.0996 -16.7179 -51.3715 
-16 -205.11 -39 31 -44.9157 -57.4292 -17.9156 -56.9572 
-16 -203.993 -40 32 -51.3368 -59.7978 -19.1783 -55.7214 
-12 -201.156 -37 30 -50.0954 -59.5344 -18.9597 -53.5532 
-20 -207.417 -42 32 -41.3871 -57.0768 -22.42 -60.7825 
-20 -202.413 -41 32 -50.235 -61.319 -20.8973 -56.552 
-12 -199.95 -36 30 -53.3582 -59.3546 -16.8531 -50.6084 
-26 -203.86 -43 32 -45.9932 -58.1587 -23.7487 -58.5235 
-18 -200.06 -39 31 -53.3409 -59.5598 -20.4245 -53.6072 
-16 -203.274 -39 31 -49.5916 -58.0528 -19.3135 -54.9583 
-16 -202.505 -38 31 -50.005 -59.2338 -16.4883 -53.1443 
-12 -198.413 -36 30 -55.1251 -55.9297 -23.7942 -49.2994 
-20 -205.991 -41 32 -42.4532 -57.8939 -19.7707 -60.1007 
FEATURES_TXT_END_0
FEATURES_TXT_BEGIN_0 16 100 8 Distortion0_0 LM0_0 WordPenalty0_0 PhrasePenalty0_0 TranslationModel0_0 TranslationModel0_1 TranslationModel0_2 TranslationModel0_3 
-12 -159.272 -36 28 -40.6878 -49.0458 -27.4134 -64.4396 
-12 -155.627 -37 29 -43.0339 -50.8014 -32.2053 -70.6654 
-12 -160.434 -35 28 -39.7231 -48.3784 -24.9496 -60.9592 
-12 -156.79 -36 29 -42.0693 -50.1341 -29.7415 -67.185 
-12 -155.548 -37 28 -39.3173 -51.8806 -31.6195 -74.6214 
-18 -155.153 -36 29 -40.0952 -47.5849 -31.3509 -66.5384 
-12 -156.71 -36 28 -38.3527 -51.2133 -29.1556 -71.141 
-20 -152.683 -36 28 -42.4272 -52.1181 -27.8189 -65.6153 
-17 -156.162 -35 27 -40.222 -48.1178 -26.598 -62.9947 
-17 -152.518 -36 28 -42.5681 -49.8735 -31.3899 -69.2205 
-18 -157.846 -36 28 -40.0955 -49.0458 -24.7256 -64.4396 
-18 -154.201 -37 29 -42.4416 -50.8014 -29.5175 -70.6654 
-12 -160.342 -36 28 -39.4084 -48.2287 -28.364 -65.1214 
-12 -156.698 -37 29 -41.7545 -49.9844 -33.156 -71.3471 
-17 -157.325 -34 27 -39.2574 -47.4505 -24.1341 -59.5143 
-17 -153.68 -35 28 -41.6035 -49.2061 -28.9261 -65.7401 
-18 -159.008 -35 28 -39.1309 -48.3784 -22.2617 -60.9592 
-18 -155.364 -36 29 -41.477 -50.1341 -27.0536 -67.185 
-12 -161.505 -35 28 -38.4437 -47.5613 -25.9002 -61.641 
-12 -157.86 -36 29 -40.7899 -49.317 -30.6921 -67.8668 
-12 -160.151 -36 28 -41.9672 -49.8628 -26.4628 -63.7579 
-12 -156.507 -37 29 -44.3133 -51.6185 -31.2547 -69.9836 
-18 -156.842 -36 28 -40.6878 -49.0458 -27.4134 -64.4396 
-12 -161.313 -35 28 -41.0025 -49.1955 -23.9989 -60.2775 
-12 -157.669 -36 29 -43.3486 -50.9512 -28.7909 -66.5032 
-12 -160.184 -35 27 -38.4759 -47.3895 -27.5788 -62.9459 
-12 -156.54 -36 28 -40.822 -49.1452 -32.3707 -69.1717 
-12 -158.464 -36 28 -42.3531 -49.9147 -28.8962 -65.8455 
-12 -154.82 -37 29 -44.6992 -51.6704 -33.6882 -72.0712 
-12 -161.347 -34 27 -37.5113 -46.7222 -25.115 -59.4655 
-12 -157.702 -35 28 -39.8574 -48.4779 -29.9069 -65.6913 
-22 -158.904 -36 29 -35.6587 -43.3446 -29.286 -63.7587 
-12 -159.755 -35 27 -40.222 -48.1178 -26.598 -62.9947 
-12 -156.11 -36 28 -42.5681 -49.8735 -31.3899 -69.2205 
-17 -152.438 -36 27 -38.8515 -50.9527 -30.8041 -73.1765 
-18 -154.121 -37 28 -38.7251 -51.8806 -28.9316 -74.6214 
-12 -159.626 -35 28 -41.3885 -49.2474 -26.4324 -62.3651 
-12 -155.982 -36 29 -43.7346 -51.003 -31.2243 -68.5908 
-12 -156.618 -37 28 -38.0379 -51.0636 -32.5701 -75.3032 
-23 -152.043 -35 28 -39.6294 -46.657 -30.5355 -65.0934 
-24 -153.726 -36 29 -39.5029 -47.5849 -28.6631 -66.5384 
-12 -160.917 -34 27 -39.2574 -47.4505 -24.1341 -59.5143 
-12 -157.273 -35 28 -41.6035 -49.2061 -28.9261 -65.7401 
-18 -156.223 -36 29 -38.8158 -46.7679 -32.3015 -67.2201 
-17 -153.6 -35 27 -37.8869 -50.2853 -28.3402 -69.6961 
-25 -149.573 -35 27 -41.9614 -51.1902 -27.0035 -64.1704 
-19 -154.948 -35 27 -40.0521 -49.0778 -27.0034 -63.7679 
-19 -151.304 -36 28 -42.3982 -50.8335 -31.7954 -69.9936 
-18 -155.284 -36 28 -37.7604 -51.2133 -26.4678 -71.141 
-26 -151.257 -36 28 -41.8349 -52.1181 -25.131 -65.6153 
-12 -157.781 -36 28 -37.0733 -50.3962 -30.1063 -71.8228 
-20 -153.754 -36 28 -41.1478 -51.3011 -28.7695 -66.2971 
-18 -157.595 -36 28 -40.351 -49.032 -26.1325 -65.4227 
-18 -153.95 -37 29 -42.6971 -50.7877 -30.9244 -71.6485 
-12 -156.427 -37 28 -40.5967 -52.6977 -30.6689 -73.9396 
-19 -156.11 -34 27 -39.0875 -48.4104 -24.5396 -60.2875 
-19 -152.466 -35 28 -41.4336 -50.1661 -29.3315 -66.5133 
-18 -156.032 -36 29 -41.3746 -48.402 -30.4003 -65.8566 
-18 -157.418 -36 28 -40.6878 -49.0458 -27.4134 -64.4396 
-18 -158.916 -36 28 -38.8161 -48.2287 -25.6762 -65.1214 
-18 -155.272 -37 29 -41.1622 -49.9844 -30.4681 -71.3471 
-12 -158.881 -35 27 -39.4851 -48.9129 -28.272 -64.381 
-18 -158.757 -35 28 -39.3864 -48.3646 -23.6686 -61.9423 
-12 -155.237 -36 28 -41.8313 -50.6686 -33.0639 -70.6068 
-18 -155.113 -36 29 -41.7325 -50.1203 -28.4606 -68.1681 
-12 -157.589 -36 28 -39.6321 -52.0304 -28.205 -70.4593 
-20 -153.562 -36 28 -43.7066 -52.9352 -26.8683 -64.9335 
-12 -156.46 -36 27 -37.1054 -50.2244 -31.7849 -73.1277 
-18 -158.58 -35 28 -39.7231 -48.3784 -24.9496 -60.9592 
-18 -160.079 -35 28 -37.8515 -47.5613 -23.2123 -61.641 
-18 -156.434 -36 29 -40.1976 -49.317 -28.0043 -67.8668 
-18 -156.065 -35 28 -37.8833 -45.9287 -31.5163 -65.0447 
-12 -160.043 -34 27 -38.5205 -48.2455 -25.8081 -60.9006 
-12 -156.399 -35 28 -40.8666 -50.0012 -30.6 -67.1264 
-12 -161.222 -36 28 -40.6878 -49.0458 -27.4134 -64.4396 
-12 -157.577 -37 29 -43.0339 -50.8014 -32.2053 -70.6654 
-12 -154.74 -37 28 -40.9827 -52.7496 -33.1023 -76.0272 
-12 -157.623 -35 27 -36.1408 -49.5571 -29.321 -69.6473 
-12 -159.036 -37 29 -41.0598 -48.2523 -33.8148 -70.0187 
-23 -153.733 -35 27 -40.222 -48.1178 -26.598 -62.9947 
-20 -153.596 -35 27 -40.2153 -50.4619 -27.9843 -64.1216 
-24 -155.416 -36 28 -40.0955 -49.0458 -24.7256 -64.4396 
-18 -154.345 -36 29 -41.7605 -48.4539 -32.8338 -67.9442 
-12 -156.031 -36 27 -38.8515 -50.9527 -30.8041 -73.1765 
-18 -157.913 -36 28 -39.4084 -48.2287 -28.364 -65.1214 
-24 -154.945 -37 28 -40.3477 -49.6936 -27.8189 -66.7139 
-12 -162.384 -35 28 -39.7231 -48.3784 -24.9496 -60.9593 
-12 -158.74 -36 29 -42.0692 -50.1341 -29.7415 -67.185 
-18 -155.635 -35 28 -39.6294 -46.657 -30.5355 -65.0934 
-12 -155.902 -36 28 -40.018 -52.0822 -30.6385 -72.5468 
-12 -161.247 -35 27 -37.1965 -46.5725 -28.5294 -63.6277 
-12 -157.603 -36 28 -39.5426 -48.3281 -33.3214 -69.8534 
-12 -160.198 -36 29 -40.0952 -47.5849 -31.3509 -66.5384 
-20 -151.875 -36 28 -44.0925 -52.9871 -29.3017 -67.0211 
-12 -162.466 -36 29 -41.0874 -49.3194 -28.1672 -61.3906 
-12 -158.821 -37 30 -43.4335 -51.075 -32.9591 -67.6163 
-12 -162.699 -37 29 -40.1403 -47.6929 -29.5953 -66.9783 
-12 -157.193 -35 27 -37.8869 -50.2853 -28.3402 -69.6961 
-24 -151.704 -36 28 -42.4272 -52.1181 -27.8189 -65.6153 
-20 -153.166 -35 27 -41.9614 -51.1902 -27.0035 -64.1704 
FEATURES_TXT_END_0
FEATURES_TXT_BEGIN_0 17 100 8 Distortion0_0 LM0_0 WordPenalty0_0 PhrasePenalty0_0 TranslationModel0_0 TranslationModel0_1 TranslationModel0_2 TranslationModel0_3 
-18 -239.836 -39 37 -54.5421 -76.5285 -31.7663 -76.1065 
-18 -242.287 -39 37 -51.5872 -74.2348 -31.7663 -75.3381 
-18 -239.042 -39 37 -54.078 -76.7255 -32.7307 -77.8341 
-18 -241.493 -39 37 -51.123 -74.4319 -32.7307 -77.0657 
-28 -237.011 -38 37 -50.716 -71.8443 -30.3938 -73.7449 
-18 -240.538 -39 37 -54.1366 -75.8784 -32.4594 -75.5469 
-18 -241.948 -40 37 -54.1674 -76.438 -32.4594 -76.5277 
-18 -242.989 -39 37 -51.1817 -73.5848 -32.4594 -74.7785 
-18 -240.999 -39 37 -53.31 -75.1569 -32.8649 -75.691 
-18 -243.45 -39 37 -50.355 -72.8633 -32.8649 -74.9226 
-18 -239.743 -39 37 -53.6725 -76.0755 -33.4239 -77.2745 
-22 -240.355 -39 37 -51.5872 -74.2348 -31.7663 -75.3381 
-18 -241.154 -40 37 -53.7033 -76.6351 -33.4239 -78.2553 
-18 -242.194 -39 37 -50.7176 -73.7819 -33.4239 -76.5061 
-18 -240.205 -39 37 -52.8458 -75.354 -33.8293 -77.4186 
-8 -250.135 -38 35 -45.2714 -74.9353 -26.1712 -76.2525 
-28 -237.712 -38 37 -50.3106 -71.1943 -31.0869 -73.1853 
-18 -242.656 -39 37 -49.8909 -73.0603 -33.8293 -76.6502 
-8 -252.586 -38 35 -42.3164 -72.6417 -26.1712 -75.4842 
-18 -240.646 -39 37 -53.2627 -75.7114 -32.7169 -76.7882 
-18 -243.097 -39 37 -50.3078 -73.4178 -32.7169 -76.0199 
-22 -239.561 -39 37 -51.123 -74.4319 -32.7307 -77.0657 
-18 -242.65 -40 37 -53.7619 -75.788 -33.1526 -75.9681 
-18 -241.701 -39 37 -52.9045 -74.5069 -33.5581 -75.1313 
-8 -249.341 -38 35 -44.8072 -75.1324 -27.1356 -77.9802 
-18 -243.111 -40 37 -52.9353 -75.0665 -33.5581 -76.1122 
-18 -244.152 -39 37 -49.9496 -72.2133 -33.5581 -74.363 
-8 -251.792 -38 35 -41.8523 -72.8387 -27.1356 -77.2118 
-12 -246.687 -38 35 -48.0848 -75.3655 -26.1712 -76.2525 
-22 -241.057 -39 37 -51.1817 -73.5848 -32.4594 -74.7785 
-18 -247.31 -37 35 -41.4453 -70.2511 -24.7987 -73.891 
-12 -246.53 -38 35 -49.3642 -76.1826 -25.2206 -75.5708 
-12 -249.139 -38 35 -45.1298 -73.0719 -26.1712 -75.4842 
-18 -244.765 -40 37 -51.7695 -74.2348 -32.4594 -75.3381 
-18 -241.855 -40 37 -53.2978 -75.9851 -34.117 -77.6957 
-12 -248.981 -38 35 -46.4092 -73.889 -25.2206 -74.8024 
-18 -240.906 -39 37 -52.4404 -74.704 -34.5225 -76.859 
-8 -250.837 -38 35 -44.8659 -74.2853 -26.8644 -75.6929 
-18 -242.317 -40 37 -52.4711 -75.2635 -34.5225 -77.8398 
-8 -252.247 -39 35 -44.8967 -74.8449 -26.8644 -76.6738 
-18 -243.358 -39 37 -49.4854 -72.4103 -34.5225 -76.0906 
-8 -253.288 -38 35 -41.911 -71.9917 -26.8644 -74.9246 
-18 -241.348 -39 37 -52.8572 -75.0614 -33.4101 -76.2286 
-8 -251.298 -38 35 -44.0392 -73.5637 -27.2698 -75.837 
-18 -242.758 -40 37 -52.888 -75.621 -33.4101 -77.2095 
-12 -245.893 -38 35 -47.6206 -75.5626 -27.1356 -77.9802 
-18 -243.799 -39 37 -49.9023 -72.7678 -33.4101 -75.4603 
-8 -253.749 -38 35 -41.0843 -71.2701 -27.2698 -75.0687 
-18 -241.809 -39 37 -52.0306 -74.3398 -33.8155 -76.3727 
-22 -240.262 -39 37 -50.7176 -73.7819 -33.4239 -76.5061 
-12 -245.736 -38 35 -48.9 -76.3797 -26.185 -77.2984 
-22 -240.887 -38 37 -51.6236 -71.7522 -31.4786 -73.0519 
-12 -248.344 -38 35 -44.6657 -73.269 -27.1356 -77.2118 
-18 -243.97 -40 37 -51.3054 -74.4319 -33.4239 -77.0657 
-18 -239.834 -39 37 -54.7976 -76.5147 -33.1732 -77.0896 
-18 -239.736 -39 37 -55.3574 -77.5426 -31.7801 -77.1523 
-18 -244.26 -39 37 -49.0756 -72.0462 -33.8155 -75.6044 
-12 -248.187 -38 35 -45.9451 -74.0861 -26.185 -76.53 
-26 -236.818 -38 37 -52.2154 -72.8633 -32.1718 -74.9226 
-22 -243.338 -38 37 -48.6686 -69.4586 -31.4786 -72.2835 
-8 -250.042 -38 35 -44.4018 -74.4824 -27.8288 -77.4205 
-12 -250.654 -38 35 -42.3164 -72.6417 -26.1712 -75.4842 
-18 -242.285 -39 37 -51.8426 -74.2211 -33.1732 -76.3212 
-22 -243.862 -37 35 -44.2587 -70.6814 -24.7987 -73.891 
-18 -243.813 -40 37 -52.5298 -74.4165 -34.2512 -75.5526 
-18 -242.187 -39 37 -52.4024 -75.249 -31.7801 -76.384 
-28 -239.488 -39 37 -50.8984 -71.8443 -31.087 -73.7449 
-8 -251.453 -39 35 -44.4325 -75.0419 -27.8288 -78.4014 
-8 -252.493 -38 35 -41.4468 -72.1887 -27.8288 -76.6522 
-22 -243.705 -37 35 -45.5381 -71.4984 -23.8481 -73.2092 
-22 -241.165 -39 37 -50.3078 -73.4178 -32.7169 -76.0199 
-8 -250.504 -38 35 -43.5751 -73.7608 -28.2342 -77.5647 
-12 -247.389 -38 35 -47.6793 -74.7155 -26.8644 -75.6929 
-18 -240.282 -38 37 -57.006 -76.6902 -28.1287 -73.9572 
-18 -248.011 -37 35 -41.0398 -69.6011 -25.4919 -73.3314 
-12 -247.232 -38 35 -48.9587 -75.5326 -25.9137 -75.0112 
-8 -252.955 -38 35 -40.6202 -71.4672 -28.2342 -76.7963 
-12 -248.799 -39 35 -47.7101 -75.2751 -26.8644 -76.6738 
-8 -250.945 -38 35 -43.992 -74.1182 -27.1218 -76.9343 
-12 -249.84 -38 35 -44.7244 -72.4219 -26.8644 -74.9246 
-18 -245.466 -40 37 -51.364 -73.5848 -33.1526 -74.7785 
-12 -247.85 -38 35 -46.8526 -73.994 -27.2698 -75.837 
-12 -248.642 -39 35 -48.9895 -76.0922 -25.9138 -75.992 
-12 -248.386 -38 35 -45.2714 -74.9353 -26.1712 -76.2525 
-18 -242.734 -38 37 -54.051 -74.3966 -28.1287 -73.1888 
-18 -239.04 -39 37 -54.3334 -76.7117 -34.1376 -78.8172 
-12 -249.683 -38 35 -46.0038 -73.239 -25.9137 -74.2428 
-8 -249.318 -38 35 -49.3642 -76.1826 -25.2206 -75.5708 
-8 -253.396 -38 35 -41.037 -71.8246 -27.1218 -76.1659 
-12 -247.693 -38 35 -48.132 -74.811 -26.3192 -75.1553 
-12 -249.86 -38 35 -41.8523 -72.8387 -27.1356 -77.2118 
-12 -250.302 -38 35 -43.8977 -71.7003 -27.2698 -75.0687 
-22 -238.701 -39 37 -54.5421 -76.5285 -31.7663 -76.1065 
-18 -245.928 -40 37 -50.5374 -72.8633 -33.5581 -74.9226 
-12 -250.837 -38 35 -42.3164 -72.6417 -26.1712 -75.4842 
-18 -241.491 -39 37 -51.3785 -74.4181 -34.1376 -78.0488 
-18 -243.018 -40 37 -52.0657 -74.6135 -35.2156 -77.2802 
-8 -252.948 -39 35 -44.4912 -74.1949 -27.5575 -76.1141 
-8 -251.769 -38 35 -46.4092 -73.889 -25.2206 -74.8024 
-12 -250.144 -38 35 -45.1771 -72.5174 -26.3192 -74.3869 
FEATURES_TXT_END_0
FEATURES_TXT_BEGIN_0 18 100 8 Distortion0_0 LM0_0 WordPenalty0_0 PhrasePenalty0_0 TranslationModel0_0 TranslationModel0_1 TranslationModel0_2 TranslationModel0_3 
-38 -279.695 -68 56 -84.061 -100.144 -51.2846 -115.882 
-38 -279.755 -68 55 -80.4732 -101.469 -51.1822 -117.962 
-38 -277.754 -68 56 -86.1482 -101.857 -52.3832 -116.773 
-32 -281.684 -67 54 -83.1542 -100.176 -50.8935 -115.21 
-36 -282.506 -68 55 -80.8787 -100.144 -50.4891 -115.882 
-38 -279.513 -68 56 -84.4936 -100.892 -51.8998 -115.825 
-38 -277.814 -68 55 -82.5605 -103.183 -52.2808 -118.853 
-46 -275.183 -69 56 -82.0718 -100.318 -56.2988 -118.927 
-42 -277.388 -68 56 -84.4936 -100.892 -51.8998 -115.825 
-32 -279.743 -67 54 -85.2414 -101.889 -51.9921 -116.101 
-36 -280.565 -68 55 -82.9659 -101.857 -51.5877 -116.773 
-32 -281.384 -67 54 -83.5868 -100.924 -51.5087 -115.154 
-38 -276.814 -69 57 -86.6542 -103.649 -54.5817 -121.747 
-38 -279.573 -68 55 -80.9059 -102.217 -51.7974 -117.905 
-38 -277.572 -68 56 -86.5808 -102.605 -52.9984 -116.716 
-32 -281.502 -67 54 -83.5868 -100.924 -51.5087 -115.154 
-36 -282.324 -68 55 -81.3113 -100.892 -51.1042 -115.825 
-36 -281.506 -68 55 -81.5718 -101.371 -51.1822 -117.268 
-46 -275.243 -69 55 -78.4841 -101.643 -56.1964 -121.006 
-42 -277.448 -68 55 -80.9059 -102.217 -51.7974 -117.905 
-38 -280.747 -68 55 -79.1938 -100.652 -52.1328 -118.643 
-38 -284.215 -68 56 -79.5351 -97.0251 -50.186 -116.215 
-46 -273.241 -69 56 -84.159 -102.031 -57.3974 -119.818 
-42 -275.447 -68 56 -86.5808 -102.605 -52.9984 -116.716 
-38 -280.049 -66 56 -83.3861 -97.5177 -50.3352 -112.197 
-32 -279.442 -67 54 -85.674 -102.637 -52.6073 -116.045 
-38 -274.873 -69 57 -88.7414 -105.363 -55.6804 -122.638 
-40 -277.172 -68 54 -81.165 -100.35 -55.9077 -118.255 
-36 -279.377 -67 54 -83.5868 -100.924 -51.5087 -115.154 
-44 -277.994 -69 55 -78.8895 -100.318 -55.5033 -118.927 
-40 -280.2 -68 55 -81.3113 -100.892 -51.1042 -115.825 
-38 -277.631 -68 55 -82.9931 -103.931 -52.896 -118.796 
-46 -275.001 -69 56 -82.5044 -101.066 -56.914 -118.87 
-34 -283.398 -68 56 -84.061 -100.144 -51.2846 -115.882 
-32 -279.561 -67 54 -85.674 -102.637 -52.6073 -116.045 
-36 -280.383 -68 55 -83.3986 -102.605 -52.2029 -116.716 
-32 -285.797 -68 55 -80.8787 -100.144 -50.4891 -115.882 
-32 -281.202 -67 54 -84.0195 -101.672 -52.1239 -115.097 
-38 -276.632 -69 57 -87.0868 -104.397 -55.1969 -121.69 
-38 -279.459 -68 56 -84.7541 -101.371 -51.9778 -117.268 
-39 -278.441 -67 54 -83.1542 -100.176 -50.8935 -115.21 
-38 -284.304 -69 57 -81.7855 -100.111 -50.8802 -116.554 
-36 -279.565 -68 55 -83.6591 -103.084 -52.2808 -118.159 
-38 -280.082 -68 56 -83.4312 -99.7956 -53.5359 -117.152 
-38 -281.334 -68 56 -82.7816 -99.3264 -52.2352 -116.564 
-38 -279.46 -68 57 -87.0567 -100.205 -54.5427 -114.868 
-38 -281.886 -68 56 -83.9652 -100.781 -49.8183 -115.068 
-38 -284.275 -68 55 -75.9473 -98.3507 -50.0836 -118.294 
-46 -273.301 -69 55 -80.5713 -103.357 -57.295 -121.897 
-42 -275.507 -68 55 -82.9931 -103.931 -52.896 -118.796 
-34 -283.609 -68 56 -84.061 -100.144 -51.2846 -115.882 
-38 -280.109 -66 55 -79.7983 -98.8434 -50.2328 -114.276 
-38 -278.806 -68 55 -81.2811 -102.366 -53.2314 -119.534 
-38 -282.274 -68 56 -81.6223 -98.7388 -51.2846 -117.106 
-36 -281.324 -68 55 -82.0045 -102.119 -51.7974 -117.212 
-38 -278.108 -66 56 -85.4733 -99.2314 -51.4339 -113.088 
-32 -286.204 -67 54 -78.6283 -97.0571 -49.7949 -115.543 
-50 -272.876 -69 56 -82.5044 -101.066 -56.914 -118.87 
-40 -275.23 -68 54 -83.2523 -102.063 -57.0063 -119.146 
-36 -287.026 -68 55 -76.3528 -97.0251 -49.3904 -116.215 
-36 -277.436 -67 54 -85.674 -102.637 -52.6073 -116.045 
-38 -285.145 -69 57 -80.4833 -99.3634 -51.2428 -116.611 
-44 -276.053 -69 55 -80.9768 -102.031 -56.6019 -119.818 
-40 -278.258 -68 55 -83.3986 -102.605 -52.2029 -116.716 
-32 -282.038 -65 54 -82.4793 -97.5497 -49.9441 -111.525 
-40 -276.871 -68 54 -81.5977 -101.098 -56.5229 -118.198 
-36 -279.077 -67 54 -84.0195 -101.672 -52.1239 -115.097 
-36 -282.86 -66 55 -80.2038 -97.5177 -49.5397 -112.197 
-46 -272.302 -70 57 -84.665 -103.823 -59.596 -124.791 
-42 -274.507 -69 57 -87.0868 -104.397 -55.1969 -121.69 
-32 -282.376 -67 54 -82.3074 -100.107 -52.4593 -115.835 
-46 -275.06 -69 55 -78.9167 -102.391 -56.8116 -120.95 
-34 -283.458 -68 55 -80.4732 -101.469 -51.1822 -117.962 
-38 -282.271 -69 56 -84.1367 -100.144 -53.9139 -115.882 
-44 -280.971 -69 57 -81.7855 -100.111 -50.8802 -116.554 
-38 -280.565 -68 55 -79.6265 -101.4 -52.748 -118.587 
-42 -282.179 -69 57 -81.7855 -100.111 -50.8802 -116.554 
-38 -284.033 -68 56 -79.9677 -97.7731 -50.8012 -116.158 
-46 -273.059 -69 56 -84.5917 -102.78 -58.0126 -119.761 
-34 -281.457 -68 56 -86.1482 -101.857 -52.3832 -116.773 
-34 -283.082 -68 56 -84.4936 -100.892 -51.8998 -115.825 
-32 -283.856 -68 55 -82.9659 -101.857 -51.5877 -116.773 
-32 -279.26 -67 54 -86.1067 -103.385 -53.2225 -115.988 
-38 -282.147 -68 55 -82.258 -101.225 -48.9963 -116.019 
-38 -274.691 -69 57 -89.174 -106.111 -56.2955 -122.581 
-40 -276.99 -68 54 -81.5977 -101.098 -56.5229 -118.198 
-28 -285.387 -67 54 -83.1542 -100.176 -50.8935 -115.21 
-44 -277.812 -69 55 -79.3222 -101.066 -56.1185 -118.87 
-32 -286.209 -68 55 -80.8787 -100.144 -50.4891 -115.882 
-38 -284.364 -69 56 -78.1977 -101.437 -50.7778 -118.633 
-38 -277.517 -68 56 -86.8413 -103.084 -53.0764 -118.159 
-34 -283.704 -66 56 -82.9534 -96.7696 -49.7201 -112.254 
-38 -277.883 -67 56 -85.6014 -101.146 -51.2846 -117.226 
-39 -276.5 -67 54 -85.2414 -101.889 -51.9921 -116.101 
-38 -280.141 -68 55 -79.8435 -101.121 -53.4335 -119.231 
-38 -278.647 -68 56 -85.8527 -103.16 -52.3832 -116.981 
-42 -279.239 -68 56 -82.7816 -99.3264 -52.2352 -116.564 
-38 -282.363 -69 57 -83.8727 -101.825 -51.9788 -117.445 
-38 -278.14 -68 56 -85.5184 -101.509 -54.6345 -118.043 
-42 -279.089 -68 56 -84.061 -100.144 -51.2846 -115.882 
FEATURES_TXT_END_0
FEATURES_TXT_BEGIN_0 19 100 8 Distortion0_0 LM0_0 WordPenalty0_0 PhrasePenalty0_0 TranslationModel0_0 TranslationModel0_1 TranslationModel0_2 TranslationModel0_3 
-36 -155.278 -40 30 -49.8894 -76.6857 -37.4422 -81.1177 
-30 -156.709 -39 31 -51.3566 -76.6857 -37.8481 -81.1177 
-39 -148.403 -40 30 -54.1641 -81.9129 -37.6653 -84.6407 
-36 -154.661 -40 32 -52.8766 -77.5027 -38.6278 -80.4359 
-32 -157.141 -39 31 -50.6828 -76.6857 -34.7917 -81.1177 
-30 -156.083 -38 31 -51.376 -76.6857 -34.7917 -81.1177 
-30 -156.093 -39 33 -54.3438 -77.5027 -39.0337 -80.4359 
-36 -156.991 -40 31 -49.0448 -76.0325 -37.2664 -80.83 
-39 -147.786 -40 32 -57.1513 -82.73 -38.851 -83.9589 
-36 -158.442 -40 30 -48.9956 -74.5916 -35.7374 -79.235 
-35 -150.266 -39 31 -54.9575 -81.9129 -35.0149 -84.6407 
-30 -157.205 -39 30 -50.5826 -76.6857 -37.4422 -81.1177 
-32 -156.525 -39 33 -53.6701 -77.5027 -35.9774 -80.4359 
-36 -156.565 -40 31 -51.3737 -74.2083 -39.7329 -79.2167 
-30 -155.467 -38 33 -54.3632 -77.5027 -35.9774 -80.4359 
-39 -148.254 -39 30 -56.0359 -81.417 -35.8736 -81.5169 
-36 -158.585 -41 32 -50.5097 -73.5551 -42.6135 -78.929 
-30 -158.423 -39 32 -50.512 -76.0325 -37.6723 -80.83 
-30 -159.874 -39 31 -50.4627 -74.5916 -36.1433 -79.235 
-39 -150.116 -40 31 -53.3195 -81.2598 -37.4895 -84.353 
-39 -151.567 -40 30 -53.2703 -79.8189 -35.9606 -82.758 
-36 -150.164 -39 30 -56.0359 -81.417 -35.8736 -81.5169 
-39 -146.514 -39 30 -57.0452 -82.9403 -36.5667 -82.952 
-30 -157.997 -39 32 -52.8408 -74.2083 -40.1388 -79.2167 
-36 -156.374 -40 33 -52.0321 -76.8496 -38.452 -80.1482 
-36 -157.825 -40 32 -51.9828 -75.4087 -36.9231 -78.5532 
-32 -158.854 -39 32 -49.8383 -76.0325 -34.6159 -80.83 
-35 -149.65 -39 33 -57.9448 -82.73 -36.2005 -83.9589 
-32 -160.305 -39 31 -49.789 -74.5916 -33.087 -79.235 
-36 -156.321 -40 30 -48.61 -75.8686 -38.3928 -81.7994 
-30 -157.797 -38 32 -50.5314 -76.0325 -34.6159 -80.83 
-39 -149.69 -40 31 -55.6484 -79.4355 -39.9561 -82.7397 
-30 -159.248 -38 31 -50.4822 -74.5916 -33.087 -79.235 
-30 -160.017 -40 33 -51.9768 -73.5551 -43.0194 -78.9291 
-30 -157.023 -39 31 -50.9511 -76.6857 -39.2344 -81.1177 
-30 -156.588 -39 32 -53.5698 -77.5027 -38.6278 -80.4359 
-39 -151.711 -41 32 -54.7844 -78.7823 -42.8366 -82.4521 
-26 -159.068 -38 31 -51.376 -76.6857 -34.7917 -81.1177 
-30 -154.686 -38 31 -53.0227 -77.6686 -36.6376 -81.6344 
-36 -155.948 -40 33 -54.3609 -75.0253 -40.9186 -78.535 
-32 -158.428 -39 32 -52.1671 -74.2083 -37.0825 -79.2167 
-39 -147.637 -39 32 -59.0232 -82.234 -37.0592 -80.8351 
-35 -150.117 -38 31 -56.8293 -81.4169 -33.2231 -81.5169 
-30 -157.371 -38 32 -52.8603 -74.2083 -37.0825 -79.2167 
-30 -157.806 -39 34 -53.4992 -76.8496 -38.8579 -80.1482 
-32 -160.449 -40 33 -51.3031 -73.5551 -39.963 -78.929 
-30 -159.257 -39 33 -53.45 -75.4087 -37.329 -78.5532 
-36 -150.838 -40 30 -55.2627 -82.9403 -37.6653 -82.952 
-30 -159.391 -39 33 -51.9963 -73.5551 -39.963 -78.9291 
-36 -155.693 -39 30 -51.7612 -76.1597 -35.6504 -78.119 
-39 -149.5 -40 33 -56.3068 -82.0768 -38.6752 -83.6713 
-36 -160.155 -40 31 -48.151 -73.9385 -35.5616 -78.9473 
-39 -150.951 -40 32 -56.2575 -80.6359 -37.1462 -82.0762 
-35 -151.98 -39 32 -54.113 -81.2598 -34.8391 -84.353 
-36 -149.548 -39 32 -59.0232 -82.234 -37.0592 -80.8351 
-35 -153.43 -39 31 -54.0637 -79.8189 -33.3101 -82.758 
-36 -157.431 -40 30 -49.8894 -74.8885 -37.4422 -80.2304 
-32 -152.028 -38 31 -56.8293 -81.4169 -33.2231 -81.5169 
-39 -145.897 -39 32 -60.0324 -83.7574 -37.7523 -82.2702 
-35 -148.377 -38 31 -57.8386 -82.9403 -33.9163 -82.952 
-30 -158.918 -39 31 -49.738 -76.0325 -37.2664 -80.83 
-30 -157.38 -39 34 -55.8281 -75.0253 -41.3245 -78.535 
-30 -160.369 -39 30 -49.6887 -74.5916 -35.7374 -79.235 
-32 -158.238 -39 34 -52.8255 -76.8496 -35.8016 -80.1482 
-32 -159.689 -39 33 -52.7762 -75.4087 -34.2726 -78.5532 
-36 -155.704 -40 32 -51.5972 -76.6857 -39.5784 -81.1177 
-36 -158.278 -40 32 -50.5291 -73.5551 -39.5571 -78.929 
-30 -157.18 -38 34 -53.5186 -76.8496 -35.8016 -80.1482 
-39 -149.074 -40 33 -58.6356 -80.2526 -41.1417 -82.058 
-32 -158.184 -39 31 -49.4034 -75.8686 -35.7423 -81.7994 
-36 -159.729 -40 31 -50.4799 -72.1142 -38.0282 -77.334 
-30 -158.631 -38 33 -53.4694 -75.4087 -34.2726 -78.5532 
-39 -149.967 -39 31 -55.1913 -80.7638 -35.6978 -81.2292 
-35 -151.554 -39 32 -56.4418 -79.4355 -37.3056 -82.7397 
-39 -151.418 -39 30 -55.1421 -79.3229 -34.1688 -79.6341 
-30 -156.406 -39 33 -53.9383 -77.5027 -40.42 -80.4359 
-32 -160.34 -39 31 -47.7424 -74.6855 -35.6371 -79.4344 
-36 -155.71 -39 30 -49.9088 -76.6857 -34.3858 -81.1177 
-36 -161.749 -41 32 -49.6159 -71.4611 -40.9087 -77.0463 
-26 -158.452 -38 33 -54.3632 -77.5027 -35.9774 -80.4359 
-36 -156.369 -39 31 -51.3931 -74.2083 -36.6766 -79.2167 
-24 -164.056 -38 30 -46.3459 -75.1975 -33.3952 -79.3516 
-35 -153.574 -40 33 -55.5778 -78.7823 -40.1862 -82.4521 
-30 -161.587 -39 32 -49.6182 -73.9385 -35.9675 -78.9473 
-30 -154.07 -38 33 -56.0099 -78.4857 -37.8232 -80.9526 
-30 -158.492 -39 31 -52.0668 -74.2083 -39.7329 -79.2167 
-30 -158.863 -39 31 -51.3566 -74.8885 -37.8481 -80.2304 
-32 -157.812 -39 34 -55.1543 -75.0253 -38.2681 -78.535 
-36 -158.39 -40 32 -50.5291 -73.5551 -39.5571 -78.929 
-35 -149.501 -38 33 -59.8166 -82.234 -34.4088 -80.8351 
-39 -153.28 -40 31 -52.4257 -79.1657 -35.7848 -82.4703 
-30 -156.754 -38 34 -55.8475 -75.0253 -38.2681 -78.535 
-36 -151.877 -39 31 -55.1913 -80.7638 -35.6978 -81.2292 
-30 -160.512 -40 32 -51.2028 -73.5551 -42.6135 -78.9291 
-36 -153.328 -39 30 -55.1421 -79.3229 -34.1688 -79.6341 
-39 -150.556 -40 30 -54.1641 -80.1158 -37.6653 -83.7534 
-39 -149.541 -39 31 -57.5202 -78.9395 -38.1643 -79.6159 
-39 -148.227 -39 31 -56.2006 -82.2872 -36.3909 -82.6643 
-39 -149.678 -39 30 -56.1514 -80.8463 -34.862 -81.0692 
-30 -159.13 -40 31 -50.786 -75.9555 -38.5984 -83.4783 
FEATURES_TXT_END_0
FEATURES_TXT_BEGIN_0 20 100 8 Distortion0_0 LM0_0 WordPenalty0_0 PhrasePenalty0_0 TranslationModel0_0 TranslationModel0_1 TranslationModel0_2 TranslationModel0_3 
-36 -251.326 -54 46 -63.403 -84.278 -46.5155 -98.5781 
-47 -244.654 -54 46 -63.6051 -82.2833 -48.2734 -99.1943 
-36 -254.256 -54 47 -61.3452 -80.802 -47.4524 -97.4628 
-44 -244.689 -54 46 -65.0684 -85.147 -47.9983 -99.984 
-47 -247.584 -54 47 -61.5473 -78.8072 -49.2103 -98.0789 
-36 -252.172 -54 46 -62.4116 -85.2764 -45.4169 -98.5781 
-44 -247.009 -54 46 -63.403 -84.278 -46.5155 -98.5781 
-44 -247.012 -54 46 -63.403 -84.278 -46.5155 -98.5781 
-47 -245.5 -54 46 -62.6137 -83.2817 -47.1747 -99.1943 
-44 -247.619 -54 47 -63.0106 -81.6709 -48.9352 -98.8686 
-43 -247.474 -54 46 -63.6051 -82.2833 -48.2734 -99.1943 
-42 -246.161 -54 46 -65.0684 -85.147 -47.9983 -99.984 
-36 -255.102 -54 47 -60.3539 -81.8004 -46.3538 -97.4628 
-44 -249.939 -54 47 -61.3452 -80.802 -47.4524 -97.4628 
-44 -249.942 -54 47 -61.3452 -80.802 -47.4524 -97.4628 
-44 -245.535 -54 46 -64.077 -86.1454 -46.8997 -99.984 
-42 -248.485 -54 46 -63.403 -84.278 -46.5155 -98.5781 
-48 -244.654 -54 46 -63.6051 -82.2833 -48.2734 -99.1943 
-47 -243.339 -54 46 -65.0684 -85.147 -47.9983 -99.984 
-36 -251.643 -55 47 -64.7352 -85.3331 -48.3792 -101.53 
-47 -248.43 -54 47 -60.5559 -79.8056 -48.1117 -98.0789 
-43 -250.404 -54 47 -61.5473 -78.8072 -49.2103 -98.0789 
-42 -249.091 -54 47 -63.0106 -81.6709 -48.9352 -98.8686 
-40 -249.779 -54 46 -63.403 -84.278 -46.5155 -98.5781 
-36 -252.383 -54 46 -62.1236 -83.461 -47.4661 -99.2599 
-38 -247.086 -55 46 -66.6962 -87.7013 -51.1405 -102.04 
-44 -247.856 -54 46 -62.4116 -85.2764 -45.4169 -98.5781 
-44 -247.859 -54 46 -62.4116 -85.2764 -45.4169 -98.5781 
-47 -244.971 -55 47 -64.9373 -83.3383 -50.137 -102.147 
-44 -248.465 -54 47 -62.0192 -82.6693 -47.8366 -98.8686 
-43 -248.32 -54 46 -62.6137 -83.2817 -47.1747 -99.1943 
-42 -251.415 -54 47 -61.3452 -80.802 -47.4524 -97.4628 
-48 -247.584 -54 47 -61.5473 -78.8072 -49.2103 -98.0789 
-42 -247.008 -54 46 -64.077 -86.1454 -46.8997 -99.984 
-47 -246.269 -54 47 -63.0106 -81.6709 -48.9352 -98.8686 
-36 -251.061 -53 46 -63.2669 -84.278 -44.9061 -98.5781 
-49 -240.413 -55 46 -66.8982 -85.7065 -52.8983 -102.656 
-36 -254.573 -55 48 -62.6775 -81.857 -49.3161 -100.415 
-40 -252.709 -54 47 -61.3452 -80.802 -47.4524 -97.4628 
-32 -252.804 -54 46 -64.7944 -83.9515 -49.2881 -99.8213 
-36 -255.313 -54 47 -60.0658 -79.9849 -48.403 -98.1445 
-30 -252.608 -54 46 -64.9983 -86.7437 -48.8826 -100.738 
-38 -250.016 -55 47 -64.6384 -84.2252 -52.0774 -100.924 
-50 -237.015 -51 45 -71.444 -85.3742 -45.1123 -92.4644 
-44 -250.786 -54 47 -60.3539 -81.8004 -46.3538 -97.4628 
-44 -250.789 -54 47 -60.3539 -81.8004 -46.3538 -97.4628 
-36 -251.777 -54 46 -63.2643 -82.5852 -48.7842 -99.9252 
-42 -249.331 -54 46 -62.4116 -85.2764 -45.4169 -98.5781 
-48 -245.5 -54 46 -62.6137 -83.2817 -47.1747 -99.1943 
-36 -251.081 -53 47 -66.269 -80.893 -50.6305 -94.5531 
-36 -252.748 -55 46 -63.1997 -84.278 -51.1405 -98.5781 
-47 -244.186 -54 46 -64.077 -86.1454 -46.8997 -99.984 
-47 -244.389 -53 46 -63.4689 -82.2833 -46.6639 -99.1943 
-47 -247.901 -55 48 -62.8795 -79.8622 -51.0739 -101.031 
-36 -252.762 -55 46 -63.1997 -84.278 -51.1405 -98.5781 
-43 -246.164 -54 46 -65.0684 -85.147 -47.9983 -99.984 
-36 -252.489 -55 47 -63.7439 -86.3315 -47.2806 -101.53 
-46 -240.449 -55 46 -68.3615 -88.5702 -52.6233 -103.445 
-36 -248.151 -53 47 -69.3894 -84.3691 -50.3251 -95.6685 
-46 -247.931 -53 48 -65.9206 -80.7866 -47.6193 -92.02 
-43 -251.25 -54 47 -60.5559 -79.8056 -48.1117 -98.0789 
-36 -252.516 -55 46 -63.8928 -84.278 -51.1405 -98.5781 
-42 -249.938 -54 47 -62.0192 -82.6693 -47.8366 -98.8686 
-40 -250.625 -54 46 -62.4116 -85.2764 -45.4169 -98.5781 
-43 -246.132 -54 46 -64.9965 -81.9567 -51.0459 -100.438 
-36 -252.369 -54 46 -63.6051 -82.2833 -48.2734 -99.1943 
-41 -245.936 -54 46 -65.2004 -84.749 -50.6405 -101.354 
-36 -253.229 -54 46 -61.1322 -84.4594 -46.3675 -99.2599 
-44 -247.326 -55 47 -64.7352 -85.3331 -48.3792 -101.53 
-36 -253.991 -53 47 -61.2091 -80.802 -45.843 -97.4628 
-44 -247.329 -55 47 -64.7352 -85.3331 -48.3792 -101.53 
-49 -243.343 -55 47 -64.8405 -82.2304 -53.8352 -101.54 
-61 -230.343 -51 45 -71.646 -83.3794 -46.8701 -93.0806 
-32 -254.37 -54 47 -63.8958 -84.278 -48.7391 -98.5781 
-47 -244.409 -53 47 -66.471 -78.8983 -52.3883 -95.1693 
-32 -255.734 -54 47 -62.7366 -80.4754 -50.225 -98.7059 
-43 -248.487 -54 46 -63.403 -84.278 -46.5155 -98.5781 
-30 -255.538 -54 47 -62.9406 -83.2677 -49.8195 -99.6222 
-46 -242.769 -55 46 -66.6962 -87.7013 -51.1405 -102.04 
-47 -246.09 -55 46 -63.4017 -82.2833 -52.8983 -99.1943 
-46 -242.772 -55 46 -66.6962 -87.7013 -51.1405 -102.04 
-46 -245.908 -53 46 -63.4224 -84.278 -43.4591 -98.5781 
-47 -245.817 -55 47 -63.9459 -84.3367 -49.0384 -102.147 
-44 -244.424 -53 46 -64.9323 -85.147 -46.3889 -99.984 
-47 -241.479 -53 47 -69.5914 -82.3743 -52.0829 -96.2847 
-43 -247.791 -55 47 -64.9373 -83.3383 -50.137 -102.147 
-48 -243.339 -54 46 -65.0684 -85.147 -47.9983 -99.984 
-57 -241.259 -53 48 -66.1227 -78.7918 -49.3772 -92.6362 
-47 -245.844 -55 46 -64.0949 -82.2833 -52.8983 -99.1943 
-36 -254.707 -54 47 -61.2066 -79.1092 -49.7211 -98.8098 
-42 -252.261 -54 47 -60.3539 -81.8004 -46.3538 -97.4628 
-48 -248.43 -54 47 -60.5559 -79.8056 -48.1117 -98.0789 
-36 -255.678 -55 47 -61.1419 -80.802 -52.0774 -97.4628 
-47 -247.116 -54 47 -62.0192 -82.6693 -47.8366 -98.8686 
-40 -246.167 -54 46 -66.4598 -84.8204 -50.7709 -101.227 
-47 -247.319 -53 47 -61.4112 -78.8072 -47.6008 -98.0789 
-30 -250.399 -54 45 -68.2162 -89.7454 -47.9004 -100.838 
-36 -251.907 -53 46 -62.2755 -85.2764 -43.8075 -98.5781 
-36 -255.692 -55 47 -61.1419 -80.802 -52.0774 -97.4628 
-38 -245.971 -54 46 -66.6637 -87.6127 -50.3655 -102.143 
FEATURES_TXT_END_0
FEATURES_TXT_BEGIN_0 21 100 8 Distortion0_0 LM0_0 WordPenalty0_0 PhrasePenalty0_0 TranslationModel0_0 TranslationModel0_1 TranslationModel0_2 TranslationModel0_3 
-19 -72.2722 -15 15 -27.6375 -29.9624 -9.25035 -25.3816 
-11 -73.0084 -15 15 -30.9663 -33.549 -10.1666 -28.0063 
-25 -69.4924 -15 15 -27.6375 -29.9624 -9.25035 -25.3816 
-19 -74.7463 -17 16 -29.2892 -29.5786 -13.0383 -27.9392 
-19 -71.2399 -15 15 -29.3028 -30.8314 -10.7332 -26.7875 
-11 -75.4825 -17 16 -32.618 -33.1652 -13.9546 -30.5638 
-11 -71.9761 -15 15 -32.6317 -34.418 -11.6495 -29.4121 
-11 -79.3213 -16 14 -28.2811 -28.4495 -10.4313 -26.6569 
-11 -75.5135 -14 14 -31.1554 -30.5118 -8.63955 -23.284 
-3 -80.0575 -16 14 -31.6099 -32.0361 -11.3476 -29.2815 
-17 -80.2641 -16 16 -24.008 -26.858 -9.03554 -24.8777 
-21 -78.7265 -17 16 -23.668 -27.5059 -9.44101 -27.152 
-3 -76.2496 -14 14 -34.4843 -34.0984 -9.55584 -25.9086 
-17 -70.8087 -15 15 -30.9663 -33.549 -10.1666 -28.0063 
-9 -81.0003 -16 16 -27.3369 -30.4446 -9.95184 -27.5023 
-11 -82.5414 -17 15 -24.7631 -27.9001 -11.0421 -28.7545 
-13 -79.4627 -17 16 -26.9968 -31.0925 -10.3573 -29.7766 
-19 -77.1712 -16 15 -27.186 -28.0553 -8.83021 -25.0543 
-11 -78.7335 -15 15 -27.6375 -29.9624 -9.25035 -25.3816 
-3 -83.2776 -17 15 -28.0919 -31.4867 -11.9584 -31.3792 
-17 -73.9321 -17 15 -29.1086 -33.3873 -12.7056 -30.1556 
-19 -80.2008 -17 16 -23.668 -27.5059 -9.44101 -27.152 
-17 -78.0694 -16 16 -25.7474 -29.9304 -9.44101 -26.0533 
-11 -77.9074 -16 15 -30.5148 -31.6419 -9.74651 -27.679 
-3 -79.4697 -15 15 -30.9663 -33.549 -10.1666 -28.0063 
-16 -76.1481 -16 15 -27.9594 -29.9624 -13.2486 -25.3816 
-11 -80.937 -17 16 -26.9968 -31.0925 -10.3573 -29.7766 
-9 -78.8056 -16 16 -29.0763 -33.517 -10.3573 -28.678 
-8 -76.8843 -16 15 -31.2882 -33.549 -14.1648 -28.0063 
-25 -71.9665 -17 16 -29.2892 -29.5786 -13.0383 -27.9392 
-25 -68.4601 -15 15 -29.3028 -30.8314 -10.7332 -26.7875 
-11 -80.864 -17 15 -26.4285 -28.769 -12.5249 -30.1603 
-17 -76.5415 -16 14 -28.2811 -28.4495 -10.4313 -26.6569 
-11 -77.0562 -15 15 -29.3028 -30.8314 -10.7332 -26.7875 
-3 -81.6002 -17 15 -29.7573 -32.3556 -13.4412 -32.785 
-17 -72.7337 -14 14 -31.1554 -30.5118 -8.63955 -23.284 
-27 -72.5047 -16 16 -25.7474 -29.9304 -9.44101 -26.0533 
-23 -77.4843 -16 16 -24.008 -26.858 -9.03554 -24.8777 
-19 -78.5234 -17 16 -25.3334 -28.3748 -10.9238 -28.5578 
-25 -76.3048 -16 16 -24.008 -26.858 -9.03554 -24.8777 
-3 -77.7923 -15 15 -32.6317 -34.418 -11.6495 -29.4121 
-27 -75.9467 -17 16 -23.668 -27.5059 -9.44101 -27.152 
-16 -76.3719 -15 15 -27.6375 -29.9624 -9.25035 -25.3816 
-25 -70.3392 -15 15 -27.6468 -28.9798 -11.4476 -25.8693 
-11 -79.2596 -17 16 -28.6622 -31.9614 -11.8401 -31.1824 
-17 -79.7616 -17 15 -24.7631 -27.9001 -11.0421 -28.7545 
-8 -77.108 -15 15 -30.9663 -33.549 -10.1666 -28.0063 
-19 -75.7838 -16 15 -28.8513 -28.9242 -10.313 -26.4601 
-15 -84.1208 -18 16 -23.44 -27.5059 -12.6599 -27.152 
-25 -74.3914 -16 15 -27.186 -28.0553 -8.83021 -25.0543 
-17 -75.9537 -15 15 -27.6375 -29.9624 -9.25035 -25.3816 
-25 -73.9854 -16 16 -25.7474 -29.9304 -9.44101 -26.0533 
-17 -79.2319 -16 16 -25.6734 -27.727 -10.5184 -26.2835 
-11 -76.52 -16 15 -32.1802 -32.5109 -11.2293 -29.0848 
-25 -77.421 -17 16 -23.668 -27.5059 -9.44101 -27.152 
-7 -84.857 -18 16 -26.7689 -31.0925 -13.5762 -29.7766 
-23 -75.2896 -16 16 -25.7474 -29.9304 -9.44101 -26.0533 
-21 -77.6943 -17 16 -25.3334 -28.3748 -10.9238 -28.5578 
-17 -74.7216 -16 16 -29.0763 -33.517 -10.3573 -28.678 
-22 -73.3683 -16 15 -27.9594 -29.9624 -13.2486 -25.3816 
-17 -73.2828 -17 16 -32.618 -33.1652 -13.9546 -30.5638 
-17 -69.7764 -15 15 -32.6317 -34.418 -11.6495 -29.4121 
-9 -79.9681 -16 16 -29.0023 -31.3136 -11.4347 -28.9082 
-13 -78.4305 -17 16 -28.6622 -31.9614 -11.8401 -31.1824 
-11 -78.5942 -17 15 -29.1086 -33.3873 -12.7056 -30.1556 
-11 -82.2868 -15 15 -27.526 -27.4074 -8.42475 -22.78 
-9 -77.8578 -16 14 -31.6099 -32.0361 -11.3476 -29.2815 
-15 -80.313 -16 16 -25.7474 -29.9304 -9.44101 -26.0533 
-17 -76.4063 -19 16 -30.7603 -33.0034 -16.4936 -32.7132 
-17 -72.8998 -17 15 -30.774 -34.2562 -14.1884 -31.5614 
-16 -77.3871 -16 15 -26.68 -29.1453 -14.1992 -26.0634 
-17 -78.0842 -17 15 -26.4285 -28.769 -12.5249 -30.1603 
-19 -75.332 -15 15 -26.3581 -29.1453 -10.201 -26.0634 
-3 -83.023 -15 15 -30.8549 -30.994 -9.34104 -25.4047 
-9 -74.05 -14 14 -34.4843 -34.0984 -9.55584 -25.9086 
-19 -73.821 -16 16 -29.0763 -33.517 -10.3573 -28.678 
-17 -77.0371 -16 16 -27.4128 -30.7993 -10.9238 -27.4592 
-16 -78.6222 -18 16 -29.6111 -29.5786 -17.0365 -27.9392 
-15 -78.8006 -16 16 -27.3369 -30.4446 -9.95184 -27.5023 
-7 -81.0492 -16 16 -29.0763 -33.517 -10.3573 -28.678 
-17 -77.6211 -16 16 -27.3369 -30.4446 -9.95184 -27.5023 
-15 -82.4434 -18 16 -25.1054 -28.3748 -14.1427 -28.5578 
-17 -74.2763 -15 15 -29.3028 -30.8314 -10.7332 -26.7875 
-8 -78.1233 -16 15 -30.0088 -32.7319 -15.1155 -28.6881 
-11 -80.0562 -15 15 -27.6375 -29.9624 -9.25035 -25.3816 
-19 -77.263 -17 16 -26.9968 -31.0925 -10.3573 -29.7766 
-27 -73.2858 -16 16 -25.7474 -29.9304 -9.44101 -26.0533 
-11 -76.0682 -15 15 -29.6869 -32.7319 -11.1173 -28.6881 
-9 -80.9812 -18 14 -29.7522 -31.8743 -13.8866 -31.4308 
-9 -77.7733 -16 16 -30.7416 -34.386 -11.8401 -30.0838 
-8 -79.3584 -18 16 -32.9399 -33.1652 -17.9528 -30.5638 
-11 -78.9154 -16 14 -29.9464 -29.3184 -11.9141 -28.0627 
-11 -85.5069 -16 16 -24.008 -26.858 -9.03554 -24.8777 
-25 -75.7436 -17 16 -25.3334 -28.3748 -10.9238 -28.5578 
-7 -83.1796 -18 16 -28.4343 -31.9614 -15.059 -31.1824 
-17 -81.2348 -16 15 -20.2914 -27.9372 -8.44969 -28.8337 
-9 -81.0779 -17 15 -28.0919 -31.4867 -11.9584 -31.3792 
-17 -79.2833 -16 16 -25.1466 -28.621 -10.5396 -27.1065 
-9 -77.1734 -16 14 -32.6266 -33.9367 -12.0948 -28.0579 
-19 -76.9444 -18 16 -27.2186 -33.3552 -12.8963 -30.8273 
FEATURES_TXT_END_0
FEATURES_TXT_BEGIN_0 22 100 8 Distortion0_0 LM0_0 WordPenalty0_0 PhrasePenalty0_0 TranslationModel0_0 TranslationModel0_1 TranslationModel0_2 TranslationModel0_3 
-28 -157.97 -36 29 -43.7093 -57.4756 -39.0968 -68.613 
-28 -158.659 -37 29 -43.3641 -58.8169 -40.4693 -69.6713 
-28 -159.188 -36 29 -42.8941 -56.4614 -39.083 -67.5672 
-28 -157.393 -36 29 -43.7586 -59.831 -36.9866 -70.7172 
-28 -158.083 -37 29 -43.4133 -61.1723 -38.3591 -71.7755 
-28 -158.611 -36 29 -42.9433 -58.8169 -36.9728 -69.6713 
-28 -160.13 -36 29 -43.0162 -55.6148 -39.0968 -67.0036 
-28 -159.174 -36 29 -43.0654 -57.9703 -36.9866 -69.1077 
-28 -160.819 -37 29 -42.6709 -56.9561 -40.4693 -68.0619 
-28 -161.348 -36 29 -42.2009 -54.6007 -39.083 -65.9577 
-24 -162.615 -37 29 -42.5699 -58.9895 -38.8737 -69.2435 
-28 -159.864 -37 29 -42.7202 -59.3116 -38.3591 -70.166 
-28 -160.392 -36 29 -42.2502 -56.9561 -36.9728 -68.0619 
-28 -160.871 -37 29 -42.6709 -56.9561 -40.4693 -68.0619 
-24 -163.304 -38 29 -42.2246 -60.3308 -40.2462 -70.3018 
-24 -163.833 -37 29 -41.7546 -57.9754 -38.8599 -68.1976 
-28 -160.356 -36 29 -43.0242 -55.1201 -40.0131 -66.5089 
-28 -161.045 -37 29 -42.6789 -56.4614 -41.3856 -67.5672 
-28 -161.574 -36 29 -42.2089 -54.106 -39.9993 -65.4631 
-24 -164.481 -37 29 -41.8767 -57.1288 -38.8737 -67.634 
-24 -165.17 -38 29 -41.5315 -58.4701 -40.2462 -68.6923 
-24 -165.699 -37 29 -41.0615 -56.1146 -38.8599 -66.5882 
-28 -159.553 -36 29 -43.0654 -57.9703 -36.9866 -69.1077 
-28 -160.242 -37 29 -42.7202 -59.3116 -38.3591 -70.166 
-28 -160.771 -36 29 -42.2502 -56.9561 -36.9728 -68.0619 
-13 -169.794 -36 29 -43.2393 -55.1201 -39.32 -66.5089 
-28 -157.067 -36 29 -44.6168 -58.8169 -40.4693 -69.6713 
-36 -160.443 -36 28 -38.1911 -53.3397 -36.8585 -63.7791 
-28 -160.294 -37 29 -42.7202 -59.3116 -38.3591 -70.166 
-28 -161.334 -36 29 -42.3723 -56.1095 -36.9866 -67.4983 
-13 -170.484 -37 29 -42.8941 -56.4614 -40.6925 -67.5672 
-13 -171.012 -36 29 -42.4241 -54.106 -39.3062 -65.4631 
-28 -158.157 -36 29 -46.8302 -58.3649 -38.6914 -67.1386 
-24 -164.775 -37 29 -41.8767 -57.1288 -38.8737 -67.634 
-28 -162.023 -37 29 -42.027 -57.4508 -38.3591 -68.5566 
-28 -162.552 -36 29 -41.557 -55.0954 -36.9728 -66.4524 
-13 -171.085 -37 29 -43.0242 -55.1201 -41.6226 -66.5089 
-28 -155.187 -33 28 -44.8949 -58.7535 -33.9889 -64.9058 
-28 -159.779 -36 29 -43.0735 -57.4756 -37.9029 -68.613 
-36 -162.225 -36 28 -37.4979 -51.4789 -36.8585 -62.1697 
-28 -158.846 -37 29 -46.485 -59.7062 -40.0639 -68.1969 
-28 -163.031 -37 29 -41.9778 -55.0954 -40.4693 -66.4524 
-28 -159.375 -36 29 -46.0149 -57.3508 -38.6776 -66.0928 
-28 -158.611 -36 29 -44.2056 -57.0914 -40.6009 -68.1519 
-28 -162.076 -37 29 -42.027 -57.4508 -38.3591 -68.5566 
-24 -165.464 -38 29 -41.5315 -58.4701 -40.2462 -68.6923 
-24 -165.993 -37 29 -41.0615 -56.1146 -38.8599 -66.5882 
-13 -171.775 -38 29 -42.6789 -56.4614 -42.9951 -67.5672 
-13 -172.303 -37 29 -42.2089 -54.106 -41.6088 -65.4631 
-28 -155.876 -34 28 -44.5497 -60.0948 -35.3614 -65.9641 
-28 -159.634 -35 29 -43.2393 -55.1201 -37.7105 -66.5089 
-28 -160.469 -37 29 -42.7282 -58.8169 -39.2754 -69.6713 
-28 -156.405 -33 28 -44.0797 -57.7393 -33.9751 -63.8599 
-28 -160.997 -36 29 -42.2582 -56.4614 -37.8891 -67.5672 
-32 -155.813 -36 29 -45.7529 -55.5531 -41.3998 -68.4366 
-24 -165.516 -38 29 -41.5315 -58.4701 -40.2462 -68.6923 
-32 -152.843 -33 28 -43.8176 -55.9416 -36.6973 -66.2037 
-28 -161.56 -36 29 -42.3803 -55.6148 -37.9029 -67.0036 
-28 -157.176 -36 29 -46.7233 -58.3967 -41.0709 -67.6801 
-28 -160.323 -36 29 -42.8941 -56.4614 -39.083 -67.5672 
-28 -160.852 -35 29 -42.4241 -54.106 -37.6967 -65.4631 
-32 -156.503 -37 29 -45.4076 -56.8944 -42.7723 -69.4949 
-32 -157.031 -36 29 -44.9376 -54.5389 -41.3861 -67.3907 
-24 -162.693 -36 29 -42.7492 -58.9895 -35.1749 -69.2435 
-32 -153.532 -34 28 -43.4724 -57.2829 -38.0698 -67.262 
-32 -154.061 -33 28 -43.0023 -54.9275 -36.6836 -65.1579 
-36 -164.756 -37 29 -38.1977 -51.4255 -36.3741 -62.0462 
-24 -166.64 -37 29 -41.1836 -55.268 -38.8737 -66.0246 
-24 -165.001 -37 29 -41.8848 -56.6341 -39.79 -67.1393 
-28 -162.25 -37 29 -42.0351 -56.9561 -39.2754 -68.0619 
-28 -162.778 -36 29 -41.5651 -54.6007 -37.8891 -65.9577 
-28 -168.898 -37 29 -39.4148 -51.5071 -36.7063 -62.0895 
-28 -156.322 -34 29 -45.567 -57.6373 -36.5579 -66.4637 
-24 -163.383 -37 29 -42.4039 -60.3308 -36.5474 -70.3018 
-24 -163.911 -36 29 -41.9339 -57.9754 -35.1611 -68.1976 
-28 -163.257 -37 29 -41.9858 -54.6007 -41.3856 -65.9578 
-17 -167.231 -37 29 -43.7093 -57.4756 -40.7063 -68.613 
-24 -167.33 -38 29 -40.8383 -56.6093 -40.2462 -67.0829 
-24 -165.69 -38 29 -41.5395 -57.9754 -41.1625 -68.1976 
-24 -167.858 -37 29 -40.3683 -54.2539 -38.8599 -64.9787 
-24 -166.219 -37 29 -41.0695 -55.6199 -39.7762 -66.0935 
-28 -169.587 -38 29 -39.0695 -52.8484 -38.0788 -63.1478 
-28 -170.116 -37 29 -38.5995 -50.493 -36.6925 -61.0436 
-13 -169.217 -36 29 -43.2886 -57.4756 -37.2098 -68.613 
-28 -157.011 -35 29 -45.2218 -58.9786 -37.9304 -67.522 
-28 -157.54 -34 29 -44.7518 -56.6232 -36.5441 -65.4179 
-28 -156.49 -36 29 -44.6661 -61.1723 -38.3591 -71.7755 
-28 -158.338 -36 29 -43.2372 -57.3238 -40.8547 -69.9601 
-17 -167.92 -38 29 -43.3641 -58.8169 -42.0788 -69.6713 
-24 -167.382 -38 29 -40.8383 -56.6093 -40.2462 -67.0829 
-36 -159.867 -36 28 -38.2404 -55.6951 -34.7483 -65.8833 
-17 -168.449 -37 29 -42.8941 -56.4614 -40.6925 -67.5672 
-13 -169.907 -37 29 -42.9433 -58.8169 -38.5823 -69.6713 
-13 -170.435 -36 29 -42.4733 -56.4614 -37.196 -67.5672 
-32 -155.896 -36 29 -47.0323 -56.3701 -40.4492 -67.7548 
-28 -159.028 -37 29 -42.8919 -58.6651 -42.2272 -71.0184 
-28 -157.58 -36 29 -46.8795 -60.7204 -36.5812 -69.2428 
-28 -159.556 -36 29 -42.4219 -56.3097 -40.8409 -68.9143 
-40 -158.481 -37 29 -39.1074 -53.6117 -39.9495 -65.5466 
-13 -170.999 -36 29 -42.5954 -55.6148 -37.2098 -67.0036 
FEATURES_TXT_END_0
FEATURES_TXT_BEGIN_0 23 100 8 Distortion0_0 LM0_0 WordPenalty0_0 PhrasePenalty0_0 TranslationModel0_0 TranslationModel0_1 TranslationModel0_2 TranslationModel0_3 
-36 -291.335 -62 53 -95.8415 -128.31 -42.9215 -129.547 
-40 -288.647 -63 53 -97.2212 -129.531 -46.0034 -129.729 
-48 -283.328 -61 52 -98.0906 -126.068 -44.0802 -124.691 
-36 -295.038 -63 53 -90.7126 -128.672 -42.0512 -131.821 
-52 -282.161 -62 54 -97.3943 -128.555 -46.366 -125.271 
-40 -292.35 -64 53 -92.0922 -129.894 -45.1331 -132.003 
-48 -287.032 -62 52 -92.9616 -126.43 -43.2099 -126.965 
-36 -289.755 -60 53 -96.4315 -129.04 -39.1148 -127.186 
-36 -284.699 -61 52 -102.512 -132.636 -43.124 -130.233 
-40 -287.067 -61 53 -97.8112 -130.262 -42.1967 -127.368 
-36 -279.956 -59 52 -103.372 -134.153 -42.0254 -130.879 
-40 -290.335 -63 53 -95.6526 -128.31 -46.0034 -129.547 
-36 -291.606 -62 53 -96.7505 -129.025 -42.4695 -129.167 
-30 -294.202 -61 52 -93.259 -128.31 -42.8262 -129.547 
-42 -295.087 -63 53 -86.8894 -124.727 -42.9472 -130.218 
-40 -288.919 -63 53 -98.1302 -130.246 -45.5514 -129.35 
-36 -291.929 -62 53 -94.942 -127.446 -43.6146 -130.757 
-34 -291.514 -62 52 -94.6387 -129.531 -45.9081 -129.729 
-46 -292.399 -64 53 -88.2691 -125.949 -46.0291 -130.401 
-30 -296.565 -62 52 -92.5659 -128.31 -42.8262 -129.547 
-40 -289.241 -63 53 -96.3217 -128.667 -46.6965 -130.939 
-42 -286.196 -60 51 -95.5081 -126.068 -43.9849 -124.691 
-36 -296.52 -62 53 -87.5826 -124.727 -42.9472 -130.218 
-54 -287.081 -62 52 -89.1385 -122.485 -44.1059 -125.363 
-34 -293.877 -63 52 -93.9456 -129.531 -45.9081 -129.729 
-48 -283.923 -61 52 -97.1911 -125.204 -44.7733 -125.901 
-52 -285.864 -63 54 -92.2654 -128.917 -45.4957 -127.545 
-36 -294.39 -63 53 -95.1484 -128.31 -42.9215 -129.547 
-40 -293.832 -63 53 -88.9623 -125.949 -46.0291 -130.401 
-42 -288.558 -61 51 -94.8149 -126.068 -43.9849 -124.691 
-36 -298.882 -63 53 -86.8894 -124.727 -42.9472 -130.218 
-42 -294.334 -63 54 -90.165 -124.727 -43.0425 -130.218 
-44 -287.425 -62 54 -95.3107 -127.512 -44.4391 -130.18 
-36 -295.756 -62 53 -93.8574 -124.623 -41.5352 -127.601 
-40 -291.702 -64 53 -96.528 -129.531 -46.0034 -129.729 
-36 -293.458 -61 53 -91.3026 -129.402 -38.2445 -129.46 
-48 -288.513 -61 52 -89.8316 -122.485 -44.1059 -125.363 
-36 -292.187 -62 53 -95.8415 -128.31 -42.9215 -129.547 
-40 -296.524 -63 53 -86.8894 -124.727 -42.9472 -130.218 
-40 -296.194 -64 53 -88.2691 -125.949 -46.0291 -130.401 
-46 -291.646 -64 54 -91.5447 -125.949 -46.1244 -130.401 
-24 -301.252 -62 52 -95.1335 -125.314 -43.131 -127.43 
-48 -284.737 -63 54 -96.6904 -128.733 -47.521 -130.362 
-36 -288.403 -62 52 -97.3831 -132.998 -42.2537 -132.507 
-48 -286.383 -62 52 -97.3974 -126.068 -44.0802 -124.691 
-40 -290.77 -62 53 -92.6823 -130.624 -41.3264 -129.643 
-36 -283.66 -60 52 -98.2433 -134.515 -41.1551 -133.153 
-40 -289.499 -63 53 -97.2212 -129.531 -46.0034 -129.729 
-44 -293.836 -64 53 -88.2691 -125.949 -46.0291 -130.401 
-40 -294.038 -64 53 -90.5236 -128.672 -45.1331 -131.821 
-36 -287.491 -60 53 -96.7017 -129.827 -41.8228 -130.193 
-48 -290.876 -62 52 -89.1385 -122.485 -44.1059 -125.363 
-54 -286.327 -62 53 -92.4141 -122.485 -44.2012 -125.363 
-44 -286.066 -63 53 -96.9491 -130.727 -44.3078 -133.14 
-56 -279.419 -61 53 -97.5598 -125.27 -45.5978 -125.324 
-30 -293.186 -60 52 -93.259 -126.896 -42.8262 -129.357 
-32 -297.866 -64 53 -94.0114 -126.506 -47.8882 -130.249 
-36 -295.31 -63 53 -91.6215 -129.387 -41.5992 -131.441 
-42 -293.582 -63 53 -93.5389 -124.623 -43.6146 -127.601 
-30 -297.906 -62 52 -88.1301 -128.672 -41.9558 -131.821 
-40 -289.898 -62 53 -95.8415 -128.31 -42.9215 -129.547 
-48 -284.18 -61 52 -98.0906 -126.068 -44.0802 -124.691 
-52 -288.518 -62 52 -89.1385 -122.485 -44.1059 -125.363 
-48 -282.343 -60 53 -98.1929 -129.335 -41.5036 -124.542 
-48 -283.378 -64 53 -98.3288 -131.949 -47.3897 -133.322 
-34 -290.498 -61 52 -94.6387 -128.117 -45.9081 -129.539 
-41 -287.592 -61 53 -95.8859 -128.31 -42.2283 -129.547 
-36 -283.119 -59 52 -103.102 -133.366 -39.3173 -127.872 
-36 -295.179 -65 53 -95.3911 -127.727 -50.9701 -130.431 
-40 -292.622 -64 53 -93.0012 -130.608 -44.6811 -131.624 
-46 -285.028 -61 53 -94.8119 -128.555 -46.2707 -125.271 
-36 -295.633 -63 53 -89.8131 -127.808 -42.7443 -133.031 
-34 -295.218 -63 52 -89.5098 -129.894 -45.0378 -132.003 
-36 -286.387 -61 52 -100.943 -131.414 -43.124 -130.051 
-44 -287.21 -63 53 -97.2212 -129.531 -46.0034 -129.729 
-30 -295.548 -61 52 -92.5659 -126.896 -42.8262 -129.357 
-40 -284.846 -61 53 -98.0814 -131.049 -44.9048 -130.375 
-58 -285.913 -63 54 -88.4423 -124.972 -46.3917 -125.943 
-40 -288.755 -61 53 -96.2426 -129.04 -42.1967 -127.186 
-30 -300.268 -63 52 -87.4369 -128.672 -41.9559 -131.821 
-36 -281.644 -59 52 -101.804 -132.932 -42.0254 -130.697 
-44 -290.587 -64 54 -93.453 -127.35 -46.9781 -132.329 
-56 -278.059 -62 52 -99.1981 -128.486 -45.4665 -128.284 
-36 -293.286 -63 53 -95.8415 -129.537 -42.2283 -131.773 
-42 -285.179 -59 51 -95.5081 -124.654 -43.9849 -124.501 
-45 -284.905 -62 53 -97.2656 -129.531 -45.3102 -129.729 
-44 -288.488 -63 53 -95.8415 -129.537 -42.2283 -131.773 
-42 -289.741 -62 52 -92.5659 -128.31 -42.8262 -129.547 
-44 -289.86 -63 52 -96.2605 -124.264 -49.0469 -125.393 
-52 -282.755 -62 54 -96.4949 -127.691 -47.0591 -126.481 
-40 -292.945 -64 53 -91.1928 -129.03 -45.8262 -133.214 
-36 -295.503 -61 53 -87.5826 -123.313 -42.9472 -130.028 
-36 -290.026 -60 53 -97.3405 -129.755 -38.6628 -126.807 
-42 -289.899 -61 51 -90.3792 -126.43 -43.1146 -126.965 
-30 -292.622 -59 52 -93.8491 -129.04 -39.0195 -127.186 
-52 -281.891 -61 52 -98.0906 -126.068 -44.0802 -124.691 
-34 -292.861 -62 52 -93.9456 -128.117 -45.9081 -129.539 
-46 -287.391 -62 53 -94.1187 -128.555 -46.2707 -125.271 
-34 -297.58 -64 52 -88.8166 -129.894 -45.0378 -132.003 
-42 -293.507 -61 53 -87.4795 -125.457 -39.1405 -127.858 
FEATURES_TXT_END_0
FEATURES_TXT_BEGIN_0 24 100 8 Distortion0_0 LM0_0 WordPenalty0_0 PhrasePenalty0_0 TranslationModel0_0 TranslationModel0_1 TranslationModel0_2 TranslationModel0_3 
-28 -277.61 -54 45 -57.866 -78.5348 -38.7058 -83.162 
-28 -273.956 -51 44 -59.9754 -78.6312 -34.6287 -78.4706 
-28 -274.958 -53 45 -60.2135 -78.6965 -40.7918 -81.0127 
-28 -273.493 -53 45 -60.489 -80.9179 -38.0127 -85.0082 
-24 -270.367 -55 45 -60.4657 -82.9147 -49.9465 -94.9327 
-28 -278.18 -54 45 -56.5866 -77.7177 -39.6564 -83.8438 
-28 -277.589 -53 43 -54.654 -80.8881 -36.5048 -80.4078 
-28 -278.658 -55 45 -57.866 -79.1807 -39.8044 -84.9538 
-24 -266.713 -52 44 -62.5751 -83.0111 -45.8694 -90.2412 
-28 -274.526 -51 44 -58.696 -77.8141 -35.5794 -79.1523 
-28 -273.935 -50 42 -56.7634 -80.9845 -32.4277 -75.7164 
-28 -275.004 -52 44 -59.9754 -79.2771 -35.7274 -80.2623 
-28 -270.84 -52 45 -62.8366 -81.0797 -40.0987 -82.8589 
-24 -267.715 -54 45 -62.8133 -83.0764 -52.0325 -92.7834 
-24 -266.249 -54 45 -63.0888 -85.2978 -49.2534 -96.7789 
-28 -275.527 -53 45 -58.9341 -77.8795 -41.7424 -81.6945 
-28 -274.062 -53 45 -59.2096 -80.1008 -38.9633 -85.69 
-24 -270.936 -55 45 -59.1863 -82.0976 -50.8971 -95.6144 
-28 -280.628 -55 45 -55.9544 -77.411 -39.9098 -84.3269 
-28 -274.936 -52 43 -57.0015 -81.0499 -38.5908 -78.2585 
-28 -276.324 -52 43 -58.0088 -79.8611 -35.0539 -78.5304 
-28 -276.006 -54 45 -60.2135 -79.3425 -41.8904 -82.8045 
-28 -273.471 -52 43 -57.2771 -83.2713 -35.8116 -82.2541 
-24 -270.345 -54 43 -57.2537 -85.268 -47.7455 -92.1785 
-28 -274.54 -54 45 -60.489 -81.5638 -39.1113 -86.8 
-24 -271.415 -56 45 -60.4657 -83.5606 -51.0451 -96.7244 
-28 -278.158 -53 43 -53.3746 -80.0711 -37.4554 -81.0896 
-40 -263.796 -50 42 -57.1821 -83.874 -34.0371 -78.8425 
-24 -267.282 -52 44 -61.2957 -82.194 -46.8201 -90.923 
-28 -276.975 -52 44 -58.0638 -77.5074 -35.8327 -79.6355 
-28 -275.554 -52 45 -59.7237 -78.6965 -36.1669 -81.0127 
-28 -274.431 -51 43 -58.0088 -79.8611 -35.0539 -78.5304 
-28 -278.636 -54 43 -54.654 -81.5341 -37.6034 -82.1996 
-24 -266.691 -51 42 -59.3631 -85.3644 -43.6684 -87.4871 
-24 -267.761 -53 44 -62.5751 -83.657 -46.9681 -92.033 
-28 -274.504 -50 42 -55.484 -80.1675 -33.3783 -76.3982 
-28 -277.238 -53 45 -57.866 -78.5348 -37.0964 -83.162 
-28 -280.121 -54 43 -54.654 -80.8881 -36.5048 -80.4078 
-24 -263.597 -53 45 -65.4363 -85.4595 -51.3394 -94.6296 
-28 -274.982 -51 42 -56.7634 -81.6305 -33.5263 -77.5082 
-28 -271.41 -52 45 -61.5572 -80.2626 -41.0493 -83.5407 
-28 -280.148 -53 45 -56.829 -77.6933 -33.3677 -81.6883 
-24 -268.284 -54 45 -61.5339 -82.2593 -52.9831 -93.4651 
-28 -277.976 -54 45 -58.3019 -77.5728 -41.9958 -82.1776 
-24 -266.819 -54 45 -61.8094 -84.4807 -50.204 -97.4607 
-28 -276.511 -54 45 -58.5775 -79.7941 -39.2167 -86.1731 
-28 -273.584 -50 44 -59.9754 -78.6312 -33.0193 -78.4706 
-24 -273.385 -56 45 -58.5542 -81.7909 -51.1505 -96.0975 
-28 -276.467 -51 42 -56.7634 -80.9845 -32.4277 -75.7164 
-38 -272.574 -54 45 -58.2591 -78.5348 -38.676 -83.162 
-28 -270.818 -51 43 -59.6246 -83.433 -37.8976 -80.1048 
-24 -267.693 -53 43 -59.6013 -85.4298 -49.8315 -90.0292 
-28 -272.206 -51 43 -60.6319 -82.2442 -34.3608 -80.3767 
-28 -271.888 -53 45 -62.8366 -81.7256 -41.1973 -84.6507 
-28 -281.198 -55 45 -54.675 -76.5939 -40.8604 -85.0086 
-38 -268.972 -51 44 -59.9753 -78.6312 -34.6287 -78.4706 
-24 -269.08 -53 43 -60.6086 -84.241 -46.2946 -90.3011 
-24 -268.762 -55 45 -62.8133 -83.7224 -53.1311 -94.5751 
-24 -266.227 -53 43 -59.8768 -87.6511 -47.0523 -94.0247 
-28 -277.149 -54 45 -59.1775 -79.1648 -40.2237 -83.7467 
-24 -267.297 -55 45 -63.0888 -85.9437 -50.352 -98.5707 
-28 -275.506 -52 43 -55.7221 -80.2328 -39.5414 -78.9403 
-28 -276.157 -54 46 -58.8315 -79.3763 -42.9834 -84.6357 
-28 -276.893 -52 43 -56.7294 -79.044 -36.0046 -79.2122 
-28 -274.04 -52 43 -55.9977 -82.4542 -36.7622 -82.9358 
-24 -270.915 -54 43 -55.9743 -84.4509 -48.6961 -92.8603 
-28 -280.607 -54 43 -52.7424 -79.7644 -37.7087 -81.5727 
-36 -256.553 -51 42 -59.7818 -88.2538 -45.2778 -90.6132 
-28 -281.676 -56 45 -55.9544 -78.0569 -41.0084 -86.1186 
-28 -271.436 -51 45 -62.3468 -81.0797 -35.4737 -82.8589 
-24 -269.731 -53 44 -60.6635 -81.8873 -47.0734 -91.4061 
-28 -276.783 -54 45 -58.8754 -79.3763 -40.5176 -84.6357 
-24 -268.311 -53 45 -62.3234 -83.0764 -47.4075 -92.7834 
-40 -264.366 -50 42 -55.9027 -83.0569 -34.9877 -79.5243 
-24 -268.085 -55 45 -63.3889 -87.6837 -50.6397 -94.4685 
-28 -270.313 -50 43 -60.6319 -82.2442 -34.3608 -80.3767 
-28 -275.984 -53 43 -57.0015 -81.6958 -39.6894 -80.0503 
-24 -267.188 -52 43 -60.6086 -84.241 -46.2946 -90.3011 
-28 -277.371 -53 43 -58.0088 -80.507 -36.1526 -80.3222 
-28 -277.544 -52 44 -56.7844 -76.6903 -36.7833 -80.3172 
-28 -276.124 -52 45 -58.4443 -77.8795 -37.1175 -81.6944 
-28 -274.518 -53 43 -57.2771 -83.9172 -36.9102 -84.0458 
-24 -271.393 -55 43 -57.2537 -85.914 -48.8441 -93.9703 
-28 -280.186 -55 45 -56.8977 -78.5348 -41.4139 -83.162 
-28 -273.496 -51 44 -61.2869 -79.2612 -36.1466 -79.0553 
-28 -275.001 -51 43 -56.7294 -79.044 -36.0046 -79.2122 
-34 -275.779 -54 45 -57.9926 -77.8032 -38.8324 -82.4304 
-28 -276.081 -52 44 -61.1716 -78.4734 -33.7037 -80.9598 
-28 -272.503 -51 45 -60.9409 -79.4727 -38.9063 -79.9443 
-28 -274.585 -52 45 -60.2135 -78.6965 -39.1824 -81.0127 
-24 -267.261 -51 42 -58.0837 -84.5474 -44.619 -88.1688 
-28 -277.469 -53 43 -57.0015 -81.0499 -38.5908 -78.2585 
-40 -264.844 -51 42 -57.1821 -84.5199 -35.1357 -80.6343 
-28 -276.953 -51 42 -54.8518 -79.8608 -33.6317 -76.8813 
-28 -275.532 -51 43 -56.5117 -81.0499 -33.9658 -78.2585 
-28 -273.12 -52 45 -60.489 -80.9179 -36.4032 -85.0082 
-28 -276.003 -53 43 -57.2771 -83.2713 -35.8116 -82.2541 
-28 -278.022 -53 44 -58.0638 -78.1534 -36.9313 -81.4272 
-38 -272.946 -54 45 -57.866 -78.5348 -38.7058 -83.162 
-24 -269.994 -54 45 -60.4657 -82.9147 -48.3371 -94.9327 
FEATURES_TXT_END_0
FEATURES_TXT_BEGIN_0 25 100 8 Distortion0_0 LM0_0 WordPenalty0_0 PhrasePenalty0_0 TranslationModel0_0 TranslationModel0_1 TranslationModel0_2 TranslationModel0_3 
-31 -235.968 -58 44 -74.338 -102.174 -62.3371 -111.554 
-28 -235.958 -57 44 -72.8254 -100.221 -63.8199 -113.653 
-28 -238.21 -57 44 -71.16 -99.3521 -62.3371 -112.247 
-31 -236.942 -58 44 -72.3012 -101.989 -62.3371 -112.653 
-33 -233.718 -56 44 -71.2044 -99.3521 -61.6439 -112.247 
-31 -236.853 -58 44 -73.4291 -101.459 -62.7891 -111.934 
-31 -235.863 -58 44 -74.4338 -101.537 -63.8034 -112.368 
-28 -236.933 -57 44 -70.7885 -100.036 -63.8199 -114.752 
-28 -236.844 -57 44 -71.9164 -99.5062 -64.2719 -114.033 
-28 -235.853 -57 44 -72.9212 -99.5837 -65.2862 -114.467 
-25 -236.367 -57 44 -77.4738 -103.187 -61.7085 -113.117 
-28 -239.185 -57 44 -69.1231 -99.1667 -62.3371 -113.346 
-28 -239.095 -57 44 -70.251 -98.6372 -62.7891 -112.627 
-28 -238.105 -57 44 -71.2558 -98.7147 -63.8034 -113.061 
-25 -236.901 -57 44 -77.2103 -102.873 -61.303 -113.342 
-22 -236.358 -56 44 -75.9611 -101.235 -63.1913 -115.215 
-31 -238.029 -57 45 -73.6281 -101.237 -59.1793 -109.93 
-33 -234.692 -56 44 -69.1676 -99.1667 -61.6439 -113.346 
-31 -237.828 -58 44 -71.3922 -101.274 -62.7891 -113.032 
-31 -236.837 -58 44 -72.397 -101.351 -63.8034 -113.466 
-28 -236.853 -57 44 -75.1303 -102.174 -61.6439 -111.554 
-33 -234.603 -56 44 -70.2954 -98.6372 -62.0959 -112.627 
-37 -232.075 -56 44 -69.925 -98.535 -62.5946 -112.929 
-22 -238.61 -56 44 -74.2957 -100.366 -61.7085 -113.81 
-33 -233.613 -56 44 -71.3002 -98.7147 -63.1103 -113.061 
-31 -236.748 -58 44 -73.5248 -100.822 -64.2554 -112.747 
-31 -236.15 -58 44 -76.0464 -101.996 -63.5157 -111.313 
-31 -236.676 -58 44 -74.7852 -103.051 -61.9576 -111.988 
-31 -236.309 -58 46 -77.3253 -102.991 -63.5227 -110.872 
-34 -230.464 -55 44 -76.988 -102.336 -59.105 -109.405 
-31 -237.211 -58 44 -73.4386 -101.31 -63.0302 -112.764 
-22 -236.891 -56 44 -75.6976 -100.92 -62.7858 -115.441 
-31 -235.541 -57 44 -74.3825 -102.174 -61.6439 -111.554 
-28 -238.019 -56 45 -72.1155 -99.2844 -60.6622 -112.029 
-28 -237.818 -57 44 -69.8795 -99.3209 -64.2719 -115.131 
-28 -236.828 -57 44 -70.8843 -99.3984 -65.2862 -115.565 
-25 -237.342 -57 44 -75.4369 -103.002 -61.7085 -114.215 
-27 -240.159 -59 44 -74.7588 -102.174 -65.8336 -111.554 
-31 -239.345 -57 44 -71.773 -100.42 -57.576 -110.612 
-22 -239.143 -56 44 -74.0322 -100.051 -61.303 -114.035 
-28 -236.739 -57 44 -72.0122 -98.8689 -65.7382 -114.846 
-27 -234.117 -55 44 -74.3402 -100.366 -61.0153 -113.81 
-25 -237.252 -57 44 -76.5648 -102.473 -62.1605 -113.496 
-28 -236.14 -57 44 -74.5337 -100.043 -64.9986 -113.412 
-28 -240.271 -56 45 -70.4501 -98.4154 -59.1793 -110.623 
-28 -240.07 -57 44 -68.2141 -98.4519 -62.7891 -113.725 
-25 -236.262 -57 44 -77.5696 -102.55 -63.1748 -113.93 
-31 -235.358 -57 44 -75.1303 -102.174 -61.6439 -111.554 
-28 -239.08 -57 44 -69.2189 -98.5294 -63.8034 -114.16 
-31 -236.453 -58 44 -74.5594 -102.612 -63.5501 -112.062 
-31 -236.364 -57 44 -73.8701 -102.372 -59.3106 -112.469 
-28 -238.991 -57 44 -70.3468 -97.9999 -64.2554 -113.44 
-28 -238.392 -57 44 -72.8683 -99.1738 -63.5157 -112.006 
-28 -236.667 -57 44 -73.2726 -101.098 -63.4404 -114.087 
-28 -236.299 -57 46 -75.8126 -101.038 -65.0056 -112.971 
-28 -239.599 -57 44 -69.8806 -98.535 -63.2877 -112.929 
-31 -234.147 -57 44 -75.0851 -101.478 -63.4514 -113.761 
-27 -242.188 -58 44 -71.8423 -101.49 -59.3471 -112.006 
-28 -237.202 -57 44 -71.9259 -99.3571 -64.5131 -114.863 
-33 -232.531 -56 44 -75.1747 -102.174 -60.9508 -111.554 
-29 -234.876 -57 45 -78.1055 -104.501 -61.5772 -111.813 
-35 -237.945 -58 45 -71.9717 -100.968 -58.7311 -112.677 
-23 -240.678 -58 44 -75.6751 -102.174 -65.1404 -111.554 
-28 -238.919 -57 44 -71.6072 -100.229 -61.9576 -112.682 
-27 -236.205 -57 44 -74.9302 -102.984 -62.0533 -114.802 
-28 -238.551 -57 46 -74.1472 -100.169 -63.5227 -111.565 
-25 -237.875 -57 44 -75.1734 -102.687 -61.303 -114.441 
-22 -237.332 -56 44 -73.9242 -101.049 -63.1913 -116.314 
-24 -240.15 -58 44 -73.2461 -100.221 -67.3164 -113.653 
-31 -237.565 -58 44 -74.338 -102.174 -62.3371 -111.554 
-28 -239.335 -56 44 -70.2604 -98.4673 -59.0588 -112.711 
-28 -235.595 -56 44 -72.8698 -100.221 -63.1268 -113.653 
-31 -239.004 -57 45 -71.5913 -101.052 -59.1793 -111.029 
-28 -239.454 -57 44 -70.2605 -98.4881 -63.0302 -113.458 
-33 -236.393 -58 44 -74.338 -102.174 -62.3371 -111.554 
-27 -234.651 -55 44 -74.0767 -100.051 -60.6099 -114.035 
-25 -237.786 -57 44 -76.3013 -102.158 -61.755 -113.722 
-22 -237.243 -56 44 -75.0521 -100.52 -63.6433 -115.595 
-28 -237.827 -57 44 -73.0934 -101.989 -61.6439 -112.653 
-25 -236.796 -57 44 -77.3061 -102.235 -62.7693 -114.156 
-33 -235.779 -55 45 -70.4945 -98.4154 -58.4862 -110.623 
-31 -238.914 -57 45 -72.7191 -100.522 -59.6313 -110.31 
-22 -236.253 -56 44 -76.0569 -100.597 -64.6576 -116.029 
-33 -235.578 -56 44 -68.2586 -98.4519 -62.0959 -113.725 
-29 -237.32 -58 44 -75.2819 -102.174 -65.1703 -111.554 
-37 -233.049 -56 44 -67.8882 -98.3497 -62.5946 -114.028 
-22 -239.584 -56 44 -72.2588 -100.18 -61.7085 -114.908 
-24 -242.402 -58 44 -71.5807 -99.3521 -65.8336 -112.247 
-28 -236.354 -56 44 -72.3574 -100.419 -60.7934 -114.568 
-31 -237.924 -57 45 -73.7239 -100.6 -60.6457 -110.744 
-33 -234.588 -56 44 -69.2634 -98.5294 -63.1103 -114.16 
-31 -237.723 -58 44 -71.488 -100.636 -64.2554 -113.846 
-25 -235.807 -57 44 -79.3332 -103.764 -62.8071 -113.117 
-28 -241.587 -56 44 -68.595 -97.5983 -57.576 -111.305 
-28 -237.738 -57 44 -74.2213 -101.459 -62.0959 -111.934 
-31 -237.124 -58 44 -74.0095 -101.81 -63.5157 -112.412 
-28 -237.847 -56 44 -71.2044 -99.3521 -61.6439 -112.247 
-37 -232.96 -56 44 -69.0161 -97.8202 -63.0465 -113.308 
-31 -238.259 -59 44 -74.3657 -102.174 -65.8634 -111.554 
-28 -236.748 -57 44 -75.2261 -101.537 -63.1103 -112.368 
FEATURES_TXT_END_0
FEATURES_TXT_BEGIN_0 26 99 8 Distortion0_0 LM0_0 WordPenalty0_0 PhrasePenalty0_0 TranslationModel0_0 TranslationModel0_1 TranslationModel0_2 TranslationModel0_3 
-24 -228.912 -44 37 -49.0235 -87.1337 -24.5467 -88.232 
-24 -228.781 -44 37 -49.3112 -87.0953 -25.2399 -87.6819 
-16 -233.716 -44 37 -49.3112 -87.0953 -25.2399 -87.6819 
-28 -225.64 -44 37 -51.8611 -87.3794 -25.204 -87.348 
-28 -225.509 -44 37 -52.1488 -87.341 -25.8971 -86.7979 
-20 -230.445 -44 37 -52.1488 -87.341 -25.8971 -86.7979 
-24 -229.197 -44 37 -50.3029 -87.9508 -23.5961 -87.5502 
-30 -224.612 -44 37 -49.9134 -87.3546 -25.933 -88.6628 
-24 -229.066 -44 37 -50.5906 -87.9124 -24.2893 -87.0002 
-16 -234.002 -44 37 -50.5906 -87.9124 -24.2893 -87.0002 
-24 -228.397 -44 37 -49.9134 -87.3546 -25.933 -88.6628 
-34 -221.341 -44 37 -52.751 -87.6003 -26.5903 -87.7788 
-24 -229.161 -44 37 -48.6606 -87.3086 -25.933 -88.3751 
-16 -233.333 -44 37 -49.9134 -87.3546 -25.933 -88.6628 
-30 -225.957 -44 37 -49.3112 -87.0953 -25.2399 -87.6819 
-20 -231.97 -44 37 -49.3112 -87.0953 -25.2399 -87.6819 
-24 -229.974 -44 37 -47.7441 -86.3166 -25.4974 -88.9138 
-24 -229.843 -44 37 -48.0318 -86.2782 -26.1905 -88.3637 
-16 -234.096 -44 37 -48.6606 -87.3086 -25.933 -88.3751 
-28 -225.126 -44 37 -52.751 -87.6003 -26.5903 -87.7788 
-22 -230.893 -44 37 -49.3112 -87.0953 -25.2399 -87.6819 
-30 -224.898 -44 37 -51.1927 -88.1717 -24.9824 -87.981 
-24 -227.042 -44 37 -51.6578 -89.4273 -25.9748 -89.0004 
-30 -225.767 -44 37 -48.6606 -87.3086 -25.933 -88.3751 
-24 -226.911 -44 37 -51.9455 -89.3889 -26.668 -88.4503 
-28 -226.379 -44 37 -49.9134 -87.3546 -25.933 -88.6628 
-16 -234.779 -44 37 -48.0318 -86.2782 -26.1905 -88.3637 
-28 -225.889 -44 37 -51.4982 -87.5543 -26.5903 -87.4911 
-20 -230.061 -44 37 -52.751 -87.6003 -26.5903 -87.7788 
-20 -232.38 -44 37 -49.0235 -87.1337 -24.5467 -88.232 
-34 -222.685 -44 37 -52.1488 -87.341 -25.8971 -86.7979 
-24 -228.699 -44 37 -52.1488 -87.341 -25.8971 -86.7979 
-24 -231.732 -44 36 -48.4769 -86.9978 -21.7986 -86.4146 
-24 -228.683 -44 37 -51.1927 -88.1717 -24.9824 -87.981 
-16 -231.846 -44 37 -51.9455 -89.3889 -26.668 -88.4503 
-24 -231.601 -44 36 -48.7646 -86.9594 -22.4917 -85.8646 
-28 -226.703 -44 37 -50.5817 -86.5623 -26.1546 -88.0297 
-24 -228.774 -44 37 -49.5079 -88.0761 -25.933 -88.6628 
-28 -226.572 -44 37 -50.8694 -86.5239 -26.8477 -87.4797 
-24 -230.334 -45 37 -48.8201 -87.1337 -29.1717 -88.232 
-20 -230.825 -44 37 -51.4982 -87.5543 -26.5903 -87.4911 
-26 -227.621 -44 37 -52.1488 -87.341 -25.8971 -86.7979 
-24 -228.392 -43 37 -49.0679 -87.1337 -23.8536 -88.232 
-24 -230.153 -44 37 -49.0235 -87.1337 -24.5467 -88.232 
-24 -228.261 -43 37 -49.3556 -87.0953 -24.5467 -87.6819 
-24 -229.446 -44 37 -49.94 -88.1257 -24.9824 -87.6933 
-34 -222.496 -44 37 -51.4982 -87.5543 -26.5903 -87.4911 
-16 -233.618 -44 37 -51.1927 -88.1717 -24.9824 -87.981 
-30 -226.242 -44 37 -50.5906 -87.9124 -24.2893 -87.0002 
-16 -236.536 -44 36 -48.7646 -86.9594 -22.4917 -85.8646 
-20 -232.256 -44 37 -50.5906 -87.9124 -24.2893 -87.0002 
-16 -233.71 -44 37 -49.5079 -88.0761 -25.933 -88.6628 
-32 -223.107 -44 37 -52.751 -87.6003 -26.5903 -87.7788 
-20 -231.507 -44 37 -50.8694 -86.5239 -26.8477 -87.4797 
-24 -230.03 -44 38 -48.6126 -86.9321 -27.6449 -87.2306 
-24 -229.108 -44 37 -51.8611 -87.3794 -25.204 -87.348 
-24 -230.26 -44 37 -49.0235 -87.1337 -24.5467 -88.232 
-30 -225.675 -44 37 -48.634 -86.5375 -26.8837 -89.3445 
-16 -235.139 -45 37 -49.1078 -87.0953 -29.8649 -87.6819 
-24 -230.129 -44 37 -49.3112 -87.0953 -25.2399 -87.6819 
-16 -233.196 -43 37 -49.3556 -87.0953 -24.5467 -87.6819 
-28 -227.833 -44 36 -50.1406 -88.1776 -23.0555 -86.715 
-28 -228.46 -44 36 -51.3146 -87.2435 -22.4558 -85.5306 
-16 -234.382 -44 37 -49.94 -88.1257 -24.9824 -87.6933 
-28 -227.374 -44 37 -48.6606 -87.3086 -25.933 -88.3751 
-28 -227.702 -44 36 -50.4283 -88.1392 -23.7487 -86.1649 
-22 -231.178 -44 37 -50.5906 -87.9124 -24.2893 -87.0002 
-28 -228.329 -44 36 -51.6023 -87.2051 -23.149 -84.9805 
-24 -229.323 -44 37 -48.3937 -86.7858 -26.798 -89.5014 
-28 -225.503 -44 37 -52.3455 -88.3218 -26.5903 -87.7788 
-26 -232.859 -46 38 -48.7801 -82.9257 -30.6552 -88.3304 
-36 -221.73 -42 36 -51.9017 -87.9382 -19.0022 -83.0335 
-24 -227.327 -44 37 -52.9372 -90.2444 -25.0242 -88.3186 
-30 -222.742 -44 37 -52.5476 -89.6482 -27.3611 -89.4312 
-24 -229.192 -44 37 -48.6814 -86.7474 -27.4912 -88.9514 
-28 -226.643 -44 37 -53.1405 -88.1965 -24.2534 -86.6662 
-28 -227.063 -45 37 -51.6578 -87.3794 -29.8289 -87.348 
-30 -226.053 -44 37 -49.94 -88.1257 -24.9824 -87.6933 
-24 -226.577 -44 37 -50.2064 -88.0078 -29.1717 -91.0468 
-24 -227.196 -44 37 -53.2249 -90.206 -25.7174 -87.7686 
-28 -226.512 -44 37 -53.4282 -88.1581 -24.9465 -86.1161 
-20 -232.428 -44 37 -47.3859 -87.3886 -25.2399 -89.8414 
-28 -225.121 -43 37 -51.9056 -87.3794 -24.5108 -87.348 
-25 -228.234 -44 38 -49.4288 -86.3733 -29.9737 -88.0872 
-28 -226.664 -44 37 -51.1927 -88.1717 -24.9824 -87.981 
-16 -235.064 -44 37 -49.3112 -87.0953 -25.2399 -87.6819 
-28 -226.881 -44 37 -51.8611 -87.3794 -25.204 -87.348 
-28 -224.989 -43 37 -52.1932 -87.341 -25.204 -86.7979 
-24 -229.46 -44 37 -48.634 -86.5375 -26.8837 -89.3445 
-20 -232.665 -44 37 -50.3029 -87.9508 -23.5961 -87.5502 
-20 -232.637 -44 36 -50.4283 -88.1392 -23.7487 -86.1649 
-20 -232.863 -44 37 -49.0235 -87.1337 -24.5467 -88.232 
-20 -233.265 -44 36 -51.6023 -87.2051 -23.149 -84.9805 
-20 -230.438 -44 37 -52.3455 -88.3218 -26.5903 -87.7788 
-36 -221.861 -42 36 -51.6141 -87.9766 -18.309 -83.5835 
-28 -226.758 -44 38 -51.4502 -87.1778 -28.3021 -86.3466 
-16 -234.127 -44 37 -48.6814 -86.7474 -27.4912 -88.9514 
-24 -232.017 -44 36 -49.7563 -87.8149 -20.848 -85.7328 
-30 -227.433 -44 36 -49.3668 -87.2187 -23.1849 -86.8454 
FEATURES_TXT_END_0
FEATURES_TXT_BEGIN_0 27 100 8 Distortion0_0 LM0_0 WordPenalty0_0 PhrasePenalty0_0 TranslationModel0_0 TranslationModel0_1 TranslationModel0_2 TranslationModel0_3 
-15 -153.022 -31 30 -34.0265 -37.6576 -20.9135 -51.8925 
-12 -154.872 -31 30 -34.0265 -37.6576 -20.9135 -51.8925 
-16 -152.765 -31 30 -32.7471 -36.8405 -21.8641 -52.5743 
-15 -154.493 -32 30 -34.2397 -37.6576 -22.6122 -51.8925 
-12 -156.344 -32 30 -34.2397 -37.6576 -22.6122 -51.8925 
-16 -154.237 -32 30 -32.9604 -36.8405 -23.5628 -52.5743 
-15 -153.79 -31 30 -32.7471 -36.8405 -21.8641 -52.5743 
-15 -147.672 -30 29 -39.062 -40.762 -21.1743 -52.3965 
-12 -149.522 -30 29 -39.062 -40.762 -21.1743 -52.3965 
-15 -151.56 -31 30 -35.6918 -38.5265 -22.3963 -53.2984 
-16 -147.416 -30 29 -37.7826 -39.9449 -22.1249 -53.0782 
-15 -155.262 -32 30 -32.9604 -36.8405 -23.5628 -52.5743 
-19 -150.295 -31 30 -34.8417 -38.6717 -20.9273 -52.9384 
-15 -149.144 -31 29 -39.2753 -40.762 -22.873 -52.3965 
-16 -152.145 -31 30 -34.8417 -38.6717 -20.9273 -52.9384 
-12 -150.994 -31 29 -39.2753 -40.762 -22.873 -52.3965 
-15 -153.031 -32 30 -35.9051 -38.5265 -24.095 -53.2984 
-20 -150.038 -31 30 -33.5623 -37.8546 -21.8779 -53.6201 
-19 -152.421 -32 30 -33.6864 -38.3054 -21.3189 -54.1668 
-16 -148.887 -31 29 -37.9959 -39.9449 -23.8236 -53.0782 
-16 -154.271 -32 30 -33.6864 -38.3054 -21.3189 -54.1668 
-19 -151.766 -32 30 -35.055 -38.6717 -22.6259 -52.9384 
-16 -153.617 -32 30 -35.055 -38.6717 -22.6259 -52.9384 
-20 -152.164 -32 30 -32.407 -37.4883 -22.2696 -54.8486 
-23 -149.413 -32 30 -34.2394 -38.6717 -23.5945 -52.9384 
-15 -148.441 -30 29 -37.7826 -39.9449 -22.1249 -53.0782 
-20 -151.51 -32 30 -33.7756 -37.8546 -23.5766 -53.6201 
-20 -151.263 -32 30 -34.2394 -38.6717 -23.5945 -52.9384 
-19 -153.892 -33 30 -33.8997 -38.3054 -23.0176 -54.1668 
-16 -155.743 -33 30 -33.8997 -38.3054 -23.0176 -54.1668 
-15 -146.21 -30 29 -40.7274 -41.6309 -22.6571 -53.8023 
-24 -149.156 -32 30 -32.96 -37.8546 -24.5451 -53.6201 
-15 -154.132 -31 30 -34.5218 -38.8463 -20.1026 -51.6206 
-20 -153.636 -33 30 -32.6203 -37.4883 -23.9682 -54.8486 
-23 -150.884 -33 30 -34.4527 -38.6717 -25.2932 -52.9384 
-19 -151.063 -31 30 -33.5623 -37.8546 -21.8779 -53.6201 
-12 -154.065 -31 30 -35.6918 -38.5265 -22.3963 -53.2984 
-15 -149.912 -31 29 -37.9959 -39.9449 -23.8236 -53.0782 
-19 -149.408 -31 30 -35.1651 -39.4205 -22.4176 -54.1213 
-19 -144.945 -30 29 -39.8773 -41.7761 -21.1881 -53.4423 
-20 -152.735 -33 30 -34.4527 -38.6717 -25.2932 -52.9384 
-12 -156.481 -31 30 -32.7471 -36.8405 -21.8641 -52.5743 
-16 -151.259 -31 30 -35.1651 -39.4205 -22.4176 -54.1213 
-16 -146.796 -30 29 -39.8773 -41.7761 -21.1881 -53.4423 
-19 -148.833 -31 30 -36.5071 -39.5407 -22.4101 -54.3442 
-15 -147.681 -31 29 -40.9407 -41.6309 -24.3558 -53.8023 
-24 -150.628 -33 30 -33.1733 -37.8546 -26.2438 -53.6201 
-19 -153.189 -32 30 -32.407 -37.4883 -22.2696 -54.8486 
-15 -155.604 -32 30 -34.7351 -38.8463 -21.8012 -51.6206 
-15 -152.202 -31 30 -36.1872 -39.7153 -21.5854 -53.0264 
-20 -149.152 -31 30 -33.8857 -38.6035 -23.3682 -54.8031 
-15 -152.825 -30 29 -37.1175 -37.9839 -19.307 -48.5711 
-20 -144.689 -30 29 -38.5979 -40.959 -22.1387 -54.1241 
-19 -152.535 -32 30 -33.7756 -37.8546 -23.5766 -53.6201 
-12 -155.536 -32 30 -35.9051 -38.5265 -24.095 -53.2984 
-12 -154.675 -30 29 -37.1175 -37.9839 -19.307 -48.5711 
-15 -153.489 -30 29 -36.3037 -37.965 -18.6138 -48.6199 
-19 -150.88 -32 30 -35.3784 -39.4205 -24.1162 -54.1213 
-19 -146.417 -31 29 -40.0905 -41.7761 -22.8868 -53.4423 
-16 -154.119 -31 30 -34.0265 -37.6576 -20.9135 -51.8925 
-19 -150.959 -32 30 -35.3518 -39.1744 -22.8018 -55.5726 
-12 -157.952 -32 30 -32.9604 -36.8405 -23.5628 -52.5743 
-12 -155.339 -30 29 -36.3037 -37.965 -18.6138 -48.6199 
-16 -152.73 -32 30 -35.3784 -39.4205 -24.1162 -54.1213 
-16 -148.267 -31 29 -40.0905 -41.7761 -22.8868 -53.4423 
-15 -153.68 -31 30 -34.0928 -37.8806 -22.1129 -53.1163 
-23 -150.181 -32 30 -32.96 -37.8546 -24.5451 -53.6201 
-16 -152.568 -30 29 -35.8381 -37.1668 -20.2576 -49.2529 
-19 -150.304 -32 30 -36.7204 -39.5407 -24.1088 -54.3442 
-23 -144.063 -31 29 -39.2749 -41.7761 -23.8553 -53.4423 
-12 -155.531 -31 30 -34.0928 -37.8806 -22.1129 -53.1163 
-19 -152.43 -31 30 -34.0265 -37.6576 -20.9135 -51.8925 
-19 -154.661 -33 30 -32.6203 -37.4883 -23.9682 -54.8486 
-23 -149.694 -32 30 -34.5017 -39.3196 -21.3327 -55.2127 
-15 -153.674 -32 30 -36.4004 -39.7153 -23.2841 -53.0264 
-16 -153.233 -30 29 -35.0243 -37.1479 -19.5644 -49.3016 
-20 -150.623 -32 30 -34.099 -38.6035 -25.0668 -54.8031 
-15 -154.296 -31 29 -37.3308 -37.9839 -21.0056 -48.5711 
-20 -146.16 -31 29 -38.8111 -40.959 -23.8374 -54.1241 
-20 -145.914 -31 29 -39.2749 -41.7761 -23.8553 -53.4423 
-15 -154.803 -31 30 -33.2424 -38.0293 -21.0532 -52.3024 
-20 -151.544 -32 30 -34.5017 -39.3196 -21.3327 -55.2127 
-23 -147.951 -32 30 -35.9048 -39.5407 -25.0773 -54.3442 
-12 -156.146 -31 29 -37.3308 -37.9839 -21.0056 -48.5711 
-16 -153.424 -31 30 -32.8134 -37.0635 -23.0635 -53.7981 
-15 -154.961 -31 29 -36.517 -37.965 -20.3125 -48.6199 
-16 -155.591 -32 30 -34.2398 -37.6576 -22.6122 -51.8925 
-19 -152.43 -33 30 -35.5651 -39.1744 -24.5005 -55.5726 
-24 -143.807 -31 29 -37.9955 -40.959 -24.8059 -54.1241 
-19 -152.525 -31 30 -33.2424 -38.0293 -21.0532 -52.3024 
-12 -156.811 -31 29 -36.517 -37.965 -20.3125 -48.6199 
-15 -148.783 -30 29 -39.5573 -41.9507 -20.3634 -52.1245 
-15 -155.152 -32 30 -34.3061 -37.8806 -23.8116 -53.1163 
-24 -149.438 -32 30 -33.2223 -38.5025 -22.2834 -55.8944 
-23 -151.653 -33 30 -33.1733 -37.8546 -26.2438 -53.6201 
-16 -154.039 -31 29 -36.0514 -37.1668 -21.9563 -49.2529 
-23 -145.535 -32 29 -39.4882 -41.7761 -25.554 -53.4423 
-19 -150.177 -31 30 -33.8857 -38.6035 -23.3682 -54.8031 
-19 -145.714 -30 29 -38.5979 -40.959 -22.1387 -54.1241 
-12 -148.715 -30 29 -40.7274 -41.6309 -22.6571 -53.8023 
FEATURES_TXT_END_0
FEATURES_TXT_BEGIN_0 28 100 8 Distortion0_0 LM0_0 WordPenalty0_0 PhrasePenalty0_0 TranslationModel0_0 TranslationModel0_1 TranslationModel0_2 TranslationModel0_3 
-18 -210.341 -47 42 -76.4337 -83.9755 -44.7567 -81.7032 
-18 -210.902 -48 43 -75.9344 -85.0421 -47.8435 -82.7804 
-18 -208.659 -46 41 -78.3326 -85.3284 -42.635 -79.1645 
-18 -209.22 -47 42 -77.8333 -86.395 -45.7218 -80.2417 
-22 -210.698 -48 43 -73.7372 -82.7183 -47.8435 -82.518 
-18 -213.883 -47 42 -73.1305 -82.2178 -43.3704 -80.3992 
-22 -209.016 -47 42 -75.636 -84.0712 -45.7218 -79.9793 
-18 -214.444 -48 43 -72.6312 -83.2844 -46.4572 -81.4763 
-18 -204.305 -46 42 -80.7104 -87.0269 -46.9539 -83.5224 
-18 -209.151 -47 42 -77.5796 -85.3142 -45.673 -82.5361 
-18 -204.866 -47 43 -80.2111 -88.0935 -50.0407 -84.5996 
-18 -209.712 -48 43 -77.0803 -86.3808 -48.7598 -83.6133 
-18 -212.201 -46 41 -75.0293 -83.5707 -41.2487 -77.8604 
-18 -209.439 -43 41 -75.974 -84.3288 -34.659 -74.7793 
-18 -212.761 -47 42 -74.53 -84.6373 -44.3355 -78.9376 
-18 -202.623 -45 41 -82.6092 -88.3798 -44.8322 -80.9837 
-18 -207.469 -46 41 -79.4784 -86.6671 -43.5513 -79.9974 
-26 -206.225 -47 42 -76.4337 -83.9755 -44.7567 -81.7032 
-18 -210 -44 42 -75.4748 -85.3953 -37.7457 -75.8565 
-18 -203.183 -46 42 -82.1099 -89.4464 -47.919 -82.0608 
-18 -208.03 -47 42 -78.9791 -87.7337 -46.6381 -81.0746 
-18 -210.279 -47 42 -76.8756 -83.4867 -46.0095 -82.4809 
-26 -206.786 -48 43 -75.9344 -85.0421 -47.8435 -82.7804 
-18 -214.578 -48 42 -72.6197 -83.2511 -44.7567 -82.5682 
-18 -214.764 -47 42 -69.0814 -82.7297 -44.4625 -81.4647 
-22 -214.24 -48 43 -70.434 -80.9606 -46.4572 -81.214 
-18 -210.84 -48 43 -76.3763 -84.5533 -49.0962 -83.5581 
-18 -215.139 -49 43 -72.1204 -84.3177 -47.8435 -83.6454 
-22 -204.662 -47 43 -78.0139 -85.7697 -50.0407 -84.3372 
-18 -211.942 -47 42 -75.9818 -83.1898 -44.3047 -81.4855 
-26 -204.543 -46 41 -78.3326 -85.3284 -42.635 -79.1645 
-22 -209.508 -48 43 -74.8831 -84.057 -48.7598 -83.3509 
-18 -211.405 -47 42 -75.1543 -83.1584 -45.7073 -82.385 
-18 -208.597 -46 41 -78.7744 -84.8396 -43.8878 -79.9422 
-18 -212.503 -48 43 -75.4825 -84.2564 -47.3915 -82.5627 
-26 -205.104 -47 42 -77.8333 -86.395 -45.7218 -80.2417 
-18 -212.338 -47 42 -73.1305 -82.7172 -44.7567 -83.5491 
-18 -212.896 -47 41 -74.5185 -84.604 -42.635 -80.0295 
-18 -207.598 -43 41 -77.6515 -85.1703 -35.9604 -76.253 
-18 -213.082 -46 41 -70.9802 -84.0826 -42.3408 -78.926 
-22 -212.558 -47 42 -72.3328 -82.3135 -44.3355 -78.6753 
-18 -211.966 -48 43 -74.6551 -84.225 -48.7941 -83.4622 
-18 -210.434 -47 42 -77.5864 -84.2678 -44.7567 -82.3697 
-18 -209.158 -47 42 -78.2751 -85.9062 -46.9745 -81.0194 
-18 -207.846 -46 42 -77.4072 -85.2692 -45.5676 -82.2183 
-18 -212.692 -47 42 -74.2764 -83.5565 -44.2867 -81.2321 
-18 -210.27 -47 42 -78.6955 -85.9682 -44.2459 -80.5136 
-18 -212.899 -48 43 -72.6312 -83.7838 -47.8435 -84.6262 
-18 -213.457 -48 42 -74.0192 -85.6706 -45.7218 -81.1067 
-18 -208.159 -44 42 -77.1523 -86.2368 -39.0472 -77.3302 
-22 -209.796 -44 42 -73.2775 -83.0716 -37.7457 -75.5941 
-18 -210.995 -48 43 -77.0871 -85.3344 -47.8435 -83.4469 
-22 -202.98 -46 42 -79.9127 -87.1226 -47.919 -81.7985 
-18 -210.26 -46 41 -77.8806 -84.5427 -42.183 -78.9468 
-22 -207.826 -47 42 -76.7819 -85.4099 -46.6381 -80.8122 
-18 -208.407 -47 43 -76.9079 -86.3358 -48.6544 -83.2955 
-18 -213.253 -48 43 -73.7771 -84.6231 -47.3735 -82.3093 
-18 -210.831 -48 43 -78.1962 -87.0348 -47.3326 -81.5908 
-30 -206.583 -48 43 -73.7372 -82.7183 -47.8435 -82.518 
-18 -212.842 -48 43 -73.7372 -84.1408 -47.8435 -83.4735 
-18 -209.723 -46 41 -77.0532 -84.5113 -43.5856 -79.8463 
-18 -207.249 -47 42 -76.9727 -87.1338 -46.2608 -86.832 
-18 -210.821 -47 42 -77.3813 -85.6093 -45.2698 -80.024 
-18 -212.61 -48 43 -76.3763 -83.9435 -47.1503 -82.3749 
-18 -210.656 -46 41 -75.0293 -84.0701 -42.635 -81.0103 
-22 -210.636 -48 43 -74.1791 -82.2295 -49.0962 -83.2957 
-8 -216.404 -47 42 -76.6773 -85.6225 -44.0635 -83.0382 
-18 -212.618 -47 42 -73.3128 -83.2511 -44.7567 -82.5682 
-18 -210.284 -47 42 -76.5539 -85.5779 -46.6724 -80.9234 
-18 -212.98 -43 41 -72.6708 -82.5711 -33.2727 -73.4752 
-18 -208.752 -46 41 -79.4852 -85.6207 -42.635 -79.831 
-18 -207.81 -48 43 -76.4734 -88.2004 -49.3475 -87.9092 
-18 -206.164 -45 41 -79.306 -86.6221 -43.4459 -79.6796 
-18 -211.01 -46 41 -76.1752 -84.9094 -42.165 -78.6934 
-14 -215.296 -48 42 -74.8169 -85.6225 -44.7567 -83.0382 
-22 -214.935 -49 43 -69.9232 -81.9939 -47.8435 -83.383 
-18 -208.588 -46 41 -80.5943 -87.3211 -42.1242 -77.9749 
-18 -211.217 -47 42 -74.53 -85.1366 -45.7218 -82.0875 
-18 -213.179 -48 43 -72.8136 -84.3177 -47.8435 -83.6454 
-18 -213.541 -44 42 -72.1715 -83.6376 -36.3594 -74.5524 
-18 -209.313 -47 42 -78.9859 -86.6873 -45.7218 -80.9082 
-18 -203.402 -42 41 -80.2507 -87.3801 -36.8562 -76.5984 
-18 -208.248 -43 41 -77.1199 -85.6675 -35.5752 -75.6122 
-18 -206.725 -46 42 -78.8067 -87.6886 -46.5327 -80.7568 
-18 -211.571 -47 42 -75.6759 -85.976 -45.2518 -79.7705 
-18 -209.149 -47 42 -80.095 -88.3877 -45.211 -79.0521 
-18 -213.821 -47 42 -73.5724 -81.729 -44.6232 -81.1769 
-22 -212.299 -48 43 -73.2852 -81.9326 -47.3915 -82.3003 
-30 -204.901 -47 42 -75.636 -84.0712 -45.7218 -79.9793 
-22 -207.796 -46 42 -76.1169 -83.5565 -44.2867 -81.2321 
-18 -211.16 -47 42 -75.636 -85.4937 -45.7218 -80.9348 
-18 -205.567 -46 41 -78.8716 -88.4867 -44.1391 -84.2933 
-18 -203.963 -43 42 -79.7514 -88.4467 -39.9429 -77.6756 
-18 -208.809 -44 42 -76.6206 -86.7341 -38.662 -76.6894 
-18 -218.306 -47 42 -65.7781 -80.972 -43.0762 -80.1607 
-18 -210.928 -47 42 -78.2751 -85.2964 -45.0286 -79.8362 
-22 -211.763 -48 43 -72.4578 -81.9012 -48.7941 -83.1998 
-22 -208.954 -47 42 -76.0779 -83.5824 -46.9745 -80.757 
-18 -212.809 -47 42 -72.0363 -85.0233 -44.4625 -82.2331 
-18 -214.381 -48 43 -73.0731 -82.7956 -47.7099 -82.2541 
FEATURES_TXT_END_0
FEATURES_TXT_BEGIN_0 29 89 8 Distortion0_0 LM0_0 WordPenalty0_0 PhrasePenalty0_0 TranslationModel0_0 TranslationModel0_1 TranslationModel0_2 TranslationModel0_3 
-34 -408.782 -72 64 -87.3706 -116.006 -57.6494 -119.922 
-36 -406.404 -71 64 -89.1838 -116.168 -55.8036 -117.773 
-34 -407.703 -73 64 -88.455 -116.349 -62.05 -122.052 
-34 -410.249 -73 64 -86.2388 -115.844 -58.3967 -122.071 
-36 -405.324 -72 64 -90.2682 -116.511 -60.2042 -119.903 
-36 -407.871 -72 64 -88.0521 -116.006 -56.5508 -119.922 
-32 -411.331 -71 64 -87.7691 -113.606 -55.8036 -115.78 
-34 -409.17 -74 64 -87.3232 -116.187 -62.7973 -124.201 
-36 -406.791 -73 64 -89.1365 -116.349 -60.9514 -122.052 
-32 -410.252 -72 64 -88.8535 -113.949 -60.2042 -117.91 
-30 -411.442 -72 64 -87.3706 -116.006 -57.6494 -119.922 
-32 -412.798 -72 64 -86.6373 -113.444 -56.5508 -117.93 
-32 -409.064 -71 64 -89.1838 -116.168 -55.8036 -117.773 
-42 -406.686 -73 64 -83.977 -113.852 -58.9075 -123.261 
-34 -409.128 -72 64 -86.2832 -115.844 -57.7035 -122.071 
-44 -404.308 -72 64 -85.7903 -114.013 -57.0617 -121.112 
-38 -407.798 -72 64 -86.9379 -115.258 -57.0343 -119.979 
-32 -411.718 -73 64 -87.7217 -113.787 -60.9514 -120.059 
-30 -410.363 -73 64 -88.455 -116.349 -62.05 -122.052 
-30 -412.909 -73 64 -86.2388 -115.844 -58.3967 -122.071 
-32 -407.984 -72 64 -90.2682 -116.511 -60.2042 -119.903 
-40 -408.315 -72 65 -87.391 -115.824 -55.1654 -116.687 
-32 -410.53 -72 64 -88.0521 -116.006 -56.5508 -119.922 
-28 -413.991 -71 64 -87.7691 -113.606 -55.8036 -115.78 
-42 -405.607 -74 64 -85.0614 -114.195 -63.3081 -125.391 
-36 -407.133 -73 63 -87.6182 -117.868 -58.3673 -124.017 
-44 -403.228 -73 64 -86.8747 -114.356 -61.4623 -123.241 
-24 -418.354 -72 63 -86.2254 -113.056 -55.3868 -118.145 
-26 -414.338 -72 63 -86.9587 -115.618 -56.4855 -120.137 
-28 -411.96 -71 63 -88.772 -115.78 -54.6396 -117.988 
-30 -411.83 -74 64 -87.3232 -116.187 -62.7973 -124.201 
-40 -409.235 -72 64 -84.3756 -111.451 -57.0617 -119.119 
-22 -416.998 -72 63 -86.9587 -115.618 -56.4855 -120.137 
-40 -407.236 -73 65 -88.4753 -116.167 -59.566 -118.816 
-26 -414.057 -72 64 -88.4563 -116.435 -56.6274 -119.456 
-32 -409.451 -73 64 -89.1365 -116.349 -60.9514 -122.052 
-40 -409.782 -73 65 -86.2592 -115.663 -55.9126 -118.836 
-34 -409.124 -72 63 -85.8523 -117.525 -55.0653 -121.887 
-28 -411.679 -71 64 -90.2695 -116.597 -54.7815 -117.306 
-36 -406.745 -71 63 -87.6656 -117.687 -53.2195 -119.738 
-28 -412.911 -72 64 -88.8535 -113.949 -60.2042 -117.91 
-28 -415.458 -72 64 -86.6373 -113.444 -56.5508 -117.93 
-40 -404.141 -71 64 -88.0965 -116.006 -55.8577 -119.922 
-38 -405.266 -72 64 -89.2679 -118.257 -57.4156 -120.157 
-42 -401.762 -70 64 -89.9098 -116.168 -54.0119 -117.773 
-40 -402.887 -71 64 -91.0812 -118.418 -55.5698 -118.007 
-26 -413.259 -73 63 -88.0431 -115.961 -60.8861 -122.267 
-26 -415.805 -73 63 -85.8269 -115.456 -57.2327 -122.287 
-28 -410.88 -72 63 -89.8564 -116.123 -59.0402 -120.118 
-28 -413.426 -72 63 -87.6402 -115.618 -55.3868 -120.137 
-40 -408.155 -73 64 -85.46 -111.794 -61.4623 -121.249 
-24 -415.807 -72 63 -88.4416 -113.561 -59.0402 -118.126 
-38 -409.346 -73 64 -83.977 -113.852 -58.9075 -123.261 
-34 -407.923 -71 64 -88.0965 -116.006 -55.8577 -119.922 
-26 -412.978 -73 64 -89.5407 -116.778 -61.028 -121.586 
-40 -408.703 -74 65 -87.3436 -116.006 -60.3132 -120.966 
-26 -415.524 -73 64 -87.3245 -116.273 -57.3746 -121.605 
-34 -408.044 -73 63 -86.9367 -117.868 -59.4659 -124.017 
-40 -406.967 -72 64 -85.7903 -114.013 -57.0617 -121.112 
-28 -412.066 -73 64 -90.2221 -116.778 -59.9294 -121.585 
-34 -410.591 -73 63 -84.7205 -117.363 -55.8125 -124.037 
-28 -410.599 -72 64 -91.3539 -116.94 -59.1821 -119.436 
-28 -413.145 -72 64 -89.1377 -116.435 -55.5288 -119.456 
-24 -416.887 -71 63 -87.3572 -113.218 -54.6396 -115.996 
-36 -405.666 -72 63 -88.7499 -118.03 -57.6201 -121.868 
-36 -408.212 -72 63 -86.5338 -117.525 -53.9667 -121.887 
-28 -414.378 -73 64 -87.7217 -113.787 -60.9514 -120.059 
-40 -403.062 -72 64 -89.1809 -116.349 -60.2583 -122.052 
-24 -416.606 -71 64 -88.8548 -114.035 -54.7815 -115.314 
-32 -411.672 -71 63 -86.2508 -115.125 -53.2195 -117.746 
-38 -404.186 -73 64 -90.3523 -118.599 -61.8162 -122.286 
-34 -404.6 -72 64 -92.9918 -118.079 -61.2468 -120.709 
-42 -400.683 -71 64 -90.9942 -116.511 -58.4125 -119.903 
-38 -406.733 -73 64 -88.1361 -118.095 -58.1628 -122.306 
-34 -408.649 -71 64 -87.39 -116.006 -54.5931 -119.922 
-40 -401.808 -72 64 -92.1656 -118.761 -59.9704 -120.137 
-36 -402.222 -71 64 -94.8051 -118.241 -59.4009 -118.56 
-40 -404.354 -72 64 -89.9494 -118.257 -56.317 -120.157 
-36 -406.27 -70 64 -89.2033 -116.168 -52.7473 -117.773 
-26 -414.726 -74 63 -86.9113 -115.799 -61.6333 -124.417 
-32 -411.759 -73 64 -86.3984 -115.908 -60.8413 -120.052 
-28 -412.347 -73 63 -88.7246 -115.961 -59.7874 -122.267 
-38 -406.69 -70 64 -88.495 -113.606 -54.0119 -115.78 
-38 -408.267 -74 64 -85.0614 -114.195 -63.3081 -125.391 
-34 -409.511 -74 63 -85.8049 -117.706 -60.2131 -126.167 
-34 -409.38 -72 64 -88.2117 -116.07 -58.9955 -117.902 
-26 -414.445 -74 64 -88.4089 -116.616 -61.7752 -123.735 
-40 -405.888 -73 64 -86.8747 -114.356 -61.4623 -123.241 
-48 -406.219 -73 65 -83.9974 -113.67 -56.4234 -120.025 
FEATURES_TXT_END_0
FEATURES_TXT_BEGIN_0 30 99 8 Distortion0_0 LM0_0 WordPenalty0_0 PhrasePenalty0_0 TranslationModel0_0 TranslationModel0_1 TranslationModel0_2 TranslationModel0_3 
-8 -206.879 -36 31 -41.4082 -61.8649 -31.516 -79.3884 
-8 -208.666 -36 31 -41.3419 -61.6418 -30.3166 -78.1646 
-4 -204.836 -35 31 -44.3328 -63.9123 -34.203 -80.0772 
-12 -203.629 -35 30 -44.4993 -62.1912 -29.9095 -76.067 
-12 -205.482 -36 31 -41.4082 -61.8649 -31.516 -79.3884 
-12 -205.483 -36 31 -42.1572 -62.656 -30.3304 -79.2105 
-8 -207.596 -36 32 -44.691 -63.0726 -31.5831 -76.8076 
-4 -207.933 -35 31 -43.3808 -62.682 -30.5654 -78.7067 
-8 -207.943 -36 31 -42.1572 -62.656 -30.3304 -79.2105 
-8 -207.33 -36 31 -41.2696 -60.1721 -33.7847 -80.7355 
-8 -207.922 -36 31 -41.6103 -59.8701 -33.2739 -80.0046 
-8 -208.812 -36 31 -40.3096 -61.3628 -31.516 -79.7939 
-12 -208.461 -38 32 -37.6996 -62.127 -36.3321 -82.7639 
-8 -209.993 -37 31 -40.3992 -61.8649 -33.4619 -79.3884 
-14 -202.645 -37 32 -46.1825 -64.8054 -32.9331 -81.6627 
-4 -210.675 -35 31 -45.7612 -61.2897 -28.835 -73.6552 
-12 -208.463 -38 32 -38.4485 -62.9181 -35.1465 -82.586 
-12 -207.135 -36 31 -41.3419 -61.6418 -30.3166 -78.1646 
-8 -206.681 -35 30 -44.4993 -62.1912 -29.9095 -76.067 
-4 -206.624 -35 31 -44.2665 -63.6892 -33.0036 -78.8534 
-8 -208.293 -36 31 -42.6876 -62.682 -30.5654 -78.7067 
-8 -207.642 -37 32 -42.7037 -62.3296 -34.7525 -82.5319 
-4 -211.867 -35 31 -42.458 -60.0314 -28.835 -75.5011 
-12 -205.416 -35 30 -44.433 -61.9682 -28.7101 -74.8432 
-8 -207.346 -35 30 -43.6855 -62.1724 -29.2163 -76.1158 
-8 -205.979 -36 31 -42.0521 -63.3389 -32.0268 -83.4046 
-11 -206.881 -36 31 -41.4082 -61.8649 -31.516 -79.3884 
-14 -204.078 -37 32 -45.3673 -63.7912 -32.9193 -80.6168 
-8 -209.384 -36 32 -44.6247 -62.8495 -30.3837 -75.5838 
-4 -209.72 -35 31 -43.3145 -62.4589 -29.366 -77.4829 
-8 -210.564 -37 31 -39.9892 -61.0848 -33.4131 -80.1169 
-8 -209.117 -36 31 -41.2033 -59.949 -32.5853 -79.5117 
-8 -203.439 -35 31 -44.3328 -63.9123 -34.203 -80.0772 
-12 -204.425 -35 30 -44.6489 -62.1724 -30.1798 -76.1158 
-16 -202.232 -35 30 -44.4993 -62.1912 -29.9095 -76.067 
-12 -206.443 -36 31 -41.4082 -61.8649 -31.516 -79.3884 
-8 -203.44 -35 31 -45.0817 -64.7034 -33.0173 -79.8993 
-8 -209.71 -36 31 -41.544 -59.647 -32.0744 -78.7808 
-4 -205.553 -35 32 -47.6155 -65.12 -34.2701 -77.4964 
-16 -202.233 -35 30 -45.2482 -62.9823 -28.7239 -75.8891 
-8 -212.019 -37 32 -36.858 -61.3155 -32.7348 -81.4861 
-4 -211.014 -36 32 -42.451 -63.0256 -32.2763 -78.1513 
-4 -205.9 -35 31 -45.0817 -64.7034 -33.0173 -79.8993 
-12 -210.115 -38 32 -37.6332 -61.904 -35.1327 -81.5402 
-12 -204.346 -35 31 -47.782 -63.3989 -29.9766 -73.4862 
-8 -207.941 -36 31 -40.9361 -61.7131 -33.2739 -80.7355 
-4 -205.287 -35 31 -44.1941 -62.2195 -36.4717 -81.4243 
-12 -204.693 -35 30 -45.2482 -62.9823 -28.7239 -75.8891 
-12 -208.188 -37 31 -40.3992 -61.8649 -33.4619 -79.3884 
-12 -204.079 -35 30 -44.3606 -60.4984 -32.1782 -77.4141 
-12 -206.199 -36 32 -44.691 -63.0726 -31.5831 -76.8076 
-8 -206.536 -35 31 -43.3808 -62.682 -30.5654 -78.7067 
-12 -208.19 -37 31 -41.1482 -62.656 -32.2763 -79.2105 
-8 -210.6 -36 31 -40.2433 -61.1397 -30.3166 -78.5701 
-12 -206.567 -36 31 -42.1572 -62.656 -30.3304 -79.2105 
-12 -205.933 -36 31 -41.2696 -60.1721 -33.7847 -80.7355 
-4 -205.879 -35 31 -44.5349 -61.9175 -35.9608 -80.6934 
-12 -206.201 -36 32 -45.4399 -63.8636 -30.3975 -76.6297 
-8 -211.78 -37 31 -40.3329 -61.6418 -32.2625 -78.1646 
-8 -206.537 -35 31 -44.1297 -63.4731 -29.3798 -78.5287 
-14 -205.482 -36 31 -41.4082 -61.8649 -31.516 -79.3884 
-8 -207.035 -36 31 -45.1712 -63.5771 -32.3045 -78.2776 
-12 -204.672 -35 30 -44.7014 -60.1964 -31.6673 -76.6832 
-4 -208.65 -35 32 -46.6635 -63.8896 -30.6325 -76.1258 
-12 -206.645 -36 31 -42.1572 -62.656 -30.3304 -79.2105 
-12 -205.934 -36 31 -42.0185 -60.9632 -32.5991 -80.5576 
-8 -208.66 -36 32 -45.4399 -63.8636 -30.3975 -76.6297 
-4 -212.462 -35 31 -45.6949 -61.0666 -27.6356 -72.4314 
-4 -208.997 -35 31 -44.1297 -63.4731 -29.3798 -78.5287 
-8 -208.823 -37 32 -40.1388 -62.1473 -34.7525 -83.9182 
-12 -206.741 -36 31 -41.4082 -61.8649 -31.516 -79.3884 
-8 -208.047 -36 32 -44.5523 -61.3797 -33.8518 -78.1547 
-12 -206.525 -36 31 -41.6103 -59.8701 -33.2739 -80.0046 
-4 -208.384 -35 31 -43.2421 -60.9892 -32.8341 -80.0537 
-8 -206.97 -35 31 -46.2873 -61.9667 -30.8229 -75.614 
-8 -208.394 -36 31 -42.0185 -60.9632 -32.5991 -80.5576 
-8 -208.469 -35 30 -44.433 -61.9682 -28.7101 -74.8432 
-8 -210.08 -36 31 -42.6213 -62.4589 -29.366 -77.4829 
-8 -209.43 -37 32 -42.6374 -62.1066 -33.5531 -81.3082 
-8 -212.748 -37 31 -38.1635 -57.8334 -34.8833 -79.4293 
-4 -212.649 -35 31 -40.2181 -59.9844 -29.5281 -76.8448 
-4 -213.654 -35 31 -42.3917 -59.8083 -27.6356 -74.2773 
-12 -206.527 -36 31 -42.3593 -60.6612 -32.0882 -79.8267 
-4 -206.769 -35 31 -43.2342 -63.4102 -34.203 -80.4827 
-8 -209.134 -35 30 -43.6192 -61.9493 -28.0169 -74.892 
-8 -206.418 -37 32 -40.6241 -64.1744 -39.0191 -83.4527 
-8 -208.639 -36 32 -44.893 -61.0778 -33.341 -77.4238 
-4 -207.95 -36 31 -43.3238 -63.9123 -36.1489 -80.0772 
-4 -208.976 -35 31 -43.5829 -60.6872 -32.3232 -79.3228 
-12 -206.879 -36 31 -41.4082 -61.8649 -31.516 -79.3884 
0 -208.632 -34 31 -48.6858 -63.3371 -31.522 -74.344 
-12 -205.562 -35 30 -43.4007 -61.6891 -29.9095 -76.4725 
-8 -210.836 -37 31 -41.1482 -62.656 -32.2763 -79.2105 
-12 -206.881 -36 31 -41.4082 -61.8649 -31.516 -79.3884 
-8 -208.986 -36 31 -42.3593 -60.6612 -32.0882 -79.8267 
-8 -211.284 -36 31 -38.1635 -57.8334 -33.7847 -79.4293 
-10 -200.602 -36 32 -49.1071 -66.8528 -35.62 -82.3515 
-16 -205.211 -37 31 -40.7906 -62.4534 -34.7256 -79.4425 
-12 -206.742 -36 30 -43.4903 -62.1912 -31.8554 -76.067 
FEATURES_TXT_END_0
FEATURES_TXT_BEGIN_0 31 100 8 Distortion0_0 LM0_0 WordPenalty0_0 PhrasePenalty0_0 TranslationModel0_0 TranslationModel0_1 TranslationModel0_2 TranslationModel0_3 
-16 -143.11 -33 26 -44.9294 -67.4484 -31.4939 -70.2123 
-18 -143.691 -32 26 -44.6075 -66.8148 -26.8025 -67.5692 
-16 -148.27 -33 26 -42.6867 -64.1534 -29.2104 -66.4886 
-16 -143.399 -33 26 -45.1928 -67.763 -31.8994 -69.9867 
-20 -140.91 -32 26 -44.9294 -66.8148 -30.8007 -67.5692 
-22 -145.503 -32 26 -40.5821 -64.3368 -24.8566 -65.9042 
-24 -138.121 -33 26 -46.3178 -69.5062 -29.6821 -70.6845 
-16 -150.78 -33 26 -41.272 -61.5915 -29.2104 -64.4962 
-16 -144.211 -34 26 -45.3501 -67.4484 -34.9904 -70.2123 
-16 -144.126 -33 25 -43.4318 -66.6313 -31.352 -70.894 
-24 -140.853 -33 26 -44.3254 -67.2569 -28.989 -69.2982 
-23 -137.613 -33 26 -46.5947 -68.3173 -32.9767 -71.6181 
-22 -148.374 -35 26 -41.7588 -62.9888 -30.7489 -68.6428 
-16 -146.103 -33 26 -43.9199 -66.6069 -29.6821 -68.7386 
-8 -148.75 -32 26 -44.6351 -66.8148 -30.3289 -67.5692 
-16 -146.714 -34 26 -43.7406 -66.6069 -33.381 -68.7386 
-18 -148.851 -32 26 -42.3648 -63.5198 -24.5191 -63.8455 
-18 -143.98 -32 26 -44.8709 -67.1294 -27.208 -67.3436 
-24 -143.15 -33 26 -44.0752 -66.2113 -27.3986 -66.9608 
-6 -151.037 -31 26 -44.7236 -64.9375 -28.5371 -63.7722 
-26 -138.702 -32 26 -45.9959 -68.8726 -24.9908 -68.0414 
-26 -148.27 -35 26 -40.7494 -62.1473 -28.9372 -67.1691 
-18 -151.361 -32 26 -40.9501 -60.9579 -24.5191 -61.8531 
-18 -144.792 -33 26 -45.0282 -66.8148 -30.2991 -67.5692 
-16 -148.559 -33 26 -42.9502 -64.4681 -29.6159 -66.2631 
-20 -141.49 -33 26 -44.2934 -66.899 -32.5925 -71.1971 
-20 -146.07 -32 26 -42.6867 -63.5198 -28.5173 -63.8455 
-18 -144.707 -32 25 -43.1099 -65.9977 -26.6606 -68.2509 
-22 -150.662 -32 26 -38.3395 -61.0419 -22.5731 -62.1805 
-20 -141.199 -32 26 -45.1928 -67.1294 -31.2062 -67.3436 
-16 -149.371 -34 26 -43.1075 -64.1534 -32.7069 -66.4886 
-22 -144.956 -32 26 -41.6658 -65.1818 -25.1931 -66.4706 
-22 -145.792 -32 26 -40.8456 -64.6515 -25.2621 -65.6786 
-24 -138.411 -33 26 -46.5813 -69.8209 -30.0876 -70.4589 
-16 -149.286 -33 25 -41.1891 -63.3363 -29.0685 -67.1704 
-16 -151.07 -33 26 -41.5355 -61.9062 -29.6159 -64.2707 
-16 -144.5 -34 26 -45.6136 -67.763 -35.3959 -69.9867 
-28 -135.922 -32 26 -46.3178 -68.8726 -28.989 -68.0414 
-20 -148.58 -32 26 -41.272 -60.9579 -28.5173 -61.8531 
-20 -142.011 -33 26 -45.3501 -66.8148 -34.2973 -67.5692 
-30 -140.514 -32 26 -41.9706 -66.3947 -23.0449 -66.3764 
-16 -140.22 -33 26 -48.2582 -71.035 -32.4102 -72.8369 
-22 -153.173 -32 26 -36.9247 -58.48 -22.5731 -60.1881 
-22 -146.604 -33 26 -41.0028 -64.3368 -28.3531 -65.9042 
-16 -144.415 -33 25 -43.6953 -66.9459 -31.7574 -70.6685 
-20 -141.926 -32 25 -43.4318 -65.9977 -30.6588 -68.2509 
-26 -141.434 -32 26 -44.0035 -66.6233 -24.2976 -66.6551 
-16 -151.881 -34 26 -41.6927 -61.5915 -32.7069 -64.4962 
-25 -138.193 -32 26 -46.2728 -67.6837 -28.2854 -68.975 
-22 -146.519 -32 25 -39.0845 -63.5197 -24.7147 -66.5859 
-16 -142.285 -33 26 -46.5947 -68.3173 -32.9767 -71.6181 
-24 -148.955 -34 26 -41.4369 -62.3552 -26.0576 -65.9997 
-16 -151.796 -33 25 -39.7744 -60.7744 -29.0685 -65.178 
-16 -145.227 -34 25 -43.8525 -66.6313 -34.8485 -70.894 
-16 -142.696 -33 26 -45.8733 -67.4484 -35.0203 -70.2123 
-22 -149.897 -33 26 -40.2347 -61.4799 -26.1856 -63.6887 
-18 -146.684 -32 26 -43.598 -65.9733 -24.9908 -66.0955 
-23 -142.772 -33 26 -44.3521 -65.0224 -30.6932 -67.8945 
-18 -147.295 -33 26 -43.4187 -65.9733 -28.6896 -66.0955 
-16 -144.719 -33 26 -43.65 -66.6313 -32.4445 -70.894 
-21 -137.352 -33 26 -48.2582 -71.035 -32.4102 -72.8369 
-24 -141.143 -33 26 -44.5889 -67.5715 -29.3945 -69.0726 
-28 -138.653 -32 26 -44.3254 -66.6233 -28.2958 -66.6551 
-22 -148.663 -35 26 -42.0223 -63.3034 -31.1544 -68.4173 
-16 -151.263 -33 26 -41.6773 -63.3119 -27.3986 -65.0149 
-27 -135.413 -32 26 -46.5947 -67.6837 -32.2836 -68.975 
-8 -153.91 -32 26 -42.3924 -63.5198 -28.0454 -63.8455 
-30 -143.246 -32 26 -39.9781 -64.1453 -22.3517 -64.9901 
-26 -146.174 -34 26 -41.7588 -62.3552 -30.0558 -65.9997 
-16 -151.874 -34 26 -41.498 -63.3119 -31.0975 -65.0149 
-29 -140.005 -32 26 -42.2475 -65.2058 -26.3395 -67.31 
-8 -151.493 -32 26 -41.0515 -65.6452 -29.6358 -67.5692 
-28 -150.767 -34 26 -37.4116 -59.8772 -24.1117 -64.3347 
-31 -132.624 -33 26 -47.9832 -70.3752 -31.165 -72.0903 
-26 -143.731 -32 26 -43.7533 -65.5777 -22.7073 -64.3177 
-16 -146.393 -33 26 -44.1834 -66.9215 -30.0876 -68.513 
-23 -145.283 -33 26 -42.9374 -62.4605 -30.6932 -65.902 
-8 -149.04 -32 26 -44.8986 -67.1294 -30.7344 -67.3436 
-23 -138.714 -34 26 -47.0155 -68.3173 -36.4732 -71.6181 
-20 -144.508 -33 26 -41.8479 -64.9704 -33.0743 -68.5473 
-16 -148.594 -34 26 -43.9199 -66.0405 -29.6821 -69.5859 
-16 -147.004 -34 26 -44.0041 -66.9215 -33.7864 -68.513 
-20 -143.903 -32 26 -43.9199 -65.9733 -28.989 -66.0955 
-22 -149.475 -36 26 -42.1796 -62.9888 -34.2454 -68.6428 
-14 -146.456 -34 26 -44.957 -67.4484 -35.0203 -70.2123 
-20 -144.515 -33 26 -43.7406 -65.9733 -32.6878 -66.0955 
-22 -148.496 -32 26 -39.5727 -63.4953 -23.0449 -64.4305 
-23 -138.629 -33 25 -45.0972 -67.5002 -32.8348 -72.2999 
-12 -150.592 -32 26 -41.0239 -65.6452 -26.1094 -67.5692 
-22 -149.107 -33 26 -39.3934 -63.4953 -26.7437 -64.4305 
-22 -149.39 -35 25 -40.2613 -62.1717 -30.607 -69.3246 
-28 -148.851 -34 26 -40.4275 -61.5137 -24.2458 -64.526 
-18 -149.14 -32 26 -42.6283 -63.8345 -24.9245 -63.62 
-16 -143.762 -32 26 -46.0235 -68.8726 -28.5172 -68.0414 
-16 -153.774 -33 26 -40.2626 -60.75 -27.3986 -63.0225 
-24 -146.218 -33 26 -42.0828 -63.9619 -26.7055 -65.5745 
-8 -156.42 -32 26 -40.9777 -60.9579 -28.0454 -61.8531 
-8 -149.851 -33 26 -45.0558 -66.8148 -33.8254 -67.5692 
-16 -154.385 -34 26 -40.0833 -60.75 -31.0975 -63.0225 
-6 -156.197 -31 26 -42.481 -61.6426 -26.2537 -60.0486 
FEATURES_TXT_END_0
FEATURES_TXT_BEGIN_0 32 100 8 Distortion0_0 LM0_0 WordPenalty0_0 PhrasePenalty0_0 TranslationModel0_0 TranslationModel0_1 TranslationModel0_2 TranslationModel0_3 
-21 -193.203 -33 26 -28.9574 -66.161 -24.2418 -95.4882 
-21 -195.569 -34 26 -28.2642 -66.161 -24.2418 -95.4882 
-18 -198.024 -33 26 -28.8505 -63.2523 -23.2912 -92.3216 
-18 -200.39 -34 26 -28.1573 -63.2523 -23.2912 -92.3216 
-21 -196.768 -33 26 -27.5711 -62.4353 -24.2418 -93.0033 
-21 -199.134 -34 26 -26.8779 -62.4353 -24.2418 -93.0033 
-21 -195.018 -33 26 -27.8737 -65.316 -23.9054 -94.9218 
-21 -193.819 -33 26 -30.2566 -66.3463 -24.2418 -94.3896 
-21 -197.384 -34 26 -27.1805 -65.316 -23.9054 -94.9218 
-24 -195.046 -33 26 -28.8505 -63.2523 -23.2912 -92.3216 
-18 -199.839 -33 26 -27.7668 -62.4074 -22.9547 -91.7552 
-21 -196.185 -34 26 -29.5635 -66.3463 -24.2418 -94.3896 
-21 -195.958 -33 26 -27.4217 -64.5303 -23.4534 -94.7041 
-24 -197.412 -34 26 -28.1573 -63.2523 -23.2912 -92.3216 
-18 -198.64 -33 26 -30.1497 -63.4377 -23.2912 -91.223 
-18 -202.205 -34 26 -27.0736 -62.4074 -22.9547 -91.7552 
-21 -198.324 -34 26 -26.7285 -64.5303 -23.4534 -94.7041 
-25 -192.735 -34 27 -29.1226 -65.9723 -26.4022 -96.9313 
-18 -199.013 -33 26 -27.5711 -62.4353 -24.2418 -93.0033 
-18 -201.006 -34 26 -29.4566 -63.4377 -23.2912 -91.223 
-18 -200.779 -33 26 -27.3148 -61.6217 -22.5028 -91.5374 
-25 -195.101 -35 27 -28.4295 -65.9723 -26.4022 -96.9314 
-18 -201.379 -34 26 -26.8779 -62.4353 -24.2418 -93.0033 
-34 -189.227 -34 27 -30.5498 -62.6769 -26.4022 -94.4464 
-18 -203.145 -34 26 -26.6217 -61.6217 -22.5028 -91.5374 
-22 -197.556 -34 27 -29.0157 -63.0637 -25.4516 -93.7647 
-34 -191.593 -35 27 -29.8566 -62.6769 -26.4022 -94.4464 
-21 -198.583 -33 26 -26.4874 -61.5903 -23.9054 -92.4369 
-21 -197.268 -33 26 -28.8505 -63.2523 -23.2912 -92.3216 
-22 -199.922 -35 27 -28.3226 -63.0637 -25.4516 -93.7647 
-24 -195.683 -33 26 -27.5711 -62.4353 -24.2418 -93.0033 
-21 -197.384 -33 26 -28.8703 -62.6206 -24.2418 -91.9047 
-21 -200.948 -34 26 -25.7942 -61.5903 -23.9054 -92.4369 
-21 -199.634 -34 26 -28.1573 -63.2523 -23.2912 -92.3216 
-24 -198.048 -34 26 -26.8779 -62.4353 -24.2418 -93.0033 
-25 -193.97 -33 26 -28.8505 -64.7282 -23.2912 -93.4202 
-30 -191.715 -34 27 -31.849 -62.8622 -26.4022 -93.3478 
-21 -199.75 -34 26 -28.1772 -62.6206 -24.2418 -91.9047 
-21 -199.522 -33 26 -26.0354 -60.8046 -23.4534 -92.2192 
-21 -194.444 -33 26 -29.107 -66.1421 -24.5121 -95.537 
-25 -196.336 -34 26 -28.1573 -64.7282 -23.2912 -93.4202 
-25 -194.446 -35 27 -28.6302 -65.9723 -28.8001 -96.9313 
-30 -194.081 -35 27 -31.1559 -62.8622 -26.4022 -93.3478 
-21 -195.634 -33 26 -29.173 -65.5014 -23.9054 -93.8232 
-21 -193.634 -33 26 -28.9574 -67.6369 -24.2418 -96.5869 
-15 -198.113 -33 26 -30.2566 -66.3463 -24.2418 -94.3896 
-24 -196.861 -33 26 -27.7668 -62.4074 -22.9547 -91.7552 
-18 -197.159 -33 26 -30.5158 -64.1213 -24.7741 -93.7274 
-18 -198.299 -33 26 -28.8505 -64.7282 -23.2912 -93.4202 
-21 -201.888 -34 26 -25.3423 -60.8046 -23.4534 -92.2192 
-15 -199.271 -33 26 -29.173 -65.5014 -23.9054 -93.8233 
-25 -196.3 -34 27 -27.7363 -62.2466 -26.4022 -94.4464 
-21 -195.045 -33 26 -28.3155 -64.8272 -25.1581 -95.6996 
-21 -196.81 -34 26 -28.4139 -66.1421 -24.5121 -95.537 
-25 -196.812 -36 27 -27.937 -65.9723 -28.8001 -96.9314 
-24 -192.747 -33 26 -30.2368 -66.978 -23.2912 -94.8065 
-21 -198 -34 26 -28.4798 -65.5014 -23.9054 -93.8233 
-21 -196 -34 26 -28.2642 -67.6369 -24.2418 -96.5869 
-15 -200.479 -34 26 -29.5635 -66.3463 -24.2418 -94.3896 
-34 -189.758 -34 27 -30.0573 -61.7775 -27.0083 -95.017 
-24 -195.662 -33 26 -30.1497 -63.4377 -23.2912 -91.223 
-24 -199.227 -34 26 -27.0736 -62.4074 -22.9547 -91.7552 
-18 -199.525 -34 26 -29.8227 -64.1213 -24.7741 -93.7274 
-18 -200.665 -34 26 -28.1573 -64.7282 -23.2912 -93.4202 
-15 -201.637 -34 26 -28.4798 -65.5014 -23.9054 -93.8233 
-25 -198.666 -35 27 -27.0432 -62.2466 -26.4022 -94.4464 
-34 -190.937 -35 27 -30.0573 -62.6769 -28.8001 -94.4464 
-18 -199.265 -33 26 -29.0001 -63.2335 -23.5615 -92.3703 
-21 -197.411 -34 26 -27.6224 -64.8272 -25.1581 -95.6996 
-22 -199.267 -35 27 -28.5233 -63.0637 -27.8495 -93.7647 
-24 -195.113 -34 26 -29.5436 -66.978 -23.2912 -94.8065 
-18 -200.455 -33 26 -29.0661 -62.5927 -22.9547 -90.6566 
-18 -198.455 -33 26 -28.8505 -64.7282 -23.2912 -93.4202 
-21 -196.574 -33 26 -28.721 -64.7157 -23.4534 -93.6055 
-12 -202.934 -33 26 -30.1497 -63.4377 -23.2912 -91.223 
-34 -192.124 -35 27 -29.3641 -61.7775 -27.0083 -95.017 
-24 -198.028 -34 26 -29.4566 -63.4377 -23.2912 -91.223 
-24 -197.801 -33 26 -27.3148 -61.6217 -22.5028 -91.5375 
-18 -200.828 -33 26 -26.4874 -61.5903 -23.9054 -92.4369 
-21 -195.612 -34 26 -29.0997 -66.161 -27.2174 -95.4882 
-22 -194.943 -33 26 -30.5158 -64.1213 -24.7741 -93.7274 
-12 -204.092 -33 26 -29.0661 -62.5927 -22.9547 -90.6566 
-25 -195.316 -33 26 -28.8505 -63.2523 -23.2912 -92.3216 
-15 -200.211 -33 26 -28.721 -64.7157 -23.4534 -93.6055 
-18 -199.866 -33 26 -28.2086 -61.9186 -24.2075 -92.5329 
-25 -194.756 -34 26 -28.2642 -66.161 -24.2418 -95.4882 
-34 -193.303 -36 27 -29.3641 -62.6769 -28.8001 -94.4464 
-18 -201.631 -34 26 -28.307 -63.2335 -23.5615 -92.3704 
-22 -201.633 -36 27 -27.8301 -63.0637 -27.8495 -93.7647 
-18 -202.821 -34 26 -28.3729 -62.5927 -22.9547 -90.6566 
-18 -200.821 -34 26 -28.1573 -64.7282 -23.2912 -93.4202 
-21 -198.94 -34 26 -28.0278 -64.7157 -23.4534 -93.6055 
-12 -205.3 -34 26 -29.4566 -63.4377 -23.2912 -91.223 
-25 -193.351 -34 27 -30.4219 -66.1577 -26.4022 -95.8327 
-25 -194.816 -34 26 -28.2642 -66.161 -24.2418 -95.4882 
-24 -200.167 -34 26 -26.6216 -61.6217 -22.5028 -91.5375 
-18 -199.629 -33 26 -28.8703 -62.6206 -24.2418 -91.9047 
-18 -203.194 -34 26 -25.7942 -61.5903 -23.9054 -92.4369 
-22 -197.309 -34 26 -29.8227 -64.1213 -24.7741 -93.7274 
-12 -206.458 -34 26 -28.3729 -62.5927 -22.9547 -90.6566 
FEATURES_TXT_END_0
FEATURES_TXT_BEGIN_0 33 100 8 Distortion0_0 LM0_0 WordPenalty0_0 PhrasePenalty0_0 TranslationModel0_0 TranslationModel0_1 TranslationModel0_2 TranslationModel0_3 
-22 -76.5126 -22 20 -20.6162 -31.4094 -19.8214 -46.1525 
-22 -78.9649 -23 20 -17.7351 -30.382 -20.92 -47.8413 
-22 -78.3956 -22 20 -19.6069 -29.886 -19.1283 -44.7174 
-20 -80.2716 -22 20 -19.6069 -29.886 -19.1283 -44.7174 
-17 -82.9606 -23 20 -19.6375 -29.886 -22.3201 -44.7174 
-22 -83.973 -24 20 -18.5821 -28.4135 -20.2065 -44.6485 
-22 -86.4252 -25 20 -15.701 -27.3861 -21.3051 -46.3372 
-20 -80.9976 -23 20 -18.8337 -31.4094 -20.92 -46.1525 
-22 -85.8559 -24 20 -17.5728 -26.8902 -19.5134 -43.2134 
-20 -80.6611 -22 20 -19.6069 -29.886 -19.1283 -44.7174 
-17 -83.822 -24 20 -17.7657 -30.382 -24.1119 -47.8413 
-20 -81.5714 -23 20 -18.8337 -31.4094 -20.92 -46.1525 
-22 -76.5894 -22 20 -22.9188 -34.0858 -19.8214 -45.0539 
-20 -81.3796 -22 19 -18.5404 -29.0689 -18.9356 -45.3661 
-22 -79.0417 -23 20 -20.0377 -33.0584 -20.92 -46.7426 
-22 -78.4724 -22 20 -21.9095 -32.5625 -19.1283 -43.6188 
-14 -85.5669 -23 20 -19.6375 -29.886 -22.3201 -44.7174 
-20 -87.7319 -24 20 -17.5728 -26.8902 -19.5134 -43.2134 
-17 -81.9418 -23 20 -20.6468 -31.4094 -23.0133 -46.1525 
-17 -84.0367 -23 20 -18.3581 -29.0689 -23.2707 -45.3992 
-17 -90.4209 -25 20 -17.6034 -26.8902 -22.7052 -43.2134 
-14 -86.2656 -24 20 -18.8643 -31.4094 -24.1119 -46.1525 
-20 -88.458 -25 20 -16.7996 -28.4135 -21.3051 -44.6485 
-20 -88.1214 -24 20 -17.5728 -26.8902 -19.5134 -43.2134 
-17 -91.2823 -26 20 -15.7316 -27.3861 -24.497 -46.3372 
-20 -82.3844 -23 20 -17.5543 -30.5923 -21.8706 -46.8343 
-17 -85.1085 -24 20 -16.4863 -29.5649 -25.0625 -48.523 
-22 -75.7033 -22 20 -21.106 -32.6294 -23.5301 -48.4244 
-20 -82.0478 -22 20 -18.3275 -29.0689 -20.0789 -45.3992 
-20 -80.3483 -22 20 -21.9095 -32.5625 -19.1283 -43.6188 
-14 -83.3597 -22 19 -20.0865 -30.7429 -23.3031 -43.5848 
-18 -86.4954 -24 20 -21.2211 -29.6387 -19.5134 -44.5054 
-18 -88.9477 -25 20 -18.3401 -28.6113 -20.612 -46.1941 
-18 -88.3784 -24 20 -20.2119 -28.1154 -18.8202 -43.0703 
-21 -81.3778 -22 20 -19.6069 -29.886 -19.1283 -44.7174 
-22 -80.9806 -22 19 -18.5404 -29.0689 -18.9356 -45.3661 
-17 -84.8202 -23 20 -17.0726 -28.9009 -24.1119 -45.816 
-24 -77.8014 -22 20 -20.6162 -31.4094 -19.8214 -46.1525 
-24 -80.2536 -23 20 -17.7351 -30.382 -20.92 -47.8413 
-17 -83.0374 -23 20 -21.9401 -32.5625 -22.3201 -43.6188 
-24 -79.6843 -22 20 -19.6069 -29.886 -19.1283 -44.7174 
-20 -80.23 -22 20 -20.6162 -31.4094 -19.8214 -46.1525 
-20 -82.6875 -23 19 -17.7672 -30.5923 -20.7274 -46.8012 
-14 -86.6294 -23 20 -18.3581 -29.0689 -23.2707 -45.3992 
-21 -79.1707 -21 19 -20.2898 -30.7429 -18.6781 -43.5848 
-20 -89.0317 -25 20 -16.7996 -28.4135 -21.3051 -44.6485 
-22 -77.999 -21 20 -21.282 -32.1395 -18.644 -43.7919 
-22 -84.0497 -24 20 -20.8847 -31.09 -20.2065 -43.5499 
-20 -88.84 -24 19 -16.5063 -26.0731 -19.3207 -43.8621 
-22 -80.4512 -22 20 -18.4009 -31.1121 -19.7426 -45.4807 
-22 -86.502 -25 20 -18.0036 -30.0626 -21.3051 -45.2386 
-20 -81.0744 -23 20 -21.1363 -34.0858 -20.92 -45.0539 
-22 -79.8819 -21 20 -20.2727 -30.6162 -17.9509 -42.3568 
-22 -85.9327 -24 20 -19.8754 -29.5666 -19.5134 -42.1148 
-17 -83.0806 -23 20 -19.3674 -30.5923 -23.9639 -46.8343 
-14 -93.0272 -25 20 -17.6034 -26.8902 -22.7052 -43.2134 
-20 -80.7378 -22 20 -21.9095 -32.5625 -19.1283 -43.6188 
-17 -89.4021 -25 20 -18.6127 -28.4135 -23.3984 -44.6485 
-17 -84.1001 -22 20 -19.6069 -29.886 -19.1283 -44.7174 
-17 -91.497 -25 20 -16.324 -26.0731 -23.6559 -43.8952 
-17 -83.8988 -24 20 -20.0683 -33.0584 -24.1119 -46.7426 
-14 -87.3363 -24 20 -17.5849 -30.5923 -25.0625 -46.8343 
-20 -82.6646 -23 20 -19.4036 -29.886 -23.7532 -44.7174 
-17 -83.1968 -24 20 -20.5297 -32.2783 -25.5947 -47.5583 
-22 -76.2227 -21 19 -22.956 -31.4414 -20.0875 -45.4808 
-22 -78.6749 -22 19 -20.075 -30.414 -21.1861 -47.1695 
-22 -81.291 -22 20 -19.6069 -29.886 -19.1283 -44.7174 
-22 -78.1056 -21 19 -21.9468 -29.918 -19.3943 -44.0457 
-18 -83.8392 -24 20 -20.513 -31.5445 -23.1956 -47.7958 
-22 -85.2085 -23 20 -18.5515 -28.4135 -17.0147 -44.6485 
-22 -87.6608 -24 20 -15.6704 -27.3861 -18.1133 -46.3372 
-22 -87.0915 -23 20 -17.5422 -26.8902 -16.3215 -43.2134 
-14 -93.7259 -26 20 -16.8302 -28.4135 -24.497 -44.6485 
-17 -84.9615 -23 20 -17.7351 -30.382 -20.92 -47.8413 
-16 -90.2543 -24 20 -20.2119 -28.1154 -18.8202 -43.0703 
-20 -83.4499 -24 20 -17.5318 -30.382 -25.545 -47.8413 
-22 -79.7475 -22 19 -19.5497 -30.5923 -19.6288 -46.8012 
-20 -82.8806 -23 20 -19.4036 -29.886 -23.7532 -44.7174 
-20 -80.9499 -23 20 -20.4991 -32.2783 -22.4028 -47.5583 
-20 -80.6134 -22 20 -21.2723 -30.755 -20.6111 -46.1232 
-13 -92.9434 -25 20 -20.2425 -28.1154 -22.0121 -43.0703 
-14 -84.4223 -22 19 -18.8071 -29.9258 -24.2537 -44.2666 
-20 -89.8447 -25 20 -15.5202 -27.5965 -22.2558 -45.3302 
-20 -81.6481 -23 20 -21.1363 -34.0858 -20.92 -45.0539 
-22 -82.1866 -22 19 -19.5866 -31.6518 -15.9502 -43.7312 
-22 -84.6388 -23 19 -16.7055 -30.6244 -17.0488 -45.42 
-17 -92.5688 -26 20 -14.4522 -26.5691 -25.4476 -47.019 
-20 -81.4564 -22 19 -20.843 -31.7454 -18.9356 -44.2675 
-22 -84.0695 -22 19 -18.5773 -30.1284 -15.2571 -42.2961 
-22 -83.1637 -24 20 -19.0719 -29.6336 -23.9152 -46.9203 
-20 -83.6609 -24 20 -17.5318 -30.382 -25.545 -47.8413 
-17 -84.7644 -25 20 -18.8501 -30.7249 -28.5125 -49.9711 
-20 -80.1883 -23 20 -19.3235 -32.6294 -24.6287 -48.4244 
-20 -89.5081 -24 20 -16.2934 -26.0731 -20.464 -43.8951 
-22 -81.6805 -22 20 -19.6069 -29.886 -19.1283 -44.7174 
-14 -85.6436 -23 20 -21.9401 -32.5625 -22.3201 -43.6188 
-20 -81.7579 -21 20 -20.2727 -30.6162 -17.9509 -42.3568 
-20 -87.8086 -24 20 -19.8754 -29.5666 -19.5134 -42.1148 
-14 -85.4577 -24 20 -20.5297 -32.2783 -25.5947 -47.5583 
-14 -90.8201 -24 19 -18.0524 -27.747 -23.6882 -42.0808 
FEATURES_TXT_END_0
FEATURES_TXT_BEGIN_0 34 100 8 Distortion0_0 LM0_0 WordPenalty0_0 PhrasePenalty0_0 TranslationModel0_0 TranslationModel0_1 TranslationModel0_2 TranslationModel0_3 
-47 -175.323 -35 31 -59.3417 -79.2071 -27.4445 -93.4317 
-48 -173.965 -34 30 -61.6838 -78.7423 -25.7979 -90.2882 
-43 -176.711 -35 31 -61.8699 -82.1468 -24.8318 -94.5476 
-44 -179.512 -36 31 -58.4254 -79.2071 -28.8308 -93.4317 
-43 -178.375 -35 31 -59.3417 -79.2071 -27.4445 -93.4317 
-35 -183.176 -35 31 -59.3417 -79.2071 -27.4445 -93.4317 
-47 -176.802 -36 31 -59.7418 -79.2071 -30.3623 -93.4317 
-43 -176.25 -34 31 -61.8699 -80.9193 -25.5249 -92.3209 
-47 -177.162 -36 31 -60.0907 -81.2256 -25.5658 -95.4805 
-44 -175.353 -34 30 -64.212 -81.682 -23.1852 -91.4041 
-40 -180.935 -36 31 -59.1186 -80.6082 -28.8308 -95.0411 
-41 -180.019 -35 31 -59.3417 -79.2071 -27.4445 -93.4317 
-44 -177.016 -34 30 -61.6838 -78.7423 -25.7979 -90.2882 
-36 -181.818 -34 30 -61.6838 -78.7423 -25.7979 -90.2882 
-40 -180.9 -36 31 -60.9536 -82.1468 -26.2181 -94.5476 
-39 -179.763 -35 31 -61.8699 -82.1468 -24.8318 -94.5476 
-40 -182.564 -36 31 -58.4254 -79.2071 -28.8308 -93.4317 
-31 -184.564 -35 31 -61.8699 -82.1468 -24.8318 -94.5476 
-32 -187.365 -36 31 -58.4254 -79.2071 -28.8308 -93.4317 
-43 -180.549 -36 31 -58.2536 -81.2256 -25.5249 -95.4805 
-48 -175.443 -35 30 -62.0839 -78.7423 -28.7157 -90.2882 
-45 -176.592 -34 30 -61.6838 -78.7423 -25.7979 -90.2882 
-43 -181.014 -35 31 -57.4446 -77.768 -27.1568 -92.2641 
-43 -178.19 -36 31 -62.27 -82.1468 -27.7496 -94.5476 
-44 -180.991 -37 31 -58.8255 -79.2071 -31.7486 -93.4317 
-46 -177.323 -35 31 -59.3417 -79.2071 -27.4445 -93.4317 
-39 -180.305 -34 30 -61.6838 -78.7423 -25.7979 -90.2882 
-37 -181.182 -35 31 -61.8699 -82.1468 -24.8318 -94.5476 
-44 -180.574 -36 31 -57.146 -78.39 -29.7814 -94.1134 
-44 -174.892 -33 30 -64.212 -80.4546 -23.8783 -89.1774 
-48 -175.804 -35 30 -62.4328 -80.7609 -23.9192 -92.337 
-40 -177.87 -34 30 -63.581 -80.1814 -26.0856 -91.4558 
-42 -178.661 -34 30 -61.6838 -78.7423 -25.7979 -90.2882 
-40 -180.439 -35 31 -60.9536 -80.9193 -26.9112 -92.3209 
-44 -181.351 -37 31 -59.1744 -81.2256 -26.9521 -95.4805 
-36 -182.323 -36 31 -61.6468 -83.5479 -26.2181 -96.1571 
-39 -179.302 -34 31 -61.8699 -80.9193 -25.5249 -92.3209 
-31 -184.103 -34 31 -61.8699 -80.9193 -25.5249 -92.3209 
-43 -180.214 -36 31 -60.0907 -81.2256 -25.5658 -95.4805 
-35 -185.015 -36 31 -60.0907 -81.2256 -25.5658 -95.4805 
-38 -184.208 -36 31 -58.4254 -79.2071 -28.8308 -93.4317 
-44 -176.88 -35 31 -61.2389 -80.6462 -27.7322 -94.5993 
-40 -178.405 -34 30 -64.212 -81.682 -23.1852 -91.4041 
-32 -183.206 -34 30 -64.212 -81.682 -23.1852 -91.4041 
-39 -182.177 -35 31 -59.9728 -80.7077 -24.5441 -93.38 
-44 -179.191 -35 30 -60.5957 -80.7609 -23.8783 -92.337 
-47 -177.237 -35 31 -58.0623 -78.39 -28.3951 -94.1134 
-36 -183.987 -36 31 -59.1186 -80.6082 -28.8308 -95.0411 
-28 -188.788 -36 31 -59.1186 -80.6082 -28.8308 -95.0411 
-42 -176.66 -34 30 -63.3492 -79.6113 -27.2808 -91.694 
-37 -183.071 -35 31 -59.3417 -79.2071 -27.4445 -93.4317 
-29 -187.872 -35 31 -59.3417 -79.2071 -27.4445 -93.4317 
-47 -176.897 -35 31 -60.6211 -80.0242 -26.4939 -92.7499 
-36 -181.466 -34 30 -62.377 -78.5403 -27.1842 -90.9168 
-36 -183.952 -36 31 -60.9536 -82.1468 -26.2181 -94.5476 
-28 -188.753 -36 31 -60.9536 -82.1468 -26.2181 -94.5476 
-43 -177.729 -35 31 -62.27 -80.9193 -28.4427 -92.3209 
-47 -178.641 -37 31 -60.4908 -81.2256 -28.4835 -95.4805 
-40 -184.738 -37 31 -57.3373 -81.2256 -26.9112 -95.4805 
-44 -179.656 -34 30 -59.7867 -77.3032 -25.5102 -89.1206 
-45 -176.05 -35 31 -60.7843 -81.0391 -28.6575 -94.7579 
-44 -176.832 -35 30 -64.6121 -81.682 -26.103 -91.4041 
-41 -177.98 -34 30 -64.212 -81.682 -23.1852 -91.4041 
-42 -180.781 -35 30 -60.7675 -78.7423 -27.1842 -90.2882 
-41 -181.632 -36 31 -60.0907 -81.2256 -25.5658 -95.4805 
-40 -182.414 -37 31 -59.5187 -80.6082 -31.7486 -95.0411 
-39 -183.601 -36 31 -58.2536 -81.2256 -25.5249 -95.4805 
-41 -181.498 -36 31 -59.7418 -79.2071 -30.3623 -93.4317 
-31 -188.402 -36 31 -58.2536 -81.2256 -25.5249 -95.4805 
-38 -179.823 -34 30 -64.212 -81.682 -23.1852 -91.4041 
-40 -184.42 -36 31 -57.6102 -78.1929 -28.817 -92.3858 
-40 -185.203 -36 31 -56.5283 -77.768 -28.5431 -92.2641 
-41 -179.644 -34 30 -61.6838 -78.7423 -25.7979 -90.2882 
-33 -184.445 -34 30 -61.6838 -78.7423 -25.7979 -90.2882 
-40 -181.998 -36 31 -57.8392 -79.7911 -29.7814 -95.7229 
-40 -182.379 -37 31 -61.3537 -82.1468 -29.1359 -94.5476 
-36 -182.665 -34 30 -61.6838 -78.7423 -25.7979 -90.2882 
-42 -178.712 -35 31 -61.8699 -82.1468 -24.8318 -94.5476 
-49 -175.389 -34 30 -60.6314 -78.7423 -25.5748 -90.2882 
-35 -181.693 -34 30 -64.212 -81.682 -23.1852 -91.4041 
-34 -185.371 -36 31 -60.9536 -82.1468 -26.2181 -94.5476 
-39 -184.066 -35 31 -57.4446 -77.768 -27.1568 -92.2641 
-31 -188.868 -35 31 -57.4446 -77.768 -27.1568 -92.2641 
-40 -181.963 -36 31 -59.6742 -81.3297 -27.1687 -95.2294 
-42 -180.375 -35 31 -59.3417 -79.2071 -27.4445 -93.4317 
-34 -185.176 -35 31 -59.3417 -79.2071 -27.4445 -93.4317 
-43 -182.028 -37 31 -58.6537 -81.2256 -28.4427 -95.4805 
-35 -183.357 -34 30 -61.6838 -78.7423 -25.7979 -90.2882 
-27 -188.158 -34 30 -61.6838 -78.7423 -25.7979 -90.2882 
-36 -179.259 -34 30 -66.1091 -83.1211 -23.4729 -92.5717 
-36 -181.863 -35 31 -61.6468 -82.3204 -26.9112 -93.9303 
-40 -182.774 -37 31 -59.8675 -82.6267 -26.9521 -97.09 
-33 -184.233 -35 31 -61.8699 -82.1468 -24.8318 -94.5476 
-25 -189.035 -35 31 -61.8699 -82.1468 -24.8318 -94.5476 
-40 -183.626 -36 31 -57.146 -78.39 -29.7814 -94.1134 
-32 -188.427 -36 31 -57.146 -78.39 -29.7814 -94.1134 
-37 -180.946 -34 31 -61.8699 -80.9193 -25.5249 -92.3209 
-45 -178.071 -35 30 -62.0839 -78.7423 -28.7157 -90.2882 
-39 -185.737 -36 31 -56.3565 -79.7865 -25.2373 -94.3129 
-40 -177.944 -33 30 -64.212 -80.4546 -23.8783 -89.1774 
FEATURES_TXT_END_0
FEATURES_TXT_BEGIN_0 35 100 8 Distortion0_0 LM0_0 WordPenalty0_0 PhrasePenalty0_0 TranslationModel0_0 TranslationModel0_1 TranslationModel0_2 TranslationModel0_3 
-27 -205.535 -38 33 -48.5908 -71.9246 -25.8239 -76.6165 
-27 -208.451 -39 33 -44.9317 -70.8935 -25.8239 -79.5287 
-31 -203.369 -38 33 -48.5908 -71.9246 -25.8239 -76.6165 
-27 -202.769 -38 33 -50.7881 -74.7349 -26.9225 -78.1205 
-21 -208.693 -38 33 -51.1444 -73.3984 -24.8733 -75.4239 
-31 -206.285 -39 33 -44.9317 -70.8935 -25.8239 -79.5287 
-27 -207.122 -39 33 -47.7088 -70.8475 -28.9058 -77.6281 
-27 -205.686 -39 33 -47.129 -73.7038 -26.9225 -81.0328 
-21 -208.506 -38 33 -51.5499 -74.0484 -24.1801 -75.9835 
-31 -200.604 -38 33 -50.7881 -74.7349 -26.9225 -78.1205 
-27 -205.614 -38 33 -51.3435 -72.6697 -24.8733 -75.1615 
-21 -211.609 -39 33 -47.4853 -72.3673 -24.8733 -78.3361 
-27 -204.012 -38 33 -50.0572 -74.51 -25.8239 -77.7151 
-25 -206.527 -38 33 -51.1444 -73.3984 -24.8733 -75.4239 
-21 -205.928 -38 33 -53.3416 -76.2087 -25.9719 -76.9279 
-27 -210.038 -40 33 -44.0497 -69.8164 -28.9058 -80.5403 
-29 -204.191 -38 33 -51.749 -73.3197 -24.1801 -75.7211 
-31 -204.956 -39 33 -47.7088 -70.8475 -28.9058 -77.6281 
-21 -211.422 -39 33 -47.8908 -73.0173 -24.1801 -78.8957 
-27 -204.222 -38 33 -54.163 -73.1721 -25.8239 -74.8247 
-31 -203.52 -39 33 -47.129 -73.7038 -26.9225 -81.0328 
-27 -204.357 -39 33 -49.906 -73.6579 -30.0044 -79.1321 
-27 -208.53 -39 33 -47.6844 -71.6386 -24.8733 -78.0737 
-25 -206.34 -38 33 -51.5499 -74.0484 -24.1801 -75.9835 
-27 -206.928 -39 33 -46.3981 -73.4789 -25.8239 -80.6273 
-31 -203.448 -38 33 -51.3435 -72.6697 -24.8733 -75.1615 
-25 -209.444 -39 33 -47.4853 -72.3673 -24.8733 -78.3361 
-21 -210.28 -39 33 -50.2623 -72.3213 -27.9552 -76.4355 
-21 -205.74 -38 33 -53.7471 -76.8587 -25.2787 -77.4876 
-27 -202.849 -38 33 -53.5408 -75.4801 -25.9719 -76.6656 
-21 -208.844 -39 33 -49.6825 -75.1776 -25.9719 -79.8402 
-27 -201.246 -38 33 -52.2544 -77.3204 -26.9225 -79.2191 
-21 -209.806 -39 33 -50.5634 -73.3023 -25.5664 -78.8902 
-25 -203.762 -38 33 -53.3416 -76.2087 -25.9719 -76.9279 
-21 -207.17 -38 33 -52.6107 -75.9838 -24.8733 -76.5225 
-24 -208.199 -38 33 -48.5908 -71.9246 -25.8239 -76.6165 
-29 -207.108 -39 33 -48.0899 -72.2886 -24.1801 -78.6334 
-31 -207.873 -40 33 -44.0497 -69.8164 -28.9058 -80.5403 
-29 -205.227 -38 33 -48.5908 -71.9246 -25.8239 -76.6165 
-33 -202.026 -38 33 -51.749 -73.3197 -24.1801 -75.7211 
-21 -209.6 -38 33 -51.3435 -72.6697 -24.8733 -75.1615 
-27 -207.273 -40 33 -46.2469 -72.6267 -30.0044 -82.0444 
-27 -206.276 -38 33 -49.8702 -72.7417 -24.8733 -75.9347 
-25 -209.256 -39 33 -47.8908 -73.0173 -24.1801 -78.8957 
-31 -202.056 -38 33 -54.163 -73.1721 -25.8239 -74.8247 
-21 -210.093 -39 33 -50.6678 -72.9713 -27.262 -76.9951 
-33 -205.582 -39 33 -44.9317 -70.8935 -25.8239 -79.5287 
-29 -201.426 -38 33 -53.9462 -76.1301 -25.2787 -77.2252 
-31 -202.191 -39 33 -49.906 -73.6579 -30.0044 -79.1321 
-31 -206.365 -39 33 -47.6844 -71.6386 -24.8733 -78.0737 
-29 -202.267 -38 33 -55.3232 -75.4468 -24.1801 -75.567 
-27 -207.201 -39 33 -50.4615 -71.5927 -27.9552 -76.1731 
-21 -213.196 -40 33 -46.6032 -71.2902 -27.9552 -79.3477 
-21 -208.656 -39 33 -50.088 -75.8276 -25.2787 -80.3998 
-27 -201.456 -38 33 -56.3602 -75.9825 -26.9225 -76.3288 
-27 -205.599 -39 33 -49.1751 -73.433 -28.9058 -78.7267 
-25 -208.115 -39 33 -50.2623 -72.3213 -27.9552 -76.4355 
-25 -203.762 -37 32 -53.1611 -72.6133 -25.6792 -75.4339 
-27 -205.765 -39 33 -49.8817 -74.4489 -25.9719 -79.5778 
-25 -203.574 -38 33 -53.7471 -76.8587 -25.2787 -77.4876 
-21 -207.38 -38 33 -56.7166 -74.6459 -24.8733 -73.6321 
-27 -204.162 -39 33 -48.5953 -76.2892 -26.9225 -82.1314 
-21 -212.722 -40 33 -46.9043 -72.2712 -25.5664 -81.8024 
-29 -204.926 -38 33 -51.3435 -72.6697 -24.8733 -75.1615 
-31 -200.683 -38 33 -53.5408 -75.4801 -25.9719 -76.6656 
-21 -206.982 -38 33 -53.0162 -76.6338 -24.1801 -77.0821 
-25 -206.678 -39 33 -49.6825 -75.1776 -25.9719 -79.8402 
-21 -207.515 -39 33 -52.4596 -75.1317 -29.0538 -77.9395 
-25 -207.64 -39 33 -50.5634 -73.3023 -25.5664 -78.8902 
-27 -204.091 -38 33 -52.8099 -75.2552 -24.8733 -76.2601 
-21 -210.086 -39 33 -48.9516 -74.9527 -24.8733 -79.4347 
-29 -204.96 -38 33 -51.3435 -72.6697 -24.8733 -75.1615 
-24 -211.115 -39 33 -44.9317 -70.8935 -25.8239 -79.5287 
-21 -209.413 -38 33 -51.749 -73.3197 -24.1801 -75.7211 
-21 -207.04 -39 33 -52.7606 -76.1127 -26.665 -80.3943 
-29 -208.143 -39 33 -44.9317 -70.8935 -25.8239 -79.5287 
-28 -206.033 -38 33 -48.5908 -71.9246 -25.8239 -76.6165 
-33 -204.942 -39 33 -48.0899 -72.2886 -24.1801 -78.6334 
-29 -205.779 -39 33 -50.8669 -72.2427 -27.262 -76.7327 
-21 -212.517 -39 33 -47.6844 -71.6386 -24.8733 -78.0737 
-33 -203.061 -38 33 -48.5908 -71.9246 -25.8239 -76.6165 
-21 -204.404 -38 33 -54.808 -78.7942 -25.9719 -78.0266 
-21 -210.079 -38 33 -49.8702 -72.7417 -24.8733 -75.9347 
-27 -209.193 -39 33 -46.2111 -71.7105 -24.8733 -78.8469 
-25 -207.435 -38 33 -51.3435 -72.6697 -24.8733 -75.1615 
-21 -213.009 -40 33 -47.0087 -71.9402 -27.262 -79.9073 
-27 -205.809 -39 33 -53.2809 -72.0951 -28.9058 -75.8363 
-33 -208.499 -40 33 -41.2726 -69.8623 -25.8239 -82.4409 
-29 -204.342 -39 33 -50.2871 -75.0989 -25.2787 -80.1374 
-31 -205.107 -40 33 -46.2469 -72.6267 -30.0044 -82.0444 
-29 -205.183 -39 33 -51.6641 -74.4157 -24.1801 -78.4792 
-31 -204.111 -38 33 -49.8702 -72.7417 -24.8733 -75.9347 
-27 -210.118 -40 33 -46.8024 -70.5615 -27.9552 -79.0853 
-25 -207.927 -39 33 -50.6678 -72.9713 -27.262 -76.9951 
-29 -202.461 -38 33 -50.7881 -74.7349 -26.9225 -78.1205 
-33 -199.26 -38 33 -53.9462 -76.1301 -25.2787 -77.2252 
-18 -211.357 -38 33 -51.1444 -73.3984 -24.8733 -75.4239 
-31 -202.254 -38 33 -50.0572 -74.51 -25.8239 -77.7151 
-25 -203.574 -37 32 -53.5666 -73.2633 -24.9861 -75.9935 
-21 -206.835 -38 33 -53.5408 -75.4801 -25.9719 -76.6656 
FEATURES_TXT_END_0
FEATURES_TXT_BEGIN_0 36 100 8 Distortion0_0 LM0_0 WordPenalty0_0 PhrasePenalty0_0 TranslationModel0_0 TranslationModel0_1 TranslationModel0_2 TranslationModel0_3 
-45 -286.174 -55 45 -67.6971 -98.2129 -51.1853 -105.392 
-49 -284.726 -55 45 -63.7958 -97.7491 -54.2473 -104.679 
-33 -295.986 -54 44 -63.893 -95.1359 -48.2806 -103.037 
-39 -291.034 -55 44 -64.4542 -95.9316 -53.0781 -105.34 
-37 -293.497 -55 44 -66.0032 -97.685 -48.2806 -103.684 
-45 -285.924 -55 45 -68.1933 -97.8288 -52.6894 -104.931 
-37 -296.542 -55 45 -62.8821 -92.6437 -52.1679 -101.452 
-37 -294.329 -56 44 -65.277 -96.9549 -50.4779 -106.044 
-45 -290.177 -55 45 -62.9262 -95.4335 -49.5759 -105.238 
-37 -287.625 -55 45 -67.5767 -98.6121 -57.4762 -107.976 
-33 -297.443 -55 44 -65.7993 -94.8927 -48.6861 -102.767 
-41 -292.066 -55 44 -62.1019 -97.2213 -51.3427 -102.971 
-49 -284.475 -55 45 -64.292 -97.365 -55.7514 -104.218 
-37 -295.974 -55 45 -62.4402 -93.7423 -52.8611 -101.858 
-33 -295.735 -54 44 -64.3892 -94.7518 -49.7847 -102.576 
-45 -286.371 -55 45 -68.9765 -99.03 -50.2347 -104.71 
-39 -290.783 -55 44 -64.9505 -95.5475 -54.5822 -104.878 
-37 -293.246 -55 44 -66.4995 -97.3009 -49.7847 -103.222 
-53 -284.874 -55 44 -62.5392 -95.6027 -51.3066 -104.359 
-37 -297.331 -56 45 -62.7028 -92.6437 -55.8667 -101.452 
-29 -303.882 -55 44 -61.1882 -92.1158 -49.2633 -99.744 
-37 -296.291 -55 45 -63.3783 -92.2595 -53.672 -100.991 
-45 -288.707 -57 45 -67.107 -97.4827 -54.992 -107.753 
-37 -294.079 -56 44 -65.7733 -96.5707 -51.9819 -105.583 
-37 -297.453 -55 45 -61.5053 -92.0796 -50.4921 -103.407 
-49 -285.877 -54 45 -66.2669 -97.3714 -45.877 -103.918 
-45 -289.926 -55 45 -63.4225 -95.0494 -51.0799 -104.777 
-37 -295.046 -55 44 -64.141 -97.5061 -47.5875 -103.316 
-29 -294.965 -55 44 -65.8828 -98.0843 -54.5715 -106.268 
-37 -287.374 -55 45 -68.073 -98.228 -58.9802 -107.515 
-51 -289.118 -55 45 -60.2847 -93.1662 -51.6632 -102.326 
-49 -284.923 -55 45 -65.0751 -98.5662 -53.2967 -103.997 
-33 -296.183 -54 44 -65.1724 -95.953 -47.33 -102.355 
-45 -283.044 -53 45 -69.4194 -97.7954 -51.1853 -103.266 
-33 -297.192 -55 44 -66.2955 -94.5086 -50.1902 -102.306 
-45 -286.151 -54 45 -67.6695 -98.2129 -47.6589 -105.392 
-37 -296.764 -56 45 -62.2609 -93.7423 -56.5599 -101.858 
-41 -291.816 -55 44 -62.5981 -96.8371 -52.8468 -102.51 
-45 -285.12 -56 45 -69.1272 -99.0544 -56.4936 -106.866 
-45 -287.955 -55 45 -65.058 -96.9877 -51.8784 -105.535 
-39 -291.231 -55 44 -65.7336 -96.7487 -52.1275 -104.658 
-37 -293.694 -55 44 -67.2826 -98.5021 -47.33 -103.002 
-29 -303.314 -55 44 -60.7464 -93.2144 -49.9564 -100.149 
-37 -295.723 -55 45 -62.9365 -93.3582 -54.3651 -101.397 
-45 -291.726 -55 45 -61.0641 -95.2545 -48.8827 -104.87 
-45 -286.121 -55 45 -69.4727 -98.6459 -51.7387 -104.249 
-37 -288.172 -54 44 -62.991 -97.6042 -54.6875 -109.743 
-37 -296.739 -55 45 -64.1615 -93.4608 -51.2173 -100.771 
-49 -287.258 -57 45 -63.2057 -97.019 -58.054 -107.04 
-33 -298.518 -56 44 -63.3029 -94.4057 -52.0873 -105.398 
-53 -284.429 -54 45 -62.3656 -96.9076 -48.9391 -103.206 
-25 -307.265 -54 44 -57.7012 -89.0026 -47.5875 -101.052 
-45 -292.214 -55 43 -60.8454 -95.0748 -48.4019 -102.65 
-29 -304.672 -56 44 -61.0089 -92.1158 -52.9621 -99.744 
-37 -295.689 -53 44 -62.4628 -94.2944 -42.9724 -101.563 
-53 -284.623 -55 44 -63.0355 -95.2186 -52.8106 -103.898 
-37 -297.081 -56 45 -63.199 -92.2595 -57.3708 -100.991 
-37 -294.526 -56 44 -66.5564 -97.7719 -49.5273 -105.362 
-29 -303.632 -55 44 -61.6845 -91.7317 -50.7673 -99.2829 
-41 -287.615 -55 44 -63.142 -101.443 -52.9223 -108.021 
-39 -293.566 -57 44 -63.8642 -95.2014 -56.8847 -107.7 
-45 -290.374 -55 45 -64.2056 -96.2506 -48.6252 -104.556 
-37 -296.029 -57 44 -65.4132 -96.9549 -52.0873 -106.044 
-47 -283.899 -55 45 -67.1777 -97.721 -55.9827 -105.949 
-31 -302.313 -55 44 -58.2624 -89.7983 -52.3849 -103.354 
-29 -304.775 -55 44 -59.8114 -91.5518 -47.5875 -101.698 
-43 -290.737 -54 44 -63.0241 -95.0901 -47.7698 -103.866 
-41 -293.2 -54 44 -64.573 -96.8435 -42.9724 -102.21 
-45 -288.474 -54 45 -66.2669 -97.3714 -45.877 -103.918 
-45 -288.456 -57 45 -67.6033 -97.0986 -56.496 -107.291 
-49 -281.596 -53 45 -65.5181 -97.3316 -54.2473 -102.553 
-43 -288.869 -55 45 -63.7958 -97.7491 -54.2473 -104.679 
-37 -297.203 -55 45 -62.0015 -91.6955 -51.9962 -102.946 
-41 -285.998 -55 45 -70.3072 -100.69 -52.3691 -107.293 
-49 -285.627 -54 45 -66.7632 -96.9873 -47.3811 -103.457 
-37 -287.822 -55 45 -68.8561 -99.4292 -56.5256 -107.294 
-33 -292.856 -52 44 -65.6153 -94.7184 -48.2806 -100.911 
-49 -284.703 -54 45 -63.7681 -97.7491 -50.721 -104.679 
-37 -299.074 -57 45 -62.292 -91.9135 -55.9746 -103.813 
-37 -294.796 -55 44 -64.6373 -97.1219 -49.0916 -102.855 
-33 -295.963 -53 44 -63.8654 -95.1359 -44.7543 -103.037 
-49 -283.671 -56 45 -65.2259 -98.5906 -59.5556 -106.153 
-41 -296.245 -54 45 -61.4519 -91.8022 -46.8596 -99.9787 
-33 -297.64 -55 44 -67.0787 -95.7098 -47.7355 -102.085 
-39 -292.521 -55 44 -64.4542 -94.5091 -53.0781 -104.384 
-45 -289.9 -55 44 -64.0343 -96.3516 -50.8262 -102.767 
-33 -294.931 -55 44 -65.3231 -95.9774 -53.5889 -104.511 
-33 -297.766 -54 44 -61.2539 -93.9107 -48.9738 -103.18 
-39 -287.904 -53 44 -66.1766 -95.5141 -53.0781 -103.213 
-37 -290.367 -53 44 -67.7256 -97.2675 -48.2806 -101.557 
-29 -294.715 -55 44 -66.3791 -97.7001 -56.0756 -105.806 
-43 -296.458 -55 44 -58.5908 -92.6383 -48.7586 -100.618 
-37 -296.861 -58 44 -64.687 -96.2247 -54.2845 -108.405 
-41 -292.263 -55 44 -63.3813 -98.0383 -50.3921 -102.289 
-51 -288.867 -55 45 -60.781 -92.7821 -53.1673 -101.865 
-29 -305.608 -56 44 -59.0852 -90.8216 -49.7847 -104.059 
-49 -284.672 -55 45 -65.5714 -98.1821 -54.8008 -103.536 
-39 -291.011 -54 44 -64.4266 -95.9316 -49.5517 -105.34 
-29 -299.431 -55 44 -62.2283 -96.3375 -50.8428 -104.794 
-41 -294.032 -55 44 -63.8469 -96.1134 -45.1696 -104.57 
FEATURES_TXT_END_0
FEATURES_TXT_BEGIN_0 37 100 8 Distortion0_0 LM0_0 WordPenalty0_0 PhrasePenalty0_0 TranslationModel0_0 TranslationModel0_1 TranslationModel0_2 TranslationModel0_3 
-29 -180.892 -34 31 -38.4714 -46.9791 -30.0136 -58.3312 
-27 -185.861 -34 31 -37.6078 -44.7536 -25.1292 -57.0547 
-22 -188.236 -36 32 -37.5203 -48.1132 -30.7197 -62.1538 
-29 -186.405 -34 31 -36.7926 -43.7394 -25.1154 -56.0089 
-29 -180.402 -34 31 -39.2866 -47.9933 -30.0274 -59.3771 
-20 -193.205 -36 32 -36.6567 -45.8877 -25.8352 -60.8772 
-27 -185.371 -34 31 -38.4231 -45.7677 -25.143 -58.1006 
-23 -181.2 -32 30 -42.3793 -51.8333 -23.0928 -55.7065 
-29 -183.522 -34 31 -35.2133 -46.2204 -30.0136 -57.8959 
-29 -183.807 -35 31 -34.0931 -47.0536 -31.8595 -60.799 
-23 -186.012 -35 31 -37.9605 -47.4589 -33.0582 -58.8363 
-21 -190.982 -35 31 -37.097 -45.2333 -28.1737 -57.5598 
-23 -182.348 -34 31 -42.7568 -51.8986 -28.828 -58.2486 
-23 -182.644 -34 30 -41.2534 -47.4909 -33.0913 -58.1646 
-21 -187.613 -34 30 -40.3899 -45.2654 -28.2068 -56.8881 
-19 -179.959 -34 31 -48.1559 -52.4293 -33.1706 -60.202 
-23 -188.441 -32 30 -37.2304 -44.6882 -19.3939 -54.5126 
-17 -184.929 -34 31 -47.2923 -50.2037 -28.2862 -58.9254 
-23 -180.135 -32 30 -42.6756 -52.6748 -24.1914 -57.1802 
-29 -183.063 -35 31 -37.6241 -47.4829 -30.4191 -60.8837 
-22 -193.749 -36 32 -35.8415 -44.8735 -25.8214 -59.8314 
-27 -188.033 -35 31 -36.7605 -45.2573 -25.5347 -59.6072 
-22 -187.745 -36 32 -38.3355 -49.1274 -30.7335 -63.1996 
-37 -178.234 -34 31 -35.2506 -46.0677 -31.5177 -58.8839 
-23 -185.489 -32 30 -40.7668 -48.8166 -19.3939 -54.6079 
-29 -185.915 -34 31 -37.6078 -44.7536 -25.1292 -57.0547 
-33 -171.103 -32 30 -46.5048 -54.6101 -26.1793 -57.2932 
-29 -176.466 -33 31 -45.2659 -50.1942 -30.7068 -57.0201 
-27 -183.359 -34 31 -39.2203 -47.7702 -28.828 -58.1533 
-20 -192.715 -36 32 -37.472 -46.9018 -25.849 -61.9231 
-27 -176.607 -33 31 -42.3025 -50.722 -29.3388 -63.5782 
-23 -182.613 -32 30 -42.5484 -50.8248 -22.9116 -54.6485 
-23 -189.59 -34 31 -37.6078 -44.7536 -25.1292 -57.0547 
-27 -181.435 -33 31 -44.4024 -47.9687 -25.8223 -55.7436 
-16 -188.544 -34 31 -41.4282 -52.9674 -23.7988 -59.5291 
-23 -180.71 -32 30 -43.1946 -52.8474 -23.1066 -56.7524 
-22 -190.866 -36 32 -34.2622 -47.3545 -30.7197 -61.7185 
-23 -185.305 -35 31 -40.4783 -51.7369 -27.8705 -60.3979 
-29 -179.249 -34 31 -42.3006 -48.9144 -32.0015 -58.4442 
-29 -189.035 -34 31 -33.5345 -42.9807 -25.1154 -55.5735 
-30 -184.9 -34 31 -35.1681 -45.2215 -28.6273 -57.0272 
-29 -182.323 -32 30 -38.263 -45.9053 -24.0973 -54.7311 
-29 -183.032 -34 31 -36.0285 -47.2346 -30.0274 -58.9418 
-19 -180.326 -35 31 -48.6457 -52.4293 -37.7956 -60.202 
-22 -191.151 -37 32 -33.142 -48.1877 -32.5655 -64.6215 
-23 -186.637 -34 31 -41.1443 -48.882 -25.1292 -57.15 
-16 -193.356 -37 32 -37.0094 -48.593 -33.7642 -62.6589 
-22 -191.192 -36 32 -35.323 -45.7419 -30.7197 -61.6838 
-27 -184.218 -34 31 -41.4371 -46.6889 -27.1171 -57.1677 
-28 -189.869 -34 31 -34.3046 -42.9959 -23.7429 -55.7506 
-29 -189.32 -35 31 -32.4144 -43.8139 -26.9612 -58.4766 
-23 -187.376 -32 30 -37.5266 -45.5297 -20.4925 -55.9863 
-29 -183.317 -35 31 -34.9084 -48.0677 -31.8733 -61.8449 
-23 -191.525 -35 31 -36.2817 -44.2192 -28.1599 -56.514 
-23 -185.522 -35 31 -38.7758 -48.4731 -33.072 -59.8822 
-27 -186.681 -35 30 -34.3108 -43.6287 -32.1574 -60.2576 
-17 -185.296 -35 31 -47.7821 -50.2037 -32.9112 -58.9254 
-14 -198.325 -37 32 -36.1459 -46.3674 -28.8798 -61.3823 
-20 -196.162 -36 32 -34.4595 -43.5163 -25.8352 -60.4072 
-29 -181.458 -34 31 -38.5377 -47.2022 -31.2131 -59.555 
-16 -189.692 -36 32 -41.8057 -53.0327 -29.5341 -62.0712 
-21 -190.491 -35 31 -37.9123 -46.2475 -28.1875 -58.6057 
-16 -189.987 -36 31 -40.3023 -48.625 -33.7973 -61.9872 
-25 -191.651 -35 30 -33.4473 -41.4031 -27.273 -58.981 
-19 -180.278 -35 31 -48.8135 -53.6191 -35.5378 -61.5681 
-23 -188.157 -34 30 -39.5746 -44.2512 -28.193 -55.8422 
-23 -181.858 -34 31 -43.5721 -52.9128 -28.8418 -59.2945 
-22 -190.26 -35 31 -34.6573 -46.2548 -30.0136 -59.1962 
-23 -182.153 -34 30 -42.0687 -48.5051 -33.1051 -59.2105 
-27 -186.428 -34 31 -37.6742 -44.9766 -26.3286 -58.2785 
-17 -186.32 -33 30 -41.8685 -52.3131 -26.1373 -56.2116 
-23 -184.424 -32 30 -41.0631 -49.6581 -20.4925 -56.0816 
-14 -194.957 -36 31 -39.4388 -46.3995 -28.9129 -60.7106 
-23 -189.854 -32 30 -37.3994 -43.6797 -19.2128 -53.4546 
-17 -185.248 -35 31 -47.95 -51.3936 -30.6533 -60.2915 
-12 -187.303 -36 32 -47.2048 -53.5634 -33.8767 -64.0245 
-20 -195.229 -35 31 -33.7938 -44.0292 -25.1292 -57.9197 
-21 -187.123 -34 30 -41.2051 -46.2795 -28.2206 -57.9339 
-23 -188.642 -35 31 -34.7024 -46.7002 -33.0582 -58.401 
-19 -185.472 -34 31 -46.4771 -49.1895 -28.2724 -57.8796 
-16 -195.785 -34 31 -36.2793 -45.8223 -20.1 -58.3351 
-19 -179.469 -34 31 -48.9711 -53.4434 -33.1844 -61.2478 
-19 -181.669 -33 31 -47.1912 -51.7619 -30.7068 -56.7216 
-23 -187.951 -32 30 -38.0456 -45.7024 -19.4077 -55.5584 
-17 -182.952 -32 29 -45.1613 -52.3451 -26.1704 -55.5399 
-10 -192.273 -36 32 -46.3412 -51.3378 -28.9922 -62.748 
-19 -186.422 -35 31 -41.3613 -49.2142 -32.4775 -61.5131 
-16 -187.479 -34 31 -41.7245 -53.8089 -24.8974 -61.0028 
-33 -175.391 -32 30 -44.8923 -51.5934 -22.4804 -56.1946 
-22 -190.407 -37 32 -36.673 -48.617 -31.1252 -64.7062 
-23 -188.927 -36 31 -33.5823 -47.5334 -34.904 -61.3041 
-23 -192.547 -35 31 -35.3294 -44.5918 -24.1717 -59.204 
-17 -184.438 -34 31 -48.1076 -51.2178 -28.3 -59.9713 
-29 -188.577 -35 31 -35.9453 -44.2432 -25.5209 -58.5613 
-23 -179.645 -32 30 -43.4908 -53.6889 -24.2052 -58.2261 
-17 -186.639 -33 31 -46.3277 -49.5363 -25.8223 -55.4451 
-29 -182.573 -35 31 -38.4393 -48.497 -30.4329 -61.9296 
-23 -185.274 -34 30 -37.9953 -46.7322 -33.0913 -57.7293 
-29 -181.164 -34 31 -39.7829 -47.6092 -31.5315 -58.9159 
-23 -186.901 -32 30 -40.9359 -47.8081 -19.2128 -53.5499 
FEATURES_TXT_END_0
FEATURES_TXT_BEGIN_0 38 100 8 Distortion0_0 LM0_0 WordPenalty0_0 PhrasePenalty0_0 TranslationModel0_0 TranslationModel0_1 TranslationModel0_2 TranslationModel0_3 
-23 -204.597 -38 35 -61.7006 -81.5438 -33.7952 -75.3676 
-21 -202.772 -39 36 -65.4346 -86.4886 -36.8701 -77.3898 
-23 -207.143 -40 35 -59.2697 -79.8612 -37.6664 -79.5954 
-23 -206.538 -39 35 -59.0094 -79.8612 -34.4883 -79.5954 
-21 -205.318 -41 36 -63.0036 -84.806 -40.7413 -81.6177 
-21 -204.713 -40 36 -62.7433 -84.806 -37.5632 -81.6177 
-17 -210.252 -39 35 -59.6651 -81.0089 -32.9843 -79.3612 
-15 -208.427 -40 36 -63.3991 -85.9537 -36.0591 -81.3835 
-19 -214.166 -41 38 -62.1763 -72.8925 -43.5866 -74.9407 
-21 -206.284 -38 35 -61.7006 -81.5438 -33.7952 -75.3676 
-17 -207.738 -38 34 -61.4274 -81.0409 -32.775 -78.6895 
-23 -204.574 -37 35 -61.673 -81.5438 -30.2688 -75.3676 
-19 -204.459 -39 36 -65.4346 -86.4886 -36.8701 -77.3898 
-19 -216.712 -43 38 -59.7453 -71.21 -47.4578 -79.1686 
-19 -216.106 -42 38 -59.485 -71.21 -44.2797 -79.1686 
-15 -205.913 -39 35 -65.1613 -85.9857 -35.8498 -80.7118 
-23 -205.807 -38 35 -58.7217 -80.6139 -34.4883 -77.1593 
-21 -202.749 -38 36 -65.407 -86.4886 -33.3437 -77.3898 
-17 -209.633 -38 35 -61.141 -80.1652 -33.7952 -75.3676 
-17 -210.647 -39 35 -59.0094 -79.8612 -34.4883 -79.5954 
-23 -207.12 -39 35 -59.242 -79.8612 -34.14 -79.5954 
-23 -206.515 -38 35 -58.9818 -79.8612 -30.962 -79.5954 
-21 -203.981 -39 36 -62.4557 -85.5587 -37.5632 -79.1816 
-13 -219.82 -42 38 -60.1408 -72.3577 -42.7756 -78.9344 
-15 -207.808 -39 36 -64.875 -85.11 -36.8701 -77.3898 
-15 -208.822 -40 36 -62.7433 -84.806 -37.5632 -81.6177 
-23 -202.869 -37 35 -63.9182 -82.2919 -32.1039 -75.3108 
-25 -205.996 -38 36 -60.4207 -80.2436 -34.6953 -73.4558 
-21 -205.111 -38 36 -63.7482 -83.0839 -35.4838 -74.7508 
-21 -205.295 -40 36 -62.976 -84.806 -37.2149 -81.6177 
-21 -204.69 -39 36 -62.7157 -84.806 -34.0368 -81.6177 
-17 -212.179 -40 35 -58.71 -78.4827 -37.6664 -79.5954 
-17 -211.574 -39 35 -58.4498 -78.4827 -34.4883 -79.5954 
-21 -201.044 -38 36 -67.6522 -87.2366 -35.1787 -77.3331 
-17 -210.229 -38 35 -59.6375 -81.0089 -29.4579 -79.3612 
-15 -210.354 -41 36 -62.444 -83.4274 -40.7413 -81.6177 
-23 -205.415 -39 35 -61.4873 -80.6093 -35.9751 -79.5387 
-25 -208.542 -40 36 -57.9898 -78.561 -38.5665 -77.6837 
-15 -209.748 -40 36 -62.1837 -83.4274 -37.5632 -81.6177 
-21 -207.656 -40 36 -61.3172 -81.4013 -39.355 -78.9787 
-23 -204.809 -38 35 -61.227 -80.6093 -32.797 -79.5387 
-17 -208.134 -38 34 -60.7716 -79.8933 -34.279 -78.9237 
-25 -207.936 -39 36 -57.7295 -78.561 -35.3885 -77.6837 
-17 -215.852 -41 38 -62.1763 -72.8925 -43.5866 -74.9407 
-27 -203.129 -38 35 -61.7006 -81.5438 -33.7952 -75.3676 
-21 -207.051 -39 36 -61.0569 -81.4013 -36.1769 -78.9787 
-15 -208.404 -39 36 -63.3715 -85.9537 -32.5328 -81.3835 
-21 -208.512 -39 35 -59.6651 -81.0089 -32.9843 -79.3612 
-11 -215.288 -39 35 -59.1055 -79.6303 -32.9843 -79.3612 
-23 -204.037 -38 36 -62.8742 -82.0605 -36.4344 -75.838 
-17 -211.574 -40 35 -59.2697 -79.8612 -37.6664 -79.5954 
-21 -203.59 -40 36 -65.2212 -85.5541 -39.0499 -81.5609 
-13 -217.306 -41 37 -61.903 -72.3897 -42.5663 -78.2627 
-19 -214.143 -40 38 -62.1487 -72.8925 -40.0602 -74.9407 
-21 -202.984 -39 36 -64.9609 -85.5541 -35.8719 -81.5609 
-15 -206.309 -39 35 -64.5055 -84.838 -37.3539 -80.946 
-25 -201.304 -39 36 -65.4346 -86.4886 -36.8701 -77.3898 
-19 -216.239 -41 38 -58.1966 -71.6345 -43.5866 -76.4812 
-21 -206.261 -37 35 -61.673 -81.5438 -30.2688 -75.3676 
-19 -206.687 -40 36 -63.3991 -85.9537 -36.0591 -81.3835 
-9 -213.463 -40 36 -62.8395 -84.5751 -36.0591 -81.3835 
-15 -209.749 -41 36 -63.0036 -84.806 -40.7413 -81.6177 
-17 -208.523 -38 35 -61.8827 -81.757 -31.2929 -79.3045 
-25 -206.21 -39 35 -59.6651 -81.0089 -32.9843 -79.3612 
-19 -211.65 -39 36 -58.3853 -79.7087 -33.8844 -77.4495 
-15 -210.765 -39 36 -61.7127 -82.549 -34.6728 -78.7445 
-19 -215.375 -41 38 -59.1973 -71.9627 -44.2797 -76.7325 
-23 -206.583 -40 36 -60.4433 -80.3779 -40.3056 -80.0659 
-17 -207.715 -37 34 -61.3997 -81.0409 -29.2486 -78.6895 
-13 -220.216 -42 38 -59.485 -71.21 -44.2797 -79.1686 
-23 -205.978 -39 36 -60.183 -80.3779 -37.1275 -80.0659 
-21 -207.493 -38 35 -58.7217 -80.6139 -34.4883 -77.1593 
-19 -204.436 -38 36 -65.407 -86.4886 -33.3437 -77.3898 
-23 -205.733 -38 35 -61.7006 -81.5438 -33.7952 -75.3676 
-19 -216.689 -42 38 -59.7177 -71.21 -43.9314 -79.1686 
-15 -206.698 -39 36 -65.6167 -86.7018 -34.3678 -81.3267 
-23 -204.385 -40 36 -63.3991 -85.9537 -36.0591 -81.3835 
-15 -211.32 -38 35 -61.141 -80.1652 -33.7952 -75.3676 
-19 -216.083 -41 38 -59.4574 -71.21 -40.7533 -79.1686 
-21 -209.431 -38 36 -60.8727 -79.2223 -34.0487 -73.0858 
-19 -218.785 -43 38 -55.7656 -69.952 -47.4578 -80.709 
-19 -217.12 -41 38 -58.6021 -70.7655 -43.5866 -75.0949 
-15 -205.89 -38 35 -65.1337 -85.9857 -32.3235 -80.7118 
-27 -203.759 -37 35 -60.2965 -81.8205 -29.1702 -75.2005 
-23 -205.784 -37 35 -58.6941 -80.6139 -30.962 -77.1593 
-19 -218.179 -42 38 -55.5053 -69.952 -44.2797 -80.709 
-25 -204.597 -38 35 -61.7006 -81.5438 -33.7952 -75.3676 
-19 -212.437 -40 38 -64.3939 -73.6406 -41.8953 -74.8839 
-21 -205.998 -38 34 -61.4274 -81.0409 -32.775 -78.6895 
-19 -205.668 -39 36 -62.4557 -85.5587 -37.5632 -79.1816 
-11 -212.774 -38 34 -60.8677 -79.6624 -32.775 -78.6895 
-17 -209.61 -37 35 -61.1134 -80.1652 -30.2688 -75.3676 
-21 -203.908 -39 36 -65.4346 -86.4886 -36.8701 -77.3898 
-17 -209.06 -39 34 -61.0319 -79.8933 -37.4571 -78.9237 
-17 -210.625 -38 35 -58.9818 -79.8612 -30.962 -79.5954 
-21 -206.67 -39 34 -61.0319 -79.8933 -37.4571 -78.9237 
-13 -209.495 -39 36 -64.875 -85.11 -36.8701 -77.3898 
-21 -204.555 -37 35 -63.9182 -82.2919 -32.1039 -75.3108 
-23 -207.682 -38 36 -60.4207 -80.2436 -34.6953 -73.4558 
-23 -208.893 -38 35 -59.5034 -78.7335 -32.6966 -73.8635 
FEATURES_TXT_END_0
FEATURES_TXT_BEGIN_0 39 90 8 Distortion0_0 LM0_0 WordPenalty0_0 PhrasePenalty0_0 TranslationModel0_0 TranslationModel0_1 TranslationModel0_2 TranslationModel0_3 
-31 -287.096 -50 45 -79.765 -99.41 -42.5525 -103.287 
-33 -290.915 -51 45 -75.1278 -100.451 -36.0648 -106.49 
-31 -289.941 -51 46 -81.2691 -95.3198 -43.7312 -104.267 
-35 -285.35 -50 45 -79.9641 -98.6814 -42.5525 -103.025 
-31 -290.454 -52 45 -77.9073 -99.2483 -45.0915 -105.437 
-39 -288.666 -52 46 -78.7068 -94.5592 -43.2687 -104.677 
-35 -285.821 -51 45 -79.184 -99.314 -43.2457 -106.754 
-33 -293.76 -52 46 -76.6319 -96.3604 -37.2435 -107.47 
-35 -291.59 -52 45 -72.998 -96.1949 -45.3857 -104.598 
-37 -288.812 -51 45 -75.1278 -100.451 -36.0648 -106.49 
-25 -290.353 -50 45 -82.0676 -102.086 -42.5525 -102.189 
-29 -288.865 -50 45 -79.765 -99.41 -42.5525 -103.287 
-31 -287.996 -50 45 -79.9641 -98.6814 -42.5525 -103.025 
-37 -289.169 -51 45 -75.327 -99.7219 -36.0648 -106.227 
-35 -288.195 -51 46 -81.4682 -94.5912 -43.7312 -104.005 
-33 -294.274 -53 45 -73.2701 -100.289 -38.6038 -108.639 
-31 -293.299 -53 46 -79.4114 -95.1581 -46.2701 -106.417 
-41 -292.485 -53 46 -74.0697 -95.5997 -36.7811 -107.879 
-35 -288.708 -52 45 -78.1064 -98.5196 -45.0915 -105.174 
-37 -289.64 -52 45 -74.5468 -100.355 -36.758 -109.956 
-37 -295.409 -53 45 -68.3609 -97.2355 -38.8981 -107.801 
-35 -294.435 -53 46 -74.5021 -92.1048 -46.5644 -105.578 
-31 -292.684 -51 45 -75.1278 -100.451 -36.0648 -106.49 
-37 -291.656 -52 46 -76.6319 -96.3604 -37.2435 -107.47 
-31 -285.451 -49 45 -83.5804 -99.6025 -41.8594 -102.092 
-29 -291.71 -51 46 -81.2691 -95.3198 -43.7312 -104.267 
-31 -293.704 -51 45 -72.9704 -96.1949 -41.8594 -104.598 
-33 -291.816 -51 45 -75.327 -99.7219 -36.0648 -106.227 
-31 -290.841 -51 46 -81.4682 -94.5912 -43.7312 -104.005 
-27 -287.197 -49 45 -83.3813 -100.331 -41.8594 -102.354 
-39 -292.024 -54 46 -76.8491 -94.3974 -45.8077 -106.826 
-37 -292.014 -52 46 -76.831 -95.6318 -37.2435 -107.207 
-35 -285.575 -50 45 -79.765 -99.41 -42.5525 -103.287 
-37 -284.382 -50 45 -79.765 -99.41 -42.5525 -103.287 
-27 -292.3 -50 44 -78.991 -99.2974 -39.6744 -101.277 
-39 -289.844 -52 45 -73.1971 -95.4663 -45.3857 -104.336 
-39 -283.763 -50 45 -78.4908 -98.7533 -42.5525 -103.798 
-41 -287.066 -51 45 -75.327 -99.7219 -36.0648 -106.227 
-33 -287.096 -50 45 -79.765 -99.41 -42.5525 -103.287 
-33 -287.119 -50 45 -79.9641 -98.6814 -42.5525 -103.025 
-39 -289.393 -52 46 -77.2335 -94.6311 -43.2687 -105.45 
-31 -284.857 -49 45 -83.3813 -100.331 -41.8594 -102.354 
-35 -289.179 -53 45 -77.3263 -99.1522 -45.7846 -108.903 
-33 -297.119 -54 46 -74.7742 -96.1987 -39.7825 -109.619 
-35 -294.948 -54 45 -71.1403 -96.0332 -47.9247 -106.748 
-31 -289.625 -51 45 -79.1144 -99.41 -44.3443 -103.287 
-37 -292.17 -53 45 -73.2701 -100.289 -38.6038 -108.639 
-31 -287.702 -50 46 -84.8854 -96.241 -43.038 -103.334 
-29 -292.223 -52 45 -77.9073 -99.2483 -45.0915 -105.437 
-43 -293.16 -54 46 -71.9398 -91.3441 -46.102 -105.988 
-31 -291.355 -52 45 -78.1064 -98.5196 -45.0915 -105.174 
-35 -291.168 -52 45 -75.1584 -100.451 -39.2567 -106.49 
-45 -290.382 -53 46 -74.0697 -95.5997 -36.7811 -107.879 
-41 -293.212 -53 46 -72.5964 -95.6717 -36.7811 -108.652 
-37 -290.435 -52 46 -78.7068 -94.5592 -43.2687 -104.677 
-37 -292.528 -53 45 -73.4692 -99.5602 -38.6038 -108.377 
-35 -291.553 -53 46 -79.6105 -94.4294 -46.2701 -106.154 
-27 -290.541 -49 45 -79.5521 -98.3959 -39.8715 -102.241 
-35 -291.369 -52 46 -78.5077 -95.2878 -43.2687 -104.939 
-39 -290.315 -53 45 -72.417 -96.0989 -46.0789 -108.065 
-41 -287.537 -52 45 -74.5468 -100.355 -36.758 -109.956 
-35 -291.958 -51 45 -73.1695 -95.4663 -41.8594 -104.336 
-33 -287.59 -51 45 -79.184 -99.314 -43.2457 -106.754 
-37 -298.254 -54 46 -69.8649 -93.1453 -40.0767 -108.781 
-31 -288.771 -50 45 -78.4908 -98.7533 -42.5525 -103.798 
-31 -295.529 -52 46 -76.6319 -96.3604 -37.2435 -107.47 
-33 -297.523 -52 45 -68.3333 -97.2355 -35.3717 -107.801 
-41 -293.305 -53 45 -68.3609 -97.2355 -38.8981 -107.801 
-33 -289.964 -51 46 -81.4682 -94.5912 -43.7312 -104.005 
-31 -296.549 -52 46 -74.4745 -92.1048 -43.038 -105.578 
-33 -294.661 -52 46 -76.831 -95.6318 -37.2435 -107.207 
-33 -293.359 -52 45 -72.998 -96.1949 -45.3857 -104.598 
-35 -290.58 -51 45 -75.1278 -100.451 -36.0648 -106.49 
-41 -289.911 -52 46 -76.831 -95.6318 -37.2435 -107.207 
-27 -290.042 -50 46 -84.8854 -96.241 -43.038 -103.334 
-41 -295.844 -55 46 -72.212 -95.438 -39.32 -110.028 
-35 -292.49 -52 45 -73.1971 -95.4663 -45.3857 -104.336 
-37 -289.394 -51 45 -75.1278 -100.451 -36.0648 -106.49 
-37 -289.712 -51 45 -75.327 -99.7219 -36.0648 -106.227 
-35 -290.938 -51 45 -75.327 -99.7219 -36.0648 -106.227 
-29 -289.765 -50 45 -79.9641 -98.6814 -42.5525 -103.025 
-35 -288.42 -51 46 -81.2691 -95.3198 -43.7312 -104.267 
-39 -288.201 -51 45 -75.1278 -100.451 -36.0648 -106.49 
-37 -287.227 -51 46 -81.2691 -95.3198 -43.7312 -104.267 
-29 -296.12 -51 44 -74.3538 -100.338 -33.1867 -104.479 
-41 -293.663 -53 45 -68.56 -96.5069 -38.8981 -107.538 
-31 -291.691 -53 46 -77.5403 -99.8685 -46.2656 -108.761 
-41 -287.583 -51 45 -73.8537 -99.7939 -36.0648 -107 
-27 -295.145 -51 45 -80.4951 -95.2072 -40.8531 -102.257 
-39 -292.689 -53 46 -74.7012 -91.3761 -46.5644 -105.316 
FEATURES_TXT_END_0
FEATURES_TXT_BEGIN_0 40 100 8 Distortion0_0 LM0_0 WordPenalty0_0 PhrasePenalty0_0 TranslationModel0_0 TranslationModel0_1 TranslationModel0_2 TranslationModel0_3 
-6 -148.975 -26 22 -25.9702 -31.9854 -19.9389 -34.8936 
-10 -149.99 -27 22 -23.9605 -31.1931 -19.4498 -35.8619 
-6 -149.675 -26 22 -24.6908 -31.1683 -20.8895 -35.5754 
-6 -152.336 -27 22 -23.2602 -31.9854 -21.1917 -34.8936 
-6 -152.01 -27 22 -24.6021 -32.0211 -20.632 -34.9305 
-10 -150.69 -27 22 -22.6811 -30.3761 -20.4004 -36.5437 
-8 -148.975 -26 22 -25.9702 -31.9854 -19.9389 -34.8936 
-10 -153.35 -28 22 -21.2506 -31.1931 -20.7026 -35.8619 
-10 -153.025 -28 22 -22.5924 -31.2288 -20.143 -35.8988 
-6 -153.036 -27 22 -21.9808 -31.1683 -22.1423 -35.5754 
-6 -152.71 -27 22 -23.3227 -31.204 -21.5827 -35.6123 
-10 -149.105 -26 22 -25.0592 -31.1931 -17.8404 -35.8619 
-14 -149.674 -28 23 -24.318 -30.0386 -23.6939 -35.9411 
-6 -150.773 -26 22 -24.6908 -31.1683 -20.8895 -35.5754 
-12 -150.415 -27 21 -23.5128 -31.2288 -17.6368 -35.8988 
-12 -149.99 -27 22 -23.9605 -31.1931 -19.4498 -35.8619 
-8 -149.675 -26 22 -24.6908 -31.1683 -20.8895 -35.5754 
-6 -153.125 -27 22 -23.3227 -31.204 -21.5827 -35.6123 
-10 -154.051 -28 22 -19.9712 -30.3761 -21.6532 -36.5437 
-6 -154.552 -26 22 -24.7872 -31.1113 -15.3139 -32.0788 
-6 -148.61 -25 21 -25.145 -33.4303 -18.7411 -34.8547 
-10 -153.725 -28 22 -21.313 -30.4117 -21.0936 -36.5806 
-10 -148.381 -26 22 -25.9702 -31.9854 -19.9389 -34.8936 
-10 -149.805 -26 22 -23.7798 -30.3761 -18.791 -36.5437 
-8 -152.336 -27 22 -23.2602 -31.9854 -21.1917 -34.8936 
-8 -152.01 -27 22 -24.6021 -32.0211 -20.632 -34.9305 
-18 -150.689 -29 23 -22.3084 -29.2464 -23.2048 -36.9094 
-14 -150.375 -28 23 -23.0386 -29.2215 -24.6445 -36.6228 
-10 -151.788 -27 22 -22.6811 -30.3761 -20.4004 -36.5437 
-6 -151.474 -26 22 -23.4114 -30.3512 -21.8401 -36.2571 
-12 -151.115 -27 21 -22.2334 -30.4117 -18.5874 -36.5806 
-10 -152.466 -27 22 -22.3492 -31.1931 -19.0931 -35.8619 
-10 -152.14 -27 22 -23.691 -31.2288 -18.5335 -35.8988 
-12 -150.69 -27 22 -22.6811 -30.3761 -20.4004 -36.5437 
-10 -154.14 -28 22 -21.313 -30.4117 -21.0936 -36.5806 
-12 -147.993 -27 22 -26.3448 -31.9854 -23.583 -34.8936 
-6 -153.826 -27 22 -22.0433 -30.3869 -22.5333 -36.2941 
-10 -155.566 -27 22 -22.7776 -30.3191 -14.8248 -33.0471 
-10 -149.624 -26 21 -23.1354 -32.6381 -18.252 -35.823 
-14 -149.396 -27 22 -23.9605 -31.1931 -19.4498 -35.8619 
-6 -155.252 -26 22 -23.5078 -30.2942 -16.2645 -32.7605 
-6 -149.31 -25 21 -23.8656 -32.6132 -19.6917 -35.5365 
-6 -154.134 -27 22 -21.9808 -31.1683 -22.1423 -35.5754 
-6 -156.223 -28 22 -21.8921 -32.0211 -21.8848 -34.9305 
-14 -152.787 -29 23 -22.9499 -30.0743 -24.3871 -35.978 
-12 -153.35 -28 22 -21.2506 -31.1931 -20.7026 -35.8619 
-14 -145.861 -25 22 -25.9896 -31.9854 -16.8825 -34.8936 
-6 -156.475 -27 22 -21.3355 -29.206 -19.9389 -34.7395 
-12 -153.025 -28 22 -22.5924 -31.2288 -20.143 -35.8988 
-8 -153.036 -27 22 -21.9808 -31.1683 -22.1423 -35.5754 
-6 -150.354 -25 21 -25.6108 -31.9854 -17.1119 -34.8936 
-8 -152.71 -27 22 -23.3227 -31.204 -21.5827 -35.6123 
-6 -157.912 -27 22 -22.0773 -31.1113 -16.5667 -32.0788 
-6 -151.97 -26 21 -22.4351 -33.4303 -19.9938 -34.8547 
-6 -157.587 -27 22 -23.4191 -31.147 -16.0071 -32.1157 
-18 -151.39 -29 23 -21.029 -28.4293 -24.1554 -37.5911 
-10 -151.742 -27 22 -23.2602 -31.9854 -21.1917 -34.8936 
-12 -149.105 -26 22 -25.0592 -31.1931 -17.8404 -35.8619 
-10 -151.416 -27 22 -24.6021 -32.0211 -20.632 -34.9305 
-6 -151.968 -27 22 -26.3448 -31.9854 -23.583 -34.8936 
-10 -152.488 -27 22 -21.4017 -29.559 -21.351 -37.2254 
-10 -151.779 -26 22 -22.4341 -29.206 -19.9389 -34.7395 
-10 -153.166 -27 22 -21.0698 -30.3761 -20.0438 -36.5437 
-10 -152.84 -27 22 -22.4116 -30.4117 -19.4841 -36.5806 
-16 -149.007 -28 22 -24.3351 -31.1931 -23.094 -35.8619 
-10 -154.84 -28 22 -20.0336 -29.5947 -22.0442 -37.2623 
-12 -148.693 -27 22 -25.0654 -31.1683 -24.5337 -35.5754 
-10 -149.51 -26 22 -24.6908 -31.1683 -20.8895 -35.5754 
-12 -145.973 -26 22 -27.6356 -32.8543 -21.4217 -36.2994 
-10 -151.663 -28 22 -24.1048 -30.0386 -26.9152 -35.9411 
-10 -149.428 -26 23 -25.6009 -31.4945 -20.1566 -36.3415 
-10 -156.267 -27 22 -21.4982 -29.502 -15.7755 -33.7288 
-16 -149.674 -28 23 -24.318 -30.0386 -23.6939 -35.9411 
-10 -150.325 -26 21 -21.856 -31.821 -19.2026 -36.5048 
-6 -154.743 -27 21 -23.7824 -31.1931 -18.5531 -35.8619 
-8 -150.773 -26 22 -24.6908 -31.1683 -20.8895 -35.5754 
-14 -150.415 -27 21 -23.5128 -31.2288 -17.6368 -35.8988 
-14 -149.61 -27 22 -23.2602 -31.9854 -21.1917 -34.8936 
-9 -150.05 -26 22 -25.9702 -31.9854 -19.9389 -34.8936 
-10 -155.149 -28 22 -19.9712 -30.3761 -21.6532 -36.5437 
-6 -150.432 -26 22 -27.9443 -34.5345 -18.3295 -35.5402 
-6 -154.834 -27 22 -20.7014 -30.3512 -23.0929 -36.2571 
-10 -157.238 -29 22 -19.8825 -31.2288 -21.3957 -35.8988 
-12 -149.4 -26 21 -24.2427 -32.0211 -17.805 -34.9305 
-8 -153.125 -27 22 -23.3227 -31.204 -21.5827 -35.6123 
-18 -153.802 -30 23 -20.9403 -29.282 -23.898 -36.9463 
-6 -156.923 -28 22 -20.6127 -31.204 -22.8354 -35.6123 
-18 -146.876 -26 22 -23.98 -31.1931 -16.3935 -35.8619 
-10 -157.49 -28 22 -19.3258 -28.4138 -19.4498 -35.7077 
-14 -149.375 -27 22 -24.6021 -32.0211 -20.632 -34.9305 
-14 -153.488 -29 23 -21.6705 -29.2572 -25.3377 -36.6598 
-18 -149.804 -28 23 -23.407 -29.2464 -21.5954 -36.9094 
-12 -154.051 -28 22 -19.9712 -30.3761 -21.6532 -36.5437 
-8 -154.552 -26 22 -24.7872 -31.1113 -15.3139 -32.0788 
-12 -148.353 -26 22 -25.9702 -31.9854 -19.9389 -34.8936 
-6 -157.176 -27 22 -20.0561 -28.3889 -20.8895 -35.4212 
-8 -148.61 -25 21 -25.145 -33.4303 -18.7411 -34.8547 
-6 -155.491 -27 23 -23.9435 -30.0386 -20.0498 -35.9411 
-12 -153.725 -28 22 -21.313 -30.4117 -21.0936 -36.5806 
-11 -148.972 -26 22 -25.9702 -31.9854 -19.9389 -34.8936 
FEATURES_TXT_END_0
FEATURES_TXT_BEGIN_0 41 100 8 Distortion0_0 LM0_0 WordPenalty0_0 PhrasePenalty0_0 TranslationModel0_0 TranslationModel0_1 TranslationModel0_2 TranslationModel0_3 
-35 -276.815 -60 47 -60.5912 -109.873 -44.5848 -111.137 
-35 -280.659 -60 47 -59.4082 -108.999 -39.9598 -108.322 
-35 -274.639 -59 47 -61.6711 -109.873 -44.1793 -111.137 
-35 -273.159 -60 48 -67.5496 -111.639 -47.2485 -110.125 
-35 -278.484 -59 47 -60.4881 -108.999 -39.5543 -108.322 
-35 -277.003 -60 48 -66.3666 -110.764 -42.6235 -107.31 
-35 -274.702 -59 47 -62.5027 -110.997 -43.3808 -109.972 
-35 -270.984 -59 48 -68.6295 -111.639 -46.843 -110.125 
-35 -278.546 -59 47 -61.3198 -110.123 -38.7558 -107.157 
-35 -274.828 -59 48 -67.4466 -110.764 -42.2181 -107.31 
-35 -272.526 -58 47 -63.5826 -110.997 -42.9753 -109.972 
-35 -271.046 -59 48 -69.4612 -112.762 -46.0445 -108.96 
-35 -276.37 -58 47 -62.3997 -110.123 -38.3503 -107.157 
-35 -274.89 -59 48 -68.2782 -111.888 -41.4196 -106.146 
-35 -268.871 -58 48 -70.5411 -112.762 -45.6391 -108.96 
-35 -272.715 -58 48 -69.3581 -111.888 -41.0141 -106.146 
-35 -278.319 -60 47 -60.5248 -109.65 -43.3853 -109.913 
-39 -271.304 -59 47 -66.8852 -109.595 -44.1858 -109.362 
-35 -282.163 -60 47 -59.3419 -108.776 -38.7604 -107.098 
-39 -275.148 -59 47 -65.7022 -108.721 -39.5609 -106.547 
-39 -273.654 -60 47 -65.8053 -109.595 -44.5913 -109.362 
-35 -276.143 -59 47 -61.6048 -109.65 -42.9799 -109.913 
-35 -274.663 -60 48 -67.4833 -111.415 -46.0491 -108.902 
-47 -269.904 -59 48 -67.7374 -107.666 -41.5249 -105.872 
-39 -277.498 -60 47 -64.6223 -108.721 -39.9663 -106.547 
-35 -279.988 -59 47 -60.4218 -108.776 -38.3549 -107.098 
-35 -278.507 -60 48 -66.3003 -110.541 -41.4241 -106.087 
-35 -276.206 -59 47 -62.4364 -110.774 -42.1814 -108.748 
-39 -269.191 -58 47 -68.7967 -110.719 -42.9819 -108.197 
-35 -272.488 -59 48 -68.5632 -111.415 -45.6436 -108.902 
-47 -272.254 -60 48 -66.6574 -107.666 -41.9304 -105.872 
-35 -280.05 -59 47 -61.2534 -109.9 -37.5564 -105.933 
-39 -273.035 -58 47 -67.6138 -109.845 -38.3569 -105.382 
-35 -276.332 -59 48 -67.3802 -110.541 -41.0187 -106.087 
-39 -271.541 -59 47 -67.7168 -110.719 -43.3873 -108.197 
-35 -274.03 -58 47 -63.5163 -110.774 -41.7759 -108.748 
-35 -272.55 -59 48 -69.3948 -112.539 -44.8451 -107.737 
-47 -267.791 -58 48 -69.6489 -108.79 -40.3209 -104.707 
-39 -275.385 -59 47 -66.5339 -109.845 -38.7623 -105.382 
-35 -277.874 -58 47 -62.3334 -109.9 -37.1509 -105.933 
-35 -276.394 -59 48 -68.2119 -111.665 -40.2201 -104.922 
-36 -277.256 -60 47 -61.4005 -110.619 -43.6341 -109.717 
-41 -277.769 -60 47 -59.4082 -108.999 -39.9598 -108.322 
-36 -281.1 -60 47 -60.2176 -109.745 -39.0092 -106.903 
-35 -270.375 -58 48 -70.4748 -112.539 -44.4396 -107.737 
-35 -277.911 -60 49 -62.5047 -105.925 -46.685 -112.252 
-47 -270.141 -59 48 -68.569 -108.79 -40.7264 -104.707 
-39 -273.49 -60 48 -65.4389 -110.462 -45.3767 -110.181 
-47 -270.465 -60 48 -66.3666 -110.764 -42.6235 -107.31 
-35 -274.219 -58 48 -69.2918 -111.665 -39.8147 -104.922 
-36 -275.08 -59 47 -62.4805 -110.619 -43.2287 -109.717 
-36 -273.6 -60 48 -68.359 -112.384 -46.2979 -108.706 
-35 -281.755 -60 49 -61.3217 -105.051 -42.06 -109.437 
-39 -277.334 -60 48 -64.256 -109.588 -40.7517 -107.366 
-39 -272.808 -59 47 -66.8188 -109.372 -42.9864 -108.138 
-41 -275.593 -59 47 -60.4881 -108.999 -39.5543 -108.322 
-36 -278.924 -59 47 -61.2975 -109.745 -38.6037 -106.903 
-36 -277.444 -60 48 -67.176 -111.51 -41.6729 -105.891 
-35 -277.484 -60 47 -61.8706 -110.69 -43.6341 -110.455 
-45 -271.935 -59 47 -65.7022 -108.721 -39.5609 -106.547 
-35 -275.735 -59 49 -63.5846 -105.925 -46.2795 -112.252 
-35 -274.255 -60 50 -69.4631 -107.691 -49.3487 -111.24 
-36 -275.142 -59 47 -63.3121 -111.742 -42.4302 -108.553 
-39 -271.314 -59 48 -66.5188 -110.462 -44.9712 -110.181 
-39 -276.652 -59 47 -65.6359 -108.498 -38.3614 -105.323 
-35 -281.328 -60 47 -60.6876 -109.816 -39.0092 -107.64 
-36 -271.424 -59 48 -69.4389 -112.384 -45.8924 -108.706 
-35 -279.58 -59 49 -62.4016 -105.051 -41.6546 -109.437 
-35 -278.099 -60 50 -68.2802 -106.816 -44.7238 -108.425 
-41 -275.656 -59 47 -61.3198 -110.123 -38.7558 -107.157 
-36 -278.987 -59 47 -62.1292 -110.868 -37.8052 -105.738 
-35 -275.798 -59 49 -64.4162 -107.049 -45.481 -111.087 
-39 -275.158 -59 48 -65.3359 -109.588 -40.3463 -107.366 
-39 -275.158 -60 47 -65.7389 -109.372 -43.3919 -108.138 
-45 -273.768 -60 48 -66.6574 -107.666 -41.9304 -105.872 
-39 -271.376 -59 48 -67.3505 -111.585 -44.1727 -109.016 
-45 -274.285 -60 47 -64.6223 -108.721 -39.9663 -106.547 
-36 -275.268 -59 48 -68.256 -111.51 -41.2674 -105.891 
-35 -275.309 -59 47 -62.9505 -110.69 -43.2287 -110.455 
-35 -273.828 -60 48 -68.829 -112.456 -46.2979 -109.444 
-47 -271.408 -59 48 -67.671 -107.443 -40.3255 -104.648 
-47 -268.352 -59 48 -68.2782 -111.888 -41.4196 -106.146 
-35 -272.08 -59 50 -70.5431 -107.691 -48.9433 -111.24 
-36 -272.967 -58 47 -64.392 -111.742 -42.0247 -108.553 
-36 -271.487 -59 48 -70.2706 -113.508 -45.0939 -107.541 
-35 -279.642 -59 49 -63.2333 -106.175 -40.856 -108.272 
-41 -274.234 -60 48 -66.3666 -110.764 -42.6235 -107.31 
-39 -279.002 -60 47 -64.556 -108.498 -38.7669 -105.323 
-39 -275.221 -59 48 -66.1675 -110.711 -39.5477 -106.201 
-39 -271.355 -59 48 -68.9203 -108.54 -46.1499 -108.687 
-35 -279.153 -59 47 -61.7675 -109.816 -38.6037 -107.64 
-35 -277.672 -60 48 -67.646 -111.582 -41.6729 -106.629 
-39 -270.695 -58 47 -68.7304 -110.496 -41.7824 -106.973 
-35 -275.924 -59 50 -69.3601 -106.816 -44.3183 -108.425 
-41 -273.48 -58 47 -62.3997 -110.123 -38.3503 -107.157 
-36 -276.811 -58 47 -63.2091 -110.868 -37.3997 -105.738 
-36 -275.331 -59 48 -69.0876 -112.634 -40.4689 -104.726 
-35 -275.371 -59 47 -63.7821 -111.814 -42.4302 -109.29 
-45 -269.822 -58 47 -67.6138 -109.845 -38.3569 -105.382 
-35 -273.622 -58 49 -65.4962 -107.049 -45.0756 -111.087 
FEATURES_TXT_END_0
FEATURES_TXT_BEGIN_0 42 100 8 Distortion0_0 LM0_0 WordPenalty0_0 PhrasePenalty0_0 TranslationModel0_0 TranslationModel0_1 TranslationModel0_2 TranslationModel0_3 
-21 -309.544 -60 49 -79.8474 -112.599 -56.3076 -131.202 
-21 -311.938 -59 49 -78.8178 -109.305 -55.6145 -125.488 
-25 -306.66 -59 49 -79.8668 -112.599 -53.2513 -131.202 
-25 -309.053 -58 49 -78.8372 -109.305 -52.5581 -125.488 
-25 -313.249 -61 49 -73.3717 -109.29 -55.1186 -133.073 
-25 -307.033 -59 49 -80.7025 -111.939 -55.6145 -128.218 
-31 -302.228 -62 50 -83.2808 -115.543 -63.2108 -133.514 
-21 -310.854 -60 49 -79.3954 -111.813 -55.8557 -130.984 
-21 -308.671 -60 49 -81.1946 -113.759 -57.0496 -131.542 
-25 -315.642 -60 49 -72.3421 -105.996 -54.4255 -127.36 
-25 -311.415 -60 49 -75.1861 -109.572 -55.4604 -130.521 
-21 -313.247 -59 49 -78.3658 -108.52 -55.1625 -125.271 
-21 -311.064 -59 49 -80.165 -110.465 -56.3564 -125.829 
-25 -313.808 -59 49 -74.1565 -106.278 -54.7672 -124.808 
-21 -314.023 -61 49 -75.4149 -109.592 -59.2026 -131.345 
-21 -309.154 -60 49 -80.9311 -113.444 -56.6441 -131.768 
-29 -304.149 -58 49 -80.7219 -111.939 -52.5581 -128.218 
-21 -310.935 -60 48 -78.4781 -112.11 -54.9555 -131.979 
-21 -316.416 -60 49 -74.3852 -106.299 -58.5094 -125.632 
-35 -299.344 -61 50 -83.3002 -115.543 -60.1544 -133.514 
-27 -306.784 -60 49 -79.8474 -112.599 -56.3076 -131.202 
-21 -311.548 -59 49 -79.9015 -110.15 -55.951 -126.055 
-25 -307.969 -59 49 -79.4148 -111.813 -52.7993 -130.984 
-25 -305.786 -59 49 -81.214 -113.759 -53.9932 -131.542 
-21 -310.036 -61 48 -80.3668 -114.084 -56.7081 -133.854 
-21 -313.328 -59 48 -77.4484 -108.817 -54.2624 -126.266 
-25 -308.213 -60 49 -80.1988 -114.113 -54.4618 -130.822 
-27 -309.177 -59 49 -78.8178 -109.305 -55.6145 -125.488 
-25 -310.362 -58 49 -78.3852 -108.52 -52.1062 -125.271 
-29 -310.737 -60 49 -74.2268 -108.63 -54.4255 -130.09 
-25 -308.179 -58 49 -80.1844 -110.465 -53.3001 -125.829 
-35 -305.932 -63 50 -76.8051 -112.234 -62.0217 -135.386 
-25 -314.558 -61 49 -72.9197 -108.504 -54.6666 -132.856 
-25 -310.479 -59 49 -76.7228 -109.195 -55.6145 -127.612 
-21 -312.43 -60 48 -79.3372 -110.791 -56.0149 -128.141 
-25 -311.138 -60 49 -75.4343 -109.592 -56.1462 -131.345 
-25 -310.606 -59 49 -79.1692 -110.819 -53.7687 -125.109 
-25 -312.375 -61 49 -74.7189 -110.45 -55.8605 -133.414 
-25 -308.343 -59 49 -80.2505 -111.153 -55.1625 -128.001 
-25 -306.27 -59 49 -80.9505 -113.444 -53.5878 -131.768 
-31 -303.888 -62 50 -82.1971 -114.698 -62.8743 -132.947 
-25 -306.159 -59 49 -82.0497 -113.099 -56.3564 -128.559 
-31 -300.386 -61 50 -85.1774 -115.07 -63.2798 -132.999 
-29 -308.904 -59 49 -76.0412 -108.912 -54.7672 -127.538 
-21 -311.419 -61 49 -79.828 -112.599 -59.364 -131.202 
-31 -305.1 -61 50 -82.2512 -112.249 -62.5176 -127.801 
-35 -304.099 -62 50 -78.6194 -112.516 -62.3635 -132.834 
-25 -316.951 -60 49 -71.8901 -105.211 -53.9735 -127.143 
-25 -308.05 -59 48 -78.4975 -112.11 -51.8992 -131.979 
-25 -313.531 -59 49 -74.4047 -106.299 -55.4531 -125.632 
-25 -314.768 -60 49 -73.6893 -107.156 -55.1674 -127.701 
-25 -312.724 -60 49 -74.7341 -108.786 -55.0084 -130.304 
-31 -303.9 -59 49 -79.8668 -112.599 -53.2513 -131.202 
-25 -308.663 -58 49 -79.9209 -110.15 -52.8946 -126.055 
-25 -310.541 -60 49 -76.5332 -110.731 -56.2023 -130.862 
-25 -317.727 -62 49 -68.9392 -106.283 -58.0135 -133.217 
-21 -313.812 -60 49 -78.7984 -109.305 -58.6709 -125.488 
-25 -312.859 -61 49 -74.4554 -110.135 -55.4551 -133.64 
-25 -311.511 -60 49 -76.27 -108.932 -58.5094 -128.362 
-17 -316.994 -59 48 -74.4721 -109.632 -49.9533 -130.314 
-25 -307.152 -60 48 -80.3862 -114.084 -53.6517 -133.854 
-25 -310.443 -58 48 -77.4679 -108.817 -51.206 -126.266 
-29 -305.328 -59 49 -80.2182 -114.113 -51.4055 -130.822 
-25 -315.117 -59 49 -73.7045 -105.492 -54.3152 -124.59 
-25 -306.643 -59 49 -81.7862 -112.784 -55.951 -128.785 
-31 -306.706 -63 50 -78.8482 -112.536 -66.1057 -133.657 
-31 -306.293 -58 49 -78.8372 -109.305 -52.5581 -125.488 
-25 -312.934 -59 49 -75.5036 -107.438 -55.5091 -125.149 
-21 -315.332 -61 49 -74.9629 -108.807 -58.7506 -131.128 
-21 -313.149 -61 49 -76.762 -110.752 -59.9445 -131.686 
-25 -314.639 -61 48 -72.0024 -108.801 -53.7665 -133.851 
-25 -320.12 -61 49 -67.9095 -102.989 -57.3204 -127.504 
-21 -310.9 -61 49 -80.345 -112.671 -59.834 -131.939 
-25 -315.893 -61 49 -70.7535 -106.565 -58.3553 -130.665 
-25 -305.552 -60 49 -81.7321 -115.233 -56.3076 -133.932 
-25 -315.252 -60 49 -73.4258 -106.841 -54.7619 -127.927 
-29 -307.595 -58 49 -76.7423 -109.195 -52.5581 -127.612 
-23 -314.797 -62 49 -77.0692 -108.987 -58.2048 -132.845 
-25 -308.423 -59 48 -79.3332 -111.45 -54.2624 -128.996 
-21 -312.014 -60 49 -79.0321 -111.585 -56.2939 -130.156 
-17 -319.387 -58 48 -73.4425 -106.339 -49.2601 -124.601 
-25 -309.545 -59 48 -79.3566 -110.791 -52.9586 -128.141 
-29 -307.721 -58 49 -79.1886 -110.819 -50.7123 -125.109 
-25 -311.025 -60 49 -76.2698 -110.417 -55.7968 -131.088 
-31 -304.273 -59 49 -80.7025 -111.939 -55.6145 -128.218 
-29 -305.458 -58 49 -80.27 -111.153 -52.1062 -128.001 
-25 -308.951 -60 49 -79.6589 -112.128 -56.2611 -130.758 
-35 -301.003 -61 50 -82.2165 -114.698 -59.818 -132.947 
-29 -303.275 -58 49 -82.0691 -113.099 -53.3001 -128.559 
-37 -299.468 -62 50 -83.2808 -115.543 -63.2108 -133.514 
-21 -317.725 -60 49 -73.9333 -105.513 -58.0574 -125.414 
-35 -297.502 -60 50 -85.1968 -115.07 -60.2234 -132.999 
-25 -309.817 -60 49 -79.3835 -113.099 -54.448 -129.776 
-25 -313.741 -62 48 -73.8911 -110.775 -55.519 -135.726 
-25 -315.356 -62 49 -71.5584 -109.128 -56.9644 -135.223 
-21 -315.542 -60 49 -75.7324 -107.458 -59.2514 -125.973 
-25 -317.032 -60 48 -70.9727 -105.508 -53.0734 -128.138 
-27 -308.093 -60 49 -79.3954 -111.813 -55.8557 -130.984 
-29 -311.917 -61 49 -73.7231 -110.804 -53.2728 -132.694 
-25 -308.534 -60 49 -79.8474 -112.599 -56.3077 -131.202 
FEATURES_TXT_END_0
FEATURES_TXT_BEGIN_0 43 100 8 Distortion0_0 LM0_0 WordPenalty0_0 PhrasePenalty0_0 TranslationModel0_0 TranslationModel0_1 TranslationModel0_2 TranslationModel0_3 
-10 -137.228 -30 23 -35.5277 -61.9714 -19.7029 -57.907 
-10 -136.589 -29 23 -35.4519 -61.9714 -17.0737 -57.907 
-22 -127.71 -29 23 -39.6866 -61.979 -19.7029 -55.5825 
-10 -135.836 -29 23 -38.4227 -63.0938 -16.3805 -56.9907 
-27 -126.714 -28 22 -39.2503 -57.2275 -19.6961 -50.0967 
-20 -129.092 -29 23 -39.6866 -61.979 -19.7029 -55.5825 
-22 -127.071 -28 23 -39.6108 -61.979 -17.0737 -55.5825 
-10 -133.896 -29 23 -40.4067 -63.9182 -19.7029 -56.265 
-4 -142.451 -29 23 -36.6538 -59.6729 -19.0098 -52.6694 
-10 -136.335 -29 23 -38.7057 -61.7688 -18.6043 -55.2924 
-27 -126.075 -27 22 -39.1745 -57.2275 -17.0668 -50.0967 
-20 -128.453 -28 23 -39.6108 -61.979 -17.0737 -55.5825 
-10 -134.923 -29 23 -40.2005 -63.0776 -19.7029 -55.3084 
-39 -117.195 -27 22 -43.4092 -57.235 -19.6961 -47.7722 
-10 -138.551 -31 23 -34.7679 -60.5423 -23.0702 -60.9301 
-10 -137.428 -30 23 -38.3402 -63.0776 -20.3961 -55.3084 
-10 -133.257 -28 23 -40.3309 -63.9182 -17.0737 -56.265 
-4 -141.88 -30 23 -35.5277 -61.9714 -19.7029 -57.907 
-4 -141.812 -28 23 -36.578 -59.6729 -16.3805 -52.6694 
-27 -125.321 -27 22 -42.1453 -58.3499 -16.3736 -49.1804 
-20 -132.301 -30 24 -39.312 -60.9446 -20.1614 -55.7113 
-10 -135.696 -28 23 -38.63 -61.7688 -15.9751 -55.2924 
-10 -135.602 -29 23 -39.6866 -61.979 -19.7029 -55.5825 
-20 -127.699 -28 23 -42.5816 -63.1014 -16.3805 -54.6662 
-37 -118.577 -27 22 -43.4092 -57.235 -19.6961 -47.7722 
-14 -138.752 -31 24 -35.1531 -60.9371 -20.1614 -58.0358 
-16 -132.932 -28 23 -40.8127 -59.6804 -19.0098 -50.3449 
-12 -137.228 -30 23 -35.5277 -61.9715 -19.7029 -57.907 
-10 -135.176 -29 23 -40.2005 -63.0776 -19.7029 -55.3084 
-10 -134.284 -28 23 -40.1247 -63.0776 -17.0737 -55.3084 
-39 -116.556 -26 22 -43.3334 -57.235 -17.0668 -47.7722 
-4 -142.431 -31 24 -35.7679 -62.2568 -21.9753 -60.2513 
-10 -132.503 -28 23 -43.3017 -65.0406 -16.3805 -55.3487 
-10 -137.912 -30 23 -34.6921 -60.5423 -20.441 -60.9301 
-10 -136.789 -29 23 -38.2644 -63.0776 -17.7668 -55.3084 
-27 -123.381 -27 22 -44.1293 -59.1743 -19.6961 -48.4547 
-4 -141.058 -28 23 -39.5488 -60.7953 -15.6874 -51.7531 
-19 -133.139 -30 23 -35.5277 -61.9714 -19.7029 -57.907 
-10 -134.943 -28 23 -41.6008 -62.8912 -15.2819 -54.3761 
-4 -141.241 -29 23 -35.4519 -61.9714 -17.0737 -57.907 
-20 -131.661 -29 24 -39.2362 -60.9446 -17.5322 -55.7113 
-27 -125.821 -27 22 -42.4283 -57.0249 -18.5974 -47.4821 
-14 -134.314 -28 23 -40.8127 -59.6804 -19.0098 -50.3449 
-22 -125.405 -28 23 -44.3594 -63.0851 -19.7029 -52.984 
-10 -134.963 -28 23 -39.6108 -61.979 -17.0737 -55.5825 
-6 -140.028 -30 23 -38.4985 -63.0938 -19.0098 -56.9907 
-10 -138.632 -30 23 -38.3311 -61.7688 -19.7029 -55.2924 
-22 -129.033 -30 23 -38.9267 -60.5498 -23.0702 -58.6057 
-22 -127.91 -29 23 -42.4991 -63.0851 -20.3961 -52.984 
-37 -117.938 -26 22 -43.3334 -57.235 -17.0668 -47.7722 
-8 -145.118 -28 24 -32.2476 -54.9848 -16.9211 -48.818 
-10 -135.415 -28 24 -41.9039 -62.797 -17.5902 -51.9657 
-10 -133.855 -29 23 -41.5533 -65.8636 -17.0737 -57.6839 
-16 -132.362 -29 23 -39.6866 -61.979 -19.7029 -55.5825 
-14 -138.113 -30 24 -35.0773 -60.9371 -17.5322 -58.0358 
-16 -132.293 -27 23 -40.7369 -59.6804 -16.3805 -50.3449 
-12 -136.589 -29 23 -35.4519 -61.9715 -17.0737 -57.907 
-10 -133.531 -28 23 -43.0955 -64.1999 -16.3805 -54.3921 
-10 -134.537 -28 23 -40.1247 -63.0776 -17.0737 -55.3084 
-18 -133.082 -28 23 -38.9523 -59.8321 -15.9751 -52.4766 
-14 -132.726 -28 24 -41.2679 -62.2477 -18.6888 -52.9506 
-4 -139.118 -28 23 -41.5328 -61.6197 -19.0098 -51.0274 
-10 -136.036 -29 23 -41.2352 -64.1999 -17.0737 -54.3921 
-4 -141.792 -30 24 -35.6921 -62.2568 -19.346 -60.2513 
-27 -128.036 -29 22 -38.4904 -55.7983 -23.0634 -53.1198 
-20 -126.786 -28 23 -44.3594 -63.0851 -19.7029 -52.984 
-27 -122.742 -26 22 -44.0535 -59.1743 -17.0668 -48.4547 
-4 -140.488 -29 23 -38.4227 -63.0938 -16.3805 -56.9907 
-19 -132.5 -29 23 -35.4519 -61.9714 -17.0737 -57.907 
-4 -141.558 -28 23 -39.8318 -59.4703 -17.9112 -50.0548 
-20 -130.908 -29 24 -42.207 -62.067 -16.839 -54.7951 
-8 -145.337 -28 23 -31.626 -55.0185 -15.6874 -49.5066 
-8 -137.102 -30 24 -40.4407 -63.3629 -21.9753 -57.6527 
-20 -130.414 -30 23 -38.9267 -60.5498 -23.0702 -58.6057 
-20 -129.291 -29 23 -42.4991 -63.0851 -20.3961 -52.984 
-10 -138.056 -29 23 -34.7588 -61.3428 -17.0737 -58.8878 
-24 -127.71 -29 23 -39.6866 -61.979 -19.7029 -55.5825 
-10 -134.21 -28 23 -42.5816 -63.1014 -16.3805 -54.6662 
-37 -121.786 -28 23 -43.0346 -56.2006 -20.1546 -47.9011 
-22 -125.658 -28 23 -44.3594 -63.0851 -19.7029 -52.984 
-27 -125.182 -26 22 -42.3525 -57.0249 -15.9682 -47.4821 
-14 -133.744 -29 23 -39.6866 -61.979 -19.7029 -55.5825 
-28 -125.344 -29 23 -39.6866 -61.979 -19.7029 -55.5825 
-14 -133.675 -27 23 -40.7369 -59.6804 -16.3805 -50.3449 
-27 -125.088 -27 22 -43.4092 -57.235 -19.6961 -47.7722 
-22 -124.766 -27 23 -44.2836 -63.0851 -17.0737 -52.984 
-37 -117.185 -26 22 -46.3042 -58.3574 -16.3736 -46.8559 
-11 -139.139 -29 23 -36.6538 -59.6729 -19.0098 -52.6694 
-6 -139.389 -29 23 -38.4227 -63.0938 -16.3805 -56.9907 
-10 -137.993 -29 23 -38.2553 -61.7688 -17.0737 -55.2924 
-16 -132.912 -30 24 -39.9268 -62.2643 -21.9753 -57.9268 
-10 -139.769 -29 23 -36.6538 -59.6729 -19.0098 -52.6694 
-22 -128.394 -29 23 -38.851 -60.5498 -20.441 -58.6057 
-22 -127.271 -28 23 -42.4233 -63.0851 -17.7668 -52.984 
-10 -131.59 -28 23 -45.0795 -65.0243 -19.7029 -53.6664 
-14 -137.359 -30 24 -38.0481 -62.0594 -16.839 -57.1195 
-4 -143.732 -30 24 -36.894 -59.9582 -21.2821 -55.0136 
-31 -123.621 -29 23 -39.6866 -61.979 -19.7029 -55.5825 
-21 -129.177 -29 22 -37.8675 -62.0035 -19.969 -57.2353 
-10 -133.784 -28 23 -43.0955 -64.1999 -16.3805 -54.3921 
FEATURES_TXT_END_0
FEATURES_TXT_BEGIN_0 44 100 8 Distortion0_0 LM0_0 WordPenalty0_0 PhrasePenalty0_0 TranslationModel0_0 TranslationModel0_1 TranslationModel0_2 TranslationModel0_3 
-28 -257.439 -55 48 -95.7923 -122.868 -44.461 -104.361 
-28 -257.122 -55 48 -95.3868 -122.868 -45.8473 -104.361 
-28 -257.038 -54 47 -92.4446 -123.145 -41.2718 -105.814 
-28 -256.72 -54 47 -92.0392 -123.145 -42.6581 -105.814 
-28 -257.79 -53 47 -94.3165 -120.468 -41.2718 -100.219 
-28 -257.472 -53 47 -93.911 -120.468 -42.6581 -100.219 
-22 -265.26 -55 48 -93.3562 -119.817 -42.2638 -102.542 
-22 -264.858 -54 47 -90.0085 -120.094 -39.0745 -103.995 
-30 -255.643 -55 48 -96.9229 -125.615 -44.4472 -103.315 
-30 -255.325 -55 48 -96.5175 -125.615 -45.8335 -103.315 
-30 -255.242 -54 47 -93.5753 -125.892 -41.258 -104.768 
-28 -258.395 -56 49 -95.6457 -122.542 -46.8037 -107.682 
-28 -257.241 -55 48 -95.0137 -122.855 -46.4179 -105.344 
-28 -259.387 -55 48 -93.867 -121.301 -44.461 -104.659 
-30 -254.924 -54 47 -93.1698 -125.892 -42.6443 -104.768 
-22 -265.61 -53 47 -91.8803 -117.417 -39.0745 -98.4 
-28 -258.078 -56 49 -95.2402 -122.542 -48.1899 -107.682 
-28 -257.994 -55 48 -92.298 -122.819 -43.6144 -109.135 
-28 -256.84 -54 47 -91.666 -123.131 -43.2287 -106.797 
-28 -259.07 -55 48 -93.4615 -121.301 -45.8473 -104.659 
-28 -258.986 -54 47 -90.5194 -121.577 -41.2718 -106.113 
-28 -257.676 -55 48 -91.8926 -122.819 -45.0007 -109.135 
-30 -255.994 -53 47 -95.4471 -123.215 -41.258 -99.1733 
-28 -258.668 -54 47 -90.1139 -121.577 -42.6581 -106.113 
-28 -258.369 -55 48 -92.5502 -122.983 -43.7678 -107.963 
-30 -255.676 -53 47 -95.0416 -123.215 -42.6443 -99.1733 
-28 -258.746 -54 48 -94.1699 -120.142 -43.6144 -103.541 
-28 -257.559 -54 48 -95.8117 -122.868 -41.4046 -104.361 
-28 -258.051 -55 48 -92.1447 -122.983 -45.1541 -107.963 
-28 -257.592 -53 47 -93.5378 -120.454 -43.2287 -101.202 
-28 -259.738 -53 47 -92.3912 -118.901 -41.2718 -100.518 
-28 -258.57 -55 48 -94.5129 -122.051 -45.4116 -105.043 
-24 -263.464 -55 48 -94.4868 -122.564 -42.25 -101.496 
-28 -258.428 -54 48 -93.7644 -120.142 -45.0007 -103.541 
-28 -257.158 -53 47 -92.4641 -123.145 -38.2154 -105.814 
-22 -265.379 -55 48 -92.983 -119.803 -42.8344 -103.525 
-28 -259.42 -53 47 -91.9857 -118.901 -42.6581 -100.518 
-28 -258.252 -55 48 -94.1074 -122.051 -46.7979 -105.043 
-28 -258.168 -54 47 -91.1653 -122.328 -42.2224 -106.496 
-24 -263.062 -54 47 -91.1392 -122.841 -39.0608 -102.949 
-22 -266.216 -56 49 -93.2096 -119.491 -44.6064 -105.863 
-22 -264.978 -54 47 -89.6354 -120.08 -39.6452 -104.978 
-22 -267.208 -55 48 -91.4309 -118.249 -42.2638 -102.84 
-28 -257.85 -54 47 -90.7598 -122.328 -43.6087 -106.496 
-28 -260.788 -56 48 -93.0197 -121.804 -44.8664 -107.212 
-22 -265.814 -55 48 -89.8619 -119.767 -41.4172 -107.316 
-30 -256.599 -56 49 -96.7763 -125.289 -46.7899 -106.637 
-22 -266.806 -54 47 -88.0832 -118.526 -39.0745 -104.293 
-28 -257.91 -52 47 -94.3359 -120.468 -38.2154 -100.219 
-28 -260.47 -56 48 -92.6142 -121.804 -46.2527 -107.212 
-30 -255.445 -55 48 -96.1443 -125.602 -46.4041 -104.298 
-28 -260.386 -55 47 -89.6721 -122.081 -41.6772 -108.665 
-30 -257.591 -55 48 -94.9976 -124.048 -44.4472 -103.614 
-28 -258.92 -53 47 -93.0371 -119.651 -42.2224 -100.901 
-24 -263.814 -53 47 -93.011 -120.164 -39.0608 -97.3542 
-30 -256.281 -56 49 -96.3709 -125.289 -48.1762 -106.637 
-30 -256.198 -55 48 -93.4287 -125.566 -43.6007 -108.09 
-32 -256.791 -57 49 -93.8456 -120.284 -53.6204 -109.486 
-22 -266.189 -55 48 -90.1141 -119.932 -41.5706 -106.144 
-28 -260.069 -55 47 -89.2666 -122.081 -43.0635 -108.665 
-30 -255.044 -54 47 -92.7967 -125.878 -43.2149 -105.751 
-22 -265.73 -53 47 -91.5072 -117.403 -39.6452 -99.3831 
-28 -260.333 -56 49 -93.6698 -122.319 -46.9905 -106.459 
-30 -257.274 -55 48 -94.5922 -124.048 -45.8335 -103.614 
-30 -257.19 -54 47 -91.65 -124.324 -41.258 -105.067 
-28 -257.618 -54 48 -94.3635 -123.145 -41.922 -105.814 
-28 -258.259 -55 48 -95.4191 -122.855 -45.0316 -105.344 
-28 -258.603 -53 47 -92.6316 -119.651 -43.6087 -100.901 
-34 -255.928 -54 47 -90.5194 -121.577 -41.2718 -106.113 
-28 -261.662 -55 48 -91.8126 -120.124 -44.461 -103.755 
-28 -258.197 -56 49 -94.8671 -122.528 -48.7606 -108.665 
-38 -250.829 -54 48 -96.9424 -125.615 -41.3908 -103.315 
-28 -260.344 -56 49 -93.7204 -120.974 -46.8037 -107.981 
-30 -255.88 -55 48 -93.0232 -125.566 -44.9869 -108.09 
-22 -266.566 -54 48 -91.7337 -117.09 -41.4172 -101.721 
-32 -256.389 -56 48 -90.498 -120.561 -50.4312 -110.939 
-28 -259.189 -55 48 -93.0884 -121.287 -46.4179 -105.643 
-28 -259.931 -55 48 -90.3222 -122.596 -43.8013 -107.912 
-30 -256.872 -54 47 -91.2445 -124.324 -42.6443 -105.067 
-22 -267.558 -53 47 -89.955 -115.849 -39.0745 -98.6985 
-28 -257.3 -54 48 -93.958 -123.145 -43.3083 -105.814 
-28 -257.857 -54 47 -92.0715 -123.131 -41.8424 -106.797 
-34 -255.61 -54 47 -90.1139 -121.577 -42.6581 -106.113 
-22 -266.39 -55 48 -92.0768 -119 -43.2144 -103.224 
-28 -261.344 -55 48 -91.4071 -120.124 -45.8473 -103.755 
-28 -257.796 -55 48 -91.5194 -122.805 -45.5714 -110.119 
-30 -256.573 -55 48 -93.6808 -125.73 -43.754 -106.917 
-38 -250.427 -53 47 -93.5947 -125.892 -38.2016 -104.768 
-28 -260.026 -56 49 -93.3149 -120.974 -48.1899 -107.981 
-28 -262.619 -55 48 -93.3562 -119.817 -42.2638 -102.542 
-28 -259.942 -55 48 -90.3728 -121.251 -43.6144 -109.434 
-28 -261.139 -54 47 -91.5439 -119.404 -41.6772 -103.07 
-28 -258.788 -54 47 -89.7407 -121.564 -43.2287 -107.096 
-30 -256.95 -54 48 -95.3005 -122.889 -43.6007 -102.495 
-28 -261.261 -55 48 -94.3775 -120.306 -44.461 -102.369 
-30 -255.763 -54 48 -96.9424 -125.615 -41.3908 -103.315 
-22 -265.988 -54 47 -88.7291 -119.277 -40.0252 -104.677 
-34 -250.968 -56 49 -96.7349 -124.153 -52.7568 -110.623 
-30 -256.255 -55 48 -93.2754 -125.73 -45.1403 -106.917 
-28 -259.624 -55 48 -89.9673 -121.251 -45.0007 -109.434 
FEATURES_TXT_END_0
FEATURES_TXT_BEGIN_0 45 100 8 Distortion0_0 LM0_0 WordPenalty0_0 PhrasePenalty0_0 TranslationModel0_0 TranslationModel0_1 TranslationModel0_2 TranslationModel0_3 
-22 -241.715 -49 45 -63.646 -98.5412 -47.7702 -118.371 
-22 -238.147 -48 45 -65.7627 -101.54 -46.4529 -118.549 
-22 -241.928 -49 45 -62.3666 -97.7241 -48.7208 -119.053 
-22 -238.36 -48 45 -64.4833 -100.723 -47.4035 -119.231 
-22 -244.403 -50 45 -60.936 -98.5412 -49.0229 -118.371 
-22 -240.835 -49 45 -63.0527 -101.54 -47.7056 -118.549 
-22 -244.617 -50 45 -59.6566 -97.7241 -49.9735 -119.053 
-22 -241.049 -49 45 -61.7733 -100.723 -48.6562 -119.231 
-22 -243.208 -49 45 -62.8307 -97.527 -47.7564 -117.325 
-22 -239.64 -48 45 -64.9474 -100.526 -46.4391 -117.503 
-22 -243.422 -49 45 -61.5513 -96.71 -48.707 -118.007 
-22 -239.854 -48 45 -63.668 -99.7085 -47.3897 -118.185 
-22 -245.897 -50 45 -60.1208 -97.527 -49.0091 -117.325 
-22 -242.329 -49 45 -62.2374 -100.526 -47.6918 -117.503 
-22 -241.93 -49 45 -65.0206 -98.555 -47.9933 -117.388 
-22 -246.111 -50 45 -58.8414 -96.71 -49.9598 -118.007 
-22 -238.362 -48 45 -67.1373 -101.554 -46.676 -117.566 
-22 -242.543 -49 45 -60.958 -99.7085 -48.6424 -118.185 
-22 -242.144 -49 45 -63.7412 -97.7379 -48.9439 -118.07 
-22 -238.576 -48 45 -65.8579 -100.736 -47.6266 -118.248 
-22 -243.582 -50 45 -64.5214 -98.4974 -49.1565 -117.837 
-22 -240.014 -49 45 -66.6381 -101.496 -47.8391 -118.015 
-22 -243.795 -50 45 -63.242 -97.6804 -50.1071 -118.519 
-22 -244.619 -50 45 -62.3106 -98.555 -49.2461 -117.388 
-24 -241.102 -49 45 -63.646 -98.5412 -47.7702 -118.371 
-22 -240.227 -49 45 -65.3587 -100.679 -48.7898 -118.697 
-22 -241.051 -49 45 -64.4273 -101.554 -47.9288 -117.566 
-22 -244.833 -50 45 -61.0312 -97.7379 -50.1967 -118.07 
-24 -237.534 -48 45 -65.7627 -101.54 -46.4529 -118.549 
-24 -241.316 -49 45 -62.3666 -97.7241 -48.7208 -119.053 
-22 -241.265 -49 45 -63.1479 -100.736 -48.8794 -118.248 
-24 -237.748 -48 45 -64.4833 -100.723 -47.4035 -119.231 
-24 -243.791 -50 45 -60.936 -98.5412 -49.0229 -118.371 
-18 -243.86 -48 44 -64.3395 -99.9779 -44.0244 -116.384 
-24 -240.223 -49 45 -63.0527 -101.54 -47.7056 -118.549 
-24 -244.005 -50 45 -59.6566 -97.7241 -49.9735 -119.053 
-18 -240.292 -47 44 -66.4562 -102.976 -42.7071 -116.562 
-24 -240.437 -49 45 -61.7733 -100.723 -48.6562 -119.231 
-22 -239.629 -49 45 -64.598 -99.7715 -51.4077 -119.742 
-22 -243.424 -49 45 -64.2053 -97.5408 -47.9795 -116.342 
-18 -246.549 -49 44 -61.6296 -99.9779 -45.2771 -116.384 
-22 -236.061 -48 45 -66.7147 -102.77 -50.0904 -119.92 
-22 -239.856 -48 45 -66.322 -100.539 -46.6622 -116.52 
-18 -242.981 -48 44 -63.7462 -102.976 -43.9598 -116.562 
-22 -243.638 -49 45 -62.9259 -96.7237 -48.9301 -117.024 
-22 -240.07 -48 45 -65.0426 -99.7223 -47.6128 -117.202 
-22 -245.075 -50 45 -63.7062 -97.4833 -49.1427 -116.791 
-22 -242.317 -50 45 -61.888 -99.7715 -52.6605 -119.742 
-18 -243.87 -48 44 -65.6189 -100.795 -43.0738 -115.702 
-22 -241.507 -49 45 -65.8229 -100.482 -47.8254 -116.969 
-22 -245.289 -50 45 -62.4268 -96.6662 -50.0933 -117.473 
-22 -247.088 -50 45 -61.0229 -96.1581 -48.4633 -116.525 
-22 -246.113 -50 45 -61.4953 -97.5408 -49.2323 -116.342 
-26 -246.518 -49 45 -62.9253 -93.4348 -43.9863 -112.26 
-22 -238.75 -49 45 -64.0047 -102.77 -51.3432 -119.92 
-18 -240.302 -47 44 -67.7356 -103.793 -41.7564 -115.88 
-24 -242.596 -49 45 -62.8307 -97.527 -47.7564 -117.325 
-22 -242.713 -49 45 -62.897 -97.7501 -48.9558 -118.549 
-22 -241.721 -49 45 -64.5435 -99.6648 -48.776 -117.651 
-22 -243.52 -49 45 -63.1396 -99.1566 -47.146 -116.703 
-22 -242.545 -49 45 -63.612 -100.539 -47.915 -116.52 
-26 -242.95 -48 45 -65.042 -96.4334 -42.669 -112.437 
-22 -247.302 -50 45 -59.7435 -95.341 -49.4139 -117.207 
-22 -246.327 -50 45 -60.216 -96.7237 -50.1829 -117.024 
-26 -246.731 -49 45 -61.6459 -92.6177 -44.937 -112.941 
-24 -239.028 -48 45 -64.9474 -100.526 -46.4391 -117.503 
-22 -239.145 -48 45 -65.0137 -100.749 -47.6385 -118.727 
-24 -242.81 -49 45 -61.5513 -96.71 -48.707 -118.007 
-22 -242.927 -49 45 -61.6176 -96.933 -49.9064 -119.231 
-22 -243.734 -49 45 -61.8602 -98.3396 -48.0966 -117.385 
-22 -242.759 -49 45 -62.3326 -99.7223 -48.8656 -117.202 
-26 -243.163 -48 45 -63.7626 -95.6163 -43.6196 -113.119 
-24 -239.242 -48 45 -63.668 -99.7085 -47.3897 -118.185 
-22 -239.359 -48 45 -63.7343 -99.9316 -48.5891 -119.409 
-18 -246.559 -49 44 -62.909 -100.795 -44.3265 -115.702 
-22 -243.797 -50 45 -65.896 -98.5112 -49.3796 -116.854 
-22 -249.777 -51 45 -58.313 -96.1581 -49.7161 -116.525 
-26 -249.207 -50 45 -60.2153 -93.4348 -45.2391 -112.26 
-24 -250.122 -50 45 -62.1877 -93.4348 -43.9863 -112.26 
-18 -242.991 -48 44 -65.0256 -103.793 -43.0092 -115.88 
-22 -240.229 -49 45 -68.0127 -101.51 -48.0623 -117.032 
-24 -245.285 -50 45 -60.1208 -97.527 -49.0091 -117.325 
-22 -245.402 -50 45 -60.1871 -97.7501 -50.2085 -118.549 
-22 -244.011 -50 45 -64.6166 -97.6941 -50.3302 -117.536 
-22 -246.209 -50 45 -60.4296 -99.1566 -48.3988 -116.703 
-26 -245.639 -49 45 -62.332 -96.4334 -43.9218 -112.437 
-18 -245.354 -48 44 -63.5242 -98.9637 -44.0106 -115.338 
-22 -249.991 -51 45 -57.0336 -95.341 -50.6667 -117.207 
-24 -246.554 -49 45 -64.3044 -96.4334 -42.669 -112.437 
-26 -249.42 -50 45 -58.9359 -92.6177 -46.1897 -112.941 
-24 -250.336 -50 45 -60.9083 -92.6177 -44.937 -112.941 
-24 -241.717 -49 45 -62.2374 -100.526 -47.6918 -117.503 
-24 -241.318 -49 45 -65.0206 -98.555 -47.9933 -117.388 
-22 -241.834 -49 45 -62.3038 -100.749 -48.8912 -118.727 
-22 -240.443 -49 45 -66.7333 -100.693 -49.0129 -117.714 
-24 -245.498 -50 45 -58.8414 -96.71 -49.9598 -118.007 
-22 -245.616 -50 45 -58.9077 -96.933 -51.1592 -119.231 
-18 -241.786 -47 44 -65.6409 -101.962 -42.6933 -115.516 
-22 -246.423 -50 45 -59.1502 -98.3396 -49.3494 -117.385 
-26 -245.852 -49 45 -61.0526 -95.6163 -44.8724 -113.119 
FEATURES_TXT_END_0
FEATURES_TXT_BEGIN_0 46 100 8 Distortion0_0 LM0_0 WordPenalty0_0 PhrasePenalty0_0 TranslationModel0_0 TranslationModel0_1 TranslationModel0_2 TranslationModel0_3 
-6 -244.958 -35 35 -54.3194 -64.4412 -19.9315 -47.4921 
-6 -242.047 -35 35 -56.2441 -64.6006 -23.7381 -49.4772 
0 -248.221 -35 35 -55.1667 -65.2087 -19.9315 -47.7798 
0 -245.233 -34 34 -57.4181 -65.2407 -20.0218 -47.1081 
0 -249.468 -35 35 -54.97 -64.2279 -19.2383 -46.799 
-6 -242.122 -35 35 -58.1738 -67.4371 -21.3178 -47.8286 
-6 -245.949 -35 35 -54.97 -64.2279 -19.2383 -46.799 
0 -246.48 -34 34 -57.2214 -64.2599 -19.3286 -46.1272 
-6 -248.455 -36 36 -52.4567 -63.4933 -19.9761 -49.1467 
0 -245.309 -35 35 -57.0914 -65.3682 -23.7381 -49.7649 
0 -249.309 -35 35 -54.3194 -64.4412 -19.9315 -47.4921 
0 -242.321 -34 34 -59.3429 -65.4002 -23.8284 -49.0932 
0 -246.556 -35 35 -56.8947 -64.3873 -23.045 -48.7841 
-4 -244.232 -34 34 -57.2214 -64.2599 -19.3286 -46.1272 
-4 -247.348 -35 35 -54.97 -64.2279 -19.2383 -46.799 
-6 -239.21 -35 35 -60.0985 -67.5966 -25.1244 -49.8137 
0 -246.321 -34 34 -56.5708 -64.4732 -20.0218 -46.8204 
-6 -243.037 -35 35 -56.8947 -64.3873 -23.045 -48.7841 
0 -243.568 -34 34 -59.1461 -64.4193 -23.1353 -48.1124 
-6 -245.544 -36 36 -54.3814 -63.6527 -23.7828 -51.1319 
-4 -244.36 -34 34 -57.2214 -64.2599 -19.3286 -46.1272 
-4 -244.002 -34 34 -56.5708 -64.4732 -20.0218 -46.8204 
-6 -244.207 -35 35 -54.805 -65.2191 -21.0088 -49.42 
-8 -243.981 -35 35 -55.1667 -65.2087 -19.9315 -47.7798 
0 -246.397 -35 35 -56.2441 -64.6006 -23.7381 -49.4772 
-4 -241.321 -34 34 -59.1461 -64.4193 -23.1353 -48.1124 
0 -245.384 -35 35 -59.0211 -68.2047 -21.3178 -48.1163 
-4 -244.437 -35 35 -56.8947 -64.3873 -23.045 -48.7841 
0 -251.718 -36 36 -53.304 -64.2608 -19.9761 -49.4344 
0 -243.409 -34 34 -58.4956 -64.6327 -23.8284 -48.8055 
0 -242.396 -34 34 -61.2725 -68.2367 -21.4081 -47.4445 
0 -246.631 -35 35 -58.8244 -67.2238 -20.6246 -47.1354 
-4 -241.449 -34 34 -59.1461 -64.4193 -23.1353 -48.1124 
-4 -241.091 -34 34 -58.4956 -64.6327 -23.8284 -48.8055 
0 -248.73 -35 35 -55.5554 -64.2928 -20.0664 -48.7627 
0 -252.965 -36 36 -53.1073 -63.28 -19.283 -48.4536 
-10 -243.777 -35 35 -53.6636 -63.2935 -21.4356 -47.7263 
-6 -241.295 -35 35 -56.7297 -65.3785 -24.8155 -51.4051 
-6 -246.345 -35 35 -53.04 -63.6241 -20.8821 -48.1739 
-6 -243.112 -35 35 -58.8244 -67.2238 -20.6246 -47.1354 
0 -243.643 -34 34 -61.0758 -67.2559 -20.7149 -46.4637 
-8 -241.07 -35 35 -57.0914 -65.3682 -23.7381 -49.7649 
-6 -245.619 -36 36 -56.3111 -66.4892 -21.3624 -49.4832 
0 -242.472 -35 35 -60.9458 -68.3641 -25.1244 -50.1014 
-6 -249.446 -36 36 -53.1073 -63.28 -19.283 -48.4536 
0 -249.977 -35 35 -55.3587 -63.312 -19.3733 -47.7819 
0 -248.806 -36 36 -55.2287 -64.4203 -23.7828 -51.4195 
0 -246.472 -35 35 -58.1738 -67.4371 -21.3178 -47.8286 
0 -239.485 -34 34 -63.1972 -68.3961 -25.2147 -49.4297 
0 -243.72 -35 35 -60.7491 -67.3833 -24.4313 -49.1206 
-4 -241.396 -34 34 -61.0758 -67.2559 -20.7149 -46.4637 
0 -247.469 -35 35 -55.6523 -65.9866 -21.0088 -49.7077 
-4 -244.512 -35 35 -58.8244 -67.2238 -20.6246 -47.1354 
0 -252.806 -36 36 -52.4567 -63.4933 -19.9761 -49.1467 
0 -245.818 -35 35 -57.4802 -64.4523 -23.8731 -50.7478 
0 -250.053 -36 36 -55.032 -63.4394 -23.0896 -50.4387 
-4 -247.73 -35 35 -55.3587 -63.312 -19.3733 -47.7819 
0 -243.484 -34 34 -60.4252 -67.4692 -21.4081 -47.1569 
-6 -243.433 -35 35 -54.9648 -63.7836 -24.6888 -50.159 
-6 -240.201 -35 35 -60.7491 -67.3833 -24.4313 -49.1206 
0 -240.732 -34 34 -63.0005 -67.4153 -24.5216 -48.4488 
-4 -250.846 -36 36 -53.1073 -63.28 -19.283 -48.4536 
0 -244.481 -34 34 -57.9037 -66.0186 -21.0991 -49.0359 
-6 -242.707 -36 36 -58.2358 -66.6487 -25.1691 -51.4683 
0 -248.716 -35 35 -55.4556 -65.0058 -20.3157 -48.7268 
-4 -241.524 -34 34 -61.0758 -67.2559 -20.7149 -46.4637 
0 -249.818 -35 35 -54.7081 -63.5253 -20.0664 -48.475 
-6 -246.534 -36 36 -55.032 -63.4394 -23.0896 -50.4387 
0 -247.065 -35 35 -57.2834 -63.4715 -23.1799 -49.767 
-10 -244.075 -35 35 -54.3194 -64.4412 -19.9315 -47.4921 
-4 -241.166 -34 34 -60.4252 -67.4692 -21.4081 -47.1569 
-6 -241.37 -35 35 -58.6594 -68.215 -22.3951 -49.7565 
-4 -247.858 -35 35 -55.3587 -63.312 -19.3733 -47.7819 
-6 -245.197 -35 35 -55.4556 -65.0058 -20.3157 -48.7268 
-4 -247.499 -35 35 -54.7081 -63.5253 -20.0664 -48.475 
-8 -241.145 -35 35 -59.0211 -68.2047 -21.3178 -48.1163 
0 -245.728 -34 34 -57.707 -65.0378 -20.406 -48.0551 
0 -243.561 -35 35 -60.0985 -67.5966 -25.1244 -49.8137 
-4 -238.484 -34 34 -63.0005 -67.4153 -24.5216 -48.4488 
-4 -247.04 -35 35 -54.5109 -64.061 -21.4356 -48.014 
0 -244.558 -35 35 -57.577 -66.1461 -24.8155 -51.6928 
0 -249.607 -35 35 -53.8873 -64.3916 -20.8821 -48.4616 
-8 -247.479 -36 36 -53.304 -64.2608 -19.9761 -49.4344 
-4 -241.6 -35 35 -60.7491 -67.3833 -24.4313 -49.1206 
0 -249.894 -36 36 -54.3814 -63.6527 -23.7828 -51.1319 
-4 -244.818 -35 35 -57.2834 -63.4715 -23.1799 -49.767 
0 -248.881 -36 36 -57.1584 -67.2568 -21.3624 -49.7709 
0 -240.573 -34 34 -62.3499 -67.6286 -25.2147 -49.142 
0 -249.61 -35 35 -55.5722 -64.4872 -19.9315 -47.7798 
-10 -247.255 -36 36 -51.7362 -64.4091 -20.3658 -48.1638 
-4 -247.934 -36 36 -55.032 -63.4394 -23.0896 -50.4387 
0 -248.557 -35 35 -54.805 -65.2191 -21.0088 -49.42 
-4 -244.052 -34 34 -56.7623 -64.093 -21.5258 -47.3423 
0 -241.57 -34 34 -59.8284 -66.1781 -24.9058 -51.0211 
0 -246.619 -34 34 -56.1387 -64.4236 -20.9724 -47.7898 
-4 -248.287 -35 35 -54.3142 -63.0802 -20.7424 -47.0332 
0 -245.805 -35 35 -57.3803 -65.1652 -24.1224 -50.712 
0 -250.854 -35 35 -53.6906 -63.4108 -20.1889 -47.4807 
-4 -243.481 -34 34 -57.707 -65.0378 -20.406 -48.0551 
-4 -238.612 -34 34 -63.0005 -67.4153 -24.5216 -48.4488 
FEATURES_TXT_END_0
FEATURES_TXT_BEGIN_0 47 100 8 Distortion0_0 LM0_0 WordPenalty0_0 PhrasePenalty0_0 TranslationModel0_0 TranslationModel0_1 TranslationModel0_2 TranslationModel0_3 
-38 -366.593 -73 61 -92.5573 -128.372 -41.8505 -139.854 
-38 -367.002 -73 61 -91.2779 -127.555 -42.8011 -140.536 
-38 -366.137 -73 61 -92.9899 -129.121 -42.4657 -139.797 
-44 -365.353 -75 61 -91.9672 -127.642 -45.6572 -142.214 
-38 -366.084 -73 61 -92.8937 -130.825 -40.2411 -140.701 
-38 -366.316 -73 61 -91.6143 -130.008 -41.1917 -141.383 
-34 -369.412 -73 61 -92.5573 -128.372 -41.8505 -139.854 
-38 -365.49 -72 61 -93.2078 -128.372 -40.0588 -139.854 
-38 -366.546 -73 61 -91.7105 -128.303 -43.4163 -140.479 
-34 -369.484 -73 61 -92.5573 -128.372 -41.8505 -139.854 
-44 -365.763 -75 61 -90.6878 -126.825 -46.6078 -142.896 
-44 -364.897 -75 61 -92.3999 -128.39 -46.2724 -142.158 
-38 -365.628 -73 61 -93.3264 -131.573 -40.8563 -140.644 
-46 -363.205 -74 61 -89.3515 -128.838 -43.7964 -143.514 
-38 -365.86 -73 61 -92.047 -130.756 -41.8069 -141.326 
-44 -364.844 -75 61 -92.3037 -130.095 -44.0477 -143.062 
-46 -362.94 -73 61 -89.9923 -128.19 -41.8505 -141.24 
-40 -366.021 -73 61 -92.5573 -128.372 -41.8505 -139.854 
-34 -369.822 -73 61 -91.2779 -127.555 -42.8011 -140.536 
-44 -365.076 -75 61 -91.0243 -129.278 -44.9984 -143.744 
-34 -368.956 -73 61 -92.9899 -129.121 -42.4657 -139.797 
-38 -365.899 -72 61 -91.9285 -127.555 -41.0094 -140.536 
-40 -366.096 -73 61 -91.9015 -127.225 -43.3546 -140.088 
-38 -365.034 -72 61 -93.6405 -129.121 -40.6739 -139.797 
-34 -369.894 -73 61 -91.2779 -127.555 -42.8011 -140.536 
-34 -368.903 -73 61 -92.8937 -130.825 -40.2411 -140.701 
-42 -364.355 -74 61 -90.6855 -131.049 -41.8505 -145.449 
-40 -368.191 -75 61 -91.9672 -127.642 -45.6572 -142.214 
-44 -364.25 -74 61 -92.6178 -127.642 -43.8654 -142.214 
-38 -364.98 -72 61 -93.5443 -130.825 -38.4493 -140.701 
-40 -366.177 -73 61 -91.9015 -127.225 -43.3546 -140.088 
-34 -369.056 -73 61 -92.9899 -129.121 -42.4657 -139.797 
-44 -365.307 -75 61 -91.1205 -127.573 -47.223 -142.839 
-34 -369.136 -73 61 -91.6143 -130.008 -41.1917 -141.383 
-44 -365.828 -75 61 -91.9672 -127.642 -45.6572 -142.214 
-46 -363.614 -74 61 -88.0721 -128.021 -44.747 -144.196 
-38 -365.213 -72 61 -92.2649 -130.008 -39.3999 -141.383 
-34 -368.975 -73 61 -92.8937 -130.825 -40.2411 -140.701 
-46 -362.749 -74 61 -89.7842 -129.586 -44.4116 -143.458 
-46 -363.35 -73 61 -88.7129 -127.373 -42.8011 -141.922 
-38 -366.148 -72 61 -94.4443 -129.098 -40.2411 -137.039 
-44 -364.68 -74 61 -89.3515 -128.838 -43.7964 -143.514 
-34 -369.208 -73 61 -91.6143 -130.008 -41.1917 -141.383 
-44 -364.388 -75 61 -92.7363 -130.843 -44.6629 -143.005 
-46 -362.484 -73 61 -90.425 -128.938 -42.4657 -141.183 
-34 -369.868 -73 61 -91.9015 -127.225 -43.3546 -140.088 
-40 -366.43 -73 61 -91.2779 -127.555 -42.8011 -140.536 
-52 -361.965 -76 61 -88.7615 -128.108 -47.6031 -145.875 
-46 -362.695 -74 61 -89.688 -131.291 -42.187 -144.362 
-34 -368.309 -72 61 -93.2078 -128.372 -40.0588 -139.854 
-42 -367.121 -75 61 -91.9672 -127.642 -45.6572 -142.214 
-44 -364.415 -73 61 -89.9923 -128.19 -41.8505 -141.24 
-34 -369.901 -73 61 -91.9015 -127.225 -43.3546 -140.088 
-34 -369.366 -73 61 -91.7105 -128.303 -43.4163 -140.479 
-44 -364.62 -75 61 -91.457 -130.026 -45.6135 -143.687 
-40 -365.593 -73 61 -92.9899 -129.121 -42.4657 -139.797 
-40 -366.506 -73 61 -90.6221 -126.408 -44.3052 -140.77 
-52 -361.701 -75 61 -89.4023 -127.46 -45.6572 -143.601 
-38 -365.712 -72 62 -96.4795 -128.043 -42.2051 -136.363 
-38 -365.443 -72 61 -92.3611 -128.303 -41.6246 -140.479 
-46 -362.431 -73 61 -90.3288 -130.643 -40.2411 -142.087 
-46 -362.928 -74 61 -88.4086 -130.473 -43.1376 -145.044 
-30 -372.304 -73 61 -92.5573 -128.372 -41.8505 -139.854 
-40 -365.512 -73 61 -92.8937 -130.825 -40.2411 -140.701 
-34 -368.381 -72 61 -93.2078 -128.372 -40.0588 -139.854 
-38 -365.879 -72 61 -92.3749 -128.372 -41.1574 -139.854 
-38 -367.533 -73 61 -92.5573 -128.372 -41.8505 -139.854 
-40 -365.668 -73 61 -92.3341 -127.973 -43.9698 -140.031 
-42 -364.764 -74 61 -89.4061 -130.232 -42.8011 -146.13 
-46 -362.664 -73 61 -89.0494 -129.826 -41.1917 -142.769 
-56 -359.966 -74 62 -90.2818 -128.34 -41.4461 -140.526 
-34 -368.447 -73 61 -93.3264 -131.573 -40.8563 -140.644 
-40 -368.601 -75 61 -90.6878 -126.825 -46.6078 -142.896 
-42 -363.899 -74 61 -91.1181 -131.797 -42.4657 -145.392 
-44 -364.659 -74 61 -91.3384 -126.825 -44.816 -142.896 
-40 -365.744 -73 61 -91.6143 -130.008 -41.1917 -141.383 
-42 -366.024 -74 61 -89.3515 -128.838 -43.7964 -143.514 
-44 -363.794 -74 61 -93.0505 -128.39 -44.4806 -142.158 
-40 -365.587 -73 61 -92.238 -129.677 -41.7452 -140.935 
-40 -366.586 -73 61 -90.6221 -126.408 -44.3052 -140.77 
-38 -364.524 -72 61 -93.977 -131.573 -39.0645 -140.644 
-34 -369.466 -73 61 -91.7105 -128.303 -43.4163 -140.479 
-38 -367.293 -73 61 -90.36 -128.644 -41.8505 -142.493 
-40 -365.721 -73 61 -92.3341 -127.973 -43.9698 -140.031 
-46 -362.101 -73 61 -90.0021 -128.838 -42.0047 -143.514 
-44 -366.238 -75 61 -90.6878 -126.825 -46.6078 -142.896 
-40 -367.763 -75 61 -92.3999 -128.39 -46.2724 -142.158 
-34 -368.68 -73 61 -92.047 -130.756 -41.8069 -141.326 
-46 -363.158 -74 61 -88.5048 -128.769 -45.3622 -144.139 
-48 -363.115 -76 61 -90.0954 -130.319 -45.6572 -147.809 
-42 -365.76 -73 61 -89.9923 -128.19 -41.8505 -141.24 
-42 -363.846 -74 61 -91.0219 -133.502 -40.2411 -146.296 
-40 -365.82 -73 61 -90.9586 -128.86 -42.6958 -141.617 
-38 -364.757 -72 61 -92.6976 -130.756 -40.0151 -141.326 
-40 -367.682 -75 61 -92.3037 -130.095 -44.0477 -143.062 
-44 -363.741 -74 61 -92.9543 -130.095 -42.256 -143.062 
-44 -365.4 -75 61 -92.3999 -128.39 -46.2724 -142.158 
-46 -361.837 -72 61 -90.6429 -128.19 -40.0588 -141.24 
-42 -366.096 -74 61 -89.3515 -128.838 -43.7964 -143.514 
-38 -366.557 -72 61 -93.1649 -128.281 -41.1917 -137.721 
FEATURES_TXT_END_0
FEATURES_TXT_BEGIN_0 48 100 8 Distortion0_0 LM0_0 WordPenalty0_0 PhrasePenalty0_0 TranslationModel0_0 TranslationModel0_1 TranslationModel0_2 TranslationModel0_3 
-39 -157.785 -24 24 -25.2037 -37.9978 -12.6334 -39.0586 
-25 -170.699 -26 24 -26.4887 -37.2341 -13.6534 -36.7728 
-28 -168.01 -24 24 -22.8081 -34.0918 -11.9403 -37.6235 
-43 -156.316 -24 24 -25.2207 -37.7642 -11.9101 -38.3541 
-14 -180.924 -26 24 -24.0931 -33.3281 -12.9603 -35.3377 
-25 -169.761 -25 24 -26.9812 -37.2341 -11.2555 -36.7728 
-21 -172.24 -25 24 -26.2754 -37.2341 -11.9548 -36.7728 
-24 -172.995 -26 24 -24.7597 -36.2722 -13.9109 -36.0195 
-30 -165.624 -25 24 -28.1557 -40.0879 -11.643 -35.5155 
-30 -165.627 -25 24 -28.1557 -40.0879 -11.643 -35.5155 
-37 -161.98 -24 24 -25.4908 -37.0579 -10.2663 -36.2372 
-37 -162.17 -24 24 -24.2114 -36.2408 -11.2169 -36.919 
-14 -179.987 -25 24 -24.5856 -33.3281 -10.5624 -35.3377 
-38 -160.443 -24 24 -23.4746 -37.0359 -12.8909 -38.3053 
-10 -182.465 -25 24 -23.8799 -33.3281 -11.2616 -35.3377 
-23 -168.372 -24 24 -27.0242 -38.0476 -11.2959 -38.2387 
-24 -171.813 -25 24 -25.8258 -37.0893 -11.2616 -35.3377 
-21 -171.303 -24 24 -26.7679 -37.2341 -9.55686 -36.7728 
-31 -166.865 -24 24 -22.8081 -34.0918 -11.9403 -37.6235 
-39 -158.951 -25 24 -24.2693 -38.6154 -15.0313 -41.3329 
-43 -156.785 -24 24 -26.5001 -38.5813 -10.9595 -37.6723 
-24 -172.058 -25 24 -25.2521 -36.2722 -11.513 -36.0195 
-24 -173.884 -27 24 -22.8878 -36.7682 -15.7027 -39.1433 
-30 -164.687 -24 24 -28.6482 -40.0879 -9.24508 -35.5155 
-30 -164.689 -24 24 -28.6482 -40.0879 -9.24508 -35.5155 
-43 -155.55 -24 24 -25.0338 -38.9577 -13.0389 -39.8318 
-37 -163.059 -25 24 -22.3396 -36.7368 -13.0087 -40.0428 
-24 -174.222 -25 24 -23.8799 -33.3281 -11.2616 -35.3377 
-32 -167.56 -25 24 -24.8891 -34.8514 -11.9548 -36.7728 
-27 -169.702 -26 24 -25.7689 -37.7956 -14.604 -37.4546 
-20 -174.536 -25 24 -24.5464 -36.2722 -12.2122 -36.0195 
-39 -159.741 -25 25 -25.6694 -38.9257 -13.4489 -40.5035 
-21 -175.003 -26 24 -26.0391 -37.0893 -12.9603 -35.3377 
-21 -175.193 -26 24 -24.7597 -36.2722 -13.9109 -36.0195 
-28 -169.575 -25 24 -25.8258 -37.0893 -11.2616 -35.3377 
-25 -171.522 -26 24 -26.4887 -37.2341 -13.6534 -36.7728 
-38 -161.332 -25 24 -21.6028 -37.5319 -14.6827 -41.4291 
-39 -159.966 -24 24 -24.754 -37.853 -11.9403 -37.6235 
-25 -170.346 -25 24 -26.2754 -37.2341 -11.9548 -36.7728 
-17 -179.778 -26 24 -24.0931 -33.3281 -12.9603 -35.3377 
-25 -171.865 -27 24 -25.5544 -37.8517 -16.0513 -39.0471 
-12 -178.597 -24 24 -24.6286 -34.1417 -10.6028 -36.8036 
-28 -169.073 -24 24 -21.5287 -33.2747 -12.8909 -38.3053 
-27 -172.111 -26 24 -23.823 -34.0344 -14.604 -37.4546 
-10 -181.528 -24 24 -24.3723 -33.3281 -8.86371 -35.3377 
-28 -169.177 -25 24 -21.8738 -34.7095 -14.3382 -39.8978 
-27 -167.21 -24 24 -27.2199 -38.0198 -10.0088 -36.9905 
-29 -168.463 -26 24 -26.3188 -38.194 -14.0589 -37.546 
-35 -162.451 -24 24 -24.754 -37.853 -11.9403 -37.6235 
-24 -170.875 -24 24 -26.3182 -37.0893 -8.86371 -35.3377 
-35 -162.641 -24 24 -23.4746 -37.0359 -12.8909 -38.3053 
-43 -157.483 -25 24 -24.2864 -38.3819 -14.308 -40.6283 
-31 -167.726 -25 24 -20.9363 -34.5877 -13.7321 -40.7473 
-41 -157.785 -24 24 -25.2037 -37.9978 -12.6334 -39.0586 
-32 -165.775 -24 24 -22.6382 -35.0518 -12.3458 -38.3967 
-18 -177.904 -27 24 -26.1148 -37.0893 -15.5895 -35.3377 
-18 -177.906 -27 24 -26.1148 -37.0893 -15.5895 -35.3377 
-47 -154.081 -24 24 -25.0508 -38.7242 -12.3155 -39.1273 
-21 -170.525 -25 24 -28.6054 -40.2326 -12.3361 -36.9506 
-25 -172.655 -27 25 -26.9545 -38.162 -14.4689 -38.2177 
-24 -172.947 -26 24 -23.3803 -36.7682 -13.3048 -39.1433 
-28 -169.967 -25 25 -23.2739 -35.0197 -12.7557 -39.0684 
-43 -158.273 -25 25 -25.6865 -38.6921 -12.7255 -39.799 
-14 -181.747 -26 24 -24.0931 -33.3281 -12.9603 -35.3377 
-22 -170.668 -24 24 -25.2951 -37.0858 -11.5534 -37.4854 
-35 -164.861 -24 24 -22.8081 -34.0918 -11.9403 -37.6235 
-24 -173.285 -24 24 -24.3723 -33.3281 -8.86371 -35.3377 
-32 -166.623 -24 24 -25.3816 -34.8514 -9.55686 -36.7728 
-35 -165.051 -24 24 -21.5287 -33.2747 -12.8909 -38.3053 
-25 -172.88 -26 24 -26.0391 -37.0893 -12.9603 -35.3377 
-27 -168.765 -25 24 -26.2614 -37.7956 -12.2061 -37.4546 
-20 -173.599 -24 24 -25.0388 -36.2722 -9.81433 -36.0195 
-20 -175.426 -26 24 -22.6746 -36.7682 -14.004 -39.1433 
-21 -174.066 -25 24 -26.5315 -37.0893 -10.5624 -35.3377 
-21 -174.256 -25 24 -25.2521 -36.2722 -11.513 -36.0195 
-28 -168.638 -24 24 -26.3182 -37.0893 -8.86371 -35.3377 
-25 -170.585 -25 24 -26.9812 -37.2341 -11.2555 -36.7728 
-21 -176.083 -27 24 -22.8878 -36.7682 -15.7027 -39.1433 
-14 -181.986 -26 24 -22.8137 -32.511 -13.9109 -36.0195 
-14 -180.572 -25 24 -23.8799 -33.3281 -11.2616 -35.3377 
-32 -165.352 -25 24 -24.8298 -37.853 -14.5696 -37.6235 
-32 -165.355 -25 24 -24.8298 -37.853 -14.5696 -37.6235 
-33 -162.762 -24 24 -25.2037 -37.9978 -12.6334 -39.0586 
-14 -182.09 -27 24 -23.1588 -33.9458 -15.3582 -37.612 
-23 -171.243 -25 24 -25.5556 -37.7956 -12.9054 -37.4546 
-21 -174.281 -26 24 -26.4887 -37.2341 -13.6534 -36.7728 
-25 -169.409 -24 24 -26.7679 -37.2341 -9.55686 -36.7728 
-32 -166.758 -24 24 -22.8081 -34.0918 -11.9403 -37.6235 
-17 -180.64 -27 24 -22.2213 -33.824 -14.752 -38.4616 
-32 -166.761 -24 24 -22.8081 -34.0918 -11.9403 -37.6235 
-17 -176.544 -25 24 -25.8258 -37.0893 -11.2616 -35.3377 
-17 -176.735 -25 24 -24.5464 -36.2722 -12.2122 -36.0195 
-43 -156.799 -24 24 -25.2037 -37.9978 -12.6334 -39.0586 
-27 -170.699 -26 24 -26.4887 -37.2341 -13.6534 -36.7728 
-16 -177.435 -24 24 -24.8243 -34.1138 -9.3157 -35.5555 
-18 -178.689 -26 24 -23.9232 -34.2881 -13.3657 -36.1109 
-17 -178.841 -25 24 -24.5856 -33.3281 -10.5624 -35.3377 
-25 -170.928 -26 24 -26.0469 -37.8517 -13.6534 -39.0471 
-14 -179.126 -26 24 -24.7426 -36.5058 -14.6343 -36.724 
-27 -171.174 -25 24 -24.3155 -34.0344 -12.2061 -37.4546 
FEATURES_TXT_END_0
FEATURES_TXT_BEGIN_0 49 100 8 Distortion0_0 LM0_0 WordPenalty0_0 PhrasePenalty0_0 TranslationModel0_0 TranslationModel0_1 TranslationModel0_2 TranslationModel0_3 
-10 -210.692 -41 31 -53.4503 -76.6069 -25.267 -63.3533 
-10 -208.581 -39 30 -56.7559 -76.5455 -20.2649 -61.1511 
-10 -213.229 -40 31 -52.4133 -75.7654 -19.9289 -61.8795 
-10 -203.171 -39 29 -58.0829 -83.5968 -24.4696 -62.0292 
-10 -209.685 -41 31 -53.5771 -78.6784 -26.3656 -65.2967 
-6 -214.564 -42 31 -54.3666 -78.9711 -25.267 -64.5107 
-10 -212.168 -41 31 -52.1709 -75.7898 -26.2176 -64.035 
-10 -214.094 -43 32 -52.064 -77.0716 -28.7755 -66.4968 
-10 -207.527 -40 31 -56.0734 -78.99 -24.5739 -65.1995 
-10 -211.694 -40 31 -54.0911 -75.959 -23.3211 -61.079 
-10 -214.24 -43 32 -50.8356 -76.2805 -30.4429 -66.6747 
-10 -211.895 -41 31 -53.6 -76.588 -25.5373 -63.402 
-14 -209.245 -42 32 -56.8945 -77.1594 -27.6778 -64.1057 
-10 -214.242 -43 32 -51.5846 -77.0716 -29.2573 -66.4968 
-10 -211.684 -40 31 -53.4227 -76.6069 -21.7407 -63.3533 
-10 -211.281 -42 32 -55.6804 -77.9928 -28.0823 -65.5639 
-10 -210.089 -40 31 -54.1435 -76.6069 -25.267 -63.3533 
-10 -201.06 -37 28 -61.3885 -83.5354 -19.4675 -59.827 
-10 -207.574 -39 30 -56.8827 -78.617 -21.3635 -63.0945 
-10 -212.314 -42 31 -51.4026 -76.9965 -27.0588 -68.6956 
-10 -212.289 -41 30 -53.1431 -76.6069 -25.4443 -63.3533 
-6 -212.454 -40 30 -57.6722 -78.9097 -20.2649 -62.3085 
-10 -210.058 -39 30 -55.4765 -75.7284 -21.2155 -61.8328 
-10 -211.983 -41 31 -55.3696 -77.0102 -23.7733 -64.2946 
-10 -209.816 -41 31 -54.4024 -77.8372 -28.9046 -64.7238 
-10 -209.583 -38 30 -57.3967 -75.8976 -18.319 -58.8768 
-20 -206.419 -40 31 -54.0911 -75.959 -23.3211 -61.079 
-10 -212.129 -41 31 -54.1412 -76.2191 -25.4408 -64.4725 
-10 -209.784 -39 30 -56.9056 -76.5266 -20.5352 -61.1998 
-10 -213.245 -41 30 -51.3005 -76.3059 -26.3376 -62.646 
-14 -207.134 -40 31 -60.2001 -77.098 -22.6757 -61.9035 
-10 -205.708 -38 29 -57.0459 -82.7553 -19.1315 -60.5555 
-10 -212.132 -41 31 -54.8902 -77.0102 -24.2551 -64.2946 
-10 -212.222 -40 31 -52.5401 -77.8369 -21.0275 -63.823 
-10 -210.428 -41 32 -56.037 -79.6054 -26.5695 -63.5311 
-10 -202.164 -39 29 -58.2096 -85.6683 -25.5682 -63.9727 
-10 -216.411 -42 31 -50.2056 -72.5753 -28.6343 -63.3941 
-10 -211.057 -42 32 -54.2702 -77.8773 -29.6917 -67.4017 
-10 -211.601 -42 32 -53.774 -78.2615 -28.1877 -67.8629 
-6 -217.101 -41 31 -53.3296 -78.1296 -19.9289 -63.037 
-6 -207.043 -40 29 -58.9992 -85.961 -24.4696 -63.1867 
-10 -214.184 -42 32 -53.9203 -76.6069 -27.8869 -63.3533 
-6 -213.557 -42 31 -54.4934 -81.0426 -26.3656 -66.4542 
-10 -209.17 -40 31 -58.986 -77.9314 -23.0802 -63.3617 
-10 -207.664 -42 32 -55.3558 -80.8013 -31.1651 -70.8031 
-10 -214.706 -40 31 -51.1339 -74.9483 -20.8795 -62.5613 
-10 -216.631 -42 32 -51.027 -76.2301 -23.4373 -65.0231 
-18 -206.147 -39 31 -54.2176 -75.959 -22.7021 -61.079 
-10 -214.231 -39 31 -53.0541 -75.1175 -17.983 -59.6053 
-10 -206.572 -41 30 -56.6966 -84.0615 -27.978 -65.1727 
-10 -200.006 -38 29 -60.706 -85.9799 -23.7765 -63.8755 
-10 -207.979 -38 30 -57.4491 -76.5455 -20.2649 -61.1511 
-10 -211.161 -41 31 -52.2977 -77.8613 -27.3163 -65.9785 
-10 -206.52 -40 31 -56.2001 -81.0615 -25.6725 -67.143 
-10 -204.173 -38 29 -58.7237 -82.9489 -22.5237 -59.7549 
-10 -210.687 -40 31 -54.2179 -78.0305 -24.4197 -63.0224 
-14 -210.692 -41 31 -53.4503 -76.6069 -25.267 -63.3533 
-20 -206.212 -39 31 -54.0635 -75.959 -19.7948 -61.079 
-10 -216.777 -42 32 -49.7986 -75.439 -25.1048 -65.201 
-10 -214.432 -40 31 -52.563 -75.7465 -20.1992 -61.9283 
-18 -210.443 -43 32 -51.5846 -77.0716 -29.2573 -66.4968 
-10 -206.719 -41 30 -55.4682 -83.2705 -29.6455 -65.3506 
-10 -204.374 -39 29 -58.2326 -83.5779 -24.7399 -62.078 
-10 -210.888 -41 31 -53.7268 -78.6595 -26.6359 -65.3455 
-14 -211.782 -41 32 -55.8575 -76.3179 -22.3397 -62.632 
-14 -201.724 -40 30 -61.527 -84.1493 -26.8804 -62.7817 
-18 -203.04 -39 31 -56.2069 -78.3421 -24.5739 -62.9252 
-10 -216.78 -42 32 -50.5476 -76.2301 -23.9192 -65.0231 
-14 -208.238 -42 32 -57.0212 -79.2309 -28.7764 -66.0492 
-10 -210.203 -40 30 -54.7082 -76.9351 -22.0566 -66.4934 
-10 -206.721 -41 30 -56.2171 -84.0615 -28.4599 -65.1727 
-6 -216.041 -42 31 -53.0872 -78.154 -26.2176 -65.1925 
-6 -217.966 -44 32 -52.9803 -79.4358 -28.7755 -67.6542 
-10 -214.447 -43 32 -53.7688 -76.869 -29.2863 -66.7288 
-6 -211.399 -41 31 -56.9897 -81.3542 -24.5739 -66.3569 
-6 -215.566 -41 31 -55.0074 -78.3232 -23.3211 -62.2364 
-10 -215.57 -43 32 -50.7846 -76.2545 -29.7261 -67.1785 
-10 -209.003 -40 31 -54.794 -78.1729 -25.5245 -65.8813 
-10 -210.928 -42 32 -54.6871 -79.4547 -28.0823 -68.343 
-10 -213.17 -40 31 -52.8117 -75.1419 -24.2717 -61.7607 
-10 -215.095 -42 32 -52.7048 -76.4237 -26.8295 -64.2225 
-10 -208.529 -39 31 -56.7142 -78.3421 -22.628 -62.9252 
-6 -218.112 -44 32 -51.7519 -78.6448 -30.4429 -67.8321 
-6 -215.767 -42 31 -54.5163 -78.9522 -25.5373 -64.5595 
-10 -204.163 -38 29 -58.0553 -83.5968 -20.9433 -62.0292 
-10 -210.178 -39 29 -56.4487 -76.5455 -20.4421 -61.1511 
-10 -210.677 -40 31 -53.5495 -78.6784 -22.8393 -65.2967 
-10 -215.716 -43 32 -49.5562 -75.4635 -31.3935 -67.3565 
-10 -213.117 -43 32 -57.8108 -79.5236 -27.6778 -65.2632 
-10 -211.075 -42 32 -53.4587 -78.6637 -29.7498 -68.5209 
-10 -213.371 -41 31 -52.3206 -75.7709 -26.4879 -64.0838 
-10 -215.296 -43 32 -52.2137 -77.0527 -29.0457 -66.5456 
-10 -208.73 -40 31 -56.2231 -78.9711 -24.8442 -65.2483 
-10 -215.242 -42 32 -51.4764 -75.6327 -28.497 -64.4004 
-6 -218.115 -44 32 -52.5009 -79.4358 -29.2573 -67.6542 
-10 -212.897 -40 31 -54.2408 -75.9401 -23.5914 -61.1278 
-10 -207.705 -39 30 -57.708 -77.7758 -23.9025 -62.5216 
-10 -213.818 -41 32 -54.6433 -77.1513 -22.7442 -64.0902 
-14 -210.721 -42 32 -55.6151 -76.3423 -28.6284 -64.7875 
-14 -212.647 -44 33 -55.5082 -77.6241 -31.1863 -67.2493 
FEATURES_TXT_END_0
FEATURES_TXT_BEGIN_0 50 100 8 Distortion0_0 LM0_0 WordPenalty0_0 PhrasePenalty0_0 TranslationModel0_0 TranslationModel0_1 TranslationModel0_2 TranslationModel0_3 
-57 -278.757 -64 56 -84.4425 -111.841 -58.7735 -127.968 
-57 -278.437 -63 56 -83.5105 -111.841 -56.0009 -127.968 
-51 -284.103 -64 56 -82.2414 -110.58 -58.9558 -127.939 
-51 -278.191 -63 55 -87.3995 -112.621 -61.2939 -127.239 
-51 -285.261 -64 56 -81.1577 -109.735 -58.6194 -127.372 
-61 -271.011 -64 56 -89.8409 -113.699 -63.4957 -130.886 
-51 -283.783 -63 56 -81.3093 -110.58 -56.1833 -127.939 
-51 -286.201 -64 56 -80.7057 -108.949 -58.1674 -127.155 
-51 -277.87 -62 55 -86.4674 -112.621 -58.5214 -127.239 
-51 -284.941 -63 56 -80.2257 -109.735 -55.8468 -127.372 
-53 -280.741 -63 57 -85.1578 -112.658 -56.5844 -127.286 
-47 -287.285 -64 56 -82.7522 -111.504 -57.1641 -126.983 
-47 -288.443 -64 56 -81.6685 -110.659 -56.8276 -126.417 
-51 -284.157 -64 56 -84.8804 -110.383 -58.2627 -126.84 
-61 -273.192 -64 56 -88.8315 -112.857 -61.6839 -129.413 
-57 -280.474 -65 56 -84.7992 -111.841 -60.9707 -127.968 
-57 -279.034 -64 56 -84.9388 -111.457 -60.2776 -127.507 
-51 -285.315 -64 56 -83.7968 -109.538 -57.9262 -126.274 
-51 -284.967 -64 56 -82.7522 -111.504 -57.1641 -126.983 
-51 -286.125 -64 56 -81.6685 -110.659 -56.8276 -126.417 
-51 -285.435 -64 56 -82.2414 -109.157 -58.9558 -126.983 
-61 -270.691 -63 56 -88.9089 -113.699 -60.7231 -130.886 
-61 -272.429 -64 56 -87.2019 -112.473 -64.1888 -131.029 
-57 -279.031 -64 57 -86.0898 -112.658 -59.357 -127.286 
-57 -280.753 -65 56 -83.8402 -111.841 -61.4407 -127.968 
-51 -285.881 -63 56 -79.7737 -108.949 -55.3948 -127.155 
-51 -286.593 -64 56 -81.1577 -108.313 -58.6194 -126.417 
-51 -285.853 -64 55 -80.9502 -110.027 -56.4281 -128.039 
-45 -283.536 -63 55 -85.1983 -111.36 -61.4763 -127.21 
-61 -278.383 -64 56 -83.6272 -110.827 -58.7597 -126.922 
-47 -286.965 -63 56 -81.8202 -111.504 -54.3915 -126.983 
-47 -289.383 -64 56 -81.2165 -109.874 -56.3756 -126.199 
-45 -284.694 -63 55 -84.1147 -110.515 -61.1398 -126.644 
-47 -288.123 -63 56 -80.7365 -110.659 -54.055 -126.417 
-57 -280.046 -64 56 -85.0785 -112.391 -57.6749 -126.983 
-51 -283.837 -63 56 -83.9484 -110.383 -55.4901 -126.84 
-61 -272.871 -63 56 -87.8995 -112.857 -58.9113 -129.413 
-57 -280.154 -64 56 -83.8671 -111.841 -58.1982 -127.968 
-57 -278.714 -63 56 -84.0067 -111.457 -57.505 -127.507 
-51 -286.255 -64 56 -83.3448 -108.752 -57.4742 -126.056 
-61 -274.61 -64 56 -86.1925 -111.632 -62.377 -129.556 
-51 -284.995 -63 56 -82.8647 -109.538 -55.1536 -126.274 
-51 -284.647 -63 56 -81.8202 -111.504 -54.3915 -126.983 
-51 -287.065 -64 56 -81.2165 -109.874 -56.3756 -126.199 
-53 -278.026 -63 57 -87.355 -115.469 -57.683 -128.79 
-59 -277.471 -63 57 -85.1578 -112.658 -56.5844 -127.286 
-51 -285.805 -63 56 -80.7365 -110.659 -54.055 -126.417 
-57 -280.91 -64 56 -83.6272 -110.827 -58.7597 -126.922 
-51 -285.115 -63 56 -81.3093 -109.157 -56.1833 -126.983 
-51 -287.533 -64 56 -80.7057 -107.527 -58.1674 -126.199 
-61 -272.109 -63 56 -86.2698 -112.473 -61.4162 -131.029 
-57 -278.711 -63 57 -85.1578 -112.658 -56.5844 -127.286 
-57 -280.433 -64 56 -82.9081 -111.841 -58.6682 -127.968 
-51 -286.273 -63 56 -80.2257 -108.313 -55.8468 -126.417 
-55 -270.445 -63 55 -92.7979 -114.479 -66.0161 -130.158 
-51 -285.533 -63 55 -80.0182 -110.027 -53.6556 -128.039 
-45 -283.216 -62 55 -84.2663 -111.36 -58.7037 -127.21 
-53 -281.706 -63 56 -83.5105 -111.841 -56.0009 -127.968 
-61 -278.063 -63 56 -82.6952 -110.827 -55.9871 -126.922 
-45 -285.634 -63 55 -83.6627 -109.729 -60.6878 -126.426 
-47 -286.087 -63 57 -82.9567 -111.397 -56.7667 -127.257 
-47 -289.063 -63 56 -80.2845 -109.874 -53.603 -126.199 
-45 -284.374 -62 55 -83.1826 -110.515 -58.3672 -126.644 
-47 -280.174 -62 56 -88.1147 -113.438 -59.1048 -126.558 
-47 -287.245 -63 57 -81.873 -110.552 -56.4302 -126.691 
-47 -289.035 -64 55 -81.4611 -110.952 -54.6364 -127.083 
-41 -286.718 -63 55 -85.7092 -112.284 -59.6845 -126.255 
-57 -279.725 -63 56 -84.1465 -112.391 -54.9023 -126.983 
-51 -285.935 -63 56 -82.4127 -108.752 -54.7017 -126.056 
-61 -274.29 -63 56 -85.2604 -111.632 -59.6045 -129.556 
-41 -287.876 -63 55 -84.6255 -111.439 -59.348 -125.688 
-57 -280.505 -65 56 -84.2632 -111.841 -62.4724 -127.968 
-51 -285.82 -65 56 -82.5981 -110.58 -61.1531 -127.939 
-51 -284.38 -64 56 -82.7377 -110.196 -60.4599 -127.478 
-51 -286.745 -63 56 -80.2845 -109.874 -53.603 -126.199 
-51 -285.907 -64 55 -83.5893 -109.83 -55.735 -126.94 
-45 -283.59 -63 55 -87.8374 -111.163 -60.7831 -126.112 
-55 -272.625 -63 55 -91.7885 -113.637 -64.2043 -128.684 
-51 -279.908 -64 55 -87.7561 -112.621 -63.4912 -127.239 
-51 -278.467 -63 55 -87.8957 -112.237 -62.798 -126.778 
-51 -286.978 -65 56 -81.5144 -109.735 -60.8166 -127.372 
-51 -285.538 -64 56 -81.654 -109.351 -60.1234 -126.911 
-57 -280.59 -63 56 -82.6952 -110.827 -55.9871 -126.922 
-51 -286.717 -64 55 -81.4611 -110.952 -54.6364 -127.083 
-51 -287.212 -63 56 -79.7737 -107.527 -55.3948 -126.199 
-45 -284.748 -63 55 -86.7537 -110.318 -60.4466 -125.545 
-45 -284.401 -63 55 -85.7092 -112.284 -59.6845 -126.255 
-45 -285.559 -63 55 -84.6255 -111.439 -59.348 -125.688 
-51 -284.377 -64 57 -83.8887 -111.397 -59.5393 -127.257 
-51 -286.099 -65 56 -81.639 -110.58 -61.6231 -127.939 
-51 -287.185 -64 55 -80.9502 -108.605 -56.4281 -127.083 
-45 -284.868 -63 55 -85.1983 -109.938 -61.4763 -126.255 
-55 -270.124 -62 55 -91.8659 -114.479 -63.2435 -130.158 
-57 -274.928 -64 56 -87.8654 -116.533 -59.9775 -131.366 
-57 -272.995 -63 57 -90.5562 -114.516 -61.3065 -130.204 
-55 -271.863 -63 55 -90.1588 -113.254 -66.7092 -130.301 
-51 -278.464 -63 56 -89.0468 -113.438 -61.8774 -126.558 
-51 -280.186 -64 55 -86.7971 -112.621 -63.9612 -127.239 
-45 -285.314 -62 55 -82.7306 -109.729 -57.9152 -126.426 
-51 -285.288 -64 56 -81.5995 -109.246 -59.8721 -128.15 
FEATURES_TXT_END_0
FEATURES_TXT_BEGIN_0 51 100 8 Distortion0_0 LM0_0 WordPenalty0_0 PhrasePenalty0_0 TranslationModel0_0 TranslationModel0_1 TranslationModel0_2 TranslationModel0_3 
-19 -102.564 -24 20 -24.7636 -40.3018 -23.7891 -52.2813 
-19 -105.35 -24 20 -22.913 -39.4902 -22.1377 -51.0034 
-19 -101.435 -24 20 -24.8237 -41.2114 -25.7274 -53.5806 
-9 -113.105 -25 20 -22.4168 -39.8744 -22.4253 -51.4646 
-23 -93.877 -23 19 -29.1266 -47.0427 -23.8956 -52.238 
-19 -104.797 -24 20 -23.3773 -38.6214 -23.0959 -52.1142 
-23 -92.5003 -23 20 -26.9239 -49.3065 -25.4251 -55.612 
-19 -103.756 -24 20 -24.0704 -39.2247 -23.7891 -53.2929 
-19 -104.221 -24 20 -22.9732 -40.3998 -24.076 -52.3027 
-9 -111.977 -25 20 -22.4769 -40.784 -24.3637 -52.7639 
-23 -92.7485 -23 19 -29.1868 -47.9523 -25.834 -53.5373 
-17 -104.852 -24 20 -25.5948 -42.9037 -21.039 -51.87 
-19 -107.582 -24 20 -21.5267 -37.8099 -21.4445 -50.8364 
-19 -103.668 -24 20 -23.4374 -39.531 -25.0343 -53.4135 
-9 -115.338 -25 20 -21.0305 -38.194 -21.7322 -51.2975 
-23 -96.1096 -23 19 -27.7403 -45.3623 -23.2025 -52.0709 
-23 -91.3718 -23 20 -26.9841 -50.2161 -27.3635 -56.9113 
-19 -106.542 -24 20 -22.2199 -38.4132 -22.1377 -52.015 
-19 -102.627 -24 20 -24.1306 -40.1343 -25.7274 -54.5922 
-9 -114.297 -25 20 -21.7236 -38.7973 -22.4253 -52.4762 
-23 -94.7329 -23 20 -25.5377 -47.6261 -24.732 -55.445 
-23 -95.0687 -23 19 -28.4335 -45.9656 -23.8956 -53.2496 
-23 -98.2336 -24 19 -25.9486 -44.6593 -24.5888 -53.6243 
-9 -111.86 -25 20 -24.2673 -40.6859 -24.0767 -52.7424 
-21 -105.217 -24 20 -22.913 -39.4902 -22.1377 -51.0034 
-19 -105.453 -23 19 -24.8348 -39.4096 -19.4717 -48.3211 
-23 -93.692 -23 20 -26.2308 -48.2294 -25.4251 -56.6236 
-17 -103.724 -24 20 -25.655 -43.8133 -22.9774 -53.1693 
-23 -96.8569 -24 20 -23.7459 -46.9231 -26.1183 -56.9983 
-19 -106.454 -24 20 -21.5869 -38.7195 -23.3829 -52.1357 
-9 -114.209 -25 20 -21.0906 -39.1036 -23.6706 -52.5968 
-23 -94.9812 -23 19 -27.8005 -46.2719 -25.1409 -53.3702 
-19 -105.647 -25 20 -24.9768 -40.3018 -25.4877 -52.2813 
-17 -107.085 -24 20 -24.2085 -41.2233 -20.3459 -51.703 
-15 -106.372 -24 19 -24.098 -43.2018 -23.6305 -50.5547 
-27 -96.7903 -24 20 -28.8494 -44.2186 -23.7945 -51.654 
-19 -105.413 -24 20 -22.2801 -39.3228 -24.076 -53.3143 
-9 -113.168 -25 20 -21.7838 -39.7069 -24.3637 -53.7755 
-23 -93.6045 -23 20 -25.5978 -48.5357 -26.6704 -56.7443 
-23 -93.9403 -23 19 -28.4936 -46.8752 -25.834 -54.5489 
-23 -106.112 -25 21 -24.4863 -37.4777 -23.6879 -51.6973 
-17 -106.044 -24 20 -24.9017 -41.8266 -21.039 -52.8816 
-23 -97.1052 -24 19 -26.0087 -45.5689 -26.5272 -54.9236 
-9 -110.732 -25 20 -24.3275 -41.5955 -26.0151 -54.0417 
-23 -93.3963 -23 20 -28.9608 -49.4918 -25.4251 -54.5134 
-15 -104.995 -24 20 -21.8954 -45.4656 -25.16 -53.9287 
-17 -109.209 -25 20 -22.4168 -40.5203 -21.7322 -53.2563 
-21 -104.089 -24 20 -22.9732 -40.3998 -24.076 -52.3027 
-19 -104.325 -23 19 -24.895 -40.3192 -21.41 -49.6204 
-23 -100.466 -24 19 -24.5623 -42.9789 -23.8956 -53.4572 
-9 -114.093 -25 20 -22.881 -39.0056 -23.3836 -52.5754 
-17 -103.646 -24 20 -27.4453 -43.7152 -22.6904 -53.1479 
-9 -112.481 -24 20 -23.1544 -39.8744 -22.4253 -51.4646 
-23 -92.5636 -23 20 -26.291 -49.139 -27.3635 -57.9229 
-21 -107.45 -24 20 -21.5267 -37.8099 -21.4445 -50.8364 
-23 -95.7285 -24 20 -23.8061 -47.8327 -28.0566 -58.2976 
-19 -107.686 -23 19 -23.4485 -37.7293 -18.7785 -48.154 
-23 -97.8754 -23 19 -27.2761 -46.2311 -22.2442 -50.9601 
-19 -104.354 -24 20 -24.8363 -40.3354 -24.4822 -52.9699 
-13 -116.452 -26 21 -22.1395 -37.0503 -22.3242 -50.8806 
-19 -108.432 -25 20 -23.1263 -39.4902 -23.8363 -51.0034 
-19 -104.518 -25 20 -25.037 -41.2114 -27.4261 -53.5806 
-17 -105.956 -24 20 -24.2687 -42.1329 -22.2843 -53.0023 
-9 -113.676 -24 20 -22.4168 -39.8744 -20.6336 -51.4646 
-23 -99.0896 -24 20 -22.3596 -45.2427 -25.4251 -56.8313 
-23 -99.4254 -24 19 -25.2554 -43.5822 -24.5888 -54.6359 
-9 -113.052 -25 20 -23.5741 -39.6088 -24.0767 -53.754 
-15 -108.932 -25 19 -23.1671 -43.5189 -21.2634 -53.4341 
-15 -105.243 -24 19 -24.1582 -44.1114 -25.5689 -51.854 
-21 -106.409 -24 20 -22.2199 -38.4132 -22.1377 -52.015 
-19 -107.879 -25 20 -23.5905 -38.6214 -24.7946 -52.1142 
-27 -95.6619 -24 20 -28.9095 -45.1282 -25.7328 -52.9533 
-17 -102.141 -24 20 -27.4453 -46.7123 -23.3836 -53.9952 
-19 -106.645 -23 19 -24.1417 -38.3326 -19.4717 -49.3327 
-23 -96.4987 -23 20 -25.0734 -48.4949 -23.7737 -54.3342 
-23 -108.898 -25 21 -22.6358 -36.6662 -22.0365 -50.4194 
-23 -104.984 -25 21 -24.5465 -38.3873 -25.6262 -52.9966 
-15 -108.604 -24 19 -22.7117 -41.5215 -22.9374 -50.3876 
-15 -112.109 -26 20 -22.63 -40.5203 -23.4309 -53.2563 
-17 -104.916 -24 20 -24.9618 -42.7362 -22.9774 -54.1809 
-27 -99.023 -24 20 -27.4631 -42.5383 -23.1013 -51.4869 
-23 -98.0487 -24 20 -23.0527 -45.846 -26.1183 -58.0099 
-19 -104.208 -23 19 -26.6854 -40.2211 -21.1231 -49.5989 
-21 -104.01 -24 20 -24.7636 -40.3018 -23.7891 -52.2813 
-27 -94.066 -23 20 -30.1026 -44.8488 -22.5161 -54.5779 
-23 -97.9873 -24 20 -24.8073 -46.3079 -26.7424 -55.4342 
-23 -92.2679 -23 20 -29.021 -50.4014 -27.3635 -55.8127 
-23 -108.345 -25 21 -23.1 -35.7974 -22.9947 -51.5302 
-15 -103.867 -24 20 -21.9555 -46.3752 -27.0984 -55.228 
-17 -108.08 -25 20 -22.4769 -41.4299 -23.6705 -54.5556 
-9 -114.673 -25 20 -22.4895 -39.908 -23.1185 -52.1532 
-21 -107.56 -25 20 -23.1263 -39.4902 -23.8363 -51.0034 
-19 -106.838 -25 20 -24.2837 -39.2247 -25.4877 -53.2929 
-23 -99.3379 -24 19 -24.6224 -43.8885 -25.834 -54.7565 
-9 -112.964 -25 20 -22.9412 -39.9152 -25.322 -53.8747 
-17 -102.517 -24 20 -27.5055 -44.6248 -24.6288 -54.4472 
-9 -111.352 -24 20 -23.2145 -40.784 -24.3637 -52.7639 
-19 -105.208 -25 20 -25.782 -43.3162 -23.7512 -53.6661 
-23 -95.629 -23 20 -27.5745 -47.8115 -24.732 -54.3464 
-9 -111.263 -24 20 -25.5948 -42.9037 -21.039 -51.87 
FEATURES_TXT_END_0
FEATURES_TXT_BEGIN_0 52 100 8 Distortion0_0 LM0_0 WordPenalty0_0 PhrasePenalty0_0 TranslationModel0_0 TranslationModel0_1 TranslationModel0_2 TranslationModel0_3 
-25 -175.675 -39 31 -44.6803 -59.6154 -37.1887 -67.4971 
-21 -184.781 -41 31 -41.5063 -54.8758 -41.8137 -64.118 
-25 -185.333 -40 31 -39.8063 -53.647 -35.5793 -60.9735 
-21 -194.44 -42 31 -36.6324 -48.9073 -40.2042 -57.5944 
-25 -171.053 -38 31 -47.4644 -61.3507 -40.0219 -67.069 
-21 -186.719 -42 31 -39.8637 -54.714 -42.0501 -66.2673 
-25 -180.711 -39 31 -42.5905 -55.3822 -38.4125 -60.5455 
-25 -174.735 -38 31 -46.4935 -59.7772 -35.3429 -65.3478 
-21 -180.094 -40 31 -44.6358 -59.6154 -37.8818 -67.4971 
-21 -196.378 -43 31 -34.9898 -48.7456 -40.4406 -59.7437 
-21 -183.842 -40 31 -43.3196 -55.0376 -39.9678 -61.9687 
-17 -189.2 -42 31 -41.4619 -54.8758 -42.5068 -64.118 
-25 -184.394 -39 31 -41.6196 -53.8087 -33.7334 -58.8242 
-27 -175.552 -39 31 -40.1951 -57.1423 -39.6223 -70.1843 
-21 -189.752 -41 31 -39.7619 -53.647 -36.2724 -60.9735 
-21 -193.5 -41 31 -38.4457 -49.0691 -38.3584 -55.4451 
-35 -176.981 -39 31 -40.995 -54.4885 -33.6922 -62.4473 
-17 -198.859 -43 31 -36.588 -48.9073 -40.8974 -57.5944 
-25 -173.712 -39 31 -46.158 -59.3145 -40.8263 -68.578 
-25 -170.113 -37 31 -49.2777 -61.5124 -38.1761 -64.9197 
-27 -185.21 -40 31 -35.3211 -51.1738 -38.0129 -63.6607 
-21 -175.472 -39 31 -47.42 -61.3507 -40.715 -67.0691 
-21 -185.78 -41 31 -41.677 -54.8758 -40.2042 -64.118 
-25 -183.371 -40 31 -41.2841 -53.346 -39.2168 -62.0545 
-25 -179.772 -38 31 -44.4038 -55.544 -36.5666 -58.3962 
-25 -174.289 -38 30 -46.7318 -59.1507 -37.4032 -64.3536 
-17 -191.138 -43 31 -39.8193 -54.714 -42.7432 -66.2673 
-21 -185.13 -40 31 -42.5461 -55.3822 -39.1056 -60.5455 
-21 -183.395 -40 30 -43.5579 -54.411 -42.0282 -60.9745 
-21 -195.438 -42 31 -36.8031 -48.9073 -38.5948 -57.5944 
-25 -183.948 -39 30 -41.8579 -53.1822 -35.7938 -57.83 
-17 -200.797 -44 31 -34.9454 -48.7456 -41.1338 -59.7437 
-15 -191.839 -43 31 -39.6486 -54.714 -44.3526 -66.2673 
-21 -193.054 -41 30 -38.684 -48.4426 -40.4187 -54.4509 
-27 -174.612 -38 31 -42.0083 -57.3041 -37.7765 -68.035 
-35 -176.042 -38 31 -42.8083 -54.6502 -31.8464 -60.2979 
-23 -179.971 -40 31 -40.1506 -57.1423 -40.3155 -70.1843 
-25 -169.667 -37 30 -49.516 -60.8859 -40.2364 -63.9255 
-15 -201.497 -44 31 -34.7747 -48.7456 -42.7432 -59.7437 
-31 -181.4 -40 31 -40.9506 -54.4885 -34.3853 -62.4473 
-25 -172.772 -38 31 -47.9712 -59.4762 -38.9804 -66.4287 
-22 -179.864 -40 31 -44.6358 -59.6154 -37.8818 -67.4971 
-27 -184.271 -39 31 -37.1344 -51.3356 -36.167 -61.5114 
-21 -178.131 -40 31 -46.1135 -59.3145 -41.5194 -68.578 
-21 -185.334 -41 30 -41.9153 -54.2493 -42.2646 -63.1238 
-18 -188.97 -42 31 -41.4619 -54.8758 -42.5068 -64.118 
-23 -189.629 -41 31 -35.2767 -51.1738 -38.706 -63.6608 
-25 -173.909 -37 30 -46.9111 -59.1507 -33.7044 -64.3536 
-25 -179.326 -38 30 -44.6421 -54.9175 -38.627 -57.402 
-25 -182.431 -39 31 -43.0973 -53.5078 -37.371 -59.9052 
-22 -189.522 -41 31 -39.7619 -53.647 -36.2724 -60.9735 
-21 -183.016 -39 30 -43.7372 -54.411 -38.3293 -60.9745 
-25 -173.349 -37 30 -48.5451 -59.3125 -35.5574 -62.2043 
-21 -187.789 -41 31 -41.2396 -53.346 -39.91 -62.0545 
-21 -178.708 -39 30 -46.6874 -59.1507 -38.0963 -64.3536 
-21 -194.992 -42 30 -37.0414 -48.2808 -40.6551 -56.6002 
-18 -198.629 -43 31 -36.588 -48.9073 -40.8974 -57.5944 
-25 -183.568 -38 30 -42.0372 -53.1822 -32.0949 -57.83 
-21 -182.456 -39 30 -45.3712 -54.5728 -40.1823 -58.8252 
-29 -182.797 -42 31 -39.7026 -55.3619 -38.5237 -68.5416 
-27 -181.924 -41 31 -41.5063 -54.8758 -41.8137 -64.118 
-17 -187.814 -41 30 -43.5135 -54.411 -42.7213 -60.9745 
-22 -175.242 -39 31 -47.42 -61.3507 -40.715 -67.0691 
-21 -192.674 -40 30 -38.8633 -48.4426 -36.7199 -54.4509 
-25 -183.008 -38 30 -43.6712 -53.344 -33.9479 -55.6807 
-15 -190.899 -42 31 -41.4619 -54.8758 -42.5068 -64.118 
-27 -174.166 -38 30 -42.2466 -56.6776 -39.8368 -67.0408 
-21 -188.366 -40 30 -41.8135 -53.1822 -36.4869 -57.83 
-25 -169.287 -36 30 -49.6953 -60.8859 -36.5376 -63.9255 
-21 -192.114 -40 30 -40.4973 -48.6043 -38.5729 -52.3016 
-35 -175.596 -38 30 -43.0466 -54.0237 -33.9067 -59.3037 
-11 -196.258 -44 31 -39.6042 -54.714 -45.0458 -66.2673 
-25 -173.128 -38 31 -47.8583 -61.9988 -36.4955 -66.1108 
-29 -192.455 -43 31 -34.8287 -49.3934 -36.9143 -62.018 
-27 -191.582 -42 31 -36.6324 -48.9073 -40.2042 -57.5944 
-18 -190.908 -43 31 -39.8193 -54.714 -42.7432 -66.2673 
-17 -197.473 -42 30 -38.6395 -48.4426 -41.1119 -54.4509 
-22 -184.9 -40 31 -42.5461 -55.3822 -39.1056 -60.5455 
-25 -172.326 -38 30 -48.2096 -58.8497 -41.0408 -65.4345 
-25 -168.727 -36 30 -51.3293 -61.0477 -38.3906 -61.7762 
-15 -200.558 -43 31 -36.588 -48.9073 -40.8974 -57.5944 
-21 -182.234 -40 31 -44.6844 -57.2592 -41.1205 -62.7317 
-27 -183.824 -39 30 -37.3727 -50.7091 -38.2274 -60.5172 
-21 -184.954 -40 30 -42.0946 -54.2493 -38.5657 -63.1238 
-21 -174.086 -38 30 -49.4716 -60.8859 -40.9296 -63.9256 
-25 -178.946 -37 30 -44.8214 -54.9175 -34.9281 -57.402 
-11 -205.916 -45 31 -34.7302 -48.7456 -43.4363 -59.7437 
-25 -176.127 -39 31 -45.1765 -59.2313 -38.6928 -67.0359 
-25 -182.787 -39 31 -42.9844 -56.0304 -34.8861 -59.5872 
-18 -200.567 -44 31 -34.9454 -48.7456 -41.1338 -59.7437 
-21 -184.394 -40 30 -43.7286 -54.411 -40.4187 -60.9745 
-25 -181.985 -39 30 -43.3356 -52.8813 -39.4313 -58.9109 
-25 -172.97 -36 30 -48.7244 -59.3125 -31.8585 -62.2043 
-25 -178.386 -37 30 -46.4554 -55.0792 -36.7811 -55.2527 
-21 -185.233 -41 31 -42.0026 -54.4917 -43.3177 -63.6568 
-21 -191.893 -41 31 -39.8105 -51.2907 -39.5111 -56.2081 
-17 -189.752 -42 30 -41.8709 -54.2493 -42.9577 -63.1238 
-21 -178.328 -38 30 -46.8667 -59.1507 -34.3975 -64.3536 
-21 -194.612 -41 30 -37.2207 -48.2808 -36.9563 -56.6002 
-21 -183.744 -39 30 -44.5976 -54.9175 -39.3201 -57.402 
FEATURES_TXT_END_0
FEATURES_TXT_BEGIN_0 53 100 8 Distortion0_0 LM0_0 WordPenalty0_0 PhrasePenalty0_0 TranslationModel0_0 TranslationModel0_1 TranslationModel0_2 TranslationModel0_3 
-40 -169.616 -36 30 -57.4942 -74.666 -24.3903 -76.0893 
-36 -169.009 -35 30 -59.5808 -74.698 -26.239 -75.4175 
-32 -174.888 -36 30 -57.4942 -74.666 -24.3903 -76.0893 
-40 -168.313 -35 30 -58.4105 -74.666 -23.004 -76.0893 
-40 -168.546 -37 30 -58.9244 -75.5075 -29.6985 -77.563 
-28 -178.147 -36 30 -57.8997 -73.797 -24.3903 -74.703 
-40 -161.818 -36 30 -59.2099 -79.7046 -30.3917 -84.4046 
-34 -173.867 -36 30 -57.4942 -74.666 -24.3903 -76.0893 
-40 -167.786 -36 30 -57.7959 -76.2476 -26.7744 -78.1789 
-40 -169.614 -36 30 -58.2146 -75.2825 -25.1649 -75.8275 
-40 -170.497 -36 30 -57.2163 -74.8585 -24.3903 -75.838 
-28 -174.281 -35 30 -59.5808 -74.698 -26.239 -75.4175 
-40 -166.723 -36 30 -58.6112 -77.2618 -26.7882 -79.2248 
-36 -167.706 -34 30 -60.4971 -74.698 -24.8527 -75.4175 
-30 -177.038 -37 30 -57.5218 -74.666 -27.9166 -76.0893 
-40 -172.773 -37 30 -54.1305 -73.7914 -25.2663 -78.6857 
-36 -167.939 -36 30 -61.0109 -75.5395 -31.5473 -76.8913 
-40 -170.678 -36 30 -56.2148 -73.8489 -25.3409 -76.771 
-24 -177.54 -35 30 -59.9862 -73.829 -26.239 -74.0312 
-28 -175.379 -34 29 -61.0964 -75.8587 -18.655 -72.0067 
-36 -167.179 -35 30 -59.8825 -76.2796 -28.6231 -77.5072 
-32 -173.819 -37 30 -58.9244 -75.5075 -29.6985 -77.563 
-36 -169.007 -35 30 -60.3012 -75.3145 -27.0137 -75.1558 
-36 -169.89 -35 30 -59.3028 -74.8905 -26.239 -75.1662 
-40 -167.243 -36 30 -59.8406 -75.5075 -28.3122 -77.563 
-28 -176.429 -36 30 -61.4739 -75.924 -24.3903 -74.5488 
-26 -179.109 -36 30 -57.4942 -74.666 -24.3903 -76.0893 
-32 -167.091 -36 30 -59.2099 -79.7046 -30.3917 -84.4046 
-28 -181.168 -37 30 -55.6212 -73.6352 -23.4327 -76.8523 
-36 -166.116 -35 30 -60.6977 -77.2938 -28.6369 -78.553 
-26 -179.14 -36 30 -57.4942 -74.666 -24.3903 -76.0893 
-28 -176.621 -36 30 -59.366 -76.3824 -24.3903 -75.8016 
-40 -160.515 -35 30 -60.1262 -79.7046 -29.0054 -84.4046 
-28 -177.077 -37 30 -59.3298 -74.6385 -29.6985 -76.1767 
-26 -176.431 -36 30 -59.6084 -74.698 -29.7654 -75.4175 
-36 -173.175 -36 30 -57.4942 -74.666 -24.3903 -76.0893 
-34 -172.564 -35 30 -58.4105 -74.666 -23.004 -76.0893 
-32 -173.058 -36 30 -57.7959 -76.2476 -26.7744 -78.1789 
-36 -170.071 -35 30 -58.3014 -73.881 -27.1896 -76.0993 
-34 -172.797 -37 30 -58.9243 -75.5075 -29.6985 -77.563 
-32 -174.887 -36 30 -58.2146 -75.2825 -25.1649 -75.8275 
-36 -172.49 -36 30 -58.2146 -75.2825 -25.1649 -75.8275 
-32 -175.769 -36 30 -57.2163 -74.8585 -24.3903 -75.838 
-40 -166.483 -35 30 -58.7122 -76.2476 -25.3881 -78.1789 
-28 -170.349 -36 30 -59.6154 -78.8356 -30.3917 -83.0183 
-43 -169.044 -36 30 -57.4942 -74.666 -24.3903 -76.0893 
-22 -182.398 -36 30 -57.8997 -73.797 -24.3903 -74.703 
-40 -168.311 -35 30 -59.1309 -75.2825 -23.7786 -75.8275 
-40 -169.194 -35 30 -58.1326 -74.8585 -23.004 -75.838 
-40 -166.716 -37 30 -59.226 -77.0891 -32.0826 -79.6526 
-24 -174.772 -33 29 -63.183 -75.8907 -20.5037 -71.335 
-32 -171.996 -36 30 -58.6112 -77.2618 -26.7882 -79.2248 
-40 -168.544 -37 30 -59.6448 -76.124 -30.4732 -77.3012 
-40 -169.427 -37 30 -58.6464 -75.7 -29.6985 -77.3117 
-28 -176.317 -36 30 -58.2014 -75.3786 -26.7744 -76.7926 
-40 -165.42 -35 30 -59.5275 -77.2618 -25.4019 -79.2248 
-32 -178.046 -37 30 -54.1305 -73.7914 -25.2663 -78.6857 
-28 -178.145 -36 30 -58.6201 -74.4135 -25.1649 -74.4412 
-40 -172.63 -37 31 -55.2899 -73.5599 -26.6707 -78.9221 
-28 -173.212 -36 30 -61.0109 -75.5395 -31.5473 -76.8913 
-28 -179.028 -36 30 -57.6217 -73.9895 -24.3903 -74.4517 
-40 -159.988 -36 30 -59.5116 -81.2862 -32.7758 -86.4942 
-32 -175.951 -36 30 -56.2148 -73.8489 -25.3409 -76.771 
-40 -165.653 -37 30 -60.0413 -78.1033 -32.0964 -80.6985 
-40 -171.47 -36 30 -55.0468 -73.7914 -23.88 -78.6857 
-34 -172.037 -36 30 -57.7959 -76.2476 -26.7744 -78.1789 
-40 -161.816 -36 30 -59.9303 -80.3211 -31.1663 -84.1428 
-36 -166.636 -35 30 -61.9272 -75.5395 -30.161 -76.8913 
-28 -174.314 -34 29 -61.3927 -76.7002 -19.7536 -73.4804 
-40 -162.699 -36 30 -58.932 -79.8971 -30.3917 -84.1533 
-28 -175.963 -34 29 -58.9885 -76.3171 -18.655 -73.2595 
-32 -176.46 -34 29 -57.6913 -72.7231 -18.4739 -71.1029 
-40 -169.375 -35 30 -57.1311 -73.8489 -23.9546 -76.771 
-34 -173.865 -36 30 -58.2146 -75.2825 -25.1649 -75.8275 
-36 -171.252 -36 29 -58.7587 -75.2653 -28.0469 -74.9603 
-30 -175.968 -38 30 -58.952 -75.5075 -33.2249 -77.563 
-28 -175.254 -36 30 -59.0166 -76.3927 -26.7882 -77.8385 
-34 -174.748 -36 30 -57.2163 -74.8585 -24.3903 -75.838 
-40 -171.703 -38 30 -55.5606 -74.6329 -30.5746 -80.1594 
-24 -175.822 -35 30 -63.5605 -75.956 -26.239 -73.8771 
-22 -178.502 -35 30 -59.5808 -74.698 -26.239 -75.4175 
-24 -180.561 -36 30 -57.7078 -73.6672 -25.2815 -76.1806 
-40 -169.608 -37 30 -57.645 -74.6904 -30.6492 -78.2447 
-40 -171.642 -37 30 -57.3149 -74.666 -28.0891 -76.0893 
-40 -158.925 -36 30 -60.3269 -82.3003 -32.7896 -87.5401 
-24 -176.015 -35 30 -61.4526 -76.4144 -26.239 -75.1299 
-28 -181.304 -37 30 -54.5359 -72.9223 -25.2663 -77.2994 
-36 -170.568 -36 29 -59.4791 -75.8818 -28.8215 -74.6985 
-24 -176.47 -36 30 -61.4164 -74.6705 -31.5473 -75.505 
-34 -170.974 -36 30 -58.6112 -77.2618 -26.7882 -79.2248 
-40 -168.667 -36 30 -57.518 -76.4401 -26.7744 -77.9276 
-32 -173.127 -35 29 -58.938 -75.2653 -24.348 -74.9603 
-28 -179.209 -36 30 -56.6203 -72.9799 -25.3409 -75.3847 
-32 -172.568 -35 30 -59.5808 -74.698 -26.239 -75.4175 
-22 -179.495 -34 29 -61.0964 -75.8587 -18.655 -72.0067 
-30 -169.24 -37 30 -59.2375 -79.7046 -33.918 -84.4046 
-32 -173.736 -36 29 -58.7587 -75.2653 -28.0469 -74.9603 
-40 -170.495 -36 30 -57.9367 -75.475 -25.1649 -75.5762 
-24 -181.289 -37 30 -57.5218 -74.666 -27.9166 -76.0893 
-28 -172.452 -35 30 -59.8825 -76.2796 -28.6231 -77.5072 
FEATURES_TXT_END_0
FEATURES_TXT_BEGIN_0 54 100 8 Distortion0_0 LM0_0 WordPenalty0_0 PhrasePenalty0_0 TranslationModel0_0 TranslationModel0_1 TranslationModel0_2 TranslationModel0_3 
-10 -169.726 -31 27 -47.5642 -55.9518 -27.0955 -53.2753 
-8 -173.042 -32 27 -46.6479 -55.9518 -27.7886 -53.2753 
-9 -172.571 -32 27 -46.6479 -55.9518 -27.7886 -53.2753 
-10 -170.515 -32 27 -47.3849 -55.9518 -30.7943 -53.2753 
-10 -167.584 -31 27 -49.0419 -55.6509 -30.7331 -54.3563 
-8 -173.832 -33 27 -46.4686 -55.9518 -31.4875 -53.2753 
-8 -170.9 -32 27 -48.1256 -55.6509 -31.4262 -54.3563 
-10 -168.909 -30 27 -48.5506 -55.9838 -24.5832 -52.6036 
-14 -165.26 -31 27 -48.9789 -58.5137 -27.0955 -55.2678 
-8 -172.225 -31 27 -47.6343 -55.9838 -25.2763 -52.6036 
-12 -168.576 -32 27 -48.0626 -58.5137 -27.7886 -55.2678 
-9 -173.361 -33 27 -46.4686 -55.9518 -31.4875 -53.2753 
-9 -170.43 -32 27 -48.1256 -55.6509 -31.4262 -54.3563 
-10 -169.01 -31 27 -44.6408 -56.9401 -27.7975 -57.3194 
-10 -168.374 -32 27 -48.8626 -55.6509 -34.4319 -54.3563 
-8 -172.327 -32 27 -43.7245 -56.9401 -28.4907 -57.3194 
-8 -171.69 -33 27 -47.9463 -55.6509 -35.1251 -54.3563 
-9 -171.755 -31 27 -47.6343 -55.9838 -25.2763 -52.6036 
-13 -168.106 -32 27 -48.0626 -58.5137 -27.7886 -55.2678 
-10 -169.698 -31 27 -48.3713 -55.9838 -28.282 -52.6036 
-10 -166.767 -30 27 -50.0283 -55.6829 -28.2208 -53.6845 
-14 -163.118 -31 27 -50.4566 -58.2128 -30.7331 -56.3487 
-8 -173.015 -32 27 -47.455 -55.9838 -28.9752 -52.6036 
-10 -168.327 -32 27 -48.2687 -57.1742 -32.5248 -55.7913 
-8 -170.083 -31 27 -49.112 -55.6829 -28.9139 -53.6845 
-12 -166.435 -32 27 -49.5403 -58.2128 -31.4262 -56.3487 
-9 -171.856 -32 27 -43.7245 -56.9401 -28.4907 -57.3194 
-9 -171.219 -33 27 -47.9463 -55.6509 -35.1251 -54.3563 
-8 -171.643 -33 27 -47.3524 -57.1742 -33.218 -55.7913 
-10 -169.8 -32 27 -44.4615 -56.9401 -31.4964 -57.3194 
-10 -166.869 -31 27 -46.1185 -56.6391 -31.4351 -58.4004 
-8 -173.117 -33 27 -43.5452 -56.9401 -32.1895 -57.3194 
-8 -170.185 -32 27 -45.2022 -56.6391 -32.1283 -58.4004 
-9 -172.544 -32 27 -47.455 -55.9838 -28.9752 -52.6036 
-10 -169.214 -33 27 -47.1977 -56.1468 -36.0512 -57.4801 
-9 -169.613 -31 27 -49.1121 -55.6829 -28.9139 -53.6845 
-13 -165.964 -32 27 -49.5403 -58.2128 -31.4262 -56.3487 
-9 -171.172 -33 27 -47.3524 -57.1742 -33.218 -55.7913 
-6 -172.836 -31 27 -47.5642 -55.9518 -27.0955 -53.2753 
-8 -172.531 -34 27 -46.2814 -56.1468 -36.7443 -57.4801 
-10 -168.194 -30 27 -45.6272 -56.9721 -25.2852 -56.6477 
-10 -166.569 -31 27 -50.2148 -58.3349 -29.9287 -55.1216 
-10 -167.557 -31 27 -49.8491 -55.6829 -31.9196 -53.6845 
-14 -164.545 -31 27 -46.0555 -59.502 -27.7975 -59.3119 
-10 -168.678 -32 27 -49.0695 -55.6509 -34.2594 -54.3563 
-10 -169.116 -33 27 -48.0894 -57.1742 -36.2237 -55.7913 
-8 -171.51 -31 27 -44.7109 -56.9721 -25.9784 -56.6477 
-8 -169.885 -32 27 -49.2985 -58.3349 -30.6219 -55.1216 
-8 -170.873 -32 27 -48.9328 -55.6829 -32.6128 -53.6845 
-12 -167.861 -32 27 -45.1392 -59.502 -28.4907 -59.3119 
-8 -171.995 -33 27 -48.1532 -55.6509 -34.9526 -54.3563 
-9 -172.646 -33 27 -43.5452 -56.9401 -32.1895 -57.3194 
-8 -172.433 -34 27 -47.1731 -57.1742 -36.9168 -55.7913 
-9 -169.714 -32 27 -45.2022 -56.6391 -32.1283 -58.4004 
-10 -170.931 -32 27 -46.791 -57.4752 -28.8872 -54.7104 
-8 -174.247 -33 27 -45.8747 -57.4752 -29.5804 -54.7104 
-10 -167.658 -32 27 -45.9392 -56.6391 -35.1339 -58.4004 
-9 -172.06 -34 27 -46.2814 -56.1468 -36.7443 -57.4801 
-14 -163.724 -31 27 -49.9883 -59.3552 -28.9072 -56.7415 
-8 -170.975 -33 27 -45.0229 -56.6391 -35.8271 -58.4004 
-18 -163.431 -31 27 -49.0419 -55.6509 -30.7331 -54.3563 
-10 -167.51 -31 27 -49.2551 -57.2062 -30.0125 -55.1196 
-12 -167.041 -32 27 -49.072 -59.3552 -29.6004 -56.7415 
-14 -163.861 -32 27 -49.6834 -59.7361 -32.5248 -57.7838 
-10 -170.004 -34 27 -47.0184 -56.1468 -39.75 -57.4801 
-9 -171.039 -31 27 -44.7109 -56.9721 -25.9784 -56.6477 
-9 -169.415 -32 27 -49.2985 -58.3349 -30.6219 -55.1216 
-9 -170.403 -32 27 -48.9328 -55.6829 -32.6128 -53.6845 
-13 -167.391 -32 27 -45.1392 -59.502 -28.4907 -59.3119 
-9 -171.524 -33 27 -48.1532 -55.6509 -34.9526 -54.3563 
-16 -166.747 -32 27 -48.1256 -55.6509 -31.4262 -54.3563 
-8 -170.826 -32 27 -48.3389 -57.2062 -30.7057 -55.1196 
-12 -167.177 -33 27 -48.7671 -59.7361 -33.218 -57.7838 
-9 -171.962 -34 27 -47.1731 -57.1742 -36.9168 -55.7913 
-6 -173.626 -32 27 -47.3849 -55.9518 -30.7943 -53.2753 
-8 -173.32 -35 27 -46.1021 -56.1468 -40.4432 -57.4801 
-14 -164.023 -30 27 -50.398 -59.2939 -25.1984 -54.5393 
-10 -167.344 -32 27 -48.343 -58.8309 -31.7205 -58.2454 
-10 -168.983 -31 27 -45.4479 -56.9721 -28.9841 -56.6477 
-10 -167.359 -32 27 -50.0355 -58.3349 -33.6275 -55.1216 
-6 -170.694 -31 27 -49.0419 -55.6509 -30.7331 -54.3563 
-10 -169.468 -33 27 -48.8902 -55.6509 -37.9583 -54.3563 
-12 -167.339 -31 27 -49.4817 -59.2939 -25.8915 -54.5393 
-10 -166.052 -30 27 -47.105 -56.6711 -28.9228 -57.7286 
-8 -170.661 -33 27 -47.4267 -58.8309 -32.4136 -58.2454 
-14 -162.403 -31 27 -47.5332 -59.201 -31.4351 -60.3928 
-8 -172.3 -32 27 -44.5316 -56.9721 -29.6772 -56.6477 
-9 -173.777 -33 27 -45.8747 -57.4752 -29.5804 -54.7104 
-8 -170.675 -33 27 -49.1193 -58.3349 -34.3207 -55.1216 
-8 -172.785 -34 27 -47.9739 -55.6509 -38.6514 -54.3563 
-10 -167.611 -32 27 -45.3453 -58.1625 -33.2269 -59.8354 
-8 -169.368 -31 27 -46.1887 -56.6711 -29.616 -57.7286 
-12 -165.72 -32 27 -46.617 -59.201 -32.1283 -60.3928 
-9 -170.504 -33 27 -45.0229 -56.6391 -35.8271 -58.4004 
-8 -170.928 -33 27 -44.429 -58.1625 -33.92 -59.8354 
-10 -171.721 -33 27 -46.6117 -57.4752 -32.5861 -54.7104 
-13 -166.57 -32 27 -49.072 -59.3552 -29.6004 -56.7415 
-10 -168.397 -32 27 -48.1842 -56.1788 -33.5389 -56.8084 
-14 -164.749 -33 27 -48.6124 -58.7087 -36.0512 -59.4725 
-17 -166.276 -32 27 -48.1256 -55.6509 -31.4262 -54.3563 
FEATURES_TXT_END_0
FEATURES_TXT_BEGIN_0 55 100 8 Distortion0_0 LM0_0 WordPenalty0_0 PhrasePenalty0_0 TranslationModel0_0 TranslationModel0_1 TranslationModel0_2 TranslationModel0_3 
-32 -156.902 -33 32 -44.9268 -54.7716 -19.997 -51.2397 
-26 -160.679 -33 32 -44.9268 -54.7716 -19.997 -51.2397 
-32 -158.174 -34 33 -43.338 -56.2171 -21.1364 -54.0559 
-32 -157.765 -33 31 -42.8668 -53.9545 -20.11 -51.9215 
-32 -159.665 -34 32 -44.5416 -52.157 -23.8817 -49.6299 
-26 -161.951 -34 33 -43.338 -56.2171 -21.1364 -54.0559 
-26 -161.542 -33 31 -42.8668 -53.9545 -20.11 -51.9215 
-26 -163.442 -34 32 -44.5416 -52.157 -23.8817 -49.6299 
-32 -160.447 -34 32 -44.1562 -52.3884 -22.8832 -49.3935 
-32 -160.407 -34 33 -43.1646 -54.7395 -20.2063 -51.9114 
-32 -156.943 -33 32 -45.8217 -55.7523 -20.2248 -50.9124 
-32 -158.051 -33 32 -45.8217 -53.9552 -20.2248 -50.0251 
-32 -159.037 -34 32 -41.278 -55.4 -21.2494 -54.7377 
-32 -160.937 -35 33 -42.9528 -53.6025 -25.0211 -52.446 
-32 -158.513 -33 32 -44.2064 -54.1551 -19.2224 -51.5014 
-26 -164.224 -34 32 -44.1562 -52.3884 -22.8832 -49.3935 
-32 -160.529 -34 31 -42.4816 -51.3399 -23.9947 -50.3116 
-26 -164.184 -34 33 -43.1646 -54.7395 -20.2063 -51.9114 
-26 -160.72 -33 32 -45.8217 -55.7523 -20.2248 -50.9124 
-32 -155.682 -33 32 -46.5922 -55.6405 -21.4799 -52.6455 
-26 -161.828 -33 32 -45.8217 -53.9552 -20.2248 -50.0251 
-26 -162.814 -34 32 -41.278 -55.4 -21.2494 -54.7377 
-28 -160.001 -34 32 -40.4845 -53.6802 -26.922 -55.6301 
-26 -164.714 -35 33 -42.9528 -53.6025 -25.0211 -52.446 
-26 -162.29 -33 32 -44.2064 -54.1551 -19.2224 -51.5014 
-32 -157.408 -33 32 -45.3122 -54.5401 -20.9956 -51.4761 
-26 -164.306 -34 31 -42.4816 -51.3399 -23.9947 -50.3116 
-32 -161.719 -35 33 -42.5674 -53.8339 -24.0225 -52.2096 
-26 -159.459 -33 32 -46.5922 -55.6405 -21.4799 -52.6455 
-32 -161.311 -34 31 -42.0961 -51.5714 -22.9961 -50.0752 
-32 -158.059 -33 32 -46.4635 -55.2889 -19.3085 -49.8138 
-32 -161.27 -34 32 -41.1046 -53.9225 -20.3193 -52.5932 
-32 -157.807 -33 31 -43.7617 -54.9352 -20.3378 -51.5942 
-22 -163.778 -34 32 -40.4845 -53.6802 -26.922 -55.6301 
-32 -163.171 -35 33 -42.7794 -52.1249 -24.091 -50.3016 
-32 -158.915 -33 31 -43.7617 -53.1381 -20.3378 -50.7069 
-32 -159.707 -34 32 -45.4364 -53.1377 -24.1095 -49.3025 
-26 -161.185 -33 32 -45.3122 -54.5401 -20.9956 -51.4761 
-32 -158.335 -33 32 -44.5918 -53.9236 -20.2209 -51.7378 
-32 -160.815 -34 32 -45.4364 -51.3406 -24.1095 -48.4152 
-26 -165.496 -35 33 -42.5674 -53.8339 -24.0225 -52.2096 
-32 -161.8 -35 32 -40.8928 -52.7854 -25.134 -53.1278 
-32 -159.376 -33 31 -42.1464 -53.338 -19.3353 -52.1832 
-26 -165.088 -34 31 -42.0961 -51.5714 -22.9961 -50.0752 
-26 -161.836 -33 32 -46.4635 -55.2889 -19.3085 -49.8138 
-32 -161.277 -34 32 -43.8212 -51.5405 -23.107 -49.8916 
-32 -156.954 -34 33 -45.0034 -57.086 -22.6192 -55.4617 
-26 -165.047 -34 32 -41.1046 -53.9225 -20.3193 -52.5932 
-30 -166.367 -36 33 -39.9124 -50.5738 -26.9989 -52.1769 
-26 -161.584 -33 31 -43.7617 -54.9352 -20.3378 -51.5942 
-26 -166.948 -35 33 -42.7794 -52.1249 -24.091 -50.3016 
-26 -162.692 -33 31 -43.7617 -53.1381 -20.3378 -50.7069 
-26 -163.484 -34 32 -45.4364 -53.1377 -24.1095 -49.3025 
-32 -158.446 -34 32 -46.207 -53.0259 -25.3645 -51.0357 
-26 -162.112 -33 32 -44.5918 -53.9236 -20.2209 -51.7378 
-26 -164.592 -34 32 -45.4364 -51.3406 -24.1095 -48.4152 
-32 -163.953 -35 33 -42.3939 -52.3564 -23.0925 -50.0652 
-32 -160.489 -34 32 -45.051 -53.3692 -23.1109 -49.0661 
-28 -160.759 -33 32 -44.9268 -54.7716 -19.997 -51.2397 
-32 -158.68 -34 33 -43.7234 -55.9856 -22.1349 -54.2923 
-26 -165.577 -35 32 -40.8928 -52.7854 -25.134 -53.1278 
-26 -163.153 -33 31 -42.1464 -53.338 -19.3353 -52.1832 
-28 -162.764 -35 32 -40.0992 -51.0656 -30.8067 -54.0203 
-32 -161.597 -34 32 -45.051 -51.5721 -23.1109 -48.1788 
-32 -158.271 -33 31 -43.2522 -53.723 -21.1085 -52.1579 
-26 -165.054 -34 32 -43.8212 -51.5405 -23.107 -49.8916 
-26 -160.731 -34 33 -45.0034 -57.086 -22.6192 -55.4617 
-32 -162.582 -35 32 -40.5073 -53.0169 -24.1355 -52.8914 
-32 -160.641 -34 33 -43.55 -54.5081 -21.2049 -52.1478 
-24 -170.144 -36 33 -39.9124 -50.5738 -26.9989 -52.1769 
-28 -166.05 -35 33 -44.0846 -50.5572 -24.54 -49.7864 
-32 -158.922 -33 31 -44.4035 -54.4719 -19.4215 -50.4955 
-32 -162.059 -34 32 -43.4357 -51.7719 -22.1085 -49.6552 
-24 -163.853 -33 32 -44.4796 -53.8948 -20.3765 -50.8054 
-26 -162.223 -34 32 -46.207 -53.0259 -25.3645 -51.0357 
-32 -160.823 -34 32 -46.0783 -52.6743 -23.1932 -48.2039 
-32 -158.837 -34 33 -43.7235 -55.9856 -22.1349 -54.2923 
-26 -167.73 -35 33 -42.3939 -52.3564 -23.0925 -50.0652 
-26 -164.266 -34 32 -45.051 -53.3692 -23.1109 -49.0661 
-26 -162.457 -34 33 -43.7234 -55.9856 -22.1349 -54.2923 
-32 -164.034 -35 32 -40.7194 -51.3079 -24.204 -50.9833 
-32 -159.228 -34 32 -45.8215 -53.2574 -24.366 -50.7993 
-32 -160.57 -34 31 -43.3764 -52.3207 -24.2224 -49.9843 
-22 -166.541 -35 32 -40.0992 -51.0656 -30.8067 -54.0203 
-28 -167.139 -35 33 -42.3763 -50.7356 -23.3613 -50.0276 
-26 -165.374 -34 32 -45.051 -51.5721 -23.1109 -48.1788 
-26 -162.048 -33 31 -43.2522 -53.723 -21.1085 -52.1579 
-32 -159.198 -33 31 -42.5318 -53.1065 -20.3339 -52.4196 
-32 -159.188 -34 33 -44.83 -55.6085 -21.6892 -53.3173 
-32 -161.678 -34 31 -43.3764 -50.5235 -24.2224 -49.097 
-32 -155.724 -33 32 -47.487 -56.6213 -21.7076 -52.3182 
-26 -166.359 -35 32 -40.5073 -53.0169 -24.1355 -52.8914 
-32 -157.141 -33 32 -45.3968 -55.3383 -21.3833 -52.4814 
-26 -164.418 -34 33 -43.55 -54.5081 -21.2049 -52.1478 
-28 -163.546 -35 32 -39.7138 -51.2971 -29.8082 -53.7839 
-32 -161.098 -34 32 -44.2066 -51.309 -24.1056 -50.128 
-32 -156.832 -33 32 -47.487 -54.8242 -21.7076 -51.4309 
-22 -169.827 -35 33 -44.0846 -50.5572 -24.54 -49.7864 
-26 -162.699 -33 31 -44.4035 -54.4719 -19.4215 -50.4955 
-38 -158.133 -35 34 -42.3814 -51.1897 -26.8599 -54.787 
FEATURES_TXT_END_0
FEATURES_TXT_BEGIN_0 56 100 8 Distortion0_0 LM0_0 WordPenalty0_0 PhrasePenalty0_0 TranslationModel0_0 TranslationModel0_1 TranslationModel0_2 TranslationModel0_3 
-29 -188.609 -37 30 -46.8676 -64.3563 -26.4408 -75.9456 
-36 -186.956 -38 30 -46.1745 -64.3563 -26.4408 -75.9456 
-29 -191.27 -37 30 -45.2023 -63.4874 -24.9579 -74.5398 
-29 -191.383 -38 30 -46.1745 -64.3563 -26.4408 -75.9456 
-29 -188.495 -37 30 -47.4397 -64.6425 -26.86 -76.4037 
-31 -191.981 -38 31 -44.1595 -63.5762 -25.4211 -76.6741 
-29 -193.256 -38 31 -44.1595 -63.5762 -25.4211 -76.6741 
-29 -187.394 -37 30 -51.1328 -64.8361 -29.7589 -72.819 
-33 -190.882 -38 31 -44.1595 -63.5762 -25.4211 -76.6741 
-29 -191.463 -38 30 -46.5571 -63.8944 -26.5325 -76.4605 
-36 -186.843 -38 30 -46.7465 -64.6425 -26.86 -76.4037 
-26 -193.444 -37 30 -45.2023 -63.4874 -24.9579 -74.5398 
-29 -188.533 -35 29 -49.0297 -63.5103 -22.7198 -69.7798 
-38 -190.329 -39 31 -43.4664 -63.5762 -25.4211 -76.6741 
-27 -185.548 -36 30 -51.1468 -66.2916 -28.141 -76.0586 
-36 -191.604 -39 31 -43.4664 -63.5762 -25.4211 -76.6741 
-23 -193.923 -37 30 -46.435 -63.6082 -25.8256 -76.0024 
-29 -191.007 -38 30 -46.9898 -64.6424 -27.1477 -76.4037 
-36 -185.741 -38 30 -50.4396 -64.8361 -29.7589 -72.819 
-40 -189.229 -39 31 -43.4664 -63.5762 -25.4211 -76.6741 
-36 -189.811 -39 30 -45.864 -63.8944 -26.5325 -76.4605 
-29 -191.157 -37 30 -45.7743 -63.7735 -25.3772 -74.9979 
-29 -192.625 -36 30 -46.3216 -62.7302 -21.7002 -70.5083 
-29 -191.269 -38 30 -46.7465 -64.6425 -26.86 -76.4037 
-34 -188.862 -37 30 -45.2023 -63.4874 -24.9579 -74.5398 
-34 -186.734 -37 30 -46.8676 -64.3563 -26.4408 -75.9456 
-27 -190.959 -37 30 -46.8676 -64.3563 -26.4408 -75.9456 
-31 -194.643 -38 31 -42.4941 -62.7073 -23.9383 -75.2683 
-31 -194.755 -39 31 -43.4664 -63.5762 -25.4211 -76.6741 
-36 -186.88 -36 29 -48.3366 -63.5104 -22.7198 -69.7798 
-23 -188.982 -37 31 -51.7345 -65.709 -31.9148 -76.2991 
-31 -187.631 -35 29 -49.0297 -63.5104 -22.7198 -69.7798 
-31 -188.609 -37 30 -46.8676 -64.3563 -26.4408 -75.9456 
-34 -183.895 -37 30 -50.4536 -66.2916 -28.141 -76.0586 
-29 -195.918 -38 31 -42.4941 -62.7073 -23.9383 -75.2683 
-29 -196.031 -39 31 -43.4664 -63.5762 -25.4211 -76.6741 
-34 -189.017 -37 30 -45.2023 -63.4874 -24.9579 -74.5398 
-29 -190.055 -37 30 -49.4674 -63.9672 -28.2761 -71.4132 
-33 -193.543 -38 31 -42.4941 -62.7073 -23.9383 -75.2683 
-29 -190.168 -38 30 -50.4396 -64.8361 -29.7589 -72.819 
-33 -193.656 -39 31 -43.4664 -63.5762 -25.4211 -76.6741 
-23 -193.467 -37 30 -46.8676 -64.3563 -26.4408 -75.9456 
-29 -194.125 -38 30 -44.8917 -63.0254 -25.0497 -75.0547 
-29 -194.237 -39 30 -45.864 -63.8944 -26.5325 -76.4605 
-30 -192.27 -38 30 -45.7419 -63.6082 -25.8256 -76.0024 
-36 -189.355 -39 30 -46.2966 -64.6425 -27.1477 -76.4037 
-33 -191.381 -37 30 -42.2365 -62.6933 -24.1168 -74.9592 
-36 -190.973 -37 30 -45.6284 -62.7302 -21.7002 -70.5083 
-34 -189.31 -37 30 -43.9229 -62.6703 -25.9085 -75.2216 
-29 -191.194 -35 29 -47.3643 -62.6414 -21.237 -68.374 
-29 -191.307 -36 29 -48.3366 -63.5103 -22.7198 -69.7798 
-29 -189.323 -37 30 -47.4397 -64.6425 -26.86 -76.4037 
-34 -189.307 -38 30 -46.1745 -64.3563 -26.4408 -75.9456 
-31 -190.766 -38 31 -48.4246 -64.056 -28.7393 -73.5475 
-29 -190.189 -39 31 -47.0671 -63.8449 -33.3605 -79.9581 
-27 -189.182 -36 30 -47.3176 -64.3563 -26.1531 -75.9456 
-27 -188.209 -36 30 -49.4814 -65.4227 -26.6581 -74.6528 
-26 -193.33 -37 30 -45.7743 -63.7735 -25.3772 -74.9979 
-27 -188.322 -37 30 -50.4536 -66.2916 -28.141 -76.0586 
-30 -187.329 -38 31 -51.0414 -65.7091 -31.9148 -76.2991 
-38 -185.978 -36 29 -48.3366 -63.5104 -22.7198 -69.7798 
-29 -191.578 -38 30 -46.1745 -63.4833 -26.4408 -78.7591 
-38 -186.956 -38 30 -46.1745 -64.3563 -26.4408 -75.9456 
-29 -192.041 -38 31 -48.4246 -64.056 -28.7393 -73.5475 
-23 -196.584 -37 30 -44.7696 -62.7393 -24.3427 -74.5966 
-23 -196.697 -38 30 -45.7419 -63.6082 -25.8256 -76.0024 
-29 -193.669 -38 30 -45.3244 -63.7735 -25.6649 -74.9979 
-33 -189.666 -38 31 -48.4246 -64.056 -28.7393 -73.5475 
-29 -193.781 -39 30 -46.2966 -64.6424 -27.1477 -76.4037 
-28 -196.816 -38 31 -42.4941 -62.7073 -23.9383 -75.2683 
-30 -191.814 -38 30 -46.1745 -64.3563 -26.4408 -75.9456 
-33 -191.398 -37 30 -43.5159 -63.5104 -23.1662 -74.2775 
-36 -190.396 -38 30 -44.5091 -63.4874 -24.9579 -74.5398 
-29 -195.287 -36 30 -44.6562 -61.8613 -20.2174 -69.1025 
-29 -195.399 -37 30 -45.6284 -62.7302 -21.7002 -70.5083 
-26 -198.091 -38 31 -42.4941 -62.7073 -23.9383 -75.2683 
-29 -188.92 -37 31 -48.4387 -65.5115 -27.1213 -76.7871 
-26 -192.229 -37 30 -49.4674 -63.9672 -28.2761 -71.4132 
-30 -195.716 -38 31 -42.4941 -62.7073 -23.9383 -75.2683 
-27 -193.621 -37 30 -45.2023 -63.4874 -24.9579 -74.5398 
-27 -193.733 -38 30 -46.1745 -64.3563 -26.4408 -75.9456 
-26 -196.298 -38 30 -44.8917 -63.0254 -25.0497 -75.0547 
-27 -190.49 -35 29 -49.0297 -63.5103 -22.7198 -69.7798 
-21 -186.739 -36 30 -54.4426 -66.4892 -32.9344 -75.5706 
-34 -188.749 -37 30 -45.7743 -63.7735 -25.3772 -74.9979 
-31 -188.106 -35 29 -49.0297 -63.5104 -22.7198 -69.7798 
-25 -186.189 -36 30 -54.9793 -66.0233 -30.8439 -72.9888 
-27 -191.488 -37 30 -47.007 -63.8944 -26.2448 -76.4605 
-36 -187.671 -38 30 -46.7465 -64.6425 -26.86 -76.4037 
-23 -191.643 -37 31 -50.0691 -64.8401 -30.4319 -74.8933 
-27 -190.195 -37 31 -48.4387 -65.5115 -27.1213 -76.7871 
-31 -190.292 -35 29 -47.3643 -62.6414 -21.237 -68.374 
-23 -191.756 -38 31 -51.0414 -65.709 -31.9148 -76.2991 
-38 -189.114 -39 31 -47.7315 -64.056 -28.7393 -73.5475 
-31 -190.405 -36 29 -48.3366 -63.5104 -22.7198 -69.7798 
-31 -191.27 -37 30 -45.2023 -63.4874 -24.9579 -74.5398 
-31 -186.865 -37 30 -48.7182 -65.1679 -28.0922 -77.2235 
-31 -191.383 -38 30 -46.1745 -64.3563 -26.4408 -75.9456 
-36 -188.537 -40 31 -46.3739 -63.8449 -33.3605 -79.9581 
-34 -186.621 -37 30 -47.4397 -64.6425 -26.86 -76.4037 
FEATURES_TXT_END_0
FEATURES_TXT_BEGIN_0 57 67 8 Distortion0_0 LM0_0 WordPenalty0_0 PhrasePenalty0_0 TranslationModel0_0 TranslationModel0_1 TranslationModel0_2 TranslationModel0_3 
-37 -285.896 -56 45 -59.9021 -99.9087 -31.6642 -114.323 
-37 -287.482 -57 45 -59.2089 -99.0357 -31.6642 -117.136 
-34 -290.787 -58 45 -58.4357 -100.559 -33.4559 -118.571 
-37 -287.094 -57 46 -57.7459 -99.7423 -33.4405 -118.114 
-37 -289.068 -58 45 -58.5158 -98.1627 -31.6642 -119.95 
-37 -288.68 -58 46 -57.0528 -98.8692 -33.4405 -120.928 
-37 -290.936 -59 47 -55.9169 -99.4211 -35.8875 -121.92 
-37 -290.265 -59 46 -56.3596 -97.9962 -33.4405 -123.741 
-37 -286.758 -57 45 -58.0303 -100.405 -33.4559 -117.447 
-37 -288.343 -58 45 -57.3371 -99.5317 -33.4559 -120.26 
-37 -291.324 -59 46 -57.3798 -98.7146 -34.1113 -120.942 
-37 -287.955 -58 46 -55.8741 -100.238 -35.2322 -121.238 
-37 -285.021 -55 44 -58.4143 -99.5585 -31.5499 -113.48 
-37 -289.929 -59 45 -56.644 -98.6587 -33.4559 -123.073 
-47 -280.125 -56 46 -57.9973 -99.7423 -31.4946 -118.114 
-37 -289.541 -59 46 -55.181 -99.3652 -35.2322 -124.051 
-47 -280.111 -56 45 -54.6377 -99.888 -33.172 -120.396 
-37 -286.607 -56 44 -57.7212 -98.6855 -31.5499 -116.294 
-37 -289.246 -59 46 -57.3689 -99.5196 -34.1336 -125.176 
-37 -286.219 -56 45 -56.2582 -99.392 -33.3261 -117.272 
-37 -287.8 -57 46 -59.9448 -98.2187 -32.3195 -117.818 
-37 -287.8 -57 46 -59.9448 -98.2186 -32.3195 -117.818 
-47 -281.711 -57 46 -57.3041 -98.8692 -31.4946 -120.928 
-37 -290.901 -59 48 -57.8314 -96.3621 -34.7511 -125.105 
-37 -291.127 -60 46 -54.4878 -98.4922 -35.2322 -126.865 
-37 -288.192 -57 44 -57.028 -97.8125 -31.5499 -119.107 
-37 -287.804 -57 45 -55.565 -98.519 -33.3261 -120.085 
-34 -289.201 -57 45 -59.1289 -101.432 -33.4559 -115.758 
-37 -289.385 -58 46 -59.2516 -97.3456 -32.3195 -120.631 
-37 -289.708 -58 46 -55.6078 -96.8289 -33.9815 -123.58 
-37 -288.997 -58 47 -57.7887 -98.0522 -34.0958 -121.609 
-37 -289.738 -58 46 -58.073 -99.5876 -34.1113 -118.128 
-47 -283.296 -58 46 -56.611 -97.9962 -31.4946 -123.741 
-37 -289.39 -58 45 -54.8719 -97.646 -33.3261 -122.899 
-37 -285.883 -56 44 -56.5425 -100.054 -33.3416 -116.604 
-37 -290.583 -59 47 -57.0955 -97.1791 -34.0958 -124.423 
-47 -283.614 -58 47 -57.3468 -97.1791 -32.1499 -124.423 
-47 -280.986 -57 46 -56.1255 -100.238 -33.2863 -121.238 
-37 -287.468 -57 44 -55.8494 -99.1814 -33.3416 -119.418 
-37 -287.661 -58 46 -58.0621 -100.393 -34.1336 -122.363 
-37 -287.08 -57 45 -54.3864 -99.888 -35.1179 -120.396 
-37 -288.661 -58 46 -58.073 -98.7146 -34.1113 -120.942 
-47 -282.421 -57 45 -55.1232 -97.646 -31.3802 -122.899 
-37 -288.877 -57 46 -59.9448 -99.0917 -32.3195 -115.005 
-37 -288.049 -58 45 -59.525 -99.6861 -32.3573 -121.385 
-47 -282.572 -58 46 -55.4323 -99.3652 -33.2863 -124.051 
-37 -289.703 -58 47 -59.9875 -96.5285 -32.9748 -121.313 
-37 -284.878 -56 45 -60.9113 -101.432 -32.3573 -115.758 
-37 -289.054 -58 44 -55.1562 -98.3084 -33.3416 -122.231 
-47 -279.25 -55 45 -56.5095 -99.392 -31.3802 -117.272 
-37 -288.666 -58 45 -53.6932 -99.015 -35.1179 -123.209 
-37 -288.666 -58 45 -53.6932 -99.0149 -35.1179 -123.209 
-37 -290.247 -59 46 -57.3798 -97.8416 -34.1113 -123.755 
-37 -288.122 -57 46 -56.3009 -97.7019 -33.9815 -120.767 
-37 -289.859 -59 47 -55.9169 -98.5481 -35.8875 -124.733 
-37 -288.51 -57 45 -57.7639 -96.9954 -32.2052 -119.789 
-37 -290.462 -58 46 -59.2516 -98.2186 -32.3195 -117.818 
-37 -291.66 -59 47 -57.0955 -98.0522 -34.0958 -121.609 
-47 -284.157 -59 46 -54.7392 -98.4922 -33.2863 -126.865 
-37 -290.074 -58 47 -57.7887 -98.9252 -34.0958 -118.796 
-37 -291.444 -60 47 -55.2237 -97.6751 -35.8875 -127.547 
-37 -286.925 -56 45 -58.457 -97.8684 -32.2052 -116.976 
-47 -282.028 -57 47 -58.04 -98.0522 -32.1499 -121.609 
-37 -286.463 -57 45 -60.2182 -100.559 -32.3573 -118.571 
-37 -290.251 -59 45 -53.0001 -98.1419 -35.1179 -126.023 
-47 -280.835 -56 45 -55.8164 -98.519 -31.3802 -120.085 
-37 -286.075 -57 46 -58.7552 -101.266 -34.1336 -119.549 
FEATURES_TXT_END_0
FEATURES_TXT_BEGIN_0 58 100 8 Distortion0_0 LM0_0 WordPenalty0_0 PhrasePenalty0_0 TranslationModel0_0 TranslationModel0_1 TranslationModel0_2 TranslationModel0_3 
-42 -267.401 -59 46 -90.267 -117.982 -43.7236 -116.594 
-42 -267.672 -59 46 -89.0851 -118.3 -43.8713 -116.798 
-40 -268.422 -59 46 -91.6415 -117.996 -43.9467 -115.611 
-40 -268.693 -59 46 -90.4597 -118.313 -44.0944 -115.814 
-38 -273.449 -60 45 -87.0955 -115.549 -43.7138 -117.618 
-42 -267.373 -59 46 -91.6415 -117.996 -43.9467 -115.611 
-40 -270.671 -59 46 -87.7922 -116.367 -43.1914 -116.607 
-40 -267.527 -57 45 -92.5833 -117.44 -40.9975 -109.833 
-38 -273.719 -60 45 -85.9137 -115.867 -43.8615 -117.822 
-36 -274.47 -60 45 -88.4701 -115.563 -43.937 -116.635 
-42 -267.644 -59 46 -90.4597 -118.313 -44.0944 -115.814 
-40 -270.942 -59 46 -86.6104 -116.685 -43.339 -116.811 
-38 -271.692 -59 46 -89.1668 -116.381 -43.4145 -115.624 
-38 -268.548 -57 45 -93.9579 -117.454 -41.2206 -108.85 
-36 -274.741 -60 45 -87.2882 -115.881 -44.0846 -116.839 
-38 -271.963 -59 46 -87.985 -116.699 -43.5622 -115.828 
-40 -270.649 -59 46 -89.0716 -117.184 -42.2408 -115.926 
-48 -264.193 -59 46 -90.267 -117.982 -43.7236 -116.594 
-38 -273.42 -60 45 -88.4701 -115.563 -43.937 -116.635 
-36 -276.718 -60 45 -84.6207 -113.935 -43.1816 -117.631 
-40 -270.643 -59 46 -89.1668 -116.381 -43.4145 -115.624 
-36 -273.575 -58 44 -89.4118 -115.008 -40.9877 -110.857 
-40 -270.92 -59 46 -87.8898 -117.502 -42.3884 -116.129 
-48 -264.464 -59 46 -89.0851 -118.3 -43.8713 -116.798 
-38 -271.67 -59 46 -90.4462 -117.198 -42.4639 -114.943 
-40 -267.499 -57 45 -93.9579 -117.454 -41.2206 -108.85 
-38 -270.797 -57 45 -90.1085 -115.826 -40.4652 -109.847 
-38 -269.953 -59 46 -90.0678 -118.711 -43.7236 -116.856 
-38 -273.691 -60 45 -87.2882 -115.881 -44.0846 -116.839 
-36 -276.989 -60 45 -83.4389 -114.253 -43.3293 -117.835 
-34 -277.739 -60 45 -85.9953 -113.949 -43.4048 -116.648 
-40 -270.914 -59 46 -87.985 -116.699 -43.5622 -115.828 
-34 -274.596 -58 44 -90.7864 -115.021 -41.2108 -109.874 
-38 -271.941 -59 46 -89.2644 -117.516 -42.6116 -115.146 
-38 -270.224 -59 46 -88.886 -119.028 -43.8713 -117.06 
-36 -271.818 -57 45 -91.4831 -115.84 -40.6884 -108.863 
-36 -270.974 -59 46 -91.4424 -118.724 -43.9467 -115.873 
-42 -270.695 -61 47 -87.003 -118.447 -47.5368 -119.737 
-34 -278.01 -60 45 -84.8135 -114.267 -43.5524 -116.852 
-42 -268.178 -59 46 -88.9875 -117.165 -44.6742 -117.276 
-36 -276.697 -60 45 -85.9001 -114.752 -42.231 -116.95 
-44 -270.24 -60 45 -87.0955 -115.549 -43.7138 -117.618 
-36 -271.245 -59 46 -90.2606 -119.042 -44.0944 -116.077 
-40 -270.621 -59 46 -90.4462 -117.198 -42.4639 -114.943 
-46 -267.463 -59 46 -87.7922 -116.367 -43.1914 -116.607 
-42 -270.966 -61 47 -85.8211 -118.764 -47.6845 -119.941 
-38 -270.776 -57 45 -91.3879 -116.643 -39.5146 -109.165 
-46 -264.319 -57 45 -92.5833 -117.44 -40.9975 -109.833 
-42 -267.495 -59 46 -90.3173 -119.671 -42.7726 -117.213 
-36 -276.69 -60 45 -85.9953 -113.949 -43.4048 -116.648 
-40 -269.199 -59 46 -90.3621 -117.179 -44.8974 -116.293 
-50 -263.555 -58 46 -89.0306 -116.381 -41.8051 -115.624 
-36 -276.968 -60 45 -84.7183 -115.07 -42.3787 -117.153 
-44 -270.511 -60 45 -85.9137 -115.867 -43.8615 -117.822 
-34 -277.718 -60 45 -87.2747 -114.766 -42.4542 -115.967 
-36 -273.547 -58 44 -90.7864 -115.021 -41.2108 -109.874 
-34 -276.845 -58 44 -86.9371 -113.393 -40.4555 -110.871 
-40 -270.892 -59 46 -89.2644 -117.516 -42.6116 -115.146 
-46 -267.734 -59 46 -86.6104 -116.685 -43.339 -116.811 
-38 -270.769 -57 45 -91.4831 -115.84 -40.6884 -108.863 
-38 -269.925 -59 46 -91.4424 -118.724 -43.9467 -115.873 
-36 -273.222 -59 46 -87.5931 -117.096 -43.1914 -116.87 
-36 -271.797 -57 45 -92.7625 -116.657 -39.7378 -108.182 
-36 -270.079 -57 45 -92.3842 -118.169 -40.9975 -110.095 
-36 -276.961 -60 45 -84.8135 -114.267 -43.5524 -116.852 
-40 -268.516 -59 46 -91.6919 -119.685 -42.9958 -116.23 
-50 -263.826 -58 46 -87.8488 -116.699 -41.9527 -115.828 
-34 -277.989 -60 45 -86.0929 -115.084 -42.6018 -116.17 
-40 -271.829 -61 47 -88.3776 -118.46 -47.76 -118.754 
-40 -267.832 -57 45 -93.7651 -117.122 -40.8498 -109.629 
-32 -277.866 -58 44 -88.3117 -113.407 -40.6786 -109.888 
-38 -270.196 -59 46 -90.2606 -119.042 -44.0944 -116.077 
-36 -273.493 -59 46 -86.4112 -117.414 -43.339 -117.073 
-42 -267.055 -59 47 -91.9646 -120.488 -43.3561 -116.531 
-40 -268.033 -57 45 -92.4857 -116.305 -41.8004 -110.311 
-34 -274.244 -59 46 -88.9677 -117.11 -43.4145 -115.887 
-38 -276.743 -62 46 -83.8315 -116.014 -47.5271 -120.761 
-34 -271.1 -57 45 -93.7588 -118.183 -41.2206 -109.112 
-46 -267.441 -59 46 -89.0716 -117.184 -42.2408 -115.926 
-40 -273.965 -61 47 -84.5282 -116.832 -47.0046 -119.751 
-40 -270.822 -59 46 -89.3193 -117.905 -44.8107 -112.977 
-38 -274.225 -60 45 -85.8161 -114.732 -44.6645 -118.3 
-40 -272.1 -61 47 -87.1957 -118.778 -47.9076 -118.958 
-42 -268.15 -59 46 -90.3621 -117.179 -44.8974 -116.293 
-40 -271.448 -59 46 -86.5128 -115.55 -44.142 -117.289 
-42 -270.696 -60 47 -88.9231 -117.446 -44.2962 -117.708 
-38 -268.853 -57 45 -95.1397 -117.136 -41.0729 -108.646 
-36 -276.669 -60 45 -87.2747 -114.766 -42.4542 -115.967 
-50 -263.533 -58 46 -90.31 -117.198 -40.8545 -114.943 
-42 -273.51 -60 45 -84.6207 -113.935 -43.1816 -117.631 
-40 -267.35 -57 45 -93.8155 -118.812 -39.8988 -110.249 
-34 -274.515 -59 46 -87.7858 -117.428 -43.5622 -116.09 
-38 -277.014 -62 46 -82.6497 -116.332 -47.6747 -120.965 
-40 -268.076 -59 47 -93.3392 -120.502 -43.5792 -115.548 
-38 -269.054 -57 45 -93.8603 -116.319 -42.0236 -109.328 
-34 -276.823 -58 44 -88.2165 -114.21 -39.5049 -110.189 
-42 -270.367 -58 44 -89.4118 -115.008 -40.9877 -110.857 
-46 -267.712 -59 46 -87.8898 -117.502 -42.3884 -116.129 
-40 -274.236 -61 47 -83.3464 -117.15 -47.1523 -119.955 
-38 -270.748 -57 45 -92.7625 -116.657 -39.7378 -108.182 
FEATURES_TXT_END_0
FEATURES_TXT_BEGIN_0 59 100 8 Distortion0_0 LM0_0 WordPenalty0_0 PhrasePenalty0_0 TranslationModel0_0 TranslationModel0_1 TranslationModel0_2 TranslationModel0_3 
-27 -196.852 -44 34 -47.8926 -65.1437 -42.0963 -68.986 
-19 -203.615 -44 34 -47.0323 -64.4375 -40.3899 -67.6768 
-27 -199.189 -45 34 -45.8925 -64.982 -41.6597 -71.1353 
-19 -204.552 -45 34 -47.1746 -64.4375 -43.3654 -67.6768 
-19 -206.776 -46 34 -45.1746 -64.2757 -42.9289 -69.8261 
-27 -199.275 -45 34 -47.8926 -65.1437 -42.0963 -68.986 
-27 -194.556 -43 34 -49.8018 -68.1423 -38.9812 -69.1638 
-27 -203.823 -46 34 -41.098 -61.1432 -42.0963 -73.6719 
-27 -199.309 -44 34 -47.6908 -63.9996 -40.4476 -67.1689 
-37 -191.853 -44 35 -44.6872 -62.3731 -45.2635 -71.6662 
-19 -206.038 -45 34 -47.0323 -64.4375 -40.3899 -67.6768 
-27 -201.612 -46 34 -45.8925 -64.982 -41.6597 -71.1353 
-19 -202.159 -44 34 -48.1503 -65.1437 -42.0385 -68.986 
-27 -202.727 -46 35 -44.019 -62.1664 -43.3901 -72.3317 
-27 -202.975 -47 35 -43.8157 -62.1664 -48.0151 -72.3317 
-19 -201.32 -43 34 -48.9415 -67.436 -37.2747 -67.8546 
-27 -196.894 -44 34 -47.8018 -67.9805 -38.5446 -71.3131 
-19 -210.586 -46 34 -40.2377 -60.4369 -40.3899 -72.3627 
-29 -198.616 -44 35 -43.827 -61.6668 -43.5571 -70.357 
-27 -206.16 -47 34 -39.098 -60.9814 -41.6597 -75.8212 
-27 -201.647 -45 34 -45.6908 -63.8378 -40.0111 -69.3182 
-37 -194.19 -45 35 -42.6872 -62.2113 -44.827 -73.8155 
-19 -209.49 -46 35 -43.1587 -61.4601 -41.6837 -71.0225 
-37 -192.256 -45 35 -44.4839 -62.3731 -49.8885 -71.6662 
-19 -209.738 -47 35 -42.9554 -61.4601 -46.3087 -71.0225 
-19 -206.975 -46 34 -47.1746 -64.4375 -43.3654 -67.6768 
-27 -205.064 -47 35 -42.019 -62.0046 -42.9536 -74.481 
-27 -205.312 -48 35 -41.8156 -62.0046 -47.5785 -74.481 
-21 -206.745 -47 35 -44.8606 -64.7404 -43.7292 -72.9696 
-19 -203.096 -45 34 -48.2926 -65.1437 -45.0141 -68.986 
-19 -209.2 -47 34 -45.1746 -64.2757 -42.9289 -69.8261 
-27 -192.271 -43 34 -50.5748 -65.6003 -46.7213 -69.6744 
-27 -196.904 -43 34 -47.7503 -65.1437 -39.1208 -68.986 
-19 -202.257 -44 34 -49.0839 -67.436 -40.2503 -67.8546 
-21 -204.609 -46 35 -46.8607 -64.9022 -44.1658 -70.8203 
-19 -205.32 -46 34 -46.2926 -64.982 -44.5775 -71.1353 
-27 -198.925 -45 34 -48.1059 -65.1437 -43.795 -68.986 
-19 -211.524 -47 34 -40.38 -60.4369 -43.3654 -72.3627 
-29 -199.019 -45 35 -43.6236 -61.6668 -48.1821 -70.357 
-19 -204.481 -45 34 -47.0838 -67.2742 -39.8137 -70.0039 
-19 -201.762 -43 34 -47.7503 -65.1437 -39.1208 -68.986 
-29 -199.553 -45 35 -43.9693 -61.6668 -46.5327 -70.357 
-37 -194.593 -46 35 -42.4839 -62.2113 -49.452 -73.8155 
-19 -213.748 -48 34 -38.38 -60.2752 -42.9289 -74.512 
-19 -210.427 -47 35 -43.301 -61.4601 -44.6592 -71.0225 
-29 -201.777 -46 35 -41.9693 -61.5051 -46.0961 -72.5063 
-39 -185.184 -43 34 -50.5748 -65.6003 -46.7213 -69.6744 
-27 -196.98 -44 34 -49.8018 -68.1423 -38.9812 -69.1638 
-19 -210.675 -48 35 -43.0977 -61.4601 -49.2842 -71.0225 
-19 -199.034 -43 34 -49.7145 -64.894 -45.0149 -68.3652 
-19 -212.652 -48 35 -41.301 -61.2983 -44.2227 -73.1718 
-27 -206.247 -47 34 -41.098 -61.1432 -42.0963 -73.6719 
-27 -201.733 -45 34 -47.6908 -63.9996 -40.4476 -67.1689 
-27 -194.608 -44 34 -48.5747 -65.4385 -46.2847 -71.8237 
-19 -212.9 -49 35 -41.0977 -61.2983 -48.8476 -73.1718 
-19 -205.688 -45 34 -47.2456 -64.4375 -42.0885 -67.6768 
-37 -194.276 -45 35 -44.6872 -62.3731 -45.2635 -71.6662 
-27 -201.262 -46 34 -46.1058 -64.982 -43.3584 -71.1353 
-19 -204.582 -45 34 -48.1503 -65.1437 -42.0385 -68.986 
-27 -205.15 -47 35 -44.019 -62.1664 -43.3901 -72.3317 
-27 -201.528 -45 34 -43.0072 -64.1418 -38.9812 -73.8497 
-27 -197.014 -43 34 -49.6001 -66.9981 -37.3325 -67.3467 
-27 -195.571 -44 34 -50.0774 -65.616 -44.3989 -69.805 
-27 -205.398 -48 35 -43.8157 -62.1664 -48.0151 -72.3317 
-29 -199.956 -46 35 -43.7659 -61.6668 -51.1576 -70.357 
-37 -189.557 -43 35 -46.5965 -65.3716 -42.1484 -71.844 
-31 -191.947 -43 34 -49.7145 -64.894 -45.0149 -68.3652 
-19 -203.743 -44 34 -48.9415 -67.436 -37.2747 -67.8546 
-19 -202.7 -44 34 -47.8926 -65.1437 -42.0963 -68.986 
-27 -194.923 -44 34 -48.6265 -65.1437 -46.0083 -71.8138 
-27 -206.281 -46 34 -40.8962 -59.9991 -40.4476 -71.8549 
-39 -187.521 -44 34 -48.5747 -65.4385 -46.2847 -71.8237 
-27 -199.317 -45 34 -47.8018 -67.9805 -38.5446 -71.3131 
-37 -198.824 -46 35 -37.8927 -58.3726 -45.2635 -76.3521 
-19 -199.863 -43 34 -50.0596 -68.1423 -38.9234 -69.1638 
-29 -202.18 -47 35 -41.7659 -61.5051 -50.7211 -72.5063 
-19 -213.01 -47 34 -40.2377 -60.4369 -40.3899 -72.3627 
-37 -194.31 -44 35 -44.4855 -61.229 -43.6149 -69.8491 
-27 -200.432 -45 35 -45.9282 -65.1649 -40.275 -72.5095 
-19 -204.924 -45 34 -45.8925 -64.982 -41.6597 -71.1353 
-27 -200.68 -46 35 -45.7249 -65.1649 -44.8999 -72.5095 
-29 -201.039 -45 35 -43.827 -61.6668 -43.5571 -70.357 
-27 -208.584 -48 34 -39.098 -60.9814 -41.6597 -75.8212 
-27 -204.07 -46 34 -45.6908 -63.8378 -40.0111 -69.3182 
-19 -199.971 -44 34 -49.8568 -64.894 -47.9904 -68.3652 
-19 -209.13 -46 34 -41.3557 -61.1432 -42.0385 -73.6719 
-27 -209.699 -48 35 -37.2244 -58.1658 -43.3901 -77.0177 
-27 -205.185 -46 35 -43.8173 -61.0222 -41.7414 -70.5146 
-37 -196.613 -46 35 -42.6872 -62.2113 -44.827 -73.8155 
-27 -209.947 -49 35 -37.0211 -58.1658 -48.0151 -77.0177 
-29 -197.159 -44 35 -44.945 -62.3731 -45.2058 -71.6662 
-27 -205.433 -47 35 -43.6139 -61.0222 -46.3664 -70.5146 
-19 -211.914 -47 35 -43.1587 -61.4601 -41.6837 -71.0225 
-37 -194.679 -46 35 -44.4839 -62.3731 -49.8885 -71.6662 
-19 -208.291 -45 34 -42.1469 -63.4355 -37.2747 -72.5405 
-19 -206.625 -46 34 -47.3879 -64.4375 -45.0641 -67.6768 
-19 -202.195 -45 34 -47.8568 -64.7323 -47.5538 -70.5145 
-19 -202.334 -44 34 -49.2171 -64.9097 -42.6925 -68.4958 
-19 -212.162 -48 35 -42.9554 -61.4601 -46.3087 -71.0225 
-27 -207.488 -48 35 -42.019 -62.0046 -42.9536 -74.481 
FEATURES_TXT_END_0
FEATURES_TXT_BEGIN_0 60 100 8 Distortion0_0 LM0_0 WordPenalty0_0 PhrasePenalty0_0 TranslationModel0_0 TranslationModel0_1 TranslationModel0_2 TranslationModel0_3 
-19 -195.966 -37 33 -52.5187 -77.7586 -35.3599 -86.5086 
-19 -197.522 -38 33 -52.2955 -77.7586 -36.7462 -86.5086 
-19 -196.941 -38 33 -52.9188 -77.7586 -38.2777 -86.5086 
-19 -198.498 -39 33 -52.6956 -77.7586 -39.664 -86.5086 
-12 -200.131 -38 33 -54.061 -79.7655 -37.1174 -87.1929 
-12 -201.688 -39 33 -53.8378 -79.7655 -38.5037 -87.1929 
-22 -190.525 -37 34 -59.0534 -80.0835 -38.769 -85.3316 
-22 -192.081 -38 34 -58.8302 -80.0835 -40.1553 -85.3316 
-19 -197.464 -39 34 -52.0303 -78.6214 -39.8373 -90.0125 
-19 -195.243 -38 33 -53.6031 -78.1015 -39.7605 -88.6385 
-19 -196.799 -39 33 -53.3799 -78.1015 -41.1468 -88.6385 
-19 -200.4 -38 34 -49.6131 -76.9785 -34.483 -87.2371 
-19 -201.957 -39 34 -49.39 -76.9785 -35.8693 -87.2371 
-12 -201.107 -39 33 -54.461 -79.7655 -40.0351 -87.1929 
-19 -198.511 -37 33 -52.0769 -76.4503 -34.1072 -84.8436 
-12 -202.663 -40 33 -54.2379 -79.7655 -41.4214 -87.1929 
-16 -197.639 -37 33 -52.8262 -79.7655 -34.4093 -87.1929 
-19 -200.068 -38 33 -51.8537 -76.4503 -35.4935 -84.8436 
-16 -199.195 -38 33 -52.6031 -79.7655 -35.7956 -87.1929 
-19 -196.866 -37 33 -51.2393 -76.9415 -36.3105 -87.1904 
-23 -198.214 -38 34 -49.6131 -76.9785 -34.483 -87.2371 
-19 -198.422 -38 33 -51.0161 -76.9415 -37.6968 -87.1904 
-23 -199.771 -39 34 -49.39 -76.9785 -35.8693 -87.2371 
-19 -198.44 -40 34 -52.4304 -78.6214 -42.755 -90.0125 
-23 -198.243 -38 34 -49.6131 -76.9785 -34.483 -87.2371 
-23 -201.258 -38 34 -46.419 -74.2032 -33.5324 -86.6423 
-19 -196.219 -39 33 -54.0032 -78.1015 -42.6783 -88.6385 
-23 -199.8 -39 34 -49.39 -76.9785 -35.8693 -87.2371 
-23 -202.814 -39 34 -46.1958 -74.2032 -34.9187 -86.6423 
-19 -197.775 -40 33 -53.78 -78.1015 -44.0646 -88.6385 
-19 -192.875 -36 34 -58.1242 -78.308 -37.0116 -84.4109 
-12 -201.63 -40 34 -53.5726 -80.6283 -41.5947 -90.6968 
-19 -201.376 -39 34 -50.0132 -76.9785 -37.4008 -87.2371 
-19 -194.186 -36 33 -53.992 -77.7586 -35.3599 -86.5086 
-6 -203.088 -36 32 -53.6693 -80.7196 -31.1941 -84.2809 
-19 -194.431 -37 34 -57.901 -78.308 -38.3979 -84.4109 
-12 -199.409 -39 33 -55.1454 -80.1085 -41.518 -89.3228 
-19 -202.932 -40 34 -49.7901 -76.9785 -38.7871 -87.2371 
-19 -195.742 -37 33 -53.7688 -77.7586 -36.7462 -86.5086 
-6 -204.645 -37 32 -53.4461 -80.7196 -32.5804 -84.2809 
-22 -192.023 -39 35 -58.565 -80.9463 -43.2464 -88.8356 
-12 -200.965 -40 33 -54.9222 -80.1085 -42.9043 -89.3228 
-22 -189.802 -38 34 -60.1378 -80.4264 -43.1696 -87.4615 
-19 -196.641 -37 33 -53.7981 -78.5757 -34.4093 -85.8268 
-22 -191.359 -39 34 -59.9146 -80.4264 -44.5559 -87.4615 
-19 -193.817 -36 34 -57.2975 -77.4313 -37.0116 -83.9766 
-19 -197.582 -37 33 -53.1605 -77.2952 -34.4436 -85.41 
-19 -198.197 -38 33 -53.5749 -78.5757 -35.7956 -85.8268 
-19 -196.742 -40 34 -53.1147 -78.9643 -44.2379 -92.1424 
-19 -195.374 -37 34 -57.0744 -77.4313 -38.3979 -83.9766 
-19 -199.138 -38 33 -52.9374 -77.2952 -35.8299 -85.41 
-23 -194.489 -37 33 -52.5187 -77.7586 -35.3599 -86.5086 
-25 -190.794 -37 34 -58.1158 -77.3284 -39.2472 -84.7041 
-6 -202.913 -36 32 -53.9327 -81.0343 -31.5996 -84.0554 
-19 -201.899 -40 35 -49.1248 -77.8413 -38.9603 -90.741 
-23 -196.045 -38 33 -52.2955 -77.7586 -36.7462 -86.5086 
-25 -192.35 -38 34 -57.8926 -77.3284 -40.6334 -84.7041 
-6 -204.469 -37 32 -53.7096 -81.0343 -32.9859 -84.0554 
-19 -199.678 -39 34 -50.6975 -77.3214 -38.8836 -89.367 
-19 -199.934 -37 33 -49.3245 -74.9833 -34.4093 -85.9138 
-10 -203.068 -38 33 -53.6555 -79.0375 -36.0188 -86.6051 
-19 -199.487 -38 33 -52.4769 -76.4503 -37.0249 -84.8436 
-19 -201.234 -40 34 -50.4744 -77.3214 -40.2699 -89.367 
-19 -201.491 -38 33 -49.1014 -74.9833 -35.7956 -85.9138 
-16 -195.845 -37 34 -58.6479 -79.3555 -37.6704 -84.7439 
-19 -200.705 -38 34 -50.8925 -77.7956 -33.5324 -86.5553 
-10 -204.625 -39 33 -53.4324 -79.0375 -37.405 -86.6051 
-16 -198.614 -38 33 -53.2263 -79.7655 -37.3271 -87.1929 
-19 -201.043 -39 33 -52.2538 -76.4503 -38.4112 -84.8436 
-16 -197.402 -38 34 -58.4248 -79.3555 -39.0567 -84.7439 
-19 -202.261 -39 34 -50.6694 -77.7956 -34.9187 -86.5553 
-16 -200.171 -39 33 -53.0032 -79.7655 -38.7134 -87.1929 
-19 -197.841 -38 33 -51.6394 -76.9415 -39.2283 -87.1904 
-23 -199.19 -39 34 -50.0132 -76.9785 -37.4008 -87.2371 
-19 -197.449 -37 33 -50.4818 -77.5732 -35.3599 -87.6072 
-19 -199.398 -39 33 -51.4162 -76.9415 -40.6146 -87.1904 
-23 -200.746 -40 34 -49.7901 -76.9785 -38.7871 -87.2371 
-12 -202.677 -38 33 -53.6191 -78.4572 -35.8646 -85.5279 
-23 -199.219 -39 34 -50.0132 -76.9785 -37.4008 -87.2371 
-19 -199.647 -37 33 -51.6249 -75.6646 -33.6552 -84.6259 
-23 -202.233 -39 34 -46.8191 -74.2032 -36.4501 -86.6423 
-19 -199.005 -38 33 -50.2587 -77.5732 -36.7462 -87.6072 
-12 -204.233 -39 33 -53.396 -78.4572 -37.2509 -85.5279 
-19 -198.106 -37 33 -52.5187 -75.9615 -35.3599 -85.6213 
-23 -200.775 -40 34 -49.7901 -76.9785 -38.7871 -87.2371 
-19 -201.203 -38 33 -51.4017 -75.6646 -35.0415 -84.6259 
-22 -193.07 -37 34 -58.6115 -78.7751 -37.5163 -83.6666 
-12 -201.031 -38 33 -52.7816 -78.9485 -38.068 -87.8747 
-23 -203.79 -40 34 -46.5959 -74.2032 -37.8364 -86.6423 
-18 -196.109 -36 32 -51.2415 -80.6372 -32.2927 -85.8094 
-19 -199.662 -38 33 -52.2955 -75.9615 -36.7462 -85.6213 
-19 -203.999 -38 34 -46.419 -74.2032 -33.5324 -86.6423 
-19 -193.85 -37 34 -58.5243 -78.308 -39.9294 -84.4109 
-22 -194.627 -38 34 -58.3884 -78.7751 -38.9026 -83.6666 
-12 -202.588 -39 33 -52.5584 -78.9485 -39.4543 -87.8747 
-18 -197.666 -37 32 -51.0184 -80.6372 -33.679 -85.8094 
-12 -202.605 -41 34 -53.9727 -80.6283 -44.5125 -90.6968 
-16 -201.252 -37 32 -45.7358 -78.518 -31.9587 -88.9847 
-22 -191.425 -37 34 -57.774 -79.2664 -39.7197 -86.0134 
-19 -195.161 -37 33 -54.3921 -77.7586 -38.2777 -86.5086 
FEATURES_TXT_END_0
FEATURES_TXT_BEGIN_0 61 100 8 Distortion0_0 LM0_0 WordPenalty0_0 PhrasePenalty0_0 TranslationModel0_0 TranslationModel0_1 TranslationModel0_2 TranslationModel0_3 
-80 -308.913 -79 61 -106.598 -150.828 -69.0408 -165.419 
-78 -309.638 -79 61 -108.045 -151.009 -68.0757 -166.112 
-82 -307.698 -79 61 -108.681 -151.559 -66.9771 -165.127 
-82 -311.746 -81 61 -105.788 -151.599 -67.8785 -167.044 
-82 -308.289 -79 61 -106.618 -150.356 -68.2701 -165.744 
-80 -313.819 -81 61 -104.337 -150.036 -68.9633 -166.983 
-80 -311.102 -81 61 -106.113 -150.666 -73.0069 -167.568 
-82 -308.566 -79 62 -107.784 -151.212 -66.844 -165.88 
-76 -313.814 -80 62 -107.058 -151.212 -68.6358 -165.88 
-68 -314.788 -78 61 -106.787 -152.058 -66.3327 -166.306 
-80 -309.246 -79 61 -107.877 -151.645 -68.0902 -164.737 
-80 -312.239 -80 61 -101.925 -150.267 -70.1394 -167.651 
-76 -315.281 -81 62 -105.926 -151.05 -69.383 -168.029 
-78 -310.617 -79 62 -107.372 -150.828 -69.4467 -165.419 
-66 -315.513 -78 61 -108.234 -152.24 -65.3677 -166.999 
-78 -309.971 -79 61 -109.324 -151.826 -67.1251 -165.43 
-80 -310.706 -80 61 -104.784 -150.666 -70.8866 -167.568 
-80 -307.198 -79 61 -108.927 -153.826 -69.4222 -165.597 
-68 -319.761 -78 60 -101.924 -150.795 -63.5744 -162.102 
-78 -311.431 -80 61 -106.232 -150.848 -69.9215 -168.261 
-70 -313.573 -78 61 -108.87 -152.789 -64.2691 -166.014 
-82 -308.031 -79 61 -109.96 -152.376 -66.0265 -164.445 
-84 -304.413 -78 61 -114.249 -151.506 -68.3476 -159.764 
-78 -307.923 -79 61 -110.375 -154.008 -68.4571 -166.29 
-86 -306.157 -79 61 -106.085 -152.112 -68.0902 -165.281 
-70 -317.621 -80 61 -105.977 -152.83 -65.1704 -167.931 
-84 -312.952 -80 61 -100.907 -145.321 -71.4567 -164.905 
-66 -320.486 -78 60 -103.371 -150.977 -62.6093 -162.795 
-82 -312.079 -81 61 -107.067 -152.417 -66.9279 -166.363 
-70 -314.164 -78 61 -106.807 -151.587 -65.5621 -166.631 
-82 -308.621 -79 61 -107.897 -151.173 -67.3195 -165.063 
-82 -305.138 -78 61 -115.697 -151.688 -67.3826 -160.457 
-82 -309.491 -80 61 -106.868 -151.397 -68.8229 -167.276 
-84 -309.736 -80 61 -103.716 -149.8 -70.1394 -167.108 
-80 -311.968 -80 61 -105.904 -150.828 -69.0408 -165.419 
-84 -306.882 -79 61 -107.532 -152.293 -67.1251 -165.974 
-76 -314.864 -80 61 -101.925 -150.267 -70.1394 -167.651 
-68 -319.694 -80 61 -104.526 -151.267 -66.2552 -167.87 
-80 -314.152 -81 61 -105.616 -150.853 -68.0127 -166.302 
-80 -310.954 -80 61 -106.811 -150.828 -70.7395 -165.419 
-82 -305.983 -79 61 -111.011 -154.557 -67.3585 -165.305 
-76 -312.435 -79 61 -104.806 -151.295 -69.0408 -165.963 
-76 -314.938 -80 61 -104.352 -150.35 -69.0408 -166.123 
-70 -318.546 -78 60 -104.007 -151.526 -61.5107 -161.81 
-76 -312.51 -79 61 -107.234 -151.377 -67.9422 -164.434 
-82 -310.031 -81 61 -108.118 -154.598 -68.2598 -167.222 
-78 -312.693 -80 61 -107.352 -151.009 -68.0757 -166.112 
-76 -313.291 -79 62 -107.279 -148.898 -69.3466 -164.545 
-70 -322.594 -80 60 -101.114 -151.567 -62.4121 -163.727 
-82 -306.574 -79 61 -108.948 -153.355 -68.6515 -165.922 
-74 -315.589 -80 61 -103.372 -150.449 -69.1743 -168.344 
-86 -303.198 -78 61 -116.333 -152.237 -66.284 -159.473 
-70 -319.137 -78 60 -101.944 -150.324 -62.8037 -162.427 
-78 -311.679 -80 61 -108.258 -151.009 -69.7744 -166.112 
-74 -313.16 -79 61 -106.253 -151.476 -68.0757 -166.656 
-76 -313.366 -79 62 -109.707 -148.98 -68.248 -163.017 
-80 -311.971 -79 61 -103.796 -149.771 -68.3476 -164.527 
-74 -315.663 -80 61 -105.8 -150.531 -68.0757 -166.816 
-76 -317.339 -81 62 -104.386 -148.939 -70.248 -166.462 
-68 -316.977 -80 61 -106.303 -151.897 -70.2988 -168.455 
-80 -311.435 -81 61 -107.393 -151.483 -72.0563 -166.886 
-86 -307.246 -80 61 -113.44 -152.278 -67.1853 -161.39 
-70 -314.441 -78 62 -107.973 -152.443 -64.136 -166.767 
-76 -313.882 -79 62 -105.216 -147.695 -70.6397 -165.162 
-82 -308.899 -79 62 -109.063 -152.029 -65.8934 -165.198 
-74 -313.235 -79 61 -108.681 -151.559 -66.9771 -165.127 
-86 -303.789 -78 61 -114.269 -151.035 -67.577 -160.09 
-76 -317.414 -81 62 -106.814 -149.021 -69.1494 -164.934 
-80 -312.105 -81 61 -106.667 -153.035 -69.3447 -167.161 
-76 -313.957 -79 62 -107.644 -147.778 -69.5411 -163.634 
-68 -324.668 -80 60 -99.6631 -150.003 -63.4969 -163.666 
-82 -310.753 -80 61 -107.988 -151.559 -66.9771 -165.127 
-76 -313.655 -80 61 -107.955 -151.559 -68.7689 -165.127 
-80 -310.192 -79 61 -104.806 -151.295 -69.0408 -165.963 
-84 -309.319 -80 61 -111.988 -150.715 -68.2701 -161.329 
-82 -309.739 -80 61 -108.894 -151.559 -68.6758 -165.127 
-64 -319.688 -79 62 -107.247 -152.443 -65.9277 -166.767 
-76 -314.146 -80 62 -108.337 -152.029 -67.6852 -165.198 
-82 -314.801 -82 61 -105.095 -151.599 -67.8785 -167.044 
-82 -310.36 -80 62 -105.97 -151.05 -68.6898 -168.029 
-82 -311.344 -80 61 -105.925 -150.356 -68.2701 -165.744 
-86 -311.063 -81 61 -103.824 -151.32 -68.0127 -166.845 
-90 -301.517 -79 62 -111.095 -153.558 -70.446 -163.794 
-82 -313.787 -82 61 -106.001 -151.599 -69.5771 -167.044 
-80 -310.941 -80 62 -105.434 -150.881 -72.2989 -166.73 
-80 -309.388 -81 61 -108.443 -153.665 -73.3883 -167.746 
-82 -310.33 -80 61 -106.831 -150.356 -69.9688 -165.744 
-82 -306.852 -79 62 -110.113 -154.21 -67.2254 -166.058 
-68 -321.951 -80 60 -101.44 -150.633 -67.5405 -164.251 
-68 -315.12 -78 61 -108.066 -152.875 -65.3821 -165.624 
-82 -308.904 -81 61 -109.046 -155.152 -69.2648 -168.025 
-70 -319.415 -78 61 -103.11 -151.179 -61.3776 -162.563 
-80 -316.874 -82 61 -103.643 -150.036 -68.9633 -166.983 
-80 -311.089 -80 61 -106.415 -150.828 -71.4296 -165.419 
-76 -315.122 -81 61 -106.823 -151.397 -69.5161 -167.276 
-84 -306.602 -80 61 -113.765 -151.345 -72.3137 -161.914 
-76 -319.77 -82 61 -99.6637 -149.476 -70.0619 -169.216 
-88 -302.242 -79 62 -112.542 -153.74 -69.4809 -164.487 
-86 -304.066 -78 62 -115.435 -151.89 -66.1509 -160.225 
-68 -318.113 -79 61 -102.114 -151.498 -67.4314 -168.538 
FEATURES_TXT_END_0
FEATURES_TXT_BEGIN_0 62 100 8 Distortion0_0 LM0_0 WordPenalty0_0 PhrasePenalty0_0 TranslationModel0_0 TranslationModel0_1 TranslationModel0_2 TranslationModel0_3 
-49 -157.119 -42 32 -45.8588 -69.7005 -32.5666 -79.5767 
-49 -155.586 -41 32 -46.3289 -69.7005 -30.9572 -79.5767 
-45 -161.11 -42 32 -43.5563 -67.024 -32.5666 -80.6753 
-45 -159.577 -41 32 -44.0263 -67.024 -30.9572 -80.6753 
-49 -153.357 -41 31 -48.6782 -70.4766 -33.8266 -78.5083 
-49 -151.824 -40 31 -49.1482 -70.4766 -32.2171 -78.5083 
-45 -157.348 -41 31 -46.3756 -67.8002 -33.8266 -79.6069 
-45 -155.815 -40 31 -46.8456 -67.8002 -32.2171 -79.6069 
-49 -156.02 -41 31 -49.9373 -71.2774 -30.0344 -73.8571 
-49 -154.486 -40 31 -50.4073 -71.2774 -28.4249 -73.8571 
-45 -160.011 -41 31 -47.6347 -68.601 -30.0344 -74.9557 
-45 -158.477 -40 31 -48.1047 -68.601 -28.4249 -74.9557 
-49 -152.257 -40 30 -52.7567 -72.0536 -31.2943 -72.7887 
-49 -150.724 -39 30 -53.2267 -72.0536 -29.6849 -72.7887 
-55 -154.335 -42 32 -45.8391 -69.1021 -32.9721 -78.826 
-55 -152.801 -41 32 -46.3091 -69.1021 -31.3626 -78.826 
-45 -156.248 -40 30 -50.4541 -69.3771 -31.2943 -73.8873 
-45 -154.715 -39 30 -50.9241 -69.3771 -29.6849 -73.8873 
-50 -156.392 -41 32 -45.0441 -69.1021 -31.4316 -78.826 
-50 -154.858 -40 32 -45.5141 -69.1021 -29.8222 -78.826 
-53 -155.318 -42 32 -45.2031 -68.5528 -34.0707 -79.8109 
-53 -153.785 -41 32 -45.6731 -68.5528 -32.4613 -79.8109 
-42 -162.071 -41 32 -44.2487 -68.6863 -31.0124 -78.5308 
-42 -160.537 -40 32 -44.7187 -68.6863 -29.4029 -78.5308 
-53 -154.847 -41 32 -46.6538 -69.3383 -30.7749 -77.3024 
-54 -154.119 -41 32 -45.0441 -69.1021 -31.4316 -78.826 
-53 -153.314 -40 32 -47.1238 -69.3383 -29.1654 -77.3024 
-54 -152.585 -40 32 -45.5141 -69.1021 -29.8222 -78.826 
-55 -153.235 -41 31 -49.9175 -70.6791 -30.4398 -73.1064 
-38 -166.062 -41 32 -41.9461 -66.0099 -31.0124 -79.6294 
-55 -151.702 -40 31 -50.3875 -70.6791 -28.8304 -73.1064 
-38 -164.528 -40 32 -42.4161 -66.0099 -29.4029 -79.6294 
-49 -158.838 -41 32 -44.3512 -66.6619 -30.7749 -78.401 
-49 -157.305 -40 32 -44.8212 -66.6619 -29.1654 -78.401 
-53 -157.124 -42 32 -43.8 -66.7403 -33.3775 -79.6991 
-53 -155.591 -41 32 -44.27 -66.7403 -31.7681 -79.6991 
-49 -156.716 -41 32 -47.6721 -69.8622 -30.7208 -77.4274 
-46 -158.644 -41 32 -45.0639 -69.7005 -31.0262 -79.5767 
-49 -155.183 -40 32 -48.1421 -69.8622 -29.1114 -77.4274 
-46 -157.111 -40 32 -45.5339 -69.7005 -29.4167 -79.5767 
-42 -158.308 -40 31 -47.068 -69.4624 -32.2723 -77.4624 
-50 -155.292 -40 31 -49.1226 -70.6791 -28.8994 -73.1064 
-42 -156.775 -39 31 -47.538 -69.4624 -30.6629 -77.4624 
-50 -153.759 -39 31 -49.5926 -70.6791 -27.29 -73.1064 
-53 -151.085 -40 31 -49.4731 -70.1144 -32.0348 -76.234 
-45 -160.707 -41 32 -45.3695 -67.1858 -30.7208 -78.526 
-42 -162.635 -41 32 -42.7613 -67.024 -31.0262 -80.6753 
-53 -154.218 -41 31 -49.2815 -70.1297 -31.5385 -74.0913 
-53 -149.551 -39 31 -49.9431 -70.1144 -30.4254 -76.234 
-45 -159.174 -40 32 -45.8395 -67.1858 -29.1114 -78.526 
-42 -161.102 -40 32 -43.2313 -67.024 -29.4167 -80.6753 
-53 -152.685 -40 31 -49.7516 -70.1297 -29.929 -74.0913 
-53 -157.51 -42 32 -43.5365 -66.4257 -32.9721 -79.9246 
-38 -162.299 -40 31 -44.7654 -66.786 -32.2723 -78.561 
-53 -155.977 -41 32 -44.0065 -66.4257 -31.3626 -79.9246 
-38 -160.766 -39 31 -45.2354 -66.786 -30.6629 -78.561 
-49 -155.076 -40 31 -47.1705 -67.438 -32.0348 -77.3326 
-49 -153.542 -39 31 -47.6405 -67.438 -30.4254 -77.3326 
-42 -164.226 -41 32 -41.9263 -65.4115 -31.4178 -78.8787 
-42 -162.693 -40 32 -42.3963 -65.4115 -29.8084 -78.8788 
-48 -159.181 -41 32 -43.005 -66.7403 -31.8371 -79.6991 
-48 -157.648 -40 32 -43.475 -66.7403 -30.2277 -79.6991 
-42 -160.971 -40 31 -48.3271 -70.2633 -28.4801 -72.8112 
-47 -159.251 -42 32 -45.8588 -69.7005 -32.5666 -79.5767 
-42 -159.438 -39 31 -48.7971 -70.2633 -26.8707 -72.8112 
-53 -153.747 -40 31 -50.7323 -70.9153 -28.2426 -71.5828 
-46 -158.791 -41 32 -45.0639 -69.7005 -31.0262 -79.5767 
-49 -152.954 -40 31 -50.4915 -70.6384 -31.9808 -76.359 
-54 -153.019 -40 31 -49.1226 -70.6791 -28.8994 -73.1064 
-47 -157.717 -41 32 -46.3289 -69.7005 -30.9572 -79.5767 
-46 -154.882 -40 31 -47.8833 -70.4766 -32.2861 -78.5083 
-53 -152.214 -39 31 -51.2023 -70.9153 -26.6332 -71.5828 
-46 -157.258 -40 32 -45.5339 -69.7005 -29.4167 -79.5767 
-49 -151.421 -39 31 -50.9615 -70.6384 -30.3713 -76.359 
-54 -151.486 -39 31 -49.5926 -70.6791 -27.29 -73.1064 
-46 -153.349 -39 31 -48.3533 -70.4766 -30.6767 -78.5083 
-38 -164.962 -40 31 -46.0245 -67.5868 -28.4801 -73.9098 
-43 -163.242 -42 32 -43.5563 -67.024 -32.5666 -80.6753 
-46 -156.834 -41 32 -48.0779 -70.6216 -33.0003 -78.6438 
-38 -163.429 -39 31 -46.4946 -67.5868 -26.8707 -73.9098 
-49 -157.738 -40 31 -48.4297 -68.2388 -28.2426 -72.6814 
-48 -159.567 -41 32 -42.7415 -66.4257 -31.4316 -79.9246 
-42 -162.782 -41 32 -42.7613 -67.024 -31.0262 -80.6753 
-45 -156.945 -40 31 -48.1889 -67.9619 -31.9808 -77.4576 
-43 -161.708 -41 32 -44.0263 -67.024 -30.9572 -80.6753 
-46 -155.3 -40 32 -48.5479 -70.6216 -31.3908 -78.6438 
-42 -158.873 -40 31 -45.5807 -67.8002 -32.2861 -79.6069 
-49 -156.205 -39 31 -48.8997 -68.2388 -26.6332 -72.6814 
-48 -158.033 -40 32 -43.2115 -66.4257 -29.8222 -79.9246 
-42 -161.249 -40 32 -43.2313 -67.024 -29.4167 -80.6753 
-45 -155.412 -39 31 -48.6589 -67.9619 -30.3713 -77.4576 
-42 -157.34 -39 31 -46.0507 -67.8002 -30.6767 -79.6069 
-42 -160.825 -41 32 -45.7753 -67.9452 -33.0003 -79.7424 
-52 -156.908 -41 32 -43.005 -66.7403 -31.8371 -79.6991 
-42 -159.291 -40 32 -46.2453 -67.9452 -31.3908 -79.7424 
-52 -155.375 -40 32 -43.475 -66.7403 -30.2277 -79.6991 
-53 -156.025 -41 31 -47.8784 -68.3173 -30.8453 -73.9795 
-53 -154.492 -40 31 -48.3484 -68.3173 -29.2359 -73.9795 
-46 -157.545 -40 31 -49.1424 -71.2774 -28.4939 -73.8571 
-46 -156.011 -39 31 -49.6124 -71.2774 -26.8845 -73.8571 
FEATURES_TXT_END_0
FEATURES_TXT_BEGIN_0 63 98 8 Distortion0_0 LM0_0 WordPenalty0_0 PhrasePenalty0_0 TranslationModel0_0 TranslationModel0_1 TranslationModel0_2 TranslationModel0_3 
-16 -145.438 -27 25 -40.2272 -59.1969 -16.0902 -40.746 
-20 -139.532 -26 25 -42.3438 -62.1954 -14.7729 -40.9238 
-12 -146.823 -26 25 -40.4423 -59.1969 -13.7877 -40.746 
-16 -140.916 -25 25 -42.559 -62.1954 -12.4704 -40.9238 
-16 -144.536 -26 25 -40.4423 -59.1969 -13.7877 -40.746 
-16 -147.701 -27 25 -37.6091 -59.1969 -13.7877 -40.746 
-20 -138.629 -25 25 -42.559 -62.1954 -12.4704 -40.9238 
-20 -141.795 -26 25 -39.7257 -62.1954 -12.4704 -40.9238 
-12 -148.49 -28 25 -36.0649 -60.115 -17.6589 -47.127 
-12 -147.211 -26 25 -40.0139 -59.1969 -14.3916 -40.746 
-16 -142.583 -27 25 -38.1816 -63.1135 -16.3416 -47.3048 
-16 -144.829 -26 25 -40.0139 -59.1969 -14.3916 -40.746 
-16 -143.723 -27 25 -42.5571 -62.1954 -16.4716 -40.9238 
-4 -151.62 -27 24 -34.301 -61.8041 -15.039 -48.358 
-12 -148.525 -27 25 -40.2272 -59.1969 -16.0902 -40.746 
-16 -143.007 -28 26 -42.1357 -61.8665 -19.5499 -46.5285 
-8 -148.596 -25 25 -40.229 -59.1969 -12.089 -40.746 
-16 -142.618 -26 25 -42.3438 -62.1954 -14.7729 -40.9238 
-16 -146.395 -27 25 -38.9478 -58.3798 -17.0409 -41.4277 
-12 -146.213 -25 25 -40.229 -59.1969 -12.089 -40.746 
-20 -137.101 -27 26 -44.2524 -64.8651 -18.2326 -46.7063 
-12 -145.108 -26 25 -42.7722 -62.1954 -14.169 -40.9238 
-16 -147.479 -28 25 -40.4404 -59.1969 -17.7889 -40.746 
-16 -143.244 -26 25 -41.4515 -60.7202 -14.4808 -42.1811 
-20 -140.488 -26 25 -41.0644 -61.3783 -15.7236 -41.6055 
-12 -146.309 -25 25 -40.229 -59.1969 -12.089 -40.746 
-16 -143.926 -25 25 -40.229 -59.1969 -12.089 -40.746 
-16 -142.821 -26 25 -42.7722 -62.1954 -14.169 -40.9238 
-12 -149.474 -26 25 -37.3958 -59.1969 -12.089 -40.746 
-12 -149.441 -28 25 -37.7216 -59.619 -18.1697 -44.0032 
-20 -137.337 -25 25 -43.5682 -63.7188 -13.1635 -42.3589 
-12 -147.779 -26 25 -39.1629 -58.3798 -14.7383 -41.4277 
-16 -147.092 -26 25 -37.3958 -59.1969 -12.089 -40.746 
-16 -145.986 -27 25 -39.939 -62.1954 -14.169 -40.9238 
-12 -148.864 -27 25 -40.6556 -59.1969 -15.4863 -40.746 
-12 -148.341 -27 25 -37.9367 -59.619 -15.8671 -44.0032 
-16 -149.546 -28 25 -37.3939 -59.1969 -16.0902 -40.746 
-16 -143.534 -27 25 -39.8383 -62.6176 -16.8524 -44.181 
-16 -141.873 -25 25 -41.2796 -61.3783 -13.421 -41.6055 
-18 -149.204 -28 25 -37.0383 -56.2111 -16.3779 -41.7345 
-14 -151.33 -30 24 -30.9321 -60.9145 -16.243 -53.0093 
-16 -145.492 -26 25 -39.1629 -58.3798 -14.7383 -41.4277 
-4 -152.572 -27 24 -35.9577 -61.3082 -15.5499 -45.2342 
-24 -143.658 -27 25 -37.6091 -59.1969 -13.7877 -40.746 
-16 -142.434 -26 25 -40.0534 -62.6176 -14.5498 -44.181 
-8 -150.825 -27 25 -37.9367 -59.619 -15.8671 -44.0032 
-20 -143.639 -27 25 -39.5106 -62.1954 -14.7729 -40.9238 
-16 -148.658 -27 25 -36.3297 -58.3798 -14.7383 -41.4277 
-16 -146.577 -27 25 -40.6556 -59.1969 -15.4863 -40.746 
-12 -150.192 -29 25 -35.8498 -60.115 -19.9614 -47.127 
-4 -155.482 -28 24 -32.8224 -60.689 -13.9404 -48.4035 
-22 -143.298 -27 25 -39.155 -59.2097 -15.0606 -41.9123 
-12 -146.601 -27 25 -38.946 -61.1424 -16.5602 -45.4383 
-16 -149.742 -28 25 -37.8223 -59.1969 -15.4863 -40.746 
-4 -151.471 -26 24 -36.1728 -61.3082 -13.2473 -45.2342 
-20 -139.586 -25 25 -41.2796 -61.3783 -13.421 -41.6055 
-18 -149.315 -28 25 -37.0383 -56.2111 -16.3779 -41.7345 
-28 -137.752 -26 25 -39.7257 -62.1954 -12.4704 -40.9238 
-12 -144.919 -26 25 -40.0534 -62.6176 -14.5498 -44.181 
-8 -150.263 -27 25 -35.8517 -60.115 -15.9602 -47.127 
-24 -141.315 -27 25 -37.9367 -59.619 -15.8671 -44.0032 
-20 -142.751 -26 25 -38.4463 -61.3783 -13.421 -41.6055 
-16 -144.285 -28 25 -37.9665 -63.1135 -18.6441 -47.3048 
-12 -147.881 -27 25 -35.8517 -60.115 -15.9602 -47.127 
-12 -148.538 -27 25 -37.9367 -59.619 -15.8671 -44.0032 
-12 -146.775 -28 25 -38.3949 -63.1135 -18.0402 -47.3048 
-16 -140.694 -26 25 -41.0627 -64.1409 -15.2429 -45.6161 
-12 -149.021 -27 25 -40.2272 -59.1969 -16.0902 -40.746 
0 -153.956 -26 24 -36.1728 -61.3082 -13.2473 -45.2342 
-12 -151.704 -28 25 -35.1035 -59.619 -15.8671 -44.0032 
-18 -145.438 -27 25 -40.2272 -59.1969 -16.0902 -40.746 
-22 -143.409 -27 25 -39.155 -59.2097 -15.0606 -41.9123 
-14 -146.823 -26 25 -40.4423 -59.1969 -13.7877 -40.746 
-4 -153.323 -28 24 -34.0859 -61.8041 -17.3416 -48.358 
-28 -135.408 -26 25 -40.0534 -62.6176 -14.5498 -44.181 
-4 -149.731 -26 24 -37.1821 -62.8315 -13.9404 -46.6692 
-12 -145.497 -26 25 -42.3438 -62.1954 -14.7729 -40.9238 
-16 -142.632 -26 25 -40.0534 -62.6176 -14.5498 -44.181 
-16 -143.114 -26 25 -42.3438 -62.1954 -14.7729 -40.9238 
-18 -148.302 -27 25 -37.2534 -56.2111 -14.0753 -41.7345 
-16 -145.798 -27 25 -37.2202 -62.6176 -14.5498 -44.181 
-16 -146.721 -27 25 -40.2272 -59.1969 -16.0902 -40.746 
-22 -139.532 -26 25 -42.3438 -62.1954 -14.7729 -40.9238 
-4 -154.835 -27 24 -33.3396 -61.3082 -13.2473 -45.2342 
-16 -144.445 -26 24 -36.1728 -61.3082 -13.2473 -45.2342 
-14 -150.427 -29 24 -31.1472 -60.9145 -13.9404 -53.0093 
-8 -150.298 -26 25 -40.0139 -59.1969 -14.3916 -40.746 
-12 -149.447 -28 25 -34.7855 -59.2979 -18.6095 -47.8088 
-12 -144.781 -27 26 -41.9225 -61.8665 -17.8512 -46.5285 
-4 -151.669 -26 24 -36.1728 -61.3082 -13.2473 -45.2342 
-12 -147.915 -26 25 -40.0139 -59.1969 -14.3916 -40.746 
-14 -148.354 -28 24 -34.4585 -61.64 -15.5499 -47.6215 
-4 -149.906 -27 24 -36.631 -64.8027 -15.4204 -48.5358 
-16 -142.398 -27 26 -41.9225 -61.8665 -17.8512 -46.5285 
-12 -146.81 -27 25 -42.5571 -62.1954 -16.4716 -40.9238 
-8 -150.405 -26 25 -40.4423 -59.1969 -13.7877 -40.746 
-16 -141.293 -28 26 -44.4657 -64.8651 -19.9313 -46.7063 
-12 -150.531 -29 25 -36.2782 -60.115 -19.3575 -47.127 
FEATURES_TXT_END_0
FEATURES_TXT_BEGIN_0 64 100 8 Distortion0_0 LM0_0 WordPenalty0_0 PhrasePenalty0_0 TranslationModel0_0 TranslationModel0_1 TranslationModel0_2 TranslationModel0_3 
-53 -215.783 -52 45 -75.0647 -97.1083 -41.6817 -105.099 
-53 -214.982 -52 45 -75.7578 -97.9152 -42.3749 -105.153 
-53 -216.951 -52 44 -74.3738 -97.544 -38.4835 -104.897 
-57 -210.717 -54 45 -78.0079 -101.293 -47.5718 -109.015 
-46 -225.505 -54 46 -72.8006 -94.6667 -43.8117 -105.268 
-53 -216.15 -52 44 -75.067 -98.3509 -39.1766 -104.951 
-57 -211.885 -54 44 -77.317 -101.728 -44.3735 -108.813 
-51 -216.869 -52 45 -75.4701 -97.1741 -42.3749 -104.786 
-46 -224.704 -54 46 -73.4938 -95.4736 -44.5049 -105.322 
-50 -220.439 -56 46 -75.7438 -98.8511 -49.7018 -109.184 
-53 -215.204 -52 45 -78.1856 -97.9976 -41.2763 -103.625 
-51 -218.037 -52 44 -74.7793 -97.6098 -39.1766 -104.584 
-53 -216.372 -52 44 -77.4947 -98.4333 -38.078 -103.423 
-44 -226.591 -54 46 -73.2061 -94.7325 -44.5049 -104.955 
-51 -216.234 -52 45 -78.4491 -98.3123 -41.6817 -103.399 
-46 -224.926 -54 46 -75.9215 -95.556 -43.4063 -103.794 
-59 -212.788 -52 45 -76.5773 -96.5959 -41.6817 -103.687 
-57 -212.437 -54 45 -74.9434 -100.63 -46.4731 -110.439 
-53 -216.066 -52 45 -76.3441 -97.9254 -40.7311 -104.418 
-59 -213.574 -52 45 -76.9827 -95.7268 -41.6817 -102.301 
-51 -218.893 -53 45 -77.9148 -95.7268 -44.4543 -102.301 
-51 -217.402 -52 44 -77.7582 -98.748 -38.4835 -103.197 
-59 -213.956 -52 44 -75.8864 -97.0316 -38.4835 -103.485 
-53 -215.265 -52 45 -77.0372 -98.7323 -41.4242 -104.472 
-44 -225.957 -54 46 -76.185 -95.8707 -43.8117 -103.568 
-46 -225.73 -54 46 -74.08 -95.4837 -42.8611 -104.587 
-57 -213.605 -54 44 -74.2525 -101.065 -43.2749 -110.237 
-57 -211 -54 45 -79.2873 -102.11 -46.6211 -108.333 
-59 -214.742 -52 44 -76.2919 -96.1626 -38.4835 -102.099 
-51 -220.061 -53 44 -77.2239 -96.1626 -41.256 -102.099 
-52 -222.51 -54 46 -74.3132 -94.1543 -43.8117 -103.856 
-55 -214.722 -53 45 -79.6894 -96.8813 -45.2692 -103.296 
-53 -217.917 -53 45 -73.5654 -97.4401 -41.6817 -107.487 
-50 -222.159 -56 46 -72.6793 -98.1879 -48.6032 -110.608 
-52 -223.296 -54 46 -74.7187 -93.2852 -43.8117 -102.47 
-44 -228.616 -55 46 -75.6507 -93.2852 -46.5843 -102.47 
-51 -216.324 -52 45 -80.5569 -97.8539 -41.6817 -102.147 
-53 -215.532 -52 45 -76.364 -98.1762 -42.7803 -103.909 
-46 -224.929 -54 46 -74.7732 -96.2907 -43.5543 -104.641 
-50 -220.664 -56 46 -77.0232 -99.6682 -48.7512 -108.502 
-51 -217.151 -52 45 -76.7495 -97.9912 -41.4242 -104.104 
-55 -215.89 -53 44 -78.9986 -97.317 -42.0709 -103.093 
-53 -217.116 -53 45 -74.2586 -98.247 -42.3749 -107.541 
-49 -219.623 -50 44 -69.8421 -94.3175 -39.3363 -102.666 
-53 -219.085 -53 44 -72.8746 -97.8758 -38.4835 -107.285 
-53 -216.18 -52 45 -76.7523 -98.2588 -40.2791 -104.518 
-53 -215.486 -52 45 -79.465 -98.8147 -40.3256 -102.943 
-53 -214.731 -52 45 -77.0571 -98.9831 -43.4735 -103.963 
-59 -213.623 -53 45 -77.5093 -96.5959 -44.4543 -103.687 
-51 -217.492 -52 44 -79.8661 -98.2896 -38.4835 -101.944 
-53 -216.7 -52 44 -75.6731 -98.6119 -39.5821 -103.707 
-57 -210.466 -54 45 -79.3072 -102.361 -48.6704 -107.825 
-47 -218.997 -52 45 -78.4491 -98.3123 -41.6817 -103.399 
-55 -215.353 -52 45 -75.0647 -97.1083 -41.6817 -105.099 
-48 -224.444 -55 46 -77.4254 -94.4397 -47.3992 -103.465 
-46 -227.639 -55 46 -71.3014 -94.9985 -43.8117 -107.656 
-44 -226.816 -54 46 -74.4855 -95.5496 -43.5543 -104.273 
-59 -214.409 -53 45 -77.9148 -95.7268 -44.4543 -102.301 
-47 -221.098 -52 45 -76.9827 -95.7268 -41.6817 -102.301 
-44 -226.046 -54 46 -78.2929 -95.4123 -43.8117 -102.316 
-49 -218.822 -50 44 -70.5353 -95.1245 -40.0294 -102.72 
-53 -218.284 -53 44 -73.5677 -98.6827 -39.1766 -107.339 
-49 -224.299 -53 44 -66.492 -93.2281 -44.4331 -105.576 
-49 -220.791 -50 43 -69.1513 -94.7532 -36.138 -102.464 
-53 -214.557 -52 44 -72.7853 -98.5019 -45.2263 -106.582 
-53 -215.379 -52 45 -77.4454 -99.0658 -40.9723 -104.572 
-46 -225.151 -54 46 -77.2009 -96.3731 -42.4557 -103.112 
-57 -211.114 -54 45 -79.6955 -102.443 -46.1692 -108.434 
-51 -219.003 -53 45 -73.9709 -97.5059 -42.3749 -107.173 
-51 -217.675 -52 45 -77.1726 -96.6499 -41.6817 -103.847 
-47 -220.243 -52 45 -75.0647 -97.1083 -41.6817 -105.099 
-53 -215.899 -52 44 -76.3662 -99.4188 -40.2752 -103.761 
-59 -214.791 -53 44 -76.8184 -97.0316 -41.256 -103.485 
-57 -206.409 -54 45 -81.408 -104.999 -50.3443 -111.812 
-46 -227.279 -54 45 -72.1097 -95.1024 -40.6135 -105.066 
-53 -219.712 -53 44 -68.1014 -93.8616 -45.1262 -108.219 
-57 -211.634 -54 44 -78.6163 -102.796 -45.4721 -107.623 
-47 -220.165 -52 44 -77.7582 -98.748 -38.4835 -103.197 
-51 -216.517 -52 45 -79.7285 -99.1294 -40.7311 -102.718 
-55 -216.521 -52 44 -74.3738 -97.544 -38.4835 -104.897 
-46 -226.838 -55 46 -71.9945 -95.8054 -44.5049 -107.71 
-42 -229.345 -52 45 -67.5781 -91.8759 -41.4663 -102.835 
-51 -216.617 -52 45 -76.7694 -98.242 -43.4735 -103.595 
-53 -217.338 -53 45 -76.6863 -98.3294 -41.2763 -106.012 
-47 -222.344 -52 45 -73.5983 -94.5228 -41.6817 -104.001 
-53 -213.991 -52 45 -76.815 -98.4095 -44.0488 -106.422 
-59 -213.071 -52 45 -77.8567 -97.4129 -40.7311 -103.005 
-59 -215.577 -53 44 -77.2239 -96.1626 -41.256 -102.099 
-47 -222.266 -52 44 -76.2919 -96.1626 -38.4835 -102.099 
-52 -223.345 -55 46 -75.2452 -94.1543 -46.5843 -103.856 
-49 -223.498 -53 44 -67.1851 -94.035 -45.1262 -105.63 
-49 -219.99 -50 43 -69.8444 -95.5602 -36.8312 -102.518 
-40 -228.719 -54 46 -76.185 -95.8707 -43.8117 -103.568 
-48 -225.075 -54 46 -72.8006 -94.6667 -43.8117 -105.268 
-49 -225.467 -53 43 -65.8011 -93.6638 -41.2348 -105.374 
-53 -214.952 -52 45 -79.4849 -99.0655 -42.3749 -102.435 
-53 -219.233 -55 44 -69.4352 -97.4125 -50.3231 -109.492 
-57 -212.719 -54 45 -76.2228 -101.447 -45.5225 -109.758 
-53 -215.725 -52 43 -72.0945 -98.9377 -42.0281 -106.38 
-47 -220.708 -50 44 -70.2476 -94.3834 -40.0294 -102.353 
FEATURES_TXT_END_0
FEATURES_TXT_BEGIN_0 65 100 8 Distortion0_0 LM0_0 WordPenalty0_0 PhrasePenalty0_0 TranslationModel0_0 TranslationModel0_1 TranslationModel0_2 TranslationModel0_3 
-40 -246.617 -52 43 -73.2333 -102.438 -34.5387 -103.476 
-50 -240.624 -52 43 -73.2333 -102.438 -34.5387 -103.476 
-40 -245.137 -51 42 -76.0665 -102.358 -33.1614 -100.793 
-40 -249.802 -53 43 -71.2745 -102.438 -34.5387 -103.476 
-50 -239.145 -51 42 -76.0665 -102.358 -33.1614 -100.793 
-40 -248.8 -52 42 -71.9314 -102.358 -33.1614 -100.793 
-50 -242.808 -52 42 -71.9314 -102.358 -33.1614 -100.793 
-38 -245.426 -51 42 -75.8165 -102.47 -34.1044 -102.804 
-48 -239.434 -51 42 -75.8165 -102.47 -34.1044 -102.804 
-40 -246.007 -51 43 -73.02 -102.438 -32.84 -103.476 
-50 -240.567 -51 42 -72.6797 -97.7522 -35.1954 -103.75 
-50 -240.015 -51 43 -73.02 -102.438 -32.84 -103.476 
-50 -244.231 -52 42 -68.5445 -97.7522 -35.1954 -103.75 
-32 -258.296 -55 44 -68.7264 -96.5722 -39.5396 -109.264 
-50 -242.726 -53 43 -69.6431 -97.8329 -41.1976 -106.433 
-36 -251.675 -51 42 -71.6617 -98.1159 -32.8723 -100.222 
-46 -245.682 -51 42 -71.6617 -98.1159 -32.8723 -100.222 
-36 -255.338 -52 42 -67.5266 -98.1159 -32.8723 -100.222 
-46 -249.346 -52 42 -67.5266 -98.1159 -32.8723 -100.222 
-36 -253.834 -53 43 -68.6252 -98.1965 -38.8745 -102.905 
-46 -247.841 -53 43 -68.6252 -98.1965 -38.8746 -102.905 
-40 -248.323 -52 42 -74.1077 -102.358 -33.1614 -100.793 
-40 -251.986 -53 42 -69.9725 -102.358 -33.1614 -100.793 
-50 -241.768 -52 43 -70.5707 -102.868 -34.5387 -104.862 
-40 -248.274 -53 43 -70.7298 -102.991 -37.1036 -105.798 
-50 -242.282 -53 43 -70.7298 -102.991 -37.1036 -105.798 
-28 -255.066 -53 43 -73.5 -102.119 -38.535 -103.668 
-38 -249.073 -53 43 -73.5 -102.119 -38.535 -103.668 
-40 -248.115 -52 43 -71.9881 -102.031 -34.2202 -104.115 
-50 -242.122 -52 43 -71.9881 -102.031 -34.2202 -104.115 
-50 -241.595 -52 43 -73.2333 -102.438 -34.5387 -103.476 
-38 -243.946 -50 41 -78.6497 -102.39 -32.7271 -100.122 
-38 -248.612 -52 42 -73.8577 -102.47 -34.1044 -102.804 
-48 -237.954 -50 41 -78.6497 -102.39 -32.7271 -100.122 
-38 -247.61 -51 41 -74.5145 -102.39 -32.7271 -100.122 
-40 -244.528 -50 42 -75.8532 -102.358 -31.4627 -100.793 
-48 -241.618 -51 41 -74.5145 -102.39 -32.7271 -100.122 
-40 -249.193 -52 43 -71.0612 -102.438 -32.84 -103.476 
-50 -238.535 -50 42 -75.8532 -102.358 -31.4627 -100.793 
-40 -248.191 -51 42 -71.7181 -102.358 -31.4627 -100.793 
-50 -242.199 -51 42 -71.7181 -102.358 -31.4627 -100.793 
-32 -256.817 -54 43 -71.5596 -96.4916 -38.1623 -106.581 
-32 -260.48 -55 43 -67.4245 -96.4916 -38.1623 -106.581 
-40 -248.473 -53 43 -70.1023 -102.903 -37.1036 -106.619 
-50 -242.481 -53 43 -70.1023 -102.903 -37.1036 -106.619 
-40 -247.338 -52 42 -73.5967 -103.227 -34.6442 -102.199 
-50 -241.346 -52 42 -73.5967 -103.227 -34.6442 -102.199 
-36 -251.882 -51 42 -72.9411 -98.933 -31.9217 -99.5406 
-40 -247.512 -51 43 -73.4366 -102.438 -29.9137 -103.476 
-46 -245.889 -51 42 -72.9411 -98.933 -31.9217 -99.5406 
-36 -254.86 -52 42 -69.7029 -98.1159 -32.8723 -100.222 
-36 -255.545 -52 42 -68.806 -98.933 -31.9217 -99.5406 
-46 -249.553 -52 42 -68.806 -98.933 -31.9217 -99.5406 
-36 -258.524 -53 42 -65.5677 -98.1159 -32.8723 -100.222 
-40 -249.749 -52 43 -71.1696 -100.074 -35.2318 -102.318 
-36 -254.041 -53 43 -69.9046 -99.0136 -37.9239 -102.223 
-50 -243.756 -52 43 -71.1696 -100.074 -35.2318 -102.318 
-46 -248.048 -53 43 -69.9046 -99.0136 -37.9239 -102.223 
-36 -257.019 -54 43 -66.6664 -98.1965 -38.8745 -102.905 
-46 -247.934 -52 42 -69.3593 -98.9947 -32.7319 -102.272 
-50 -243.545 -52 43 -68.6013 -97.4259 -36.2542 -107.072 
-60 -238.8 -52 42 -68.5445 -97.7522 -35.1954 -103.75 
-50 -240.288 -51 42 -73.4039 -102.788 -33.1614 -102.18 
-50 -243.952 -52 42 -69.2688 -102.788 -33.1614 -102.18 
-56 -242.597 -53 43 -68.8792 -97.3708 -35.8225 -105.718 
-40 -246.795 -52 42 -73.563 -102.91 -35.7263 -103.116 
-32 -252.647 -52 43 -73.2333 -102.438 -34.5387 -103.476 
-40 -251.46 -54 43 -68.771 -102.991 -37.1036 -105.798 
-50 -240.802 -52 42 -73.563 -102.91 -35.7263 -103.116 
-42 -246.655 -52 43 -73.2333 -102.438 -34.5387 -103.476 
-40 -250.458 -53 42 -69.4279 -102.91 -35.7263 -103.116 
-38 -244.817 -50 42 -75.6032 -102.47 -32.4057 -102.804 
-48 -239.377 -50 41 -75.2629 -97.7843 -34.7611 -103.079 
-50 -244.466 -53 42 -69.4279 -102.91 -35.7263 -103.116 
-48 -238.825 -50 42 -75.6032 -102.47 -32.4057 -102.804 
-48 -243.04 -51 41 -71.1277 -97.7843 -34.7611 -103.079 
-50 -239.958 -50 42 -72.4664 -97.7522 -33.4967 -103.75 
-30 -257.106 -54 43 -71.3096 -96.6043 -39.1053 -108.592 
-50 -243.622 -51 42 -68.3313 -97.7522 -33.4967 -103.75 
-32 -257.687 -54 44 -68.5131 -96.5722 -37.8409 -109.264 
-48 -241.536 -52 42 -72.2263 -97.8649 -40.7633 -105.761 
-36 -254.652 -52 43 -67.5833 -97.7896 -33.9311 -103.544 
-28 -253.586 -52 42 -76.3332 -102.038 -37.1578 -100.986 
-50 -242.117 -52 43 -69.4299 -97.8329 -39.4989 -106.433 
-28 -258.251 -54 43 -71.5412 -102.119 -38.535 -103.668 
-46 -248.66 -52 43 -67.5833 -97.7896 -33.9311 -103.544 
-38 -247.593 -52 42 -76.3332 -102.038 -37.1578 -100.986 
-28 -257.249 -53 42 -72.198 -102.038 -37.1578 -100.986 
-46 -249.907 -52 42 -67.5266 -98.1159 -32.8723 -100.222 
-40 -244.458 -50 41 -75.4308 -102.39 -32.426 -100.122 
-38 -251.257 -53 42 -72.198 -102.038 -37.1578 -100.986 
-56 -243.915 -52 42 -67.5266 -98.1159 -32.8723 -100.222 
-50 -238.465 -50 41 -75.4308 -102.39 -32.426 -100.122 
-40 -248.121 -51 41 -71.2957 -102.39 -32.426 -100.122 
-50 -242.129 -51 41 -71.2957 -102.39 -32.426 -100.122 
-34 -250.484 -50 41 -74.2449 -98.1479 -32.438 -99.5507 
-44 -244.492 -50 41 -74.2449 -98.1479 -32.438 -99.5507 
-34 -254.148 -51 41 -70.1097 -98.1479 -32.438 -99.5507 
-36 -251.065 -50 42 -71.4485 -98.1159 -31.1737 -100.222 
-44 -248.155 -51 41 -70.1097 -98.1479 -32.438 -99.5507 
FEATURES_TXT_END_0
FEATURES_TXT_BEGIN_0 66 100 8 Distortion0_0 LM0_0 WordPenalty0_0 PhrasePenalty0_0 TranslationModel0_0 TranslationModel0_1 TranslationModel0_2 TranslationModel0_3 
-22 -181.649 -30 28 -46.9899 -59.1326 -20.6056 -59.9322 
-18 -184.182 -30 28 -46.9899 -59.1326 -20.6056 -59.9322 
-22 -182.026 -30 28 -45.7105 -58.3156 -21.5562 -60.6139 
-18 -184.559 -30 28 -45.7105 -58.3156 -21.5562 -60.6139 
-26 -179.706 -30 28 -46.9899 -59.1326 -20.6056 -59.9322 
-18 -184.334 -30 28 -48.2693 -59.9497 -19.655 -59.2504 
-26 -180.446 -30 28 -44.5218 -57.7009 -21.2988 -61.3593 
-25 -181.058 -30 28 -44.5218 -57.7009 -21.2988 -61.3593 
-25 -180.568 -30 28 -45.0829 -58.2278 -21.5562 -61.4349 
-18 -184.636 -30 28 -46.9899 -59.1326 -20.6056 -59.9322 
-22 -182.239 -30 28 -46.9899 -59.1326 -20.6056 -59.9322 
-14 -186.867 -30 28 -48.2693 -59.9497 -19.655 -59.2504 
-22 -182.979 -30 28 -44.5218 -57.7009 -21.2988 -61.3593 
-21 -183.591 -30 28 -44.5218 -57.7009 -21.2988 -61.3593 
-26 -180.084 -30 28 -45.7105 -58.3156 -21.5562 -60.6139 
-18 -184.712 -30 28 -46.9899 -59.1326 -20.6056 -59.9322 
-22 -182.339 -30 28 -46.9899 -59.1326 -20.6056 -59.9322 
-21 -183.101 -30 28 -45.0829 -58.2278 -21.5562 -61.4349 
-23 -178.868 -30 28 -49.7069 -61.6911 -21.2988 -61.2051 
-14 -187.169 -30 28 -46.9899 -59.1326 -20.6056 -59.9322 
-23 -181.791 -30 28 -46.9899 -59.1326 -20.6056 -59.9322 
-27 -179.544 -30 28 -45.0829 -58.2278 -21.5562 -61.4349 
-30 -180.211 -31 28 -46.883 -59.6528 -20.3481 -58.255 
-22 -182.24 -30 28 -48.2693 -59.9497 -19.655 -59.2504 
-22 -182.617 -30 28 -45.7105 -58.3156 -21.5562 -60.6139 
-30 -180.425 -31 28 -45.6036 -58.8357 -21.2988 -58.9367 
-18 -184.837 -30 28 -46.9899 -59.1326 -20.6056 -59.9322 
-14 -187.245 -30 28 -46.9899 -59.1326 -20.6056 -59.9322 
-22 -182.421 -30 28 -46.3623 -59.0449 -20.6056 -60.7531 
-18 -184.872 -30 28 -46.9899 -59.1326 -20.6056 -59.9322 
-27 -180.208 -30 28 -44.5218 -57.7009 -21.2988 -61.3593 
-19 -181.401 -30 28 -49.7069 -61.6911 -21.2988 -61.2051 
-25 -180.656 -30 28 -46.3623 -59.0449 -20.6056 -60.7531 
-19 -184.324 -30 28 -46.9899 -59.1326 -20.6056 -59.9322 
-23 -182.077 -30 28 -45.0829 -58.2278 -21.5562 -61.4349 
-26 -182.744 -31 28 -46.883 -59.6528 -20.3481 -58.255 
-18 -184.773 -30 28 -48.2693 -59.9497 -19.655 -59.2504 
-26 -182.958 -31 28 -45.6036 -58.8357 -21.2988 -58.9367 
-14 -187.37 -30 28 -46.9899 -59.1326 -20.6056 -59.9322 
-22 -182.392 -30 28 -48.2693 -59.9497 -19.655 -59.2504 
-23 -182.17 -30 28 -45.7105 -58.3156 -21.5562 -60.6139 
-30 -178.503 -30 28 -44.5218 -57.7009 -21.2988 -61.3593 
-28 -179.891 -30 28 -43.2424 -56.8838 -22.2494 -62.041 
-30 -180.589 -31 28 -45.6036 -58.8357 -21.2988 -58.9367 
-18 -184.954 -30 28 -46.3623 -59.0449 -20.6056 -60.7531 
-29 -179.116 -30 28 -44.5218 -57.7009 -21.2988 -61.3593 
-22 -183.131 -30 28 -45.8012 -58.518 -20.3481 -60.6775 
-22 -182.617 -30 28 -46.9899 -59.1326 -20.6056 -59.9322 
-21 -183.744 -30 28 -45.8012 -58.518 -20.3481 -60.6775 
-30 -180.803 -31 28 -44.3242 -58.0186 -22.2494 -59.6185 
-18 -185.214 -30 28 -45.7105 -58.3156 -21.5562 -60.6139 
-23 -182.741 -30 28 -44.5218 -57.7009 -21.2988 -61.3593 
-21 -183.189 -30 28 -46.3623 -59.0449 -20.6056 -60.7531 
-27 -180.546 -30 28 -43.2424 -56.8838 -22.2494 -62.041 
-18 -185.678 -30 28 -47.8274 -60.4385 -18.4022 -58.4727 
-25 -181.058 -30 28 -45.7105 -58.3156 -21.5562 -60.6139 
-29 -178.626 -30 28 -45.0829 -58.2278 -21.5562 -61.4349 
-22 -182.694 -30 28 -46.9899 -59.1326 -20.6056 -59.9322 
-21 -183.254 -30 28 -46.3623 -59.0449 -20.6056 -60.7531 
-14 -187.322 -30 28 -48.2693 -59.9497 -19.655 -59.2504 
-18 -184.925 -30 28 -48.2693 -59.9497 -19.655 -59.2504 
-19 -184.703 -30 28 -45.7105 -58.3156 -21.5562 -60.6139 
-30 -180.713 -31 28 -45.6036 -58.8357 -21.2988 -58.9367 
-26 -181.037 -30 28 -44.5218 -57.7009 -21.2988 -61.3593 
-24 -182.424 -30 28 -43.2424 -56.8838 -22.2494 -62.041 
-26 -183.122 -31 28 -45.6036 -58.8357 -21.2988 -58.9367 
-25 -181.649 -30 28 -44.5218 -57.7009 -21.2988 -61.3593 
-18 -185.664 -30 28 -45.8012 -58.518 -20.3481 -60.6775 
-22 -181.065 -29 28 -47.2775 -59.1326 -19.507 -59.9322 
-23 -179.432 -30 28 -48.4275 -60.874 -22.2494 -61.8869 
-30 -180.927 -31 28 -44.3242 -58.0186 -22.2494 -59.6185 
-18 -185.15 -30 28 -46.9899 -59.1326 -20.6056 -59.9322 
-17 -186.277 -30 28 -45.8012 -58.518 -20.3481 -60.6775 
-30 -177.766 -30 28 -48.2693 -59.9497 -19.655 -59.2504 
-26 -183.336 -31 28 -44.3242 -58.0186 -22.2494 -59.6185 
-14 -187.747 -30 28 -45.7105 -58.3156 -21.5562 -60.6139 
-22 -182.769 -30 28 -46.9899 -59.1326 -20.6056 -59.9322 
-23 -183.079 -30 28 -43.2424 -56.8838 -22.2494 -62.041 
-27 -179.752 -30 28 -46.3623 -59.0449 -20.6056 -60.7531 
-26 -180.397 -30 28 -46.9899 -59.1326 -20.6056 -59.9322 
-14 -188.211 -30 28 -47.8274 -60.4385 -18.4022 -58.4727 
-21 -183.591 -30 28 -45.7105 -58.3156 -21.5562 -60.6139 
-18 -185.025 -30 28 -48.2693 -59.9497 -19.655 -59.2504 
-25 -181.159 -30 28 -45.0829 -58.2278 -21.5562 -61.4349 
-27 -176.926 -30 28 -49.7069 -61.6911 -21.2988 -61.2051 
-18 -185.227 -30 28 -46.9899 -59.1326 -20.6056 -59.9322 
-17 -185.787 -30 28 -46.3623 -59.0449 -20.6056 -60.7531 
-19 -181.554 -30 28 -50.9863 -62.5081 -20.3481 -60.5234 
-10 -189.855 -30 28 -48.2693 -59.9497 -19.655 -59.2504 
-27 -179.849 -30 28 -46.9899 -59.1326 -20.6056 -59.9322 
-26 -183.246 -31 28 -45.6036 -58.8357 -21.2988 -58.9367 
-31 -177.602 -30 28 -45.0829 -58.2278 -21.5562 -61.4349 
-18 -186.056 -30 28 -46.548 -59.6214 -19.3528 -59.1545 
-19 -184.477 -30 28 -48.2693 -59.9497 -19.655 -59.2504 
-18 -183.598 -29 28 -47.2775 -59.1326 -19.507 -59.9322 
-23 -182.23 -30 28 -46.3623 -59.0449 -20.6056 -60.7531 
-19 -181.965 -30 28 -48.4275 -60.874 -22.2494 -61.8869 
-26 -183.461 -31 28 -44.3242 -58.0186 -22.2494 -59.6185 
-26 -180.299 -30 28 -48.2693 -59.9497 -19.655 -59.2504 
-26 -180.297 -30 28 -48.2693 -59.9497 -19.655 -59.2504 
FEATURES_TXT_END_0
FEATURES_TXT_BEGIN_0 67 100 8 Distortion0_0 LM0_0 WordPenalty0_0 PhrasePenalty0_0 TranslationModel0_0 TranslationModel0_1 TranslationModel0_2 TranslationModel0_3 
-32 -227.096 -47 42 -69.1153 -107.409 -27.6863 -93.4252 
-26 -231.288 -48 42 -69.1429 -107.409 -31.2127 -93.4252 
-32 -226.014 -46 42 -68.902 -107.409 -25.9876 -93.4252 
-26 -230.206 -47 42 -68.9296 -107.409 -29.514 -93.4252 
-32 -226 -47 42 -71.6318 -108.745 -28.22 -92.4272 
-26 -230.192 -48 42 -71.6594 -108.745 -31.7464 -92.4272 
-32 -224.918 -46 42 -71.4185 -108.745 -26.5213 -92.4272 
-26 -229.11 -47 42 -71.4461 -108.745 -30.0477 -92.4272 
-32 -231.426 -48 42 -65.3167 -105.474 -28.8903 -93.3122 
-26 -235.617 -49 42 -65.3443 -105.474 -32.4167 -93.3122 
-24 -232.415 -47 42 -69.1153 -107.409 -27.6863 -93.4252 
-18 -236.607 -48 42 -69.1429 -107.409 -31.2127 -93.4252 
-42 -220.368 -47 42 -69.0377 -108.751 -29.0743 -93.9823 
-36 -224.559 -48 42 -69.0653 -108.751 -32.6007 -93.9823 
-32 -230.344 -47 42 -65.1034 -105.474 -27.1916 -93.3122 
-26 -234.535 -48 42 -65.131 -105.474 -30.718 -93.3122 
-24 -231.333 -46 42 -68.902 -107.409 -25.9876 -93.4252 
-32 -226.024 -46 41 -66.8345 -110.696 -24.2288 -94.2596 
-18 -235.525 -47 42 -68.9296 -107.409 -29.514 -93.4252 
-26 -230.215 -47 41 -66.8621 -110.696 -27.7551 -94.2596 
-42 -219.286 -46 42 -68.8244 -108.751 -27.3757 -93.9823 
-36 -223.477 -47 42 -68.852 -108.751 -30.902 -93.9823 
-32 -230.33 -48 42 -67.8332 -106.81 -29.424 -92.3142 
-30 -230.027 -49 43 -70.3377 -107.078 -33.5524 -95.1915 
-26 -234.522 -49 42 -67.8608 -106.81 -32.9503 -92.3142 
-52 -219.78 -48 40 -61.3836 -107.047 -28.7418 -93.633 
-24 -234.219 -50 43 -70.3653 -107.078 -37.0788 -95.1915 
-46 -223.972 -49 40 -61.4112 -107.047 -32.2682 -93.633 
-32 -219.334 -44 41 -73.6886 -109.156 -28.9405 -91.1733 
-24 -231.32 -47 42 -71.6318 -108.745 -28.22 -92.4272 
-26 -223.526 -45 41 -73.7162 -109.156 -32.4669 -91.1733 
-18 -235.512 -48 42 -71.6594 -108.745 -31.7464 -92.4272 
-36 -231.391 -52 44 -65.279 -106.136 -36.8036 -101.667 
-32 -225.677 -46 41 -67.3308 -110.312 -25.7329 -93.7985 
-24 -230.926 -46 41 -70.437 -109.077 -25.8803 -90.6609 
-30 -235.583 -53 44 -65.3066 -106.136 -40.33 -101.667 
-26 -229.869 -47 41 -67.3584 -110.312 -29.2592 -93.7985 
-18 -235.118 -47 41 -70.4647 -109.077 -29.4066 -90.6609 
-42 -219.272 -47 42 -71.5542 -110.087 -29.608 -92.9843 
-36 -223.464 -48 42 -71.5818 -110.087 -33.1344 -92.9843 
-32 -224.942 -45 41 -66.6212 -110.696 -22.5301 -94.2596 
-32 -227.49 -47 42 -68.7013 -106.91 -28.7849 -94.3415 
-26 -229.133 -46 41 -66.6488 -110.696 -26.0565 -94.2596 
-26 -231.682 -48 42 -68.7289 -106.91 -32.3113 -94.3415 
-32 -229.248 -47 42 -67.6199 -106.81 -27.7253 -92.3142 
-32 -228.458 -47 42 -69.1153 -105.527 -27.6863 -94.1183 
-30 -228.945 -48 43 -70.1244 -107.078 -31.8537 -95.1915 
-26 -233.44 -48 42 -67.6475 -106.81 -31.2517 -92.3142 
-26 -232.649 -48 42 -69.1429 -105.527 -31.2127 -94.1183 
-52 -218.698 -47 40 -61.1703 -107.047 -27.0431 -93.633 
-24 -233.137 -49 43 -70.152 -107.078 -35.3801 -95.1915 
-46 -222.89 -48 40 -61.1979 -107.047 -30.5695 -93.633 
-32 -218.252 -43 41 -73.4753 -109.156 -27.2419 -91.1733 
-32 -227.424 -46 41 -66.0192 -109.682 -24.215 -93.2138 
-24 -230.238 -46 42 -71.4185 -108.745 -26.5213 -92.4272 
-26 -222.444 -44 41 -73.5029 -109.156 -30.7682 -91.1733 
-26 -231.616 -47 41 -66.0469 -109.682 -27.7413 -93.2138 
-32 -224.928 -46 41 -69.351 -112.032 -24.7625 -93.2616 
-18 -234.43 -47 42 -71.4461 -108.745 -30.0477 -92.4272 
-36 -230.309 -51 44 -65.0657 -106.136 -35.1049 -101.667 
-32 -224.595 -45 41 -67.1175 -110.312 -24.0342 -93.7985 
-24 -229.844 -45 41 -70.2238 -109.077 -24.1816 -90.6609 
-26 -229.12 -47 41 -69.3786 -112.032 -28.2888 -93.2616 
-26 -232.416 -48 42 -67.8635 -106.592 -32.1633 -94.1069 
-30 -234.501 -52 44 -65.0933 -106.136 -38.6313 -101.667 
-26 -228.787 -46 41 -67.1451 -110.312 -27.5605 -93.7985 
-18 -234.036 -46 41 -70.2514 -109.077 -27.708 -90.6609 
-42 -218.19 -46 42 -71.3409 -110.087 -27.9094 -92.9843 
-30 -234.554 -51 43 -67.8011 -105.153 -33.2041 -99.2642 
-36 -222.382 -47 42 -71.3685 -110.087 -31.4357 -92.9843 
-24 -238.746 -52 43 -67.8288 -105.153 -36.7305 -99.2642 
-32 -226.408 -46 42 -68.488 -106.91 -27.0863 -94.3415 
-42 -226.43 -48 41 -63.2337 -105.705 -28.7582 -93.0758 
-46 -230.803 -53 42 -57.6249 -104.433 -36.4711 -101.318 
-24 -236.745 -48 42 -65.3167 -105.474 -28.8903 -93.3122 
-28 -230.495 -47 42 -69.1153 -107.409 -27.6863 -93.4252 
-26 -230.6 -47 42 -68.5156 -106.91 -30.6126 -94.3415 
-36 -230.622 -49 41 -63.2614 -105.705 -32.2846 -93.0758 
-40 -234.995 -54 42 -57.6525 -104.433 -39.9975 -101.318 
-18 -240.937 -49 42 -65.3443 -105.474 -32.4167 -93.3122 
-52 -218.684 -48 40 -63.9001 -108.383 -29.2755 -92.635 
-22 -234.687 -48 42 -69.1429 -107.409 -31.2127 -93.4252 
-30 -228.537 -48 42 -71.6594 -108.745 -31.7464 -92.4272 
-46 -222.876 -49 40 -63.9277 -108.383 -32.8019 -92.635 
-42 -224.697 -48 42 -65.239 -106.815 -30.2783 -93.8694 
-24 -232.729 -49 42 -71.687 -108.745 -35.2727 -92.4272 
-32 -227.376 -46 42 -68.902 -105.527 -25.9876 -94.1183 
-36 -228.889 -49 42 -65.2667 -106.815 -33.8047 -93.8694 
-34 -226.504 -47 42 -68.7013 -106.91 -28.7849 -94.3415 
-26 -231.567 -47 42 -68.9296 -105.527 -29.514 -94.1183 
-32 -224.582 -46 41 -69.8473 -111.648 -26.2665 -92.8005 
-24 -229.83 -46 41 -72.9536 -110.413 -26.414 -89.6629 
-28 -230.696 -48 42 -68.7289 -106.91 -32.3113 -94.3415 
-26 -228.774 -47 41 -69.8749 -111.648 -29.7929 -92.8005 
-18 -234.022 -47 41 -72.9812 -110.413 -29.9403 -89.6629 
-32 -226.342 -45 41 -65.806 -109.682 -22.5163 -93.2138 
-52 -219.397 -47 40 -61.353 -107.047 -25.55 -93.633 
-34 -226.982 -47 42 -69.1153 -107.409 -27.6863 -93.4252 
-26 -230.534 -46 41 -65.8336 -109.682 -26.0427 -93.2138 
-36 -224.959 -49 43 -67.1938 -108.579 -33.451 -101.487 
FEATURES_TXT_END_0
FEATURES_TXT_BEGIN_0 68 100 8 Distortion0_0 LM0_0 WordPenalty0_0 PhrasePenalty0_0 TranslationModel0_0 TranslationModel0_1 TranslationModel0_2 TranslationModel0_3 
-26 -109.243 -27 23 -42.1089 -53.3573 -22.9194 -50.9815 
-22 -114.247 -27 23 -40.6942 -50.7954 -22.9194 -48.9891 
-24 -112.313 -26 23 -40.5519 -50.7954 -19.9439 -48.9891 
-37 -103.025 -27 24 -40.6343 -53.822 -21.8851 -54.125 
-28 -109.67 -27 23 -38.6801 -53.4723 -19.9439 -54.5839 
-33 -108.029 -27 24 -39.2196 -51.2601 -21.8851 -52.1326 
-35 -106.095 -26 24 -39.0772 -51.2601 -18.9096 -52.1326 
-29 -109.155 -27 24 -41.1932 -52.5772 -22.3423 -51.71 
-22 -115.577 -28 22 -40.8456 -51.4485 -23.7884 -49.2768 
-30 -107.413 -28 23 -40.0612 -53.7469 -24.7112 -56.3238 
-37 -106.684 -29 25 -38.7372 -53.0419 -26.7803 -54.8535 
-25 -114.16 -27 24 -39.7785 -50.0153 -22.3423 -49.7176 
-27 -112.226 -26 24 -39.6361 -50.0153 -19.3668 -49.7176 
-18 -120.582 -28 22 -39.4309 -48.8866 -23.7884 -47.2843 
-20 -118.648 -27 22 -39.2886 -48.8866 -20.8128 -47.2843 
-39 -103.453 -27 24 -37.2054 -53.937 -18.9096 -57.7274 
-26 -112.417 -28 23 -38.6465 -51.185 -24.7112 -54.3314 
-28 -110.483 -27 23 -38.5042 -51.185 -21.7356 -54.3314 
-41 -101.08 -28 24 -38.5866 -54.2116 -23.6769 -59.4674 
-33 -111.689 -29 25 -37.3224 -50.48 -26.7803 -52.8611 
-35 -109.754 -28 25 -37.1801 -50.48 -23.8048 -52.8611 
-24 -108.272 -26 22 -41.8939 -55.4308 -19.7147 -54.5045 
-33 -109.359 -28 23 -39.371 -51.9133 -22.7541 -52.4203 
-37 -106.405 -28 25 -38.7096 -53.0419 -23.2539 -54.8535 
-30 -109.622 -28 24 -39.6253 -53.822 -23.831 -54.125 
-20 -111.331 -25 22 -43.7657 -52.7539 -19.7147 -48.9097 
-31 -105.851 -26 23 -43.1179 -53.3573 -20.9735 -50.9815 
-26 -109.302 -27 22 -42.9535 -54.0104 -23.0952 -51.2692 
-31 -109.583 -27 24 -37.7643 -52.6922 -19.3668 -55.3124 
-24 -116.005 -28 22 -37.4168 -51.5635 -20.8128 -52.8792 
-37 -106.085 -28 24 -37.1719 -51.6497 -23.6769 -57.4749 
-39 -104.15 -27 24 -37.0295 -51.6497 -20.7013 -57.4749 
-32 -107.841 -28 23 -36.6324 -53.8619 -21.7356 -59.9262 
-26 -109.817 -26 23 -41.9666 -53.3573 -19.9439 -50.9815 
-30 -109.846 -28 24 -38.8763 -53.031 -25.0166 -54.3029 
-29 -114.364 -28 23 -37.9562 -49.3513 -22.7541 -50.4278 
-14 -120.029 -27 23 -40.5795 -50.7954 -23.4702 -48.9891 
-33 -111.41 -28 25 -37.2948 -50.48 -23.2539 -52.8611 
-22 -115.642 -28 23 -40.4908 -50.7954 -27.5444 -48.9891 
-31 -112.43 -27 23 -37.8139 -49.3513 -19.7785 -50.4278 
-35 -109.475 -27 25 -37.1525 -50.48 -20.2784 -52.8611 
-26 -114.627 -28 24 -38.2105 -51.2601 -23.831 -52.1326 
-39 -107.112 -29 25 -35.3083 -53.1569 -23.8048 -58.4559 
-25 -115.49 -28 23 -39.9299 -50.6684 -23.2113 -50.0053 
-28 -112.692 -27 24 -38.0682 -51.2601 -20.8555 -52.1326 
-27 -110.855 -26 23 -41.7032 -50.7954 -20.9735 -48.9891 
-33 -107.326 -28 24 -39.1455 -52.9668 -24.1341 -57.0523 
-22 -114.307 -27 22 -41.5388 -51.4485 -23.0952 -49.2768 
-29 -108.921 -25 23 -41.5609 -50.7954 -17.998 -48.9891 
-24 -112.373 -26 22 -41.3964 -51.4485 -20.1197 -49.2768 
-41 -104.739 -30 25 -36.6895 -53.4315 -28.572 -60.1959 
-14 -115.75 -25 22 -43.2957 -52.6823 -19.7147 -48.1721 
-35 -102.055 -26 23 -40.4193 -55.8956 -18.6804 -57.648 
-26 -114.851 -28 24 -37.4616 -50.469 -25.0166 -52.3105 
-18 -112.861 -26 22 -41.4239 -55.3592 -19.7147 -53.7669 
-28 -112.917 -27 24 -37.3193 -50.469 -22.0411 -52.3105 
-33 -113.019 -30 24 -37.4739 -51.1332 -27.6492 -53.1488 
-14 -119.199 -27 23 -40.8349 -50.7816 -24.8771 -49.9722 
-32 -100.001 -26 23 -47.042 -56.955 -23.6126 -54.8527 
-18 -120.646 -28 23 -39.0761 -48.2335 -27.5444 -46.9967 
-20 -118.712 -27 23 -38.9338 -48.2335 -24.5688 -46.9967 
-43 -101.508 -28 24 -35.1577 -54.3266 -20.7013 -63.0697 
-31 -105.113 -25 23 -42.2911 -53.2187 -18.6804 -52.0532 
-26 -113.807 -27 23 -38.1292 -50.6131 -22.9194 -50.3754 
-21 -120.495 -28 23 -38.5152 -48.1065 -23.2113 -48.0128 
-23 -118.56 -27 23 -38.3728 -48.1065 -20.2357 -48.0128 
-37 -103.085 -27 23 -41.4789 -54.4752 -22.0609 -54.4127 
-29 -112.33 -28 24 -37.7308 -50.4049 -24.1341 -55.0599 
-22 -112.138 -29 23 -39.3747 -54.4259 -29.3361 -59.1792 
-22 -114.964 -26 23 -40.5519 -50.7954 -19.9439 -48.9891 
-31 -110.396 -27 24 -37.5884 -50.4049 -21.1585 -55.0599 
-22 -111.813 -28 23 -43.9874 -54.2186 -27.5444 -52.4506 
-35 -109.787 -28 23 -35.9421 -52.0283 -19.7785 -56.0227 
-39 -106.833 -28 25 -35.2807 -53.1569 -20.2784 -58.4559 
-37 -109.744 -30 25 -35.2747 -50.8696 -28.572 -58.2034 
-39 -107.81 -29 25 -35.1324 -50.8696 -25.5965 -58.2034 
-39 -102.56 -27 23 -43.3714 -51.9453 -23.8639 -51.7486 
-32 -110.05 -28 24 -36.1964 -53.937 -20.8555 -57.7274 
-37 -103.599 -26 24 -40.492 -53.822 -18.9096 -54.125 
-22 -112.404 -28 23 -41.4224 -54.0363 -27.5444 -53.8368 
-33 -106.278 -26 23 -39.6891 -53.4723 -17.998 -54.5839 
-25 -113.812 -27 24 -39.1048 -51.2601 -22.4359 -52.1326 
-27 -108.185 -26 23 -40.9782 -54.6507 -19.1376 -55.233 
-28 -109.73 -27 22 -39.5246 -54.1254 -20.1197 -54.8716 
-33 -109.424 -28 24 -39.0162 -51.2601 -26.5101 -52.1326 
-41 -104.46 -29 25 -36.6619 -53.4315 -25.0457 -60.1959 
-29 -118.023 -30 24 -36.0591 -48.5712 -27.6492 -51.1563 
-28 -105.005 -26 23 -45.6272 -54.3931 -23.6126 -52.8603 
-18 -115.682 -27 23 -41.9942 -53.3573 -23.4702 -50.9815 
-31 -116.089 -29 24 -35.9168 -48.5712 -24.6737 -51.1563 
-30 -103.071 -25 23 -45.4849 -54.3931 -20.637 -52.8603 
-20 -114.607 -27 21 -40.6306 -53.522 -20.5836 -52.7998 
-14 -119.376 -26 23 -40.3373 -50.71 -21.3508 -49.2346 
-34 -107.677 -29 24 -37.5776 -54.2116 -25.6228 -59.4674 
-39 -108.331 -29 25 -37.6109 -53.0419 -23.2539 -54.8535 
-28 -106.443 -27 22 -39.8462 -55.8204 -21.5064 -59.8468 
-22 -109.396 -29 23 -43.3544 -57.1701 -29.3361 -59.7853 
-24 -114.71 -27 23 -40.6942 -50.7954 -22.9194 -48.9891 
-22 -110.625 -28 23 -42.4556 -56.2476 -27.1389 -55.7711 
-33 -108.089 -27 23 -40.0641 -51.9133 -22.0609 -52.4203 
FEATURES_TXT_END_0
FEATURES_TXT_BEGIN_0 69 100 8 Distortion0_0 LM0_0 WordPenalty0_0 PhrasePenalty0_0 TranslationModel0_0 TranslationModel0_1 TranslationModel0_2 TranslationModel0_3 
-26 -209.983 -49 39 -75.6146 -94.8095 -44.1892 -79.4865 
-32 -205.646 -48 39 -75.634 -94.8095 -41.1328 -79.4865 
-34 -206.772 -49 39 -74.8249 -93.7953 -43.449 -78.4406 
-40 -202.435 -48 39 -74.8443 -93.7953 -40.3926 -78.4406 
-36 -211.752 -51 39 -67.7374 -89.2307 -46.1351 -82.1679 
-42 -207.415 -50 39 -67.7569 -89.2307 -43.0787 -82.1679 
-29 -207.741 -48 39 -75.634 -94.8095 -41.1328 -79.4865 
-18 -215.176 -49 39 -75.6146 -94.8095 -44.1892 -79.4865 
-24 -210.84 -48 39 -75.634 -94.8095 -41.1328 -79.4865 
-37 -204.53 -48 39 -74.8443 -93.7953 -40.3926 -78.4406 
-24 -212.504 -50 39 -75.2746 -95.4574 -44.5946 -81.7608 
-26 -211.965 -49 39 -74.8249 -93.7953 -43.449 -78.4406 
-26 -208.361 -49 39 -77.28 -95.6785 -45.672 -80.8923 
-30 -208.167 -49 39 -75.294 -95.4574 -41.5383 -81.7608 
-39 -209.51 -50 39 -67.7569 -89.2307 -43.0787 -82.1679 
-32 -207.629 -48 39 -74.8443 -93.7953 -40.3926 -78.4406 
-28 -208.6 -48 39 -75.634 -94.8095 -41.1328 -79.4865 
-28 -216.946 -51 39 -67.7374 -89.2307 -46.1351 -82.1679 
-32 -209.293 -50 39 -74.4848 -94.4432 -43.8545 -80.7149 
-34 -212.609 -50 39 -67.7569 -89.2307 -43.0787 -82.1679 
-34 -205.15 -49 39 -76.4902 -94.6643 -44.9318 -79.8465 
-38 -204.956 -49 39 -74.5042 -94.4432 -40.7981 -80.7149 
-21 -212.935 -48 39 -75.634 -94.8095 -41.1328 -79.4865 
-34 -214.273 -52 39 -67.3974 -89.8786 -46.5405 -84.4421 
-36 -205.389 -48 39 -74.8443 -93.7953 -40.3926 -78.4406 
-36 -210.13 -51 39 -69.4028 -90.0997 -47.6179 -83.5737 
-26 -214.391 -50 40 -73.8573 -91.1566 -44.4131 -81.6277 
-26 -210.967 -49 39 -74.3352 -93.9924 -45.1398 -80.1682 
-40 -209.936 -51 39 -67.4168 -89.8786 -43.4842 -84.4421 
-32 -210.054 -49 40 -73.8767 -91.1566 -41.3568 -81.6277 
-38 -210.369 -50 39 -67.7569 -89.2307 -43.0787 -82.1679 
-16 -216.616 -48 39 -76.0152 -94.309 -43.0906 -76.2389 
-27 -210.262 -49 39 -75.294 -95.4574 -41.5383 -81.7608 
-18 -213.686 -49 39 -75.4605 -96.2166 -46.3864 -80.9528 
-28 -209.462 -49 39 -73.7622 -95.3055 -42.9246 -82.6103 
-29 -209.724 -48 39 -74.8443 -93.7953 -40.3926 -78.4406 
-22 -212.279 -47 39 -76.0347 -94.309 -40.0342 -76.2389 
-24 -209.349 -48 39 -75.4799 -96.2166 -43.33 -80.9528 
-18 -213.555 -49 39 -77.28 -95.6785 -45.672 -80.8923 
-34 -207.756 -49 39 -73.5455 -92.9783 -44.3996 -79.1224 
-34 -206.905 -48 39 -74.4248 -93.7953 -40.5312 -78.4406 
-31 -214.704 -50 39 -67.7569 -89.2307 -43.0787 -82.1679 
-26 -210.193 -48 39 -75.634 -94.8095 -41.1328 -79.4865 
-20 -213.794 -48 39 -75.634 -94.8095 -41.1328 -79.4865 
-24 -213.405 -48 39 -75.2255 -93.2949 -42.3504 -75.1931 
-40 -202.568 -47 39 -74.4442 -93.7953 -37.4749 -78.4406 
-35 -207.051 -49 39 -74.5042 -94.4432 -40.7981 -80.7149 
-28 -212.917 -50 38 -68.997 -94.2968 -42.9818 -84.0222 
-26 -210.475 -49 39 -74.6707 -95.2024 -45.6462 -79.907 
-36 -206.251 -49 39 -72.9725 -94.2913 -42.1844 -81.5645 
-36 -212.736 -51 39 -66.458 -88.4137 -47.0857 -82.8496 
-30 -209.068 -47 39 -75.2449 -93.2949 -39.294 -75.1931 
-42 -200.228 -48 39 -75.8535 -95.3187 -41.0858 -79.8757 
-34 -208.58 -49 38 -69.0164 -94.2968 -39.9255 -84.0222 
-24 -210.882 -50 39 -76.94 -96.3263 -46.0775 -83.1666 
-32 -206.138 -48 39 -74.6901 -95.2024 -42.5899 -79.907 
-26 -209.004 -47 39 -76.2047 -95.5397 -40.3825 -77.1259 
-26 -218.385 -50 39 -68.138 -88.7303 -45.0365 -78.9203 
-26 -210.344 -49 39 -76.4902 -94.6643 -44.9318 -79.8465 
-37 -212.031 -51 39 -67.4168 -89.8786 -43.4842 -84.4421 
-28 -215.455 -51 39 -67.5833 -90.6378 -48.3323 -83.6342 
-38 -211.231 -51 39 -65.885 -89.7267 -44.8705 -85.2917 
-26 -211.121 -49 39 -75.294 -95.4574 -41.5383 -81.7608 
-26 -209.141 -49 39 -75.4605 -96.2166 -46.3864 -80.9528 
-32 -204.667 -46 39 -76.2241 -95.5397 -37.3261 -77.1259 
-29 -212.149 -49 40 -73.8767 -91.1566 -41.3568 -81.6277 
-32 -214.048 -49 39 -68.1575 -88.7303 -41.9801 -78.9203 
-34 -206.982 -48 39 -74.8443 -93.7953 -40.3926 -78.4406 
-28 -210.583 -48 39 -74.8443 -93.7953 -40.3926 -78.4406 
-34 -211.118 -50 39 -67.6027 -90.6378 -45.2759 -83.6342 
-32 -204.804 -48 39 -75.4799 -96.2166 -43.33 -80.9528 
-28 -215.324 -51 39 -69.4028 -90.0997 -47.6179 -83.5737 
-18 -219.585 -50 40 -73.8573 -91.1566 -44.4131 -81.6277 
-18 -216.16 -49 39 -74.3352 -93.9924 -45.1398 -80.1682 
-19 -214.374 -47 39 -76.0347 -94.309 -40.0342 -76.2389 
-16 -217.193 -49 39 -75.6146 -94.8095 -44.1892 -79.4865 
-21 -211.444 -48 39 -75.4799 -96.2166 -43.33 -80.9528 
-34 -210.84 -49 39 -72.4025 -89.4077 -42.7558 -78.4252 
-32 -207.671 -50 39 -76.1502 -95.3122 -45.3373 -82.1207 
-24 -215.248 -49 40 -73.8767 -91.1566 -41.3568 -81.6277 
-36 -211.962 -50 39 -67.7569 -89.2307 -43.0787 -82.1679 
-30 -215.563 -50 39 -67.7569 -89.2307 -43.0787 -82.1679 
-34 -205.793 -47 39 -75.4149 -94.5255 -39.6423 -76.08 
-8 -221.809 -48 39 -76.0152 -94.309 -43.0906 -76.2389 
-22 -212.856 -48 39 -75.634 -94.8095 -41.1328 -79.4865 
-40 -206.503 -48 39 -72.4219 -89.4077 -39.6995 -78.4252 
-34 -207.91 -49 39 -74.5042 -94.4432 -40.7981 -80.7149 
-20 -214.655 -49 39 -73.7622 -95.3055 -42.9246 -82.6103 
-34 -205.93 -49 39 -74.6707 -95.2024 -45.6462 -79.907 
-40 -201.456 -46 39 -75.4343 -94.5255 -36.586 -76.08 
-22 -213.672 -49 39 -75.6146 -94.8095 -44.1892 -79.4865 
-14 -217.472 -47 39 -76.0347 -94.309 -40.0342 -76.2389 
-26 -210.833 -49 39 -76.9257 -95.4088 -43.8325 -79.0557 
-34 -212.651 -52 39 -69.0628 -90.7476 -48.0234 -85.848 
-37 -204.663 -47 39 -74.4442 -93.7953 -37.4749 -78.4406 
-24 -216.912 -51 40 -73.5172 -91.8045 -44.8186 -83.902 
-24 -213.488 -50 39 -73.9952 -94.6403 -45.5452 -82.4425 
-26 -212.456 -49 39 -74.7994 -93.7953 -44.1754 -78.4406 
-36 -210.773 -49 39 -68.3275 -89.9609 -42.3284 -79.8073 
-28 -214.381 -50 38 -68.1817 -93.2827 -42.968 -82.9763 
FEATURES_TXT_END_0
FEATURES_TXT_BEGIN_0 70 100 8 Distortion0_0 LM0_0 WordPenalty0_0 PhrasePenalty0_0 TranslationModel0_0 TranslationModel0_1 TranslationModel0_2 TranslationModel0_3 
-32 -246.431 -44 40 -51.4106 -64.4736 -27.9255 -55.0218 
-32 -246.842 -44 40 -51.1471 -64.159 -27.5201 -55.2474 
-38 -243.122 -44 40 -51.4106 -64.4736 -27.9255 -55.0218 
-32 -248.115 -45 40 -51.7102 -63.2848 -30.2769 -55.2938 
-38 -243.533 -44 40 -51.1471 -64.159 -27.5201 -55.2474 
-32 -246.143 -43 40 -51.38 -64.4736 -24.7337 -55.0218 
-37 -241.9 -43 40 -51.4106 -64.4736 -27.9255 -55.0218 
-32 -248.526 -45 40 -51.4467 -62.9702 -29.8714 -55.5193 
-32 -246.554 -43 40 -51.1165 -64.159 -24.3282 -55.2474 
-37 -242.311 -43 40 -51.1471 -64.159 -27.5201 -55.2474 
-32 -247.876 -44 40 -49.4545 -65.8059 -24.8908 -56.5824 
-32 -248.353 -45 40 -51.7102 -63.2848 -30.2769 -55.2938 
-36 -250.226 -46 40 -47.6151 -62.4322 -30.5646 -54.343 
-38 -244.805 -45 40 -51.7102 -63.2848 -30.2769 -55.2938 
-32 -245.104 -43 40 -51.4106 -64.4736 -27.9255 -55.0218 
-26 -252.01 -45 40 -51.7102 -63.2848 -30.2769 -55.2938 
-36 -250.278 -46 40 -47.6151 -62.4322 -30.5646 -54.343 
-32 -248.764 -45 40 -51.4467 -62.9702 -29.8714 -55.5193 
-36 -250.638 -46 40 -47.3516 -62.1176 -30.1591 -54.5685 
-43 -238.591 -43 40 -51.4106 -64.4736 -27.9255 -55.0218 
-38 -245.217 -45 40 -51.4467 -62.9702 -29.8714 -55.5193 
-32 -245.515 -43 40 -51.1471 -64.159 -27.5201 -55.2474 
-26 -252.422 -45 40 -51.4467 -62.9702 -29.8714 -55.5193 
-32 -247.826 -44 40 -51.6796 -63.2848 -27.0851 -55.2938 
-36 -250.689 -46 40 -47.3516 -62.1176 -30.1591 -54.5685 
-32 -244.979 -44 40 -52.5182 -65.6635 -30.005 -56.3879 
-37 -243.584 -44 40 -51.7102 -63.2848 -30.2769 -55.2938 
-28 -249.736 -45 40 -51.9345 -62.4788 -33.6816 -55.638 
-43 -239.002 -43 40 -51.1471 -64.159 -27.5201 -55.2474 
-38 -248.065 -45 40 -46.2288 -59.8215 -29.8714 -57.0128 
-37 -241.612 -42 40 -51.38 -64.4736 -24.7337 -55.0218 
-38 -244.567 -44 40 -49.4545 -65.8059 -24.8908 -56.5824 
-38 -245.044 -45 40 -51.7102 -63.2848 -30.2769 -55.2938 
-36 -245.094 -44 41 -52.2357 -63.0287 -29.1233 -55.0607 
-32 -248.238 -44 40 -51.4161 -62.9702 -26.6796 -55.5193 
-38 -248.117 -45 40 -46.2288 -59.8215 -29.8714 -57.0128 
-42 -246.917 -46 40 -47.6151 -62.4322 -30.5646 -54.343 
-32 -245.39 -44 40 -52.2547 -65.3488 -29.5995 -56.6135 
-37 -243.995 -44 40 -51.4467 -62.9702 -29.8714 -55.5193 
-38 -241.795 -43 40 -51.4106 -64.4736 -27.9255 -55.0218 
-32 -248.701 -45 40 -51.7102 -63.2848 -30.2769 -55.2938 
-32 -249.56 -45 40 -49.7541 -64.6172 -27.2422 -56.8543 
-38 -248.477 -45 40 -45.9653 -59.5069 -29.466 -57.2383 
-42 -246.969 -46 40 -47.6151 -62.4322 -30.5646 -54.343 
-37 -242.023 -42 40 -51.1165 -64.159 -24.3282 -55.2474 
-38 -245.455 -45 40 -51.4467 -62.9702 -29.8714 -55.5193 
-36 -245.505 -44 41 -51.9722 -62.714 -28.7179 -55.2863 
-32 -247.588 -43 40 -49.4239 -65.8059 -21.6989 -56.5824 
-38 -248.528 -45 40 -45.9653 -59.5069 -29.466 -57.2383 
-32 -248.065 -44 40 -51.6796 -63.2848 -27.0851 -55.2938 
-42 -247.328 -46 40 -47.3516 -62.1176 -30.1591 -54.5685 
-32 -246.788 -44 40 -51.7102 -63.2848 -30.2769 -55.2938 
-32 -249.638 -45 41 -52.2357 -63.0287 -29.1233 -55.0607 
-36 -249.938 -45 40 -47.5845 -62.4322 -27.3727 -54.343 
-30 -249.695 -45 40 -50.7547 -62.94 -30.97 -56.6801 
-38 -242.206 -43 40 -51.1471 -64.159 -27.5201 -55.2474 
-32 -249.112 -45 40 -51.4467 -62.9702 -29.8714 -55.5193 
-37 -243.345 -43 40 -49.4545 -65.8059 -24.8908 -56.5824 
-37 -243.822 -44 40 -51.7102 -63.2848 -30.2769 -55.2938 
-32 -244.816 -42 40 -51.38 -64.4736 -24.7337 -55.0218 
-42 -247.38 -46 40 -47.3516 -62.1176 -30.1591 -54.5685 
-26 -251.722 -44 40 -51.6796 -63.2848 -27.0851 -55.2938 
-36 -249.99 -45 40 -47.5845 -62.4322 -27.3727 -54.343 
-43 -240.275 -44 40 -51.7102 -63.2848 -30.2769 -55.2938 
-31 -247.48 -44 40 -51.7102 -63.2848 -30.2769 -55.2938 
-26 -252.242 -45 40 -52.2055 -64.4736 -29.466 -55.0218 
-32 -248.476 -44 40 -51.4161 -62.9702 -26.6796 -55.5193 
-34 -246.427 -45 40 -51.9345 -62.4788 -33.6816 -55.638 
-32 -247.199 -44 40 -51.4467 -62.9702 -29.8714 -55.5193 
-32 -250.049 -45 41 -51.9722 -62.714 -28.7179 -55.2863 
-32 -250.764 -44 40 -48.4874 -59.7046 -27.2324 -55.486 
-41 -245.747 -45 40 -47.6151 -62.4322 -30.5646 -54.343 
-44 -244.756 -45 40 -46.2288 -59.8215 -29.8714 -57.0128 
-36 -250.35 -45 40 -47.321 -62.1176 -26.9673 -54.5685 
-30 -250.107 -45 40 -50.4912 -62.6253 -30.5646 -56.9056 
-37 -244.233 -44 40 -51.4467 -62.9702 -29.8714 -55.5193 
-34 -246.431 -44 40 -51.4106 -64.4736 -27.9255 -55.0218 
-42 -241.785 -44 41 -52.2357 -63.0287 -29.1233 -55.0607 
-32 -245.227 -42 40 -51.1165 -64.159 -24.3282 -55.2474 
-26 -252.133 -44 40 -51.4161 -62.9702 -26.6796 -55.5193 
-44 -244.808 -45 40 -46.2288 -59.8215 -29.8714 -57.0128 
-32 -249.798 -45 40 -49.7541 -64.6172 -27.2422 -56.8543 
-32 -246.663 -45 40 -52.8178 -64.4747 -32.3563 -56.6599 
-36 -250.401 -45 40 -47.321 -62.1176 -26.9673 -54.5685 
-32 -249.773 -45 41 -49.801 -64.3913 -27.9818 -57.3738 
-28 -251.42 -46 40 -52.2342 -61.29 -36.033 -55.91 
-43 -240.686 -44 40 -51.4467 -62.9702 -29.8714 -55.5193 
-31 -247.891 -44 40 -51.4467 -62.9702 -29.8714 -55.5193 
-38 -244.081 -44 40 -51.4106 -64.4736 -27.9255 -55.0218 
-36 -251.672 -46 40 -45.659 -63.7645 -27.5298 -55.9035 
-26 -252.654 -45 40 -51.942 -64.159 -29.0605 -55.2474 
-32 -250.15 -43 40 -48.4568 -59.7046 -24.0405 -55.486 
-32 -244.691 -43 40 -52.4876 -65.6635 -26.8131 -56.3879 
-37 -243.296 -43 40 -51.6796 -63.2848 -27.0851 -55.2938 
-32 -251.175 -44 40 -48.2239 -59.3899 -26.8269 -55.7115 
-41 -246.158 -45 40 -47.3516 -62.1176 -30.1591 -54.5685 
-38 -246.251 -45 40 -49.7541 -64.6172 -27.2422 -56.8543 
-44 -245.167 -45 40 -45.9653 -59.5069 -29.466 -57.2383 
-32 -246.549 -43 40 -49.4545 -65.8059 -24.8908 -56.5824 
-26 -253.456 -45 40 -49.7541 -64.6172 -27.2422 -56.8543 
FEATURES_TXT_END_0
FEATURES_TXT_BEGIN_0 71 100 8 Distortion0_0 LM0_0 WordPenalty0_0 PhrasePenalty0_0 TranslationModel0_0 TranslationModel0_1 TranslationModel0_2 TranslationModel0_3 
-19 -121.609 -27 22 -36.7742 -51.6884 -23.6753 -51.5066 
-19 -123.877 -28 22 -32.9938 -52.1298 -24.3685 -53.6579 
-19 -123.808 -26 22 -35.3441 -50.8469 -18.3671 -50.0329 
-19 -126.076 -27 22 -31.5637 -51.2883 -19.0602 -52.1842 
-19 -121.303 -27 23 -38.6293 -52.5054 -25.2787 -50.8249 
-23 -126.827 -29 23 -32.5061 -48.584 -26.0857 -51.0027 
-19 -123.837 -26 22 -34.9301 -50.3478 -19.4657 -50.9492 
-23 -129.095 -30 23 -28.7257 -49.0254 -26.7789 -53.154 
-19 -126.105 -27 22 -31.1497 -50.7893 -20.1588 -53.1005 
-19 -122.388 -27 22 -37.7656 -50.69 -24.774 -51.5066 
-15 -132.675 -32 23 -30.6097 -49.6214 -32.2556 -58.6193 
-19 -124.656 -28 22 -33.9852 -51.1315 -25.4671 -53.6579 
-19 -123.503 -26 23 -37.1992 -51.6639 -19.9704 -49.3512 
-15 -134.943 -33 23 -26.8293 -50.0629 -32.9487 -60.7706 
-19 -123.505 -27 22 -35.827 -51.6651 -24.3685 -50.5144 
-22 -126.161 -26 22 -32.35 -46.8054 -19.9451 -47.2047 
-27 -120.651 -28 22 -32.8871 -52.1298 -24.029 -53.6579 
-15 -131.246 -32 23 -30.09 -52.4483 -31.03 -61.6796 
-22 -128.428 -27 22 -28.5696 -47.2469 -20.6382 -49.356 
-15 -129.739 -32 23 -32.0937 -51.5679 -34.335 -61.1687 
-23 -121.915 -28 23 -34.8489 -52.9469 -25.9718 -52.9762 
-15 -133.514 -33 23 -26.3096 -52.8898 -31.7231 -63.8308 
-19 -122.767 -27 22 -36.3602 -51.1893 -24.774 -52.4229 
-15 -132.007 -33 23 -28.3133 -52.0094 -35.0282 -63.32 
-23 -129.027 -28 23 -31.0759 -47.7425 -20.7775 -49.529 
-15 -128.817 -28 23 -34.4344 -51.6563 -23.4093 -52.1784 
-19 -122.811 -26 22 -36.3535 -51.6884 -20.1788 -51.5066 
-19 -125.035 -28 22 -32.5799 -51.6308 -25.4671 -54.5742 
-23 -131.295 -29 23 -27.2955 -48.1839 -21.4706 -51.6803 
-15 -131.085 -29 23 -30.654 -52.0978 -24.1024 -54.3296 
-19 -125.079 -27 22 -32.5731 -52.1298 -20.872 -53.6579 
-23 -126.521 -29 24 -34.3612 -49.401 -27.6891 -50.3209 
-19 -124.415 -29 22 -37.2889 -52.3557 -26.4269 -54.987 
-19 -123.531 -26 23 -36.7852 -51.1649 -21.069 -50.2675 
-15 -132.753 -31 23 -28.2459 -51.1077 -26.8203 -61.1222 
-20 -127.061 -27 22 -34.0994 -49.9779 -20.3808 -48.6271 
-15 -134.875 -31 23 -29.1796 -48.7799 -26.9473 -57.1456 
-19 -126.683 -30 22 -33.5085 -52.7972 -27.12 -57.1383 
-15 -129.323 -29 23 -34.7563 -51.6563 -27.4075 -52.1784 
-27 -120.606 -28 22 -33.8785 -51.1315 -25.1276 -53.6579 
-15 -135.021 -32 23 -24.4655 -51.5492 -27.5135 -63.2734 
-20 -129.329 -28 22 -30.319 -50.4194 -21.0739 -50.7784 
-15 -137.143 -32 23 -25.3992 -49.2214 -27.6405 -59.2969 
-11 -134.944 -31 23 -30.6291 -49.6214 -29.1992 -58.6193 
-15 -131.591 -30 23 -30.9759 -52.0978 -28.1006 -54.3296 
-19 -122.082 -27 23 -39.6207 -51.507 -26.3773 -50.8249 
-19 -125.704 -26 22 -34.3969 -50.8236 -19.0602 -49.0407 
-15 -125.012 -27 22 -37.9967 -52.9396 -23.6753 -51.4407 
-11 -137.212 -32 23 -26.8488 -50.0629 -29.8924 -60.7706 
-15 -132.369 -32 24 -32.4648 -50.4385 -33.8589 -57.9375 
-25 -120.503 -27 22 -35.827 -51.6651 -24.3685 -50.5144 
-23 -123.394 -28 22 -32.9938 -52.1298 -24.3685 -53.6579 
-22 -128.36 -25 22 -30.9199 -45.9639 -14.6368 -45.731 
-15 -129.097 -28 23 -33.8336 -50.3469 -24.5079 -53.2315 
-19 -123.265 -28 22 -38.3107 -52.9396 -26.8323 -51.4407 
-19 -125.835 -27 22 -35.1648 -50.8469 -22.0659 -50.0329 
-19 -125.316 -27 22 -36.0811 -49.8276 -23.6753 -49.8972 
-15 -133.446 -31 23 -28.6599 -51.6068 -25.7217 -60.2059 
-22 -130.628 -26 22 -27.1395 -46.4054 -15.33 -47.8823 
-15 -131.365 -29 23 -30.0532 -50.7884 -25.201 -55.3828 
-23 -129.055 -28 23 -30.6619 -47.2434 -21.8761 -50.4453 
-19 -128.103 -28 22 -31.3844 -51.2883 -22.7591 -52.1842 
-15 -127.894 -29 23 -34.2366 -54.4832 -26.1819 -55.2386 
-22 -126.668 -26 22 -33.6294 -47.6224 -18.9945 -46.523 
-19 -127.584 -28 22 -32.3007 -50.2691 -24.3685 -52.0485 
-15 -131.939 -31 23 -30.6635 -50.7264 -29.0268 -59.695 
-15 -127.163 -29 22 -37.2889 -52.3557 -26.4269 -54.987 
-23 -124.114 -27 23 -33.4188 -52.1054 -20.6636 -51.5024 
-15 -135.714 -32 23 -24.8795 -52.0483 -26.4149 -62.3571 
-20 -127.548 -27 22 -32.82 -49.1608 -21.3314 -49.3089 
-19 -122.049 -26 22 -39.6074 -51.2236 -23.6753 -48.3631 
-11 -133.515 -31 23 -30.1094 -52.4483 -27.9736 -61.6796 
-19 -128.759 -29 22 -33.511 -49.2639 -25.7502 -52.6053 
-22 -125.855 -26 23 -34.2051 -47.6224 -21.5484 -46.523 
-13 -126.493 -28 22 -38.3437 -53.991 -28.2115 -50.2611 
-23 -131.323 -29 23 -26.8815 -47.6849 -22.5692 -52.5965 
-15 -130.162 -30 23 -30.4562 -54.9247 -26.875 -57.3899 
-15 -134.77 -31 23 -28.7656 -48.2808 -28.0459 -58.0619 
-22 -128.936 -27 22 -29.849 -48.0639 -19.6876 -48.6742 
-19 -131.045 -30 23 -32.5061 -48.584 -29.4179 -51.0027 
-19 -124.979 -26 22 -36.3354 -49.8485 -19.4657 -50.0329 
-17 -132.292 -32 23 -30.6291 -49.6214 -32.5314 -58.6193 
-15 -134.207 -32 23 -26.8831 -51.1679 -29.7199 -61.8463 
-11 -132.008 -31 23 -32.1131 -51.5679 -31.2787 -61.1687 
-23 -131.195 -33 23 -26.7226 -50.0629 -32.6092 -60.7706 
-15 -131.016 -27 23 -33.0042 -50.8148 -18.101 -50.7047 
-20 -129.816 -28 22 -29.0396 -49.6023 -22.0245 -51.4601 
-11 -135.783 -32 23 -26.329 -52.8898 -28.6668 -63.8308 
-15 -130.941 -32 24 -31.9451 -53.2654 -32.6333 -60.9978 
-19 -131.027 -30 22 -29.7306 -49.7053 -26.4433 -54.7565 
-13 -128.761 -29 22 -34.5633 -54.4325 -28.9047 -52.4123 
-15 -129.603 -29 23 -34.1555 -50.3469 -28.5061 -53.2315 
-15 -137.038 -32 23 -24.9852 -48.7223 -28.7391 -60.2132 
-23 -127.606 -29 23 -33.4974 -47.5856 -27.1843 -51.0027 
-19 -133.313 -31 23 -28.7257 -49.0254 -30.1111 -53.154 
-19 -127.247 -27 22 -32.555 -50.29 -20.1588 -52.1842 
-17 -134.56 -33 23 -26.8488 -50.0629 -33.2246 -60.7706 
-19 -124.482 -28 22 -37.0883 -51.6884 -26.8323 -51.5066 
-11 -134.276 -32 23 -28.3327 -52.0094 -31.9718 -63.32 
-15 -133.284 -28 23 -29.2238 -51.2563 -18.7942 -52.8559 
FEATURES_TXT_END_0
FEATURES_TXT_BEGIN_0 72 100 8 Distortion0_0 LM0_0 WordPenalty0_0 PhrasePenalty0_0 TranslationModel0_0 TranslationModel0_1 TranslationModel0_2 TranslationModel0_3 
-18 -151.753 -33 30 -53.2062 -72.8139 -21.65 -73.9122 
-18 -151.93 -33 30 -55.3141 -72.3555 -21.65 -72.6595 
-18 -151.867 -35 30 -54.3182 -73.1568 -29.5769 -76.0421 
-18 -152.786 -33 30 -51.9268 -71.9968 -22.6006 -74.594 
-18 -152.903 -33 30 -51.9268 -71.9968 -22.6006 -74.594 
-18 -151.712 -33 30 -52.5764 -72.466 -23.9012 -75.1817 
-18 -152.044 -35 30 -56.4261 -72.6984 -29.5769 -74.7894 
-28 -149.44 -34 30 -53.0262 -72.2641 -23.5669 -71.2287 
-18 -152.963 -33 30 -54.0347 -71.5384 -22.6006 -73.3412 
-18 -153.549 -34 30 -53.5202 -72.8139 -24.807 -73.9122 
-18 -153.001 -33 30 -54.0347 -71.5384 -22.6006 -73.3412 
-18 -151.889 -33 30 -54.6843 -72.0076 -23.9012 -73.9289 
-28 -149.618 -34 30 -55.134 -71.8058 -23.5669 -69.976 
-18 -155.498 -34 30 -48.8967 -73.2786 -21.65 -77.0558 
-18 -153.726 -34 30 -55.6281 -72.3555 -24.807 -72.6595 
-14 -155.922 -34 30 -53.1062 -72.3148 -25.9056 -74.8285 
-23 -150.22 -33 30 -55.3141 -72.3555 -21.65 -72.6595 
-18 -152.513 -33 30 -54.8833 -74.8977 -20.0405 -73.9588 
-18 -151.232 -33 30 -54.8716 -73.6828 -23.1328 -75.3181 
-18 -153.017 -35 30 -53.0388 -72.3397 -30.5275 -76.7239 
-18 -151.825 -35 30 -53.6884 -72.8089 -31.8282 -77.3116 
-18 -151.122 -33 30 -56.9794 -73.2244 -23.1328 -74.0653 
-14 -158.307 -35 30 -48.7968 -72.7796 -25.9056 -77.972 
-18 -152.984 -33 30 -53.0239 -72.6777 -22.5662 -74.6054 
-22 -151.122 -33 30 -53.2062 -72.8139 -21.65 -73.9122 
-18 -155.675 -34 30 -51.0046 -72.8202 -21.65 -75.803 
-18 -153.936 -33 30 -50.6474 -71.1797 -23.5512 -75.2758 
-12 -157.172 -33 30 -53.2062 -72.8139 -21.65 -73.9122 
-18 -152.744 -33 30 -51.297 -71.6489 -24.8519 -75.8634 
-18 -155.708 -33 30 -51.7398 -70.2284 -21.65 -72.8136 
-18 -153.663 -36 30 -54.6322 -73.1568 -32.7339 -76.0421 
-18 -154.239 -34 30 -53.2338 -72.8139 -25.1763 -73.9122 
-12 -153.296 -32 30 -56.9133 -73.735 -22.9309 -72.9794 
-14 -156.099 -34 30 -55.2141 -71.8564 -25.9056 -73.5758 
-18 -153.114 -35 30 -55.1467 -71.8813 -30.5275 -75.4711 
-18 -152.862 -33 30 -51.297 -71.6489 -24.8519 -75.8634 
-18 -152.69 -33 30 -56.9912 -74.4393 -20.0405 -72.706 
-12 -153.121 -33 30 -57.6586 -76.5557 -23.2594 -74.6795 
-14 -157.669 -33 30 -53.4686 -72.3358 -20.0405 -71.9663 
-18 -152.002 -35 30 -55.7963 -72.3505 -31.8282 -76.0588 
-18 -154.582 -34 30 -52.2408 -71.9968 -25.7576 -74.594 
-14 -158.485 -35 30 -50.9047 -72.3212 -25.9056 -76.7193 
-28 -150.591 -34 30 -51.7468 -71.4471 -24.5175 -71.9105 
-28 -149.399 -34 30 -52.3964 -71.9162 -25.8182 -72.4982 
-18 -154.034 -33 30 -52.7553 -70.7213 -23.5512 -74.023 
-14 -156.401 -34 30 -53.1062 -72.3148 -25.9056 -74.8285 
-18 -153.161 -33 30 -55.1317 -72.2193 -22.5662 -73.3526 
-22 -151.299 -33 30 -55.3141 -72.3555 -21.65 -72.6595 
-10 -158.83 -34 30 -53.1062 -72.3148 -25.9056 -74.8285 
-12 -149.244 -32 30 -61.3657 -77.4769 -24.5403 -73.7466 
-18 -154.699 -34 30 -52.2408 -71.9968 -25.7576 -74.594 
-12 -157.349 -33 30 -55.3141 -72.3555 -21.65 -72.6595 
-18 -152.921 -33 30 -53.4049 -71.1905 -24.8519 -74.6107 
-18 -155.612 -36 30 -50.0087 -73.6215 -29.5769 -79.1856 
-18 -152.959 -33 30 -53.4049 -71.1905 -24.8519 -74.6107 
-18 -149.582 -32 30 -57.3493 -75.3237 -22.7486 -72.1205 
-18 -155.801 -34 30 -50.6412 -72.8151 -21.65 -76.9278 
-18 -153.84 -36 30 -56.7401 -72.6984 -32.7339 -74.7894 
-18 -154.416 -34 30 -55.3417 -72.3555 -25.1763 -72.6595 
-12 -153.473 -32 30 -59.0212 -73.2766 -22.9309 -71.7266 
-22 -153.333 -34 31 -50.4763 -73.2786 -22.5001 -77.0558 
-28 -151.236 -35 30 -53.3402 -72.2641 -26.7239 -71.2287 
-18 -154.544 -34 30 -55.7141 -72.3555 -24.5677 -72.6595 
-28 -150.688 -34 30 -53.8546 -70.9887 -24.5175 -70.6577 
-18 -156.531 -34 30 -47.6173 -72.4615 -22.6006 -77.7375 
-22 -151.898 -34 30 -53.0028 -72.8139 -26.2749 -73.9122 
-14 -156.036 -36 30 -54.2183 -72.6577 -33.8325 -76.9584 
-18 -153.644 -33 30 -52.7922 -72.3148 -22.7486 -74.8285 
-12 -153.298 -33 30 -59.7665 -76.0973 -23.2594 -73.4267 
-18 -153.654 -33 30 -54.1975 -71.8155 -22.7486 -73.9122 
-14 -157.846 -33 30 -55.5764 -71.8774 -20.0405 -70.7136 
-23 -150.333 -35 30 -56.4261 -72.6984 -29.5769 -74.7894 
-18 -152.627 -35 30 -55.9953 -75.2406 -27.9675 -76.0886 
-18 -151.346 -35 30 -55.9836 -74.0257 -31.0598 -77.448 
-18 -154.759 -34 30 -54.3487 -71.5384 -25.7576 -73.3412 
-28 -151.467 -34 30 -49.1818 -71.2647 -24.5175 -73.2968 
-28 -149.576 -34 30 -54.5043 -71.4579 -25.8182 -71.2454 
-18 -154.797 -34 30 -54.3487 -71.5384 -25.7576 -73.3412 
-14 -156.121 -33 30 -52.7922 -72.3148 -22.7486 -74.8285 
-14 -156.578 -34 30 -55.2141 -71.8564 -25.9056 -73.5758 
-18 -151.236 -35 30 -58.0914 -73.5674 -31.0598 -76.1952 
-14 -158.421 -37 30 -49.9088 -73.1225 -33.8325 -80.1019 
-18 -156.648 -34 30 -47.6173 -72.4615 -22.6006 -77.7375 
-18 -155.457 -34 30 -48.267 -72.9307 -23.9012 -78.3252 
-10 -159.007 -34 30 -55.2141 -71.8564 -25.9056 -73.5758 
-14 -156.955 -34 30 -51.8268 -71.4977 -26.8562 -75.5103 
-12 -149.422 -32 30 -63.4736 -77.0185 -24.5403 -72.4939 
-18 -153.097 -35 30 -54.1359 -73.0207 -30.4932 -76.7353 
-23 -151.253 -33 30 -54.0347 -71.5384 -22.6006 -73.3412 
-18 -153.546 -33 30 -53.6039 -74.0806 -20.9911 -74.6405 
-22 -151.236 -35 30 -54.3182 -73.1568 -29.5769 -76.0421 
-18 -152.265 -33 30 -53.5922 -72.8658 -24.0834 -75.9998 
-14 -158.506 -34 30 -48.4828 -72.7796 -22.7486 -77.972 
-18 -155.789 -36 30 -52.1166 -73.1631 -29.5769 -77.9329 
-22 -151.887 -33 30 -53.2062 -72.8139 -21.65 -73.9122 
-28 -145.458 -33 30 -58.5064 -73.8117 -23.6619 -72.6819 
-12 -157.286 -35 30 -54.3182 -73.1568 -29.5769 -76.0421 
-18 -152.155 -33 30 -55.7 -72.4074 -24.0834 -74.7471 
-18 -149.759 -32 30 -59.4572 -74.8653 -22.7486 -70.8677 
-14 -159.34 -35 30 -47.5174 -71.9625 -26.8562 -78.6538 
FEATURES_TXT_END_0
FEATURES_TXT_BEGIN_0 73 100 8 Distortion0_0 LM0_0 WordPenalty0_0 PhrasePenalty0_0 TranslationModel0_0 TranslationModel0_1 TranslationModel0_2 TranslationModel0_3 
-34 -296.144 -50 47 -90.0162 -101.753 -31.9349 -93.7479 
-34 -299.896 -50 47 -86.2596 -99.7375 -30.5486 -92.5803 
-30 -299.65 -51 47 -88.1444 -102.249 -33.7266 -96.8717 
-34 -295.63 -50 47 -92.3539 -104.064 -30.5486 -93.6081 
-30 -303.402 -51 47 -84.3878 -100.234 -32.3403 -95.7041 
-38 -294.772 -50 47 -90.0162 -101.753 -31.9349 -93.7479 
-34 -297.764 -50 47 -89.6308 -101.985 -30.9364 -93.5115 
-38 -296.117 -51 48 -87.6741 -102.218 -33.5815 -96.8914 
-34 -298.699 -51 47 -89.5642 -101.753 -33.8808 -93.7479 
-34 -299.383 -50 47 -88.5973 -102.048 -29.1623 -92.4405 
-38 -295.099 -50 47 -90.8919 -100.93 -32.4945 -92.8361 
-36 -297.59 -50 46 -89.7315 -101.468 -30.3557 -91.4037 
-38 -294.994 -50 47 -90.0162 -101.753 -31.9349 -93.7479 
-30 -299.136 -51 47 -90.4821 -104.56 -32.3403 -96.732 
-34 -303.095 -51 48 -85.3861 -98.6487 -32.0706 -93.244 
-34 -296.313 -49 47 -91.8294 -101.915 -30.0891 -91.5986 
-38 -298.525 -50 47 -86.2596 -99.7375 -30.5486 -92.5803 
-30 -299.579 -51 47 -87.5146 -101.901 -35.9779 -98.1412 
-34 -301.516 -50 47 -85.8742 -99.969 -29.5501 -92.3439 
-38 -294.18 -49 47 -92.7052 -101.091 -30.6487 -90.6868 
-34 -297.067 -49 47 -90.0162 -101.107 -30.8363 -91.9562 
-34 -294.154 -49 46 -92.6991 -106.237 -30.3557 -90.9395 
-34 -301.952 -51 47 -85.0306 -99.7441 -32.4945 -94.5256 
-38 -299.87 -51 48 -83.9175 -100.202 -32.1952 -95.7238 
-34 -302.452 -51 47 -85.8077 -99.7375 -32.4945 -92.5803 
-30 -301.27 -51 47 -87.759 -102.481 -32.7281 -96.6354 
-38 -298.852 -50 47 -87.1354 -98.914 -31.1082 -91.6685 
-34 -299.623 -52 48 -85.8023 -102.714 -35.3732 -100.015 
-36 -301.343 -50 46 -85.975 -99.4522 -28.9694 -90.2361 
-38 -298.747 -50 47 -86.2596 -99.7375 -30.5486 -92.5803 
-30 -302.206 -52 47 -87.6924 -102.249 -35.6725 -96.8717 
-30 -302.889 -51 47 -86.7255 -102.544 -30.954 -95.5644 
-32 -302.332 -53 48 -86.0479 -104.035 -34.9853 -100.147 
-38 -295.454 -50 47 -90.0162 -101.753 -31.9349 -93.7479 
-34 -296.615 -50 47 -89.2794 -102.548 -33.6089 -95.1342 
-34 -306.848 -51 48 -81.6296 -96.6331 -30.6843 -92.0764 
-30 -300.049 -52 47 -88.265 -102.935 -35.8061 -101.037 
-34 -293.189 -48 46 -94.5124 -106.399 -28.5099 -88.7902 
-34 -298.605 -51 47 -89.0201 -101.425 -34.2863 -95.9599 
-38 -294.259 -50 47 -92.3539 -104.064 -30.5486 -93.6081 
-32 -301.096 -51 46 -87.8597 -101.964 -32.1475 -94.5275 
-34 -298.5 -51 47 -88.1444 -102.249 -33.7266 -96.8717 
-34 -300.066 -49 47 -88.0729 -99.8993 -28.7028 -90.431 
-34 -297.25 -50 47 -91.9684 -104.295 -29.5501 -93.3718 
-30 -306.601 -52 48 -83.5143 -99.1447 -33.8624 -96.3678 
-34 -303.26 -51 47 -85.6604 -100.092 -30.2432 -93.2562 
-38 -295.604 -51 48 -90.0118 -104.528 -32.1952 -96.7517 
-30 -299.819 -50 47 -89.9576 -102.411 -31.8808 -94.7224 
-34 -298.186 -51 47 -91.9019 -104.064 -32.4945 -93.6081 
-36 -296.491 -49 46 -89.776 -101.468 -29.6625 -91.4037 
-30 -303.332 -51 47 -83.7581 -99.8856 -34.5916 -96.9736 
-38 -297.933 -49 47 -88.9486 -99.0757 -29.2624 -89.5191 
-34 -300.82 -49 47 -86.2596 -99.0916 -29.45 -90.7885 
-34 -297.907 -49 46 -88.9426 -104.221 -28.9694 -89.7719 
-34 -305.705 -51 47 -81.2741 -97.7285 -31.1082 -93.358 
-34 -296.309 -49 47 -89.8339 -102.02 -31.2417 -93.8693 
-38 -294.585 -50 47 -93.2296 -103.24 -31.1082 -92.6963 
-36 -297.076 -50 46 -92.0692 -103.778 -28.9694 -91.2639 
-38 -294.481 -50 47 -92.3539 -104.064 -30.5486 -93.6081 
-38 -297.195 -51 48 -89.4238 -101.393 -33.5882 -95.4215 
-30 -305.022 -51 47 -84.0024 -100.465 -31.3418 -95.4677 
-42 -296.639 -51 47 -88.5429 -101.107 -32.628 -91.9562 
-36 -295.419 -48 46 -91.5892 -101.63 -27.8167 -89.2543 
-34 -297.686 -50 47 -90.8334 -101.587 -32.4404 -93.8106 
-30 -300.573 -50 47 -88.1444 -101.603 -32.628 -95.08 
-30 -297.66 -50 46 -90.8273 -106.733 -32.1475 -94.0633 
-34 -302.581 -51 48 -87.7238 -100.959 -30.6843 -93.1042 
-34 -297.181 -50 47 -89.3864 -101.405 -34.1862 -95.0173 
-42 -294.854 -51 48 -89.4238 -101.393 -33.5882 -95.4215 
-30 -305.458 -52 47 -83.1588 -100.24 -34.2863 -97.6494 
-34 -303.376 -52 48 -82.0457 -100.698 -33.9869 -98.8476 
-34 -298.398 -50 47 -90.2675 -101.429 -31.9349 -93.4114 
-38 -296.392 -50 47 -89.6308 -101.985 -30.9364 -93.5115 
-34 -295.799 -49 47 -94.1671 -104.225 -28.7028 -91.4588 
-30 -305.958 -52 47 -83.9359 -100.234 -34.2863 -95.7041 
-34 -298.942 -50 47 -90.0162 -101.107 -32.628 -91.9562 
-32 -306.085 -53 48 -82.2914 -102.019 -33.599 -98.9797 
-30 -301.294 -51 47 -88.1444 -102.279 -33.7266 -96.7466 
-38 -299.207 -50 47 -86.2596 -99.7375 -30.5486 -92.5803 
-34 -300.368 -50 47 -85.5228 -100.533 -32.2226 -93.9666 
-34 -305.482 -50 47 -80.3276 -97.0059 -30.2499 -91.8984 
-34 -297.664 -49 47 -91.444 -102.146 -29.0905 -91.3622 
-30 -303.801 -52 47 -84.5085 -100.92 -34.4198 -99.8697 
-42 -294.746 -51 48 -87.6741 -102.218 -33.5815 -96.8914 
-44 -293.009 -50 47 -90.0162 -101.107 -32.628 -91.9562 
-24 -307.857 -51 47 -87.2486 -99.674 -33.0158 -93.6513 
-34 -296.941 -48 46 -90.7559 -104.383 -27.1236 -87.6226 
-34 -302.358 -51 47 -85.2636 -99.4099 -32.9 -94.7923 
-38 -297.328 -51 47 -89.5642 -101.753 -33.8808 -93.7479 
-38 -298.011 -50 47 -88.5973 -102.048 -29.1623 -92.4405 
-32 -304.849 -51 46 -84.1032 -99.9481 -30.7612 -93.3599 
-34 -302.253 -51 47 -84.3878 -100.234 -32.3403 -95.7041 
-38 -297.737 -51 48 -87.2887 -102.449 -32.583 -96.655 
-30 -299.066 -51 47 -89.8523 -104.212 -34.5916 -98.0014 
-28 -305.838 -54 48 -84.1761 -104.531 -36.7771 -103.271 
-34 -300.319 -51 47 -89.1788 -101.985 -32.8823 -93.5115 
-34 -301.003 -50 47 -88.2119 -102.28 -28.1638 -92.2041 
-40 -294.768 -50 47 -90.0162 -101.753 -31.9349 -93.7479 
-38 -295.969 -50 47 -90.0162 -101.753 -31.9349 -93.7479 
-34 -298.96 -51 47 -88.1444 -102.249 -33.7266 -96.8717 
FEATURES_TXT_END_0
FEATURES_TXT_BEGIN_0 74 100 8 Distortion0_0 LM0_0 WordPenalty0_0 PhrasePenalty0_0 TranslationModel0_0 TranslationModel0_1 TranslationModel0_2 TranslationModel0_3 
0 -156.265 -29 23 -29.8358 -37.9291 -18.0162 -45.6853 
0 -157.278 -29 24 -28.8202 -36.8107 -18.4852 -45.8875 
-10 -152.965 -30 23 -27.8202 -34.9547 -20.9822 -46.5749 
-5 -152.9 -29 22 -28.2926 -37.4133 -19.4485 -46.8467 
0 -157.352 -29 23 -29.8258 -37.6278 -16.7173 -45.2058 
0 -156.717 -29 23 -28.5564 -37.112 -18.9669 -46.3671 
-10 -153.979 -30 24 -26.8046 -33.8363 -21.4512 -46.7771 
-5 -153.913 -29 23 -27.277 -36.2949 -19.9175 -47.0489 
-4 -155.868 -30 23 -29.8358 -37.9291 -19.1148 -45.6853 
-7 -156.104 -30 23 -27.7191 -34.9305 -19.3335 -45.5075 
-5 -152.926 -29 22 -29.572 -38.2304 -18.4979 -46.1649 
-4 -156.882 -30 24 -28.8202 -36.8107 -19.5838 -45.8875 
-7 -157.117 -30 24 -26.7035 -33.8121 -19.8025 -45.7097 
-5 -153.94 -29 23 -28.5564 -37.112 -18.9669 -46.3671 
-10 -154.053 -30 23 -27.8102 -34.6533 -19.6833 -46.0953 
-5 -153.988 -29 22 -28.2826 -37.112 -18.1496 -46.3671 
-10 -153.418 -30 23 -26.5408 -34.1376 -21.9328 -47.2566 
-5 -153.352 -29 22 -27.0132 -36.5963 -20.3991 -47.5284 
-5 -153.987 -29 23 -28.5564 -37.112 -18.9669 -46.3671 
-5 -155.001 -29 24 -27.5408 -35.9936 -19.4358 -46.5693 
0 -158.711 -30 23 -28.9195 -37.9291 -19.4025 -45.6853 
0 -158.413 -30 23 -29.183 -38.2437 -19.808 -45.4598 
0 -159.725 -30 24 -27.9039 -36.8107 -19.8715 -45.8875 
0 -159.427 -30 24 -28.1674 -37.1253 -20.277 -45.662 
-14 -152.568 -31 23 -27.8202 -34.9547 -22.0808 -46.5749 
-9 -152.503 -30 22 -28.2926 -37.4133 -20.5471 -46.8467 
-4 -156.956 -30 23 -29.8258 -37.6278 -17.8159 -45.2058 
-7 -157.191 -30 23 -27.7091 -34.6292 -18.0346 -45.028 
-4 -156.321 -30 23 -28.5564 -37.112 -20.0655 -46.3671 
-5 -154.014 -29 22 -29.562 -37.9291 -17.199 -45.6853 
-7 -156.556 -30 23 -26.4397 -34.1135 -20.2842 -46.1893 
-14 -153.582 -31 24 -26.8046 -33.8363 -22.5498 -46.7771 
-9 -153.517 -30 23 -27.277 -36.2949 -21.0161 -47.0489 
-5 -153.379 -29 22 -28.2926 -37.4133 -19.4485 -46.8467 
-5 -154.014 -29 23 -29.8358 -37.9291 -18.0162 -45.6853 
-5 -155.028 -29 24 -28.8202 -36.8107 -18.4852 -45.8875 
-10 -153.624 -30 23 -27.8202 -35.2319 -20.9822 -45.9871 
-5 -155.075 -29 23 -28.5464 -36.8107 -17.6679 -45.8875 
-5 -154.44 -29 23 -27.277 -36.2949 -19.9175 -47.0489 
-10 -152.291 -29 23 -27.6069 -34.9547 -19.2835 -46.5749 
-10 -154.638 -30 24 -26.8046 -34.1135 -21.4512 -46.1893 
-10 -153.305 -29 24 -26.5913 -33.8363 -19.7525 -46.7771 
0 -157.327 -29 23 -28.5564 -37.112 -18.9669 -46.3671 
-10 -155.411 -31 23 -26.9039 -34.9547 -22.3685 -46.5749 
-5 -155.346 -30 22 -27.3763 -37.4133 -20.8348 -46.8467 
-10 -155.114 -31 23 -27.1674 -35.2693 -22.774 -46.3493 
0 -159.799 -30 23 -28.9095 -37.6278 -18.1036 -45.2058 
-5 -155.048 -30 22 -27.6398 -37.728 -21.2403 -46.6211 
0 -159.501 -30 23 -29.173 -37.9424 -18.5091 -44.9802 
-11 -155.707 -31 23 -27.7191 -34.9305 -20.4321 -45.5075 
0 -159.164 -30 23 -27.6401 -37.112 -20.3531 -46.3671 
-9 -152.53 -30 22 -29.572 -38.2304 -19.5965 -46.1649 
0 -158.341 -29 24 -27.5408 -35.9936 -19.4358 -46.5693 
0 -158.866 -30 23 -27.9036 -37.4267 -20.7586 -46.1415 
-10 -156.425 -31 24 -25.8883 -33.8363 -22.8375 -46.7771 
-5 -156.36 -30 23 -26.3607 -36.2949 -21.3038 -47.0489 
-10 -156.127 -31 24 -26.1518 -34.1509 -23.2429 -46.5515 
-5 -156.062 -30 23 -26.6242 -36.6096 -21.7092 -46.8233 
-11 -156.721 -31 24 -26.7035 -33.8121 -20.9011 -45.7097 
-4 -153.775 -29 23 -29.9369 -38.2304 -19.6649 -46.1649 
-9 -153.544 -30 23 -28.5564 -37.112 -20.0655 -46.3671 
-14 -153.656 -31 23 -27.8102 -34.6533 -20.7819 -46.0953 
-9 -153.591 -30 22 -28.2826 -37.112 -19.2482 -46.3671 
-4 -154.789 -29 24 -28.9213 -37.112 -20.1339 -46.3671 
-14 -153.021 -31 23 -26.5408 -34.1376 -23.0314 -47.2566 
-9 -152.956 -30 22 -27.0132 -36.5963 -21.4977 -47.5284 
-9 -153.591 -30 23 -28.5564 -37.112 -20.0655 -46.3671 
-5 -155.102 -29 23 -29.8258 -37.6278 -16.7173 -45.2058 
-9 -154.605 -30 24 -27.5408 -35.9936 -20.5344 -46.5693 
-8 -151.469 -29 23 -29.9369 -38.2304 -19.6649 -46.1649 
-5 -154.467 -29 23 -28.5564 -37.112 -18.9669 -46.3671 
-4 -154.888 -29 23 -29.8358 -37.9291 -18.0162 -45.6853 
-10 -154.712 -30 23 -27.8102 -34.9305 -19.6833 -45.5075 
-8 -152.483 -29 24 -28.9213 -37.112 -20.1339 -46.3671 
-10 -154.077 -30 23 -26.5408 -34.4148 -21.9328 -46.6689 
-4 -155.902 -29 24 -28.8202 -36.8107 -18.4852 -45.8875 
-10 -153.379 -29 23 -27.5969 -34.6533 -17.9846 -46.0953 
-7 -155.494 -29 23 -27.5058 -34.9305 -17.6349 -45.5075 
-10 -152.744 -29 23 -26.3275 -34.1376 -20.2341 -47.2566 
-4 -158.315 -31 23 -28.9195 -37.9291 -20.5011 -45.6853 
-4 -158.017 -31 23 -29.183 -38.2437 -20.9066 -45.4598 
-7 -158.55 -31 23 -26.8028 -34.9305 -20.7198 -45.5075 
-7 -158.252 -31 23 -27.0663 -35.2452 -21.1253 -45.282 
-5 -155.373 -30 22 -28.6557 -38.2304 -19.8842 -46.1649 
-5 -155.075 -30 22 -28.9192 -38.5451 -20.2896 -45.9393 
-7 -156.508 -29 24 -26.4902 -33.8121 -18.1038 -45.7097 
-4 -159.328 -31 24 -27.9039 -36.8107 -20.9701 -45.8875 
-4 -159.031 -31 24 -28.1674 -37.1253 -21.3756 -45.662 
-7 -159.564 -31 24 -25.7872 -33.8121 -21.1888 -45.7097 
-7 -159.266 -31 24 -26.0507 -34.1268 -21.5943 -45.4842 
-5 -156.387 -30 23 -27.6401 -37.112 -20.3531 -46.3671 
0 -158.415 -29 23 -28.5464 -36.8107 -17.6679 -45.8875 
-5 -156.089 -30 23 -27.9036 -37.4267 -20.7586 -46.1415 
-10 -156.499 -31 23 -26.8939 -34.6533 -21.0696 -46.0953 
-5 -156.434 -30 22 -27.3663 -37.112 -19.5359 -46.3671 
-10 -156.201 -31 23 -27.1574 -34.968 -21.475 -45.8698 
-5 -156.136 -30 22 -27.6298 -37.4267 -19.9413 -46.1415 
-11 -156.795 -31 23 -27.7091 -34.6292 -19.1332 -45.028 
0 -157.78 -29 23 -27.277 -36.2949 -19.9175 -47.0489 
-10 -155.864 -31 23 -25.6245 -34.1376 -23.3191 -47.2566 
FEATURES_TXT_END_0
FEATURES_TXT_BEGIN_0 75 90 8 Distortion0_0 LM0_0 WordPenalty0_0 PhrasePenalty0_0 TranslationModel0_0 TranslationModel0_1 TranslationModel0_2 TranslationModel0_3 
-25 -241.493 -52 45 -69.3228 -82.3043 -44.8764 -84.2095 
-15 -247.708 -52 45 -69.3228 -82.3043 -44.8764 -84.2095 
-25 -240.045 -52 46 -69.8693 -82.4402 -47.6245 -86.0268 
-15 -249.136 -53 45 -69.5361 -82.3043 -46.575 -84.2095 
-15 -246.259 -52 46 -69.8693 -82.4402 -47.6245 -86.0268 
-25 -241.325 -52 45 -70.3788 -82.741 -44.8764 -84.4326 
-15 -247.687 -53 46 -70.0826 -82.4402 -49.3232 -86.0268 
-31 -235.341 -49 43 -69.0982 -80.5393 -42.0383 -80.1298 
-27 -245.159 -52 44 -61.28 -80.6689 -42.7392 -84.6437 
-15 -247.54 -52 45 -70.3788 -82.741 -44.8764 -84.4326 
-25 -239.877 -52 46 -70.9254 -82.8769 -47.6245 -86.25 
-25 -241.974 -52 44 -68.5244 -82.338 -44.8605 -84.8981 
-21 -241.555 -49 43 -69.0983 -80.5393 -42.0383 -80.1298 
-27 -246.587 -53 44 -61.4933 -80.6689 -44.4378 -84.6437 
-35 -236.123 -51 44 -69.1259 -81.8396 -43.3908 -81.0659 
-15 -248.968 -53 45 -70.5921 -82.741 -46.575 -84.4326 
-15 -243.347 -51 44 -74.0965 -84.9354 -45.9591 -82.4042 
-31 -233.892 -49 44 -69.6448 -80.6752 -44.7864 -81.9472 
-27 -243.711 -52 45 -61.8266 -80.8048 -45.4873 -86.4611 
-27 -240.976 -51 44 -69.1259 -81.8396 -43.3908 -81.0659 
-31 -239.495 -53 45 -69.5831 -82.3043 -48.0544 -84.2095 
-21 -245.689 -54 46 -70.3429 -82.4402 -52.5012 -86.0268 
-15 -246.091 -52 46 -70.9254 -82.8769 -47.6245 -86.25 
-29 -244.499 -52 45 -64.1557 -80.2997 -41.6983 -83.5105 
-21 -242.983 -50 43 -69.3115 -80.5393 -43.7369 -80.1298 
-25 -240.526 -52 45 -69.0709 -82.4738 -47.6087 -86.7155 
-25 -242.337 -51 44 -69.1259 -81.8396 -43.3908 -81.0659 
-21 -240.106 -49 44 -69.6448 -80.6752 -44.7864 -81.9472 
-27 -245.139 -53 45 -62.0398 -80.8048 -47.186 -86.4611 
-35 -234.674 -51 45 -69.6724 -81.9755 -46.1389 -82.8833 
-15 -247.519 -53 46 -71.1387 -82.8769 -49.3232 -86.25 
-15 -241.899 -51 45 -74.643 -85.0713 -48.7073 -84.2216 
-17 -247.191 -51 44 -69.1259 -81.8396 -43.3908 -81.0659 
-39 -233.997 -51 44 -69.1259 -81.8396 -43.3908 -81.0659 
-15 -248.342 -52 45 -70.9224 -81.7711 -46.575 -83.3986 
-21 -245.71 -53 45 -69.5831 -82.3043 -48.0544 -84.2095 
-37 -239.788 -51 43 -61.0831 -80.2042 -41.2536 -81.5002 
-19 -250.713 -52 45 -64.1557 -80.2997 -41.6983 -83.5105 
-31 -235.173 -49 43 -70.1543 -80.976 -42.0383 -80.353 
-27 -239.528 -51 45 -69.6724 -81.9755 -46.1389 -82.8833 
-25 -240.7 -51 45 -70.7091 -81.7711 -44.8764 -83.3986 
-31 -238.047 -53 46 -70.1296 -82.4402 -50.8026 -86.0268 
-17 -247.17 -52 45 -69.8857 -81.9755 -47.8376 -82.8833 
-29 -243.051 -52 46 -64.7022 -80.4356 -44.4464 -85.3279 
-25 -243.155 -53 45 -69.6974 -82.3043 -48.5205 -84.2095 
-15 -248.412 -52 44 -68.5243 -82.338 -44.8605 -84.8981 
-25 -246.629 -53 45 -65.826 -82.1087 -42.5738 -85.5912 
-25 -243.765 -52 44 -69.3392 -81.8396 -45.0895 -81.0659 
-21 -241.534 -50 44 -69.8581 -80.6752 -46.4851 -81.9472 
-25 -243.474 -53 45 -69.5831 -82.3043 -48.0544 -84.2095 
-25 -241.806 -52 44 -69.5804 -82.7747 -44.8605 -85.1212 
-17 -248.619 -52 44 -69.3392 -81.8396 -45.0895 -81.0659 
-25 -240.889 -51 45 -69.6725 -81.9755 -46.1389 -82.8833 
-21 -247.138 -54 45 -69.7964 -82.3043 -49.7531 -84.2095 
-25 -240.358 -52 45 -70.1269 -82.9106 -47.6087 -86.9386 
-31 -237.615 -50 44 -67.1951 -81.0041 -42.4015 -83.2733 
-19 -252.141 -53 45 -64.3689 -80.2997 -43.397 -83.5105 
-33 -239.006 -49 42 -61.0555 -78.9039 -39.9011 -80.564 
-29 -240.211 -51 44 -69.1259 -81.8396 -43.3908 -81.0659 
-21 -237.194 -48 42 -73.872 -83.1704 -43.121 -78.3246 
-21 -241.387 -49 43 -70.1543 -80.976 -42.0383 -80.353 
-27 -240.799 -51 43 -66.0537 -83.3 -43.8219 -82.8384 
-35 -235.955 -51 44 -70.182 -82.2763 -43.3908 -81.2891 
-17 -245.742 -51 45 -69.6725 -81.9755 -46.1389 -82.8833 
-15 -246.914 -51 45 -70.7091 -81.7711 -44.8764 -83.3986 
-39 -232.549 -51 45 -69.6724 -81.9755 -46.1389 -82.8833 
-21 -242.815 -50 43 -70.3676 -80.976 -43.7369 -80.353 
-21 -244.261 -53 46 -70.1296 -82.4402 -50.8026 -86.0268 
-25 -240.74 -51 44 -70.2525 -82.8172 -45.8254 -81.7219 
-15 -243.179 -51 44 -75.1525 -85.3721 -45.9591 -82.6273 
-19 -249.265 -52 46 -64.7022 -80.4356 -44.4464 -85.3279 
-31 -233.724 -49 44 -70.7008 -81.1119 -44.7864 -82.1703 
-15 -249.369 -53 45 -69.6974 -82.3043 -48.5205 -84.2095 
-27 -240.808 -51 44 -70.182 -82.2763 -43.3908 -81.2891 
-35 -236.98 -52 45 -69.3228 -82.3043 -44.8764 -84.2095 
-31 -239.327 -53 45 -70.6391 -82.741 -48.0544 -84.4326 
-25 -242.026 -53 46 -70.1296 -82.4402 -50.8026 -86.0268 
-15 -252.843 -53 45 -65.826 -82.1087 -42.5738 -85.5912 
-25 -241.707 -53 46 -70.2439 -82.4402 -51.2687 -86.0268 
-25 -244.31 -53 45 -69.0043 -82.3043 -46.9558 -84.2095 
-31 -235.821 -49 42 -68.2998 -80.573 -42.0224 -80.8184 
-15 -246.964 -52 45 -69.0709 -82.4738 -47.6087 -86.7155 
-15 -246.676 -52 45 -71.6528 -85.3029 -45.2577 -84.3873 
-25 -245.181 -53 46 -66.3726 -82.2446 -45.3219 -87.4086 
-25 -242.317 -52 45 -69.8857 -81.9755 -47.8376 -82.8833 
-15 -249.688 -53 45 -69.5831 -82.3043 -48.0544 -84.2095 
-27 -245.936 -52 44 -63.52 -80.7159 -42.046 -83.2999 
-33 -240.434 -50 42 -61.2688 -78.9039 -41.5997 -80.564 
-29 -241.639 -52 44 -69.3392 -81.8396 -45.0895 -81.0659 
-21 -243.829 -50 44 -67.1951 -81.0041 -42.4015 -83.2733 
FEATURES_TXT_END_0
FEATURES_TXT_BEGIN_0 76 100 8 Distortion0_0 LM0_0 WordPenalty0_0 PhrasePenalty0_0 TranslationModel0_0 TranslationModel0_1 TranslationModel0_2 TranslationModel0_3 
-36 -338.512 -62 52 -85.0188 -113.123 -38.6013 -110.857 
-42 -338.276 -63 53 -82.7433 -113.091 -38.1968 -111.528 
-41 -335.646 -61 52 -85.4194 -112.623 -37.5027 -107.609 
-36 -345.8 -64 52 -78.8687 -109.764 -38.1958 -113.601 
-42 -338.617 -63 53 -82.7433 -113.091 -38.1968 -111.528 
-47 -335.41 -62 53 -83.1439 -112.591 -37.0982 -108.281 
-36 -338.806 -61 52 -85.4194 -112.623 -37.5027 -107.609 
-24 -347.536 -62 52 -82.7808 -112.557 -38.1958 -110.857 
-42 -345.564 -65 53 -76.5933 -109.732 -37.7914 -114.273 
-41 -336.099 -62 52 -85.0188 -113.123 -38.6013 -110.857 
-36 -332.465 -62 52 -88.1519 -118.404 -41.4916 -116.226 
-42 -338.569 -62 53 -83.1439 -112.591 -37.0982 -108.281 
-32 -342.866 -62 52 -82.7808 -112.557 -38.1958 -110.857 
-30 -347.3 -63 53 -80.5053 -112.525 -37.7914 -111.528 
-47 -335.863 -63 53 -82.7433 -113.091 -38.1968 -111.528 
-41 -335.362 -61 53 -85.06 -112.182 -38.7563 -109.856 
-42 -332.229 -63 53 -85.8764 -118.372 -41.0872 -116.897 
-41 -342.935 -63 52 -79.2694 -109.263 -37.0972 -110.354 
-36 -339.505 -62 52 -83.7394 -112.306 -39.5519 -111.538 
-34 -336.846 -62 52 -89.8248 -114.182 -42.1848 -110.598 
-38 -342.63 -63 53 -80.5053 -112.525 -37.7914 -111.528 
-47 -335.752 -62 53 -83.1439 -112.591 -37.0982 -108.281 
-41 -334.112 -61 52 -86.0987 -113.123 -38.1958 -110.857 
-36 -339.458 -62 52 -82.7613 -112.557 -41.2522 -110.857 
-29 -344.671 -61 52 -83.1814 -112.057 -37.0972 -107.609 
-47 -335.126 -62 54 -82.7845 -112.15 -38.3519 -110.528 
-42 -345.906 -65 53 -76.5933 -109.732 -37.7914 -114.273 
-36 -341.091 -63 52 -82.9562 -112.034 -39.6999 -113.766 
-47 -342.699 -64 53 -76.9939 -109.231 -36.6928 -111.025 
-36 -346.094 -63 52 -79.2694 -109.263 -37.0972 -110.354 
-42 -339.269 -63 53 -81.4639 -112.274 -39.1475 -112.21 
-40 -336.61 -63 53 -87.5493 -114.15 -41.7804 -111.27 
-28 -344.286 -62 52 -85.0188 -113.123 -38.6013 -110.857 
-41 -329.6 -61 52 -88.5526 -117.904 -40.393 -112.978 
-32 -341.896 -62 52 -85.0188 -113.123 -38.6013 -110.857 
-42 -338.911 -62 53 -83.1439 -112.591 -37.0982 -108.281 
-41 -343.387 -64 52 -78.8687 -109.764 -38.1958 -113.601 
-36 -340.811 -62 52 -82.7808 -112.557 -38.1958 -110.857 
-24 -346.013 -61 52 -82.7808 -112.557 -38.1958 -110.857 
-47 -333.876 -62 53 -83.8232 -113.091 -37.7914 -111.528 
-42 -339.222 -63 53 -80.4859 -112.525 -40.8477 -111.528 
-37 -340.001 -61 52 -83.1814 -112.057 -37.0972 -107.609 
-30 -347.642 -63 53 -80.5053 -112.525 -37.7914 -111.528 
-36 -339.754 -64 52 -82.0019 -115.045 -41.0862 -118.971 
-35 -344.435 -62 53 -80.9059 -112.025 -36.6928 -108.281 
-24 -347.83 -61 52 -83.1814 -112.057 -37.0972 -107.609 
-30 -335.588 -61 51 -92.5329 -114.962 -43.2044 -109.869 
-42 -340.855 -64 53 -80.6807 -112.002 -39.2955 -114.438 
-36 -344.452 -63 52 -78.8687 -109.764 -38.1958 -113.601 
-47 -336.204 -63 53 -82.7433 -113.091 -38.1968 -111.528 
-30 -344.309 -62 53 -81.8411 -112.925 -38.2056 -112.84 
-42 -345.858 -64 53 -76.9939 -109.231 -36.6928 -111.025 
-36 -341.688 -63 52 -82.7613 -112.557 -41.2522 -110.857 
-42 -332.571 -63 53 -85.8764 -118.372 -41.0872 -116.897 
-36 -342.847 -63 53 -82.7433 -113.091 -38.1968 -111.528 
-34 -344.05 -63 53 -82.7433 -113.091 -38.1968 -111.528 
-29 -345.123 -62 52 -82.7808 -112.557 -38.1958 -110.857 
-47 -329.364 -62 53 -86.2771 -117.872 -39.9886 -113.65 
-38 -341.66 -63 53 -82.7433 -113.091 -38.1968 -111.528 
-36 -332.759 -61 52 -88.5526 -117.904 -40.393 -112.978 
-47 -343.151 -65 53 -76.5933 -109.732 -37.7914 -114.273 
-36 -340.952 -62 52 -82.7808 -112.557 -38.1958 -110.857 
-38 -342.972 -63 53 -80.5053 -112.525 -37.7914 -111.528 
-42 -340.575 -63 53 -80.5053 -112.525 -37.7914 -111.528 
-24 -341.49 -62 52 -85.9139 -117.838 -41.0862 -116.226 
-30 -345.777 -62 53 -80.5053 -112.525 -37.7914 -111.528 
-39 -333.981 -61 52 -90.2254 -113.681 -41.0862 -107.35 
-41 -342.65 -63 53 -78.9099 -108.823 -38.3508 -112.601 
-43 -339.765 -62 53 -80.9059 -112.025 -36.6928 -108.281 
-32 -343.16 -61 52 -83.1814 -112.057 -37.0972 -107.609 
-42 -339.518 -65 53 -79.7264 -115.013 -40.6817 -119.642 
-36 -340.21 -63 51 -84.6655 -113.123 -41.6919 -110.857 
-38 -338.512 -62 52 -85.0188 -113.123 -38.6013 -110.857 
-30 -347.594 -62 53 -80.9059 -112.025 -36.6928 -108.281 
-41 -330.052 -62 52 -88.1519 -118.404 -41.4916 -116.226 
-36 -335.352 -62 52 -90.2574 -114.93 -42.8 -110.541 
-42 -344.216 -64 53 -76.5933 -109.732 -37.7914 -114.273 
-36 -346.794 -64 52 -77.5893 -108.947 -39.1464 -114.283 
-36 -344.073 -63 54 -79.5656 -112.893 -37.8011 -113.511 
-34 -344.135 -64 52 -83.6747 -110.822 -41.7793 -113.343 
-41 -336.593 -61 52 -83.162 -112.057 -40.1536 -107.609 
-47 -335.467 -62 54 -82.7845 -112.15 -38.3519 -110.528 
-42 -341.452 -64 53 -80.4859 -112.525 -40.8477 -111.528 
-37 -340.453 -62 52 -82.7808 -112.557 -38.1958 -110.857 
-47 -343.041 -64 53 -76.9939 -109.231 -36.6928 -111.025 
-35 -344.887 -63 53 -80.5053 -112.525 -37.7914 -111.528 
-41 -338.226 -62 52 -83.3568 -111.533 -38.6013 -110.519 
-42 -332.523 -62 53 -86.2771 -117.872 -39.9886 -113.65 
-41 -341.4 -63 52 -79.9487 -109.764 -37.7903 -113.601 
-29 -344.387 -61 53 -82.8219 -111.616 -38.3508 -109.856 
-32 -336.82 -62 52 -85.9139 -117.838 -41.0862 -116.226 
-42 -339.611 -63 53 -81.4639 -112.274 -39.1475 -112.21 
-40 -336.952 -63 53 -87.5493 -114.15 -41.7804 -111.27 
-42 -340.716 -63 53 -80.5053 -112.525 -37.7914 -111.528 
-30 -341.254 -63 53 -83.6384 -117.806 -40.6817 -116.897 
-45 -333.745 -62 53 -87.9499 -113.649 -40.6817 -108.022 
-47 -342.414 -64 54 -76.6344 -108.791 -37.9464 -113.273 
-36 -341.453 -62 52 -85.2705 -111.227 -38.3477 -108.707 
-36 -339.799 -61 52 -84.14 -111.806 -38.4533 -108.291 
-34 -337.14 -61 52 -90.2254 -113.681 -41.0862 -107.35 
FEATURES_TXT_END_0
FEATURES_TXT_BEGIN_0 77 100 8 Distortion0_0 LM0_0 WordPenalty0_0 PhrasePenalty0_0 TranslationModel0_0 TranslationModel0_1 TranslationModel0_2 TranslationModel0_3 
-20 -122.048 -26 20 -22.0104 -35.9927 -17.3555 -51.6631 
-20 -122.018 -26 20 -23.2898 -36.8098 -16.4049 -50.9814 
-20 -122.615 -26 20 -20.731 -35.1757 -18.3062 -52.3449 
-20 -122.585 -26 20 -22.0104 -35.9927 -17.3555 -51.6631 
-20 -120.584 -25 20 -26.1709 -37.8372 -15.3063 -49.2926 
-12 -124.118 -25 20 -30.3264 -37.7213 -16.8468 -46.9412 
-20 -120.822 -25 20 -24.8915 -37.0201 -16.2569 -49.9744 
-16 -117.619 -24 20 -32.4059 -40.3256 -16.8468 -47.7319 
-12 -128.871 -26 20 -26.9252 -36.3512 -16.1536 -45.8426 
-20 -122.019 -25 20 -21.8563 -35.9927 -16.1028 -51.6631 
-20 -124.289 -26 20 -19.8822 -37.1144 -16.2569 -51.8062 
-20 -121.151 -25 20 -24.8915 -37.0201 -16.2569 -49.9744 
-20 -121.989 -25 20 -23.1357 -36.8098 -15.1522 -50.9814 
-12 -124.685 -25 20 -29.047 -36.9043 -17.7974 -47.623 
-12 -125.809 -25 20 -27.513 -37.2911 -16.8468 -46.9412 
-20 -121.389 -25 20 -23.6121 -36.203 -17.2075 -50.6562 
-20 -124.259 -26 20 -21.1616 -37.9315 -15.3063 -51.1245 
-15 -122.745 -25 20 -30.3264 -37.7213 -16.8468 -46.9412 
-21 -119.172 -25 20 -30.3264 -37.7213 -16.8468 -46.9412 
-12 -129.438 -26 20 -25.6458 -35.5342 -17.1042 -46.5244 
-12 -129.229 -26 20 -25.3158 -36.3139 -15.8659 -47.8575 
-19 -116.247 -24 20 -32.4059 -40.3256 -16.8468 -47.7319 
-15 -127.498 -26 20 -26.9252 -36.3512 -16.1536 -45.8426 
-12 -127.85 -25 20 -25.1616 -36.3139 -14.6132 -47.8575 
-20 -122.586 -25 20 -20.5769 -35.1757 -17.0534 -52.3449 
-16 -120.57 -25 20 -31.3073 -40.3256 -16.8468 -47.7319 
-12 -126.92 -25 20 -28.0238 -36.3512 -16.1536 -45.8426 
-20 -124.856 -26 20 -18.6028 -36.2973 -17.2075 -52.488 
-20 -119.736 -25 20 -24.0899 -38.5969 -17.3555 -52.4538 
-15 -123.606 -26 20 -28.4546 -38.2173 -18.6385 -50.0651 
-20 -122.556 -25 20 -21.8563 -35.9927 -16.1028 -51.6631 
-19 -120.699 -25 20 -29.6892 -37.2202 -17.6364 -47.2485 
-12 -126.375 -25 20 -26.2336 -36.474 -17.7974 -47.623 
-19 -117.108 -25 20 -30.5341 -40.8215 -18.6385 -50.8557 
-20 -124.826 -26 20 -19.8822 -37.1144 -16.2569 -51.8062 
-15 -123.312 -25 20 -29.047 -36.9043 -17.7974 -47.623 
-15 -124.436 -25 20 -27.513 -37.2911 -16.8468 -46.9412 
-15 -128.359 -27 20 -25.0534 -36.8472 -17.9454 -48.9665 
-21 -119.739 -25 20 -29.047 -36.9043 -17.7974 -47.623 
-20 -119.707 -25 20 -25.3693 -39.414 -16.4049 -51.772 
-12 -125.18 -25 20 -29.047 -36.9043 -17.7974 -47.623 
-12 -129.796 -26 20 -24.0364 -35.4968 -16.8166 -48.5393 
-18 -126.513 -27 21 -22.6461 -35.9927 -19.8827 -51.6631 
-15 -128.065 -26 20 -25.6458 -35.5342 -17.1042 -46.5244 
-15 -127.856 -26 20 -25.3158 -36.3139 -15.8659 -47.8575 
-12 -128.416 -25 20 -23.8822 -35.4968 -15.5638 -48.5393 
-21 -122.123 -26 20 -29.2278 -37.7213 -16.8468 -46.9412 
-16 -118.682 -24 20 -31.1265 -39.5085 -17.7974 -48.4137 
-12 -127.487 -25 20 -26.7444 -35.5342 -17.1042 -46.5244 
-15 -126.477 -25 20 -25.1616 -36.3139 -14.6132 -47.8575 
-12 -129.933 -26 20 -25.6458 -35.5342 -17.1042 -46.5244 
-18 -123.836 -25 20 -28.596 -36.6727 -14.4986 -46.3038 
-12 -128.867 -26 20 -26.4144 -37.2911 -16.8468 -46.9412 
-19 -119.197 -25 20 -31.3073 -40.3256 -16.8468 -47.7319 
-15 -125.547 -25 20 -28.0238 -36.3512 -16.1536 -45.8426 
-12 -128.04 -26 19 -27.1484 -36.0976 -14.1387 -51.2539 
-20 -121.545 -25 20 -25.2293 -37.9303 -15.7461 -50.0106 
-15 -121.517 -25 20 -31.3357 -39.2447 -17.5399 -48.3763 
-22 -121.502 -25 20 -28.596 -36.6727 -14.4986 -46.3038 
-15 -124.173 -26 20 -27.1752 -37.4002 -19.5891 -50.7468 
-18 -126.484 -27 21 -23.9255 -36.8098 -18.9321 -50.9814 
-15 -125.297 -26 20 -25.6412 -37.7871 -18.6385 -50.0651 
-19 -121.266 -25 20 -28.4098 -36.4031 -18.5871 -47.9302 
-19 -115.018 -24 20 -33.4151 -41.8489 -17.5399 -49.167 
-15 -126.27 -26 20 -27.9345 -37.8746 -16.8468 -47.2777 
-15 -125.002 -25 20 -26.2336 -36.474 -17.7974 -47.623 
-15 -128.926 -27 20 -23.774 -36.0301 -18.896 -49.6482 
-20 -121.515 -25 20 -26.5087 -38.7473 -14.7955 -49.3288 
-15 -128.717 -27 20 -23.444 -36.8098 -17.6577 -50.9814 
-12 -125.747 -25 20 -27.7676 -36.0872 -18.748 -48.3048 
-12 -126.871 -25 20 -26.2336 -36.474 -17.7974 -47.623 
-19 -123.65 -26 20 -28.5906 -37.2202 -17.6364 -47.2485 
-15 -127.338 -26 20 -23.2898 -36.8098 -16.4049 -50.9814 
-19 -120.058 -26 20 -29.4355 -40.8215 -18.6385 -50.8557 
-12 -125.841 -26 20 -29.5532 -39.2447 -18.6385 -48.3763 
-18 -127.08 -27 21 -21.3667 -35.1757 -20.8333 -52.3449 
-15 -126.408 -26 20 -26.152 -36.8472 -17.9454 -48.9665 
-22 -122.853 -26 21 -22.4638 -35.9927 -19.1895 -51.6631 
-15 -128.423 -26 20 -24.0364 -35.4968 -16.8166 -48.5393 
-21 -122.69 -26 20 -27.9484 -36.9043 -17.7974 -47.623 
-20 -120.555 -24 20 -26.0168 -37.8372 -14.0535 -49.2926 
-15 -127.044 -25 20 -23.8822 -35.4968 -15.5638 -48.5393 
-12 -130.5 -26 20 -24.3664 -34.7171 -18.0549 -47.2062 
-12 -129.434 -26 20 -25.135 -36.474 -17.7974 -47.623 
-12 -130.291 -26 20 -24.0364 -35.4968 -16.8165 -48.5393 
-16 -119.342 -25 20 -31.6327 -41.8489 -18.6385 -49.167 
-12 -124.089 -24 20 -30.1723 -37.7213 -15.594 -46.9412 
-15 -126.114 -25 20 -26.7444 -35.5342 -17.1042 -46.5244 
-12 -128.607 -26 19 -25.869 -35.2806 -15.0893 -51.9356 
-20 -122.825 -25 20 -24.0427 -38.9589 -14.2077 -49.4357 
-20 -120.793 -24 20 -24.7374 -37.0201 -15.0042 -49.9744 
-21 -122.463 -25 20 -28.596 -36.6727 -14.4986 -46.3038 
-15 -127.494 -26 20 -26.4144 -37.2911 -16.8468 -46.9412 
-12 -130.594 -27 20 -26.152 -37.8746 -17.9454 -47.2777 
-15 -122.084 -25 20 -30.0563 -38.4276 -18.4905 -49.0581 
-24 -121.518 -25 20 -25.1616 -36.3139 -14.6132 -47.8575 
-12 -128.912 -25 20 -23.8822 -35.4968 -15.5638 -48.5393 
-12 -126.359 -25 20 -28.1982 -38.843 -15.7481 -47.0844 
-15 -123.208 -25 20 -28.5223 -38.8144 -17.5399 -48.3763 
-15 -126.667 -26 19 -27.1484 -36.0976 -14.1387 -51.2539 
FEATURES_TXT_END_0
FEATURES_TXT_BEGIN_0 78 97 8 Distortion0_0 LM0_0 WordPenalty0_0 PhrasePenalty0_0 TranslationModel0_0 TranslationModel0_1 TranslationModel0_2 TranslationModel0_3 
-24 -142.095 -26 22 -34.5407 -43.9329 -23.7268 -45.173 
-24 -142.55 -26 22 -34.2772 -43.6183 -23.3214 -45.3986 
-24 -138.294 -25 22 -35.7087 -43.0115 -27.91 -45.9478 
-24 -140.687 -26 22 -38.4119 -46.8081 -23.0337 -43.5636 
-22 -142.808 -25 22 -35.927 -43.3356 -23.7268 -41.584 
-24 -142.191 -25 22 -35.1815 -43.285 -21.7809 -42.8988 
-24 -138.748 -25 22 -35.4452 -42.6968 -27.5045 -46.1733 
-30 -136.349 -25 22 -38.5454 -46.1602 -23.0337 -41.2893 
-24 -141.142 -26 22 -38.1484 -46.4934 -22.6282 -43.7892 
-22 -143.506 -25 22 -35.4614 -45.0157 -21.5635 -41.1933 
-24 -142.645 -25 22 -34.918 -42.9704 -21.3755 -43.1243 
-24 -143.203 -26 22 -34.0752 -45.613 -21.5635 -44.7824 
-22 -143.245 -25 22 -35.7249 -45.3303 -21.969 -40.9678 
-22 -144.515 -24 22 -34.8593 -42.6824 -18.6964 -39.6381 
-28 -140.876 -23 22 -35.0345 -44.3678 -14.5872 -38.9191 
-24 -142.673 -26 22 -33.6412 -43.0689 -24.42 -46.3834 
-24 -136.886 -25 22 -39.5799 -45.8866 -27.2168 -44.3384 
-30 -136.804 -25 22 -38.282 -45.8456 -22.6282 -41.5149 
-22 -139.006 -24 22 -37.095 -42.4141 -27.91 -42.3587 
-22 -141.4 -25 22 -39.7982 -46.2107 -23.0337 -39.9745 
-24 -140.783 -25 22 -39.0527 -46.1602 -21.0878 -41.2893 
-22 -142.903 -24 22 -36.5678 -42.6877 -21.7809 -39.3097 
-24 -137.34 -25 22 -39.3164 -45.572 -26.8114 -44.5639 
-28 -140.082 -24 22 -34.8593 -43.3356 -18.6964 -41.584 
-22 -139.705 -24 22 -36.6294 -44.0942 -25.7466 -41.9681 
-24 -139.402 -25 22 -35.2431 -44.6916 -25.7466 -45.5572 
-22 -139.444 -24 22 -36.8929 -44.4089 -26.1521 -41.7425 
-26 -141.436 -25 22 -35.4614 -45.0157 -21.5635 -41.1933 
-22 -140.714 -23 22 -36.0272 -41.7609 -22.8795 -40.4128 
-22 -145.522 -24 22 -34.6572 -44.6772 -16.9385 -39.0219 
-28 -137.062 -24 22 -39.9317 -45.5629 -23.0337 -37.7003 
-24 -138.872 -25 22 -34.8092 -42.1475 -28.6031 -47.1582 
-22 -142.098 -25 22 -39.3326 -47.8909 -20.8704 -39.5839 
-24 -141.237 -25 22 -38.7892 -45.8456 -20.6823 -41.5149 
-24 -141.795 -26 22 -37.9464 -48.4882 -20.8704 -43.173 
-28 -138.866 -26 22 -38.4119 -46.8081 -23.0337 -43.5636 
-22 -143.601 -24 22 -36.1022 -44.3678 -19.6176 -38.9191 
-28 -140.659 -26 22 -34.5407 -43.9329 -23.7268 -45.173 
-22 -141.837 -25 22 -39.5961 -48.2055 -21.2758 -39.3583 
-24 -143.298 -25 22 -34.7159 -44.9652 -19.6176 -42.5081 
-28 -140.781 -24 22 -34.3937 -45.0157 -16.5331 -41.1933 
-22 -143.341 -24 22 -36.3657 -44.6825 -20.0231 -38.6935 
-24 -141.265 -26 22 -37.5124 -45.9441 -23.7268 -44.774 
-30 -140.479 -25 22 -33.0074 -45.613 -16.5331 -44.7824 
-22 -144.611 -23 22 -35.5001 -42.0345 -16.7505 -37.3638 
-28 -135.52 -25 22 -39.3164 -45.572 -26.8114 -44.5639 
-28 -140.52 -24 22 -34.6572 -45.3303 -16.9385 -40.9678 
-24 -142.768 -25 22 -34.282 -42.4211 -22.4741 -44.1092 
-22 -137.598 -24 22 -40.9662 -45.2893 -27.2168 -40.7493 
-28 -137.76 -24 22 -39.4662 -47.243 -20.8704 -37.3096 
-30 -137.457 -25 22 -38.0799 -47.8403 -20.8704 -40.8987 
-28 -139.321 -26 22 -38.1484 -46.4934 -22.6282 -43.7892 
-24 -144.954 -27 22 -34.5915 -42.5549 -25.5876 -45.2593 
-28 -136.281 -23 22 -36.0272 -42.4141 -22.8795 -42.3587 
-28 -137.499 -24 22 -39.7297 -47.5576 -21.2758 -37.0841 
-28 -141.113 -26 22 -34.2772 -43.6183 -23.3214 -45.3986 
-30 -140.303 -25 22 -33.2709 -45.9277 -16.9385 -44.5568 
-30 -136.927 -25 22 -37.646 -45.2962 -23.7268 -42.4997 
-26 -137.635 -24 22 -36.6294 -44.0942 -25.7466 -41.9681 
-22 -141.495 -24 22 -40.439 -45.5629 -21.0878 -37.7003 
-24 -139.476 -26 22 -35.7237 -44.807 -28.3518 -47.9879 
-28 -138.674 -24 22 -38.7305 -46.2107 -18.0032 -39.9745 
-22 -138.297 -24 22 -40.5006 -46.9694 -25.0535 -40.3587 
-24 -137.994 -25 22 -39.1143 -47.5668 -25.0535 -43.9477 
-28 -135.065 -25 22 -39.5799 -45.8866 -27.2168 -44.3384 
-28 -140.178 -23 22 -35.5001 -42.6877 -16.7505 -39.3097 
-22 -138.036 -24 22 -40.7641 -47.284 -25.459 -40.1331 
-22 -140.466 -25 22 -35.7087 -43.0115 -27.91 -45.9478 
-26 -140.028 -25 22 -39.3326 -47.8909 -20.8704 -39.5839 
-24 -145.408 -27 22 -34.328 -42.2402 -25.1821 -45.4849 
-28 -136.979 -23 22 -35.5617 -44.0942 -20.7162 -41.9681 
-24 -137.464 -25 22 -38.6804 -45.0226 -27.91 -45.5488 
-30 -136.678 -24 22 -34.1754 -44.6916 -20.7162 -45.5572 
-26 -141.532 -24 22 -36.1022 -44.3678 -19.6176 -38.9191 
-24 -143.345 -27 22 -35.0305 -43.9329 -28.3518 -45.173 
-24 -143.555 -25 22 -35.927 -42.6824 -23.7268 -39.6381 
-26 -142.203 -26 22 -34.5407 -43.9329 -23.7268 -45.173 
-26 -142.208 -26 22 -34.5407 -43.9329 -23.7268 -45.173 
-28 -136.719 -23 22 -35.8252 -44.4089 -21.1217 -41.7425 
-30 -139.796 -25 22 -32.5353 -45.4613 -18.2909 -46.1295 
-32 -138.711 -24 22 -34.3937 -45.0157 -16.5331 -41.1933 
-22 -142.193 -24 22 -39.9734 -47.243 -18.9244 -37.3096 
-24 -139.93 -26 22 -35.4602 -44.4924 -27.9463 -48.2134 
-28 -139.251 -26 22 -38.4119 -46.8081 -23.0337 -43.5636 
-22 -144.515 -24 22 -34.7206 -40.9896 -20.9651 -40.9851 
-24 -142.55 -25 22 -35.927 -43.3356 -23.7268 -41.584 
-26 -139.579 -25 22 -39.7982 -46.2107 -23.0337 -39.9745 
-34 -134.336 -23 22 -38.864 -45.5629 -18.0032 -37.7003 
-24 -141.89 -25 22 -38.5871 -47.8404 -18.9244 -40.8987 
-28 -138.962 -25 22 -39.0527 -46.1602 -21.0878 -41.2893 
-26 -141.371 -25 22 -35.927 -43.3356 -23.7268 -41.584 
-28 -139.373 -24 22 -38.2649 -47.8909 -15.8399 -39.5839 
-32 -139.327 -25 22 -33.2709 -45.9277 -16.9385 -44.5568 
-30 -131.481 -24 22 -39.5677 -44.1938 -28.8665 -45.6854 
-28 -140.755 -25 22 -35.1815 -43.285 -21.7809 -42.8988 
-22 -141.933 -24 22 -40.2369 -47.5576 -19.3299 -37.0841 
-30 -139.071 -25 22 -36.8786 -48.4882 -15.8399 -43.173 
FEATURES_TXT_END_0
FEATURES_TXT_BEGIN_0 79 100 8 Distortion0_0 LM0_0 WordPenalty0_0 PhrasePenalty0_0 TranslationModel0_0 TranslationModel0_1 TranslationModel0_2 TranslationModel0_3 
-20 -90.1135 -23 20 -29.5431 -48.3226 -15.5017 -48.6064 
-20 -90.1471 -23 20 -30.1988 -49.4703 -13.9977 -48.3722 
-26 -83.2497 -23 21 -36.4665 -50.3289 -18.6943 -46.1769 
-26 -83.2832 -23 21 -37.1223 -51.4766 -17.1902 -45.9427 
-20 -89.7106 -23 22 -32.5303 -49.1397 -16.6874 -47.9246 
-18 -94.916 -24 21 -28.547 -49.1077 -14.1467 -48.5963 
-20 -89.7441 -23 22 -33.1861 -50.2874 -15.1833 -47.6904 
-18 -94.9496 -24 21 -29.2028 -50.2553 -12.6426 -48.3622 
-13 -95.0862 -23 20 -29.5431 -48.3226 -15.5017 -48.6064 
-20 -88.8571 -23 21 -30.8385 -49.2322 -18.0859 -49.9057 
-13 -95.1197 -23 20 -30.1988 -49.4703 -13.9977 -48.3722 
-20 -88.8907 -23 21 -31.4943 -50.3799 -16.5818 -49.6715 
-13 -94.9943 -23 20 -30.8225 -49.1397 -14.5511 -47.9246 
-16 -96.4266 -24 21 -28.547 -49.1077 -14.1467 -48.5963 
-13 -95.0278 -23 20 -31.4782 -50.2874 -13.047 -47.6904 
-16 -96.4601 -24 21 -29.2028 -50.2553 -12.6426 -48.3622 
-22 -90.6432 -24 20 -30.1794 -49.4703 -17.054 -48.3722 
-14 -91.6451 -23 20 -32.9205 -50.7567 -16.6491 -49.2737 
-14 -91.6786 -23 20 -33.5763 -51.9044 -15.1451 -49.0395 
-16 -96.6147 -24 21 -28.547 -49.1077 -14.1467 -48.5963 
-18 -94.5131 -24 23 -31.5342 -49.9247 -15.3323 -47.9146 
-16 -96.6482 -24 21 -29.2028 -50.2553 -12.6426 -48.3622 
-24 -86.9981 -24 22 -33.2268 -51.197 -20.178 -48.9897 
-18 -94.5466 -24 23 -32.19 -51.0724 -13.8282 -47.6804 
-20 -89.5895 -22 20 -32.3763 -47.8579 -15.5017 -45.4629 
-20 -90.0127 -23 20 -29.462 -50.2654 -15.6716 -49.7585 
-28 -83.7793 -24 21 -37.1029 -51.4766 -20.2465 -45.9427 
-26 -84.8189 -23 20 -34.3346 -49.5119 -18.5463 -46.8587 
-20 -89.623 -22 20 -33.0321 -49.0055 -13.9977 -45.2287 
-20 -89.1209 -22 21 -34.5082 -48.6749 -15.6497 -44.7811 
-26 -84.8524 -23 20 -34.9904 -50.6596 -17.0422 -46.6245 
-13 -94.6833 -23 22 -32.5303 -49.1397 -16.6874 -47.9246 
-20 -89.1544 -22 21 -35.1639 -49.8226 -14.1457 -44.5469 
-18 -93.6596 -24 22 -29.8425 -50.0173 -16.7309 -49.8956 
-13 -94.7168 -23 22 -33.1861 -50.2874 -15.1833 -47.6904 
-20 -88.8625 -23 22 -32.5905 -50.0493 -18.6257 -49.2239 
-26 -83.1489 -23 21 -36.3854 -52.2717 -18.8642 -47.329 
-13 -94.5913 -23 22 -33.8097 -49.9568 -15.7368 -47.2429 
-16 -96.0236 -24 23 -31.5342 -49.9247 -15.3323 -47.9146 
-18 -93.6932 -24 22 -30.4982 -51.165 -15.2268 -49.6614 
-20 -88.896 -23 22 -33.2462 -51.197 -17.1217 -48.9897 
-13 -94.6249 -23 22 -34.4655 -51.1045 -14.2327 -47.0087 
-16 -96.0572 -24 23 -32.19 -51.0724 -13.8282 -47.6804 
-25 -86.3482 -22 21 -34.5082 -48.6749 -15.6497 -44.7811 
-22 -90.2402 -24 22 -33.1666 -50.2874 -18.2397 -47.6904 
-14 -91.2422 -23 22 -35.9077 -51.5738 -17.8348 -48.5919 
-20 -95.4456 -25 21 -29.1833 -50.2554 -15.699 -48.3622 
-25 -86.3817 -22 21 -35.1639 -49.8226 -14.1457 -44.5469 
-13 -93.8298 -23 21 -30.8385 -49.2322 -18.0859 -49.9057 
-14 -91.2757 -23 22 -36.5635 -52.7215 -16.3307 -48.3577 
-16 -96.2118 -24 23 -31.5342 -49.9247 -15.3323 -47.9146 
-13 -93.8633 -23 21 -31.4943 -50.3799 -16.5818 -49.6715 
-14 -92.9917 -23 20 -32.4878 -50.0086 -16.034 -49.3305 
-13 -93.7379 -23 21 -32.1179 -50.0493 -17.1353 -49.2239 
-16 -96.2453 -24 23 -32.19 -51.0724 -13.8282 -47.6804 
-16 -95.1702 -24 22 -29.8425 -50.0173 -16.7309 -49.8956 
-18 -96.2096 -24 21 -27.2676 -48.2906 -15.0973 -49.2781 
-14 -93.0252 -23 20 -33.1436 -51.1563 -14.5299 -49.0963 
-20 -89.6098 -23 22 -32.4492 -51.0824 -16.8573 -49.0767 
-22 -91.8006 -25 23 -32.2307 -51.982 -18.823 -48.9797 
-13 -93.7714 -23 21 -32.7737 -51.197 -15.6312 -48.9897 
-16 -95.2037 -24 22 -30.4982 -51.165 -15.2268 -49.6614 
-18 -94.392 -23 21 -31.3802 -48.6429 -14.1467 -45.4528 
-18 -96.2431 -24 21 -27.9234 -49.4383 -13.5932 -49.0439 
-15 -95.6158 -24 20 -30.1794 -49.4703 -17.054 -48.3722 
-18 -94.8152 -24 21 -28.4659 -51.0504 -14.3166 -49.7485 
-22 -89.3868 -24 21 -31.4749 -50.3799 -19.6382 -49.6715 
-14 -90.3887 -23 21 -34.216 -51.6663 -19.2333 -50.573 
-26 -86.1353 -24 22 -34.4886 -50.7937 -19.7319 -49.3204 
-28 -89.084 -24 20 -30.5423 -47.5162 -17.622 -46.3546 
-18 -94.4255 -23 21 -32.036 -49.7906 -12.6426 -45.2186 
-14 -90.4223 -23 21 -34.8717 -52.814 -17.7292 -50.3388 
-26 -86.1689 -24 22 -35.1444 -51.9414 -18.2278 -49.0862 
-25 -86.5069 -22 21 -35.7876 -49.492 -14.6991 -44.0994 
-18 -93.9234 -23 22 -33.5121 -49.46 -14.2947 -44.7711 
-15 -95.5239 -24 20 -31.4588 -50.2874 -16.1034 -47.6904 
-16 -95.3583 -24 22 -29.8425 -50.0173 -16.7309 -49.8956 
-28 -87.9392 -23 22 -33.5121 -49.46 -14.2947 -44.7711 
-18 -96.9562 -25 21 -29.1833 -50.2554 -15.699 -48.3622 
-20 -94.2867 -22 20 -28.5134 -45.0289 -14.8086 -42.8932 
-25 -86.5404 -22 21 -36.4433 -50.6397 -13.195 -43.8652 
-18 -93.9569 -23 22 -34.1679 -50.6077 -12.7906 -44.5369 
-17 -91.9707 -24 22 -33.2268 -51.197 -20.178 -48.9897 
-16 -95.3918 -24 22 -30.4982 -51.165 -15.2268 -49.6614 
-28 -87.9727 -23 22 -34.1679 -50.6077 -12.7906 -44.5369 
-24 -92.849 -24 21 -27.2676 -48.2906 -15.0973 -49.2781 
-18 -93.665 -24 23 -31.5944 -50.8344 -17.2707 -49.2139 
-13 -94.5621 -22 20 -32.3763 -47.8579 -15.5017 -45.4629 
-20 -94.3202 -22 20 -29.1692 -46.1765 -13.3045 -42.659 
-13 -94.9854 -23 20 -29.462 -50.2654 -15.6716 -49.7585 
-20 -88.7563 -23 21 -30.7575 -51.175 -18.2558 -51.0578 
-16 -92.1748 -24 20 -33.5568 -51.9044 -18.2014 -49.0395 
-24 -92.8825 -24 21 -27.9234 -49.4383 -13.5932 -49.0439 
-18 -93.6985 -24 23 -32.2501 -51.982 -15.7666 -48.9797 
-17 -91.8788 -24 22 -34.5062 -52.0141 -19.2274 -48.308 
-13 -94.5956 -22 20 -33.0321 -49.0055 -13.9977 -45.2287 
-20 -93.3111 -25 23 -32.2307 -51.982 -18.823 -48.9797 
-26 -83.9199 -22 21 -37.4529 -50.361 -16.1819 -45.5052 
-13 -94.4702 -22 20 -33.6557 -48.6749 -14.5511 -44.7811 
-13 -94.0935 -22 21 -34.5082 -48.6749 -15.6497 -44.7811 
FEATURES_TXT_END_0
FEATURES_TXT_BEGIN_0 80 100 8 Distortion0_0 LM0_0 WordPenalty0_0 PhrasePenalty0_0 TranslationModel0_0 TranslationModel0_1 TranslationModel0_2 TranslationModel0_3 
-19 -128.984 -27 22 -31.307 -51.9647 -20.9182 -50.6031 
-19 -129 -26 22 -31.4863 -51.9647 -17.2193 -50.6031 
-21 -127.886 -26 22 -31.4863 -51.9647 -17.2193 -50.6031 
-27 -122.45 -27 23 -35.008 -52.1434 -21.4024 -53.448 
-27 -122.701 -27 23 -35.4238 -51.4956 -23.6262 -51.1737 
-21 -126.039 -26 22 -32.4957 -52.8062 -19.0311 -52.0768 
-19 -129.973 -27 23 -33.0455 -51.0248 -22.0956 -49.5045 
-23 -127.319 -27 22 -30.967 -51.7132 -19.5319 -53.448 
-33 -120.275 -26 23 -32.7139 -51.9647 -19.0899 -50.6031 
-19 -129.697 -28 22 -30.9214 -52.5772 -23.0582 -54.4351 
-23 -124.37 -25 22 -30.1728 -51.333 -19.7849 -52.2601 
-27 -122.466 -26 23 -35.1873 -52.1434 -17.7036 -53.448 
-29 -121.351 -26 23 -35.1873 -52.1434 -17.7036 -53.448 
-23 -126.857 -27 22 -31.9114 -53.3983 -19.3777 -53.0951 
-19 -130.59 -28 22 -30.6645 -52.9747 -20.7175 -55.1517 
-27 -122.717 -26 23 -35.6031 -51.4956 -19.9274 -51.1737 
-29 -119.681 -26 23 -35.2326 -53.5831 -21.3306 -52.6654 
-19 -129.989 -26 23 -33.2248 -51.0248 -18.3967 -49.5045 
-19 -131.615 -27 22 -28.8065 -51.3019 -19.9374 -52.1211 
-29 -121.603 -26 23 -35.6031 -51.4956 -19.9274 -51.1737 
-17 -129.14 -26 22 -32.4957 -52.8062 -19.0311 -52.0768 
-21 -128.874 -26 23 -33.2248 -51.0248 -18.3967 -49.5045 
-25 -128.243 -27 23 -31.5252 -51.1232 -20.977 -49.1294 
-29 -119.505 -26 23 -36.1967 -52.9849 -19.5154 -54.9217 
-23 -127.335 -26 22 -31.1463 -51.7132 -15.8331 -53.448 
-17 -128.391 -27 22 -34.3124 -53.5831 -22.9864 -52.6654 
-23 -127.468 -26 22 -28.9841 -50.4915 -21.672 -50.7864 
-33 -122.972 -26 23 -31.7045 -51.1232 -17.2781 -49.1294 
-25 -126.22 -26 22 -31.1463 -51.7132 -15.8331 -53.448 
-29 -119.756 -26 23 -36.6125 -52.3371 -21.7392 -52.6474 
-19 -129.713 -27 22 -31.1006 -52.5772 -19.3594 -54.4351 
-21 -127.028 -26 23 -34.2342 -51.8663 -20.2085 -50.9782 
-27 -121.062 -26 23 -34.0616 -54.8703 -21.2283 -53.08 
-25 -117.928 -27 23 -39.109 -56.6225 -27.1227 -56.2235 
-19 -128.233 -26 22 -32.4957 -52.8062 -19.0311 -52.0768 
-27 -123.163 -28 23 -34.6223 -52.756 -23.5425 -57.2799 
-25 -124.374 -26 22 -32.1557 -52.5547 -17.6448 -54.9217 
-23 -128.308 -27 23 -32.7054 -50.7733 -20.7093 -52.3493 
-29 -121.529 -26 23 -33.7234 -52.8062 -20.9016 -52.0768 
-17 -132.238 -27 22 -31.307 -51.9647 -20.9182 -50.6031 
-23 -126.873 -26 22 -32.0907 -53.3983 -15.6789 -53.0951 
-27 -123.414 -28 23 -35.0382 -52.1081 -25.7663 -55.0057 
-17 -130.239 -27 22 -32.8098 -52.8062 -22.1881 -52.0768 
-19 -130.606 -27 22 -30.8438 -52.9747 -17.0187 -55.1517 
-23 -128.252 -27 22 -31.4594 -52.6126 -18.9258 -52.8774 
-19 -130.686 -28 23 -32.6598 -51.6373 -24.2356 -53.3365 
-29 -122.379 -26 23 -34.2232 -52.7416 -19.5188 -51.1917 
-17 -128.368 -26 22 -34.0049 -53.5831 -19.4601 -52.6654 
-25 -125.759 -26 22 -32.0907 -53.3983 -15.6789 -53.0951 
-21 -129.491 -27 22 -30.8438 -52.9747 -17.0187 -55.1517 
-19 -131.631 -26 22 -28.9858 -51.3019 -16.2385 -52.1211 
-23 -125.358 -25 23 -31.9112 -50.3931 -20.9623 -51.1614 
-21 -127.387 -26 22 -32.4957 -52.8062 -19.0311 -52.0768 
-25 -128.259 -26 23 -31.7045 -51.1232 -17.2781 -49.1294 
-23 -128.032 -28 22 -30.5813 -52.3257 -21.672 -57.2799 
-21 -130.517 -26 22 -28.9858 -51.3019 -16.2385 -52.1211 
-27 -122.245 -26 23 -33.6096 -54.0845 -20.7763 -52.8623 
-17 -134.066 -28 22 -28.0116 -51.6641 -21.7291 -54.3954 
-21 -124.049 -26 22 -35.0144 -54.4246 -21.2718 -54.1391 
-27 -123.915 -27 23 -35.5005 -53.0428 -20.7963 -52.8774 
-21 -127.395 -26 22 -29.8327 -51.9808 -20.1903 -54.5343 
-33 -120.988 -27 23 -32.3283 -52.5772 -21.2299 -54.4351 
-27 -127.144 -26 23 -31.7045 -51.1232 -17.2781 -49.1294 
-23 -126.883 -27 22 -33.0641 -53.6906 -19.3777 -53.7616 
-23 -127.484 -25 22 -29.1633 -50.4915 -17.9731 -50.7864 
-25 -122.606 -26 23 -36.1967 -52.9849 -19.5154 -54.9217 
-25 -123.912 -26 22 -33.1001 -54.2398 -17.4907 -54.5688 
-19 -131.527 -28 23 -32.403 -52.0348 -21.8949 -54.0531 
-27 -128.147 -26 23 -29.0047 -48.3974 -20.5368 -48.9036 
-21 -127.645 -27 22 -31.8532 -53.8162 -18.8304 -56.6254 
-21 -126.164 -26 22 -33.9817 -54.4421 -18.9539 -52.5041 
-37 -120.429 -26 23 -31.3461 -51.9647 -17.3851 -50.6031 
-17 -130.955 -28 22 -32.1101 -53.4187 -22.5575 -55.9088 
-25 -121.856 -27 23 -38.0134 -53.7619 -23.4707 -55.5102 
-27 -121.078 -25 23 -34.2409 -54.8703 -17.5294 -53.08 
-25 -129.286 -26 22 -28.2865 -50.2786 -17.7567 -49.8791 
-25 -117.944 -26 23 -39.2883 -56.6225 -23.4239 -56.2235 
-29 -124.627 -27 23 -32.5346 -51.9647 -22.7887 -50.6031 
-21 -128.67 -26 22 -29.9952 -52.1434 -18.0503 -53.5948 
-25 -122.857 -26 23 -36.6125 -52.3371 -21.7392 -52.6474 
-17 -132.882 -27 22 -30.0276 -51.1476 -21.8688 -51.2849 
-25 -127.308 -26 22 -31.4863 -51.9647 -17.2193 -50.6031 
-19 -132.604 -27 23 -30.545 -50.362 -21.1147 -51.0225 
-25 -117.089 -27 23 -39.9466 -58.241 -26.3578 -58.2858 
-25 -127.078 -27 23 -32.5346 -51.9647 -22.7887 -50.6031 
-27 -127.936 -27 23 -31.5252 -51.1232 -20.977 -49.1294 
-31 -121.249 -26 23 -35.1873 -52.1434 -17.7036 -53.448 
-17 -133.337 -28 22 -31.621 -51.9647 -24.0752 -50.6031 
-17 -130.129 -26 23 -34.2342 -51.8663 -20.2085 -50.9782 
-23 -129.683 -27 23 -33.1216 -51.1232 -21.0341 -49.1294 
-27 -125.298 -26 23 -32.7139 -51.9647 -19.0899 -50.6031 
-27 -123.179 -27 23 -34.8016 -52.756 -19.8437 -57.2799 
-19 -127.747 -26 22 -33.5389 -55.0371 -18.9258 -51.7788 
-19 -132.098 -27 23 -33.1216 -51.1232 -21.0341 -49.1294 
-19 -130.558 -27 22 -30.6772 -51.6168 -23.1695 -51.8726 
-23 -128.505 -26 22 -27.7047 -49.6744 -22.6226 -51.4681 
-25 -122.107 -27 23 -38.4292 -53.114 -25.6945 -53.2359 
-25 -119.042 -26 23 -36.5885 -53.8968 -26.6826 -55.9977 
-37 -118.892 -26 23 -33.4324 -50.7532 -21.2018 -50.1929 
-23 -128.324 -26 23 -32.8847 -50.7733 -17.0105 -52.3493 
FEATURES_TXT_END_0
FEATURES_TXT_BEGIN_0 81 100 8 Distortion0_0 LM0_0 WordPenalty0_0 PhrasePenalty0_0 TranslationModel0_0 TranslationModel0_1 TranslationModel0_2 TranslationModel0_3 
-40 -171.084 -47 40 -85.2721 -109.398 -44.3375 -105.16 
-40 -169.053 -46 39 -87.4364 -109.566 -40.7168 -105.745 
-40 -171.258 -46 39 -85.7382 -107.483 -43.1634 -101.585 
-32 -171.196 -46 39 -87.9137 -110.807 -43.6234 -107.82 
-40 -169.228 -45 38 -87.9025 -107.651 -39.5427 -102.17 
-32 -171.615 -45 38 -88.3797 -108.892 -42.4492 -104.245 
-32 -177.469 -47 37 -80.8796 -108.434 -39.1549 -110.027 
-40 -171.376 -47 40 -86.5333 -108.343 -45.8956 -104.485 
-40 -169.345 -46 39 -88.6976 -108.511 -42.2749 -105.07 
-40 -171.55 -46 39 -86.9994 -106.428 -44.7215 -100.909 
-32 -173.537 -45 37 -88.5168 -108.402 -37.5278 -104.649 
-32 -171.488 -46 39 -89.1748 -109.752 -45.1815 -107.145 
-40 -173.599 -46 39 -84.8444 -107.186 -41.4586 -100.589 
-40 -174.758 -48 41 -83.5099 -109.366 -44.5468 -105.832 
-40 -169.519 -45 38 -89.1637 -106.596 -41.1008 -101.494 
-40 -174.167 -47 40 -83.6067 -108.529 -42.8547 -103.754 
-40 -168.891 -47 40 -88.1953 -114.167 -45.0306 -104.696 
-40 -172.727 -47 40 -85.6742 -109.534 -40.9261 -106.417 
-40 -172.136 -46 39 -85.771 -108.697 -39.234 -104.339 
-40 -174.932 -47 40 -83.976 -107.451 -43.3727 -102.256 
-36 -173.477 -45 38 -87.1675 -107.962 -40.0514 -99.5209 
-40 -174.341 -46 39 -84.0728 -106.614 -41.6805 -100.179 
-40 -174.43 -48 41 -84.7711 -108.311 -46.1049 -105.156 
-32 -174.87 -47 40 -86.1514 -110.775 -43.8327 -108.492 
-32 -174.279 -46 39 -86.2483 -109.938 -42.1405 -106.415 
-34 -176.647 -47 40 -84.0681 -107.757 -45.4361 -104.621 
-34 -177.651 -47 40 -83.375 -107.959 -44.0498 -103.992 
-40 -166.861 -46 39 -90.3596 -114.335 -41.4099 -105.281 
-40 -169.065 -46 39 -88.6614 -112.252 -43.8565 -101.121 
-32 -169.004 -46 39 -90.8368 -115.576 -44.3165 -107.356 
-40 -172.902 -46 39 -86.1403 -107.619 -39.752 -102.842 
-40 -172.311 -45 38 -86.2371 -106.782 -38.0598 -100.764 
-40 -174.541 -47 40 -82.3273 -107.712 -43.8053 -104.436 
-40 -172.4 -47 40 -86.9353 -108.479 -42.4842 -105.742 
-40 -174.604 -47 40 -85.2372 -106.396 -44.9308 -101.581 
-32 -174.542 -47 40 -87.4126 -109.72 -45.3908 -107.817 
-34 -174.616 -46 39 -86.2324 -107.925 -41.8154 -105.206 
-34 -175.621 -46 39 -85.5393 -108.127 -40.4291 -104.578 
-34 -176.821 -46 39 -84.5342 -105.842 -44.262 -101.046 
-34 -177.825 -46 39 -83.8411 -106.044 -42.8757 -100.417 
-40 -167.035 -45 38 -90.8257 -112.42 -40.2358 -101.706 
-26 -176.759 -46 39 -86.7097 -109.166 -44.722 -107.281 
-26 -177.764 -46 39 -86.0165 -109.368 -43.3357 -106.653 
-32 -171.907 -45 38 -89.6409 -107.837 -44.0074 -103.57 
-36 -171.023 -45 38 -88.0613 -110.056 -41.7561 -101.404 
-40 -172.51 -46 39 -84.4916 -107.88 -40.1846 -105.021 
-40 -174.715 -46 39 -82.7934 -105.797 -42.6311 -100.861 
-40 -172.574 -46 39 -87.4014 -106.564 -41.3101 -102.166 
-32 -174.653 -46 39 -84.9689 -109.121 -43.0912 -107.096 
-38 -170.046 -44 38 -88.2661 -107.962 -40.0514 -99.5209 
-32 -179.231 -48 37 -77.0946 -107.838 -40.7925 -115.141 
-34 -174.79 -45 38 -86.6985 -106.01 -40.6413 -101.631 
-34 -175.795 -45 38 -86.0054 -106.212 -39.255 -101.002 
-32 -177.761 -47 37 -82.1407 -107.379 -40.713 -109.352 
-40 -172.684 -45 38 -84.9577 -105.965 -39.0105 -101.446 
-40 -174.637 -48 41 -83.8953 -109.135 -45.5453 -106.068 
-32 -175.289 -46 39 -86.6175 -108.86 -42.6585 -104.917 
-32 -174.698 -45 38 -86.7144 -108.023 -40.9664 -102.839 
-40 -171.941 -47 40 -85.6575 -109.167 -45.336 -105.396 
-32 -181.143 -48 38 -79.1174 -108.402 -39.3642 -110.699 
-32 -169.422 -45 38 -91.3029 -113.661 -43.1424 -103.781 
-32 -180.552 -47 37 -79.2142 -107.565 -37.672 -108.621 
-40 -172.606 -47 40 -86.0596 -109.303 -41.9246 -106.653 
-40 -174.811 -47 40 -84.3614 -107.219 -44.3712 -102.493 
-32 -174.749 -47 40 -86.5369 -110.543 -44.8312 -108.729 
-32 -174.961 -46 39 -87.8787 -107.805 -44.2167 -104.241 
-40 -175.356 -47 39 -84.0173 -107.02 -42.7224 -102.399 
-32 -175.276 -47 37 -83.8027 -113.203 -39.848 -109.563 
-26 -177.178 -45 38 -87.1758 -107.25 -43.5479 -103.706 
-26 -178.182 -45 38 -86.4826 -107.452 -42.1616 -103.077 
-40 -169.911 -46 39 -87.8218 -109.335 -41.7153 -105.982 
-40 -172.116 -46 39 -86.1236 -107.251 -44.1619 -101.821 
-32 -172.054 -46 39 -88.2991 -110.575 -44.6219 -108.057 
-40 -172.78 -46 39 -86.5257 -107.387 -40.7505 -103.078 
-32 -180.815 -48 38 -80.3785 -107.347 -40.9223 -110.023 
-32 -173.829 -45 37 -89.778 -107.347 -39.0859 -103.973 
-32 -175.072 -45 38 -85.435 -107.206 -41.917 -103.521 
-26 -183.032 -47 37 -79.6756 -106.793 -40.2535 -109.488 
-26 -184.036 -47 37 -78.9825 -106.995 -38.8672 -108.859 
-40 -170.085 -45 38 -88.2879 -107.419 -40.5412 -102.406 
-40 -173.891 -46 39 -86.1055 -106.131 -43.0168 -99.9139 
-32 -180.926 -47 37 -77.9348 -106.748 -38.6227 -109.303 
-40 -176.767 -48 40 -83.5674 -107.555 -44.3375 -103.551 
-40 -174.459 -47 40 -84.8679 -107.474 -44.4128 -103.079 
-40 -172.918 -47 39 -84.9111 -109.114 -44.4271 -104.281 
-40 -174.308 -47 40 -84.3783 -109.101 -42.6327 -104.165 
-40 -172.068 -47 40 -85.7048 -110.146 -44.9527 -105.103 
-40 -169.183 -47 40 -89.4564 -113.112 -46.5888 -104.02 
-38 -167.905 -44 38 -89.1599 -110.056 -41.7561 -101.404 
-40 -172.791 -47 40 -85.2721 -109.398 -44.3375 -105.16 
-40 -174.736 -47 39 -85.7317 -107.723 -40.7168 -104.136 
-40 -176.941 -47 39 -84.0335 -105.64 -43.1634 -99.9753 
-40 -177.888 -48 39 -79.2722 -107.924 -41.4586 -106.796 
-40 -172.428 -46 39 -87.0322 -107.642 -40.7921 -103.664 
-32 -176.879 -47 39 -86.2089 -108.964 -43.6234 -106.211 
-32 -177.211 -46 38 -86.7546 -108.37 -37.7371 -105.32 
-36 -173.769 -45 38 -88.4286 -106.907 -41.6095 -98.8455 
-40 -174.633 -46 39 -85.334 -105.559 -43.2387 -99.5035 
-32 -176.62 -45 37 -86.8515 -107.533 -36.045 -103.243 
-32 -174.571 -46 39 -87.5094 -108.883 -43.6987 -105.739 
FEATURES_TXT_END_0
FEATURES_TXT_BEGIN_0 82 100 8 Distortion0_0 LM0_0 WordPenalty0_0 PhrasePenalty0_0 TranslationModel0_0 TranslationModel0_1 TranslationModel0_2 TranslationModel0_3 
-12 -125.198 -28 26 -43.7134 -63.566 -16.9532 -55.7372 
-12 -128.797 -29 26 -41.5967 -60.5675 -18.2705 -55.5594 
-12 -126.26 -28 26 -42.434 -62.749 -17.9038 -56.4189 
-12 -129.859 -29 26 -40.3173 -59.7504 -19.2211 -56.2411 
-12 -126.898 -29 26 -43.9737 -63.566 -20.1312 -55.7372 
-12 -128.856 -27 25 -39.8022 -61.1568 -14.1704 -52.405 
-12 -130.497 -30 26 -41.857 -60.5675 -21.4485 -55.5594 
-12 -126.719 -28 26 -42.3271 -64.5615 -16.9532 -55.044 
-12 -132.455 -28 25 -37.6855 -58.1582 -15.4877 -52.2271 
-12 -130.318 -29 26 -40.2104 -61.5629 -18.2705 -54.8662 
-16 -125.269 -30 26 -44.803 -63.566 -22.4338 -55.7372 
-16 -128.868 -31 26 -42.6863 -60.5675 -23.7511 -55.5593 
-12 -127.782 -29 26 -43.9267 -63.566 -18.6518 -55.7372 
-12 -131.381 -30 26 -41.81 -60.5675 -19.9691 -55.5594 
-17 -123.593 -28 26 -43.7134 -63.566 -16.9532 -55.7372 
-17 -127.192 -29 26 -41.5967 -60.5675 -18.2705 -55.5594 
-12 -129.179 -29 26 -41.5322 -60.6011 -20.2854 -56.248 
-18 -123.263 -28 26 -43.7134 -63.566 -16.9532 -55.7372 
-18 -126.862 -29 26 -41.5967 -60.5675 -18.2705 -55.5593 
-18 -122.48 -30 26 -46.9878 -64.0383 -24.7364 -56.5562 
-18 -126.079 -31 26 -44.8711 -61.0398 -26.0537 -56.3784 
-12 -124.133 -28 26 -44.4474 -63.566 -20.8652 -58.565 
-12 -128.035 -28 26 -42.3271 -62.6787 -16.9532 -55.7372 
-12 -127.732 -29 26 -42.3307 -60.5675 -22.1825 -58.3872 
-15 -125.333 -28 26 -43.7134 -63.566 -16.9532 -55.7372 
-12 -131.634 -29 26 -40.2104 -59.6802 -18.2705 -55.5594 
-15 -128.932 -29 26 -41.5967 -60.5675 -18.2705 -55.5594 
-12 -127.961 -29 26 -42.6943 -62.749 -21.0818 -56.4189 
-12 -129.919 -27 25 -38.5228 -60.3397 -15.121 -53.0867 
-12 -131.56 -30 26 -40.5776 -59.7504 -22.3991 -56.2411 
-12 -127.781 -28 26 -41.0477 -63.7444 -17.9038 -55.7258 
-12 -133.518 -28 25 -36.4061 -57.3411 -16.4383 -52.9089 
-12 -130.218 -27 25 -39.8022 -59.274 -14.1704 -53.0981 
-12 -131.38 -29 26 -38.931 -60.7458 -19.2211 -55.548 
-12 -125.003 -28 26 -45.3788 -64.435 -18.436 -57.143 
-16 -126.332 -30 26 -43.5236 -62.749 -23.3844 -56.4189 
-12 -133.817 -28 25 -37.6855 -56.2755 -15.4877 -52.9203 
-12 -128.602 -29 26 -43.2621 -61.4364 -19.7533 -56.9652 
-16 -129.931 -31 26 -41.4069 -59.7504 -24.7017 -56.2411 
-12 -130.556 -28 25 -40.0625 -61.1568 -17.3485 -52.405 
-12 -128.419 -29 26 -42.5874 -64.5614 -20.1312 -55.044 
-12 -134.156 -29 25 -37.9458 -58.1582 -18.6658 -52.2271 
-12 -132.018 -30 26 -40.4707 -61.5629 -21.4485 -54.8662 
-16 -128.928 -29 25 -40.8918 -61.1568 -19.6511 -52.405 
-16 -126.79 -30 26 -43.4167 -64.5614 -22.4338 -55.044 
-16 -132.527 -30 25 -38.7751 -58.1582 -20.9684 -52.2271 
-16 -130.389 -31 26 -41.3 -61.5629 -23.7511 -54.8662 
-12 -128.844 -29 26 -42.6473 -62.749 -19.6024 -56.4189 
-12 -132.443 -30 26 -40.5306 -59.7504 -20.9197 -56.2411 
-18 -121.541 -28 26 -45.8982 -64.0383 -19.2557 -56.5562 
-18 -125.14 -29 26 -43.7815 -61.0398 -20.573 -56.3784 
-12 -125.227 -28 27 -46.7827 -65.9065 -17.5333 -56.4905 
-12 -128.826 -29 27 -44.666 -62.9079 -18.8506 -56.3127 
-12 -130.242 -29 26 -40.2528 -59.784 -21.236 -56.9297 
-12 -127.578 -28 26 -43.7134 -63.566 -16.9532 -55.7372 
-12 -131.177 -29 26 -41.5967 -60.5675 -18.2705 -55.5594 
-12 -128.344 -29 26 -44.5427 -63.566 -19.2557 -55.7372 
-16 -125.949 -29 26 -44.5427 -63.566 -19.2557 -55.7372 
-12 -131.943 -30 26 -42.426 -60.5675 -20.573 -55.5594 
-16 -129.549 -30 26 -42.426 -60.5675 -20.573 -55.5593 
-12 -129.482 -30 26 -44.187 -63.566 -21.8299 -55.7372 
-12 -131.44 -28 25 -40.0155 -61.1568 -15.8691 -52.405 
-12 -133.081 -31 26 -42.0703 -60.5675 -23.1472 -55.5594 
-12 -129.303 -29 26 -42.5404 -64.5615 -18.6518 -55.044 
-12 -135.039 -29 25 -37.8988 -58.1582 -17.1864 -52.2271 
-12 -132.902 -30 26 -40.4237 -61.5629 -19.9691 -54.8662 
-16 -127.853 -31 26 -45.0163 -63.566 -24.1325 -55.7372 
-16 -131.452 -32 26 -42.8996 -60.5675 -25.4498 -55.5593 
-17 -125.293 -29 26 -43.9737 -63.566 -20.1312 -55.7372 
-17 -127.251 -27 25 -39.8022 -61.1568 -14.1704 -52.405 
-17 -128.892 -30 26 -41.857 -60.5675 -21.4485 -55.5594 
-17 -125.114 -28 26 -42.3271 -64.5615 -16.9532 -55.044 
-17 -130.85 -28 25 -37.6855 -58.1582 -15.4877 -52.2271 
-17 -128.713 -29 26 -40.2104 -61.5629 -18.2705 -54.8662 
-21 -123.664 -30 26 -44.803 -63.566 -22.4338 -55.7372 
-21 -127.263 -31 26 -42.6863 -60.5675 -23.7511 -55.5593 
-12 -130.88 -30 26 -41.7925 -60.6011 -23.4634 -56.248 
-18 -124.326 -28 26 -42.434 -62.749 -17.9038 -56.4189 
-12 -132.838 -28 25 -37.621 -58.1919 -17.5026 -52.9158 
-12 -130.7 -29 26 -40.1459 -61.5965 -20.2854 -55.5548 
-18 -127.925 -29 26 -40.3173 -59.7504 -19.2211 -56.2411 
-16 -125.976 -29 26 -43.9737 -63.566 -20.1312 -55.7372 
-16 -129.251 -31 26 -42.6218 -60.6011 -25.766 -56.248 
-16 -129.575 -30 26 -41.857 -60.5675 -21.4485 -55.5593 
-12 -128.485 -29 26 -41.8416 -64.092 -18.7449 -58.7358 
-12 -132.084 -30 26 -39.7249 -61.0934 -20.0622 -58.558 
-18 -123.543 -30 26 -45.7084 -63.2212 -25.687 -57.2379 
-18 -127.142 -31 26 -43.5917 -60.2227 -27.0043 -57.0601 
-12 -128.681 -29 26 -43.8557 -63.566 -19.9287 -55.7372 
-12 -132.28 -30 26 -41.739 -60.5675 -21.246 -55.5594 
-18 -126.922 -27 25 -39.8022 -61.1568 -14.1704 -52.405 
-18 -124.784 -28 26 -42.3271 -64.5615 -16.9532 -55.044 
-18 -130.521 -28 25 -37.6855 -58.1582 -15.4877 -52.2271 
-18 -128.383 -29 26 -40.2104 -61.5629 -18.2705 -54.8662 
-12 -125.196 -28 26 -43.168 -62.749 -21.8158 -59.2468 
-12 -129.097 -28 26 -41.0477 -61.8616 -17.9038 -56.4189 
-12 -131.763 -30 26 -41.7455 -60.6011 -21.984 -56.248 
-12 -128.795 -29 26 -41.0513 -59.7504 -23.1331 -59.069 
-12 -132.696 -29 26 -38.931 -58.8631 -19.2211 -56.2411 
-18 -129.879 -30 26 -38.0512 -61.5775 -16.5718 -60.1079 
FEATURES_TXT_END_0
FEATURES_TXT_BEGIN_0 83 100 8 Distortion0_0 LM0_0 WordPenalty0_0 PhrasePenalty0_0 TranslationModel0_0 TranslationModel0_1 TranslationModel0_2 TranslationModel0_3 
-21 -228.125 -42 37 -53.7751 -75.4452 -27.9502 -68.6679 
-21 -225.08 -41 37 -56.73 -75.4452 -27.9502 -68.6679 
-21 -229.189 -43 38 -53.4875 -75.5258 -30.2955 -71.3502 
-7 -236.094 -41 36 -53.4316 -74.6001 -27.0354 -67.3959 
-25 -223.2 -41 37 -56.73 -75.4452 -27.9502 -68.6679 
-25 -226.392 -42 37 -53.7751 -75.4452 -27.9502 -68.6679 
-21 -226.144 -42 38 -56.4424 -75.5258 -30.2955 -71.3502 
-7 -233.049 -40 36 -56.3865 -74.6001 -27.0354 -67.3959 
-23 -228.67 -43 38 -52.9912 -75.9099 -28.7914 -71.8114 
-17 -233.478 -44 38 -52.3888 -75.9099 -31.4586 -71.8114 
-13 -233.475 -41 36 -54.206 -73.4102 -27.1781 -66.0298 
-23 -225.625 -42 38 -55.9461 -75.9099 -28.7914 -71.8114 
-17 -230.433 -43 38 -55.3438 -75.9099 -31.4586 -71.8114 
-13 -230.43 -40 36 -57.1609 -73.4102 -27.1781 -66.0298 
-21 -227.43 -42 37 -57.0332 -76.2039 -27.9502 -69.1032 
-27 -223.24 -42 37 -57.0561 -76.9208 -28.7433 -69.2021 
-23 -228.125 -42 37 -53.7751 -75.4452 -27.9502 -68.6679 
-7 -237.159 -42 37 -53.1439 -74.6807 -29.3807 -70.0783 
-21 -224.385 -41 37 -59.9881 -76.2039 -27.9502 -69.1032 
-25 -224.265 -42 38 -56.4424 -75.5258 -30.2955 -71.3502 
-25 -227.456 -43 38 -53.4875 -75.5258 -30.2955 -71.3502 
-17 -232.095 -41 36 -53.7734 -72.6622 -26.5629 -66.0866 
-11 -231.17 -40 36 -56.3865 -74.6001 -27.0354 -67.3959 
-11 -234.361 -41 36 -53.4316 -74.6001 -27.0354 -67.3959 
-23 -225.08 -41 37 -56.73 -75.4452 -27.9502 -68.6679 
-7 -234.114 -41 37 -56.0988 -74.6807 -29.3807 -70.0783 
-21 -229.676 -42 37 -53.6255 -75.464 -27.6799 -68.6191 
-7 -236.189 -41 36 -54.3225 -75.6941 -26.7477 -67.3596 
-7 -238.224 -41 36 -53.7734 -72.6622 -26.5629 -66.0866 
-27 -223.241 -42 37 -58.4307 -76.9346 -28.9664 -68.219 
-9 -236.64 -42 37 -52.6476 -75.0649 -27.8766 -70.5394 
-3 -241.447 -43 37 -52.0453 -75.0649 -30.5438 -70.5394 
-27 -223.746 -42 38 -55.9461 -75.9099 -28.7914 -71.8114 
-27 -226.937 -43 38 -52.9912 -75.9099 -28.7914 -71.8114 
-21 -228.553 -43 38 -55.3438 -75.9099 -31.4586 -71.8114 
-21 -226.631 -41 37 -56.5804 -75.464 -27.6799 -68.6191 
-29 -224.836 -42 37 -53.7751 -75.4452 -27.9502 -68.6679 
-21 -231.745 -44 38 -52.3888 -75.9099 -31.4586 -71.8114 
-7 -233.144 -40 36 -57.2775 -75.6941 -26.7477 -67.3596 
-7 -235.179 -40 36 -56.7283 -72.6622 -26.5629 -66.0866 
-13 -234.539 -42 37 -53.9183 -73.4909 -29.5233 -68.7122 
-9 -233.595 -41 37 -55.6025 -75.0649 -27.8766 -70.5394 
-27 -223.783 -42 37 -54.8313 -74.4717 -29.0326 -73.2931 
-17 -231.704 -41 36 -54.206 -73.4102 -27.1781 -66.0298 
-17 -228.551 -40 36 -57.1609 -73.4102 -27.1781 -66.0298 
-3 -238.402 -42 37 -55.0002 -75.0649 -30.5438 -70.5394 
-17 -231.742 -41 36 -54.206 -73.4102 -27.1781 -66.0298 
-7 -233.575 -41 36 -55.7088 -77.4151 -28.8271 -69.3055 
-21 -228.861 -42 37 -55.4799 -75.2425 -28.461 -68.8999 
-25 -224.168 -43 38 -60.3034 -76.356 -33.9769 -69.1984 
-29 -221.791 -41 37 -56.73 -75.4452 -27.9502 -68.6679 
-25 -227.36 -44 38 -57.3485 -76.356 -33.9769 -69.1984 
-13 -231.494 -41 37 -56.8732 -73.4909 -29.5233 -68.7122 
-21 -228.494 -43 38 -56.7456 -76.2845 -30.2955 -71.7855 
-21 -226.135 -42 37 -55.8272 -79.3222 -29.0488 -70.8549 
-13 -233.57 -41 36 -55.097 -74.5042 -26.8904 -65.9935 
-7 -235.4 -41 36 -56.6897 -75.3588 -27.0354 -67.8312 
-21 -225.981 -41 37 -57.6751 -74.4887 -29.0188 -69.335 
-21 -224.362 -40 37 -56.6037 -79.6531 -24.7683 -68.5694 
-27 -224.305 -43 38 -56.7684 -77.0014 -31.0885 -71.8844 
-25 -222.506 -41 37 -59.9881 -76.2039 -27.9502 -69.1032 
-25 -225.697 -42 37 -57.0332 -76.2039 -27.9502 -69.1032 
-7 -230.53 -40 36 -58.6637 -77.4151 -28.8271 -69.3055 
-15 -234.021 -42 37 -53.4221 -73.875 -28.0193 -69.1733 
-13 -231.21 -41 36 -56.7126 -76.0757 -27.8285 -67.9301 
-21 -225.816 -41 37 -58.4348 -75.2425 -28.461 -68.8999 
-9 -238.828 -43 37 -52.8197 -73.875 -30.6865 -69.1733 
-23 -229.189 -43 38 -53.4875 -75.5258 -30.2955 -71.3502 
-21 -228.539 -42 37 -54.5113 -74.6464 -28.2079 -71.9753 
-21 -225.449 -42 38 -59.7005 -76.2845 -30.2955 -71.7855 
-9 -236.094 -41 36 -53.4316 -74.6001 -27.0354 -67.3959 
-21 -223.09 -41 37 -58.7821 -79.3222 -29.0488 -70.8549 
-13 -230.525 -40 36 -58.0519 -74.5042 -26.8904 -65.9935 
-7 -232.355 -40 36 -59.6446 -75.3588 -27.0354 -67.8312 
-7 -238.309 -42 36 -53.7882 -74.6001 -29.2326 -67.3959 
-27 -223.2 -41 37 -56.73 -75.4452 -27.9502 -68.6679 
-17 -233.16 -42 37 -53.4857 -72.7428 -28.9081 -68.769 
-27 -226.392 -42 37 -53.7751 -75.4452 -27.9502 -68.6679 
-17 -233.887 -42 36 -51.9601 -72.5004 -28.4087 -68.2359 
-11 -232.234 -41 37 -56.0988 -74.6807 -29.3807 -70.0783 
-19 -230.145 -41 36 -53.4316 -74.6001 -27.0354 -67.3959 
-21 -221.317 -39 37 -59.5586 -79.6531 -24.7683 -68.5694 
-11 -235.426 -42 37 -53.1439 -74.6807 -29.3807 -70.0783 
-15 -230.976 -41 37 -56.377 -73.875 -28.0193 -69.1733 
-23 -227.976 -43 38 -56.2493 -76.6686 -28.7914 -72.2467 
-27 -225.023 -42 37 -54.5113 -74.6464 -28.2079 -71.9753 
-13 -235.412 -42 36 -54.5627 -73.4102 -29.3753 -66.0298 
-9 -235.783 -42 37 -55.7746 -73.875 -30.6865 -69.1733 
-23 -226.144 -42 38 -56.4424 -75.5258 -30.2955 -71.3502 
-17 -232.783 -44 38 -55.6469 -76.6686 -31.4586 -72.2467 
-13 -230.955 -41 36 -56.4833 -76.2253 -28.9698 -67.9394 
-21 -229.03 -41 36 -53.4316 -74.6001 -27.0354 -67.3959 
-9 -233.049 -40 36 -56.3865 -74.6001 -27.0354 -67.3959 
-29 -223.786 -43 38 -56.2722 -77.3855 -29.5845 -72.3456 
-21 -230.741 -43 38 -53.3378 -75.5446 -30.0252 -71.3014 
-7 -237.254 -42 37 -54.0349 -75.7747 -29.093 -70.0419 
-7 -237.646 -41 36 -53.2819 -74.619 -26.7651 -67.3471 
-7 -239.288 -42 37 -53.4857 -72.7428 -28.9081 -68.769 
-7 -235.264 -41 36 -56.7432 -74.6001 -29.2326 -67.3959 
-27 -224.305 -43 38 -58.143 -77.0152 -31.3117 -70.9013 
FEATURES_TXT_END_0
FEATURES_TXT_BEGIN_0 84 99 8 Distortion0_0 LM0_0 WordPenalty0_0 PhrasePenalty0_0 TranslationModel0_0 TranslationModel0_1 TranslationModel0_2 TranslationModel0_3 
-46 -362.53 -68 62 -120.622 -142.239 -62.0629 -141.646 
-46 -367.178 -69 63 -116.279 -141.459 -61.7269 -142.375 
-46 -362.57 -67 61 -119.299 -142.239 -58.2533 -141.646 
-38 -367.728 -68 62 -120.622 -142.239 -62.0629 -141.646 
-46 -360.175 -67 62 -123.555 -144.186 -60.117 -140.599 
-46 -359.716 -68 62 -122.606 -144.284 -64.1423 -143.592 
-46 -359.706 -69 63 -118.22 -146.523 -67.0352 -148.898 
-46 -362.266 -67 62 -123.753 -141.775 -59.4979 -138.503 
-46 -363.806 -69 63 -119.553 -142.333 -65.683 -143.177 
-46 -365.301 -68 62 -118.956 -141.37 -60.58 -140.24 
-46 -367.218 -68 62 -114.956 -141.459 -57.9173 -142.375 
-50 -363.967 -69 63 -116.608 -140.647 -65.1508 -142.453 
-38 -372.376 -69 63 -116.279 -141.459 -61.7269 -142.375 
-46 -364.823 -68 63 -119.212 -143.406 -59.781 -141.327 
-46 -364.363 -69 63 -118.263 -143.504 -63.8063 -144.321 
-38 -367.768 -67 61 -119.299 -142.239 -58.2533 -141.646 
-46 -360.215 -66 61 -122.232 -144.186 -56.3074 -140.599 
-46 -365.675 -68 62 -117.677 -140.553 -61.5306 -140.922 
-46 -359.755 -67 61 -121.283 -144.284 -60.3327 -143.592 
-46 -372.376 -68 62 -116.272 -138.654 -54.8457 -134.175 
-38 -365.374 -67 62 -123.555 -144.186 -60.117 -140.599 
-46 -359.746 -68 62 -116.897 -146.523 -63.2256 -148.898 
-38 -364.914 -68 62 -122.606 -144.284 -64.1423 -143.592 
-46 -357.361 -67 62 -125.539 -146.231 -62.1964 -142.545 
-38 -364.905 -69 63 -118.22 -146.523 -67.0352 -148.898 
-46 -357.352 -68 63 -121.153 -148.469 -65.0893 -147.851 
-46 -356.892 -69 63 -120.204 -148.567 -69.1146 -150.844 
-46 -366.913 -68 63 -119.41 -140.995 -59.1619 -139.231 
-46 -362.305 -66 61 -122.43 -141.775 -55.6883 -138.503 
-42 -378.346 -69 62 -111.681 -135.277 -58.1089 -135.231 
-38 -367.464 -67 62 -123.753 -141.775 -59.4979 -138.503 
-46 -359.911 -66 62 -126.686 -143.721 -57.552 -137.455 
-46 -363.846 -68 62 -118.23 -142.333 -61.8734 -143.177 
-46 -359.442 -68 63 -121.351 -146.058 -64.4702 -145.755 
-38 -369.004 -69 63 -119.553 -142.333 -65.683 -143.177 
-50 -359.026 -68 62 -121.631 -143.081 -63.8746 -143.12 
-46 -360.991 -69 63 -121.537 -144.378 -67.7624 -145.123 
-46 -369.949 -69 63 -114.614 -140.59 -60.2441 -140.969 
-46 -365.341 -67 61 -117.633 -141.37 -56.7705 -140.24 
-46 -362.93 -67 62 -120.801 -142.239 -58.364 -141.646 
-46 -365.359 -69 62 -119.203 -141.459 -63.96 -142.375 
-38 -370.5 -68 62 -118.956 -141.37 -60.58 -140.24 
-50 -361.135 -68 62 -120.622 -142.239 -62.0629 -141.646 
-46 -362.487 -68 62 -120.94 -143.415 -62.6595 -142.186 
-46 -362.478 -69 63 -116.555 -145.654 -65.5523 -147.493 
-46 -363.541 -68 63 -122.684 -141.868 -63.118 -140.033 
-50 -361.207 -68 62 -120.622 -142.239 -62.0629 -141.646 
-46 -354.622 -68 62 -125.316 -148.208 -67.3711 -148.17 
-46 -363.27 -68 62 -119.971 -142.453 -62.756 -142.339 
-46 -365.037 -67 62 -122.087 -140.906 -58.0151 -137.097 
-50 -364.007 -68 62 -115.285 -140.647 -61.3412 -142.453 
-44 -366.946 -69 63 -119.128 -140.572 -63.2688 -144.411 
-38 -372.416 -68 62 -114.956 -141.459 -57.9173 -142.375 
-46 -364.863 -67 62 -117.889 -143.406 -55.9714 -141.327 
-46 -370.323 -69 63 -113.334 -139.773 -61.1947 -141.651 
-46 -363.678 -68 62 -120.622 -142.239 -62.0629 -141.646 
-46 -363.494 -68 62 -121.901 -143.057 -61.1122 -140.965 
-46 -364.403 -68 62 -116.94 -143.504 -59.9968 -144.321 
-42 -369.165 -69 63 -116.608 -140.647 -65.1508 -142.453 
-46 -377.023 -69 63 -111.93 -137.874 -54.5098 -134.903 
-38 -370.021 -68 63 -119.212 -143.406 -59.781 -141.327 
-50 -361.153 -69 63 -118.592 -142.692 -67.2302 -144.399 
-38 -369.562 -69 63 -118.263 -143.504 -63.8063 -144.321 
-46 -363.1 -67 62 -120.801 -142.239 -58.364 -141.646 
-42 -375.992 -68 62 -114.614 -137.224 -56.163 -134.184 
-46 -362.008 -68 63 -121.196 -145.451 -61.8604 -143.273 
-46 -365.715 -67 61 -116.354 -140.553 -57.7211 -140.922 
-46 -372.415 -67 61 -114.949 -138.654 -51.0361 -134.175 
-38 -365.413 -66 61 -122.232 -144.186 -56.3074 -140.599 
-38 -370.874 -68 62 -117.677 -140.553 -61.5306 -140.922 
-38 -364.954 -67 61 -121.283 -144.284 -60.3327 -143.592 
-46 -357.4 -66 61 -124.216 -146.231 -58.3868 -142.545 
-38 -377.574 -68 62 -116.272 -138.654 -54.8457 -134.175 
-46 -370.021 -67 62 -119.205 -140.601 -52.8998 -133.127 
-46 -362.861 -68 62 -119.661 -142.598 -63.6101 -142.868 
-46 -369.561 -68 62 -118.256 -140.699 -56.9252 -136.121 
-38 -364.945 -68 62 -116.897 -146.523 -63.2256 -148.898 
-46 -357.391 -67 62 -119.83 -148.469 -61.2797 -147.851 
-38 -362.559 -67 62 -125.539 -146.231 -62.1964 -142.545 
-46 -362.852 -69 63 -115.275 -144.837 -66.5029 -148.174 
-46 -356.932 -68 62 -118.881 -148.567 -65.305 -150.844 
-46 -369.552 -69 63 -113.871 -142.937 -59.818 -141.427 
-38 -362.55 -68 63 -121.153 -148.469 -65.0893 -147.851 
-38 -362.09 -69 63 -120.204 -148.567 -69.1146 -150.844 
-46 -354.537 -68 63 -123.137 -150.514 -67.1687 -149.797 
-50 -359.335 -68 62 -121.631 -143.081 -63.8746 -143.12 
-46 -366.953 -67 62 -118.087 -140.995 -55.3524 -139.231 
-38 -369.047 -70 63 -120.558 -141.413 -68.5771 -145.884 
-42 -382.994 -70 63 -107.338 -134.497 -57.7729 -135.96 
-50 -363.703 -68 63 -119.739 -140.182 -62.5858 -139.309 
-38 -372.112 -68 63 -119.41 -140.995 -59.1619 -139.231 
-46 -364.559 -67 63 -122.343 -142.941 -57.216 -138.184 
-46 -365.28 -67 62 -119.792 -141.398 -56.5523 -140.173 
-42 -378.386 -68 61 -110.358 -135.277 -54.2993 -135.231 
-42 -376.69 -69 62 -110.7 -136.125 -60.3061 -138.276 
-38 -367.504 -66 61 -122.43 -141.775 -55.6883 -138.503 
-46 -359.951 -65 61 -125.363 -143.721 -53.7424 -137.455 
-50 -363.674 -69 63 -117.289 -142.301 -63.5387 -143.849 
-34 -383.545 -69 62 -111.681 -135.277 -58.1089 -135.231 
FEATURES_TXT_END_0
FEATURES_TXT_BEGIN_0 85 100 8 Distortion0_0 LM0_0 WordPenalty0_0 PhrasePenalty0_0 TranslationModel0_0 TranslationModel0_1 TranslationModel0_2 TranslationModel0_3 
-16 -174.036 -33 28 -46.3982 -56.4344 -25.3601 -53.507 
-16 -175.077 -33 28 -48.7466 -56.7963 -20.8603 -52.7429 
-16 -173.017 -33 29 -49.4206 -57.2515 -25.8648 -52.8252 
-16 -174.058 -33 29 -51.7689 -57.6134 -21.365 -52.0611 
-10 -178.312 -33 28 -43.8333 -55.4493 -27.1519 -54.6056 
-10 -179.353 -33 28 -46.1816 -55.8112 -22.6521 -53.8415 
-10 -177.293 -33 29 -46.8557 -56.2664 -27.6566 -53.9238 
-10 -178.334 -33 29 -49.204 -56.6283 -23.1568 -53.1597 
-16 -176.096 -32 28 -47.3915 -55.0661 -22.046 -48.8092 
-16 -175.077 -32 29 -50.4139 -55.8832 -22.5506 -48.1275 
-16 -173.214 -33 28 -49.6404 -58.8904 -22.5651 -54.6256 
-16 -172.195 -33 29 -52.6628 -59.7074 -23.0697 -53.9439 
-20 -171.474 -32 29 -49.326 -55.9128 -23.1568 -51.9923 
-16 -173.999 -33 28 -46.6278 -57.7732 -25.3601 -54.3399 
-16 -175.04 -33 28 -48.9761 -58.1351 -20.8603 -53.5758 
-14 -176.464 -33 28 -43.8333 -55.4493 -27.1519 -54.6056 
-16 -172.98 -33 29 -49.6502 -58.5902 -25.8648 -53.6581 
-14 -177.505 -33 28 -46.1816 -55.8112 -22.6521 -53.8415 
-16 -174.021 -33 29 -51.9985 -58.9521 -21.365 -52.894 
-14 -175.445 -33 29 -46.8557 -56.2664 -27.6566 -53.9238 
-18 -173.851 -33 28 -46.3982 -56.4344 -25.3601 -53.507 
-14 -176.486 -33 29 -49.204 -56.6283 -23.1568 -53.1597 
-18 -174.892 -33 28 -48.7466 -56.7963 -20.8603 -52.7429 
-16 -175.34 -33 28 -49.1986 -57.582 -21.3123 -52.9606 
-18 -172.832 -33 29 -49.4206 -57.2515 -25.8648 -52.8252 
-14 -176.301 -33 28 -46.3982 -56.4344 -25.3601 -53.507 
-18 -173.873 -33 29 -51.7689 -57.6134 -21.365 -52.0611 
-14 -177.342 -33 28 -48.7466 -56.7963 -20.8603 -52.7429 
-16 -174.321 -33 29 -52.2209 -58.3991 -21.817 -52.2789 
-14 -175.282 -33 29 -49.4206 -57.2515 -25.8648 -52.8252 
-10 -180.372 -32 28 -44.8265 -54.081 -23.8377 -49.9079 
-14 -176.323 -33 29 -51.7689 -57.6134 -21.365 -52.0611 
-10 -179.353 -32 29 -47.8489 -54.8981 -24.3424 -49.2261 
-10 -177.49 -33 28 -47.0754 -57.9052 -24.3568 -55.7242 
-18 -174.036 -33 28 -46.3982 -56.4344 -25.3601 -53.507 
-18 -175.077 -33 28 -48.7466 -56.7963 -20.8603 -52.7429 
-16 -176.864 -36 29 -44.3002 -58.0999 -29.3306 -61.956 
-20 -172.865 -32 28 -46.3036 -55.0957 -22.6521 -52.6741 
-16 -171.475 -33 28 -48.8343 -59.4858 -27.5574 -55.3261 
-16 -177.905 -36 29 -46.6485 -58.4618 -24.8308 -61.192 
-10 -176.471 -33 29 -50.0978 -58.7223 -24.8615 -55.0425 
-12 -177.681 -33 28 -46.3982 -56.4344 -25.3601 -53.507 
-18 -173.017 -33 29 -49.4206 -57.2515 -25.8648 -52.8252 
-16 -172.516 -33 28 -51.1827 -59.8477 -23.0576 -54.5621 
-12 -178.722 -33 28 -48.7466 -56.7963 -20.8603 -52.7429 
-18 -174.058 -33 29 -51.7689 -57.6134 -21.365 -52.0611 
-16 -175.845 -36 30 -47.3225 -58.917 -29.8353 -61.2743 
-16 -170.456 -33 29 -51.8567 -60.3029 -28.062 -54.6444 
-16 -176.886 -36 30 -49.6709 -59.2789 -25.3355 -60.5102 
-12 -176.662 -33 29 -49.4206 -57.2515 -25.8648 -52.8252 
-16 -171.497 -33 29 -54.2051 -60.6648 -23.5622 -53.8803 
-12 -177.703 -33 29 -51.7689 -57.6134 -21.365 -52.0611 
-14 -175.75 -32 29 -46.761 -54.9276 -24.9485 -53.0909 
-10 -178.275 -33 28 -44.0629 -56.788 -27.1519 -55.4385 
-10 -179.316 -33 28 -46.4112 -57.1499 -22.6521 -54.6744 
-10 -177.256 -33 29 -47.0852 -57.6051 -27.6566 -54.7567 
-12 -177.837 -33 28 -46.3982 -56.4344 -25.3601 -53.507 
-10 -178.297 -33 29 -49.4336 -57.967 -23.1568 -53.9926 
-12 -178.878 -33 28 -48.7466 -56.7963 -20.8603 -52.7429 
-12 -178.127 -33 28 -43.8333 -55.4493 -27.1519 -54.6056 
-12 -179.168 -33 28 -46.1816 -55.8112 -22.6521 -53.8415 
-12 -176.817 -33 29 -49.4206 -57.2515 -25.8648 -52.8252 
-16 -178.646 -36 29 -43.4063 -57.803 -27.6259 -60.9606 
-4 -182.951 -33 28 -43.8333 -55.4493 -27.1519 -54.6056 
-10 -179.616 -33 28 -46.6336 -56.5969 -23.1041 -54.0592 
-12 -177.858 -33 29 -51.7689 -57.6134 -21.365 -52.0611 
-16 -179.687 -36 29 -45.7547 -58.1649 -23.126 -60.1965 
-4 -183.992 -33 28 -46.1816 -55.8112 -22.6521 -53.8415 
-12 -177.108 -33 29 -46.8557 -56.2664 -27.6566 -53.9238 
-12 -178.149 -33 29 -49.204 -56.6283 -23.1568 -53.1597 
-16 -177.627 -36 30 -46.4287 -58.6201 -28.1305 -60.2789 
-4 -181.932 -33 29 -46.8557 -56.2664 -27.6566 -53.9238 
-10 -178.597 -33 29 -49.656 -57.414 -23.6087 -53.3775 
-16 -178.668 -36 30 -48.7771 -58.982 -23.6307 -59.5148 
-4 -182.973 -33 29 -49.204 -56.6283 -23.1568 -53.1597 
-20 -175.016 -34 30 -47.9013 -56.4714 -26.151 -53.5537 
-16 -174.305 -32 28 -48.2853 -57.1602 -23.7507 -50.692 
-20 -176.057 -34 30 -50.2497 -56.8333 -21.6512 -52.7896 
-24 -170.247 -31 29 -51.5201 -56.1213 -19.1089 -47.3344 
-16 -173.286 -32 29 -51.3077 -57.9773 -24.2554 -50.0102 
-12 -178.312 -33 28 -43.8333 -55.4493 -27.1519 -54.6056 
-16 -177.502 -34 30 -47.9013 -56.4714 -26.151 -53.5537 
-16 -176.059 -32 28 -47.6211 -56.4049 -22.046 -49.6422 
-12 -179.353 -33 28 -46.1816 -55.8112 -22.6521 -53.8415 
-10 -181.14 -36 29 -41.7352 -57.1148 -31.1224 -63.0547 
-16 -178.544 -34 30 -50.2497 -56.8333 -21.6512 -52.7896 
-14 -177.141 -32 28 -43.7386 -54.1106 -24.4438 -53.7727 
-10 -175.751 -33 28 -46.2694 -58.5007 -29.3491 -56.4247 
-10 -182.181 -36 29 -44.0836 -57.4767 -26.6226 -62.2906 
-6 -181.957 -33 28 -43.8333 -55.4493 -27.1519 -54.6056 
-12 -177.293 -33 29 -46.8557 -56.2664 -27.6566 -53.9238 
-14 -178.524 -32 28 -44.8265 -54.081 -23.8377 -49.9079 
-10 -176.792 -33 28 -48.6177 -58.8626 -24.8493 -55.6607 
-16 -175.04 -32 29 -50.6434 -57.222 -22.5506 -48.9604 
-6 -182.998 -33 28 -46.1816 -55.8112 -22.6521 -53.8415 
-12 -178.334 -33 29 -49.204 -56.6283 -23.1568 -53.1597 
-16 -174.195 -32 28 -46.7774 -57.5115 -23.066 -53.1459 
-10 -180.121 -36 30 -44.7576 -57.9319 -31.627 -62.3729 
-22 -173.506 -33 29 -47.0525 -56.9899 -23.5707 -51.6312 
-10 -174.732 -33 29 -49.2918 -59.3178 -29.8538 -55.743 
FEATURES_TXT_END_0
FEATURES_TXT_BEGIN_0 86 100 8 Distortion0_0 LM0_0 WordPenalty0_0 PhrasePenalty0_0 TranslationModel0_0 TranslationModel0_1 TranslationModel0_2 TranslationModel0_3 
-14 -214.811 -41 35 -55.6237 -73.7222 -32.6869 -85.5969 
-18 -216.501 -41 35 -51.9067 -69.1378 -31.5883 -84.7968 
-24 -213.042 -41 35 -52.6283 -68.3143 -32.4885 -83.885 
-14 -217.727 -41 35 -53.832 -70.7055 -31.5883 -84.4983 
-18 -217.189 -41 34 -50.5931 -69.3693 -30.5244 -84.5604 
-20 -214.268 -41 35 -54.5536 -69.8819 -32.4885 -83.5865 
-14 -218.415 -41 34 -52.5184 -70.937 -30.5244 -84.2619 
-14 -216.731 -41 35 -53.6984 -72.1545 -32.6869 -85.8954 
-18 -216.393 -41 35 -52.3863 -68.0972 -33.8748 -84.9659 
-14 -219.647 -41 35 -51.9067 -69.1378 -31.5883 -84.7968 
-14 -217.619 -41 35 -54.3116 -69.6649 -33.8748 -84.6674 
-14 -214.218 -41 35 -60.3705 -74.8708 -31.866 -84.0787 
-20 -216.187 -41 35 -52.6283 -68.3143 -32.4885 -83.885 
-14 -220.334 -41 34 -50.5931 -69.3693 -30.5244 -84.5604 
-18 -216.105 -41 35 -53.832 -70.7055 -31.5883 -84.4983 
-14 -217.134 -41 35 -58.5787 -71.8542 -30.7674 -82.9801 
-24 -212.646 -41 35 -54.5536 -69.8819 -32.4885 -83.5865 
-18 -216.793 -41 34 -52.5184 -70.937 -30.5244 -84.2619 
-20 -213.674 -41 35 -59.3003 -71.0306 -31.6676 -82.0682 
-14 -217.821 -41 34 -57.2652 -72.0856 -29.7035 -82.7437 
-14 -215.302 -41 35 -55.633 -72.7396 -34.8842 -86.0846 
-18 -216.992 -41 35 -51.916 -68.1553 -33.7856 -85.2845 
-14 -214.391 -41 35 -57.2284 -74.8002 -33.1389 -86.4811 
-18 -216.404 -41 35 -53.832 -70.7055 -31.5883 -84.4983 
-18 -216.08 -41 35 -53.5113 -70.2159 -32.0403 -85.681 
-24 -213.533 -41 35 -52.6376 -67.3317 -34.6857 -84.3727 
-14 -218.218 -41 35 -53.8413 -69.7229 -33.7856 -84.986 
-14 -213.416 -41 35 -58.9999 -74.5189 -34.6386 -86.1828 
-24 -212.621 -41 35 -54.2329 -69.3923 -32.9405 -84.7692 
-14 -217.306 -41 35 -55.4366 -71.7836 -32.0403 -85.3825 
-18 -217.68 -41 34 -50.6024 -68.3867 -32.7217 -85.0481 
-18 -217.092 -41 34 -52.5184 -70.937 -30.5244 -84.2619 
-18 -216.768 -41 34 -52.1978 -70.4473 -30.9764 -85.4446 
-14 -215.853 -40 35 -56.4039 -73.0896 -31.9938 -81.8682 
-20 -210.863 -42 35 -56.8619 -74.3558 -37.3783 -88.24 
-18 -217.543 -40 35 -52.6868 -68.5052 -30.8952 -81.0681 
-24 -212.552 -42 35 -53.1449 -69.7714 -36.2797 -87.4399 
-20 -214.759 -41 35 -54.5629 -68.8994 -34.6857 -84.0742 
-20 -213.847 -41 35 -56.1582 -70.96 -32.9405 -84.4707 
-14 -215.448 -41 35 -56.0757 -74.5079 -33.1389 -85.8147 
-14 -216.332 -41 35 -57.2082 -71.5023 -33.54 -85.0842 
-14 -219.538 -41 35 -52.3863 -68.0972 -33.8748 -84.9659 
-18 -217.138 -41 35 -52.3587 -69.9235 -32.0403 -85.0145 
-14 -218.906 -41 34 -52.5277 -69.9544 -32.7217 -84.7496 
-12 -216.479 -42 36 -54.6356 -74.1602 -36.7471 -90.4871 
-14 -217.994 -41 34 -54.1231 -72.015 -30.9764 -85.1461 
-24 -214.083 -40 35 -53.4084 -67.6816 -31.7953 -80.1563 
-30 -209.093 -42 35 -53.8665 -68.9478 -37.1798 -86.5281 
-14 -218.769 -40 35 -54.6121 -70.0729 -30.8952 -80.7696 
-20 -213.778 -42 35 -55.0702 -71.3391 -36.2797 -87.1414 
-18 -218.23 -40 34 -51.3733 -68.7367 -29.8313 -80.8317 
-24 -213.24 -42 34 -51.8313 -70.0029 -35.2158 -87.2035 
-20 -212.873 -41 35 -57.9298 -70.6787 -34.4402 -84.1723 
-24 -213.679 -41 35 -53.0803 -69.1 -32.9405 -84.1027 
-14 -218.364 -41 35 -54.284 -71.4912 -32.0403 -84.716 
-18 -213.934 -41 35 -55.6237 -73.7222 -32.6869 -85.5969 
-22 -215.623 -41 35 -51.9067 -69.1378 -31.5883 -84.7968 
-14 -217.019 -41 34 -55.8946 -71.7337 -32.4761 -84.8478 
-20 -215.309 -40 35 -55.3337 -69.2493 -31.7953 -79.8578 
-18 -215.997 -41 35 -54.3116 -69.6649 -33.8748 -84.6674 
-12 -219.395 -42 36 -52.8438 -71.1435 -35.6485 -89.3884 
-26 -210.319 -42 35 -55.7918 -70.5155 -37.1798 -86.2296 
-18 -217.826 -41 34 -51.0451 -70.155 -30.9764 -84.7782 
-14 -219.456 -40 34 -53.2986 -70.3044 -29.8313 -80.5332 
-20 -214.466 -42 34 -53.7566 -71.5706 -35.2158 -86.905 
-14 -217.025 -41 35 -59.0583 -70.8135 -33.0539 -83.1491 
-20 -214.905 -41 35 -55.0055 -70.6676 -32.9405 -83.8042 
-28 -212.164 -41 35 -52.6283 -68.3143 -32.4885 -83.885 
-14 -213.811 -41 35 -56.5175 -75.8162 -34.3917 -87.4797 
-18 -216.849 -41 35 -53.832 -70.7055 -31.5883 -84.4983 
-18 -215.935 -42 36 -53.5654 -70.3199 -36.5487 -88.4766 
-18 -215.501 -41 35 -52.8005 -71.2319 -33.2931 -86.6795 
-14 -219.052 -41 34 -52.9704 -71.7227 -30.9764 -84.4797 
-22 -216.311 -41 34 -50.5931 -69.3693 -30.5244 -84.5604 
-12 -220.082 -42 35 -51.5302 -71.375 -34.5846 -89.1521 
-20 -212.908 -41 35 -55.6237 -73.7222 -32.6869 -85.5969 
-6 -220.114 -40 35 -58.4352 -73.4147 -32.2715 -81.5107 
-24 -214.598 -41 35 -51.9067 -69.1378 -31.5883 -84.7968 
-14 -216.826 -41 35 -55.3602 -73.4075 -32.2815 -85.8225 
-18 -218.516 -41 35 -51.6432 -68.8232 -31.1829 -85.0224 
-24 -213.39 -41 35 -54.5536 -69.8819 -32.4885 -83.5865 
-24 -212.041 -41 35 -53.5221 -70.4083 -34.1932 -85.7677 
-14 -216.727 -41 35 -54.7258 -72.7996 -33.2931 -86.3811 
-18 -217.537 -41 34 -52.5184 -70.937 -30.5244 -84.2619 
-18 -218.262 -41 35 -51.9067 -69.1378 -31.5883 -84.7968 
-18 -216.188 -41 34 -51.4869 -71.4633 -32.2292 -86.4432 
-30 -211.139 -41 35 -52.6283 -68.3143 -32.4885 -83.885 
-20 -215.824 -41 35 -53.832 -70.7055 -31.5883 -84.4983 
-24 -215.057 -41 35 -52.3648 -67.9996 -32.083 -84.1105 
-6 -223.03 -40 35 -56.6434 -70.398 -31.1729 -80.4121 
-14 -217.222 -41 35 -53.7077 -71.1719 -34.8842 -86.3831 
-14 -219.742 -41 35 -53.5685 -70.3909 -31.1829 -84.7239 
-14 -216.31 -41 35 -55.3031 -73.2325 -33.1389 -86.7796 
-18 -216.884 -41 35 -52.3956 -67.1146 -36.072 -85.4536 
-20 -213.267 -41 35 -55.4474 -71.976 -34.1932 -85.4692 
-18 -216.907 -41 35 -56.6534 -70.2865 -30.7674 -83.2785 
-24 -215.286 -41 34 -50.5931 -69.3693 -30.5244 -84.5604 
-18 -215.972 -41 35 -53.9909 -69.1752 -34.3268 -85.8501 
-18 -219.204 -41 34 -50.3296 -69.0546 -30.119 -84.786 
-14 -217.226 -41 34 -54.3102 -73.9537 -31.6231 -85.3605 
FEATURES_TXT_END_0
FEATURES_TXT_BEGIN_0 87 100 8 Distortion0_0 LM0_0 WordPenalty0_0 PhrasePenalty0_0 TranslationModel0_0 TranslationModel0_1 TranslationModel0_2 TranslationModel0_3 
-16 -199.029 -38 30 -36.4941 -54.1674 -34.9158 -65.7873 
-10 -201.03 -35 30 -37.8984 -55.5565 -27.3551 -59.8334 
-10 -201.334 -35 30 -36.619 -54.7394 -28.3057 -60.5152 
-16 -196.791 -37 29 -38.1271 -54.1994 -34.4231 -65.1156 
-10 -198.793 -34 29 -39.5313 -55.5885 -26.8625 -59.1617 
-16 -197.901 -38 30 -36.5543 -55.077 -36.8541 -67.0865 
-10 -200.549 -37 30 -39.6338 -54.9845 -33.272 -65.1055 
-10 -199.096 -34 29 -38.252 -54.7715 -27.8131 -59.8435 
-10 -199.902 -35 30 -37.9585 -56.4661 -29.2935 -61.1327 
-4 -202.55 -34 30 -41.0381 -56.3736 -25.7114 -59.1516 
-10 -200.206 -35 30 -36.6791 -55.6491 -30.2441 -61.8145 
-4 -202.854 -34 30 -39.7587 -55.5565 -26.662 -59.8334 
-16 -195.663 -37 29 -38.1873 -55.109 -36.3615 -66.4148 
-10 -198.311 -36 29 -41.2668 -55.0165 -32.7793 -64.4338 
-6 -205.539 -37 30 -37.4516 -54.9845 -29.967 -65.1055 
-16 -199.764 -37 30 -36.1722 -54.1674 -30.9176 -65.7873 
-10 -197.664 -34 29 -39.5915 -56.4981 -28.8008 -60.461 
-4 -200.313 -33 29 -42.6711 -56.4056 -25.2187 -58.4799 
-16 -200.791 -39 30 -36.5247 -54.1674 -38.1076 -65.7873 
-10 -204.888 -36 30 -35.7652 -51.5798 -28.5807 -62.4665 
0 -207.54 -34 30 -38.8559 -56.3736 -22.4063 -59.1516 
-10 -201.765 -34 30 -37.5765 -55.5565 -23.3569 -59.8334 
-10 -199.421 -37 30 -39.694 -55.8941 -35.2104 -66.4048 
-10 -197.968 -34 29 -38.3121 -55.6811 -29.7514 -61.1427 
-10 -202.793 -36 30 -37.929 -55.5565 -30.547 -59.8334 
-4 -200.617 -33 29 -41.3917 -55.5885 -26.1693 -59.1617 
-4 -206.89 -33 30 -37.1695 -52.9689 -21.02 -56.5126 
-10 -201.946 -38 31 -37.3528 -55.9151 -36.7173 -67.0562 
-19 -196.705 -36 30 -36.6596 -55.1724 -31.1618 -62.6736 
0 -207.844 -34 30 -37.5765 -55.5565 -23.3569 -59.8334 
-10 -202.069 -34 30 -36.2971 -54.7394 -24.3075 -60.5152 
-4 -201.422 -34 30 -41.0983 -57.2832 -27.6497 -60.4509 
-20 -198.09 -38 30 -36.3444 -54.1863 -34.6455 -65.7385 
-10 -203.096 -36 30 -36.6496 -54.7394 -31.4976 -60.5152 
-4 -207.194 -33 30 -35.8901 -52.1518 -21.9706 -57.1944 
-10 -202.25 -38 31 -36.0734 -55.098 -37.6679 -67.738 
-6 -203.301 -36 29 -39.0846 -55.0165 -29.4743 -64.4338 
-4 -201.726 -34 30 -39.8189 -56.4661 -28.6003 -61.1327 
-16 -200.202 -38 30 -37.7735 -54.9845 -33.9652 -65.1055 
-6 -207.948 -37 30 -35.2544 -52.6131 -29.967 -64.6355 
-10 -200.112 -35 30 -39.5637 -56.4255 -28.838 -61.2392 
-16 -197.526 -36 29 -37.8052 -54.1994 -30.4249 -65.1156 
-14 -200.092 -35 30 -37.7487 -55.5754 -27.0848 -59.7846 
-16 -198.554 -38 29 -38.1577 -54.1994 -37.615 -65.1156 
-20 -199.576 -38 31 -34.6852 -50.2513 -36.451 -67.1606 
-10 -202.651 -35 29 -37.3982 -51.6118 -28.088 -61.7947 
0 -205.303 -33 29 -40.4889 -56.4056 -21.9136 -58.4799 
0 -209.949 -34 30 -36.6586 -54.0022 -22.4063 -58.6816 
-10 -199.527 -33 29 -39.2094 -55.5885 -22.8643 -59.1617 
-10 -197.183 -36 29 -41.327 -55.9261 -34.7177 -65.7331 
-14 -200.396 -35 30 -36.4693 -54.7583 -28.0355 -60.4664 
-6 -204.41 -37 30 -37.5118 -55.8941 -31.9053 -66.4048 
-10 -200.555 -35 29 -39.562 -55.5885 -30.0543 -59.1617 
-14 -201.577 -35 31 -36.0895 -51.6404 -28.8903 -61.2068 
-6 -202.666 -37 30 -38.9037 -55.3289 -33.6744 -68.2065 
-4 -204.652 -32 29 -38.8025 -53.0009 -20.5274 -55.8409 
-10 -205.551 -36 30 -34.4858 -50.7627 -29.5313 -63.1482 
-10 -199.708 -37 30 -38.9858 -55.9471 -36.2247 -66.3845 
-19 -194.467 -35 29 -38.2926 -55.2044 -30.6691 -62.0018 
0 -205.606 -33 29 -39.2094 -55.5885 -22.8643 -59.1617 
-16 -198.635 -37 30 -36.2324 -55.077 -32.8559 -67.0865 
-10 -201.284 -36 30 -39.3119 -54.9845 -29.2738 -65.1055 
0 -210.253 -34 30 -35.3792 -53.1852 -23.3569 -59.3634 
-16 -200.116 -37 30 -38.3191 -55.7147 -30.8516 -62.7449 
-10 -199.831 -33 29 -37.9301 -54.7715 -23.8149 -59.8435 
-4 -199.184 -33 29 -42.7313 -57.3152 -27.1571 -59.7792 
-16 -199.663 -39 30 -36.5849 -55.077 -40.046 -67.0865 
-10 -202.311 -38 30 -39.6644 -54.9845 -36.4639 -65.1055 
-10 -203.76 -36 30 -35.8254 -52.4894 -30.519 -63.7657 
0 -206.412 -34 30 -38.916 -57.2832 -24.3447 -60.4509 
-10 -200.859 -35 29 -38.2826 -54.7715 -31.0049 -59.8435 
0 -204.667 -34 30 -40.308 -56.7181 -26.1138 -62.2526 
-14 -201.881 -35 31 -34.8101 -50.8234 -29.8409 -61.8885 
-4 -207.552 -33 30 -35.8901 -52.1518 -21.9706 -57.1944 
-4 -204.956 -32 29 -37.5231 -52.1839 -21.478 -56.5226 
-10 -200.012 -37 30 -37.7064 -55.13 -37.1753 -67.0662 
-10 -200.637 -34 30 -37.6366 -56.4661 -25.2953 -61.1327 
-4 -203.285 -33 30 -40.7162 -56.3736 -21.7132 -59.1516 
-16 -203.32 -39 30 -34.3506 -54.1674 -35.6089 -65.7873 
-16 -200.42 -37 30 -37.0397 -54.8976 -31.8023 -63.4267 
-10 -201.664 -36 30 -37.9891 -56.4661 -32.4853 -61.1327 
-4 -199.488 -33 29 -41.4519 -56.4981 -28.1077 -60.461 
-16 -197.964 -37 29 -39.4065 -55.0165 -33.4725 -64.4338 
-6 -205.71 -36 29 -36.8874 -52.6451 -29.4743 -63.9638 
-10 -197.875 -34 29 -41.1967 -56.4575 -28.3453 -60.5675 
-4 -204.313 -35 30 -41.0687 -56.3736 -28.9032 -59.1516 
-4 -205.761 -33 30 -37.2296 -53.8785 -22.9584 -57.8119 
-10 -200.817 -38 31 -37.4129 -56.8247 -38.6557 -68.3555 
-19 -195.576 -36 30 -36.7198 -56.082 -33.1002 -63.9728 
0 -206.716 -34 30 -37.6366 -56.4661 -25.2953 -61.1327 
-16 -200.965 -38 30 -36.3444 -54.1863 -34.6455 -65.7385 
-4 -203.466 -37 31 -40.4925 -56.7321 -35.0736 -66.3744 
0 -204.971 -34 30 -39.0286 -55.901 -27.0644 -62.9344 
-13 -198.225 -35 30 -39.7994 -55.9895 -29.518 -61.9918 
-21 -196.092 -35 30 -37.8984 -55.5565 -27.3551 -59.8334 
-4 -207.856 -33 30 -34.6107 -51.3348 -22.9213 -57.8761 
-20 -197.338 -37 30 -36.3182 -50.2833 -35.9583 -66.4889 
-10 -200.941 -34 30 -36.3572 -55.6491 -26.2459 -61.8145 
-4 -203.589 -33 30 -39.4368 -55.5565 -22.6638 -59.8334 
-10 -205.321 -36 30 -35.7548 -55.5565 -28.0483 -59.8334 
FEATURES_TXT_END_0
FEATURES_TXT_BEGIN_0 88 100 8 Distortion0_0 LM0_0 WordPenalty0_0 PhrasePenalty0_0 TranslationModel0_0 TranslationModel0_1 TranslationModel0_2 TranslationModel0_3 
-48 -256.153 -51 44 -72.3548 -95.6011 -43.3492 -87.9118 
-48 -254.124 -50 44 -72.8459 -97.5959 -41.5914 -87.2956 
-42 -259.963 -51 44 -72.3548 -95.6011 -43.3492 -87.9118 
-56 -254.922 -54 43 -70.5524 -96.1696 -44.8264 -93.2874 
-42 -257.935 -50 44 -72.8459 -97.5959 -41.5914 -87.2956 
-56 -252.893 -53 43 -71.0434 -98.1644 -43.0686 -92.6712 
-48 -256.269 -51 44 -73.6342 -96.4182 -42.3986 -87.23 
-48 -254.24 -50 44 -74.1253 -98.413 -40.6408 -86.6138 
-48 -256.453 -51 44 -71.4554 -94.7371 -44.0424 -89.1222 
-48 -254.425 -50 44 -71.9464 -96.7319 -42.2845 -88.506 
-48 -261.653 -53 46 -74.9711 -92.1697 -42.6914 -88.6486 
-48 -259.624 -52 46 -75.4622 -94.1645 -40.9335 -88.0324 
-50 -258.732 -54 43 -70.5524 -96.1696 -44.8264 -93.2874 
-50 -256.703 -53 43 -71.0434 -98.1644 -43.0686 -92.6712 
-42 -261.819 -52 45 -70.4516 -96.0659 -43.7125 -91.0553 
-42 -259.79 -51 45 -70.9427 -98.0606 -41.9546 -90.4391 
-42 -260.079 -51 44 -73.6342 -96.4182 -42.3986 -87.23 
-56 -255.038 -54 43 -71.8318 -96.9867 -43.8758 -92.6057 
-42 -258.051 -50 44 -74.1253 -98.413 -40.6408 -86.6138 
-56 -253.009 -53 43 -72.3228 -98.9814 -42.118 -91.9895 
-42 -260.264 -51 44 -71.4554 -94.7371 -44.0424 -89.1222 
-42 -258.235 -50 44 -71.9464 -96.7319 -42.2845 -88.506 
-48 -256.048 -51 44 -72.4506 -94.9638 -44.8156 -88.7255 
-48 -254.019 -50 44 -72.9417 -96.9585 -43.0577 -88.1093 
-42 -265.463 -53 46 -74.9711 -92.1697 -42.6914 -88.6486 
-56 -260.422 -56 45 -73.1686 -92.7382 -44.1686 -94.0243 
-42 -263.435 -52 46 -75.4622 -94.1645 -40.9335 -88.0324 
-56 -258.393 -55 45 -73.6597 -94.733 -42.4107 -93.4081 
-54 -254.705 -51 44 -69.6012 -93.5643 -44.9587 -87.3364 
-56 -254.562 -53 44 -72.7662 -96.0186 -44.0024 -90.0382 
-48 -256.569 -51 44 -72.7347 -95.5542 -43.0918 -88.4404 
-56 -252.533 -52 44 -73.2573 -98.0134 -42.2445 -89.422 
-48 -254.541 -50 44 -73.2258 -97.549 -41.3339 -87.8242 
-42 -263.177 -52 45 -69.6364 -95.0517 -43.6987 -90.0094 
-50 -260.588 -55 44 -68.6492 -96.6343 -45.1897 -96.4309 
-42 -261.148 -51 45 -70.1275 -97.0465 -41.9408 -89.3932 
-54 -251.221 -50 44 -72.8459 -97.5959 -41.5914 -87.2956 
-44 -259.503 -51 44 -72.1528 -97.5959 -41.5914 -87.2956 
-52 -254.476 -51 44 -72.3548 -95.6011 -43.3492 -87.9118 
-50 -258.559 -54 44 -69.1403 -98.6291 -43.4318 -95.8147 
-50 -258.848 -54 43 -71.8318 -96.9867 -43.8758 -92.6057 
-52 -252.447 -50 44 -72.8459 -97.5959 -41.5914 -87.2956 
-50 -256.819 -53 43 -72.3228 -98.9814 -42.118 -91.9895 
-56 -251.495 -53 43 -70.6435 -100.656 -41.1823 -97.2648 
-48 -261.953 -53 46 -74.0716 -91.3057 -43.3845 -89.859 
-56 -249.467 -52 43 -71.1346 -102.65 -39.4244 -96.6486 
-44 -259.511 -52 44 -73.1234 -97.4515 -43.7849 -89.399 
-48 -259.925 -52 46 -74.5627 -93.3005 -41.6267 -89.2429 
-44 -257.482 -51 44 -73.6145 -99.4463 -42.0271 -88.7829 
-42 -261.935 -52 45 -71.731 -96.8829 -42.7619 -90.3735 
-42 -259.859 -51 44 -72.4506 -94.9638 -44.8156 -88.7255 
-56 -254.817 -54 43 -70.6481 -95.5322 -46.2928 -94.1012 
-42 -259.906 -51 45 -72.2221 -98.8777 -41.004 -89.7573 
-42 -257.83 -50 44 -72.9417 -96.9585 -43.0577 -88.1093 
-56 -252.788 -53 43 -71.1392 -97.527 -44.5349 -93.485 
-50 -264.232 -56 45 -73.1686 -92.7382 -44.1686 -94.0243 
-44 -259.2 -51 44 -73.6342 -96.4182 -42.3986 -87.23 
-50 -257.276 -53 44 -72.8678 -96.8953 -45.2723 -90.4724 
-50 -262.203 -55 45 -73.6597 -94.733 -42.4107 -93.4081 
-44 -257.172 -50 44 -74.1253 -98.413 -40.6408 -86.6138 
-42 -262.119 -52 45 -69.5522 -95.2019 -44.4056 -92.2657 
-50 -255.247 -52 44 -73.3589 -98.8901 -43.5145 -89.8562 
-48 -258.516 -51 44 -69.6012 -93.5643 -44.9587 -87.3364 
-50 -258.372 -53 44 -72.7662 -96.0186 -44.0024 -90.0382 
-42 -260.091 -51 45 -70.0432 -97.1966 -42.6478 -91.6495 
-62 -253.474 -54 43 -67.7987 -94.1328 -46.4359 -92.7121 
-42 -260.38 -51 44 -72.7347 -95.5542 -43.0918 -88.4404 
-50 -256.344 -52 44 -73.2573 -98.0134 -42.2445 -89.422 
-42 -258.351 -50 44 -73.2258 -97.549 -41.3339 -87.8242 
-48 -256.164 -51 44 -73.73 -95.7809 -43.865 -88.0438 
-42 -267.319 -54 47 -73.0679 -92.6345 -43.0546 -91.7921 
-48 -254.135 -50 44 -74.2211 -97.7756 -42.1071 -87.4276 
-50 -261.945 -55 44 -67.8339 -95.6202 -45.1759 -95.3851 
-40 -261.663 -52 44 -72.7366 -94.934 -47.68 -89.3736 
-42 -265.29 -53 47 -73.559 -94.6292 -41.2968 -91.1759 
-38 -263.071 -51 44 -72.3548 -95.6011 -43.3492 -87.9118 
-50 -253.204 -50 44 -71.993 -96.9287 -43.2141 -88.7574 
-48 -255.031 -50 44 -72.8459 -97.5959 -41.5914 -87.2956 
-50 -259.916 -54 44 -68.325 -97.615 -43.418 -94.7689 
-40 -259.634 -51 44 -73.2277 -96.9287 -45.9221 -88.7574 
-62 -249.99 -53 43 -71.0434 -98.1644 -43.0686 -92.6712 
-48 -253.066 -50 44 -71.5465 -99.2231 -40.3983 -93.0996 
-38 -261.042 -50 44 -72.8459 -97.5959 -41.5914 -87.2956 
-52 -258.272 -54 43 -70.3503 -98.1644 -43.0686 -92.6712 
-60 -253.245 -54 43 -70.5524 -96.1696 -44.8264 -93.2874 
-48 -256.349 -51 44 -71.5511 -94.0998 -45.5087 -89.9359 
-48 -251.037 -49 44 -72.0376 -101.218 -38.6404 -92.4834 
-54 -254.821 -51 44 -70.8806 -94.3814 -44.0081 -86.6546 
-56 -254.678 -53 44 -74.0456 -96.8357 -43.0518 -89.3564 
-60 -251.216 -53 43 -71.0434 -98.1644 -43.0686 -92.6712 
-48 -254.32 -50 44 -72.0422 -96.0946 -43.7509 -89.3197 
-48 -253.834 -51 44 -76.9374 -98.1759 -43.7849 -88.534 
-56 -252.649 -52 44 -74.5367 -98.8305 -41.2939 -88.7402 
-42 -265.764 -53 46 -74.0716 -91.3057 -43.3845 -89.859 
-48 -253.234 -50 44 -71.697 -99.296 -40.8907 -92.0671 
-48 -251.805 -50 44 -77.4285 -100.171 -42.0271 -87.9178 
-38 -263.321 -52 44 -73.1234 -97.4515 -43.7849 -89.399 
-42 -263.735 -52 46 -74.5627 -93.3005 -41.6267 -89.2429 
-52 -258.28 -55 43 -71.3209 -98.02 -45.2621 -94.7747 
-48 -251.205 -49 44 -72.1881 -101.291 -39.1329 -91.4509 
FEATURES_TXT_END_0
FEATURES_TXT_BEGIN_0 89 100 8 Distortion0_0 LM0_0 WordPenalty0_0 PhrasePenalty0_0 TranslationModel0_0 TranslationModel0_1 TranslationModel0_2 TranslationModel0_3 
-24 -222.63 -39 33 -40.3816 -57.0491 -19.2921 -53.7924 
-26 -226.702 -40 33 -35.7469 -54.2697 -19.2921 -53.6382 
-26 -229.043 -40 33 -33.0797 -52.0665 -19.9853 -52.4486 
-30 -220.88 -39 33 -38.0848 -55.1472 -20.9408 -53.0824 
-30 -221.899 -39 33 -37.9837 -54.8459 -19.2921 -52.6028 
-18 -224.895 -37 32 -38.0539 -55.1472 -19.7667 -51.3453 
-24 -221.781 -38 33 -40.2275 -57.0491 -18.0394 -53.7924 
-24 -222.14 -39 33 -41.1969 -58.0632 -19.3059 -54.8382 
-18 -226.634 -38 32 -38.2363 -55.1472 -20.4598 -51.3453 
-26 -220.547 -38 32 -40.5331 -57.0491 -18.8112 -52.0553 
-24 -225.514 -39 33 -37.7144 -54.8459 -19.9853 -52.6028 
-32 -224.951 -40 33 -33.4501 -52.3678 -20.9408 -52.9282 
-32 -225.97 -40 33 -33.349 -52.0665 -19.2921 -52.4486 
-20 -228.966 -38 32 -33.4192 -52.3678 -19.7667 -51.1912 
-26 -225.852 -39 33 -35.5927 -54.2697 -18.0394 -53.6382 
-26 -226.211 -40 33 -36.5622 -55.2839 -19.3059 -54.6841 
-20 -230.705 -39 32 -33.6015 -52.3678 -20.4598 -51.1912 
-28 -224.618 -39 32 -35.8983 -54.2697 -18.8112 -51.9012 
-24 -223.759 -39 33 -39.1022 -56.232 -20.2427 -54.4741 
-32 -227.293 -40 33 -30.7829 -50.1646 -21.6339 -51.7386 
-32 -228.311 -40 33 -30.6818 -49.8633 -19.9853 -51.2591 
-20 -231.308 -38 32 -30.752 -50.1646 -20.4598 -50.0016 
-26 -228.194 -39 33 -32.9255 -52.0665 -18.7325 -52.4486 
-24 -220.143 -38 32 -41.0396 -57.8299 -22.0693 -52.524 
-26 -228.553 -40 33 -33.8949 -53.0807 -19.9991 -53.4945 
-20 -233.047 -39 32 -30.9343 -50.1646 -21.153 -50.0016 
-28 -226.959 -39 32 -33.2311 -52.0665 -19.5043 -50.7116 
-20 -232.674 -41 33 -35.6599 -54.2697 -20.6784 -53.6382 
-26 -227.83 -40 33 -34.4675 -53.4526 -20.2427 -54.32 
-26 -222.63 -39 33 -40.3816 -57.0491 -19.2921 -53.7924 
-30 -220.39 -39 33 -38.9001 -56.1614 -20.9546 -54.1282 
-30 -221.408 -39 33 -38.799 -55.86 -19.3059 -53.6486 
-18 -224.405 -37 32 -38.8692 -56.1614 -19.7805 -52.3912 
-24 -221.291 -38 33 -41.0427 -58.0632 -18.0532 -54.8382 
-26 -219.697 -37 32 -40.3789 -57.0491 -17.5584 -52.0553 
-30 -223.764 -39 33 -35.4176 -52.944 -21.6339 -51.8928 
-30 -224.783 -39 33 -35.3165 -52.6427 -19.9853 -51.4132 
-24 -224.686 -40 33 -40.5239 -57.0491 -22.2677 -53.7924 
-18 -227.779 -37 32 -35.3867 -52.944 -20.4598 -50.1557 
-24 -224.665 -38 33 -37.5602 -54.8459 -18.7325 -52.6028 
-26 -224.214 -39 32 -36.4049 -55.0506 -22.0693 -52.3698 
-18 -226.144 -38 32 -39.0515 -56.1614 -20.4736 -52.3912 
-26 -220.056 -38 32 -41.3483 -58.0632 -18.825 -53.1012 
-36 -218.268 -40 33 -40.2946 -57.0491 -20.6784 -53.7924 
-24 -225.839 -39 33 -34.1221 -55.5887 -20.9408 -55.2336 
-18 -225.999 -38 32 -37.4132 -55.7951 -21.7126 -53.6196 
-26 -230.172 -40 33 -31.8003 -51.2494 -20.9359 -53.1304 
-24 -225.024 -39 33 -38.5297 -55.86 -19.9991 -53.6486 
-18 -229.518 -38 32 -35.569 -52.944 -21.153 -50.1557 
-26 -223.431 -38 32 -37.8658 -54.8459 -19.5043 -50.8657 
-18 -223.943 -36 32 -38.1804 -55.1472 -19.1476 -51.3453 
-28 -226.702 -40 33 -35.7469 -54.2697 -19.2921 -53.6382 
-24 -227.578 -40 33 -34.3044 -55.5887 -21.6339 -55.2336 
-24 -231.253 -40 33 -33.0797 -52.0665 -19.9853 -52.4486 
-32 -224.461 -40 33 -34.2654 -53.382 -20.9546 -53.9741 
-32 -225.48 -40 33 -34.1643 -53.0807 -19.3059 -53.4945 
-18 -227.738 -39 32 -37.5955 -55.7951 -22.4057 -53.6196 
-30 -222.009 -39 33 -36.8054 -54.3301 -21.8914 -53.7641 
-20 -228.476 -38 32 -34.2345 -53.382 -19.7805 -52.237 
-30 -223.027 -39 33 -36.7043 -54.0288 -20.2427 -53.2846 
-18 -226.82 -37 32 -37.9528 -54.8459 -18.118 -50.8657 
-26 -225.362 -39 33 -36.408 -55.2839 -18.0532 -54.6841 
-24 -220.987 -39 33 -44.2109 -58.9844 -21.28 -53.9053 
-12 -229.764 -38 32 -40.5331 -57.0491 -18.8112 -52.0553 
-28 -223.769 -38 32 -35.7442 -54.2697 -17.5584 -51.9012 
-18 -225.682 -37 32 -38.3627 -55.1472 -19.8408 -51.3453 
-18 -226.024 -37 32 -36.7745 -54.3301 -20.7173 -52.0271 
-24 -222.91 -38 33 -38.9481 -56.232 -18.99 -54.4741 
-26 -226.555 -39 32 -33.7377 -52.8474 -22.7624 -51.1802 
-26 -225.148 -39 33 -37.7144 -54.8459 -19.9853 -52.6028 
-20 -230.215 -39 32 -34.4168 -53.382 -20.4736 -52.237 
-30 -220.627 -39 33 -40.3816 -57.0491 -19.2921 -53.7924 
-28 -224.128 -39 32 -36.7136 -55.2839 -18.825 -52.947 
-26 -229.91 -40 33 -29.4874 -52.8093 -20.9408 -55.0795 
-24 -223.269 -39 33 -39.9175 -57.2462 -20.2565 -55.52 
-18 -227.763 -38 32 -36.9569 -54.3301 -21.4104 -52.0271 
-20 -228.127 -40 33 -40.2946 -57.0491 -20.6784 -53.7924 
-20 -230.071 -39 32 -32.7784 -53.0157 -21.7126 -53.4654 
-26 -225.203 -39 33 -37.7144 -54.8459 -19.9853 -52.6028 
-26 -221.675 -38 32 -39.2537 -56.232 -19.7618 -52.7371 
-28 -229.043 -40 33 -33.0797 -52.0665 -19.9853 -52.4486 
-32 -226.802 -40 33 -31.5981 -51.1788 -21.6477 -52.7845 
-24 -223.197 -39 33 -40.4479 -57.2722 -20.4915 -55.0161 
-32 -227.821 -40 33 -31.497 -50.8774 -19.9991 -52.3049 
-20 -228.014 -37 32 -33.5457 -52.3678 -19.1476 -51.1912 
-24 -226.643 -39 33 -36.435 -54.0288 -20.9359 -53.2846 
-26 -230.924 -41 33 -33.3631 -52.3678 -22.3271 -52.9282 
-20 -230.817 -38 32 -31.5672 -51.1788 -20.4736 -51.0474 
-26 -231.943 -41 33 -33.262 -52.0665 -20.6784 -52.4486 
-26 -231.649 -41 33 -29.6697 -52.8093 -21.6339 -55.0795 
-26 -227.703 -39 33 -33.7408 -53.0807 -18.7463 -53.4945 
-20 -231.81 -40 32 -32.9608 -53.0157 -22.4057 -53.4654 
-28 -226.11 -38 32 -33.0769 -52.0665 -18.2515 -50.7116 
-14 -234.939 -39 32 -33.3322 -52.3678 -21.153 -51.1912 
-20 -231.825 -40 33 -35.5057 -54.2697 -19.4257 -53.6382 
-32 -226.08 -40 33 -32.1707 -51.5507 -21.8914 -53.61 
-32 -227.099 -40 33 -32.0696 -51.2494 -20.2427 -53.1304 
-20 -230.891 -38 32 -33.3181 -52.0665 -18.118 -50.7116 
-32 -220.88 -39 33 -38.0848 -55.1472 -20.9408 -53.0824 
-26 -225.058 -40 33 -39.5761 -56.205 -21.28 -53.7512 
FEATURES_TXT_END_0
FEATURES_TXT_BEGIN_0 90 100 8 Distortion0_0 LM0_0 WordPenalty0_0 PhrasePenalty0_0 TranslationModel0_0 TranslationModel0_1 TranslationModel0_2 TranslationModel0_3 
-46 -322.109 -64 53 -80.5426 -115.927 -57.2072 -120.265 
-46 -316.982 -64 53 -85.3419 -120.519 -58.7759 -122.21 
-46 -324.264 -64 53 -79.5332 -115.085 -55.3955 -118.791 
-52 -317.297 -63 53 -81.4589 -114.324 -57.2072 -119.284 
-40 -325.996 -65 53 -78.9004 -116.513 -58.999 -124.136 
-46 -319.137 -64 53 -84.3325 -119.677 -56.9641 -120.737 
-52 -312.17 -63 53 -86.2582 -118.916 -58.7759 -121.23 
-40 -320.869 -65 53 -83.6997 -121.105 -60.5676 -126.082 
-52 -319.452 -63 53 -80.4495 -113.482 -55.3955 -117.81 
-40 -328.151 -65 53 -77.891 -115.671 -57.1872 -122.662 
-52 -314.325 -63 53 -85.2488 -118.074 -56.9641 -119.756 
-40 -323.024 -65 53 -82.6903 -120.263 -58.7559 -124.608 
-50 -314.925 -64 53 -85.3419 -120.519 -58.7759 -122.21 
-49 -321.631 -63 53 -78.8772 -115.058 -53.9326 -118.859 
-56 -318.416 -63 53 -76.9853 -110.731 -57.2072 -119.371 
-62 -312.284 -62 53 -78.3716 -110.731 -57.2072 -119.371 
-49 -316.504 -63 53 -83.6765 -119.65 -55.5013 -120.805 
-50 -317.08 -64 53 -84.3325 -119.677 -56.9641 -120.737 
-56 -313.289 -63 53 -81.7847 -115.323 -58.7759 -121.317 
-44 -326.668 -65 53 -74.1297 -113.123 -58.999 -125.522 
-56 -310.113 -63 53 -86.2582 -118.916 -58.7758 -121.23 
-44 -318.811 -65 53 -83.6997 -121.105 -60.5676 -126.082 
-48 -322.038 -63 54 -78.5029 -114.241 -56.1057 -119.54 
-44 -321.541 -65 53 -78.929 -117.715 -60.5676 -127.468 
-49 -323.786 -63 53 -77.8678 -114.216 -52.1209 -117.385 
-48 -316.91 -63 54 -83.3022 -118.833 -57.6743 -121.486 
-46 -325.521 -65 53 -74.1297 -113.123 -58.999 -125.522 
-56 -320.571 -63 53 -75.9759 -109.89 -55.3955 -117.897 
-55 -316.819 -62 53 -79.7935 -113.455 -53.9326 -117.878 
-43 -325.518 -64 53 -77.235 -115.644 -55.7244 -122.73 
-62 -314.439 -62 53 -77.3622 -109.89 -55.3955 -117.897 
-49 -318.659 -63 53 -82.6671 -118.808 -53.6895 -119.331 
-46 -320.394 -65 53 -78.929 -117.715 -60.5676 -127.468 
-46 -320.52 -64 53 -82.208 -116.796 -58.6901 -121.67 
-56 -315.444 -63 53 -80.7752 -114.482 -56.9641 -119.843 
-55 -311.692 -62 53 -84.5928 -118.047 -55.5013 -119.824 
-44 -328.823 -65 53 -73.1203 -112.282 -57.1872 -124.048 
-56 -312.268 -63 53 -85.2488 -118.074 -56.9641 -119.756 
-43 -320.391 -64 53 -82.0343 -120.236 -57.293 -124.676 
-46 -324.88 -64 53 -78.8772 -115.058 -55.7244 -118.859 
-54 -314.191 -64 53 -85.2547 -116.53 -60.9914 -120.466 
-44 -320.967 -65 53 -82.6903 -120.263 -58.7559 -124.608 
-48 -324.193 -63 54 -77.4935 -113.399 -54.2939 -118.067 
-46 -320.169 -63 53 -81.9289 -115.927 -57.2072 -120.265 
-46 -315.393 -64 53 -87.0073 -121.388 -60.2587 -123.616 
-44 -323.696 -65 53 -77.9196 -116.874 -58.7559 -125.994 
-54 -317.225 -62 54 -79.4192 -112.638 -56.1057 -118.56 
-42 -325.924 -64 54 -76.8607 -114.827 -57.8974 -123.412 
-46 -319.753 -64 53 -83.6765 -119.65 -57.293 -120.805 
-54 -309.064 -64 53 -90.054 -121.122 -62.56 -122.412 
-48 -319.066 -63 54 -82.2928 -117.991 -55.8625 -120.013 
-46 -327.676 -65 53 -73.1203 -112.282 -57.1872 -124.048 
-46 -322.021 -63 53 -80.6807 -115.927 -53.9114 -120.265 
-55 -318.974 -62 53 -78.7841 -112.613 -52.1209 -116.404 
-54 -312.098 -62 54 -84.2185 -117.23 -57.6743 -120.506 
-43 -327.673 -64 53 -76.2256 -114.802 -53.9126 -121.256 
-42 -320.797 -64 54 -81.66 -119.419 -59.466 -125.358 
-46 -324.987 -65 53 -75.6636 -115.825 -57.9004 -124.039 
-46 -322.549 -65 53 -77.9196 -116.874 -58.7559 -125.994 
-46 -322.676 -64 53 -81.1986 -115.954 -56.8783 -120.197 
-46 -316.894 -63 53 -85.4801 -120.519 -55.48 -122.21 
-55 -313.847 -62 53 -83.5834 -117.205 -53.6895 -118.35 
-43 -322.546 -64 53 -81.0249 -119.394 -55.4813 -123.202 
-52 -315.708 -63 53 -83.1243 -115.193 -58.6901 -120.69 
-46 -327.035 -64 53 -77.8678 -114.216 -53.9126 -117.385 
-46 -319.86 -65 53 -80.4629 -120.417 -59.469 -125.985 
-40 -324.407 -65 53 -80.5657 -117.382 -60.4818 -125.542 
-46 -322.325 -63 53 -80.9195 -115.085 -55.3955 -118.791 
-46 -317.549 -64 53 -85.9979 -120.546 -58.4469 -122.143 
-52 -320.068 -63 53 -79.7935 -113.455 -55.7244 -117.878 
-60 -309.379 -63 53 -86.171 -114.927 -60.9914 -119.485 
-54 -319.381 -62 54 -78.4098 -111.796 -54.2939 -117.086 
-40 -328.767 -65 53 -77.235 -115.644 -57.5162 -122.73 
-48 -318.078 -65 53 -83.6125 -117.116 -62.7832 -124.337 
-52 -315.357 -62 53 -82.8452 -114.324 -57.2072 -119.284 
-52 -310.581 -63 53 -87.9236 -119.785 -60.2587 -122.635 
-42 -328.079 -64 54 -75.8513 -113.985 -56.0857 -121.938 
-46 -321.908 -64 53 -82.6671 -118.808 -55.4813 -119.331 
-40 -324.056 -64 53 -80.2867 -116.513 -58.999 -124.136 
-40 -319.28 -65 53 -85.3651 -121.974 -62.0504 -127.487 
-46 -324.176 -63 53 -79.6713 -115.085 -52.0996 -118.791 
-52 -314.941 -63 53 -84.5928 -118.047 -57.293 -119.824 
-60 -304.252 -63 53 -90.9703 -119.519 -62.56 -121.431 
-54 -314.254 -62 54 -83.2091 -116.388 -55.8625 -119.032 
-40 -323.64 -65 53 -82.0343 -120.236 -59.0848 -124.676 
-48 -312.951 -65 53 -88.4118 -121.708 -64.3518 -126.283 
-52 -317.209 -62 53 -81.597 -114.324 -53.9114 -119.284 
-42 -322.952 -64 54 -80.6506 -118.577 -57.6543 -123.884 
-46 -327.142 -65 53 -74.6542 -114.984 -56.0886 -122.565 
-40 -325.908 -64 53 -79.0385 -116.513 -55.7032 -124.136 
-46 -319.049 -63 53 -84.4706 -119.677 -53.6683 -120.737 
-46 -325.254 -64 53 -77.5978 -114.241 -56.675 -119.54 
-52 -320.175 -64 53 -76.5799 -114.222 -57.9004 -123.058 
-52 -317.863 -63 53 -82.1148 -114.351 -56.8783 -119.216 
-40 -328.874 -66 53 -74.0214 -116.411 -59.6921 -127.91 
-52 -312.082 -62 53 -86.3963 -118.916 -55.48 -121.23 
-46 -322.015 -65 53 -79.4535 -119.576 -57.6572 -124.511 
-40 -326.562 -65 53 -79.5563 -116.54 -58.6701 -124.068 
-40 -320.781 -64 53 -83.8378 -121.105 -57.2718 -126.082 
-53 -314.447 -63 53 -83.6765 -119.65 -55.5013 -120.805 
FEATURES_TXT_END_0
FEATURES_TXT_BEGIN_0 91 97 8 Distortion0_0 LM0_0 WordPenalty0_0 PhrasePenalty0_0 TranslationModel0_0 TranslationModel0_1 TranslationModel0_2 TranslationModel0_3 
-16 -288.336 -59 45 -71.729 -98.2362 -43.2398 -98.8022 
-16 -287.777 -58 45 -71.6984 -98.2362 -40.048 -98.8022 
-24 -283.838 -59 45 -72.0655 -98.1626 -43.2398 -98.2914 
-16 -288.839 -60 45 -72.0509 -98.2362 -47.238 -98.8022 
-16 -291.511 -60 46 -70.1947 -97.46 -43.1969 -99.8706 
-24 -282.068 -58 44 -72.1853 -98.8592 -42.0739 -97.2154 
-24 -283.279 -58 45 -72.0349 -98.1626 -40.048 -98.2914 
-16 -288.446 -59 45 -73.1036 -98.25 -43.463 -97.8191 
-16 -287.129 -57 44 -74.3232 -96.655 -38.8229 -95.1264 
-16 -288.279 -59 45 -72.0203 -98.2362 -44.0462 -98.8022 
-16 -287.41 -58 45 -73.8744 -98.3979 -41.394 -96.6529 
-16 -290.952 -59 46 -70.1641 -97.46 -40.0051 -99.8706 
-24 -282.332 -58 44 -72.5217 -98.7856 -42.0739 -96.7046 
-24 -284.341 -60 45 -72.3874 -98.1626 -47.238 -98.2914 
-24 -287.013 -60 46 -70.5311 -97.3864 -43.1969 -99.3598 
-32 -277.57 -58 44 -72.5217 -98.7856 -42.0739 -96.7046 
-12 -294.177 -59 45 -64.7803 -97.2654 -42.1412 -100.427 
-16 -292.014 -61 46 -70.5166 -97.46 -47.1951 -99.8706 
-24 -283.415 -59 45 -74.5328 -98.3243 -45.3922 -96.1421 
-16 -288.744 -59 45 -71.3925 -98.3098 -43.2398 -99.313 
-16 -287.886 -58 45 -73.073 -98.25 -40.2711 -97.8191 
-16 -286.57 -56 44 -74.2925 -96.655 -35.631 -95.1264 
-24 -285.243 -59 45 -70.6509 -98.083 -42.031 -98.2838 
-16 -284.117 -59 47 -76.9958 -100.307 -47.7472 -100.876 
-16 -286.851 -57 45 -73.8438 -98.3979 -38.2022 -96.6529 
-24 -283.948 -59 45 -73.4401 -98.1763 -43.463 -97.3083 
-24 -282.632 -57 44 -74.6596 -96.5814 -38.8229 -94.6156 
-18 -289.821 -59 45 -69.5372 -97.4988 -42.1274 -97.5893 
-24 -283.782 -59 45 -72.3568 -98.1626 -44.0462 -98.2914 
-16 -288.948 -60 45 -73.4255 -98.25 -47.4612 -97.8191 
-16 -287.632 -58 44 -74.6451 -96.655 -42.8211 -95.1264 
-24 -282.913 -58 45 -74.2109 -98.3243 -41.394 -96.1421 
-24 -286.454 -59 46 -70.5005 -97.3864 -40.0051 -99.3598 
-16 -285.935 -58 44 -74.8658 -98.282 -43.2537 -97.1474 
-12 -295.49 -59 45 -65.8789 -94.9206 -42.1412 -98.7222 
-16 -291.621 -60 46 -71.5693 -97.4738 -43.4201 -98.8875 
-16 -290.305 -58 45 -72.7888 -95.8788 -38.78 -96.1948 
-24 -282.178 -58 44 -73.5599 -98.873 -42.297 -96.2323 
-24 -280.861 -56 43 -74.7794 -97.278 -37.6569 -93.5396 
-16 -287.913 -59 45 -74.1963 -98.3979 -45.3922 -96.6529 
-32 -277.835 -58 44 -72.8582 -98.712 -42.0739 -96.1937 
-12 -293.618 -58 45 -64.7497 -97.2654 -38.9494 -100.427 
-16 -291.454 -60 46 -70.486 -97.46 -44.0033 -99.8706 
-32 -276.364 -56 43 -75.1159 -97.2044 -37.6569 -93.0288 
-16 -285.953 -58 46 -76.5078 -97.9089 -44.8915 -96.2703 
-16 -288.184 -58 45 -71.3619 -98.3098 -40.048 -99.313 
-16 -290.585 -59 46 -72.3401 -97.6218 -41.3511 -97.7213 
-24 -281.142 -57 44 -74.3307 -99.021 -40.2281 -95.0661 
-24 -285.507 -59 45 -70.9874 -98.0094 -42.031 -97.773 
-22 -287.673 -58 45 -64.7497 -97.2654 -38.9494 -100.427 
-24 -287.516 -61 46 -70.853 -97.3864 -47.1951 -99.3598 
-24 -281.407 -57 44 -74.6671 -98.9473 -40.2281 -94.5552 
-16 -290.481 -58 45 -71.1863 -96.6092 -38.809 -96.7813 
-16 -283.557 -58 47 -76.9652 -100.307 -44.5554 -100.876 
-24 -284.246 -59 45 -71.729 -98.2362 -43.2398 -98.8022 
-12 -294.68 -60 45 -65.1022 -97.2654 -46.1394 -100.427 
-24 -283.388 -58 45 -73.4095 -98.1763 -40.2711 -97.3083 
-24 -282.072 -56 44 -74.629 -96.5814 -35.631 -94.6156 
-24 -279.596 -57 45 -77.3006 -98.4583 -43.7256 -94.1726 
-16 -292.517 -62 46 -70.8385 -97.46 -51.1933 -99.8706 
-32 -280.745 -59 45 -70.9874 -98.0094 -42.031 -97.773 
-18 -289.261 -58 45 -69.5066 -97.4988 -38.9356 -97.5893 
-16 -289.246 -60 45 -71.7144 -98.3098 -47.238 -99.313 
-16 -288.389 -59 45 -73.3949 -98.25 -44.2693 -97.8191 
-16 -287.073 -57 44 -74.6144 -96.655 -39.6292 -95.1264 
-16 -285.223 -58 45 -75.5276 -100.171 -42.0359 -98.9152 
-12 -297.352 -60 46 -63.246 -96.4892 -42.0983 -101.495 
-20 -287.909 -58 44 -65.2366 -97.8884 -40.9753 -98.8401 
-24 -279.619 -59 47 -77.3323 -100.233 -47.7472 -100.365 
-24 -282.353 -57 45 -74.1803 -98.3243 -38.2022 -96.1421 
-24 -285.746 -60 45 -70.9728 -98.083 -46.0292 -98.2838 
-16 -287.52 -58 45 -75.249 -98.4117 -41.6172 -95.6698 
-16 -286.204 -56 44 -76.4685 -96.8167 -36.977 -92.9771 
-16 -285.376 -57 44 -74.8352 -98.282 -40.0618 -97.1474 
-12 -294.931 -58 45 -65.8483 -94.9206 -38.9494 -98.7222 
-16 -291.919 -60 46 -69.8582 -97.5336 -43.1969 -100.381 
-16 -291.061 -59 46 -71.5387 -97.4738 -40.2282 -98.8875 
-16 -289.745 -57 45 -72.7582 -95.8788 -35.5881 -96.1948 
-22 -287.62 -59 45 -66.6457 -95.1581 -44.8895 -100.048 
-16 -284.619 -60 47 -77.3177 -100.307 -51.7454 -100.876 
-16 -287.354 -58 45 -74.1657 -98.3979 -42.2004 -96.6529 
-22 -289.661 -59 45 -65.8789 -94.9206 -42.1412 -98.7222 
-24 -282.442 -58 44 -73.8963 -98.7994 -42.297 -95.7215 
-24 -281.126 -56 43 -75.1159 -97.2044 -37.6569 -93.0288 
-28 -283.316 -58 45 -69.5066 -97.4988 -38.9356 -97.5893 
-24 -284.451 -60 45 -73.762 -98.1763 -47.4612 -97.3083 
-24 -283.134 -58 44 -74.9815 -96.5814 -42.8211 -94.6156 
-16 -285.393 -57 46 -76.4772 -97.9089 -41.6997 -96.2703 
-24 -285.613 -60 45 -70.2883 -98.9398 -43.2398 -101.372 
-16 -287.292 -60 48 -75.4614 -99.5308 -47.7043 -101.944 
-16 -290.026 -58 46 -72.3095 -97.6218 -38.1592 -97.7213 
-18 -290.323 -60 45 -69.8591 -97.4988 -46.1256 -97.5893 
-24 -281.437 -58 44 -75.2023 -98.2084 -43.2537 -96.6366 
-22 -288.986 -58 45 -65.8483 -94.9206 -38.9494 -98.7222 
-24 -287.123 -60 46 -71.9057 -97.4002 -43.4201 -98.3767 
-24 -285.807 -58 45 -73.1253 -95.8052 -38.78 -95.684 
-32 -277.68 -58 44 -73.8963 -98.7994 -42.297 -95.7215 
FEATURES_TXT_END_0
FEATURES_TXT_BEGIN_0 92 100 8 Distortion0_0 LM0_0 WordPenalty0_0 PhrasePenalty0_0 TranslationModel0_0 TranslationModel0_1 TranslationModel0_2 TranslationModel0_3 
-9 -208.799 -35 26 -39.0004 -53.5001 -19.562 -46.9984 
-9 -209.349 -36 26 -38.2055 -53.8622 -21.3538 -49.2727 
-9 -208.121 -34 26 -39.3404 -52.8522 -19.1566 -44.7241 
-9 -207.614 -35 27 -41.4534 -54.8338 -21.2506 -46.7871 
-9 -208.165 -36 27 -40.6585 -55.1959 -23.0424 -49.0614 
-13 -203.098 -36 27 -44.3757 -56.4668 -25.9164 -47.8857 
-13 -203.649 -37 27 -43.5807 -56.829 -27.7082 -50.16 
-9 -208.772 -35 27 -40.3697 -53.9888 -20.9141 -46.2207 
-9 -209.323 -36 27 -39.5748 -54.351 -22.7059 -48.495 
-9 -208.679 -35 26 -40.0565 -53.9368 -19.562 -47.2216 
-9 -209.229 -36 26 -39.2615 -54.2989 -21.3538 -49.4958 
-9 -206.936 -34 27 -41.7935 -54.1859 -20.8451 -44.5128 
-13 -202.42 -35 27 -44.7157 -55.8189 -25.5109 -45.6115 
-9 -208.094 -34 27 -40.7098 -53.341 -20.5087 -43.9464 
-9 -208.001 -34 26 -40.3965 -53.2889 -19.1566 -44.9473 
-9 -209.712 -35 27 -39.9178 -53.2031 -20.4622 -46.003 
-9 -210.263 -36 27 -39.1228 -53.5653 -22.2539 -48.2773 
-13 -209.662 -35 26 -35.3232 -52.1162 -18.6458 -46.8829 
-13 -210.213 -36 26 -34.5283 -52.4783 -20.4375 -49.1572 
-9 -209.034 -34 27 -40.2578 -52.5553 -20.0567 -43.7287 
-13 -208.985 -34 26 -35.6633 -51.4683 -18.2403 -44.6086 
-9 -206.707 -34 26 -41.8336 -53.5001 -19.562 -46.9984 
-9 -207.257 -35 26 -41.0387 -53.8622 -21.3538 -49.2727 
-9 -207.494 -35 27 -42.5095 -55.2705 -21.2506 -47.0103 
-9 -208.045 -36 27 -41.7146 -55.6327 -23.0424 -49.2845 
-13 -202.978 -36 27 -45.4317 -56.9035 -25.9164 -48.1089 
-13 -203.529 -37 27 -44.6368 -57.2657 -27.7082 -50.3832 
-9 -208.652 -35 27 -41.4258 -54.4256 -20.9141 -46.4439 
-9 -209.203 -36 27 -40.6309 -54.7877 -22.7059 -48.7181 
-9 -207.502 -35 27 -40.8116 -55.2972 -22.1669 -47.8857 
-9 -208.053 -36 27 -40.0167 -55.6593 -23.9587 -50.16 
-9 -206.029 -33 26 -42.1737 -52.8522 -19.1566 -44.7241 
-9 -206.816 -34 27 -42.8495 -54.6226 -20.8451 -44.736 
-13 -202.3 -35 27 -45.7718 -56.2556 -25.5109 -45.8346 
-9 -207.974 -34 27 -41.7658 -53.7777 -20.5087 -44.1696 
-9 -206.825 -34 27 -41.1516 -54.6493 -21.7614 -45.6114 
-9 -209.592 -35 27 -40.9738 -53.6399 -20.4622 -46.2261 
-13 -209.075 -35 26 -38.7158 -53.2088 -17.0363 -46.6338 
-9 -210.143 -36 27 -40.1789 -54.002 -22.2539 -48.5004 
-13 -209.625 -36 26 -37.9208 -53.5709 -18.8281 -48.9081 
-9 -210.261 -35 26 -37.842 -53.9798 -19.3877 -47.5035 
-9 -210.812 -36 26 -37.0471 -54.342 -21.1794 -49.7778 
-11 -211.534 -37 27 -38.1436 -53.0861 -21.9918 -50.3411 
-13 -208.477 -35 27 -37.7763 -53.4499 -20.3343 -46.6716 
-13 -209.028 -36 27 -36.9813 -53.8121 -22.1261 -48.9459 
-17 -203.961 -36 27 -40.6985 -55.0829 -25.0001 -47.7702 
-17 -204.512 -37 27 -39.9036 -55.4451 -26.7919 -50.0445 
-13 -209.635 -35 27 -36.6926 -52.605 -19.9979 -46.1052 
-13 -210.186 -36 27 -35.8976 -52.9671 -21.7896 -48.3795 
-3 -213.79 -35 26 -39.0004 -53.5 -19.562 -46.9984 
-13 -209.542 -35 26 -36.3793 -52.5529 -18.6458 -47.1061 
-13 -210.093 -36 26 -35.5843 -52.915 -20.4375 -49.3803 
-9 -206.704 -35 27 -41.0347 -55.7989 -22.8601 -49.1385 
-9 -208.914 -34 27 -41.3139 -52.992 -20.0567 -43.9519 
-13 -208.397 -34 26 -39.0558 -52.5609 -16.6308 -44.3595 
-9 -207.255 -36 27 -40.2398 -56.161 -24.6518 -51.4128 
-9 -209.583 -34 26 -38.1821 -53.332 -18.9822 -45.2292 
-13 -207.8 -34 27 -38.1163 -52.802 -19.9289 -44.3973 
-3 -210.514 -34 26 -41.0798 -55.9246 -19.562 -45.8998 
-15 -206.676 -35 26 -39.0004 -53.5001 -19.562 -46.9984 
-15 -207.227 -36 26 -38.2055 -53.8622 -21.3538 -49.2727 
-17 -203.284 -35 27 -41.0385 -54.435 -24.5947 -45.4959 
-13 -210.077 -35 26 -36.6978 -52.1299 -18.8689 -45.8998 
-13 -210.628 -36 26 -35.9029 -52.4921 -20.6607 -48.1741 
-13 -208.958 -34 27 -37.0326 -51.9571 -19.5924 -43.8309 
-13 -208.864 -34 26 -36.7193 -51.905 -18.2403 -44.8318 
-9 -206.027 -34 27 -41.3748 -55.151 -22.4546 -46.8642 
-13 -212.86 -36 27 -33.9794 -51.5805 -19.2184 -47.9975 
-13 -210.575 -35 27 -36.2406 -51.8193 -19.5459 -45.8875 
-13 -213.41 -37 27 -33.1844 -51.9427 -21.0101 -50.2717 
-13 -211.126 -36 27 -35.4457 -52.1814 -21.3376 -48.1618 
-9 -205.522 -34 27 -44.2866 -54.8338 -21.2506 -46.7871 
-9 -206.073 -35 27 -43.4917 -55.1959 -23.0424 -49.0614 
-13 -201.006 -35 27 -47.2089 -56.4668 -25.9164 -47.8857 
-13 -201.557 -36 27 -46.414 -56.829 -27.7082 -50.16 
-9 -206.68 -34 27 -43.203 -53.9888 -20.9141 -46.2207 
-9 -207.231 -35 27 -42.408 -54.351 -22.7059 -48.495 
-15 -205.999 -34 26 -39.3404 -52.8522 -19.1566 -44.7241 
-9 -206.587 -34 26 -42.8897 -53.9368 -19.562 -47.2216 
-9 -207.137 -35 26 -42.0947 -54.2989 -21.3538 -49.4958 
-13 -206.357 -36 27 -40.7922 -55.2972 -25.2233 -47.8857 
-13 -206.908 -37 27 -39.9972 -55.6593 -27.015 -50.16 
-13 -209.399 -34 26 -37.0379 -51.4821 -18.4634 -43.6255 
-9 -210.646 -36 27 -40.3503 -53.9888 -23.9705 -46.2207 
-9 -211.197 -37 27 -39.5554 -54.351 -25.7623 -48.495 
-13 -212.182 -35 27 -34.3194 -50.9327 -18.8129 -45.7232 
-13 -209.898 -34 27 -36.5806 -51.1714 -19.1404 -43.6132 
-9 -204.844 -33 27 -44.6267 -54.1859 -20.8451 -44.5128 
-13 -200.328 -34 27 -47.5489 -55.8189 -25.5109 -45.6115 
-9 -207.382 -35 27 -41.8676 -55.7339 -22.1669 -48.1089 
-9 -207.933 -36 27 -41.0727 -56.0961 -23.9587 -50.3831 
-9 -206.002 -33 27 -43.543 -53.341 -20.5087 -43.9464 
-11 -207.614 -35 27 -41.4534 -54.8338 -21.2506 -46.7871 
-11 -208.165 -36 27 -40.6585 -55.1959 -23.0424 -49.0614 
-15 -203.098 -36 27 -44.3757 -56.4668 -25.9164 -47.8857 
-9 -205.909 -33 26 -43.2297 -53.2889 -19.1566 -44.9473 
-15 -203.649 -37 27 -43.5807 -56.829 -27.7082 -50.16 
-9 -209.72 -34 27 -38.849 -52.8469 -18.6931 -46.7107 
-13 -205.679 -35 27 -41.1322 -54.6493 -24.8178 -45.6115 
-9 -210.271 -35 27 -38.054 -53.2091 -20.4848 -48.985 
FEATURES_TXT_END_0
FEATURES_TXT_BEGIN_0 93 100 8 Distortion0_0 LM0_0 WordPenalty0_0 PhrasePenalty0_0 TranslationModel0_0 TranslationModel0_1 TranslationModel0_2 TranslationModel0_3 
-28 -262.147 -49 40 -72.269 -94.3992 -34.4384 -102.645 
-28 -260.634 -49 40 -73.8737 -95.4772 -34.8904 -103.529 
-28 -260.008 -48 40 -72.9622 -94.3992 -34.4384 -102.645 
-24 -264.409 -48 40 -72.0867 -92.8646 -33.0521 -101.575 
-28 -258.495 -48 40 -74.5668 -95.4772 -34.8904 -103.529 
-28 -262.031 -48 40 -72.7799 -93.3659 -33.0521 -100.476 
-28 -258.962 -48 40 -76.0831 -95.1236 -34.4384 -101.78 
-24 -262.896 -48 40 -73.6914 -93.9427 -33.5041 -102.459 
-28 -260.519 -48 40 -74.3845 -94.4439 -33.5041 -101.36 
-28 -257.449 -48 40 -77.6877 -96.2016 -34.8904 -102.664 
-24 -264.938 -49 40 -72.269 -94.3992 -34.4384 -102.645 
-28 -264.224 -49 40 -70.8827 -93.2029 -33.3398 -102.22 
-28 -261.895 -49 41 -73.4663 -96.4572 -33.9643 -102.594 
-34 -256.169 -50 41 -77.1595 -96.4418 -38.9558 -104.345 
-24 -263.425 -49 40 -73.8737 -95.4772 -34.8904 -103.529 
-28 -260.035 -49 40 -74.3753 -96.7541 -35.537 -103.59 
-28 -263.527 -48 39 -70.3925 -93.2777 -31.895 -100.013 
-24 -264.58 -48 40 -72.0867 -93.0136 -33.7453 -101.105 
-24 -262.799 -48 40 -72.9622 -94.3992 -34.4384 -102.645 
-28 -262.711 -49 40 -72.4874 -94.2809 -33.7918 -103.105 
-28 -260.382 -49 41 -75.071 -97.5352 -34.4163 -103.478 
-28 -265.5 -50 40 -70.8827 -94.1023 -35.1315 -101.65 
-28 -262.085 -48 40 -71.5759 -93.2029 -33.3398 -102.22 
-34 -254.656 -50 41 -78.7642 -97.5198 -39.4078 -105.229 
-28 -259.756 -48 41 -74.1594 -96.4572 -33.9643 -102.594 
-20 -264.926 -49 40 -74.3753 -96.7541 -35.537 -103.59 
-28 -258.522 -49 40 -75.98 -97.8322 -35.989 -104.474 
-28 -262.258 -48 40 -72.0867 -93.0136 -33.7453 -101.105 
-28 -262.014 -48 39 -71.9972 -94.3558 -32.347 -100.897 
-24 -263.067 -48 40 -73.6914 -94.0917 -34.1972 -101.989 
-34 -254.03 -49 41 -77.8527 -96.4418 -38.9558 -104.345 
-24 -261.286 -48 40 -74.5668 -95.4772 -34.8904 -103.529 
-28 -257.896 -48 40 -75.0684 -96.7541 -35.537 -103.59 
-24 -266.486 -48 40 -70.7004 -91.6683 -31.9535 -101.15 
-24 -264.157 -48 41 -73.284 -94.9226 -32.578 -101.524 
-24 -264.822 -48 40 -72.7799 -93.3659 -33.0521 -100.476 
-28 -261.388 -47 39 -71.0857 -93.2777 -31.895 -100.013 
-28 -263.988 -50 40 -72.4874 -95.1803 -35.5835 -102.534 
-28 -260.572 -48 40 -73.1805 -94.2809 -33.7918 -103.105 
-28 -258.243 -48 41 -75.7641 -97.5352 -34.4163 -103.478 
-34 -256.36 -50 41 -77.1595 -96.4418 -38.9558 -104.345 
-19 -265.502 -48 40 -73.5014 -95.4265 -33.0521 -103.567 
-30 -258.431 -49 41 -76.9772 -94.9072 -37.5695 -103.275 
-20 -263.413 -49 40 -75.98 -97.8322 -35.989 -104.474 
-24 -261.753 -48 40 -76.0831 -95.1236 -34.4384 -101.78 
-24 -262.297 -48 40 -74.193 -95.2196 -34.1507 -102.519 
-28 -260.745 -48 40 -73.6914 -94.0917 -34.1972 -101.989 
-28 -264.109 -48 40 -71.3936 -92.1696 -31.9535 -100.051 
-28 -261.779 -48 41 -73.9771 -95.4239 -32.578 -100.425 
-28 -263.362 -49 40 -71.5759 -94.1023 -35.1315 -101.65 
-24 -265.789 -47 39 -70.2102 -91.7431 -30.5088 -98.9422 
-34 -252.518 -49 41 -79.4573 -97.5198 -39.4078 -105.229 
-20 -262.787 -48 40 -75.0684 -96.7541 -35.537 -103.59 
-28 -261.039 -48 40 -74.6968 -93.9273 -33.3398 -101.355 
-28 -256.384 -48 40 -76.6731 -97.8322 -35.989 -104.474 
-24 -264.973 -48 40 -72.3051 -92.7464 -32.4055 -102.034 
-28 -258.71 -48 41 -77.2803 -97.1816 -33.9643 -101.729 
-24 -262.644 -48 41 -74.8886 -96.0007 -33.03 -102.408 
-34 -256.054 -49 41 -77.6703 -95.4085 -37.5695 -102.176 
-24 -263.31 -48 40 -74.3845 -94.4439 -33.5041 -101.36 
-28 -259.92 -48 40 -74.8861 -95.7208 -34.1507 -101.421 
-28 -259.875 -47 39 -72.6903 -94.3558 -32.347 -100.897 
-24 -267.763 -49 40 -70.7004 -92.5677 -33.7453 -100.579 
-28 -262.58 -48 40 -72.0867 -92.8646 -33.0521 -101.575 
-28 -263.411 -47 39 -70.9034 -92.2444 -30.5088 -97.8436 
-34 -252.985 -49 41 -80.9736 -97.1662 -38.9558 -103.48 
-34 -254.848 -50 41 -78.7642 -97.5198 -39.4078 -105.229 
-19 -263.989 -48 40 -75.1061 -96.5046 -33.5041 -104.451 
-30 -256.919 -49 41 -78.5819 -95.9853 -38.0215 -104.159 
-24 -260.24 -48 40 -77.6877 -96.2016 -34.8904 -102.664 
-32 -260.806 -50 41 -73.3303 -94.5065 -36.968 -104.232 
-16 -267.188 -48 40 -74.193 -95.2196 -34.1507 -102.519 
-28 -256.85 -48 40 -78.1893 -97.4785 -35.537 -102.725 
-24 -260.785 -48 40 -75.7976 -96.2976 -34.6027 -103.403 
-28 -262.596 -48 40 -72.9982 -93.2476 -32.4055 -100.936 
-28 -260.266 -48 41 -75.5818 -96.5019 -33.03 -101.309 
-28 -261.849 -49 40 -73.1805 -95.1803 -35.5835 -102.534 
-28 -260.342 -47 39 -74.2066 -94.0021 -31.895 -99.1476 
-24 -264.276 -47 39 -71.8149 -92.8212 -30.9607 -99.8264 
-34 -254.222 -49 41 -77.8527 -96.4418 -38.9558 -104.345 
-20 -261.274 -48 40 -76.6731 -97.8322 -35.989 -104.474 
-28 -265.385 -49 40 -71.3936 -93.069 -33.7453 -99.4808 
-28 -259.527 -48 40 -76.3015 -95.0053 -33.7918 -102.24 
-28 -257.197 -48 41 -78.885 -98.2596 -34.4163 -102.613 
-24 -262.649 -48 40 -73.5014 -95.4265 -33.0521 -103.567 
-24 -267.015 -49 40 -70.8827 -93.2029 -33.3398 -102.22 
-24 -264.685 -49 41 -73.4663 -96.4572 -33.9643 -102.594 
-34 -254.541 -49 41 -79.275 -96.4865 -38.0215 -103.06 
-20 -264.81 -48 40 -74.8861 -95.7208 -34.1507 -101.421 
-28 -258.407 -48 40 -76.4908 -96.7989 -34.6027 -102.305 
-28 -262.316 -49 40 -74.6968 -94.8266 -35.1315 -100.785 
-24 -266.25 -49 40 -72.3051 -93.6458 -34.1972 -101.464 
-28 -261.067 -48 40 -73.6914 -93.9427 -33.5041 -102.459 
-28 -261.898 -47 39 -72.508 -93.3224 -30.9607 -98.7278 
-34 -251.472 -49 41 -82.5782 -98.2442 -39.4078 -104.364 
-20 -261.741 -48 40 -78.1893 -97.4785 -35.537 -102.725 
-30 -258.623 -49 41 -76.9772 -94.9072 -37.5695 -103.275 
-12 -269.895 -48 40 -73.5014 -95.4265 -33.0521 -103.567 
-32 -259.293 -50 41 -74.935 -95.5845 -37.4199 -105.116 
-16 -265.675 -48 40 -75.7976 -96.2976 -34.6027 -103.403 
FEATURES_TXT_END_0
FEATURES_TXT_BEGIN_0 94 100 8 Distortion0_0 LM0_0 WordPenalty0_0 PhrasePenalty0_0 TranslationModel0_0 TranslationModel0_1 TranslationModel0_2 TranslationModel0_3 
-48 -277.703 -59 47 -73.1347 -113.396 -47.75 -123.295 
-48 -280.077 -59 47 -70.1899 -111.71 -47.2177 -122.571 
-48 -273.042 -58 46 -77.6434 -116.611 -47.1672 -121.984 
-48 -275.416 -58 46 -74.6986 -114.925 -46.635 -121.26 
-44 -278.067 -58 47 -73.8723 -113.396 -47.75 -123.295 
-44 -280.441 -58 47 -70.9275 -111.71 -47.2177 -122.571 
-44 -273.406 -57 46 -78.381 -116.611 -47.1672 -121.984 
-44 -275.78 -57 46 -75.4362 -114.925 -46.635 -121.26 
-48 -278.25 -59 47 -71.8553 -112.579 -48.7006 -123.977 
-48 -280.624 -59 47 -68.9105 -110.893 -48.1684 -123.253 
-48 -273.589 -58 46 -76.364 -115.794 -48.1178 -122.666 
-48 -275.963 -58 46 -73.4192 -114.108 -47.5856 -121.942 
-48 -273.702 -58 46 -76.5448 -115.584 -47.1672 -123.673 
-48 -276.076 -58 46 -73.6 -113.898 -46.635 -122.949 
-48 -275.053 -57 47 -72.9214 -113.396 -46.0513 -123.295 
-48 -277.427 -57 47 -69.9766 -111.71 -45.5191 -122.571 
-48 -277.094 -58 47 -72.9214 -113.396 -46.0513 -123.295 
-48 -279.468 -58 47 -69.9766 -111.71 -45.5191 -122.571 
-48 -270.392 -56 46 -77.4301 -116.611 -45.4685 -121.984 
-48 -272.766 -56 46 -74.4853 -114.925 -44.9363 -121.26 
-48 -272.433 -57 46 -77.4301 -116.611 -45.4685 -121.984 
-48 -274.807 -57 46 -74.4853 -114.925 -44.9363 -121.26 
-44 -274.066 -57 46 -77.2824 -115.584 -47.1672 -123.673 
-41 -281.003 -58 46 -67.6656 -112.734 -44.9629 -130.514 
-44 -276.44 -57 46 -74.3376 -113.898 -46.635 -122.949 
-41 -283.377 -58 46 -64.7209 -111.048 -44.4307 -129.79 
-44 -275.416 -56 47 -73.659 -113.396 -46.0513 -123.295 
-44 -277.79 -56 47 -70.7142 -111.71 -45.5191 -122.571 
-44 -277.458 -57 47 -73.659 -113.396 -46.0513 -123.295 
-41 -276.342 -57 45 -72.1743 -115.949 -44.3801 -129.203 
-44 -279.832 -57 47 -70.7142 -111.71 -45.5191 -122.571 
-41 -278.716 -57 45 -69.2296 -114.263 -43.8479 -128.479 
-44 -270.755 -55 46 -78.1677 -116.611 -45.4685 -121.984 
-48 -274.249 -58 46 -75.2654 -114.767 -48.1178 -124.355 
-44 -273.129 -55 46 -75.2229 -114.925 -44.9363 -121.26 
-48 -276.623 -58 46 -72.3206 -113.081 -47.5856 -123.63 
-48 -275.6 -57 47 -71.642 -112.579 -47.0019 -123.977 
-44 -272.796 -56 46 -78.1677 -116.611 -45.4685 -121.984 
-48 -277.974 -57 47 -68.6972 -110.893 -46.4697 -123.253 
-44 -275.17 -56 46 -75.2229 -114.925 -44.9363 -121.26 
-48 -277.641 -58 47 -71.642 -112.579 -47.0019 -123.977 
-48 -280.015 -58 47 -68.6972 -110.893 -46.4697 -123.253 
-48 -270.939 -56 46 -76.1507 -115.794 -46.4191 -122.666 
-48 -273.313 -56 46 -73.2059 -114.108 -45.8869 -121.942 
-48 -272.98 -57 46 -76.1507 -115.794 -46.4191 -122.666 
-48 -275.354 -57 46 -73.2059 -114.108 -45.8869 -121.942 
-48 -278.571 -58 47 -73.338 -113.396 -43.125 -123.295 
-52 -276.108 -59 47 -73.3982 -113.711 -48.1554 -123.07 
-48 -280.945 -58 47 -70.3933 -111.71 -42.5928 -122.571 
-48 -271.052 -56 46 -76.3315 -115.584 -45.4685 -123.673 
-52 -276.45 -59 47 -73.1347 -113.396 -47.75 -123.295 
-48 -273.426 -56 46 -73.3867 -113.898 -44.9363 -122.949 
-52 -278.824 -59 47 -70.1899 -111.71 -47.2177 -122.571 
-48 -273.909 -57 46 -77.8467 -116.611 -42.5422 -121.984 
-52 -271.447 -58 46 -77.9069 -116.926 -47.5726 -121.758 
-48 -273.093 -57 46 -76.3315 -115.584 -45.4685 -123.673 
-48 -273.745 -57 46 -78.4166 -115.088 -45.3754 -120.549 
-48 -276.283 -57 46 -74.9019 -114.925 -42.01 -121.26 
-48 -275.467 -57 46 -73.3867 -113.898 -44.9363 -122.949 
-48 -276.119 -57 46 -75.4718 -113.402 -44.8432 -119.825 
-52 -271.789 -58 46 -77.6434 -116.611 -47.1672 -121.984 
-48 -273.338 -57 47 -75.2514 -116.394 -46.4327 -123.473 
-52 -274.163 -58 46 -74.6986 -114.925 -46.635 -121.26 
-48 -278.715 -58 47 -73.338 -113.396 -43.125 -123.295 
-48 -275.712 -57 47 -72.3066 -114.708 -45.9004 -122.749 
-48 -281.089 -58 47 -70.3933 -111.71 -42.5928 -122.571 
-44 -279.527 -58 47 -71.8354 -113.211 -47.75 -124.394 
-48 -282.394 -60 48 -69.7722 -113.364 -47.9529 -123.967 
-44 -281.901 -58 47 -68.8906 -111.525 -47.2177 -123.67 
-48 -268.677 -56 46 -79.7601 -119.61 -45.8499 -122.162 
-48 -284.768 -60 48 -66.8274 -111.678 -47.4207 -123.243 
-48 -274.054 -57 46 -77.8467 -116.611 -42.5422 -121.984 
-48 -271.051 -56 46 -76.8153 -117.924 -45.3177 -121.438 
-48 -276.428 -57 46 -74.9019 -114.925 -42.01 -121.26 
-44 -274.866 -57 46 -76.3441 -116.426 -47.1672 -123.083 
-48 -276.931 -59 47 -73.6774 -115.023 -48.8486 -125.316 
-48 -277.733 -59 47 -74.2809 -116.579 -47.3701 -122.656 
-44 -278.934 -57 47 -74.0756 -113.396 -43.125 -123.295 
-44 -277.24 -57 46 -73.3993 -114.74 -46.635 -122.359 
-48 -276.472 -58 47 -74.1358 -113.711 -48.1554 -123.07 
-48 -280.107 -59 47 -71.3361 -114.893 -46.8379 -121.932 
-41 -277.002 -57 45 -71.0757 -114.922 -44.3801 -130.892 
-44 -281.308 -57 47 -71.1309 -111.71 -42.5928 -122.571 
-41 -279.376 -57 45 -68.1309 -113.236 -43.8479 -130.168 
-44 -271.415 -55 46 -77.0691 -115.584 -45.4685 -123.673 
-41 -278.353 -56 46 -67.4524 -112.734 -43.2642 -130.514 
-48 -276.813 -58 47 -73.8723 -113.396 -47.75 -123.295 
-48 -272.27 -58 46 -78.186 -118.238 -48.2658 -124.005 
-44 -273.789 -55 46 -74.1243 -113.898 -44.9363 -122.949 
-41 -280.727 -56 46 -64.5076 -111.048 -42.732 -129.79 
-48 -279.187 -58 47 -70.9275 -111.71 -47.2177 -122.571 
-44 -274.273 -56 46 -78.5843 -116.611 -42.5422 -121.984 
-48 -271.81 -57 46 -78.6445 -116.926 -47.5726 -121.758 
-44 -273.457 -56 46 -77.0691 -115.584 -45.4685 -123.673 
-44 -274.109 -56 46 -79.1542 -115.088 -45.3754 -120.549 
-41 -280.394 -57 46 -67.4524 -112.734 -43.2642 -130.514 
-44 -276.647 -56 46 -75.6395 -114.925 -42.01 -121.26 
-48 -280.653 -59 47 -72.4596 -112.521 -46.8337 -122.022 
-44 -275.831 -56 46 -74.1243 -113.898 -44.9363 -122.949 
-48 -279.118 -58 47 -72.0586 -112.579 -44.0756 -123.977 
FEATURES_TXT_END_0
FEATURES_TXT_BEGIN_0 95 94 8 Distortion0_0 LM0_0 WordPenalty0_0 PhrasePenalty0_0 TranslationModel0_0 TranslationModel0_1 TranslationModel0_2 TranslationModel0_3 
-47 -307.443 -54 48 -71.7338 -85.2264 -49.4784 -91.5843 
-53 -307.757 -56 49 -72.0314 -87.7768 -48.49 -91.2518 
-47 -308.244 -54 48 -73.1018 -86.9223 -47.2629 -89.3993 
-53 -306.675 -55 49 -71.8181 -87.7768 -46.7913 -91.2518 
-39 -312.767 -54 48 -71.5317 -87.2212 -47.7206 -90.9681 
-39 -317.049 -54 48 -67.5978 -84.4459 -45.0415 -89.7809 
-45 -313.081 -56 49 -71.8293 -89.7715 -46.7322 -90.6356 
-53 -309.247 -57 49 -70.2181 -87.615 -50.3358 -93.4011 
-39 -312.337 -53 48 -71.5041 -87.2212 -44.1942 -90.9681 
-45 -317.362 -56 49 -67.8953 -86.9962 -44.0531 -89.4484 
-39 -317.59 -54 47 -67.0342 -83.0192 -46.2893 -88.6378 
-47 -306.954 -54 48 -73.9956 -87.2192 -48.9676 -90.3947 
-39 -313.568 -54 48 -72.8997 -88.917 -45.505 -88.7831 
-53 -303.609 -54 48 -72.1756 -84.7376 -50.7312 -92.362 
-43 -314.403 -56 49 -73.3108 -88.5938 -47.5394 -90.57 
-45 -312.651 -55 49 -71.8017 -89.7715 -43.2058 -90.6356 
-45 -311.999 -55 49 -71.616 -89.7715 -45.0335 -90.6356 
-47 -308.208 -54 48 -71.1476 -85.0386 -49.8839 -91.4665 
-53 -308.165 -56 49 -70.0048 -87.615 -48.6372 -93.4011 
-43 -311.274 -55 48 -69.7584 -88.4512 -48.7445 -93.9578 
-47 -307.453 -53 48 -71.7062 -85.2264 -45.9521 -91.5843 
-47 -309.596 -54 48 -68.6363 -84.9068 -47.869 -92.7023 
-47 -306.105 -53 48 -70.947 -84.7356 -49.8839 -92.2774 
-47 -305.117 -52 48 -73.5915 -85.3882 -46.9394 -89.4349 
-39 -317.85 -54 48 -68.9658 -86.1417 -42.8259 -87.5959 
-43 -309.099 -54 48 -74.6374 -88.5529 -48.0513 -90.1834 
-47 -306.321 -53 48 -71.7783 -85.2264 -48.7853 -91.5843 
-45 -316.28 -55 49 -67.6821 -86.9962 -42.3544 -89.4484 
-47 -305.728 -54 48 -74.0638 -88.225 -49.8598 -91.7621 
-45 -317.904 -56 48 -67.3318 -85.5696 -45.3009 -88.3053 
-39 -317.16 -53 47 -67.0066 -83.0192 -42.763 -88.6378 
-59 -303.923 -56 49 -72.4732 -87.288 -49.7428 -92.0295 
-45 -319.395 -57 48 -65.5185 -85.4078 -47.1467 -90.4546 
-53 -308.522 -56 49 -71.4452 -87.589 -48.8955 -91.134 
-39 -313.138 -53 48 -72.8721 -88.917 -41.9786 -88.7831 
-53 -307.766 -55 49 -72.0037 -87.7768 -44.9636 -91.2518 
-39 -322.002 -54 47 -63.1003 -80.2439 -43.6103 -87.4506 
-53 -306.418 -55 49 -71.2445 -87.2859 -48.8955 -91.9449 
-45 -314.571 -57 49 -70.016 -89.6098 -48.578 -92.7849 
-45 -311.569 -54 49 -71.5884 -89.7715 -41.5071 -90.6356 
-49 -306.174 -54 48 -72.1756 -84.7376 -50.7312 -92.362 
-53 -305.43 -54 49 -73.8891 -87.9385 -45.951 -89.1024 
-53 -306.635 -55 49 -72.0758 -87.7768 -47.7969 -91.2518 
-39 -312.648 -53 48 -71.5041 -87.2212 -44.1942 -90.9681 
-45 -318.853 -57 49 -66.0821 -86.8344 -45.8989 -91.5977 
-39 -312.548 -53 48 -71.5041 -86.944 -44.1942 -91.5559 
-39 -318.391 -54 47 -68.4022 -84.7151 -44.0737 -86.4528 
-39 -316.93 -53 48 -67.5702 -84.4459 -41.5151 -89.7809 
-45 -317.474 -55 48 -67.3042 -85.5696 -41.7745 -88.3053 
-47 -310.802 -55 49 -71.8181 -87.7768 -46.7913 -91.2518 
-47 -309.484 -55 48 -71.9471 -85.2264 -51.1771 -91.5843 
-45 -316.822 -55 48 -67.1185 -85.5696 -43.6022 -88.3053 
-39 -312.278 -54 48 -73.7935 -89.214 -47.2097 -89.7785 
-53 -304.41 -54 48 -73.5436 -86.4335 -48.5156 -90.177 
-39 -314.722 -52 48 -69.4555 -84.6076 -42.5025 -87.6316 
-37 -314.089 -54 48 -73.0132 -86.0435 -48.5278 -90.9025 
-59 -302.841 -55 49 -72.2599 -87.288 -48.0441 -92.0295 
-45 -322.316 -56 48 -63.3978 -82.7942 -42.6218 -87.1181 
-39 -317.961 -53 47 -68.3746 -84.7151 -40.5474 -86.4528 
-47 -309.01 -54 48 -72.5156 -86.7345 -47.6683 -89.2815 
-49 -310.874 -56 49 -72.0314 -87.7768 -48.49 -91.2518 
-53 -307.44 -55 49 -71.2319 -87.589 -47.1968 -91.134 
-55 -306.488 -56 49 -72.4732 -87.288 -49.7428 -92.0295 
-45 -308.933 -54 48 -71.9736 -86.7324 -48.9733 -91.7458 
-39 -315.71 -53 48 -66.811 -83.955 -45.447 -90.474 
-47 -308.254 -53 48 -73.0742 -86.9223 -43.7365 -89.3993 
-47 -306.906 -53 48 -72.3149 -86.4314 -47.6683 -90.0924 
-39 -313.533 -54 48 -70.9456 -87.0334 -48.126 -90.8503 
-45 -314.142 -56 49 -69.9884 -89.6098 -45.0516 -92.7849 
-53 -306.684 -54 49 -71.7905 -87.7768 -43.265 -91.2518 
-49 -312.032 -56 49 -70.9477 -86.9318 -48.1535 -90.6854 
-53 -305.336 -54 49 -71.0312 -87.2859 -47.1968 -91.9449 
-45 -313.49 -56 49 -69.8027 -89.6098 -46.8793 -92.7849 
-47 -305.918 -52 48 -74.9595 -87.084 -44.7239 -87.2499 
-45 -312.962 -55 49 -71.8017 -89.7715 -43.2058 -90.6356 
-39 -316.56 -54 48 -69.8596 -86.4386 -44.5307 -88.5913 
-35 -316.598 -55 48 -69.5564 -90.4459 -46.9866 -93.3416 
-39 -314.92 -54 48 -68.4342 -86.9016 -46.1111 -92.0862 
-39 -311.429 -53 48 -70.7449 -86.7303 -48.126 -91.6612 
-53 -304.348 -53 49 -73.6758 -87.9385 -44.2524 -89.1024 
-47 -307.123 -53 48 -73.1462 -86.9223 -46.5697 -89.3993 
-53 -305.553 -54 49 -71.8625 -87.7768 -46.0982 -91.2518 
-39 -310.441 -52 48 -73.3895 -87.383 -45.1816 -88.8188 
-45 -312.861 -55 49 -71.8017 -89.4943 -43.2058 -91.2234 
-45 -313.215 -54 48 -68.0396 -83.9571 -46.2943 -90.5586 
-39 -319.202 -54 48 -64.5003 -84.1263 -43.4321 -90.899 
-47 -306.529 -54 48 -75.4317 -89.9208 -47.6442 -89.5771 
-35 -314.423 -54 48 -74.4354 -90.5477 -46.2934 -89.5672 
-39 -311.645 -53 48 -71.5762 -87.2212 -47.0274 -90.9681 
-39 -317.814 -54 48 -67.0116 -84.2581 -45.447 -89.6631 
-45 -317.771 -56 49 -65.8688 -86.8344 -44.2002 -91.5977 
-45 -317.243 -55 49 -67.8677 -86.9962 -40.5267 -89.4484 
-35 -320.88 -55 48 -65.6224 -87.6706 -44.3075 -92.1544 
-39 -311.052 -54 48 -73.8617 -90.2198 -48.1019 -91.1459 
FEATURES_TXT_END_0
FEATURES_TXT_BEGIN_0 96 100 8 Distortion0_0 LM0_0 WordPenalty0_0 PhrasePenalty0_0 TranslationModel0_0 TranslationModel0_1 TranslationModel0_2 TranslationModel0_3 
-60 -336.499 -69 58 -84.3156 -128.17 -53.0947 -140.908 
-60 -336.242 -68 58 -83.9937 -128.17 -49.0965 -140.908 
-60 -336.847 -70 58 -84.6375 -128.17 -57.0929 -140.908 
-60 -336.591 -69 58 -84.3156 -128.17 -53.0947 -140.908 
-60 -337.589 -70 59 -82.1833 -128.635 -55.6425 -144.051 
-60 -337.333 -69 59 -81.8614 -128.635 -51.6443 -144.051 
-60 -338.179 -70 58 -84.2356 -128.17 -54.8865 -140.908 
-60 -337.937 -71 59 -82.5051 -128.635 -59.6407 -144.051 
-60 -337.923 -69 58 -83.9137 -128.17 -50.8883 -140.908 
-60 -337.681 -70 59 -82.1833 -128.635 -55.6425 -144.051 
-54 -340.533 -69 58 -84.3156 -128.17 -53.0947 -140.908 
-60 -338.527 -71 58 -84.5575 -128.17 -58.8847 -140.908 
-54 -340.277 -68 58 -83.9937 -128.17 -49.0965 -140.908 
-60 -338.271 -70 58 -84.2356 -128.17 -54.8865 -140.908 
-60 -339.726 -70 58 -82.4751 -128.17 -53.0947 -140.908 
-60 -339.47 -69 58 -82.1532 -128.17 -49.0965 -140.908 
-54 -341.311 -71 58 -84.6375 -128.804 -57.7861 -143.551 
-54 -341.055 -70 58 -84.3156 -128.804 -53.7879 -143.551 
-60 -340.074 -71 58 -82.797 -128.17 -57.0929 -140.908 
-60 -339.818 -70 58 -82.4751 -128.17 -53.0947 -140.908 
-60 -337.735 -69 58 -82.4698 -127.734 -53.0947 -141.601 
-60 -337.479 -68 58 -82.1479 -127.734 -49.0965 -141.601 
-56 -342.356 -70 58 -82.9293 -127.873 -53.7879 -139.912 
-60 -339.27 -71 59 -82.1032 -128.635 -57.4342 -144.051 
-60 -338.083 -70 58 -82.7917 -127.734 -57.0929 -141.601 
-56 -342.1 -69 58 -82.6074 -127.873 -49.7897 -139.912 
-60 -339.013 -70 59 -81.7813 -128.635 -53.436 -144.051 
-71 -334.003 -68 59 -79.895 -125.943 -48.094 -140.015 
-60 -337.827 -69 58 -82.4698 -127.734 -53.0947 -141.601 
-71 -333.747 -67 59 -79.5731 -125.943 -44.0958 -140.015 
-64 -334.815 -69 58 -84.3156 -128.17 -53.0947 -140.908 
-64 -334.558 -68 58 -83.9937 -128.17 -49.0965 -140.908 
-54 -341.624 -70 59 -82.1833 -128.635 -55.6425 -144.051 
-56 -342.704 -71 58 -83.2512 -127.873 -57.7861 -139.912 
-60 -339.618 -72 59 -82.4251 -128.635 -61.4324 -144.051 
-54 -341.368 -69 59 -81.8614 -128.635 -51.6443 -144.051 
-56 -342.448 -70 58 -82.9293 -127.873 -53.7879 -139.912 
-60 -339.361 -71 59 -82.1032 -128.635 -57.4342 -144.051 
-71 -334.351 -69 59 -80.2169 -125.943 -52.0922 -140.015 
-71 -334.095 -68 59 -79.895 -125.943 -48.094 -140.015 
-60 -340.816 -71 59 -80.3427 -128.635 -55.6425 -144.051 
-64 -335.163 -70 58 -84.6375 -128.17 -57.0929 -140.908 
-54 -342.214 -70 58 -84.2356 -128.17 -54.8865 -140.908 
-60 -340.56 -70 59 -80.0208 -128.635 -51.6443 -144.051 
-64 -334.907 -69 58 -84.3156 -128.17 -53.0947 -140.908 
-54 -341.958 -69 58 -83.9137 -128.17 -50.8883 -140.908 
-54 -342.401 -72 59 -82.5051 -129.269 -60.3338 -146.694 
-54 -342.145 -71 59 -82.1833 -129.269 -56.3356 -146.694 
-60 -341.407 -71 58 -82.395 -128.17 -54.8865 -140.908 
-60 -341.165 -72 59 -80.6646 -128.635 -59.6407 -144.051 
-60 -336.242 -69 58 -84.7211 -128.898 -54.1934 -141.496 
-60 -341.15 -70 58 -82.0731 -128.17 -50.8883 -140.908 
-60 -340.908 -71 59 -80.3427 -128.635 -55.6425 -144.051 
-60 -335.985 -68 58 -84.3992 -128.898 -50.1952 -141.496 
-54 -342.991 -72 58 -84.5575 -128.804 -59.5779 -143.551 
-60 -338.826 -70 59 -80.3374 -128.199 -55.6425 -144.744 
-54 -342.735 -71 58 -84.2356 -128.804 -55.5796 -143.551 
-60 -338.569 -69 59 -80.0155 -128.199 -51.6443 -144.744 
-54 -343.761 -70 58 -82.4751 -128.17 -53.0947 -140.908 
-60 -341.755 -72 58 -82.7169 -128.17 -58.8847 -140.908 
-54 -343.505 -69 58 -82.1532 -128.17 -49.0965 -140.908 
-60 -336.59 -70 58 -85.043 -128.898 -58.1916 -141.496 
-60 -341.499 -71 58 -82.395 -128.17 -54.8865 -140.908 
-56 -343.446 -71 59 -80.797 -128.338 -56.3356 -143.056 
-60 -336.334 -69 58 -84.7211 -128.898 -54.1934 -141.496 
-60 -339.416 -70 58 -82.3898 -127.734 -54.8865 -141.601 
-60 -339.174 -71 59 -80.6593 -128.199 -59.6407 -144.744 
-56 -343.19 -70 59 -80.4751 -128.338 -52.3374 -143.056 
-60 -339.159 -69 58 -82.0679 -127.734 -50.8883 -141.601 
-71 -335.094 -69 60 -77.7626 -126.408 -50.6418 -143.158 
-60 -338.918 -70 59 -80.3374 -128.199 -55.6425 -144.744 
-71 -334.837 -68 60 -77.4407 -126.408 -46.6436 -143.158 
-64 -335.905 -70 59 -82.1833 -128.635 -55.6425 -144.051 
-54 -344.538 -72 58 -82.797 -128.804 -57.7861 -143.551 
-56 -344.036 -71 58 -82.8493 -127.873 -55.5796 -139.912 
-64 -335.649 -69 59 -81.8614 -128.635 -51.6443 -144.051 
-54 -344.282 -71 58 -82.4751 -128.804 -53.7879 -143.551 
-54 -341.772 -69 58 -82.4698 -127.734 -53.0947 -141.601 
-56 -343.794 -72 59 -81.1189 -128.338 -60.3338 -143.056 
-66 -333.94 -69 58 -84.3156 -128.17 -53.0947 -140.908 
-60 -339.764 -71 58 -82.7117 -127.734 -58.8847 -141.601 
-56 -343.78 -70 58 -82.5274 -127.873 -51.5814 -139.912 
-71 -335.684 -69 59 -79.8149 -125.943 -49.8858 -140.015 
-54 -341.516 -68 58 -82.1479 -127.734 -49.0965 -141.601 
-56 -343.538 -71 59 -80.797 -128.338 -56.3356 -143.056 
-66 -333.684 -68 58 -83.9937 -128.17 -49.0965 -140.908 
-60 -339.508 -70 58 -82.3898 -127.734 -54.8865 -141.601 
-60 -341.514 -70 58 -82.2886 -125.098 -54.481 -139.732 
-71 -335.442 -70 60 -78.0845 -126.408 -54.64 -143.158 
-71 -335.427 -68 59 -79.493 -125.943 -45.8876 -140.015 
-60 -341.258 -69 58 -81.9667 -125.098 -50.4828 -139.732 
-71 -335.186 -69 60 -77.7626 -126.408 -50.6418 -143.158 
-60 -340.963 -70 58 -80.6292 -127.734 -53.0947 -141.601 
-64 -336.253 -71 59 -82.5051 -128.635 -59.6407 -144.051 
-50 -346.39 -70 58 -82.9293 -127.873 -53.7879 -139.912 
-54 -343.304 -71 59 -82.1032 -128.635 -57.4342 -144.051 
-56 -344.384 -72 58 -83.1712 -127.873 -59.5779 -139.912 
-60 -340.706 -69 58 -80.3073 -127.734 -49.0965 -141.601 
-64 -335.997 -70 59 -82.1833 -128.635 -55.6425 -144.051 
-50 -346.134 -69 58 -82.6074 -127.873 -49.7897 -139.912 
FEATURES_TXT_END_0
FEATURES_TXT_BEGIN_0 97 100 8 Distortion0_0 LM0_0 WordPenalty0_0 PhrasePenalty0_0 TranslationModel0_0 TranslationModel0_1 TranslationModel0_2 TranslationModel0_3 
-26 -264.703 -57 49 -73.357 -100.468 -44.7222 -110.093 
-26 -265.128 -58 49 -72.7163 -101.116 -46.6681 -112.367 
-30 -260.702 -56 48 -75.6239 -101.057 -43.3738 -107.3 
-26 -267.253 -59 50 -74.8123 -100.769 -47.6406 -110.8 
-30 -261.127 -57 48 -74.9831 -101.705 -45.3197 -109.575 
-26 -266.813 -58 49 -72.3058 -100.468 -46.514 -110.093 
-26 -267.678 -60 50 -74.1716 -101.417 -49.5865 -113.075 
-26 -264.656 -57 49 -74.6023 -100.875 -45.0406 -109.454 
-26 -262.238 -56 48 -75.6902 -101.28 -44.5732 -108.524 
-26 -267.238 -59 49 -71.6651 -101.116 -48.4599 -112.367 
-30 -263.252 -58 49 -77.0792 -101.358 -46.2922 -108.008 
-26 -265.081 -58 49 -73.9615 -101.523 -46.9866 -111.728 
-18 -262.965 -58 49 -78.5647 -107.978 -49.8281 -115.143 
-26 -262.662 -57 48 -75.0494 -101.928 -46.5191 -110.798 
-26 -266.416 -57 49 -73.2907 -100.245 -43.5228 -108.869 
-30 -262.811 -57 48 -74.5727 -101.057 -45.1655 -107.3 
-30 -263.677 -59 49 -76.4384 -102.006 -48.2381 -110.282 
-26 -266.841 -58 49 -72.6499 -100.893 -45.4687 -111.143 
-26 -263.407 -57 49 -77.12 -102.181 -45.5107 -108.982 
-26 -267.206 -59 50 -76.0576 -101.176 -47.959 -110.161 
-26 -267.97 -59 50 -72.6424 -100.607 -47.2892 -112.95 
-30 -263.236 -58 48 -73.9319 -101.705 -47.1114 -109.575 
-26 -264.788 -58 49 -77.1455 -101.581 -47.4916 -109.231 
-30 -263.163 -57 49 -73.357 -100.468 -44.7222 -110.093 
-26 -263.832 -58 49 -76.4792 -102.828 -47.4566 -111.256 
-26 -266.766 -58 49 -73.5511 -100.875 -46.8324 -109.454 
-22 -258.963 -57 48 -80.8316 -108.566 -48.4797 -112.35 
-26 -267.631 -60 50 -75.4168 -101.824 -49.9049 -112.435 
-26 -264.347 -57 48 -74.639 -101.28 -46.3649 -108.524 
-18 -265.515 -60 50 -80.02 -108.279 -52.7465 -115.85 
-26 -268.395 -60 50 -72.0016 -101.255 -49.2351 -115.224 
-26 -265.213 -59 49 -76.5047 -102.229 -49.4375 -111.506 
-26 -268.966 -59 50 -74.746 -100.546 -46.4412 -109.577 
-26 -267.979 -56 48 -68.7651 -96.083 -42.3877 -109.608 
-30 -263.588 -58 49 -72.7163 -101.116 -46.6681 -112.367 
-26 -262.19 -56 48 -76.9354 -101.687 -44.8916 -107.885 
-26 -267.19 -59 49 -72.9103 -101.523 -48.7783 -111.728 
-18 -265.074 -59 49 -77.5135 -107.978 -51.6199 -115.143 
-26 -264.772 -58 48 -73.9982 -101.928 -48.3109 -110.798 
-26 -268.525 -58 49 -72.2395 -100.245 -45.3145 -108.869 
-26 -269.391 -60 50 -74.1052 -101.194 -48.3871 -111.851 
-26 -265.685 -57 49 -74.106 -101.259 -43.5366 -109.915 
-26 -265.957 -59 50 -78.5752 -102.481 -48.429 -109.689 
-26 -268.404 -57 48 -68.1243 -96.7309 -44.3337 -111.882 
-30 -263.968 -58 49 -74.9093 -101.196 -45.9408 -110.157 
-18 -262.917 -58 49 -79.8099 -108.385 -50.1466 -114.504 
-26 -262.615 -57 48 -76.2947 -102.335 -46.8375 -110.159 
-18 -260.499 -57 48 -80.8979 -108.789 -49.6791 -113.574 
-26 -263.95 -56 48 -75.6239 -101.057 -43.3738 -107.3 
-26 -268.95 -59 49 -71.5987 -100.893 -47.2605 -111.143 
-30 -265.713 -59 50 -74.8123 -100.769 -47.6406 -110.8 
-26 -266.11 -58 49 -73.4652 -101.907 -45.4825 -112.189 
-22 -268.63 -57 50 -73.6128 -99.9682 -48.7164 -106.448 
-26 -265.517 -58 49 -76.0687 -102.181 -47.3024 -108.982 
-26 -266.382 -60 50 -77.9345 -103.129 -50.375 -111.964 
-26 -265.691 -56 49 -71.5057 -99.8798 -42.7298 -110.039 
-22 -261.513 -59 49 -82.2868 -108.867 -51.3981 -113.058 
-30 -264.393 -59 49 -74.2685 -101.844 -47.8867 -112.431 
-18 -264.677 -58 49 -78.4984 -107.755 -48.6287 -113.919 
-30 -263.978 -55 47 -71.032 -96.6715 -41.0393 -106.815 
-26 -264.375 -57 48 -74.9831 -101.705 -45.3197 -109.575 
-26 -270.53 -58 49 -70.2204 -96.384 -45.3061 -110.315 
-30 -265.272 -58 49 -72.3058 -100.468 -46.514 -110.093 
-26 -260.941 -56 48 -79.4531 -102.992 -45.3616 -107.413 
-30 -266.138 -60 50 -74.1716 -101.417 -49.5865 -113.075 
-26 -265.942 -59 49 -75.428 -102.828 -49.2483 -111.256 
-26 -267.923 -59 50 -73.8876 -101.014 -47.6076 -112.311 
-26 -263.826 -57 49 -75.0224 -101.337 -46.205 -111.499 
-18 -263.342 -58 49 -79.2578 -109.055 -49.8281 -114.131 
-26 -264.74 -58 49 -78.3907 -101.988 -47.81 -108.592 
-26 -266.323 -58 49 -73.357 -102.111 -45.8208 -111.54 
-22 -261.072 -58 48 -79.7803 -108.566 -50.2715 -112.35 
-26 -266.116 -57 49 -70.8649 -100.528 -44.6757 -112.313 
-26 -265.504 -58 49 -74.9756 -101.419 -47.1402 -111.381 
-26 -267.664 -56 48 -71.2332 -97.5147 -41.6946 -108.181 
-26 -268.235 -59 50 -75.5613 -101.56 -46.455 -110.622 
-30 -264.403 -56 47 -70.3912 -97.3193 -42.9852 -109.09 
-26 -270.089 -57 48 -67.7139 -96.083 -44.1795 -109.608 
-18 -261.668 -58 49 -82.3276 -109.69 -50.6166 -114.032 
-26 -270.955 -59 49 -69.5796 -97.0318 -47.252 -112.59 
-30 -265.697 -59 49 -71.6651 -101.116 -48.4599 -112.367 
-26 -261.366 -57 48 -78.8124 -103.64 -47.3076 -109.688 
-26 -264.3 -57 48 -75.8842 -101.687 -46.6834 -107.885 
-18 -265.467 -60 50 -81.2652 -108.686 -53.065 -115.211 
-18 -265.924 -59 49 -77.9917 -108.65 -49.3989 -115.061 
-26 -268.348 -60 50 -73.2468 -101.662 -49.5536 -114.585 
-26 -264.251 -58 49 -74.3817 -101.985 -48.1509 -113.773 
-26 -265.165 -59 49 -77.7499 -102.636 -49.7559 -110.867 
-26 -266.748 -59 49 -72.7163 -102.759 -47.7667 -113.814 
-18 -266.231 -60 50 -77.85 -108.117 -52.3951 -117.999 
-18 -263.049 -59 49 -82.3532 -109.09 -52.5975 -114.281 
-26 -267.164 -56 48 -70.6904 -97.6507 -42.3877 -109.309 
-26 -265.929 -59 49 -74.3348 -102.067 -49.0861 -113.655 
-26 -269.682 -59 50 -72.5761 -100.384 -46.0898 -111.726 
-26 -266.5 -58 49 -77.0792 -101.358 -46.2922 -108.008 
-26 -267.932 -56 48 -70.0103 -96.4899 -42.7062 -108.969 
-26 -264.628 -56 49 -75.8796 -100.557 -47.368 -103.656 
-26 -267.794 -58 49 -73.0548 -101.259 -45.3283 -109.915 
-26 -265.514 -55 47 -71.0983 -96.8945 -42.2387 -108.039 
-22 -261.424 -58 49 -78.5647 -107.978 -49.8281 -115.143 
FEATURES_TXT_END_0
FEATURES_TXT_BEGIN_0 98 100 8 Distortion0_0 LM0_0 WordPenalty0_0 PhrasePenalty0_0 TranslationModel0_0 TranslationModel0_1 TranslationModel0_2 TranslationModel0_3 
-16 -181.759 -33 28 -24.3935 -43.1781 -23.289 -56.3228 
-16 -181.45 -33 28 -23.7004 -44.9216 -23.289 -57.5756 
-16 -182.703 -34 28 -24.8911 -43.2497 -26.8154 -57.0604 
-16 -182.944 -33 28 -23.1141 -42.361 -24.2397 -57.0046 
-16 -182.155 -32 28 -23.9934 -43.1781 -20.3713 -56.3228 
-16 -183.664 -34 28 -24.3741 -43.1781 -26.3454 -56.3228 
-16 -181.067 -33 28 -26.0589 -44.0471 -24.7719 -57.7287 
-16 -182.394 -34 28 -24.198 -44.9932 -26.8154 -58.3132 
-16 -182.635 -33 28 -22.421 -44.1045 -24.2397 -58.2574 
-16 -181.847 -32 28 -23.3003 -44.9216 -20.3713 -57.5756 
-16 -183.355 -34 28 -23.6809 -44.9216 -26.3454 -57.5756 
-20 -178.203 -33 28 -28.0311 -46.0777 -23.9822 -56.3228 
-12 -185.94 -33 28 -24.3935 -43.1781 -23.289 -56.3228 
-16 -183.889 -34 28 -23.6117 -42.4327 -27.766 -57.7422 
-14 -182.624 -33 28 -26.6823 -44.8367 -24.1502 -57.1148 
-16 -183.1 -33 28 -24.491 -43.2497 -23.8976 -57.0604 
-16 -184.609 -35 28 -24.8717 -43.2497 -29.8718 -57.0604 
-16 -181.764 -33 28 -25.4029 -44.0196 -25.1008 -57.7966 
-16 -183.483 -33 28 -23.4772 -45.7191 -23.289 -55.549 
-16 -183.341 -32 28 -22.714 -42.361 -21.3219 -57.0046 
-16 -180.759 -33 28 -25.3657 -45.7905 -24.7719 -58.9814 
-16 -184.85 -34 28 -23.0947 -42.361 -27.296 -57.0046 
-16 -185.491 -35 29 -23.9235 -44.3862 -27.2499 -58.6931 
-16 -184.061 -33 28 -23.974 -43.1781 -23.4276 -56.3228 
-16 -182.826 -34 28 -25.4779 -43.521 -27.6897 -58.4527 
-16 -181.142 -33 28 -28.0311 -46.0777 -23.9822 -56.3228 
-12 -183.562 -33 28 -28.0311 -46.0777 -23.9822 -56.3228 
-14 -185.076 -33 28 -25.6729 -43.9952 -22.3384 -55.6411 
-20 -181.677 -33 28 -24.3935 -43.1781 -23.289 -56.3228 
-24 -179.294 -33 28 -24.3935 -43.1781 -23.289 -56.3228 
-20 -177.894 -33 28 -27.3379 -47.8211 -23.9822 -57.5756 
-16 -182.012 -34 28 -26.5565 -44.1187 -28.2982 -58.4663 
-24 -179.623 -35 29 -25.5007 -47.1107 -25.1098 -59.746 
-16 -181.852 -34 28 -25.4231 -46.4719 -23.9822 -62.036 
-12 -185.631 -33 28 -23.7004 -44.9216 -23.289 -57.5756 
-16 -184.18 -33 28 -24.3935 -43.1781 -23.289 -56.3228 
-16 -182.562 -34 29 -27.9001 -44.652 -26.1512 -58.6079 
-16 -183.58 -34 28 -22.9186 -44.1761 -27.766 -58.995 
-14 -182.316 -33 28 -25.9892 -46.5801 -24.1502 -58.3675 
-16 -181.464 -32 28 -25.6588 -44.0471 -21.8541 -57.7287 
-20 -182.671 -36 29 -25.8082 -47.1107 -28.6362 -59.746 
-16 -182.791 -33 28 -23.7979 -44.9932 -23.8976 -58.3132 
-24 -179.52 -33 28 -24.3935 -43.1781 -23.289 -56.3228 
-16 -185.494 -35 29 -24.3935 -44.9563 -27.2499 -58.6931 
-16 -184.346 -33 28 -24.3935 -43.1781 -23.289 -56.3228 
-18 -181.836 -32 27 -25.3135 -43.9952 -19.5114 -55.6411 
-16 -182.973 -34 28 -26.0395 -44.0471 -27.8282 -57.7287 
-16 -187.038 -35 29 -24.086 -44.5488 -25.1098 -57.7536 
-16 -184.3 -35 28 -24.1785 -44.9932 -29.8718 -58.3132 
-16 -181.455 -33 28 -24.7098 -45.7631 -25.1008 -59.0493 
-16 -183.174 -33 28 -22.7841 -47.4626 -23.289 -56.8018 
-16 -183.032 -32 28 -22.0209 -44.1045 -21.3219 -58.2574 
-16 -184.541 -34 28 -22.4015 -44.1045 -27.296 -58.2574 
-16 -181.599 -33 28 -28.0311 -46.0777 -23.9822 -56.3228 
-20 -179.388 -33 28 -26.7517 -45.2606 -24.9328 -57.0046 
-12 -186.989 -34 28 -24.8911 -43.2497 -26.8154 -57.0604 
-20 -184.799 -35 29 -24.086 -44.5488 -25.1098 -57.7536 
-22 -180.936 -33 28 -24.3935 -43.1781 -23.289 -56.3228 
-12 -187.126 -33 28 -23.1141 -42.361 -24.2397 -57.0046 
-16 -182.995 -34 29 -29.452 -44.8209 -25.1098 -57.6684 
-14 -183.569 -34 28 -27.1799 -44.9083 -27.6765 -57.8524 
-12 -187.351 -34 28 -24.7681 -43.1781 -26.9332 -56.3228 
-16 -183.752 -33 28 -23.2809 -44.9216 -23.4276 -57.5756 
-20 -178.6 -32 28 -27.631 -46.0777 -21.0644 -56.3228 
-12 -186.337 -32 28 -23.9934 -43.1781 -20.3713 -56.3228 
-20 -180.108 -34 28 -28.0117 -46.0777 -27.0386 -56.3228 
-16 -182.517 -34 28 -24.7847 -45.2645 -27.6897 -59.7055 
-16 -182.418 -33 28 -25.4166 -45.0101 -24.6407 -57.649 
-20 -182.529 -35 29 -25.5007 -47.1107 -25.1098 -59.746 
-16 -180.833 -33 28 -27.3379 -47.8211 -23.9822 -57.5756 
-12 -187.846 -34 28 -24.3741 -43.1781 -26.3454 -56.3228 
-14 -183.81 -33 28 -25.4029 -44.0196 -25.1008 -57.7966 
-12 -183.253 -33 28 -27.3379 -47.8211 -23.9822 -57.5756 
-20 -182.269 -33 28 -24.3935 -43.1781 -23.289 -56.3228 
-14 -184.767 -33 28 -24.9797 -45.7386 -22.3384 -56.8938 
-20 -182.395 -34 28 -24.0048 -42.4327 -27.7362 -57.7422 
-22 -178.884 -33 28 -25.9384 -45.4873 -23.6945 -57.5756 
-20 -181.369 -33 28 -23.7003 -44.9216 -23.289 -57.5756 
-16 -185.271 -34 28 -24.4211 -43.1781 -26.8154 -56.3228 
-16 -182.708 -34 28 -25.9005 -44.0912 -28.6272 -58.5341 
-16 -183.617 -35 29 -29.7595 -44.8209 -28.6362 -57.6684 
-16 -184.427 -34 28 -23.9748 -45.7907 -26.8154 -56.2866 
-20 -180.757 -34 29 -29.452 -44.8209 -25.1098 -57.6684 
-16 -184.285 -33 28 -23.2116 -42.4327 -24.8483 -57.7422 
-24 -178.986 -33 28 -23.7004 -44.9216 -23.289 -57.5756 
-22 -182.696 -35 29 -23.9235 -44.3862 -27.2499 -58.6931 
-16 -181.703 -34 28 -25.8633 -45.8621 -28.2982 -59.719 
-14 -183.021 -32 28 -26.2822 -44.8367 -21.2324 -57.1148 
-16 -181.543 -34 28 -24.73 -48.2153 -23.9822 -63.2888 
-16 -185.794 -35 28 -23.5923 -42.4327 -30.8224 -57.7422 
-20 -185.575 -35 29 -21.5211 -44.3664 -25.1098 -59.1398 
-16 -183.656 -32 27 -24.0341 -43.1781 -20.462 -56.3228 
-14 -184.53 -34 28 -26.6629 -44.8367 -27.2065 -57.1148 
-20 -181.304 -35 29 -29.7595 -44.8209 -28.6362 -57.6684 
-16 -183.871 -33 28 -23.7003 -44.9216 -23.289 -57.5756 
-16 -186.435 -36 29 -24.4211 -44.4578 -30.7762 -59.4307 
-18 -185.701 -33 27 -23.2059 -42.3366 -20.5806 -54.8491 
-16 -182.949 -33 28 -24.1235 -43.2025 -26.0514 -58.4783 
-16 -185.005 -34 28 -24.4716 -43.2497 -26.954 -57.0604 
-16 -184.352 -33 28 -23.8827 -42.2538 -25.0808 -57.2784 
FEATURES_TXT_END_0
FEATURES_TXT_BEGIN_0 99 100 8 Distortion0_0 LM0_0 WordPenalty0_0 PhrasePenalty0_0 TranslationModel0_0 TranslationModel0_1 TranslationModel0_2 TranslationModel0_3 
-28 -220.816 -51 41 -70.1783 -95.1605 -37.2931 -94.5753 
-26 -217.2 -48 42 -75.6507 -94.7294 -36.8398 -88.0744 
-26 -222.514 -52 42 -71.7877 -95.1605 -40.7224 -94.5753 
-24 -223.349 -51 41 -70.1783 -95.1605 -37.2931 -94.5753 
-22 -219.733 -48 42 -75.6507 -94.7294 -36.8398 -88.0744 
-32 -218.754 -51 41 -69.8906 -95.1989 -36.5999 -95.1254 
-30 -215.138 -48 42 -75.363 -94.7679 -36.1466 -88.6244 
-22 -225.047 -52 42 -71.7877 -95.1605 -40.7224 -94.5753 
-28 -222.177 -52 41 -69.91 -95.1605 -39.858 -94.5753 
-30 -220.452 -52 42 -71.5001 -95.1989 -40.0293 -95.1254 
-26 -218.56 -49 42 -75.3824 -94.7294 -39.4047 -88.0744 
-28 -221.287 -51 41 -69.8906 -95.1989 -36.5999 -95.1254 
-26 -217.67 -48 42 -75.363 -94.7679 -36.1466 -88.6244 
-26 -217.161 -47 41 -74.0413 -94.7294 -33.4104 -88.0744 
-26 -223.874 -53 42 -71.5195 -95.1605 -43.2874 -94.5753 
-24 -224.709 -52 41 -69.91 -95.1605 -39.858 -94.5753 
-26 -216.794 -47 41 -74.0413 -94.2892 -33.6981 -89.2743 
-26 -222.984 -52 42 -71.5001 -95.1989 -40.0293 -95.1254 
-22 -221.093 -49 42 -75.3824 -94.7294 -39.4047 -88.0744 
-26 -222.475 -51 41 -70.1783 -95.1605 -37.2931 -94.5753 
-32 -220.114 -52 41 -69.6224 -95.1989 -39.1649 -95.1254 
-30 -216.498 -49 42 -75.0948 -94.7679 -38.7116 -88.6244 
-32 -219.449 -51 41 -69.7311 -94.2838 -37.6726 -94.1411 
-22 -219.694 -47 41 -74.0413 -94.7294 -33.4104 -88.0744 
-30 -215.832 -48 42 -75.2035 -93.8527 -37.2193 -87.6401 
-26 -218.559 -49 43 -75.0885 -93.865 -40.6526 -89.5415 
-22 -226.407 -53 42 -71.5195 -95.1605 -43.2874 -94.5753 
-26 -217.762 -48 42 -76.2783 -94.8172 -36.8398 -87.2534 
-30 -215.099 -47 41 -73.7536 -94.7679 -32.7173 -88.6244 
-22 -219.327 -47 41 -74.0413 -94.2892 -33.6981 -89.2743 
-30 -221.812 -53 42 -71.2318 -95.1989 -42.5942 -95.1254 
-20 -225.734 -51 41 -72.5315 -98.4239 -36.9566 -90.4763 
-22 -225.008 -51 41 -70.1783 -95.1605 -37.2931 -94.5753 
-28 -222.647 -52 41 -69.6224 -95.1989 -39.1649 -95.1254 
-30 -221.146 -52 42 -71.3406 -94.2838 -41.1019 -94.1411 
-30 -214.732 -47 41 -73.7536 -94.3276 -33.0049 -89.8244 
-26 -217.584 -48 42 -75.0089 -94.2892 -37.2276 -89.2743 
-26 -219.031 -49 42 -75.0948 -94.7679 -38.7116 -88.6244 
-28 -221.982 -51 41 -69.7311 -94.2838 -37.6726 -94.1411 
-26 -218.365 -48 42 -75.2035 -93.8527 -37.2193 -87.6401 
-26 -221 -50 42 -71.722 -94.743 -38.4198 -92.449 
-30 -220.413 -51 41 -69.8906 -95.1989 -36.5999 -95.1254 
-26 -218.521 -48 41 -73.773 -94.7294 -35.9754 -88.0744 
-26 -222.247 -51 41 -70.1783 -94.7202 -37.5807 -95.7753 
-22 -221.091 -49 43 -75.0885 -93.865 -40.6526 -89.5415 
-28 -220.915 -51 41 -70.5637 -94.929 -38.2916 -94.8117 
-36 -217.387 -51 41 -69.4434 -94.3222 -36.9794 -94.6911 
-22 -220.295 -48 42 -76.2783 -94.8172 -36.8398 -87.2534 
-26 -217.298 -48 42 -76.0361 -94.498 -37.8383 -88.3108 
-26 -217.631 -47 41 -73.7536 -94.7679 -32.7173 -88.6244 
-34 -213.77 -48 42 -74.9158 -93.8911 -36.5261 -88.1901 
-26 -218.154 -48 41 -73.773 -94.2892 -36.263 -89.2743 
-30 -216.496 -49 43 -74.8008 -93.9035 -39.9594 -90.0915 
-26 -224.345 -53 42 -71.2318 -95.1989 -42.5942 -95.1254 
-30 -215.7 -48 42 -75.9906 -94.8556 -36.1466 -87.8034 
-16 -228.267 -51 41 -72.5315 -98.4239 -36.9566 -90.4763 
-26 -223.679 -52 42 -71.3406 -94.2838 -41.1019 -94.1411 
-26 -217.264 -47 41 -73.7536 -94.3276 -33.0049 -89.8244 
-28 -216.793 -51 42 -75.5443 -97.176 -41.6282 -95.743 
-26 -223.835 -52 41 -69.91 -95.1605 -39.858 -94.5753 
-22 -220.117 -48 42 -75.0089 -94.2892 -37.2276 -89.2743 
-26 -213.177 -48 43 -81.0167 -96.745 -41.1749 -89.242 
-32 -223.817 -52 41 -65.7665 -93.2405 -36.6572 -94.9333 
-32 -220.809 -52 41 -69.4629 -94.2838 -40.2375 -94.1411 
-22 -223.533 -50 42 -71.722 -94.743 -38.4198 -92.449 
-26 -222.613 -52 42 -72.1732 -94.929 -41.721 -94.8117 
-24 -223.672 -51 41 -72.2438 -98.4623 -36.2634 -91.0263 
-26 -222.946 -51 41 -69.8906 -95.1989 -36.5999 -95.1254 
-34 -219.084 -52 42 -71.0529 -94.3222 -40.4088 -94.6911 
-22 -221.054 -48 41 -73.773 -94.7294 -35.9754 -88.0744 
-30 -217.193 -49 42 -74.9352 -93.8527 -39.7842 -87.6401 
-22 -224.78 -51 41 -70.1783 -94.7202 -37.5807 -95.7753 
-30 -215.522 -48 42 -74.7212 -94.3276 -36.5344 -89.8244 
-24 -223.448 -51 41 -70.5637 -94.929 -38.2916 -94.8117 
-32 -219.919 -51 41 -69.4434 -94.3222 -36.9794 -94.6911 
-26 -219.919 -50 43 -74.8202 -93.865 -43.2175 -89.5415 
-24 -224.227 -50 40 -67.2372 -93.5562 -35.9425 -93.9539 
-22 -219.831 -48 42 -76.0361 -94.498 -37.8383 -88.3108 
-30 -216.303 -48 42 -74.9158 -93.8911 -36.5261 -88.1901 
-30 -218.938 -50 42 -71.4343 -94.7814 -37.7267 -92.999 
-26 -219.122 -49 42 -76.01 -94.8172 -39.4047 -87.2534 
-30 -230.735 -52 42 -64.3232 -92.0815 -33.9807 -87.0749 
-22 -220.61 -47 41 -72.7095 -93.1252 -35.4892 -87.4529 
-30 -216.459 -48 41 -73.4853 -94.7679 -35.2822 -88.6244 
-22 -220.687 -48 41 -73.773 -94.2892 -36.263 -89.2743 
-30 -220.185 -51 41 -69.8906 -94.7586 -36.8876 -96.3254 
-26 -219.029 -49 43 -74.8008 -93.9035 -39.9594 -90.0915 
-32 -218.853 -51 41 -70.276 -94.9674 -37.5984 -95.3618 
-26 -223.038 -52 42 -71.1459 -94.7202 -41.1102 -95.7753 
-26 -218.491 -52 43 -77.1537 -97.176 -45.0575 -95.743 
-30 -215.793 -47 41 -73.5941 -93.8527 -33.7899 -87.6401 
-32 -219.262 -51 41 -70.1783 -95.1605 -37.2931 -94.5753 
-26 -218.233 -48 42 -75.9906 -94.8556 -36.1466 -87.8034 
-30 -215.236 -48 42 -75.7485 -94.5364 -37.1452 -88.8608 
-28 -221.637 -51 41 -69.7613 -93.7792 -39.832 -93.9346 
-24 -219.326 -51 42 -75.5443 -97.176 -41.6282 -95.743 
-30 -215.645 -48 42 -75.6507 -94.7294 -36.8398 -88.0744 
-26 -218.52 -48 42 -73.4791 -93.865 -37.2232 -89.5415 
-20 -227.095 -52 41 -72.2632 -98.4239 -39.5215 -90.4763 
-22 -226.368 -52 41 -69.91 -95.1605 -39.858 -94.5753 
FEATURES_TXT_END_0
FEATURES_TXT_BEGIN_0 100 100 8 Distortion0_0 LM0_0 WordPenalty0_0 PhrasePenalty0_0 TranslationModel0_0 TranslationModel0_1 TranslationModel0_2 TranslationModel0_3 
-14 -166.992 -41 34 -54.2189 -62.7708 -35.0882 -70.858 
-14 -163.067 -39 32 -52.7953 -65.3286 -31.3949 -71.6005 
-24 -159.531 -39 34 -51.6457 -61.7267 -33.6207 -70.2489 
-14 -164.044 -39 32 -51.9686 -64.4519 -31.3949 -71.1662 
-14 -166.68 -40 34 -56.0907 -62.2748 -33.2965 -67.7342 
-24 -160.525 -39 34 -52.1565 -60.7869 -32.9276 -69.1503 
-26 -158.447 -39 34 -51.6457 -61.7267 -33.6207 -70.2489 
-14 -162.754 -38 32 -54.6671 -64.8326 -29.6031 -68.4767 
-26 -159.441 -39 34 -52.1565 -60.7869 -32.9276 -69.1503 
-14 -167.714 -41 34 -54.8607 -63.211 -34.7005 -69.658 
-24 -159.218 -38 34 -53.5175 -61.2308 -31.829 -67.125 
-14 -168.32 -41 34 -53.6659 -62.4045 -32.8127 -72.0864 
-14 -163.732 -38 32 -53.8404 -63.9559 -29.6031 -68.0424 
-14 -166.888 -41 34 -54.3146 -62.1334 -36.5546 -71.6718 
-24 -160.213 -38 34 -54.0283 -60.2909 -31.1358 -66.0264 
-26 -158.134 -38 34 -53.5175 -61.2308 -31.829 -67.125 
-8 -170.663 -40 34 -56.0907 -62.2748 -33.2965 -67.7342 
-14 -163.788 -39 32 -53.4371 -65.7688 -31.0071 -70.4006 
-24 -160.886 -38 33 -49.9448 -60.2847 -30.6719 -68.0217 
-14 -164.395 -39 32 -52.2423 -64.9623 -29.1193 -72.8289 
-14 -162.962 -39 32 -52.8911 -64.6912 -32.8612 -72.4143 
-14 -164.573 -40 34 -57.8352 -63.6919 -34.3951 -69.9251 
-26 -159.129 -38 34 -54.0283 -60.2909 -31.1358 -66.0264 
-24 -160.253 -39 34 -52.2876 -62.167 -33.233 -69.0489 
-14 -164.766 -39 32 -52.6105 -64.8921 -31.0071 -69.9663 
-14 -167.402 -40 34 -56.7325 -62.715 -32.9087 -66.5342 
-8 -166.737 -38 32 -54.6671 -64.8326 -29.6031 -68.4767 
-24 -160.859 -39 34 -51.0927 -61.3604 -31.3452 -71.4773 
-26 -159.802 -38 33 -49.9448 -60.2847 -30.6719 -68.0217 
-14 -165.372 -39 32 -51.4156 -64.0856 -29.1193 -72.3947 
-14 -168.008 -40 34 -55.5377 -61.9085 -31.0209 -68.9626 
-14 -168.908 -41 34 -50.6941 -62.7895 -33.8073 -72.8895 
-24 -159.426 -39 34 -51.7415 -61.0894 -35.0871 -71.0626 
-14 -163.94 -39 32 -52.0644 -63.8145 -32.8612 -71.98 
-14 -166.575 -40 34 -56.1864 -61.6375 -34.7628 -68.5479 
-24 -161.247 -39 34 -52.7984 -61.2271 -32.5398 -67.9503 
-20 -159.176 -37 32 -52.2806 -64.6612 -28.6433 -68.1201 
-14 -160.647 -38 32 -56.4116 -66.2497 -30.7017 -70.6676 
-26 -159.169 -39 34 -52.2876 -62.167 -33.233 -69.0489 
-24 -161.853 -39 34 -51.6036 -60.4206 -30.652 -70.3787 
-18 -163.201 -38 34 -53.5175 -61.2308 -31.829 -67.125 
-14 -163.157 -40 33 -57.8911 -63.9797 -36.8124 -70.131 
-26 -159.775 -39 34 -51.0927 -61.3604 -31.3452 -71.4773 
-14 -169.903 -41 34 -51.2049 -61.8496 -33.1142 -71.7909 
-8 -167.715 -38 32 -53.8404 -63.9559 -29.6031 -68.0424 
-14 -163.476 -38 32 -55.309 -65.2729 -29.2153 -67.2767 
-14 -167.342 -41 33 -47.921 -64.3613 -34.346 -76.8187 
-24 -160.421 -39 34 -52.2523 -60.1495 -34.3939 -69.964 
-24 -160.574 -37 33 -51.8166 -59.7888 -28.8801 -64.8978 
-14 -164.082 -38 32 -54.1141 -64.4664 -27.3275 -69.7051 
-26 -158.342 -39 34 -51.7415 -61.0894 -35.0871 -71.0626 
-14 -165.397 -40 34 -55.7453 -64.829 -32.8127 -70.9878 
-26 -160.163 -39 34 -52.7984 -61.2271 -32.5398 -67.9503 
-24 -157.111 -38 34 -55.262 -62.6479 -32.9276 -69.316 
-14 -162.65 -38 32 -54.7629 -64.1953 -31.0694 -69.2905 
-14 -161.625 -38 32 -55.5849 -65.373 -30.7017 -70.2333 
-14 -164.261 -39 34 -59.707 -63.1959 -32.6033 -66.8013 
-18 -164.195 -38 34 -54.0283 -60.2909 -31.1358 -66.0264 
-26 -160.769 -39 34 -51.6036 -60.4206 -30.652 -70.3787 
-20 -162.117 -38 34 -53.5175 -61.2308 -31.829 -67.125 
-24 -159.94 -38 34 -54.1594 -61.671 -31.4412 -65.9251 
-18 -164.612 -39 34 -53.7042 -62.1034 -32.3367 -67.3776 
-14 -164.454 -38 32 -54.4823 -64.3962 -29.2153 -66.8424 
-14 -159.231 -38 31 -56.4675 -66.5376 -33.1191 -70.8735 
-26 -159.337 -39 34 -52.2523 -60.1495 -34.3939 -69.964 
-24 -160.547 -38 34 -52.9645 -60.8645 -29.5534 -68.3535 
-26 -159.49 -37 33 -51.8166 -59.7888 -28.8801 -64.8978 
-14 -165.06 -38 32 -53.2875 -63.5896 -27.3275 -69.2708 
-14 -168.596 -40 34 -52.5659 -62.2935 -32.0155 -69.7657 
-14 -167.045 -39 34 -53.7042 -62.1034 -32.3367 -67.3776 
-14 -170.113 -40 33 -48.9931 -61.3475 -30.8585 -70.6623 
-14 -167.812 -40 34 -53.8465 -62.1034 -35.3122 -67.3776 
-14 -167.61 -41 34 -54.9565 -62.5737 -36.1668 -70.4718 
-24 -158.106 -38 34 -55.7728 -61.708 -32.2344 -68.2174 
-24 -160.137 -40 34 -52.4166 -61.713 -37.5125 -71.232 
-26 -156.027 -38 34 -55.262 -62.6479 -32.9276 -69.316 
-24 -159.114 -38 34 -53.6133 -60.5934 -33.2953 -67.9388 
-14 -161.471 -38 32 -54.3218 -67.3868 -29.1193 -71.7303 
-14 -168.216 -41 34 -53.7617 -61.7671 -34.279 -72.9002 
-14 -163.627 -38 32 -53.9362 -63.3186 -31.0694 -68.8562 
-20 -163.111 -38 34 -54.0283 -60.2909 -31.1358 -66.0264 
-24 -160.935 -38 34 -54.6702 -60.7312 -30.7481 -64.8265 
-14 -167.753 -40 34 -54.8113 -61.4577 -34.2471 -68.4159 
-20 -158.864 -36 32 -54.1524 -64.1653 -26.8516 -64.9963 
-14 -160.335 -37 32 -58.2834 -65.7538 -28.91 -67.5438 
-26 -158.856 -38 34 -54.1594 -61.671 -31.4412 -65.9251 
-14 -167.174 -41 34 -55.9272 -62.5924 -36.2669 -70.6168 
-8 -171.384 -40 34 -56.7325 -62.715 -32.9087 -66.5342 
-24 -155.695 -38 33 -55.3179 -62.9357 -35.3449 -69.5219 
-24 -161.541 -38 34 -53.4754 -59.9246 -28.8603 -67.2549 
-14 -160.209 -38 31 -55.6408 -65.6609 -33.1191 -70.4392 
-14 -162.845 -39 33 -59.7629 -63.4838 -35.0207 -67.0072 
-26 -159.463 -38 34 -52.9645 -60.8645 -29.5534 -68.3535 
-14 -169.59 -40 34 -53.0767 -61.3537 -31.3224 -68.6671 
-8 -171.991 -40 34 -55.5377 -61.9085 -31.0209 -68.9626 
-24 -161.608 -38 33 -50.5866 -60.725 -30.2841 -66.8217 
-14 -167.03 -40 33 -49.7928 -63.8653 -32.5543 -73.6948 
-24 -161.132 -40 34 -52.9275 -60.7731 -36.8194 -70.1333 
-26 -157.022 -38 34 -55.7728 -61.708 -32.2344 -68.2174 
-12 -168.837 -40 34 -56.0907 -62.2748 -33.2965 -67.7342 
FEATURES_TXT_END_0
FEATURES_TXT_BEGIN_0 101 98 8 Distortion0_0 LM0_0 WordPenalty0_0 PhrasePenalty0_0 TranslationModel0_0 TranslationModel0_1 TranslationModel0_2 TranslationModel0_3 
-32 -221.056 -47 39 -58.1925 -70.3875 -38.4146 -81.1452 
-32 -222.522 -48 39 -57.0607 -70.2257 -39.1618 -83.2945 
-24 -224.319 -46 39 -61.5574 -73.5862 -34.2679 -78.829 
-24 -225.248 -47 39 -61.5769 -71.5915 -38.4146 -79.4452 
-24 -225.785 -47 39 -60.4256 -73.4245 -35.0152 -80.9783 
-34 -218.593 -46 39 -57.7008 -72.2305 -36.0258 -81.8761 
-24 -226.715 -48 39 -60.4451 -71.4297 -39.1618 -81.5945 
-32 -219.69 -46 39 -61.5574 -73.5862 -34.2679 -78.829 
-32 -220.196 -46 39 -58.9184 -70.3875 -36.6228 -81.1452 
-34 -220.06 -47 39 -56.569 -72.0687 -36.773 -84.0254 
-32 -221.401 -47 39 -57.1051 -70.2257 -38.4686 -83.2945 
-24 -224.421 -47 39 -60.9471 -71.2436 -40.6659 -80.7146 
-32 -221.157 -47 39 -60.4256 -73.4245 -35.0152 -80.9783 
-30 -221.01 -46 39 -61.5574 -73.5862 -34.2679 -78.829 
-34 -222.67 -46 39 -57.1544 -70.5093 -36.0403 -74.409 
-32 -219.801 -46 39 -60.6579 -72.7222 -34.9611 -80.0394 
-24 -225.888 -48 39 -59.8153 -71.0818 -41.4131 -82.864 
-34 -220.702 -47 39 -58.1925 -70.3875 -38.4146 -81.1452 
-32 -224.078 -47 39 -56.5271 -69.5185 -36.9317 -79.7393 
-16 -229.488 -46 39 -61.5574 -73.5862 -34.2679 -78.829 
-32 -223.469 -49 39 -55.4185 -70.8117 -40.9535 -87.1657 
-30 -222.477 -47 39 -60.4256 -73.4245 -35.0152 -80.9783 
-34 -224.137 -47 39 -56.0226 -70.3476 -36.7875 -76.5583 
-34 -219.891 -46 39 -58.173 -72.3822 -34.2679 -80.529 
-32 -221.268 -47 39 -59.5261 -72.5605 -35.7083 -82.1887 
-34 -222.169 -48 39 -57.0607 -70.2257 -39.1618 -83.2945 
-32 -225.545 -48 39 -55.3953 -69.3567 -37.6789 -81.8887 
-32 -219.985 -46 39 -61.5574 -73.5862 -34.2679 -78.829 
-16 -230.955 -47 39 -60.4256 -73.4245 -35.0152 -80.9783 
-28 -222.417 -46 39 -61.5574 -73.5862 -34.2679 -78.829 
-34 -221.358 -47 39 -57.0412 -72.2205 -35.0152 -82.6783 
-32 -224.452 -47 39 -55.2477 -68.7014 -37.8823 -80.4211 
-16 -228.662 -46 39 -60.9276 -73.2383 -36.5192 -80.0984 
-32 -221.452 -47 39 -60.4256 -73.4245 -35.0152 -80.9783 
-20 -227.316 -46 39 -61.5574 -73.5862 -34.2679 -78.829 
-28 -220.991 -45 39 -61.9823 -71.4276 -38.1269 -75.5318 
-28 -223.884 -47 39 -60.4256 -73.4245 -35.0152 -80.9783 
-32 -225.918 -48 39 -54.1159 -68.5397 -38.6296 -82.5704 
-16 -230.129 -47 39 -59.7958 -73.0766 -37.2664 -82.2478 
-20 -228.783 -47 39 -60.4256 -73.4245 -35.0152 -80.9783 
-28 -222.458 -46 39 -60.8505 -71.2659 -38.8741 -77.6811 
-24 -223.459 -45 39 -62.2833 -73.5862 -32.4762 -78.829 
-24 -224.664 -46 39 -60.47 -73.4245 -34.322 -80.9783 
-24 -224.388 -46 39 -62.3028 -71.5915 -36.6228 -79.4452 
-24 -225.593 -47 39 -60.4895 -71.4297 -38.4686 -81.5945 
-36 -219.94 -47 39 -58.1925 -70.3875 -38.4146 -81.1452 
-32 -220.888 -46 39 -61.2939 -73.2716 -33.8625 -79.0546 
-20 -226.49 -46 39 -60.9276 -73.2383 -36.5192 -80.0984 
-26 -225.933 -45 39 -60.5193 -73.7081 -31.8937 -72.0929 
-34 -217.734 -45 39 -58.4268 -72.2305 -34.234 -81.8761 
-35 -222.757 -47 39 -56.5271 -69.5185 -36.9317 -79.7393 
-34 -218.938 -46 39 -56.6135 -72.0687 -36.0799 -84.0254 
-26 -226.862 -46 39 -60.5388 -71.7133 -36.0403 -72.7091 
-24 -227.341 -46 39 -59.892 -72.7173 -32.7851 -77.4232 
-32 -218.83 -45 39 -62.2833 -73.5862 -32.4762 -78.829 
-36 -221.407 -48 39 -57.0607 -70.2257 -39.1618 -83.2945 
-32 -220.146 -46 39 -59.5706 -72.5605 -35.0152 -82.1887 
-20 -227.957 -47 39 -59.7958 -73.0766 -37.2664 -82.2478 
-24 -225.027 -47 39 -60.0476 -70.3796 -41.359 -81.925 
-24 -226.732 -48 39 -58.7834 -74.0105 -36.8069 -84.8495 
-24 -228.27 -47 39 -59.9115 -70.7225 -36.9317 -78.0394 
-32 -220.035 -46 39 -60.47 -73.4245 -34.322 -80.9783 
-28 -227.36 -46 40 -57.4812 -69.6326 -36.8257 -73.9747 
-26 -227.4 -46 39 -59.3875 -73.5464 -32.6409 -74.2422 
-36 -220.207 -45 39 -56.6627 -72.3523 -33.6516 -75.1399 
-34 -219.248 -46 39 -61.5574 -73.5862 -34.2679 -78.829 
-35 -224.224 -48 39 -55.3953 -69.3567 -37.6789 -81.8887 
-24 -227.661 -49 39 -58.8028 -72.0157 -40.9535 -85.4657 
-37 -221.675 -47 39 -56.5271 -69.5185 -36.9317 -79.7393 
-24 -223.562 -46 39 -61.673 -71.2436 -38.8741 -80.7146 
-26 -228.329 -47 39 -59.407 -71.5516 -36.7876 -74.8584 
-24 -228.808 -47 39 -58.7602 -72.5555 -33.5323 -79.5725 
-24 -224.766 -47 39 -59.8597 -71.0818 -40.7199 -82.864 
-34 -221.322 -47 39 -58.1925 -70.3875 -38.4146 -81.1452 
-34 -221.615 -46 39 -56.0354 -71.3615 -34.543 -80.4702 
-34 -221.304 -45 39 -60.5193 -73.7081 -31.8937 -72.0929 
-32 -224.893 -45 40 -54.4153 -68.4286 -34.7463 -75.6747 
-28 -222.911 -46 39 -61.5574 -73.5862 -34.2679 -78.829 
-24 -226.494 -48 39 -58.9158 -70.2178 -42.1062 -84.0744 
-32 -223.586 -47 39 -55.9307 -68.3947 -38.9254 -82.3347 
-24 -229.737 -48 39 -58.7797 -70.5607 -37.6789 -80.1887 
-30 -220.151 -45 39 -62.2833 -73.5862 -32.4762 -78.829 
-32 -221.148 -47 39 -57.2762 -70.9735 -38.4146 -85.0164 
-34 -221.006 -48 39 -54.9268 -72.6547 -38.5648 -87.8966 
-32 -225.362 -46 40 -57.2177 -69.318 -36.4203 -74.2003 
-34 -221.81 -45 39 -57.8803 -70.5093 -34.2486 -74.409 
-28 -228.826 -47 40 -56.3494 -69.4709 -37.5729 -76.124 
-30 -221.355 -46 39 -60.47 -73.4245 -34.322 -80.9783 
-36 -221.674 -46 39 -55.531 -72.1906 -34.3988 -77.2892 
-32 -222.712 -46 39 -59.892 -72.7173 -32.7851 -77.4232 
-34 -223.015 -46 39 -56.0671 -70.3476 -36.0944 -76.5583 
-34 -220.715 -47 39 -60.4256 -73.4245 -35.0152 -80.9783 
-26 -226.035 -46 39 -59.909 -71.3654 -38.2916 -73.9785 
-24 -227.715 -46 39 -58.6126 -71.9002 -33.7357 -78.105 
-32 -218.941 -45 39 -61.3838 -72.7222 -33.1693 -80.0394 
-37 -223.142 -48 39 -55.3953 -69.3567 -37.6789 -81.8887 
-34 -219.843 -46 39 -58.9184 -70.3875 -36.6228 -81.1452 
-32 -223.218 -46 39 -57.253 -69.5185 -35.14 -79.7393 
FEATURES_TXT_END_0
FEATURES_TXT_BEGIN_0 102 100 8 Distortion0_0 LM0_0 WordPenalty0_0 PhrasePenalty0_0 TranslationModel0_0 TranslationModel0_1 TranslationModel0_2 TranslationModel0_3 
-48 -330.153 -67 55 -90.0168 -135.951 -48.1124 -136.54 
-48 -329.301 -66 55 -90.0168 -134.724 -48.8055 -134.313 
-48 -336.984 -69 56 -85.0499 -130.204 -52.1668 -137.8 
-48 -336.133 -68 56 -85.0499 -128.977 -52.8599 -135.573 
-48 -333.211 -69 56 -89.7029 -134.747 -51.572 -139.282 
-48 -338.265 -69 56 -84.4213 -130.218 -51.2505 -136.817 
-48 -332.359 -68 56 -89.7029 -133.519 -52.2652 -137.055 
-48 -337.413 -68 56 -84.4213 -128.991 -51.9436 -134.59 
-50 -334.612 -68 57 -89.9153 -132.2 -49.6795 -133.182 
-48 -333.114 -65 54 -87.5346 -134.196 -41.711 -130.314 
-50 -333.76 -67 57 -89.9153 -130.972 -50.3727 -130.955 
-48 -332.262 -64 54 -87.5346 -132.968 -42.4042 -128.088 
-44 -338.153 -68 55 -87.2911 -132.2 -50.6579 -133.182 
-44 -337.952 -67 55 -87.4945 -132.2 -46.033 -133.182 
-48 -333.26 -67 55 -88.6021 -133.39 -48.1124 -134.548 
-44 -337.301 -67 55 -87.2911 -130.972 -51.3511 -130.955 
-44 -337.1 -66 55 -87.4945 -130.972 -46.7261 -130.955 
-48 -332.408 -66 55 -88.6021 -132.162 -48.8055 -132.321 
-48 -340.042 -71 57 -84.736 -128.999 -55.6264 -140.542 
-48 -339.19 -70 57 -84.736 -127.772 -56.3196 -138.315 
-50 -341.443 -70 58 -84.9484 -126.452 -53.7339 -134.442 
-48 -339.945 -67 55 -82.5677 -128.449 -45.7654 -131.574 
-50 -340.591 -69 58 -84.9484 -125.225 -54.4271 -132.215 
-58 -324.185 -66 55 -90.0168 -134.724 -48.8055 -134.313 
-48 -339.093 -66 55 -82.5677 -127.221 -46.4586 -129.348 
-44 -344.984 -70 56 -82.3243 -126.452 -54.7123 -134.442 
-58 -326.747 -68 56 -89.7029 -133.519 -52.2652 -137.055 
-44 -344.783 -69 56 -82.5276 -126.452 -50.0874 -134.442 
-48 -340.091 -69 56 -83.6352 -127.642 -52.1668 -135.808 
-44 -336.168 -68 55 -88.3987 -133.39 -52.7374 -134.548 
-44 -344.132 -69 56 -82.3243 -125.225 -55.4055 -132.215 
-48 -331.932 -68 56 -90.2137 -134.747 -50.4734 -139.282 
-44 -343.931 -68 56 -82.5276 -125.225 -50.7805 -132.215 
-48 -339.24 -68 56 -83.6352 -126.415 -52.8599 -133.581 
-44 -335.316 -67 55 -88.3987 -132.162 -53.4305 -132.321 
-48 -331.266 -67 56 -89.486 -135.153 -49.63 -137.173 
-48 -331.08 -67 56 -90.2137 -133.519 -51.1666 -137.055 
-48 -341.322 -71 57 -84.1074 -129.013 -54.7101 -139.559 
-48 -330.415 -66 56 -89.486 -133.926 -50.3232 -134.946 
-48 -340.47 -70 57 -84.1074 -127.786 -55.4033 -137.332 
-50 -337.669 -70 58 -89.6013 -130.995 -53.1392 -135.923 
-48 -336.171 -67 55 -87.2206 -132.991 -45.1707 -133.056 
-50 -342.723 -70 58 -84.3198 -126.466 -52.8176 -133.458 
-48 -341.225 -67 55 -81.9391 -128.462 -44.8491 -130.591 
-48 -331.511 -67 55 -88.7374 -135.134 -49.063 -137.222 
-50 -336.817 -69 58 -89.6013 -129.767 -53.8323 -133.696 
-48 -335.32 -66 55 -87.2206 -131.763 -45.8638 -130.829 
-50 -341.871 -69 58 -84.3198 -125.239 -53.5108 -131.232 
-40 -341.687 -69 55 -87.5514 -132.2 -53.836 -133.182 
-58 -331.017 -68 56 -85.0499 -128.977 -52.8599 -135.573 
-48 -328.645 -67 55 -90.5329 -136.942 -51.28 -138.642 
-48 -340.374 -66 55 -81.9391 -127.235 -45.5423 -128.364 
-44 -341.211 -70 56 -86.9772 -130.995 -54.1176 -135.923 
-50 -337.572 -66 56 -87.4331 -130.444 -43.2782 -126.956 
-48 -330.659 -66 55 -88.7374 -133.907 -49.7562 -134.995 
-40 -341.485 -68 55 -87.7548 -132.2 -49.211 -133.182 
-44 -346.265 -70 56 -81.6956 -126.466 -53.796 -133.458 
-58 -333.578 -70 57 -84.736 -127.772 -56.3196 -138.315 
-40 -340.835 -68 55 -87.5514 -130.972 -54.5291 -130.955 
-44 -341.009 -69 56 -87.1805 -130.995 -49.4926 -135.923 
-48 -327.793 -66 55 -90.5329 -135.715 -51.9731 -136.416 
-48 -336.318 -69 56 -88.2881 -132.185 -51.572 -137.289 
-44 -340.359 -69 56 -86.9772 -129.767 -54.8107 -133.696 
-50 -336.72 -65 56 -87.4331 -129.217 -43.9713 -124.729 
-44 -346.063 -69 56 -81.899 -126.466 -49.1711 -133.458 
-48 -341.372 -69 56 -83.0066 -127.656 -51.2505 -134.825 
-40 -340.634 -67 55 -87.7548 -130.972 -49.9042 -130.955 
-44 -342.999 -70 56 -83.4319 -127.642 -56.7918 -135.808 
-44 -345.413 -69 56 -81.6956 -125.239 -54.4892 -131.232 
-48 -338.763 -70 57 -85.2468 -128.999 -54.5278 -140.542 
-44 -340.158 -68 56 -87.1805 -129.767 -50.1857 -133.696 
-48 -335.466 -68 56 -88.2881 -130.957 -52.2652 -135.062 
-46 -332.737 -68 55 -90.9118 -135.623 -52.2265 -136.643 
-44 -341.114 -66 54 -84.8089 -130.444 -44.2566 -126.956 
-44 -345.211 -68 56 -81.899 -125.239 -49.8642 -131.232 
-48 -340.52 -68 56 -83.0066 -126.429 -51.9436 -132.598 
-44 -342.147 -69 56 -83.4319 -126.415 -57.4849 -133.581 
-48 -338.098 -69 57 -84.5191 -129.406 -53.6844 -138.433 
-44 -340.913 -65 54 -85.0122 -130.444 -39.6316 -126.956 
-48 -328.894 -66 55 -91.4901 -135.951 -48.1124 -136.54 
-48 -337.911 -69 57 -85.2468 -127.772 -55.221 -138.315 
-48 -336.221 -65 54 -86.1198 -131.634 -41.711 -128.322 
-46 -331.885 -67 55 -90.9118 -134.395 -52.9197 -134.416 
-44 -340.262 -65 54 -84.8089 -129.217 -44.9497 -124.729 
-48 -337.246 -68 57 -84.5191 -128.179 -54.3776 -136.206 
-44 -340.061 -64 54 -85.0122 -129.217 -40.3247 -124.729 
-48 -328.042 -65 55 -91.4901 -134.724 -48.8055 -134.313 
-48 -335.369 -64 54 -86.1198 -130.406 -42.4042 -126.095 
-50 -344.5 -72 59 -84.6345 -125.248 -57.1936 -137.183 
-48 -343.003 -69 56 -82.2537 -127.244 -49.2251 -134.316 
-48 -338.342 -69 56 -83.7705 -129.387 -53.1174 -138.482 
-50 -343.648 -71 59 -84.6345 -124.02 -57.8867 -134.956 
-58 -325.468 -67 56 -90.2137 -133.519 -51.1666 -137.055 
-48 -342.151 -68 56 -82.2537 -126.016 -49.9182 -132.089 
-40 -348.518 -71 56 -82.5845 -126.452 -57.8904 -134.442 
-48 -335.476 -69 56 -85.566 -131.195 -55.3344 -139.902 
-58 -332.297 -68 56 -84.4213 -128.991 -51.9436 -134.59 
-44 -348.042 -72 57 -82.0103 -125.248 -58.172 -137.183 
-50 -344.404 -68 57 -82.4662 -124.697 -47.3326 -128.216 
-48 -337.491 -68 56 -83.7705 -128.16 -53.8106 -136.255 
FEATURES_TXT_END_0
FEATURES_TXT_BEGIN_0 103 100 8 Distortion0_0 LM0_0 WordPenalty0_0 PhrasePenalty0_0 TranslationModel0_0 TranslationModel0_1 TranslationModel0_2 TranslationModel0_3 
-36 -280.22 -62 53 -104.661 -124.468 -50.7363 -123.174 
-36 -281.594 -63 53 -104.875 -124.468 -52.435 -123.174 
-28 -279.086 -62 54 -109.143 -128.237 -55.178 -126.702 
-36 -281.476 -62 53 -104.259 -123.112 -50.0432 -122.988 
-36 -281.934 -62 53 -102.998 -124.168 -48.485 -123.663 
-28 -280.461 -63 54 -109.356 -128.237 -56.8767 -126.702 
-36 -281.874 -62 53 -102.646 -122.653 -50.3309 -124.043 
-36 -282.851 -63 53 -104.472 -123.112 -51.7419 -122.988 
-36 -279.504 -64 53 -105.904 -127.762 -53.1281 -128.887 
-28 -280.343 -62 54 -108.741 -126.882 -54.4849 -126.516 
-36 -283.309 -63 53 -103.211 -124.168 -50.1837 -123.663 
-28 -280.801 -62 54 -107.479 -127.937 -52.9267 -127.192 
-30 -276.309 -60 51 -111.325 -131.002 -51.1011 -117.382 
-28 -277.182 -60 53 -108.737 -129.24 -50.8213 -124.865 
-30 -276.767 -60 51 -110.064 -132.057 -49.5429 -118.058 
-36 -276.246 -60 51 -106.321 -128.517 -47.8413 -119.357 
-36 -283.248 -63 53 -102.86 -122.653 -52.0295 -124.043 
-28 -280.741 -62 54 -107.128 -126.423 -54.7726 -127.571 
-28 -281.718 -63 54 -108.954 -126.882 -56.1836 -126.516 
-28 -278.371 -64 54 -110.386 -131.531 -57.5698 -132.415 
-30 -276.707 -60 51 -109.712 -130.543 -51.3887 -118.437 
-28 -282.176 -63 54 -107.693 -127.937 -54.6254 -127.192 
-28 -284.78 -62 54 -106.925 -123.627 -52.5541 -122.862 
-30 -277.684 -61 51 -111.538 -131.002 -52.7997 -117.382 
-36 -280.761 -64 53 -105.502 -126.406 -52.435 -128.701 
-28 -278.556 -61 53 -108.951 -129.24 -52.52 -124.865 
-22 -275.176 -60 52 -115.806 -134.772 -55.5428 -120.91 
-30 -278.142 -61 51 -110.277 -132.057 -51.2416 -118.058 
-36 -277.62 -61 51 -106.535 -128.517 -49.54 -119.357 
-36 -281.219 -64 53 -104.241 -127.461 -50.8769 -129.377 
-30 -276.043 -60 51 -110.911 -130.503 -52.1997 -118.298 
-22 -275.634 -60 52 -114.545 -135.827 -53.9846 -121.586 
-28 -275.112 -60 52 -110.803 -132.287 -52.283 -122.885 
-28 -282.115 -63 54 -107.341 -126.423 -56.4712 -127.571 
-28 -278.439 -60 53 -108.335 -127.885 -50.1282 -124.679 
-36 -277.502 -60 51 -105.919 -127.162 -47.1482 -119.171 
-28 -278.897 -60 53 -107.074 -128.94 -48.57 -125.354 
-30 -278.081 -61 51 -109.926 -130.543 -53.0874 -118.437 
-36 -281.159 -64 53 -103.889 -125.947 -52.7227 -129.756 
-36 -277.96 -60 51 -104.658 -128.217 -45.59 -119.846 
-22 -275.574 -60 52 -114.194 -134.313 -55.8304 -121.965 
-36 -278.718 -62 53 -106.327 -125.337 -52.2192 -124.58 
-28 -286.154 -63 54 -107.138 -123.627 -54.2527 -122.862 
-32 -275.401 -60 51 -111.325 -131.002 -51.1011 -117.382 
-22 -276.551 -61 52 -116.02 -134.772 -57.2414 -120.91 
-28 -279.628 -64 54 -109.983 -130.176 -56.8767 -132.229 
-36 -273.02 -60 51 -111.325 -131.002 -51.1011 -117.382 
-36 -280.835 -61 53 -104.661 -123.783 -50.7363 -119.096 
-30 -277.418 -61 51 -111.124 -130.503 -53.8983 -118.298 
-38 -275.427 -59 51 -107.968 -127.416 -46.6584 -114.758 
-32 -275.859 -60 51 -110.064 -132.057 -49.5429 -118.058 
-22 -277.009 -61 52 -114.758 -135.827 -55.6833 -121.586 
-38 -275.337 -60 51 -106.321 -128.517 -47.8413 -119.357 
-28 -276.487 -61 52 -111.016 -132.287 -53.9817 -122.885 
-28 -278.836 -60 53 -106.722 -127.426 -50.4159 -125.734 
-28 -280.086 -64 54 -108.722 -131.231 -55.3186 -132.905 
-22 -274.91 -60 52 -115.392 -134.273 -56.6414 -121.827 
-36 -273.478 -60 51 -110.064 -132.057 -49.5429 -118.058 
-36 -277.9 -60 51 -104.306 -126.703 -47.4359 -120.226 
-28 -286.037 -62 54 -106.522 -122.271 -51.8609 -122.676 
-38 -275.886 -59 51 -106.707 -128.471 -45.1003 -115.433 
-42 -272.956 -60 51 -106.321 -128.517 -47.8413 -119.357 
-30 -275.594 -62 51 -112.568 -134.296 -53.4929 -123.095 
-42 -274.054 -59 51 -106.26 -127.594 -45.4797 -114.999 
-28 -279.813 -61 53 -108.548 -127.885 -51.8268 -124.679 
-28 -276.466 -62 53 -109.98 -132.534 -53.2131 -130.578 
-28 -286.495 -62 54 -105.261 -123.326 -50.3028 -123.351 
-30 -276.052 -62 51 -111.307 -135.351 -51.9347 -123.771 
-38 -280.364 -63 53 -104.689 -124.468 -54.2627 -123.174 
-36 -278.877 -61 51 -106.132 -127.162 -48.8468 -119.171 
-36 -275.53 -62 51 -107.564 -131.811 -50.2331 -125.07 
-28 -280.271 -61 53 -107.287 -128.94 -50.2687 -125.354 
-28 -276.369 -60 52 -110.4 -130.931 -51.5899 -122.699 
-28 -282.875 -60 53 -106.519 -124.63 -48.1974 -121.025 
-36 -279.335 -61 51 -104.871 -128.217 -47.2887 -119.846 
-30 -279.031 -61 52 -111.087 -130.222 -51.5696 -118.111 
-36 -278.893 -60 52 -103.964 -127.834 -43.9446 -121.602 
-32 -275.799 -60 51 -109.712 -130.543 -51.3887 -118.437 
-22 -276.948 -61 52 -114.407 -134.313 -57.5291 -121.965 
-28 -280.026 -64 54 -108.371 -129.717 -57.1644 -133.284 
-28 -276.827 -60 52 -109.139 -131.986 -50.0317 -123.374 
-36 -280.092 -63 53 -106.54 -125.337 -53.9178 -124.58 
-22 -273.272 -58 51 -115.401 -135.774 -51.186 -119.073 
-30 -279.489 -61 52 -109.825 -131.277 -50.0114 -118.786 
-36 -273.418 -60 51 -109.712 -130.543 -51.3887 -118.437 
-36 -278.967 -61 52 -106.083 -127.737 -48.3098 -120.085 
-38 -275.825 -59 51 -106.356 -126.957 -46.9461 -115.812 
-28 -277.585 -62 54 -110.808 -129.106 -56.6609 -128.108 
-32 -276.776 -61 51 -111.538 -131.002 -52.7997 -117.382 
-22 -273.73 -58 51 -114.14 -136.83 -49.6279 -119.749 
-28 -273.208 -58 51 -110.397 -133.289 -47.9263 -121.048 
-28 -286.434 -62 54 -104.91 -121.812 -52.1486 -123.731 
-30 -275.992 -62 51 -110.955 -133.837 -53.7805 -124.15 
-24 -274.268 -60 52 -115.806 -134.772 -55.5427 -120.91 
-36 -274.394 -61 51 -111.538 -131.002 -52.7997 -117.382 
-36 -282.21 -62 53 -104.875 -123.783 -52.435 -119.096 
-38 -276.802 -60 51 -108.182 -127.416 -48.3571 -114.758 
-32 -277.234 -61 51 -110.277 -132.057 -51.2416 -118.058 
-28 -282.587 -62 54 -107.351 -125.221 -54.0794 -125.603 
-38 -276.712 -61 51 -106.535 -128.517 -49.54 -119.357 
FEATURES_TXT_END_0
FEATURES_TXT_BEGIN_0 104 100 8 Distortion0_0 LM0_0 WordPenalty0_0 PhrasePenalty0_0 TranslationModel0_0 TranslationModel0_1 TranslationModel0_2 TranslationModel0_3 
-27 -215.294 -42 36 -40.0854 -71.6637 -33.0343 -80.3171 
-19 -220.535 -42 37 -40.3927 -71.6637 -32.857 -80.3171 
-27 -219.023 -43 36 -37.9687 -68.6652 -34.3516 -80.1393 
-19 -224.264 -43 37 -38.276 -68.6652 -34.1743 -80.1393 
-27 -219.287 -40 34 -32.0274 -67.9814 -27.9436 -75.835 
-19 -224.528 -40 35 -32.3347 -67.9814 -27.7663 -75.835 
-27 -218.037 -42 36 -37.7555 -68.6652 -32.6529 -80.1393 
-27 -223.016 -41 34 -29.9107 -64.9829 -29.2609 -75.6572 
-27 -214.212 -42 36 -42.388 -73.8702 -33.0343 -79.624 
-19 -223.278 -42 37 -38.0627 -68.6652 -32.4757 -80.1393 
-19 -221.204 -43 37 -40.7146 -71.6637 -36.8552 -80.3171 
-19 -228.256 -41 35 -30.218 -64.9829 -29.0836 -75.6572 
-25 -213.301 -42 36 -44.0534 -74.7391 -34.5171 -81.0298 
-22 -219.495 -43 36 -40.4855 -71.6637 -35.9521 -80.3171 
-19 -219.453 -42 37 -42.6953 -73.8702 -32.857 -79.624 
-22 -217.991 -43 36 -42.7881 -73.8702 -35.9521 -79.624 
-28 -213.732 -42 36 -42.388 -73.8702 -33.0343 -79.624 
-27 -217.941 -43 36 -40.2713 -70.8716 -34.3516 -79.4462 
-17 -218.542 -42 37 -44.3606 -74.7391 -34.3399 -81.0298 
-14 -224.736 -43 37 -40.7928 -71.6637 -35.7748 -80.3171 
-19 -224.932 -44 37 -38.5979 -68.6652 -38.1725 -80.1393 
-25 -217.029 -43 36 -41.9367 -71.7406 -35.8344 -80.852 
-14 -223.231 -43 37 -43.0953 -73.8702 -35.7748 -79.624 
-27 -222.029 -40 34 -29.6974 -64.9829 -27.5622 -75.6572 
-20 -218.972 -42 37 -42.6953 -73.8702 -32.857 -79.624 
-22 -223.224 -44 36 -38.3688 -68.6652 -37.2694 -80.1393 
-19 -223.182 -43 37 -40.5786 -70.8716 -34.1743 -79.4462 
-22 -221.719 -44 36 -40.6714 -70.8716 -37.2694 -79.4462 
-28 -217.46 -43 36 -40.2713 -70.8716 -34.3516 -79.4462 
-19 -219.396 -42 36 -39.7489 -72.1916 -34.6437 -82.0255 
-27 -218.205 -40 34 -34.33 -70.1879 -27.9436 -75.1418 
-27 -217.676 -43 36 -36.8165 -72.5077 -31.0041 -85.6226 
-17 -222.27 -43 37 -42.244 -71.7406 -35.6572 -80.852 
-19 -227.27 -40 35 -30.0047 -64.9829 -27.385 -75.6572 
-19 -225.196 -41 35 -32.6566 -67.9814 -31.7645 -75.835 
-27 -217.346 -41 36 -38.5182 -68.6497 -31.2425 -78.4547 
-14 -228.464 -44 37 -38.6761 -68.6652 -37.0921 -80.1393 
-25 -217.294 -40 34 -35.9954 -71.0568 -29.4264 -76.5477 
-27 -218.331 -43 38 -41.3189 -71.6637 -33.1527 -80.3171 
-14 -226.96 -44 37 -40.9787 -70.8716 -37.0921 -79.4462 
-22 -223.488 -41 34 -32.4275 -67.9814 -30.8614 -75.835 
-20 -222.701 -43 37 -40.5786 -70.8716 -34.1743 -79.4462 
-19 -223.446 -40 35 -34.6373 -70.1879 -27.7663 -75.1418 
-19 -222.917 -43 37 -37.1237 -72.5077 -30.8269 -85.6226 
-22 -221.983 -41 34 -34.7301 -70.1879 -30.8614 -75.1418 
-22 -219.123 -42 36 -40.0854 -71.6637 -33.0343 -80.3171 
-28 -217.724 -40 34 -34.33 -70.1879 -27.9436 -75.1418 
-27 -216.955 -42 36 -40.058 -70.8716 -32.6529 -79.4462 
-19 -223.125 -43 36 -37.6323 -69.193 -35.961 -81.8477 
-27 -221.933 -41 34 -32.2133 -67.1893 -29.2609 -74.964 
-19 -222.587 -41 37 -38.8255 -68.6497 -31.0653 -78.4547 
-27 -221.405 -44 36 -34.6998 -69.5092 -32.3214 -85.4448 
-17 -222.534 -40 35 -36.3026 -71.0568 -29.2492 -76.5477 
-19 -223.946 -43 37 -38.3846 -68.6652 -36.4739 -80.1393 
-14 -228.729 -41 35 -32.7348 -67.9814 -30.6841 -75.835 
-25 -216.043 -42 36 -41.7234 -71.7406 -34.1358 -80.852 
-27 -213.58 -42 36 -42.7272 -74.6623 -33.7274 -80.4949 
-19 -228.925 -42 35 -30.5399 -64.9829 -33.0818 -75.6572 
-27 -221.075 -42 36 -36.4015 -65.6512 -32.5598 -78.2769 
-27 -217.35 -41 34 -35.8806 -70.9954 -30.6517 -77.6974 
-22 -217.674 -42 36 -42.388 -73.8702 -33.0343 -79.624 
-25 -221.022 -41 34 -33.8787 -68.0583 -30.7437 -76.3699 
-14 -227.224 -41 35 -35.0373 -70.1879 -30.6841 -75.1418 
-22 -222.237 -43 36 -38.1555 -68.6652 -35.5707 -80.1393 
-27 -222.059 -44 38 -39.2022 -68.6652 -34.47 -80.1393 
-14 -224.364 -42 37 -40.3927 -71.6637 -32.857 -80.3171 
-20 -222.965 -40 35 -34.6373 -70.1879 -27.7663 -75.1418 
-19 -222.195 -42 37 -40.3653 -70.8716 -32.4757 -79.4462 
-22 -227.216 -42 34 -30.3108 -64.9829 -32.1787 -75.6572 
-19 -220.122 -43 37 -43.0172 -73.8702 -36.8552 -79.624 
-25 -214.406 -43 36 -44.4535 -74.7391 -37.4349 -81.0298 
-22 -220.733 -43 36 -40.4581 -70.8716 -35.5707 -79.4462 
-19 -227.174 -41 35 -32.5206 -67.1893 -29.0836 -74.964 
-28 -216.474 -42 36 -40.058 -70.8716 -32.6529 -79.4462 
-19 -226.646 -44 37 -35.0071 -69.5092 -32.1442 -85.4448 
-22 -225.712 -42 34 -32.6134 -67.1893 -32.1787 -74.964 
-19 -221.05 -42 36 -40.0854 -71.6637 -33.0343 -80.3171 
-22 -222.852 -43 36 -37.9687 -68.6652 -34.3516 -80.1393 
-28 -221.453 -41 34 -32.2133 -67.1893 -29.2609 -74.964 
-19 -223.389 -40 34 -31.6909 -68.5093 -29.553 -77.5434 
-27 -216.269 -42 36 -40.0854 -71.6637 -33.0343 -80.3171 
-17 -221.284 -42 37 -42.0307 -71.7406 -33.9585 -80.852 
-19 -218.821 -42 37 -43.0344 -74.6623 -33.5502 -80.4949 
-19 -226.315 -42 37 -36.7088 -65.6512 -32.3826 -78.2769 
-17 -219.21 -43 37 -44.6825 -74.7391 -38.3381 -81.0298 
-19 -222.591 -41 35 -36.1879 -70.9954 -30.4744 -77.6974 
-14 -222.915 -42 37 -42.6953 -73.8702 -32.857 -79.624 
-17 -226.263 -41 35 -34.186 -68.0583 -30.5665 -76.3699 
-14 -227.478 -43 37 -38.4628 -68.6652 -35.3934 -80.1393 
-14 -225.404 -44 37 -41.1147 -71.6637 -39.773 -80.3171 
-14 -232.457 -42 35 -30.6181 -64.9829 -32.0014 -75.6572 
-17 -219.647 -43 37 -44.7607 -74.7391 -37.2576 -81.0298 
-27 -217.308 -43 36 -40.6105 -71.6637 -35.0447 -80.3171 
-14 -225.974 -43 37 -40.7654 -70.8716 -35.3934 -79.4462 
-31 -213.924 -42 36 -40.0854 -71.6637 -33.0343 -80.3171 
-14 -223.9 -44 37 -43.4172 -73.8702 -39.773 -79.624 
-27 -221.078 -42 34 -33.7639 -67.9968 -31.969 -77.5196 
-20 -221.715 -42 37 -40.3653 -70.8716 -32.4757 -79.4462 
-27 -222.323 -41 36 -33.2609 -67.9814 -28.062 -75.835 
-22 -221.403 -43 36 -40.2713 -70.8716 -34.3516 -79.4462 
FEATURES_TXT_END_0
FEATURES_TXT_BEGIN_0 105 85 8 Distortion0_0 LM0_0 WordPenalty0_0 PhrasePenalty0_0 TranslationModel0_0 TranslationModel0_1 TranslationModel0_2 TranslationModel0_3 
-8 -132.758 -18 17 -16.8593 -18.8895 -9.06685 -24.4037 
-8 -135.374 -18 17 -15.4445 -16.3276 -9.06685 -22.4112 
-4 -137.9 -18 17 -15.4445 -16.3276 -9.06685 -22.4112 
-4 -135.249 -18 17 -19.4242 -19.0718 -9.06685 -23.0174 
-8 -132.887 -18 17 -19.4242 -19.0718 -9.06685 -23.0174 
-4 -137.865 -18 17 -18.0095 -16.5099 -9.06685 -21.0249 
-8 -133.821 -18 17 -15.5799 -18.0724 -10.0175 -25.0854 
-8 -135.503 -18 17 -18.0095 -16.5099 -9.06685 -21.0249 
-8 -130.804 -17 16 -18.1897 -18.9215 -9.51987 -23.7319 
0 -140.391 -18 17 -18.0095 -16.5099 -9.06685 -21.0249 
-8 -131.38 -18 17 -18.274 -21.4514 -9.06685 -26.3961 
-4 -138.028 -18 17 -18.0095 -16.5099 -9.06685 -21.0249 
-8 -136.437 -18 17 -14.1651 -15.5105 -10.0175 -23.093 
-8 -133.42 -17 16 -16.775 -16.3596 -9.51987 -21.7395 
-8 -131.09 -18 17 -21.609 -19.5441 -11.3694 -23.8364 
-10 -132.758 -18 17 -16.8593 -18.8895 -9.06685 -24.4037 
-8 -135.179 -18 17 -17.1099 -17.1965 -10.5497 -23.8171 
-8 -129.711 -18 17 -23.0237 -22.106 -11.3694 -25.8288 
-4 -138.962 -18 17 -14.1651 -15.5105 -10.0175 -23.093 
-8 -133.996 -18 17 -16.8593 -18.8895 -9.06685 -24.4037 
-8 -134.551 -18 17 -14.2943 -18.7072 -9.06685 -25.7899 
-4 -135.946 -17 16 -16.775 -16.3596 -9.51987 -21.7395 
-4 -136.521 -18 17 -16.8593 -18.8895 -9.06685 -24.4037 
-8 -133.706 -18 17 -20.1943 -16.9822 -11.3694 -21.844 
-10 -135.374 -18 17 -15.4445 -16.3276 -9.06685 -22.4112 
0 -139.209 -18 17 -19.4242 -19.0718 -9.06685 -23.0174 
-4 -137.347 -18 17 -16.8593 -18.8895 -9.06685 -24.4037 
-8 -131.918 -18 17 -18.3633 -20.7484 -9.06685 -26.8016 
-8 -137.167 -18 17 -12.8796 -16.1453 -9.06685 -23.7975 
-4 -136.312 -18 17 -18.1448 -18.2547 -10.0175 -23.6991 
-4 -133.295 -17 16 -20.7546 -19.1038 -9.51987 -22.3456 
-4 -136.231 -18 17 -20.1943 -16.9822 -11.3694 -21.844 
-8 -133.949 -18 17 -18.1448 -18.2547 -10.0175 -23.6991 
-6 -137.9 -18 17 -15.4445 -16.3276 -9.06685 -22.4112 
-4 -136.718 -18 17 -16.8593 -18.8895 -9.06685 -24.4037 
-8 -130.933 -17 16 -20.7546 -19.1038 -9.51987 -22.3456 
-4 -139.693 -18 17 -12.8796 -16.1453 -9.06685 -23.7975 
-4 -133.871 -18 17 -20.8389 -21.6337 -9.06685 -25.0098 
-8 -135.04 -18 17 -14.3837 -18.0042 -9.06685 -26.1954 
-8 -131.508 -18 17 -20.8389 -21.6337 -9.06685 -25.0098 
-8 -134.534 -18 17 -16.9486 -18.1865 -9.06685 -24.8091 
-4 -138.928 -18 17 -16.7301 -15.6928 -10.0175 -21.7067 
-4 -138.738 -19 17 -13.5727 -19.0045 -9.06685 -28.006 
-4 -135.911 -17 16 -19.3399 -16.5419 -9.51987 -20.3532 
-8 -136.565 -18 17 -16.7301 -15.6928 -10.0175 -21.7067 
-8 -131.867 -17 16 -16.9103 -18.1045 -10.4705 -24.4137 
-8 -133.549 -17 16 -19.3399 -16.5419 -9.51987 -20.3532 
-4 -137.06 -18 17 -16.9486 -18.1865 -9.06685 -24.8091 
-6 -135.249 -18 17 -19.4242 -19.0718 -9.06685 -23.0174 
-8 -132.597 -17 16 -15.6247 -18.7392 -9.51987 -25.1182 
-4 -134.068 -18 17 -20.8389 -21.6337 -9.06685 -25.0098 
0 -141.453 -18 17 -16.7301 -15.6928 -10.0175 -21.7067 
-10 -132.887 -18 17 -19.4242 -19.0718 -9.06685 -23.0174 
-4 -136.487 -18 17 -19.4242 -19.0718 -9.06685 -23.0174 
-8 -137.296 -18 17 -15.4445 -16.3276 -9.06685 -22.4112 
-8 -132.041 -17 16 -18.1897 -18.9215 -9.51987 -23.7319 
-11 -132.835 -18 17 -16.8593 -18.8895 -9.06685 -24.4037 
-4 -137.042 -18 17 -16.8593 -18.8895 -9.06685 -24.4037 
-8 -132.442 -18 17 -16.9946 -20.6343 -10.0175 -27.0778 
0 -138.437 -17 16 -19.3399 -16.5419 -9.51987 -20.3532 
-4 -139.091 -18 17 -16.7301 -15.6928 -10.0175 -21.7067 
-4 -139.997 -18 17 -12.8796 -16.1453 -9.06685 -23.7975 
-8 -134.124 -18 17 -19.4242 -19.0718 -9.06685 -23.0174 
-8 -129.425 -17 16 -19.6044 -21.4835 -9.51987 -25.7244 
-8 -134.68 -18 17 -16.8593 -18.8895 -9.06685 -24.4037 
-4 -136.074 -17 16 -19.3399 -16.5419 -9.51987 -20.3532 
-4 -139.662 -18 18 -14.3433 -15.5105 -10.9142 -23.093 
-8 -132.564 -18 17 -18.5246 -19.7585 -10.5497 -25.8095 
-8 -130.414 -18 17 -21.8629 -20.2641 -12.9789 -24.9109 
0 -139.012 -18 17 -19.4242 -19.0718 -9.06685 -23.0174 
-8 -134.483 -17 16 -15.4956 -15.5425 -10.4705 -22.4213 
-4 -136.088 -19 17 -17.5524 -21.7487 -9.06685 -28.6122 
-4 -136.65 -18 17 -19.4242 -19.0718 -9.06685 -23.0174 
-6 -137.865 -18 17 -18.0095 -16.5099 -9.06685 -21.0249 
-4 -137.008 -17 16 -15.4956 -15.5425 -10.4705 -22.4213 
-8 -132.153 -18 17 -20.3296 -18.727 -12.3201 -24.5182 
-4 -136.684 -18 17 -19.4242 -19.0718 -9.06685 -23.0174 
-10 -133.821 -18 17 -15.5799 -18.0724 -10.0175 -25.0854 
-8 -135.614 -18 17 -13.0149 -17.8901 -10.0175 -26.4717 
-8 -135.058 -18 17 -15.5799 -18.0724 -10.0175 -25.0854 
-8 -129.136 -17 16 -22.9394 -19.5761 -11.8225 -23.1647 
-10 -135.503 -18 17 -18.0095 -16.5099 -9.06685 -21.0249 
-4 -139.658 -18 17 -15.4445 -16.3276 -9.06685 -22.4112 
-11 -135.451 -18 17 -15.4445 -16.3276 -9.06685 -22.4112 
-10 -130.804 -17 16 -18.1897 -18.9215 -9.51987 -23.7319 
FEATURES_TXT_END_0
FEATURES_TXT_BEGIN_0 106 99 8 Distortion0_0 LM0_0 WordPenalty0_0 PhrasePenalty0_0 TranslationModel0_0 TranslationModel0_1 TranslationModel0_2 TranslationModel0_3 
-27 -88.1822 -18 15 -20.3441 -27.9782 -11.5397 -34.036 
-18 -92.7657 -18 15 -20.902 -27.3394 -14.0787 -34.1018 
-26 -90.3094 -18 15 -18.0064 -25.6676 -12.926 -34.1758 
-18 -95.3117 -18 15 -18.0064 -25.6676 -12.926 -34.1758 
-23 -91.6439 -18 15 -19.8969 -27.1015 -11.9192 -33.6017 
-21 -93.6341 -18 15 -18.0064 -25.6676 -12.926 -34.1758 
-22 -93.0909 -18 15 -17.6699 -25.7412 -12.926 -34.6866 
-15 -95.131 -18 15 -19.3353 -26.6102 -14.4089 -36.0924 
-20 -92.9072 -17 16 -18.3123 -25.9038 -12.5544 -33.7471 
-22 -93.7711 -18 15 -17.5592 -24.7909 -13.3055 -33.7415 
-22 -91.1924 -17 15 -17.6699 -25.7412 -12.926 -34.6866 
-20 -93.2039 -17 16 -18.6488 -25.8302 -12.5544 -33.2362 
-14 -98.7733 -18 15 -17.5592 -24.7909 -13.3055 -33.7415 
-18 -94.6655 -18 15 -19.4617 -27.3584 -12.456 -34.3989 
-18 -95.0746 -18 15 -19.2385 -27.0392 -11.8274 -34.5913 
-18 -95.776 -18 15 -17.6699 -25.7412 -12.926 -34.6866 
-24 -92.324 -18 15 -18.0064 -25.6676 -12.926 -34.1758 
-17 -97.0957 -18 15 -17.5592 -24.7909 -13.3055 -33.7415 
-29 -88.1822 -18 15 -20.3441 -27.9782 -11.5397 -34.036 
-18 -96.5856 -18 15 -17.5592 -24.7909 -13.3055 -33.7415 
-18 -93.7933 -18 15 -20.902 -27.3394 -14.0787 -34.1018 
-18 -93.3424 -17 16 -19.0328 -26.567 -12.9358 -35.0235 
-26 -91.17 -18 15 -17.6699 -25.7412 -12.926 -34.6866 
-20 -92.6265 -18 15 -20.902 -27.3394 -14.0787 -34.1018 
-22 -93.4758 -18 15 -18.7914 -26.1625 -12.2069 -34.157 
-18 -96.5525 -18 15 -17.2227 -24.8645 -13.3055 -34.2523 
-11 -98.5926 -18 15 -18.8881 -25.7335 -14.7883 -35.6582 
-16 -96.3689 -17 16 -17.8651 -25.0271 -12.9339 -33.3128 
-18 -94.6541 -17 15 -17.2227 -24.8645 -13.3055 -34.2523 
-20 -92.7657 -18 15 -20.902 -27.3394 -14.0787 -34.1018 
-23 -91.9836 -18 15 -20.3441 -27.9782 -11.5397 -34.036 
-24 -92.3231 -19 15 -20.4733 -27.0392 -14.5355 -34.5913 
-27 -89.8203 -18 15 -19.0647 -27.1611 -12.4903 -34.7178 
-28 -90.1331 -18 16 -18.8621 -25.8302 -14.2531 -33.2362 
-28 -90.3094 -18 15 -18.0064 -25.6676 -12.926 -34.1758 
-16 -96.6656 -17 16 -18.2016 -24.9535 -12.9339 -32.802 
-14 -98.1271 -18 15 -19.0145 -26.4817 -12.8355 -33.9646 
-18 -96.3392 -18 15 -18.0064 -25.6676 -12.926 -34.1758 
-22 -93.9402 -18 15 -18.0064 -25.6676 -12.926 -34.1758 
-14 -98.5363 -18 15 -18.7914 -26.1624 -12.2069 -34.157 
-24 -92.7665 -18 15 -18.0064 -25.6676 -12.926 -34.1758 
-23 -90.124 -18 15 -21.9908 -28.9612 -13.3856 -34.5527 
-14 -99.2376 -18 15 -17.2227 -24.8645 -13.3055 -34.2523 
-12 -99.9054 -18 15 -17.6699 -25.7412 -12.926 -34.6866 
-18 -96.1888 -18 15 -18.7914 -26.1625 -12.2069 -34.157 
-18 -92.1564 -17 15 -20.902 -27.3394 -14.0787 -34.1018 
-20 -92.9684 -18 15 -20.902 -27.3394 -14.0787 -34.1018 
-20 -95.7857 -18 15 -17.5592 -24.7909 -13.3055 -33.7415 
-21 -92.4225 -18 15 -19.3353 -26.6102 -14.4089 -36.0924 
-22 -94.1108 -18 15 -18.0064 -25.6676 -12.926 -34.1758 
-25 -91.6439 -18 15 -19.8969 -27.1015 -11.9192 -33.6017 
-27 -87.7346 -18 15 -22.0095 -28.8472 -13.0226 -35.4419 
-14 -96.804 -17 16 -18.5857 -25.6903 -13.3153 -34.5892 
-22 -94.6316 -18 15 -17.2227 -24.8645 -13.3055 -34.2523 
-21 -91.0293 -17 16 -20.9788 -28.8287 -12.9358 -33.414 
-20 -95.1221 -18 16 -18.5256 -25.9038 -14.2531 -33.7471 
-18 -92.7339 -17 16 -20.6423 -28.9023 -12.9358 -33.9249 
-21 -94.6945 -18 15 -17.6699 -25.7412 -12.926 -34.6866 
-18 -92.183 -18 15 -22.5674 -28.2084 -15.5615 -35.5076 
-18 -96.6253 -18 15 -18.0064 -25.6676 -12.926 -34.1758 
-23 -93.6341 -18 15 -18.0064 -25.6676 -12.926 -34.1758 
-24 -93.597 -18 15 -17.5592 -24.7909 -13.3055 -33.7415 
-22 -92.2512 -18 15 -19.6531 -26.6506 -14.7719 -34.6925 
-18 -94.7024 -17 15 -18.0064 -25.6676 -12.926 -34.1758 
-14 -99.113 -18 15 -18.0064 -25.6676 -12.926 -34.1758 
-20 -95.5144 -18 15 -18.0064 -25.6676 -12.926 -34.1758 
-24 -92.3579 -18 15 -19.2385 -27.0392 -11.8274 -34.5913 
-18 -92.5083 -18 16 -20.5931 -29.4413 -15.0759 -37.246 
-20 -95.7848 -19 15 -20.0261 -26.1624 -14.915 -34.157 
-20 -95.4188 -18 16 -18.8621 -25.8302 -14.2531 -33.2362 
-24 -93.0909 -18 15 -17.6699 -25.7412 -12.926 -34.6866 
-23 -93.282 -18 15 -18.6175 -26.2844 -12.8698 -34.2835 
-17 -95.131 -18 15 -19.3353 -26.6102 -14.4089 -36.0924 
-22 -92.9072 -17 16 -18.3123 -25.9038 -12.5544 -33.7471 
-24 -93.5948 -18 16 -18.4149 -24.9535 -14.6326 -32.802 
-24 -93.7711 -18 15 -17.5592 -24.7909 -13.3055 -33.7415 
-20 -93.6511 -18 16 -17.9266 -26.5163 -14.6945 -37.5791 
-17 -97.4354 -18 15 -18.0064 -25.6676 -12.926 -34.1758 
-14 -99.8009 -18 15 -17.5592 -24.7909 -13.3055 -33.7415 
-14 -97.2534 -18 15 -19.6531 -26.6506 -14.7719 -34.6925 
-18 -97.4018 -18 15 -17.5592 -24.7909 -13.3055 -33.7415 
-18 -95.693 -18 15 -19.4617 -27.3584 -12.456 -34.3989 
-16 -95.8079 -18 15 -20.902 -27.3394 -14.0787 -34.1018 
-18 -96.1022 -18 15 -19.2385 -27.0392 -11.8274 -34.5913 
-20 -96.2281 -18 15 -17.5592 -24.7909 -13.3055 -33.7415 
-24 -93.1846 -18 15 -17.6699 -25.7412 -12.926 -34.6866 
-21 -95.2722 -18 15 -16.727 -24.8505 -13.8766 -34.8576 
-24 -91.1924 -17 15 -17.6699 -25.7412 -12.926 -34.6866 
-18 -94.729 -18 15 -19.6718 -26.5366 -14.4089 -35.5816 
-24 -93.2029 -18 15 -17.6699 -25.7412 -12.926 -34.6866 
-8 -103.367 -18 15 -17.2227 -24.8645 -13.3055 -34.2523 
-28 -89.5238 -17 16 -18.6488 -25.8302 -12.5544 -33.2362 
-18 -97.4755 -18 15 -17.5592 -24.7909 -13.3055 -33.7415 
-18 -96.9253 -18 15 -18.0064 -25.6676 -12.926 -34.1758 
-17 -95.5758 -18 15 -19.6531 -26.6506 -14.7719 -34.6925 
-14 -97.0979 -18 15 -20.902 -27.3394 -14.0787 -34.1018 
-18 -96.8574 -18 15 -17.6699 -25.7412 -12.926 -34.6866 
-23 -90.2568 -18 15 -22.0799 -28.1779 -14.4842 -35.3065 
-19 -96.2673 -18 15 -17.6699 -25.7412 -12.926 -34.6866 
FEATURES_TXT_END_0
