SCORES_TXT_BEGIN_0 0 92 9 BLEU
5 27 1 26 0 25 0 24 14 
5 27 1 26 0 25 0 24 14 
5 27 1 26 0 25 0 24 14 
5 27 1 26 0 25 0 24 14 
5 28 1 27 0 26 0 25 14 
5 27 1 26 0 25 0 24 14 
5 27 1 26 0 25 0 24 14 
5 27 1 26 0 25 0 24 14 
5 27 1 26 0 25 0 24 14 
5 27 1 26 0 25 0 24 14 
5 27 1 26 0 25 0 24 14 
5 27 1 26 0 25 0 24 14 
5 28 1 27 0 26 0 25 14 
5 27 1 26 0 25 0 24 14 
5 27 1 26 0 25 0 24 14 
5 27 1 26 0 25 0 24 14 
5 27 1 26 0 25 0 24 14 
5 28 1 27 0 26 0 25 14 
5 27 1 26 0 25 0 24 14 
5 27 1 26 0 25 0 24 14 
5 27 1 26 0 25 0 24 14 
5 27 1 26 0 25 0 24 14 
5 27 1 26 0 25 0 24 14 
5 27 1 26 0 25 0 24 14 
5 27 1 26 0 25 0 24 14 
5 27 1 26 0 25 0 24 14 
5 27 1 26 0 25 0 24 14 
5 27 1 26 0 25 0 24 14 
5 28 1 27 0 26 0 25 14 
5 27 1 26 0 25 0 24 14 
5 27 0 26 0 25 0 24 14 
5 27 1 26 0 25 0 24 14 
5 27 1 26 0 25 0 24 14 
5 27 1 26 0 25 0 24 14 
5 27 1 26 0 25 0 24 14 
5 28 1 27 0 26 0 25 14 
5 27 1 26 0 25 0 24 14 
5 27 1 26 0 25 0 24 14 
5 27 1 26 0 25 0 24 14 
5 28 1 27 0 26 0 25 14 
5 27 1 26 0 25 0 24 14 
5 27 1 26 0 25 0 24 14 
5 27 1 26 0 25 0 24 14 
5 28 1 27 0 26 0 25 14 
5 27 1 26 0 25 0 24 14 
5 28 1 27 0 26 0 25 14 
5 27 1 26 0 25 0 24 14 
5 28 1 27 0 26 0 25 14 
5 27 1 26 0 25 0 24 14 
5 27 1 26 0 25 0 24 14 
5 27 0 26 0 25 0 24 14 
5 27 1 26 0 25 0 24 14 
5 27 1 26 0 25 0 24 14 
5 27 1 26 0 25 0 24 14 
5 27 1 26 0 25 0 24 14 
5 27 1 26 0 25 0 24 14 
5 27 1 26 0 25 0 24 14 
5 28 1 27 0 26 0 25 14 
5 27 1 26 0 25 0 24 14 
5 27 1 26 0 25 0 24 14 
5 27 1 26 0 25 0 24 14 
5 27 1 26 0 25 0 24 14 
5 27 1 26 0 25 0 24 14 
5 27 0 26 0 25 0 24 14 
5 28 1 27 0 26 0 25 14 
5 27 1 26 0 25 0 24 14 
5 27 1 26 0 25 0 24 14 
5 28 1 27 0 26 0 25 14 
5 27 1 26 0 25 0 24 14 
5 27 0 26 0 25 0 24 14 
5 27 1 26 0 25 0 24 14 
5 27 1 26 0 25 0 24 14 
5 28 1 27 0 26 0 25 14 
5 28 1 27 0 26 0 25 14 
5 27 1 26 0 25 0 24 14 
5 27 1 26 0 25 0 24 14 
5 27 1 26 0 25 0 24 14 
5 27 1 26 0 25 0 24 14 
5 28 1 27 0 26 0 25 14 
5 27 1 26 0 25 0 24 14 
5 27 1 26 0 25 0 24 14 
5 28 1 27 0 26 0 25 14 
5 27 1 26 0 25 0 24 14 
5 27 1 26 0 25 0 24 14 
5 27 1 26 0 25 0 24 14 
5 27 1 26 0 25 0 24 14 
5 27 1 26 0 25 0 24 14 
5 27 1 26 0 25 0 24 14 
5 28 1 27 0 26 0 25 14 
5 27 1 26 0 25 0 24 14 
5 27 1 26 0 25 0 24 14 
5 27 1 26 0 25 0 24 14 
SCORES_TXT_END_0
SCORES_TXT_BEGIN_0 1 100 9 BLEU
11 43 0 42 0 41 0 40 29 
11 43 0 42 0 41 0 40 29 
11 43 0 42 0 41 0 40 29 
11 43 0 42 0 41 0 40 29 
11 43 0 42 0 41 0 40 29 
11 43 1 42 0 41 0 40 29 
11 43 0 42 0 41 0 40 29 
11 43 1 42 0 41 0 40 29 
11 43 0 42 0 41 0 40 29 
11 45 1 44 0 43 0 42 29 
11 43 0 42 0 41 0 40 29 
11 43 0 42 0 41 0 40 29 
11 43 0 42 0 41 0 40 29 
11 43 0 42 0 41 0 40 29 
11 45 1 44 0 43 0 42 29 
11 43 0 42 0 41 0 40 29 
11 43 0 42 0 41 0 40 29 
11 43 0 42 0 41 0 40 29 
11 43 0 42 0 41 0 40 29 
11 43 0 42 0 41 0 40 29 
11 43 1 42 0 41 0 40 29 
11 43 0 42 0 41 0 40 29 
11 43 0 42 0 41 0 40 29 
11 43 1 42 0 41 0 40 29 
11 43 0 42 0 41 0 40 29 
11 43 0 42 0 41 0 40 29 
11 43 0 42 0 41 0 40 29 
11 43 1 42 0 41 0 40 29 
11 43 0 42 0 41 0 40 29 
11 43 1 42 0 41 0 40 29 
11 43 0 42 0 41 0 40 29 
11 43 0 42 0 41 0 40 29 
11 43 0 42 0 41 0 40 29 
11 45 1 44 0 43 0 42 29 
11 43 1 42 0 41 0 40 29 
11 43 0 42 0 41 0 40 29 
11 43 0 42 0 41 0 40 29 
11 45 1 44 0 43 0 42 29 
11 45 1 44 0 43 0 42 29 
11 43 0 42 0 41 0 40 29 
11 43 0 42 0 41 0 40 29 
11 43 0 42 0 41 0 40 29 
11 43 0 42 0 41 0 40 29 
11 43 0 42 0 41 0 40 29 
11 43 0 42 0 41 0 40 29 
11 43 0 42 0 41 0 40 29 
11 43 0 42 0 41 0 40 29 
11 43 0 42 0 41 0 40 29 
11 45 1 44 0 43 0 42 29 
11 43 0 42 0 41 0 40 29 
11 45 1 44 0 43 0 42 29 
11 43 0 42 0 41 0 40 29 
11 43 1 42 0 41 0 40 29 
11 43 0 42 0 41 0 40 29 
11 43 0 42 0 41 0 40 29 
11 43 1 42 0 41 0 40 29 
11 43 0 42 0 41 0 40 29 
11 43 0 42 0 41 0 40 29 
11 43 0 42 0 41 0 40 29 
11 43 0 42 0 41 0 40 29 
11 43 1 42 0 41 0 40 29 
11 43 0 42 0 41 0 40 29 
11 43 0 42 0 41 0 40 29 
11 43 1 42 0 41 0 40 29 
11 43 0 42 0 41 0 40 29 
11 45 1 44 0 43 0 42 29 
11 43 1 42 0 41 0 40 29 
11 43 0 42 0 41 0 40 29 
11 43 0 42 0 41 0 40 29 
11 43 0 42 0 41 0 40 29 
11 43 1 42 0 41 0 40 29 
11 45 1 44 0 43 0 42 29 
11 43 0 42 0 41 0 40 29 
11 43 0 42 0 41 0 40 29 
11 43 0 42 0 41 0 40 29 
11 45 1 44 0 43 0 42 29 
11 43 0 42 0 41 0 40 29 
11 43 0 42 0 41 0 40 29 
11 43 0 42 0 41 0 40 29 
11 45 1 44 0 43 0 42 29 
11 43 0 42 0 41 0 40 29 
11 45 1 44 0 43 0 42 29 
11 43 0 42 0 41 0 40 29 
11 43 0 42 0 41 0 40 29 
11 45 1 44 0 43 0 42 29 
11 43 0 42 0 41 0 40 29 
11 45 1 44 0 43 0 42 29 
11 43 0 42 0 41 0 40 29 
11 43 0 42 0 41 0 40 29 
11 43 0 42 0 41 0 40 29 
11 43 0 42 0 41 0 40 29 
11 43 0 42 0 41 0 40 29 
11 43 1 42 0 41 0 40 29 
11 43 0 42 0 41 0 40 29 
11 43 0 42 0 41 0 40 29 
11 43 0 42 0 41 0 40 29 
11 43 0 42 0 41 0 40 29 
11 43 0 42 0 41 0 40 29 
11 43 0 42 0 41 0 40 29 
11 43 1 42 0 41 0 40 29 
SCORES_TXT_END_0
SCORES_TXT_BEGIN_0 2 100 9 BLEU
12 35 2 34 0 33 0 32 26 
12 35 2 34 0 33 0 32 26 
12 35 2 34 0 33 0 32 26 
12 35 2 34 0 33 0 32 26 
12 35 2 34 0 33 0 32 26 
12 35 2 34 0 33 0 32 26 
12 35 2 34 0 33 0 32 26 
12 35 2 34 0 33 0 32 26 
12 35 2 34 0 33 0 32 26 
12 35 2 34 0 33 0 32 26 
12 35 2 34 0 33 0 32 26 
12 35 2 34 0 33 0 32 26 
12 35 2 34 0 33 0 32 26 
12 35 2 34 0 33 0 32 26 
12 35 2 34 0 33 0 32 26 
12 35 2 34 0 33 0 32 26 
12 35 2 34 0 33 0 32 26 
12 35 2 34 0 33 0 32 26 
12 35 2 34 0 33 0 32 26 
12 35 2 34 0 33 0 32 26 
12 35 2 34 0 33 0 32 26 
12 35 2 34 0 33 0 32 26 
12 35 2 34 0 33 0 32 26 
12 35 2 34 0 33 0 32 26 
12 35 2 34 0 33 0 32 26 
12 35 2 34 0 33 0 32 26 
12 35 2 34 0 33 0 32 26 
12 35 2 34 0 33 0 32 26 
12 35 2 34 0 33 0 32 26 
12 35 2 34 0 33 0 32 26 
12 35 2 34 0 33 0 32 26 
12 35 2 34 0 33 0 32 26 
12 35 2 34 0 33 0 32 26 
12 35 2 34 0 33 0 32 26 
12 35 2 34 0 33 0 32 26 
12 35 2 34 0 33 0 32 26 
12 35 2 34 0 33 0 32 26 
12 35 2 34 0 33 0 32 26 
12 35 2 34 0 33 0 32 26 
12 35 2 34 0 33 0 32 26 
12 35 2 34 0 33 0 32 26 
12 35 2 34 0 33 0 32 26 
12 35 2 34 0 33 0 32 26 
12 35 2 34 0 33 0 32 26 
12 35 2 34 0 33 0 32 26 
13 35 2 34 0 33 0 32 26 
12 35 2 34 0 33 0 32 26 
12 35 2 34 0 33 0 32 26 
12 35 2 34 0 33 0 32 26 
12 35 2 34 0 33 0 32 26 
12 35 2 34 0 33 0 32 26 
12 35 2 34 0 33 0 32 26 
12 35 2 34 0 33 0 32 26 
12 35 2 34 0 33 0 32 26 
12 35 2 34 0 33 0 32 26 
12 35 2 34 0 33 0 32 26 
12 35 2 34 0 33 0 32 26 
12 35 2 34 0 33 0 32 26 
12 35 2 34 0 33 0 32 26 
12 35 2 34 0 33 0 32 26 
12 35 2 34 0 33 0 32 26 
12 35 2 34 0 33 0 32 26 
12 35 2 34 0 33 0 32 26 
12 35 2 34 0 33 0 32 26 
12 35 2 34 0 33 0 32 26 
12 35 2 34 0 33 0 32 26 
13 35 2 34 0 33 0 32 26 
12 35 2 34 0 33 0 32 26 
12 35 2 34 0 33 0 32 26 
12 35 2 34 0 33 0 32 26 
12 35 2 34 0 33 0 32 26 
12 35 2 34 0 33 0 32 26 
12 35 2 34 0 33 0 32 26 
12 35 2 34 0 33 0 32 26 
13 35 2 34 0 33 0 32 26 
12 35 2 34 0 33 0 32 26 
12 35 2 34 0 33 0 32 26 
12 35 2 34 0 33 0 32 26 
12 35 2 34 0 33 0 32 26 
12 35 2 34 0 33 0 32 26 
12 35 2 34 0 33 0 32 26 
12 35 2 34 0 33 0 32 26 
12 35 2 34 0 33 0 32 26 
12 35 2 34 0 33 0 32 26 
12 35 2 34 0 33 0 32 26 
12 35 2 34 0 33 0 32 26 
12 35 2 34 0 33 0 32 26 
12 35 2 34 0 33 0 32 26 
12 35 2 34 0 33 0 32 26 
12 35 2 34 0 33 0 32 26 
12 35 2 34 0 33 0 32 26 
12 35 2 34 0 33 0 32 26 
12 35 2 34 0 33 0 32 26 
12 35 2 34 0 33 0 32 26 
12 35 2 34 0 33 0 32 26 
12 35 2 34 0 33 0 32 26 
12 35 2 34 0 33 0 32 26 
12 35 2 34 0 33 0 32 26 
12 35 2 34 0 33 0 32 26 
12 35 2 34 0 33 0 32 26 
SCORES_TXT_END_0
SCORES_TXT_BEGIN_0 3 86 9 BLEU
4 28 0 27 0 26 0 25 17 
4 28 0 27 0 26 0 25 17 
4 28 0 27 0 26 0 25 17 
4 28 0 27 0 26 0 25 17 
4 28 0 27 0 26 0 25 17 
4 28 0 27 0 26 0 25 17 
4 28 0 27 0 26 0 25 17 
4 28 0 27 0 26 0 25 17 
4 28 0 27 0 26 0 25 17 
4 28 0 27 0 26 0 25 17 
4 28 0 27 0 26 0 25 17 
4 28 0 27 0 26 0 25 17 
4 28 0 27 0 26 0 25 17 
4 28 0 27 0 26 0 25 17 
4 28 0 27 0 26 0 25 17 
4 28 0 27 0 26 0 25 17 
4 28 0 27 0 26 0 25 17 
4 28 0 27 0 26 0 25 17 
4 28 0 27 0 26 0 25 17 
4 28 0 27 0 26 0 25 17 
4 28 0 27 0 26 0 25 17 
4 28 0 27 0 26 0 25 17 
4 28 0 27 0 26 0 25 17 
4 28 0 27 0 26 0 25 17 
4 28 0 27 0 26 0 25 17 
4 28 0 27 0 26 0 25 17 
4 28 0 27 0 26 0 25 17 
4 28 0 27 0 26 0 25 17 
4 28 0 27 0 26 0 25 17 
4 28 0 27 0 26 0 25 17 
4 28 0 27 0 26 0 25 17 
4 28 0 27 0 26 0 25 17 
4 28 0 27 0 26 0 25 17 
4 28 0 27 0 26 0 25 17 
4 28 0 27 0 26 0 25 17 
4 28 0 27 0 26 0 25 17 
4 28 0 27 0 26 0 25 17 
4 28 0 27 0 26 0 25 17 
4 28 0 27 0 26 0 25 17 
4 28 0 27 0 26 0 25 17 
4 28 0 27 0 26 0 25 17 
4 28 0 27 0 26 0 25 17 
4 28 0 27 0 26 0 25 17 
4 28 0 27 0 26 0 25 17 
4 28 0 27 0 26 0 25 17 
4 28 0 27 0 26 0 25 17 
4 28 0 27 0 26 0 25 17 
4 28 0 27 0 26 0 25 17 
4 28 0 27 0 26 0 25 17 
4 28 0 27 0 26 0 25 17 
4 28 0 27 0 26 0 25 17 
4 28 0 27 0 26 0 25 17 
4 28 0 27 0 26 0 25 17 
4 28 0 27 0 26 0 25 17 
4 28 0 27 0 26 0 25 17 
4 28 0 27 0 26 0 25 17 
4 28 0 27 0 26 0 25 17 
4 28 0 27 0 26 0 25 17 
4 28 0 27 0 26 0 25 17 
4 28 0 27 0 26 0 25 17 
4 28 0 27 0 26 0 25 17 
4 28 0 27 0 26 0 25 17 
4 28 0 27 0 26 0 25 17 
4 28 0 27 0 26 0 25 17 
4 28 0 27 0 26 0 25 17 
4 28 0 27 0 26 0 25 17 
4 28 0 27 0 26 0 25 17 
4 28 0 27 0 26 0 25 17 
4 28 0 27 0 26 0 25 17 
4 28 0 27 0 26 0 25 17 
4 28 0 27 0 26 0 25 17 
4 28 0 27 0 26 0 25 17 
4 28 0 27 0 26 0 25 17 
4 28 0 27 0 26 0 25 17 
4 28 0 27 0 26 0 25 17 
4 28 0 27 0 26 0 25 17 
4 28 0 27 0 26 0 25 17 
4 28 0 27 0 26 0 25 17 
4 28 0 27 0 26 0 25 17 
4 28 0 27 0 26 0 25 17 
4 28 0 27 0 26 0 25 17 
4 28 0 27 0 26 0 25 17 
4 28 0 27 0 26 0 25 17 
4 28 0 27 0 26 0 25 17 
4 28 0 27 0 26 0 25 17 
4 28 0 27 0 26 0 25 17 
SCORES_TXT_END_0
SCORES_TXT_BEGIN_0 4 100 9 BLEU
10 42 4 41 2 40 1 39 16 
9 42 3 41 1 40 0 39 16 
10 42 4 41 2 40 1 39 16 
10 42 4 41 2 40 1 39 16 
10 42 4 41 2 40 1 39 16 
10 42 4 41 2 40 1 39 16 
9 42 3 41 1 40 0 39 16 
9 42 3 41 1 40 0 39 16 
10 42 4 41 2 40 1 39 16 
10 42 4 41 2 40 1 39 16 
9 42 3 41 1 40 0 39 16 
10 42 4 41 2 40 1 39 16 
10 42 4 41 2 40 1 39 16 
10 42 4 41 2 40 1 39 16 
10 42 4 41 2 40 1 39 16 
9 42 3 41 1 40 0 39 16 
10 42 4 41 2 40 1 39 16 
10 42 4 41 2 40 1 39 16 
9 42 3 41 1 40 0 39 16 
10 42 4 41 2 40 1 39 16 
9 42 3 41 1 40 0 39 16 
10 42 4 41 2 40 1 39 16 
10 42 4 41 2 40 1 39 16 
10 42 4 41 2 40 1 39 16 
10 42 4 41 2 40 1 39 16 
9 42 3 41 1 40 0 39 16 
9 42 3 41 1 40 0 39 16 
10 42 4 41 2 40 1 39 16 
10 42 4 41 2 40 1 39 16 
10 42 4 41 2 40 1 39 16 
10 42 4 41 2 40 1 39 16 
10 42 4 41 2 40 1 39 16 
9 42 3 41 1 40 0 39 16 
10 42 4 41 2 40 1 39 16 
9 42 3 41 1 40 0 39 16 
10 42 4 41 2 40 1 39 16 
9 42 3 41 1 40 0 39 16 
9 42 3 41 1 40 0 39 16 
9 42 3 41 1 40 0 39 16 
10 42 4 41 2 40 1 39 16 
10 42 4 41 2 40 1 39 16 
10 42 4 41 2 40 1 39 16 
10 42 4 41 2 40 1 39 16 
10 42 4 41 2 40 1 39 16 
10 42 4 41 2 40 1 39 16 
10 42 4 41 2 40 1 39 16 
10 42 4 41 2 40 1 39 16 
10 42 4 41 2 40 1 39 16 
10 42 4 41 2 40 1 39 16 
9 42 3 41 1 40 0 39 16 
10 42 4 41 2 40 1 39 16 
10 42 4 41 2 40 1 39 16 
10 42 4 41 2 40 1 39 16 
9 42 3 41 1 40 0 39 16 
10 42 4 41 2 40 1 39 16 
10 42 4 41 2 40 1 39 16 
9 42 3 41 1 40 0 39 16 
10 42 4 41 2 40 1 39 16 
9 42 3 41 1 40 0 39 16 
10 42 4 41 2 40 1 39 16 
10 42 4 41 2 40 1 39 16 
10 42 4 41 2 40 1 39 16 
10 42 4 41 2 40 1 39 16 
10 42 4 41 2 40 1 39 16 
9 42 3 41 1 40 0 39 16 
9 42 3 41 1 40 0 39 16 
9 42 3 41 1 40 0 39 16 
10 42 4 41 2 40 1 39 16 
9 42 3 41 1 40 0 39 16 
10 42 4 41 2 40 1 39 16 
10 42 4 41 2 40 1 39 16 
10 42 4 41 2 40 1 39 16 
9 42 3 41 1 40 0 39 16 
10 42 4 41 2 40 1 39 16 
10 42 4 41 2 40 1 39 16 
10 42 4 41 2 40 1 39 16 
10 42 4 41 2 40 1 39 16 
10 42 4 41 2 40 1 39 16 
10 42 4 41 2 40 1 39 16 
10 42 4 41 2 40 1 39 16 
10 42 4 41 2 40 1 39 16 
10 42 4 41 2 40 1 39 16 
10 42 4 41 2 40 1 39 16 
9 42 3 41 1 40 0 39 16 
10 42 4 41 2 40 1 39 16 
10 42 4 41 2 40 1 39 16 
10 42 4 41 2 40 1 39 16 
9 42 3 41 1 40 0 39 16 
10 42 4 41 2 40 1 39 16 
9 42 3 41 1 40 0 39 16 
10 42 4 41 2 40 1 39 16 
10 42 4 41 2 40 1 39 16 
10 42 4 41 2 40 1 39 16 
9 42 3 41 1 40 0 39 16 
9 42 3 41 1 40 0 39 16 
10 42 4 41 2 40 1 39 16 
9 42 3 41 1 40 0 39 16 
9 42 3 41 1 40 0 39 16 
10 42 4 41 2 40 1 39 16 
10 42 4 41 2 40 1 39 16 
SCORES_TXT_END_0
SCORES_TXT_BEGIN_0 5 94 9 BLEU
13 41 3 40 1 39 0 38 22 
13 41 3 40 1 39 0 38 22 
13 41 3 40 1 39 0 38 22 
13 41 3 40 1 39 0 38 22 
13 41 3 40 1 39 0 38 22 
13 41 3 40 1 39 0 38 22 
13 41 3 40 1 39 0 38 22 
13 41 3 40 1 39 0 38 22 
13 41 3 40 1 39 0 38 22 
13 41 3 40 1 39 0 38 22 
13 41 3 40 1 39 0 38 22 
13 41 3 40 1 39 0 38 22 
13 41 3 40 1 39 0 38 22 
13 41 3 40 1 39 0 38 22 
13 41 3 40 1 39 0 38 22 
13 41 3 40 1 39 0 38 22 
13 41 3 40 1 39 0 38 22 
13 41 3 40 1 39 0 38 22 
13 41 3 40 1 39 0 38 22 
13 41 3 40 1 39 0 38 22 
13 41 3 40 1 39 0 38 22 
13 41 3 40 1 39 0 38 22 
13 41 3 40 1 39 0 38 22 
13 41 3 40 1 39 0 38 22 
13 41 3 40 1 39 0 38 22 
13 41 3 40 1 39 0 38 22 
13 41 3 40 1 39 0 38 22 
13 41 3 40 1 39 0 38 22 
13 41 3 40 1 39 0 38 22 
13 41 3 40 1 39 0 38 22 
13 41 3 40 1 39 0 38 22 
13 41 3 40 1 39 0 38 22 
13 41 3 40 1 39 0 38 22 
13 41 3 40 1 39 0 38 22 
13 41 3 40 1 39 0 38 22 
13 41 3 40 1 39 0 38 22 
13 41 3 40 1 39 0 38 22 
13 41 3 40 1 39 0 38 22 
13 41 3 40 1 39 0 38 22 
13 41 3 40 1 39 0 38 22 
13 41 3 40 1 39 0 38 22 
13 41 3 40 1 39 0 38 22 
13 41 3 40 1 39 0 38 22 
13 41 3 40 1 39 0 38 22 
13 41 3 40 1 39 0 38 22 
13 41 3 40 1 39 0 38 22 
13 41 3 40 1 39 0 38 22 
13 41 3 40 1 39 0 38 22 
13 41 3 40 1 39 0 38 22 
13 41 3 40 1 39 0 38 22 
13 41 3 40 1 39 0 38 22 
13 41 3 40 1 39 0 38 22 
13 41 3 40 1 39 0 38 22 
13 41 3 40 1 39 0 38 22 
13 41 3 40 1 39 0 38 22 
13 41 3 40 1 39 0 38 22 
13 41 3 40 1 39 0 38 22 
13 41 3 40 1 39 0 38 22 
13 41 3 40 1 39 0 38 22 
13 41 3 40 1 39 0 38 22 
13 41 3 40 1 39 0 38 22 
13 41 3 40 1 39 0 38 22 
13 41 3 40 1 39 0 38 22 
13 41 3 40 1 39 0 38 22 
13 41 3 40 1 39 0 38 22 
13 41 3 40 1 39 0 38 22 
13 41 3 40 1 39 0 38 22 
13 41 3 40 1 39 0 38 22 
13 41 3 40 1 39 0 38 22 
13 41 3 40 1 39 0 38 22 
13 41 3 40 1 39 0 38 22 
13 41 3 40 1 39 0 38 22 
13 41 3 40 1 39 0 38 22 
13 41 3 40 1 39 0 38 22 
13 41 3 40 1 39 0 38 22 
13 41 3 40 1 39 0 38 22 
13 41 3 40 1 39 0 38 22 
13 41 3 40 1 39 0 38 22 
13 41 3 40 1 39 0 38 22 
13 41 3 40 1 39 0 38 22 
13 41 3 40 1 39 0 38 22 
13 41 3 40 1 39 0 38 22 
13 41 3 40 1 39 0 38 22 
13 41 3 40 1 39 0 38 22 
13 41 3 40 1 39 0 38 22 
13 41 3 40 1 39 0 38 22 
13 41 3 40 1 39 0 38 22 
13 41 3 40 1 39 0 38 22 
13 41 3 40 1 39 0 38 22 
13 41 3 40 1 39 0 38 22 
13 41 3 40 1 39 0 38 22 
13 41 3 40 1 39 0 38 22 
13 41 3 40 1 39 0 38 22 
13 41 3 40 1 39 0 38 22 
SCORES_TXT_END_0
SCORES_TXT_BEGIN_0 6 98 9 BLEU
7 32 1 31 0 30 0 29 22 
7 32 1 31 0 30 0 29 22 
7 32 1 31 0 30 0 29 22 
7 32 1 31 0 30 0 29 22 
7 32 1 31 0 30 0 29 22 
7 32 1 31 0 30 0 29 22 
7 32 1 31 0 30 0 29 22 
7 32 1 31 0 30 0 29 22 
7 32 1 31 0 30 0 29 22 
7 32 2 31 0 30 0 29 22 
7 32 1 31 0 30 0 29 22 
7 32 1 31 0 30 0 29 22 
7 32 2 31 0 30 0 29 22 
7 32 1 31 0 30 0 29 22 
7 32 1 31 0 30 0 29 22 
7 32 2 31 0 30 0 29 22 
7 32 1 31 0 30 0 29 22 
7 32 1 31 0 30 0 29 22 
7 32 2 31 0 30 0 29 22 
7 32 1 31 0 30 0 29 22 
7 32 1 31 0 30 0 29 22 
7 32 1 31 0 30 0 29 22 
7 32 1 31 0 30 0 29 22 
7 32 1 31 0 30 0 29 22 
7 32 1 31 0 30 0 29 22 
7 32 2 31 0 30 0 29 22 
6 32 1 31 0 30 0 29 22 
7 32 1 31 0 30 0 29 22 
7 32 2 31 0 30 0 29 22 
7 32 1 31 0 30 0 29 22 
6 32 1 31 0 30 0 29 22 
7 32 1 31 0 30 0 29 22 
7 32 2 31 0 30 0 29 22 
7 32 1 31 0 30 0 29 22 
7 32 2 31 0 30 0 29 22 
7 32 2 31 0 30 0 29 22 
7 32 2 31 0 30 0 29 22 
7 32 1 31 0 30 0 29 22 
7 32 1 31 0 30 0 29 22 
6 32 1 31 0 30 0 29 22 
7 32 1 31 0 30 0 29 22 
7 32 1 31 0 30 0 29 22 
6 32 1 31 0 30 0 29 22 
6 32 1 31 0 30 0 29 22 
7 32 1 31 0 30 0 29 22 
7 32 1 31 0 30 0 29 22 
7 32 1 31 0 30 0 29 22 
7 32 1 31 0 30 0 29 22 
6 32 1 31 0 30 0 29 22 
7 32 1 31 0 30 0 29 22 
7 32 1 31 0 30 0 29 22 
7 32 1 31 0 30 0 29 22 
7 32 1 31 0 30 0 29 22 
7 32 1 31 0 30 0 29 22 
7 32 1 31 0 30 0 29 22 
7 32 1 31 0 30 0 29 22 
7 32 2 31 0 30 0 29 22 
7 32 2 31 0 30 0 29 22 
6 32 1 31 0 30 0 29 22 
7 32 1 31 0 30 0 29 22 
7 32 1 31 0 30 0 29 22 
7 32 1 31 0 30 0 29 22 
7 32 1 31 0 30 0 29 22 
7 32 2 31 0 30 0 29 22 
7 32 1 31 0 30 0 29 22 
6 32 1 31 0 30 0 29 22 
7 32 1 31 0 30 0 29 22 
7 32 1 31 0 30 0 29 22 
7 32 1 31 0 30 0 29 22 
7 32 2 31 0 30 0 29 22 
7 32 1 31 0 30 0 29 22 
7 32 1 31 0 30 0 29 22 
7 32 1 31 0 30 0 29 22 
6 32 1 31 0 30 0 29 22 
7 32 2 31 0 30 0 29 22 
7 32 1 31 0 30 0 29 22 
7 32 1 31 0 30 0 29 22 
6 32 1 31 0 30 0 29 22 
6 32 1 31 0 30 0 29 22 
7 32 2 31 0 30 0 29 22 
7 32 2 31 0 30 0 29 22 
7 32 1 31 0 30 0 29 22 
7 32 1 31 0 30 0 29 22 
6 32 1 31 0 30 0 29 22 
7 32 2 31 0 30 0 29 22 
7 32 1 31 0 30 0 29 22 
7 32 2 31 0 30 0 29 22 
7 32 1 31 0 30 0 29 22 
7 32 2 31 0 30 0 29 22 
6 32 1 31 0 30 0 29 22 
7 32 1 31 0 30 0 29 22 
6 32 1 31 0 30 0 29 22 
6 32 1 31 0 30 0 29 22 
7 32 1 31 0 30 0 29 22 
7 32 1 31 0 30 0 29 22 
7 32 1 31 0 30 0 29 22 
7 32 1 31 0 30 0 29 22 
6 32 1 31 0 30 0 29 22 
SCORES_TXT_END_0
SCORES_TXT_BEGIN_0 7 100 9 BLEU
8 50 0 49 0 48 0 47 22 
8 50 0 49 0 48 0 47 22 
8 50 0 49 0 48 0 47 22 
8 50 0 49 0 48 0 47 22 
8 50 0 49 0 48 0 47 22 
7 50 0 49 0 48 0 47 22 
8 50 0 49 0 48 0 47 22 
8 50 0 49 0 48 0 47 22 
7 50 0 49 0 48 0 47 22 
8 50 0 49 0 48 0 47 22 
8 50 0 49 0 48 0 47 22 
8 50 0 49 0 48 0 47 22 
7 50 0 49 0 48 0 47 22 
8 50 1 49 0 48 0 47 22 
8 50 0 49 0 48 0 47 22 
8 50 0 49 0 48 0 47 22 
8 50 0 49 0 48 0 47 22 
7 50 0 49 0 48 0 47 22 
8 50 1 49 0 48 0 47 22 
8 50 0 49 0 48 0 47 22 
7 50 0 49 0 48 0 47 22 
8 50 0 49 0 48 0 47 22 
8 50 0 49 0 48 0 47 22 
7 50 0 49 0 48 0 47 22 
8 50 0 49 0 48 0 47 22 
8 50 0 49 0 48 0 47 22 
8 50 0 49 0 48 0 47 22 
8 50 1 49 0 48 0 47 22 
8 50 0 49 0 48 0 47 22 
7 50 0 49 0 48 0 47 22 
8 50 0 49 0 48 0 47 22 
8 50 0 49 0 48 0 47 22 
8 50 0 49 0 48 0 47 22 
7 50 0 49 0 48 0 47 22 
8 50 0 49 0 48 0 47 22 
8 50 0 49 0 48 0 47 22 
8 50 0 49 0 48 0 47 22 
8 50 0 49 0 48 0 47 22 
8 50 0 49 0 48 0 47 22 
8 50 0 49 0 48 0 47 22 
8 50 1 49 0 48 0 47 22 
8 50 0 49 0 48 0 47 22 
8 50 0 49 0 48 0 47 22 
7 50 0 49 0 48 0 47 22 
8 50 0 49 0 48 0 47 22 
7 50 0 49 0 48 0 47 22 
8 50 0 49 0 48 0 47 22 
8 50 0 49 0 48 0 47 22 
8 50 1 49 0 48 0 47 22 
8 50 0 49 0 48 0 47 22 
8 50 0 49 0 48 0 47 22 
8 50 1 49 0 48 0 47 22 
8 50 0 49 0 48 0 47 22 
8 50 0 49 0 48 0 47 22 
8 50 0 49 0 48 0 47 22 
7 50 0 49 0 48 0 47 22 
8 50 0 49 0 48 0 47 22 
8 50 0 49 0 48 0 47 22 
7 50 0 49 0 48 0 47 22 
7 50 0 49 0 48 0 47 22 
8 50 0 49 0 48 0 47 22 
8 49 0 48 0 47 0 46 22 
8 50 0 49 0 48 0 47 22 
8 50 0 49 0 48 0 47 22 
8 50 0 49 0 48 0 47 22 
8 50 1 49 0 48 0 47 22 
8 50 0 49 0 48 0 47 22 
8 50 0 49 0 48 0 47 22 
7 50 0 49 0 48 0 47 22 
8 50 0 49 0 48 0 47 22 
8 50 1 49 0 48 0 47 22 
8 50 0 49 0 48 0 47 22 
8 50 0 49 0 48 0 47 22 
8 50 0 49 0 48 0 47 22 
8 50 0 49 0 48 0 47 22 
8 50 0 49 0 48 0 47 22 
7 50 0 49 0 48 0 47 22 
8 50 0 49 0 48 0 47 22 
8 50 0 49 0 48 0 47 22 
7 50 0 49 0 48 0 47 22 
8 50 0 49 0 48 0 47 22 
9 50 0 49 0 48 0 47 22 
8 49 0 48 0 47 0 46 22 
8 50 0 49 0 48 0 47 22 
8 50 0 49 0 48 0 47 22 
7 50 0 49 0 48 0 47 22 
7 50 0 49 0 48 0 47 22 
8 50 0 49 0 48 0 47 22 
8 50 0 49 0 48 0 47 22 
8 50 0 49 0 48 0 47 22 
7 50 0 49 0 48 0 47 22 
8 50 0 49 0 48 0 47 22 
8 50 1 49 0 48 0 47 22 
8 50 0 49 0 48 0 47 22 
8 50 0 49 0 48 0 47 22 
8 50 1 49 0 48 0 47 22 
8 50 0 49 0 48 0 47 22 
8 50 0 49 0 48 0 47 22 
7 50 0 49 0 48 0 47 22 
8 50 0 49 0 48 0 47 22 
SCORES_TXT_END_0
SCORES_TXT_BEGIN_0 8 98 9 BLEU
8 49 0 48 0 47 0 46 33 
8 49 0 48 0 47 0 46 33 
8 49 0 48 0 47 0 46 33 
8 49 0 48 0 47 0 46 33 
8 49 0 48 0 47 0 46 33 
8 49 0 48 0 47 0 46 33 
8 49 0 48 0 47 0 46 33 
8 49 0 48 0 47 0 46 33 
8 49 0 48 0 47 0 46 33 
8 49 0 48 0 47 0 46 33 
8 49 0 48 0 47 0 46 33 
8 49 0 48 0 47 0 46 33 
8 49 0 48 0 47 0 46 33 
8 49 0 48 0 47 0 46 33 
8 49 0 48 0 47 0 46 33 
8 49 0 48 0 47 0 46 33 
8 49 0 48 0 47 0 46 33 
8 49 0 48 0 47 0 46 33 
8 49 0 48 0 47 0 46 33 
8 49 0 48 0 47 0 46 33 
8 49 0 48 0 47 0 46 33 
8 49 0 48 0 47 0 46 33 
8 49 0 48 0 47 0 46 33 
8 49 0 48 0 47 0 46 33 
8 49 0 48 0 47 0 46 33 
8 49 0 48 0 47 0 46 33 
8 49 0 48 0 47 0 46 33 
8 49 0 48 0 47 0 46 33 
8 49 0 48 0 47 0 46 33 
8 49 0 48 0 47 0 46 33 
8 49 0 48 0 47 0 46 33 
8 49 0 48 0 47 0 46 33 
8 49 0 48 0 47 0 46 33 
8 49 0 48 0 47 0 46 33 
8 49 0 48 0 47 0 46 33 
8 49 0 48 0 47 0 46 33 
9 49 0 48 0 47 0 46 33 
8 49 0 48 0 47 0 46 33 
8 49 0 48 0 47 0 46 33 
8 49 0 48 0 47 0 46 33 
8 49 0 48 0 47 0 46 33 
8 49 0 48 0 47 0 46 33 
8 49 0 48 0 47 0 46 33 
8 49 0 48 0 47 0 46 33 
8 50 0 49 0 48 0 47 33 
8 49 0 48 0 47 0 46 33 
8 49 0 48 0 47 0 46 33 
9 49 0 48 0 47 0 46 33 
8 49 0 48 0 47 0 46 33 
7 49 0 48 0 47 0 46 33 
8 49 0 48 0 47 0 46 33 
8 49 0 48 0 47 0 46 33 
8 49 0 48 0 47 0 46 33 
8 49 0 48 0 47 0 46 33 
8 49 0 48 0 47 0 46 33 
8 49 0 48 0 47 0 46 33 
8 49 0 48 0 47 0 46 33 
8 49 0 48 0 47 0 46 33 
8 49 0 48 0 47 0 46 33 
8 49 0 48 0 47 0 46 33 
9 49 0 48 0 47 0 46 33 
8 49 0 48 0 47 0 46 33 
8 49 0 48 0 47 0 46 33 
8 49 0 48 0 47 0 46 33 
8 49 0 48 0 47 0 46 33 
8 49 0 48 0 47 0 46 33 
8 50 0 49 0 48 0 47 33 
8 49 0 48 0 47 0 46 33 
8 49 0 48 0 47 0 46 33 
8 49 0 48 0 47 0 46 33 
8 49 0 48 0 47 0 46 33 
8 49 0 48 0 47 0 46 33 
8 49 0 48 0 47 0 46 33 
8 49 0 48 0 47 0 46 33 
8 49 0 48 0 47 0 46 33 
8 49 0 48 0 47 0 46 33 
8 49 0 48 0 47 0 46 33 
8 49 0 48 0 47 0 46 33 
8 49 0 48 0 47 0 46 33 
8 49 0 48 0 47 0 46 33 
7 49 0 48 0 47 0 46 33 
8 49 0 48 0 47 0 46 33 
8 49 0 48 0 47 0 46 33 
8 49 0 48 0 47 0 46 33 
8 49 0 48 0 47 0 46 33 
8 49 0 48 0 47 0 46 33 
8 49 0 48 0 47 0 46 33 
8 49 0 48 0 47 0 46 33 
8 49 0 48 0 47 0 46 33 
8 49 0 48 0 47 0 46 33 
8 49 0 48 0 47 0 46 33 
8 49 0 48 0 47 0 46 33 
8 49 0 48 0 47 0 46 33 
8 49 0 48 0 47 0 46 33 
8 49 0 48 0 47 0 46 33 
8 49 0 48 0 47 0 46 33 
8 49 0 48 0 47 0 46 33 
8 49 0 48 0 47 0 46 33 
SCORES_TXT_END_0
SCORES_TXT_BEGIN_0 9 100 9 BLEU
6 31 0 30 0 29 0 28 13 
5 31 0 30 0 29 0 28 13 
5 31 0 30 0 29 0 28 13 
6 31 1 30 0 29 0 28 13 
5 31 1 30 0 29 0 28 13 
5 31 0 30 0 29 0 28 13 
6 31 1 30 0 29 0 28 13 
5 31 1 30 0 29 0 28 13 
5 31 1 30 0 29 0 28 13 
6 31 0 30 0 29 0 28 13 
5 31 0 30 0 29 0 28 13 
6 31 0 30 0 29 0 28 13 
6 31 0 30 0 29 0 28 13 
5 31 0 30 0 29 0 28 13 
5 31 1 30 0 29 0 28 13 
5 31 1 30 0 29 0 28 13 
6 31 0 30 0 29 0 28 13 
5 31 0 30 0 29 0 28 13 
5 31 0 30 0 29 0 28 13 
6 31 0 30 0 29 0 28 13 
5 31 0 30 0 29 0 28 13 
5 31 1 30 0 29 0 28 13 
5 31 0 30 0 29 0 28 13 
6 31 1 30 0 29 0 28 13 
5 31 1 30 0 29 0 28 13 
6 31 1 30 0 29 0 28 13 
5 31 0 30 0 29 0 28 13 
5 31 0 30 0 29 0 28 13 
6 31 1 30 0 29 0 28 13 
5 31 1 30 0 29 0 28 13 
5 31 0 30 0 29 0 28 13 
6 31 1 30 0 29 0 28 13 
5 31 0 30 0 29 0 28 13 
5 31 1 30 0 29 0 28 13 
6 31 1 30 0 29 0 28 13 
5 31 1 30 0 29 0 28 13 
5 31 0 30 0 29 0 28 13 
6 31 1 30 0 29 0 28 13 
5 31 1 30 0 29 0 28 13 
6 31 1 30 0 29 0 28 13 
5 31 0 30 0 29 0 28 13 
5 31 1 30 0 29 0 28 13 
5 31 0 30 0 29 0 28 13 
5 31 1 30 0 29 0 28 13 
5 31 0 30 0 29 0 28 13 
5 31 1 30 0 29 0 28 13 
6 31 1 30 0 29 0 28 13 
5 31 1 30 0 29 0 28 13 
5 31 0 30 0 29 0 28 13 
6 31 0 30 0 29 0 28 13 
5 31 1 30 0 29 0 28 13 
5 31 1 30 0 29 0 28 13 
5 31 0 30 0 29 0 28 13 
5 31 1 30 0 29 0 28 13 
6 31 0 30 0 29 0 28 13 
5 31 0 30 0 29 0 28 13 
5 31 0 30 0 29 0 28 13 
5 31 1 30 0 29 0 28 13 
6 31 0 30 0 29 0 28 13 
5 31 1 30 0 29 0 28 13 
6 31 0 30 0 29 0 28 13 
5 31 1 30 0 29 0 28 13 
6 31 0 30 0 29 0 28 13 
5 31 0 30 0 29 0 28 13 
5 31 1 30 0 29 0 28 13 
5 31 0 30 0 29 0 28 13 
5 31 1 30 0 29 0 28 13 
5 31 1 30 0 29 0 28 13 
5 31 0 30 0 29 0 28 13 
5 31 1 30 0 29 0 28 13 
5 31 1 30 0 29 0 28 13 
6 31 0 30 0 29 0 28 13 
5 31 0 30 0 29 0 28 13 
5 31 0 30 0 29 0 28 13 
5 31 1 30 0 29 0 28 13 
6 31 0 30 0 29 0 28 13 
5 31 0 30 0 29 0 28 13 
5 31 0 30 0 29 0 28 13 
6 31 0 30 0 29 0 28 13 
5 31 0 30 0 29 0 28 13 
5 31 1 30 0 29 0 28 13 
6 31 1 30 0 29 0 28 13 
5 31 1 30 0 29 0 28 13 
6 31 0 30 0 29 0 28 13 
5 31 0 30 0 29 0 28 13 
5 31 1 30 0 29 0 28 13 
5 31 0 30 0 29 0 28 13 
6 31 1 30 0 29 0 28 13 
5 31 0 30 0 29 0 28 13 
5 31 1 30 0 29 0 28 13 
5 31 0 30 0 29 0 28 13 
5 31 1 30 0 29 0 28 13 
6 31 0 30 0 29 0 28 13 
6 31 1 30 0 29 0 28 13 
5 31 0 30 0 29 0 28 13 
5 31 1 30 0 29 0 28 13 
5 31 0 30 0 29 0 28 13 
6 31 1 30 0 29 0 28 13 
6 31 1 30 0 29 0 28 13 
5 31 1 30 0 29 0 28 13 
SCORES_TXT_END_0
SCORES_TXT_BEGIN_0 10 99 9 BLEU
10 21 1 20 0 19 0 18 13 
10 21 1 20 0 19 0 18 13 
10 20 1 19 0 18 0 17 13 
10 20 1 19 0 18 0 17 13 
10 21 1 20 0 19 0 18 13 
10 21 1 20 0 19 0 18 13 
10 21 1 20 0 19 0 18 13 
10 21 1 20 0 19 0 18 13 
10 20 1 19 0 18 0 17 13 
10 21 1 20 0 19 0 18 13 
10 20 1 19 0 18 0 17 13 
10 20 1 19 0 18 0 17 13 
10 20 1 19 0 18 0 17 13 
10 20 1 19 0 18 0 17 13 
10 21 2 20 0 19 0 18 13 
10 21 1 20 0 19 0 18 13 
10 20 1 19 0 18 0 17 13 
10 21 1 20 0 19 0 18 13 
10 20 1 19 0 18 0 17 13 
10 21 1 20 0 19 0 18 13 
10 21 1 20 0 19 0 18 13 
10 20 2 19 0 18 0 17 13 
10 20 1 19 0 18 0 17 13 
10 20 1 19 0 18 0 17 13 
10 21 1 20 0 19 0 18 13 
10 21 1 20 0 19 0 18 13 
10 20 0 19 0 18 0 17 13 
10 21 1 20 0 19 0 18 13 
10 20 1 19 0 18 0 17 13 
10 21 1 20 0 19 0 18 13 
10 20 1 19 0 18 0 17 13 
10 21 1 20 0 19 0 18 13 
10 20 0 19 0 18 0 17 13 
10 21 2 20 0 19 0 18 13 
10 20 1 19 0 18 0 17 13 
10 21 1 20 0 19 0 18 13 
10 20 1 19 0 18 0 17 13 
10 22 1 21 0 20 0 19 13 
10 20 1 19 0 18 0 17 13 
10 21 0 20 0 19 0 18 13 
10 20 1 19 0 18 0 17 13 
10 20 1 19 0 18 0 17 13 
10 21 1 20 0 19 0 18 13 
10 20 1 19 0 18 0 17 13 
10 21 0 20 0 19 0 18 13 
10 20 1 19 0 18 0 17 13 
10 21 1 20 0 19 0 18 13 
10 20 0 19 0 18 0 17 13 
10 21 1 20 0 19 0 18 13 
10 20 1 19 0 18 0 17 13 
10 20 1 19 0 18 0 17 13 
10 20 2 19 0 18 0 17 13 
10 21 1 20 0 19 0 18 13 
10 20 0 19 0 18 0 17 13 
10 20 1 19 0 18 0 17 13 
10 20 1 19 0 18 0 17 13 
10 21 1 20 0 19 0 18 13 
10 21 1 20 0 19 0 18 13 
10 21 1 20 0 19 0 18 13 
10 20 1 19 0 18 0 17 13 
10 21 1 20 0 19 0 18 13 
10 21 1 20 0 19 0 18 13 
10 20 1 19 0 18 0 17 13 
10 21 1 20 0 19 0 18 13 
10 21 1 20 0 19 0 18 13 
10 20 1 19 0 18 0 17 13 
10 21 1 20 0 19 0 18 13 
10 21 1 20 0 19 0 18 13 
10 20 0 19 0 18 0 17 13 
10 20 1 19 0 18 0 17 13 
10 21 1 20 0 19 0 18 13 
10 20 0 19 0 18 0 17 13 
10 21 1 20 0 19 0 18 13 
10 21 1 20 0 19 0 18 13 
10 22 1 21 0 20 0 19 13 
10 21 1 20 0 19 0 18 13 
10 21 1 20 0 19 0 18 13 
10 21 1 20 0 19 0 18 13 
10 21 1 20 0 19 0 18 13 
10 20 2 19 0 18 0 17 13 
10 20 1 19 0 18 0 17 13 
10 21 1 20 0 19 0 18 13 
10 20 1 19 0 18 0 17 13 
10 21 1 20 0 19 0 18 13 
10 21 0 20 0 19 0 18 13 
10 20 1 19 0 18 0 17 13 
10 21 1 20 0 19 0 18 13 
10 20 1 19 0 18 0 17 13 
10 21 1 20 0 19 0 18 13 
10 21 1 20 0 19 0 18 13 
10 21 1 20 0 19 0 18 13 
10 21 1 20 0 19 0 18 13 
10 21 1 20 0 19 0 18 13 
10 20 1 19 0 18 0 17 13 
10 21 1 20 0 19 0 18 13 
10 21 1 20 0 19 0 18 13 
10 20 0 19 0 18 0 17 13 
10 21 0 20 0 19 0 18 13 
10 20 1 19 0 18 0 17 13 
SCORES_TXT_END_0
SCORES_TXT_BEGIN_0 11 93 9 BLEU
2 30 0 29 0 28 0 27 13 
2 30 0 29 0 28 0 27 13 
2 30 0 29 0 28 0 27 13 
2 30 0 29 0 28 0 27 13 
2 30 0 29 0 28 0 27 13 
2 30 0 29 0 28 0 27 13 
2 30 0 29 0 28 0 27 13 
2 30 0 29 0 28 0 27 13 
2 30 0 29 0 28 0 27 13 
2 30 0 29 0 28 0 27 13 
2 30 0 29 0 28 0 27 13 
2 30 0 29 0 28 0 27 13 
2 30 0 29 0 28 0 27 13 
2 30 0 29 0 28 0 27 13 
2 30 0 29 0 28 0 27 13 
2 30 0 29 0 28 0 27 13 
2 30 0 29 0 28 0 27 13 
2 30 0 29 0 28 0 27 13 
2 30 0 29 0 28 0 27 13 
2 30 0 29 0 28 0 27 13 
2 30 0 29 0 28 0 27 13 
2 30 0 29 0 28 0 27 13 
2 30 0 29 0 28 0 27 13 
2 30 0 29 0 28 0 27 13 
2 30 0 29 0 28 0 27 13 
2 30 0 29 0 28 0 27 13 
2 30 0 29 0 28 0 27 13 
2 30 0 29 0 28 0 27 13 
2 30 0 29 0 28 0 27 13 
2 30 0 29 0 28 0 27 13 
2 30 0 29 0 28 0 27 13 
2 30 0 29 0 28 0 27 13 
2 30 0 29 0 28 0 27 13 
2 30 0 29 0 28 0 27 13 
2 30 0 29 0 28 0 27 13 
2 30 0 29 0 28 0 27 13 
2 30 0 29 0 28 0 27 13 
2 30 0 29 0 28 0 27 13 
2 30 0 29 0 28 0 27 13 
2 30 0 29 0 28 0 27 13 
2 30 0 29 0 28 0 27 13 
2 30 0 29 0 28 0 27 13 
2 30 0 29 0 28 0 27 13 
2 30 0 29 0 28 0 27 13 
2 30 0 29 0 28 0 27 13 
2 30 0 29 0 28 0 27 13 
2 30 0 29 0 28 0 27 13 
2 30 0 29 0 28 0 27 13 
2 30 0 29 0 28 0 27 13 
2 30 0 29 0 28 0 27 13 
2 30 0 29 0 28 0 27 13 
2 30 0 29 0 28 0 27 13 
2 30 0 29 0 28 0 27 13 
2 30 0 29 0 28 0 27 13 
2 30 0 29 0 28 0 27 13 
2 30 0 29 0 28 0 27 13 
2 30 0 29 0 28 0 27 13 
2 30 0 29 0 28 0 27 13 
2 30 0 29 0 28 0 27 13 
2 30 0 29 0 28 0 27 13 
2 30 0 29 0 28 0 27 13 
2 30 0 29 0 28 0 27 13 
2 30 0 29 0 28 0 27 13 
2 30 0 29 0 28 0 27 13 
2 30 0 29 0 28 0 27 13 
2 30 0 29 0 28 0 27 13 
2 30 0 29 0 28 0 27 13 
2 30 0 29 0 28 0 27 13 
2 30 0 29 0 28 0 27 13 
2 30 0 29 0 28 0 27 13 
2 30 0 29 0 28 0 27 13 
2 30 0 29 0 28 0 27 13 
2 30 0 29 0 28 0 27 13 
2 30 0 29 0 28 0 27 13 
2 30 0 29 0 28 0 27 13 
2 30 0 29 0 28 0 27 13 
2 30 0 29 0 28 0 27 13 
2 30 0 29 0 28 0 27 13 
2 30 0 29 0 28 0 27 13 
2 30 0 29 0 28 0 27 13 
2 30 0 29 0 28 0 27 13 
2 30 0 29 0 28 0 27 13 
2 30 0 29 0 28 0 27 13 
2 30 0 29 0 28 0 27 13 
2 30 0 29 0 28 0 27 13 
2 30 0 29 0 28 0 27 13 
2 30 0 29 0 28 0 27 13 
2 30 0 29 0 28 0 27 13 
2 30 0 29 0 28 0 27 13 
2 30 0 29 0 28 0 27 13 
2 30 0 29 0 28 0 27 13 
2 30 0 29 0 28 0 27 13 
2 30 0 29 0 28 0 27 13 
SCORES_TXT_END_0
SCORES_TXT_BEGIN_0 12 100 9 BLEU
6 35 1 34 0 33 0 32 28 
7 35 1 34 0 33 0 32 28 
6 35 1 34 0 33 0 32 28 
7 35 1 34 0 33 0 32 28 
6 36 1 35 0 34 0 33 28 
7 36 1 35 0 34 0 33 28 
6 36 1 35 0 34 0 33 28 
7 36 1 35 0 34 0 33 28 
6 35 1 34 0 33 0 32 28 
7 35 1 34 0 33 0 32 28 
6 36 1 35 0 34 0 33 28 
6 35 1 34 0 33 0 32 28 
6 35 1 34 0 33 0 32 28 
7 36 1 35 0 34 0 33 28 
7 35 1 34 0 33 0 32 28 
7 35 1 34 0 33 0 32 28 
6 35 1 34 0 33 0 32 28 
6 36 1 35 0 34 0 33 28 
6 36 1 35 0 34 0 33 28 
7 35 1 34 0 33 0 32 28 
7 36 1 35 0 34 0 33 28 
6 35 1 34 0 33 0 32 28 
6 35 1 34 0 33 0 32 28 
7 36 1 35 0 34 0 33 28 
7 35 1 34 0 33 0 32 28 
7 35 1 34 0 33 0 32 28 
6 35 1 34 0 33 0 32 28 
6 36 1 35 0 34 0 33 28 
6 36 1 35 0 34 0 33 28 
7 35 1 34 0 33 0 32 28 
7 36 1 35 0 34 0 33 28 
7 36 1 35 0 34 0 33 28 
6 36 1 35 0 34 0 33 28 
6 35 1 34 0 33 0 32 28 
7 36 1 35 0 34 0 33 28 
7 35 1 34 0 33 0 32 28 
6 36 1 35 0 34 0 33 28 
6 36 1 35 0 34 0 33 28 
7 36 1 35 0 34 0 33 28 
7 36 1 35 0 34 0 33 28 
6 36 1 35 0 34 0 33 28 
7 36 1 35 0 34 0 33 28 
6 36 1 35 0 34 0 33 28 
6 35 1 34 0 33 0 32 28 
6 36 1 35 0 34 0 33 28 
7 36 1 35 0 34 0 33 28 
6 35 1 34 0 33 0 32 28 
7 35 1 34 0 33 0 32 28 
7 36 1 35 0 34 0 33 28 
6 35 1 34 0 33 0 32 28 
7 35 1 34 0 33 0 32 28 
6 35 1 34 0 33 0 32 28 
7 35 1 34 0 33 0 32 28 
6 35 1 34 0 33 0 32 28 
6 36 1 35 0 34 0 33 28 
6 36 1 35 0 34 0 33 28 
7 35 1 34 0 33 0 32 28 
6 35 1 34 0 33 0 32 28 
6 35 1 34 0 33 0 32 28 
7 35 1 34 0 33 0 32 28 
6 35 1 34 0 33 0 32 28 
7 36 1 35 0 34 0 33 28 
7 36 1 35 0 34 0 33 28 
6 36 1 35 0 34 0 33 28 
6 36 1 35 0 34 0 33 28 
7 35 1 34 0 33 0 32 28 
7 35 1 34 0 33 0 32 28 
7 35 1 34 0 33 0 32 28 
6 35 1 34 0 33 0 32 28 
6 35 1 34 0 33 0 32 28 
6 36 1 35 0 34 0 33 28 
7 36 1 35 0 34 0 33 28 
7 36 1 35 0 34 0 33 28 
6 36 1 35 0 34 0 33 28 
6 36 1 35 0 34 0 33 28 
7 35 1 34 0 33 0 32 28 
6 36 1 35 0 34 0 33 28 
7 35 1 34 0 33 0 32 28 
7 36 1 35 0 34 0 33 28 
6 36 1 35 0 34 0 33 28 
6 35 1 34 0 33 0 32 28 
6 35 1 34 0 33 0 32 28 
6 35 1 34 0 33 0 32 28 
7 36 1 35 0 34 0 33 28 
7 36 1 35 0 34 0 33 28 
7 36 1 35 0 34 0 33 28 
6 36 1 35 0 34 0 33 28 
6 36 1 35 0 34 0 33 28 
7 36 1 35 0 34 0 33 28 
7 35 1 34 0 33 0 32 28 
7 35 1 34 0 33 0 32 28 
7 35 1 34 0 33 0 32 28 
6 35 1 34 0 33 0 32 28 
6 35 1 34 0 33 0 32 28 
6 36 1 35 0 34 0 33 28 
7 36 1 35 0 34 0 33 28 
6 36 1 35 0 34 0 33 28 
7 36 1 35 0 34 0 33 28 
6 36 1 35 0 34 0 33 28 
7 35 1 34 0 33 0 32 28 
SCORES_TXT_END_0
SCORES_TXT_BEGIN_0 13 100 9 BLEU
5 32 1 31 0 30 0 29 13 
5 31 1 30 0 29 0 28 13 
5 32 1 31 0 30 0 29 13 
5 31 1 30 0 29 0 28 13 
5 32 1 31 0 30 0 29 13 
5 31 1 30 0 29 0 28 13 
5 32 1 31 0 30 0 29 13 
5 31 1 30 0 29 0 28 13 
5 32 1 31 0 30 0 29 13 
5 31 1 30 0 29 0 28 13 
5 32 1 31 0 30 0 29 13 
5 31 1 30 0 29 0 28 13 
5 32 1 31 0 30 0 29 13 
5 31 1 30 0 29 0 28 13 
5 31 1 30 0 29 0 28 13 
5 31 1 30 0 29 0 28 13 
5 32 1 31 0 30 0 29 13 
5 31 1 30 0 29 0 28 13 
5 33 1 32 0 31 0 30 13 
5 32 1 31 0 30 0 29 13 
5 32 1 31 0 30 0 29 13 
5 32 1 31 0 30 0 29 13 
5 31 1 30 0 29 0 28 13 
5 32 1 31 0 30 0 29 13 
5 31 1 30 0 29 0 28 13 
5 32 1 31 0 30 0 29 13 
5 31 1 30 0 29 0 28 13 
5 32 1 31 0 30 0 29 13 
5 32 1 31 0 30 0 29 13 
5 32 1 31 0 30 0 29 13 
5 32 1 31 0 30 0 29 13 
5 31 1 30 0 29 0 28 13 
5 31 1 30 0 29 0 28 13 
5 31 1 30 0 29 0 28 13 
5 31 1 30 0 29 0 28 13 
5 31 1 30 0 29 0 28 13 
5 32 1 31 0 30 0 29 13 
5 31 1 30 0 29 0 28 13 
5 32 1 31 0 30 0 29 13 
5 32 1 31 0 30 0 29 13 
5 32 1 31 0 30 0 29 13 
5 32 0 31 0 30 0 29 13 
5 31 1 30 0 29 0 28 13 
5 31 1 30 0 29 0 28 13 
5 31 1 30 0 29 0 28 13 
5 32 1 31 0 30 0 29 13 
5 31 0 30 0 29 0 28 13 
5 31 1 30 0 29 0 28 13 
5 32 1 31 0 30 0 29 13 
5 31 1 30 0 29 0 28 13 
5 32 1 31 0 30 0 29 13 
5 32 1 31 0 30 0 29 13 
5 31 1 30 0 29 0 28 13 
5 31 1 30 0 29 0 28 13 
5 31 1 30 0 29 0 28 13 
5 31 1 30 0 29 0 28 13 
5 31 1 30 0 29 0 28 13 
5 32 1 31 0 30 0 29 13 
5 32 1 31 0 30 0 29 13 
5 33 1 32 0 31 0 30 13 
5 32 1 31 0 30 0 29 13 
5 32 1 31 0 30 0 29 13 
5 31 1 30 0 29 0 28 13 
5 31 1 30 0 29 0 28 13 
5 32 1 31 0 30 0 29 13 
5 31 1 30 0 29 0 28 13 
5 32 1 31 0 30 0 29 13 
5 31 1 30 0 29 0 28 13 
5 31 1 30 0 29 0 28 13 
5 31 1 30 0 29 0 28 13 
5 31 1 30 0 29 0 28 13 
5 31 1 30 0 29 0 28 13 
5 32 1 31 0 30 0 29 13 
5 32 1 31 0 30 0 29 13 
5 32 1 31 0 30 0 29 13 
5 32 1 31 0 30 0 29 13 
5 31 1 30 0 29 0 28 13 
5 32 1 31 0 30 0 29 13 
5 32 1 31 0 30 0 29 13 
5 32 1 31 0 30 0 29 13 
5 32 1 31 0 30 0 29 13 
5 33 1 32 0 31 0 30 13 
5 31 1 30 0 29 0 28 13 
5 31 1 30 0 29 0 28 13 
5 32 1 31 0 30 0 29 13 
5 31 1 30 0 29 0 28 13 
5 31 1 30 0 29 0 28 13 
5 32 1 31 0 30 0 29 13 
5 31 1 30 0 29 0 28 13 
5 31 1 30 0 29 0 28 13 
5 31 1 30 0 29 0 28 13 
5 31 1 30 0 29 0 28 13 
5 32 1 31 0 30 0 29 13 
5 32 1 31 0 30 0 29 13 
5 33 1 32 0 31 0 30 13 
5 31 1 30 0 29 0 28 13 
5 32 1 31 0 30 0 29 13 
5 31 1 30 0 29 0 28 13 
5 32 1 31 0 30 0 29 13 
5 31 1 30 0 29 0 28 13 
SCORES_TXT_END_0
SCORES_TXT_BEGIN_0 14 100 9 BLEU
7 33 2 32 0 31 0 30 20 
7 33 2 32 0 31 0 30 20 
7 33 2 32 0 31 0 30 20 
7 33 2 32 0 31 0 30 20 
7 33 2 32 0 31 0 30 20 
7 33 2 32 0 31 0 30 20 
7 33 2 32 0 31 0 30 20 
7 33 2 32 0 31 0 30 20 
7 33 2 32 0 31 0 30 20 
7 33 2 32 0 31 0 30 20 
7 33 2 32 0 31 0 30 20 
7 33 2 32 0 31 0 30 20 
7 33 2 32 0 31 0 30 20 
7 33 2 32 0 31 0 30 20 
7 33 2 32 0 31 0 30 20 
7 33 2 32 0 31 0 30 20 
7 33 2 32 0 31 0 30 20 
7 33 2 32 0 31 0 30 20 
7 33 2 32 0 31 0 30 20 
7 33 2 32 0 31 0 30 20 
7 33 2 32 0 31 0 30 20 
7 33 2 32 0 31 0 30 20 
7 33 2 32 0 31 0 30 20 
7 33 2 32 0 31 0 30 20 
7 33 2 32 0 31 0 30 20 
7 33 2 32 0 31 0 30 20 
7 33 2 32 0 31 0 30 20 
7 33 2 32 0 31 0 30 20 
7 33 2 32 0 31 0 30 20 
7 33 2 32 0 31 0 30 20 
7 33 2 32 0 31 0 30 20 
7 33 2 32 0 31 0 30 20 
7 33 2 32 0 31 0 30 20 
7 33 2 32 0 31 0 30 20 
7 33 2 32 0 31 0 30 20 
7 33 2 32 0 31 0 30 20 
7 33 2 32 0 31 0 30 20 
7 33 2 32 0 31 0 30 20 
7 33 2 32 0 31 0 30 20 
7 33 2 32 0 31 0 30 20 
7 33 2 32 0 31 0 30 20 
7 33 2 32 0 31 0 30 20 
7 33 2 32 0 31 0 30 20 
7 33 2 32 0 31 0 30 20 
7 33 2 32 0 31 0 30 20 
7 33 2 32 0 31 0 30 20 
7 33 2 32 0 31 0 30 20 
7 33 2 32 0 31 0 30 20 
7 33 2 32 0 31 0 30 20 
7 33 2 32 0 31 0 30 20 
7 33 2 32 0 31 0 30 20 
7 33 2 32 0 31 0 30 20 
7 33 2 32 0 31 0 30 20 
7 33 2 32 0 31 0 30 20 
7 33 2 32 0 31 0 30 20 
7 33 2 32 0 31 0 30 20 
7 33 2 32 0 31 0 30 20 
7 33 2 32 0 31 0 30 20 
7 33 2 32 0 31 0 30 20 
7 33 2 32 0 31 0 30 20 
7 33 2 32 0 31 0 30 20 
7 33 2 32 0 31 0 30 20 
7 33 2 32 0 31 0 30 20 
7 33 2 32 0 31 0 30 20 
7 33 2 32 0 31 0 30 20 
7 33 2 32 0 31 0 30 20 
7 33 2 32 0 31 0 30 20 
7 33 2 32 0 31 0 30 20 
7 33 2 32 0 31 0 30 20 
7 33 2 32 0 31 0 30 20 
7 33 2 32 0 31 0 30 20 
7 33 2 32 0 31 0 30 20 
7 33 2 32 0 31 0 30 20 
7 33 2 32 0 31 0 30 20 
7 33 2 32 0 31 0 30 20 
7 33 2 32 0 31 0 30 20 
7 33 2 32 0 31 0 30 20 
7 33 2 32 0 31 0 30 20 
7 33 2 32 0 31 0 30 20 
7 33 2 32 0 31 0 30 20 
7 33 2 32 0 31 0 30 20 
7 33 2 32 0 31 0 30 20 
7 33 2 32 0 31 0 30 20 
7 33 2 32 0 31 0 30 20 
7 33 2 32 0 31 0 30 20 
7 33 2 32 0 31 0 30 20 
7 33 2 32 0 31 0 30 20 
7 33 2 32 0 31 0 30 20 
7 33 2 32 0 31 0 30 20 
7 33 2 32 0 31 0 30 20 
7 33 2 32 0 31 0 30 20 
7 33 2 32 0 31 0 30 20 
7 33 2 32 0 31 0 30 20 
7 33 2 32 0 31 0 30 20 
7 33 2 32 0 31 0 30 20 
7 33 2 32 0 31 0 30 20 
7 33 2 32 0 31 0 30 20 
7 33 2 32 0 31 0 30 20 
7 33 2 32 0 31 0 30 20 
7 33 2 32 0 31 0 30 20 
SCORES_TXT_END_0
SCORES_TXT_BEGIN_0 15 98 9 BLEU
7 30 2 29 0 28 0 27 31 
7 30 2 29 0 28 0 27 31 
7 30 2 29 0 28 0 27 31 
7 30 2 29 0 28 0 27 31 
7 30 1 29 0 28 0 27 31 
7 30 1 29 0 28 0 27 31 
7 30 3 29 1 28 0 27 31 
7 30 1 29 0 28 0 27 31 
7 30 1 29 0 28 0 27 31 
7 30 2 29 0 28 0 27 31 
7 30 2 29 0 28 0 27 31 
7 30 2 29 0 28 0 27 31 
7 30 2 29 0 28 0 27 31 
7 30 1 29 0 28 0 27 31 
7 30 1 29 0 28 0 27 31 
7 30 2 29 0 28 0 27 31 
7 30 1 29 0 28 0 27 31 
7 30 1 29 0 28 0 27 31 
7 30 1 29 0 28 0 27 31 
7 30 2 29 0 28 0 27 31 
7 30 1 29 0 28 0 27 31 
7 30 3 29 1 28 0 27 31 
7 30 2 29 0 28 0 27 31 
7 30 1 29 0 28 0 27 31 
7 30 1 29 0 28 0 27 31 
7 31 2 30 0 29 0 28 31 
7 30 2 29 0 28 0 27 31 
7 30 2 29 0 28 0 27 31 
7 30 2 29 0 28 0 27 31 
7 30 2 29 0 28 0 27 31 
7 30 1 29 0 28 0 27 31 
7 30 1 29 0 28 0 27 31 
7 30 1 29 0 28 0 27 31 
7 30 2 29 0 28 0 27 31 
7 30 1 29 0 28 0 27 31 
7 30 3 29 1 28 0 27 31 
7 30 2 29 0 28 0 27 31 
7 30 2 29 0 28 0 27 31 
7 30 1 29 0 28 0 27 31 
7 30 2 29 0 28 0 27 31 
7 30 2 29 0 28 0 27 31 
7 30 1 29 0 28 0 27 31 
7 30 2 29 0 28 0 27 31 
7 30 1 29 0 28 0 27 31 
7 30 1 29 0 28 0 27 31 
7 30 2 29 0 28 0 27 31 
7 30 2 29 0 28 0 27 31 
7 30 2 29 0 28 0 27 31 
7 30 2 29 0 28 0 27 31 
7 30 3 29 1 28 0 27 31 
7 30 2 29 0 28 0 27 31 
7 30 2 29 0 28 0 27 31 
7 30 2 29 0 28 0 27 31 
7 30 2 29 0 28 0 27 31 
7 30 2 29 0 28 0 27 31 
7 30 2 29 0 28 0 27 31 
7 30 2 29 0 28 0 27 31 
7 30 2 29 0 28 0 27 31 
7 30 2 29 0 28 0 27 31 
7 30 1 29 0 28 0 27 31 
7 30 1 29 0 28 0 27 31 
7 30 1 29 0 28 0 27 31 
7 30 2 29 0 28 0 27 31 
7 30 2 29 0 28 0 27 31 
7 31 2 30 0 29 0 28 31 
7 30 1 29 0 28 0 27 31 
7 31 2 30 0 29 0 28 31 
7 30 2 29 0 28 0 27 31 
7 30 2 29 0 28 0 27 31 
7 30 2 29 0 28 0 27 31 
7 30 2 29 0 28 0 27 31 
7 30 1 29 0 28 0 27 31 
7 30 2 29 0 28 0 27 31 
7 30 1 29 0 28 0 27 31 
7 30 2 29 0 28 0 27 31 
7 30 2 29 0 28 0 27 31 
7 30 1 29 0 28 0 27 31 
7 30 1 29 0 28 0 27 31 
7 30 3 29 1 28 0 27 31 
7 30 2 29 0 28 0 27 31 
7 31 2 30 0 29 0 28 31 
7 30 2 29 0 28 0 27 31 
7 30 2 29 0 28 0 27 31 
7 30 2 29 0 28 0 27 31 
7 30 2 29 0 28 0 27 31 
7 30 2 29 0 28 0 27 31 
7 30 1 29 0 28 0 27 31 
7 30 2 29 0 28 0 27 31 
7 30 1 29 0 28 0 27 31 
7 30 2 29 0 28 0 27 31 
7 30 2 29 0 28 0 27 31 
7 30 3 29 1 28 0 27 31 
7 30 2 29 0 28 0 27 31 
7 30 1 29 0 28 0 27 31 
7 30 2 29 0 28 0 27 31 
7 30 1 29 0 28 0 27 31 
7 30 3 29 1 28 0 27 31 
7 30 1 29 0 28 0 27 31 
SCORES_TXT_END_0
SCORES_TXT_BEGIN_0 16 93 9 BLEU
9 30 2 29 0 28 0 27 29 
9 30 2 29 0 28 0 27 29 
9 30 2 29 0 28 0 27 29 
9 30 2 29 0 28 0 27 29 
9 30 2 29 0 28 0 27 29 
9 30 2 29 0 28 0 27 29 
9 30 2 29 0 28 0 27 29 
9 30 2 29 0 28 0 27 29 
9 30 2 29 0 28 0 27 29 
9 30 2 29 0 28 0 27 29 
8 30 2 29 0 28 0 27 29 
9 30 2 29 0 28 0 27 29 
9 30 2 29 0 28 0 27 29 
9 30 2 29 0 28 0 27 29 
10 30 2 29 0 28 0 27 29 
10 30 2 29 0 28 0 27 29 
9 30 1 29 0 28 0 27 29 
9 30 2 29 0 28 0 27 29 
9 30 2 29 0 28 0 27 29 
9 30 2 29 0 28 0 27 29 
9 30 2 29 0 28 0 27 29 
9 30 2 29 0 28 0 27 29 
9 30 2 29 0 28 0 27 29 
9 30 2 29 0 28 0 27 29 
9 30 2 29 0 28 0 27 29 
9 30 2 29 0 28 0 27 29 
9 30 2 29 0 28 0 27 29 
9 30 2 29 0 28 0 27 29 
10 30 2 29 0 28 0 27 29 
9 30 2 29 0 28 0 27 29 
10 30 2 29 0 28 0 27 29 
9 30 1 29 0 28 0 27 29 
10 30 2 29 0 28 0 27 29 
10 30 2 29 0 28 0 27 29 
9 30 1 29 0 28 0 27 29 
9 30 2 29 0 28 0 27 29 
9 30 2 29 0 28 0 27 29 
9 30 2 29 0 28 0 27 29 
10 30 2 29 0 28 0 27 29 
9 30 2 29 0 28 0 27 29 
9 30 2 29 0 28 0 27 29 
9 30 2 29 0 28 0 27 29 
9 30 2 29 0 28 0 27 29 
10 30 2 29 0 28 0 27 29 
8 30 2 29 0 28 0 27 29 
9 30 2 29 0 28 0 27 29 
10 30 2 29 0 28 0 27 29 
9 30 2 29 0 28 0 27 29 
9 30 2 29 0 28 0 27 29 
8 30 2 29 0 28 0 27 29 
10 30 2 29 0 28 0 27 29 
10 30 2 29 0 28 0 27 29 
9 30 1 29 0 28 0 27 29 
8 30 2 29 0 28 0 27 29 
10 30 2 29 0 28 0 27 29 
9 30 2 29 0 28 0 27 29 
10 30 2 29 0 28 0 27 29 
9 30 2 29 0 28 0 27 29 
10 30 2 29 0 28 0 27 29 
8 30 2 29 0 28 0 27 29 
9 30 1 29 0 28 0 27 29 
10 30 2 29 0 28 0 27 29 
10 30 2 29 0 28 0 27 29 
9 30 2 29 0 28 0 27 29 
9 30 2 29 0 28 0 27 29 
9 30 2 29 0 28 0 27 29 
8 30 2 29 0 28 0 27 29 
9 30 2 29 0 28 0 27 29 
10 30 1 29 0 28 0 27 29 
9 30 2 29 0 28 0 27 29 
9 30 2 29 0 28 0 27 29 
9 30 2 29 0 28 0 27 29 
8 30 2 29 0 28 0 27 29 
10 30 2 29 0 28 0 27 29 
9 30 1 29 0 28 0 27 29 
8 30 2 29 0 28 0 27 29 
9 30 2 29 0 28 0 27 29 
9 30 2 29 0 28 0 27 29 
8 30 2 29 0 28 0 27 29 
10 30 2 29 0 28 0 27 29 
9 30 2 29 0 28 0 27 29 
8 30 2 29 0 28 0 27 29 
9 30 2 29 0 28 0 27 29 
9 30 2 29 0 28 0 27 29 
9 30 2 29 0 28 0 27 29 
10 30 2 29 0 28 0 27 29 
9 30 1 29 0 28 0 27 29 
8 30 2 29 0 28 0 27 29 
10 30 2 29 0 28 0 27 29 
10 30 2 29 0 28 0 27 29 
10 30 2 29 0 28 0 27 29 
10 30 2 29 0 28 0 27 29 
10 30 2 29 0 28 0 27 29 
SCORES_TXT_END_0
SCORES_TXT_BEGIN_0 17 92 9 BLEU
4 35 0 34 0 33 0 32 12 
4 35 0 34 0 33 0 32 12 
4 35 0 34 0 33 0 32 12 
4 35 0 34 0 33 0 32 12 
4 35 0 34 0 33 0 32 12 
4 35 0 34 0 33 0 32 12 
4 35 0 34 0 33 0 32 12 
4 35 0 34 0 33 0 32 12 
4 35 0 34 0 33 0 32 12 
4 35 0 34 0 33 0 32 12 
4 35 0 34 0 33 0 32 12 
4 35 0 34 0 33 0 32 12 
4 35 0 34 0 33 0 32 12 
4 35 0 34 0 33 0 32 12 
4 35 0 34 0 33 0 32 12 
4 35 0 34 0 33 0 32 12 
4 35 0 34 0 33 0 32 12 
4 35 0 34 0 33 0 32 12 
4 35 0 34 0 33 0 32 12 
4 35 0 34 0 33 0 32 12 
4 35 0 34 0 33 0 32 12 
4 35 0 34 0 33 0 32 12 
4 35 0 34 0 33 0 32 12 
4 35 0 34 0 33 0 32 12 
4 35 1 34 0 33 0 32 12 
4 35 0 34 0 33 0 32 12 
4 35 0 34 0 33 0 32 12 
4 35 0 34 0 33 0 32 12 
4 35 0 34 0 33 0 32 12 
4 35 0 34 0 33 0 32 12 
4 35 0 34 0 33 0 32 12 
4 35 0 34 0 33 0 32 12 
4 35 0 34 0 33 0 32 12 
4 35 0 34 0 33 0 32 12 
4 35 1 34 0 33 0 32 12 
4 35 0 34 0 33 0 32 12 
4 35 0 34 0 33 0 32 12 
4 35 0 34 0 33 0 32 12 
4 35 0 34 0 33 0 32 12 
4 35 0 34 0 33 0 32 12 
4 35 0 34 0 33 0 32 12 
4 35 0 34 0 33 0 32 12 
4 35 0 34 0 33 0 32 12 
4 35 0 34 0 33 0 32 12 
4 35 0 34 0 33 0 32 12 
4 35 0 34 0 33 0 32 12 
4 35 0 34 0 33 0 32 12 
4 35 0 34 0 33 0 32 12 
4 35 0 34 0 33 0 32 12 
4 35 0 34 0 33 0 32 12 
4 35 0 34 0 33 0 32 12 
4 35 0 34 0 33 0 32 12 
4 35 0 34 0 33 0 32 12 
4 35 0 34 0 33 0 32 12 
4 35 0 34 0 33 0 32 12 
4 35 0 34 0 33 0 32 12 
4 35 0 34 0 33 0 32 12 
4 35 1 34 0 33 0 32 12 
4 35 0 34 0 33 0 32 12 
4 35 0 34 0 33 0 32 12 
4 35 1 34 0 33 0 32 12 
4 35 0 34 0 33 0 32 12 
4 35 0 34 0 33 0 32 12 
4 35 0 34 0 33 0 32 12 
4 35 0 34 0 33 0 32 12 
4 35 0 34 0 33 0 32 12 
4 35 0 34 0 33 0 32 12 
4 35 0 34 0 33 0 32 12 
4 35 0 34 0 33 0 32 12 
4 35 0 34 0 33 0 32 12 
4 35 0 34 0 33 0 32 12 
4 35 0 34 0 33 0 32 12 
4 35 0 34 0 33 0 32 12 
4 35 0 34 0 33 0 32 12 
4 35 0 34 0 33 0 32 12 
4 35 0 34 0 33 0 32 12 
4 35 0 34 0 33 0 32 12 
4 35 0 34 0 33 0 32 12 
4 35 0 34 0 33 0 32 12 
4 35 0 34 0 33 0 32 12 
4 35 0 34 0 33 0 32 12 
4 35 0 34 0 33 0 32 12 
4 35 0 34 0 33 0 32 12 
4 35 0 34 0 33 0 32 12 
4 35 0 34 0 33 0 32 12 
4 35 0 34 0 33 0 32 12 
4 35 1 34 0 33 0 32 12 
4 35 0 34 0 33 0 32 12 
4 35 0 34 0 33 0 32 12 
4 35 0 34 0 33 0 32 12 
4 35 1 34 0 33 0 32 12 
4 35 0 34 0 33 0 32 12 
SCORES_TXT_END_0
SCORES_TXT_BEGIN_0 18 100 9 BLEU
17 55 4 54 0 53 0 52 32 
17 55 4 54 0 53 0 52 32 
17 55 4 54 0 53 0 52 32 
17 55 4 54 0 53 0 52 32 
17 55 4 54 0 53 0 52 32 
17 55 4 54 0 53 0 52 32 
17 55 4 54 0 53 0 52 32 
17 55 4 54 0 53 0 52 32 
17 55 4 54 0 53 0 52 32 
17 55 4 54 0 53 0 52 32 
17 55 3 54 0 53 0 52 32 
17 55 4 54 0 53 0 52 32 
17 55 4 54 0 53 0 52 32 
17 55 4 54 0 53 0 52 32 
17 55 4 54 0 53 0 52 32 
17 55 4 54 0 53 0 52 32 
17 55 3 54 0 53 0 52 32 
17 55 4 54 0 53 0 52 32 
17 55 4 54 0 53 0 52 32 
17 55 3 54 0 53 0 52 32 
17 55 4 54 0 53 0 52 32 
17 55 4 54 0 53 0 52 32 
17 55 4 54 0 53 0 52 32 
17 55 4 54 0 53 0 52 32 
17 55 4 54 0 53 0 52 32 
17 55 4 54 0 53 0 52 32 
17 55 4 54 0 53 0 52 32 
17 55 4 54 0 53 0 52 32 
17 55 4 54 0 53 0 52 32 
17 55 4 54 0 53 0 52 32 
17 55 4 54 0 53 0 52 32 
17 55 4 54 0 53 0 52 32 
17 55 3 54 0 53 0 52 32 
17 55 4 54 0 53 0 52 32 
17 55 3 54 0 53 0 52 32 
17 55 4 54 0 53 0 52 32 
17 55 4 54 0 53 0 52 32 
17 55 4 54 0 53 0 52 32 
17 55 4 54 0 53 0 52 32 
17 55 4 54 0 53 0 52 32 
17 55 4 54 0 53 0 52 32 
17 55 4 54 0 53 0 52 32 
17 55 4 54 0 53 0 52 32 
17 55 4 54 0 53 0 52 32 
17 55 4 54 0 53 0 52 32 
17 55 4 54 0 53 0 52 32 
17 55 4 54 0 53 0 52 32 
17 55 4 54 0 53 0 52 32 
17 55 4 54 0 53 0 52 32 
17 55 4 54 0 53 0 52 32 
17 55 4 54 0 53 0 52 32 
17 55 4 54 0 53 0 52 32 
17 55 3 54 0 53 0 52 32 
17 55 4 54 0 53 0 52 32 
17 55 4 54 0 53 0 52 32 
17 55 3 54 0 53 0 52 32 
17 55 4 54 0 53 0 52 32 
17 55 4 54 0 53 0 52 32 
17 55 4 54 0 53 0 52 32 
17 55 4 54 0 53 0 52 32 
17 55 4 54 0 53 0 52 32 
17 55 4 54 0 53 0 52 32 
17 55 4 54 0 53 0 52 32 
17 55 4 54 0 53 0 52 32 
17 55 3 54 0 53 0 52 32 
17 55 4 54 0 53 0 52 32 
17 55 3 54 0 53 0 52 32 
17 55 4 54 0 53 0 52 32 
17 55 4 54 0 53 0 52 32 
17 55 3 54 0 53 0 52 32 
17 55 4 54 0 53 0 52 32 
17 55 4 54 0 53 0 52 32 
17 55 4 54 0 53 0 52 32 
17 55 4 54 0 53 0 52 32 
17 55 4 54 0 53 0 52 32 
17 55 4 54 0 53 0 52 32 
17 55 4 54 0 53 0 52 32 
17 55 3 54 0 53 0 52 32 
17 55 4 54 0 53 0 52 32 
17 55 4 54 0 53 0 52 32 
17 55 4 54 0 53 0 52 32 
17 55 4 54 0 53 0 52 32 
17 55 4 54 0 53 0 52 32 
17 55 4 54 0 53 0 52 32 
17 55 4 54 0 53 0 52 32 
17 55 4 54 0 53 0 52 32 
17 55 4 54 0 53 0 52 32 
17 55 3 54 0 53 0 52 32 
17 55 4 54 0 53 0 52 32 
17 55 3 54 0 53 0 52 32 
17 55 4 54 0 53 0 52 32 
17 55 3 54 0 53 0 52 32 
17 55 4 54 0 53 0 52 32 
17 55 4 54 0 53 0 52 32 
17 55 4 54 0 53 0 52 32 
17 55 4 54 0 53 0 52 32 
17 55 4 54 0 53 0 52 32 
17 55 3 54 0 53 0 52 32 
17 55 3 54 0 53 0 52 32 
17 55 4 54 0 53 0 52 32 
SCORES_TXT_END_0
SCORES_TXT_BEGIN_0 19 99 9 BLEU
12 31 1 30 0 29 0 28 25 
11 32 1 31 0 30 0 29 25 
12 31 1 30 0 29 0 28 25 
11 32 1 31 0 30 0 29 25 
11 31 0 30 0 29 0 28 25 
12 31 1 30 0 29 0 28 25 
10 32 0 31 0 30 0 29 25 
11 32 1 31 0 30 0 29 25 
12 31 1 30 0 29 0 28 25 
12 31 1 30 0 29 0 28 25 
11 31 0 30 0 29 0 28 25 
12 31 1 30 0 29 0 28 25 
11 32 1 31 0 30 0 29 25 
12 32 1 31 0 30 0 29 25 
11 32 1 31 0 30 0 29 25 
12 32 1 31 0 30 0 29 25 
10 32 0 31 0 30 0 29 25 
11 31 0 30 0 29 0 28 25 
11 32 1 31 0 30 0 29 25 
11 31 0 30 0 29 0 28 25 
12 31 1 30 0 29 0 28 25 
10 32 0 31 0 30 0 29 25 
12 32 1 31 0 30 0 29 25 
10 32 0 31 0 30 0 29 25 
11 31 0 30 0 29 0 28 25 
12 31 1 30 0 29 0 28 25 
11 32 1 31 0 30 0 29 25 
11 31 0 30 0 29 0 28 25 
12 31 1 30 0 29 0 28 25 
12 32 1 31 0 30 0 29 25 
11 31 0 30 0 29 0 28 25 
11 31 1 30 0 29 0 28 25 
11 31 1 30 0 29 0 28 25 
11 31 0 30 0 29 0 28 25 
11 32 1 31 0 30 0 29 25 
10 32 0 31 0 30 0 29 25 
11 32 1 31 0 30 0 29 25 
11 32 1 31 0 30 0 29 25 
11 32 0 31 0 30 0 29 25 
10 32 0 31 0 30 0 29 25 
12 32 1 31 0 30 0 29 25 
11 32 1 31 0 30 0 29 25 
11 32 0 31 0 30 0 29 25 
10 32 0 31 0 30 0 29 25 
11 32 1 31 0 30 0 29 25 
12 32 1 31 0 30 0 29 25 
12 31 1 30 0 29 0 28 25 
10 32 1 31 0 30 0 29 25 
10 32 0 31 0 30 0 29 25 
11 31 0 30 0 29 0 28 25 
11 31 0 30 0 29 0 28 25 
12 31 1 30 0 29 0 28 25 
11 31 1 30 0 29 0 28 25 
11 31 1 30 0 29 0 28 25 
11 32 1 31 0 30 0 29 25 
11 31 0 30 0 29 0 28 25 
11 32 1 31 0 30 0 29 25 
11 32 0 31 0 30 0 29 25 
10 32 0 31 0 30 0 29 25 
12 32 1 31 0 30 0 29 25 
12 31 1 30 0 29 0 28 25 
12 32 1 31 0 30 0 29 25 
12 32 1 31 0 30 0 29 25 
11 32 1 31 0 30 0 29 25 
11 31 0 30 0 29 0 28 25 
12 32 1 31 0 30 0 29 25 
11 31 0 30 0 29 0 28 25 
10 32 0 31 0 30 0 29 25 
11 31 0 30 0 29 0 28 25 
11 32 1 31 0 30 0 29 25 
11 31 0 30 0 29 0 28 25 
11 32 0 31 0 30 0 29 25 
11 32 1 31 0 30 0 29 25 
12 32 1 31 0 30 0 29 25 
10 32 1 31 0 30 0 29 25 
10 31 0 30 0 29 0 28 25 
11 31 0 30 0 29 0 28 25 
10 32 0 31 0 30 0 29 25 
12 31 1 30 0 29 0 28 25 
11 31 1 30 0 29 0 28 25 
11 31 1 30 0 29 0 28 25 
10 32 0 31 0 30 0 29 25 
11 32 1 31 0 30 0 29 25 
11 32 1 31 0 30 0 29 25 
12 31 1 30 0 29 0 28 25 
10 32 0 31 0 30 0 29 25 
12 33 1 32 0 31 0 30 25 
10 32 0 31 0 30 0 29 25 
11 32 1 31 0 30 0 29 25 
11 32 0 31 0 30 0 29 25 
10 32 0 31 0 30 0 29 25 
11 32 0 31 0 30 0 29 25 
12 32 1 31 0 30 0 29 25 
10 32 0 31 0 30 0 29 25 
11 32 0 31 0 30 0 29 25 
11 31 0 30 0 29 0 28 25 
11 31 0 30 0 29 0 28 25 
10 32 0 31 0 30 0 29 25 
11 32 0 31 0 30 0 29 25 
SCORES_TXT_END_0
SCORES_TXT_BEGIN_0 20 100 9 BLEU
12 44 1 43 0 42 0 41 31 
12 44 1 43 0 42 0 41 31 
12 44 1 43 0 42 0 41 31 
12 44 1 43 0 42 0 41 31 
12 44 1 43 0 42 0 41 31 
12 44 1 43 0 42 0 41 31 
12 44 1 43 0 42 0 41 31 
12 44 1 43 0 42 0 41 31 
12 44 1 43 0 42 0 41 31 
12 44 1 43 0 42 0 41 31 
12 44 1 43 0 42 0 41 31 
12 44 1 43 0 42 0 41 31 
12 44 1 43 0 42 0 41 31 
11 44 1 43 0 42 0 41 31 
12 44 1 43 0 42 0 41 31 
11 44 1 43 0 42 0 41 31 
12 44 1 43 0 42 0 41 31 
12 44 1 43 0 42 0 41 31 
12 44 1 43 0 42 0 41 31 
12 44 1 43 0 42 0 41 31 
12 44 1 43 0 42 0 41 31 
12 44 1 43 0 42 0 41 31 
12 44 1 43 0 42 0 41 31 
12 44 1 43 0 42 0 41 31 
12 44 1 43 0 42 0 41 31 
12 44 1 43 0 42 0 41 31 
12 44 1 43 0 42 0 41 31 
11 44 1 43 0 42 0 41 31 
12 44 1 43 0 42 0 41 31 
12 44 1 43 0 42 0 41 31 
11 44 1 43 0 42 0 41 31 
12 44 1 43 0 42 0 41 31 
12 44 1 43 0 42 0 41 31 
12 44 1 43 0 42 0 41 31 
12 44 1 43 0 42 0 41 31 
12 44 1 43 0 42 0 41 31 
12 44 1 43 0 42 0 41 31 
11 44 1 43 0 42 0 41 31 
12 44 1 43 0 42 0 41 31 
12 44 1 43 0 42 0 41 31 
12 44 1 43 0 42 0 41 31 
12 44 1 43 0 42 0 41 31 
11 44 1 43 0 42 0 41 31 
11 44 1 43 0 42 0 41 31 
12 44 1 43 0 42 0 41 31 
12 44 1 43 0 42 0 41 31 
12 44 1 43 0 42 0 41 31 
12 44 1 43 0 42 0 41 31 
11 44 1 43 0 42 0 41 31 
12 44 1 43 0 42 0 41 31 
12 44 2 43 1 42 0 41 31 
12 44 1 43 0 42 0 41 31 
12 44 1 43 0 42 0 41 31 
12 44 2 43 1 42 0 41 31 
12 44 1 43 0 42 0 41 31 
12 44 1 43 0 42 0 41 31 
12 44 1 43 0 42 0 41 31 
12 44 1 43 0 42 0 41 31 
12 44 1 43 0 42 0 41 31 
11 44 1 43 0 42 0 41 31 
12 44 1 43 0 42 0 41 31 
12 44 1 43 0 42 0 41 31 
12 44 1 43 0 42 0 41 31 
12 44 1 43 0 42 0 41 31 
12 44 1 43 0 42 0 41 31 
12 44 1 43 0 42 0 41 31 
11 44 1 43 0 42 0 41 31 
12 44 1 43 0 42 0 41 31 
12 44 1 43 0 42 0 41 31 
12 44 1 43 0 42 0 41 31 
12 44 1 43 0 42 0 41 31 
12 44 1 43 0 42 0 41 31 
11 44 1 43 0 42 0 41 31 
12 44 1 43 0 42 0 41 31 
12 44 1 43 0 42 0 41 31 
12 44 1 43 0 42 0 41 31 
12 44 2 43 1 42 0 41 31 
11 44 1 43 0 42 0 41 31 
12 44 2 43 1 42 0 41 31 
12 44 1 43 0 42 0 41 31 
12 44 1 43 0 42 0 41 31 
11 44 1 43 0 42 0 41 31 
12 44 1 43 0 42 0 41 31 
12 44 1 43 0 42 0 41 31 
11 44 1 43 0 42 0 41 31 
12 44 1 43 0 42 0 41 31 
12 44 1 43 0 42 0 41 31 
12 44 2 43 1 42 0 41 31 
12 44 1 43 0 42 0 41 31 
12 44 1 43 0 42 0 41 31 
12 44 1 43 0 42 0 41 31 
12 44 1 43 0 42 0 41 31 
12 44 1 43 0 42 0 41 31 
12 44 1 43 0 42 0 41 31 
12 44 1 43 0 42 0 41 31 
12 44 2 43 1 42 0 41 31 
12 44 1 43 0 42 0 41 31 
12 44 1 43 0 42 0 41 31 
12 44 1 43 0 42 0 41 31 
12 44 1 43 0 42 0 41 31 
SCORES_TXT_END_0
SCORES_TXT_BEGIN_0 21 94 9 BLEU
2 14 0 13 0 12 0 11 8 
2 14 0 13 0 12 0 11 8 
2 14 0 13 0 12 0 11 8 
2 14 0 13 0 12 0 11 8 
2 14 0 13 0 12 0 11 8 
2 14 0 13 0 12 0 11 8 
2 14 0 13 0 12 0 11 8 
2 14 0 13 0 12 0 11 8 
2 14 0 13 0 12 0 11 8 
2 14 0 13 0 12 0 11 8 
2 14 0 13 0 12 0 11 8 
2 15 0 14 0 13 0 12 8 
2 14 0 13 0 12 0 11 8 
2 14 0 13 0 12 0 11 8 
2 14 0 13 0 12 0 11 8 
2 14 0 13 0 12 0 11 8 
2 14 0 13 0 12 0 11 8 
2 14 0 13 0 12 0 11 8 
2 14 0 13 0 12 0 11 8 
2 14 0 13 0 12 0 11 8 
2 14 0 13 0 12 0 11 8 
2 15 0 14 0 13 0 12 8 
2 14 0 13 0 12 0 11 8 
2 14 0 13 0 12 0 11 8 
2 15 0 14 0 13 0 12 8 
2 14 0 13 0 12 0 11 8 
2 14 0 13 0 12 0 11 8 
2 14 0 13 0 12 0 11 8 
2 14 0 13 0 12 0 11 8 
2 14 0 13 0 12 0 11 8 
2 14 0 13 0 12 0 11 8 
2 14 0 13 0 12 0 11 8 
2 14 0 13 0 12 0 11 8 
2 14 0 13 0 12 0 11 8 
2 14 0 13 0 12 0 11 8 
2 14 0 13 0 12 0 11 8 
2 14 0 13 0 12 0 11 8 
2 14 0 13 0 12 0 11 8 
2 14 0 13 0 12 0 11 8 
2 15 0 14 0 13 0 12 8 
2 14 0 13 0 12 0 11 8 
2 14 0 13 0 12 0 11 8 
2 14 0 13 0 12 0 11 8 
2 14 0 13 0 12 0 11 8 
2 15 0 14 0 13 0 12 8 
2 14 0 13 0 12 0 11 8 
2 14 0 13 0 12 0 11 8 
2 14 0 13 0 12 0 11 8 
2 14 0 13 0 12 0 11 8 
2 15 0 14 0 13 0 12 8 
2 15 0 14 0 13 0 12 8 
2 14 0 13 0 12 0 11 8 
2 14 0 13 0 12 0 11 8 
2 14 0 13 0 12 0 11 8 
2 14 0 13 0 12 0 11 8 
2 14 0 13 0 12 0 11 8 
2 14 0 13 0 12 0 11 8 
2 14 0 13 0 12 0 11 8 
2 14 0 13 0 12 0 11 8 
2 14 0 13 0 12 0 11 8 
2 14 0 13 0 12 0 11 8 
2 14 0 13 0 12 0 11 8 
2 14 0 13 0 12 0 11 8 
2 14 0 13 0 12 0 11 8 
2 14 0 13 0 12 0 11 8 
2 14 0 13 0 12 0 11 8 
2 15 0 14 0 13 0 12 8 
2 14 0 13 0 12 0 11 8 
2 14 0 13 0 12 0 11 8 
2 14 0 13 0 12 0 11 8 
2 14 0 13 0 12 0 11 8 
2 14 0 13 0 12 0 11 8 
2 14 0 13 0 12 0 11 8 
2 14 0 13 0 12 0 11 8 
2 14 0 13 0 12 0 11 8 
2 14 0 13 0 12 0 11 8 
2 14 0 13 0 12 0 11 8 
2 14 0 13 0 12 0 11 8 
2 14 0 13 0 12 0 11 8 
2 15 0 14 0 13 0 12 8 
2 14 0 13 0 12 0 11 8 
2 15 0 14 0 13 0 12 8 
2 14 0 13 0 12 0 11 8 
2 14 0 13 0 12 0 11 8 
2 15 0 14 0 13 0 12 8 
2 14 0 13 0 12 0 11 8 
2 14 0 13 0 12 0 11 8 
2 15 0 14 0 13 0 12 8 
2 14 0 13 0 12 0 11 8 
2 14 0 13 0 12 0 11 8 
2 14 0 13 0 12 0 11 8 
2 14 0 13 0 12 0 11 8 
2 14 0 13 0 12 0 11 8 
2 14 0 13 0 12 0 11 8 
SCORES_TXT_END_0
SCORES_TXT_BEGIN_0 22 100 9 BLEU
8 28 0 27 0 26 0 25 22 
8 28 1 27 0 26 0 25 22 
8 28 0 27 0 26 0 25 22 
8 28 1 27 0 26 0 25 22 
8 28 0 27 0 26 0 25 22 
8 28 1 27 0 26 0 25 22 
8 28 1 27 0 26 0 25 22 
8 28 0 27 0 26 0 25 22 
8 28 0 27 0 26 0 25 22 
8 28 1 27 0 26 0 25 22 
8 28 1 27 0 26 0 25 22 
8 28 1 27 0 26 0 25 22 
8 28 0 27 0 26 0 25 22 
8 28 1 27 0 26 0 25 22 
8 28 0 27 0 26 0 25 22 
8 28 0 27 0 26 0 25 22 
8 28 1 27 0 26 0 25 22 
8 28 1 27 0 26 0 25 22 
8 28 1 27 0 26 0 25 22 
8 28 0 27 0 26 0 25 22 
8 28 0 27 0 26 0 25 22 
8 28 0 27 0 26 0 25 22 
8 28 0 27 0 26 0 25 22 
8 28 0 27 0 26 0 25 22 
8 28 1 27 0 26 0 25 22 
8 28 0 27 0 26 0 25 22 
8 28 0 27 0 26 0 25 22 
8 28 0 27 0 26 0 25 22 
8 28 0 27 0 26 0 25 22 
8 28 0 27 0 26 0 25 22 
8 28 1 27 0 26 0 25 22 
8 28 0 27 0 26 0 25 22 
8 28 0 27 0 26 0 25 22 
8 28 1 27 0 26 0 25 22 
8 28 1 27 0 26 0 25 22 
8 28 0 27 0 26 0 25 22 
8 28 1 27 0 26 0 25 22 
8 28 0 27 0 26 0 25 22 
8 28 1 27 0 26 0 25 22 
8 28 0 27 0 26 0 25 22 
8 28 1 27 0 26 0 25 22 
8 28 0 27 0 26 0 25 22 
8 28 1 27 0 26 0 25 22 
8 28 0 27 0 26 0 25 22 
8 28 1 27 0 26 0 25 22 
8 28 0 27 0 26 0 25 22 
8 28 0 27 0 26 0 25 22 
8 28 0 27 0 26 0 25 22 
8 28 1 27 0 26 0 25 22 
8 28 1 27 0 26 0 25 22 
8 28 1 27 0 26 0 25 22 
8 28 0 27 0 26 0 25 22 
7 28 0 27 0 26 0 25 22 
7 28 1 27 0 26 0 25 22 
8 28 0 27 0 26 0 25 22 
8 28 0 27 0 26 0 25 22 
8 28 1 27 0 26 0 25 22 
8 28 1 27 0 26 0 25 22 
8 28 0 27 0 26 0 25 22 
8 28 0 27 0 26 0 25 22 
7 28 0 27 0 26 0 25 22 
7 28 1 27 0 26 0 25 22 
8 28 0 27 0 26 0 25 22 
8 28 1 27 0 26 0 25 22 
8 28 0 27 0 26 0 25 22 
8 28 0 27 0 26 0 25 22 
7 28 0 27 0 26 0 25 22 
7 28 1 27 0 26 0 25 22 
7 28 1 27 0 26 0 25 22 
8 28 0 27 0 26 0 25 22 
8 28 1 27 0 26 0 25 22 
8 28 0 27 0 26 0 25 22 
8 28 1 27 0 26 0 25 22 
8 28 0 27 0 26 0 25 22 
8 28 0 27 0 26 0 25 22 
7 28 0 27 0 26 0 25 22 
8 28 0 27 0 26 0 25 22 
8 28 0 27 0 26 0 25 22 
8 28 1 27 0 26 0 25 22 
7 28 1 27 0 26 0 25 22 
7 28 1 27 0 26 0 25 22 
7 28 0 27 0 26 0 25 22 
8 28 0 27 0 26 0 25 22 
8 28 0 27 0 26 0 25 22 
8 28 1 27 0 26 0 25 22 
8 28 1 27 0 26 0 25 22 
8 28 1 27 0 26 0 25 22 
8 28 0 27 0 26 0 25 22 
8 28 0 27 0 26 0 25 22 
8 28 0 27 0 26 0 25 22 
8 28 0 27 0 26 0 25 22 
8 28 0 27 0 26 0 25 22 
8 28 1 27 0 26 0 25 22 
8 28 0 27 0 26 0 25 22 
7 28 1 27 0 26 0 25 22 
7 28 0 27 0 26 0 25 22 
8 28 0 27 0 26 0 25 22 
8 28 1 27 0 26 0 25 22 
8 28 0 27 0 26 0 25 22 
8 28 1 27 0 26 0 25 22 
SCORES_TXT_END_0
SCORES_TXT_BEGIN_0 23 100 9 BLEU
5 52 0 51 0 50 0 49 20 
5 52 0 51 0 50 0 49 20 
5 52 0 51 0 50 0 49 20 
5 52 0 51 0 50 0 49 20 
5 52 0 51 0 50 0 49 20 
5 52 0 51 0 50 0 49 20 
5 52 0 51 0 50 0 49 20 
5 52 0 51 0 50 0 49 20 
5 52 0 51 0 50 0 49 20 
5 52 0 51 0 50 0 49 20 
5 52 0 51 0 50 0 49 20 
5 52 0 51 0 50 0 49 20 
5 52 0 51 0 50 0 49 20 
5 52 0 51 0 50 0 49 20 
5 52 0 51 0 50 0 49 20 
5 52 0 51 0 50 0 49 20 
5 52 0 51 0 50 0 49 20 
5 52 0 51 0 50 0 49 20 
5 52 0 51 0 50 0 49 20 
5 52 0 51 0 50 0 49 20 
5 52 0 51 0 50 0 49 20 
5 52 0 51 0 50 0 49 20 
5 52 0 51 0 50 0 49 20 
5 52 0 51 0 50 0 49 20 
5 52 0 51 0 50 0 49 20 
5 52 0 51 0 50 0 49 20 
5 52 0 51 0 50 0 49 20 
5 52 0 51 0 50 0 49 20 
5 52 0 51 0 50 0 49 20 
5 52 0 51 0 50 0 49 20 
5 52 0 51 0 50 0 49 20 
5 52 0 51 0 50 0 49 20 
5 52 0 51 0 50 0 49 20 
5 52 0 51 0 50 0 49 20 
5 52 0 51 0 50 0 49 20 
5 52 0 51 0 50 0 49 20 
5 52 0 51 0 50 0 49 20 
5 52 0 51 0 50 0 49 20 
5 52 0 51 0 50 0 49 20 
5 52 0 51 0 50 0 49 20 
5 52 0 51 0 50 0 49 20 
5 52 0 51 0 50 0 49 20 
5 52 0 51 0 50 0 49 20 
5 52 0 51 0 50 0 49 20 
5 52 0 51 0 50 0 49 20 
5 52 0 51 0 50 0 49 20 
5 52 0 51 0 50 0 49 20 
5 52 0 51 0 50 0 49 20 
5 52 0 51 0 50 0 49 20 
5 52 0 51 0 50 0 49 20 
5 52 0 51 0 50 0 49 20 
5 52 0 51 0 50 0 49 20 
5 52 0 51 0 50 0 49 20 
5 52 0 51 0 50 0 49 20 
5 52 0 51 0 50 0 49 20 
5 52 0 51 0 50 0 49 20 
5 52 0 51 0 50 0 49 20 
5 52 0 51 0 50 0 49 20 
5 52 0 51 0 50 0 49 20 
5 52 0 51 0 50 0 49 20 
5 52 0 51 0 50 0 49 20 
5 52 0 51 0 50 0 49 20 
5 52 0 51 0 50 0 49 20 
5 52 0 51 0 50 0 49 20 
5 52 0 51 0 50 0 49 20 
5 52 0 51 0 50 0 49 20 
5 52 0 51 0 50 0 49 20 
5 52 0 51 0 50 0 49 20 
5 52 0 51 0 50 0 49 20 
5 52 0 51 0 50 0 49 20 
5 52 0 51 0 50 0 49 20 
5 52 0 51 0 50 0 49 20 
5 52 0 51 0 50 0 49 20 
5 52 0 51 0 50 0 49 20 
5 52 0 51 0 50 0 49 20 
5 52 0 51 0 50 0 49 20 
5 52 0 51 0 50 0 49 20 
5 52 0 51 0 50 0 49 20 
5 52 0 51 0 50 0 49 20 
5 52 0 51 0 50 0 49 20 
5 52 0 51 0 50 0 49 20 
5 52 0 51 0 50 0 49 20 
5 52 0 51 0 50 0 49 20 
5 52 0 51 0 50 0 49 20 
5 52 0 51 0 50 0 49 20 
5 52 0 51 0 50 0 49 20 
5 52 0 51 0 50 0 49 20 
5 52 0 51 0 50 0 49 20 
5 52 0 51 0 50 0 49 20 
5 52 0 51 0 50 0 49 20 
5 52 0 51 0 50 0 49 20 
5 52 0 51 0 50 0 49 20 
5 52 0 51 0 50 0 49 20 
5 52 0 51 0 50 0 49 20 
5 52 0 51 0 50 0 49 20 
5 52 0 51 0 50 0 49 20 
5 52 0 51 0 50 0 49 20 
5 52 0 51 0 50 0 49 20 
5 52 0 51 0 50 0 49 20 
5 52 0 51 0 50 0 49 20 
SCORES_TXT_END_0
SCORES_TXT_BEGIN_0 24 100 9 BLEU
5 42 0 41 0 40 0 39 16 
4 42 0 41 0 40 0 39 16 
5 42 0 41 0 40 0 39 16 
4 42 0 41 0 40 0 39 16 
5 42 0 41 0 40 0 39 16 
5 42 0 41 0 40 0 39 16 
5 42 0 41 0 40 0 39 16 
6 42 0 41 0 40 0 39 16 
4 42 0 41 0 40 0 39 16 
5 42 0 41 0 40 0 39 16 
5 42 0 41 0 40 0 39 16 
4 42 0 41 0 40 0 39 16 
5 42 0 41 0 40 0 39 16 
5 42 0 41 0 40 0 39 16 
5 42 0 41 0 40 0 39 16 
5 42 1 41 0 40 0 39 16 
4 42 0 41 0 40 0 39 16 
4 42 0 41 0 40 0 39 16 
4 42 1 41 0 40 0 39 16 
5 42 0 41 0 40 0 39 16 
5 42 0 41 0 40 0 39 16 
5 42 0 41 0 40 0 39 16 
5 42 0 41 0 40 0 39 16 
5 42 0 41 0 40 0 39 16 
6 42 0 41 0 40 0 39 16 
4 42 0 41 0 40 0 39 16 
4 42 0 41 0 40 0 39 16 
4 42 0 41 0 40 0 39 16 
5 42 0 41 0 40 0 39 16 
5 42 0 41 0 40 0 39 16 
4 42 0 41 0 40 0 39 16 
5 42 0 41 0 40 0 39 16 
5 42 0 41 0 40 0 39 16 
5 42 0 41 0 40 0 39 16 
5 42 0 41 0 40 0 39 16 
6 42 0 41 0 40 0 39 16 
5 42 0 41 0 40 0 39 16 
6 42 0 41 0 40 0 39 16 
6 42 0 41 0 40 0 39 16 
5 42 0 41 0 40 0 39 16 
5 42 0 41 0 40 0 39 16 
4 42 0 41 0 40 0 39 16 
5 42 0 41 0 40 0 39 16 
5 42 0 41 0 40 0 39 16 
5 42 0 41 0 40 0 39 16 
5 42 0 41 0 40 0 39 16 
5 42 0 41 0 40 0 39 16 
6 42 0 41 0 40 0 39 16 
6 42 0 41 0 40 0 39 16 
5 42 0 41 0 40 0 39 16 
5 42 0 41 0 40 0 39 16 
4 42 0 41 0 40 0 39 16 
5 42 0 41 0 40 0 39 16 
5 42 0 41 0 40 0 39 16 
5 42 0 41 0 40 0 39 16 
4 42 0 41 0 40 0 39 16 
5 42 0 41 0 40 0 39 16 
5 42 0 41 0 40 0 39 16 
6 42 0 41 0 40 0 39 16 
5 42 0 41 0 40 0 39 16 
5 42 0 41 0 40 0 39 16 
5 42 1 41 0 40 0 39 16 
6 42 0 41 0 40 0 39 16 
4 42 0 41 0 40 0 39 16 
5 42 0 41 0 40 0 39 16 
5 42 0 41 0 40 0 39 16 
5 42 0 41 0 40 0 39 16 
4 42 0 41 0 40 0 39 16 
4 42 0 41 0 40 0 39 16 
4 42 0 41 0 40 0 39 16 
5 42 1 41 0 40 0 39 16 
5 42 1 41 0 40 0 39 16 
6 42 0 41 0 40 0 39 16 
4 42 0 41 0 40 0 39 16 
6 42 1 41 0 40 0 39 16 
4 42 0 41 0 40 0 39 16 
4 42 1 41 0 40 0 39 16 
5 42 0 41 0 40 0 39 16 
5 42 0 41 0 40 0 39 16 
5 42 0 41 0 40 0 39 16 
5 42 0 41 0 40 0 39 16 
5 42 0 41 0 40 0 39 16 
4 42 0 41 0 40 0 39 16 
5 42 0 41 0 40 0 39 16 
5 42 0 41 0 40 0 39 16 
5 42 1 41 0 40 0 39 16 
5 42 0 41 0 40 0 39 16 
5 42 1 41 0 40 0 39 16 
4 42 0 41 0 40 0 39 16 
4 42 1 41 0 40 0 39 16 
5 42 0 41 0 40 0 39 16 
5 42 0 41 0 40 0 39 16 
5 42 0 41 0 40 0 39 16 
5 42 0 41 0 40 0 39 16 
5 42 0 41 0 40 0 39 16 
5 42 0 41 0 40 0 39 16 
5 42 0 41 0 40 0 39 16 
5 42 1 41 0 40 0 39 16 
5 42 0 41 0 40 0 39 16 
6 42 0 41 0 40 0 39 16 
SCORES_TXT_END_0
SCORES_TXT_BEGIN_0 25 100 9 BLEU
5 45 1 44 0 43 0 42 16 
5 45 1 44 0 43 0 42 16 
5 45 1 44 0 43 0 42 16 
5 45 1 44 0 43 0 42 16 
6 45 2 44 0 43 0 42 16 
5 45 1 44 0 43 0 42 16 
6 45 2 44 0 43 0 42 16 
5 45 1 44 0 43 0 42 16 
5 45 1 44 0 43 0 42 16 
5 45 1 44 0 43 0 42 16 
5 45 1 44 0 43 0 42 16 
5 45 1 44 0 43 0 42 16 
6 45 2 44 0 43 0 42 16 
5 45 1 44 0 43 0 42 16 
5 45 1 44 0 43 0 42 16 
5 45 1 44 0 43 0 42 16 
5 45 1 44 0 43 0 42 16 
5 45 1 44 0 43 0 42 16 
6 45 2 44 0 43 0 42 16 
5 45 1 44 0 43 0 42 16 
5 45 1 44 0 43 0 42 16 
5 45 1 44 0 43 0 42 16 
5 45 1 44 0 43 0 42 16 
5 45 1 44 0 43 0 42 16 
5 45 1 44 0 43 0 42 16 
5 45 1 44 0 43 0 42 16 
5 45 1 44 0 43 0 42 16 
5 45 1 44 0 43 0 42 16 
5 45 1 44 0 43 0 42 16 
5 45 1 44 0 43 0 42 16 
5 45 1 44 0 43 0 42 16 
5 45 1 44 0 43 0 42 16 
5 45 1 44 0 43 0 42 16 
6 45 2 44 0 43 0 42 16 
5 45 1 44 0 43 0 42 16 
5 45 1 44 0 43 0 42 16 
5 45 1 44 0 43 0 42 16 
6 45 2 44 0 43 0 42 16 
5 45 1 44 0 43 0 42 16 
5 45 1 44 0 43 0 42 16 
6 45 2 44 0 43 0 42 16 
6 45 2 44 0 43 0 42 16 
5 45 1 44 0 43 0 42 16 
5 45 1 44 0 43 0 42 16 
5 45 1 44 0 43 0 42 16 
6 45 2 44 0 43 0 42 16 
5 45 1 44 0 43 0 42 16 
6 45 2 44 0 43 0 42 16 
5 45 1 44 0 43 0 42 16 
5 45 1 44 0 43 0 42 16 
5 45 1 44 0 43 0 42 16 
5 45 1 44 0 43 0 42 16 
5 45 1 44 0 43 0 42 16 
6 45 2 44 0 43 0 42 16 
5 45 1 44 0 43 0 42 16 
5 45 1 44 0 43 0 42 16 
5 45 1 44 0 43 0 42 16 
5 45 1 44 0 43 0 42 16 
5 45 1 44 0 43 0 42 16 
6 45 2 44 0 43 0 42 16 
5 45 1 44 0 43 0 42 16 
5 45 1 44 0 43 0 42 16 
5 45 1 44 0 43 0 42 16 
5 45 1 44 0 43 0 42 16 
6 45 2 44 0 43 0 42 16 
5 45 1 44 0 43 0 42 16 
5 45 1 44 0 43 0 42 16 
5 46 1 45 0 44 0 43 16 
5 45 1 44 0 43 0 42 16 
6 45 2 44 0 43 0 42 16 
5 45 1 44 0 43 0 42 16 
5 45 1 44 0 43 0 42 16 
5 45 1 44 0 43 0 42 16 
6 45 2 44 0 43 0 42 16 
5 45 1 44 0 43 0 42 16 
5 45 1 44 0 43 0 42 16 
6 45 2 44 0 43 0 42 16 
5 45 1 44 0 43 0 42 16 
5 45 1 44 0 43 0 42 16 
5 45 1 44 0 43 0 42 16 
5 45 1 44 0 43 0 42 16 
5 45 1 44 0 43 0 42 16 
6 45 2 44 0 43 0 42 16 
5 45 1 44 0 43 0 42 16 
5 45 1 44 0 43 0 42 16 
5 45 1 44 0 43 0 42 16 
5 45 1 44 0 43 0 42 16 
6 45 2 44 0 43 0 42 16 
6 45 2 44 0 43 0 42 16 
6 45 2 44 0 43 0 42 16 
5 45 1 44 0 43 0 42 16 
5 45 1 44 0 43 0 42 16 
5 45 1 44 0 43 0 42 16 
5 45 1 44 0 43 0 42 16 
5 45 1 44 0 43 0 42 16 
5 45 1 44 0 43 0 42 16 
5 45 1 44 0 43 0 42 16 
5 45 1 44 0 43 0 42 16 
5 45 1 44 0 43 0 42 16 
5 45 1 44 0 43 0 42 16 
SCORES_TXT_END_0
SCORES_TXT_BEGIN_0 26 100 9 BLEU
4 39 1 38 0 37 0 36 10 
4 39 1 38 0 37 0 36 10 
4 39 1 38 0 37 0 36 10 
4 39 1 38 0 37 0 36 10 
4 39 1 38 0 37 0 36 10 
4 39 1 38 0 37 0 36 10 
4 39 1 38 0 37 0 36 10 
4 39 1 38 0 37 0 36 10 
4 39 1 38 0 37 0 36 10 
4 39 1 38 0 37 0 36 10 
4 39 1 38 0 37 0 36 10 
4 39 1 38 0 37 0 36 10 
4 39 1 38 0 37 0 36 10 
4 39 1 38 0 37 0 36 10 
4 39 1 38 0 37 0 36 10 
4 39 1 38 0 37 0 36 10 
4 39 1 38 0 37 0 36 10 
4 39 1 38 0 37 0 36 10 
4 39 1 38 0 37 0 36 10 
4 39 1 38 0 37 0 36 10 
4 39 1 38 0 37 0 36 10 
4 39 1 38 0 37 0 36 10 
4 39 1 38 0 37 0 36 10 
4 39 1 38 0 37 0 36 10 
4 39 1 38 0 37 0 36 10 
4 39 1 38 0 37 0 36 10 
4 39 1 38 0 37 0 36 10 
4 39 1 38 0 37 0 36 10 
4 39 1 38 0 37 0 36 10 
4 39 1 38 0 37 0 36 10 
4 39 1 38 0 37 0 36 10 
4 39 1 38 0 37 0 36 10 
4 39 1 38 0 37 0 36 10 
4 39 1 38 0 37 0 36 10 
4 39 1 38 0 37 0 36 10 
4 39 1 38 0 37 0 36 10 
4 39 1 38 0 37 0 36 10 
4 39 1 38 0 37 0 36 10 
4 39 1 38 0 37 0 36 10 
4 39 1 38 0 37 0 36 10 
4 39 1 38 0 37 0 36 10 
4 39 1 38 0 37 0 36 10 
4 39 1 38 0 37 0 36 10 
4 39 1 38 0 37 0 36 10 
4 39 1 38 0 37 0 36 10 
4 39 1 38 0 37 0 36 10 
4 39 1 38 0 37 0 36 10 
4 39 1 38 0 37 0 36 10 
4 39 1 38 0 37 0 36 10 
4 39 1 38 0 37 0 36 10 
4 39 1 38 0 37 0 36 10 
4 39 1 38 0 37 0 36 10 
4 39 1 38 0 37 0 36 10 
4 39 1 38 0 37 0 36 10 
4 39 1 38 0 37 0 36 10 
4 39 1 38 0 37 0 36 10 
4 39 1 38 0 37 0 36 10 
4 39 1 38 0 37 0 36 10 
4 39 1 38 0 37 0 36 10 
4 39 1 38 0 37 0 36 10 
4 39 1 38 0 37 0 36 10 
4 39 1 38 0 37 0 36 10 
4 39 1 38 0 37 0 36 10 
4 39 1 38 0 37 0 36 10 
4 39 1 38 0 37 0 36 10 
4 39 1 38 0 37 0 36 10 
4 39 1 38 0 37 0 36 10 
4 39 1 38 0 37 0 36 10 
4 39 1 38 0 37 0 36 10 
4 39 1 38 0 37 0 36 10 
4 39 1 38 0 37 0 36 10 
4 39 1 38 0 37 0 36 10 
4 39 1 38 0 37 0 36 10 
4 39 1 38 0 37 0 36 10 
4 39 1 38 0 37 0 36 10 
4 39 1 38 0 37 0 36 10 
4 39 1 38 0 37 0 36 10 
4 39 1 38 0 37 0 36 10 
4 39 1 38 0 37 0 36 10 
4 39 1 38 0 37 0 36 10 
4 39 1 38 0 37 0 36 10 
4 39 1 38 0 37 0 36 10 
4 39 1 38 0 37 0 36 10 
4 39 1 38 0 37 0 36 10 
4 39 1 38 0 37 0 36 10 
4 39 1 38 0 37 0 36 10 
4 39 1 38 0 37 0 36 10 
4 39 1 38 0 37 0 36 10 
4 39 1 38 0 37 0 36 10 
4 39 1 38 0 37 0 36 10 
4 39 1 38 0 37 0 36 10 
4 39 1 38 0 37 0 36 10 
4 39 1 38 0 37 0 36 10 
4 39 1 38 0 37 0 36 10 
4 39 1 38 0 37 0 36 10 
4 39 1 38 0 37 0 36 10 
4 39 1 38 0 37 0 36 10 
4 39 1 38 0 37 0 36 10 
4 39 1 38 0 37 0 36 10 
4 39 1 38 0 37 0 36 10 
SCORES_TXT_END_0
SCORES_TXT_BEGIN_0 27 99 9 BLEU
7 26 0 25 0 24 0 23 26 
7 26 0 25 0 24 0 23 26 
7 26 0 25 0 24 0 23 26 
7 26 0 25 0 24 0 23 26 
7 26 0 25 0 24 0 23 26 
7 26 0 25 0 24 0 23 26 
7 26 0 25 0 24 0 23 26 
7 26 0 25 0 24 0 23 26 
7 26 0 25 0 24 0 23 26 
7 26 0 25 0 24 0 23 26 
7 26 0 25 0 24 0 23 26 
7 26 0 25 0 24 0 23 26 
7 26 0 25 0 24 0 23 26 
7 26 0 25 0 24 0 23 26 
7 26 0 25 0 24 0 23 26 
7 26 0 25 0 24 0 23 26 
7 26 0 25 0 24 0 23 26 
7 26 0 25 0 24 0 23 26 
7 26 0 25 0 24 0 23 26 
7 26 0 25 0 24 0 23 26 
7 26 0 25 0 24 0 23 26 
7 26 0 25 0 24 0 23 26 
7 26 0 25 0 24 0 23 26 
7 26 0 25 0 24 0 23 26 
7 26 0 25 0 24 0 23 26 
7 26 0 25 0 24 0 23 26 
7 26 0 25 0 24 0 23 26 
7 26 0 25 0 24 0 23 26 
7 26 0 25 0 24 0 23 26 
7 26 0 25 0 24 0 23 26 
7 26 0 25 0 24 0 23 26 
7 26 0 25 0 24 0 23 26 
7 26 0 25 0 24 0 23 26 
7 26 0 25 0 24 0 23 26 
7 26 0 25 0 24 0 23 26 
7 26 0 25 0 24 0 23 26 
7 26 0 25 0 24 0 23 26 
7 26 0 25 0 24 0 23 26 
7 26 0 25 0 24 0 23 26 
7 26 0 25 0 24 0 23 26 
7 26 0 25 0 24 0 23 26 
7 26 0 25 0 24 0 23 26 
7 26 0 25 0 24 0 23 26 
7 26 0 25 0 24 0 23 26 
7 26 0 25 0 24 0 23 26 
7 26 0 25 0 24 0 23 26 
7 26 0 25 0 24 0 23 26 
7 26 0 25 0 24 0 23 26 
7 26 0 25 0 24 0 23 26 
7 26 0 25 0 24 0 23 26 
7 26 0 25 0 24 0 23 26 
7 26 0 25 0 24 0 23 26 
7 26 0 25 0 24 0 23 26 
7 26 0 25 0 24 0 23 26 
7 26 0 25 0 24 0 23 26 
7 26 0 25 0 24 0 23 26 
7 26 0 25 0 24 0 23 26 
7 26 0 25 0 24 0 23 26 
7 26 0 25 0 24 0 23 26 
7 26 0 25 0 24 0 23 26 
7 26 0 25 0 24 0 23 26 
7 26 0 25 0 24 0 23 26 
7 26 0 25 0 24 0 23 26 
7 26 0 25 0 24 0 23 26 
7 26 0 25 0 24 0 23 26 
7 26 0 25 0 24 0 23 26 
7 26 0 25 0 24 0 23 26 
7 26 0 25 0 24 0 23 26 
7 26 0 25 0 24 0 23 26 
7 26 0 25 0 24 0 23 26 
7 26 0 25 0 24 0 23 26 
7 26 0 25 0 24 0 23 26 
7 26 0 25 0 24 0 23 26 
7 26 0 25 0 24 0 23 26 
7 26 0 25 0 24 0 23 26 
7 26 0 25 0 24 0 23 26 
7 26 0 25 0 24 0 23 26 
7 26 0 25 0 24 0 23 26 
7 26 0 25 0 24 0 23 26 
7 26 0 25 0 24 0 23 26 
7 26 0 25 0 24 0 23 26 
7 26 0 25 0 24 0 23 26 
7 26 0 25 0 24 0 23 26 
7 26 0 25 0 24 0 23 26 
7 26 0 25 0 24 0 23 26 
7 26 0 25 0 24 0 23 26 
7 26 0 25 0 24 0 23 26 
7 26 0 25 0 24 0 23 26 
7 26 0 25 0 24 0 23 26 
7 26 0 25 0 24 0 23 26 
7 26 0 25 0 24 0 23 26 
7 26 0 25 0 24 0 23 26 
7 26 0 25 0 24 0 23 26 
7 26 0 25 0 24 0 23 26 
7 26 0 25 0 24 0 23 26 
7 26 0 25 0 24 0 23 26 
7 26 0 25 0 24 0 23 26 
7 26 0 25 0 24 0 23 26 
7 26 0 25 0 24 0 23 26 
SCORES_TXT_END_0
SCORES_TXT_BEGIN_0 28 100 9 BLEU
6 40 1 39 0 38 0 37 14 
6 40 1 39 0 38 0 37 14 
6 40 1 39 0 38 0 37 14 
6 40 1 39 0 38 0 37 14 
6 40 1 39 0 38 0 37 14 
6 40 1 39 0 38 0 37 14 
6 40 1 39 0 38 0 37 14 
6 40 1 39 0 38 0 37 14 
6 40 1 39 0 38 0 37 14 
6 40 1 39 0 38 0 37 14 
6 40 1 39 0 38 0 37 14 
6 40 1 39 0 38 0 37 14 
6 40 1 39 0 38 0 37 14 
6 41 1 40 0 39 0 38 14 
6 40 1 39 0 38 0 37 14 
6 40 1 39 0 38 0 37 14 
6 40 1 39 0 38 0 37 14 
6 40 1 39 0 38 0 37 14 
6 40 1 39 0 38 0 37 14 
6 40 1 39 0 38 0 37 14 
6 40 1 39 0 38 0 37 14 
6 41 1 40 0 39 0 38 14 
6 40 1 39 0 38 0 37 14 
6 40 1 39 0 38 0 37 14 
6 40 1 39 0 38 0 37 14 
6 40 1 39 0 38 0 37 14 
6 40 1 39 0 38 0 37 14 
6 40 1 39 0 38 0 37 14 
6 41 1 40 0 39 0 38 14 
6 40 1 39 0 38 0 37 14 
6 40 1 39 0 38 0 37 14 
6 40 1 39 0 38 0 37 14 
6 40 1 39 0 38 0 37 14 
6 40 1 39 0 38 0 37 14 
6 40 1 39 0 38 0 37 14 
6 40 1 39 0 38 0 37 14 
6 40 1 39 0 38 0 37 14 
6 40 1 39 0 38 0 37 14 
6 40 1 39 0 38 0 37 14 
6 41 1 40 0 39 0 38 14 
6 40 1 39 0 38 0 37 14 
6 40 1 39 0 38 0 37 14 
6 41 1 40 0 39 0 38 14 
6 40 1 39 0 38 0 37 14 
6 40 1 39 0 38 0 37 14 
6 40 1 39 0 38 0 37 14 
6 40 1 39 0 38 0 37 14 
6 40 1 39 0 38 0 37 14 
6 40 1 39 0 38 0 37 14 
6 40 1 39 0 38 0 37 14 
6 41 1 40 0 39 0 38 14 
6 40 1 39 0 38 0 37 14 
6 40 1 39 0 38 0 37 14 
6 40 1 39 0 38 0 37 14 
6 40 1 39 0 38 0 37 14 
6 41 1 40 0 39 0 38 14 
6 40 1 39 0 38 0 37 14 
6 40 1 39 0 38 0 37 14 
6 40 1 39 0 38 0 37 14 
6 40 1 39 0 38 0 37 14 
6 40 1 39 0 38 0 37 14 
6 41 1 40 0 39 0 38 14 
6 40 1 39 0 38 0 37 14 
6 40 1 39 0 38 0 37 14 
6 40 1 39 0 38 0 37 14 
6 40 1 39 0 38 0 37 14 
6 40 1 39 0 38 0 37 14 
6 40 1 39 0 38 0 37 14 
6 40 1 39 0 38 0 37 14 
6 40 1 39 0 38 0 37 14 
6 41 1 40 0 39 0 38 14 
6 40 1 39 0 38 0 37 14 
6 40 1 39 0 38 0 37 14 
6 40 1 39 0 38 0 37 14 
6 40 1 39 0 38 0 37 14 
6 41 1 40 0 39 0 38 14 
6 40 1 39 0 38 0 37 14 
6 40 1 39 0 38 0 37 14 
6 40 1 39 0 38 0 37 14 
6 40 1 39 0 38 0 37 14 
6 40 1 39 0 38 0 37 14 
6 40 1 39 0 38 0 37 14 
6 40 1 39 0 38 0 37 14 
6 40 1 39 0 38 0 37 14 
6 41 1 40 0 39 0 38 14 
6 40 1 39 0 38 0 37 14 
6 40 1 39 0 38 0 37 14 
6 41 1 40 0 39 0 38 14 
6 40 1 39 0 38 0 37 14 
6 40 1 39 0 38 0 37 14 
6 40 1 39 0 38 0 37 14 
6 40 1 39 0 38 0 37 14 
6 40 1 39 0 38 0 37 14 
6 40 1 39 0 38 0 37 14 
6 41 1 40 0 39 0 38 14 
6 40 1 39 0 38 0 37 14 
6 40 1 39 0 38 0 37 14 
6 41 1 40 0 39 0 38 14 
6 40 1 39 0 38 0 37 14 
6 40 1 39 0 38 0 37 14 
SCORES_TXT_END_0
SCORES_TXT_BEGIN_0 29 100 9 BLEU
12 65 0 64 0 63 0 62 30 
12 65 0 64 0 63 0 62 30 
12 65 0 64 0 63 0 62 30 
12 65 0 64 0 63 0 62 30 
12 65 0 64 0 63 0 62 30 
12 65 0 64 0 63 0 62 30 
12 65 0 64 0 63 0 62 30 
12 65 0 64 0 63 0 62 30 
12 65 0 64 0 63 0 62 30 
12 65 1 64 0 63 0 62 30 
12 65 0 64 0 63 0 62 30 
12 65 0 64 0 63 0 62 30 
12 65 0 64 0 63 0 62 30 
12 65 0 64 0 63 0 62 30 
12 65 0 64 0 63 0 62 30 
12 65 0 64 0 63 0 62 30 
12 65 1 64 0 63 0 62 30 
12 65 0 64 0 63 0 62 30 
12 65 1 64 0 63 0 62 30 
12 65 0 64 0 63 0 62 30 
12 65 0 64 0 63 0 62 30 
12 65 0 64 0 63 0 62 30 
12 65 1 64 0 63 0 62 30 
12 65 0 64 0 63 0 62 30 
12 65 0 64 0 63 0 62 30 
12 65 0 64 0 63 0 62 30 
12 65 0 64 0 63 0 62 30 
12 65 1 64 0 63 0 62 30 
12 65 0 64 0 63 0 62 30 
12 65 0 64 0 63 0 62 30 
12 65 0 64 0 63 0 62 30 
12 65 1 64 0 63 0 62 30 
12 65 0 64 0 63 0 62 30 
12 65 0 64 0 63 0 62 30 
12 65 1 64 0 63 0 62 30 
12 65 0 64 0 63 0 62 30 
12 65 0 64 0 63 0 62 30 
12 65 0 64 0 63 0 62 30 
12 65 1 64 0 63 0 62 30 
12 65 0 64 0 63 0 62 30 
12 65 1 64 0 63 0 62 30 
12 65 1 64 0 63 0 62 30 
12 65 0 64 0 63 0 62 30 
12 65 0 64 0 63 0 62 30 
12 65 0 64 0 63 0 62 30 
12 65 0 64 0 63 0 62 30 
12 65 1 64 0 63 0 62 30 
12 65 0 64 0 63 0 62 30 
12 65 1 64 0 63 0 62 30 
12 65 0 64 0 63 0 62 30 
12 65 0 64 0 63 0 62 30 
12 65 1 64 0 63 0 62 30 
12 65 1 64 0 63 0 62 30 
12 65 0 64 0 63 0 62 30 
12 65 0 64 0 63 0 62 30 
12 65 0 64 0 63 0 62 30 
12 65 0 64 0 63 0 62 30 
12 65 0 64 0 63 0 62 30 
12 65 0 64 0 63 0 62 30 
12 65 1 64 0 63 0 62 30 
12 65 0 64 0 63 0 62 30 
12 65 1 64 0 63 0 62 30 
12 65 1 64 0 63 0 62 30 
12 65 0 64 0 63 0 62 30 
12 65 0 64 0 63 0 62 30 
12 65 0 64 0 63 0 62 30 
12 65 1 64 0 63 0 62 30 
12 65 1 64 0 63 0 62 30 
12 65 1 64 0 63 0 62 30 
12 65 0 64 0 63 0 62 30 
12 65 0 64 0 63 0 62 30 
12 65 0 64 0 63 0 62 30 
12 65 0 64 0 63 0 62 30 
12 65 0 64 0 63 0 62 30 
12 65 1 64 0 63 0 62 30 
12 65 0 64 0 63 0 62 30 
12 65 1 64 0 63 0 62 30 
12 65 0 64 0 63 0 62 30 
12 65 0 64 0 63 0 62 30 
12 65 0 64 0 63 0 62 30 
12 65 0 64 0 63 0 62 30 
12 65 0 64 0 63 0 62 30 
12 65 1 64 0 63 0 62 30 
12 65 1 64 0 63 0 62 30 
12 65 1 64 0 63 0 62 30 
12 65 0 64 0 63 0 62 30 
12 65 0 64 0 63 0 62 30 
12 65 1 64 0 63 0 62 30 
12 65 1 64 0 63 0 62 30 
12 65 0 64 0 63 0 62 30 
12 65 0 64 0 63 0 62 30 
12 65 0 64 0 63 0 62 30 
12 65 0 64 0 63 0 62 30 
12 65 1 64 0 63 0 62 30 
12 65 0 64 0 63 0 62 30 
12 65 0 64 0 63 0 62 30 
12 65 1 64 0 63 0 62 30 
12 65 0 64 0 63 0 62 30 
12 65 1 64 0 63 0 62 30 
12 65 1 64 0 63 0 62 30 
SCORES_TXT_END_0
SCORES_TXT_BEGIN_0 30 100 9 BLEU
5 31 0 30 0 29 0 28 17 
5 31 0 30 0 29 0 28 17 
5 31 0 30 0 29 0 28 17 
5 30 0 29 0 28 0 27 17 
5 31 0 30 0 29 0 28 17 
6 31 0 30 0 29 0 28 17 
5 30 0 29 0 28 0 27 17 
6 31 0 30 0 29 0 28 17 
5 30 0 29 0 28 0 27 17 
5 31 0 30 0 29 0 28 17 
6 31 0 30 0 29 0 28 17 
5 30 0 29 0 28 0 27 17 
6 31 0 30 0 29 0 28 17 
5 30 0 29 0 28 0 27 17 
5 31 0 30 0 29 0 28 17 
5 31 0 30 0 29 0 28 17 
6 31 0 30 0 29 0 28 17 
5 31 0 30 0 29 0 28 17 
5 31 0 30 0 29 0 28 17 
5 31 0 30 0 29 0 28 17 
5 31 0 30 0 29 0 28 17 
5 32 0 31 0 30 0 29 17 
5 30 0 29 0 28 0 27 17 
5 30 0 29 0 28 0 27 17 
5 31 0 30 0 29 0 28 17 
6 31 0 30 0 29 0 28 17 
6 31 0 30 0 29 0 28 17 
5 30 0 29 0 28 0 27 17 
5 30 0 29 0 28 0 27 17 
5 30 0 29 0 28 0 27 17 
5 31 0 30 0 29 0 28 17 
6 31 0 30 0 29 0 28 17 
5 30 0 29 0 28 0 27 17 
6 31 0 30 0 29 0 28 17 
6 31 0 30 0 29 0 28 17 
5 31 0 30 0 29 0 28 17 
6 31 0 30 0 29 0 28 17 
5 31 0 30 0 29 0 28 17 
5 30 0 29 0 28 0 27 17 
5 32 0 31 0 30 0 29 17 
5 31 0 30 0 29 0 28 17 
5 31 0 30 0 29 0 28 17 
6 32 0 31 0 30 0 29 17 
6 31 0 30 0 29 0 28 17 
5 31 0 30 0 29 0 28 17 
5 30 0 29 0 28 0 27 17 
5 32 0 31 0 30 0 29 17 
5 31 0 30 0 29 0 28 17 
5 31 0 30 0 29 0 28 17 
6 31 0 30 0 29 0 28 17 
5 30 0 29 0 28 0 27 17 
5 31 0 30 0 29 0 28 17 
5 31 0 30 0 29 0 28 17 
5 30 0 29 0 28 0 27 17 
5 30 0 29 0 28 0 27 17 
5 31 0 30 0 29 0 28 17 
5 31 0 30 0 29 0 28 17 
5 31 0 30 0 29 0 28 17 
5 31 0 30 0 29 0 28 17 
5 31 0 30 0 29 0 28 17 
6 31 0 30 0 29 0 28 17 
6 32 0 31 0 30 0 29 17 
6 31 0 30 0 29 0 28 17 
6 31 0 30 0 29 0 28 17 
5 30 0 29 0 28 0 27 17 
5 31 0 30 0 29 0 28 17 
5 31 0 30 0 29 0 28 17 
5 31 0 30 0 29 0 28 17 
5 31 0 30 0 29 0 28 17 
5 31 0 30 0 29 0 28 17 
5 31 0 30 0 29 0 28 17 
6 31 0 30 0 29 0 28 17 
5 30 0 29 0 28 0 27 17 
5 31 0 30 0 29 0 28 17 
5 30 0 29 0 28 0 27 17 
5 31 0 30 0 29 0 28 17 
5 31 0 30 0 29 0 28 17 
5 31 0 30 0 29 0 28 17 
6 32 0 31 0 30 0 29 17 
5 31 0 30 0 29 0 28 17 
6 31 0 30 0 29 0 28 17 
5 31 0 30 0 29 0 28 17 
5 30 0 29 0 28 0 27 17 
6 31 0 30 0 29 0 28 17 
5 31 0 30 0 29 0 28 17 
5 32 0 31 0 30 0 29 17 
5 30 0 29 0 28 0 27 17 
5 32 0 31 0 30 0 29 17 
5 30 0 29 0 28 0 27 17 
5 30 0 29 0 28 0 27 17 
5 30 0 29 0 28 0 27 17 
5 30 0 29 0 28 0 27 17 
5 31 0 30 0 29 0 28 17 
6 31 0 30 0 29 0 28 17 
5 31 0 30 0 29 0 28 17 
5 31 0 30 0 29 0 28 17 
5 30 0 29 0 28 0 27 17 
5 30 0 29 0 28 0 27 17 
5 30 0 29 0 28 0 27 17 
6 31 0 30 0 29 0 28 17 
SCORES_TXT_END_0
SCORES_TXT_BEGIN_0 31 100 9 BLEU
6 28 1 27 0 26 0 25 20 
5 28 0 27 0 26 0 25 20 
6 28 1 27 0 26 0 25 20 
5 28 0 27 0 26 0 25 20 
5 28 0 27 0 26 0 25 20 
6 28 0 27 0 26 0 25 20 
5 28 0 27 0 26 0 25 20 
6 28 1 27 0 26 0 25 20 
6 28 0 27 0 26 0 25 20 
5 28 0 27 0 26 0 25 20 
6 28 1 27 0 26 0 25 20 
6 28 0 27 0 26 0 25 20 
5 28 0 27 0 26 0 25 20 
5 28 0 27 0 26 0 25 20 
5 28 0 27 0 26 0 25 20 
6 28 1 27 0 26 0 25 20 
6 28 0 27 0 26 0 25 20 
6 28 0 27 0 26 0 25 20 
5 28 0 27 0 26 0 25 20 
6 28 1 27 0 26 0 25 20 
6 28 0 27 0 26 0 25 20 
6 28 1 27 0 26 0 25 20 
6 28 0 27 0 26 0 25 20 
5 28 0 27 0 26 0 25 20 
5 28 0 27 0 26 0 25 20 
6 28 0 27 0 26 0 25 20 
5 28 0 27 0 26 0 25 20 
6 28 0 27 0 26 0 25 20 
6 28 1 27 0 26 0 25 20 
6 28 0 27 0 26 0 25 20 
6 28 0 27 0 26 0 25 20 
5 28 0 27 0 26 0 25 20 
5 28 0 27 0 26 0 25 20 
6 28 1 27 0 26 0 25 20 
6 28 0 27 0 26 0 25 20 
5 28 0 27 0 26 0 25 20 
6 28 0 27 0 26 0 25 20 
5 28 0 27 0 26 0 25 20 
6 28 0 27 0 26 0 25 20 
6 28 0 27 0 26 0 25 20 
6 28 1 27 0 26 0 25 20 
6 28 0 27 0 26 0 25 20 
6 28 0 27 0 26 0 25 20 
5 28 0 27 0 26 0 25 20 
6 28 0 27 0 26 0 25 20 
5 28 0 27 0 26 0 25 20 
6 28 0 27 0 26 0 25 20 
5 28 0 27 0 26 0 25 20 
6 28 1 27 0 26 0 25 20 
6 28 0 27 0 26 0 25 20 
5 28 0 27 0 26 0 25 20 
6 28 0 27 0 26 0 25 20 
6 28 0 27 0 26 0 25 20 
6 28 0 27 0 26 0 25 20 
6 28 1 27 0 26 0 25 20 
6 28 0 27 0 26 0 25 20 
6 28 0 27 0 26 0 25 20 
5 28 0 27 0 26 0 25 20 
6 28 1 27 0 26 0 25 20 
6 28 1 27 0 26 0 25 20 
6 28 0 27 0 26 0 25 20 
6 28 0 27 0 26 0 25 20 
5 28 0 27 0 26 0 25 20 
6 28 1 27 0 26 0 25 20 
5 28 0 27 0 26 0 25 20 
5 28 0 27 0 26 0 25 20 
5 28 0 27 0 26 0 25 20 
6 28 1 27 0 26 0 25 20 
5 28 0 27 0 26 0 25 20 
6 28 0 27 0 26 0 25 20 
5 28 0 27 0 26 0 25 20 
5 28 0 27 0 26 0 25 20 
5 28 0 27 0 26 0 25 20 
6 28 1 27 0 26 0 25 20 
5 28 0 27 0 26 0 25 20 
6 28 0 27 0 26 0 25 20 
5 28 0 27 0 26 0 25 20 
6 28 0 27 0 26 0 25 20 
6 28 0 27 0 26 0 25 20 
5 28 0 27 0 26 0 25 20 
5 28 0 27 0 26 0 25 20 
6 28 0 27 0 26 0 25 20 
6 28 1 27 0 26 0 25 20 
6 28 0 27 0 26 0 25 20 
6 28 1 27 0 26 0 25 20 
6 28 0 27 0 26 0 25 20 
6 28 1 27 0 26 0 25 20 
6 28 0 27 0 26 0 25 20 
5 28 0 27 0 26 0 25 20 
6 28 0 27 0 26 0 25 20 
5 28 0 27 0 26 0 25 20 
5 28 0 27 0 26 0 25 20 
6 28 0 27 0 26 0 25 20 
5 28 0 27 0 26 0 25 20 
6 28 0 27 0 26 0 25 20 
6 28 0 27 0 26 0 25 20 
6 28 0 27 0 26 0 25 20 
5 28 0 27 0 26 0 25 20 
6 28 0 27 0 26 0 25 20 
5 28 0 27 0 26 0 25 20 
SCORES_TXT_END_0
SCORES_TXT_BEGIN_0 32 96 9 BLEU
2 31 0 30 0 29 0 28 12 
2 31 0 30 0 29 0 28 12 
3 31 0 30 0 29 0 28 12 
3 31 0 30 0 29 0 28 12 
2 30 0 29 0 28 0 27 12 
2 30 0 29 0 28 0 27 12 
2 31 0 30 0 29 0 28 12 
3 30 0 29 0 28 0 27 12 
2 31 0 30 0 29 0 28 12 
3 30 0 29 0 28 0 27 12 
3 32 0 31 0 30 0 29 12 
3 32 0 31 0 30 0 29 12 
3 31 0 30 0 29 0 28 12 
3 31 0 30 0 29 0 28 12 
3 31 0 30 0 29 0 28 12 
3 31 0 30 0 29 0 28 12 
2 31 0 30 0 29 0 28 12 
2 30 0 29 0 28 0 27 12 
3 31 0 30 0 29 0 28 12 
2 30 0 29 0 28 0 27 12 
2 31 0 30 0 29 0 28 12 
2 31 0 30 0 29 0 28 12 
3 31 0 30 0 29 0 28 12 
3 31 0 30 0 29 0 28 12 
3 31 0 30 0 29 0 28 12 
3 31 0 30 0 29 0 28 12 
4 31 0 30 0 29 0 28 12 
2 31 0 30 0 29 0 28 12 
4 31 0 30 0 29 0 28 12 
2 31 0 30 0 29 0 28 12 
3 31 0 30 0 29 0 28 12 
2 30 0 29 0 28 0 27 12 
3 31 0 30 0 29 0 28 12 
2 31 0 30 0 29 0 28 12 
3 30 0 29 0 28 0 27 12 
2 31 0 30 0 29 0 28 12 
2 31 0 30 0 29 0 28 12 
2 31 0 30 0 29 0 28 12 
3 32 0 31 0 30 0 29 12 
2 31 0 30 0 29 0 28 12 
2 31 0 30 0 29 0 28 12 
2 30 0 29 0 28 0 27 12 
3 31 0 30 0 29 0 28 12 
3 31 0 30 0 29 0 28 12 
3 31 0 30 0 29 0 28 12 
3 31 0 30 0 29 0 28 12 
2 31 0 30 0 29 0 28 12 
3 31 0 30 0 29 0 28 12 
3 31 0 30 0 29 0 28 12 
3 31 0 30 0 29 0 28 12 
2 30 0 29 0 28 0 27 12 
3 31 0 30 0 29 0 28 12 
3 31 0 30 0 29 0 28 12 
2 32 0 31 0 30 0 29 12 
2 30 0 29 0 28 0 27 12 
3 30 0 29 0 28 0 27 12 
3 31 0 30 0 29 0 28 12 
3 31 0 30 0 29 0 28 12 
2 31 0 30 0 29 0 28 12 
2 32 0 31 0 30 0 29 12 
3 30 0 29 0 28 0 27 12 
3 32 0 31 0 30 0 29 12 
3 32 0 31 0 30 0 29 12 
3 30 0 29 0 28 0 27 12 
3 32 0 31 0 30 0 29 12 
3 32 0 31 0 30 0 29 12 
3 31 0 30 0 29 0 28 12 
2 31 0 30 0 29 0 28 12 
3 30 0 29 0 28 0 27 12 
3 31 0 30 0 29 0 28 12 
4 30 0 29 0 28 0 27 12 
3 32 0 31 0 30 0 29 12 
3 31 0 30 0 29 0 28 12 
3 31 0 30 0 29 0 28 12 
3 31 0 30 0 29 0 28 12 
3 31 0 30 0 29 0 28 12 
2 30 0 29 0 28 0 27 12 
3 31 0 30 0 29 0 28 12 
4 30 0 29 0 28 0 27 12 
4 32 0 31 0 30 0 29 12 
3 31 0 30 0 29 0 28 12 
2 30 0 29 0 28 0 27 12 
3 31 0 30 0 29 0 28 12 
2 31 0 30 0 29 0 28 12 
3 30 0 29 0 28 0 27 12 
4 32 0 31 0 30 0 29 12 
4 31 0 30 0 29 0 28 12 
2 31 0 30 0 29 0 28 12 
3 30 0 29 0 28 0 27 12 
3 32 0 31 0 30 0 29 12 
4 31 0 30 0 29 0 28 12 
2 30 0 29 0 28 0 27 12 
3 32 0 31 0 30 0 29 12 
4 31 0 30 0 29 0 28 12 
2 30 0 29 0 28 0 27 12 
2 30 0 29 0 28 0 27 12 
SCORES_TXT_END_0
SCORES_TXT_BEGIN_0 33 100 9 BLEU
8 17 1 16 0 15 0 14 14 
8 17 2 16 0 15 0 14 14 
8 17 1 16 0 15 0 14 14 
8 17 1 16 0 15 0 14 14 
8 17 1 16 0 15 0 14 14 
8 17 1 16 0 15 0 14 14 
8 17 1 16 0 15 0 14 14 
8 17 2 16 0 15 0 14 14 
8 17 2 16 0 15 0 14 14 
8 17 1 16 0 15 0 14 14 
8 17 1 16 0 15 0 14 14 
8 17 1 16 0 15 0 14 14 
8 17 1 16 0 15 0 14 14 
8 17 1 16 0 15 0 14 14 
8 17 1 16 0 15 0 14 14 
8 17 2 16 0 15 0 14 14 
7 17 1 16 0 15 0 14 14 
8 17 1 16 0 15 0 14 14 
8 17 1 16 0 15 0 14 14 
8 17 1 16 0 15 0 14 14 
8 17 1 16 0 15 0 14 14 
8 17 2 16 0 15 0 14 14 
8 17 1 16 0 15 0 14 14 
8 17 1 16 0 15 0 14 14 
8 17 1 16 0 15 0 14 14 
8 17 1 16 0 15 0 14 14 
8 17 2 16 0 15 0 14 14 
8 17 1 16 0 15 0 14 14 
8 17 1 16 0 15 0 14 14 
8 17 1 16 0 15 0 14 14 
8 17 1 16 0 15 0 14 14 
7 17 2 16 0 15 0 14 14 
8 17 1 16 0 15 0 14 14 
8 17 1 16 0 15 0 14 14 
8 18 1 17 0 16 0 15 14 
8 17 1 16 0 15 0 14 14 
8 17 1 16 0 15 0 14 14 
8 17 1 16 0 15 0 14 14 
8 17 1 16 0 15 0 14 14 
8 17 1 16 0 15 0 14 14 
7 17 1 16 0 15 0 14 14 
7 17 1 16 0 15 0 14 14 
8 17 1 16 0 15 0 14 14 
8 17 2 16 0 15 0 14 14 
7 17 1 16 0 15 0 14 14 
8 17 1 16 0 15 0 14 14 
8 17 1 16 0 15 0 14 14 
8 17 1 16 0 15 0 14 14 
8 17 1 16 0 15 0 14 14 
8 17 1 16 0 15 0 14 14 
8 17 1 16 0 15 0 14 14 
7 17 1 16 0 15 0 14 14 
8 17 1 16 0 15 0 14 14 
8 18 2 17 0 16 0 15 14 
8 17 2 16 0 15 0 14 14 
7 17 1 16 0 15 0 14 14 
8 17 1 16 0 15 0 14 14 
8 18 1 17 0 16 0 15 14 
8 17 1 16 0 15 0 14 14 
7 17 2 16 0 15 0 14 14 
8 17 2 16 0 15 0 14 14 
8 17 2 16 0 15 0 14 14 
8 17 1 16 0 15 0 14 14 
7 17 1 16 0 15 0 14 14 
8 17 2 16 0 15 0 14 14 
8 17 1 16 0 15 0 14 14 
8 17 1 16 0 15 0 14 14 
8 17 1 16 0 15 0 14 14 
7 17 1 16 0 15 0 14 14 
8 17 2 16 0 15 0 14 14 
8 17 1 16 0 15 0 14 14 
8 17 1 16 0 15 0 14 14 
8 17 2 16 0 15 0 14 14 
8 17 2 16 0 15 0 14 14 
8 18 1 17 0 16 0 15 14 
7 17 2 16 0 15 0 14 14 
8 17 1 16 0 15 0 14 14 
8 17 1 16 0 15 0 14 14 
8 17 1 16 0 15 0 14 14 
8 17 1 16 0 15 0 14 14 
8 17 1 16 0 15 0 14 14 
8 17 1 16 0 15 0 14 14 
7 17 1 16 0 15 0 14 14 
8 17 1 16 0 15 0 14 14 
8 17 1 16 0 15 0 14 14 
8 18 1 17 0 16 0 15 14 
8 17 1 16 0 15 0 14 14 
8 17 1 16 0 15 0 14 14 
8 17 2 16 0 15 0 14 14 
8 18 1 17 0 16 0 15 14 
8 17 1 16 0 15 0 14 14 
8 17 1 16 0 15 0 14 14 
8 17 1 16 0 15 0 14 14 
8 17 2 16 0 15 0 14 14 
8 17 1 16 0 15 0 14 14 
7 17 1 16 0 15 0 14 14 
8 17 1 16 0 15 0 14 14 
8 17 1 16 0 15 0 14 14 
8 17 1 16 0 15 0 14 14 
8 17 2 16 0 15 0 14 14 
SCORES_TXT_END_0
SCORES_TXT_BEGIN_0 34 100 9 BLEU
7 30 0 29 0 28 0 27 21 
7 30 0 29 0 28 0 27 21 
7 30 0 29 0 28 0 27 21 
7 30 0 29 0 28 0 27 21 
7 30 0 29 0 28 0 27 21 
7 30 0 29 0 28 0 27 21 
7 30 0 29 0 28 0 27 21 
7 30 0 29 0 28 0 27 21 
7 30 0 29 0 28 0 27 21 
7 30 0 29 0 28 0 27 21 
7 30 0 29 0 28 0 27 21 
7 30 0 29 0 28 0 27 21 
7 30 0 29 0 28 0 27 21 
7 30 0 29 0 28 0 27 21 
7 30 0 29 0 28 0 27 21 
7 30 0 29 0 28 0 27 21 
7 30 0 29 0 28 0 27 21 
7 30 0 29 0 28 0 27 21 
7 30 0 29 0 28 0 27 21 
7 30 0 29 0 28 0 27 21 
7 30 0 29 0 28 0 27 21 
7 30 0 29 0 28 0 27 21 
7 30 0 29 0 28 0 27 21 
7 30 0 29 0 28 0 27 21 
7 30 0 29 0 28 0 27 21 
7 30 0 29 0 28 0 27 21 
7 30 0 29 0 28 0 27 21 
7 30 0 29 0 28 0 27 21 
7 30 0 29 0 28 0 27 21 
7 30 0 29 0 28 0 27 21 
6 30 0 29 0 28 0 27 21 
7 30 0 29 0 28 0 27 21 
7 30 0 29 0 28 0 27 21 
7 30 0 29 0 28 0 27 21 
7 30 0 29 0 28 0 27 21 
7 30 0 29 0 28 0 27 21 
7 30 0 29 0 28 0 27 21 
7 30 0 29 0 28 0 27 21 
7 30 0 29 0 28 0 27 21 
7 30 0 29 0 28 0 27 21 
7 30 0 29 0 28 0 27 21 
7 30 0 29 0 28 0 27 21 
7 30 0 29 0 28 0 27 21 
7 30 0 29 0 28 0 27 21 
7 30 0 29 0 28 0 27 21 
7 30 0 29 0 28 0 27 21 
7 30 0 29 0 28 0 27 21 
7 30 0 29 0 28 0 27 21 
7 30 0 29 0 28 0 27 21 
7 30 0 29 0 28 0 27 21 
7 30 0 29 0 28 0 27 21 
7 30 0 29 0 28 0 27 21 
7 30 0 29 0 28 0 27 21 
6 30 0 29 0 28 0 27 21 
7 30 0 29 0 28 0 27 21 
7 30 0 29 0 28 0 27 21 
6 30 0 29 0 28 0 27 21 
7 30 0 29 0 28 0 27 21 
6 30 0 29 0 28 0 27 21 
7 30 0 29 0 28 0 27 21 
7 30 0 29 0 28 0 27 21 
7 30 0 29 0 28 0 27 21 
7 30 0 29 0 28 0 27 21 
7 30 0 29 0 28 0 27 21 
7 30 0 29 0 28 0 27 21 
7 30 0 29 0 28 0 27 21 
7 30 0 29 0 28 0 27 21 
7 30 0 29 0 28 0 27 21 
7 30 0 29 0 28 0 27 21 
7 30 0 29 0 28 0 27 21 
7 30 0 29 0 28 0 27 21 
7 30 0 29 0 28 0 27 21 
7 30 0 29 0 28 0 27 21 
7 30 0 29 0 28 0 27 21 
7 30 0 29 0 28 0 27 21 
7 30 0 29 0 28 0 27 21 
7 30 0 29 0 28 0 27 21 
7 30 0 29 0 28 0 27 21 
7 30 0 29 0 28 0 27 21 
7 30 0 29 0 28 0 27 21 
7 30 0 29 0 28 0 27 21 
7 30 0 29 0 28 0 27 21 
7 30 0 29 0 28 0 27 21 
7 30 0 29 0 28 0 27 21 
7 30 0 29 0 28 0 27 21 
7 30 0 29 0 28 0 27 21 
7 30 0 29 0 28 0 27 21 
7 30 0 29 0 28 0 27 21 
6 30 0 29 0 28 0 27 21 
7 30 0 29 0 28 0 27 21 
6 30 0 29 0 28 0 27 21 
7 30 0 29 0 28 0 27 21 
7 30 0 29 0 28 0 27 21 
7 30 0 29 0 28 0 27 21 
7 30 0 29 0 28 0 27 21 
7 30 0 29 0 28 0 27 21 
7 31 1 30 0 29 0 28 21 
6 30 0 29 0 28 0 27 21 
7 30 0 29 0 28 0 27 21 
6 30 0 29 0 28 0 27 21 
SCORES_TXT_END_0
SCORES_TXT_BEGIN_0 35 100 9 BLEU
6 36 1 35 0 34 0 33 24 
6 36 1 35 0 34 0 33 24 
6 36 1 35 0 34 0 33 24 
6 36 1 35 0 34 0 33 24 
6 36 1 35 0 34 0 33 24 
6 36 1 35 0 34 0 33 24 
6 36 1 35 0 34 0 33 24 
6 36 1 35 0 34 0 33 24 
6 36 1 35 0 34 0 33 24 
6 36 0 35 0 34 0 33 24 
6 36 1 35 0 34 0 33 24 
6 36 1 35 0 34 0 33 24 
6 36 0 35 0 34 0 33 24 
6 36 1 35 0 34 0 33 24 
6 36 1 35 0 34 0 33 24 
6 36 1 35 0 34 0 33 24 
6 36 0 35 0 34 0 33 24 
6 36 1 35 0 34 0 33 24 
6 36 1 35 0 34 0 33 24 
6 36 1 35 0 34 0 33 24 
6 36 0 35 0 34 0 33 24 
6 36 1 35 0 34 0 33 24 
6 35 1 34 0 33 0 32 24 
6 36 1 35 0 34 0 33 24 
6 35 1 34 0 33 0 32 24 
6 35 1 34 0 33 0 32 24 
6 36 1 35 0 34 0 33 24 
6 35 1 34 0 33 0 32 24 
6 35 1 34 0 33 0 32 24 
6 35 1 34 0 33 0 32 24 
6 35 1 34 0 33 0 32 24 
6 35 1 34 0 33 0 32 24 
6 36 0 35 0 34 0 33 24 
6 36 1 35 0 34 0 33 24 
6 36 0 35 0 34 0 33 24 
6 36 1 35 0 34 0 33 24 
6 36 1 35 0 34 0 33 24 
6 36 1 35 0 34 0 33 24 
6 36 1 35 0 34 0 33 24 
6 36 1 35 0 34 0 33 24 
6 36 1 35 0 34 0 33 24 
6 36 1 35 0 34 0 33 24 
6 36 1 35 0 34 0 33 24 
6 36 1 35 0 34 0 33 24 
6 36 1 35 0 34 0 33 24 
6 36 1 35 0 34 0 33 24 
6 36 1 35 0 34 0 33 24 
6 36 1 35 0 34 0 33 24 
6 35 0 34 0 33 0 32 24 
6 36 1 35 0 34 0 33 24 
6 35 0 34 0 33 0 32 24 
6 36 1 35 0 34 0 33 24 
6 36 1 35 0 34 0 33 24 
6 36 1 35 0 34 0 33 24 
6 35 0 34 0 33 0 32 24 
6 35 0 34 0 33 0 32 24 
6 35 2 34 1 33 0 32 24 
6 35 2 34 1 33 0 32 24 
6 35 2 34 1 33 0 32 24 
6 35 2 34 1 33 0 32 24 
6 35 0 34 0 33 0 32 24 
6 35 0 34 0 33 0 32 24 
6 35 0 34 0 33 0 32 24 
6 35 0 34 0 33 0 32 24 
6 36 1 35 0 34 0 33 24 
6 36 0 35 0 34 0 33 24 
6 36 1 35 0 34 0 33 24 
6 35 0 34 0 33 0 32 24 
6 36 1 35 0 34 0 33 24 
6 36 0 35 0 34 0 33 24 
6 36 1 35 0 34 0 33 24 
6 35 0 34 0 33 0 32 24 
6 35 0 34 0 33 0 32 24 
6 35 0 34 0 33 0 32 24 
6 36 1 35 0 34 0 33 24 
6 36 1 35 0 34 0 33 24 
6 36 0 35 0 34 0 33 24 
6 36 0 35 0 34 0 33 24 
6 36 1 35 0 34 0 33 24 
6 36 1 35 0 34 0 33 24 
6 36 1 35 0 34 0 33 24 
6 36 0 35 0 34 0 33 24 
6 36 0 35 0 34 0 33 24 
6 36 1 35 0 34 0 33 24 
6 35 1 34 0 33 0 32 24 
6 36 1 35 0 34 0 33 24 
6 35 1 34 0 33 0 32 24 
6 35 1 34 0 33 0 32 24 
6 35 2 34 1 33 0 32 24 
6 36 1 35 0 34 0 33 24 
6 35 2 34 1 33 0 32 24 
6 36 0 35 0 34 0 33 24 
6 35 1 34 0 33 0 32 24 
6 36 1 35 0 34 0 33 24 
6 35 2 34 1 33 0 32 24 
6 36 1 35 0 34 0 33 24 
6 35 1 34 0 33 0 32 24 
6 35 2 34 1 33 0 32 24 
6 36 0 35 0 34 0 33 24 
6 36 1 35 0 34 0 33 24 
SCORES_TXT_END_0
SCORES_TXT_BEGIN_0 36 99 9 BLEU
14 48 1 47 0 46 0 45 29 
14 48 2 47 0 46 0 45 29 
14 48 1 47 0 46 0 45 29 
14 48 1 47 0 46 0 45 29 
14 48 2 47 0 46 0 45 29 
14 48 1 47 0 46 0 45 29 
14 48 2 47 0 46 0 45 29 
14 48 1 47 0 46 0 45 29 
14 48 2 47 0 46 0 45 29 
14 48 2 47 0 46 0 45 29 
14 48 2 47 0 46 0 45 29 
13 48 1 47 0 46 0 45 29 
13 48 1 47 0 46 0 45 29 
14 48 1 47 0 46 0 45 29 
14 48 1 47 0 46 0 45 29 
14 48 2 47 0 46 0 45 29 
14 48 2 47 0 46 0 45 29 
14 48 1 47 0 46 0 45 29 
13 48 1 47 0 46 0 45 29 
13 48 1 47 0 46 0 45 29 
14 48 1 47 0 46 0 45 29 
14 48 1 47 0 46 0 45 29 
14 48 2 47 0 46 0 45 29 
14 48 1 47 0 46 0 45 29 
14 48 1 47 0 46 0 45 29 
14 48 2 47 0 46 0 45 29 
14 48 1 47 0 46 0 45 29 
14 48 2 47 0 46 0 45 29 
14 48 1 47 0 46 0 45 29 
14 48 2 47 0 46 0 45 29 
14 48 1 47 0 46 0 45 29 
14 48 1 47 0 46 0 45 29 
13 48 2 47 0 46 0 45 29 
13 48 2 47 0 46 0 45 29 
14 48 1 47 0 46 0 45 29 
14 48 2 47 0 46 0 45 29 
14 48 2 47 0 46 0 45 29 
14 48 2 47 0 46 0 45 29 
14 48 2 47 0 46 0 45 29 
14 48 2 47 0 46 0 45 29 
14 48 1 47 0 46 0 45 29 
13 48 1 47 0 46 0 45 29 
13 48 1 47 0 46 0 45 29 
14 48 2 47 0 46 0 45 29 
14 48 1 47 0 46 0 45 29 
14 48 2 47 0 46 0 45 29 
14 48 1 47 0 46 0 45 29 
13 48 2 47 0 46 0 45 29 
13 48 2 47 0 46 0 45 29 
14 48 1 47 0 46 0 45 29 
14 48 2 47 0 46 0 45 29 
14 48 1 47 0 46 0 45 29 
14 48 2 47 0 46 0 45 29 
13 48 1 47 0 46 0 45 29 
14 48 2 47 0 46 0 45 29 
14 48 2 47 0 46 0 45 29 
14 48 2 47 0 46 0 45 29 
14 48 2 47 0 46 0 45 29 
14 48 1 47 0 46 0 45 29 
14 48 1 47 0 46 0 45 29 
13 48 1 47 0 46 0 45 29 
13 48 1 47 0 46 0 45 29 
14 48 2 47 0 46 0 45 29 
14 48 2 47 0 46 0 45 29 
14 48 1 47 0 46 0 45 29 
14 48 1 47 0 46 0 45 29 
14 48 2 47 0 46 0 45 29 
14 48 1 47 0 46 0 45 29 
14 48 1 47 0 46 0 45 29 
14 48 1 47 0 46 0 45 29 
14 48 2 47 0 46 0 45 29 
14 48 2 47 0 46 0 45 29 
13 48 1 47 0 46 0 45 29 
14 48 1 47 0 46 0 45 29 
13 48 1 47 0 46 0 45 29 
14 48 2 47 0 46 0 45 29 
14 48 2 47 0 46 0 45 29 
14 48 2 47 0 46 0 45 29 
14 48 1 47 0 46 0 45 29 
14 48 1 47 0 46 0 45 29 
14 48 2 47 0 46 0 45 29 
14 48 1 47 0 46 0 45 29 
13 48 1 47 0 46 0 45 29 
13 48 1 47 0 46 0 45 29 
14 48 2 47 0 46 0 45 29 
14 48 1 47 0 46 0 45 29 
14 48 1 47 0 46 0 45 29 
14 48 2 47 0 46 0 45 29 
14 48 2 47 0 46 0 45 29 
14 48 1 47 0 46 0 45 29 
13 48 1 47 0 46 0 45 29 
14 48 1 47 0 46 0 45 29 
14 48 2 47 0 46 0 45 29 
14 48 2 47 0 46 0 45 29 
14 48 2 47 0 46 0 45 29 
13 48 1 47 0 46 0 45 29 
14 48 1 47 0 46 0 45 29 
13 48 1 47 0 46 0 45 29 
14 48 2 47 0 46 0 45 29 
SCORES_TXT_END_0
SCORES_TXT_BEGIN_0 37 97 9 BLEU
4 28 0 27 0 26 0 25 17 
4 28 0 27 0 26 0 25 17 
4 28 0 27 0 26 0 25 17 
4 28 0 27 0 26 0 25 17 
4 28 0 27 0 26 0 25 17 
4 29 0 28 0 27 0 26 17 
4 28 0 27 0 26 0 25 17 
4 28 0 27 0 26 0 25 17 
4 28 0 27 0 26 0 25 17 
4 29 0 28 0 27 0 26 17 
4 28 0 27 0 26 0 25 17 
4 28 0 27 0 26 0 25 17 
4 28 0 27 0 26 0 25 17 
4 28 0 27 0 26 0 25 17 
4 28 0 27 0 26 0 25 17 
4 29 0 28 0 27 0 26 17 
4 29 0 28 0 27 0 26 17 
4 28 0 27 0 26 0 25 17 
4 28 0 27 0 26 0 25 17 
4 28 0 27 0 26 0 25 17 
4 28 0 27 0 26 0 25 17 
4 28 0 27 0 26 0 25 17 
4 29 0 28 0 27 0 26 17 
4 28 0 27 0 26 0 25 17 
4 28 0 27 0 26 0 25 17 
4 28 0 27 0 26 0 25 17 
4 28 0 27 0 26 0 25 17 
4 29 0 28 0 27 0 26 17 
4 28 0 27 0 26 0 25 17 
4 28 0 27 0 26 0 25 17 
4 28 0 27 0 26 0 25 17 
4 28 0 27 0 26 0 25 17 
4 28 0 27 0 26 0 25 17 
4 28 0 27 0 26 0 25 17 
4 29 0 28 0 27 0 26 17 
4 28 0 27 0 26 0 25 17 
4 28 0 27 0 26 0 25 17 
4 29 0 28 0 27 0 26 17 
4 28 0 27 0 26 0 25 17 
4 29 0 28 0 27 0 26 17 
4 28 0 27 0 26 0 25 17 
4 28 0 27 0 26 0 25 17 
4 28 0 27 0 26 0 25 17 
4 28 0 27 0 26 0 25 17 
4 28 0 27 0 26 0 25 17 
4 28 0 27 0 26 0 25 17 
4 28 0 27 0 26 0 25 17 
4 28 0 27 0 26 0 25 17 
4 28 0 27 0 26 0 25 17 
4 28 0 27 0 26 0 25 17 
3 29 0 28 0 27 0 26 17 
4 28 0 27 0 26 0 25 17 
4 28 0 27 0 26 0 25 17 
4 28 0 27 0 26 0 25 17 
4 29 0 28 0 27 0 26 17 
4 28 0 27 0 26 0 25 17 
5 28 0 27 0 26 0 25 17 
4 28 0 27 0 26 0 25 17 
4 28 0 27 0 26 0 25 17 
4 28 0 27 0 26 0 25 17 
4 28 0 27 0 26 0 25 17 
4 28 0 27 0 26 0 25 17 
4 28 0 27 0 26 0 25 17 
4 29 0 28 0 27 0 26 17 
4 28 0 27 0 26 0 25 17 
4 28 0 27 0 26 0 25 17 
4 28 0 27 0 26 0 25 17 
4 28 0 27 0 26 0 25 17 
4 28 0 27 0 26 0 25 17 
4 28 0 27 0 26 0 25 17 
4 28 0 27 0 26 0 25 17 
4 28 0 27 0 26 0 25 17 
4 28 0 27 0 26 0 25 17 
4 28 0 27 0 26 0 25 17 
4 28 0 27 0 26 0 25 17 
4 28 0 27 0 26 0 25 17 
4 29 0 28 0 27 0 26 17 
4 28 0 27 0 26 0 25 17 
4 28 0 27 0 26 0 25 17 
4 28 0 27 0 26 0 25 17 
4 28 0 27 0 26 0 25 17 
4 28 0 27 0 26 0 25 17 
4 29 0 28 0 27 0 26 17 
4 28 0 27 0 26 0 25 17 
4 28 0 27 0 26 0 25 17 
4 29 0 28 0 27 0 26 17 
4 28 0 27 0 26 0 25 17 
4 29 0 28 0 27 0 26 17 
4 28 0 27 0 26 0 25 17 
4 28 0 27 0 26 0 25 17 
4 28 0 27 0 26 0 25 17 
3 29 0 28 0 27 0 26 17 
4 29 0 28 0 27 0 26 17 
4 29 0 28 0 27 0 26 17 
4 28 0 27 0 26 0 25 17 
4 29 0 28 0 27 0 26 17 
4 28 0 27 0 26 0 25 17 
SCORES_TXT_END_0
SCORES_TXT_BEGIN_0 38 100 9 BLEU
3 33 0 32 0 31 0 30 12 
3 33 0 32 0 31 0 30 12 
3 33 0 32 0 31 0 30 12 
3 33 0 32 0 31 0 30 12 
3 33 0 32 0 31 0 30 12 
3 33 0 32 0 31 0 30 12 
3 33 0 32 0 31 0 30 12 
3 33 0 32 0 31 0 30 12 
3 33 0 32 0 31 0 30 12 
3 33 0 32 0 31 0 30 12 
3 33 0 32 0 31 0 30 12 
3 33 0 32 0 31 0 30 12 
3 33 0 32 0 31 0 30 12 
3 33 0 32 0 31 0 30 12 
3 33 0 32 0 31 0 30 12 
3 33 0 32 0 31 0 30 12 
3 33 0 32 0 31 0 30 12 
3 33 0 32 0 31 0 30 12 
3 33 0 32 0 31 0 30 12 
3 33 0 32 0 31 0 30 12 
3 33 0 32 0 31 0 30 12 
3 33 0 32 0 31 0 30 12 
3 33 0 32 0 31 0 30 12 
3 33 0 32 0 31 0 30 12 
3 33 0 32 0 31 0 30 12 
3 33 0 32 0 31 0 30 12 
3 33 0 32 0 31 0 30 12 
3 33 0 32 0 31 0 30 12 
3 33 0 32 0 31 0 30 12 
3 33 0 32 0 31 0 30 12 
3 33 0 32 0 31 0 30 12 
3 33 0 32 0 31 0 30 12 
3 33 0 32 0 31 0 30 12 
3 33 0 32 0 31 0 30 12 
3 33 0 32 0 31 0 30 12 
3 33 0 32 0 31 0 30 12 
3 33 0 32 0 31 0 30 12 
3 33 0 32 0 31 0 30 12 
3 33 0 32 0 31 0 30 12 
3 33 0 32 0 31 0 30 12 
3 33 0 32 0 31 0 30 12 
3 33 0 32 0 31 0 30 12 
3 33 0 32 0 31 0 30 12 
3 33 0 32 0 31 0 30 12 
3 33 0 32 0 31 0 30 12 
3 33 0 32 0 31 0 30 12 
3 33 0 32 0 31 0 30 12 
3 33 0 32 0 31 0 30 12 
3 33 0 32 0 31 0 30 12 
3 33 0 32 0 31 0 30 12 
3 33 0 32 0 31 0 30 12 
3 33 0 32 0 31 0 30 12 
3 33 0 32 0 31 0 30 12 
3 33 0 32 0 31 0 30 12 
3 33 0 32 0 31 0 30 12 
3 33 0 32 0 31 0 30 12 
3 33 0 32 0 31 0 30 12 
3 33 0 32 0 31 0 30 12 
3 33 0 32 0 31 0 30 12 
3 33 0 32 0 31 0 30 12 
3 33 0 32 0 31 0 30 12 
3 33 0 32 0 31 0 30 12 
3 33 0 32 0 31 0 30 12 
3 33 0 32 0 31 0 30 12 
3 33 0 32 0 31 0 30 12 
3 33 0 32 0 31 0 30 12 
3 33 0 32 0 31 0 30 12 
3 33 0 32 0 31 0 30 12 
3 33 0 32 0 31 0 30 12 
3 33 0 32 0 31 0 30 12 
3 33 0 32 0 31 0 30 12 
3 33 0 32 0 31 0 30 12 
3 33 0 32 0 31 0 30 12 
3 33 0 32 0 31 0 30 12 
3 33 0 32 0 31 0 30 12 
3 33 0 32 0 31 0 30 12 
3 33 0 32 0 31 0 30 12 
3 33 0 32 0 31 0 30 12 
3 33 0 32 0 31 0 30 12 
3 33 0 32 0 31 0 30 12 
3 33 0 32 0 31 0 30 12 
3 33 0 32 0 31 0 30 12 
3 33 0 32 0 31 0 30 12 
3 33 0 32 0 31 0 30 12 
3 33 0 32 0 31 0 30 12 
3 33 0 32 0 31 0 30 12 
3 33 0 32 0 31 0 30 12 
3 33 0 32 0 31 0 30 12 
3 33 0 32 0 31 0 30 12 
3 33 0 32 0 31 0 30 12 
3 33 0 32 0 31 0 30 12 
3 33 0 32 0 31 0 30 12 
3 33 0 32 0 31 0 30 12 
3 33 0 32 0 31 0 30 12 
3 33 0 32 0 31 0 30 12 
3 33 0 32 0 31 0 30 12 
3 33 0 32 0 31 0 30 12 
3 33 0 32 0 31 0 30 12 
3 33 0 32 0 31 0 30 12 
3 33 0 32 0 31 0 30 12 
SCORES_TXT_END_0
SCORES_TXT_BEGIN_0 39 100 9 BLEU
13 47 2 46 0 45 0 44 28 
13 47 2 46 0 45 0 44 28 
13 47 2 46 0 45 0 44 28 
13 47 2 46 0 45 0 44 28 
13 47 2 46 0 45 0 44 28 
12 47 2 46 0 45 0 44 28 
13 47 2 46 0 45 0 44 28 
13 47 2 46 0 45 0 44 28 
13 47 2 46 0 45 0 44 28 
13 47 2 46 0 45 0 44 28 
13 47 2 46 0 45 0 44 28 
12 47 2 46 0 45 0 44 28 
12 47 2 46 0 45 0 44 28 
13 47 2 46 0 45 0 44 28 
12 47 2 46 0 45 0 44 28 
13 48 2 47 0 46 0 45 28 
13 47 2 46 0 45 0 44 28 
13 47 2 46 0 45 0 44 28 
13 47 3 46 1 45 0 44 28 
12 47 2 46 0 45 0 44 28 
13 47 2 46 0 45 0 44 28 
13 47 2 46 0 45 0 44 28 
13 47 2 46 0 45 0 44 28 
13 47 2 46 0 45 0 44 28 
13 47 2 46 0 45 0 44 28 
12 47 2 46 0 45 0 44 28 
13 47 2 46 0 45 0 44 28 
13 47 2 46 0 45 0 44 28 
13 47 2 46 0 45 0 44 28 
13 47 2 46 0 45 0 44 28 
12 47 2 46 0 45 0 44 28 
13 48 2 47 0 46 0 45 28 
13 47 2 46 0 45 0 44 28 
12 47 2 46 0 45 0 44 28 
13 48 2 47 0 46 0 45 28 
13 47 2 46 0 45 0 44 28 
13 47 2 46 0 45 0 44 28 
13 48 2 47 0 46 0 45 28 
13 47 2 46 0 45 0 44 28 
13 47 2 46 0 45 0 44 28 
13 47 2 46 0 45 0 44 28 
13 47 2 46 0 45 0 44 28 
13 47 3 46 1 45 0 44 28 
13 47 2 46 0 45 0 44 28 
13 47 3 46 1 45 0 44 28 
12 47 2 46 0 45 0 44 28 
13 47 2 46 0 45 0 44 28 
12 47 2 46 0 45 0 44 28 
13 47 3 46 1 45 0 44 28 
13 48 2 47 0 46 0 45 28 
12 48 2 47 0 46 0 45 28 
12 47 2 46 0 45 0 44 28 
13 47 2 46 0 45 0 44 28 
13 47 2 46 0 45 0 44 28 
13 47 2 46 0 45 0 44 28 
13 47 2 46 0 45 0 44 28 
13 47 2 46 0 45 0 44 28 
13 47 2 46 0 45 0 44 28 
13 47 3 46 1 45 0 44 28 
13 47 2 46 0 45 0 44 28 
13 47 2 46 0 45 0 44 28 
12 47 3 46 1 45 0 44 28 
13 47 2 46 0 45 0 44 28 
13 47 2 46 0 45 0 44 28 
13 47 2 46 0 45 0 44 28 
13 47 2 46 0 45 0 44 28 
12 47 2 46 0 45 0 44 28 
13 47 2 46 0 45 0 44 28 
13 47 2 46 0 45 0 44 28 
13 47 2 46 0 45 0 44 28 
13 47 2 46 0 45 0 44 28 
13 48 2 47 0 46 0 45 28 
13 47 2 46 0 45 0 44 28 
12 47 2 46 0 45 0 44 28 
13 47 2 46 0 45 0 44 28 
13 47 2 46 0 45 0 44 28 
13 47 2 46 0 45 0 44 28 
12 47 2 46 0 45 0 44 28 
13 48 2 47 0 46 0 45 28 
13 48 2 47 0 46 0 45 28 
13 47 2 46 0 45 0 44 28 
13 47 2 46 0 45 0 44 28 
13 47 2 46 0 45 0 44 28 
13 47 2 46 0 45 0 44 28 
13 47 3 46 1 45 0 44 28 
13 47 2 46 0 45 0 44 28 
13 47 2 46 0 45 0 44 28 
12 47 2 46 0 45 0 44 28 
13 47 2 46 0 45 0 44 28 
13 47 2 46 0 45 0 44 28 
13 47 2 46 0 45 0 44 28 
12 47 2 46 0 45 0 44 28 
13 47 2 46 0 45 0 44 28 
13 47 2 46 0 45 0 44 28 
13 47 3 46 1 45 0 44 28 
13 47 3 46 1 45 0 44 28 
12 47 2 46 0 45 0 44 28 
13 48 2 47 0 46 0 45 28 
13 48 2 47 0 46 0 45 28 
13 47 3 46 0 45 0 44 28 
SCORES_TXT_END_0
SCORES_TXT_BEGIN_0 40 89 9 BLEU
5 22 2 21 1 20 0 19 12 
5 23 2 22 1 21 0 20 12 
5 23 2 22 1 21 0 20 12 
5 22 2 21 1 20 0 19 12 
5 23 2 22 1 21 0 20 12 
5 22 2 21 1 20 0 19 12 
5 23 2 22 1 21 0 20 12 
5 23 2 22 1 21 0 20 12 
5 21 2 20 1 19 0 18 12 
5 22 1 21 0 20 0 19 12 
5 22 2 21 1 20 0 19 12 
5 23 1 22 0 21 0 20 12 
5 22 2 21 1 20 0 19 12 
5 22 2 21 1 20 0 19 12 
5 23 1 22 0 21 0 20 12 
5 23 2 22 1 21 0 20 12 
5 21 2 20 1 19 0 18 12 
5 22 2 21 1 20 0 19 12 
5 23 2 22 1 21 0 20 12 
5 22 2 21 1 20 0 19 12 
5 22 2 21 1 20 0 19 12 
5 22 1 21 0 20 0 19 12 
5 22 2 21 1 20 0 19 12 
5 21 2 20 1 19 0 18 12 
5 23 2 22 1 21 0 20 12 
5 22 2 21 1 20 0 19 12 
5 23 1 22 0 21 0 20 12 
5 22 1 21 0 20 0 19 12 
5 22 2 21 1 20 0 19 12 
5 23 2 22 1 21 0 20 12 
5 23 2 22 1 21 0 20 12 
5 22 2 21 1 20 0 19 12 
5 23 1 22 0 21 0 20 12 
5 22 2 21 1 20 0 19 12 
5 22 2 21 1 20 0 19 12 
5 23 2 22 1 21 0 20 12 
5 23 1 22 0 21 0 20 12 
5 23 2 22 1 21 0 20 12 
5 22 2 21 1 20 0 19 12 
5 22 2 21 1 20 0 19 12 
5 22 2 21 1 20 0 19 12 
5 23 2 22 1 21 0 20 12 
5 22 2 21 1 20 0 19 12 
5 22 2 21 1 20 0 19 12 
5 22 2 21 1 20 0 19 12 
5 21 2 20 1 19 0 18 12 
5 22 2 21 1 20 0 19 12 
5 23 2 22 1 21 0 20 12 
5 23 2 22 1 21 0 20 12 
5 23 2 22 1 21 0 20 12 
5 22 2 21 1 20 0 19 12 
5 22 2 21 0 20 0 19 12 
5 22 1 21 0 20 0 19 12 
5 23 2 22 1 21 0 20 12 
5 22 2 21 1 20 0 19 12 
5 22 2 21 1 20 0 19 12 
5 23 2 22 1 21 0 20 12 
5 22 2 21 1 20 0 19 12 
5 21 2 20 1 19 0 18 12 
5 23 1 22 0 21 0 20 12 
5 23 2 22 1 21 0 20 12 
5 22 2 21 1 20 0 19 12 
5 23 2 22 1 21 0 20 12 
5 23 2 22 1 21 0 20 12 
5 23 2 22 1 21 0 20 12 
5 22 2 21 1 20 0 19 12 
5 22 2 21 1 20 0 19 12 
5 22 2 21 1 20 0 19 12 
5 23 2 22 1 21 0 20 12 
5 23 2 22 1 21 0 20 12 
5 22 2 21 1 20 0 19 12 
5 23 2 22 1 21 0 20 12 
5 23 2 22 1 21 0 20 12 
5 21 2 20 0 19 0 18 12 
5 22 1 21 0 20 0 19 12 
5 21 2 20 1 19 0 18 12 
5 22 2 21 1 20 0 19 12 
5 23 2 22 1 21 0 20 12 
5 23 2 22 1 21 0 20 12 
5 22 2 21 1 20 0 19 12 
5 22 1 21 0 20 0 19 12 
5 21 2 20 1 19 0 18 12 
5 22 2 21 1 20 0 19 12 
5 22 1 21 0 20 0 19 12 
5 23 1 22 0 21 0 20 12 
5 22 2 21 1 20 0 19 12 
5 22 2 21 1 20 0 19 12 
5 22 2 21 1 20 0 19 12 
5 23 2 22 1 21 0 20 12 
SCORES_TXT_END_0
SCORES_TXT_BEGIN_0 41 100 9 BLEU
16 48 2 47 0 46 0 45 32 
16 48 3 47 0 46 0 45 32 
17 48 3 47 0 46 0 45 32 
16 48 3 47 0 46 0 45 32 
16 48 2 47 0 46 0 45 32 
16 48 2 47 0 46 0 45 32 
15 49 2 48 0 47 0 46 32 
16 48 2 47 0 46 0 45 32 
17 48 4 47 0 46 0 45 32 
17 48 3 47 0 46 0 45 32 
16 48 3 47 0 46 0 45 32 
16 48 3 47 0 46 0 45 32 
17 48 4 47 0 46 0 45 32 
16 48 3 47 0 46 0 45 32 
16 48 3 47 0 46 0 45 32 
16 47 2 46 0 45 0 44 32 
15 49 2 48 0 47 0 46 32 
16 48 3 47 0 46 0 45 32 
16 48 3 47 0 46 0 45 32 
16 48 2 47 0 46 0 45 32 
17 48 4 47 0 46 0 45 32 
17 48 3 47 0 46 0 45 32 
16 47 2 46 0 45 0 44 32 
15 49 2 48 0 47 0 46 32 
16 48 3 47 0 46 0 45 32 
15 49 2 48 0 47 0 46 32 
17 48 4 47 0 46 0 45 32 
17 48 4 47 0 46 0 45 32 
16 48 2 47 0 46 0 45 32 
16 48 2 47 0 46 0 45 32 
16 48 3 47 0 46 0 45 32 
15 49 2 48 0 47 0 46 32 
16 47 3 46 0 45 0 44 32 
16 48 2 47 0 46 0 45 32 
16 48 2 47 0 46 0 45 32 
15 49 3 48 0 47 0 46 32 
16 48 1 47 0 46 0 45 32 
16 48 3 47 0 46 0 45 32 
17 47 3 46 0 45 0 44 32 
15 49 2 48 0 47 0 46 32 
16 47 2 46 0 45 0 44 32 
16 47 3 46 0 45 0 44 32 
17 48 4 47 0 46 0 45 32 
16 47 3 46 0 45 0 44 32 
15 49 2 48 0 47 0 46 32 
16 47 2 46 0 45 0 44 32 
17 48 3 47 0 46 0 45 32 
17 48 3 47 0 46 0 45 32 
16 48 3 47 0 46 0 45 32 
15 49 2 48 0 47 0 46 32 
16 48 3 47 0 46 0 45 32 
17 48 4 47 0 46 0 45 32 
17 47 3 46 0 45 0 44 32 
16 48 3 47 0 46 0 45 32 
17 48 4 47 0 46 0 45 32 
16 48 2 47 0 46 0 45 32 
16 48 3 47 0 46 0 45 32 
17 48 4 47 0 46 0 45 32 
16 47 3 46 0 45 0 44 32 
16 48 2 47 0 46 0 45 32 
16 47 2 46 0 45 0 44 32 
15 49 2 48 0 47 0 46 32 
17 48 3 47 0 46 0 45 32 
16 47 2 46 0 45 0 44 32 
16 48 3 47 0 46 0 45 32 
16 48 3 47 0 46 0 45 32 
15 49 2 48 0 47 0 46 32 
16 48 1 47 0 46 0 45 32 
16 48 2 47 0 46 0 45 32 
16 48 3 47 0 46 0 45 32 
15 49 3 48 0 47 0 46 32 
15 48 2 47 0 46 0 45 32 
16 48 2 47 0 46 0 45 32 
16 48 2 47 0 46 0 45 32 
16 47 2 46 0 45 0 44 32 
15 48 1 47 0 46 0 45 32 
17 47 4 46 0 45 0 44 32 
17 47 3 46 0 45 0 44 32 
17 48 3 47 0 46 0 45 32 
16 47 2 46 0 45 0 44 32 
15 49 2 48 0 47 0 46 32 
15 49 2 48 0 47 0 46 32 
16 47 3 46 0 45 0 44 32 
16 47 3 46 0 45 0 44 32 
15 49 2 48 0 47 0 46 32 
16 48 2 47 0 46 0 45 32 
16 48 3 47 0 46 0 45 32 
16 48 3 47 0 46 0 45 32 
15 49 3 48 0 47 0 46 32 
16 47 3 46 0 45 0 44 32 
16 48 2 47 0 46 0 45 32 
17 48 4 47 0 46 0 45 32 
16 48 2 47 0 46 0 45 32 
15 48 2 47 0 46 0 45 32 
17 47 3 46 0 45 0 44 32 
17 47 4 46 0 45 0 44 32 
17 48 3 47 0 46 0 45 32 
16 48 2 47 0 46 0 45 32 
16 48 1 47 0 46 0 45 32 
16 47 2 46 0 45 0 44 32 
SCORES_TXT_END_0
SCORES_TXT_BEGIN_0 42 100 9 BLEU
11 55 2 54 1 53 0 52 25 
10 55 2 54 1 53 0 52 25 
11 55 2 54 1 53 0 52 25 
11 55 2 54 1 53 0 52 25 
10 55 2 54 1 53 0 52 25 
10 55 2 54 1 53 0 52 25 
10 55 2 54 1 53 0 52 25 
10 55 2 54 1 53 0 52 25 
11 55 2 54 1 53 0 52 25 
11 55 2 54 1 53 0 52 25 
11 55 2 54 1 53 0 52 25 
11 55 2 54 1 53 0 52 25 
10 55 2 54 1 53 0 52 25 
10 55 2 54 1 53 0 52 25 
10 55 2 54 1 53 0 52 25 
10 55 2 54 1 53 0 52 25 
10 55 2 54 1 53 0 52 25 
11 55 2 54 1 53 0 52 25 
11 55 2 54 1 53 0 52 25 
10 55 2 54 1 53 0 52 25 
10 55 2 54 1 53 0 52 25 
10 55 2 54 1 53 0 52 25 
10 55 2 54 1 53 0 52 25 
10 55 2 54 1 53 0 52 25 
11 55 2 54 1 53 0 52 25 
10 55 2 54 1 53 0 52 25 
11 55 2 54 1 53 0 52 25 
11 55 2 54 1 53 0 52 25 
11 55 2 54 1 53 0 52 25 
11 55 2 54 1 53 0 52 25 
11 55 2 54 1 53 0 52 25 
10 55 2 54 1 53 0 52 25 
10 55 2 54 1 53 0 52 25 
11 55 2 54 1 53 0 52 25 
11 56 2 55 1 54 0 53 25 
10 55 2 54 1 53 0 52 25 
10 55 2 54 1 53 0 52 25 
10 55 2 54 1 53 0 52 25 
10 55 2 54 1 53 0 52 25 
10 55 2 54 1 53 0 52 25 
11 55 2 54 1 53 0 52 25 
11 55 2 54 1 53 0 52 25 
10 55 2 54 1 53 0 52 25 
10 55 2 54 1 53 0 52 25 
10 55 2 54 1 53 0 52 25 
11 55 2 54 1 53 0 52 25 
11 55 2 54 1 53 0 52 25 
10 55 2 54 1 53 0 52 25 
10 55 2 54 1 53 0 52 25 
10 55 2 54 1 53 0 52 25 
11 55 2 54 1 53 0 52 25 
10 55 2 54 1 53 0 52 25 
10 55 2 54 1 53 0 52 25 
10 55 2 54 1 53 0 52 25 
10 55 2 54 1 53 0 52 25 
10 56 2 55 1 54 0 53 25 
10 55 2 54 1 53 0 52 25 
11 55 2 54 1 53 0 52 25 
11 55 2 54 1 53 0 52 25 
11 55 2 54 1 53 0 52 25 
11 55 2 54 1 53 0 52 25 
10 55 2 54 1 53 0 52 25 
10 55 2 54 1 53 0 52 25 
10 55 2 54 1 53 0 52 25 
11 55 2 54 1 53 0 52 25 
11 55 2 54 1 53 0 52 25 
11 55 2 54 1 53 0 52 25 
10 55 2 54 1 53 0 52 25 
11 55 2 54 1 53 0 52 25 
11 56 2 55 1 54 0 53 25 
10 55 2 54 1 53 0 52 25 
10 55 2 54 1 53 0 52 25 
11 55 2 54 1 53 0 52 25 
10 55 2 54 1 53 0 52 25 
10 55 2 54 1 53 0 52 25 
10 55 2 54 1 53 0 52 25 
10 55 2 54 1 53 0 52 25 
10 55 2 54 1 53 0 52 25 
11 56 2 55 1 54 0 53 25 
10 55 2 54 1 53 0 52 25 
10 56 2 55 1 54 0 53 25 
11 55 2 54 1 53 0 52 25 
10 55 2 54 1 53 0 52 25 
10 55 2 54 1 53 0 52 25 
10 55 2 54 1 53 0 52 25 
11 55 2 54 1 53 0 52 25 
11 55 2 54 1 53 0 52 25 
10 55 2 54 1 53 0 52 25 
10 55 2 54 1 53 0 52 25 
10 55 2 54 1 53 0 52 25 
10 55 2 54 1 53 0 52 25 
11 55 2 54 1 53 0 52 25 
10 55 2 54 1 53 0 52 25 
10 55 2 54 1 53 0 52 25 
11 55 2 54 1 53 0 52 25 
11 55 2 54 1 53 0 52 25 
11 55 2 54 1 53 0 52 25 
11 55 2 54 1 53 0 52 25 
10 55 2 54 1 53 0 52 25 
11 55 2 54 1 53 0 52 25 
SCORES_TXT_END_0
SCORES_TXT_BEGIN_0 43 97 9 BLEU
12 26 3 25 0 24 0 23 23 
12 27 3 26 0 25 0 24 23 
12 26 3 25 0 24 0 23 23 
12 27 3 26 0 25 0 24 23 
12 26 4 25 1 24 0 23 23 
12 26 3 25 0 24 0 23 23 
12 26 4 25 1 24 0 23 23 
12 27 3 26 0 25 0 24 23 
12 26 3 25 0 24 0 23 23 
12 26 3 25 0 24 0 23 23 
12 27 3 26 0 25 0 24 23 
12 27 3 26 0 25 0 24 23 
12 26 3 25 0 24 0 23 23 
12 26 3 25 0 24 0 23 23 
12 27 3 26 0 25 0 24 23 
12 27 3 26 0 25 0 24 23 
12 26 4 25 1 24 0 23 23 
12 26 3 25 0 24 0 23 23 
12 26 4 25 0 24 0 23 23 
12 27 3 26 0 25 0 24 23 
12 27 4 26 0 25 0 24 23 
12 26 4 25 0 24 0 23 23 
12 26 4 25 1 24 0 23 23 
12 26 4 25 1 24 0 23 23 
12 26 4 25 0 24 0 23 23 
12 26 3 25 0 24 0 23 23 
12 27 4 26 0 25 0 24 23 
12 26 3 25 0 24 0 23 23 
12 26 4 25 1 24 0 23 23 
12 26 3 25 0 24 0 23 23 
12 27 4 26 0 25 0 24 23 
12 26 4 25 1 24 0 23 23 
12 27 3 26 0 25 0 24 23 
12 26 3 25 0 24 0 23 23 
12 26 3 25 0 24 0 23 23 
12 27 3 26 0 25 0 24 23 
12 26 3 25 0 24 0 23 23 
12 26 3 25 0 24 0 23 23 
12 26 4 25 1 24 0 23 23 
12 26 3 25 0 24 0 23 23 
12 26 5 25 1 24 0 23 23 
12 26 3 25 0 24 0 23 23 
12 27 3 26 0 25 0 24 23 
12 26 4 25 0 24 0 23 23 
12 27 3 26 0 25 0 24 23 
12 26 3 25 0 24 0 23 23 
12 27 3 26 0 25 0 24 23 
12 26 5 25 1 24 0 23 23 
12 27 3 26 0 25 0 24 23 
12 26 3 25 0 24 0 23 23 
12 26 3 25 0 24 0 23 23 
12 27 3 26 0 25 0 24 23 
12 27 4 26 0 25 0 24 23 
12 26 3 25 0 24 0 23 23 
12 26 4 25 0 24 0 23 23 
12 27 3 26 0 25 0 24 23 
12 26 3 25 0 24 0 23 23 
12 26 5 25 1 24 0 23 23 
12 27 3 26 0 25 0 24 23 
12 27 3 26 0 25 0 24 23 
12 27 3 26 0 25 0 24 23 
12 27 4 26 0 25 0 24 23 
12 27 3 26 0 25 0 24 23 
12 26 4 25 0 24 0 23 23 
12 26 4 25 1 24 0 23 23 
12 26 4 25 0 24 0 23 23 
12 26 3 25 0 24 0 23 23 
12 26 3 25 0 24 0 23 23 
12 26 3 25 0 24 0 23 23 
12 26 4 25 0 24 0 23 23 
12 27 4 26 1 25 0 24 23 
12 26 3 25 0 24 0 23 23 
12 26 4 25 0 24 0 23 23 
12 26 4 25 0 24 0 23 23 
12 26 4 25 0 24 0 23 23 
12 26 3 25 0 24 0 23 23 
12 26 3 25 0 24 0 23 23 
13 26 4 25 0 24 0 23 23 
12 27 4 26 0 25 0 24 23 
12 27 4 26 0 25 0 24 23 
12 27 3 26 0 25 0 24 23 
12 26 4 25 0 24 0 23 23 
12 26 3 25 0 24 0 23 23 
12 27 3 26 0 25 0 24 23 
12 26 3 25 0 24 0 23 23 
12 27 4 26 0 25 0 24 23 
12 26 4 25 1 24 0 23 23 
12 26 4 25 1 24 0 23 23 
12 27 3 26 0 25 0 24 23 
12 27 4 26 0 25 0 24 23 
13 26 4 25 0 24 0 23 23 
12 27 4 26 0 25 0 24 23 
12 27 4 26 0 25 0 24 23 
12 27 3 26 0 25 0 24 23 
12 26 3 25 0 24 0 23 23 
13 27 4 26 0 25 0 24 23 
12 26 4 25 1 24 0 23 23 
SCORES_TXT_END_0
SCORES_TXT_BEGIN_0 44 100 9 BLEU
19 51 4 50 0 49 0 48 46 
18 51 5 50 0 49 0 48 46 
19 51 4 50 0 49 0 48 46 
18 51 4 50 0 49 0 48 46 
18 51 5 50 0 49 0 48 46 
19 51 4 50 0 49 0 48 46 
18 51 5 50 0 49 0 48 46 
19 51 4 50 0 49 0 48 46 
18 51 4 50 0 49 0 48 46 
18 51 5 50 0 49 0 48 46 
18 51 4 50 0 49 0 48 46 
19 51 4 50 0 49 0 48 46 
19 51 5 50 0 49 0 48 46 
18 51 4 50 0 49 0 48 46 
19 51 4 50 0 49 0 48 46 
18 51 5 50 0 49 0 48 46 
18 51 5 50 0 49 0 48 46 
19 51 4 50 0 49 0 48 46 
19 51 4 50 0 49 0 48 46 
19 51 4 50 0 49 0 48 46 
18 51 4 50 0 49 0 48 46 
18 51 5 50 0 49 0 48 46 
18 51 5 50 0 49 0 48 46 
18 51 4 50 0 49 0 48 46 
18 51 5 50 0 49 0 48 46 
19 51 4 50 0 49 0 48 46 
19 51 4 50 0 49 0 48 46 
18 51 4 50 0 49 0 48 46 
18 50 5 49 0 48 0 47 46 
19 51 4 50 0 49 0 48 46 
20 51 4 50 0 49 0 48 46 
18 51 5 50 0 49 0 48 46 
19 51 5 50 0 49 0 48 46 
18 51 5 50 0 49 0 48 46 
18 51 4 50 0 49 0 48 46 
19 51 5 50 0 49 0 48 46 
19 51 4 50 0 49 0 48 46 
19 50 4 49 0 48 0 47 46 
19 50 4 49 0 48 0 47 46 
18 51 4 50 0 49 0 48 46 
18 51 5 50 0 49 0 48 46 
18 51 5 50 0 49 0 48 46 
19 51 5 50 0 49 0 48 46 
18 50 5 49 0 48 0 47 46 
18 51 4 50 0 49 0 48 46 
19 51 4 50 0 49 0 48 46 
19 51 4 50 0 49 0 48 46 
19 51 4 50 0 49 0 48 46 
18 51 4 50 0 49 0 48 46 
18 51 4 50 0 49 0 48 46 
18 51 4 50 0 49 0 48 46 
18 51 5 50 0 49 0 48 46 
18 51 5 50 0 49 0 48 46 
18 51 5 50 0 49 0 48 46 
19 51 4 50 0 49 0 48 46 
19 51 4 50 0 49 0 48 46 
19 51 4 50 0 49 0 48 46 
19 51 5 50 0 49 0 48 46 
19 51 4 50 0 49 0 48 46 
19 51 4 50 0 49 0 48 46 
18 50 4 49 0 48 0 47 46 
18 51 4 50 0 49 0 48 46 
19 51 4 50 0 49 0 48 46 
18 51 4 50 0 49 0 48 46 
18 51 5 50 0 49 0 48 46 
18 51 5 50 0 49 0 48 46 
18 51 4 50 0 49 0 48 46 
18 50 5 49 0 48 0 47 46 
19 51 4 50 0 49 0 48 46 
20 51 4 50 0 49 0 48 46 
18 51 5 50 0 49 0 48 46 
18 51 5 50 0 49 0 48 46 
18 51 4 50 0 49 0 48 46 
19 51 4 50 0 49 0 48 46 
18 51 4 50 0 49 0 48 46 
18 51 5 50 0 49 0 48 46 
18 51 5 50 0 49 0 48 46 
19 51 5 50 0 49 0 48 46 
19 51 4 50 0 49 0 48 46 
19 50 4 49 0 48 0 47 46 
19 51 4 50 0 49 0 48 46 
19 50 4 49 0 48 0 47 46 
18 50 5 49 0 48 0 47 46 
20 51 4 50 0 49 0 48 46 
18 51 4 50 0 49 0 48 46 
18 51 5 50 0 49 0 48 46 
18 50 4 49 0 48 0 47 46 
19 51 5 50 0 49 0 48 46 
18 51 4 50 0 49 0 48 46 
18 50 5 49 0 48 0 47 46 
18 51 4 50 0 49 0 48 46 
18 51 5 50 0 49 0 48 46 
18 51 4 50 0 49 0 48 46 
19 51 4 50 0 49 0 48 46 
19 51 5 50 0 49 0 48 46 
19 51 4 50 0 49 0 48 46 
19 51 5 50 0 49 0 48 46 
19 50 4 49 0 48 0 47 46 
19 50 4 49 0 48 0 47 46 
18 51 4 50 0 49 0 48 46 
SCORES_TXT_END_0
SCORES_TXT_BEGIN_0 45 100 9 BLEU
7 45 1 44 0 43 0 42 13 
7 45 1 44 0 43 0 42 13 
7 45 1 44 0 43 0 42 13 
7 45 1 44 0 43 0 42 13 
7 45 1 44 0 43 0 42 13 
7 45 1 44 0 43 0 42 13 
7 45 1 44 0 43 0 42 13 
7 45 1 44 0 43 0 42 13 
7 45 1 44 0 43 0 42 13 
7 45 1 44 0 43 0 42 13 
7 45 1 44 0 43 0 42 13 
7 45 1 44 0 43 0 42 13 
7 45 1 44 0 43 0 42 13 
7 45 1 44 0 43 0 42 13 
7 45 1 44 0 43 0 42 13 
7 45 1 44 0 43 0 42 13 
7 45 1 44 0 43 0 42 13 
7 45 1 44 0 43 0 42 13 
7 45 1 44 0 43 0 42 13 
7 45 1 44 0 43 0 42 13 
7 45 1 44 0 43 0 42 13 
7 45 1 44 0 43 0 42 13 
7 45 1 44 0 43 0 42 13 
7 45 1 44 0 43 0 42 13 
7 45 1 44 0 43 0 42 13 
7 45 1 44 0 43 0 42 13 
7 45 1 44 0 43 0 42 13 
7 45 1 44 0 43 0 42 13 
7 45 1 44 0 43 0 42 13 
7 45 1 44 0 43 0 42 13 
7 45 1 44 0 43 0 42 13 
7 45 1 44 0 43 0 42 13 
7 45 1 44 0 43 0 42 13 
7 45 1 44 0 43 0 42 13 
7 45 1 44 0 43 0 42 13 
7 45 1 44 0 43 0 42 13 
7 45 1 44 0 43 0 42 13 
7 45 1 44 0 43 0 42 13 
7 45 1 44 0 43 0 42 13 
7 45 1 44 0 43 0 42 13 
7 45 1 44 0 43 0 42 13 
7 45 1 44 0 43 0 42 13 
7 45 1 44 0 43 0 42 13 
7 45 1 44 0 43 0 42 13 
7 45 1 44 0 43 0 42 13 
7 45 1 44 0 43 0 42 13 
7 45 1 44 0 43 0 42 13 
7 45 1 44 0 43 0 42 13 
7 45 1 44 0 43 0 42 13 
7 45 1 44 0 43 0 42 13 
7 45 1 44 0 43 0 42 13 
7 45 1 44 0 43 0 42 13 
7 45 1 44 0 43 0 42 13 
7 45 1 44 0 43 0 42 13 
7 45 1 44 0 43 0 42 13 
7 45 1 44 0 43 0 42 13 
7 45 1 44 0 43 0 42 13 
7 45 1 44 0 43 0 42 13 
7 45 1 44 0 43 0 42 13 
7 45 1 44 0 43 0 42 13 
7 45 1 44 0 43 0 42 13 
7 46 1 45 0 44 0 43 13 
7 45 1 44 0 43 0 42 13 
7 45 1 44 0 43 0 42 13 
7 45 1 44 0 43 0 42 13 
7 45 1 44 0 43 0 42 13 
7 45 1 44 0 43 0 42 13 
7 45 1 44 0 43 0 42 13 
7 46 1 45 0 44 0 43 13 
7 45 1 44 0 43 0 42 13 
7 45 1 44 0 43 0 42 13 
7 45 1 44 0 43 0 42 13 
7 45 1 44 0 43 0 42 13 
7 45 1 44 0 43 0 42 13 
7 45 1 44 0 43 0 42 13 
7 45 1 44 0 43 0 42 13 
7 45 1 44 0 43 0 42 13 
7 45 1 44 0 43 0 42 13 
7 45 1 44 0 43 0 42 13 
7 45 1 44 0 43 0 42 13 
7 45 1 44 0 43 0 42 13 
7 45 1 44 0 43 0 42 13 
7 45 1 44 0 43 0 42 13 
7 46 1 45 0 44 0 43 13 
7 45 1 44 0 43 0 42 13 
7 45 1 44 0 43 0 42 13 
7 45 1 44 0 43 0 42 13 
7 45 1 44 0 43 0 42 13 
7 45 1 44 0 43 0 42 13 
7 45 1 44 0 43 0 42 13 
7 46 1 45 0 44 0 43 13 
7 46 1 45 0 44 0 43 13 
7 45 1 44 0 43 0 42 13 
7 45 1 44 0 43 0 42 13 
7 45 1 44 0 43 0 42 13 
7 45 1 44 0 43 0 42 13 
7 45 1 44 0 43 0 42 13 
7 45 1 44 0 43 0 42 13 
7 46 1 45 0 44 0 43 13 
7 45 1 44 0 43 0 42 13 
SCORES_TXT_END_0
SCORES_TXT_BEGIN_0 46 83 9 BLEU
9 34 1 33 0 32 0 31 23 
8 35 1 34 0 33 0 32 23 
9 34 1 33 0 32 0 31 23 
8 35 1 34 0 33 0 32 23 
9 34 1 33 0 32 0 31 23 
9 34 1 33 0 32 0 31 23 
8 35 1 34 0 33 0 32 23 
8 35 1 34 0 33 0 32 23 
9 34 1 33 0 32 0 31 23 
9 34 1 33 0 32 0 31 23 
8 35 1 34 0 33 0 32 23 
8 35 1 34 0 33 0 32 23 
9 34 1 33 0 32 0 31 23 
8 35 1 34 0 33 0 32 23 
9 34 1 33 0 32 0 31 23 
8 35 1 34 0 33 0 32 23 
9 34 1 33 0 32 0 31 23 
8 35 1 34 0 33 0 32 23 
8 35 1 34 0 33 0 32 23 
9 34 1 33 0 32 0 31 23 
8 35 1 34 0 33 0 32 23 
9 34 1 33 0 32 0 31 23 
9 34 1 33 0 32 0 31 23 
8 35 1 34 0 33 0 32 23 
9 34 1 33 0 32 0 31 23 
8 35 1 34 0 33 0 32 23 
8 35 1 34 0 33 0 32 23 
8 35 1 34 0 33 0 32 23 
9 34 1 33 0 32 0 31 23 
9 34 1 33 0 32 0 31 23 
8 35 1 34 0 33 0 32 23 
8 35 1 34 0 33 0 32 23 
8 35 1 34 0 33 0 32 23 
8 35 1 34 0 33 0 32 23 
9 34 1 33 0 32 0 31 23 
9 34 1 33 0 32 0 31 23 
8 35 1 34 0 33 0 32 23 
8 35 1 34 0 33 0 32 23 
8 35 1 34 0 33 0 32 23 
8 35 1 34 0 33 0 32 23 
9 34 1 33 0 32 0 31 23 
8 35 1 34 0 33 0 32 23 
8 35 1 34 0 33 0 32 23 
8 35 1 34 0 33 0 32 23 
8 35 1 34 0 33 0 32 23 
8 35 1 34 0 33 0 32 23 
9 34 1 33 0 32 0 31 23 
8 34 1 33 0 32 0 31 23 
9 34 1 33 0 32 0 31 23 
9 34 1 33 0 32 0 31 23 
8 35 1 34 0 33 0 32 23 
8 35 1 34 0 33 0 32 23 
8 35 1 34 0 33 0 32 23 
9 34 1 33 0 32 0 31 23 
9 34 1 33 0 32 0 31 23 
8 35 1 34 0 33 0 32 23 
8 35 1 34 0 33 0 32 23 
8 35 1 34 0 33 0 32 23 
9 34 1 33 0 32 0 31 23 
9 34 1 33 0 32 0 31 23 
8 35 1 34 0 33 0 32 23 
8 35 1 34 0 33 0 32 23 
8 35 1 34 0 33 0 32 23 
8 35 1 34 0 33 0 32 23 
9 34 1 33 0 32 0 31 23 
8 35 1 34 0 33 0 32 23 
8 35 1 34 0 33 0 32 23 
8 35 1 34 0 33 0 32 23 
8 35 1 34 0 33 0 32 23 
8 35 1 34 0 33 0 32 23 
9 34 1 33 0 32 0 31 23 
9 34 1 33 0 32 0 31 23 
9 34 1 33 0 32 0 31 23 
9 34 1 33 0 32 0 31 23 
8 35 1 34 0 33 0 32 23 
8 35 1 34 0 33 0 32 23 
9 34 1 33 0 32 0 31 23 
8 35 1 34 0 33 0 32 23 
8 35 1 34 0 33 0 32 23 
8 35 1 34 0 33 0 32 23 
8 35 1 34 0 33 0 32 23 
9 34 1 33 0 32 0 31 23 
8 35 1 34 0 33 0 32 23 
SCORES_TXT_END_0
SCORES_TXT_BEGIN_0 47 100 9 BLEU
11 62 0 61 0 60 0 59 30 
11 62 0 61 0 60 0 59 30 
11 62 0 61 0 60 0 59 30 
11 63 0 62 0 61 0 60 30 
11 62 0 61 0 60 0 59 30 
11 62 0 61 0 60 0 59 30 
11 62 0 61 0 60 0 59 30 
11 62 0 61 0 60 0 59 30 
11 63 0 62 0 61 0 60 30 
11 63 0 62 0 61 0 60 30 
11 62 0 61 0 60 0 59 30 
11 62 0 61 0 60 0 59 30 
11 62 0 61 0 60 0 59 30 
11 63 0 62 0 61 0 60 30 
11 62 0 61 0 60 0 59 30 
11 62 0 61 0 60 0 59 30 
11 62 0 61 0 60 0 59 30 
11 62 0 61 0 60 0 59 30 
11 63 0 62 0 61 0 60 30 
11 63 0 62 0 61 0 60 30 
11 63 0 62 0 61 0 60 30 
11 62 0 61 0 60 0 59 30 
11 62 0 61 0 60 0 59 30 
11 62 0 61 0 60 0 59 30 
11 63 0 62 0 61 0 60 30 
11 63 0 62 0 61 0 60 30 
11 62 0 61 0 60 0 59 30 
11 62 0 61 0 60 0 59 30 
11 63 0 62 0 61 0 60 30 
11 62 0 61 0 60 0 59 30 
11 63 0 62 0 61 0 60 30 
11 63 0 62 0 61 0 60 30 
11 63 0 62 0 61 0 60 30 
11 63 0 62 0 61 0 60 30 
11 62 0 61 0 60 0 59 30 
11 62 0 61 0 60 0 59 30 
11 62 0 61 0 60 0 59 30 
11 63 0 62 0 61 0 60 30 
11 62 0 61 0 60 0 59 30 
11 63 0 62 0 61 0 60 30 
11 62 0 61 0 60 0 59 30 
11 62 0 61 0 60 0 59 30 
11 62 0 61 0 60 0 59 30 
11 62 0 61 0 60 0 59 30 
11 62 0 61 0 60 0 59 30 
11 63 0 62 0 61 0 60 30 
11 62 0 61 0 60 0 59 30 
11 62 0 61 0 60 0 59 30 
11 63 0 62 0 61 0 60 30 
11 63 0 62 0 61 0 60 30 
11 63 0 62 0 61 0 60 30 
11 62 0 61 0 60 0 59 30 
11 62 0 61 0 60 0 59 30 
11 62 0 61 0 60 0 59 30 
11 62 0 61 0 60 0 59 30 
11 62 0 61 0 60 0 59 30 
11 62 0 61 0 60 0 59 30 
11 63 0 62 0 61 0 60 30 
11 63 0 62 0 61 0 60 30 
11 62 0 61 0 60 0 59 30 
11 62 0 61 0 60 0 59 30 
11 62 0 61 0 60 0 59 30 
11 62 0 61 0 60 0 59 30 
11 62 0 61 0 60 0 59 30 
11 63 0 62 0 61 0 60 30 
11 62 0 61 0 60 0 59 30 
11 62 0 61 0 60 0 59 30 
11 63 0 62 0 61 0 60 30 
11 63 1 62 0 61 0 60 30 
11 62 0 61 0 60 0 59 30 
11 62 0 61 0 60 0 59 30 
11 62 0 61 0 60 0 59 30 
11 62 0 61 0 60 0 59 30 
11 63 0 62 0 61 0 60 30 
11 63 0 62 0 61 0 60 30 
11 62 0 61 0 60 0 59 30 
11 62 0 61 0 60 0 59 30 
11 63 0 62 0 61 0 60 30 
11 63 0 62 0 61 0 60 30 
11 63 0 62 0 61 0 60 30 
11 63 0 62 0 61 0 60 30 
11 63 0 62 0 61 0 60 30 
11 63 0 62 0 61 0 60 30 
11 62 0 61 0 60 0 59 30 
11 63 0 62 0 61 0 60 30 
11 62 0 61 0 60 0 59 30 
11 62 0 61 0 60 0 59 30 
11 62 0 61 0 60 0 59 30 
11 62 0 61 0 60 0 59 30 
11 62 0 61 0 60 0 59 30 
11 62 0 61 0 60 0 59 30 
11 62 0 61 0 60 0 59 30 
11 62 0 61 0 60 0 59 30 
11 62 0 61 0 60 0 59 30 
11 63 0 62 0 61 0 60 30 
11 62 0 61 0 60 0 59 30 
11 62 0 61 0 60 0 59 30 
11 62 0 61 0 60 0 59 30 
11 62 0 61 0 60 0 59 30 
11 62 0 61 0 60 0 59 30 
SCORES_TXT_END_0
SCORES_TXT_BEGIN_0 48 89 9 BLEU
6 24 1 23 0 22 0 21 22 
6 24 1 23 0 22 0 21 22 
6 24 1 23 0 22 0 21 22 
6 24 1 23 0 22 0 21 22 
6 24 1 23 0 22 0 21 22 
6 24 1 23 0 22 0 21 22 
6 24 1 23 0 22 0 21 22 
6 24 1 23 0 22 0 21 22 
6 24 0 23 0 22 0 21 22 
6 24 0 23 0 22 0 21 22 
6 24 1 23 0 22 0 21 22 
6 24 1 23 0 22 0 21 22 
6 24 1 23 0 22 0 21 22 
6 24 1 23 0 22 0 21 22 
6 24 1 23 0 22 0 21 22 
6 24 1 23 0 22 0 21 22 
6 24 1 23 0 22 0 21 22 
6 24 1 23 0 22 0 21 22 
6 24 1 23 0 22 0 21 22 
6 24 1 23 0 22 0 21 22 
6 24 1 23 0 22 0 21 22 
6 24 1 23 0 22 0 21 22 
6 24 1 23 0 22 0 21 22 
6 24 1 23 0 22 0 21 22 
6 24 1 23 0 22 0 21 22 
6 24 1 23 0 22 0 21 22 
6 24 1 23 0 22 0 21 22 
6 24 1 23 0 22 0 21 22 
6 24 1 23 0 22 0 21 22 
6 24 1 23 0 22 0 21 22 
6 24 1 23 0 22 0 21 22 
6 24 1 23 0 22 0 21 22 
6 24 1 23 0 22 0 21 22 
6 24 1 23 0 22 0 21 22 
6 24 1 23 0 22 0 21 22 
6 24 1 23 0 22 0 21 22 
6 24 1 23 0 22 0 21 22 
6 24 1 23 0 22 0 21 22 
6 24 1 23 0 22 0 21 22 
6 24 1 23 0 22 0 21 22 
6 24 0 23 0 22 0 21 22 
6 24 1 23 0 22 0 21 22 
6 24 0 23 0 22 0 21 22 
6 24 1 23 0 22 0 21 22 
6 24 0 23 0 22 0 21 22 
6 24 1 23 0 22 0 21 22 
6 24 1 23 0 22 0 21 22 
6 24 1 23 0 22 0 21 22 
6 24 1 23 0 22 0 21 22 
6 24 1 23 0 22 0 21 22 
6 24 0 23 0 22 0 21 22 
6 24 1 23 0 22 0 21 22 
6 24 1 23 0 22 0 21 22 
6 24 1 23 0 22 0 21 22 
6 24 1 23 0 22 0 21 22 
6 24 1 23 0 22 0 21 22 
6 24 1 23 0 22 0 21 22 
6 24 1 23 0 22 0 21 22 
7 24 1 23 0 22 0 21 22 
6 24 1 23 0 22 0 21 22 
6 24 1 23 0 22 0 21 22 
7 24 1 23 0 22 0 21 22 
6 24 1 23 0 22 0 21 22 
6 24 0 23 0 22 0 21 22 
6 24 1 23 0 22 0 21 22 
6 24 0 23 0 22 0 21 22 
6 24 1 23 0 22 0 21 22 
6 24 0 23 0 22 0 21 22 
6 24 1 23 0 22 0 21 22 
6 24 1 23 0 22 0 21 22 
6 24 1 23 0 22 0 21 22 
6 24 1 23 0 22 0 21 22 
6 24 1 23 0 22 0 21 22 
6 24 1 23 0 22 0 21 22 
6 24 1 23 0 22 0 21 22 
6 24 1 23 0 22 0 21 22 
6 24 1 23 0 22 0 21 22 
6 24 1 23 0 22 0 21 22 
6 24 1 23 0 22 0 21 22 
6 24 1 23 0 22 0 21 22 
6 24 1 23 0 22 0 21 22 
6 24 1 23 0 22 0 21 22 
6 24 1 23 0 22 0 21 22 
6 24 1 23 0 22 0 21 22 
6 24 1 23 0 22 0 21 22 
6 24 1 23 0 22 0 21 22 
6 24 1 23 0 22 0 21 22 
6 24 1 23 0 22 0 21 22 
6 24 1 23 0 22 0 21 22 
SCORES_TXT_END_0
SCORES_TXT_BEGIN_0 49 100 9 BLEU
15 32 3 31 0 30 0 29 43 
15 32 4 31 0 30 0 29 43 
14 32 3 31 0 30 0 29 43 
15 32 3 31 0 30 0 29 43 
15 32 3 31 0 30 0 29 43 
15 32 3 31 0 30 0 29 43 
15 32 4 31 0 30 0 29 43 
15 32 4 31 0 30 0 29 43 
15 32 3 31 0 30 0 29 43 
16 32 3 31 0 30 0 29 43 
15 32 3 31 0 30 0 29 43 
15 32 3 31 0 30 0 29 43 
15 32 3 31 0 30 0 29 43 
15 32 3 31 0 30 0 29 43 
15 32 4 31 0 30 0 29 43 
16 32 3 31 0 30 0 29 43 
15 32 3 31 0 30 0 29 43 
16 32 3 31 0 30 0 29 43 
16 32 3 31 0 30 0 29 43 
15 32 3 31 0 30 0 29 43 
15 32 4 31 0 30 0 29 43 
14 32 3 31 0 30 0 29 43 
16 32 4 31 0 30 0 29 43 
15 32 3 31 0 30 0 29 43 
15 32 4 31 0 30 0 29 43 
15 32 4 31 0 30 0 29 43 
15 32 3 31 0 30 0 29 43 
16 32 3 31 0 30 0 29 43 
15 32 4 31 0 30 0 29 43 
15 32 4 31 0 30 0 29 43 
16 32 3 31 0 30 0 29 43 
16 32 3 31 0 30 0 29 43 
16 32 4 31 0 30 0 29 43 
15 33 4 32 0 31 0 30 43 
14 32 3 31 0 30 0 29 43 
16 32 4 31 0 30 0 29 43 
15 32 3 31 0 30 0 29 43 
16 32 4 31 0 30 0 29 43 
15 32 3 31 0 30 0 29 43 
15 32 4 31 0 30 0 29 43 
16 32 3 31 0 30 0 29 43 
15 33 3 32 0 31 0 30 43 
15 32 3 31 0 30 0 29 43 
14 32 3 31 0 30 0 29 43 
15 32 4 31 0 30 0 29 43 
15 32 3 31 0 30 0 29 43 
16 32 3 31 0 30 0 29 43 
15 32 3 31 0 30 0 29 43 
16 32 4 31 0 30 0 29 43 
15 32 3 31 0 30 0 29 43 
14 32 3 31 0 30 0 29 43 
14 32 3 31 0 30 0 29 43 
15 32 3 31 0 30 0 29 43 
16 32 3 31 0 30 0 29 43 
16 32 3 31 0 30 0 29 43 
15 32 3 31 0 30 0 29 43 
16 32 4 31 0 30 0 29 43 
16 32 4 31 0 30 0 29 43 
15 33 4 32 0 31 0 30 43 
15 32 3 31 0 30 0 29 43 
15 32 3 31 0 30 0 29 43 
15 32 3 31 0 30 0 29 43 
15 32 4 31 0 30 0 29 43 
14 32 3 31 0 30 0 29 43 
15 32 3 31 0 30 0 29 43 
15 32 3 31 0 30 0 29 43 
15 32 3 31 0 30 0 29 43 
15 32 3 31 0 30 0 29 43 
15 32 4 31 0 30 0 29 43 
15 32 3 31 0 30 0 29 43 
15 32 4 31 0 30 0 29 43 
15 32 3 31 0 30 0 29 43 
15 32 4 31 0 30 0 29 43 
15 32 3 31 0 30 0 29 43 
15 32 4 31 0 30 0 29 43 
15 32 3 31 0 30 0 29 43 
16 32 3 31 0 30 0 29 43 
16 32 3 31 0 30 0 29 43 
16 32 4 31 0 30 0 29 43 
15 32 3 31 0 30 0 29 43 
15 32 3 31 0 30 0 29 43 
15 33 4 32 0 31 0 30 43 
15 33 3 32 0 31 0 30 43 
14 32 3 31 0 30 0 29 43 
16 32 3 31 0 30 0 29 43 
16 32 3 31 0 30 0 29 43 
16 32 3 31 0 30 0 29 43 
15 32 3 31 0 30 0 29 43 
16 32 3 31 0 30 0 29 43 
15 32 4 31 0 30 0 29 43 
15 32 4 31 0 30 0 29 43 
16 32 4 31 0 30 0 29 43 
15 32 3 31 0 30 0 29 43 
16 33 4 32 0 31 0 30 43 
14 32 3 31 0 30 0 29 43 
16 32 3 31 0 30 0 29 43 
15 32 4 31 0 30 0 29 43 
15 32 3 31 0 30 0 29 43 
15 32 3 31 0 30 0 29 43 
16 32 4 31 0 30 0 29 43 
SCORES_TXT_END_0
SCORES_TXT_BEGIN_0 50 100 9 BLEU
12 59 3 58 0 57 0 56 23 
12 59 3 58 0 57 0 56 23 
12 59 4 58 0 57 0 56 23 
12 59 2 58 0 57 0 56 23 
12 59 4 58 0 57 0 56 23 
12 59 2 58 0 57 0 56 23 
12 59 2 58 0 57 0 56 23 
12 59 3 58 0 57 0 56 23 
12 59 2 58 0 57 0 56 23 
12 59 2 58 0 57 0 56 23 
12 59 3 58 0 57 0 56 23 
12 59 2 58 0 57 0 56 23 
12 59 3 58 0 57 0 56 23 
12 59 4 58 0 57 0 56 23 
12 59 2 58 0 57 0 56 23 
12 59 3 58 0 57 0 56 23 
12 58 3 57 0 56 0 55 23 
12 59 4 58 0 57 0 56 23 
12 59 2 58 0 57 0 56 23 
13 59 3 58 0 57 0 56 23 
12 59 3 58 0 57 0 56 23 
12 59 4 58 0 57 0 56 23 
12 58 3 57 0 56 0 55 23 
13 59 3 58 0 57 0 56 23 
12 59 3 58 0 57 0 56 23 
12 59 2 58 0 57 0 56 23 
12 59 4 58 0 57 0 56 23 
12 59 2 58 0 57 0 56 23 
12 59 4 58 0 57 0 56 23 
12 59 2 58 0 57 0 56 23 
12 59 4 58 0 57 0 56 23 
12 59 2 58 0 57 0 56 23 
12 59 2 58 0 57 0 56 23 
12 59 2 58 0 57 0 56 23 
12 59 2 58 0 57 0 56 23 
12 58 4 57 0 56 0 55 23 
12 58 2 57 0 56 0 55 23 
12 59 2 58 0 57 0 56 23 
13 59 4 58 0 57 0 56 23 
12 59 4 58 0 57 0 56 23 
13 59 2 58 0 57 0 56 23 
12 59 2 58 0 57 0 56 23 
12 59 3 58 0 57 0 56 23 
12 59 5 58 0 57 0 56 23 
12 59 3 58 0 57 0 56 23 
12 59 2 58 0 57 0 56 23 
12 58 4 57 0 56 0 55 23 
12 58 2 57 0 56 0 55 23 
12 59 2 58 0 57 0 56 23 
12 59 3 58 0 57 0 56 23 
12 59 2 58 0 57 0 56 23 
13 59 4 58 0 57 0 56 23 
12 59 4 58 0 57 0 56 23 
13 59 2 58 0 57 0 56 23 
12 59 2 58 0 57 0 56 23 
12 59 3 58 0 57 0 56 23 
12 59 2 58 0 57 0 56 23 
12 59 2 58 0 57 0 56 23 
12 59 3 58 0 57 0 56 23 
12 59 3 58 0 57 0 56 23 
12 59 5 58 0 57 0 56 23 
12 59 4 58 0 57 0 56 23 
12 59 3 58 0 57 0 56 23 
12 59 3 58 0 57 0 56 23 
12 59 2 58 0 57 0 56 23 
12 59 3 58 0 57 0 56 23 
12 59 4 58 0 57 0 56 23 
12 58 2 57 0 56 0 55 23 
12 58 3 57 0 56 0 55 23 
13 59 2 58 0 57 0 56 23 
12 59 2 58 0 57 0 56 23 
13 59 3 58 0 57 0 56 23 
12 59 3 58 0 57 0 56 23 
12 58 2 57 0 56 0 55 23 
12 59 4 58 0 57 0 56 23 
12 59 3 58 0 57 0 56 23 
13 59 2 58 0 57 0 56 23 
12 59 2 58 0 57 0 56 23 
12 59 3 58 0 57 0 56 23 
12 59 3 58 0 57 0 56 23 
12 59 4 58 0 57 0 56 23 
12 59 4 58 0 57 0 56 23 
12 58 2 57 0 56 0 55 23 
12 58 3 57 0 56 0 55 23 
12 59 3 58 0 57 0 56 23 
12 59 3 58 0 57 0 56 23 
13 59 2 58 0 57 0 56 23 
12 59 2 58 0 57 0 56 23 
13 59 3 58 0 57 0 56 23 
12 59 3 58 0 57 0 56 23 
12 59 4 58 0 57 0 56 23 
12 59 2 58 0 57 0 56 23 
12 59 3 58 0 57 0 56 23 
12 59 3 58 0 57 0 56 23 
12 58 2 57 0 56 0 55 23 
12 59 4 58 0 57 0 56 23 
12 59 2 58 0 57 0 56 23 
13 59 2 58 0 57 0 56 23 
12 59 2 58 0 57 0 56 23 
12 59 3 58 0 57 0 56 23 
SCORES_TXT_END_0
SCORES_TXT_BEGIN_0 51 100 9 BLEU
5 19 3 18 2 17 1 16 12 
5 19 3 18 2 17 1 16 12 
5 19 0 18 0 17 0 16 12 
5 19 3 18 2 17 1 16 12 
5 19 0 18 0 17 0 16 12 
5 19 3 18 2 17 1 16 12 
5 19 0 18 0 17 0 16 12 
5 19 3 18 2 17 1 16 12 
5 19 1 18 0 17 0 16 12 
5 19 3 18 2 17 1 16 12 
5 19 3 18 2 17 1 16 12 
5 19 0 18 0 17 0 16 12 
5 19 3 18 2 17 1 16 12 
5 19 1 18 0 17 0 16 12 
5 19 3 18 2 17 1 16 12 
5 20 3 19 2 18 1 17 12 
5 19 0 18 0 17 0 16 12 
5 19 3 18 2 17 1 16 12 
5 19 3 18 2 17 1 16 12 
5 19 0 18 0 17 0 16 12 
5 19 3 18 2 17 1 16 12 
5 20 3 19 2 18 1 17 12 
5 19 3 18 2 17 1 16 12 
5 19 3 18 2 17 1 16 12 
5 19 0 18 0 17 0 16 12 
5 19 3 18 2 17 1 16 12 
5 19 0 18 0 17 0 16 12 
5 19 0 18 0 17 0 16 12 
5 19 3 18 2 17 1 16 12 
5 19 1 18 0 17 0 16 12 
5 19 0 18 0 17 0 16 12 
5 19 3 18 2 17 1 16 12 
5 20 0 19 0 18 0 17 12 
5 19 0 18 0 17 0 16 12 
5 19 0 18 0 17 0 16 12 
5 19 3 18 2 17 1 16 12 
5 19 3 18 2 17 1 16 12 
5 19 1 18 0 17 0 16 12 
5 19 0 18 0 17 0 16 12 
5 19 0 18 0 17 0 16 12 
5 19 0 18 0 17 0 16 12 
5 19 3 18 2 17 1 16 12 
5 19 1 18 0 17 0 16 12 
5 19 3 18 2 17 1 16 12 
5 19 0 18 0 17 0 16 12 
5 19 0 18 0 17 0 16 12 
5 20 0 19 0 18 0 17 12 
5 19 3 18 2 17 1 16 12 
5 19 3 18 2 17 1 16 12 
5 19 3 18 2 17 1 16 12 
5 19 3 18 2 17 1 16 12 
5 19 3 18 2 17 1 16 12 
5 19 0 18 0 17 0 16 12 
5 19 3 18 2 17 1 16 12 
5 19 1 18 0 17 0 16 12 
5 19 3 18 2 17 1 16 12 
5 19 3 18 2 17 1 16 12 
5 19 0 18 0 17 0 16 12 
5 19 0 18 0 17 0 16 12 
5 19 3 18 2 17 1 16 12 
5 19 3 18 2 17 1 16 12 
5 19 1 18 0 17 0 16 12 
5 19 0 18 0 17 0 16 12 
5 19 3 18 2 17 1 16 12 
5 19 0 18 0 17 0 16 12 
5 19 3 18 2 17 1 16 12 
5 19 3 18 2 17 1 16 12 
5 19 2 18 1 17 0 16 12 
5 19 3 18 2 17 1 16 12 
5 19 0 18 0 17 0 16 12 
5 19 3 18 2 17 1 16 12 
5 19 3 18 2 17 1 16 12 
4 19 0 18 0 17 0 16 12 
5 19 3 18 2 17 1 16 12 
5 19 0 18 0 17 0 16 12 
5 19 3 18 2 17 1 16 12 
5 19 3 18 2 17 1 16 12 
5 19 3 18 2 17 1 16 12 
5 19 1 18 0 17 0 16 12 
4 19 0 18 0 17 0 16 12 
5 19 1 18 0 17 0 16 12 
5 19 3 18 2 17 1 16 12 
5 20 3 19 2 18 1 17 12 
5 19 0 18 0 17 0 16 12 
5 19 3 18 2 17 1 16 12 
5 19 1 18 0 17 0 16 12 
5 19 0 18 0 17 0 16 12 
5 19 0 18 0 17 0 16 12 
5 19 1 18 0 17 0 16 12 
5 19 0 18 0 17 0 16 12 
5 19 3 18 2 17 1 16 12 
5 19 3 18 2 17 1 16 12 
5 19 3 18 2 17 1 16 12 
5 19 0 18 0 17 0 16 12 
5 19 3 18 2 17 1 16 12 
5 19 3 18 2 17 1 16 12 
5 19 3 18 2 17 1 16 12 
5 19 1 18 0 17 0 16 12 
5 19 0 18 0 17 0 16 12 
5 19 0 18 0 17 0 16 12 
SCORES_TXT_END_0
SCORES_TXT_BEGIN_0 52 100 9 BLEU
8 29 0 28 0 27 0 26 25 
10 30 0 29 0 28 0 27 25 
8 29 0 28 0 27 0 26 25 
8 29 0 28 0 27 0 26 25 
8 29 0 28 0 27 0 26 25 
9 29 0 28 0 27 0 26 25 
8 29 0 28 0 27 0 26 25 
8 29 0 28 0 27 0 26 25 
9 30 0 29 0 28 0 27 25 
10 30 0 29 0 28 0 27 25 
10 30 0 29 0 28 0 27 25 
10 30 0 29 0 28 0 27 25 
8 29 0 28 0 27 0 26 25 
7 29 0 28 0 27 0 26 25 
8 29 0 28 0 27 0 26 25 
10 30 0 29 0 28 0 27 25 
8 29 0 28 0 27 0 26 25 
9 30 0 29 0 28 0 27 25 
10 30 0 29 0 28 0 27 25 
8 29 0 28 0 27 0 26 25 
10 30 0 29 0 28 0 27 25 
8 29 0 28 0 27 0 26 25 
8 29 0 28 0 27 0 26 25 
10 30 0 29 0 28 0 27 25 
8 29 0 28 0 27 0 26 25 
8 29 0 28 0 27 0 26 25 
10 31 0 30 0 29 0 28 25 
8 29 0 28 0 27 0 26 25 
7 29 0 28 0 27 0 26 25 
8 29 0 28 0 27 0 26 25 
8 29 0 28 0 27 0 26 25 
9 30 0 29 0 28 0 27 25 
9 29 0 28 0 27 0 26 25 
8 29 0 28 0 27 0 26 25 
8 29 0 28 0 27 0 26 25 
9 29 0 28 0 27 0 26 25 
7 29 0 28 0 27 0 26 25 
8 29 0 28 0 27 0 26 25 
8 29 0 28 0 27 0 26 25 
10 30 0 29 0 28 0 27 25 
9 30 0 29 0 28 0 27 25 
9 29 0 28 0 27 0 26 25 
10 30 0 29 0 28 0 27 25 
8 29 0 28 0 27 0 26 25 
8 29 0 28 0 27 0 26 25 
7 29 0 28 0 27 0 26 25 
8 29 0 28 0 27 0 26 25 
9 30 0 29 0 28 0 27 25 
7 29 0 28 0 27 0 26 25 
8 29 0 28 0 27 0 26 25 
9 30 0 29 0 28 0 27 25 
10 30 0 29 0 28 0 27 25 
8 29 0 28 0 27 0 26 25 
9 30 0 29 0 28 0 27 25 
10 30 0 29 0 28 0 27 25 
8 29 0 28 0 27 0 26 25 
10 30 0 29 0 28 0 27 25 
9 29 0 28 0 27 0 26 25 
7 29 0 28 0 27 0 26 25 
9 30 0 29 0 28 0 27 25 
10 30 0 29 0 28 0 27 25 
8 29 0 28 0 27 0 26 25 
8 29 0 28 0 27 0 26 25 
9 29 0 28 0 27 0 26 25 
8 29 0 28 0 27 0 26 25 
8 29 0 28 0 27 0 26 25 
8 29 0 28 0 27 0 26 25 
7 29 0 28 0 27 0 26 25 
8 29 0 28 0 27 0 26 25 
9 30 0 29 0 28 0 27 25 
10 30 0 29 0 28 0 27 25 
8 29 0 28 0 27 0 26 25 
8 30 0 29 0 28 0 27 25 
9 30 0 29 0 28 0 27 25 
9 30 0 29 0 28 0 27 25 
8 30 0 29 0 28 0 27 25 
9 29 0 28 0 27 0 26 25 
8 29 0 28 0 27 0 26 25 
8 29 0 28 0 27 0 26 25 
10 30 0 29 0 28 0 27 25 
9 30 0 29 0 28 0 27 25 
10 30 0 29 0 28 0 27 25 
8 29 0 28 0 27 0 26 25 
9 30 0 29 0 28 0 27 25 
9 30 0 29 0 28 0 27 25 
10 30 0 29 0 28 0 27 25 
8 29 0 28 0 27 0 26 25 
8 29 0 28 0 27 0 26 25 
8 29 0 28 0 27 0 26 25 
9 30 0 29 0 28 0 27 25 
9 30 0 29 0 28 0 27 25 
7 29 0 28 0 27 0 26 25 
9 29 0 28 0 27 0 26 25 
7 29 0 28 0 27 0 26 25 
8 29 0 28 0 27 0 26 25 
8 29 0 28 0 27 0 26 25 
8 29 0 28 0 27 0 26 25 
9 31 0 30 0 29 0 28 25 
10 30 0 29 0 28 0 27 25 
8 29 0 28 0 27 0 26 25 
SCORES_TXT_END_0
SCORES_TXT_BEGIN_0 53 92 9 BLEU
7 29 2 28 0 27 0 26 14 
7 29 2 28 0 27 0 26 14 
7 29 2 28 0 27 0 26 14 
7 29 2 28 0 27 0 26 14 
7 29 1 28 0 27 0 26 14 
7 29 2 28 0 27 0 26 14 
7 29 2 28 0 27 0 26 14 
7 29 2 28 0 27 0 26 14 
7 29 2 28 0 27 0 26 14 
7 29 2 28 0 27 0 26 14 
7 29 2 28 0 27 0 26 14 
7 29 2 28 0 27 0 26 14 
7 29 2 28 0 27 0 26 14 
7 29 2 28 0 27 0 26 14 
7 29 2 28 0 27 0 26 14 
7 29 2 28 0 27 0 26 14 
7 29 2 28 0 27 0 26 14 
7 29 2 28 0 27 0 26 14 
7 29 2 28 0 27 0 26 14 
7 29 1 28 0 27 0 26 14 
7 29 2 28 0 27 0 26 14 
7 29 2 28 0 27 0 26 14 
7 29 2 28 0 27 0 26 14 
7 29 2 28 0 27 0 26 14 
7 29 2 28 0 27 0 26 14 
7 29 2 28 0 27 0 26 14 
7 29 2 28 0 27 0 26 14 
7 29 2 28 0 27 0 26 14 
7 29 2 28 0 27 0 26 14 
7 29 2 28 0 27 0 26 14 
7 29 2 28 0 27 0 26 14 
7 29 2 28 0 27 0 26 14 
7 29 2 28 0 27 0 26 14 
7 29 2 28 0 27 0 26 14 
7 29 2 28 0 27 0 26 14 
7 29 2 28 0 27 0 26 14 
7 29 2 28 0 27 0 26 14 
7 29 2 28 0 27 0 26 14 
7 29 2 28 0 27 0 26 14 
7 29 2 28 0 27 0 26 14 
7 29 2 28 0 27 0 26 14 
7 29 2 28 0 27 0 26 14 
7 29 2 28 0 27 0 26 14 
7 29 2 28 0 27 0 26 14 
7 29 2 28 0 27 0 26 14 
7 29 2 28 0 27 0 26 14 
7 29 2 28 0 27 0 26 14 
7 29 2 28 0 27 0 26 14 
7 29 2 28 0 27 0 26 14 
7 29 2 28 0 27 0 26 14 
7 29 1 28 0 27 0 26 14 
7 29 2 28 0 27 0 26 14 
7 29 2 28 0 27 0 26 14 
7 29 2 28 0 27 0 26 14 
7 29 1 28 0 27 0 26 14 
7 29 2 28 0 27 0 26 14 
7 29 2 28 0 27 0 26 14 
7 29 2 28 0 27 0 26 14 
7 29 2 28 0 27 0 26 14 
7 29 2 28 0 27 0 26 14 
7 29 1 28 0 27 0 26 14 
7 29 2 28 0 27 0 26 14 
7 29 2 28 0 27 0 26 14 
7 29 2 28 0 27 0 26 14 
7 29 2 28 0 27 0 26 14 
7 29 2 28 0 27 0 26 14 
7 29 2 28 0 27 0 26 14 
7 29 2 28 0 27 0 26 14 
7 29 2 28 0 27 0 26 14 
7 29 2 28 0 27 0 26 14 
7 29 2 28 0 27 0 26 14 
7 29 2 28 0 27 0 26 14 
7 29 2 28 0 27 0 26 14 
7 29 2 28 0 27 0 26 14 
7 29 2 28 0 27 0 26 14 
7 29 2 28 0 27 0 26 14 
7 29 2 28 0 27 0 26 14 
7 29 2 28 0 27 0 26 14 
7 29 2 28 0 27 0 26 14 
7 29 2 28 0 27 0 26 14 
7 29 2 28 0 27 0 26 14 
7 29 2 28 0 27 0 26 14 
7 29 2 28 0 27 0 26 14 
7 29 2 28 0 27 0 26 14 
7 29 2 28 0 27 0 26 14 
7 29 2 28 0 27 0 26 14 
7 29 1 28 0 27 0 26 14 
7 29 2 28 0 27 0 26 14 
7 29 2 28 0 27 0 26 14 
7 29 2 28 0 27 0 26 14 
7 29 2 28 0 27 0 26 14 
7 29 2 28 0 27 0 26 14 
SCORES_TXT_END_0
SCORES_TXT_BEGIN_0 54 100 9 BLEU
9 28 1 27 0 26 0 25 26 
8 28 1 27 0 26 0 25 26 
8 28 1 27 0 26 0 25 26 
9 28 2 27 0 26 0 25 26 
9 28 1 27 0 26 0 25 26 
9 28 1 27 0 26 0 25 26 
9 28 1 27 0 26 0 25 26 
8 28 2 27 0 26 0 25 26 
9 28 1 27 0 26 0 25 26 
7 28 1 27 0 26 0 25 26 
9 28 1 27 0 26 0 25 26 
8 28 1 27 0 26 0 25 26 
8 28 1 27 0 26 0 25 26 
9 29 1 28 0 27 0 26 26 
8 28 1 27 0 26 0 25 26 
9 29 1 28 0 27 0 26 26 
9 28 1 27 0 26 0 25 26 
9 28 1 27 0 26 0 25 26 
9 29 1 28 0 27 0 26 26 
9 28 0 27 0 26 0 25 26 
8 28 1 27 0 26 0 25 26 
8 28 1 27 0 26 0 25 26 
8 28 2 27 0 26 0 25 26 
8 28 1 27 0 26 0 25 26 
8 28 1 27 0 26 0 25 26 
9 28 1 27 0 26 0 25 26 
8 28 1 27 0 26 0 25 26 
8 28 1 27 0 26 0 25 26 
8 29 1 28 0 27 0 26 26 
9 28 1 27 0 26 0 25 26 
9 28 2 27 0 26 0 25 26 
9 28 2 27 0 26 0 25 26 
9 28 1 27 0 26 0 25 26 
7 28 2 27 0 26 0 25 26 
8 29 1 28 0 27 0 26 26 
9 28 1 27 0 26 0 25 26 
8 28 1 27 0 26 0 25 26 
9 28 2 27 0 26 0 25 26 
9 28 1 27 0 26 0 25 26 
9 28 1 27 0 26 0 25 26 
8 28 1 27 0 26 0 25 26 
8 28 1 27 0 26 0 25 26 
8 28 1 27 0 26 0 25 26 
9 28 1 27 0 26 0 25 26 
8 29 1 28 0 27 0 26 26 
9 28 1 27 0 26 0 25 26 
8 28 2 27 0 26 0 25 26 
8 28 2 27 0 26 0 25 26 
8 28 0 27 0 26 0 25 26 
9 28 1 27 0 26 0 25 26 
9 28 1 27 0 26 0 25 26 
8 28 1 27 0 26 0 25 26 
9 28 2 27 0 26 0 25 26 
8 28 2 27 0 26 0 25 26 
9 28 1 27 0 26 0 25 26 
9 28 1 27 0 26 0 25 26 
7 28 1 27 0 26 0 25 26 
7 28 1 27 0 26 0 25 26 
8 28 1 27 0 26 0 25 26 
9 28 1 27 0 26 0 25 26 
7 28 1 27 0 26 0 25 26 
9 28 2 27 0 26 0 25 26 
9 28 1 27 0 26 0 25 26 
8 28 1 27 0 26 0 25 26 
8 28 1 27 0 26 0 25 26 
8 28 1 27 0 26 0 25 26 
9 29 2 28 0 27 0 26 26 
9 29 1 28 0 27 0 26 26 
9 29 1 28 0 27 0 26 26 
8 28 2 27 0 26 0 25 26 
8 28 1 27 0 26 0 25 26 
9 28 1 27 0 26 0 25 26 
9 28 1 27 0 26 0 25 26 
8 28 1 27 0 26 0 25 26 
9 29 2 28 0 27 0 26 26 
8 28 1 27 0 26 0 25 26 
8 28 1 27 0 26 0 25 26 
9 29 1 28 0 27 0 26 26 
9 29 1 28 0 27 0 26 26 
9 28 2 27 0 26 0 25 26 
9 29 1 28 0 27 0 26 26 
9 28 1 27 0 26 0 25 26 
9 28 1 27 0 26 0 25 26 
9 28 1 27 0 26 0 25 26 
7 28 1 27 0 26 0 25 26 
7 28 1 27 0 26 0 25 26 
9 28 1 27 0 26 0 25 26 
8 28 1 27 0 26 0 25 26 
8 28 2 27 0 26 0 25 26 
9 28 2 27 0 26 0 25 26 
9 28 2 27 0 26 0 25 26 
9 29 1 28 0 27 0 26 26 
9 28 1 27 0 26 0 25 26 
8 29 2 28 0 27 0 26 26 
8 28 1 27 0 26 0 25 26 
9 29 2 28 0 27 0 26 26 
8 28 1 27 0 26 0 25 26 
9 29 1 28 0 27 0 26 26 
9 29 1 28 0 27 0 26 26 
8 28 1 27 0 26 0 25 26 
SCORES_TXT_END_0
SCORES_TXT_BEGIN_0 55 100 9 BLEU
8 29 1 28 0 27 0 26 19 
8 29 1 28 0 27 0 26 19 
8 29 1 28 0 27 0 26 19 
9 29 1 28 0 27 0 26 19 
8 29 2 28 0 27 0 26 19 
8 29 1 28 0 27 0 26 19 
8 29 2 28 0 27 0 26 19 
8 29 1 28 0 27 0 26 19 
8 29 1 28 0 27 0 26 19 
8 29 1 28 0 27 0 26 19 
8 29 1 28 0 27 0 26 19 
8 29 1 28 0 27 0 26 19 
8 29 0 28 0 27 0 26 19 
8 29 1 28 0 27 0 26 19 
9 29 1 28 0 27 0 26 19 
8 29 2 28 0 27 0 26 19 
9 29 1 28 0 27 0 26 19 
8 29 2 28 0 27 0 26 19 
8 29 1 28 0 27 0 26 19 
8 29 1 28 0 27 0 26 19 
8 29 2 28 0 27 0 26 19 
8 29 1 28 0 27 0 26 19 
8 29 2 28 0 27 0 26 19 
8 29 0 28 0 27 0 26 19 
8 29 1 28 0 27 0 26 19 
8 29 1 28 0 27 0 26 19 
8 29 1 28 0 27 0 26 19 
9 29 2 28 0 27 0 26 19 
8 29 1 28 0 27 0 26 19 
8 29 1 28 0 27 0 26 19 
8 29 1 28 0 27 0 26 19 
8 29 2 28 0 27 0 26 19 
8 29 1 28 0 27 0 26 19 
8 29 1 28 0 27 0 26 19 
8 29 1 28 0 27 0 26 19 
8 29 1 28 0 27 0 26 19 
8 29 1 28 0 27 0 26 19 
9 29 1 28 0 27 0 26 19 
8 29 1 28 0 27 0 26 19 
8 29 1 28 0 27 0 26 19 
8 29 1 28 0 27 0 26 19 
9 29 2 28 0 27 0 26 19 
8 29 1 28 0 27 0 26 19 
8 29 3 28 0 27 0 26 19 
8 29 1 28 0 27 0 26 19 
8 29 1 28 0 27 0 26 19 
8 29 0 28 0 27 0 26 19 
8 29 1 28 0 27 0 26 19 
8 29 1 28 0 27 0 26 19 
8 29 1 28 0 27 0 26 19 
8 29 1 28 0 27 0 26 19 
8 29 1 28 0 27 0 26 19 
8 29 1 28 0 27 0 26 19 
8 29 0 28 0 27 0 26 19 
9 29 1 28 0 27 0 26 19 
8 29 1 28 0 27 0 26 19 
8 29 2 28 0 27 0 26 19 
8 29 2 28 0 27 0 26 19 
8 29 1 28 0 27 0 26 19 
9 29 1 28 0 27 0 26 19 
8 29 1 28 0 27 0 26 19 
9 29 1 28 0 27 0 26 19 
8 29 0 28 0 27 0 26 19 
8 29 2 28 0 27 0 26 19 
9 29 1 28 0 27 0 26 19 
9 29 1 28 0 27 0 26 19 
8 29 2 28 0 27 0 26 19 
8 29 2 28 0 27 0 26 19 
8 29 1 28 0 27 0 26 19 
8 29 1 28 0 27 0 26 19 
8 29 1 28 0 27 0 26 19 
8 29 1 28 0 27 0 26 19 
8 29 0 28 0 27 0 26 19 
8 29 1 28 0 27 0 26 19 
8 29 1 28 0 27 0 26 19 
8 29 1 28 0 27 0 26 19 
8 29 0 28 0 27 0 26 19 
8 29 1 28 0 27 0 26 19 
8 29 1 28 0 27 0 26 19 
8 29 1 28 0 27 0 26 19 
9 29 1 28 0 27 0 26 19 
8 29 2 28 1 27 0 26 19 
8 29 2 28 0 27 0 26 19 
8 29 2 28 0 27 0 26 19 
8 29 2 28 0 27 0 26 19 
9 29 0 28 0 27 0 26 19 
8 29 1 28 0 27 0 26 19 
8 29 0 28 0 27 0 26 19 
8 29 1 28 0 27 0 26 19 
8 29 2 28 0 27 0 26 19 
8 29 1 28 0 27 0 26 19 
9 29 1 28 0 27 0 26 19 
8 29 1 28 0 27 0 26 19 
8 29 2 28 0 27 0 26 19 
9 29 2 28 0 27 0 26 19 
8 29 1 28 0 27 0 26 19 
8 29 1 28 0 27 0 26 19 
8 29 1 28 0 27 0 26 19 
8 29 2 28 0 27 0 26 19 
8 29 1 28 0 27 0 26 19 
SCORES_TXT_END_0
SCORES_TXT_BEGIN_0 56 100 9 BLEU
6 29 0 28 0 27 0 26 21 
6 29 0 28 0 27 0 26 21 
6 29 0 28 0 27 0 26 21 
6 29 0 28 0 27 0 26 21 
6 29 0 28 0 27 0 26 21 
6 29 0 28 0 27 0 26 21 
6 29 0 28 0 27 0 26 21 
6 29 0 28 0 27 0 26 21 
6 29 0 28 0 27 0 26 21 
7 29 0 28 0 27 0 26 21 
6 29 0 28 0 27 0 26 21 
6 29 0 28 0 27 0 26 21 
6 29 0 28 0 27 0 26 21 
7 29 0 28 0 27 0 26 21 
7 29 1 28 0 27 0 26 21 
6 29 0 28 0 27 0 26 21 
6 29 0 28 0 27 0 26 21 
6 29 0 28 0 27 0 26 21 
6 29 0 28 0 27 0 26 21 
6 29 0 28 0 27 0 26 21 
7 29 1 28 0 27 0 26 21 
6 29 0 28 0 27 0 26 21 
7 29 1 28 0 27 0 26 21 
6 29 0 28 0 27 0 26 21 
7 29 0 28 0 27 0 26 21 
6 29 0 28 0 27 0 26 21 
6 29 0 28 0 27 0 26 21 
7 29 0 28 0 27 0 26 21 
6 29 0 28 0 27 0 26 21 
6 29 0 28 0 27 0 26 21 
6 29 0 28 0 27 0 26 21 
7 29 0 28 0 27 0 26 21 
6 29 0 28 0 27 0 26 21 
6 29 0 28 0 27 0 26 21 
6 29 0 28 0 27 0 26 21 
7 29 1 28 0 27 0 26 21 
7 29 0 28 0 27 0 26 21 
6 29 0 28 0 27 0 26 21 
6 29 0 28 0 27 0 26 21 
6 29 0 28 0 27 0 26 21 
6 29 0 28 0 27 0 26 21 
7 29 1 28 0 27 0 26 21 
6 29 0 28 0 27 0 26 21 
7 29 1 28 0 27 0 26 21 
7 29 0 28 0 27 0 26 21 
7 29 1 28 0 27 0 26 21 
6 29 0 28 0 27 0 26 21 
7 29 0 28 0 27 0 26 21 
7 29 1 28 0 27 0 26 21 
6 29 0 28 0 27 0 26 21 
6 29 0 28 0 27 0 26 21 
6 29 0 28 0 27 0 26 21 
6 29 0 28 0 27 0 26 21 
6 29 0 28 0 27 0 26 21 
6 29 0 28 0 27 0 26 21 
7 29 1 28 0 27 0 26 21 
6 29 0 28 0 27 0 26 21 
7 29 0 28 0 27 0 26 21 
6 29 0 28 0 27 0 26 21 
6 29 0 28 0 27 0 26 21 
6 29 0 28 0 27 0 26 21 
7 29 1 28 0 27 0 26 21 
6 29 0 28 0 27 0 26 21 
7 29 1 28 0 27 0 26 21 
6 29 0 28 0 27 0 26 21 
7 29 1 28 0 27 0 26 21 
6 29 0 28 0 27 0 26 21 
7 29 1 28 0 27 0 26 21 
7 29 1 28 0 27 0 26 21 
6 29 0 28 0 27 0 26 21 
7 29 1 28 0 27 0 26 21 
7 29 1 28 0 27 0 26 21 
6 29 0 28 0 27 0 26 21 
6 29 0 28 0 27 0 26 21 
6 29 0 28 0 27 0 26 21 
6 29 0 28 0 27 0 26 21 
6 29 0 28 0 27 0 26 21 
7 29 1 28 0 27 0 26 21 
6 29 0 28 0 27 0 26 21 
7 29 0 28 0 27 0 26 21 
6 29 0 28 0 27 0 26 21 
7 29 0 28 0 27 0 26 21 
7 29 1 28 0 27 0 26 21 
6 29 0 28 0 27 0 26 21 
6 29 0 28 0 27 0 26 21 
6 29 0 28 0 27 0 26 21 
6 29 0 28 0 27 0 26 21 
6 29 0 28 0 27 0 26 21 
6 29 0 28 0 27 0 26 21 
6 29 0 28 0 27 0 26 21 
6 29 0 28 0 27 0 26 21 
6 29 0 28 0 27 0 26 21 
6 29 0 28 0 27 0 26 21 
7 29 1 28 0 27 0 26 21 
6 29 0 28 0 27 0 26 21 
7 29 0 28 0 27 0 26 21 
7 29 1 28 0 27 0 26 21 
6 29 0 28 0 27 0 26 21 
6 29 0 28 0 27 0 26 21 
7 29 1 28 0 27 0 26 21 
SCORES_TXT_END_0
SCORES_TXT_BEGIN_0 57 50 9 BLEU
7 49 0 48 0 47 0 46 24 
7 49 0 48 0 47 0 46 24 
7 49 0 48 0 47 0 46 24 
7 49 0 48 0 47 0 46 24 
7 49 0 48 0 47 0 46 24 
7 49 0 48 0 47 0 46 24 
7 49 0 48 0 47 0 46 24 
7 49 0 48 0 47 0 46 24 
7 49 0 48 0 47 0 46 24 
7 49 0 48 0 47 0 46 24 
7 49 0 48 0 47 0 46 24 
7 49 0 48 0 47 0 46 24 
7 49 0 48 0 47 0 46 24 
7 49 0 48 0 47 0 46 24 
7 49 0 48 0 47 0 46 24 
7 49 0 48 0 47 0 46 24 
7 49 0 48 0 47 0 46 24 
7 49 0 48 0 47 0 46 24 
7 49 0 48 0 47 0 46 24 
7 49 0 48 0 47 0 46 24 
7 49 0 48 0 47 0 46 24 
7 49 0 48 0 47 0 46 24 
7 49 0 48 0 47 0 46 24 
7 49 0 48 0 47 0 46 24 
7 49 0 48 0 47 0 46 24 
7 49 0 48 0 47 0 46 24 
7 49 0 48 0 47 0 46 24 
7 49 0 48 0 47 0 46 24 
7 49 0 48 0 47 0 46 24 
7 49 0 48 0 47 0 46 24 
7 49 0 48 0 47 0 46 24 
7 49 0 48 0 47 0 46 24 
7 49 0 48 0 47 0 46 24 
7 49 0 48 0 47 0 46 24 
7 49 0 48 0 47 0 46 24 
7 49 0 48 0 47 0 46 24 
7 49 0 48 0 47 0 46 24 
7 49 0 48 0 47 0 46 24 
7 49 0 48 0 47 0 46 24 
7 49 0 48 0 47 0 46 24 
7 49 0 48 0 47 0 46 24 
7 49 0 48 0 47 0 46 24 
7 49 0 48 0 47 0 46 24 
7 49 0 48 0 47 0 46 24 
7 49 0 48 0 47 0 46 24 
7 49 0 48 0 47 0 46 24 
7 49 0 48 0 47 0 46 24 
7 49 0 48 0 47 0 46 24 
7 49 0 48 0 47 0 46 24 
7 49 0 48 0 47 0 46 24 
SCORES_TXT_END_0
SCORES_TXT_BEGIN_0 58 100 9 BLEU
10 49 1 48 0 47 0 46 23 
10 48 1 47 0 46 0 45 23 
11 49 2 48 0 47 0 46 23 
9 48 0 47 0 46 0 45 23 
10 49 1 48 0 47 0 46 23 
11 49 1 48 0 47 0 46 23 
10 49 1 48 0 47 0 46 23 
10 49 1 48 0 47 0 46 23 
10 48 1 47 0 46 0 45 23 
9 48 0 47 0 46 0 45 23 
10 48 1 47 0 46 0 45 23 
9 48 0 47 0 46 0 45 23 
10 49 0 48 0 47 0 46 23 
11 49 2 48 0 47 0 46 23 
10 49 1 48 0 47 0 46 23 
10 49 1 48 0 47 0 46 23 
10 48 0 47 0 46 0 45 23 
11 49 2 48 0 47 0 46 23 
10 49 1 48 0 47 0 46 23 
9 48 0 47 0 46 0 45 23 
10 49 1 48 0 47 0 46 23 
10 49 1 48 0 47 0 46 23 
11 49 1 48 0 47 0 46 23 
10 49 0 48 0 47 0 46 23 
10 49 1 48 0 47 0 46 23 
10 49 1 48 0 47 0 46 23 
9 48 0 47 0 46 0 45 23 
10 48 0 47 0 46 0 45 23 
11 49 2 48 0 47 0 46 23 
11 49 1 48 0 47 0 46 23 
10 49 1 48 0 47 0 46 23 
11 49 1 48 0 47 0 46 23 
10 49 1 48 0 47 0 46 23 
10 49 0 48 0 47 0 46 23 
11 49 1 48 0 47 0 46 23 
10 48 1 47 0 46 0 45 23 
10 49 1 48 0 47 0 46 23 
10 49 1 48 0 47 0 46 23 
9 48 0 47 0 46 0 45 23 
10 49 1 48 0 47 0 46 23 
10 48 1 47 0 46 0 45 23 
10 49 1 48 0 47 0 46 23 
11 49 0 48 0 47 0 46 23 
10 48 1 47 0 46 0 45 23 
9 48 0 47 0 46 0 45 23 
10 49 1 48 0 47 0 46 23 
9 48 0 47 0 46 0 45 23 
10 49 0 48 0 47 0 46 23 
9 48 0 47 0 46 0 45 23 
11 49 2 48 0 47 0 46 23 
10 49 1 48 0 47 0 46 23 
10 48 1 47 0 46 0 45 23 
10 49 1 48 0 47 0 46 23 
10 49 1 48 0 47 0 46 23 
9 48 0 47 0 46 0 45 23 
9 48 0 47 0 46 0 45 23 
10 49 0 48 0 47 0 46 23 
10 49 1 48 0 47 0 46 23 
11 49 2 48 0 47 0 46 23 
11 49 2 48 0 47 0 46 23 
10 48 0 47 0 46 0 45 23 
9 48 0 47 0 46 0 45 23 
11 49 2 48 0 47 0 46 23 
10 48 2 47 0 46 0 45 23 
11 49 2 48 0 47 0 46 23 
10 49 1 48 0 47 0 46 23 
10 49 1 48 0 47 0 46 23 
10 49 1 48 0 47 0 46 23 
10 48 1 47 0 46 0 45 23 
11 49 1 48 0 47 0 46 23 
10 49 1 48 0 47 0 46 23 
9 48 0 47 0 46 0 45 23 
10 49 1 48 0 47 0 46 23 
10 49 1 48 0 47 0 46 23 
11 49 2 48 0 47 0 46 23 
9 48 0 47 0 46 0 45 23 
10 48 0 47 0 46 0 45 23 
11 49 1 48 0 47 0 46 23 
11 49 2 48 0 47 0 46 23 
10 49 0 48 0 47 0 46 23 
11 49 2 48 0 47 0 46 23 
10 49 1 48 0 47 0 46 23 
10 49 1 48 0 47 0 46 23 
9 48 0 47 0 46 0 45 23 
10 49 1 48 0 47 0 46 23 
10 48 1 47 0 46 0 45 23 
10 48 1 47 0 46 0 45 23 
10 48 1 47 0 46 0 45 23 
10 49 1 48 0 47 0 46 23 
10 48 0 47 0 46 0 45 23 
11 49 1 48 0 47 0 46 23 
11 49 2 48 0 47 0 46 23 
11 49 1 48 0 47 0 46 23 
10 49 1 48 0 47 0 46 23 
10 49 1 48 0 47 0 46 23 
9 48 0 47 0 46 0 45 23 
10 49 1 48 0 47 0 46 23 
11 49 2 48 0 47 0 46 23 
11 49 1 48 0 47 0 46 23 
10 49 1 48 0 47 0 46 23 
SCORES_TXT_END_0
SCORES_TXT_BEGIN_0 59 100 9 BLEU
12 33 1 32 0 31 0 30 27 
12 33 1 32 0 31 0 30 27 
12 33 1 32 0 31 0 30 27 
12 33 1 32 0 31 0 30 27 
12 33 1 32 0 31 0 30 27 
12 33 1 32 0 31 0 30 27 
12 33 1 32 0 31 0 30 27 
12 33 1 32 0 31 0 30 27 
12 33 1 32 0 31 0 30 27 
12 33 1 32 0 31 0 30 27 
12 33 1 32 0 31 0 30 27 
12 33 1 32 0 31 0 30 27 
12 33 1 32 0 31 0 30 27 
12 33 1 32 0 31 0 30 27 
12 33 1 32 0 31 0 30 27 
12 33 1 32 0 31 0 30 27 
12 33 1 32 0 31 0 30 27 
12 33 1 32 0 31 0 30 27 
12 33 1 32 0 31 0 30 27 
12 33 1 32 0 31 0 30 27 
12 33 1 32 0 31 0 30 27 
12 33 1 32 0 31 0 30 27 
12 33 1 32 0 31 0 30 27 
12 33 1 32 0 31 0 30 27 
12 33 1 32 0 31 0 30 27 
12 33 1 32 0 31 0 30 27 
12 33 1 32 0 31 0 30 27 
12 33 1 32 0 31 0 30 27 
12 33 1 32 0 31 0 30 27 
12 33 1 32 0 31 0 30 27 
12 33 1 32 0 31 0 30 27 
12 33 1 32 0 31 0 30 27 
12 33 1 32 0 31 0 30 27 
12 33 1 32 0 31 0 30 27 
12 33 1 32 0 31 0 30 27 
12 33 1 32 0 31 0 30 27 
12 33 1 32 0 31 0 30 27 
12 33 1 32 0 31 0 30 27 
12 33 1 32 0 31 0 30 27 
12 33 1 32 0 31 0 30 27 
12 33 1 32 0 31 0 30 27 
12 33 1 32 0 31 0 30 27 
12 33 1 32 0 31 0 30 27 
12 33 1 32 0 31 0 30 27 
12 33 1 32 0 31 0 30 27 
12 33 1 32 0 31 0 30 27 
12 33 1 32 0 31 0 30 27 
12 33 1 32 0 31 0 30 27 
12 33 1 32 0 31 0 30 27 
12 33 1 32 0 31 0 30 27 
12 33 1 32 0 31 0 30 27 
12 33 1 32 0 31 0 30 27 
12 33 1 32 0 31 0 30 27 
12 33 1 32 0 31 0 30 27 
12 33 1 32 0 31 0 30 27 
12 33 1 32 0 31 0 30 27 
12 33 1 32 0 31 0 30 27 
12 33 1 32 0 31 0 30 27 
12 33 1 32 0 31 0 30 27 
12 33 1 32 0 31 0 30 27 
12 33 1 32 0 31 0 30 27 
12 33 1 32 0 31 0 30 27 
12 33 1 32 0 31 0 30 27 
12 33 1 32 0 31 0 30 27 
12 33 1 32 0 31 0 30 27 
12 33 1 32 0 31 0 30 27 
12 33 1 32 0 31 0 30 27 
12 33 1 32 0 31 0 30 27 
12 33 1 32 0 31 0 30 27 
12 33 1 32 0 31 0 30 27 
12 33 1 32 0 31 0 30 27 
12 34 1 33 0 32 0 31 27 
12 33 1 32 0 31 0 30 27 
12 33 1 32 0 31 0 30 27 
12 33 1 32 0 31 0 30 27 
12 33 1 32 0 31 0 30 27 
12 33 1 32 0 31 0 30 27 
12 33 1 32 0 31 0 30 27 
12 33 1 32 0 31 0 30 27 
12 33 1 32 0 31 0 30 27 
12 33 1 32 0 31 0 30 27 
12 33 1 32 0 31 0 30 27 
12 33 1 32 0 31 0 30 27 
12 33 1 32 0 31 0 30 27 
12 33 1 32 0 31 0 30 27 
12 33 1 32 0 31 0 30 27 
12 33 1 32 0 31 0 30 27 
12 33 1 32 0 31 0 30 27 
12 33 1 32 0 31 0 30 27 
12 33 1 32 0 31 0 30 27 
12 34 1 33 0 32 0 31 27 
12 33 1 32 0 31 0 30 27 
12 33 1 32 0 31 0 30 27 
12 33 1 32 0 31 0 30 27 
12 33 1 32 0 31 0 30 27 
12 33 1 32 0 31 0 30 27 
12 33 1 32 0 31 0 30 27 
12 33 1 32 0 31 0 30 27 
12 33 1 32 0 31 0 30 27 
12 33 1 32 0 31 0 30 27 
SCORES_TXT_END_0
SCORES_TXT_BEGIN_0 60 91 9 BLEU
5 35 1 34 0 33 0 32 13 
5 35 1 34 0 33 0 32 13 
5 35 1 34 0 33 0 32 13 
5 35 1 34 0 33 0 32 13 
5 35 1 34 0 33 0 32 13 
5 35 1 34 0 33 0 32 13 
5 35 1 34 0 33 0 32 13 
5 35 1 34 0 33 0 32 13 
5 35 1 34 0 33 0 32 13 
5 35 1 34 0 33 0 32 13 
5 35 1 34 0 33 0 32 13 
5 35 1 34 0 33 0 32 13 
5 35 1 34 0 33 0 32 13 
5 35 1 34 0 33 0 32 13 
5 35 1 34 0 33 0 32 13 
5 35 1 34 0 33 0 32 13 
5 35 1 34 0 33 0 32 13 
5 35 1 34 0 33 0 32 13 
5 35 1 34 0 33 0 32 13 
5 35 1 34 0 33 0 32 13 
5 35 1 34 0 33 0 32 13 
5 35 1 34 0 33 0 32 13 
5 35 1 34 0 33 0 32 13 
5 35 1 34 0 33 0 32 13 
5 35 1 34 0 33 0 32 13 
5 35 1 34 0 33 0 32 13 
5 35 1 34 0 33 0 32 13 
5 35 1 34 0 33 0 32 13 
5 35 1 34 0 33 0 32 13 
5 35 1 34 0 33 0 32 13 
5 35 1 34 0 33 0 32 13 
5 35 0 34 0 33 0 32 13 
5 35 1 34 0 33 0 32 13 
5 35 1 34 0 33 0 32 13 
5 35 1 34 0 33 0 32 13 
5 35 1 34 0 33 0 32 13 
5 35 1 34 0 33 0 32 13 
5 35 1 34 0 33 0 32 13 
5 35 1 34 0 33 0 32 13 
5 35 1 34 0 33 0 32 13 
5 35 1 34 0 33 0 32 13 
5 35 1 34 0 33 0 32 13 
5 35 1 34 0 33 0 32 13 
5 35 1 34 0 33 0 32 13 
5 35 1 34 0 33 0 32 13 
5 35 1 34 0 33 0 32 13 
5 35 1 34 0 33 0 32 13 
5 35 1 34 0 33 0 32 13 
5 35 1 34 0 33 0 32 13 
5 35 1 34 0 33 0 32 13 
5 35 1 34 0 33 0 32 13 
5 34 1 33 0 32 0 31 13 
5 35 1 34 0 33 0 32 13 
5 35 1 34 0 33 0 32 13 
5 35 1 34 0 33 0 32 13 
5 35 1 34 0 33 0 32 13 
5 35 1 34 0 33 0 32 13 
5 35 1 34 0 33 0 32 13 
5 35 1 34 0 33 0 32 13 
5 35 1 34 0 33 0 32 13 
5 35 1 34 0 33 0 32 13 
5 35 1 34 0 33 0 32 13 
5 35 1 34 0 33 0 32 13 
5 35 1 34 0 33 0 32 13 
5 35 0 34 0 33 0 32 13 
5 35 1 34 0 33 0 32 13 
5 35 1 34 0 33 0 32 13 
5 35 1 34 0 33 0 32 13 
5 35 1 34 0 33 0 32 13 
5 35 1 34 0 33 0 32 13 
5 35 1 34 0 33 0 32 13 
5 35 1 34 0 33 0 32 13 
5 35 1 34 0 33 0 32 13 
5 35 1 34 0 33 0 32 13 
5 35 1 34 0 33 0 32 13 
5 35 1 34 0 33 0 32 13 
5 35 1 34 0 33 0 32 13 
5 35 1 34 0 33 0 32 13 
5 35 1 34 0 33 0 32 13 
5 35 1 34 0 33 0 32 13 
5 35 1 34 0 33 0 32 13 
5 35 1 34 0 33 0 32 13 
5 35 1 34 0 33 0 32 13 
5 35 1 34 0 33 0 32 13 
5 35 1 34 0 33 0 32 13 
5 35 1 34 0 33 0 32 13 
5 35 1 34 0 33 0 32 13 
5 35 0 34 0 33 0 32 13 
5 35 1 34 0 33 0 32 13 
5 35 1 34 0 33 0 32 13 
5 35 1 34 0 33 0 32 13 
SCORES_TXT_END_0
SCORES_TXT_BEGIN_0 61 100 9 BLEU
7 66 1 65 0 64 0 63 11 
7 66 1 65 0 64 0 63 11 
7 66 1 65 0 64 0 63 11 
7 66 1 65 0 64 0 63 11 
7 66 1 65 0 64 0 63 11 
7 66 1 65 0 64 0 63 11 
7 66 1 65 0 64 0 63 11 
7 66 1 65 0 64 0 63 11 
7 66 1 65 0 64 0 63 11 
7 66 1 65 0 64 0 63 11 
6 66 1 65 0 64 0 63 11 
7 66 1 65 0 64 0 63 11 
7 66 1 65 0 64 0 63 11 
7 66 1 65 0 64 0 63 11 
7 66 1 65 0 64 0 63 11 
7 66 1 65 0 64 0 63 11 
7 66 1 65 0 64 0 63 11 
7 66 1 65 0 64 0 63 11 
6 66 1 65 0 64 0 63 11 
7 66 1 65 0 64 0 63 11 
7 66 1 65 0 64 0 63 11 
6 66 1 65 0 64 0 63 11 
7 66 1 65 0 64 0 63 11 
7 66 1 65 0 64 0 63 11 
7 66 1 65 0 64 0 63 11 
7 66 1 65 0 64 0 63 11 
7 66 1 65 0 64 0 63 11 
6 66 1 65 0 64 0 63 11 
7 66 1 65 0 64 0 63 11 
7 66 1 65 0 64 0 63 11 
7 66 1 65 0 64 0 63 11 
6 66 1 65 0 64 0 63 11 
7 66 1 65 0 64 0 63 11 
7 66 1 65 0 64 0 63 11 
6 66 1 65 0 64 0 63 11 
7 66 1 65 0 64 0 63 11 
7 66 1 65 0 64 0 63 11 
6 66 1 65 0 64 0 63 11 
7 66 1 65 0 64 0 63 11 
6 66 1 65 0 64 0 63 11 
6 66 1 65 0 64 0 63 11 
7 66 1 65 0 64 0 63 11 
7 66 1 65 0 64 0 63 11 
7 66 1 65 0 64 0 63 11 
6 66 1 65 0 64 0 63 11 
7 66 2 65 0 64 0 63 11 
7 66 1 65 0 64 0 63 11 
6 66 1 65 0 64 0 63 11 
7 66 1 65 0 64 0 63 11 
7 66 1 65 0 64 0 63 11 
6 66 1 65 0 64 0 63 11 
6 66 1 65 0 64 0 63 11 
7 66 1 65 0 64 0 63 11 
7 66 1 65 0 64 0 63 11 
7 66 1 65 0 64 0 63 11 
7 66 1 65 0 64 0 63 11 
7 66 1 65 0 64 0 63 11 
7 66 1 65 0 64 0 63 11 
6 66 1 65 0 64 0 63 11 
7 66 1 65 0 64 0 63 11 
6 66 1 65 0 64 0 63 11 
7 66 1 65 0 64 0 63 11 
7 66 1 65 0 64 0 63 11 
6 66 1 65 0 64 0 63 11 
7 66 1 65 0 64 0 63 11 
7 66 1 65 0 64 0 63 11 
7 66 1 65 0 64 0 63 11 
7 66 1 65 0 64 0 63 11 
7 66 1 65 0 64 0 63 11 
6 66 1 65 0 64 0 63 11 
7 66 1 65 0 64 0 63 11 
7 66 1 65 0 64 0 63 11 
7 66 2 65 0 64 0 63 11 
6 66 1 65 0 64 0 63 11 
7 66 1 65 0 64 0 63 11 
6 66 1 65 0 64 0 63 11 
7 66 1 65 0 64 0 63 11 
6 66 1 65 0 64 0 63 11 
7 66 1 65 0 64 0 63 11 
6 66 1 65 0 64 0 63 11 
7 66 1 65 0 64 0 63 11 
6 66 1 65 0 64 0 63 11 
7 66 1 65 0 64 0 63 11 
7 66 1 65 0 64 0 63 11 
7 66 1 65 0 64 0 63 11 
7 66 1 65 0 64 0 63 11 
7 66 1 65 0 64 0 63 11 
6 66 1 65 0 64 0 63 11 
7 66 1 65 0 64 0 63 11 
6 66 1 65 0 64 0 63 11 
7 66 1 65 0 64 0 63 11 
7 66 1 65 0 64 0 63 11 
7 66 1 65 0 64 0 63 11 
6 66 1 65 0 64 0 63 11 
7 66 1 65 0 64 0 63 11 
7 66 1 65 0 64 0 63 11 
6 66 1 65 0 64 0 63 11 
7 66 1 65 0 64 0 63 11 
6 66 1 65 0 64 0 63 11 
7 66 1 65 0 64 0 63 11 
SCORES_TXT_END_0
SCORES_TXT_BEGIN_0 62 100 9 BLEU
10 29 0 28 0 27 0 26 23 
10 29 0 28 0 27 0 26 23 
10 29 1 28 0 27 0 26 23 
10 29 1 28 0 27 0 26 23 
10 29 0 28 0 27 0 26 23 
10 29 1 28 0 27 0 26 23 
10 29 1 28 0 27 0 26 23 
10 29 1 28 0 27 0 26 23 
10 29 0 28 0 27 0 26 23 
10 29 0 28 0 27 0 26 23 
10 29 0 28 0 27 0 26 23 
10 29 0 28 0 27 0 26 23 
10 29 0 28 0 27 0 26 23 
10 29 0 28 0 27 0 26 23 
10 29 1 28 0 27 0 26 23 
10 29 0 28 0 27 0 26 23 
10 29 0 28 0 27 0 26 23 
10 29 0 28 0 27 0 26 23 
10 29 1 28 0 27 0 26 23 
10 29 1 28 0 27 0 26 23 
10 29 1 28 0 27 0 26 23 
10 29 0 28 0 27 0 26 23 
10 29 1 28 0 27 0 26 23 
10 29 1 28 0 27 0 26 23 
10 29 1 28 0 27 0 26 23 
10 29 1 28 0 27 0 26 23 
10 29 1 28 0 27 0 26 23 
10 29 1 28 0 27 0 26 23 
10 29 1 28 0 27 0 26 23 
10 29 0 28 0 27 0 26 23 
9 29 0 28 0 27 0 26 23 
10 29 0 28 0 27 0 26 23 
10 29 0 28 0 27 0 26 23 
10 29 0 28 0 27 0 26 23 
10 29 1 28 0 27 0 26 23 
10 29 0 28 0 27 0 26 23 
10 29 0 28 0 27 0 26 23 
10 29 1 28 0 27 0 26 23 
9 29 0 28 0 27 0 26 23 
10 29 0 28 0 27 0 26 23 
10 29 1 28 0 27 0 26 23 
10 29 0 28 0 27 0 26 23 
9 29 1 28 0 27 0 26 23 
10 29 0 28 0 27 0 26 23 
10 29 0 28 0 27 0 26 23 
10 29 1 28 0 27 0 26 23 
10 29 0 28 0 27 0 26 23 
10 29 0 28 0 27 0 26 23 
10 29 1 28 0 27 0 26 23 
10 29 1 28 0 27 0 26 23 
10 29 0 28 0 27 0 26 23 
10 29 1 28 0 27 0 26 23 
10 29 1 28 0 27 0 26 23 
10 29 0 28 0 27 0 26 23 
10 29 0 28 0 27 0 26 23 
10 29 1 28 0 27 0 26 23 
10 29 1 28 0 27 0 26 23 
10 29 0 28 0 27 0 26 23 
10 29 1 28 0 27 0 26 23 
10 29 1 28 0 27 0 26 23 
10 29 0 28 0 27 0 26 23 
10 29 1 28 0 27 0 26 23 
10 29 0 28 0 27 0 26 23 
9 29 1 28 0 27 0 26 23 
10 29 1 28 0 27 0 26 23 
10 29 1 28 0 27 0 26 23 
10 29 1 28 0 27 0 26 23 
10 29 1 28 0 27 0 26 23 
10 29 1 28 0 27 0 26 23 
10 29 1 28 0 27 0 26 23 
10 29 1 28 0 27 0 26 23 
10 29 1 28 0 27 0 26 23 
10 29 1 28 0 27 0 26 23 
10 29 0 28 0 27 0 26 23 
10 29 1 28 0 27 0 26 23 
10 29 1 28 0 27 0 26 23 
10 29 0 28 0 27 0 26 23 
10 29 1 28 0 27 0 26 23 
10 29 1 28 0 27 0 26 23 
10 29 1 28 0 27 0 26 23 
10 29 0 28 0 27 0 26 23 
10 29 1 28 0 27 0 26 23 
10 29 0 28 0 27 0 26 23 
10 29 1 28 0 27 0 26 23 
10 29 1 28 0 27 0 26 23 
10 29 0 28 0 27 0 26 23 
9 29 0 28 0 27 0 26 23 
10 29 0 28 0 27 0 26 23 
10 29 1 28 0 27 0 26 23 
10 29 1 28 0 27 0 26 23 
10 29 0 28 0 27 0 26 23 
10 29 0 28 0 27 0 26 23 
10 29 0 28 0 27 0 26 23 
10 29 0 28 0 27 0 26 23 
10 29 1 28 0 27 0 26 23 
10 29 0 28 0 27 0 26 23 
9 29 0 28 0 27 0 26 23 
10 29 0 28 0 27 0 26 23 
10 29 0 28 0 27 0 26 23 
9 29 1 28 0 27 0 26 23 
SCORES_TXT_END_0
SCORES_TXT_BEGIN_0 63 96 9 BLEU
9 23 0 22 0 21 0 20 21 
9 23 1 22 0 21 0 20 21 
9 23 0 22 0 21 0 20 21 
9 23 1 22 0 21 0 20 21 
9 23 1 22 0 21 0 20 21 
9 23 1 22 0 21 0 20 21 
9 23 0 22 0 21 0 20 21 
9 23 0 22 0 21 0 20 21 
9 23 1 22 0 21 0 20 21 
9 23 1 22 0 21 0 20 21 
9 23 0 22 0 21 0 20 21 
9 23 1 22 0 21 0 20 21 
9 23 1 22 0 21 0 20 21 
9 23 0 22 0 21 0 20 21 
9 23 0 22 0 21 0 20 21 
9 23 0 22 0 21 0 20 21 
9 23 1 22 0 21 0 20 21 
9 23 0 22 0 21 0 20 21 
9 23 1 22 0 21 0 20 21 
9 23 0 22 0 21 0 20 21 
9 23 0 22 0 21 0 20 21 
9 23 1 22 0 21 0 20 21 
9 23 1 22 0 21 0 20 21 
9 23 1 22 0 21 0 20 21 
9 23 1 22 0 21 0 20 21 
9 23 1 22 0 21 0 20 21 
9 23 1 22 0 21 0 20 21 
9 23 0 22 0 21 0 20 21 
9 23 0 22 0 21 0 20 21 
9 24 0 23 0 22 0 21 21 
9 23 0 22 0 21 0 20 21 
9 23 1 22 0 21 0 20 21 
9 23 1 22 0 21 0 20 21 
9 23 0 22 0 21 0 20 21 
9 23 1 22 0 21 0 20 21 
9 23 1 22 0 21 0 20 21 
9 23 0 22 0 21 0 20 21 
9 23 0 22 0 21 0 20 21 
9 23 1 22 0 21 0 20 21 
9 23 1 22 0 21 0 20 21 
9 23 1 22 0 21 0 20 21 
9 23 1 22 0 21 0 20 21 
9 23 1 22 0 21 0 20 21 
9 23 0 22 0 21 0 20 21 
9 23 0 22 0 21 0 20 21 
9 24 0 23 0 22 0 21 21 
9 23 0 22 0 21 0 20 21 
9 23 0 22 0 21 0 20 21 
9 23 1 22 0 21 0 20 21 
9 23 1 22 0 21 0 20 21 
9 23 1 22 0 21 0 20 21 
10 24 0 23 0 22 0 21 21 
9 23 1 22 0 21 0 20 21 
9 23 0 22 0 21 0 20 21 
9 23 1 22 0 21 0 20 21 
10 24 1 23 0 22 0 21 21 
9 23 1 22 0 21 0 20 21 
9 23 1 22 0 21 0 20 21 
9 23 1 22 0 21 0 20 21 
9 23 1 22 0 21 0 20 21 
9 23 1 22 0 21 0 20 21 
9 23 0 22 0 21 0 20 21 
9 23 0 22 0 21 0 20 21 
9 23 1 22 0 21 0 20 21 
9 23 0 22 0 21 0 20 21 
9 23 0 22 0 21 0 20 21 
9 23 1 22 0 21 0 20 21 
9 23 1 22 0 21 0 20 21 
9 23 1 22 0 21 0 20 21 
9 23 1 22 0 21 0 20 21 
9 23 1 22 0 21 0 20 21 
9 23 0 22 0 21 0 20 21 
9 23 0 22 0 21 0 20 21 
8 23 1 22 0 21 0 20 21 
9 23 1 22 0 21 0 20 21 
11 24 0 23 0 22 0 21 21 
10 24 1 23 0 22 0 21 21 
9 23 1 22 0 21 0 20 21 
9 23 1 22 0 21 0 20 21 
8 23 0 22 0 21 0 20 21 
9 23 1 22 0 21 0 20 21 
9 24 1 23 0 22 0 21 21 
11 24 1 23 0 22 0 21 21 
9 23 0 22 0 21 0 20 21 
9 23 1 22 0 21 0 20 21 
9 23 0 22 0 21 0 20 21 
9 23 1 22 0 21 0 20 21 
9 23 0 22 0 21 0 20 21 
9 23 1 22 0 21 0 20 21 
9 23 1 22 0 21 0 20 21 
9 23 1 22 0 21 0 20 21 
9 23 1 22 0 21 0 20 21 
9 23 1 22 0 21 0 20 21 
9 23 0 22 0 21 0 20 21 
9 23 0 22 0 21 0 20 21 
9 23 1 22 0 21 0 20 21 
SCORES_TXT_END_0
SCORES_TXT_BEGIN_0 64 100 9 BLEU
12 45 4 44 1 43 0 42 33 
12 45 4 44 1 43 0 42 33 
12 45 3 44 1 43 0 42 33 
12 45 4 44 1 43 0 42 33 
12 45 4 44 1 43 0 42 33 
12 45 4 44 1 43 0 42 33 
12 45 4 44 1 43 0 42 33 
12 45 3 44 1 43 0 42 33 
12 45 4 44 1 43 0 42 33 
12 45 4 44 1 43 0 42 33 
12 45 4 44 1 43 0 42 33 
12 45 4 44 1 43 0 42 33 
12 45 3 44 1 43 0 42 33 
12 45 4 44 1 43 0 42 33 
12 45 4 44 1 43 0 42 33 
12 45 4 44 1 43 0 42 33 
12 45 4 44 1 43 0 42 33 
12 45 4 44 1 43 0 42 33 
12 45 4 44 1 43 0 42 33 
12 45 3 44 1 43 0 42 33 
12 45 4 44 1 43 0 42 33 
12 45 3 44 1 43 0 42 33 
12 45 4 44 1 43 0 42 33 
12 45 4 44 1 43 0 42 33 
12 45 4 44 1 43 0 42 33 
12 45 3 44 1 43 0 42 33 
12 45 4 44 1 43 0 42 33 
12 45 4 44 1 43 0 42 33 
12 45 4 44 1 43 0 42 33 
12 45 4 44 1 43 0 42 33 
12 45 3 44 1 43 0 42 33 
12 45 3 44 1 43 0 42 33 
12 45 4 44 1 43 0 42 33 
12 45 4 44 1 43 0 42 33 
12 45 4 44 1 43 0 42 33 
12 45 4 44 1 43 0 42 33 
12 45 4 44 1 43 0 42 33 
12 45 3 44 1 43 0 42 33 
12 45 3 44 1 43 0 42 33 
12 45 3 44 1 43 0 42 33 
12 45 4 44 1 43 0 42 33 
12 45 4 44 1 43 0 42 33 
12 45 4 44 1 43 0 42 33 
12 45 4 44 1 43 0 42 33 
12 45 4 44 1 43 0 42 33 
12 45 4 44 1 43 0 42 33 
12 45 4 44 1 43 0 42 33 
12 45 4 44 1 43 0 42 33 
12 45 3 44 1 43 0 42 33 
12 45 4 44 1 43 0 42 33 
12 45 4 44 1 43 0 42 33 
12 45 3 44 1 43 0 42 33 
12 45 4 44 1 43 0 42 33 
12 45 4 44 1 43 0 42 33 
12 45 4 44 1 43 0 42 33 
12 45 4 44 1 43 0 42 33 
12 45 3 44 1 43 0 42 33 
12 45 4 44 1 43 0 42 33 
12 45 3 44 1 43 0 42 33 
12 45 4 44 1 43 0 42 33 
12 45 4 44 1 43 0 42 33 
12 45 4 44 1 43 0 42 33 
12 45 3 44 1 43 0 42 33 
12 45 4 44 1 43 0 42 33 
12 45 4 44 1 43 0 42 33 
12 45 4 44 1 43 0 42 33 
12 45 4 44 1 43 0 42 33 
12 45 4 44 1 43 0 42 33 
12 45 4 44 1 43 0 42 33 
12 45 3 44 1 43 0 42 33 
12 45 4 44 1 43 0 42 33 
12 45 4 44 1 43 0 42 33 
12 45 4 44 1 43 0 42 33 
12 45 4 44 1 43 0 42 33 
12 45 3 44 1 43 0 42 33 
12 45 4 44 1 43 0 42 33 
12 45 4 44 1 43 0 42 33 
12 45 4 44 1 43 0 42 33 
12 45 4 44 1 43 0 42 33 
12 45 4 44 1 43 0 42 33 
12 45 3 44 1 43 0 42 33 
12 45 4 44 1 43 0 42 33 
12 45 3 44 1 43 0 42 33 
12 45 4 44 1 43 0 42 33 
12 45 4 44 1 43 0 42 33 
12 45 3 44 1 43 0 42 33 
12 45 4 44 1 43 0 42 33 
12 45 4 44 1 43 0 42 33 
12 45 4 44 1 43 0 42 33 
12 45 4 44 1 43 0 42 33 
12 45 4 44 1 43 0 42 33 
12 45 4 44 1 43 0 42 33 
12 45 4 44 1 43 0 42 33 
12 45 4 44 1 43 0 42 33 
12 45 4 44 1 43 0 42 33 
12 45 3 44 1 43 0 42 33 
12 45 4 44 1 43 0 42 33 
12 45 3 44 1 43 0 42 33 
12 45 3 44 1 43 0 42 33 
12 45 3 44 1 43 0 42 33 
SCORES_TXT_END_0
SCORES_TXT_BEGIN_0 65 98 9 BLEU
9 40 1 39 0 38 0 37 20 
9 40 2 39 1 38 0 37 20 
9 40 1 39 0 38 0 37 20 
9 40 1 39 0 38 0 37 20 
9 40 1 39 0 38 0 37 20 
9 40 2 39 1 38 0 37 20 
9 40 2 39 1 38 0 37 20 
9 40 1 39 0 38 0 37 20 
9 40 1 39 0 38 0 37 20 
9 40 1 39 0 38 0 37 20 
9 40 2 39 1 38 0 37 20 
9 40 2 39 1 38 0 37 20 
9 40 2 39 1 38 0 37 20 
9 40 1 39 0 38 0 37 20 
9 40 1 39 0 38 0 37 20 
9 40 1 39 0 38 0 37 20 
9 40 1 39 0 38 0 37 20 
9 40 1 39 0 38 0 37 20 
9 40 2 39 1 38 0 37 20 
9 40 1 39 0 38 0 37 20 
9 40 1 39 0 38 0 37 20 
9 40 1 39 0 38 0 37 20 
9 40 1 39 0 38 0 37 20 
9 40 1 39 0 38 0 37 20 
9 40 2 39 1 38 0 37 20 
9 40 2 39 1 38 0 37 20 
9 40 2 39 0 38 0 37 20 
9 40 2 39 1 38 0 37 20 
9 40 1 39 0 38 0 37 20 
9 40 2 39 1 38 0 37 20 
9 41 1 40 0 39 0 38 20 
9 40 3 39 1 38 0 37 20 
9 40 2 39 0 38 0 37 20 
9 40 1 39 0 38 0 37 20 
9 40 2 39 0 38 0 37 20 
9 40 1 39 0 38 0 37 20 
9 40 1 39 0 38 0 37 20 
9 40 2 39 1 38 0 37 20 
9 40 2 39 1 38 0 37 20 
9 41 2 40 1 39 0 38 20 
9 40 1 39 0 38 0 37 20 
9 40 3 39 1 38 0 37 20 
9 40 2 39 1 38 0 37 20 
9 40 3 39 1 38 0 37 20 
9 40 2 39 1 38 0 37 20 
9 40 2 39 1 38 0 37 20 
9 40 2 39 0 38 0 37 20 
9 40 2 39 1 38 0 37 20 
9 40 2 39 0 38 0 37 20 
9 40 1 39 0 38 0 37 20 
9 40 2 39 0 38 0 37 20 
9 40 2 39 0 38 0 37 20 
9 40 3 39 1 38 0 37 20 
9 40 1 39 0 38 0 37 20 
9 40 1 39 0 38 0 37 20 
9 40 1 39 0 38 0 37 20 
9 40 3 39 1 38 0 37 20 
9 41 2 40 0 39 0 38 20 
9 40 1 39 0 38 0 37 20 
9 40 2 39 1 38 0 37 20 
9 40 1 39 0 38 0 37 20 
9 40 3 39 1 38 0 37 20 
9 40 3 39 1 38 0 37 20 
9 40 1 39 0 38 0 37 20 
9 40 1 39 0 38 0 37 20 
9 40 2 39 1 38 0 37 20 
9 40 1 39 0 38 0 37 20 
9 41 2 40 0 39 0 38 20 
9 40 1 39 0 38 0 37 20 
9 40 2 39 1 38 0 37 20 
9 41 3 40 1 39 0 38 20 
9 41 2 40 0 39 0 38 20 
9 40 2 39 0 38 0 37 20 
9 40 2 39 1 38 0 37 20 
9 40 2 39 1 38 0 37 20 
9 40 1 39 0 38 0 37 20 
9 40 1 39 0 38 0 37 20 
9 40 2 39 1 38 0 37 20 
9 40 1 39 0 38 0 37 20 
9 40 2 39 0 38 0 37 20 
9 40 2 39 1 38 0 37 20 
9 40 1 39 0 38 0 37 20 
9 40 1 39 0 38 0 37 20 
9 40 1 39 0 38 0 37 20 
9 40 1 39 0 38 0 37 20 
9 40 2 39 0 38 0 37 20 
9 40 1 39 0 38 0 37 20 
9 41 3 40 1 39 0 38 20 
9 41 1 40 0 39 0 38 20 
9 41 3 40 1 39 0 38 20 
9 40 2 39 0 38 0 37 20 
9 40 2 39 0 38 0 37 20 
9 40 3 39 1 38 0 37 20 
9 40 1 39 0 38 0 37 20 
9 40 1 39 0 38 0 37 20 
9 41 1 40 0 39 0 38 20 
9 40 2 39 1 38 0 37 20 
9 40 2 39 1 38 0 37 20 
SCORES_TXT_END_0
SCORES_TXT_BEGIN_0 66 100 9 BLEU
4 29 1 28 0 27 0 26 17 
4 29 1 28 0 27 0 26 17 
4 29 1 28 0 27 0 26 17 
4 29 0 28 0 27 0 26 17 
4 29 1 28 0 27 0 26 17 
4 29 0 28 0 27 0 26 17 
3 29 1 28 0 27 0 26 17 
3 29 1 28 0 27 0 26 17 
3 29 1 28 0 27 0 26 17 
3 29 1 28 0 27 0 26 17 
3 29 1 28 0 27 0 26 17 
3 29 1 28 0 27 0 26 17 
4 29 1 28 0 27 0 26 17 
3 29 1 28 0 27 0 26 17 
3 29 1 28 0 27 0 26 17 
3 29 0 28 0 27 0 26 17 
3 29 1 28 0 27 0 26 17 
3 29 0 28 0 27 0 26 17 
4 29 1 28 0 27 0 26 17 
4 29 1 28 0 27 0 26 17 
3 29 1 28 0 27 0 26 17 
4 29 1 28 0 27 0 26 17 
3 29 0 28 0 27 0 26 17 
3 29 1 28 0 27 0 26 17 
3 29 1 28 0 27 0 26 17 
4 29 1 28 0 27 0 26 17 
3 29 1 28 0 27 0 26 17 
4 29 1 28 0 27 0 26 17 
3 29 1 28 0 27 0 26 17 
3 29 1 28 0 27 0 26 17 
3 29 1 28 0 27 0 26 17 
3 29 0 28 0 27 0 26 17 
3 29 1 28 0 27 0 26 17 
3 29 1 28 0 27 0 26 17 
3 29 0 28 0 27 0 26 17 
3 29 0 28 0 27 0 26 17 
4 29 1 28 0 27 0 26 17 
4 29 1 28 0 27 0 26 17 
4 29 1 28 0 27 0 26 17 
3 29 1 28 0 27 0 26 17 
4 29 0 28 0 27 0 26 17 
4 29 1 28 0 27 0 26 17 
3 29 0 28 0 27 0 26 17 
3 29 1 28 0 27 0 26 17 
4 29 1 28 0 27 0 26 17 
3 29 1 28 0 27 0 26 17 
4 29 1 28 0 27 0 26 17 
4 29 1 28 0 27 0 26 17 
4 29 1 28 0 27 0 26 17 
4 29 0 28 0 27 0 26 17 
4 29 1 28 0 27 0 26 17 
3 29 1 28 0 27 0 26 17 
4 29 0 28 0 27 0 26 17 
4 29 1 28 0 27 0 26 17 
4 29 0 28 0 27 0 26 17 
4 29 1 28 0 27 0 26 17 
3 29 1 28 0 27 0 26 17 
3 29 0 28 0 27 0 26 17 
4 29 1 28 0 27 0 26 17 
3 29 1 28 0 27 0 26 17 
3 29 1 28 0 27 0 26 17 
3 29 1 28 0 27 0 26 17 
3 29 0 28 0 27 0 26 17 
3 29 1 28 0 27 0 26 17 
3 29 1 28 0 27 0 26 17 
4 29 1 28 0 27 0 26 17 
4 29 0 28 0 27 0 26 17 
4 29 0 28 0 27 0 26 17 
4 29 1 28 0 27 0 26 17 
3 29 1 28 0 27 0 26 17 
3 29 0 28 0 27 0 26 17 
4 29 1 28 0 27 0 26 17 
4 29 1 28 0 27 0 26 17 
3 29 1 28 0 27 0 26 17 
4 29 1 28 0 27 0 26 17 
3 29 1 28 0 27 0 26 17 
4 29 0 28 0 27 0 26 17 
3 29 0 28 0 27 0 26 17 
3 29 1 28 0 27 0 26 17 
4 29 1 28 0 27 0 26 17 
4 29 1 28 0 27 0 26 17 
3 29 0 28 0 27 0 26 17 
4 29 1 28 0 27 0 26 17 
4 29 1 28 0 27 0 26 17 
4 29 1 28 0 27 0 26 17 
3 29 1 28 0 27 0 26 17 
4 29 0 28 0 27 0 26 17 
3 29 1 28 0 27 0 26 17 
4 29 1 28 0 27 0 26 17 
4 29 0 28 0 27 0 26 17 
4 29 1 28 0 27 0 26 17 
4 29 0 28 0 27 0 26 17 
4 29 1 28 0 27 0 26 17 
4 29 0 28 0 27 0 26 17 
3 29 1 28 0 27 0 26 17 
4 29 0 28 0 27 0 26 17 
4 29 1 28 0 27 0 26 17 
4 29 0 28 0 27 0 26 17 
3 29 1 28 0 27 0 26 17 
3 29 0 28 0 27 0 26 17 
SCORES_TXT_END_0
SCORES_TXT_BEGIN_0 67 99 9 BLEU
6 41 1 40 0 39 0 38 15 
6 42 0 41 0 40 0 39 15 
6 41 1 40 0 39 0 38 15 
6 41 1 40 0 39 0 38 15 
6 42 0 41 0 40 0 39 15 
6 41 1 40 0 39 0 38 15 
6 41 1 40 0 39 0 38 15 
6 42 1 41 0 40 0 39 15 
6 41 1 40 0 39 0 38 15 
6 42 0 41 0 40 0 39 15 
6 42 0 41 0 40 0 39 15 
6 41 1 40 0 39 0 38 15 
6 41 1 40 0 39 0 38 15 
6 42 1 41 0 40 0 39 15 
6 41 1 40 0 39 0 38 15 
6 41 1 40 0 39 0 38 15 
6 41 1 40 0 39 0 38 15 
6 41 1 40 0 39 0 38 15 
6 41 1 40 0 39 0 38 15 
6 40 1 39 0 38 0 37 15 
6 41 1 40 0 39 0 38 15 
6 42 1 41 0 40 0 39 15 
6 41 1 40 0 39 0 38 15 
6 42 1 41 0 40 0 39 15 
6 41 1 40 0 39 0 38 15 
6 42 0 41 0 40 0 39 15 
6 42 1 41 0 40 0 39 15 
6 42 0 41 0 40 0 39 15 
6 41 1 40 0 39 0 38 15 
6 40 1 39 0 38 0 37 15 
6 42 0 41 0 40 0 39 15 
6 41 0 40 0 39 0 38 15 
6 42 0 41 0 40 0 39 15 
6 42 1 41 0 40 0 39 15 
6 41 1 40 0 39 0 38 15 
6 41 1 40 0 39 0 38 15 
6 41 1 40 0 39 0 38 15 
6 41 1 40 0 39 0 38 15 
6 40 1 39 0 38 0 37 15 
6 41 1 40 0 39 0 38 15 
6 41 0 40 0 39 0 38 15 
6 41 1 40 0 39 0 38 15 
6 40 1 39 0 38 0 37 15 
6 42 1 41 0 40 0 39 15 
6 41 2 40 1 39 0 38 15 
6 41 1 40 0 39 0 38 15 
6 42 1 41 0 40 0 39 15 
6 41 1 40 0 39 0 38 15 
6 41 1 40 0 39 0 38 15 
6 42 0 41 0 40 0 39 15 
6 40 1 39 0 38 0 37 15 
6 42 0 41 0 40 0 39 15 
6 41 1 40 0 39 0 38 15 
6 41 1 40 0 39 0 38 15 
6 42 1 41 0 40 0 39 15 
6 42 1 41 0 40 0 39 15 
6 41 1 40 0 39 0 38 15 
6 41 0 40 0 39 0 38 15 
6 42 0 41 0 40 0 39 15 
6 41 0 40 0 39 0 38 15 
6 41 1 40 0 39 0 38 15 
6 42 1 41 0 40 0 39 15 
6 41 1 40 0 39 0 38 15 
6 41 1 40 0 39 0 38 15 
6 41 1 40 0 39 0 38 15 
6 41 1 40 0 39 0 38 15 
6 42 0 41 0 40 0 39 15 
6 41 1 40 0 39 0 38 15 
6 42 0 41 0 40 0 39 15 
6 41 1 40 0 39 0 38 15 
6 40 1 39 0 38 0 37 15 
6 41 1 40 0 39 0 38 15 
6 42 0 41 0 40 0 39 15 
6 40 1 39 0 38 0 37 15 
6 42 1 41 0 40 0 39 15 
6 42 1 41 0 40 0 39 15 
6 41 1 40 0 39 0 38 15 
6 41 1 40 0 39 0 38 15 
6 42 1 41 0 40 0 39 15 
6 41 2 40 1 39 0 38 15 
6 42 1 41 0 40 0 39 15 
6 41 1 40 0 39 0 38 15 
6 42 1 41 0 40 0 39 15 
6 42 2 41 0 40 0 39 15 
6 41 1 40 0 39 0 38 15 
6 41 1 40 0 39 0 38 15 
6 42 1 41 0 40 0 39 15 
6 41 1 40 0 39 0 38 15 
6 41 2 40 1 39 0 38 15 
6 41 1 40 0 39 0 38 15 
6 42 1 41 0 40 0 39 15 
6 41 1 40 0 39 0 38 15 
6 41 1 40 0 39 0 38 15 
6 42 0 41 0 40 0 39 15 
6 41 1 40 0 39 0 38 15 
6 41 1 40 0 39 0 38 15 
6 42 0 41 0 40 0 39 15 
6 42 1 41 0 40 0 39 15 
6 41 1 40 0 39 0 38 15 
SCORES_TXT_END_0
SCORES_TXT_BEGIN_0 68 100 9 BLEU
5 22 0 21 0 20 0 19 15 
5 22 0 21 0 20 0 19 15 
5 22 1 21 0 20 0 19 15 
5 22 1 21 0 20 0 19 15 
5 22 0 21 0 20 0 19 15 
5 22 0 21 0 20 0 19 15 
5 22 1 21 0 20 0 19 15 
6 22 0 21 0 20 0 19 15 
5 22 1 21 0 20 0 19 15 
6 22 0 21 0 20 0 19 15 
6 22 1 21 0 20 0 19 15 
6 22 1 21 0 20 0 19 15 
6 22 0 21 0 20 0 19 15 
5 22 0 21 0 20 0 19 15 
6 22 0 21 0 20 0 19 15 
6 22 0 21 0 20 0 19 15 
5 22 0 21 0 20 0 19 15 
6 22 0 21 0 20 0 19 15 
5 22 0 21 0 20 0 19 15 
6 22 1 21 0 20 0 19 15 
5 22 1 21 0 20 0 19 15 
6 22 1 21 0 20 0 19 15 
6 22 1 21 0 20 0 19 15 
5 22 1 21 0 20 0 19 15 
6 22 1 21 0 20 0 19 15 
5 22 1 21 0 20 0 19 15 
5 22 0 21 0 20 0 19 15 
6 22 0 21 0 20 0 19 15 
5 22 0 21 0 20 0 19 15 
6 22 0 21 0 20 0 19 15 
5 22 1 21 0 20 0 19 15 
5 22 0 21 0 20 0 19 15 
5 22 1 21 0 20 0 19 15 
6 22 1 21 0 20 0 19 15 
6 22 0 21 0 20 0 19 15 
7 22 1 21 0 20 0 19 15 
5 22 1 21 0 20 0 19 15 
6 22 1 21 0 20 0 19 15 
5 22 1 21 0 20 0 19 15 
6 22 0 21 0 20 0 19 15 
5 22 0 21 0 20 0 19 15 
5 22 0 21 0 20 0 19 15 
7 22 1 21 0 20 0 19 15 
5 22 1 21 0 20 0 19 15 
6 22 0 21 0 20 0 19 15 
5 22 0 21 0 20 0 19 15 
6 22 1 21 0 20 0 19 15 
7 22 2 21 0 20 0 19 15 
6 22 1 21 0 20 0 19 15 
5 22 1 21 0 20 0 19 15 
5 22 1 21 0 20 0 19 15 
5 22 1 21 0 20 0 19 15 
5 22 1 21 0 20 0 19 15 
5 22 0 21 0 20 0 19 15 
5 22 0 21 0 20 0 19 15 
7 22 2 21 0 20 0 19 15 
5 22 1 21 0 20 0 19 15 
5 22 0 21 0 20 0 19 15 
6 22 1 21 0 20 0 19 15 
5 22 1 21 0 20 0 19 15 
7 22 1 21 0 20 0 19 15 
6 22 0 21 0 20 0 19 15 
5 22 1 21 0 20 0 19 15 
6 22 0 21 0 20 0 19 15 
7 22 1 21 0 20 0 19 15 
6 22 0 21 0 20 0 19 15 
6 22 0 21 0 20 0 19 15 
5 22 0 21 0 20 0 19 15 
6 22 0 21 0 20 0 19 15 
5 22 0 21 0 20 0 19 15 
5 22 1 21 0 20 0 19 15 
5 22 1 21 0 20 0 19 15 
6 22 1 21 0 20 0 19 15 
6 22 0 21 0 20 0 19 15 
5 22 1 21 0 20 0 19 15 
6 22 0 21 0 20 0 19 15 
7 22 2 21 0 20 0 19 15 
6 22 1 21 0 20 0 19 15 
6 22 1 21 0 20 0 19 15 
5 22 1 21 0 20 0 19 15 
7 22 2 21 0 20 0 19 15 
6 22 1 21 0 20 0 19 15 
6 22 1 21 0 20 0 19 15 
6 22 1 21 0 20 0 19 15 
5 22 1 21 0 20 0 19 15 
6 22 0 21 0 20 0 19 15 
6 22 1 21 0 20 0 19 15 
5 22 1 21 0 20 0 19 15 
6 22 0 21 0 20 0 19 15 
5 22 1 21 0 20 0 19 15 
6 22 1 21 0 20 0 19 15 
6 22 1 21 0 20 0 19 15 
5 22 0 21 0 20 0 19 15 
6 22 0 21 0 20 0 19 15 
5 23 1 22 0 21 0 20 15 
6 22 0 21 0 20 0 19 15 
6 22 0 21 0 20 0 19 15 
6 22 1 21 0 20 0 19 15 
6 22 1 21 0 20 0 19 15 
6 22 1 21 0 20 0 19 15 
SCORES_TXT_END_0
SCORES_TXT_BEGIN_0 69 100 9 BLEU
13 35 1 34 0 33 0 32 23 
13 35 2 34 0 33 0 32 23 
13 34 1 33 0 32 0 31 23 
13 35 1 34 0 33 0 32 23 
13 35 2 34 0 33 0 32 23 
13 35 1 34 0 33 0 32 23 
13 34 1 33 0 32 0 31 23 
13 34 2 33 0 32 0 31 23 
13 35 1 34 0 33 0 32 23 
13 35 2 34 0 33 0 32 23 
13 34 1 33 0 32 0 31 23 
13 34 2 33 0 32 0 31 23 
13 34 2 33 0 32 0 31 23 
13 35 1 34 0 33 0 32 23 
13 35 2 34 0 33 0 32 23 
13 35 2 34 0 33 0 32 23 
13 34 1 33 0 32 0 31 23 
13 34 2 33 0 32 0 31 23 
13 35 1 34 0 33 0 32 23 
13 35 2 34 0 33 0 32 23 
13 35 2 34 0 33 0 32 23 
13 35 1 34 0 33 0 32 23 
13 34 2 33 0 32 0 31 23 
13 35 1 34 0 33 0 32 23 
13 35 2 34 0 33 0 32 23 
13 35 2 34 0 33 0 32 23 
13 34 2 33 0 32 0 31 23 
13 34 1 33 0 32 0 31 23 
13 35 2 34 0 33 0 32 23 
13 35 1 34 0 33 0 32 23 
13 35 1 34 0 33 0 32 23 
13 35 2 34 0 33 0 32 23 
13 35 1 34 0 33 0 32 23 
13 35 2 34 0 33 0 32 23 
13 34 1 33 0 32 0 31 23 
13 34 1 33 0 32 0 31 23 
13 34 2 33 0 32 0 31 23 
13 35 1 34 0 33 0 32 23 
13 35 1 34 0 33 0 32 23 
13 35 2 34 0 33 0 32 23 
13 35 1 34 0 33 0 32 23 
13 35 2 34 0 33 0 32 23 
13 34 1 33 0 32 0 31 23 
13 34 1 33 0 32 0 31 23 
13 34 2 33 0 32 0 31 23 
13 34 1 33 0 32 0 31 23 
13 34 2 33 0 32 0 31 23 
13 34 2 33 0 32 0 31 23 
13 35 1 34 0 33 0 32 23 
13 34 1 33 0 32 0 31 23 
13 35 1 34 0 33 0 32 23 
13 35 2 34 0 33 0 32 23 
13 35 1 34 0 33 0 32 23 
13 35 2 34 0 33 0 32 23 
13 34 1 33 0 32 0 31 23 
13 35 2 34 0 33 0 32 23 
13 34 1 33 0 32 0 31 23 
13 34 2 33 0 32 0 31 23 
13 34 1 33 0 32 0 31 23 
13 34 2 33 0 32 0 31 23 
13 35 1 34 0 33 0 32 23 
13 34 2 33 0 32 0 31 23 
13 35 1 34 0 33 0 32 23 
13 35 1 34 0 33 0 32 23 
13 35 2 34 0 33 0 32 23 
13 35 1 34 0 33 0 32 23 
13 35 2 34 0 33 0 32 23 
13 34 2 33 0 32 0 31 23 
13 35 2 34 0 33 0 32 23 
13 34 1 33 0 32 0 31 23 
13 35 2 34 0 33 0 32 23 
13 34 2 33 0 32 0 31 23 
13 35 0 34 0 33 0 32 23 
13 35 2 34 0 33 0 32 23 
13 35 1 34 0 33 0 32 23 
13 34 1 33 0 32 0 31 23 
13 35 2 34 0 33 0 32 23 
13 34 2 33 0 32 0 31 23 
13 35 2 34 0 33 0 32 23 
13 35 1 34 0 33 0 32 23 
13 35 2 34 0 33 0 32 23 
13 35 1 34 0 33 0 32 23 
13 35 0 34 0 33 0 32 23 
13 34 2 33 0 32 0 31 23 
13 34 0 33 0 32 0 31 23 
13 35 0 34 0 33 0 32 23 
13 35 0 34 0 33 0 32 23 
13 35 2 34 0 33 0 32 23 
13 35 1 34 0 33 0 32 23 
13 35 0 34 0 33 0 32 23 
13 34 2 33 0 32 0 31 23 
13 34 0 33 0 32 0 31 23 
13 34 2 33 0 32 0 31 23 
13 35 1 34 0 33 0 32 23 
13 34 1 33 0 32 0 31 23 
13 35 2 34 0 33 0 32 23 
13 34 0 33 0 32 0 31 23 
13 35 0 34 0 33 0 32 23 
13 35 1 34 0 33 0 32 23 
13 35 2 34 0 33 0 32 23 
SCORES_TXT_END_0
SCORES_TXT_BEGIN_0 70 99 9 BLEU
11 39 1 38 0 37 0 36 24 
11 39 1 38 0 37 0 36 24 
11 39 1 38 0 37 0 36 24 
11 39 1 38 0 37 0 36 24 
11 39 1 38 0 37 0 36 24 
11 39 2 38 0 37 0 36 24 
11 39 1 38 0 37 0 36 24 
11 39 2 38 0 37 0 36 24 
11 39 1 38 0 37 0 36 24 
11 39 1 38 0 37 0 36 24 
11 39 1 38 0 37 0 36 24 
11 39 1 38 0 37 0 36 24 
11 39 1 38 0 37 0 36 24 
11 39 2 38 0 37 0 36 24 
11 39 1 38 0 37 0 36 24 
11 39 1 38 0 37 0 36 24 
11 39 2 38 0 37 0 36 24 
11 39 2 38 0 37 0 36 24 
11 39 2 38 0 37 0 36 24 
11 39 2 38 0 37 0 36 24 
11 39 1 38 0 37 0 36 24 
11 39 1 38 0 37 0 36 24 
11 39 2 38 0 37 0 36 24 
11 39 2 38 0 37 0 36 24 
11 39 1 38 0 37 0 36 24 
11 39 1 38 0 37 0 36 24 
11 39 1 38 0 37 0 36 24 
11 39 1 38 0 37 0 36 24 
11 39 1 38 0 37 0 36 24 
11 39 1 38 0 37 0 36 24 
11 39 1 38 0 37 0 36 24 
11 39 2 38 0 37 0 36 24 
11 39 2 38 0 37 0 36 24 
11 39 1 38 0 37 0 36 24 
11 39 1 38 0 37 0 36 24 
11 39 2 38 0 37 0 36 24 
11 39 1 38 0 37 0 36 24 
11 39 2 38 0 37 0 36 24 
11 39 2 38 0 37 0 36 24 
11 39 2 38 0 37 0 36 24 
11 39 1 38 0 37 0 36 24 
11 39 1 38 0 37 0 36 24 
11 39 2 38 0 37 0 36 24 
11 39 2 38 0 37 0 36 24 
11 39 1 38 0 37 0 36 24 
11 39 1 38 0 37 0 36 24 
11 39 1 38 0 37 0 36 24 
11 39 1 38 0 37 0 36 24 
11 39 2 38 0 37 0 36 24 
11 39 1 38 0 37 0 36 24 
11 39 2 38 0 37 0 36 24 
11 39 1 38 0 37 0 36 24 
11 39 1 38 0 37 0 36 24 
11 39 2 38 0 37 0 36 24 
11 39 1 38 0 37 0 36 24 
11 39 2 38 0 37 0 36 24 
11 39 1 38 0 37 0 36 24 
11 39 1 38 0 37 0 36 24 
11 39 1 38 0 37 0 36 24 
11 39 1 38 0 37 0 36 24 
11 39 1 38 0 37 0 36 24 
11 39 2 38 0 37 0 36 24 
11 39 2 38 0 37 0 36 24 
11 39 1 38 0 37 0 36 24 
11 39 1 38 0 37 0 36 24 
11 39 1 38 0 37 0 36 24 
11 39 2 38 0 37 0 36 24 
11 39 1 38 0 37 0 36 24 
11 39 2 38 0 37 0 36 24 
11 39 1 38 0 37 0 36 24 
11 39 2 38 0 37 0 36 24 
11 39 1 38 0 37 0 36 24 
11 39 1 38 0 37 0 36 24 
11 39 1 38 0 37 0 36 24 
11 39 1 38 0 37 0 36 24 
11 39 1 38 0 37 0 36 24 
11 39 1 38 0 37 0 36 24 
11 39 2 38 0 37 0 36 24 
11 39 1 38 0 37 0 36 24 
11 39 1 38 0 37 0 36 24 
11 39 2 38 0 37 0 36 24 
11 39 2 38 0 37 0 36 24 
11 39 1 38 0 37 0 36 24 
11 39 2 38 0 37 0 36 24 
11 39 1 38 0 37 0 36 24 
11 39 1 38 0 37 0 36 24 
11 39 1 38 0 37 0 36 24 
11 39 1 38 0 37 0 36 24 
11 39 1 38 0 37 0 36 24 
11 39 1 38 0 37 0 36 24 
11 39 2 38 0 37 0 36 24 
11 39 1 38 0 37 0 36 24 
11 39 2 38 0 37 0 36 24 
11 39 1 38 0 37 0 36 24 
11 39 2 38 0 37 0 36 24 
11 39 2 38 0 37 0 36 24 
11 39 1 38 0 37 0 36 24 
11 39 1 38 0 37 0 36 24 
11 39 1 38 0 37 0 36 24 
SCORES_TXT_END_0
SCORES_TXT_BEGIN_0 71 100 9 BLEU
7 23 0 22 0 21 0 20 15 
7 23 0 22 0 21 0 20 15 
7 23 0 22 0 21 0 20 15 
7 23 0 22 0 21 0 20 15 
7 23 0 22 0 21 0 20 15 
7 23 0 22 0 21 0 20 15 
6 23 0 22 0 21 0 20 15 
7 23 0 22 0 21 0 20 15 
7 23 0 22 0 21 0 20 15 
6 23 0 22 0 21 0 20 15 
7 23 0 22 0 21 0 20 15 
6 23 0 22 0 21 0 20 15 
7 24 0 23 0 22 0 21 15 
6 23 0 22 0 21 0 20 15 
7 23 0 22 0 21 0 20 15 
7 23 0 22 0 21 0 20 15 
7 23 0 22 0 21 0 20 15 
7 23 0 22 0 21 0 20 15 
6 23 0 22 0 21 0 20 15 
7 23 0 22 0 21 0 20 15 
7 24 0 23 0 22 0 21 15 
7 23 0 22 0 21 0 20 15 
6 23 0 22 0 21 0 20 15 
7 23 0 22 0 21 0 20 15 
7 23 0 22 0 21 0 20 15 
7 23 0 22 0 21 0 20 15 
7 23 0 22 0 21 0 20 15 
7 23 0 22 0 21 0 20 15 
7 23 0 22 0 21 0 20 15 
7 24 0 23 0 22 0 21 15 
6 23 0 22 0 21 0 20 15 
6 23 0 22 0 21 0 20 15 
7 23 0 22 0 21 0 20 15 
7 24 0 23 0 22 0 21 15 
7 24 0 23 0 22 0 21 15 
6 23 0 22 0 21 0 20 15 
7 23 0 22 0 21 0 20 15 
7 23 0 22 0 21 0 20 15 
7 23 0 22 0 21 0 20 15 
7 24 0 23 0 22 0 21 15 
7 23 0 22 0 21 0 20 15 
7 23 0 22 0 21 0 20 15 
7 24 0 23 0 22 0 21 15 
7 24 0 23 0 22 0 21 15 
7 24 0 23 0 22 0 21 15 
6 24 0 23 0 22 0 21 15 
7 24 0 23 0 22 0 21 15 
7 23 0 22 0 21 0 20 15 
7 23 0 22 0 21 0 20 15 
7 23 0 22 0 21 0 20 15 
7 23 0 22 0 21 0 20 15 
7 23 0 22 0 21 0 20 15 
7 23 0 22 0 21 0 20 15 
6 23 0 22 0 21 0 20 15 
7 23 0 22 0 21 0 20 15 
7 23 0 22 0 21 0 20 15 
7 23 0 22 0 21 0 20 15 
7 23 0 22 0 21 0 20 15 
7 23 0 22 0 21 0 20 15 
7 23 0 22 0 21 0 20 15 
7 23 0 22 0 21 0 20 15 
7 24 0 23 0 22 0 21 15 
7 23 0 22 0 21 0 20 15 
7 23 0 22 0 21 0 20 15 
7 23 0 22 0 21 0 20 15 
7 24 0 23 0 22 0 21 15 
7 23 0 22 0 21 0 20 15 
7 24 0 23 0 22 0 21 15 
7 23 0 22 0 21 0 20 15 
7 24 0 23 0 22 0 21 15 
6 24 0 23 0 22 0 21 15 
7 23 0 22 0 21 0 20 15 
7 23 0 22 0 21 0 20 15 
7 23 0 22 0 21 0 20 15 
7 23 0 22 0 21 0 20 15 
7 23 0 22 0 21 0 20 15 
7 24 0 23 0 22 0 21 15 
7 23 0 22 0 21 0 20 15 
7 24 0 23 0 22 0 21 15 
7 23 0 22 0 21 0 20 15 
7 23 0 22 0 21 0 20 15 
7 23 0 22 0 21 0 20 15 
6 23 0 22 0 21 0 20 15 
7 23 0 22 0 21 0 20 15 
6 23 0 22 0 21 0 20 15 
7 23 0 22 0 21 0 20 15 
6 24 0 23 0 22 0 21 15 
7 23 0 22 0 21 0 20 15 
7 23 0 22 0 21 0 20 15 
7 23 0 22 0 21 0 20 15 
7 24 0 23 0 22 0 21 15 
7 23 0 22 0 21 0 20 15 
7 23 0 22 0 21 0 20 15 
7 23 0 22 0 21 0 20 15 
7 24 0 23 0 22 0 21 15 
6 23 0 22 0 21 0 20 15 
7 23 0 22 0 21 0 20 15 
7 23 0 22 0 21 0 20 15 
7 23 0 22 0 21 0 20 15 
7 24 0 23 0 22 0 21 15 
SCORES_TXT_END_0
SCORES_TXT_BEGIN_0 72 100 9 BLEU
8 31 0 30 0 29 0 28 20 
8 31 0 30 0 29 0 28 20 
8 31 0 30 0 29 0 28 20 
8 31 0 30 0 29 0 28 20 
8 31 0 30 0 29 0 28 20 
8 31 0 30 0 29 0 28 20 
8 31 0 30 0 29 0 28 20 
8 31 0 30 0 29 0 28 20 
8 31 0 30 0 29 0 28 20 
8 31 0 30 0 29 0 28 20 
8 31 0 30 0 29 0 28 20 
8 31 0 30 0 29 0 28 20 
8 31 0 30 0 29 0 28 20 
8 31 0 30 0 29 0 28 20 
8 31 0 30 0 29 0 28 20 
8 31 0 30 0 29 0 28 20 
8 31 0 30 0 29 0 28 20 
7 31 0 30 0 29 0 28 20 
9 31 0 30 0 29 0 28 20 
8 31 0 30 0 29 0 28 20 
8 31 0 30 0 29 0 28 20 
9 31 0 30 0 29 0 28 20 
8 31 0 30 0 29 0 28 20 
8 31 0 30 0 29 0 28 20 
8 31 0 30 0 29 0 28 20 
8 31 0 30 0 29 0 28 20 
8 31 0 30 0 29 0 28 20 
8 31 0 30 0 29 0 28 20 
8 31 0 30 0 29 0 28 20 
8 31 0 30 0 29 0 28 20 
8 31 0 30 0 29 0 28 20 
8 31 0 30 0 29 0 28 20 
8 31 0 30 0 29 0 28 20 
7 31 0 30 0 29 0 28 20 
8 31 0 30 0 29 0 28 20 
8 31 0 30 0 29 0 28 20 
8 31 0 30 0 29 0 28 20 
8 31 0 30 0 29 0 28 20 
8 31 0 30 0 29 0 28 20 
8 31 0 30 0 29 0 28 20 
8 31 0 30 0 29 0 28 20 
8 31 0 30 0 29 0 28 20 
8 31 0 30 0 29 0 28 20 
8 31 0 30 0 29 0 28 20 
8 31 0 30 0 29 0 28 20 
8 31 0 30 0 29 0 28 20 
8 31 0 30 0 29 0 28 20 
8 31 0 30 0 29 0 28 20 
8 31 0 30 0 29 0 28 20 
8 31 0 30 0 29 0 28 20 
8 31 0 30 0 29 0 28 20 
8 31 0 30 0 29 0 28 20 
9 31 0 30 0 29 0 28 20 
8 31 0 30 0 29 0 28 20 
8 31 0 30 0 29 0 28 20 
8 31 0 30 0 29 0 28 20 
8 31 0 30 0 29 0 28 20 
8 31 0 30 0 29 0 28 20 
8 31 0 30 0 29 0 28 20 
7 31 0 30 0 29 0 28 20 
8 31 0 30 0 29 0 28 20 
8 31 0 30 0 29 0 28 20 
8 31 0 30 0 29 0 28 20 
7 31 0 30 0 29 0 28 20 
8 31 0 30 0 29 0 28 20 
8 31 0 30 0 29 0 28 20 
8 31 0 30 0 29 0 28 20 
8 31 0 30 0 29 0 28 20 
8 31 0 30 0 29 0 28 20 
8 31 0 30 0 29 0 28 20 
8 31 0 30 0 29 0 28 20 
8 31 0 30 0 29 0 28 20 
8 31 0 30 0 29 0 28 20 
8 31 0 30 0 29 0 28 20 
8 31 0 30 0 29 0 28 20 
8 31 0 30 0 29 0 28 20 
8 31 0 30 0 29 0 28 20 
8 31 0 30 0 29 0 28 20 
8 31 0 30 0 29 0 28 20 
8 31 0 30 0 29 0 28 20 
8 31 0 30 0 29 0 28 20 
8 31 0 30 0 29 0 28 20 
8 31 0 30 0 29 0 28 20 
8 31 0 30 0 29 0 28 20 
8 31 0 30 0 29 0 28 20 
8 31 0 30 0 29 0 28 20 
8 31 0 30 0 29 0 28 20 
8 31 0 30 0 29 0 28 20 
8 31 0 30 0 29 0 28 20 
8 31 0 30 0 29 0 28 20 
8 31 0 30 0 29 0 28 20 
8 31 0 30 0 29 0 28 20 
8 31 0 30 0 29 0 28 20 
8 31 0 30 0 29 0 28 20 
8 31 0 30 0 29 0 28 20 
8 31 0 30 0 29 0 28 20 
9 31 0 30 0 29 0 28 20 
8 31 0 30 0 29 0 28 20 
8 31 0 30 0 29 0 28 20 
8 31 0 30 0 29 0 28 20 
SCORES_TXT_END_0
SCORES_TXT_BEGIN_0 73 50 9 BLEU
13 47 3 46 0 45 0 44 28 
13 47 3 46 0 45 0 44 28 
13 47 3 46 0 45 0 44 28 
13 47 2 46 0 45 0 44 28 
13 47 3 46 0 45 0 44 28 
13 47 3 46 0 45 0 44 28 
13 47 3 46 0 45 0 44 28 
13 47 3 46 0 45 0 44 28 
13 47 3 46 0 45 0 44 28 
13 47 3 46 0 45 0 44 28 
13 47 3 46 0 45 0 44 28 
13 47 3 46 0 45 0 44 28 
13 47 3 46 0 45 0 44 28 
13 47 3 46 0 45 0 44 28 
13 47 3 46 0 45 0 44 28 
13 47 3 46 0 45 0 44 28 
13 47 3 46 0 45 0 44 28 
13 47 2 46 0 45 0 44 28 
13 47 3 46 0 45 0 44 28 
13 47 3 46 0 45 0 44 28 
13 47 3 46 0 45 0 44 28 
13 47 3 46 0 45 0 44 28 
13 47 3 46 0 45 0 44 28 
13 47 3 46 0 45 0 44 28 
13 47 3 46 0 45 0 44 28 
13 47 3 46 0 45 0 44 28 
13 47 3 46 0 45 0 44 28 
13 47 3 46 0 45 0 44 28 
13 47 3 46 0 45 0 44 28 
13 47 3 46 0 45 0 44 28 
13 47 3 46 0 45 0 44 28 
13 47 3 46 0 45 0 44 28 
13 47 2 46 0 45 0 44 28 
13 47 3 46 0 45 0 44 28 
13 47 4 46 0 45 0 44 28 
13 47 3 46 0 45 0 44 28 
13 47 3 46 0 45 0 44 28 
13 47 3 46 0 45 0 44 28 
13 47 3 46 0 45 0 44 28 
13 47 3 46 0 45 0 44 28 
13 47 3 46 0 45 0 44 28 
13 47 3 46 0 45 0 44 28 
13 47 3 46 0 45 0 44 28 
13 47 3 46 0 45 0 44 28 
13 47 3 46 0 45 0 44 28 
13 47 3 46 0 45 0 44 28 
13 47 4 46 0 45 0 44 28 
13 47 3 46 0 45 0 44 28 
13 47 2 46 0 45 0 44 28 
13 47 3 46 0 45 0 44 28 
SCORES_TXT_END_0
SCORES_TXT_BEGIN_0 74 92 9 BLEU
5 25 0 24 0 23 0 22 14 
5 25 0 24 0 23 0 22 14 
5 25 0 24 0 23 0 22 14 
4 25 0 24 0 23 0 22 14 
4 25 0 24 0 23 0 22 14 
4 25 0 24 0 23 0 22 14 
5 25 0 24 0 23 0 22 14 
4 25 0 24 0 23 0 22 14 
5 25 0 24 0 23 0 22 14 
5 25 0 24 0 23 0 22 14 
5 25 0 24 0 23 0 22 14 
5 25 0 24 0 23 0 22 14 
5 25 0 24 0 23 0 22 14 
4 25 0 24 0 23 0 22 14 
5 25 0 24 0 23 0 22 14 
5 25 1 24 0 23 0 22 14 
5 25 1 24 0 23 0 22 14 
5 25 1 24 0 23 0 22 14 
5 25 1 24 0 23 0 22 14 
5 25 0 24 0 23 0 22 14 
5 25 1 24 0 23 0 22 14 
5 25 0 24 0 23 0 22 14 
5 25 1 24 0 23 0 22 14 
5 25 0 24 0 23 0 22 14 
5 25 0 24 0 23 0 22 14 
5 25 0 24 0 23 0 22 14 
5 25 0 24 0 23 0 22 14 
5 25 1 24 0 23 0 22 14 
5 25 0 24 0 23 0 22 14 
5 25 0 24 0 23 0 22 14 
5 25 0 24 0 23 0 22 14 
4 25 1 24 0 23 0 22 14 
5 26 0 25 0 24 0 23 14 
4 25 0 24 0 23 0 22 14 
4 25 1 24 0 23 0 22 14 
5 26 0 25 0 24 0 23 14 
4 25 0 24 0 23 0 22 14 
5 25 0 24 0 23 0 22 14 
5 25 0 24 0 23 0 22 14 
5 25 0 24 0 23 0 22 14 
4 25 0 24 0 23 0 22 14 
5 25 0 24 0 23 0 22 14 
4 25 0 24 0 23 0 22 14 
5 25 0 24 0 23 0 22 14 
5 25 1 24 0 23 0 22 14 
4 25 1 24 0 23 0 22 14 
5 26 0 25 0 24 0 23 14 
4 25 0 24 0 23 0 22 14 
4 25 0 24 0 23 0 22 14 
5 25 0 24 0 23 0 22 14 
5 25 0 24 0 23 0 22 14 
4 25 0 24 0 23 0 22 14 
5 25 0 24 0 23 0 22 14 
5 25 0 24 0 23 0 22 14 
4 25 0 24 0 23 0 22 14 
4 25 0 24 0 23 0 22 14 
4 25 0 24 0 23 0 22 14 
4 25 0 24 0 23 0 22 14 
5 25 0 24 0 23 0 22 14 
4 25 0 24 0 23 0 22 14 
5 25 1 24 0 23 0 22 14 
5 25 0 24 0 23 0 22 14 
4 25 0 24 0 23 0 22 14 
4 25 0 24 0 23 0 22 14 
5 25 0 24 0 23 0 22 14 
5 25 0 24 0 23 0 22 14 
5 25 0 24 0 23 0 22 14 
5 25 0 24 0 23 0 22 14 
4 25 0 24 0 23 0 22 14 
4 25 0 24 0 23 0 22 14 
4 25 0 24 0 23 0 22 14 
4 25 0 24 0 23 0 22 14 
4 25 0 24 0 23 0 22 14 
4 25 0 24 0 23 0 22 14 
5 25 0 24 0 23 0 22 14 
4 25 0 24 0 23 0 22 14 
4 25 0 24 0 23 0 22 14 
4 25 0 24 0 23 0 22 14 
4 25 1 24 0 23 0 22 14 
5 26 0 25 0 24 0 23 14 
4 25 0 24 0 23 0 22 14 
5 25 1 24 0 23 0 22 14 
5 25 0 24 0 23 0 22 14 
5 25 0 24 0 23 0 22 14 
5 25 0 24 0 23 0 22 14 
4 25 0 24 0 23 0 22 14 
5 25 1 24 0 23 0 22 14 
4 25 0 24 0 23 0 22 14 
5 25 0 24 0 23 0 22 14 
4 25 0 24 0 23 0 22 14 
5 25 1 24 0 23 0 22 14 
5 25 0 24 0 23 0 22 14 
SCORES_TXT_END_0
SCORES_TXT_BEGIN_0 75 100 9 BLEU
12 40 3 39 0 38 0 37 20 
12 40 3 39 0 38 0 37 20 
12 40 3 39 0 38 0 37 20 
12 40 3 39 0 38 0 37 20 
13 40 3 39 0 38 0 37 20 
12 40 3 39 0 38 0 37 20 
12 40 4 39 0 38 0 37 20 
13 40 3 39 0 38 0 37 20 
12 40 3 39 0 38 0 37 20 
12 40 4 39 0 38 0 37 20 
12 40 3 39 0 38 0 37 20 
13 40 3 39 0 38 0 37 20 
11 40 2 39 0 38 0 37 20 
12 40 3 39 0 38 0 37 20 
12 40 3 39 0 38 0 37 20 
12 40 4 39 0 38 0 37 20 
13 40 3 39 0 38 0 37 20 
11 40 2 39 0 38 0 37 20 
12 40 3 39 0 38 0 37 20 
12 40 3 39 0 38 0 37 20 
12 40 4 39 0 38 0 37 20 
13 40 3 39 0 38 0 37 20 
12 40 3 39 0 38 0 37 20 
12 40 4 39 0 38 0 37 20 
13 40 3 39 0 38 0 37 20 
11 40 2 39 0 38 0 37 20 
12 40 3 39 0 38 0 37 20 
12 40 4 39 0 38 0 37 20 
12 40 3 39 0 38 0 37 20 
13 40 3 39 0 38 0 37 20 
12 40 3 39 0 38 0 37 20 
12 40 3 39 0 38 0 37 20 
12 40 4 39 0 38 0 37 20 
11 40 2 39 0 38 0 37 20 
12 40 3 39 0 38 0 37 20 
12 40 3 39 0 38 0 37 20 
12 40 2 39 0 38 0 37 20 
13 40 3 39 0 38 0 37 20 
13 40 3 39 0 38 0 37 20 
12 40 4 39 1 38 0 37 20 
12 40 3 39 0 38 0 37 20 
11 40 2 39 0 38 0 37 20 
12 40 3 39 0 38 0 37 20 
11 40 3 39 0 38 0 37 20 
12 40 4 39 0 38 0 37 20 
12 40 4 39 0 38 0 37 20 
12 40 2 39 0 38 0 37 20 
13 40 3 39 0 38 0 37 20 
12 40 4 39 1 38 0 37 20 
13 40 3 39 0 38 0 37 20 
11 40 2 39 0 38 0 37 20 
11 40 3 39 0 38 0 37 20 
12 40 3 39 0 38 0 37 20 
12 40 4 39 0 38 0 37 20 
12 40 4 39 0 38 0 37 20 
12 40 3 39 0 38 0 37 20 
13 40 3 39 0 38 0 37 20 
12 40 3 39 0 38 0 37 20 
12 40 3 39 0 38 0 37 20 
12 40 4 39 0 38 0 37 20 
12 40 3 39 0 38 0 37 20 
12 40 3 39 0 38 0 37 20 
12 40 2 39 0 38 0 37 20 
13 40 3 39 0 38 0 37 20 
12 40 4 39 1 38 0 37 20 
12 40 3 39 0 38 0 37 20 
13 40 3 39 0 38 0 37 20 
12 40 3 39 0 38 0 37 20 
11 40 2 39 0 38 0 37 20 
12 40 3 39 0 38 0 37 20 
12 40 3 39 0 38 0 37 20 
11 40 3 39 0 38 0 37 20 
12 40 3 39 0 38 0 37 20 
12 40 4 39 0 38 0 37 20 
13 40 3 39 0 38 0 37 20 
13 40 3 39 0 38 0 37 20 
12 40 4 39 0 38 0 37 20 
12 40 3 39 0 38 0 37 20 
12 40 3 39 0 38 0 37 20 
12 40 4 39 0 38 0 37 20 
12 40 4 39 0 38 0 37 20 
12 40 2 39 0 38 0 37 20 
12 40 4 39 1 38 0 37 20 
12 40 3 39 0 38 0 37 20 
13 40 3 39 0 38 0 37 20 
13 40 3 39 0 38 0 37 20 
11 40 2 39 0 38 0 37 20 
11 40 2 39 0 38 0 37 20 
13 40 4 39 1 38 0 37 20 
12 40 3 39 0 38 0 37 20 
11 40 3 39 0 38 0 37 20 
12 40 3 39 0 38 0 37 20 
13 40 3 39 0 38 0 37 20 
12 40 3 39 0 38 0 37 20 
12 40 4 39 0 38 0 37 20 
12 40 2 39 0 38 0 37 20 
13 40 3 39 0 38 0 37 20 
12 40 4 39 0 38 0 37 20 
12 40 3 39 0 38 0 37 20 
12 40 5 39 1 38 0 37 20 
SCORES_TXT_END_0
SCORES_TXT_BEGIN_0 76 79 9 BLEU
5 51 0 50 0 49 0 48 17 
5 51 0 50 0 49 0 48 17 
5 51 0 50 0 49 0 48 17 
5 51 0 50 0 49 0 48 17 
5 51 0 50 0 49 0 48 17 
5 51 0 50 0 49 0 48 17 
5 51 0 50 0 49 0 48 17 
5 52 0 51 0 50 0 49 17 
5 51 0 50 0 49 0 48 17 
5 51 0 50 0 49 0 48 17 
5 51 0 50 0 49 0 48 17 
5 51 0 50 0 49 0 48 17 
5 51 0 50 0 49 0 48 17 
5 51 0 50 0 49 0 48 17 
5 51 0 50 0 49 0 48 17 
5 52 0 51 0 50 0 49 17 
5 51 0 50 0 49 0 48 17 
5 51 0 50 0 49 0 48 17 
5 51 0 50 0 49 0 48 17 
5 51 0 50 0 49 0 48 17 
5 51 0 50 0 49 0 48 17 
5 51 0 50 0 49 0 48 17 
5 51 0 50 0 49 0 48 17 
5 51 0 50 0 49 0 48 17 
5 51 0 50 0 49 0 48 17 
5 51 0 50 0 49 0 48 17 
5 51 0 50 0 49 0 48 17 
5 51 0 50 0 49 0 48 17 
5 51 0 50 0 49 0 48 17 
5 51 0 50 0 49 0 48 17 
5 51 0 50 0 49 0 48 17 
5 51 0 50 0 49 0 48 17 
5 51 0 50 0 49 0 48 17 
5 51 0 50 0 49 0 48 17 
5 52 0 51 0 50 0 49 17 
5 51 0 50 0 49 0 48 17 
5 51 0 50 0 49 0 48 17 
5 51 0 50 0 49 0 48 17 
5 51 0 50 0 49 0 48 17 
5 51 0 50 0 49 0 48 17 
5 51 0 50 0 49 0 48 17 
5 51 0 50 0 49 0 48 17 
5 51 0 50 0 49 0 48 17 
5 51 0 50 0 49 0 48 17 
5 51 0 50 0 49 0 48 17 
5 51 0 50 0 49 0 48 17 
5 51 0 50 0 49 0 48 17 
5 52 0 51 0 50 0 49 17 
5 51 0 50 0 49 0 48 17 
5 51 0 50 0 49 0 48 17 
5 52 0 51 0 50 0 49 17 
5 51 0 50 0 49 0 48 17 
5 51 0 50 0 49 0 48 17 
5 51 0 50 0 49 0 48 17 
5 51 0 50 0 49 0 48 17 
5 52 0 51 0 50 0 49 17 
5 51 0 50 0 49 0 48 17 
5 51 0 50 0 49 0 48 17 
5 51 0 50 0 49 0 48 17 
5 51 0 50 0 49 0 48 17 
5 52 0 51 0 50 0 49 17 
5 51 0 50 0 49 0 48 17 
5 51 0 50 0 49 0 48 17 
5 51 0 50 0 49 0 48 17 
5 51 0 50 0 49 0 48 17 
5 51 0 50 0 49 0 48 17 
5 51 0 50 0 49 0 48 17 
5 51 0 50 0 49 0 48 17 
5 51 0 50 0 49 0 48 17 
5 51 0 50 0 49 0 48 17 
5 51 0 50 0 49 0 48 17 
5 51 0 50 0 49 0 48 17 
5 51 0 50 0 49 0 48 17 
5 51 0 50 0 49 0 48 17 
5 51 0 50 0 49 0 48 17 
5 51 0 50 0 49 0 48 17 
5 51 0 50 0 49 0 48 17 
5 52 0 51 0 50 0 49 17 
5 51 0 50 0 49 0 48 17 
SCORES_TXT_END_0
SCORES_TXT_BEGIN_0 77 100 9 BLEU
3 21 0 20 0 19 0 18 8 
3 21 0 20 0 19 0 18 8 
3 21 0 20 0 19 0 18 8 
3 21 0 20 0 19 0 18 8 
3 21 0 20 0 19 0 18 8 
3 21 0 20 0 19 0 18 8 
3 21 0 20 0 19 0 18 8 
3 21 0 20 0 19 0 18 8 
2 21 0 20 0 19 0 18 8 
3 21 0 20 0 19 0 18 8 
3 21 0 20 0 19 0 18 8 
2 21 0 20 0 19 0 18 8 
2 21 0 20 0 19 0 18 8 
3 21 0 20 0 19 0 18 8 
3 21 0 20 0 19 0 18 8 
2 21 0 20 0 19 0 18 8 
3 21 0 20 0 19 0 18 8 
3 21 0 20 0 19 0 18 8 
3 21 0 20 0 19 0 18 8 
3 21 0 20 0 19 0 18 8 
3 21 0 20 0 19 0 18 8 
3 21 0 20 0 19 0 18 8 
2 21 0 20 0 19 0 18 8 
3 21 0 20 0 19 0 18 8 
3 21 0 20 0 19 0 18 8 
3 21 0 20 0 19 0 18 8 
2 21 0 20 0 19 0 18 8 
3 21 0 20 0 19 0 18 8 
2 21 0 20 0 19 0 18 8 
3 21 0 20 0 19 0 18 8 
2 21 0 20 0 19 0 18 8 
3 21 0 20 0 19 0 18 8 
3 21 0 20 0 19 0 18 8 
2 21 0 20 0 19 0 18 8 
2 21 0 20 0 19 0 18 8 
3 21 0 20 0 19 0 18 8 
2 21 0 20 0 19 0 18 8 
3 21 0 20 0 19 0 18 8 
2 21 0 20 0 19 0 18 8 
2 21 0 20 0 19 0 18 8 
3 21 0 20 0 19 0 18 8 
3 21 0 20 0 19 0 18 8 
3 21 0 20 0 19 0 18 8 
2 21 0 20 0 19 0 18 8 
3 21 0 20 0 19 0 18 8 
3 21 0 20 0 19 0 18 8 
3 21 0 20 0 19 0 18 8 
2 21 0 20 0 19 0 18 8 
3 21 0 20 0 19 0 18 8 
3 21 0 20 0 19 0 18 8 
3 21 0 20 0 19 0 18 8 
2 21 0 20 0 19 0 18 8 
2 21 0 20 0 19 0 18 8 
3 21 0 20 0 19 0 18 8 
3 21 0 20 0 19 0 18 8 
3 21 0 20 0 19 0 18 8 
2 21 0 20 0 19 0 18 8 
3 21 0 20 0 19 0 18 8 
3 21 0 20 0 19 0 18 8 
3 21 0 20 0 19 0 18 8 
2 21 0 20 0 19 0 18 8 
3 21 0 20 0 19 0 18 8 
3 22 0 21 0 20 0 19 8 
3 21 0 20 0 19 0 18 8 
2 21 0 20 0 19 0 18 8 
2 21 0 20 0 19 0 18 8 
2 21 0 20 0 19 0 18 8 
3 21 0 20 0 19 0 18 8 
3 22 0 21 0 20 0 19 8 
3 21 0 20 0 19 0 18 8 
2 21 0 20 0 19 0 18 8 
3 21 0 20 0 19 0 18 8 
2 21 0 20 0 19 0 18 8 
2 21 0 20 0 19 0 18 8 
3 21 0 20 0 19 0 18 8 
3 21 0 20 0 19 0 18 8 
3 21 0 20 0 19 0 18 8 
2 21 0 20 0 19 0 18 8 
2 21 0 20 0 19 0 18 8 
3 21 0 20 0 19 0 18 8 
2 21 0 20 0 19 0 18 8 
3 21 0 20 0 19 0 18 8 
3 21 0 20 0 19 0 18 8 
3 21 0 20 0 19 0 18 8 
3 21 0 20 0 19 0 18 8 
3 21 0 20 0 19 0 18 8 
3 21 0 20 0 19 0 18 8 
3 21 0 20 0 19 0 18 8 
2 21 0 20 0 19 0 18 8 
2 21 0 20 0 19 0 18 8 
3 21 0 20 0 19 0 18 8 
3 21 0 20 0 19 0 18 8 
2 21 0 20 0 19 0 18 8 
3 21 0 20 0 19 0 18 8 
3 21 0 20 0 19 0 18 8 
3 21 0 20 0 19 0 18 8 
3 22 0 21 0 20 0 19 8 
3 21 0 20 0 19 0 18 8 
2 21 0 20 0 19 0 18 8 
2 21 0 20 0 19 0 18 8 
SCORES_TXT_END_0
SCORES_TXT_BEGIN_0 78 99 9 BLEU
5 22 0 21 0 20 0 19 13 
5 22 1 21 0 20 0 19 13 
5 22 0 21 0 20 0 19 13 
5 22 1 21 0 20 0 19 13 
5 22 1 21 0 20 0 19 13 
5 22 0 21 0 20 0 19 13 
5 22 1 21 0 20 0 19 13 
5 22 2 21 1 20 0 19 13 
5 22 1 21 0 20 0 19 13 
5 22 0 21 0 20 0 19 13 
5 22 0 21 0 20 0 19 13 
5 22 0 21 0 20 0 19 13 
5 22 1 21 0 20 0 19 13 
5 22 1 21 0 20 0 19 13 
5 22 1 21 0 20 0 19 13 
5 22 0 21 0 20 0 19 13 
5 22 0 21 0 20 0 19 13 
5 22 1 21 0 20 0 19 13 
5 22 0 21 0 20 0 19 13 
5 22 0 21 0 20 0 19 13 
5 22 1 21 0 20 0 19 13 
5 22 1 21 0 20 0 19 13 
5 22 0 21 0 20 0 19 13 
5 22 0 21 0 20 0 19 13 
5 22 2 21 1 20 0 19 13 
5 22 0 21 0 20 0 19 13 
5 22 1 21 0 20 0 19 13 
5 22 0 21 0 20 0 19 13 
5 22 1 21 0 20 0 19 13 
5 22 0 21 0 20 0 19 13 
5 22 1 21 0 20 0 19 13 
5 22 1 21 0 20 0 19 13 
5 22 1 21 0 20 0 19 13 
5 22 1 21 0 20 0 19 13 
5 22 1 21 0 20 0 19 13 
5 22 0 21 0 20 0 19 13 
5 22 0 21 0 20 0 19 13 
5 22 1 21 0 20 0 19 13 
5 22 0 21 0 20 0 19 13 
5 22 1 21 0 20 0 19 13 
5 22 1 21 0 20 0 19 13 
5 22 1 21 0 20 0 19 13 
5 22 0 21 0 20 0 19 13 
5 22 0 21 0 20 0 19 13 
5 22 0 21 0 20 0 19 13 
5 22 1 21 0 20 0 19 13 
5 22 0 21 0 20 0 19 13 
5 22 0 21 0 20 0 19 13 
5 22 0 21 0 20 0 19 13 
5 22 1 21 0 20 0 19 13 
5 22 1 21 0 20 0 19 13 
5 22 1 21 0 20 0 19 13 
5 22 1 21 0 20 0 19 13 
5 22 1 21 0 20 0 19 13 
5 22 0 21 0 20 0 19 13 
5 22 1 21 0 20 0 19 13 
5 23 1 22 0 21 0 20 13 
5 22 1 21 0 20 0 19 13 
5 22 1 21 0 20 0 19 13 
5 22 0 21 0 20 0 19 13 
5 22 2 21 1 20 0 19 13 
5 22 2 21 1 20 0 19 13 
5 22 2 21 1 20 0 19 13 
5 22 0 21 0 20 0 19 13 
5 22 0 21 0 20 0 19 13 
5 22 1 21 0 20 0 19 13 
5 22 0 21 0 20 0 19 13 
5 22 1 21 0 20 0 19 13 
5 22 1 21 0 20 0 19 13 
5 22 1 21 0 20 0 19 13 
5 22 2 21 1 20 0 19 13 
5 22 1 21 0 20 0 19 13 
5 22 1 21 0 20 0 19 13 
5 22 0 21 0 20 0 19 13 
5 22 1 21 0 20 0 19 13 
5 22 0 21 0 20 0 19 13 
5 22 1 21 0 20 0 19 13 
5 22 1 21 0 20 0 19 13 
5 22 0 21 0 20 0 19 13 
5 22 1 21 0 20 0 19 13 
5 22 1 21 0 20 0 19 13 
5 22 0 21 0 20 0 19 13 
5 22 1 21 0 20 0 19 13 
5 22 1 21 0 20 0 19 13 
5 22 1 21 0 20 0 19 13 
6 22 0 21 0 20 0 19 13 
5 23 1 22 0 21 0 20 13 
5 22 2 21 1 20 0 19 13 
5 22 0 21 0 20 0 19 13 
5 22 1 21 0 20 0 19 13 
5 22 1 21 0 20 0 19 13 
5 22 1 21 0 20 0 19 13 
5 22 1 21 0 20 0 19 13 
5 22 0 21 0 20 0 19 13 
5 22 1 21 0 20 0 19 13 
5 22 1 21 0 20 0 19 13 
5 22 1 21 0 20 0 19 13 
5 22 0 21 0 20 0 19 13 
5 22 0 21 0 20 0 19 13 
SCORES_TXT_END_0
SCORES_TXT_BEGIN_0 79 100 9 BLEU
6 20 0 19 0 18 0 17 13 
6 21 0 20 0 19 0 18 13 
6 20 0 19 0 18 0 17 13 
6 21 0 20 0 19 0 18 13 
6 20 1 19 0 18 0 17 13 
6 20 1 19 0 18 0 17 13 
6 21 0 20 0 19 0 18 13 
6 20 0 19 0 18 0 17 13 
6 21 0 20 0 19 0 18 13 
6 20 0 19 0 18 0 17 13 
6 21 0 20 0 19 0 18 13 
6 20 0 19 0 18 0 17 13 
6 20 1 19 0 18 0 17 13 
6 20 1 19 0 18 0 17 13 
7 20 0 19 0 18 0 17 13 
6 20 1 19 0 18 0 17 13 
7 21 0 20 0 19 0 18 13 
6 21 0 20 0 19 0 18 13 
6 21 1 20 0 19 0 18 13 
6 20 0 19 0 18 0 17 13 
6 20 0 19 0 18 0 17 13 
6 20 1 19 0 18 0 17 13 
6 21 0 20 0 19 0 18 13 
6 21 0 20 0 19 0 18 13 
6 20 1 19 0 18 0 17 13 
6 20 1 19 0 18 0 17 13 
6 20 1 19 0 18 0 17 13 
6 20 0 19 0 18 0 17 13 
6 21 0 20 0 19 0 18 13 
6 20 1 19 0 18 0 17 13 
6 20 1 19 0 18 0 17 13 
6 20 1 19 0 18 0 17 13 
6 21 0 20 0 19 0 18 13 
7 20 0 19 0 18 0 17 13 
6 20 1 19 0 18 0 17 13 
7 21 0 20 0 19 0 18 13 
6 20 0 19 0 18 0 17 13 
7 20 1 19 0 18 0 17 13 
6 21 0 20 0 19 0 18 13 
6 21 1 20 0 19 0 18 13 
6 20 0 19 0 18 0 17 13 
6 20 0 19 0 18 0 17 13 
7 20 1 19 0 18 0 17 13 
6 21 0 20 0 19 0 18 13 
7 21 0 20 0 19 0 18 13 
6 20 0 19 0 18 0 17 13 
6 20 0 19 0 18 0 17 13 
6 21 0 20 0 19 0 18 13 
6 20 1 19 0 18 0 17 13 
6 20 1 19 0 18 0 17 13 
6 21 0 20 0 19 0 18 13 
6 20 1 19 0 18 0 17 13 
6 20 1 19 0 18 0 17 13 
6 20 1 19 0 18 0 17 13 
6 20 0 19 0 18 0 17 13 
7 20 0 19 0 18 0 17 13 
6 20 1 19 0 18 0 17 13 
6 21 0 20 0 19 0 18 13 
7 21 0 20 0 19 0 18 13 
7 20 0 19 0 18 0 17 13 
6 20 1 19 0 18 0 17 13 
6 20 1 19 0 18 0 17 13 
7 21 0 20 0 19 0 18 13 
6 20 1 19 0 18 0 17 13 
6 21 0 20 0 19 0 18 13 
6 21 0 20 0 19 0 18 13 
6 21 1 20 0 19 0 18 13 
6 20 1 19 0 18 0 17 13 
6 21 1 20 0 19 0 18 13 
7 20 0 19 0 18 0 17 13 
6 20 0 19 0 18 0 17 13 
6 21 1 20 0 19 0 18 13 
7 20 1 19 0 18 0 17 13 
6 21 0 20 0 19 0 18 13 
6 20 1 19 0 18 0 17 13 
6 20 1 19 0 18 0 17 13 
7 20 1 19 0 18 0 17 13 
6 20 1 19 0 18 0 17 13 
6 20 1 19 0 18 0 17 13 
6 20 1 19 0 18 0 17 13 
7 20 1 19 0 18 0 17 13 
6 20 1 19 0 18 0 17 13 
7 21 0 20 0 19 0 18 13 
6 20 1 19 0 18 0 17 13 
6 21 0 20 0 19 0 18 13 
6 20 0 19 0 18 0 17 13 
6 20 0 19 0 18 0 17 13 
6 20 1 19 0 18 0 17 13 
6 21 0 20 0 19 0 18 13 
6 20 1 19 0 18 0 17 13 
7 20 0 19 0 18 0 17 13 
6 20 0 19 0 18 0 17 13 
6 20 1 19 0 18 0 17 13 
7 21 1 20 0 19 0 18 13 
6 20 1 19 0 18 0 17 13 
7 21 0 20 0 19 0 18 13 
6 20 1 19 0 18 0 17 13 
6 20 1 19 0 18 0 17 13 
6 20 1 19 0 18 0 17 13 
6 21 0 20 0 19 0 18 13 
SCORES_TXT_END_0
SCORES_TXT_BEGIN_0 80 100 9 BLEU
4 25 0 24 0 23 0 22 13 
4 25 0 24 0 23 0 22 13 
4 25 0 24 0 23 0 22 13 
4 25 0 24 0 23 0 22 13 
5 25 0 24 0 23 0 22 13 
5 25 0 24 0 23 0 22 13 
4 25 0 24 0 23 0 22 13 
4 25 0 24 0 23 0 22 13 
4 25 0 24 0 23 0 22 13 
4 25 0 24 0 23 0 22 13 
4 25 0 24 0 23 0 22 13 
4 25 0 24 0 23 0 22 13 
4 25 0 24 0 23 0 22 13 
4 25 0 24 0 23 0 22 13 
4 25 0 24 0 23 0 22 13 
5 25 0 24 0 23 0 22 13 
5 25 0 24 0 23 0 22 13 
4 25 0 24 0 23 0 22 13 
5 25 0 24 0 23 0 22 13 
5 25 0 24 0 23 0 22 13 
5 25 0 24 0 23 0 22 13 
4 25 0 24 0 23 0 22 13 
4 25 0 24 0 23 0 22 13 
4 25 0 24 0 23 0 22 13 
4 25 0 24 0 23 0 22 13 
4 25 0 24 0 23 0 22 13 
4 25 0 24 0 23 0 22 13 
4 25 0 24 0 23 0 22 13 
4 25 0 24 0 23 0 22 13 
4 25 0 24 0 23 0 22 13 
4 25 0 24 0 23 0 22 13 
4 25 0 24 0 23 0 22 13 
4 25 0 24 0 23 0 22 13 
4 25 0 24 0 23 0 22 13 
5 25 0 24 0 23 0 22 13 
4 25 0 24 0 23 0 22 13 
4 25 0 24 0 23 0 22 13 
4 25 0 24 0 23 0 22 13 
4 25 0 24 0 23 0 22 13 
4 25 0 24 0 23 0 22 13 
4 25 0 24 0 23 0 22 13 
5 25 0 24 0 23 0 22 13 
4 25 0 24 0 23 0 22 13 
4 25 0 24 0 23 0 22 13 
4 25 0 24 0 23 0 22 13 
4 25 0 24 0 23 0 22 13 
4 25 0 24 0 23 0 22 13 
5 25 0 24 0 23 0 22 13 
4 25 0 24 0 23 0 22 13 
5 25 0 24 0 23 0 22 13 
4 25 0 24 0 23 0 22 13 
4 25 0 24 0 23 0 22 13 
5 25 0 24 0 23 0 22 13 
5 25 0 24 0 23 0 22 13 
4 25 0 24 0 23 0 22 13 
5 25 0 24 0 23 0 22 13 
5 25 0 24 0 23 0 22 13 
4 25 0 24 0 23 0 22 13 
4 25 0 24 0 23 0 22 13 
5 25 0 24 0 23 0 22 13 
4 25 0 24 0 23 0 22 13 
5 25 0 24 0 23 0 22 13 
4 25 0 24 0 23 0 22 13 
4 25 0 24 0 23 0 22 13 
5 25 0 24 0 23 0 22 13 
4 25 0 24 0 23 0 22 13 
4 25 0 24 0 23 0 22 13 
4 25 0 24 0 23 0 22 13 
4 25 0 24 0 23 0 22 13 
4 25 0 24 0 23 0 22 13 
5 25 0 24 0 23 0 22 13 
4 25 0 24 0 23 0 22 13 
4 25 0 24 0 23 0 22 13 
4 25 0 24 0 23 0 22 13 
4 25 0 24 0 23 0 22 13 
4 25 0 24 0 23 0 22 13 
4 25 0 24 0 23 0 22 13 
4 25 0 24 0 23 0 22 13 
4 25 0 24 0 23 0 22 13 
4 25 0 24 0 23 0 22 13 
4 25 0 24 0 23 0 22 13 
4 25 0 24 0 23 0 22 13 
4 25 0 24 0 23 0 22 13 
4 25 0 24 0 23 0 22 13 
5 25 0 24 0 23 0 22 13 
4 25 0 24 0 23 0 22 13 
4 25 0 24 0 23 0 22 13 
4 25 0 24 0 23 0 22 13 
5 25 0 24 0 23 0 22 13 
4 25 0 24 0 23 0 22 13 
4 25 0 24 0 23 0 22 13 
4 25 0 24 0 23 0 22 13 
4 25 0 24 0 23 0 22 13 
4 25 0 24 0 23 0 22 13 
5 25 0 24 0 23 0 22 13 
4 25 0 24 0 23 0 22 13 
4 25 0 24 0 23 0 22 13 
4 25 0 24 0 23 0 22 13 
5 25 0 24 0 23 0 22 13 
5 25 0 24 0 23 0 22 13 
SCORES_TXT_END_0
SCORES_TXT_BEGIN_0 81 100 9 BLEU
7 40 1 39 0 38 0 37 20 
7 39 1 38 0 37 0 36 20 
7 40 1 39 0 38 0 37 20 
7 40 1 39 0 38 0 37 20 
7 39 1 38 0 37 0 36 20 
7 40 1 39 0 38 0 37 20 
7 40 1 39 0 38 0 37 20 
7 40 1 39 0 38 0 37 20 
7 40 1 39 0 38 0 37 20 
7 39 1 38 0 37 0 36 20 
7 41 1 40 0 39 0 38 20 
7 39 1 38 0 37 0 36 20 
7 39 1 38 0 37 0 36 20 
6 40 1 39 0 38 0 37 20 
7 40 1 39 0 38 0 37 20 
6 39 1 38 0 37 0 36 20 
6 40 1 39 0 38 0 37 20 
7 40 1 39 0 38 0 37 20 
7 40 1 39 0 38 0 37 20 
7 40 1 39 0 38 0 37 20 
7 40 1 39 0 38 0 37 20 
7 40 1 39 0 38 0 37 20 
6 39 1 38 0 37 0 36 20 
7 41 1 40 0 39 0 38 20 
7 39 1 38 0 37 0 36 20 
7 40 1 39 0 38 0 37 20 
7 39 1 38 0 37 0 36 20 
6 40 1 39 0 38 0 37 20 
7 39 1 38 0 37 0 36 20 
6 40 1 39 0 38 0 37 20 
7 40 1 39 0 38 0 37 20 
7 40 1 39 0 38 0 37 20 
7 40 1 39 0 38 0 37 20 
7 40 1 39 0 38 0 37 20 
7 40 1 39 0 38 0 37 20 
7 39 1 38 0 37 0 36 20 
7 39 1 38 0 37 0 36 20 
7 39 1 38 0 37 0 36 20 
7 40 1 39 0 38 0 37 20 
7 40 1 39 0 38 0 37 20 
7 41 1 40 0 39 0 38 20 
6 40 1 39 0 38 0 37 20 
6 40 1 39 0 38 0 37 20 
7 40 1 39 0 38 0 37 20 
7 40 1 39 0 38 0 37 20 
7 39 1 38 0 37 0 36 20 
7 40 1 39 0 38 0 37 20 
6 39 1 38 0 37 0 36 20 
7 40 1 39 0 38 0 37 20 
7 40 1 39 0 38 0 37 20 
7 40 1 39 0 38 0 37 20 
6 39 1 38 0 37 0 36 20 
6 40 1 39 0 38 0 37 20 
7 39 1 38 0 37 0 36 20 
7 39 1 38 0 37 0 36 20 
6 40 1 39 0 38 0 37 20 
6 40 1 39 0 38 0 37 20 
7 40 1 39 0 38 0 37 20 
7 40 1 39 0 38 0 37 20 
6 39 1 38 0 37 0 36 20 
7 40 1 39 0 38 0 37 20 
6 39 1 38 0 37 0 36 20 
6 39 1 38 0 37 0 36 20 
7 40 1 39 0 38 0 37 20 
6 40 1 39 0 38 0 37 20 
7 39 1 38 0 37 0 36 20 
7 40 1 39 0 38 0 37 20 
6 40 1 39 0 38 0 37 20 
7 39 1 38 0 37 0 36 20 
7 41 1 40 0 39 0 38 20 
6 40 1 39 0 38 0 37 20 
7 39 1 38 0 37 0 36 20 
7 40 1 39 0 38 0 37 20 
6 39 1 38 0 37 0 36 20 
6 40 1 39 0 38 0 37 20 
7 40 1 39 0 38 0 37 20 
7 40 1 39 0 38 0 37 20 
6 39 1 38 0 37 0 36 20 
7 40 1 39 0 38 0 37 20 
6 40 1 39 0 38 0 37 20 
7 40 1 39 0 38 0 37 20 
7 39 1 38 0 37 0 36 20 
7 40 1 39 0 38 0 37 20 
6 40 1 39 0 38 0 37 20 
7 40 1 39 0 38 0 37 20 
6 40 1 39 0 38 0 37 20 
6 40 1 39 0 38 0 37 20 
7 40 1 39 0 38 0 37 20 
7 40 1 39 0 38 0 37 20 
7 39 1 38 0 37 0 36 20 
6 39 1 38 0 37 0 36 20 
6 40 1 39 0 38 0 37 20 
7 39 1 38 0 37 0 36 20 
7 39 1 38 0 37 0 36 20 
7 40 1 39 0 38 0 37 20 
7 40 1 39 0 38 0 37 20 
6 40 1 39 0 38 0 37 20 
7 39 1 38 0 37 0 36 20 
7 40 1 39 0 38 0 37 20 
6 40 1 39 0 38 0 37 20 
SCORES_TXT_END_0
SCORES_TXT_BEGIN_0 82 100 9 BLEU
4 25 0 24 0 23 0 22 14 
4 25 0 24 0 23 0 22 14 
4 25 0 24 0 23 0 22 14 
4 25 0 24 0 23 0 22 14 
4 25 0 24 0 23 0 22 14 
4 25 0 24 0 23 0 22 14 
4 25 0 24 0 23 0 22 14 
4 25 0 24 0 23 0 22 14 
4 25 0 24 0 23 0 22 14 
4 25 0 24 0 23 0 22 14 
4 25 0 24 0 23 0 22 14 
4 25 0 24 0 23 0 22 14 
4 25 0 24 0 23 0 22 14 
4 25 0 24 0 23 0 22 14 
4 25 0 24 0 23 0 22 14 
4 25 0 24 0 23 0 22 14 
4 25 0 24 0 23 0 22 14 
4 25 0 24 0 23 0 22 14 
4 25 0 24 0 23 0 22 14 
4 25 0 24 0 23 0 22 14 
4 25 0 24 0 23 0 22 14 
4 25 0 24 0 23 0 22 14 
4 25 0 24 0 23 0 22 14 
4 25 0 24 0 23 0 22 14 
4 25 0 24 0 23 0 22 14 
4 25 0 24 0 23 0 22 14 
4 25 0 24 0 23 0 22 14 
4 25 0 24 0 23 0 22 14 
4 25 0 24 0 23 0 22 14 
4 25 0 24 0 23 0 22 14 
4 25 0 24 0 23 0 22 14 
4 25 0 24 0 23 0 22 14 
4 25 0 24 0 23 0 22 14 
4 25 0 24 0 23 0 22 14 
4 25 0 24 0 23 0 22 14 
4 25 0 24 0 23 0 22 14 
4 25 0 24 0 23 0 22 14 
4 25 0 24 0 23 0 22 14 
4 25 0 24 0 23 0 22 14 
4 25 0 24 0 23 0 22 14 
4 25 0 24 0 23 0 22 14 
4 25 0 24 0 23 0 22 14 
4 25 0 24 0 23 0 22 14 
4 25 0 24 0 23 0 22 14 
4 25 0 24 0 23 0 22 14 
4 25 0 24 0 23 0 22 14 
4 25 0 24 0 23 0 22 14 
4 25 0 24 0 23 0 22 14 
4 25 0 24 0 23 0 22 14 
4 25 0 24 0 23 0 22 14 
4 25 0 24 0 23 0 22 14 
4 25 0 24 0 23 0 22 14 
4 25 0 24 0 23 0 22 14 
4 25 0 24 0 23 0 22 14 
4 25 0 24 0 23 0 22 14 
4 25 0 24 0 23 0 22 14 
4 25 0 24 0 23 0 22 14 
4 25 0 24 0 23 0 22 14 
4 25 0 24 0 23 0 22 14 
4 25 0 24 0 23 0 22 14 
4 25 0 24 0 23 0 22 14 
4 25 0 24 0 23 0 22 14 
4 25 0 24 0 23 0 22 14 
4 25 0 24 0 23 0 22 14 
4 25 0 24 0 23 0 22 14 
4 25 0 24 0 23 0 22 14 
4 25 0 24 0 23 0 22 14 
4 25 0 24 0 23 0 22 14 
4 25 0 24 0 23 0 22 14 
4 25 0 24 0 23 0 22 14 
4 25 0 24 0 23 0 22 14 
4 25 0 24 0 23 0 22 14 
4 25 0 24 0 23 0 22 14 
4 25 0 24 0 23 0 22 14 
4 25 0 24 0 23 0 22 14 
4 25 0 24 0 23 0 22 14 
4 25 0 24 0 23 0 22 14 
4 25 0 24 0 23 0 22 14 
4 25 0 24 0 23 0 22 14 
4 25 0 24 0 23 0 22 14 
4 25 0 24 0 23 0 22 14 
4 25 0 24 0 23 0 22 14 
4 25 0 24 0 23 0 22 14 
4 25 0 24 0 23 0 22 14 
4 25 0 24 0 23 0 22 14 
4 25 0 24 0 23 0 22 14 
4 25 0 24 0 23 0 22 14 
4 25 0 24 0 23 0 22 14 
4 25 0 24 0 23 0 22 14 
4 25 0 24 0 23 0 22 14 
4 25 0 24 0 23 0 22 14 
4 25 0 24 0 23 0 22 14 
4 25 0 24 0 23 0 22 14 
4 25 0 24 0 23 0 22 14 
4 25 0 24 0 23 0 22 14 
4 25 0 24 0 23 0 22 14 
4 25 0 24 0 23 0 22 14 
4 25 0 24 0 23 0 22 14 
4 25 0 24 0 23 0 22 14 
4 25 0 24 0 23 0 22 14 
SCORES_TXT_END_0
SCORES_TXT_BEGIN_0 83 100 9 BLEU
5 36 0 35 0 34 0 33 19 
5 36 0 35 0 34 0 33 19 
5 36 0 35 0 34 0 33 19 
5 36 0 35 0 34 0 33 19 
5 37 0 36 0 35 0 34 19 
5 36 0 35 0 34 0 33 19 
5 37 0 36 0 35 0 34 19 
5 36 0 35 0 34 0 33 19 
5 37 0 36 0 35 0 34 19 
5 36 0 35 0 34 0 33 19 
5 36 1 35 0 34 0 33 19 
5 36 0 35 0 34 0 33 19 
5 36 0 35 0 34 0 33 19 
5 37 0 36 0 35 0 34 19 
5 36 0 35 0 34 0 33 19 
5 36 0 35 0 34 0 33 19 
5 36 1 35 0 34 0 33 19 
5 36 0 35 0 34 0 33 19 
5 36 0 35 0 34 0 33 19 
5 37 1 36 0 35 0 34 19 
5 37 0 36 0 35 0 34 19 
5 36 0 35 0 34 0 33 19 
5 36 0 35 0 34 0 33 19 
5 36 0 35 0 34 0 33 19 
5 36 0 35 0 34 0 33 19 
5 36 0 35 0 34 0 33 19 
5 36 1 35 0 34 0 33 19 
5 36 0 35 0 34 0 33 19 
5 37 1 36 0 35 0 34 19 
5 36 0 35 0 34 0 33 19 
5 37 1 36 0 35 0 34 19 
5 36 0 35 0 34 0 33 19 
5 36 0 35 0 34 0 33 19 
5 36 0 35 0 34 0 33 19 
5 36 1 35 0 34 0 33 19 
5 36 0 35 0 34 0 33 19 
5 36 0 35 0 34 0 33 19 
5 37 1 36 0 35 0 34 19 
5 36 0 35 0 34 0 33 19 
5 36 0 35 0 34 0 33 19 
5 37 1 36 0 35 0 34 19 
5 36 0 35 0 34 0 33 19 
5 37 1 36 0 35 0 34 19 
5 37 0 36 0 35 0 34 19 
5 36 0 35 0 34 0 33 19 
5 36 0 35 0 34 0 33 19 
5 37 1 36 0 35 0 34 19 
5 36 0 35 0 34 0 33 19 
5 37 0 36 0 35 0 34 19 
5 36 0 35 0 34 0 33 19 
5 37 0 36 0 35 0 34 19 
5 36 0 35 0 34 0 33 19 
5 37 1 36 0 35 0 34 19 
5 36 1 35 0 34 0 33 19 
5 37 1 36 0 35 0 34 19 
5 37 1 36 0 35 0 34 19 
5 36 0 35 0 34 0 33 19 
5 36 0 35 0 34 0 33 19 
5 36 0 35 0 34 0 33 19 
5 36 0 35 0 34 0 33 19 
5 37 1 36 0 35 0 34 19 
5 36 0 35 0 34 0 33 19 
5 37 1 36 0 35 0 34 19 
5 36 0 35 0 34 0 33 19 
5 38 1 37 0 36 0 35 19 
5 37 0 36 0 35 0 34 19 
5 37 1 36 0 35 0 34 19 
5 36 0 35 0 34 0 33 19 
5 36 0 35 0 34 0 33 19 
5 37 0 36 0 35 0 34 19 
5 37 1 36 0 35 0 34 19 
5 36 0 35 0 34 0 33 19 
5 37 1 36 0 35 0 34 19 
5 36 0 35 0 34 0 33 19 
5 37 0 36 0 35 0 34 19 
5 37 0 36 0 35 0 34 19 
5 36 1 35 0 34 0 33 19 
5 36 0 35 0 34 0 33 19 
5 37 1 36 0 35 0 34 19 
5 36 0 35 0 34 0 33 19 
5 36 0 35 0 34 0 33 19 
5 37 1 36 0 35 0 34 19 
5 36 0 35 0 34 0 33 19 
5 36 0 35 0 34 0 33 19 
5 36 0 35 0 34 0 33 19 
5 37 1 36 0 35 0 34 19 
5 36 0 35 0 34 0 33 19 
5 37 1 36 0 35 0 34 19 
5 38 1 37 0 36 0 35 19 
5 37 1 36 0 35 0 34 19 
5 36 1 35 0 34 0 33 19 
5 36 0 35 0 34 0 33 19 
5 37 0 36 0 35 0 34 19 
5 38 1 37 0 36 0 35 19 
5 36 0 35 0 34 0 33 19 
5 37 1 36 0 35 0 34 19 
5 36 0 35 0 34 0 33 19 
5 36 0 35 0 34 0 33 19 
5 37 0 36 0 35 0 34 19 
5 36 0 35 0 34 0 33 19 
SCORES_TXT_END_0
SCORES_TXT_BEGIN_0 84 100 9 BLEU
12 59 0 58 0 57 0 56 36 
12 59 0 58 0 57 0 56 36 
12 59 0 58 0 57 0 56 36 
12 59 0 58 0 57 0 56 36 
12 59 0 58 0 57 0 56 36 
12 59 0 58 0 57 0 56 36 
12 59 0 58 0 57 0 56 36 
12 59 0 58 0 57 0 56 36 
12 59 0 58 0 57 0 56 36 
12 59 0 58 0 57 0 56 36 
12 59 0 58 0 57 0 56 36 
12 59 0 58 0 57 0 56 36 
12 59 0 58 0 57 0 56 36 
12 59 0 58 0 57 0 56 36 
12 59 0 58 0 57 0 56 36 
12 59 0 58 0 57 0 56 36 
12 60 0 59 0 58 0 57 36 
12 59 0 58 0 57 0 56 36 
12 59 0 58 0 57 0 56 36 
12 59 0 58 0 57 0 56 36 
12 60 0 59 0 58 0 57 36 
12 59 0 58 0 57 0 56 36 
12 59 0 58 0 57 0 56 36 
12 59 0 58 0 57 0 56 36 
12 59 0 58 0 57 0 56 36 
12 59 0 58 0 57 0 56 36 
12 60 0 59 0 58 0 57 36 
12 59 0 58 0 57 0 56 36 
12 59 0 58 0 57 0 56 36 
12 59 0 58 0 57 0 56 36 
12 60 0 59 0 58 0 57 36 
12 59 0 58 0 57 0 56 36 
12 59 0 58 0 57 0 56 36 
12 59 0 58 0 57 0 56 36 
12 59 0 58 0 57 0 56 36 
12 59 0 58 0 57 0 56 36 
12 59 0 58 0 57 0 56 36 
12 60 0 59 0 58 0 57 36 
12 59 0 58 0 57 0 56 36 
12 59 0 58 0 57 0 56 36 
12 59 0 58 0 57 0 56 36 
12 60 0 59 0 58 0 57 36 
12 59 0 58 0 57 0 56 36 
12 59 0 58 0 57 0 56 36 
12 60 0 59 0 58 0 57 36 
12 59 0 58 0 57 0 56 36 
12 59 0 58 0 57 0 56 36 
12 59 0 58 0 57 0 56 36 
12 59 0 58 0 57 0 56 36 
12 60 0 59 0 58 0 57 36 
12 59 0 58 0 57 0 56 36 
12 60 0 59 0 58 0 57 36 
12 59 0 58 0 57 0 56 36 
12 59 0 58 0 57 0 56 36 
12 59 0 58 0 57 0 56 36 
12 60 0 59 0 58 0 57 36 
12 59 0 58 0 57 0 56 36 
12 59 0 58 0 57 0 56 36 
12 59 0 58 0 57 0 56 36 
12 59 0 58 0 57 0 56 36 
12 59 0 58 0 57 0 56 36 
12 59 0 58 0 57 0 56 36 
12 60 0 59 0 58 0 57 36 
12 59 0 58 0 57 0 56 36 
12 59 0 58 0 57 0 56 36 
12 59 0 58 0 57 0 56 36 
12 59 0 58 0 57 0 56 36 
12 59 0 58 0 57 0 56 36 
12 59 0 58 0 57 0 56 36 
12 60 0 59 0 58 0 57 36 
12 59 0 58 0 57 0 56 36 
12 60 0 59 0 58 0 57 36 
12 59 0 58 0 57 0 56 36 
12 59 0 58 0 57 0 56 36 
12 59 0 58 0 57 0 56 36 
12 59 0 58 0 57 0 56 36 
12 59 0 58 0 57 0 56 36 
12 59 0 58 0 57 0 56 36 
12 59 0 58 0 57 0 56 36 
12 60 0 59 0 58 0 57 36 
12 60 0 59 0 58 0 57 36 
12 59 0 58 0 57 0 56 36 
12 59 0 58 0 57 0 56 36 
12 59 0 58 0 57 0 56 36 
12 59 0 58 0 57 0 56 36 
12 59 0 58 0 57 0 56 36 
12 59 0 58 0 57 0 56 36 
12 60 0 59 0 58 0 57 36 
12 59 0 58 0 57 0 56 36 
12 59 0 58 0 57 0 56 36 
12 59 0 58 0 57 0 56 36 
12 59 0 58 0 57 0 56 36 
12 60 0 59 0 58 0 57 36 
12 59 0 58 0 57 0 56 36 
12 59 0 58 0 57 0 56 36 
12 59 0 58 0 57 0 56 36 
12 59 0 58 0 57 0 56 36 
12 59 0 58 0 57 0 56 36 
12 59 0 58 0 57 0 56 36 
12 59 0 58 0 57 0 56 36 
SCORES_TXT_END_0
SCORES_TXT_BEGIN_0 85 93 9 BLEU
9 29 2 28 1 27 0 26 23 
9 29 2 28 1 27 0 26 23 
9 29 2 28 1 27 0 26 23 
9 29 2 28 1 27 0 26 23 
9 29 2 28 1 27 0 26 23 
9 29 2 28 1 27 0 26 23 
9 29 2 28 1 27 0 26 23 
9 29 2 28 1 27 0 26 23 
9 29 2 28 1 27 0 26 23 
9 29 2 28 1 27 0 26 23 
9 29 2 28 1 27 0 26 23 
9 29 2 28 1 27 0 26 23 
9 29 2 28 1 27 0 26 23 
9 29 2 28 1 27 0 26 23 
9 29 2 28 1 27 0 26 23 
9 28 1 27 0 26 0 25 23 
9 29 2 28 1 27 0 26 23 
10 29 2 28 1 27 0 26 23 
9 29 2 28 1 27 0 26 23 
9 29 2 28 1 27 0 26 23 
9 29 2 28 1 27 0 26 23 
9 29 2 28 1 27 0 26 23 
9 29 3 28 1 27 0 26 23 
9 29 2 28 1 27 0 26 23 
9 29 2 28 1 27 0 26 23 
9 29 2 28 1 27 0 26 23 
9 29 2 28 1 27 0 26 23 
9 29 2 28 1 27 0 26 23 
9 28 1 27 0 26 0 25 23 
9 29 2 28 1 27 0 26 23 
9 29 2 28 1 27 0 26 23 
9 29 2 28 1 27 0 26 23 
9 29 2 28 1 27 0 26 23 
9 29 2 28 1 27 0 26 23 
10 29 2 28 1 27 0 26 23 
8 29 2 28 1 27 0 26 23 
9 28 1 27 0 26 0 25 23 
9 29 2 28 1 27 0 26 23 
9 29 2 28 1 27 0 26 23 
10 29 2 28 1 27 0 26 23 
9 29 2 28 1 27 0 26 23 
9 29 2 28 1 27 0 26 23 
9 29 3 28 1 27 0 26 23 
9 28 1 27 0 26 0 25 23 
10 29 2 28 1 27 0 26 23 
9 29 2 28 1 27 0 26 23 
9 29 2 28 1 27 0 26 23 
9 29 2 28 1 27 0 26 23 
9 29 2 28 1 27 0 26 23 
9 29 2 28 1 27 0 26 23 
10 29 2 28 1 27 0 26 23 
8 29 3 28 1 27 0 26 23 
9 29 2 28 1 27 0 26 23 
9 29 2 28 1 27 0 26 23 
9 29 2 28 1 27 0 26 23 
10 29 2 28 1 27 0 26 23 
9 29 2 28 1 27 0 26 23 
9 29 2 28 1 27 0 26 23 
9 29 2 28 1 27 0 26 23 
9 29 3 28 1 27 0 26 23 
9 29 2 28 1 27 0 26 23 
9 29 2 28 1 27 0 26 23 
9 29 2 28 1 27 0 26 23 
8 29 2 28 1 27 0 26 23 
9 28 1 27 0 26 0 25 23 
9 29 2 28 1 27 0 26 23 
9 29 2 28 1 27 0 26 23 
9 29 2 28 1 27 0 26 23 
9 29 2 28 1 27 0 26 23 
9 28 1 27 0 26 0 25 23 
9 29 2 28 1 27 0 26 23 
10 29 2 28 1 27 0 26 23 
9 29 2 28 1 27 0 26 23 
9 29 2 28 1 27 0 26 23 
9 29 2 28 1 27 0 26 23 
9 29 2 28 1 27 0 26 23 
9 29 2 28 1 27 0 26 23 
10 29 2 28 1 27 0 26 23 
8 29 2 28 1 27 0 26 23 
8 29 3 28 1 27 0 26 23 
9 29 2 28 1 27 0 26 23 
9 28 1 27 0 26 0 25 23 
9 29 2 28 1 27 0 26 23 
10 29 2 28 1 27 0 26 23 
9 29 2 28 1 27 0 26 23 
9 29 2 28 1 27 0 26 23 
9 29 2 28 1 27 0 26 23 
9 29 3 28 1 27 0 26 23 
9 29 2 28 1 27 0 26 23 
9 29 2 28 1 27 0 26 23 
10 29 2 28 1 27 0 26 23 
10 29 2 28 1 27 0 26 23 
9 29 2 28 1 27 0 26 23 
SCORES_TXT_END_0
SCORES_TXT_BEGIN_0 86 100 9 BLEU
2 35 0 34 0 33 0 32 19 
2 35 0 34 0 33 0 32 19 
2 35 0 34 0 33 0 32 19 
2 35 0 34 0 33 0 32 19 
2 35 0 34 0 33 0 32 19 
2 35 0 34 0 33 0 32 19 
2 35 0 34 0 33 0 32 19 
2 35 0 34 0 33 0 32 19 
2 35 0 34 0 33 0 32 19 
2 35 0 34 0 33 0 32 19 
2 35 0 34 0 33 0 32 19 
2 35 0 34 0 33 0 32 19 
2 35 0 34 0 33 0 32 19 
2 35 0 34 0 33 0 32 19 
2 35 0 34 0 33 0 32 19 
2 35 0 34 0 33 0 32 19 
2 35 0 34 0 33 0 32 19 
2 35 0 34 0 33 0 32 19 
2 35 0 34 0 33 0 32 19 
2 35 0 34 0 33 0 32 19 
2 35 0 34 0 33 0 32 19 
2 35 0 34 0 33 0 32 19 
2 35 0 34 0 33 0 32 19 
2 35 0 34 0 33 0 32 19 
2 35 0 34 0 33 0 32 19 
2 35 0 34 0 33 0 32 19 
2 35 0 34 0 33 0 32 19 
2 35 0 34 0 33 0 32 19 
2 35 0 34 0 33 0 32 19 
2 35 0 34 0 33 0 32 19 
2 35 0 34 0 33 0 32 19 
2 35 0 34 0 33 0 32 19 
2 35 0 34 0 33 0 32 19 
2 35 0 34 0 33 0 32 19 
2 35 0 34 0 33 0 32 19 
2 35 0 34 0 33 0 32 19 
2 35 0 34 0 33 0 32 19 
2 35 0 34 0 33 0 32 19 
2 35 0 34 0 33 0 32 19 
2 35 0 34 0 33 0 32 19 
2 35 0 34 0 33 0 32 19 
2 35 0 34 0 33 0 32 19 
2 35 0 34 0 33 0 32 19 
2 35 0 34 0 33 0 32 19 
2 35 0 34 0 33 0 32 19 
2 35 0 34 0 33 0 32 19 
2 35 0 34 0 33 0 32 19 
2 35 0 34 0 33 0 32 19 
2 35 0 34 0 33 0 32 19 
2 35 0 34 0 33 0 32 19 
2 35 0 34 0 33 0 32 19 
2 35 0 34 0 33 0 32 19 
2 35 0 34 0 33 0 32 19 
2 35 0 34 0 33 0 32 19 
2 35 0 34 0 33 0 32 19 
2 35 0 34 0 33 0 32 19 
2 35 0 34 0 33 0 32 19 
2 35 0 34 0 33 0 32 19 
2 35 0 34 0 33 0 32 19 
2 35 0 34 0 33 0 32 19 
2 35 0 34 0 33 0 32 19 
2 35 0 34 0 33 0 32 19 
2 35 0 34 0 33 0 32 19 
2 35 0 34 0 33 0 32 19 
2 35 0 34 0 33 0 32 19 
2 35 0 34 0 33 0 32 19 
2 35 0 34 0 33 0 32 19 
2 35 0 34 0 33 0 32 19 
2 35 0 34 0 33 0 32 19 
2 35 0 34 0 33 0 32 19 
2 35 0 34 0 33 0 32 19 
2 35 0 34 0 33 0 32 19 
2 35 0 34 0 33 0 32 19 
2 35 0 34 0 33 0 32 19 
2 35 0 34 0 33 0 32 19 
2 35 0 34 0 33 0 32 19 
2 35 0 34 0 33 0 32 19 
2 35 0 34 0 33 0 32 19 
2 35 0 34 0 33 0 32 19 
2 35 1 34 0 33 0 32 19 
2 35 0 34 0 33 0 32 19 
2 35 0 34 0 33 0 32 19 
2 35 0 34 0 33 0 32 19 
2 35 0 34 0 33 0 32 19 
2 35 0 34 0 33 0 32 19 
2 35 0 34 0 33 0 32 19 
2 35 1 34 0 33 0 32 19 
2 35 0 34 0 33 0 32 19 
2 35 0 34 0 33 0 32 19 
2 35 0 34 0 33 0 32 19 
2 35 0 34 0 33 0 32 19 
2 35 0 34 0 33 0 32 19 
2 35 0 34 0 33 0 32 19 
2 35 0 34 0 33 0 32 19 
2 35 0 34 0 33 0 32 19 
2 35 0 34 0 33 0 32 19 
2 35 0 34 0 33 0 32 19 
2 35 0 34 0 33 0 32 19 
2 35 0 34 0 33 0 32 19 
3 35 0 34 0 33 0 32 19 
SCORES_TXT_END_0
SCORES_TXT_BEGIN_0 87 94 9 BLEU
6 31 0 30 0 29 0 28 15 
6 31 0 30 0 29 0 28 15 
6 31 0 30 0 29 0 28 15 
6 31 0 30 0 29 0 28 15 
6 31 0 30 0 29 0 28 15 
6 31 0 30 0 29 0 28 15 
6 31 0 30 0 29 0 28 15 
6 31 0 30 0 29 0 28 15 
6 31 0 30 0 29 0 28 15 
6 31 0 30 0 29 0 28 15 
6 31 0 30 0 29 0 28 15 
6 31 0 30 0 29 0 28 15 
6 31 0 30 0 29 0 28 15 
6 31 0 30 0 29 0 28 15 
5 31 0 30 0 29 0 28 15 
6 31 0 30 0 29 0 28 15 
6 31 0 30 0 29 0 28 15 
6 31 0 30 0 29 0 28 15 
6 31 0 30 0 29 0 28 15 
6 31 0 30 0 29 0 28 15 
6 31 0 30 0 29 0 28 15 
6 31 0 30 0 29 0 28 15 
6 31 0 30 0 29 0 28 15 
6 31 0 30 0 29 0 28 15 
6 31 0 30 0 29 0 28 15 
6 31 0 30 0 29 0 28 15 
6 31 0 30 0 29 0 28 15 
6 31 0 30 0 29 0 28 15 
6 31 0 30 0 29 0 28 15 
6 31 0 30 0 29 0 28 15 
6 31 0 30 0 29 0 28 15 
6 31 0 30 0 29 0 28 15 
6 31 0 30 0 29 0 28 15 
6 31 0 30 0 29 0 28 15 
5 31 0 30 0 29 0 28 15 
5 31 0 30 0 29 0 28 15 
6 31 0 30 0 29 0 28 15 
6 31 0 30 0 29 0 28 15 
5 31 0 30 0 29 0 28 15 
6 31 0 30 0 29 0 28 15 
6 31 0 30 0 29 0 28 15 
6 31 0 30 0 29 0 28 15 
6 31 0 30 0 29 0 28 15 
6 31 0 30 0 29 0 28 15 
6 31 0 30 0 29 0 28 15 
6 31 0 30 0 29 0 28 15 
6 31 0 30 0 29 0 28 15 
5 31 0 30 0 29 0 28 15 
6 30 0 29 0 28 0 27 15 
6 31 0 30 0 29 0 28 15 
6 31 0 30 0 29 0 28 15 
6 31 0 30 0 29 0 28 15 
5 31 0 30 0 29 0 28 15 
6 31 0 30 0 29 0 28 15 
6 31 0 30 0 29 0 28 15 
6 31 0 30 0 29 0 28 15 
6 31 0 30 0 29 0 28 15 
6 31 0 30 0 29 0 28 15 
6 31 0 30 0 29 0 28 15 
6 31 0 30 0 29 0 28 15 
6 31 0 30 0 29 0 28 15 
6 31 0 30 0 29 0 28 15 
6 31 0 30 0 29 0 28 15 
6 31 0 30 0 29 0 28 15 
6 31 0 30 0 29 0 28 15 
6 31 0 30 0 29 0 28 15 
6 31 0 30 0 29 0 28 15 
6 31 0 30 0 29 0 28 15 
6 31 0 30 0 29 0 28 15 
6 31 0 30 0 29 0 28 15 
6 31 0 30 0 29 0 28 15 
6 31 0 30 0 29 0 28 15 
6 31 0 30 0 29 0 28 15 
6 31 0 30 0 29 0 28 15 
6 31 0 30 0 29 0 28 15 
6 31 0 30 0 29 0 28 15 
6 31 0 30 0 29 0 28 15 
6 31 0 30 0 29 0 28 15 
6 31 0 30 0 29 0 28 15 
6 31 0 30 0 29 0 28 15 
6 31 0 30 0 29 0 28 15 
6 31 0 30 0 29 0 28 15 
6 31 0 30 0 29 0 28 15 
6 31 0 30 0 29 0 28 15 
6 31 0 30 0 29 0 28 15 
6 31 0 30 0 29 0 28 15 
6 31 0 30 0 29 0 28 15 
6 31 0 30 0 29 0 28 15 
6 31 0 30 0 29 0 28 15 
6 31 0 30 0 29 0 28 15 
6 31 0 30 0 29 0 28 15 
6 31 0 30 0 29 0 28 15 
6 31 0 30 0 29 0 28 15 
6 31 0 30 0 29 0 28 15 
SCORES_TXT_END_0
SCORES_TXT_BEGIN_0 88 100 9 BLEU
8 43 2 42 1 41 0 40 17 
8 43 2 42 1 41 0 40 17 
8 43 2 42 1 41 0 40 17 
8 43 2 42 1 41 0 40 17 
8 43 2 42 1 41 0 40 17 
8 43 2 42 1 41 0 40 17 
8 43 2 42 1 41 0 40 17 
8 43 2 42 1 41 0 40 17 
8 43 2 42 1 41 0 40 17 
8 43 2 42 1 41 0 40 17 
9 43 2 42 1 41 0 40 17 
8 43 2 42 1 41 0 40 17 
8 43 2 42 1 41 0 40 17 
8 43 2 42 1 41 0 40 17 
8 43 2 42 1 41 0 40 17 
8 43 2 42 1 41 0 40 17 
8 43 2 42 1 41 0 40 17 
9 43 2 42 1 41 0 40 17 
8 43 2 42 1 41 0 40 17 
8 43 2 42 1 41 0 40 17 
9 43 2 42 1 41 0 40 17 
8 43 2 42 1 41 0 40 17 
8 43 2 42 1 41 0 40 17 
8 43 2 42 1 41 0 40 17 
8 43 2 42 1 41 0 40 17 
9 43 2 42 1 41 0 40 17 
8 43 2 42 1 41 0 40 17 
8 43 2 42 1 41 0 40 17 
8 43 2 42 1 41 0 40 17 
8 43 2 42 1 41 0 40 17 
8 43 2 42 1 41 0 40 17 
8 43 3 42 1 41 0 40 17 
8 43 3 42 1 41 0 40 17 
8 43 2 42 1 41 0 40 17 
8 43 2 42 1 41 0 40 17 
8 43 2 42 1 41 0 40 17 
8 43 2 42 1 41 0 40 17 
8 43 2 42 1 41 0 40 17 
8 43 2 42 1 41 0 40 17 
8 43 3 42 1 41 0 40 17 
8 43 3 42 1 41 0 40 17 
8 43 2 42 1 41 0 40 17 
8 43 2 42 1 41 0 40 17 
8 43 2 42 1 41 0 40 17 
8 43 2 42 1 41 0 40 17 
8 43 3 42 1 41 0 40 17 
8 43 2 42 1 41 0 40 17 
8 43 3 42 1 41 0 40 17 
8 43 2 42 1 41 0 40 17 
8 43 2 42 1 41 0 40 17 
8 43 2 42 1 41 0 40 17 
8 43 2 42 1 41 0 40 17 
8 43 2 42 1 41 0 40 17 
8 43 2 42 1 41 0 40 17 
8 43 2 42 1 41 0 40 17 
8 43 2 42 1 41 0 40 17 
9 43 2 42 1 41 0 40 17 
8 43 2 42 1 41 0 40 17 
8 43 2 42 1 41 0 40 17 
8 43 2 42 1 41 0 40 17 
9 43 2 42 1 41 0 40 17 
9 43 2 42 1 41 0 40 17 
8 43 2 42 1 41 0 40 17 
8 43 2 42 1 41 0 40 17 
8 43 2 42 1 41 0 40 17 
8 43 2 42 1 41 0 40 17 
8 43 2 42 1 41 0 40 17 
8 43 2 42 1 41 0 40 17 
8 43 2 42 1 41 0 40 17 
9 43 2 42 1 41 0 40 17 
8 43 2 42 1 41 0 40 17 
8 43 2 42 1 41 0 40 17 
9 43 2 42 1 41 0 40 17 
8 43 2 42 1 41 0 40 17 
9 43 2 42 1 41 0 40 17 
9 43 2 42 1 41 0 40 17 
8 43 2 42 1 41 0 40 17 
8 43 2 42 1 41 0 40 17 
8 43 2 42 1 41 0 40 17 
8 43 2 42 1 41 0 40 17 
8 43 2 42 1 41 0 40 17 
8 43 2 42 1 41 0 40 17 
9 43 2 42 1 41 0 40 17 
8 43 2 42 1 41 0 40 17 
8 43 2 42 1 41 0 40 17 
9 43 2 42 1 41 0 40 17 
9 43 2 42 1 41 0 40 17 
8 43 2 42 1 41 0 40 17 
8 43 2 42 1 41 0 40 17 
8 43 2 42 1 41 0 40 17 
8 43 2 42 1 41 0 40 17 
9 43 2 42 1 41 0 40 17 
8 43 2 42 1 41 0 40 17 
8 43 2 42 1 41 0 40 17 
9 43 2 42 1 41 0 40 17 
8 43 3 42 1 41 0 40 17 
8 43 2 42 1 41 0 40 17 
9 43 2 42 1 41 0 40 17 
9 43 2 42 1 41 0 40 17 
8 43 2 42 1 41 0 40 17 
SCORES_TXT_END_0
SCORES_TXT_BEGIN_0 89 97 9 BLEU
7 33 0 32 0 31 0 30 24 
7 33 0 32 0 31 0 30 24 
7 33 0 32 0 31 0 30 24 
7 33 0 32 0 31 0 30 24 
7 33 0 32 0 31 0 30 24 
7 33 0 32 0 31 0 30 24 
7 33 0 32 0 31 0 30 24 
8 33 1 32 0 31 0 30 24 
7 33 0 32 0 31 0 30 24 
7 33 0 32 0 31 0 30 24 
7 33 0 32 0 31 0 30 24 
7 33 0 32 0 31 0 30 24 
7 33 0 32 0 31 0 30 24 
7 33 0 32 0 31 0 30 24 
7 33 0 32 0 31 0 30 24 
7 33 0 32 0 31 0 30 24 
7 33 0 32 0 31 0 30 24 
7 33 0 32 0 31 0 30 24 
7 33 0 32 0 31 0 30 24 
7 33 0 32 0 31 0 30 24 
7 33 0 32 0 31 0 30 24 
7 33 0 32 0 31 0 30 24 
7 33 0 32 0 31 0 30 24 
7 33 0 32 0 31 0 30 24 
7 33 0 32 0 31 0 30 24 
7 33 0 32 0 31 0 30 24 
7 33 0 32 0 31 0 30 24 
8 33 1 32 0 31 0 30 24 
7 33 0 32 0 31 0 30 24 
7 33 0 32 0 31 0 30 24 
7 33 0 32 0 31 0 30 24 
7 33 0 32 0 31 0 30 24 
7 33 0 32 0 31 0 30 24 
8 33 1 32 0 31 0 30 24 
7 33 0 32 0 31 0 30 24 
7 33 0 32 0 31 0 30 24 
7 33 0 32 0 31 0 30 24 
7 33 0 32 0 31 0 30 24 
7 33 0 32 0 31 0 30 24 
7 33 0 32 0 31 0 30 24 
7 34 1 33 0 32 0 31 24 
7 33 0 32 0 31 0 30 24 
7 33 0 32 0 31 0 30 24 
7 33 0 32 0 31 0 30 24 
7 33 0 32 0 31 0 30 24 
7 33 0 32 0 31 0 30 24 
7 33 0 32 0 31 0 30 24 
8 33 1 32 0 31 0 30 24 
7 33 0 32 0 31 0 30 24 
8 33 0 32 0 31 0 30 24 
7 33 0 32 0 31 0 30 24 
7 33 0 32 0 31 0 30 24 
7 33 0 32 0 31 0 30 24 
7 33 0 32 0 31 0 30 24 
8 33 1 32 0 31 0 30 24 
7 33 0 32 0 31 0 30 24 
7 33 0 32 0 31 0 30 24 
7 33 0 32 0 31 0 30 24 
7 33 0 32 0 31 0 30 24 
7 33 0 32 0 31 0 30 24 
7 33 0 32 0 31 0 30 24 
7 33 0 32 0 31 0 30 24 
7 33 0 32 0 31 0 30 24 
7 33 0 32 0 31 0 30 24 
7 33 0 32 0 31 0 30 24 
7 33 0 32 0 31 0 30 24 
8 33 1 32 0 31 0 30 24 
7 33 0 32 0 31 0 30 24 
7 33 0 32 0 31 0 30 24 
7 33 0 32 0 31 0 30 24 
8 33 1 32 0 31 0 30 24 
7 33 0 32 0 31 0 30 24 
7 33 0 32 0 31 0 30 24 
7 33 0 32 0 31 0 30 24 
7 33 0 32 0 31 0 30 24 
7 33 0 32 0 31 0 30 24 
7 34 0 33 0 32 0 31 24 
7 33 0 32 0 31 0 30 24 
7 33 0 32 0 31 0 30 24 
7 33 0 32 0 31 0 30 24 
8 33 1 32 0 31 0 30 24 
7 33 0 32 0 31 0 30 24 
7 33 0 32 0 31 0 30 24 
7 33 0 32 0 31 0 30 24 
7 33 0 32 0 31 0 30 24 
7 33 0 32 0 31 0 30 24 
7 33 0 32 0 31 0 30 24 
7 33 0 32 0 31 0 30 24 
7 33 0 32 0 31 0 30 24 
7 33 0 32 0 31 0 30 24 
7 33 0 32 0 31 0 30 24 
7 33 0 32 0 31 0 30 24 
7 33 0 32 0 31 0 30 24 
7 33 0 32 0 31 0 30 24 
7 33 0 32 0 31 0 30 24 
7 33 0 32 0 31 0 30 24 
7 33 0 32 0 31 0 30 24 
SCORES_TXT_END_0
SCORES_TXT_BEGIN_0 90 92 9 BLEU
11 56 0 55 0 54 0 53 22 
11 56 0 55 0 54 0 53 22 
11 56 0 55 0 54 0 53 22 
11 56 0 55 0 54 0 53 22 
11 56 0 55 0 54 0 53 22 
11 56 0 55 0 54 0 53 22 
11 56 1 55 0 54 0 53 22 
11 56 1 55 0 54 0 53 22 
11 56 0 55 0 54 0 53 22 
11 56 0 55 0 54 0 53 22 
11 56 1 55 0 54 0 53 22 
11 56 1 55 0 54 0 53 22 
11 56 1 55 0 54 0 53 22 
11 56 0 55 0 54 0 53 22 
11 56 0 55 0 54 0 53 22 
11 56 0 55 0 54 0 53 22 
11 56 0 55 0 54 0 53 22 
11 56 1 55 0 54 0 53 22 
11 56 0 55 0 54 0 53 22 
11 56 0 55 0 54 0 53 22 
11 56 1 55 0 54 0 53 22 
11 56 0 55 0 54 0 53 22 
11 56 0 55 0 54 0 53 22 
11 56 0 55 0 54 0 53 22 
11 56 1 55 0 54 0 53 22 
11 56 1 55 0 54 0 53 22 
11 56 0 55 0 54 0 53 22 
11 56 0 55 0 54 0 53 22 
11 56 0 55 0 54 0 53 22 
11 56 0 55 0 54 0 53 22 
11 56 1 55 0 54 0 53 22 
11 56 1 55 0 54 0 53 22 
11 56 0 55 0 54 0 53 22 
11 56 2 55 0 54 0 53 22 
11 56 1 55 0 54 0 53 22 
11 56 0 55 0 54 0 53 22 
11 56 0 55 0 54 0 53 22 
11 56 0 55 0 54 0 53 22 
11 56 1 55 0 54 0 53 22 
11 56 0 55 0 54 0 53 22 
11 56 0 55 0 54 0 53 22 
11 56 0 55 0 54 0 53 22 
11 56 0 55 0 54 0 53 22 
11 56 0 55 0 54 0 53 22 
11 56 0 55 0 54 0 53 22 
11 56 1 55 0 54 0 53 22 
11 56 0 55 0 54 0 53 22 
11 56 2 55 0 54 0 53 22 
11 56 0 55 0 54 0 53 22 
11 56 0 55 0 54 0 53 22 
11 56 1 55 0 54 0 53 22 
11 56 0 55 0 54 0 53 22 
11 56 0 55 0 54 0 53 22 
11 56 0 55 0 54 0 53 22 
11 56 0 55 0 54 0 53 22 
11 56 0 55 0 54 0 53 22 
11 56 0 55 0 54 0 53 22 
11 56 0 55 0 54 0 53 22 
11 56 0 55 0 54 0 53 22 
11 56 0 55 0 54 0 53 22 
11 56 0 55 0 54 0 53 22 
11 56 0 55 0 54 0 53 22 
11 56 0 55 0 54 0 53 22 
11 56 0 55 0 54 0 53 22 
11 56 1 55 0 54 0 53 22 
11 56 0 55 0 54 0 53 22 
11 56 0 55 0 54 0 53 22 
11 56 1 55 0 54 0 53 22 
11 56 0 55 0 54 0 53 22 
11 56 1 55 0 54 0 53 22 
11 56 2 55 0 54 0 53 22 
11 56 0 55 0 54 0 53 22 
11 56 1 55 0 54 0 53 22 
11 56 1 55 0 54 0 53 22 
11 56 2 55 0 54 0 53 22 
11 56 2 55 0 54 0 53 22 
11 56 0 55 0 54 0 53 22 
11 56 0 55 0 54 0 53 22 
11 56 1 55 0 54 0 53 22 
11 56 1 55 0 54 0 53 22 
11 56 0 55 0 54 0 53 22 
11 56 0 55 0 54 0 53 22 
11 56 1 55 0 54 0 53 22 
11 56 0 55 0 54 0 53 22 
11 56 1 55 0 54 0 53 22 
11 56 0 55 0 54 0 53 22 
11 56 2 55 0 54 0 53 22 
11 56 0 55 0 54 0 53 22 
11 56 1 55 0 54 0 53 22 
11 56 0 55 0 54 0 53 22 
11 56 1 55 0 54 0 53 22 
11 56 1 55 0 54 0 53 22 
SCORES_TXT_END_0
SCORES_TXT_BEGIN_0 91 100 9 BLEU
8 47 1 46 0 45 0 44 19 
8 47 1 46 0 45 0 44 19 
8 47 1 46 0 45 0 44 19 
8 47 1 46 0 45 0 44 19 
8 47 1 46 0 45 0 44 19 
8 47 1 46 0 45 0 44 19 
8 47 1 46 0 45 0 44 19 
8 47 1 46 0 45 0 44 19 
8 47 1 46 0 45 0 44 19 
8 47 1 46 0 45 0 44 19 
8 47 1 46 0 45 0 44 19 
8 47 1 46 0 45 0 44 19 
8 47 1 46 0 45 0 44 19 
8 47 1 46 0 45 0 44 19 
8 47 1 46 0 45 0 44 19 
8 47 1 46 0 45 0 44 19 
8 47 1 46 0 45 0 44 19 
8 47 1 46 0 45 0 44 19 
8 47 1 46 0 45 0 44 19 
8 47 1 46 0 45 0 44 19 
8 47 2 46 0 45 0 44 19 
8 47 1 46 0 45 0 44 19 
8 47 1 46 0 45 0 44 19 
8 47 1 46 0 45 0 44 19 
8 47 1 46 0 45 0 44 19 
8 47 1 46 0 45 0 44 19 
8 47 1 46 0 45 0 44 19 
8 47 1 46 0 45 0 44 19 
8 47 1 46 0 45 0 44 19 
8 47 1 46 0 45 0 44 19 
8 47 1 46 0 45 0 44 19 
8 47 1 46 0 45 0 44 19 
8 47 2 46 0 45 0 44 19 
8 47 1 46 0 45 0 44 19 
8 47 1 46 0 45 0 44 19 
8 47 1 46 0 45 0 44 19 
8 47 1 46 0 45 0 44 19 
8 47 1 46 0 45 0 44 19 
8 47 1 46 0 45 0 44 19 
8 47 1 46 0 45 0 44 19 
8 47 1 46 0 45 0 44 19 
8 47 1 46 0 45 0 44 19 
8 47 1 46 0 45 0 44 19 
8 47 1 46 0 45 0 44 19 
8 47 1 46 0 45 0 44 19 
8 47 1 46 0 45 0 44 19 
8 47 1 46 0 45 0 44 19 
8 47 1 46 0 45 0 44 19 
8 47 2 46 0 45 0 44 19 
8 47 1 46 0 45 0 44 19 
8 47 2 46 0 45 0 44 19 
8 47 1 46 0 45 0 44 19 
8 47 1 46 0 45 0 44 19 
8 47 1 46 0 45 0 44 19 
8 47 1 46 0 45 0 44 19 
8 47 1 46 0 45 0 44 19 
8 47 1 46 0 45 0 44 19 
8 47 1 46 0 45 0 44 19 
8 47 1 46 0 45 0 44 19 
8 47 1 46 0 45 0 44 19 
8 47 1 46 0 45 0 44 19 
8 47 1 46 0 45 0 44 19 
8 47 1 46 0 45 0 44 19 
8 47 1 46 0 45 0 44 19 
8 47 1 46 0 45 0 44 19 
8 47 2 46 0 45 0 44 19 
8 47 1 46 0 45 0 44 19 
8 47 1 46 0 45 0 44 19 
8 47 1 46 0 45 0 44 19 
8 47 2 46 0 45 0 44 19 
8 47 1 46 0 45 0 44 19 
8 47 1 46 0 45 0 44 19 
8 48 2 47 0 46 0 45 19 
8 47 1 46 0 45 0 44 19 
8 47 1 46 0 45 0 44 19 
8 47 1 46 0 45 0 44 19 
8 47 1 46 0 45 0 44 19 
8 47 1 46 0 45 0 44 19 
8 47 1 46 0 45 0 44 19 
8 47 2 46 0 45 0 44 19 
8 47 1 46 0 45 0 44 19 
8 47 1 46 0 45 0 44 19 
8 47 2 46 0 45 0 44 19 
8 47 1 46 0 45 0 44 19 
8 47 1 46 0 45 0 44 19 
8 47 1 46 0 45 0 44 19 
8 47 1 46 0 45 0 44 19 
8 47 1 46 0 45 0 44 19 
8 47 1 46 0 45 0 44 19 
8 47 1 46 0 45 0 44 19 
8 47 1 46 0 45 0 44 19 
8 47 1 46 0 45 0 44 19 
8 47 1 46 0 45 0 44 19 
8 47 1 46 0 45 0 44 19 
8 47 1 46 0 45 0 44 19 
8 47 1 46 0 45 0 44 19 
8 47 2 46 0 45 0 44 19 
8 47 1 46 0 45 0 44 19 
8 47 1 46 0 45 0 44 19 
8 47 1 46 0 45 0 44 19 
SCORES_TXT_END_0
SCORES_TXT_BEGIN_0 92 91 9 BLEU
7 32 3 31 0 30 0 29 13 
7 32 3 31 0 30 0 29 13 
7 32 3 31 0 30 0 29 13 
7 32 3 31 0 30 0 29 13 
7 31 3 30 0 29 0 28 13 
7 31 3 30 0 29 0 28 13 
6 32 2 31 0 30 0 29 13 
7 32 3 31 0 30 0 29 13 
7 32 3 31 0 30 0 29 13 
7 32 3 31 0 30 0 29 13 
7 31 3 30 0 29 0 28 13 
6 32 2 31 0 30 0 29 13 
7 31 3 30 0 29 0 28 13 
7 32 3 31 0 30 0 29 13 
6 32 2 31 0 30 0 29 13 
7 32 3 31 0 30 0 29 13 
6 32 2 31 0 30 0 29 13 
7 32 3 31 0 30 0 29 13 
7 31 3 30 0 29 0 28 13 
7 33 2 32 0 31 0 30 13 
7 32 3 31 0 30 0 29 13 
7 32 3 31 0 30 0 29 13 
7 32 3 31 0 30 0 29 13 
7 31 3 30 0 29 0 28 13 
6 31 2 30 0 29 0 28 13 
7 31 3 30 0 29 0 28 13 
7 31 3 30 0 29 0 28 13 
7 32 3 31 0 30 0 29 13 
7 32 3 31 0 30 0 29 13 
7 33 2 32 0 31 0 30 13 
7 33 2 32 0 31 0 30 13 
7 32 3 31 0 30 0 29 13 
7 31 3 30 0 29 0 28 13 
7 31 3 30 0 29 0 28 13 
7 31 3 30 0 29 0 28 13 
7 31 3 30 0 29 0 28 13 
7 32 3 31 0 30 0 29 13 
7 32 3 31 0 30 0 29 13 
7 31 3 30 0 29 0 28 13 
6 31 2 30 0 29 0 28 13 
7 31 3 30 0 29 0 28 13 
7 31 3 30 0 29 0 28 13 
7 32 3 31 0 30 0 29 13 
6 32 2 31 0 30 0 29 13 
7 32 3 31 0 30 0 29 13 
6 32 2 31 0 30 0 29 13 
7 33 2 32 0 31 0 30 13 
7 33 2 32 0 31 0 30 13 
7 31 3 30 0 29 0 28 13 
7 32 3 31 0 30 0 29 13 
6 32 2 31 0 30 0 29 13 
7 32 3 31 0 30 0 29 13 
7 32 3 31 0 30 0 29 13 
6 31 2 30 0 29 0 28 13 
7 31 3 30 0 29 0 28 13 
7 31 3 30 0 29 0 28 13 
6 31 2 30 0 29 0 28 13 
6 32 2 31 0 30 0 29 13 
7 31 3 30 0 29 0 28 13 
7 30 3 29 0 28 0 27 13 
7 32 3 31 0 30 0 29 13 
7 32 3 31 0 30 0 29 13 
7 31 3 30 0 29 0 28 13 
7 32 2 31 0 30 0 29 13 
7 31 3 30 0 29 0 28 13 
7 31 3 30 0 29 0 28 13 
7 31 3 30 0 29 0 28 13 
7 31 3 30 0 29 0 28 13 
6 32 2 31 0 30 0 29 13 
7 30 3 29 0 28 0 27 13 
7 32 3 31 0 30 0 29 13 
6 32 2 31 0 30 0 29 13 
7 32 3 31 0 30 0 29 13 
7 32 3 31 0 30 0 29 13 
6 31 2 30 0 29 0 28 13 
7 32 3 31 0 30 0 29 13 
7 31 3 30 0 29 0 28 13 
7 31 3 30 0 29 0 28 13 
7 31 3 30 0 29 0 28 13 
7 33 2 32 0 31 0 30 13 
7 32 2 31 0 30 0 29 13 
7 32 3 31 0 30 0 29 13 
7 32 3 31 0 30 0 29 13 
6 32 2 31 0 30 0 29 13 
6 32 2 31 0 30 0 29 13 
7 31 3 30 0 29 0 28 13 
7 32 3 31 0 30 0 29 13 
7 31 3 30 0 29 0 28 13 
7 31 3 30 0 29 0 28 13 
7 31 3 30 0 29 0 28 13 
7 32 3 31 0 30 0 29 13 
SCORES_TXT_END_0
SCORES_TXT_BEGIN_0 93 100 9 BLEU
13 41 2 40 0 39 0 38 26 
13 41 2 40 0 39 0 38 26 
13 41 2 40 0 39 0 38 26 
13 41 2 40 0 39 0 38 26 
13 41 2 40 0 39 0 38 26 
13 41 2 40 0 39 0 38 26 
13 41 2 40 0 39 0 38 26 
13 41 2 40 0 39 0 38 26 
13 41 2 40 0 39 0 38 26 
13 41 2 40 0 39 0 38 26 
13 41 2 40 0 39 0 38 26 
13 41 2 40 0 39 0 38 26 
13 41 2 40 0 39 0 38 26 
13 41 2 40 0 39 0 38 26 
13 41 2 40 0 39 0 38 26 
13 41 2 40 0 39 0 38 26 
13 41 2 40 0 39 0 38 26 
12 41 1 40 0 39 0 38 26 
13 41 2 40 0 39 0 38 26 
13 41 2 40 0 39 0 38 26 
13 41 2 40 0 39 0 38 26 
13 41 2 40 0 39 0 38 26 
13 41 2 40 0 39 0 38 26 
12 41 1 40 0 39 0 38 26 
13 41 2 40 0 39 0 38 26 
13 41 2 40 0 39 0 38 26 
13 41 2 40 0 39 0 38 26 
13 41 2 40 0 39 0 38 26 
13 41 2 40 0 39 0 38 26 
13 41 2 40 0 39 0 38 26 
13 41 2 40 0 39 0 38 26 
13 41 2 40 0 39 0 38 26 
13 41 2 40 0 39 0 38 26 
12 41 1 40 0 39 0 38 26 
12 41 1 40 0 39 0 38 26 
13 41 2 40 0 39 0 38 26 
13 41 2 40 0 39 0 38 26 
13 41 2 40 0 39 0 38 26 
13 41 2 40 0 39 0 38 26 
13 41 2 40 0 39 0 38 26 
13 41 2 40 0 39 0 38 26 
13 41 2 40 0 39 0 38 26 
13 41 2 40 0 39 0 38 26 
12 41 1 40 0 39 0 38 26 
13 41 2 40 0 39 0 38 26 
13 41 2 40 0 39 0 38 26 
12 41 1 40 0 39 0 38 26 
13 41 2 40 0 39 0 38 26 
13 41 2 40 0 39 0 38 26 
12 41 1 40 0 39 0 38 26 
13 41 2 40 0 39 0 38 26 
13 41 2 40 0 39 0 38 26 
13 41 2 40 0 39 0 38 26 
13 41 2 40 0 39 0 38 26 
13 41 2 40 0 39 0 38 26 
13 41 2 40 0 39 0 38 26 
12 41 1 40 0 39 0 38 26 
13 41 2 40 0 39 0 38 26 
13 41 2 40 0 39 0 38 26 
12 41 1 40 0 39 0 38 26 
13 41 2 40 0 39 0 38 26 
13 41 2 40 0 39 0 38 26 
12 41 1 40 0 39 0 38 26 
13 41 2 40 0 39 0 38 26 
13 41 2 40 0 39 0 38 26 
12 41 1 40 0 39 0 38 26 
13 41 2 40 0 39 0 38 26 
12 41 1 40 0 39 0 38 26 
13 41 2 40 0 39 0 38 26 
13 41 2 40 0 39 0 38 26 
13 41 2 40 0 39 0 38 26 
13 41 2 40 0 39 0 38 26 
13 41 2 40 0 39 0 38 26 
12 41 1 40 0 39 0 38 26 
13 41 2 40 0 39 0 38 26 
13 41 2 40 0 39 0 38 26 
12 41 1 40 0 39 0 38 26 
12 41 1 40 0 39 0 38 26 
13 41 2 40 0 39 0 38 26 
12 41 1 40 0 39 0 38 26 
12 41 1 40 0 39 0 38 26 
13 41 2 40 0 39 0 38 26 
12 41 1 40 0 39 0 38 26 
13 41 2 40 0 39 0 38 26 
12 41 1 40 0 39 0 38 26 
13 41 2 40 0 39 0 38 26 
13 41 2 40 0 39 0 38 26 
13 41 2 40 0 39 0 38 26 
13 41 2 40 0 39 0 38 26 
13 41 2 40 0 39 0 38 26 
13 41 2 40 0 39 0 38 26 
12 41 1 40 0 39 0 38 26 
13 41 2 40 0 39 0 38 26 
12 41 1 40 0 39 0 38 26 
13 41 2 40 0 39 0 38 26 
13 41 2 40 0 39 0 38 26 
13 41 2 40 0 39 0 38 26 
12 41 1 40 0 39 0 38 26 
12 41 1 40 0 39 0 38 26 
13 41 2 40 0 39 0 38 26 
SCORES_TXT_END_0
SCORES_TXT_BEGIN_0 94 99 9 BLEU
6 47 1 46 0 45 0 44 19 
6 47 1 46 0 45 0 44 19 
6 47 1 46 0 45 0 44 19 
6 47 1 46 0 45 0 44 19 
6 47 1 46 0 45 0 44 19 
6 47 1 46 0 45 0 44 19 
6 47 1 46 0 45 0 44 19 
6 47 1 46 0 45 0 44 19 
6 47 1 46 0 45 0 44 19 
6 47 1 46 0 45 0 44 19 
6 47 1 46 0 45 0 44 19 
6 47 1 46 0 45 0 44 19 
6 47 1 46 0 45 0 44 19 
6 47 1 46 0 45 0 44 19 
6 47 1 46 0 45 0 44 19 
6 47 1 46 0 45 0 44 19 
6 47 1 46 0 45 0 44 19 
6 47 1 46 0 45 0 44 19 
6 47 1 46 0 45 0 44 19 
6 47 1 46 0 45 0 44 19 
6 47 1 46 0 45 0 44 19 
6 47 1 46 0 45 0 44 19 
6 47 1 46 0 45 0 44 19 
6 47 1 46 0 45 0 44 19 
6 47 1 46 0 45 0 44 19 
6 47 1 46 0 45 0 44 19 
6 47 0 46 0 45 0 44 19 
6 47 1 46 0 45 0 44 19 
6 47 1 46 0 45 0 44 19 
6 47 1 46 0 45 0 44 19 
6 47 1 46 0 45 0 44 19 
6 47 1 46 0 45 0 44 19 
6 47 1 46 0 45 0 44 19 
6 47 1 46 0 45 0 44 19 
6 47 1 46 0 45 0 44 19 
6 47 1 46 0 45 0 44 19 
6 47 1 46 0 45 0 44 19 
6 47 1 46 0 45 0 44 19 
6 47 1 46 0 45 0 44 19 
6 47 1 46 0 45 0 44 19 
6 47 1 46 0 45 0 44 19 
6 47 1 46 0 45 0 44 19 
6 47 1 46 0 45 0 44 19 
6 47 1 46 0 45 0 44 19 
6 47 1 46 0 45 0 44 19 
6 47 1 46 0 45 0 44 19 
6 47 1 46 0 45 0 44 19 
6 47 1 46 0 45 0 44 19 
6 47 1 46 0 45 0 44 19 
6 47 1 46 0 45 0 44 19 
6 47 1 46 0 45 0 44 19 
6 47 1 46 0 45 0 44 19 
6 47 1 46 0 45 0 44 19 
6 47 1 46 0 45 0 44 19 
6 47 1 46 0 45 0 44 19 
6 47 1 46 0 45 0 44 19 
6 47 0 46 0 45 0 44 19 
6 47 1 46 0 45 0 44 19 
6 47 1 46 0 45 0 44 19 
6 47 1 46 0 45 0 44 19 
6 47 1 46 0 45 0 44 19 
6 47 1 46 0 45 0 44 19 
6 47 0 46 0 45 0 44 19 
6 47 1 46 0 45 0 44 19 
6 47 1 46 0 45 0 44 19 
6 47 1 46 0 45 0 44 19 
6 47 1 46 0 45 0 44 19 
6 47 1 46 0 45 0 44 19 
6 47 1 46 0 45 0 44 19 
6 47 1 46 0 45 0 44 19 
6 47 1 46 0 45 0 44 19 
6 47 1 46 0 45 0 44 19 
6 47 1 46 0 45 0 44 19 
6 47 1 46 0 45 0 44 19 
6 47 1 46 0 45 0 44 19 
6 47 1 46 0 45 0 44 19 
6 47 0 46 0 45 0 44 19 
6 47 1 46 0 45 0 44 19 
6 47 1 46 0 45 0 44 19 
6 48 1 47 0 46 0 45 19 
6 47 1 46 0 45 0 44 19 
6 47 1 46 0 45 0 44 19 
6 47 1 46 0 45 0 44 19 
6 47 1 46 0 45 0 44 19 
6 48 1 47 0 46 0 45 19 
6 47 1 46 0 45 0 44 19 
6 47 1 46 0 45 0 44 19 
6 47 1 46 0 45 0 44 19 
6 47 1 46 0 45 0 44 19 
6 47 1 46 0 45 0 44 19 
6 47 1 46 0 45 0 44 19 
6 47 1 46 0 45 0 44 19 
6 47 1 46 0 45 0 44 19 
6 47 1 46 0 45 0 44 19 
6 47 1 46 0 45 0 44 19 
6 47 1 46 0 45 0 44 19 
6 47 1 46 0 45 0 44 19 
6 47 1 46 0 45 0 44 19 
6 47 1 46 0 45 0 44 19 
SCORES_TXT_END_0
SCORES_TXT_BEGIN_0 95 100 9 BLEU
7 45 0 44 0 43 0 42 19 
7 45 0 44 0 43 0 42 19 
7 45 0 44 0 43 0 42 19 
7 45 0 44 0 43 0 42 19 
7 45 0 44 0 43 0 42 19 
7 45 0 44 0 43 0 42 19 
7 45 0 44 0 43 0 42 19 
7 45 0 44 0 43 0 42 19 
7 45 0 44 0 43 0 42 19 
7 45 0 44 0 43 0 42 19 
7 45 0 44 0 43 0 42 19 
7 45 0 44 0 43 0 42 19 
7 45 0 44 0 43 0 42 19 
7 45 0 44 0 43 0 42 19 
7 45 0 44 0 43 0 42 19 
7 45 0 44 0 43 0 42 19 
7 45 0 44 0 43 0 42 19 
7 45 0 44 0 43 0 42 19 
7 45 0 44 0 43 0 42 19 
7 45 0 44 0 43 0 42 19 
7 45 0 44 0 43 0 42 19 
7 45 0 44 0 43 0 42 19 
7 45 0 44 0 43 0 42 19 
7 45 0 44 0 43 0 42 19 
7 45 0 44 0 43 0 42 19 
7 45 0 44 0 43 0 42 19 
7 45 0 44 0 43 0 42 19 
7 45 0 44 0 43 0 42 19 
7 45 0 44 0 43 0 42 19 
7 45 0 44 0 43 0 42 19 
7 45 0 44 0 43 0 42 19 
7 45 0 44 0 43 0 42 19 
7 45 0 44 0 43 0 42 19 
7 45 0 44 0 43 0 42 19 
7 45 0 44 0 43 0 42 19 
7 45 0 44 0 43 0 42 19 
7 45 0 44 0 43 0 42 19 
7 45 0 44 0 43 0 42 19 
7 45 0 44 0 43 0 42 19 
7 45 0 44 0 43 0 42 19 
7 45 0 44 0 43 0 42 19 
7 45 0 44 0 43 0 42 19 
7 45 0 44 0 43 0 42 19 
7 45 0 44 0 43 0 42 19 
7 45 0 44 0 43 0 42 19 
7 45 0 44 0 43 0 42 19 
7 45 0 44 0 43 0 42 19 
7 45 0 44 0 43 0 42 19 
7 45 0 44 0 43 0 42 19 
7 45 0 44 0 43 0 42 19 
7 45 0 44 0 43 0 42 19 
7 45 0 44 0 43 0 42 19 
7 45 0 44 0 43 0 42 19 
7 45 0 44 0 43 0 42 19 
7 45 0 44 0 43 0 42 19 
7 45 0 44 0 43 0 42 19 
7 45 0 44 0 43 0 42 19 
7 45 0 44 0 43 0 42 19 
7 45 0 44 0 43 0 42 19 
6 45 0 44 0 43 0 42 19 
7 45 0 44 0 43 0 42 19 
7 45 0 44 0 43 0 42 19 
7 45 0 44 0 43 0 42 19 
7 45 0 44 0 43 0 42 19 
7 45 0 44 0 43 0 42 19 
7 45 0 44 0 43 0 42 19 
7 45 0 44 0 43 0 42 19 
7 45 0 44 0 43 0 42 19 
7 45 0 44 0 43 0 42 19 
7 45 0 44 0 43 0 42 19 
7 45 0 44 0 43 0 42 19 
7 45 0 44 0 43 0 42 19 
7 45 0 44 0 43 0 42 19 
7 45 0 44 0 43 0 42 19 
7 45 0 44 0 43 0 42 19 
6 45 0 44 0 43 0 42 19 
7 45 0 44 0 43 0 42 19 
7 45 0 44 0 43 0 42 19 
6 45 0 44 0 43 0 42 19 
7 45 0 44 0 43 0 42 19 
7 45 0 44 0 43 0 42 19 
6 45 0 44 0 43 0 42 19 
7 45 0 44 0 43 0 42 19 
7 46 0 45 0 44 0 43 19 
7 45 0 44 0 43 0 42 19 
7 45 0 44 0 43 0 42 19 
7 45 0 44 0 43 0 42 19 
7 45 0 44 0 43 0 42 19 
7 45 0 44 0 43 0 42 19 
7 45 0 44 0 43 0 42 19 
7 45 0 44 0 43 0 42 19 
7 45 0 44 0 43 0 42 19 
7 45 0 44 0 43 0 42 19 
7 45 0 44 0 43 0 42 19 
7 45 0 44 0 43 0 42 19 
7 45 0 44 0 43 0 42 19 
7 45 0 44 0 43 0 42 19 
7 45 0 44 0 43 0 42 19 
7 45 0 44 0 43 0 42 19 
7 45 0 44 0 43 0 42 19 
SCORES_TXT_END_0
SCORES_TXT_BEGIN_0 96 95 9 BLEU
7 60 1 59 0 58 0 57 26 
7 60 1 59 0 58 0 57 26 
7 60 1 59 0 58 0 57 26 
7 60 1 59 0 58 0 57 26 
7 60 1 59 0 58 0 57 26 
7 60 1 59 0 58 0 57 26 
7 60 1 59 0 58 0 57 26 
7 60 1 59 0 58 0 57 26 
7 60 1 59 0 58 0 57 26 
7 60 1 59 0 58 0 57 26 
7 60 1 59 0 58 0 57 26 
7 60 1 59 0 58 0 57 26 
7 60 1 59 0 58 0 57 26 
7 60 1 59 0 58 0 57 26 
7 60 1 59 0 58 0 57 26 
7 60 1 59 0 58 0 57 26 
7 60 1 59 0 58 0 57 26 
7 60 1 59 0 58 0 57 26 
7 60 1 59 0 58 0 57 26 
7 60 1 59 0 58 0 57 26 
7 60 1 59 0 58 0 57 26 
7 60 1 59 0 58 0 57 26 
7 60 1 59 0 58 0 57 26 
7 60 1 59 0 58 0 57 26 
7 60 1 59 0 58 0 57 26 
7 60 1 59 0 58 0 57 26 
7 60 1 59 0 58 0 57 26 
7 60 1 59 0 58 0 57 26 
7 60 1 59 0 58 0 57 26 
7 60 1 59 0 58 0 57 26 
7 60 1 59 0 58 0 57 26 
7 60 1 59 0 58 0 57 26 
7 60 1 59 0 58 0 57 26 
7 60 1 59 0 58 0 57 26 
7 60 1 59 0 58 0 57 26 
7 60 1 59 0 58 0 57 26 
7 60 1 59 0 58 0 57 26 
7 60 1 59 0 58 0 57 26 
7 60 1 59 0 58 0 57 26 
7 60 1 59 0 58 0 57 26 
7 60 1 59 0 58 0 57 26 
7 60 1 59 0 58 0 57 26 
7 60 1 59 0 58 0 57 26 
7 60 1 59 0 58 0 57 26 
7 60 1 59 0 58 0 57 26 
7 60 1 59 0 58 0 57 26 
7 60 1 59 0 58 0 57 26 
7 60 1 59 0 58 0 57 26 
7 60 1 59 0 58 0 57 26 
7 60 1 59 0 58 0 57 26 
7 60 1 59 0 58 0 57 26 
7 60 1 59 0 58 0 57 26 
7 60 1 59 0 58 0 57 26 
7 60 1 59 0 58 0 57 26 
7 60 1 59 0 58 0 57 26 
7 60 1 59 0 58 0 57 26 
7 60 1 59 0 58 0 57 26 
7 60 1 59 0 58 0 57 26 
7 60 1 59 0 58 0 57 26 
7 60 1 59 0 58 0 57 26 
7 60 1 59 0 58 0 57 26 
7 60 1 59 0 58 0 57 26 
7 60 1 59 0 58 0 57 26 
7 60 1 59 0 58 0 57 26 
7 60 1 59 0 58 0 57 26 
7 60 1 59 0 58 0 57 26 
7 60 1 59 0 58 0 57 26 
7 60 1 59 0 58 0 57 26 
7 60 1 59 0 58 0 57 26 
7 60 1 59 0 58 0 57 26 
7 60 1 59 0 58 0 57 26 
7 60 1 59 0 58 0 57 26 
7 60 1 59 0 58 0 57 26 
7 60 1 59 0 58 0 57 26 
7 60 1 59 0 58 0 57 26 
7 60 1 59 0 58 0 57 26 
7 60 1 59 0 58 0 57 26 
7 60 1 59 0 58 0 57 26 
7 60 1 59 0 58 0 57 26 
7 60 1 59 0 58 0 57 26 
7 60 1 59 0 58 0 57 26 
7 60 1 59 0 58 0 57 26 
7 60 1 59 0 58 0 57 26 
7 60 1 59 0 58 0 57 26 
7 60 1 59 0 58 0 57 26 
7 60 1 59 0 58 0 57 26 
7 60 1 59 0 58 0 57 26 
7 60 1 59 0 58 0 57 26 
7 60 1 59 0 58 0 57 26 
7 60 1 59 0 58 0 57 26 
7 60 1 59 0 58 0 57 26 
7 60 1 59 0 58 0 57 26 
7 60 1 59 0 58 0 57 26 
7 60 1 59 0 58 0 57 26 
7 60 1 59 0 58 0 57 26 
SCORES_TXT_END_0
SCORES_TXT_BEGIN_0 97 100 9 BLEU
15 48 1 47 0 46 0 45 29 
15 48 2 47 0 46 0 45 29 
15 48 2 47 0 46 0 45 29 
15 48 3 47 0 46 0 45 29 
15 48 2 47 0 46 0 45 29 
16 48 3 47 1 46 0 45 29 
15 48 1 47 0 46 0 45 29 
15 48 1 47 0 46 0 45 29 
15 48 3 47 0 46 0 45 29 
15 48 1 47 0 46 0 45 29 
15 48 2 47 0 46 0 45 29 
15 48 2 47 0 46 0 45 29 
16 48 4 47 1 46 0 45 29 
15 48 2 47 0 46 0 45 29 
15 48 2 47 0 46 0 45 29 
15 48 2 47 0 46 0 45 29 
15 48 3 47 0 46 0 45 29 
15 48 1 47 0 46 0 45 29 
15 48 2 47 0 46 0 45 29 
16 48 4 47 1 46 0 45 29 
15 48 3 47 0 46 0 45 29 
15 48 2 47 0 46 0 45 29 
15 48 2 47 0 46 0 45 29 
15 48 2 47 0 46 0 45 29 
15 48 2 47 0 46 0 45 29 
16 48 3 47 1 46 0 45 29 
15 48 3 47 1 46 0 45 29 
15 48 3 47 0 46 0 45 29 
15 48 2 47 0 46 0 45 29 
15 48 2 47 0 46 0 45 29 
15 48 0 47 0 46 0 45 29 
15 48 1 47 0 46 0 45 29 
15 48 3 47 0 46 0 45 29 
16 48 3 47 1 46 0 45 29 
15 48 1 47 0 46 0 45 29 
15 48 3 47 0 46 0 45 29 
15 48 2 47 0 46 0 45 29 
15 48 4 47 1 46 0 45 29 
15 48 1 47 0 46 0 45 29 
16 48 4 47 1 46 0 45 29 
15 48 3 47 0 46 0 45 29 
15 48 3 47 0 46 0 45 29 
15 48 1 47 0 46 0 45 29 
15 48 1 47 0 46 0 45 29 
15 48 2 47 0 46 0 45 29 
15 48 2 47 0 46 0 45 29 
15 48 2 47 0 46 0 45 29 
15 48 1 47 0 46 0 45 29 
15 48 3 47 0 46 0 45 29 
16 48 4 47 1 46 0 45 29 
16 48 1 47 0 46 0 45 29 
15 48 1 47 0 46 0 45 29 
15 48 2 47 0 46 0 45 29 
15 48 1 47 0 46 0 45 29 
15 48 1 47 0 46 0 45 29 
15 48 1 47 0 46 0 45 29 
16 48 3 47 1 46 0 45 29 
15 48 2 47 0 46 0 45 29 
15 48 1 47 0 46 0 45 29 
15 48 2 47 0 46 0 45 29 
16 48 4 47 1 46 0 45 29 
15 48 1 47 0 46 0 45 29 
15 48 1 47 0 46 0 45 29 
15 48 3 47 0 46 0 45 29 
15 48 1 47 0 46 0 45 29 
15 48 1 47 0 46 0 45 29 
15 48 1 47 0 46 0 45 29 
15 49 1 48 0 47 0 46 29 
15 48 2 47 0 46 0 45 29 
15 48 1 47 0 46 0 45 29 
16 48 4 47 1 46 0 45 29 
15 48 3 47 1 46 0 45 29 
16 48 2 47 0 46 0 45 29 
15 48 2 47 0 46 0 45 29 
15 48 2 47 0 46 0 45 29 
15 48 3 47 0 46 0 45 29 
16 48 4 47 1 46 0 45 29 
15 48 2 47 0 46 0 45 29 
15 48 1 47 0 46 0 45 29 
15 48 2 47 0 46 0 45 29 
15 48 1 47 0 46 0 45 29 
15 48 2 47 0 46 0 45 29 
15 48 3 47 0 46 0 45 29 
16 48 1 47 0 46 0 45 29 
15 48 2 47 0 46 0 45 29 
15 48 2 47 0 46 0 45 29 
15 48 1 47 0 46 0 45 29 
15 48 1 47 0 46 0 45 29 
15 48 2 47 0 46 0 45 29 
15 48 1 47 0 46 0 45 29 
16 48 5 47 2 46 0 45 29 
15 48 2 47 0 46 0 45 29 
15 48 1 47 0 46 0 45 29 
15 48 1 47 0 46 0 45 29 
15 48 2 47 0 46 0 45 29 
15 48 2 47 0 46 0 45 29 
15 48 1 47 0 46 0 45 29 
15 48 2 47 0 46 0 45 29 
15 48 2 47 0 46 0 45 29 
15 48 0 47 0 46 0 45 29 
SCORES_TXT_END_0
SCORES_TXT_BEGIN_0 98 95 9 BLEU
7 28 2 27 0 26 0 25 21 
7 28 2 27 0 26 0 25 21 
7 28 2 27 0 26 0 25 21 
7 28 2 27 0 26 0 25 21 
7 28 2 27 0 26 0 25 21 
7 28 2 27 0 26 0 25 21 
7 28 1 27 0 26 0 25 21 
7 28 2 27 0 26 0 25 21 
7 28 1 27 0 26 0 25 21 
7 28 1 27 0 26 0 25 21 
7 28 2 27 0 26 0 25 21 
7 28 1 27 0 26 0 25 21 
7 28 2 27 0 26 0 25 21 
7 28 2 27 0 26 0 25 21 
7 28 2 27 0 26 0 25 21 
7 28 2 27 0 26 0 25 21 
7 28 1 27 0 26 0 25 21 
7 28 1 27 0 26 0 25 21 
7 28 1 27 0 26 0 25 21 
7 28 2 27 0 26 0 25 21 
7 28 2 27 0 26 0 25 21 
7 28 1 27 0 26 0 25 21 
7 28 1 27 0 26 0 25 21 
7 28 1 27 0 26 0 25 21 
7 28 1 27 0 26 0 25 21 
7 28 1 27 0 26 0 25 21 
7 28 2 27 0 26 0 25 21 
7 28 1 27 0 26 0 25 21 
7 28 1 27 0 26 0 25 21 
7 28 1 27 0 26 0 25 21 
7 28 2 27 0 26 0 25 21 
7 28 1 27 0 26 0 25 21 
7 28 2 27 0 26 0 25 21 
7 28 1 27 0 26 0 25 21 
7 28 1 27 0 26 0 25 21 
7 28 1 27 0 26 0 25 21 
7 28 1 27 0 26 0 25 21 
7 28 2 27 0 26 0 25 21 
7 28 1 27 0 26 0 25 21 
7 28 2 27 0 26 0 25 21 
7 28 1 27 0 26 0 25 21 
7 28 1 27 0 26 0 25 21 
7 28 1 27 0 26 0 25 21 
7 28 1 27 0 26 0 25 21 
7 28 1 27 0 26 0 25 21 
7 28 2 27 0 26 0 25 21 
7 28 2 27 0 26 0 25 21 
7 28 1 27 0 26 0 25 21 
7 28 1 27 0 26 0 25 21 
7 28 2 27 0 26 0 25 21 
7 28 2 27 0 26 0 25 21 
7 28 1 27 0 26 0 25 21 
7 28 2 27 0 26 0 25 21 
7 28 1 27 0 26 0 25 21 
7 28 1 27 0 26 0 25 21 
7 28 1 27 0 26 0 25 21 
7 28 1 27 0 26 0 25 21 
7 28 2 27 0 26 0 25 21 
7 28 2 27 0 26 0 25 21 
7 28 1 27 0 26 0 25 21 
7 28 2 27 0 26 0 25 21 
7 28 1 27 0 26 0 25 21 
7 28 1 27 0 26 0 25 21 
7 28 2 27 0 26 0 25 21 
7 28 1 27 0 26 0 25 21 
7 28 1 27 0 26 0 25 21 
7 28 2 27 0 26 0 25 21 
7 28 2 27 0 26 0 25 21 
7 28 1 27 0 26 0 25 21 
7 28 1 27 0 26 0 25 21 
7 28 2 27 0 26 0 25 21 
7 28 1 27 0 26 0 25 21 
7 28 1 27 0 26 0 25 21 
7 28 1 27 0 26 0 25 21 
7 28 1 27 0 26 0 25 21 
7 28 1 27 0 26 0 25 21 
7 28 2 27 0 26 0 25 21 
7 28 1 27 0 26 0 25 21 
7 28 2 27 0 26 0 25 21 
7 28 1 27 0 26 0 25 21 
7 28 1 27 0 26 0 25 21 
7 28 1 27 0 26 0 25 21 
7 28 1 27 0 26 0 25 21 
7 28 1 27 0 26 0 25 21 
7 28 1 27 0 26 0 25 21 
7 28 1 27 0 26 0 25 21 
7 28 2 27 0 26 0 25 21 
7 28 2 27 0 26 0 25 21 
7 28 1 27 0 26 0 25 21 
7 28 2 27 0 26 0 25 21 
7 28 2 27 0 26 0 25 21 
7 28 2 27 0 26 0 25 21 
7 28 2 27 0 26 0 25 21 
7 28 2 27 0 26 0 25 21 
7 28 2 27 0 26 0 25 21 
SCORES_TXT_END_0
SCORES_TXT_BEGIN_0 99 100 9 BLEU
6 41 0 40 0 39 0 38 19 
6 41 1 40 0 39 0 38 19 
6 41 0 40 0 39 0 38 19 
6 41 1 40 0 39 0 38 19 
6 41 0 40 0 39 0 38 19 
6 41 1 40 0 39 0 38 19 
6 41 0 40 0 39 0 38 19 
7 41 1 40 0 39 0 38 19 
6 41 1 40 0 39 0 38 19 
6 41 0 40 0 39 0 38 19 
6 41 0 40 0 39 0 38 19 
6 41 0 40 0 39 0 38 19 
6 41 0 40 0 39 0 38 19 
6 41 1 40 0 39 0 38 19 
6 41 1 40 0 39 0 38 19 
6 41 1 40 0 39 0 38 19 
6 41 0 40 0 39 0 38 19 
6 41 0 40 0 39 0 38 19 
6 41 1 40 0 39 0 38 19 
6 41 0 40 0 39 0 38 19 
7 41 0 40 0 39 0 38 19 
6 41 1 40 0 39 0 38 19 
6 41 0 40 0 39 0 38 19 
6 41 1 40 0 39 0 38 19 
6 41 1 40 0 39 0 38 19 
7 41 1 40 0 39 0 38 19 
6 41 0 40 0 39 0 38 19 
5 41 0 40 0 39 0 38 19 
6 41 0 40 0 39 0 38 19 
6 41 1 40 0 39 0 38 19 
6 41 1 40 0 39 0 38 19 
6 41 0 40 0 39 0 38 19 
6 41 1 40 0 39 0 38 19 
6 41 0 40 0 39 0 38 19 
6 41 0 40 0 39 0 38 19 
6 41 1 40 0 39 0 38 19 
7 41 1 40 0 39 0 38 19 
6 41 2 40 1 39 0 38 19 
6 41 1 40 0 39 0 38 19 
6 41 0 40 0 39 0 38 19 
6 41 0 40 0 39 0 38 19 
6 41 1 40 0 39 0 38 19 
6 41 0 40 0 39 0 38 19 
6 41 0 40 0 39 0 38 19 
6 41 0 40 0 39 0 38 19 
6 41 3 40 1 39 0 38 19 
6 41 0 40 0 39 0 38 19 
6 41 0 40 0 39 0 38 19 
7 41 1 40 0 39 0 38 19 
6 41 1 40 0 39 0 38 19 
6 41 2 40 1 39 0 38 19 
6 41 0 40 0 39 0 38 19 
7 41 1 40 0 39 0 38 19 
6 41 1 40 0 39 0 38 19 
7 41 0 40 0 39 0 38 19 
6 41 1 40 0 39 0 38 19 
6 41 0 40 0 39 0 38 19 
6 41 0 40 0 39 0 38 19 
6 41 0 40 0 39 0 38 19 
6 41 0 40 0 39 0 38 19 
6 41 1 40 0 39 0 38 19 
6 41 1 40 0 39 0 38 19 
6 41 0 40 0 39 0 38 19 
7 41 0 40 0 39 0 38 19 
6 41 3 40 1 39 0 38 19 
6 41 0 40 0 39 0 38 19 
5 41 0 40 0 39 0 38 19 
7 41 0 40 0 39 0 38 19 
6 41 1 40 0 39 0 38 19 
5 41 2 40 1 39 0 38 19 
6 41 1 40 0 39 0 38 19 
7 41 1 40 0 39 0 38 19 
6 41 0 40 0 39 0 38 19 
5 41 0 40 0 39 0 38 19 
6 41 0 40 0 39 0 38 19 
6 41 0 40 0 39 0 38 19 
6 41 1 40 0 39 0 38 19 
6 41 1 40 0 39 0 38 19 
6 41 0 40 0 39 0 38 19 
6 40 1 39 0 38 0 37 19 
7 41 1 40 0 39 0 38 19 
6 41 1 40 0 39 0 38 19 
6 41 2 40 1 39 0 38 19 
6 41 0 40 0 39 0 38 19 
6 42 0 41 0 40 0 39 19 
6 41 3 40 1 39 0 38 19 
7 41 0 40 0 39 0 38 19 
6 41 3 40 1 39 0 38 19 
6 41 1 40 0 39 0 38 19 
7 41 0 40 0 39 0 38 19 
6 41 1 40 0 39 0 38 19 
6 41 1 40 0 39 0 38 19 
6 41 2 40 1 39 0 38 19 
6 41 0 40 0 39 0 38 19 
6 41 2 40 1 39 0 38 19 
5 41 0 40 0 39 0 38 19 
6 40 2 39 0 38 0 37 19 
6 41 0 40 0 39 0 38 19 
7 41 0 40 0 39 0 38 19 
5 41 0 40 0 39 0 38 19 
SCORES_TXT_END_0
SCORES_TXT_BEGIN_0 100 100 9 BLEU
9 30 3 29 1 28 0 27 25 
9 30 3 29 1 28 0 27 25 
9 30 3 29 1 28 0 27 25 
9 31 3 30 1 29 0 28 25 
10 30 4 29 1 28 0 27 25 
9 30 2 29 0 28 0 27 25 
9 31 3 30 1 29 0 28 25 
9 30 2 29 0 28 0 27 25 
9 30 2 29 0 28 0 27 25 
9 30 3 29 1 28 0 27 25 
10 30 5 29 1 28 0 27 25 
10 31 4 30 1 29 0 28 25 
9 31 2 30 0 29 0 28 25 
9 30 3 29 1 28 0 27 25 
9 30 3 29 1 28 0 27 25 
10 30 3 29 0 28 0 27 25 
9 30 3 29 1 28 0 27 25 
9 30 3 29 1 28 0 27 25 
9 30 3 29 1 28 0 27 25 
9 31 2 30 0 29 0 28 25 
9 30 3 29 1 28 0 27 25 
9 30 3 29 1 28 0 27 25 
9 31 3 30 1 29 0 28 25 
9 30 3 29 1 28 0 27 25 
10 30 4 29 1 28 0 27 25 
10 31 5 30 1 29 0 28 25 
10 30 4 29 1 28 0 27 25 
9 30 3 29 1 28 0 27 25 
9 31 3 30 1 29 0 28 25 
10 30 4 29 1 28 0 27 25 
9 30 3 29 1 28 0 27 25 
10 30 4 29 0 28 0 27 25 
10 31 3 30 0 29 0 28 25 
9 31 3 30 1 29 0 28 25 
9 30 3 29 1 28 0 27 25 
9 30 3 29 1 28 0 27 25 
9 30 2 29 0 28 0 27 25 
9 30 2 29 0 28 0 27 25 
9 30 3 29 1 28 0 27 25 
10 30 4 29 1 28 0 27 25 
9 30 2 29 0 28 0 27 25 
9 30 2 29 0 28 0 27 25 
9 30 3 29 1 28 0 27 25 
10 30 5 29 1 28 0 27 25 
10 31 4 30 1 29 0 28 25 
9 30 2 29 0 28 0 27 25 
9 30 2 29 0 28 0 27 25 
10 30 4 29 1 28 0 27 25 
10 30 4 29 1 28 0 27 25 
10 31 4 30 1 29 0 28 25 
9 30 3 29 1 28 0 27 25 
10 30 3 29 1 28 0 27 25 
10 31 4 30 1 29 0 28 25 
9 30 3 29 1 28 0 27 25 
9 31 3 30 1 29 0 28 25 
10 30 4 29 1 28 0 27 25 
10 31 4 30 0 29 0 28 25 
9 30 3 29 1 28 0 27 25 
9 30 3 29 1 28 0 27 25 
9 30 3 29 1 28 0 27 25 
9 30 3 29 1 28 0 27 25 
10 30 3 29 0 28 0 27 25 
9 30 2 29 0 28 0 27 25 
9 30 3 29 1 28 0 27 25 
9 30 3 29 1 28 0 27 25 
10 30 3 29 0 28 0 27 25 
9 31 3 30 1 29 0 28 25 
9 30 2 29 0 28 0 27 25 
9 30 3 29 1 28 0 27 25 
9 30 3 29 1 28 0 27 25 
10 30 3 29 1 28 0 27 25 
9 30 3 29 1 28 0 27 25 
9 30 3 29 1 28 0 27 25 
10 30 5 29 1 28 0 27 25 
9 31 2 30 0 29 0 28 25 
9 30 3 29 1 28 0 27 25 
9 30 3 29 1 28 0 27 25 
9 30 2 29 0 28 0 27 25 
9 30 2 29 0 28 0 27 25 
10 31 5 30 1 29 0 28 25 
10 30 4 29 1 28 0 27 25 
9 30 3 29 1 28 0 27 25 
9 30 2 29 0 28 0 27 25 
9 30 3 29 1 28 0 27 25 
10 30 4 29 1 28 0 27 25 
10 30 3 29 0 28 0 27 25 
9 30 3 29 1 28 0 27 25 
10 30 4 29 1 28 0 27 25 
10 30 4 29 1 28 0 27 25 
9 30 3 29 1 28 0 27 25 
9 30 2 29 0 28 0 27 25 
9 30 3 29 1 28 0 27 25 
10 31 3 30 1 29 0 28 25 
10 30 5 29 1 28 0 27 25 
9 30 3 29 1 28 0 27 25 
9 31 3 30 1 29 0 28 25 
9 31 3 30 1 29 0 28 25 
10 30 3 29 0 28 0 27 25 
10 30 3 29 0 28 0 27 25 
10 31 3 30 0 29 0 28 25 
SCORES_TXT_END_0
SCORES_TXT_BEGIN_0 101 100 9 BLEU
7 37 1 36 0 35 0 34 25 
7 37 1 36 0 35 0 34 25 
7 37 1 36 0 35 0 34 25 
7 38 1 37 0 36 0 35 25 
7 37 1 36 0 35 0 34 25 
7 37 1 36 0 35 0 34 25 
7 38 1 37 0 36 0 35 25 
7 37 1 36 0 35 0 34 25 
7 38 1 37 0 36 0 35 25 
7 37 1 36 0 35 0 34 25 
7 37 1 36 0 35 0 34 25 
7 37 1 36 0 35 0 34 25 
7 37 1 36 0 35 0 34 25 
7 37 1 36 0 35 0 34 25 
7 38 1 37 0 36 0 35 25 
7 37 1 36 0 35 0 34 25 
7 37 1 36 0 35 0 34 25 
7 38 1 37 0 36 0 35 25 
7 38 1 37 0 36 0 35 25 
7 38 1 37 0 36 0 35 25 
7 37 1 36 0 35 0 34 25 
7 37 1 36 0 35 0 34 25 
7 37 1 36 0 35 0 34 25 
7 37 1 36 0 35 0 34 25 
7 37 1 36 0 35 0 34 25 
7 37 1 36 0 35 0 34 25 
7 37 1 36 0 35 0 34 25 
7 37 1 36 0 35 0 34 25 
7 38 1 37 0 36 0 35 25 
7 37 1 36 0 35 0 34 25 
7 38 1 37 0 36 0 35 25 
7 38 1 37 0 36 0 35 25 
7 37 1 36 0 35 0 34 25 
7 38 1 37 0 36 0 35 25 
7 37 1 36 0 35 0 34 25 
7 38 1 37 0 36 0 35 25 
7 37 1 36 0 35 0 34 25 
7 38 1 37 0 36 0 35 25 
7 38 1 37 0 36 0 35 25 
7 38 1 37 0 36 0 35 25 
7 37 1 36 0 35 0 34 25 
7 37 1 36 0 35 0 34 25 
7 37 1 36 0 35 0 34 25 
7 37 1 36 0 35 0 34 25 
7 37 1 36 0 35 0 34 25 
7 37 1 36 0 35 0 34 25 
7 37 1 36 0 35 0 34 25 
7 38 1 37 0 36 0 35 25 
7 37 1 36 0 35 0 34 25 
7 37 1 36 0 35 0 34 25 
7 37 1 36 0 35 0 34 25 
7 37 1 36 0 35 0 34 25 
7 37 1 36 0 35 0 34 25 
7 38 1 37 0 36 0 35 25 
7 38 1 37 0 36 0 35 25 
7 37 1 36 0 35 0 34 25 
7 37 1 36 0 35 0 34 25 
7 37 1 36 0 35 0 34 25 
7 37 1 36 0 35 0 34 25 
7 37 1 36 0 35 0 34 25 
7 37 1 36 0 35 0 34 25 
7 38 1 37 0 36 0 35 25 
7 37 1 36 0 35 0 34 25 
7 38 1 37 0 36 0 35 25 
7 38 1 37 0 36 0 35 25 
7 37 1 36 0 35 0 34 25 
7 38 1 37 0 36 0 35 25 
7 37 1 36 0 35 0 34 25 
7 38 1 37 0 36 0 35 25 
7 38 1 37 0 36 0 35 25 
7 37 1 36 0 35 0 34 25 
7 38 1 37 0 36 0 35 25 
7 38 1 37 0 36 0 35 25 
7 37 1 36 0 35 0 34 25 
7 37 1 36 0 35 0 34 25 
7 37 1 36 0 35 0 34 25 
7 37 1 36 0 35 0 34 25 
7 38 1 37 0 36 0 35 25 
7 37 1 36 0 35 0 34 25 
7 37 1 36 0 35 0 34 25 
7 37 1 36 0 35 0 34 25 
7 38 1 37 0 36 0 35 25 
7 37 1 36 0 35 0 34 25 
7 37 1 36 0 35 0 34 25 
7 37 1 36 0 35 0 34 25 
7 37 1 36 0 35 0 34 25 
7 37 1 36 0 35 0 34 25 
7 37 1 36 0 35 0 34 25 
7 37 1 36 0 35 0 34 25 
7 37 1 36 0 35 0 34 25 
7 38 1 37 0 36 0 35 25 
7 37 1 36 0 35 0 34 25 
7 37 1 36 0 35 0 34 25 
7 37 1 36 0 35 0 34 25 
7 37 1 36 0 35 0 34 25 
7 37 1 36 0 35 0 34 25 
7 37 1 36 0 35 0 34 25 
7 37 1 36 0 35 0 34 25 
7 38 1 37 0 36 0 35 25 
7 37 1 36 0 35 0 34 25 
SCORES_TXT_END_0
SCORES_TXT_BEGIN_0 102 100 9 BLEU
21 57 3 56 0 55 0 54 56 
21 57 3 56 0 55 0 54 56 
21 57 2 56 0 55 0 54 56 
21 57 2 56 0 55 0 54 56 
22 56 1 55 0 54 0 53 56 
21 57 2 56 0 55 0 54 56 
21 57 2 56 0 55 0 54 56 
22 56 2 55 0 54 0 53 56 
22 56 1 55 0 54 0 53 56 
22 56 2 55 0 54 0 53 56 
21 57 2 56 0 55 0 54 56 
22 57 2 56 0 55 0 54 56 
21 57 3 56 0 55 0 54 56 
21 57 2 56 0 55 0 54 56 
22 57 2 56 0 55 0 54 56 
21 57 3 56 0 55 0 54 56 
21 57 2 56 0 55 0 54 56 
21 57 2 56 0 55 0 54 56 
21 57 2 56 0 55 0 54 56 
21 57 2 56 0 55 0 54 56 
21 57 2 56 0 55 0 54 56 
21 57 2 56 0 55 0 54 56 
21 57 2 56 0 55 0 54 56 
21 57 2 56 0 55 0 54 56 
21 57 2 56 0 55 0 54 56 
21 57 2 56 0 55 0 54 56 
21 57 2 56 0 55 0 54 56 
21 57 2 56 0 55 0 54 56 
21 57 2 56 0 55 0 54 56 
21 57 2 56 0 55 0 54 56 
22 56 1 55 0 54 0 53 56 
21 57 2 56 0 55 0 54 56 
21 57 2 56 0 55 0 54 56 
21 57 3 56 0 55 0 54 56 
21 57 3 56 0 55 0 54 56 
22 56 2 55 0 54 0 53 56 
22 56 1 55 0 54 0 53 56 
22 56 2 55 0 54 0 53 56 
21 57 3 56 0 55 0 54 56 
21 57 2 56 0 55 0 54 56 
21 57 3 56 0 55 0 54 56 
21 57 2 56 0 55 0 54 56 
21 57 2 56 0 55 0 54 56 
22 57 2 56 0 55 0 54 56 
21 57 2 56 0 55 0 54 56 
22 56 1 55 0 54 0 53 56 
22 57 2 56 0 55 0 54 56 
21 57 2 56 0 55 0 54 56 
21 57 2 56 0 55 0 54 56 
21 57 2 56 0 55 0 54 56 
21 57 2 56 0 55 0 54 56 
21 57 2 56 0 55 0 54 56 
21 57 2 56 0 55 0 54 56 
21 57 2 56 0 55 0 54 56 
21 57 2 56 0 55 0 54 56 
21 57 2 56 0 55 0 54 56 
21 57 2 56 0 55 0 54 56 
22 56 1 55 0 54 0 53 56 
22 56 2 55 0 54 0 53 56 
21 57 2 56 0 55 0 54 56 
22 56 1 55 0 54 0 53 56 
21 57 2 56 0 55 0 54 56 
22 56 2 55 0 54 0 53 56 
21 57 2 56 0 55 0 54 56 
21 57 2 56 0 55 0 54 56 
22 56 1 55 0 54 0 53 56 
21 57 2 56 0 55 0 54 56 
21 57 2 56 0 55 0 54 56 
21 57 2 56 0 55 0 54 56 
22 56 2 55 0 54 0 53 56 
22 56 1 55 0 54 0 53 56 
21 57 2 56 0 55 0 54 56 
21 57 2 56 0 55 0 54 56 
21 57 2 56 0 55 0 54 56 
22 56 2 55 0 54 0 53 56 
21 57 2 56 0 55 0 54 56 
21 57 2 56 0 55 0 54 56 
22 56 2 55 0 54 0 53 56 
22 56 1 55 0 54 0 53 56 
21 57 2 56 0 55 0 54 56 
22 56 2 55 0 54 0 53 56 
22 57 2 56 0 55 0 54 56 
21 57 3 56 0 55 0 54 56 
21 57 2 56 0 55 0 54 56 
22 57 2 56 0 55 0 54 56 
21 57 3 56 0 55 0 54 56 
21 57 2 56 0 55 0 54 56 
21 57 2 56 0 55 0 54 56 
21 57 2 56 0 55 0 54 56 
22 57 2 56 0 55 0 54 56 
21 57 2 56 0 55 0 54 56 
21 57 2 56 0 55 0 54 56 
22 57 2 56 0 55 0 54 56 
22 57 2 56 0 55 0 54 56 
21 57 2 56 0 55 0 54 56 
21 57 2 56 0 55 0 54 56 
22 57 2 56 0 55 0 54 56 
21 57 2 56 0 55 0 54 56 
21 57 2 56 0 55 0 54 56 
21 57 3 56 0 55 0 54 56 
SCORES_TXT_END_0
SCORES_TXT_BEGIN_0 103 100 9 BLEU
9 53 3 52 1 51 0 50 28 
9 53 3 52 1 51 0 50 28 
9 53 3 52 1 51 0 50 28 
9 53 3 52 1 51 0 50 28 
9 53 3 52 1 51 0 50 28 
9 53 3 52 1 51 0 50 28 
9 53 3 52 1 51 0 50 28 
9 53 3 52 1 51 0 50 28 
9 53 3 52 1 51 0 50 28 
9 53 3 52 1 51 0 50 28 
9 53 3 52 1 51 0 50 28 
9 53 3 52 1 51 0 50 28 
9 53 3 52 1 51 0 50 28 
9 53 3 52 1 51 0 50 28 
9 53 3 52 1 51 0 50 28 
9 53 3 52 1 51 0 50 28 
10 53 3 52 1 51 0 50 28 
8 53 2 52 1 51 0 50 28 
9 53 3 52 1 51 0 50 28 
9 53 3 52 1 51 0 50 28 
9 53 3 52 1 51 0 50 28 
9 53 3 52 1 51 0 50 28 
9 53 2 52 1 51 0 50 28 
9 53 3 52 1 51 0 50 28 
9 53 3 52 1 51 0 50 28 
9 53 3 52 1 51 0 50 28 
9 53 3 52 1 51 0 50 28 
9 53 3 52 1 51 0 50 28 
9 53 3 52 1 51 0 50 28 
9 53 3 52 1 51 0 50 28 
9 53 3 52 1 51 0 50 28 
9 53 3 52 1 51 0 50 28 
9 53 3 52 1 51 0 50 28 
9 53 3 52 1 51 0 50 28 
9 53 3 52 1 51 0 50 28 
9 53 2 52 1 51 0 50 28 
9 53 3 52 1 51 0 50 28 
9 53 3 52 1 51 0 50 28 
9 53 3 52 1 51 0 50 28 
10 53 3 52 1 51 0 50 28 
10 53 3 52 1 51 0 50 28 
8 53 2 52 1 51 0 50 28 
8 53 2 52 1 51 0 50 28 
9 53 3 52 1 51 0 50 28 
9 53 3 52 1 51 0 50 28 
9 53 3 52 1 51 0 50 28 
9 53 3 52 1 51 0 50 28 
9 53 3 52 1 51 0 50 28 
9 53 3 52 1 51 0 50 28 
9 53 3 52 1 51 0 50 28 
9 53 3 52 1 51 0 50 28 
9 53 3 52 1 51 0 50 28 
9 53 3 52 1 51 0 50 28 
9 53 3 52 1 51 0 50 28 
9 53 3 52 1 51 0 50 28 
9 53 3 52 1 51 0 50 28 
9 53 3 52 1 51 0 50 28 
10 53 3 52 1 51 0 50 28 
9 53 2 52 1 51 0 50 28 
9 53 2 52 1 51 0 50 28 
10 53 3 52 1 51 0 50 28 
9 53 3 52 1 51 0 50 28 
8 53 2 52 1 51 0 50 28 
8 53 2 52 1 51 0 50 28 
10 53 3 52 1 51 0 50 28 
8 53 2 52 1 51 0 50 28 
9 53 3 52 1 51 0 50 28 
9 53 3 52 1 51 0 50 28 
9 53 3 52 1 51 0 50 28 
9 53 2 52 1 51 0 50 28 
9 53 3 52 1 51 0 50 28 
9 53 3 52 1 51 0 50 28 
9 53 3 52 1 51 0 50 28 
9 53 2 52 1 51 0 50 28 
9 53 3 52 1 51 0 50 28 
9 53 3 52 1 51 0 50 28 
9 53 3 52 1 51 0 50 28 
9 53 3 52 1 51 0 50 28 
9 53 3 52 1 51 0 50 28 
9 53 3 52 1 51 0 50 28 
9 53 3 52 1 51 0 50 28 
9 53 3 52 1 51 0 50 28 
9 53 2 52 1 51 0 50 28 
9 53 3 52 1 51 0 50 28 
9 53 3 52 1 51 0 50 28 
9 53 3 52 1 51 0 50 28 
9 53 3 52 1 51 0 50 28 
9 53 2 52 0 51 0 50 28 
10 53 3 52 1 51 0 50 28 
9 53 3 52 1 51 0 50 28 
9 53 3 52 1 51 0 50 28 
9 53 3 52 1 51 0 50 28 
9 53 3 52 1 51 0 50 28 
9 53 3 52 1 51 0 50 28 
9 53 3 52 1 51 0 50 28 
9 53 3 52 1 51 0 50 28 
9 53 3 52 1 51 0 50 28 
9 53 3 52 1 51 0 50 28 
9 53 3 52 1 51 0 50 28 
9 53 3 52 1 51 0 50 28 
SCORES_TXT_END_0
SCORES_TXT_BEGIN_0 104 100 9 BLEU
10 33 1 32 0 31 0 30 29 
10 33 0 32 0 31 0 30 29 
11 33 1 32 0 31 0 30 29 
10 33 1 32 0 31 0 30 29 
11 33 0 32 0 31 0 30 29 
10 33 0 32 0 31 0 30 29 
10 33 1 32 0 31 0 30 29 
11 33 1 32 0 31 0 30 29 
10 33 1 32 0 31 0 30 29 
10 33 1 32 0 31 0 30 29 
10 33 0 32 0 31 0 30 29 
11 33 0 32 0 31 0 30 29 
10 33 1 32 0 31 0 30 29 
10 33 0 32 0 31 0 30 29 
11 33 1 32 0 31 0 30 29 
10 33 0 32 0 31 0 30 29 
10 33 1 32 0 31 0 30 29 
11 33 1 32 0 31 0 30 29 
10 33 1 32 0 31 0 30 29 
10 33 0 32 0 31 0 30 29 
11 33 0 32 0 31 0 30 29 
10 33 0 32 0 31 0 30 29 
10 33 1 32 0 31 0 30 29 
10 33 1 32 0 31 0 30 29 
11 33 0 32 0 31 0 30 29 
11 33 0 32 0 31 0 30 29 
11 33 1 32 0 31 0 30 29 
10 33 1 32 0 31 0 30 29 
10 33 1 32 0 31 0 30 29 
10 33 0 32 0 31 0 30 29 
11 33 1 32 0 31 0 30 29 
11 33 1 32 0 31 0 30 29 
10 33 0 32 0 31 0 30 29 
10 33 1 32 0 31 0 30 29 
10 33 0 32 0 31 0 30 29 
10 33 0 32 0 31 0 30 29 
10 33 0 32 0 31 0 30 29 
11 33 1 32 0 31 0 30 29 
11 33 1 32 0 31 0 30 29 
10 33 0 32 0 31 0 30 29 
10 33 1 32 0 31 0 30 29 
11 33 1 32 0 31 0 30 29 
11 33 0 32 0 31 0 30 29 
10 33 1 32 0 31 0 30 29 
11 33 1 32 0 31 0 30 29 
11 33 0 32 0 31 0 30 29 
10 33 1 32 0 31 0 30 29 
11 33 0 32 0 31 0 30 29 
10 33 0 32 0 31 0 30 29 
10 33 1 32 0 31 0 30 29 
10 33 0 32 0 31 0 30 29 
10 33 1 32 0 31 0 30 29 
11 33 1 32 0 31 0 30 29 
12 33 1 32 0 31 0 30 29 
11 33 1 32 0 31 0 30 29 
10 33 1 32 0 31 0 30 29 
11 33 0 32 0 31 0 30 29 
10 33 1 32 0 31 0 30 29 
11 33 0 32 0 31 0 30 29 
10 33 0 32 0 31 0 30 29 
11 33 1 32 0 31 0 30 29 
11 33 0 32 0 31 0 30 29 
10 33 0 32 0 31 0 30 29 
10 33 0 32 0 31 0 30 29 
10 33 1 32 0 31 0 30 29 
10 33 0 32 0 31 0 30 29 
11 33 0 32 0 31 0 30 29 
11 33 1 32 0 31 0 30 29 
11 33 1 32 0 31 0 30 29 
11 33 1 32 0 31 0 30 29 
10 33 0 32 0 31 0 30 29 
10 33 1 32 0 31 0 30 29 
11 33 0 32 0 31 0 30 29 
11 33 1 32 0 31 0 30 29 
11 33 1 32 0 31 0 30 29 
12 33 0 32 0 31 0 30 29 
11 33 0 32 0 31 0 30 29 
10 33 1 32 0 31 0 30 29 
11 33 0 32 0 31 0 30 29 
10 33 1 32 0 31 0 30 29 
11 33 1 32 0 31 0 30 29 
11 33 1 32 0 31 0 30 29 
10 33 0 32 0 31 0 30 29 
11 33 1 32 0 31 0 30 29 
10 33 1 32 0 31 0 30 29 
11 33 1 32 0 31 0 30 29 
10 33 1 32 0 31 0 30 29 
10 33 0 32 0 31 0 30 29 
11 33 1 32 0 31 0 30 29 
10 33 1 32 0 31 0 30 29 
11 33 0 32 0 31 0 30 29 
12 33 1 32 0 31 0 30 29 
10 33 1 32 0 31 0 30 29 
10 33 0 32 0 31 0 30 29 
10 33 1 32 0 31 0 30 29 
11 33 1 32 0 31 0 30 29 
11 33 1 32 0 31 0 30 29 
10 33 1 32 0 31 0 30 29 
11 33 1 32 0 31 0 30 29 
10 33 1 32 0 31 0 30 29 
SCORES_TXT_END_0
SCORES_TXT_BEGIN_0 105 76 9 BLEU
0 17 0 16 0 15 0 14 11 
0 17 0 16 0 15 0 14 11 
0 17 0 16 0 15 0 14 11 
0 17 0 16 0 15 0 14 11 
0 17 0 16 0 15 0 14 11 
0 17 0 16 0 15 0 14 11 
0 17 0 16 0 15 0 14 11 
0 17 0 16 0 15 0 14 11 
0 17 0 16 0 15 0 14 11 
0 17 0 16 0 15 0 14 11 
0 17 0 16 0 15 0 14 11 
0 17 0 16 0 15 0 14 11 
0 17 0 16 0 15 0 14 11 
0 17 0 16 0 15 0 14 11 
0 17 0 16 0 15 0 14 11 
0 17 0 16 0 15 0 14 11 
0 17 0 16 0 15 0 14 11 
0 17 0 16 0 15 0 14 11 
0 17 0 16 0 15 0 14 11 
0 17 0 16 0 15 0 14 11 
0 17 0 16 0 15 0 14 11 
0 17 0 16 0 15 0 14 11 
0 17 0 16 0 15 0 14 11 
0 17 0 16 0 15 0 14 11 
0 17 0 16 0 15 0 14 11 
0 17 0 16 0 15 0 14 11 
0 17 0 16 0 15 0 14 11 
0 17 0 16 0 15 0 14 11 
0 17 0 16 0 15 0 14 11 
0 17 0 16 0 15 0 14 11 
0 17 0 16 0 15 0 14 11 
0 17 0 16 0 15 0 14 11 
0 17 0 16 0 15 0 14 11 
0 17 0 16 0 15 0 14 11 
0 17 0 16 0 15 0 14 11 
0 17 0 16 0 15 0 14 11 
0 17 0 16 0 15 0 14 11 
0 17 0 16 0 15 0 14 11 
0 17 0 16 0 15 0 14 11 
0 17 0 16 0 15 0 14 11 
0 17 0 16 0 15 0 14 11 
0 17 0 16 0 15 0 14 11 
0 17 0 16 0 15 0 14 11 
0 17 0 16 0 15 0 14 11 
0 17 0 16 0 15 0 14 11 
0 17 0 16 0 15 0 14 11 
0 17 0 16 0 15 0 14 11 
0 17 0 16 0 15 0 14 11 
0 17 0 16 0 15 0 14 11 
0 17 0 16 0 15 0 14 11 
0 17 0 16 0 15 0 14 11 
0 17 0 16 0 15 0 14 11 
0 17 0 16 0 15 0 14 11 
0 17 0 16 0 15 0 14 11 
0 17 0 16 0 15 0 14 11 
0 17 0 16 0 15 0 14 11 
0 17 0 16 0 15 0 14 11 
0 17 0 16 0 15 0 14 11 
0 17 0 16 0 15 0 14 11 
0 17 0 16 0 15 0 14 11 
0 17 0 16 0 15 0 14 11 
0 17 0 16 0 15 0 14 11 
0 17 0 16 0 15 0 14 11 
0 17 0 16 0 15 0 14 11 
0 17 0 16 0 15 0 14 11 
0 17 0 16 0 15 0 14 11 
0 17 0 16 0 15 0 14 11 
0 17 0 16 0 15 0 14 11 
0 17 0 16 0 15 0 14 11 
0 17 0 16 0 15 0 14 11 
0 17 0 16 0 15 0 14 11 
0 17 0 16 0 15 0 14 11 
0 17 0 16 0 15 0 14 11 
0 17 0 16 0 15 0 14 11 
0 17 0 16 0 15 0 14 11 
0 17 0 16 0 15 0 14 11 
SCORES_TXT_END_0
SCORES_TXT_BEGIN_0 106 100 9 BLEU
2 16 0 15 0 14 0 13 10 
2 16 0 15 0 14 0 13 10 
2 16 0 15 0 14 0 13 10 
2 16 0 15 0 14 0 13 10 
2 16 0 15 0 14 0 13 10 
2 16 0 15 0 14 0 13 10 
2 16 0 15 0 14 0 13 10 
2 16 0 15 0 14 0 13 10 
2 16 0 15 0 14 0 13 10 
2 16 0 15 0 14 0 13 10 
2 16 0 15 0 14 0 13 10 
2 16 0 15 0 14 0 13 10 
2 16 0 15 0 14 0 13 10 
2 16 0 15 0 14 0 13 10 
2 16 0 15 0 14 0 13 10 
2 16 0 15 0 14 0 13 10 
2 16 0 15 0 14 0 13 10 
2 16 0 15 0 14 0 13 10 
2 16 0 15 0 14 0 13 10 
2 16 0 15 0 14 0 13 10 
2 16 0 15 0 14 0 13 10 
2 16 0 15 0 14 0 13 10 
2 16 0 15 0 14 0 13 10 
2 16 0 15 0 14 0 13 10 
2 16 0 15 0 14 0 13 10 
2 16 0 15 0 14 0 13 10 
2 16 0 15 0 14 0 13 10 
2 16 0 15 0 14 0 13 10 
2 16 0 15 0 14 0 13 10 
2 16 0 15 0 14 0 13 10 
2 16 0 15 0 14 0 13 10 
2 16 0 15 0 14 0 13 10 
2 16 0 15 0 14 0 13 10 
2 16 0 15 0 14 0 13 10 
2 16 0 15 0 14 0 13 10 
2 16 0 15 0 14 0 13 10 
2 16 0 15 0 14 0 13 10 
2 16 0 15 0 14 0 13 10 
2 16 0 15 0 14 0 13 10 
2 16 0 15 0 14 0 13 10 
2 16 0 15 0 14 0 13 10 
2 16 0 15 0 14 0 13 10 
2 16 0 15 0 14 0 13 10 
2 16 0 15 0 14 0 13 10 
2 16 0 15 0 14 0 13 10 
2 16 0 15 0 14 0 13 10 
2 16 0 15 0 14 0 13 10 
2 16 0 15 0 14 0 13 10 
2 16 0 15 0 14 0 13 10 
2 16 0 15 0 14 0 13 10 
2 16 0 15 0 14 0 13 10 
2 16 0 15 0 14 0 13 10 
2 16 0 15 0 14 0 13 10 
2 16 0 15 0 14 0 13 10 
2 16 0 15 0 14 0 13 10 
2 16 0 15 0 14 0 13 10 
2 16 0 15 0 14 0 13 10 
2 16 0 15 0 14 0 13 10 
2 16 0 15 0 14 0 13 10 
2 16 0 15 0 14 0 13 10 
2 16 0 15 0 14 0 13 10 
2 16 0 15 0 14 0 13 10 
2 16 0 15 0 14 0 13 10 
2 16 0 15 0 14 0 13 10 
2 16 0 15 0 14 0 13 10 
2 16 0 15 0 14 0 13 10 
2 16 0 15 0 14 0 13 10 
2 16 0 15 0 14 0 13 10 
2 16 0 15 0 14 0 13 10 
2 16 0 15 0 14 0 13 10 
2 16 0 15 0 14 0 13 10 
2 16 0 15 0 14 0 13 10 
2 16 0 15 0 14 0 13 10 
2 16 0 15 0 14 0 13 10 
2 16 0 15 0 14 0 13 10 
2 16 0 15 0 14 0 13 10 
2 16 0 15 0 14 0 13 10 
2 16 0 15 0 14 0 13 10 
2 16 0 15 0 14 0 13 10 
2 16 0 15 0 14 0 13 10 
2 16 0 15 0 14 0 13 10 
2 16 0 15 0 14 0 13 10 
2 16 0 15 0 14 0 13 10 
2 16 0 15 0 14 0 13 10 
2 16 0 15 0 14 0 13 10 
2 16 0 15 0 14 0 13 10 
2 16 0 15 0 14 0 13 10 
2 16 0 15 0 14 0 13 10 
2 16 0 15 0 14 0 13 10 
2 16 0 15 0 14 0 13 10 
2 16 0 15 0 14 0 13 10 
2 16 0 15 0 14 0 13 10 
2 16 0 15 0 14 0 13 10 
2 16 0 15 0 14 0 13 10 
2 16 0 15 0 14 0 13 10 
2 16 0 15 0 14 0 13 10 
2 16 0 15 0 14 0 13 10 
2 16 0 15 0 14 0 13 10 
2 16 0 15 0 14 0 13 10 
2 16 0 15 0 14 0 13 10 
SCORES_TXT_END_0
