SCORES_TXT_BEGIN_0 0 91 9 BLEU
5 27 1 26 0 25 0 24 14 
5 27 1 26 0 25 0 24 14 
5 27 1 26 0 25 0 24 14 
5 27 1 26 0 25 0 24 14 
5 27 0 26 0 25 0 24 14 
5 27 1 26 0 25 0 24 14 
5 27 1 26 0 25 0 24 14 
5 27 1 26 0 25 0 24 14 
5 27 1 26 0 25 0 24 14 
5 27 0 26 0 25 0 24 14 
5 27 1 26 0 25 0 24 14 
5 27 1 26 0 25 0 24 14 
5 27 0 26 0 25 0 24 14 
5 27 1 26 0 25 0 24 14 
5 27 0 26 0 25 0 24 14 
5 27 1 26 0 25 0 24 14 
5 27 1 26 0 25 0 24 14 
5 27 1 26 0 25 0 24 14 
5 27 0 26 0 25 0 24 14 
5 27 1 26 0 25 0 24 14 
5 27 1 26 0 25 0 24 14 
5 28 1 27 0 26 0 25 14 
5 27 0 26 0 25 0 24 14 
5 27 1 26 0 25 0 24 14 
5 27 1 26 0 25 0 24 14 
5 27 1 26 0 25 0 24 14 
5 27 0 26 0 25 0 24 14 
5 27 1 26 0 25 0 24 14 
5 27 1 26 0 25 0 24 14 
5 27 1 26 0 25 0 24 14 
5 27 1 26 0 25 0 24 14 
5 28 1 27 0 26 0 25 14 
5 27 0 26 0 25 0 24 14 
5 27 0 26 0 25 0 24 14 
5 27 1 26 0 25 0 24 14 
5 27 1 26 0 25 0 24 14 
5 27 1 26 0 25 0 24 14 
5 27 1 26 0 25 0 24 14 
5 28 1 27 0 26 0 25 14 
5 27 0 26 0 25 0 24 14 
5 27 0 26 0 25 0 24 14 
5 27 1 26 0 25 0 24 14 
5 27 1 26 0 25 0 24 14 
5 27 1 26 0 25 0 24 14 
5 27 1 26 0 25 0 24 14 
5 27 0 26 0 25 0 24 14 
5 27 1 26 0 25 0 24 14 
5 27 1 26 0 25 0 24 14 
5 27 1 26 0 25 0 24 14 
5 27 0 26 0 25 0 24 14 
5 28 1 27 0 26 0 25 14 
4 27 0 26 0 25 0 24 14 
5 27 1 26 0 25 0 24 14 
5 27 1 26 0 25 0 24 14 
5 27 0 26 0 25 0 24 14 
5 27 0 26 0 25 0 24 14 
5 27 1 26 0 25 0 24 14 
5 27 1 26 0 25 0 24 14 
5 27 0 26 0 25 0 24 14 
5 27 0 26 0 25 0 24 14 
5 27 0 26 0 25 0 24 14 
5 27 1 26 0 25 0 24 14 
5 27 1 26 0 25 0 24 14 
5 27 1 26 0 25 0 24 14 
5 27 1 26 0 25 0 24 14 
5 27 1 26 0 25 0 24 14 
4 27 0 26 0 25 0 24 14 
5 27 0 26 0 25 0 24 14 
5 27 1 26 0 25 0 24 14 
5 27 1 26 0 25 0 24 14 
5 28 0 27 0 26 0 25 14 
5 27 0 26 0 25 0 24 14 
5 27 0 26 0 25 0 24 14 
5 27 1 26 0 25 0 24 14 
5 27 1 26 0 25 0 24 14 
5 27 1 26 0 25 0 24 14 
5 27 0 26 0 25 0 24 14 
5 27 1 26 0 25 0 24 14 
5 27 1 26 0 25 0 24 14 
5 27 1 26 0 25 0 24 14 
5 27 0 26 0 25 0 24 14 
5 27 1 26 0 25 0 24 14 
5 27 1 26 0 25 0 24 14 
5 28 0 27 0 26 0 25 14 
5 27 0 26 0 25 0 24 14 
5 27 0 26 0 25 0 24 14 
5 27 1 26 0 25 0 24 14 
5 27 1 26 0 25 0 24 14 
5 27 1 26 0 25 0 24 14 
5 27 1 26 0 25 0 24 14 
5 27 1 26 0 25 0 24 14 
SCORES_TXT_END_0
SCORES_TXT_BEGIN_0 1 34 9 BLEU
13 44 1 43 0 42 0 41 29 
13 44 1 43 0 42 0 41 29 
13 44 1 43 0 42 0 41 29 
13 44 2 43 0 42 0 41 29 
13 44 1 43 0 42 0 41 29 
13 44 1 43 0 42 0 41 29 
13 44 1 43 0 42 0 41 29 
13 44 1 43 0 42 0 41 29 
13 44 1 43 0 42 0 41 29 
13 44 1 43 0 42 0 41 29 
13 44 1 43 0 42 0 41 29 
13 44 2 43 0 42 0 41 29 
13 44 1 43 0 42 0 41 29 
13 44 1 43 0 42 0 41 29 
13 44 1 43 0 42 0 41 29 
13 44 1 43 0 42 0 41 29 
13 44 1 43 0 42 0 41 29 
13 44 2 43 0 42 0 41 29 
13 44 1 43 0 42 0 41 29 
13 44 1 43 0 42 0 41 29 
13 44 1 43 0 42 0 41 29 
13 44 2 43 0 42 0 41 29 
13 44 1 43 0 42 0 41 29 
13 44 1 43 0 42 0 41 29 
13 44 1 43 0 42 0 41 29 
13 44 2 43 0 42 0 41 29 
13 44 1 43 0 42 0 41 29 
13 44 2 43 0 42 0 41 29 
13 44 1 43 0 42 0 41 29 
13 44 1 43 0 42 0 41 29 
13 44 1 43 0 42 0 41 29 
13 44 1 43 0 42 0 41 29 
13 44 1 43 0 42 0 41 29 
13 44 1 43 0 42 0 41 29 
SCORES_TXT_END_0
SCORES_TXT_BEGIN_0 2 100 9 BLEU
11 33 1 32 0 31 0 30 26 
12 33 2 32 0 31 0 30 26 
11 33 1 32 0 31 0 30 26 
11 33 1 32 0 31 0 30 26 
12 33 2 32 0 31 0 30 26 
11 33 1 32 0 31 0 30 26 
12 33 2 32 0 31 0 30 26 
12 33 1 32 0 31 0 30 26 
11 33 1 32 0 31 0 30 26 
12 33 1 32 0 31 0 30 26 
11 33 1 32 0 31 0 30 26 
12 33 2 32 0 31 0 30 26 
10 33 0 32 0 31 0 30 26 
11 33 1 32 0 31 0 30 26 
12 33 3 32 0 31 0 30 26 
10 32 1 31 0 30 0 29 26 
11 32 2 31 0 30 0 29 26 
11 33 1 32 0 31 0 30 26 
12 33 2 32 0 31 0 30 26 
10 32 1 31 0 30 0 29 26 
11 32 2 31 0 30 0 29 26 
12 33 1 32 0 31 0 30 26 
11 33 1 32 0 31 0 30 26 
11 33 1 32 0 31 0 30 26 
12 33 2 32 0 31 0 30 26 
12 33 3 32 1 31 0 30 26 
11 33 1 32 0 31 0 30 26 
11 33 1 32 0 31 0 30 26 
12 33 2 32 0 31 0 30 26 
12 33 1 32 0 31 0 30 26 
12 33 1 32 0 31 0 30 26 
10 32 1 31 0 30 0 29 26 
10 32 1 31 0 30 0 29 26 
12 33 3 32 0 31 0 30 26 
12 33 1 32 0 31 0 30 26 
10 32 1 31 0 30 0 29 26 
11 32 2 31 0 30 0 29 26 
12 33 1 32 0 31 0 30 26 
10 32 1 31 0 30 0 29 26 
11 32 2 31 0 30 0 29 26 
12 33 1 32 0 31 0 30 26 
12 33 1 32 0 31 0 30 26 
12 33 1 32 0 31 0 30 26 
11 33 1 32 0 31 0 30 26 
12 33 1 32 0 31 0 30 26 
11 33 1 32 0 31 0 30 26 
12 33 2 32 0 31 0 30 26 
12 33 2 32 0 31 0 30 26 
11 33 1 32 0 31 0 30 26 
12 33 2 32 0 31 0 30 26 
11 33 1 32 0 31 0 30 26 
12 33 3 32 1 31 0 30 26 
12 33 3 32 0 31 0 30 26 
10 32 1 31 0 30 0 29 26 
11 32 2 31 0 30 0 29 26 
12 33 2 32 0 31 0 30 26 
12 33 2 32 0 31 0 30 26 
12 33 1 32 0 31 0 30 26 
10 32 1 31 0 30 0 29 26 
11 32 2 31 0 30 0 29 26 
10 33 0 32 0 31 0 30 26 
11 33 1 32 0 31 0 30 26 
11 32 1 31 0 30 0 29 26 
11 33 1 32 0 31 0 30 26 
11 32 1 31 0 30 0 29 26 
12 33 1 32 0 31 0 30 26 
12 33 1 32 0 31 0 30 26 
12 33 2 32 0 31 0 30 26 
11 33 1 32 0 31 0 30 26 
11 33 1 32 0 31 0 30 26 
11 33 2 32 0 31 0 30 26 
12 33 3 32 0 31 0 30 26 
11 33 1 32 0 31 0 30 26 
12 33 2 32 0 31 0 30 26 
11 33 2 32 0 31 0 30 26 
12 33 1 32 0 31 0 30 26 
12 33 1 32 0 31 0 30 26 
10 32 1 31 0 30 0 29 26 
11 33 1 32 0 31 0 30 26 
12 33 1 32 0 31 0 30 26 
11 33 1 32 0 31 0 30 26 
12 33 1 32 0 31 0 30 26 
10 32 1 31 0 30 0 29 26 
11 32 2 31 0 30 0 29 26 
10 32 1 31 0 30 0 29 26 
12 33 2 32 0 31 0 30 26 
12 33 2 32 0 31 0 30 26 
12 33 2 32 0 31 0 30 26 
11 32 1 31 0 30 0 29 26 
11 33 1 32 0 31 0 30 26 
11 32 1 31 0 30 0 29 26 
12 33 2 32 0 31 0 30 26 
12 33 1 32 0 31 0 30 26 
11 33 1 32 0 31 0 30 26 
12 33 1 32 0 31 0 30 26 
12 33 1 32 0 31 0 30 26 
12 33 2 32 0 31 0 30 26 
11 33 1 32 0 31 0 30 26 
12 33 3 32 1 31 0 30 26 
11 33 1 32 0 31 0 30 26 
SCORES_TXT_END_0
SCORES_TXT_BEGIN_0 3 68 9 BLEU
4 28 0 27 0 26 0 25 17 
4 28 0 27 0 26 0 25 17 
4 28 0 27 0 26 0 25 17 
4 28 0 27 0 26 0 25 17 
4 28 0 27 0 26 0 25 17 
4 28 0 27 0 26 0 25 17 
4 28 0 27 0 26 0 25 17 
4 28 0 27 0 26 0 25 17 
4 28 0 27 0 26 0 25 17 
4 28 0 27 0 26 0 25 17 
4 28 0 27 0 26 0 25 17 
4 28 0 27 0 26 0 25 17 
4 28 0 27 0 26 0 25 17 
4 28 0 27 0 26 0 25 17 
4 28 0 27 0 26 0 25 17 
4 28 0 27 0 26 0 25 17 
4 28 0 27 0 26 0 25 17 
4 28 0 27 0 26 0 25 17 
4 28 0 27 0 26 0 25 17 
4 28 0 27 0 26 0 25 17 
4 28 0 27 0 26 0 25 17 
4 28 0 27 0 26 0 25 17 
4 28 0 27 0 26 0 25 17 
4 28 0 27 0 26 0 25 17 
4 28 0 27 0 26 0 25 17 
4 28 0 27 0 26 0 25 17 
4 28 0 27 0 26 0 25 17 
4 28 0 27 0 26 0 25 17 
4 28 0 27 0 26 0 25 17 
4 28 0 27 0 26 0 25 17 
4 28 0 27 0 26 0 25 17 
4 28 0 27 0 26 0 25 17 
4 28 0 27 0 26 0 25 17 
4 28 0 27 0 26 0 25 17 
4 28 0 27 0 26 0 25 17 
4 28 0 27 0 26 0 25 17 
4 28 0 27 0 26 0 25 17 
4 28 0 27 0 26 0 25 17 
4 28 0 27 0 26 0 25 17 
4 28 0 27 0 26 0 25 17 
4 28 0 27 0 26 0 25 17 
4 28 0 27 0 26 0 25 17 
4 28 0 27 0 26 0 25 17 
4 28 0 27 0 26 0 25 17 
4 28 0 27 0 26 0 25 17 
4 28 0 27 0 26 0 25 17 
4 28 0 27 0 26 0 25 17 
4 28 0 27 0 26 0 25 17 
4 28 0 27 0 26 0 25 17 
4 28 0 27 0 26 0 25 17 
4 28 0 27 0 26 0 25 17 
4 28 0 27 0 26 0 25 17 
4 28 0 27 0 26 0 25 17 
4 28 0 27 0 26 0 25 17 
4 28 0 27 0 26 0 25 17 
4 28 0 27 0 26 0 25 17 
4 28 0 27 0 26 0 25 17 
4 28 0 27 0 26 0 25 17 
4 28 0 27 0 26 0 25 17 
4 28 0 27 0 26 0 25 17 
4 28 0 27 0 26 0 25 17 
4 28 0 27 0 26 0 25 17 
4 28 0 27 0 26 0 25 17 
4 28 0 27 0 26 0 25 17 
4 28 0 27 0 26 0 25 17 
4 28 0 27 0 26 0 25 17 
4 28 0 27 0 26 0 25 17 
4 28 0 27 0 26 0 25 17 
SCORES_TXT_END_0
SCORES_TXT_BEGIN_0 4 86 9 BLEU
10 45 2 44 1 43 0 42 16 
10 45 2 44 1 43 0 42 16 
10 45 2 44 1 43 0 42 16 
10 45 2 44 1 43 0 42 16 
10 45 2 44 1 43 0 42 16 
10 45 4 44 2 43 0 42 16 
10 45 2 44 1 43 0 42 16 
10 45 3 44 1 43 0 42 16 
10 45 2 44 1 43 0 42 16 
10 45 4 44 2 43 0 42 16 
10 45 4 44 2 43 0 42 16 
10 45 2 44 1 43 0 42 16 
10 45 2 44 1 43 0 42 16 
10 45 3 44 1 43 0 42 16 
10 45 2 44 1 43 0 42 16 
10 45 4 44 2 43 0 42 16 
10 45 3 44 1 43 0 42 16 
10 45 3 44 1 43 0 42 16 
10 45 2 44 1 43 0 42 16 
10 45 4 44 2 43 0 42 16 
10 45 4 44 2 43 0 42 16 
10 45 2 44 1 43 0 42 16 
10 45 2 44 1 43 0 42 16 
10 45 2 44 1 43 0 42 16 
10 45 2 44 1 43 0 42 16 
10 45 3 44 1 43 0 42 16 
10 45 2 44 1 43 0 42 16 
10 45 3 44 1 43 0 42 16 
10 45 2 44 1 43 0 42 16 
10 45 3 44 1 43 0 42 16 
10 45 3 44 1 43 0 42 16 
10 45 4 44 2 43 0 42 16 
10 45 4 44 2 43 0 42 16 
10 45 2 44 1 43 0 42 16 
10 45 2 44 1 43 0 42 16 
10 45 2 44 1 43 0 42 16 
10 45 2 44 1 43 0 42 16 
10 45 4 44 2 43 0 42 16 
10 45 2 44 1 43 0 42 16 
10 45 3 44 1 43 0 42 16 
10 45 2 44 1 43 0 42 16 
10 45 2 44 1 43 0 42 16 
10 45 3 44 1 43 0 42 16 
10 45 3 44 1 43 0 42 16 
10 45 2 44 1 43 0 42 16 
10 45 3 44 1 43 0 42 16 
10 45 4 44 2 43 0 42 16 
10 45 4 44 2 43 0 42 16 
10 45 5 44 2 43 0 42 16 
10 45 3 44 1 43 0 42 16 
10 45 3 44 1 43 0 42 16 
10 45 4 44 2 43 0 42 16 
10 45 3 44 1 43 0 42 16 
10 45 2 44 1 43 0 42 16 
10 45 2 44 1 43 0 42 16 
10 45 3 44 1 43 0 42 16 
10 45 2 44 1 43 0 42 16 
10 45 2 44 1 43 0 42 16 
10 45 5 44 2 43 0 42 16 
10 45 5 44 2 43 0 42 16 
10 45 2 44 1 43 0 42 16 
10 45 2 44 1 43 0 42 16 
10 45 4 44 2 43 0 42 16 
10 45 2 44 1 43 0 42 16 
10 45 2 44 1 43 0 42 16 
10 45 3 44 1 43 0 42 16 
10 45 2 44 1 43 0 42 16 
10 45 2 44 1 43 0 42 16 
10 45 2 44 1 43 0 42 16 
10 45 2 44 1 43 0 42 16 
10 45 3 44 1 43 0 42 16 
10 45 3 44 1 43 0 42 16 
10 45 4 44 2 43 0 42 16 
10 45 4 44 2 43 0 42 16 
10 45 4 44 2 43 0 42 16 
10 45 5 44 2 43 0 42 16 
10 45 5 44 2 43 0 42 16 
10 45 4 44 2 43 0 42 16 
10 45 5 44 2 43 0 42 16 
10 45 2 44 1 43 0 42 16 
10 45 4 44 2 43 0 42 16 
10 45 2 44 1 43 0 42 16 
10 45 3 44 1 43 0 42 16 
10 45 2 44 1 43 0 42 16 
10 45 2 44 1 43 0 42 16 
10 45 2 44 1 43 0 42 16 
SCORES_TXT_END_0
SCORES_TXT_BEGIN_0 5 70 9 BLEU
16 41 5 40 1 39 0 38 22 
16 41 6 40 2 39 0 38 22 
16 41 6 40 2 39 0 38 22 
16 41 5 40 1 39 0 38 22 
16 41 5 40 1 39 0 38 22 
16 41 6 40 2 39 0 38 22 
17 41 6 40 2 39 0 38 22 
16 41 5 40 1 39 0 38 22 
16 41 6 40 2 39 0 38 22 
17 41 6 40 2 39 0 38 22 
16 41 5 40 1 39 0 38 22 
16 41 6 40 2 39 0 38 22 
16 41 5 40 1 39 0 38 22 
17 41 6 40 2 39 0 38 22 
16 41 5 40 1 39 0 38 22 
16 41 6 40 2 39 0 38 22 
16 41 6 40 2 39 0 38 22 
16 41 4 40 1 39 0 38 22 
16 41 5 40 1 39 0 38 22 
17 41 6 40 2 39 0 38 22 
16 41 5 40 1 39 0 38 22 
16 41 5 40 1 39 0 38 22 
16 41 5 40 1 39 0 38 22 
16 41 6 40 2 39 0 38 22 
17 41 6 40 2 39 0 38 22 
16 41 6 40 2 39 0 38 22 
17 41 6 40 2 39 0 38 22 
16 41 6 40 2 39 0 38 22 
17 41 6 40 2 39 0 38 22 
16 41 5 40 1 39 0 38 22 
16 41 5 40 1 39 0 38 22 
17 41 6 40 2 39 0 38 22 
16 41 5 40 1 39 0 38 22 
16 41 5 40 1 39 0 38 22 
16 41 6 40 2 39 0 38 22 
16 41 6 40 2 39 0 38 22 
16 41 6 40 2 39 0 38 22 
17 41 6 40 2 39 0 38 22 
16 41 5 40 1 39 0 38 22 
16 41 5 40 1 39 0 38 22 
17 41 6 40 2 39 0 38 22 
16 41 6 40 2 39 0 38 22 
15 41 5 40 1 39 0 38 22 
16 41 5 40 1 39 0 38 22 
16 41 5 40 1 39 0 38 22 
16 41 6 40 2 39 0 38 22 
16 41 6 40 2 39 0 38 22 
16 41 6 40 2 39 0 38 22 
16 41 5 40 1 39 0 38 22 
16 41 5 40 1 39 0 38 22 
16 41 5 40 1 39 0 38 22 
16 41 6 40 2 39 0 38 22 
17 41 6 40 2 39 0 38 22 
16 41 5 40 1 39 0 38 22 
16 41 4 40 1 39 0 38 22 
16 41 5 40 1 39 0 38 22 
17 41 6 40 2 39 0 38 22 
16 41 5 40 1 39 0 38 22 
16 41 6 40 2 39 0 38 22 
16 41 6 40 2 39 0 38 22 
16 41 5 40 1 39 0 38 22 
16 41 5 40 1 39 0 38 22 
16 41 5 40 1 39 0 38 22 
16 41 6 40 2 39 0 38 22 
17 41 6 40 2 39 0 38 22 
16 41 4 40 1 39 0 38 22 
16 41 6 40 2 39 0 38 22 
16 41 6 40 2 39 0 38 22 
16 41 5 40 1 39 0 38 22 
17 41 6 40 2 39 0 38 22 
SCORES_TXT_END_0
SCORES_TXT_BEGIN_0 6 65 9 BLEU
4 33 1 32 0 31 0 30 22 
4 33 1 32 0 31 0 30 22 
4 33 1 32 0 31 0 30 22 
4 33 1 32 0 31 0 30 22 
4 33 1 32 0 31 0 30 22 
4 33 1 32 0 31 0 30 22 
5 33 1 32 0 31 0 30 22 
4 33 1 32 0 31 0 30 22 
4 33 1 32 0 31 0 30 22 
4 33 1 32 0 31 0 30 22 
4 33 1 32 0 31 0 30 22 
4 33 1 32 0 31 0 30 22 
4 33 1 32 0 31 0 30 22 
4 33 1 32 0 31 0 30 22 
4 33 1 32 0 31 0 30 22 
5 33 1 32 0 31 0 30 22 
4 33 1 32 0 31 0 30 22 
4 33 1 32 0 31 0 30 22 
4 33 1 32 0 31 0 30 22 
4 33 1 32 0 31 0 30 22 
4 33 1 32 0 31 0 30 22 
5 33 1 32 0 31 0 30 22 
4 33 1 32 0 31 0 30 22 
5 33 1 32 0 31 0 30 22 
4 33 1 32 0 31 0 30 22 
5 32 1 31 0 30 0 29 22 
4 33 1 32 0 31 0 30 22 
4 33 1 32 0 31 0 30 22 
4 33 1 32 0 31 0 30 22 
5 32 1 31 0 30 0 29 22 
4 33 1 32 0 31 0 30 22 
5 33 1 32 0 31 0 30 22 
4 33 1 32 0 31 0 30 22 
5 33 1 32 0 31 0 30 22 
4 33 1 32 0 31 0 30 22 
4 33 1 32 0 31 0 30 22 
4 33 1 32 0 31 0 30 22 
4 33 1 32 0 31 0 30 22 
4 33 1 32 0 31 0 30 22 
5 33 1 32 0 31 0 30 22 
4 33 1 32 0 31 0 30 22 
5 33 1 32 0 31 0 30 22 
4 33 1 32 0 31 0 30 22 
5 32 1 31 0 30 0 29 22 
4 33 1 32 0 31 0 30 22 
5 33 1 32 0 31 0 30 22 
5 33 1 32 0 31 0 30 22 
4 33 1 32 0 31 0 30 22 
4 33 1 32 0 31 0 30 22 
5 32 1 31 0 30 0 29 22 
5 32 1 31 0 30 0 29 22 
4 33 1 32 0 31 0 30 22 
5 32 1 31 0 30 0 29 22 
5 33 1 32 0 31 0 30 22 
5 32 1 31 0 30 0 29 22 
4 33 1 32 0 31 0 30 22 
5 32 1 31 0 30 0 29 22 
4 33 1 32 0 31 0 30 22 
5 33 1 32 0 31 0 30 22 
4 33 1 32 0 31 0 30 22 
4 33 1 32 0 31 0 30 22 
4 33 1 32 0 31 0 30 22 
4 33 1 32 0 31 0 30 22 
4 33 1 32 0 31 0 30 22 
4 33 1 32 0 31 0 30 22 
SCORES_TXT_END_0
SCORES_TXT_BEGIN_0 7 100 9 BLEU
9 50 1 49 0 48 0 47 22 
9 50 1 49 0 48 0 47 22 
9 49 1 48 0 47 0 46 22 
9 50 1 49 0 48 0 47 22 
9 50 1 49 0 48 0 47 22 
9 50 1 49 0 48 0 47 22 
9 50 1 49 0 48 0 47 22 
9 50 1 49 0 48 0 47 22 
9 50 1 49 0 48 0 47 22 
9 50 1 49 0 48 0 47 22 
9 49 1 48 0 47 0 46 22 
9 50 1 49 0 48 0 47 22 
9 50 1 49 0 48 0 47 22 
9 50 1 49 0 48 0 47 22 
9 49 1 48 0 47 0 46 22 
9 50 1 49 0 48 0 47 22 
9 50 1 49 0 48 0 47 22 
9 50 1 49 0 48 0 47 22 
9 49 1 48 0 47 0 46 22 
9 50 1 49 0 48 0 47 22 
9 50 1 49 0 48 0 47 22 
8 50 1 49 0 48 0 47 22 
9 49 1 48 0 47 0 46 22 
9 50 1 49 0 48 0 47 22 
9 49 1 48 0 47 0 46 22 
9 49 1 48 0 47 0 46 22 
9 49 1 48 0 47 0 46 22 
8 50 1 49 0 48 0 47 22 
9 49 1 48 0 47 0 46 22 
9 50 1 49 0 48 0 47 22 
9 50 1 49 0 48 0 47 22 
9 50 1 49 0 48 0 47 22 
9 50 1 49 0 48 0 47 22 
9 50 1 49 0 48 0 47 22 
9 49 1 48 0 47 0 46 22 
9 49 1 48 0 47 0 46 22 
9 50 1 49 0 48 0 47 22 
9 49 1 48 0 47 0 46 22 
8 50 1 49 0 48 0 47 22 
9 50 1 49 0 48 0 47 22 
8 50 1 49 0 48 0 47 22 
9 50 1 49 0 48 0 47 22 
10 50 1 49 0 48 0 47 22 
9 49 1 48 0 47 0 46 22 
9 50 1 49 0 48 0 47 22 
9 50 1 49 0 48 0 47 22 
9 49 1 48 0 47 0 46 22 
9 50 1 49 0 48 0 47 22 
9 50 1 49 0 48 0 47 22 
9 50 1 49 0 48 0 47 22 
8 50 1 49 0 48 0 47 22 
8 50 1 49 0 48 0 47 22 
10 50 1 49 0 48 0 47 22 
9 50 1 49 0 48 0 47 22 
9 50 1 49 0 48 0 47 22 
8 50 1 49 0 48 0 47 22 
8 50 1 49 0 48 0 47 22 
9 49 1 48 0 47 0 46 22 
9 48 1 47 0 46 0 45 22 
9 50 1 49 0 48 0 47 22 
9 50 1 49 0 48 0 47 22 
9 49 1 48 0 47 0 46 22 
9 50 1 49 0 48 0 47 22 
9 50 1 49 0 48 0 47 22 
9 49 1 48 0 47 0 46 22 
9 50 1 49 0 48 0 47 22 
9 49 1 48 0 47 0 46 22 
9 50 1 49 0 48 0 47 22 
8 50 1 49 0 48 0 47 22 
9 50 1 49 0 48 0 47 22 
8 50 1 49 0 48 0 47 22 
9 50 1 49 0 48 0 47 22 
9 49 1 48 0 47 0 46 22 
9 50 1 49 0 48 0 47 22 
9 50 1 49 0 48 0 47 22 
9 50 1 49 0 48 0 47 22 
8 50 1 49 0 48 0 47 22 
9 50 1 49 0 48 0 47 22 
9 49 1 48 0 47 0 46 22 
9 49 1 48 0 47 0 46 22 
9 49 1 48 0 47 0 46 22 
8 50 1 49 0 48 0 47 22 
8 49 1 48 0 47 0 46 22 
9 50 1 49 0 48 0 47 22 
9 50 1 49 0 48 0 47 22 
9 50 1 49 0 48 0 47 22 
9 50 1 49 0 48 0 47 22 
9 50 1 49 0 48 0 47 22 
8 50 1 49 0 48 0 47 22 
9 49 1 48 0 47 0 46 22 
9 50 1 49 0 48 0 47 22 
9 50 1 49 0 48 0 47 22 
9 49 1 48 0 47 0 46 22 
8 50 1 49 0 48 0 47 22 
8 50 1 49 0 48 0 47 22 
9 50 1 49 0 48 0 47 22 
8 50 1 49 0 48 0 47 22 
9 50 1 49 0 48 0 47 22 
9 50 1 49 0 48 0 47 22 
9 50 1 49 0 48 0 47 22 
SCORES_TXT_END_0
SCORES_TXT_BEGIN_0 8 98 9 BLEU
9 50 0 49 0 48 0 47 33 
9 50 0 49 0 48 0 47 33 
9 50 0 49 0 48 0 47 33 
9 50 0 49 0 48 0 47 33 
9 50 0 49 0 48 0 47 33 
9 50 0 49 0 48 0 47 33 
9 50 0 49 0 48 0 47 33 
9 50 0 49 0 48 0 47 33 
9 50 0 49 0 48 0 47 33 
9 50 0 49 0 48 0 47 33 
9 50 0 49 0 48 0 47 33 
9 50 0 49 0 48 0 47 33 
9 50 0 49 0 48 0 47 33 
9 50 0 49 0 48 0 47 33 
9 50 0 49 0 48 0 47 33 
9 50 0 49 0 48 0 47 33 
9 50 0 49 0 48 0 47 33 
9 50 0 49 0 48 0 47 33 
9 50 0 49 0 48 0 47 33 
9 50 0 49 0 48 0 47 33 
9 50 0 49 0 48 0 47 33 
9 50 0 49 0 48 0 47 33 
9 50 0 49 0 48 0 47 33 
9 50 0 49 0 48 0 47 33 
9 50 0 49 0 48 0 47 33 
9 50 0 49 0 48 0 47 33 
9 50 0 49 0 48 0 47 33 
9 50 0 49 0 48 0 47 33 
9 50 0 49 0 48 0 47 33 
9 50 0 49 0 48 0 47 33 
9 50 0 49 0 48 0 47 33 
9 50 0 49 0 48 0 47 33 
9 50 0 49 0 48 0 47 33 
9 50 0 49 0 48 0 47 33 
9 50 0 49 0 48 0 47 33 
9 50 0 49 0 48 0 47 33 
9 50 0 49 0 48 0 47 33 
9 50 0 49 0 48 0 47 33 
10 51 0 50 0 49 0 48 33 
9 50 0 49 0 48 0 47 33 
9 50 0 49 0 48 0 47 33 
9 50 0 49 0 48 0 47 33 
9 50 0 49 0 48 0 47 33 
9 50 0 49 0 48 0 47 33 
9 50 0 49 0 48 0 47 33 
9 50 0 49 0 48 0 47 33 
9 50 0 49 0 48 0 47 33 
9 50 0 49 0 48 0 47 33 
9 50 0 49 0 48 0 47 33 
9 50 0 49 0 48 0 47 33 
9 50 0 49 0 48 0 47 33 
9 50 0 49 0 48 0 47 33 
9 50 0 49 0 48 0 47 33 
9 50 0 49 0 48 0 47 33 
9 50 0 49 0 48 0 47 33 
10 51 0 50 0 49 0 48 33 
9 50 0 49 0 48 0 47 33 
9 50 0 49 0 48 0 47 33 
9 50 0 49 0 48 0 47 33 
9 50 0 49 0 48 0 47 33 
9 50 0 49 0 48 0 47 33 
9 50 0 49 0 48 0 47 33 
9 50 0 49 0 48 0 47 33 
9 50 0 49 0 48 0 47 33 
9 50 0 49 0 48 0 47 33 
9 50 0 49 0 48 0 47 33 
9 50 0 49 0 48 0 47 33 
9 50 0 49 0 48 0 47 33 
9 50 0 49 0 48 0 47 33 
9 50 0 49 0 48 0 47 33 
10 51 0 50 0 49 0 48 33 
9 50 0 49 0 48 0 47 33 
9 50 0 49 0 48 0 47 33 
9 50 0 49 0 48 0 47 33 
9 50 0 49 0 48 0 47 33 
9 50 0 49 0 48 0 47 33 
9 50 0 49 0 48 0 47 33 
9 50 0 49 0 48 0 47 33 
10 51 0 50 0 49 0 48 33 
9 50 0 49 0 48 0 47 33 
9 50 0 49 0 48 0 47 33 
9 50 0 49 0 48 0 47 33 
9 50 0 49 0 48 0 47 33 
9 50 0 49 0 48 0 47 33 
9 50 0 49 0 48 0 47 33 
9 50 0 49 0 48 0 47 33 
9 50 0 49 0 48 0 47 33 
9 50 0 49 0 48 0 47 33 
9 50 0 49 0 48 0 47 33 
9 50 0 49 0 48 0 47 33 
9 50 0 49 0 48 0 47 33 
9 50 0 49 0 48 0 47 33 
9 50 0 49 0 48 0 47 33 
9 50 0 49 0 48 0 47 33 
9 50 0 49 0 48 0 47 33 
10 51 0 50 0 49 0 48 33 
9 50 0 49 0 48 0 47 33 
9 50 0 49 0 48 0 47 33 
SCORES_TXT_END_0
SCORES_TXT_BEGIN_0 9 100 9 BLEU
6 31 1 30 0 29 0 28 13 
6 31 0 30 0 29 0 28 13 
6 31 1 30 0 29 0 28 13 
6 31 1 30 0 29 0 28 13 
6 31 0 30 0 29 0 28 13 
6 31 0 30 0 29 0 28 13 
6 31 0 30 0 29 0 28 13 
6 31 1 30 0 29 0 28 13 
6 31 0 30 0 29 0 28 13 
6 31 1 30 0 29 0 28 13 
6 31 1 30 0 29 0 28 13 
6 31 1 30 0 29 0 28 13 
6 31 1 30 0 29 0 28 13 
6 31 0 30 0 29 0 28 13 
6 31 0 30 0 29 0 28 13 
6 31 0 30 0 29 0 28 13 
6 31 0 30 0 29 0 28 13 
6 31 0 30 0 29 0 28 13 
6 31 0 30 0 29 0 28 13 
6 31 1 30 0 29 0 28 13 
6 31 0 30 0 29 0 28 13 
6 31 1 30 0 29 0 28 13 
6 31 0 30 0 29 0 28 13 
6 31 1 30 0 29 0 28 13 
6 31 1 30 0 29 0 28 13 
6 31 1 30 0 29 0 28 13 
6 31 0 30 0 29 0 28 13 
6 31 1 30 0 29 0 28 13 
6 31 0 30 0 29 0 28 13 
6 31 0 30 0 29 0 28 13 
6 31 0 30 0 29 0 28 13 
6 31 0 30 0 29 0 28 13 
6 31 0 30 0 29 0 28 13 
6 31 0 30 0 29 0 28 13 
6 31 0 30 0 29 0 28 13 
6 31 0 30 0 29 0 28 13 
6 31 1 30 0 29 0 28 13 
6 31 1 30 0 29 0 28 13 
6 31 0 30 0 29 0 28 13 
6 31 0 30 0 29 0 28 13 
6 31 0 30 0 29 0 28 13 
6 31 0 30 0 29 0 28 13 
6 31 1 30 0 29 0 28 13 
6 31 1 30 0 29 0 28 13 
6 31 0 30 0 29 0 28 13 
6 31 1 30 0 29 0 28 13 
6 31 0 30 0 29 0 28 13 
6 31 0 30 0 29 0 28 13 
6 31 1 30 0 29 0 28 13 
6 31 0 30 0 29 0 28 13 
6 31 1 30 0 29 0 28 13 
6 31 0 30 0 29 0 28 13 
6 31 0 30 0 29 0 28 13 
6 31 0 30 0 29 0 28 13 
6 31 0 30 0 29 0 28 13 
6 31 1 30 0 29 0 28 13 
6 31 0 30 0 29 0 28 13 
6 31 0 30 0 29 0 28 13 
6 31 1 30 0 29 0 28 13 
6 31 0 30 0 29 0 28 13 
6 31 0 30 0 29 0 28 13 
6 31 0 30 0 29 0 28 13 
6 31 1 30 0 29 0 28 13 
6 31 0 30 0 29 0 28 13 
6 31 1 30 0 29 0 28 13 
6 31 0 30 0 29 0 28 13 
6 31 0 30 0 29 0 28 13 
6 31 1 30 0 29 0 28 13 
6 31 0 30 0 29 0 28 13 
6 31 1 30 0 29 0 28 13 
6 31 1 30 0 29 0 28 13 
6 31 1 30 0 29 0 28 13 
6 31 1 30 0 29 0 28 13 
6 31 1 30 0 29 0 28 13 
6 31 0 30 0 29 0 28 13 
6 31 0 30 0 29 0 28 13 
6 31 0 30 0 29 0 28 13 
6 31 1 30 0 29 0 28 13 
6 31 0 30 0 29 0 28 13 
6 31 0 30 0 29 0 28 13 
6 31 0 30 0 29 0 28 13 
6 31 0 30 0 29 0 28 13 
6 31 0 30 0 29 0 28 13 
6 31 1 30 0 29 0 28 13 
6 31 1 30 0 29 0 28 13 
6 31 0 30 0 29 0 28 13 
6 31 0 30 0 29 0 28 13 
6 31 0 30 0 29 0 28 13 
6 31 0 30 0 29 0 28 13 
6 31 0 30 0 29 0 28 13 
6 31 1 30 0 29 0 28 13 
6 31 1 30 0 29 0 28 13 
6 31 0 30 0 29 0 28 13 
6 31 1 30 0 29 0 28 13 
6 31 1 30 0 29 0 28 13 
6 31 0 30 0 29 0 28 13 
6 31 1 30 0 29 0 28 13 
6 31 1 30 0 29 0 28 13 
6 31 1 30 0 29 0 28 13 
6 31 0 30 0 29 0 28 13 
SCORES_TXT_END_0
SCORES_TXT_BEGIN_0 10 100 9 BLEU
9 20 0 19 0 18 0 17 13 
9 20 0 19 0 18 0 17 13 
9 20 0 19 0 18 0 17 13 
9 20 0 19 0 18 0 17 13 
10 20 0 19 0 18 0 17 13 
10 20 0 19 0 18 0 17 13 
10 20 0 19 0 18 0 17 13 
10 20 0 19 0 18 0 17 13 
10 20 0 19 0 18 0 17 13 
10 20 0 19 0 18 0 17 13 
9 20 0 19 0 18 0 17 13 
10 20 0 19 0 18 0 17 13 
10 20 0 19 0 18 0 17 13 
9 20 0 19 0 18 0 17 13 
10 20 0 19 0 18 0 17 13 
9 20 0 19 0 18 0 17 13 
9 20 0 19 0 18 0 17 13 
10 20 0 19 0 18 0 17 13 
9 20 0 19 0 18 0 17 13 
10 20 0 19 0 18 0 17 13 
9 20 0 19 0 18 0 17 13 
9 20 0 19 0 18 0 17 13 
9 20 0 19 0 18 0 17 13 
10 20 0 19 0 18 0 17 13 
10 20 0 19 0 18 0 17 13 
9 20 0 19 0 18 0 17 13 
10 20 0 19 0 18 0 17 13 
10 20 0 19 0 18 0 17 13 
10 20 0 19 0 18 0 17 13 
10 20 2 19 0 18 0 17 13 
9 20 0 19 0 18 0 17 13 
9 20 0 19 0 18 0 17 13 
10 20 0 19 0 18 0 17 13 
9 20 0 19 0 18 0 17 13 
9 20 0 19 0 18 0 17 13 
10 20 0 19 0 18 0 17 13 
10 20 1 19 0 18 0 17 13 
10 20 2 19 0 18 0 17 13 
9 20 0 19 0 18 0 17 13 
9 20 0 19 0 18 0 17 13 
9 20 0 19 0 18 0 17 13 
10 20 0 19 0 18 0 17 13 
10 20 0 19 0 18 0 17 13 
10 20 0 19 0 18 0 17 13 
10 20 1 19 0 18 0 17 13 
10 20 0 19 0 18 0 17 13 
9 20 0 19 0 18 0 17 13 
10 20 0 19 0 18 0 17 13 
9 20 0 19 0 18 0 17 13 
9 20 0 19 0 18 0 17 13 
9 20 0 19 0 18 0 17 13 
10 20 0 19 0 18 0 17 13 
9 20 0 19 0 18 0 17 13 
9 20 0 19 0 18 0 17 13 
10 20 0 19 0 18 0 17 13 
10 20 0 19 0 18 0 17 13 
10 20 0 19 0 18 0 17 13 
9 20 0 19 0 18 0 17 13 
10 20 0 19 0 18 0 17 13 
9 20 0 19 0 18 0 17 13 
9 20 0 19 0 18 0 17 13 
9 20 0 19 0 18 0 17 13 
9 20 0 19 0 18 0 17 13 
10 20 1 19 0 18 0 17 13 
10 20 1 19 0 18 0 17 13 
10 20 0 19 0 18 0 17 13 
10 20 0 19 0 18 0 17 13 
10 20 0 19 0 18 0 17 13 
9 20 0 19 0 18 0 17 13 
10 20 0 19 0 18 0 17 13 
9 20 0 19 0 18 0 17 13 
9 20 0 19 0 18 0 17 13 
10 20 0 19 0 18 0 17 13 
10 20 0 19 0 18 0 17 13 
10 20 0 19 0 18 0 17 13 
10 20 1 19 0 18 0 17 13 
10 20 0 19 0 18 0 17 13 
10 20 1 19 0 18 0 17 13 
10 20 0 19 0 18 0 17 13 
9 20 0 19 0 18 0 17 13 
9 20 0 19 0 18 0 17 13 
10 20 1 19 0 18 0 17 13 
10 20 0 19 0 18 0 17 13 
10 20 1 19 0 18 0 17 13 
9 20 0 19 0 18 0 17 13 
10 20 1 19 0 18 0 17 13 
9 20 0 19 0 18 0 17 13 
9 20 0 19 0 18 0 17 13 
10 20 0 19 0 18 0 17 13 
10 20 0 19 0 18 0 17 13 
10 20 0 19 0 18 0 17 13 
10 20 0 19 0 18 0 17 13 
10 20 0 19 0 18 0 17 13 
10 20 0 19 0 18 0 17 13 
10 20 0 19 0 18 0 17 13 
10 20 0 19 0 18 0 17 13 
9 20 0 19 0 18 0 17 13 
10 20 0 19 0 18 0 17 13 
9 20 0 19 0 18 0 17 13 
9 20 0 19 0 18 0 17 13 
SCORES_TXT_END_0
SCORES_TXT_BEGIN_0 11 87 9 BLEU
2 30 0 29 0 28 0 27 13 
2 30 0 29 0 28 0 27 13 
2 30 0 29 0 28 0 27 13 
2 30 0 29 0 28 0 27 13 
2 30 0 29 0 28 0 27 13 
2 30 0 29 0 28 0 27 13 
2 30 0 29 0 28 0 27 13 
2 31 0 30 0 29 0 28 13 
2 30 0 29 0 28 0 27 13 
2 30 0 29 0 28 0 27 13 
2 30 0 29 0 28 0 27 13 
2 30 0 29 0 28 0 27 13 
2 30 0 29 0 28 0 27 13 
2 30 0 29 0 28 0 27 13 
2 30 0 29 0 28 0 27 13 
2 30 0 29 0 28 0 27 13 
2 30 0 29 0 28 0 27 13 
2 30 0 29 0 28 0 27 13 
2 30 0 29 0 28 0 27 13 
2 30 0 29 0 28 0 27 13 
2 30 0 29 0 28 0 27 13 
2 30 0 29 0 28 0 27 13 
2 30 0 29 0 28 0 27 13 
2 31 0 30 0 29 0 28 13 
2 30 0 29 0 28 0 27 13 
2 30 0 29 0 28 0 27 13 
2 30 0 29 0 28 0 27 13 
2 30 0 29 0 28 0 27 13 
2 30 0 29 0 28 0 27 13 
2 30 0 29 0 28 0 27 13 
2 30 0 29 0 28 0 27 13 
2 30 0 29 0 28 0 27 13 
2 30 0 29 0 28 0 27 13 
2 30 0 29 0 28 0 27 13 
2 30 0 29 0 28 0 27 13 
2 30 0 29 0 28 0 27 13 
2 30 0 29 0 28 0 27 13 
2 30 0 29 0 28 0 27 13 
2 31 0 30 0 29 0 28 13 
2 30 0 29 0 28 0 27 13 
2 30 0 29 0 28 0 27 13 
2 31 0 30 0 29 0 28 13 
2 30 0 29 0 28 0 27 13 
2 30 0 29 0 28 0 27 13 
2 30 0 29 0 28 0 27 13 
2 30 0 29 0 28 0 27 13 
2 30 0 29 0 28 0 27 13 
2 31 0 30 0 29 0 28 13 
2 30 0 29 0 28 0 27 13 
2 30 0 29 0 28 0 27 13 
2 30 0 29 0 28 0 27 13 
2 30 0 29 0 28 0 27 13 
2 31 0 30 0 29 0 28 13 
2 30 0 29 0 28 0 27 13 
2 30 0 29 0 28 0 27 13 
2 30 0 29 0 28 0 27 13 
2 30 0 29 0 28 0 27 13 
2 30 0 29 0 28 0 27 13 
2 30 0 29 0 28 0 27 13 
2 30 0 29 0 28 0 27 13 
2 30 0 29 0 28 0 27 13 
2 30 0 29 0 28 0 27 13 
2 30 0 29 0 28 0 27 13 
2 30 0 29 0 28 0 27 13 
2 30 0 29 0 28 0 27 13 
2 30 0 29 0 28 0 27 13 
2 30 0 29 0 28 0 27 13 
2 30 0 29 0 28 0 27 13 
2 30 0 29 0 28 0 27 13 
2 30 0 29 0 28 0 27 13 
2 30 0 29 0 28 0 27 13 
2 30 0 29 0 28 0 27 13 
2 30 0 29 0 28 0 27 13 
2 31 0 30 0 29 0 28 13 
2 30 0 29 0 28 0 27 13 
2 31 0 30 0 29 0 28 13 
2 31 0 30 0 29 0 28 13 
2 31 0 30 0 29 0 28 13 
2 30 0 29 0 28 0 27 13 
2 30 0 29 0 28 0 27 13 
2 30 0 29 0 28 0 27 13 
2 30 0 29 0 28 0 27 13 
2 30 0 29 0 28 0 27 13 
2 30 0 29 0 28 0 27 13 
2 30 0 29 0 28 0 27 13 
2 30 0 29 0 28 0 27 13 
2 30 0 29 0 28 0 27 13 
SCORES_TXT_END_0
SCORES_TXT_BEGIN_0 12 85 9 BLEU
6 35 2 34 1 33 0 32 28 
6 35 2 34 1 33 0 32 28 
6 35 2 34 1 33 0 32 28 
6 35 2 34 1 33 0 32 28 
6 35 2 34 1 33 0 32 28 
6 35 2 34 1 33 0 32 28 
6 35 2 34 1 33 0 32 28 
6 35 2 34 1 33 0 32 28 
6 35 2 34 1 33 0 32 28 
6 35 2 34 1 33 0 32 28 
6 35 2 34 1 33 0 32 28 
6 35 2 34 1 33 0 32 28 
6 35 2 34 1 33 0 32 28 
6 35 2 34 1 33 0 32 28 
6 35 2 34 1 33 0 32 28 
6 35 2 34 1 33 0 32 28 
6 35 2 34 1 33 0 32 28 
6 35 2 34 1 33 0 32 28 
6 35 2 34 1 33 0 32 28 
6 35 2 34 1 33 0 32 28 
6 35 2 34 1 33 0 32 28 
6 35 2 34 1 33 0 32 28 
6 35 2 34 1 33 0 32 28 
6 35 2 34 1 33 0 32 28 
6 35 2 34 1 33 0 32 28 
6 35 2 34 1 33 0 32 28 
6 35 2 34 1 33 0 32 28 
6 35 2 34 1 33 0 32 28 
6 35 2 34 1 33 0 32 28 
6 35 2 34 1 33 0 32 28 
6 35 2 34 1 33 0 32 28 
6 35 2 34 1 33 0 32 28 
7 35 2 34 1 33 0 32 28 
6 35 2 34 1 33 0 32 28 
6 35 2 34 1 33 0 32 28 
6 35 2 34 1 33 0 32 28 
6 35 2 34 1 33 0 32 28 
7 36 2 35 1 34 0 33 28 
6 35 2 34 1 33 0 32 28 
6 35 2 34 1 33 0 32 28 
6 35 2 34 1 33 0 32 28 
6 35 2 34 1 33 0 32 28 
6 35 2 34 1 33 0 32 28 
7 35 2 34 1 33 0 32 28 
6 35 2 34 1 33 0 32 28 
6 35 2 34 1 33 0 32 28 
6 35 2 34 1 33 0 32 28 
6 35 2 34 1 33 0 32 28 
6 35 2 34 1 33 0 32 28 
7 35 2 34 1 33 0 32 28 
7 36 2 35 1 34 0 33 28 
7 36 2 35 1 34 0 33 28 
6 35 2 34 1 33 0 32 28 
6 35 2 34 1 33 0 32 28 
6 35 2 34 1 33 0 32 28 
6 35 2 34 1 33 0 32 28 
6 35 2 34 1 33 0 32 28 
7 35 2 34 1 33 0 32 28 
6 35 2 34 1 33 0 32 28 
6 35 2 34 1 33 0 32 28 
6 35 2 34 1 33 0 32 28 
6 35 2 34 1 33 0 32 28 
6 35 2 34 1 33 0 32 28 
7 36 2 35 1 34 0 33 28 
6 35 2 34 1 33 0 32 28 
7 35 2 34 1 33 0 32 28 
6 35 2 34 1 33 0 32 28 
6 35 2 34 1 33 0 32 28 
6 35 2 34 1 33 0 32 28 
6 35 2 34 1 33 0 32 28 
6 35 2 34 1 33 0 32 28 
6 35 2 34 1 33 0 32 28 
7 36 2 35 1 34 0 33 28 
7 35 2 34 1 33 0 32 28 
6 35 2 34 1 33 0 32 28 
6 35 2 34 1 33 0 32 28 
6 35 2 34 1 33 0 32 28 
6 35 2 34 1 33 0 32 28 
7 36 2 35 1 34 0 33 28 
6 35 2 34 1 33 0 32 28 
6 35 2 34 1 33 0 32 28 
6 35 2 34 1 33 0 32 28 
7 35 2 34 1 33 0 32 28 
6 35 2 34 1 33 0 32 28 
6 35 2 34 1 33 0 32 28 
SCORES_TXT_END_0
SCORES_TXT_BEGIN_0 13 100 9 BLEU
5 32 1 31 0 30 0 29 13 
5 32 1 31 0 30 0 29 13 
5 31 1 30 0 29 0 28 13 
5 32 1 31 0 30 0 29 13 
5 32 1 31 0 30 0 29 13 
5 32 1 31 0 30 0 29 13 
5 32 1 31 0 30 0 29 13 
5 32 1 31 0 30 0 29 13 
5 32 1 31 0 30 0 29 13 
5 32 1 31 0 30 0 29 13 
5 32 1 31 0 30 0 29 13 
5 32 1 31 0 30 0 29 13 
5 32 1 31 0 30 0 29 13 
5 32 1 31 0 30 0 29 13 
5 32 1 31 0 30 0 29 13 
5 32 1 31 0 30 0 29 13 
5 31 1 30 0 29 0 28 13 
5 32 1 31 0 30 0 29 13 
5 31 1 30 0 29 0 28 13 
5 32 1 31 0 30 0 29 13 
5 32 1 31 0 30 0 29 13 
5 32 1 31 0 30 0 29 13 
5 32 1 31 0 30 0 29 13 
5 31 1 30 0 29 0 28 13 
5 32 1 31 0 30 0 29 13 
5 31 1 30 0 29 0 28 13 
5 32 1 31 0 30 0 29 13 
5 32 1 31 0 30 0 29 13 
5 32 1 31 0 30 0 29 13 
5 32 1 31 0 30 0 29 13 
5 32 1 31 0 30 0 29 13 
5 32 1 31 0 30 0 29 13 
5 31 1 30 0 29 0 28 13 
5 32 1 31 0 30 0 29 13 
5 32 0 31 0 30 0 29 13 
5 31 1 30 0 29 0 28 13 
5 32 1 31 0 30 0 29 13 
5 32 1 31 0 30 0 29 13 
5 32 1 31 0 30 0 29 13 
5 32 1 31 0 30 0 29 13 
5 32 1 31 0 30 0 29 13 
5 32 1 31 0 30 0 29 13 
5 31 1 30 0 29 0 28 13 
5 32 1 31 0 30 0 29 13 
5 32 1 31 0 30 0 29 13 
5 32 1 31 0 30 0 29 13 
5 32 0 31 0 30 0 29 13 
5 31 1 30 0 29 0 28 13 
5 32 1 31 0 30 0 29 13 
5 32 1 31 0 30 0 29 13 
5 32 1 31 0 30 0 29 13 
5 32 1 31 0 30 0 29 13 
5 32 1 31 0 30 0 29 13 
5 32 1 31 0 30 0 29 13 
5 31 1 30 0 29 0 28 13 
5 31 1 30 0 29 0 28 13 
5 32 1 31 0 30 0 29 13 
5 32 1 31 0 30 0 29 13 
5 32 1 31 0 30 0 29 13 
5 32 1 31 0 30 0 29 13 
5 31 1 30 0 29 0 28 13 
5 32 0 31 0 30 0 29 13 
5 32 0 31 0 30 0 29 13 
5 32 1 31 0 30 0 29 13 
5 32 1 31 0 30 0 29 13 
5 31 1 30 0 29 0 28 13 
5 32 1 31 0 30 0 29 13 
5 32 1 31 0 30 0 29 13 
5 31 1 30 0 29 0 28 13 
5 31 1 30 0 29 0 28 13 
5 32 1 31 0 30 0 29 13 
5 32 1 31 0 30 0 29 13 
5 32 1 31 0 30 0 29 13 
5 32 1 31 0 30 0 29 13 
5 32 1 31 0 30 0 29 13 
5 32 0 31 0 30 0 29 13 
5 31 1 30 0 29 0 28 13 
5 32 1 31 0 30 0 29 13 
5 32 0 31 0 30 0 29 13 
5 32 1 31 0 30 0 29 13 
5 32 1 31 0 30 0 29 13 
5 31 1 30 0 29 0 28 13 
5 31 1 30 0 29 0 28 13 
5 32 1 31 0 30 0 29 13 
5 32 1 31 0 30 0 29 13 
5 32 1 31 0 30 0 29 13 
5 32 1 31 0 30 0 29 13 
5 32 1 31 0 30 0 29 13 
5 31 1 30 0 29 0 28 13 
5 32 1 31 0 30 0 29 13 
5 32 1 31 0 30 0 29 13 
5 32 1 31 0 30 0 29 13 
5 32 1 31 0 30 0 29 13 
5 32 1 31 0 30 0 29 13 
5 32 1 31 0 30 0 29 13 
5 32 1 31 0 30 0 29 13 
5 32 0 31 0 30 0 29 13 
5 32 1 31 0 30 0 29 13 
5 31 1 30 0 29 0 28 13 
5 32 1 31 0 30 0 29 13 
SCORES_TXT_END_0
SCORES_TXT_BEGIN_0 14 58 9 BLEU
6 33 2 32 0 31 0 30 20 
6 33 2 32 0 31 0 30 20 
6 33 2 32 0 31 0 30 20 
6 33 2 32 0 31 0 30 20 
6 33 2 32 0 31 0 30 20 
6 33 2 32 0 31 0 30 20 
7 33 3 32 0 31 0 30 20 
6 33 2 32 0 31 0 30 20 
7 33 3 32 0 31 0 30 20 
7 33 3 32 0 31 0 30 20 
6 33 2 32 0 31 0 30 20 
6 33 2 32 0 31 0 30 20 
6 33 2 32 0 31 0 30 20 
6 33 2 32 0 31 0 30 20 
6 33 2 32 0 31 0 30 20 
7 33 3 32 0 31 0 30 20 
7 33 3 32 0 31 0 30 20 
7 33 3 32 0 31 0 30 20 
6 33 2 32 0 31 0 30 20 
6 33 2 32 0 31 0 30 20 
7 33 3 32 0 31 0 30 20 
7 33 3 32 0 31 0 30 20 
7 33 3 32 0 31 0 30 20 
6 33 2 32 0 31 0 30 20 
7 33 3 32 0 31 0 30 20 
6 33 2 32 0 31 0 30 20 
6 33 2 32 0 31 0 30 20 
6 33 2 32 0 31 0 30 20 
7 33 3 32 0 31 0 30 20 
7 33 3 32 0 31 0 30 20 
7 33 3 32 0 31 0 30 20 
7 33 3 32 0 31 0 30 20 
7 33 3 32 0 31 0 30 20 
7 33 3 32 0 31 0 30 20 
6 33 2 32 0 31 0 30 20 
6 33 2 32 0 31 0 30 20 
6 33 2 32 0 31 0 30 20 
6 33 2 32 0 31 0 30 20 
7 33 3 32 0 31 0 30 20 
6 33 2 32 0 31 0 30 20 
6 33 2 32 0 31 0 30 20 
7 33 3 32 0 31 0 30 20 
7 33 3 32 0 31 0 30 20 
6 33 2 32 0 31 0 30 20 
7 33 3 32 0 31 0 30 20 
7 33 3 32 0 31 0 30 20 
6 33 2 32 0 31 0 30 20 
6 33 2 32 0 31 0 30 20 
6 33 2 32 0 31 0 30 20 
7 33 3 32 0 31 0 30 20 
6 33 2 32 0 31 0 30 20 
6 33 2 32 0 31 0 30 20 
7 33 3 32 0 31 0 30 20 
7 33 3 32 0 31 0 30 20 
6 33 2 32 0 31 0 30 20 
7 33 3 32 0 31 0 30 20 
6 33 2 32 0 31 0 30 20 
7 33 3 32 0 31 0 30 20 
SCORES_TXT_END_0
SCORES_TXT_BEGIN_0 15 38 9 BLEU
10 30 5 29 2 28 1 27 31 
10 30 5 29 2 28 1 27 31 
10 30 5 29 2 28 1 27 31 
10 30 5 29 2 28 1 27 31 
10 30 5 29 2 28 1 27 31 
10 30 5 29 2 28 1 27 31 
10 30 5 29 2 28 1 27 31 
10 30 5 29 2 28 1 27 31 
10 30 5 29 2 28 1 27 31 
10 30 5 29 2 28 1 27 31 
10 30 5 29 2 28 1 27 31 
10 30 5 29 2 28 1 27 31 
10 30 5 29 2 28 1 27 31 
10 30 5 29 2 28 1 27 31 
10 30 5 29 2 28 1 27 31 
10 30 5 29 2 28 1 27 31 
10 30 5 29 2 28 1 27 31 
10 30 5 29 2 28 1 27 31 
10 30 5 29 2 28 1 27 31 
10 30 5 29 2 28 1 27 31 
10 30 5 29 2 28 1 27 31 
10 30 5 29 2 28 1 27 31 
10 30 5 29 2 28 1 27 31 
10 30 5 29 2 28 1 27 31 
10 30 5 29 2 28 1 27 31 
10 30 5 29 2 28 1 27 31 
10 30 5 29 2 28 1 27 31 
10 30 5 29 2 28 1 27 31 
10 30 5 29 2 28 1 27 31 
10 30 5 29 2 28 1 27 31 
10 30 5 29 2 28 1 27 31 
10 30 5 29 2 28 1 27 31 
10 30 5 29 2 28 1 27 31 
10 30 5 29 2 28 1 27 31 
10 30 5 29 2 28 1 27 31 
10 30 5 29 2 28 1 27 31 
10 30 5 29 2 28 1 27 31 
10 30 5 29 2 28 1 27 31 
SCORES_TXT_END_0
SCORES_TXT_BEGIN_0 16 100 9 BLEU
11 31 3 30 2 29 1 28 29 
10 31 4 30 2 29 1 28 29 
11 31 3 30 2 29 1 28 29 
11 31 3 30 2 29 1 28 29 
11 31 4 30 2 29 1 28 29 
11 31 3 30 2 29 1 28 29 
11 31 4 30 2 29 1 28 29 
11 31 3 30 2 29 1 28 29 
10 31 4 30 2 29 1 28 29 
10 31 4 30 2 29 1 28 29 
11 31 3 30 2 29 1 28 29 
11 31 3 30 2 29 1 28 29 
11 31 3 30 2 29 1 28 29 
11 31 4 30 2 29 1 28 29 
11 31 4 30 2 29 1 28 29 
10 31 4 30 2 29 1 28 29 
11 31 3 30 2 29 1 28 29 
11 31 4 30 2 29 1 28 29 
11 31 4 30 2 29 1 28 29 
11 31 3 30 2 29 1 28 29 
11 31 3 30 2 29 1 28 29 
10 31 4 30 2 29 1 28 29 
11 31 3 30 2 29 1 28 29 
11 31 4 30 2 29 1 28 29 
11 31 4 30 2 29 1 28 29 
11 31 4 30 2 29 1 28 29 
12 31 5 30 2 29 1 28 29 
10 31 4 30 2 29 1 28 29 
11 31 3 30 2 29 1 28 29 
11 31 4 30 2 29 1 28 29 
11 31 3 30 2 29 1 28 29 
11 31 3 30 2 29 1 28 29 
10 31 4 30 2 29 1 28 29 
11 31 4 30 2 29 1 28 29 
11 31 3 30 2 29 1 28 29 
11 31 4 30 2 29 1 28 29 
11 31 3 30 2 29 1 28 29 
11 31 4 30 2 29 1 28 29 
11 31 5 30 2 29 1 28 29 
11 31 4 30 2 29 1 28 29 
10 31 3 30 2 29 1 28 29 
11 31 3 30 2 29 1 28 29 
11 31 3 30 2 29 1 28 29 
10 31 4 30 2 29 1 28 29 
11 31 3 30 2 29 1 28 29 
11 31 4 30 2 29 1 28 29 
10 31 4 30 2 29 1 28 29 
11 31 3 30 2 29 1 28 29 
11 31 4 30 2 29 1 28 29 
11 31 4 30 2 29 1 28 29 
11 31 3 30 2 29 1 28 29 
11 31 3 30 2 29 1 28 29 
10 31 4 30 2 29 1 28 29 
12 31 4 30 2 29 1 28 29 
11 31 4 30 2 29 1 28 29 
11 31 3 30 2 29 1 28 29 
11 31 4 30 2 29 1 28 29 
11 31 3 30 2 29 1 28 29 
11 31 4 30 2 29 1 28 29 
10 31 4 30 2 29 1 28 29 
10 31 4 30 2 29 1 28 29 
12 31 5 30 2 29 1 28 29 
11 31 4 30 2 29 1 28 29 
11 31 4 30 2 29 1 28 29 
11 31 3 30 2 29 1 28 29 
12 31 5 30 2 29 1 28 29 
11 31 4 30 2 29 1 28 29 
11 31 3 30 2 29 1 28 29 
11 31 3 30 2 29 1 28 29 
11 31 4 30 2 29 1 28 29 
11 31 3 30 2 29 1 28 29 
10 31 3 30 2 29 1 28 29 
10 31 4 30 2 29 1 28 29 
10 31 4 30 2 29 1 28 29 
11 31 4 30 2 29 1 28 29 
11 31 4 30 2 29 1 28 29 
11 31 4 30 2 29 1 28 29 
11 31 3 30 2 29 1 28 29 
11 31 4 30 2 29 1 28 29 
10 31 3 30 2 29 1 28 29 
11 31 3 30 2 29 1 28 29 
11 31 4 30 2 29 1 28 29 
11 31 4 30 2 29 1 28 29 
11 31 3 30 2 29 1 28 29 
11 31 3 30 2 29 1 28 29 
11 31 4 30 2 29 1 28 29 
10 31 4 30 2 29 1 28 29 
11 31 5 30 2 29 1 28 29 
12 31 5 30 2 29 1 28 29 
12 31 3 30 2 29 1 28 29 
11 31 3 30 2 29 1 28 29 
11 31 4 30 2 29 1 28 29 
10 31 3 30 2 29 1 28 29 
11 31 4 30 2 29 1 28 29 
11 31 3 30 2 29 1 28 29 
10 31 4 30 2 29 1 28 29 
10 31 4 30 2 29 1 28 29 
11 31 3 30 2 29 1 28 29 
11 31 4 30 2 29 1 28 29 
11 31 3 30 2 29 1 28 29 
SCORES_TXT_END_0
SCORES_TXT_BEGIN_0 17 19 9 BLEU
4 35 0 34 0 33 0 32 12 
4 35 0 34 0 33 0 32 12 
4 35 0 34 0 33 0 32 12 
4 35 0 34 0 33 0 32 12 
4 35 0 34 0 33 0 32 12 
4 35 0 34 0 33 0 32 12 
4 35 0 34 0 33 0 32 12 
4 35 0 34 0 33 0 32 12 
4 35 0 34 0 33 0 32 12 
5 35 0 34 0 33 0 32 12 
5 35 0 34 0 33 0 32 12 
4 35 0 34 0 33 0 32 12 
4 35 0 34 0 33 0 32 12 
4 35 0 34 0 33 0 32 12 
4 35 0 34 0 33 0 32 12 
5 35 0 34 0 33 0 32 12 
4 35 0 34 0 33 0 32 12 
4 35 0 34 0 33 0 32 12 
4 35 0 34 0 33 0 32 12 
SCORES_TXT_END_0
SCORES_TXT_BEGIN_0 18 80 9 BLEU
16 56 3 55 0 54 0 53 32 
16 56 4 55 0 54 0 53 32 
16 56 3 55 0 54 0 53 32 
16 56 3 55 0 54 0 53 32 
16 56 3 55 0 54 0 53 32 
16 56 3 55 0 54 0 53 32 
16 56 3 55 0 54 0 53 32 
16 56 3 55 0 54 0 53 32 
16 55 3 54 0 53 0 52 32 
16 57 3 56 0 55 0 54 32 
16 56 2 55 0 54 0 53 32 
16 56 3 55 0 54 0 53 32 
16 56 4 55 0 54 0 53 32 
16 56 3 55 0 54 0 53 32 
16 56 3 55 0 54 0 53 32 
16 56 3 55 0 54 0 53 32 
16 56 3 55 0 54 0 53 32 
16 56 3 55 0 54 0 53 32 
16 57 3 56 0 55 0 54 32 
16 56 3 55 0 54 0 53 32 
16 57 3 56 0 55 0 54 32 
16 56 4 55 0 54 0 53 32 
16 56 3 55 0 54 0 53 32 
16 56 3 55 0 54 0 53 32 
16 56 3 55 0 54 0 53 32 
16 56 3 55 0 54 0 53 32 
16 56 3 55 0 54 0 53 32 
16 57 3 56 0 55 0 54 32 
16 56 3 55 0 54 0 53 32 
16 56 3 55 0 54 0 53 32 
16 55 3 54 0 53 0 52 32 
16 57 3 56 0 55 0 54 32 
15 56 3 55 0 54 0 53 32 
16 56 3 55 0 54 0 53 32 
16 57 3 56 0 55 0 54 32 
16 56 4 55 0 54 0 53 32 
16 56 3 55 0 54 0 53 32 
16 56 3 55 0 54 0 53 32 
16 56 3 55 0 54 0 53 32 
16 57 3 56 0 55 0 54 32 
16 56 3 55 0 54 0 53 32 
16 56 3 55 0 54 0 53 32 
16 56 3 55 0 54 0 53 32 
16 56 3 55 0 54 0 53 32 
16 55 3 54 0 53 0 52 32 
16 56 3 55 0 54 0 53 32 
16 56 4 55 0 54 0 53 32 
16 56 3 55 0 54 0 53 32 
16 56 3 55 0 54 0 53 32 
16 56 3 55 0 54 0 53 32 
16 56 3 55 0 54 0 53 32 
16 56 3 55 0 54 0 53 32 
16 56 3 55 0 54 0 53 32 
16 55 3 54 0 53 0 52 32 
16 56 4 55 0 54 0 53 32 
16 56 3 55 0 54 0 53 32 
16 56 4 55 0 54 0 53 32 
16 56 3 55 0 54 0 53 32 
16 56 3 55 0 54 0 53 32 
16 56 3 55 0 54 0 53 32 
16 55 3 54 0 53 0 52 32 
16 55 3 54 0 53 0 52 32 
16 56 4 55 0 54 0 53 32 
16 55 3 54 0 53 0 52 32 
16 57 3 56 0 55 0 54 32 
16 56 4 55 0 54 0 53 32 
16 57 3 56 0 55 0 54 32 
15 56 3 55 0 54 0 53 32 
16 56 4 55 0 54 0 53 32 
16 56 4 55 0 54 0 53 32 
16 56 3 55 0 54 0 53 32 
16 56 3 55 0 54 0 53 32 
16 56 3 55 0 54 0 53 32 
16 56 4 55 0 54 0 53 32 
16 56 3 55 0 54 0 53 32 
16 57 3 56 0 55 0 54 32 
16 56 3 55 0 54 0 53 32 
16 56 3 55 0 54 0 53 32 
16 55 3 54 0 53 0 52 32 
16 56 3 55 0 54 0 53 32 
SCORES_TXT_END_0
SCORES_TXT_BEGIN_0 19 100 9 BLEU
9 32 0 31 0 30 0 29 25 
9 32 0 31 0 30 0 29 25 
9 32 0 31 0 30 0 29 25 
9 32 0 31 0 30 0 29 25 
9 32 0 31 0 30 0 29 25 
9 32 0 31 0 30 0 29 25 
9 32 0 31 0 30 0 29 25 
9 32 0 31 0 30 0 29 25 
9 32 0 31 0 30 0 29 25 
9 32 0 31 0 30 0 29 25 
9 32 0 31 0 30 0 29 25 
9 32 0 31 0 30 0 29 25 
9 32 0 31 0 30 0 29 25 
10 32 0 31 0 30 0 29 25 
9 32 0 31 0 30 0 29 25 
9 32 0 31 0 30 0 29 25 
9 32 0 31 0 30 0 29 25 
9 32 0 31 0 30 0 29 25 
9 32 0 31 0 30 0 29 25 
9 32 0 31 0 30 0 29 25 
10 33 0 32 0 31 0 30 25 
9 32 0 31 0 30 0 29 25 
10 33 0 32 0 31 0 30 25 
10 32 0 31 0 30 0 29 25 
9 32 0 31 0 30 0 29 25 
9 33 0 32 0 31 0 30 25 
9 33 0 32 0 31 0 30 25 
9 32 0 31 0 30 0 29 25 
9 32 0 31 0 30 0 29 25 
9 32 0 31 0 30 0 29 25 
9 32 0 31 0 30 0 29 25 
9 32 0 31 0 30 0 29 25 
9 32 0 31 0 30 0 29 25 
10 34 0 33 0 32 0 31 25 
9 32 0 31 0 30 0 29 25 
10 34 0 33 0 32 0 31 25 
10 33 0 32 0 31 0 30 25 
10 33 0 32 0 31 0 30 25 
9 33 0 32 0 31 0 30 25 
9 32 0 31 0 30 0 29 25 
9 33 0 32 0 31 0 30 25 
9 32 0 31 0 30 0 29 25 
9 32 0 31 0 30 0 29 25 
9 33 0 32 0 31 0 30 25 
9 32 0 31 0 30 0 29 25 
9 32 0 31 0 30 0 29 25 
9 33 0 32 0 31 0 30 25 
9 33 0 32 0 31 0 30 25 
9 32 0 31 0 30 0 29 25 
9 32 0 31 0 30 0 29 25 
9 32 0 31 0 30 0 29 25 
9 32 0 31 0 30 0 29 25 
9 32 0 31 0 30 0 29 25 
9 32 0 31 0 30 0 29 25 
9 32 0 31 0 30 0 29 25 
9 32 0 31 0 30 0 29 25 
9 32 0 31 0 30 0 29 25 
9 32 0 31 0 30 0 29 25 
10 34 0 33 0 32 0 31 25 
10 32 0 31 0 30 0 29 25 
10 34 0 33 0 32 0 31 25 
9 33 0 32 0 31 0 30 25 
10 33 0 32 0 31 0 30 25 
9 33 0 32 0 31 0 30 25 
9 33 0 32 0 31 0 30 25 
9 32 0 31 0 30 0 29 25 
10 33 0 32 0 31 0 30 25 
9 33 0 32 0 31 0 30 25 
9 32 0 31 0 30 0 29 25 
9 33 0 32 0 31 0 30 25 
9 33 0 32 0 31 0 30 25 
9 32 0 31 0 30 0 29 25 
9 32 0 31 0 30 0 29 25 
9 32 0 31 0 30 0 29 25 
9 33 0 32 0 31 0 30 25 
9 32 0 31 0 30 0 29 25 
9 32 0 31 0 30 0 29 25 
9 32 0 31 0 30 0 29 25 
9 32 0 31 0 30 0 29 25 
9 32 0 31 0 30 0 29 25 
9 32 0 31 0 30 0 29 25 
9 33 0 32 0 31 0 30 25 
9 32 0 31 0 30 0 29 25 
9 33 0 32 0 31 0 30 25 
9 32 0 31 0 30 0 29 25 
9 33 0 32 0 31 0 30 25 
10 33 0 32 0 31 0 30 25 
9 32 0 31 0 30 0 29 25 
9 33 0 32 0 31 0 30 25 
9 32 0 31 0 30 0 29 25 
9 32 0 31 0 30 0 29 25 
9 32 0 31 0 30 0 29 25 
9 32 0 31 0 30 0 29 25 
9 32 0 31 0 30 0 29 25 
9 33 0 32 0 31 0 30 25 
9 32 0 31 0 30 0 29 25 
10 33 1 32 0 31 0 30 25 
10 33 0 32 0 31 0 30 25 
9 32 0 31 0 30 0 29 25 
9 32 0 31 0 30 0 29 25 
SCORES_TXT_END_0
SCORES_TXT_BEGIN_0 20 100 9 BLEU
9 43 0 42 0 41 0 40 31 
9 44 0 43 0 42 0 41 31 
9 43 0 42 0 41 0 40 31 
9 43 0 42 0 41 0 40 31 
9 43 0 42 0 41 0 40 31 
9 44 0 43 0 42 0 41 31 
9 44 0 43 0 42 0 41 31 
9 44 0 43 0 42 0 41 31 
9 44 0 43 0 42 0 41 31 
9 44 0 43 0 42 0 41 31 
9 44 0 43 0 42 0 41 31 
9 44 0 43 0 42 0 41 31 
9 44 0 43 0 42 0 41 31 
10 44 0 43 0 42 0 41 31 
9 44 0 43 0 42 0 41 31 
9 43 0 42 0 41 0 40 31 
9 43 0 42 0 41 0 40 31 
9 43 0 42 0 41 0 40 31 
9 43 0 42 0 41 0 40 31 
9 43 0 42 0 41 0 40 31 
9 43 0 42 0 41 0 40 31 
9 45 0 44 0 43 0 42 31 
9 43 0 42 0 41 0 40 31 
9 43 0 42 0 41 0 40 31 
10 44 0 43 0 42 0 41 31 
9 44 0 43 0 42 0 41 31 
9 43 0 42 0 41 0 40 31 
8 43 0 42 0 41 0 40 31 
8 43 0 42 0 41 0 40 31 
9 44 0 43 0 42 0 41 31 
10 44 0 43 0 42 0 41 31 
9 44 0 43 0 42 0 41 31 
9 44 0 43 0 42 0 41 31 
9 43 0 42 0 41 0 40 31 
9 43 0 42 0 41 0 40 31 
8 43 0 42 0 41 0 40 31 
8 43 0 42 0 41 0 40 31 
9 44 0 43 0 42 0 41 31 
9 43 0 42 0 41 0 40 31 
9 43 0 42 0 41 0 40 31 
9 43 0 42 0 41 0 40 31 
9 43 0 42 0 41 0 40 31 
9 44 0 43 0 42 0 41 31 
9 45 0 44 0 43 0 42 31 
9 44 0 43 0 42 0 41 31 
9 43 0 42 0 41 0 40 31 
9 43 0 42 0 41 0 40 31 
9 44 0 43 0 42 0 41 31 
8 44 0 43 0 42 0 41 31 
10 44 0 43 0 42 0 41 31 
9 43 0 42 0 41 0 40 31 
9 45 0 44 0 43 0 42 31 
8 43 0 42 0 41 0 40 31 
9 43 0 42 0 41 0 40 31 
9 43 0 42 0 41 0 40 31 
9 44 0 43 0 42 0 41 31 
9 44 0 43 0 42 0 41 31 
9 44 0 43 0 42 0 41 31 
9 44 0 43 0 42 0 41 31 
9 44 0 43 0 42 0 41 31 
10 44 0 43 0 42 0 41 31 
9 44 0 43 0 42 0 41 31 
10 44 0 43 0 42 0 41 31 
9 44 0 43 0 42 0 41 31 
9 43 0 42 0 41 0 40 31 
9 44 0 43 0 42 0 41 31 
9 43 0 42 0 41 0 40 31 
8 43 0 42 0 41 0 40 31 
9 44 0 43 0 42 0 41 31 
9 44 0 43 0 42 0 41 31 
9 44 0 43 0 42 0 41 31 
9 43 0 42 0 41 0 40 31 
9 44 0 43 0 42 0 41 31 
9 44 0 43 0 42 0 41 31 
9 44 0 43 0 42 0 41 31 
9 44 0 43 0 42 0 41 31 
9 44 0 43 0 42 0 41 31 
9 44 0 43 0 42 0 41 31 
9 43 0 42 0 41 0 40 31 
8 44 0 43 0 42 0 41 31 
9 44 0 43 0 42 0 41 31 
8 44 0 43 0 42 0 41 31 
9 44 0 43 0 42 0 41 31 
9 43 0 42 0 41 0 40 31 
9 44 0 43 0 42 0 41 31 
9 44 0 43 0 42 0 41 31 
9 43 0 42 0 41 0 40 31 
8 43 0 42 0 41 0 40 31 
9 43 0 42 0 41 0 40 31 
8 44 0 43 0 42 0 41 31 
9 43 0 42 0 41 0 40 31 
9 43 0 42 0 41 0 40 31 
8 44 0 43 0 42 0 41 31 
9 43 0 42 0 41 0 40 31 
9 45 0 44 0 43 0 42 31 
10 45 0 44 0 43 0 42 31 
8 43 0 42 0 41 0 40 31 
9 43 0 42 0 41 0 40 31 
8 43 0 42 0 41 0 40 31 
9 44 0 43 0 42 0 41 31 
SCORES_TXT_END_0
SCORES_TXT_BEGIN_0 21 99 9 BLEU
4 15 1 14 0 13 0 12 8 
4 14 1 13 0 12 0 11 8 
4 14 1 13 0 12 0 11 8 
4 14 1 13 0 12 0 11 8 
4 14 1 13 0 12 0 11 8 
4 14 1 13 0 12 0 11 8 
4 15 1 14 0 13 0 12 8 
4 15 1 14 0 13 0 12 8 
4 14 1 13 0 12 0 11 8 
4 14 1 13 0 12 0 11 8 
4 14 1 13 0 12 0 11 8 
4 14 1 13 0 12 0 11 8 
4 14 1 13 0 12 0 11 8 
4 14 1 13 0 12 0 11 8 
4 14 1 13 0 12 0 11 8 
4 14 1 13 0 12 0 11 8 
4 14 1 13 0 12 0 11 8 
4 14 1 13 0 12 0 11 8 
4 14 1 13 0 12 0 11 8 
4 14 1 13 0 12 0 11 8 
4 14 1 13 0 12 0 11 8 
4 14 1 13 0 12 0 11 8 
4 15 1 14 0 13 0 12 8 
4 14 1 13 0 12 0 11 8 
4 14 1 13 0 12 0 11 8 
4 14 1 13 0 12 0 11 8 
4 14 1 13 0 12 0 11 8 
4 14 1 13 0 12 0 11 8 
4 14 1 13 0 12 0 11 8 
4 14 1 13 0 12 0 11 8 
4 14 1 13 0 12 0 11 8 
4 14 1 13 0 12 0 11 8 
4 14 1 13 0 12 0 11 8 
4 14 1 13 0 12 0 11 8 
3 15 1 14 0 13 0 12 8 
4 14 1 13 0 12 0 11 8 
4 14 1 13 0 12 0 11 8 
4 14 1 13 0 12 0 11 8 
4 14 1 13 0 12 0 11 8 
4 14 1 13 0 12 0 11 8 
4 14 1 13 0 12 0 11 8 
4 14 1 13 0 12 0 11 8 
4 14 1 13 0 12 0 11 8 
4 14 1 13 0 12 0 11 8 
4 14 1 13 0 12 0 11 8 
4 14 1 13 0 12 0 11 8 
4 14 1 13 0 12 0 11 8 
4 14 1 13 0 12 0 11 8 
4 14 1 13 0 12 0 11 8 
4 14 1 13 0 12 0 11 8 
4 14 1 13 0 12 0 11 8 
4 14 1 13 0 12 0 11 8 
4 14 1 13 0 12 0 11 8 
4 15 1 14 0 13 0 12 8 
4 14 1 13 0 12 0 11 8 
4 14 1 13 0 12 0 11 8 
4 14 1 13 0 12 0 11 8 
4 14 1 13 0 12 0 11 8 
4 14 1 13 0 12 0 11 8 
4 14 1 13 0 12 0 11 8 
4 14 1 13 0 12 0 11 8 
4 14 1 13 0 12 0 11 8 
4 14 1 13 0 12 0 11 8 
4 14 1 13 0 12 0 11 8 
4 14 1 13 0 12 0 11 8 
4 14 1 13 0 12 0 11 8 
4 14 1 13 0 12 0 11 8 
4 14 1 13 0 12 0 11 8 
4 14 1 13 0 12 0 11 8 
4 14 1 13 0 12 0 11 8 
4 14 1 13 0 12 0 11 8 
4 14 1 13 0 12 0 11 8 
4 14 1 13 0 12 0 11 8 
4 14 1 13 0 12 0 11 8 
4 14 1 13 0 12 0 11 8 
4 15 1 14 0 13 0 12 8 
4 14 1 13 0 12 0 11 8 
4 14 1 13 0 12 0 11 8 
4 14 1 13 0 12 0 11 8 
4 14 1 13 0 12 0 11 8 
4 14 1 13 0 12 0 11 8 
4 15 1 14 0 13 0 12 8 
4 14 1 13 0 12 0 11 8 
4 14 1 13 0 12 0 11 8 
4 15 1 14 0 13 0 12 8 
4 14 1 13 0 12 0 11 8 
4 14 1 13 0 12 0 11 8 
4 14 1 13 0 12 0 11 8 
4 15 1 14 0 13 0 12 8 
4 14 1 13 0 12 0 11 8 
4 14 1 13 0 12 0 11 8 
4 14 1 13 0 12 0 11 8 
4 14 1 13 0 12 0 11 8 
4 14 1 13 0 12 0 11 8 
3 15 0 14 0 13 0 12 8 
4 14 1 13 0 12 0 11 8 
3 14 1 13 0 12 0 11 8 
4 14 1 13 0 12 0 11 8 
4 14 1 13 0 12 0 11 8 
SCORES_TXT_END_0
SCORES_TXT_BEGIN_0 22 100 9 BLEU
8 27 2 26 0 25 0 24 22 
9 27 0 26 0 25 0 24 22 
9 27 2 26 0 25 0 24 22 
9 27 0 26 0 25 0 24 22 
8 27 2 26 0 25 0 24 22 
9 27 0 26 0 25 0 24 22 
8 27 2 26 0 25 0 24 22 
9 27 0 26 0 25 0 24 22 
9 27 1 26 0 25 0 24 22 
9 27 0 26 0 25 0 24 22 
8 27 2 26 1 25 0 24 22 
8 27 1 26 0 25 0 24 22 
9 27 2 26 0 25 0 24 22 
10 27 0 26 0 25 0 24 22 
8 27 2 26 0 25 0 24 22 
9 27 0 26 0 25 0 24 22 
9 27 2 26 0 25 0 24 22 
9 27 0 26 0 25 0 24 22 
8 27 1 26 0 25 0 24 22 
9 27 0 26 0 25 0 24 22 
9 27 0 26 0 25 0 24 22 
9 27 1 26 0 25 0 24 22 
10 28 1 27 0 26 0 25 22 
9 27 2 26 1 25 0 24 22 
8 27 2 26 0 25 0 24 22 
9 27 0 26 0 25 0 24 22 
9 28 2 27 0 26 0 25 22 
9 27 0 26 0 25 0 24 22 
8 27 1 26 0 25 0 24 22 
8 27 2 26 0 25 0 24 22 
9 27 0 26 0 25 0 24 22 
9 27 2 26 0 25 0 24 22 
9 27 1 26 0 25 0 24 22 
9 27 1 26 0 25 0 24 22 
9 27 0 26 0 25 0 24 22 
9 27 1 26 0 25 0 24 22 
8 27 2 26 1 25 0 24 22 
8 27 2 26 1 25 0 24 22 
9 27 0 26 0 25 0 24 22 
8 27 1 26 0 25 0 24 22 
9 27 0 26 0 25 0 24 22 
8 27 1 26 0 25 0 24 22 
9 27 1 26 0 25 0 24 22 
9 27 2 26 0 25 0 24 22 
10 27 0 26 0 25 0 24 22 
9 27 0 26 0 25 0 24 22 
8 27 2 26 0 25 0 24 22 
9 27 0 26 0 25 0 24 22 
8 27 0 26 0 25 0 24 22 
10 28 1 27 0 26 0 25 22 
8 27 1 26 0 25 0 24 22 
9 27 1 26 0 25 0 24 22 
9 27 2 26 0 25 0 24 22 
9 28 2 27 1 26 0 25 22 
8 27 2 26 0 25 0 24 22 
8 27 1 26 0 25 0 24 22 
9 27 0 26 0 25 0 24 22 
10 27 0 26 0 25 0 24 22 
9 27 2 26 0 25 0 24 22 
8 27 2 26 1 25 0 24 22 
9 28 2 27 0 26 0 25 22 
10 27 0 26 0 25 0 24 22 
10 28 1 27 0 26 0 25 22 
10 28 1 27 0 26 0 25 22 
8 27 2 26 0 25 0 24 22 
9 27 0 26 0 25 0 24 22 
9 27 2 26 0 25 0 24 22 
9 27 0 26 0 25 0 24 22 
9 27 0 26 0 25 0 24 22 
8 27 2 26 0 25 0 24 22 
9 27 0 26 0 25 0 24 22 
10 28 1 27 0 26 0 25 22 
9 27 0 26 0 25 0 24 22 
10 28 2 27 0 26 0 25 22 
9 28 2 27 0 26 0 25 22 
9 27 0 26 0 25 0 24 22 
9 27 1 26 0 25 0 24 22 
8 27 1 26 0 25 0 24 22 
8 27 1 26 0 25 0 24 22 
9 28 2 27 0 26 0 25 22 
8 27 1 26 0 25 0 24 22 
8 27 1 26 0 25 0 24 22 
9 27 0 26 0 25 0 24 22 
9 27 1 26 0 25 0 24 22 
9 27 0 26 0 25 0 24 22 
8 27 1 26 0 25 0 24 22 
9 27 1 26 0 25 0 24 22 
9 27 1 26 0 25 0 24 22 
8 27 2 26 1 25 0 24 22 
9 27 2 26 1 25 0 24 22 
8 27 1 26 0 25 0 24 22 
9 27 1 26 0 25 0 24 22 
10 28 1 27 0 26 0 25 22 
8 27 2 26 0 25 0 24 22 
10 28 1 27 0 26 0 25 22 
9 27 0 26 0 25 0 24 22 
9 28 1 27 0 26 0 25 22 
8 27 2 26 0 25 0 24 22 
8 27 1 26 0 25 0 24 22 
9 27 0 26 0 25 0 24 22 
SCORES_TXT_END_0
SCORES_TXT_BEGIN_0 23 98 9 BLEU
5 51 0 50 0 49 0 48 20 
5 51 0 50 0 49 0 48 20 
5 51 0 50 0 49 0 48 20 
5 51 0 50 0 49 0 48 20 
5 51 0 50 0 49 0 48 20 
5 51 0 50 0 49 0 48 20 
5 51 0 50 0 49 0 48 20 
5 51 0 50 0 49 0 48 20 
5 51 0 50 0 49 0 48 20 
5 51 0 50 0 49 0 48 20 
5 51 0 50 0 49 0 48 20 
5 51 0 50 0 49 0 48 20 
5 51 0 50 0 49 0 48 20 
5 51 0 50 0 49 0 48 20 
5 51 0 50 0 49 0 48 20 
5 52 0 51 0 50 0 49 20 
5 51 0 50 0 49 0 48 20 
5 52 0 51 0 50 0 49 20 
5 51 0 50 0 49 0 48 20 
5 51 0 50 0 49 0 48 20 
5 51 0 50 0 49 0 48 20 
5 51 0 50 0 49 0 48 20 
5 51 0 50 0 49 0 48 20 
5 51 0 50 0 49 0 48 20 
5 51 0 50 0 49 0 48 20 
5 51 0 50 0 49 0 48 20 
5 51 0 50 0 49 0 48 20 
5 51 0 50 0 49 0 48 20 
5 51 0 50 0 49 0 48 20 
5 51 0 50 0 49 0 48 20 
5 51 0 50 0 49 0 48 20 
5 51 0 50 0 49 0 48 20 
5 51 0 50 0 49 0 48 20 
5 51 0 50 0 49 0 48 20 
5 51 0 50 0 49 0 48 20 
5 51 0 50 0 49 0 48 20 
5 51 0 50 0 49 0 48 20 
5 51 0 50 0 49 0 48 20 
5 51 0 50 0 49 0 48 20 
5 51 0 50 0 49 0 48 20 
5 51 0 50 0 49 0 48 20 
5 52 0 51 0 50 0 49 20 
5 51 0 50 0 49 0 48 20 
5 51 0 50 0 49 0 48 20 
5 51 0 50 0 49 0 48 20 
5 51 0 50 0 49 0 48 20 
5 51 0 50 0 49 0 48 20 
5 51 0 50 0 49 0 48 20 
5 51 0 50 0 49 0 48 20 
5 51 0 50 0 49 0 48 20 
5 51 0 50 0 49 0 48 20 
5 51 0 50 0 49 0 48 20 
5 51 0 50 0 49 0 48 20 
5 51 0 50 0 49 0 48 20 
5 51 0 50 0 49 0 48 20 
5 51 0 50 0 49 0 48 20 
5 51 0 50 0 49 0 48 20 
5 51 0 50 0 49 0 48 20 
5 51 0 50 0 49 0 48 20 
5 52 0 51 0 50 0 49 20 
5 51 0 50 0 49 0 48 20 
5 51 0 50 0 49 0 48 20 
5 51 0 50 0 49 0 48 20 
5 51 0 50 0 49 0 48 20 
5 51 0 50 0 49 0 48 20 
5 51 0 50 0 49 0 48 20 
5 51 0 50 0 49 0 48 20 
5 51 0 50 0 49 0 48 20 
5 51 0 50 0 49 0 48 20 
5 52 0 51 0 50 0 49 20 
5 51 0 50 0 49 0 48 20 
5 51 0 50 0 49 0 48 20 
5 51 0 50 0 49 0 48 20 
5 51 0 50 0 49 0 48 20 
5 51 0 50 0 49 0 48 20 
5 51 0 50 0 49 0 48 20 
5 51 0 50 0 49 0 48 20 
5 51 0 50 0 49 0 48 20 
5 51 0 50 0 49 0 48 20 
5 51 0 50 0 49 0 48 20 
5 52 0 51 0 50 0 49 20 
5 51 0 50 0 49 0 48 20 
5 51 0 50 0 49 0 48 20 
5 51 0 50 0 49 0 48 20 
5 51 0 50 0 49 0 48 20 
5 52 0 51 0 50 0 49 20 
5 51 0 50 0 49 0 48 20 
5 51 0 50 0 49 0 48 20 
5 51 0 50 0 49 0 48 20 
5 51 0 50 0 49 0 48 20 
5 52 0 51 0 50 0 49 20 
5 51 0 50 0 49 0 48 20 
5 51 0 50 0 49 0 48 20 
5 51 0 50 0 49 0 48 20 
5 52 0 51 0 50 0 49 20 
5 51 0 50 0 49 0 48 20 
5 51 0 50 0 49 0 48 20 
5 51 0 50 0 49 0 48 20 
SCORES_TXT_END_0
SCORES_TXT_BEGIN_0 24 27 9 BLEU
4 40 0 39 0 38 0 37 16 
4 40 0 39 0 38 0 37 16 
5 41 0 40 0 39 0 38 16 
5 41 0 40 0 39 0 38 16 
4 40 0 39 0 38 0 37 16 
5 41 0 40 0 39 0 38 16 
5 41 0 40 0 39 0 38 16 
5 40 0 39 0 38 0 37 16 
4 40 0 39 0 38 0 37 16 
5 41 0 40 0 39 0 38 16 
4 40 0 39 0 38 0 37 16 
5 41 0 40 0 39 0 38 16 
6 42 0 41 0 40 0 39 16 
5 41 0 40 0 39 0 38 16 
4 40 0 39 0 38 0 37 16 
4 40 0 39 0 38 0 37 16 
5 41 0 40 0 39 0 38 16 
5 41 0 40 0 39 0 38 16 
5 40 0 39 0 38 0 37 16 
4 40 0 39 0 38 0 37 16 
4 40 0 39 0 38 0 37 16 
5 41 0 40 0 39 0 38 16 
5 41 0 40 0 39 0 38 16 
5 41 0 40 0 39 0 38 16 
4 40 0 39 0 38 0 37 16 
5 40 0 39 0 38 0 37 16 
4 40 0 39 0 38 0 37 16 
SCORES_TXT_END_0
SCORES_TXT_BEGIN_0 25 100 9 BLEU
5 46 1 45 0 44 0 43 16 
5 46 1 45 0 44 0 43 16 
5 45 0 44 0 43 0 42 16 
5 46 1 45 0 44 0 43 16 
5 46 1 45 0 44 0 43 16 
5 45 0 44 0 43 0 42 16 
5 45 0 44 0 43 0 42 16 
5 45 0 44 0 43 0 42 16 
5 46 1 45 0 44 0 43 16 
5 46 1 45 0 44 0 43 16 
5 46 1 45 0 44 0 43 16 
5 46 1 45 0 44 0 43 16 
5 45 1 44 0 43 0 42 16 
5 46 1 45 0 44 0 43 16 
5 46 1 45 0 44 0 43 16 
5 46 1 45 0 44 0 43 16 
5 45 0 44 0 43 0 42 16 
5 45 0 44 0 43 0 42 16 
5 45 0 44 0 43 0 42 16 
5 46 1 45 0 44 0 43 16 
5 45 0 44 0 43 0 42 16 
5 46 1 45 0 44 0 43 16 
5 46 1 45 0 44 0 43 16 
5 45 1 44 0 43 0 42 16 
5 46 1 45 0 44 0 43 16 
5 45 1 44 0 43 0 42 16 
5 45 0 44 0 43 0 42 16 
5 46 1 45 0 44 0 43 16 
5 46 1 45 0 44 0 43 16 
5 46 1 45 0 44 0 43 16 
5 46 1 45 0 44 0 43 16 
5 45 0 44 0 43 0 42 16 
5 46 1 45 0 44 0 43 16 
5 45 1 44 0 43 0 42 16 
5 45 0 44 0 43 0 42 16 
5 46 1 45 0 44 0 43 16 
5 46 1 45 0 44 0 43 16 
5 46 1 45 0 44 0 43 16 
5 45 0 44 0 43 0 42 16 
5 45 0 44 0 43 0 42 16 
5 46 1 45 0 44 0 43 16 
5 45 0 44 0 43 0 42 16 
5 45 0 44 0 43 0 42 16 
5 45 0 44 0 43 0 42 16 
5 45 0 44 0 43 0 42 16 
6 46 1 45 0 44 0 43 16 
5 46 1 45 0 44 0 43 16 
5 46 1 45 0 44 0 43 16 
5 46 1 45 0 44 0 43 16 
5 45 0 44 0 43 0 42 16 
5 45 0 44 0 43 0 42 16 
5 46 1 45 0 44 0 43 16 
5 46 1 45 0 44 0 43 16 
5 45 1 44 0 43 0 42 16 
5 46 1 45 0 44 0 43 16 
5 45 1 44 0 43 0 42 16 
5 46 1 45 0 44 0 43 16 
5 46 0 45 0 44 0 43 16 
5 46 1 45 0 44 0 43 16 
5 45 0 44 0 43 0 42 16 
5 45 0 44 0 43 0 42 16 
5 46 1 45 0 44 0 43 16 
5 45 1 44 0 43 0 42 16 
5 45 1 44 0 43 0 42 16 
5 46 1 45 0 44 0 43 16 
5 45 0 44 0 43 0 42 16 
5 46 1 45 0 44 0 43 16 
5 46 1 45 0 44 0 43 16 
5 45 0 44 0 43 0 42 16 
5 45 0 44 0 43 0 42 16 
5 45 0 44 0 43 0 42 16 
5 45 0 44 0 43 0 42 16 
5 45 1 44 0 43 0 42 16 
5 45 1 44 0 43 0 42 16 
6 46 1 45 0 44 0 43 16 
5 45 0 44 0 43 0 42 16 
6 46 1 45 0 44 0 43 16 
5 45 0 44 0 43 0 42 16 
5 46 1 45 0 44 0 43 16 
5 46 1 45 0 44 0 43 16 
5 45 1 44 0 43 0 42 16 
5 45 0 44 0 43 0 42 16 
5 46 1 45 0 44 0 43 16 
5 46 1 45 0 44 0 43 16 
5 45 0 44 0 43 0 42 16 
5 46 1 45 0 44 0 43 16 
5 45 1 44 0 43 0 42 16 
5 46 1 45 0 44 0 43 16 
5 45 0 44 0 43 0 42 16 
5 46 1 45 0 44 0 43 16 
5 45 0 44 0 43 0 42 16 
5 45 0 44 0 43 0 42 16 
5 45 0 44 0 43 0 42 16 
5 46 1 45 0 44 0 43 16 
5 45 1 44 0 43 0 42 16 
5 46 1 45 0 44 0 43 16 
5 45 0 44 0 43 0 42 16 
5 45 0 44 0 43 0 42 16 
5 45 0 44 0 43 0 42 16 
5 45 1 44 0 43 0 42 16 
SCORES_TXT_END_0
SCORES_TXT_BEGIN_0 26 92 9 BLEU
4 40 1 39 0 38 0 37 10 
4 40 1 39 0 38 0 37 10 
4 40 1 39 0 38 0 37 10 
4 40 1 39 0 38 0 37 10 
4 40 1 39 0 38 0 37 10 
4 40 1 39 0 38 0 37 10 
4 40 1 39 0 38 0 37 10 
4 40 1 39 0 38 0 37 10 
4 40 1 39 0 38 0 37 10 
4 40 1 39 0 38 0 37 10 
4 40 1 39 0 38 0 37 10 
4 40 1 39 0 38 0 37 10 
4 40 1 39 0 38 0 37 10 
4 40 1 39 0 38 0 37 10 
4 40 1 39 0 38 0 37 10 
4 40 1 39 0 38 0 37 10 
4 40 1 39 0 38 0 37 10 
4 40 1 39 0 38 0 37 10 
4 40 1 39 0 38 0 37 10 
4 40 1 39 0 38 0 37 10 
4 40 1 39 0 38 0 37 10 
4 40 1 39 0 38 0 37 10 
4 40 1 39 0 38 0 37 10 
4 40 1 39 0 38 0 37 10 
4 40 1 39 0 38 0 37 10 
4 40 1 39 0 38 0 37 10 
4 40 1 39 0 38 0 37 10 
4 40 1 39 0 38 0 37 10 
4 40 1 39 0 38 0 37 10 
4 40 1 39 0 38 0 37 10 
4 40 1 39 0 38 0 37 10 
4 40 1 39 0 38 0 37 10 
4 40 1 39 0 38 0 37 10 
4 40 1 39 0 38 0 37 10 
4 40 1 39 0 38 0 37 10 
4 40 1 39 0 38 0 37 10 
4 40 1 39 0 38 0 37 10 
4 40 1 39 0 38 0 37 10 
4 40 1 39 0 38 0 37 10 
4 40 1 39 0 38 0 37 10 
4 40 1 39 0 38 0 37 10 
4 40 1 39 0 38 0 37 10 
4 40 1 39 0 38 0 37 10 
4 40 1 39 0 38 0 37 10 
4 40 1 39 0 38 0 37 10 
4 40 1 39 0 38 0 37 10 
4 40 1 39 0 38 0 37 10 
4 40 1 39 0 38 0 37 10 
4 40 1 39 0 38 0 37 10 
4 40 1 39 0 38 0 37 10 
4 40 1 39 0 38 0 37 10 
4 40 1 39 0 38 0 37 10 
4 40 1 39 0 38 0 37 10 
4 40 1 39 0 38 0 37 10 
4 40 1 39 0 38 0 37 10 
4 40 1 39 0 38 0 37 10 
4 40 1 39 0 38 0 37 10 
4 40 1 39 0 38 0 37 10 
4 40 1 39 0 38 0 37 10 
4 40 1 39 0 38 0 37 10 
4 40 1 39 0 38 0 37 10 
4 40 1 39 0 38 0 37 10 
4 40 1 39 0 38 0 37 10 
4 40 1 39 0 38 0 37 10 
4 40 1 39 0 38 0 37 10 
4 40 1 39 0 38 0 37 10 
4 40 1 39 0 38 0 37 10 
4 40 1 39 0 38 0 37 10 
4 40 1 39 0 38 0 37 10 
4 40 1 39 0 38 0 37 10 
4 40 1 39 0 38 0 37 10 
4 40 1 39 0 38 0 37 10 
4 40 1 39 0 38 0 37 10 
4 40 1 39 0 38 0 37 10 
4 40 1 39 0 38 0 37 10 
4 40 1 39 0 38 0 37 10 
4 40 1 39 0 38 0 37 10 
4 40 1 39 0 38 0 37 10 
4 40 1 39 0 38 0 37 10 
4 40 1 39 0 38 0 37 10 
4 40 1 39 0 38 0 37 10 
4 40 1 39 0 38 0 37 10 
4 40 1 39 0 38 0 37 10 
4 40 1 39 0 38 0 37 10 
4 40 1 39 0 38 0 37 10 
4 40 1 39 0 38 0 37 10 
4 40 1 39 0 38 0 37 10 
4 40 1 39 0 38 0 37 10 
4 40 1 39 0 38 0 37 10 
4 40 1 39 0 38 0 37 10 
4 40 1 39 0 38 0 37 10 
4 40 1 39 0 38 0 37 10 
SCORES_TXT_END_0
SCORES_TXT_BEGIN_0 27 100 9 BLEU
9 26 2 25 0 24 0 23 26 
8 26 2 25 0 24 0 23 26 
9 26 2 25 0 24 0 23 26 
8 26 2 25 0 24 0 23 26 
9 27 2 26 0 25 0 24 26 
9 26 2 25 0 24 0 23 26 
9 26 2 25 0 24 0 23 26 
8 26 2 25 0 24 0 23 26 
8 27 2 26 0 25 0 24 26 
8 26 2 25 0 24 0 23 26 
9 26 2 25 0 24 0 23 26 
8 27 2 26 0 25 0 24 26 
8 26 2 25 0 24 0 23 26 
9 26 2 25 0 24 0 23 26 
9 27 2 26 0 25 0 24 26 
9 26 2 25 0 24 0 23 26 
9 26 2 25 0 24 0 23 26 
9 26 2 25 0 24 0 23 26 
9 27 2 26 0 25 0 24 26 
9 26 2 25 0 24 0 23 26 
9 26 2 25 0 24 0 23 26 
9 26 2 25 0 24 0 23 26 
8 26 2 25 0 24 0 23 26 
9 26 2 25 0 24 0 23 26 
9 27 2 26 0 25 0 24 26 
8 26 2 25 0 24 0 23 26 
8 26 2 25 0 24 0 23 26 
9 26 2 25 0 24 0 23 26 
9 26 2 25 0 24 0 23 26 
8 26 2 25 0 24 0 23 26 
9 26 2 25 0 24 0 23 26 
9 27 2 26 0 25 0 24 26 
9 26 2 25 0 24 0 23 26 
9 26 2 25 0 24 0 23 26 
9 26 2 25 0 24 0 23 26 
9 27 2 26 0 25 0 24 26 
9 26 2 25 0 24 0 23 26 
9 27 2 26 0 25 0 24 26 
9 26 2 25 0 24 0 23 26 
9 26 2 25 0 24 0 23 26 
8 26 2 25 0 24 0 23 26 
9 26 2 25 0 24 0 23 26 
8 27 2 26 0 25 0 24 26 
8 26 2 25 0 24 0 23 26 
8 26 2 25 0 24 0 23 26 
9 26 1 25 0 24 0 23 26 
8 26 2 25 0 24 0 23 26 
9 26 2 25 0 24 0 23 26 
9 26 2 25 0 24 0 23 26 
9 26 2 25 0 24 0 23 26 
8 26 2 25 0 24 0 23 26 
9 27 2 26 0 25 0 24 26 
8 26 2 25 0 24 0 23 26 
9 26 2 25 0 24 0 23 26 
9 27 2 26 0 25 0 24 26 
9 26 2 25 0 24 0 23 26 
8 26 2 25 0 24 0 23 26 
8 26 2 25 0 24 0 23 26 
8 27 2 26 0 25 0 24 26 
9 26 2 25 0 24 0 23 26 
9 26 2 25 0 24 0 23 26 
9 26 2 25 0 24 0 23 26 
8 26 2 25 0 24 0 23 26 
9 27 2 26 0 25 0 24 26 
9 27 2 26 0 25 0 24 26 
8 26 2 25 0 24 0 23 26 
9 27 2 26 0 25 0 24 26 
9 26 2 25 0 24 0 23 26 
9 26 2 25 0 24 0 23 26 
9 26 2 25 0 24 0 23 26 
8 26 2 25 0 24 0 23 26 
9 27 2 26 0 25 0 24 26 
9 26 2 25 0 24 0 23 26 
9 26 2 25 0 24 0 23 26 
9 26 2 25 0 24 0 23 26 
9 26 2 25 0 24 0 23 26 
8 26 2 25 0 24 0 23 26 
9 26 2 25 0 24 0 23 26 
9 26 2 25 0 24 0 23 26 
9 26 2 25 0 24 0 23 26 
9 26 2 25 0 24 0 23 26 
8 26 2 25 0 24 0 23 26 
9 27 2 26 0 25 0 24 26 
8 26 2 25 0 24 0 23 26 
8 26 2 25 0 24 0 23 26 
9 26 2 25 0 24 0 23 26 
9 26 2 25 0 24 0 23 26 
9 26 2 25 0 24 0 23 26 
9 26 2 25 0 24 0 23 26 
8 26 2 25 0 24 0 23 26 
9 27 2 26 0 25 0 24 26 
9 26 2 25 0 24 0 23 26 
9 26 2 25 0 24 0 23 26 
9 26 2 25 0 24 0 23 26 
9 26 2 25 0 24 0 23 26 
9 27 2 26 0 25 0 24 26 
9 26 2 25 0 24 0 23 26 
9 26 2 25 0 24 0 23 26 
9 26 2 25 0 24 0 23 26 
9 26 2 25 0 24 0 23 26 
SCORES_TXT_END_0
SCORES_TXT_BEGIN_0 28 100 9 BLEU
5 40 0 39 0 38 0 37 14 
5 40 0 39 0 38 0 37 14 
5 40 0 39 0 38 0 37 14 
5 40 0 39 0 38 0 37 14 
5 40 0 39 0 38 0 37 14 
6 40 1 39 0 38 0 37 14 
5 40 0 39 0 38 0 37 14 
5 40 0 39 0 38 0 37 14 
5 40 0 39 0 38 0 37 14 
5 40 0 39 0 38 0 37 14 
5 40 0 39 0 38 0 37 14 
5 40 0 39 0 38 0 37 14 
5 40 0 39 0 38 0 37 14 
5 40 0 39 0 38 0 37 14 
6 40 1 39 0 38 0 37 14 
5 40 0 39 0 38 0 37 14 
5 40 0 39 0 38 0 37 14 
5 40 0 39 0 38 0 37 14 
5 40 0 39 0 38 0 37 14 
5 40 0 39 0 38 0 37 14 
5 40 1 39 0 38 0 37 14 
5 40 0 39 0 38 0 37 14 
5 40 0 39 0 38 0 37 14 
5 40 0 39 0 38 0 37 14 
5 40 0 39 0 38 0 37 14 
6 40 0 39 0 38 0 37 14 
5 40 0 39 0 38 0 37 14 
5 39 0 38 0 37 0 36 14 
5 40 0 39 0 38 0 37 14 
5 40 0 39 0 38 0 37 14 
5 40 0 39 0 38 0 37 14 
5 40 0 39 0 38 0 37 14 
5 40 0 39 0 38 0 37 14 
5 40 0 39 0 38 0 37 14 
5 40 0 39 0 38 0 37 14 
5 40 0 39 0 38 0 37 14 
5 39 0 38 0 37 0 36 14 
5 40 0 39 0 38 0 37 14 
6 40 1 39 0 38 0 37 14 
5 40 0 39 0 38 0 37 14 
5 40 0 39 0 38 0 37 14 
5 40 0 39 0 38 0 37 14 
5 40 1 39 0 38 0 37 14 
5 40 0 39 0 38 0 37 14 
6 40 1 39 0 38 0 37 14 
5 40 0 39 0 38 0 37 14 
5 40 0 39 0 38 0 37 14 
6 40 1 39 0 38 0 37 14 
6 40 1 39 0 38 0 37 14 
5 40 0 39 0 38 0 37 14 
5 40 0 39 0 38 0 37 14 
6 40 0 39 0 38 0 37 14 
5 40 0 39 0 38 0 37 14 
6 40 1 39 0 38 0 37 14 
6 40 1 39 0 38 0 37 14 
6 40 0 39 0 38 0 37 14 
5 40 0 39 0 38 0 37 14 
5 40 0 39 0 38 0 37 14 
5 40 0 39 0 38 0 37 14 
5 40 0 39 0 38 0 37 14 
5 40 0 39 0 38 0 37 14 
5 40 0 39 0 38 0 37 14 
6 40 1 39 0 38 0 37 14 
6 40 0 39 0 38 0 37 14 
6 40 0 39 0 38 0 37 14 
5 40 0 39 0 38 0 37 14 
5 40 0 39 0 38 0 37 14 
5 40 1 39 0 38 0 37 14 
5 40 0 39 0 38 0 37 14 
5 40 0 39 0 38 0 37 14 
5 40 0 39 0 38 0 37 14 
5 40 0 39 0 38 0 37 14 
5 40 0 39 0 38 0 37 14 
5 40 0 39 0 38 0 37 14 
5 40 0 39 0 38 0 37 14 
6 40 1 39 0 38 0 37 14 
6 40 1 39 0 38 0 37 14 
5 40 0 39 0 38 0 37 14 
5 40 0 39 0 38 0 37 14 
6 40 1 39 0 38 0 37 14 
5 40 0 39 0 38 0 37 14 
5 40 0 39 0 38 0 37 14 
5 40 0 39 0 38 0 37 14 
5 40 0 39 0 38 0 37 14 
5 40 0 39 0 38 0 37 14 
5 40 0 39 0 38 0 37 14 
5 40 0 39 0 38 0 37 14 
5 40 0 39 0 38 0 37 14 
5 40 0 39 0 38 0 37 14 
5 40 0 39 0 38 0 37 14 
5 40 0 39 0 38 0 37 14 
5 40 1 39 0 38 0 37 14 
6 40 1 39 0 38 0 37 14 
5 40 0 39 0 38 0 37 14 
5 40 0 39 0 38 0 37 14 
5 40 0 39 0 38 0 37 14 
5 40 0 39 0 38 0 37 14 
5 40 0 39 0 38 0 37 14 
5 40 0 39 0 38 0 37 14 
5 40 1 39 0 38 0 37 14 
SCORES_TXT_END_0
SCORES_TXT_BEGIN_0 29 34 9 BLEU
11 64 1 63 0 62 0 61 30 
11 65 1 64 0 63 0 62 30 
11 64 1 63 0 62 0 61 30 
11 64 1 63 0 62 0 61 30 
11 65 1 64 0 63 0 62 30 
11 64 1 63 0 62 0 61 30 
11 64 1 63 0 62 0 61 30 
11 65 1 64 0 63 0 62 30 
11 64 1 63 0 62 0 61 30 
11 64 1 63 0 62 0 61 30 
11 65 1 64 0 63 0 62 30 
11 64 1 63 0 62 0 61 30 
11 64 1 63 0 62 0 61 30 
11 65 1 64 0 63 0 62 30 
11 65 1 64 0 63 0 62 30 
11 65 1 64 0 63 0 62 30 
11 64 1 63 0 62 0 61 30 
11 65 1 64 0 63 0 62 30 
11 64 1 63 0 62 0 61 30 
11 65 1 64 0 63 0 62 30 
11 64 1 63 0 62 0 61 30 
11 65 1 64 0 63 0 62 30 
11 65 1 64 0 63 0 62 30 
11 65 1 64 0 63 0 62 30 
11 65 1 64 0 63 0 62 30 
11 64 1 63 0 62 0 61 30 
11 65 1 64 0 63 0 62 30 
11 65 1 64 0 63 0 62 30 
11 65 1 64 0 63 0 62 30 
11 64 1 63 0 62 0 61 30 
11 65 1 64 0 63 0 62 30 
11 64 1 63 0 62 0 61 30 
11 65 1 64 0 63 0 62 30 
11 64 1 63 0 62 0 61 30 
SCORES_TXT_END_0
SCORES_TXT_BEGIN_0 30 36 9 BLEU
7 30 0 29 0 28 0 27 17 
7 30 0 29 0 28 0 27 17 
7 30 0 29 0 28 0 27 17 
7 30 0 29 0 28 0 27 17 
7 30 0 29 0 28 0 27 17 
7 30 0 29 0 28 0 27 17 
7 30 0 29 0 28 0 27 17 
7 30 0 29 0 28 0 27 17 
7 30 0 29 0 28 0 27 17 
7 30 0 29 0 28 0 27 17 
7 30 0 29 0 28 0 27 17 
7 30 0 29 0 28 0 27 17 
7 30 0 29 0 28 0 27 17 
7 30 0 29 0 28 0 27 17 
7 30 0 29 0 28 0 27 17 
7 30 0 29 0 28 0 27 17 
7 30 0 29 0 28 0 27 17 
6 30 0 29 0 28 0 27 17 
7 30 0 29 0 28 0 27 17 
7 30 0 29 0 28 0 27 17 
7 30 0 29 0 28 0 27 17 
7 30 0 29 0 28 0 27 17 
7 30 0 29 0 28 0 27 17 
7 30 0 29 0 28 0 27 17 
6 30 0 29 0 28 0 27 17 
7 30 0 29 0 28 0 27 17 
7 30 0 29 0 28 0 27 17 
6 30 0 29 0 28 0 27 17 
7 30 0 29 0 28 0 27 17 
7 30 0 29 0 28 0 27 17 
7 30 0 29 0 28 0 27 17 
7 30 0 29 0 28 0 27 17 
7 30 0 29 0 28 0 27 17 
7 30 0 29 0 28 0 27 17 
7 30 0 29 0 28 0 27 17 
7 30 0 29 0 28 0 27 17 
SCORES_TXT_END_0
SCORES_TXT_BEGIN_0 31 81 9 BLEU
9 28 3 27 2 26 1 25 20 
9 28 3 27 2 26 1 25 20 
9 29 3 28 2 27 1 26 20 
9 28 3 27 2 26 1 25 20 
9 29 3 28 2 27 1 26 20 
9 28 3 27 2 26 1 25 20 
10 30 4 29 2 28 1 27 20 
9 28 4 27 2 26 1 25 20 
8 28 3 27 2 26 1 25 20 
8 28 3 27 2 26 1 25 20 
9 29 3 28 2 27 1 26 20 
9 28 3 27 2 26 1 25 20 
9 28 3 27 2 26 1 25 20 
9 28 3 27 2 26 1 25 20 
9 28 3 27 2 26 1 25 20 
9 28 3 27 2 26 1 25 20 
10 30 4 29 2 28 1 27 20 
8 28 3 27 2 26 1 25 20 
8 28 3 27 2 26 1 25 20 
9 29 3 28 2 27 1 26 20 
9 28 3 27 2 26 1 25 20 
9 28 3 27 2 26 1 25 20 
9 29 3 28 2 27 1 26 20 
10 29 4 28 2 27 1 26 20 
9 29 4 28 2 27 1 26 20 
8 29 3 28 2 27 1 26 20 
8 29 3 28 2 27 1 26 20 
9 30 3 29 2 28 1 27 20 
9 28 3 27 2 26 1 25 20 
9 29 3 28 2 27 1 26 20 
9 28 3 27 2 26 1 25 20 
8 28 3 27 2 26 1 25 20 
9 29 3 28 2 27 1 26 20 
8 28 3 27 2 26 1 25 20 
9 29 3 28 2 27 1 26 20 
10 29 4 28 2 27 1 26 20 
9 30 3 29 2 28 1 27 20 
8 29 3 28 2 27 1 26 20 
8 29 3 28 2 27 1 26 20 
9 28 3 27 2 26 1 25 20 
9 30 3 29 2 28 1 27 20 
9 29 3 28 2 27 1 26 20 
8 28 3 27 2 26 1 25 20 
8 29 3 28 2 27 1 26 20 
9 28 3 27 2 26 1 25 20 
9 30 3 29 2 28 1 27 20 
9 29 3 28 2 27 1 26 20 
10 28 4 27 2 26 1 25 20 
10 30 4 29 2 28 1 27 20 
10 29 4 28 2 27 1 26 20 
8 28 3 27 2 26 1 25 20 
9 28 3 27 2 26 1 25 20 
9 29 3 28 2 27 1 26 20 
9 28 3 27 2 26 1 25 20 
9 29 3 28 2 27 1 26 20 
9 29 3 28 2 27 1 26 20 
9 28 3 27 2 26 1 25 20 
9 29 3 28 2 27 1 26 20 
9 28 3 27 2 26 1 25 20 
9 29 3 28 2 27 1 26 20 
8 29 3 28 2 27 1 26 20 
8 29 3 28 2 27 1 26 20 
8 29 3 28 2 27 1 26 20 
10 29 4 28 2 27 1 26 20 
9 29 3 28 2 27 1 26 20 
10 29 4 28 2 27 1 26 20 
9 29 4 28 2 27 1 26 20 
8 28 3 27 2 26 1 25 20 
10 29 4 28 2 27 1 26 20 
9 28 3 27 2 26 1 25 20 
9 28 3 27 2 26 1 25 20 
9 29 3 28 2 27 1 26 20 
9 28 3 27 2 26 1 25 20 
9 29 3 28 2 27 1 26 20 
9 28 3 27 2 26 1 25 20 
9 28 3 27 2 26 1 25 20 
8 29 3 28 2 27 1 26 20 
8 29 3 28 2 27 1 26 20 
9 29 3 28 2 27 1 26 20 
9 29 3 28 2 27 1 26 20 
9 29 3 28 2 27 1 26 20 
SCORES_TXT_END_0
SCORES_TXT_BEGIN_0 32 88 9 BLEU
4 30 0 29 0 28 0 27 12 
4 30 0 29 0 28 0 27 12 
4 30 0 29 0 28 0 27 12 
4 30 0 29 0 28 0 27 12 
4 30 0 29 0 28 0 27 12 
4 30 0 29 0 28 0 27 12 
4 30 0 29 0 28 0 27 12 
4 30 0 29 0 28 0 27 12 
4 30 0 29 0 28 0 27 12 
4 30 0 29 0 28 0 27 12 
4 30 0 29 0 28 0 27 12 
4 30 0 29 0 28 0 27 12 
4 30 0 29 0 28 0 27 12 
4 30 0 29 0 28 0 27 12 
4 30 0 29 0 28 0 27 12 
4 30 0 29 0 28 0 27 12 
4 30 0 29 0 28 0 27 12 
4 30 0 29 0 28 0 27 12 
4 30 0 29 0 28 0 27 12 
4 30 0 29 0 28 0 27 12 
4 30 0 29 0 28 0 27 12 
4 30 0 29 0 28 0 27 12 
4 30 0 29 0 28 0 27 12 
4 30 0 29 0 28 0 27 12 
4 31 0 30 0 29 0 28 12 
4 30 0 29 0 28 0 27 12 
4 30 0 29 0 28 0 27 12 
4 30 0 29 0 28 0 27 12 
4 30 0 29 0 28 0 27 12 
4 30 0 29 0 28 0 27 12 
4 30 0 29 0 28 0 27 12 
4 30 0 29 0 28 0 27 12 
4 30 0 29 0 28 0 27 12 
4 30 0 29 0 28 0 27 12 
4 30 0 29 0 28 0 27 12 
4 30 0 29 0 28 0 27 12 
4 30 0 29 0 28 0 27 12 
4 30 0 29 0 28 0 27 12 
4 30 0 29 0 28 0 27 12 
4 31 0 30 0 29 0 28 12 
4 30 0 29 0 28 0 27 12 
4 30 0 29 0 28 0 27 12 
4 30 0 29 0 28 0 27 12 
4 30 0 29 0 28 0 27 12 
4 30 0 29 0 28 0 27 12 
4 30 0 29 0 28 0 27 12 
4 30 0 29 0 28 0 27 12 
4 30 0 29 0 28 0 27 12 
4 30 0 29 0 28 0 27 12 
4 30 0 29 0 28 0 27 12 
4 30 0 29 0 28 0 27 12 
4 30 0 29 0 28 0 27 12 
4 30 0 29 0 28 0 27 12 
4 30 0 29 0 28 0 27 12 
4 30 0 29 0 28 0 27 12 
4 30 0 29 0 28 0 27 12 
4 30 0 29 0 28 0 27 12 
4 30 0 29 0 28 0 27 12 
4 30 0 29 0 28 0 27 12 
4 30 0 29 0 28 0 27 12 
4 30 0 29 0 28 0 27 12 
4 30 0 29 0 28 0 27 12 
4 30 0 29 0 28 0 27 12 
4 30 0 29 0 28 0 27 12 
4 30 0 29 0 28 0 27 12 
4 30 0 29 0 28 0 27 12 
4 30 0 29 0 28 0 27 12 
4 30 0 29 0 28 0 27 12 
4 30 0 29 0 28 0 27 12 
4 30 0 29 0 28 0 27 12 
4 30 0 29 0 28 0 27 12 
4 30 0 29 0 28 0 27 12 
4 30 0 29 0 28 0 27 12 
4 30 0 29 0 28 0 27 12 
4 30 0 29 0 28 0 27 12 
4 30 0 29 0 28 0 27 12 
4 30 0 29 0 28 0 27 12 
4 30 0 29 0 28 0 27 12 
4 30 0 29 0 28 0 27 12 
4 30 0 29 0 28 0 27 12 
4 30 0 29 0 28 0 27 12 
4 30 0 29 0 28 0 27 12 
4 30 0 29 0 28 0 27 12 
4 30 0 29 0 28 0 27 12 
4 30 0 29 0 28 0 27 12 
4 30 0 29 0 28 0 27 12 
4 30 0 29 0 28 0 27 12 
4 30 0 29 0 28 0 27 12 
SCORES_TXT_END_0
SCORES_TXT_BEGIN_0 33 100 9 BLEU
8 16 1 15 0 14 0 13 14 
8 16 1 15 0 14 0 13 14 
8 16 3 15 1 14 0 13 14 
7 17 1 16 0 15 0 14 14 
8 16 1 15 0 14 0 13 14 
8 16 1 15 0 14 0 13 14 
8 17 1 16 0 15 0 14 14 
8 16 1 15 0 14 0 13 14 
8 17 1 16 0 15 0 14 14 
8 17 1 16 0 15 0 14 14 
8 16 1 15 0 14 0 13 14 
8 16 1 15 0 14 0 13 14 
7 17 3 16 1 15 0 14 14 
8 17 3 16 1 15 0 14 14 
8 16 1 15 0 14 0 13 14 
8 16 3 15 1 14 0 13 14 
8 16 1 15 0 14 0 13 14 
8 16 2 15 0 14 0 13 14 
8 17 3 16 1 15 0 14 14 
8 17 1 16 0 15 0 14 14 
8 16 2 15 0 14 0 13 14 
7 17 1 16 0 15 0 14 14 
7 17 1 16 0 15 0 14 14 
8 16 1 15 0 14 0 13 14 
8 17 1 16 0 15 0 14 14 
7 17 1 16 0 15 0 14 14 
8 16 1 15 0 14 0 13 14 
8 17 1 16 0 15 0 14 14 
8 17 1 16 0 15 0 14 14 
8 16 2 15 0 14 0 13 14 
8 17 1 16 0 15 0 14 14 
7 16 1 15 0 14 0 13 14 
8 16 3 15 1 14 0 13 14 
7 18 1 17 0 16 0 15 14 
8 17 1 16 0 15 0 14 14 
8 17 1 16 0 15 0 14 14 
8 16 1 15 0 14 0 13 14 
8 18 1 17 0 16 0 15 14 
7 16 1 15 0 14 0 13 14 
8 16 3 15 1 14 0 13 14 
8 16 1 15 0 14 0 13 14 
8 17 1 16 0 15 0 14 14 
8 16 1 15 0 14 0 13 14 
7 18 3 17 1 16 0 15 14 
7 17 3 16 1 15 0 14 14 
8 17 3 16 1 15 0 14 14 
8 17 1 16 0 15 0 14 14 
7 17 2 16 0 15 0 14 14 
8 16 1 15 0 14 0 13 14 
8 16 1 15 0 14 0 13 14 
8 18 3 17 1 16 0 15 14 
8 17 3 16 1 15 0 14 14 
7 18 1 17 0 16 0 15 14 
7 17 2 16 0 15 0 14 14 
8 16 1 15 0 14 0 13 14 
8 17 1 16 0 15 0 14 14 
8 17 2 16 0 15 0 14 14 
7 17 1 16 0 15 0 14 14 
8 16 1 15 0 14 0 13 14 
8 17 1 16 0 15 0 14 14 
8 18 1 17 0 16 0 15 14 
8 17 2 16 0 15 0 14 14 
7 16 3 15 1 14 0 13 14 
7 17 1 16 0 15 0 14 14 
8 16 1 15 0 14 0 13 14 
8 16 1 15 0 14 0 13 14 
8 18 1 17 0 16 0 15 14 
8 17 1 16 0 15 0 14 14 
8 16 1 15 0 14 0 13 14 
7 17 2 16 0 15 0 14 14 
8 17 1 16 0 15 0 14 14 
8 16 1 15 0 14 0 13 14 
8 17 1 16 0 15 0 14 14 
8 17 3 16 1 15 0 14 14 
7 16 3 15 1 14 0 13 14 
7 16 1 15 0 14 0 13 14 
8 16 3 15 1 14 0 13 14 
7 17 0 16 0 15 0 14 14 
8 17 2 16 0 15 0 14 14 
7 18 1 17 0 16 0 15 14 
8 16 1 15 0 14 0 13 14 
8 16 1 15 0 14 0 13 14 
8 16 1 15 0 14 0 13 14 
7 16 1 15 0 14 0 13 14 
8 16 2 15 0 14 0 13 14 
8 16 1 15 0 14 0 13 14 
7 18 1 17 0 16 0 15 14 
8 16 1 15 0 14 0 13 14 
8 16 0 15 0 14 0 13 14 
8 17 1 16 0 15 0 14 14 
8 17 1 16 0 15 0 14 14 
8 16 1 15 0 14 0 13 14 
8 17 1 16 0 15 0 14 14 
8 16 1 15 0 14 0 13 14 
8 16 2 15 0 14 0 13 14 
8 16 2 15 0 14 0 13 14 
8 18 1 17 0 16 0 15 14 
8 17 3 16 1 15 0 14 14 
7 16 1 15 0 14 0 13 14 
7 16 1 15 0 14 0 13 14 
SCORES_TXT_END_0
SCORES_TXT_BEGIN_0 34 79 9 BLEU
7 30 0 29 0 28 0 27 21 
7 30 0 29 0 28 0 27 21 
7 30 0 29 0 28 0 27 21 
7 30 0 29 0 28 0 27 21 
7 30 0 29 0 28 0 27 21 
7 30 0 29 0 28 0 27 21 
7 30 0 29 0 28 0 27 21 
7 30 0 29 0 28 0 27 21 
7 30 0 29 0 28 0 27 21 
7 30 0 29 0 28 0 27 21 
7 30 0 29 0 28 0 27 21 
7 30 0 29 0 28 0 27 21 
7 30 0 29 0 28 0 27 21 
7 30 0 29 0 28 0 27 21 
7 30 0 29 0 28 0 27 21 
7 30 0 29 0 28 0 27 21 
7 30 0 29 0 28 0 27 21 
7 30 0 29 0 28 0 27 21 
7 30 0 29 0 28 0 27 21 
7 30 0 29 0 28 0 27 21 
7 30 0 29 0 28 0 27 21 
7 30 0 29 0 28 0 27 21 
7 30 0 29 0 28 0 27 21 
7 30 0 29 0 28 0 27 21 
7 30 0 29 0 28 0 27 21 
7 30 0 29 0 28 0 27 21 
7 30 0 29 0 28 0 27 21 
7 30 0 29 0 28 0 27 21 
7 30 0 29 0 28 0 27 21 
7 30 0 29 0 28 0 27 21 
7 30 0 29 0 28 0 27 21 
7 30 0 29 0 28 0 27 21 
7 30 0 29 0 28 0 27 21 
7 30 0 29 0 28 0 27 21 
7 30 0 29 0 28 0 27 21 
7 30 0 29 0 28 0 27 21 
7 30 0 29 0 28 0 27 21 
7 30 0 29 0 28 0 27 21 
7 30 0 29 0 28 0 27 21 
7 30 0 29 0 28 0 27 21 
7 30 0 29 0 28 0 27 21 
7 30 0 29 0 28 0 27 21 
7 30 0 29 0 28 0 27 21 
7 30 0 29 0 28 0 27 21 
7 30 0 29 0 28 0 27 21 
7 30 0 29 0 28 0 27 21 
7 30 0 29 0 28 0 27 21 
7 30 0 29 0 28 0 27 21 
7 30 0 29 0 28 0 27 21 
7 30 0 29 0 28 0 27 21 
7 30 0 29 0 28 0 27 21 
7 30 0 29 0 28 0 27 21 
7 30 0 29 0 28 0 27 21 
7 30 0 29 0 28 0 27 21 
7 30 0 29 0 28 0 27 21 
7 30 0 29 0 28 0 27 21 
7 30 0 29 0 28 0 27 21 
7 30 0 29 0 28 0 27 21 
7 30 0 29 0 28 0 27 21 
7 30 0 29 0 28 0 27 21 
7 30 0 29 0 28 0 27 21 
7 30 0 29 0 28 0 27 21 
7 30 0 29 0 28 0 27 21 
7 30 0 29 0 28 0 27 21 
7 30 0 29 0 28 0 27 21 
7 30 0 29 0 28 0 27 21 
7 30 0 29 0 28 0 27 21 
7 30 0 29 0 28 0 27 21 
7 30 0 29 0 28 0 27 21 
7 30 0 29 0 28 0 27 21 
7 30 0 29 0 28 0 27 21 
7 30 0 29 0 28 0 27 21 
7 30 0 29 0 28 0 27 21 
7 30 0 29 0 28 0 27 21 
7 30 0 29 0 28 0 27 21 
7 30 0 29 0 28 0 27 21 
7 30 0 29 0 28 0 27 21 
7 30 0 29 0 28 0 27 21 
7 30 0 29 0 28 0 27 21 
SCORES_TXT_END_0
SCORES_TXT_BEGIN_0 35 68 9 BLEU
6 37 0 36 0 35 0 34 24 
6 37 0 36 0 35 0 34 24 
6 37 0 36 0 35 0 34 24 
6 37 0 36 0 35 0 34 24 
6 37 0 36 0 35 0 34 24 
6 37 0 36 0 35 0 34 24 
6 37 0 36 0 35 0 34 24 
6 37 0 36 0 35 0 34 24 
6 37 0 36 0 35 0 34 24 
6 37 1 36 0 35 0 34 24 
6 37 1 36 0 35 0 34 24 
6 37 0 36 0 35 0 34 24 
6 37 0 36 0 35 0 34 24 
6 37 0 36 0 35 0 34 24 
6 37 0 36 0 35 0 34 24 
6 37 0 36 0 35 0 34 24 
6 37 0 36 0 35 0 34 24 
6 37 0 36 0 35 0 34 24 
6 37 0 36 0 35 0 34 24 
6 37 0 36 0 35 0 34 24 
6 37 0 36 0 35 0 34 24 
6 37 0 36 0 35 0 34 24 
6 37 0 36 0 35 0 34 24 
6 37 0 36 0 35 0 34 24 
6 37 1 36 0 35 0 34 24 
6 37 0 36 0 35 0 34 24 
6 37 1 36 0 35 0 34 24 
6 37 1 36 0 35 0 34 24 
6 37 0 36 0 35 0 34 24 
6 37 0 36 0 35 0 34 24 
6 37 0 36 0 35 0 34 24 
6 37 0 36 0 35 0 34 24 
6 37 1 36 0 35 0 34 24 
6 37 0 36 0 35 0 34 24 
6 37 0 36 0 35 0 34 24 
6 37 0 36 0 35 0 34 24 
6 37 0 36 0 35 0 34 24 
6 37 0 36 0 35 0 34 24 
6 37 1 36 0 35 0 34 24 
6 37 1 36 0 35 0 34 24 
6 37 0 36 0 35 0 34 24 
6 37 1 36 0 35 0 34 24 
6 37 0 36 0 35 0 34 24 
6 37 0 36 0 35 0 34 24 
6 37 1 36 0 35 0 34 24 
6 37 1 36 0 35 0 34 24 
6 37 1 36 0 35 0 34 24 
6 37 0 36 0 35 0 34 24 
6 37 0 36 0 35 0 34 24 
6 37 0 36 0 35 0 34 24 
6 37 0 36 0 35 0 34 24 
6 37 0 36 0 35 0 34 24 
6 37 0 36 0 35 0 34 24 
6 37 0 36 0 35 0 34 24 
6 37 0 36 0 35 0 34 24 
6 37 0 36 0 35 0 34 24 
6 37 1 36 0 35 0 34 24 
6 37 1 36 0 35 0 34 24 
6 37 0 36 0 35 0 34 24 
6 37 0 36 0 35 0 34 24 
6 37 1 36 0 35 0 34 24 
6 37 0 36 0 35 0 34 24 
6 37 0 36 0 35 0 34 24 
6 37 0 36 0 35 0 34 24 
6 37 1 36 0 35 0 34 24 
6 37 1 36 0 35 0 34 24 
6 37 0 36 0 35 0 34 24 
6 37 1 36 0 35 0 34 24 
SCORES_TXT_END_0
SCORES_TXT_BEGIN_0 36 79 9 BLEU
14 48 1 47 0 46 0 45 29 
14 48 1 47 0 46 0 45 29 
14 48 1 47 0 46 0 45 29 
14 48 1 47 0 46 0 45 29 
14 48 1 47 0 46 0 45 29 
14 48 1 47 0 46 0 45 29 
14 48 1 47 0 46 0 45 29 
14 48 1 47 0 46 0 45 29 
14 48 1 47 0 46 0 45 29 
13 48 1 47 0 46 0 45 29 
14 48 1 47 0 46 0 45 29 
14 48 1 47 0 46 0 45 29 
14 48 1 47 0 46 0 45 29 
14 48 1 47 0 46 0 45 29 
14 48 1 47 0 46 0 45 29 
14 48 1 47 0 46 0 45 29 
13 48 1 47 0 46 0 45 29 
14 48 1 47 0 46 0 45 29 
14 48 1 47 0 46 0 45 29 
14 48 1 47 0 46 0 45 29 
14 48 1 47 0 46 0 45 29 
14 48 1 47 0 46 0 45 29 
14 48 1 47 0 46 0 45 29 
14 48 1 47 0 46 0 45 29 
14 48 1 47 0 46 0 45 29 
14 48 1 47 0 46 0 45 29 
14 48 1 47 0 46 0 45 29 
14 48 1 47 0 46 0 45 29 
14 48 1 47 0 46 0 45 29 
14 48 1 47 0 46 0 45 29 
14 48 1 47 0 46 0 45 29 
14 48 1 47 0 46 0 45 29 
14 48 1 47 0 46 0 45 29 
14 48 1 47 0 46 0 45 29 
14 48 1 47 0 46 0 45 29 
14 48 1 47 0 46 0 45 29 
14 48 1 47 0 46 0 45 29 
14 48 1 47 0 46 0 45 29 
13 48 1 47 0 46 0 45 29 
14 48 1 47 0 46 0 45 29 
14 48 1 47 0 46 0 45 29 
14 48 1 47 0 46 0 45 29 
14 48 1 47 0 46 0 45 29 
14 48 1 47 0 46 0 45 29 
14 48 1 47 0 46 0 45 29 
14 48 1 47 0 46 0 45 29 
14 48 1 47 0 46 0 45 29 
14 48 1 47 0 46 0 45 29 
14 48 1 47 0 46 0 45 29 
14 48 1 47 0 46 0 45 29 
14 48 1 47 0 46 0 45 29 
14 49 1 48 0 47 0 46 29 
13 48 1 47 0 46 0 45 29 
14 48 1 47 0 46 0 45 29 
14 48 1 47 0 46 0 45 29 
14 48 1 47 0 46 0 45 29 
13 48 1 47 0 46 0 45 29 
14 48 1 47 0 46 0 45 29 
14 48 1 47 0 46 0 45 29 
14 48 1 47 0 46 0 45 29 
13 48 1 47 0 46 0 45 29 
14 48 1 47 0 46 0 45 29 
13 48 1 47 0 46 0 45 29 
14 48 1 47 0 46 0 45 29 
14 49 1 48 0 47 0 46 29 
14 48 1 47 0 46 0 45 29 
14 48 1 47 0 46 0 45 29 
14 48 1 47 0 46 0 45 29 
14 48 1 47 0 46 0 45 29 
14 48 1 47 0 46 0 45 29 
14 48 1 47 0 46 0 45 29 
14 48 1 47 0 46 0 45 29 
14 48 1 47 0 46 0 45 29 
14 48 1 47 0 46 0 45 29 
14 48 1 47 0 46 0 45 29 
14 48 1 47 0 46 0 45 29 
14 48 1 47 0 46 0 45 29 
14 48 1 47 0 46 0 45 29 
14 48 1 47 0 46 0 45 29 
SCORES_TXT_END_0
SCORES_TXT_BEGIN_0 37 98 9 BLEU
6 29 0 28 0 27 0 26 17 
6 29 0 28 0 27 0 26 17 
6 28 0 27 0 26 0 25 17 
6 28 0 27 0 26 0 25 17 
6 28 0 27 0 26 0 25 17 
6 28 0 27 0 26 0 25 17 
6 28 0 27 0 26 0 25 17 
6 28 0 27 0 26 0 25 17 
6 28 0 27 0 26 0 25 17 
6 28 0 27 0 26 0 25 17 
6 28 0 27 0 26 0 25 17 
6 28 0 27 0 26 0 25 17 
6 28 0 27 0 26 0 25 17 
6 29 0 28 0 27 0 26 17 
6 29 0 28 0 27 0 26 17 
6 28 0 27 0 26 0 25 17 
6 28 0 27 0 26 0 25 17 
6 28 0 27 0 26 0 25 17 
6 28 0 27 0 26 0 25 17 
6 28 0 27 0 26 0 25 17 
6 28 0 27 0 26 0 25 17 
6 29 0 28 0 27 0 26 17 
6 28 0 27 0 26 0 25 17 
5 29 0 28 0 27 0 26 17 
6 28 0 27 0 26 0 25 17 
6 28 0 27 0 26 0 25 17 
6 28 0 27 0 26 0 25 17 
6 29 0 28 0 27 0 26 17 
6 28 0 27 0 26 0 25 17 
5 29 0 28 0 27 0 26 17 
6 28 0 27 0 26 0 25 17 
6 28 0 27 0 26 0 25 17 
6 28 0 27 0 26 0 25 17 
6 29 0 28 0 27 0 26 17 
5 29 0 28 0 27 0 26 17 
6 29 0 28 0 27 0 26 17 
5 29 0 28 0 27 0 26 17 
6 29 1 28 0 27 0 26 17 
6 28 0 27 0 26 0 25 17 
6 28 0 27 0 26 0 25 17 
5 29 0 28 0 27 0 26 17 
6 29 0 28 0 27 0 26 17 
6 28 0 27 0 26 0 25 17 
6 28 0 27 0 26 0 25 17 
6 28 0 27 0 26 0 25 17 
6 29 0 28 0 27 0 26 17 
6 28 0 27 0 26 0 25 17 
6 28 0 27 0 26 0 25 17 
6 29 0 28 0 27 0 26 17 
6 28 0 27 0 26 0 25 17 
6 29 0 28 0 27 0 26 17 
6 29 0 28 0 27 0 26 17 
5 29 0 28 0 27 0 26 17 
6 28 0 27 0 26 0 25 17 
6 29 0 28 0 27 0 26 17 
6 28 0 27 0 26 0 25 17 
6 28 0 27 0 26 0 25 17 
5 28 0 27 0 26 0 25 17 
6 29 0 28 0 27 0 26 17 
6 28 0 27 0 26 0 25 17 
6 29 0 28 0 27 0 26 17 
6 29 0 28 0 27 0 26 17 
6 28 0 27 0 26 0 25 17 
5 29 0 28 0 27 0 26 17 
6 28 0 27 0 26 0 25 17 
5 29 0 28 0 27 0 26 17 
6 29 0 28 0 27 0 26 17 
5 28 0 27 0 26 0 25 17 
6 28 0 27 0 26 0 25 17 
5 29 0 28 0 27 0 26 17 
6 28 0 27 0 26 0 25 17 
5 29 0 28 0 27 0 26 17 
6 29 0 28 0 27 0 26 17 
6 29 1 28 0 27 0 26 17 
6 28 0 27 0 26 0 25 17 
6 29 0 28 0 27 0 26 17 
6 29 0 28 0 27 0 26 17 
6 28 0 27 0 26 0 25 17 
5 29 0 28 0 27 0 26 17 
6 28 0 27 0 26 0 25 17 
5 29 0 28 0 27 0 26 17 
6 28 0 27 0 26 0 25 17 
6 29 0 28 0 27 0 26 17 
6 29 0 28 0 27 0 26 17 
5 28 0 27 0 26 0 25 17 
5 29 0 28 0 27 0 26 17 
6 28 0 27 0 26 0 25 17 
6 29 0 28 0 27 0 26 17 
5 28 0 27 0 26 0 25 17 
6 28 0 27 0 26 0 25 17 
6 28 0 27 0 26 0 25 17 
6 29 0 28 0 27 0 26 17 
6 29 0 28 0 27 0 26 17 
6 29 0 28 0 27 0 26 17 
6 28 0 27 0 26 0 25 17 
6 29 0 28 0 27 0 26 17 
6 28 0 27 0 26 0 25 17 
6 29 0 28 0 27 0 26 17 
SCORES_TXT_END_0
SCORES_TXT_BEGIN_0 38 81 9 BLEU
3 33 0 32 0 31 0 30 12 
3 33 0 32 0 31 0 30 12 
3 33 0 32 0 31 0 30 12 
3 33 0 32 0 31 0 30 12 
3 33 0 32 0 31 0 30 12 
3 33 0 32 0 31 0 30 12 
3 33 0 32 0 31 0 30 12 
3 33 0 32 0 31 0 30 12 
3 33 0 32 0 31 0 30 12 
3 33 0 32 0 31 0 30 12 
3 33 0 32 0 31 0 30 12 
3 33 0 32 0 31 0 30 12 
3 33 0 32 0 31 0 30 12 
3 33 0 32 0 31 0 30 12 
3 33 0 32 0 31 0 30 12 
3 33 0 32 0 31 0 30 12 
3 33 0 32 0 31 0 30 12 
3 33 0 32 0 31 0 30 12 
3 33 0 32 0 31 0 30 12 
3 33 0 32 0 31 0 30 12 
3 33 0 32 0 31 0 30 12 
3 33 0 32 0 31 0 30 12 
3 33 0 32 0 31 0 30 12 
3 33 0 32 0 31 0 30 12 
3 33 0 32 0 31 0 30 12 
3 33 0 32 0 31 0 30 12 
3 33 0 32 0 31 0 30 12 
3 33 0 32 0 31 0 30 12 
3 33 0 32 0 31 0 30 12 
3 33 0 32 0 31 0 30 12 
3 33 0 32 0 31 0 30 12 
3 33 0 32 0 31 0 30 12 
3 33 0 32 0 31 0 30 12 
3 33 0 32 0 31 0 30 12 
3 33 0 32 0 31 0 30 12 
3 33 0 32 0 31 0 30 12 
3 33 0 32 0 31 0 30 12 
3 33 0 32 0 31 0 30 12 
3 33 0 32 0 31 0 30 12 
3 33 0 32 0 31 0 30 12 
3 33 0 32 0 31 0 30 12 
3 33 0 32 0 31 0 30 12 
3 33 0 32 0 31 0 30 12 
3 33 0 32 0 31 0 30 12 
3 33 0 32 0 31 0 30 12 
3 33 0 32 0 31 0 30 12 
3 33 0 32 0 31 0 30 12 
3 33 0 32 0 31 0 30 12 
3 33 0 32 0 31 0 30 12 
3 33 0 32 0 31 0 30 12 
3 33 0 32 0 31 0 30 12 
3 33 0 32 0 31 0 30 12 
3 33 0 32 0 31 0 30 12 
3 33 0 32 0 31 0 30 12 
3 33 0 32 0 31 0 30 12 
3 33 0 32 0 31 0 30 12 
3 33 0 32 0 31 0 30 12 
3 33 0 32 0 31 0 30 12 
3 33 0 32 0 31 0 30 12 
3 33 0 32 0 31 0 30 12 
3 33 0 32 0 31 0 30 12 
3 33 0 32 0 31 0 30 12 
3 33 0 32 0 31 0 30 12 
3 33 0 32 0 31 0 30 12 
3 33 0 32 0 31 0 30 12 
3 33 0 32 0 31 0 30 12 
3 33 0 32 0 31 0 30 12 
3 33 0 32 0 31 0 30 12 
3 33 0 32 0 31 0 30 12 
3 33 0 32 0 31 0 30 12 
3 33 0 32 0 31 0 30 12 
3 33 0 32 0 31 0 30 12 
3 33 0 32 0 31 0 30 12 
3 33 0 32 0 31 0 30 12 
3 33 0 32 0 31 0 30 12 
3 33 0 32 0 31 0 30 12 
3 33 0 32 0 31 0 30 12 
3 33 0 32 0 31 0 30 12 
3 33 0 32 0 31 0 30 12 
3 33 0 32 0 31 0 30 12 
3 33 0 32 0 31 0 30 12 
SCORES_TXT_END_0
SCORES_TXT_BEGIN_0 39 19 9 BLEU
14 47 3 46 1 45 0 44 28 
14 47 3 46 1 45 0 44 28 
14 47 3 46 1 45 0 44 28 
14 47 3 46 1 45 0 44 28 
14 47 3 46 1 45 0 44 28 
14 47 3 46 1 45 0 44 28 
14 47 3 46 1 45 0 44 28 
14 47 3 46 1 45 0 44 28 
14 47 3 46 1 45 0 44 28 
14 47 4 46 1 45 0 44 28 
14 47 3 46 1 45 0 44 28 
14 47 3 46 1 45 0 44 28 
14 47 3 46 1 45 0 44 28 
14 47 3 46 1 45 0 44 28 
14 47 3 46 1 45 0 44 28 
14 47 3 46 1 45 0 44 28 
14 47 3 46 1 45 0 44 28 
14 47 3 46 1 45 0 44 28 
14 47 3 46 1 45 0 44 28 
SCORES_TXT_END_0
SCORES_TXT_BEGIN_0 40 55 9 BLEU
7 21 1 20 0 19 0 18 12 
7 21 1 20 0 19 0 18 12 
7 21 1 20 0 19 0 18 12 
7 21 1 20 0 19 0 18 12 
7 21 1 20 0 19 0 18 12 
7 21 2 20 0 19 0 18 12 
7 21 1 20 0 19 0 18 12 
6 21 1 20 0 19 0 18 12 
7 21 1 20 0 19 0 18 12 
7 21 1 20 0 19 0 18 12 
7 21 1 20 0 19 0 18 12 
7 21 1 20 0 19 0 18 12 
7 21 1 20 0 19 0 18 12 
7 21 2 20 0 19 0 18 12 
7 21 1 20 0 19 0 18 12 
7 21 1 20 0 19 0 18 12 
7 21 1 20 0 19 0 18 12 
7 21 1 20 0 19 0 18 12 
7 21 1 20 0 19 0 18 12 
7 21 1 20 0 19 0 18 12 
7 21 1 20 0 19 0 18 12 
7 21 1 20 0 19 0 18 12 
6 21 1 20 0 19 0 18 12 
7 21 1 20 0 19 0 18 12 
7 21 1 20 0 19 0 18 12 
7 21 2 20 0 19 0 18 12 
7 21 1 20 0 19 0 18 12 
7 21 1 20 0 19 0 18 12 
7 21 1 20 0 19 0 18 12 
7 21 1 20 0 19 0 18 12 
7 21 1 20 0 19 0 18 12 
6 21 1 20 0 19 0 18 12 
7 21 2 20 0 19 0 18 12 
7 21 1 20 0 19 0 18 12 
6 21 1 20 0 19 0 18 12 
7 21 1 20 0 19 0 18 12 
6 21 1 20 0 19 0 18 12 
7 21 1 20 0 19 0 18 12 
7 21 1 20 0 19 0 18 12 
7 21 1 20 0 19 0 18 12 
7 21 2 20 0 19 0 18 12 
7 21 1 20 0 19 0 18 12 
7 21 1 20 0 19 0 18 12 
7 21 1 20 0 19 0 18 12 
7 21 1 20 0 19 0 18 12 
7 21 1 20 0 19 0 18 12 
7 21 1 20 0 19 0 18 12 
7 21 2 20 0 19 0 18 12 
7 21 1 20 0 19 0 18 12 
7 21 2 20 0 19 0 18 12 
6 21 1 20 0 19 0 18 12 
6 21 1 20 0 19 0 18 12 
6 21 1 20 0 19 0 18 12 
7 21 1 20 0 19 0 18 12 
7 21 1 20 0 19 0 18 12 
SCORES_TXT_END_0
SCORES_TXT_BEGIN_0 41 81 9 BLEU
19 50 4 49 0 48 0 47 32 
18 49 4 48 0 47 0 46 32 
19 50 4 49 0 48 0 47 32 
18 49 4 48 0 47 0 46 32 
19 50 4 49 0 48 0 47 32 
18 49 4 48 0 47 0 46 32 
19 50 4 49 0 48 0 47 32 
18 49 4 48 0 47 0 46 32 
19 51 4 50 0 49 0 48 32 
19 50 4 49 0 48 0 47 32 
18 50 4 49 0 48 0 47 32 
19 50 4 49 0 48 0 47 32 
19 50 4 49 0 48 0 47 32 
18 49 4 48 0 47 0 46 32 
17 49 4 48 0 47 0 46 32 
18 49 4 48 0 47 0 46 32 
19 50 4 49 0 48 0 47 32 
18 49 4 48 0 47 0 46 32 
19 50 4 49 0 48 0 47 32 
19 50 4 49 0 48 0 47 32 
18 49 4 48 0 47 0 46 32 
19 50 4 49 0 48 0 47 32 
19 51 4 50 0 49 0 48 32 
19 50 4 49 0 48 0 47 32 
19 50 4 49 0 48 0 47 32 
20 51 4 50 0 49 0 48 32 
18 49 4 48 0 47 0 46 32 
19 50 4 49 0 48 0 47 32 
20 50 4 49 0 48 0 47 32 
19 50 4 49 0 48 0 47 32 
19 50 5 49 1 48 0 47 32 
18 49 4 48 0 47 0 46 32 
18 49 4 48 0 47 0 46 32 
20 51 4 50 0 49 0 48 32 
18 49 5 48 1 47 0 46 32 
19 51 4 50 0 49 0 48 32 
19 51 4 50 0 49 0 48 32 
19 50 4 49 0 48 0 47 32 
17 49 3 48 0 47 0 46 32 
20 50 4 49 0 48 0 47 32 
19 50 5 49 1 48 0 47 32 
20 51 4 50 0 49 0 48 32 
19 50 4 49 0 48 0 47 32 
19 50 5 49 1 48 0 47 32 
18 49 4 48 0 47 0 46 32 
18 49 5 48 1 47 0 46 32 
19 50 4 49 0 48 0 47 32 
18 49 4 48 1 47 0 46 32 
18 49 5 48 1 47 0 46 32 
20 50 4 49 0 48 0 47 32 
19 50 4 49 0 48 0 47 32 
19 50 5 49 1 48 0 47 32 
18 49 4 48 0 47 0 46 32 
20 50 4 49 0 48 0 47 32 
18 49 4 48 0 47 0 46 32 
20 51 4 50 0 49 0 48 32 
18 49 5 48 1 47 0 46 32 
20 50 4 49 0 48 0 47 32 
19 50 5 49 1 48 0 47 32 
20 51 4 50 0 49 0 48 32 
18 50 4 49 0 48 0 47 32 
18 50 4 49 0 48 0 47 32 
18 49 5 48 1 47 0 46 32 
20 50 4 49 0 48 0 47 32 
18 49 4 48 0 47 0 46 32 
19 51 5 50 1 49 0 48 32 
19 50 4 49 0 48 0 47 32 
18 50 3 49 0 48 0 47 32 
20 51 4 50 0 49 0 48 32 
19 50 5 49 1 48 0 47 32 
19 50 5 49 1 48 0 47 32 
19 50 5 49 1 48 0 47 32 
19 50 4 49 0 48 0 47 32 
17 49 4 48 0 47 0 46 32 
19 50 5 49 1 48 0 47 32 
18 49 4 48 0 47 0 46 32 
19 50 4 49 1 48 0 47 32 
20 50 4 49 0 48 0 47 32 
20 51 4 50 0 49 0 48 32 
18 49 5 48 1 47 0 46 32 
18 49 5 48 1 47 0 46 32 
SCORES_TXT_END_0
SCORES_TXT_BEGIN_0 42 100 9 BLEU
12 54 1 53 0 52 0 51 25 
12 54 1 53 0 52 0 51 25 
12 54 1 53 0 52 0 51 25 
12 54 1 53 0 52 0 51 25 
12 54 1 53 0 52 0 51 25 
12 54 1 53 0 52 0 51 25 
12 54 1 53 0 52 0 51 25 
12 54 1 53 0 52 0 51 25 
12 54 1 53 0 52 0 51 25 
12 54 1 53 0 52 0 51 25 
12 54 1 53 0 52 0 51 25 
12 54 1 53 0 52 0 51 25 
12 54 1 53 0 52 0 51 25 
12 54 1 53 0 52 0 51 25 
12 54 1 53 0 52 0 51 25 
12 54 1 53 0 52 0 51 25 
12 54 1 53 0 52 0 51 25 
11 54 0 53 0 52 0 51 25 
12 54 1 53 0 52 0 51 25 
12 54 1 53 0 52 0 51 25 
12 54 1 53 0 52 0 51 25 
12 54 1 53 0 52 0 51 25 
12 54 1 53 0 52 0 51 25 
12 54 1 53 0 52 0 51 25 
11 54 0 53 0 52 0 51 25 
11 54 1 53 0 52 0 51 25 
12 54 1 53 0 52 0 51 25 
12 54 1 53 0 52 0 51 25 
11 54 0 53 0 52 0 51 25 
12 54 1 53 0 52 0 51 25 
12 54 1 53 0 52 0 51 25 
11 54 0 53 0 52 0 51 25 
12 54 1 53 0 52 0 51 25 
12 54 1 53 0 52 0 51 25 
12 54 1 53 0 52 0 51 25 
11 54 1 53 0 52 0 51 25 
11 54 0 53 0 52 0 51 25 
11 54 1 53 0 52 0 51 25 
12 54 1 53 0 52 0 51 25 
12 54 1 53 0 52 0 51 25 
11 54 0 53 0 52 0 51 25 
12 54 1 53 0 52 0 51 25 
12 54 1 53 0 52 0 51 25 
12 54 1 53 0 52 0 51 25 
11 54 0 53 0 52 0 51 25 
12 54 1 53 0 52 0 51 25 
12 54 1 53 0 52 0 51 25 
12 54 1 53 0 52 0 51 25 
11 54 0 53 0 52 0 51 25 
11 54 1 53 0 52 0 51 25 
11 54 0 53 0 52 0 51 25 
11 54 1 53 0 52 0 51 25 
12 54 1 53 0 52 0 51 25 
12 54 1 53 0 52 0 51 25 
11 54 0 53 0 52 0 51 25 
12 54 1 53 0 52 0 51 25 
12 54 1 53 0 52 0 51 25 
12 54 1 53 0 52 0 51 25 
12 54 1 53 0 52 0 51 25 
11 54 0 53 0 52 0 51 25 
12 54 1 53 0 52 0 51 25 
12 54 1 53 0 52 0 51 25 
11 54 0 53 0 52 0 51 25 
11 54 1 53 0 52 0 51 25 
12 54 1 53 0 52 0 51 25 
12 54 1 53 0 52 0 51 25 
11 54 1 53 0 52 0 51 25 
11 54 1 53 0 52 0 51 25 
11 54 1 53 0 52 0 51 25 
12 54 1 53 0 52 0 51 25 
11 54 1 53 0 52 0 51 25 
12 54 1 53 0 52 0 51 25 
11 54 0 53 0 52 0 51 25 
11 54 0 53 0 52 0 51 25 
12 54 1 53 0 52 0 51 25 
11 54 1 53 0 52 0 51 25 
11 54 1 53 0 52 0 51 25 
12 54 1 53 0 52 0 51 25 
12 54 1 53 0 52 0 51 25 
12 54 1 53 0 52 0 51 25 
11 54 0 53 0 52 0 51 25 
11 54 0 53 0 52 0 51 25 
12 54 1 53 0 52 0 51 25 
12 54 1 53 0 52 0 51 25 
11 54 1 53 0 52 0 51 25 
12 54 1 53 0 52 0 51 25 
11 54 0 53 0 52 0 51 25 
11 54 1 53 0 52 0 51 25 
12 54 1 53 0 52 0 51 25 
12 54 1 53 0 52 0 51 25 
12 54 1 53 0 52 0 51 25 
11 54 1 53 0 52 0 51 25 
11 54 0 53 0 52 0 51 25 
12 54 1 53 0 52 0 51 25 
11 54 1 53 0 52 0 51 25 
11 54 0 53 0 52 0 51 25 
12 54 1 53 0 52 0 51 25 
11 54 1 53 0 52 0 51 25 
11 54 1 53 0 52 0 51 25 
12 54 1 53 0 52 0 51 25 
SCORES_TXT_END_0
SCORES_TXT_BEGIN_0 43 87 9 BLEU
10 25 4 24 0 23 0 22 23 
10 25 4 24 0 23 0 22 23 
11 25 3 24 0 23 0 22 23 
10 25 4 24 0 23 0 22 23 
10 25 3 24 0 23 0 22 23 
10 25 3 24 0 23 0 22 23 
10 25 4 24 0 23 0 22 23 
10 25 3 24 0 23 0 22 23 
10 25 3 24 0 23 0 22 23 
9 25 3 24 0 23 0 22 23 
9 25 3 24 0 23 0 22 23 
10 25 3 24 0 23 0 22 23 
10 25 4 24 0 23 0 22 23 
10 25 3 24 0 23 0 22 23 
10 25 3 24 0 23 0 22 23 
9 25 3 24 0 23 0 22 23 
9 25 3 24 0 23 0 22 23 
9 25 3 24 0 23 0 22 23 
9 25 3 24 0 23 0 22 23 
10 25 5 24 2 23 1 22 23 
10 25 3 24 0 23 0 22 23 
10 25 3 24 0 23 0 22 23 
10 25 3 24 0 23 0 22 23 
9 25 3 24 0 23 0 22 23 
9 25 3 24 0 23 0 22 23 
10 25 3 24 0 23 0 22 23 
10 25 3 24 0 23 0 22 23 
10 25 3 24 0 23 0 22 23 
11 25 4 24 0 23 0 22 23 
10 25 3 24 0 23 0 22 23 
9 25 4 24 0 23 0 22 23 
11 25 4 24 0 23 0 22 23 
9 25 4 24 0 23 0 22 23 
9 25 3 24 0 23 0 22 23 
11 25 5 24 2 23 1 22 23 
9 25 3 24 0 23 0 22 23 
10 25 3 24 0 23 0 22 23 
10 25 3 24 0 23 0 22 23 
10 25 5 24 2 23 1 22 23 
9 25 4 24 0 23 0 22 23 
10 25 3 24 0 23 0 22 23 
11 25 3 24 0 23 0 22 23 
9 25 3 24 0 23 0 22 23 
9 25 3 24 0 23 0 22 23 
10 25 3 24 0 23 0 22 23 
11 25 5 24 2 23 1 22 23 
9 25 3 24 0 23 0 22 23 
9 25 3 24 0 23 0 22 23 
11 25 5 24 2 23 1 22 23 
10 25 3 24 0 23 0 22 23 
10 25 5 24 2 23 1 22 23 
9 25 3 24 0 23 0 22 23 
10 25 3 24 0 23 0 22 23 
9 25 3 24 0 23 0 22 23 
9 25 3 24 0 23 0 22 23 
10 25 3 24 0 23 0 22 23 
11 25 4 24 0 23 0 22 23 
11 25 5 24 2 23 1 22 23 
9 25 3 24 0 23 0 22 23 
9 25 3 24 0 23 0 22 23 
9 25 4 24 0 23 0 22 23 
10 25 5 24 2 23 1 22 23 
10 25 3 24 0 23 0 22 23 
11 25 4 24 0 23 0 22 23 
9 25 3 24 0 23 0 22 23 
9 25 3 24 0 23 0 22 23 
11 25 3 24 0 23 0 22 23 
10 25 3 24 0 23 0 22 23 
11 25 3 24 0 23 0 22 23 
10 25 3 24 0 23 0 22 23 
10 25 3 24 0 23 0 22 23 
9 25 4 24 0 23 0 22 23 
11 25 3 24 0 23 0 22 23 
9 25 3 24 0 23 0 22 23 
10 25 3 24 0 23 0 22 23 
9 25 4 24 0 23 0 22 23 
9 25 3 24 0 23 0 22 23 
9 25 3 24 0 23 0 22 23 
10 25 3 24 0 23 0 22 23 
11 25 3 24 0 23 0 22 23 
10 25 3 24 0 23 0 22 23 
10 25 3 24 0 23 0 22 23 
9 25 4 24 0 23 0 22 23 
11 25 3 24 0 23 0 22 23 
9 25 3 24 0 23 0 22 23 
10 25 3 24 0 23 0 22 23 
11 25 4 24 0 23 0 22 23 
SCORES_TXT_END_0
SCORES_TXT_BEGIN_0 44 100 9 BLEU
20 50 3 49 0 48 0 47 46 
20 50 4 49 0 48 0 47 46 
20 50 3 49 0 48 0 47 46 
20 50 4 49 0 48 0 47 46 
20 50 4 49 0 48 0 47 46 
21 50 5 49 0 48 0 47 46 
20 50 3 49 0 48 0 47 46 
20 50 4 49 1 48 0 47 46 
20 50 4 49 0 48 0 47 46 
20 50 4 49 0 48 0 47 46 
20 50 3 49 0 48 0 47 46 
20 50 3 49 0 48 0 47 46 
20 50 5 49 0 48 0 47 46 
21 50 4 49 0 48 0 47 46 
20 50 4 49 0 48 0 47 46 
20 50 1 49 0 48 0 47 46 
20 50 5 49 3 48 2 47 46 
21 50 5 49 0 48 0 47 46 
20 50 2 49 0 48 0 47 46 
20 50 3 49 0 48 0 47 46 
20 49 3 48 0 47 0 46 46 
20 50 4 49 1 48 0 47 46 
20 50 5 49 3 48 2 47 46 
20 50 4 49 0 48 0 47 46 
21 49 4 48 0 47 0 46 46 
20 50 4 49 0 48 0 47 46 
20 50 3 49 0 48 0 47 46 
20 50 3 49 0 48 0 47 46 
20 50 5 49 0 48 0 47 46 
21 50 4 49 0 48 0 47 46 
20 50 1 49 0 48 0 47 46 
20 50 5 49 3 48 2 47 46 
20 49 3 48 0 47 0 46 46 
20 50 2 49 0 48 0 47 46 
20 50 4 49 1 48 0 47 46 
21 49 4 48 0 47 0 46 46 
19 50 4 49 0 48 0 47 46 
20 50 4 49 0 48 0 47 46 
20 50 5 49 3 48 2 47 46 
20 50 5 49 0 48 0 47 46 
21 50 5 49 1 48 0 47 46 
21 50 5 49 0 48 0 47 46 
20 50 4 49 1 48 0 47 46 
18 49 4 48 0 47 0 46 46 
19 49 4 48 0 47 0 46 46 
19 49 3 48 0 47 0 46 46 
20 50 4 49 0 48 0 47 46 
19 49 5 48 0 47 0 46 46 
19 49 5 48 0 47 0 46 46 
20 49 5 48 0 47 0 46 46 
20 49 4 48 0 47 0 46 46 
20 49 6 48 0 47 0 46 46 
20 50 4 49 1 48 0 47 46 
20 50 2 49 0 48 0 47 46 
21 50 6 49 3 48 2 47 46 
20 50 4 49 1 48 0 47 46 
21 50 3 49 0 48 0 47 46 
20 50 3 49 0 48 0 47 46 
20 50 4 49 0 48 0 47 46 
20 50 3 49 0 48 0 47 46 
20 50 4 49 2 48 1 47 46 
20 50 3 49 0 48 0 47 46 
20 50 5 49 1 48 0 47 46 
21 50 4 49 1 48 0 47 46 
20 50 4 49 0 48 0 47 46 
20 50 5 49 0 48 0 47 46 
18 49 5 48 0 47 0 46 46 
19 50 4 49 0 48 0 47 46 
21 50 4 49 0 48 0 47 46 
20 50 3 49 0 48 0 47 46 
20 50 4 49 0 48 0 47 46 
20 50 4 49 0 48 0 47 46 
19 49 6 48 0 47 0 46 46 
20 50 5 49 0 48 0 47 46 
20 50 5 49 3 48 2 47 46 
20 49 4 48 0 47 0 46 46 
21 50 5 49 1 48 0 47 46 
20 50 4 49 0 48 0 47 46 
21 50 6 49 3 48 2 47 46 
20 50 3 49 0 48 0 47 46 
21 50 5 49 0 48 0 47 46 
20 50 5 49 0 48 0 47 46 
20 50 4 49 1 48 0 47 46 
21 49 5 48 0 47 0 46 46 
20 50 2 49 0 48 0 47 46 
20 50 1 49 0 48 0 47 46 
20 50 4 49 0 48 0 47 46 
20 50 6 49 3 48 2 47 46 
20 50 2 49 0 48 0 47 46 
21 50 5 49 3 48 2 47 46 
20 50 3 49 0 48 0 47 46 
19 49 5 48 0 47 0 46 46 
21 50 2 49 0 48 0 47 46 
20 50 3 49 0 48 0 47 46 
19 49 3 48 0 47 0 46 46 
20 49 3 48 0 47 0 46 46 
20 50 4 49 1 48 0 47 46 
20 50 2 49 0 48 0 47 46 
20 50 5 49 3 48 2 47 46 
21 50 6 49 3 48 2 47 46 
SCORES_TXT_END_0
SCORES_TXT_BEGIN_0 45 100 9 BLEU
7 45 1 44 0 43 0 42 13 
7 45 1 44 0 43 0 42 13 
7 45 1 44 0 43 0 42 13 
7 45 1 44 0 43 0 42 13 
7 45 1 44 0 43 0 42 13 
7 45 1 44 0 43 0 42 13 
7 45 1 44 0 43 0 42 13 
7 45 1 44 0 43 0 42 13 
7 45 1 44 0 43 0 42 13 
7 45 1 44 0 43 0 42 13 
7 45 1 44 0 43 0 42 13 
7 45 1 44 0 43 0 42 13 
7 45 1 44 0 43 0 42 13 
7 45 1 44 0 43 0 42 13 
7 45 1 44 0 43 0 42 13 
7 45 1 44 0 43 0 42 13 
7 45 1 44 0 43 0 42 13 
7 45 1 44 0 43 0 42 13 
7 45 1 44 0 43 0 42 13 
7 45 1 44 0 43 0 42 13 
7 45 1 44 0 43 0 42 13 
7 45 1 44 0 43 0 42 13 
7 45 1 44 0 43 0 42 13 
7 45 1 44 0 43 0 42 13 
7 45 1 44 0 43 0 42 13 
7 45 1 44 0 43 0 42 13 
7 45 1 44 0 43 0 42 13 
7 45 1 44 0 43 0 42 13 
7 45 1 44 0 43 0 42 13 
7 45 1 44 0 43 0 42 13 
7 45 1 44 0 43 0 42 13 
7 45 1 44 0 43 0 42 13 
7 45 1 44 0 43 0 42 13 
7 45 1 44 0 43 0 42 13 
6 45 1 44 0 43 0 42 13 
7 45 1 44 0 43 0 42 13 
7 45 1 44 0 43 0 42 13 
7 45 1 44 0 43 0 42 13 
7 45 1 44 0 43 0 42 13 
6 45 1 44 0 43 0 42 13 
7 45 1 44 0 43 0 42 13 
7 45 1 44 0 43 0 42 13 
7 45 1 44 0 43 0 42 13 
7 45 1 44 0 43 0 42 13 
7 45 1 44 0 43 0 42 13 
7 45 1 44 0 43 0 42 13 
7 45 1 44 0 43 0 42 13 
6 45 1 44 0 43 0 42 13 
7 45 1 44 0 43 0 42 13 
7 45 1 44 0 43 0 42 13 
7 45 1 44 0 43 0 42 13 
6 45 1 44 0 43 0 42 13 
7 45 1 44 0 43 0 42 13 
7 45 1 44 0 43 0 42 13 
7 45 1 44 0 43 0 42 13 
7 45 1 44 0 43 0 42 13 
7 45 1 44 0 43 0 42 13 
7 45 1 44 0 43 0 42 13 
7 45 1 44 0 43 0 42 13 
7 45 1 44 0 43 0 42 13 
6 45 1 44 0 43 0 42 13 
6 45 1 44 0 43 0 42 13 
7 45 1 44 0 43 0 42 13 
7 45 1 44 0 43 0 42 13 
7 45 1 44 0 43 0 42 13 
7 45 1 44 0 43 0 42 13 
7 45 1 44 0 43 0 42 13 
7 45 1 44 0 43 0 42 13 
7 45 1 44 0 43 0 42 13 
7 45 1 44 0 43 0 42 13 
7 45 1 44 0 43 0 42 13 
6 45 1 44 0 43 0 42 13 
7 45 1 44 0 43 0 42 13 
7 45 1 44 0 43 0 42 13 
7 45 1 44 0 43 0 42 13 
7 45 1 44 0 43 0 42 13 
7 45 1 44 0 43 0 42 13 
6 45 1 44 0 43 0 42 13 
7 45 1 44 0 43 0 42 13 
7 45 1 44 0 43 0 42 13 
7 45 1 44 0 43 0 42 13 
7 45 1 44 0 43 0 42 13 
6 45 1 44 0 43 0 42 13 
7 45 1 44 0 43 0 42 13 
7 45 1 44 0 43 0 42 13 
7 45 1 44 0 43 0 42 13 
7 45 1 44 0 43 0 42 13 
7 45 1 44 0 43 0 42 13 
7 45 1 44 0 43 0 42 13 
7 45 1 44 0 43 0 42 13 
7 45 1 44 0 43 0 42 13 
7 45 1 44 0 43 0 42 13 
7 45 1 44 0 43 0 42 13 
7 45 1 44 0 43 0 42 13 
6 45 1 44 0 43 0 42 13 
7 45 1 44 0 43 0 42 13 
6 45 1 44 0 43 0 42 13 
7 45 1 44 0 43 0 42 13 
6 45 1 44 0 43 0 42 13 
7 45 1 44 0 43 0 42 13 
SCORES_TXT_END_0
SCORES_TXT_BEGIN_0 46 22 9 BLEU
8 34 1 33 0 32 0 31 23 
8 34 1 33 0 32 0 31 23 
8 34 1 33 0 32 0 31 23 
8 34 1 33 0 32 0 31 23 
8 34 1 33 0 32 0 31 23 
8 34 1 33 0 32 0 31 23 
8 34 1 33 0 32 0 31 23 
8 34 1 33 0 32 0 31 23 
8 34 1 33 0 32 0 31 23 
8 34 1 33 0 32 0 31 23 
8 34 1 33 0 32 0 31 23 
8 34 1 33 0 32 0 31 23 
8 34 1 33 0 32 0 31 23 
8 34 1 33 0 32 0 31 23 
8 34 1 33 0 32 0 31 23 
8 34 1 33 0 32 0 31 23 
8 34 1 33 0 32 0 31 23 
8 34 1 33 0 32 0 31 23 
8 34 1 33 0 32 0 31 23 
8 34 1 33 0 32 0 31 23 
8 34 1 33 0 32 0 31 23 
8 34 1 33 0 32 0 31 23 
SCORES_TXT_END_0
SCORES_TXT_BEGIN_0 47 100 9 BLEU
10 63 2 62 0 61 0 60 30 
10 63 2 62 0 61 0 60 30 
10 64 2 63 0 62 0 61 30 
9 63 2 62 0 61 0 60 30 
9 63 2 62 0 61 0 60 30 
10 63 2 62 0 61 0 60 30 
9 63 2 62 0 61 0 60 30 
10 64 2 63 0 62 0 61 30 
9 63 2 62 0 61 0 60 30 
11 63 2 62 0 61 0 60 30 
11 64 2 63 0 62 0 61 30 
9 63 2 62 0 61 0 60 30 
11 64 2 63 0 62 0 61 30 
10 63 2 62 0 61 0 60 30 
10 64 2 63 0 62 0 61 30 
9 63 2 62 0 61 0 60 30 
11 64 2 63 0 62 0 61 30 
9 63 2 62 0 61 0 60 30 
10 63 2 62 0 61 0 60 30 
9 63 2 62 0 61 0 60 30 
9 63 2 62 0 61 0 60 30 
11 63 2 62 0 61 0 60 30 
11 63 2 62 0 61 0 60 30 
10 63 1 62 0 61 0 60 30 
11 64 2 63 0 62 0 61 30 
10 63 2 62 0 61 0 60 30 
10 63 2 62 0 61 0 60 30 
11 64 2 63 0 62 0 61 30 
11 65 2 64 0 63 0 62 30 
10 64 2 63 0 62 0 61 30 
10 63 2 62 0 61 0 60 30 
11 65 2 64 0 63 0 62 30 
10 64 2 63 0 62 0 61 30 
10 64 2 63 0 62 0 61 30 
9 63 2 62 0 61 0 60 30 
10 63 2 62 0 61 0 60 30 
11 63 2 62 0 61 0 60 30 
10 64 2 63 0 62 0 61 30 
10 63 2 62 0 61 0 60 30 
9 63 2 62 0 61 0 60 30 
10 63 2 62 0 61 0 60 30 
10 64 2 63 0 62 0 61 30 
11 65 2 64 0 63 0 62 30 
11 64 2 63 0 62 0 61 30 
10 63 2 62 0 61 0 60 30 
11 64 2 63 0 62 0 61 30 
9 63 2 62 0 61 0 60 30 
9 63 2 62 0 61 0 60 30 
11 63 2 62 0 61 0 60 30 
10 63 2 62 0 61 0 60 30 
11 64 2 63 0 62 0 61 30 
11 64 2 63 0 62 0 61 30 
11 63 2 62 0 61 0 60 30 
10 63 2 62 0 61 0 60 30 
11 64 2 63 0 62 0 61 30 
11 64 2 63 0 62 0 61 30 
9 63 2 62 0 61 0 60 30 
10 63 2 62 0 61 0 60 30 
10 64 2 63 0 62 0 61 30 
10 64 2 63 0 62 0 61 30 
10 63 1 62 0 61 0 60 30 
11 64 2 63 0 62 0 61 30 
11 64 2 63 0 62 0 61 30 
10 63 2 62 0 61 0 60 30 
10 63 2 62 0 61 0 60 30 
10 64 1 63 0 62 0 61 30 
9 63 1 62 0 61 0 60 30 
10 63 2 62 0 61 0 60 30 
11 63 2 62 0 61 0 60 30 
11 64 2 63 0 62 0 61 30 
10 63 2 62 0 61 0 60 30 
11 64 2 63 0 62 0 61 30 
11 63 2 62 0 61 0 60 30 
9 63 2 62 0 61 0 60 30 
9 63 1 62 0 61 0 60 30 
11 63 2 62 0 61 0 60 30 
10 63 2 62 0 61 0 60 30 
10 63 2 62 0 61 0 60 30 
11 65 2 64 0 63 0 62 30 
10 63 1 62 0 61 0 60 30 
10 64 2 63 0 62 0 61 30 
11 63 2 62 0 61 0 60 30 
10 63 2 62 0 61 0 60 30 
9 63 2 62 0 61 0 60 30 
11 63 2 62 0 61 0 60 30 
10 63 2 62 0 61 0 60 30 
10 63 2 62 0 61 0 60 30 
10 64 2 63 0 62 0 61 30 
11 64 2 63 0 62 0 61 30 
11 63 2 62 0 61 0 60 30 
11 65 2 64 0 63 0 62 30 
9 63 2 62 0 61 0 60 30 
10 64 2 63 0 62 0 61 30 
10 63 2 62 0 61 0 60 30 
10 63 2 62 0 61 0 60 30 
9 63 1 62 0 61 0 60 30 
10 64 2 63 0 62 0 61 30 
11 64 2 63 0 62 0 61 30 
9 63 2 62 0 61 0 60 30 
9 63 2 62 0 61 0 60 30 
SCORES_TXT_END_0
SCORES_TXT_BEGIN_0 48 81 9 BLEU
6 24 0 23 0 22 0 21 22 
6 24 0 23 0 22 0 21 22 
6 24 0 23 0 22 0 21 22 
6 24 0 23 0 22 0 21 22 
7 24 0 23 0 22 0 21 22 
6 24 0 23 0 22 0 21 22 
6 24 0 23 0 22 0 21 22 
6 24 0 23 0 22 0 21 22 
6 24 0 23 0 22 0 21 22 
6 24 0 23 0 22 0 21 22 
6 24 0 23 0 22 0 21 22 
6 24 0 23 0 22 0 21 22 
6 24 0 23 0 22 0 21 22 
7 24 0 23 0 22 0 21 22 
6 24 0 23 0 22 0 21 22 
6 24 0 23 0 22 0 21 22 
6 24 0 23 0 22 0 21 22 
6 24 0 23 0 22 0 21 22 
6 24 0 23 0 22 0 21 22 
6 24 0 23 0 22 0 21 22 
6 24 0 23 0 22 0 21 22 
6 24 0 23 0 22 0 21 22 
6 24 0 23 0 22 0 21 22 
6 24 0 23 0 22 0 21 22 
6 24 0 23 0 22 0 21 22 
6 24 0 23 0 22 0 21 22 
6 24 0 23 0 22 0 21 22 
6 24 0 23 0 22 0 21 22 
6 24 0 23 0 22 0 21 22 
6 24 0 23 0 22 0 21 22 
6 24 0 23 0 22 0 21 22 
6 24 0 23 0 22 0 21 22 
6 24 0 23 0 22 0 21 22 
6 24 0 23 0 22 0 21 22 
6 24 0 23 0 22 0 21 22 
6 24 0 23 0 22 0 21 22 
6 24 0 23 0 22 0 21 22 
6 24 0 23 0 22 0 21 22 
6 24 0 23 0 22 0 21 22 
6 24 0 23 0 22 0 21 22 
6 24 0 23 0 22 0 21 22 
6 24 0 23 0 22 0 21 22 
6 24 0 23 0 22 0 21 22 
6 24 0 23 0 22 0 21 22 
6 24 0 23 0 22 0 21 22 
6 24 0 23 0 22 0 21 22 
6 24 0 23 0 22 0 21 22 
7 24 0 23 0 22 0 21 22 
7 24 0 23 0 22 0 21 22 
6 24 0 23 0 22 0 21 22 
6 24 0 23 0 22 0 21 22 
6 24 0 23 0 22 0 21 22 
6 24 0 23 0 22 0 21 22 
6 24 0 23 0 22 0 21 22 
6 24 0 23 0 22 0 21 22 
6 24 0 23 0 22 0 21 22 
6 24 0 23 0 22 0 21 22 
6 24 0 23 0 22 0 21 22 
6 24 0 23 0 22 0 21 22 
6 24 0 23 0 22 0 21 22 
6 24 0 23 0 22 0 21 22 
6 24 0 23 0 22 0 21 22 
6 24 0 23 0 22 0 21 22 
6 24 0 23 0 22 0 21 22 
7 24 0 23 0 22 0 21 22 
7 24 0 23 0 22 0 21 22 
6 24 0 23 0 22 0 21 22 
6 24 0 23 0 22 0 21 22 
6 24 0 23 0 22 0 21 22 
6 24 0 23 0 22 0 21 22 
6 24 0 23 0 22 0 21 22 
6 24 0 23 0 22 0 21 22 
6 24 0 23 0 22 0 21 22 
6 24 0 23 0 22 0 21 22 
6 24 0 23 0 22 0 21 22 
6 24 0 23 0 22 0 21 22 
6 24 0 23 0 22 0 21 22 
6 24 0 23 0 22 0 21 22 
6 24 0 23 0 22 0 21 22 
7 24 0 23 0 22 0 21 22 
6 24 0 23 0 22 0 21 22 
SCORES_TXT_END_0
SCORES_TXT_BEGIN_0 49 88 9 BLEU
13 32 3 31 1 30 0 29 43 
13 32 3 31 1 30 0 29 43 
13 32 3 31 1 30 0 29 43 
13 32 4 31 2 30 0 29 43 
13 32 3 31 1 30 0 29 43 
13 32 4 31 2 30 0 29 43 
13 32 3 31 1 30 0 29 43 
13 32 2 31 1 30 0 29 43 
13 32 5 31 3 30 1 29 43 
13 32 4 31 2 30 0 29 43 
13 32 5 31 3 30 1 29 43 
14 32 4 31 1 30 0 29 43 
13 32 4 31 2 30 0 29 43 
14 32 4 31 1 30 0 29 43 
13 32 4 31 2 30 0 29 43 
13 32 3 31 1 30 0 29 43 
13 32 4 31 2 30 1 29 43 
14 32 4 31 1 30 0 29 43 
14 32 4 31 1 30 0 29 43 
13 32 4 31 2 30 1 29 43 
14 32 4 31 1 30 0 29 43 
13 32 5 31 3 30 1 29 43 
13 32 3 31 1 30 0 29 43 
13 32 3 31 1 30 0 29 43 
15 32 2 31 0 30 0 29 43 
13 32 4 31 2 30 0 29 43 
14 32 3 31 1 30 0 29 43 
13 32 4 31 2 30 0 29 43 
13 32 3 31 1 30 0 29 43 
13 32 2 31 1 30 0 29 43 
14 32 4 31 1 30 0 29 43 
13 32 5 31 3 30 1 29 43 
14 32 4 31 1 30 0 29 43 
14 32 4 31 1 30 0 29 43 
13 32 3 31 1 30 0 29 43 
13 32 3 31 1 30 0 29 43 
14 32 3 31 1 30 0 29 43 
13 32 4 31 2 30 0 29 43 
14 32 3 31 1 30 0 29 43 
13 32 3 31 1 30 0 29 43 
13 32 3 31 1 30 0 29 43 
14 32 4 31 1 30 0 29 43 
13 32 5 31 3 30 1 29 43 
13 32 5 31 3 30 1 29 43 
14 32 5 31 2 30 1 29 43 
13 32 2 31 1 30 0 29 43 
13 32 4 31 2 30 1 29 43 
14 32 4 31 1 30 0 29 43 
14 32 4 31 1 30 0 29 43 
13 32 4 31 2 30 0 29 43 
14 32 4 31 1 30 0 29 43 
14 32 4 31 1 30 0 29 43 
14 32 3 31 1 30 0 29 43 
14 32 5 31 2 30 1 29 43 
13 32 3 31 1 30 0 29 43 
13 32 4 31 2 30 1 29 43 
14 32 4 31 1 30 0 29 43 
13 32 3 31 1 30 0 29 43 
14 32 4 31 2 30 1 29 43 
14 32 4 31 1 30 0 29 43 
13 32 3 31 1 30 0 29 43 
13 32 3 31 1 30 0 29 43 
13 32 3 31 1 30 0 29 43 
13 32 4 31 2 30 1 29 43 
14 32 3 31 1 30 0 29 43 
13 32 3 31 1 30 0 29 43 
13 32 4 31 2 30 0 29 43 
14 32 4 31 1 30 0 29 43 
14 32 4 31 1 30 0 29 43 
13 32 3 31 1 30 0 29 43 
13 32 3 31 1 30 0 29 43 
13 32 3 31 2 30 1 29 43 
13 32 2 31 1 30 0 29 43 
14 32 4 31 2 30 1 29 43 
14 32 4 31 1 30 0 29 43 
13 32 4 31 2 30 0 29 43 
14 32 4 31 1 30 0 29 43 
14 32 4 31 1 30 0 29 43 
13 32 3 31 1 30 0 29 43 
14 32 3 31 1 30 0 29 43 
13 32 4 31 2 30 0 29 43 
13 32 3 31 2 30 1 29 43 
14 32 4 31 1 30 0 29 43 
13 32 3 31 2 30 1 29 43 
14 32 4 31 1 30 0 29 43 
14 32 4 31 1 30 0 29 43 
14 32 5 31 2 30 1 29 43 
13 32 3 31 1 30 0 29 43 
SCORES_TXT_END_0
SCORES_TXT_BEGIN_0 50 100 9 BLEU
13 58 1 57 0 56 0 55 23 
13 59 1 58 0 57 0 56 23 
13 57 1 56 0 55 0 54 23 
13 57 1 56 0 55 0 54 23 
13 58 1 57 0 56 0 55 23 
13 59 1 58 0 57 0 56 23 
13 58 1 57 0 56 0 55 23 
13 57 0 56 0 55 0 54 23 
13 58 1 57 0 56 0 55 23 
13 59 1 58 0 57 0 56 23 
13 58 0 57 0 56 0 55 23 
13 59 1 58 0 57 0 56 23 
13 57 1 56 0 55 0 54 23 
13 57 1 56 0 55 0 54 23 
13 58 1 57 0 56 0 55 23 
13 57 1 56 0 55 0 54 23 
13 58 1 57 0 56 0 55 23 
13 57 1 56 0 55 0 54 23 
13 58 1 57 0 56 0 55 23 
13 58 1 57 0 56 0 55 23 
13 57 0 56 0 55 0 54 23 
13 58 1 57 0 56 0 55 23 
13 59 1 58 0 57 0 56 23 
13 58 1 57 0 56 0 55 23 
13 57 1 56 0 55 0 54 23 
13 58 0 57 0 56 0 55 23 
13 59 1 58 0 57 0 56 23 
13 57 1 56 0 55 0 54 23 
13 57 0 56 0 55 0 54 23 
13 57 0 56 0 55 0 54 23 
13 58 1 57 0 56 0 55 23 
13 57 1 56 0 55 0 54 23 
13 58 1 57 0 56 0 55 23 
13 58 1 57 0 56 0 55 23 
13 57 1 56 0 55 0 54 23 
13 57 0 56 0 55 0 54 23 
13 58 1 57 0 56 0 55 23 
13 58 0 57 0 56 0 55 23 
13 57 1 56 0 55 0 54 23 
13 58 1 57 0 56 0 55 23 
13 59 1 58 0 57 0 56 23 
13 58 1 57 0 56 0 55 23 
13 58 0 57 0 56 0 55 23 
13 58 1 57 0 56 0 55 23 
13 59 1 58 0 57 0 56 23 
13 57 1 56 0 55 0 54 23 
13 58 1 57 0 56 0 55 23 
13 58 1 57 0 56 0 55 23 
13 58 1 57 0 56 0 55 23 
13 57 1 56 0 55 0 54 23 
12 57 1 56 0 55 0 54 23 
13 59 1 58 0 57 0 56 23 
13 59 1 58 0 57 0 56 23 
13 57 1 56 0 55 0 54 23 
13 58 1 57 0 56 0 55 23 
13 59 1 58 0 57 0 56 23 
13 57 1 56 0 55 0 54 23 
13 58 1 57 0 56 0 55 23 
13 59 1 58 0 57 0 56 23 
12 57 1 56 0 55 0 54 23 
13 58 1 57 0 56 0 55 23 
13 58 1 57 0 56 0 55 23 
13 58 1 57 0 56 0 55 23 
13 57 1 56 0 55 0 54 23 
13 59 1 58 0 57 0 56 23 
13 57 1 56 0 55 0 54 23 
13 60 1 59 0 58 0 57 23 
13 58 1 57 0 56 0 55 23 
13 58 1 57 0 56 0 55 23 
13 59 1 58 0 57 0 56 23 
13 58 1 57 0 56 0 55 23 
13 57 1 56 0 55 0 54 23 
13 59 1 58 0 57 0 56 23 
13 58 1 57 0 56 0 55 23 
13 57 1 56 0 55 0 54 23 
13 59 1 58 0 57 0 56 23 
13 57 1 56 0 55 0 54 23 
13 59 1 58 0 57 0 56 23 
13 58 1 57 0 56 0 55 23 
13 58 0 57 0 56 0 55 23 
13 58 1 57 0 56 0 55 23 
13 58 1 57 0 56 0 55 23 
13 58 1 57 0 56 0 55 23 
13 57 1 56 0 55 0 54 23 
13 59 1 58 0 57 0 56 23 
13 57 1 56 0 55 0 54 23 
13 58 1 57 0 56 0 55 23 
13 58 1 57 0 56 0 55 23 
13 57 1 56 0 55 0 54 23 
13 58 1 57 0 56 0 55 23 
13 57 1 56 0 55 0 54 23 
13 58 1 57 0 56 0 55 23 
13 59 1 58 0 57 0 56 23 
13 58 1 57 0 56 0 55 23 
13 59 0 58 0 57 0 56 23 
13 59 1 58 0 57 0 56 23 
13 59 1 58 0 57 0 56 23 
13 57 0 56 0 55 0 54 23 
13 57 0 56 0 55 0 54 23 
13 58 1 57 0 56 0 55 23 
SCORES_TXT_END_0
SCORES_TXT_BEGIN_0 51 100 9 BLEU
5 19 3 18 2 17 1 16 12 
5 20 3 19 2 18 1 17 12 
4 21 2 20 1 19 0 18 12 
5 20 2 19 1 18 0 17 12 
4 20 2 19 1 18 0 17 12 
5 19 2 18 1 17 0 16 12 
5 19 3 18 2 17 1 16 12 
5 20 3 19 2 18 1 17 12 
5 20 3 19 2 18 1 17 12 
5 19 3 18 2 17 1 16 12 
5 19 3 18 2 17 1 16 12 
4 20 2 19 1 18 0 17 12 
4 20 2 19 1 18 0 17 12 
4 20 2 19 1 18 0 17 12 
5 19 2 18 1 17 0 16 12 
5 19 3 18 2 17 1 16 12 
5 21 3 20 2 19 1 18 12 
4 21 2 20 1 19 0 18 12 
5 19 2 18 1 17 0 16 12 
5 19 2 18 1 17 0 16 12 
4 21 2 20 1 19 0 18 12 
5 19 3 18 2 17 1 16 12 
5 19 3 18 2 17 1 16 12 
5 19 3 18 2 17 1 16 12 
5 20 3 19 2 18 1 17 12 
4 20 2 19 1 18 0 17 12 
5 19 3 18 2 17 1 16 12 
5 19 2 18 1 17 0 16 12 
4 21 2 20 1 19 0 18 12 
5 20 3 19 2 18 1 17 12 
5 20 2 19 1 18 0 17 12 
5 19 3 18 2 17 1 16 12 
5 19 3 18 2 17 1 16 12 
4 20 2 19 1 18 0 17 12 
5 20 3 19 2 18 1 17 12 
5 19 3 18 2 17 1 16 12 
5 20 3 19 2 18 1 17 12 
5 19 2 18 1 17 0 16 12 
5 19 3 18 2 17 1 16 12 
4 20 2 19 1 18 0 17 12 
5 19 3 18 2 17 1 16 12 
4 21 2 20 1 19 0 18 12 
5 19 3 18 2 17 1 16 12 
5 19 2 18 1 17 0 16 12 
4 20 2 19 1 18 0 17 12 
4 21 2 20 1 19 0 18 12 
5 19 2 18 1 17 0 16 12 
4 20 2 19 1 18 0 17 12 
5 19 3 18 2 17 1 16 12 
5 19 3 18 2 17 1 16 12 
4 20 2 19 1 18 0 17 12 
5 20 3 19 2 18 1 17 12 
4 21 2 20 1 19 0 18 12 
5 19 2 18 1 17 0 16 12 
5 19 3 18 2 17 1 16 12 
5 20 3 19 2 18 1 17 12 
5 19 3 18 2 17 1 16 12 
5 19 2 18 1 17 0 16 12 
5 19 3 18 2 17 1 16 12 
5 19 3 18 2 17 1 16 12 
5 19 3 18 2 17 1 16 12 
5 19 3 18 2 17 1 16 12 
5 20 2 19 1 18 0 17 12 
5 19 3 18 2 17 1 16 12 
5 21 3 20 2 19 1 18 12 
4 20 2 19 1 18 0 17 12 
5 19 3 18 2 17 1 16 12 
5 20 3 19 2 18 1 17 12 
5 19 2 18 1 17 0 16 12 
5 20 3 19 2 18 1 17 12 
5 20 3 19 2 18 1 17 12 
5 20 3 19 2 18 1 17 12 
5 20 3 19 2 18 1 17 12 
5 19 3 18 2 17 1 16 12 
5 19 3 18 2 17 1 16 12 
5 20 3 19 2 18 1 17 12 
5 19 3 18 2 17 1 16 12 
5 20 3 19 2 18 1 17 12 
5 19 3 18 2 17 1 16 12 
5 19 3 18 2 17 1 16 12 
5 19 3 18 2 17 1 16 12 
5 19 3 18 2 17 1 16 12 
4 20 2 19 1 18 0 17 12 
5 19 3 18 2 17 1 16 12 
5 19 3 18 2 17 1 16 12 
5 19 3 18 2 17 1 16 12 
5 20 3 19 2 18 1 17 12 
4 20 2 19 1 18 0 17 12 
5 19 2 18 1 17 0 16 12 
4 20 2 19 1 18 0 17 12 
4 21 2 20 1 19 0 18 12 
5 19 3 18 2 17 1 16 12 
5 19 3 18 2 17 1 16 12 
5 19 2 18 1 17 0 16 12 
5 20 2 19 1 18 0 17 12 
5 20 3 19 2 18 1 17 12 
4 20 2 19 1 18 0 17 12 
5 19 3 18 2 17 1 16 12 
5 19 3 18 2 17 1 16 12 
4 20 2 19 1 18 0 17 12 
SCORES_TXT_END_0
SCORES_TXT_BEGIN_0 52 92 9 BLEU
8 29 1 28 0 27 0 26 25 
8 29 1 28 0 27 0 26 25 
8 29 1 28 0 27 0 26 25 
8 29 1 28 0 27 0 26 25 
8 29 1 28 0 27 0 26 25 
8 29 1 28 0 27 0 26 25 
8 29 2 28 0 27 0 26 25 
8 29 1 28 0 27 0 26 25 
8 29 1 28 0 27 0 26 25 
8 29 1 28 0 27 0 26 25 
8 29 2 28 0 27 0 26 25 
8 29 2 28 0 27 0 26 25 
8 29 1 28 0 27 0 26 25 
8 29 1 28 0 27 0 26 25 
8 29 1 28 0 27 0 26 25 
8 29 2 28 0 27 0 26 25 
8 29 2 28 0 27 0 26 25 
8 29 1 28 0 27 0 26 25 
8 29 1 28 0 27 0 26 25 
8 29 0 28 0 27 0 26 25 
8 29 2 28 0 27 0 26 25 
8 29 1 28 0 27 0 26 25 
8 29 0 28 0 27 0 26 25 
8 29 1 28 0 27 0 26 25 
8 29 1 28 0 27 0 26 25 
8 29 2 28 0 27 0 26 25 
8 29 2 28 0 27 0 26 25 
8 29 2 28 0 27 0 26 25 
8 29 1 28 0 27 0 26 25 
8 29 1 28 0 27 0 26 25 
8 29 1 28 0 27 0 26 25 
8 29 1 28 0 27 0 26 25 
8 29 1 28 0 27 0 26 25 
8 29 2 28 0 27 0 26 25 
8 29 2 28 0 27 0 26 25 
8 29 0 28 0 27 0 26 25 
8 29 2 28 0 27 0 26 25 
8 29 2 28 0 27 0 26 25 
8 29 1 28 0 27 0 26 25 
8 29 2 28 0 27 0 26 25 
8 29 1 28 0 27 0 26 25 
8 29 1 28 0 27 0 26 25 
8 29 1 28 0 27 0 26 25 
8 29 0 28 0 27 0 26 25 
8 29 0 28 0 27 0 26 25 
8 30 0 29 0 28 0 27 25 
8 29 1 28 0 27 0 26 25 
8 29 2 28 0 27 0 26 25 
8 29 1 28 0 27 0 26 25 
8 29 1 28 0 27 0 26 25 
8 29 2 28 0 27 0 26 25 
8 29 2 28 0 27 0 26 25 
8 29 2 28 0 27 0 26 25 
8 29 1 28 0 27 0 26 25 
8 29 1 28 0 27 0 26 25 
8 29 2 28 0 27 0 26 25 
8 29 1 28 0 27 0 26 25 
8 29 1 28 0 27 0 26 25 
8 29 1 28 0 27 0 26 25 
8 29 1 28 0 27 0 26 25 
8 29 1 28 0 27 0 26 25 
8 29 1 28 0 27 0 26 25 
8 29 2 28 0 27 0 26 25 
8 29 1 28 0 27 0 26 25 
8 29 1 28 0 27 0 26 25 
8 29 0 28 0 27 0 26 25 
8 29 1 28 0 27 0 26 25 
8 29 1 28 0 27 0 26 25 
8 29 2 28 0 27 0 26 25 
8 29 2 28 0 27 0 26 25 
8 29 2 28 0 27 0 26 25 
8 29 2 28 0 27 0 26 25 
8 29 2 28 0 27 0 26 25 
8 29 2 28 0 27 0 26 25 
8 29 1 28 0 27 0 26 25 
8 29 1 28 0 27 0 26 25 
8 29 1 28 0 27 0 26 25 
8 29 1 28 0 27 0 26 25 
8 29 1 28 0 27 0 26 25 
8 29 1 28 0 27 0 26 25 
8 29 1 28 0 27 0 26 25 
8 29 2 28 0 27 0 26 25 
8 29 2 28 0 27 0 26 25 
8 29 2 28 0 27 0 26 25 
8 29 2 28 0 27 0 26 25 
8 29 2 28 0 27 0 26 25 
8 29 1 28 0 27 0 26 25 
8 29 2 28 0 27 0 26 25 
8 29 2 28 0 27 0 26 25 
8 29 2 28 0 27 0 26 25 
8 29 1 28 0 27 0 26 25 
8 29 1 28 0 27 0 26 25 
SCORES_TXT_END_0
SCORES_TXT_BEGIN_0 53 88 9 BLEU
7 30 2 29 1 28 0 27 14 
7 29 1 28 0 27 0 26 14 
7 29 1 28 0 27 0 26 14 
7 30 1 29 0 28 0 27 14 
7 29 1 28 0 27 0 26 14 
7 30 1 29 0 28 0 27 14 
7 30 2 29 1 28 0 27 14 
7 29 1 28 0 27 0 26 14 
7 29 1 28 0 27 0 26 14 
7 29 1 28 0 27 0 26 14 
7 29 1 28 0 27 0 26 14 
7 29 1 28 0 27 0 26 14 
7 29 1 28 0 27 0 26 14 
7 29 1 28 0 27 0 26 14 
7 29 1 28 0 27 0 26 14 
7 29 1 28 0 27 0 26 14 
7 29 1 28 0 27 0 26 14 
7 30 1 29 0 28 0 27 14 
7 30 2 29 1 28 0 27 14 
7 30 2 29 1 28 0 27 14 
7 29 1 28 0 27 0 26 14 
7 29 1 28 0 27 0 26 14 
7 29 2 28 1 27 0 26 14 
7 30 2 29 1 28 0 27 14 
7 30 1 29 0 28 0 27 14 
7 30 2 29 1 28 0 27 14 
7 29 1 28 0 27 0 26 14 
7 29 1 28 0 27 0 26 14 
7 29 1 28 0 27 0 26 14 
7 29 1 28 0 27 0 26 14 
7 29 1 28 0 27 0 26 14 
7 29 1 28 0 27 0 26 14 
7 30 2 29 1 28 0 27 14 
7 29 1 28 0 27 0 26 14 
7 29 1 28 0 27 0 26 14 
7 29 1 28 0 27 0 26 14 
7 29 1 28 0 27 0 26 14 
7 29 1 28 0 27 0 26 14 
7 29 1 28 0 27 0 26 14 
7 30 2 29 1 28 0 27 14 
7 29 2 28 1 27 0 26 14 
7 29 1 28 0 27 0 26 14 
7 29 1 28 0 27 0 26 14 
7 29 1 28 0 27 0 26 14 
7 29 1 28 0 27 0 26 14 
7 30 2 29 1 28 0 27 14 
7 29 1 28 0 27 0 26 14 
7 29 1 28 0 27 0 26 14 
7 30 2 29 1 28 0 27 14 
7 29 1 28 0 27 0 26 14 
7 29 1 28 0 27 0 26 14 
7 29 1 28 0 27 0 26 14 
7 30 2 29 1 28 0 27 14 
7 29 2 28 1 27 0 26 14 
7 30 1 29 0 28 0 27 14 
7 30 2 29 1 28 0 27 14 
7 29 1 28 0 27 0 26 14 
7 30 1 29 0 28 0 27 14 
7 29 2 28 1 27 0 26 14 
7 29 1 28 0 27 0 26 14 
7 29 1 28 0 27 0 26 14 
7 29 1 28 0 27 0 26 14 
7 29 2 28 1 27 0 26 14 
7 30 2 29 1 28 0 27 14 
7 29 2 28 1 27 0 26 14 
7 30 2 29 1 28 0 27 14 
7 29 1 28 0 27 0 26 14 
7 30 2 29 1 28 0 27 14 
7 30 2 29 1 28 0 27 14 
7 29 1 28 0 27 0 26 14 
7 30 2 29 1 28 0 27 14 
7 29 1 28 0 27 0 26 14 
7 30 1 29 0 28 0 27 14 
7 30 2 29 1 28 0 27 14 
7 29 1 28 0 27 0 26 14 
7 29 1 28 0 27 0 26 14 
7 30 2 29 1 28 0 27 14 
7 30 2 29 1 28 0 27 14 
7 29 2 28 1 27 0 26 14 
7 30 2 29 1 28 0 27 14 
7 30 2 29 1 28 0 27 14 
7 29 1 28 0 27 0 26 14 
7 29 1 28 0 27 0 26 14 
7 29 1 28 0 27 0 26 14 
7 30 2 29 1 28 0 27 14 
7 29 1 28 0 27 0 26 14 
7 29 1 28 0 27 0 26 14 
7 29 2 28 1 27 0 26 14 
SCORES_TXT_END_0
SCORES_TXT_BEGIN_0 54 98 9 BLEU
9 29 2 28 0 27 0 26 26 
9 29 2 28 0 27 0 26 26 
9 29 2 28 0 27 0 26 26 
8 28 2 27 0 26 0 25 26 
9 29 2 28 0 27 0 26 26 
9 29 2 28 0 27 0 26 26 
9 29 2 28 0 27 0 26 26 
9 29 2 28 0 27 0 26 26 
9 29 2 28 0 27 0 26 26 
9 29 2 28 0 27 0 26 26 
9 29 2 28 0 27 0 26 26 
8 28 1 27 0 26 0 25 26 
9 29 2 28 0 27 0 26 26 
9 29 2 28 0 27 0 26 26 
9 29 2 28 0 27 0 26 26 
9 29 2 28 0 27 0 26 26 
8 28 1 27 0 26 0 25 26 
9 29 2 28 0 27 0 26 26 
8 28 1 27 0 26 0 25 26 
8 28 1 27 0 26 0 25 26 
9 29 2 28 0 27 0 26 26 
9 29 2 28 0 27 0 26 26 
9 29 2 28 0 27 0 26 26 
8 28 1 27 0 26 0 25 26 
9 29 2 28 0 27 0 26 26 
9 29 2 28 0 27 0 26 26 
9 29 2 28 0 27 0 26 26 
9 29 2 28 0 27 0 26 26 
9 29 2 28 0 27 0 26 26 
9 29 2 28 0 27 0 26 26 
9 29 3 28 0 27 0 26 26 
8 28 1 27 0 26 0 25 26 
9 29 2 28 0 27 0 26 26 
9 29 2 28 0 27 0 26 26 
8 28 1 27 0 26 0 25 26 
9 29 2 28 0 27 0 26 26 
9 29 2 28 0 27 0 26 26 
8 28 1 27 0 26 0 25 26 
9 29 2 28 0 27 0 26 26 
9 29 2 28 0 27 0 26 26 
9 29 2 28 0 27 0 26 26 
9 28 1 27 0 26 0 25 26 
9 29 2 28 0 27 0 26 26 
9 29 3 28 0 27 0 26 26 
9 28 1 27 0 26 0 25 26 
9 28 1 27 0 26 0 25 26 
9 28 1 27 0 26 0 25 26 
9 28 1 27 0 26 0 25 26 
9 29 2 28 0 27 0 26 26 
9 29 2 28 0 27 0 26 26 
9 28 1 27 0 26 0 25 26 
8 28 2 27 0 26 0 25 26 
9 29 2 28 0 27 0 26 26 
9 29 2 28 0 27 0 26 26 
9 29 2 28 0 27 0 26 26 
9 29 3 28 0 27 0 26 26 
9 29 2 28 0 27 0 26 26 
9 29 2 28 0 27 0 26 26 
9 29 2 28 0 27 0 26 26 
8 28 1 27 0 26 0 25 26 
9 29 3 28 0 27 0 26 26 
9 29 2 28 0 27 0 26 26 
8 28 1 27 0 26 0 25 26 
8 28 1 27 0 26 0 25 26 
9 29 2 28 0 27 0 26 26 
9 29 2 28 0 27 0 26 26 
9 29 2 28 0 27 0 26 26 
9 29 2 28 0 27 0 26 26 
9 29 2 28 0 27 0 26 26 
8 28 1 27 0 26 0 25 26 
9 29 2 28 0 27 0 26 26 
8 28 1 27 0 26 0 25 26 
8 28 2 27 0 26 0 25 26 
9 29 2 28 0 27 0 26 26 
9 29 2 28 0 27 0 26 26 
9 29 2 28 0 27 0 26 26 
9 29 3 28 0 27 0 26 26 
9 29 2 28 0 27 0 26 26 
8 28 1 27 0 26 0 25 26 
9 29 3 28 0 27 0 26 26 
8 29 2 28 0 27 0 26 26 
9 29 2 28 0 27 0 26 26 
8 28 1 27 0 26 0 25 26 
8 28 1 27 0 26 0 25 26 
8 29 2 28 0 27 0 26 26 
9 29 2 28 0 27 0 26 26 
9 29 2 28 0 27 0 26 26 
8 28 1 27 0 26 0 25 26 
8 29 2 28 0 27 0 26 26 
9 29 2 28 0 27 0 26 26 
9 29 2 28 0 27 0 26 26 
8 29 2 28 0 27 0 26 26 
9 29 2 28 0 27 0 26 26 
9 29 2 28 0 27 0 26 26 
9 29 2 28 0 27 0 26 26 
9 29 2 28 0 27 0 26 26 
9 29 2 28 0 27 0 26 26 
9 29 2 28 0 27 0 26 26 
SCORES_TXT_END_0
SCORES_TXT_BEGIN_0 55 100 9 BLEU
9 30 1 29 0 28 0 27 19 
9 30 1 29 0 28 0 27 19 
9 30 1 29 0 28 0 27 19 
10 30 1 29 0 28 0 27 19 
9 30 2 29 0 28 0 27 19 
9 30 1 29 0 28 0 27 19 
9 30 2 29 0 28 0 27 19 
10 31 2 30 0 29 0 28 19 
9 30 1 29 0 28 0 27 19 
9 30 2 29 0 28 0 27 19 
10 31 1 30 0 29 0 28 19 
9 30 1 29 0 28 0 27 19 
10 31 2 30 0 29 0 28 19 
9 30 1 29 0 28 0 27 19 
9 30 1 29 0 28 0 27 19 
9 30 1 29 0 28 0 27 19 
9 30 1 29 0 28 0 27 19 
10 31 2 30 0 29 0 28 19 
9 30 1 29 0 28 0 27 19 
9 30 1 29 0 28 0 27 19 
9 30 1 29 0 28 0 27 19 
10 30 2 29 0 28 0 27 19 
9 30 1 29 0 28 0 27 19 
9 30 1 29 0 28 0 27 19 
9 30 1 29 0 28 0 27 19 
9 30 1 29 0 28 0 27 19 
10 30 1 29 0 28 0 27 19 
10 31 1 30 0 29 0 28 19 
9 30 1 29 0 28 0 27 19 
10 30 1 29 0 28 0 27 19 
9 30 1 29 0 28 0 27 19 
9 30 1 29 0 28 0 27 19 
9 30 1 29 0 28 0 27 19 
9 30 2 29 0 28 0 27 19 
9 30 1 29 0 28 0 27 19 
11 31 2 30 0 29 0 28 19 
10 30 1 29 0 28 0 27 19 
9 30 1 29 0 28 0 27 19 
9 30 1 29 0 28 0 27 19 
10 30 2 29 0 28 0 27 19 
10 30 1 29 0 28 0 27 19 
9 30 1 29 0 28 0 27 19 
9 30 1 29 0 28 0 27 19 
9 30 1 29 0 28 0 27 19 
9 30 1 29 0 28 0 27 19 
10 30 1 29 0 28 0 27 19 
9 30 1 29 0 28 0 27 19 
10 31 1 30 0 29 0 28 19 
10 30 2 29 0 28 0 27 19 
9 30 1 29 0 28 0 27 19 
9 30 1 29 0 28 0 27 19 
9 30 2 29 0 28 0 27 19 
9 30 1 29 0 28 0 27 19 
9 30 1 29 0 28 0 27 19 
9 30 1 29 0 28 0 27 19 
9 30 1 29 0 28 0 27 19 
10 31 2 30 0 29 0 28 19 
9 30 1 29 0 28 0 27 19 
9 30 1 29 0 28 0 27 19 
9 30 1 29 0 28 0 27 19 
10 30 1 29 0 28 0 27 19 
9 30 1 29 0 28 0 27 19 
10 31 2 30 0 29 0 28 19 
9 30 1 29 0 28 0 27 19 
9 30 1 29 0 28 0 27 19 
9 30 1 29 0 28 0 27 19 
9 30 1 29 0 28 0 27 19 
9 30 1 29 0 28 0 27 19 
9 30 1 29 0 28 0 27 19 
9 30 1 29 0 28 0 27 19 
9 30 1 29 0 28 0 27 19 
10 30 1 29 0 28 0 27 19 
9 30 2 29 1 28 0 27 19 
10 30 1 29 0 28 0 27 19 
9 30 1 29 0 28 0 27 19 
9 30 2 29 0 28 0 27 19 
9 30 1 29 0 28 0 27 19 
9 30 1 29 0 28 0 27 19 
9 30 1 29 0 28 0 27 19 
9 30 1 29 0 28 0 27 19 
9 30 1 29 0 28 0 27 19 
9 30 1 29 0 28 0 27 19 
9 30 1 29 0 28 0 27 19 
9 30 1 29 0 28 0 27 19 
9 30 2 29 0 28 0 27 19 
9 30 1 29 0 28 0 27 19 
9 30 1 29 0 28 0 27 19 
9 30 2 29 0 28 0 27 19 
10 30 1 29 0 28 0 27 19 
9 30 1 29 0 28 0 27 19 
9 30 1 29 0 28 0 27 19 
9 30 1 29 0 28 0 27 19 
10 31 2 30 0 29 0 28 19 
9 30 2 29 0 28 0 27 19 
10 30 2 29 0 28 0 27 19 
9 30 1 29 0 28 0 27 19 
9 30 1 29 0 28 0 27 19 
9 30 1 29 0 28 0 27 19 
9 30 1 29 0 28 0 27 19 
9 30 1 29 0 28 0 27 19 
SCORES_TXT_END_0
SCORES_TXT_BEGIN_0 56 92 9 BLEU
6 29 0 28 0 27 0 26 21 
6 29 0 28 0 27 0 26 21 
6 29 0 28 0 27 0 26 21 
6 29 0 28 0 27 0 26 21 
6 29 0 28 0 27 0 26 21 
6 29 0 28 0 27 0 26 21 
6 29 0 28 0 27 0 26 21 
6 29 0 28 0 27 0 26 21 
6 29 0 28 0 27 0 26 21 
6 29 0 28 0 27 0 26 21 
6 29 0 28 0 27 0 26 21 
6 29 0 28 0 27 0 26 21 
6 29 0 28 0 27 0 26 21 
6 29 0 28 0 27 0 26 21 
6 29 0 28 0 27 0 26 21 
6 29 0 28 0 27 0 26 21 
6 29 0 28 0 27 0 26 21 
6 29 0 28 0 27 0 26 21 
6 29 0 28 0 27 0 26 21 
6 29 0 28 0 27 0 26 21 
6 29 0 28 0 27 0 26 21 
6 29 0 28 0 27 0 26 21 
6 29 0 28 0 27 0 26 21 
6 29 0 28 0 27 0 26 21 
6 29 0 28 0 27 0 26 21 
6 29 0 28 0 27 0 26 21 
6 29 0 28 0 27 0 26 21 
6 29 0 28 0 27 0 26 21 
6 29 0 28 0 27 0 26 21 
6 29 1 28 0 27 0 26 21 
6 29 0 28 0 27 0 26 21 
6 29 0 28 0 27 0 26 21 
6 29 0 28 0 27 0 26 21 
6 29 0 28 0 27 0 26 21 
6 29 0 28 0 27 0 26 21 
6 29 0 28 0 27 0 26 21 
6 29 1 28 0 27 0 26 21 
6 29 1 28 0 27 0 26 21 
6 29 0 28 0 27 0 26 21 
6 29 0 28 0 27 0 26 21 
6 29 0 28 0 27 0 26 21 
6 29 0 28 0 27 0 26 21 
6 29 0 28 0 27 0 26 21 
6 29 1 28 0 27 0 26 21 
6 29 0 28 0 27 0 26 21 
6 29 0 28 0 27 0 26 21 
6 29 0 28 0 27 0 26 21 
6 29 0 28 0 27 0 26 21 
6 29 0 28 0 27 0 26 21 
6 29 0 28 0 27 0 26 21 
6 29 0 28 0 27 0 26 21 
6 29 0 28 0 27 0 26 21 
6 29 0 28 0 27 0 26 21 
6 29 0 28 0 27 0 26 21 
6 29 0 28 0 27 0 26 21 
6 29 0 28 0 27 0 26 21 
6 29 0 28 0 27 0 26 21 
6 29 0 28 0 27 0 26 21 
6 29 0 28 0 27 0 26 21 
6 29 0 28 0 27 0 26 21 
6 29 0 28 0 27 0 26 21 
6 29 0 28 0 27 0 26 21 
6 29 0 28 0 27 0 26 21 
6 29 0 28 0 27 0 26 21 
6 29 0 28 0 27 0 26 21 
6 29 1 28 0 27 0 26 21 
6 29 0 28 0 27 0 26 21 
6 29 0 28 0 27 0 26 21 
6 29 0 28 0 27 0 26 21 
6 29 0 28 0 27 0 26 21 
6 29 0 28 0 27 0 26 21 
6 29 0 28 0 27 0 26 21 
6 29 1 28 0 27 0 26 21 
6 29 0 28 0 27 0 26 21 
6 29 0 28 0 27 0 26 21 
6 29 0 28 0 27 0 26 21 
6 29 0 28 0 27 0 26 21 
6 29 0 28 0 27 0 26 21 
6 29 0 28 0 27 0 26 21 
6 29 1 28 0 27 0 26 21 
6 29 0 28 0 27 0 26 21 
6 29 0 28 0 27 0 26 21 
6 29 0 28 0 27 0 26 21 
6 29 0 28 0 27 0 26 21 
6 29 1 28 0 27 0 26 21 
6 29 0 28 0 27 0 26 21 
6 29 0 28 0 27 0 26 21 
6 29 0 28 0 27 0 26 21 
6 29 0 28 0 27 0 26 21 
6 29 1 28 0 27 0 26 21 
6 29 0 28 0 27 0 26 21 
6 29 0 28 0 27 0 26 21 
SCORES_TXT_END_0
SCORES_TXT_BEGIN_0 57 65 9 BLEU
8 49 0 48 0 47 0 46 24 
8 49 0 48 0 47 0 46 24 
8 49 0 48 0 47 0 46 24 
8 49 0 48 0 47 0 46 24 
8 49 0 48 0 47 0 46 24 
8 49 0 48 0 47 0 46 24 
8 49 0 48 0 47 0 46 24 
7 49 0 48 0 47 0 46 24 
8 49 0 48 0 47 0 46 24 
8 49 0 48 0 47 0 46 24 
8 49 0 48 0 47 0 46 24 
7 49 0 48 0 47 0 46 24 
8 49 0 48 0 47 0 46 24 
8 49 0 48 0 47 0 46 24 
7 49 0 48 0 47 0 46 24 
8 49 0 48 0 47 0 46 24 
7 49 0 48 0 47 0 46 24 
8 49 0 48 0 47 0 46 24 
8 49 0 48 0 47 0 46 24 
8 49 0 48 0 47 0 46 24 
8 49 0 48 0 47 0 46 24 
8 49 0 48 0 47 0 46 24 
7 49 0 48 0 47 0 46 24 
7 49 0 48 0 47 0 46 24 
8 49 0 48 0 47 0 46 24 
8 49 0 48 0 47 0 46 24 
8 49 0 48 0 47 0 46 24 
8 49 0 48 0 47 0 46 24 
8 49 0 48 0 47 0 46 24 
8 49 0 48 0 47 0 46 24 
7 49 0 48 0 47 0 46 24 
7 49 0 48 0 47 0 46 24 
8 49 0 48 0 47 0 46 24 
8 49 0 48 0 47 0 46 24 
8 49 0 48 0 47 0 46 24 
8 49 0 48 0 47 0 46 24 
8 49 0 48 0 47 0 46 24 
8 49 0 48 0 47 0 46 24 
8 49 0 48 0 47 0 46 24 
7 49 0 48 0 47 0 46 24 
8 49 0 48 0 47 0 46 24 
8 49 0 48 0 47 0 46 24 
8 49 0 48 0 47 0 46 24 
8 49 0 48 0 47 0 46 24 
7 49 0 48 0 47 0 46 24 
7 49 0 48 0 47 0 46 24 
8 49 0 48 0 47 0 46 24 
8 49 0 48 0 47 0 46 24 
8 49 0 48 0 47 0 46 24 
8 49 0 48 0 47 0 46 24 
7 49 0 48 0 47 0 46 24 
8 49 0 48 0 47 0 46 24 
8 49 0 48 0 47 0 46 24 
8 49 0 48 0 47 0 46 24 
8 49 0 48 0 47 0 46 24 
7 49 0 48 0 47 0 46 24 
8 49 0 48 0 47 0 46 24 
7 49 0 48 0 47 0 46 24 
8 49 0 48 0 47 0 46 24 
8 49 0 48 0 47 0 46 24 
8 49 0 48 0 47 0 46 24 
7 49 0 48 0 47 0 46 24 
8 49 0 48 0 47 0 46 24 
7 49 0 48 0 47 0 46 24 
7 49 0 48 0 47 0 46 24 
SCORES_TXT_END_0
SCORES_TXT_BEGIN_0 58 100 9 BLEU
12 49 2 48 0 47 0 46 23 
12 49 2 48 0 47 0 46 23 
12 48 2 47 0 46 0 45 23 
12 48 2 47 0 46 0 45 23 
12 48 2 47 0 46 0 45 23 
12 48 1 47 0 46 0 45 23 
12 48 2 47 0 46 0 45 23 
12 48 2 47 0 46 0 45 23 
12 48 2 47 0 46 0 45 23 
12 48 1 47 0 46 0 45 23 
12 48 1 47 0 46 0 45 23 
12 48 2 47 0 46 0 45 23 
12 48 2 47 0 46 0 45 23 
12 48 1 47 0 46 0 45 23 
12 48 1 47 0 46 0 45 23 
12 48 1 47 0 46 0 45 23 
12 48 2 47 0 46 0 45 23 
12 48 1 47 0 46 0 45 23 
12 48 2 47 0 46 0 45 23 
12 48 1 47 0 46 0 45 23 
12 48 2 47 0 46 0 45 23 
12 48 2 47 0 46 0 45 23 
12 48 2 47 0 46 0 45 23 
12 49 2 48 0 47 0 46 23 
12 48 1 47 0 46 0 45 23 
12 49 2 48 0 47 0 46 23 
12 48 2 47 0 46 0 45 23 
12 49 1 48 0 47 0 46 23 
12 48 2 47 0 46 0 45 23 
12 48 2 47 0 46 0 45 23 
12 48 2 47 0 46 0 45 23 
12 49 2 48 0 47 0 46 23 
12 49 2 48 0 47 0 46 23 
12 48 2 47 0 46 0 45 23 
12 48 2 47 0 46 0 45 23 
12 49 2 48 0 47 0 46 23 
12 48 2 47 0 46 0 45 23 
12 49 2 48 0 47 0 46 23 
12 48 1 47 0 46 0 45 23 
12 49 1 48 0 47 0 46 23 
12 49 1 48 0 47 0 46 23 
12 49 2 48 0 47 0 46 23 
12 48 2 47 0 46 0 45 23 
12 48 1 47 0 46 0 45 23 
12 48 2 47 0 46 0 45 23 
12 48 1 47 0 46 0 45 23 
12 48 2 47 0 46 0 45 23 
12 48 2 47 0 46 0 45 23 
12 48 1 47 0 46 0 45 23 
12 48 1 47 0 46 0 45 23 
12 49 2 48 0 47 0 46 23 
12 48 1 47 0 46 0 45 23 
12 48 1 47 0 46 0 45 23 
12 48 2 47 0 46 0 45 23 
12 48 2 47 0 46 0 45 23 
12 49 1 48 0 47 0 46 23 
12 48 2 47 0 46 0 45 23 
12 49 1 48 0 47 0 46 23 
12 48 1 47 0 46 0 45 23 
12 48 2 47 0 46 0 45 23 
12 48 3 47 1 46 0 45 23 
12 48 1 47 0 46 0 45 23 
12 49 3 48 0 47 0 46 23 
12 49 2 48 0 47 0 46 23 
12 48 2 47 0 46 0 45 23 
12 48 2 47 1 46 0 45 23 
12 49 1 48 0 47 0 46 23 
12 48 2 47 0 46 0 45 23 
12 49 1 48 0 47 0 46 23 
12 48 2 47 0 46 0 45 23 
12 48 2 47 0 46 0 45 23 
12 49 1 48 0 47 0 46 23 
12 48 2 47 0 46 0 45 23 
12 49 1 48 0 47 0 46 23 
12 49 1 48 0 47 0 46 23 
12 49 1 48 0 47 0 46 23 
12 48 2 47 0 46 0 45 23 
12 49 1 48 0 47 0 46 23 
12 48 1 47 0 46 0 45 23 
12 49 2 48 0 47 0 46 23 
12 48 2 47 0 46 0 45 23 
12 49 1 48 0 47 0 46 23 
12 48 3 47 1 46 0 45 23 
12 48 1 47 0 46 0 45 23 
12 49 3 48 0 47 0 46 23 
12 48 1 47 0 46 0 45 23 
12 49 1 48 0 47 0 46 23 
12 48 3 47 1 46 0 45 23 
12 48 1 47 0 46 0 45 23 
12 49 2 48 0 47 0 46 23 
12 48 2 47 0 46 0 45 23 
12 48 1 47 0 46 0 45 23 
12 48 2 47 1 46 0 45 23 
12 48 1 47 0 46 0 45 23 
12 48 2 47 1 46 0 45 23 
12 48 2 47 0 46 0 45 23 
12 49 2 48 0 47 0 46 23 
12 48 2 47 0 46 0 45 23 
12 49 1 48 0 47 0 46 23 
12 48 2 47 0 46 0 45 23 
SCORES_TXT_END_0
SCORES_TXT_BEGIN_0 59 70 9 BLEU
12 35 2 34 0 33 0 32 27 
12 35 2 34 0 33 0 32 27 
11 35 2 34 0 33 0 32 27 
11 35 2 34 0 33 0 32 27 
12 35 2 34 0 33 0 32 27 
11 35 2 34 0 33 0 32 27 
11 35 2 34 0 33 0 32 27 
11 34 2 33 0 32 0 31 27 
12 35 2 34 0 33 0 32 27 
11 35 2 34 0 33 0 32 27 
10 34 2 33 0 32 0 31 27 
11 35 2 34 0 33 0 32 27 
11 34 2 33 0 32 0 31 27 
12 35 2 34 0 33 0 32 27 
11 35 2 34 0 33 0 32 27 
11 34 2 33 0 32 0 31 27 
11 35 2 34 0 33 0 32 27 
12 35 2 34 0 33 0 32 27 
11 34 2 33 0 32 0 31 27 
11 35 2 34 0 33 0 32 27 
11 34 2 33 0 32 0 31 27 
11 35 2 34 0 33 0 32 27 
12 35 2 34 0 33 0 32 27 
11 35 2 34 0 33 0 32 27 
11 35 2 34 0 33 0 32 27 
12 35 2 34 0 33 0 32 27 
11 35 2 34 0 33 0 32 27 
11 35 2 34 0 33 0 32 27 
10 34 2 33 0 32 0 31 27 
12 34 2 33 0 32 0 31 27 
11 35 2 34 0 33 0 32 27 
11 34 2 33 0 32 0 31 27 
11 34 2 33 0 32 0 31 27 
12 35 2 34 0 33 0 32 27 
11 35 2 34 0 33 0 32 27 
11 35 2 34 0 33 0 32 27 
11 35 2 34 0 33 0 32 27 
11 35 2 34 0 33 0 32 27 
11 35 2 34 0 33 0 32 27 
12 35 2 34 0 33 0 32 27 
12 35 2 34 0 33 0 32 27 
12 35 2 34 0 33 0 32 27 
11 35 2 34 0 33 0 32 27 
11 34 2 33 0 32 0 31 27 
11 35 2 34 0 33 0 32 27 
11 35 2 34 0 33 0 32 27 
11 34 2 33 0 32 0 31 27 
11 35 2 34 0 33 0 32 27 
12 35 2 34 0 33 0 32 27 
11 35 2 34 0 33 0 32 27 
12 35 2 34 0 33 0 32 27 
11 34 2 33 0 32 0 31 27 
11 35 2 34 0 33 0 32 27 
12 35 2 34 0 33 0 32 27 
11 35 2 34 0 33 0 32 27 
11 34 2 33 0 32 0 31 27 
11 35 2 34 0 33 0 32 27 
12 35 2 34 0 33 0 32 27 
11 35 2 34 0 33 0 32 27 
11 34 2 33 0 32 0 31 27 
11 34 2 33 0 32 0 31 27 
10 34 2 33 0 32 0 31 27 
11 35 2 34 0 33 0 32 27 
12 35 2 34 0 33 0 32 27 
11 34 2 33 0 32 0 31 27 
12 35 2 34 0 33 0 32 27 
11 35 2 34 0 33 0 32 27 
11 35 2 34 0 33 0 32 27 
10 34 2 33 0 32 0 31 27 
12 34 2 33 0 32 0 31 27 
SCORES_TXT_END_0
SCORES_TXT_BEGIN_0 60 96 9 BLEU
4 34 1 33 0 32 0 31 13 
4 34 1 33 0 32 0 31 13 
4 34 1 33 0 32 0 31 13 
4 34 1 33 0 32 0 31 13 
4 34 1 33 0 32 0 31 13 
4 34 1 33 0 32 0 31 13 
4 34 1 33 0 32 0 31 13 
4 34 1 33 0 32 0 31 13 
4 34 1 33 0 32 0 31 13 
4 34 1 33 0 32 0 31 13 
4 34 1 33 0 32 0 31 13 
4 34 1 33 0 32 0 31 13 
4 34 1 33 0 32 0 31 13 
4 34 1 33 0 32 0 31 13 
4 34 1 33 0 32 0 31 13 
4 34 1 33 0 32 0 31 13 
4 34 1 33 0 32 0 31 13 
4 34 1 33 0 32 0 31 13 
4 34 1 33 0 32 0 31 13 
4 34 1 33 0 32 0 31 13 
4 34 1 33 0 32 0 31 13 
4 34 1 33 0 32 0 31 13 
4 34 1 33 0 32 0 31 13 
4 34 1 33 0 32 0 31 13 
4 34 1 33 0 32 0 31 13 
4 34 1 33 0 32 0 31 13 
4 34 1 33 0 32 0 31 13 
4 34 1 33 0 32 0 31 13 
4 34 1 33 0 32 0 31 13 
4 34 1 33 0 32 0 31 13 
4 34 1 33 0 32 0 31 13 
4 34 1 33 0 32 0 31 13 
4 34 1 33 0 32 0 31 13 
4 34 1 33 0 32 0 31 13 
4 34 1 33 0 32 0 31 13 
4 34 1 33 0 32 0 31 13 
4 34 1 33 0 32 0 31 13 
4 34 1 33 0 32 0 31 13 
4 34 1 33 0 32 0 31 13 
4 34 1 33 0 32 0 31 13 
4 34 1 33 0 32 0 31 13 
4 34 1 33 0 32 0 31 13 
4 34 1 33 0 32 0 31 13 
4 34 1 33 0 32 0 31 13 
4 34 1 33 0 32 0 31 13 
4 34 1 33 0 32 0 31 13 
4 34 0 33 0 32 0 31 13 
4 34 1 33 0 32 0 31 13 
4 34 1 33 0 32 0 31 13 
4 34 1 33 0 32 0 31 13 
4 34 1 33 0 32 0 31 13 
4 34 1 33 0 32 0 31 13 
4 34 0 33 0 32 0 31 13 
4 34 1 33 0 32 0 31 13 
4 34 1 33 0 32 0 31 13 
4 34 1 33 0 32 0 31 13 
4 34 0 33 0 32 0 31 13 
4 34 1 33 0 32 0 31 13 
4 34 1 33 0 32 0 31 13 
4 34 1 33 0 32 0 31 13 
4 34 1 33 0 32 0 31 13 
4 34 1 33 0 32 0 31 13 
4 34 1 33 0 32 0 31 13 
4 34 1 33 0 32 0 31 13 
4 34 1 33 0 32 0 31 13 
4 34 1 33 0 32 0 31 13 
4 34 1 33 0 32 0 31 13 
4 34 1 33 0 32 0 31 13 
4 34 1 33 0 32 0 31 13 
4 34 1 33 0 32 0 31 13 
4 34 1 33 0 32 0 31 13 
4 34 1 33 0 32 0 31 13 
4 34 1 33 0 32 0 31 13 
4 34 1 33 0 32 0 31 13 
4 34 1 33 0 32 0 31 13 
4 34 1 33 0 32 0 31 13 
4 34 1 33 0 32 0 31 13 
4 34 1 33 0 32 0 31 13 
4 34 1 33 0 32 0 31 13 
4 34 1 33 0 32 0 31 13 
4 34 1 33 0 32 0 31 13 
4 34 1 33 0 32 0 31 13 
4 34 1 33 0 32 0 31 13 
4 34 1 33 0 32 0 31 13 
4 34 1 33 0 32 0 31 13 
4 34 1 33 0 32 0 31 13 
4 34 1 33 0 32 0 31 13 
4 34 1 33 0 32 0 31 13 
4 34 1 33 0 32 0 31 13 
4 34 1 33 0 32 0 31 13 
4 34 1 33 0 32 0 31 13 
4 34 1 33 0 32 0 31 13 
4 34 0 33 0 32 0 31 13 
4 34 1 33 0 32 0 31 13 
4 34 1 33 0 32 0 31 13 
4 34 1 33 0 32 0 31 13 
SCORES_TXT_END_0
SCORES_TXT_BEGIN_0 61 100 9 BLEU
6 66 2 65 0 64 0 63 11 
6 67 2 66 0 65 0 64 11 
7 66 3 65 0 64 0 63 11 
6 66 2 65 0 64 0 63 11 
6 67 2 66 0 65 0 64 11 
6 66 2 65 0 64 0 63 11 
6 66 1 65 0 64 0 63 11 
6 66 1 65 0 64 0 63 11 
6 66 2 65 0 64 0 63 11 
7 67 3 66 0 65 0 64 11 
6 67 2 66 0 65 0 64 11 
6 66 1 65 0 64 0 63 11 
6 66 2 65 0 64 0 63 11 
7 66 3 65 0 64 0 63 11 
6 66 2 65 0 64 0 63 11 
7 67 3 66 0 65 0 64 11 
7 66 3 65 0 64 0 63 11 
6 65 2 64 0 63 0 62 11 
6 67 2 66 0 65 0 64 11 
6 67 2 66 0 65 0 64 11 
6 66 2 65 0 64 0 63 11 
6 67 1 66 0 65 0 64 11 
6 67 2 66 0 65 0 64 11 
7 66 2 65 0 64 0 63 11 
6 66 1 65 0 64 0 63 11 
6 67 2 66 0 65 0 64 11 
6 67 2 66 0 65 0 64 11 
6 66 1 65 0 64 0 63 11 
6 67 2 66 0 65 0 64 11 
7 67 3 66 0 65 0 64 11 
6 66 2 65 0 64 0 63 11 
6 67 1 66 0 65 0 64 11 
7 66 2 65 0 64 0 63 11 
6 67 2 66 0 65 0 64 11 
6 67 2 66 0 65 0 64 11 
6 66 1 65 0 64 0 63 11 
6 67 2 66 0 65 0 64 11 
7 67 3 66 0 65 0 64 11 
6 66 2 65 0 64 0 63 11 
6 66 1 65 0 64 0 63 11 
6 66 2 65 0 64 0 63 11 
7 66 3 65 0 64 0 63 11 
7 66 3 65 0 64 0 63 11 
7 66 3 65 0 64 0 63 11 
6 67 2 66 0 65 0 64 11 
6 67 2 66 0 65 0 64 11 
6 66 1 65 0 64 0 63 11 
7 67 3 66 0 65 0 64 11 
7 65 3 64 0 63 0 62 11 
6 66 2 65 0 64 0 63 11 
6 65 2 64 0 63 0 62 11 
6 67 2 66 0 65 0 64 11 
6 67 2 66 0 65 0 64 11 
7 67 3 66 0 65 0 64 11 
6 66 1 65 0 64 0 63 11 
6 66 0 65 0 64 0 63 11 
7 66 3 65 0 64 0 63 11 
7 66 3 65 0 64 0 63 11 
6 66 2 65 0 64 0 63 11 
6 66 1 65 0 64 0 63 11 
6 66 2 65 0 64 0 63 11 
6 66 2 65 0 64 0 63 11 
6 66 1 65 0 64 0 63 11 
6 67 2 66 0 65 0 64 11 
6 66 1 65 0 64 0 63 11 
6 65 2 64 0 63 0 62 11 
7 66 3 65 0 64 0 63 11 
6 67 1 66 0 65 0 64 11 
7 66 3 65 0 64 0 63 11 
6 66 2 65 0 64 0 63 11 
7 66 2 65 0 64 0 63 11 
7 66 3 65 0 64 0 63 11 
7 66 2 65 0 64 0 63 11 
6 66 0 65 0 64 0 63 11 
6 66 2 65 0 64 0 63 11 
6 67 2 66 0 65 0 64 11 
7 66 3 65 0 64 0 63 11 
6 66 1 65 0 64 0 63 11 
6 66 1 65 0 64 0 63 11 
6 66 1 65 0 64 0 63 11 
6 66 1 65 0 64 0 63 11 
7 66 2 65 0 64 0 63 11 
6 65 1 64 0 63 0 62 11 
6 66 2 65 0 64 0 63 11 
6 66 2 65 0 64 0 63 11 
6 67 2 66 0 65 0 64 11 
7 66 3 65 0 64 0 63 11 
7 66 3 65 0 64 0 63 11 
7 67 3 66 0 65 0 64 11 
7 67 3 66 0 65 0 64 11 
7 67 3 66 0 65 0 64 11 
6 66 1 65 0 64 0 63 11 
6 67 2 66 0 65 0 64 11 
6 66 1 65 0 64 0 63 11 
7 67 3 66 0 65 0 64 11 
6 65 1 64 0 63 0 62 11 
6 67 1 66 0 65 0 64 11 
7 66 2 65 0 64 0 63 11 
7 67 3 66 0 65 0 64 11 
6 67 2 66 0 65 0 64 11 
SCORES_TXT_END_0
SCORES_TXT_BEGIN_0 62 100 9 BLEU
8 28 2 27 1 26 0 25 23 
8 28 2 27 1 26 0 25 23 
8 28 2 27 1 26 0 25 23 
8 28 2 27 1 26 0 25 23 
8 28 2 27 1 26 0 25 23 
7 28 2 27 1 26 0 25 23 
8 28 2 27 1 26 0 25 23 
8 29 2 28 1 27 0 26 23 
8 28 2 27 1 26 0 25 23 
8 28 2 27 1 26 0 25 23 
8 28 2 27 1 26 0 25 23 
8 28 2 27 1 26 0 25 23 
8 29 2 28 1 27 0 26 23 
8 28 2 27 1 26 0 25 23 
9 29 2 28 1 27 0 26 23 
8 29 2 28 1 27 0 26 23 
8 29 2 28 1 27 0 26 23 
8 29 2 28 1 27 0 26 23 
8 28 2 27 1 26 0 25 23 
8 29 2 28 1 27 0 26 23 
9 29 2 28 1 27 0 26 23 
7 28 2 27 1 26 0 25 23 
8 29 2 28 1 27 0 26 23 
8 28 2 27 1 26 0 25 23 
8 29 2 28 1 27 0 26 23 
8 28 2 27 1 26 0 25 23 
9 30 3 29 1 28 0 27 23 
8 29 2 28 1 27 0 26 23 
7 28 2 27 1 26 0 25 23 
8 29 2 28 1 27 0 26 23 
8 28 2 27 1 26 0 25 23 
9 30 3 29 1 28 0 27 23 
7 28 2 27 1 26 0 25 23 
8 28 2 27 1 26 0 25 23 
8 28 2 27 1 26 0 25 23 
8 29 2 28 1 27 0 26 23 
8 29 2 28 1 27 0 26 23 
8 28 2 27 1 26 0 25 23 
9 29 2 28 1 27 0 26 23 
8 29 2 28 1 27 0 26 23 
8 28 2 27 1 26 0 25 23 
8 29 2 28 1 27 0 26 23 
8 28 2 27 1 26 0 25 23 
8 28 2 27 1 26 0 25 23 
8 29 2 28 1 27 0 26 23 
9 30 3 29 1 28 0 27 23 
8 29 2 28 1 27 0 26 23 
9 29 2 28 1 27 0 26 23 
8 28 2 27 1 26 0 25 23 
8 28 2 27 1 26 0 25 23 
8 29 2 28 1 27 0 26 23 
9 30 3 29 1 28 0 27 23 
7 29 2 28 1 27 0 26 23 
9 29 2 28 1 27 0 26 23 
8 28 2 27 1 26 0 25 23 
8 29 2 28 1 27 0 26 23 
9 30 3 29 1 28 0 27 23 
8 28 2 27 1 26 0 25 23 
8 28 2 27 1 26 0 25 23 
8 29 2 28 1 27 0 26 23 
9 30 3 29 1 28 0 27 23 
7 28 2 27 1 26 0 25 23 
7 28 2 27 1 26 0 25 23 
9 29 3 28 1 27 0 26 23 
9 30 3 29 1 28 0 27 23 
7 28 2 27 1 26 0 25 23 
8 28 2 27 1 26 0 25 23 
9 29 2 28 1 27 0 26 23 
7 28 2 27 1 26 0 25 23 
8 28 2 27 1 26 0 25 23 
8 28 2 27 1 26 0 25 23 
8 29 2 28 1 27 0 26 23 
9 30 3 29 1 28 0 27 23 
8 28 2 27 1 26 0 25 23 
7 28 2 27 1 26 0 25 23 
7 28 2 27 1 26 0 25 23 
7 28 2 27 1 26 0 25 23 
8 28 2 27 1 26 0 25 23 
7 28 2 27 1 26 0 25 23 
8 28 2 27 1 26 0 25 23 
9 29 2 28 1 27 0 26 23 
9 30 3 29 1 28 0 27 23 
8 28 2 27 1 26 0 25 23 
9 30 3 29 1 28 0 27 23 
8 30 2 29 1 28 0 27 23 
8 29 2 28 1 27 0 26 23 
8 28 2 27 1 26 0 25 23 
8 29 2 28 1 27 0 26 23 
9 30 2 29 1 28 0 27 23 
7 28 2 27 1 26 0 25 23 
9 29 2 28 1 27 0 26 23 
8 29 2 28 1 27 0 26 23 
8 29 2 28 1 27 0 26 23 
8 29 2 28 1 27 0 26 23 
8 28 2 27 1 26 0 25 23 
8 28 2 27 1 26 0 25 23 
9 30 3 29 1 28 0 27 23 
8 29 2 28 1 27 0 26 23 
9 30 3 29 1 28 0 27 23 
8 29 2 28 1 27 0 26 23 
SCORES_TXT_END_0
SCORES_TXT_BEGIN_0 63 58 9 BLEU
9 23 0 22 0 21 0 20 21 
9 23 0 22 0 21 0 20 21 
9 23 0 22 0 21 0 20 21 
9 23 0 22 0 21 0 20 21 
9 23 0 22 0 21 0 20 21 
9 23 0 22 0 21 0 20 21 
9 23 0 22 0 21 0 20 21 
9 23 0 22 0 21 0 20 21 
9 23 0 22 0 21 0 20 21 
9 23 0 22 0 21 0 20 21 
9 23 0 22 0 21 0 20 21 
9 23 0 22 0 21 0 20 21 
9 23 0 22 0 21 0 20 21 
9 23 0 22 0 21 0 20 21 
9 23 0 22 0 21 0 20 21 
9 23 0 22 0 21 0 20 21 
9 23 0 22 0 21 0 20 21 
9 23 0 22 0 21 0 20 21 
9 23 0 22 0 21 0 20 21 
9 23 0 22 0 21 0 20 21 
9 23 0 22 0 21 0 20 21 
9 23 0 22 0 21 0 20 21 
9 23 0 22 0 21 0 20 21 
9 23 0 22 0 21 0 20 21 
9 23 0 22 0 21 0 20 21 
9 23 0 22 0 21 0 20 21 
9 23 0 22 0 21 0 20 21 
9 23 1 22 0 21 0 20 21 
9 23 0 22 0 21 0 20 21 
9 23 1 22 0 21 0 20 21 
9 23 0 22 0 21 0 20 21 
9 23 1 22 0 21 0 20 21 
9 23 0 22 0 21 0 20 21 
9 23 1 22 0 21 0 20 21 
9 23 0 22 0 21 0 20 21 
9 23 0 22 0 21 0 20 21 
9 23 0 22 0 21 0 20 21 
9 23 1 22 0 21 0 20 21 
9 23 0 22 0 21 0 20 21 
9 23 1 22 0 21 0 20 21 
9 23 0 22 0 21 0 20 21 
9 23 0 22 0 21 0 20 21 
9 23 1 22 0 21 0 20 21 
9 23 1 22 0 21 0 20 21 
9 23 0 22 0 21 0 20 21 
9 23 0 22 0 21 0 20 21 
9 23 0 22 0 21 0 20 21 
9 23 0 22 0 21 0 20 21 
9 23 1 22 0 21 0 20 21 
9 23 1 22 0 21 0 20 21 
9 23 0 22 0 21 0 20 21 
9 23 0 22 0 21 0 20 21 
9 23 1 22 0 21 0 20 21 
9 23 1 22 0 21 0 20 21 
9 23 0 22 0 21 0 20 21 
9 23 0 22 0 21 0 20 21 
9 23 1 22 0 21 0 20 21 
9 23 0 22 0 21 0 20 21 
SCORES_TXT_END_0
SCORES_TXT_BEGIN_0 64 100 9 BLEU
12 47 2 46 1 45 0 44 33 
12 47 2 46 1 45 0 44 33 
12 47 2 46 1 45 0 44 33 
11 47 2 46 1 45 0 44 33 
12 47 2 46 1 45 0 44 33 
12 47 2 46 1 45 0 44 33 
12 47 1 46 0 45 0 44 33 
12 47 2 46 1 45 0 44 33 
12 47 1 46 0 45 0 44 33 
12 47 2 46 1 45 0 44 33 
12 47 2 46 1 45 0 44 33 
12 47 2 46 1 45 0 44 33 
13 47 2 46 1 45 0 44 33 
12 47 2 46 1 45 0 44 33 
11 47 2 46 1 45 0 44 33 
12 47 2 46 1 45 0 44 33 
12 47 2 46 1 45 0 44 33 
12 47 2 46 1 45 0 44 33 
12 47 2 46 1 45 0 44 33 
12 47 2 46 1 45 0 44 33 
11 47 2 46 1 45 0 44 33 
11 47 2 46 1 45 0 44 33 
12 47 2 46 1 45 0 44 33 
12 47 1 46 0 45 0 44 33 
15 47 3 46 1 45 0 44 33 
11 47 2 46 1 45 0 44 33 
12 47 1 46 0 45 0 44 33 
12 47 2 46 1 45 0 44 33 
12 47 1 46 0 45 0 44 33 
12 47 2 46 1 45 0 44 33 
12 47 2 46 1 45 0 44 33 
12 47 2 46 1 45 0 44 33 
12 47 2 46 1 45 0 44 33 
13 47 2 46 1 45 0 44 33 
12 47 1 46 0 45 0 44 33 
11 47 2 46 1 45 0 44 33 
12 47 2 46 1 45 0 44 33 
12 47 2 46 1 45 0 44 33 
12 47 2 46 1 45 0 44 33 
11 47 2 46 1 45 0 44 33 
12 47 1 46 0 45 0 44 33 
12 47 2 46 1 45 0 44 33 
12 47 1 46 0 45 0 44 33 
12 47 2 46 1 45 0 44 33 
12 47 1 46 0 45 0 44 33 
12 47 2 46 1 45 0 44 33 
11 47 2 46 1 45 0 44 33 
12 47 1 46 0 45 0 44 33 
13 47 2 46 1 45 0 44 33 
12 47 2 46 1 45 0 44 33 
12 47 1 46 0 45 0 44 33 
11 47 2 46 1 45 0 44 33 
12 47 2 46 1 45 0 44 33 
11 47 2 46 1 45 0 44 33 
12 47 2 46 1 45 0 44 33 
14 47 3 46 1 45 0 44 33 
12 47 2 46 1 45 0 44 33 
11 47 2 46 1 45 0 44 33 
12 47 2 46 1 45 0 44 33 
11 47 2 46 1 45 0 44 33 
12 47 2 46 1 45 0 44 33 
12 47 2 46 1 45 0 44 33 
12 47 2 46 1 45 0 44 33 
11 47 2 46 1 45 0 44 33 
12 47 2 46 1 45 0 44 33 
12 47 1 46 0 45 0 44 33 
12 47 2 46 1 45 0 44 33 
11 47 2 46 1 45 0 44 33 
12 47 2 46 1 45 0 44 33 
12 47 2 46 1 45 0 44 33 
11 47 2 46 1 45 0 44 33 
12 47 2 46 1 45 0 44 33 
12 47 2 46 1 45 0 44 33 
12 47 2 46 1 45 0 44 33 
12 47 2 46 1 45 0 44 33 
12 47 2 46 1 45 0 44 33 
12 47 2 46 1 45 0 44 33 
11 47 2 46 1 45 0 44 33 
12 47 2 46 1 45 0 44 33 
12 47 2 46 1 45 0 44 33 
12 47 2 46 1 45 0 44 33 
12 47 2 46 1 45 0 44 33 
12 47 2 46 1 45 0 44 33 
11 47 2 46 1 45 0 44 33 
12 47 2 46 1 45 0 44 33 
12 47 1 46 0 45 0 44 33 
11 47 2 46 1 45 0 44 33 
11 47 2 46 1 45 0 44 33 
12 47 2 46 1 45 0 44 33 
12 47 2 46 1 45 0 44 33 
12 47 1 46 0 45 0 44 33 
12 47 1 46 0 45 0 44 33 
12 47 2 46 1 45 0 44 33 
11 47 2 46 1 45 0 44 33 
12 47 1 46 0 45 0 44 33 
12 47 2 46 1 45 0 44 33 
12 47 1 46 0 45 0 44 33 
12 47 2 46 1 45 0 44 33 
12 47 1 46 0 45 0 44 33 
12 47 2 46 1 45 0 44 33 
SCORES_TXT_END_0
SCORES_TXT_BEGIN_0 65 50 9 BLEU
10 42 0 41 0 40 0 39 20 
10 41 2 40 1 39 0 38 20 
10 42 0 41 0 40 0 39 20 
10 42 0 41 0 40 0 39 20 
10 42 0 41 0 40 0 39 20 
10 42 2 41 1 40 0 39 20 
10 42 2 41 1 40 0 39 20 
10 42 0 41 0 40 0 39 20 
10 41 0 40 0 39 0 38 20 
10 42 0 41 0 40 0 39 20 
10 42 2 41 1 40 0 39 20 
10 42 0 41 0 40 0 39 20 
10 42 0 41 0 40 0 39 20 
10 42 2 41 1 40 0 39 20 
10 42 0 41 0 40 0 39 20 
10 42 0 41 0 40 0 39 20 
10 42 0 41 0 40 0 39 20 
10 41 0 40 0 39 0 38 20 
10 42 2 41 1 40 0 39 20 
9 42 2 41 1 40 0 39 20 
10 41 0 40 0 39 0 38 20 
10 43 2 42 1 41 0 40 20 
10 42 2 41 1 40 0 39 20 
10 42 0 41 0 40 0 39 20 
10 42 2 41 1 40 0 39 20 
10 42 0 41 0 40 0 39 20 
10 42 0 41 0 40 0 39 20 
10 42 0 41 0 40 0 39 20 
10 42 0 41 0 40 0 39 20 
10 42 0 41 0 40 0 39 20 
10 42 3 41 1 40 0 39 20 
10 42 2 41 1 40 0 39 20 
10 42 2 41 1 40 0 39 20 
10 41 0 40 0 39 0 38 20 
10 42 0 41 0 40 0 39 20 
10 42 2 41 1 40 0 39 20 
10 43 2 42 1 41 0 40 20 
10 42 0 41 0 40 0 39 20 
10 42 0 41 0 40 0 39 20 
10 42 0 41 0 40 0 39 20 
10 42 2 41 1 40 0 39 20 
10 42 2 41 1 40 0 39 20 
10 42 0 41 0 40 0 39 20 
10 41 0 40 0 39 0 38 20 
10 42 0 41 0 40 0 39 20 
10 42 2 41 1 40 0 39 20 
10 42 0 41 0 40 0 39 20 
10 42 2 41 1 40 0 39 20 
10 42 0 41 0 40 0 39 20 
10 42 2 41 1 40 0 39 20 
SCORES_TXT_END_0
SCORES_TXT_BEGIN_0 66 89 9 BLEU
3 29 1 28 0 27 0 26 17 
3 29 1 28 0 27 0 26 17 
3 29 1 28 0 27 0 26 17 
3 29 1 28 0 27 0 26 17 
3 29 1 28 0 27 0 26 17 
3 29 1 28 0 27 0 26 17 
3 29 2 28 0 27 0 26 17 
3 29 2 28 0 27 0 26 17 
3 29 1 28 0 27 0 26 17 
3 29 1 28 0 27 0 26 17 
3 29 2 28 0 27 0 26 17 
3 29 2 28 0 27 0 26 17 
3 29 1 28 0 27 0 26 17 
3 29 1 28 0 27 0 26 17 
3 29 1 28 0 27 0 26 17 
3 29 1 28 0 27 0 26 17 
3 29 1 28 0 27 0 26 17 
3 29 1 28 0 27 0 26 17 
3 29 2 28 0 27 0 26 17 
3 29 2 28 0 27 0 26 17 
3 29 1 28 0 27 0 26 17 
3 29 1 28 0 27 0 26 17 
3 29 2 28 0 27 0 26 17 
3 29 2 28 0 27 0 26 17 
3 29 1 28 0 27 0 26 17 
3 29 1 28 0 27 0 26 17 
3 29 1 28 0 27 0 26 17 
3 29 1 28 0 27 0 26 17 
3 29 2 28 0 27 0 26 17 
3 29 2 28 0 27 0 26 17 
3 29 2 28 0 27 0 26 17 
3 29 2 28 0 27 0 26 17 
3 29 2 28 0 27 0 26 17 
3 29 2 28 0 27 0 26 17 
3 29 0 28 0 27 0 26 17 
3 29 0 28 0 27 0 26 17 
3 29 1 28 0 27 0 26 17 
3 29 2 28 0 27 0 26 17 
3 29 2 28 0 27 0 26 17 
3 29 1 28 0 27 0 26 17 
3 29 2 28 0 27 0 26 17 
3 29 2 28 0 27 0 26 17 
3 29 2 28 0 27 0 26 17 
3 29 2 28 0 27 0 26 17 
3 29 1 28 0 27 0 26 17 
3 29 1 28 0 27 0 26 17 
3 29 2 28 0 27 0 26 17 
3 29 2 28 0 27 0 26 17 
3 29 2 28 0 27 0 26 17 
3 29 2 28 0 27 0 26 17 
3 29 0 28 0 27 0 26 17 
3 29 0 28 0 27 0 26 17 
3 29 0 28 0 27 0 26 17 
3 29 0 28 0 27 0 26 17 
3 29 1 28 0 27 0 26 17 
3 29 1 28 0 27 0 26 17 
3 29 1 28 0 27 0 26 17 
3 29 1 28 0 27 0 26 17 
3 29 1 28 0 27 0 26 17 
3 29 2 28 0 27 0 26 17 
3 29 1 28 0 27 0 26 17 
3 29 2 28 0 27 0 26 17 
3 29 2 28 0 27 0 26 17 
3 29 1 28 0 27 0 26 17 
3 29 2 28 0 27 0 26 17 
3 29 1 28 0 27 0 26 17 
3 29 2 28 0 27 0 26 17 
3 29 2 28 0 27 0 26 17 
3 29 2 28 0 27 0 26 17 
3 29 0 28 0 27 0 26 17 
3 29 2 28 0 27 0 26 17 
3 29 2 28 0 27 0 26 17 
3 29 0 28 0 27 0 26 17 
3 29 1 28 0 27 0 26 17 
3 29 1 28 0 27 0 26 17 
3 29 0 28 0 27 0 26 17 
3 29 1 28 0 27 0 26 17 
3 29 0 28 0 27 0 26 17 
3 29 0 28 0 27 0 26 17 
3 29 0 28 0 27 0 26 17 
3 29 1 28 0 27 0 26 17 
3 29 1 28 0 27 0 26 17 
3 29 1 28 0 27 0 26 17 
3 29 1 28 0 27 0 26 17 
3 29 1 28 0 27 0 26 17 
3 29 1 28 0 27 0 26 17 
3 29 1 28 0 27 0 26 17 
3 29 1 28 0 27 0 26 17 
3 29 1 28 0 27 0 26 17 
SCORES_TXT_END_0
SCORES_TXT_BEGIN_0 67 88 9 BLEU
8 41 1 40 0 39 0 38 15 
8 41 1 40 0 39 0 38 15 
7 41 1 40 0 39 0 38 15 
7 39 1 38 0 37 0 36 15 
7 39 1 38 0 37 0 36 15 
8 41 1 40 0 39 0 38 15 
7 39 1 38 0 37 0 36 15 
8 41 1 40 0 39 0 38 15 
6 39 1 38 0 37 0 36 15 
7 39 1 38 0 37 0 36 15 
5 39 1 38 0 37 0 36 15 
8 41 1 40 0 39 0 38 15 
5 39 1 38 0 37 0 36 15 
7 41 1 40 0 39 0 38 15 
7 39 1 38 0 37 0 36 15 
7 41 1 40 0 39 0 38 15 
6 39 1 38 0 37 0 36 15 
7 39 1 38 0 37 0 36 15 
6 39 1 38 0 37 0 36 15 
5 39 1 38 0 37 0 36 15 
7 39 1 38 0 37 0 36 15 
7 39 1 38 0 37 0 36 15 
7 39 1 38 0 37 0 36 15 
7 39 1 38 0 37 0 36 15 
8 41 1 40 0 39 0 38 15 
8 41 1 40 0 39 0 38 15 
6 39 1 38 0 37 0 36 15 
8 41 1 40 0 39 0 38 15 
8 41 1 40 0 39 0 38 15 
6 39 1 38 0 37 0 36 15 
7 39 1 38 0 37 0 36 15 
5 39 1 38 0 37 0 36 15 
7 39 1 38 0 37 0 36 15 
7 39 1 38 0 37 0 36 15 
7 39 1 38 0 37 0 36 15 
5 39 1 38 0 37 0 36 15 
7 39 1 38 0 37 0 36 15 
7 39 1 38 0 37 0 36 15 
7 39 1 38 0 37 0 36 15 
6 39 1 38 0 37 0 36 15 
7 39 1 38 0 37 0 36 15 
5 39 1 38 0 37 0 36 15 
7 39 1 38 0 37 0 36 15 
8 41 1 40 0 39 0 38 15 
5 39 1 38 0 37 0 36 15 
7 39 1 38 0 37 0 36 15 
7 39 1 38 0 37 0 36 15 
7 39 1 38 0 37 0 36 15 
7 39 1 38 0 37 0 36 15 
5 39 1 38 0 37 0 36 15 
7 39 1 38 0 37 0 36 15 
7 39 1 38 0 37 0 36 15 
6 39 1 38 0 37 0 36 15 
5 39 1 38 0 37 0 36 15 
7 41 1 40 0 39 0 38 15 
5 39 1 38 0 37 0 36 15 
5 39 1 38 0 37 0 36 15 
5 39 1 38 0 37 0 36 15 
7 39 1 38 0 37 0 36 15 
7 39 1 38 0 37 0 36 15 
6 39 1 38 0 37 0 36 15 
7 39 1 38 0 37 0 36 15 
6 39 1 38 0 37 0 36 15 
5 39 1 38 0 37 0 36 15 
7 39 1 38 0 37 0 36 15 
8 41 1 40 0 39 0 38 15 
8 41 1 40 0 39 0 38 15 
5 39 1 38 0 37 0 36 15 
6 39 1 38 0 37 0 36 15 
6 39 1 38 0 37 0 36 15 
8 41 1 40 0 39 0 38 15 
7 39 1 38 0 37 0 36 15 
7 39 1 38 0 37 0 36 15 
6 39 1 38 0 37 0 36 15 
5 39 1 38 0 37 0 36 15 
5 39 1 38 0 37 0 36 15 
5 39 1 38 0 37 0 36 15 
7 41 1 40 0 39 0 38 15 
7 39 1 38 0 37 0 36 15 
8 41 1 40 0 39 0 38 15 
7 39 1 38 0 37 0 36 15 
6 39 1 38 0 37 0 36 15 
7 39 1 38 0 37 0 36 15 
7 39 1 38 0 37 0 36 15 
6 39 1 38 0 37 0 36 15 
7 39 1 38 0 37 0 36 15 
7 39 1 38 0 37 0 36 15 
7 39 1 38 0 37 0 36 15 
SCORES_TXT_END_0
SCORES_TXT_BEGIN_0 68 100 9 BLEU
6 21 1 20 0 19 0 18 15 
7 21 2 20 0 19 0 18 15 
6 21 1 20 0 19 0 18 15 
7 21 2 20 0 19 0 18 15 
7 21 2 20 0 19 0 18 15 
8 21 2 20 0 19 0 18 15 
6 21 1 20 0 19 0 18 15 
7 21 2 20 0 19 0 18 15 
6 21 1 20 0 19 0 18 15 
6 22 1 21 0 20 0 19 15 
7 21 2 20 0 19 0 18 15 
6 22 1 21 0 20 0 19 15 
6 21 1 20 0 19 0 18 15 
7 21 2 20 0 19 0 18 15 
7 22 2 21 0 20 0 19 15 
7 22 2 21 0 20 0 19 15 
7 21 2 20 0 19 0 18 15 
8 21 2 20 0 19 0 18 15 
6 21 1 20 0 19 0 18 15 
6 21 1 20 0 19 0 18 15 
7 21 2 20 0 19 0 18 15 
6 22 1 21 0 20 0 19 15 
7 21 1 20 0 19 0 18 15 
6 21 1 20 0 19 0 18 15 
6 21 1 20 0 19 0 18 15 
7 21 2 20 0 19 0 18 15 
7 22 2 21 0 20 0 19 15 
7 21 2 20 0 19 0 18 15 
6 22 1 21 0 20 0 19 15 
7 21 2 20 0 19 0 18 15 
6 21 1 20 0 19 0 18 15 
6 21 1 20 0 19 0 18 15 
8 21 2 20 0 19 0 18 15 
7 21 2 20 0 19 0 18 15 
6 21 1 20 0 19 0 18 15 
6 22 1 21 0 20 0 19 15 
7 22 2 21 0 20 0 19 15 
7 22 2 21 0 20 0 19 15 
7 21 2 20 0 19 0 18 15 
7 21 2 20 0 19 0 18 15 
6 21 1 20 0 19 0 18 15 
7 22 2 21 0 20 0 19 15 
7 21 2 20 0 19 0 18 15 
7 21 2 20 0 19 0 18 15 
8 21 2 20 0 19 0 18 15 
6 21 1 20 0 19 0 18 15 
7 22 2 21 0 20 0 19 15 
6 21 1 20 0 19 0 18 15 
6 22 1 21 0 20 0 19 15 
8 22 2 21 0 20 0 19 15 
7 21 2 20 0 19 0 18 15 
6 22 1 21 0 20 0 19 15 
8 22 2 21 0 20 0 19 15 
8 21 2 20 0 19 0 18 15 
6 22 1 21 0 20 0 19 15 
7 21 2 20 0 19 0 18 15 
7 21 2 20 0 19 0 18 15 
7 22 2 21 0 20 0 19 15 
6 21 1 20 0 19 0 18 15 
6 21 1 20 0 19 0 18 15 
7 21 1 20 0 19 0 18 15 
7 22 2 21 0 20 0 19 15 
6 21 1 20 0 19 0 18 15 
7 22 2 21 0 20 0 19 15 
7 21 2 20 0 19 0 18 15 
7 21 2 20 0 19 0 18 15 
6 22 1 21 0 20 0 19 15 
8 21 2 20 0 19 0 18 15 
7 22 2 21 0 20 0 19 15 
8 21 2 20 0 19 0 18 15 
7 21 2 20 0 19 0 18 15 
6 21 1 20 0 19 0 18 15 
6 22 1 21 0 20 0 19 15 
7 21 2 20 0 19 0 18 15 
7 21 2 20 0 19 0 18 15 
6 21 1 20 0 19 0 18 15 
7 22 2 21 0 20 0 19 15 
6 21 1 20 0 19 0 18 15 
6 21 1 20 0 19 0 18 15 
6 22 1 21 0 20 0 19 15 
6 22 1 21 0 20 0 19 15 
6 21 1 20 0 19 0 18 15 
8 22 2 21 0 20 0 19 15 
7 21 2 20 0 19 0 18 15 
6 22 1 21 0 20 0 19 15 
6 21 1 20 0 19 0 18 15 
7 22 2 21 0 20 0 19 15 
8 21 2 20 0 19 0 18 15 
7 22 2 21 0 20 0 19 15 
7 21 2 20 0 19 0 18 15 
7 21 2 20 0 19 0 18 15 
7 21 2 20 0 19 0 18 15 
6 22 1 21 0 20 0 19 15 
7 22 2 21 0 20 0 19 15 
8 21 2 20 0 19 0 18 15 
7 21 2 20 0 19 0 18 15 
6 22 1 21 0 20 0 19 15 
6 22 1 21 0 20 0 19 15 
7 22 2 21 0 20 0 19 15 
6 23 1 22 0 21 0 20 15 
SCORES_TXT_END_0
SCORES_TXT_BEGIN_0 69 93 9 BLEU
14 36 3 35 2 34 1 33 23 
14 36 3 35 2 34 1 33 23 
14 36 3 35 2 34 1 33 23 
14 36 3 35 2 34 1 33 23 
14 37 3 36 2 35 1 34 23 
14 36 3 35 2 34 1 33 23 
13 35 0 34 0 33 0 32 23 
14 36 3 35 2 34 1 33 23 
14 36 3 35 2 34 1 33 23 
14 36 3 35 2 34 1 33 23 
14 36 3 35 2 34 1 33 23 
14 36 3 35 2 34 1 33 23 
13 35 0 34 0 33 0 32 23 
13 35 1 34 0 33 0 32 23 
12 35 0 34 0 33 0 32 23 
14 36 3 35 2 34 1 33 23 
14 36 3 35 2 34 1 33 23 
14 36 3 35 2 34 1 33 23 
14 35 4 34 2 33 1 32 23 
14 36 3 35 2 34 1 33 23 
14 37 3 36 2 35 1 34 23 
14 36 3 35 2 34 1 33 23 
14 35 3 34 2 33 1 32 23 
14 36 3 35 2 34 1 33 23 
14 36 3 35 2 34 1 33 23 
14 37 3 36 2 35 1 34 23 
13 35 1 34 0 33 0 32 23 
12 35 0 34 0 33 0 32 23 
14 36 3 35 2 34 1 33 23 
14 35 4 34 2 33 1 32 23 
14 36 3 35 2 34 1 33 23 
14 36 3 35 2 34 1 33 23 
14 37 3 36 2 35 1 34 23 
14 36 3 35 2 34 1 33 23 
14 35 3 34 2 33 1 32 23 
13 35 0 34 0 33 0 32 23 
14 36 3 35 2 34 1 33 23 
14 36 4 35 2 34 1 33 23 
14 35 3 34 2 33 1 32 23 
14 36 3 35 2 34 1 33 23 
14 36 3 35 2 34 1 33 23 
14 36 3 35 2 34 1 33 23 
13 35 0 34 0 33 0 32 23 
12 35 0 34 0 33 0 32 23 
13 35 0 34 0 33 0 32 23 
13 35 0 34 0 33 0 32 23 
14 35 3 34 2 33 1 32 23 
14 36 3 35 2 34 1 33 23 
14 36 3 35 2 34 1 33 23 
14 35 3 34 2 33 1 32 23 
14 35 3 34 2 33 1 32 23 
14 36 3 35 2 34 1 33 23 
14 36 3 35 2 34 1 33 23 
14 36 3 35 2 34 1 33 23 
14 36 3 35 2 34 1 33 23 
14 37 3 36 2 35 1 34 23 
14 36 3 35 2 34 1 33 23 
14 36 3 35 2 34 1 33 23 
13 35 0 34 0 33 0 32 23 
13 35 1 34 0 33 0 32 23 
14 36 3 35 2 34 1 33 23 
14 35 3 34 2 33 1 32 23 
13 35 0 34 0 33 0 32 23 
12 35 0 34 0 33 0 32 23 
14 36 3 35 2 34 1 33 23 
14 36 3 35 2 34 1 33 23 
14 36 3 35 2 34 1 33 23 
13 35 0 34 0 33 0 32 23 
13 35 0 34 0 33 0 32 23 
14 35 3 34 2 33 1 32 23 
14 36 3 35 2 34 1 33 23 
13 35 1 34 0 33 0 32 23 
13 34 1 33 0 32 0 31 23 
14 35 3 34 2 33 1 32 23 
13 35 1 34 0 33 0 32 23 
14 36 3 35 2 34 1 33 23 
14 36 3 35 2 34 1 33 23 
14 36 3 35 2 34 1 33 23 
14 36 3 35 2 34 1 33 23 
12 35 0 34 0 33 0 32 23 
14 36 3 35 2 34 1 33 23 
12 35 0 34 0 33 0 32 23 
14 36 3 35 2 34 1 33 23 
14 36 3 35 2 34 1 33 23 
13 35 0 34 0 33 0 32 23 
13 35 1 34 0 33 0 32 23 
14 36 3 35 2 34 1 33 23 
14 36 3 35 2 34 1 33 23 
14 36 3 35 2 34 1 33 23 
14 35 3 34 2 33 1 32 23 
13 35 0 34 0 33 0 32 23 
13 35 0 34 0 33 0 32 23 
14 35 4 34 2 33 1 32 23 
SCORES_TXT_END_0
SCORES_TXT_BEGIN_0 70 23 9 BLEU
8 38 1 37 0 36 0 35 24 
8 38 1 37 0 36 0 35 24 
8 38 1 37 0 36 0 35 24 
8 38 1 37 0 36 0 35 24 
10 38 2 37 0 36 0 35 24 
8 38 1 37 0 36 0 35 24 
8 38 1 37 0 36 0 35 24 
9 38 2 37 0 36 0 35 24 
8 38 1 37 0 36 0 35 24 
8 38 1 37 0 36 0 35 24 
8 38 1 37 0 36 0 35 24 
10 38 2 37 0 36 0 35 24 
8 38 1 37 0 36 0 35 24 
9 38 2 37 0 36 0 35 24 
8 38 1 37 0 36 0 35 24 
8 38 1 37 0 36 0 35 24 
8 38 1 37 0 36 0 35 24 
8 38 1 37 0 36 0 35 24 
8 38 1 37 0 36 0 35 24 
8 38 1 37 0 36 0 35 24 
8 38 1 37 0 36 0 35 24 
8 38 1 37 0 36 0 35 24 
8 38 1 37 0 36 0 35 24 
SCORES_TXT_END_0
SCORES_TXT_BEGIN_0 71 100 9 BLEU
6 24 0 23 0 22 0 21 15 
6 24 0 23 0 22 0 21 15 
5 24 0 23 0 22 0 21 15 
6 24 0 23 0 22 0 21 15 
5 24 0 23 0 22 0 21 15 
6 24 0 23 0 22 0 21 15 
6 24 0 23 0 22 0 21 15 
5 24 0 23 0 22 0 21 15 
6 24 0 23 0 22 0 21 15 
5 24 0 23 0 22 0 21 15 
5 24 0 23 0 22 0 21 15 
6 24 0 23 0 22 0 21 15 
6 24 0 23 0 22 0 21 15 
6 24 0 23 0 22 0 21 15 
6 25 0 24 0 23 0 22 15 
6 24 0 23 0 22 0 21 15 
6 24 0 23 0 22 0 21 15 
7 24 0 23 0 22 0 21 15 
6 24 0 23 0 22 0 21 15 
6 24 0 23 0 22 0 21 15 
5 24 0 23 0 22 0 21 15 
7 24 0 23 0 22 0 21 15 
6 23 0 22 0 21 0 20 15 
5 24 0 23 0 22 0 21 15 
6 24 0 23 0 22 0 21 15 
7 24 0 23 0 22 0 21 15 
7 24 0 23 0 22 0 21 15 
7 24 0 23 0 22 0 21 15 
5 24 0 23 0 22 0 21 15 
6 24 0 23 0 22 0 21 15 
7 24 0 23 0 22 0 21 15 
6 25 0 24 0 23 0 22 15 
5 24 0 23 0 22 0 21 15 
6 24 0 23 0 22 0 21 15 
6 24 0 23 0 22 0 21 15 
7 23 0 22 0 21 0 20 15 
5 24 0 23 0 22 0 21 15 
6 23 0 22 0 21 0 20 15 
5 23 0 22 0 21 0 20 15 
6 24 0 23 0 22 0 21 15 
6 23 0 22 0 21 0 20 15 
5 24 0 23 0 22 0 21 15 
7 24 0 23 0 22 0 21 15 
6 24 0 23 0 22 0 21 15 
6 24 0 23 0 22 0 21 15 
6 24 0 23 0 22 0 21 15 
6 24 0 23 0 22 0 21 15 
5 24 0 23 0 22 0 21 15 
6 24 0 23 0 22 0 21 15 
5 24 0 23 0 22 0 21 15 
6 24 0 23 0 22 0 21 15 
5 24 0 23 0 22 0 21 15 
7 24 0 23 0 22 0 21 15 
5 24 0 23 0 22 0 21 15 
6 23 0 22 0 21 0 20 15 
5 25 0 24 0 23 0 22 15 
7 23 0 22 0 21 0 20 15 
5 24 0 23 0 22 0 21 15 
7 23 0 22 0 21 0 20 15 
6 24 0 23 0 22 0 21 15 
7 24 0 23 0 22 0 21 15 
6 24 0 23 0 22 0 21 15 
5 25 0 24 0 23 0 22 15 
5 23 0 22 0 21 0 20 15 
6 24 0 23 0 22 0 21 15 
6 25 0 24 0 23 0 22 15 
7 24 0 23 0 22 0 21 15 
7 24 0 23 0 22 0 21 15 
6 25 0 24 0 23 0 22 15 
4 24 0 23 0 22 0 21 15 
5 24 0 23 0 22 0 21 15 
6 24 0 23 0 22 0 21 15 
6 24 0 23 0 22 0 21 15 
7 24 0 23 0 22 0 21 15 
6 24 0 23 0 22 0 21 15 
6 24 0 23 0 22 0 21 15 
6 24 0 23 0 22 0 21 15 
7 23 0 22 0 21 0 20 15 
6 24 0 23 0 22 0 21 15 
6 24 0 23 0 22 0 21 15 
6 24 0 23 0 22 0 21 15 
7 24 0 23 0 22 0 21 15 
7 24 0 23 0 22 0 21 15 
6 24 0 23 0 22 0 21 15 
7 24 0 23 0 22 0 21 15 
6 24 0 23 0 22 0 21 15 
5 24 0 23 0 22 0 21 15 
7 23 0 22 0 21 0 20 15 
6 24 0 23 0 22 0 21 15 
7 24 0 23 0 22 0 21 15 
6 24 0 23 0 22 0 21 15 
7 23 0 22 0 21 0 20 15 
6 24 0 23 0 22 0 21 15 
6 23 0 22 0 21 0 20 15 
5 23 0 22 0 21 0 20 15 
7 24 0 23 0 22 0 21 15 
6 23 0 22 0 21 0 20 15 
5 24 0 23 0 22 0 21 15 
6 24 0 23 0 22 0 21 15 
6 23 0 22 0 21 0 20 15 
SCORES_TXT_END_0
SCORES_TXT_BEGIN_0 72 100 9 BLEU
9 30 2 29 0 28 0 27 20 
9 30 2 29 0 28 0 27 20 
9 31 2 30 0 29 0 28 20 
9 30 2 29 0 28 0 27 20 
9 31 2 30 0 29 0 28 20 
9 31 2 30 0 29 0 28 20 
9 30 2 29 0 28 0 27 20 
9 31 2 30 0 29 0 28 20 
9 31 2 30 0 29 0 28 20 
9 30 2 29 0 28 0 27 20 
9 31 2 30 0 29 0 28 20 
9 31 2 30 0 29 0 28 20 
9 32 2 31 0 30 0 29 20 
9 30 2 29 0 28 0 27 20 
9 31 2 30 0 29 0 28 20 
9 30 2 29 0 28 0 27 20 
9 30 2 29 0 28 0 27 20 
9 31 2 30 0 29 0 28 20 
9 32 2 31 0 30 0 29 20 
9 31 2 30 0 29 0 28 20 
9 30 2 29 0 28 0 27 20 
9 32 2 31 0 30 0 29 20 
9 31 2 30 0 29 0 28 20 
9 30 2 29 0 28 0 27 20 
9 31 2 30 0 29 0 28 20 
9 31 2 30 0 29 0 28 20 
9 31 2 30 0 29 0 28 20 
9 31 2 30 0 29 0 28 20 
9 31 2 30 0 29 0 28 20 
9 30 2 29 0 28 0 27 20 
9 30 2 29 0 28 0 27 20 
9 32 2 31 0 30 0 29 20 
9 31 2 30 0 29 0 28 20 
9 31 2 30 0 29 0 28 20 
9 30 2 29 0 28 0 27 20 
9 30 2 29 0 28 0 27 20 
9 31 2 30 0 29 0 28 20 
9 30 2 29 0 28 0 27 20 
9 31 2 30 0 29 0 28 20 
9 31 2 30 0 29 0 28 20 
9 32 2 31 0 30 0 29 20 
9 30 2 29 0 28 0 27 20 
9 31 2 30 0 29 0 28 20 
9 30 2 29 0 28 0 27 20 
9 30 2 29 0 28 0 27 20 
9 31 2 30 0 29 0 28 20 
9 30 2 29 0 28 0 27 20 
9 30 2 29 0 28 0 27 20 
9 30 2 29 0 28 0 27 20 
9 30 2 29 0 28 0 27 20 
9 31 2 30 0 29 0 28 20 
9 30 2 29 0 28 0 27 20 
9 30 2 29 0 28 0 27 20 
9 32 2 31 0 30 0 29 20 
9 31 2 30 0 29 0 28 20 
9 32 2 31 0 30 0 29 20 
9 30 2 29 0 28 0 27 20 
9 31 2 30 0 29 0 28 20 
8 30 2 29 0 28 0 27 20 
9 31 2 30 0 29 0 28 20 
9 31 2 30 0 29 0 28 20 
9 30 2 29 0 28 0 27 20 
9 30 2 29 0 28 0 27 20 
9 30 2 29 0 28 0 27 20 
9 30 2 29 0 28 0 27 20 
9 31 2 30 0 29 0 28 20 
9 32 2 31 0 30 0 29 20 
9 31 2 30 0 29 0 28 20 
9 30 2 29 0 28 0 27 20 
9 30 2 29 0 28 0 27 20 
9 31 2 30 0 29 0 28 20 
9 31 2 30 0 29 0 28 20 
9 30 2 29 0 28 0 27 20 
9 31 1 30 0 29 0 28 20 
9 32 2 31 0 30 0 29 20 
9 31 2 30 0 29 0 28 20 
9 32 2 31 0 30 0 29 20 
9 30 2 29 0 28 0 27 20 
9 31 2 30 0 29 0 28 20 
9 31 2 30 0 29 0 28 20 
9 31 2 30 0 29 0 28 20 
9 31 1 30 0 29 0 28 20 
9 31 2 30 0 29 0 28 20 
9 30 2 29 0 28 0 27 20 
9 30 2 29 0 28 0 27 20 
9 31 2 30 0 29 0 28 20 
8 30 2 29 0 28 0 27 20 
9 31 2 30 0 29 0 28 20 
9 30 2 29 0 28 0 27 20 
9 31 2 30 0 29 0 28 20 
8 30 2 29 0 28 0 27 20 
9 30 2 29 0 28 0 27 20 
9 30 2 29 0 28 0 27 20 
9 31 2 30 0 29 0 28 20 
9 31 2 30 0 29 0 28 20 
9 32 2 31 0 30 0 29 20 
9 32 2 31 0 30 0 29 20 
9 31 2 30 0 29 0 28 20 
9 31 1 30 0 29 0 28 20 
9 31 2 30 0 29 0 28 20 
SCORES_TXT_END_0
SCORES_TXT_BEGIN_0 73 40 9 BLEU
13 47 5 46 2 45 1 44 28 
13 47 5 46 2 45 1 44 28 
13 47 5 46 2 45 1 44 28 
13 47 5 46 2 45 1 44 28 
13 47 5 46 2 45 1 44 28 
12 47 5 46 2 45 1 44 28 
13 47 5 46 2 45 1 44 28 
12 47 5 46 2 45 1 44 28 
13 47 5 46 2 45 1 44 28 
13 47 5 46 2 45 1 44 28 
13 47 5 46 2 45 1 44 28 
13 47 5 46 2 45 1 44 28 
13 47 5 46 2 45 1 44 28 
13 47 5 46 2 45 1 44 28 
13 47 5 46 2 45 1 44 28 
13 47 5 46 2 45 1 44 28 
13 47 5 46 2 45 1 44 28 
13 47 5 46 2 45 1 44 28 
13 47 5 46 2 45 1 44 28 
13 47 5 46 2 45 1 44 28 
13 47 5 46 2 45 1 44 28 
13 47 5 46 2 45 1 44 28 
13 47 5 46 2 45 1 44 28 
13 47 5 46 2 45 1 44 28 
13 47 5 46 2 45 1 44 28 
13 47 5 46 2 45 1 44 28 
13 47 5 46 2 45 1 44 28 
13 47 5 46 2 45 1 44 28 
13 47 5 46 2 45 1 44 28 
13 47 5 46 2 45 1 44 28 
13 47 5 46 2 45 1 44 28 
13 47 5 46 2 45 1 44 28 
13 47 5 46 2 45 1 44 28 
13 47 5 46 2 45 1 44 28 
13 47 5 46 2 45 1 44 28 
13 47 5 46 2 45 1 44 28 
13 47 5 46 2 45 1 44 28 
13 47 5 46 2 45 1 44 28 
13 47 5 46 2 45 1 44 28 
13 47 5 46 2 45 1 44 28 
SCORES_TXT_END_0
SCORES_TXT_BEGIN_0 74 100 9 BLEU
6 25 1 24 0 23 0 22 14 
6 25 1 24 0 23 0 22 14 
6 25 1 24 0 23 0 22 14 
6 25 1 24 0 23 0 22 14 
6 25 1 24 0 23 0 22 14 
6 25 1 24 0 23 0 22 14 
6 25 1 24 0 23 0 22 14 
6 25 1 24 0 23 0 22 14 
6 25 1 24 0 23 0 22 14 
6 25 1 24 0 23 0 22 14 
6 25 1 24 0 23 0 22 14 
6 25 1 24 0 23 0 22 14 
5 25 1 24 0 23 0 22 14 
6 25 1 24 0 23 0 22 14 
6 25 1 24 0 23 0 22 14 
5 25 1 24 0 23 0 22 14 
6 25 1 24 0 23 0 22 14 
6 25 1 24 0 23 0 22 14 
6 25 1 24 0 23 0 22 14 
6 25 1 24 0 23 0 22 14 
6 25 1 24 0 23 0 22 14 
6 25 1 24 0 23 0 22 14 
6 25 1 24 0 23 0 22 14 
6 25 1 24 0 23 0 22 14 
6 25 1 24 0 23 0 22 14 
6 25 1 24 0 23 0 22 14 
6 25 1 24 0 23 0 22 14 
6 25 1 24 0 23 0 22 14 
6 25 1 24 0 23 0 22 14 
6 25 1 24 0 23 0 22 14 
6 25 1 24 0 23 0 22 14 
6 25 1 24 0 23 0 22 14 
6 25 1 24 0 23 0 22 14 
6 25 1 24 0 23 0 22 14 
7 25 2 24 1 23 0 22 14 
6 25 1 24 0 23 0 22 14 
6 25 1 24 0 23 0 22 14 
6 25 1 24 0 23 0 22 14 
6 25 1 24 0 23 0 22 14 
6 25 1 24 0 23 0 22 14 
6 25 1 24 0 23 0 22 14 
6 25 1 24 0 23 0 22 14 
6 25 1 24 0 23 0 22 14 
5 25 1 24 0 23 0 22 14 
7 25 2 24 1 23 0 22 14 
6 25 1 24 0 23 0 22 14 
6 25 1 24 0 23 0 22 14 
6 25 1 24 0 23 0 22 14 
6 25 1 24 0 23 0 22 14 
6 25 1 24 0 23 0 22 14 
5 25 1 24 0 23 0 22 14 
7 25 1 24 0 23 0 22 14 
5 25 1 24 0 23 0 22 14 
6 25 1 24 0 23 0 22 14 
6 25 1 24 0 23 0 22 14 
6 25 1 24 0 23 0 22 14 
6 25 1 24 0 23 0 22 14 
5 25 1 24 0 23 0 22 14 
5 25 1 24 0 23 0 22 14 
6 25 1 24 0 23 0 22 14 
6 25 1 24 0 23 0 22 14 
5 25 1 24 0 23 0 22 14 
6 25 1 24 0 23 0 22 14 
5 25 1 24 0 23 0 22 14 
5 25 1 24 0 23 0 22 14 
6 25 1 24 0 23 0 22 14 
6 25 1 24 0 23 0 22 14 
5 25 1 24 0 23 0 22 14 
6 25 1 24 0 23 0 22 14 
6 25 1 24 0 23 0 22 14 
5 25 1 24 0 23 0 22 14 
6 25 1 24 0 23 0 22 14 
5 25 1 24 0 23 0 22 14 
6 25 1 24 0 23 0 22 14 
5 25 1 24 0 23 0 22 14 
6 25 1 24 0 23 0 22 14 
6 25 1 24 0 23 0 22 14 
6 25 1 24 0 23 0 22 14 
6 25 1 24 0 23 0 22 14 
6 25 1 24 0 23 0 22 14 
6 25 1 24 0 23 0 22 14 
6 25 1 24 0 23 0 22 14 
6 25 1 24 0 23 0 22 14 
6 25 1 24 0 23 0 22 14 
6 25 1 24 0 23 0 22 14 
5 25 1 24 0 23 0 22 14 
6 25 1 24 0 23 0 22 14 
6 25 1 24 0 23 0 22 14 
6 25 1 24 0 23 0 22 14 
6 25 1 24 0 23 0 22 14 
6 25 1 24 0 23 0 22 14 
6 25 1 24 0 23 0 22 14 
6 25 1 24 0 23 0 22 14 
5 25 1 24 0 23 0 22 14 
6 25 1 24 0 23 0 22 14 
6 25 0 24 0 23 0 22 14 
6 25 1 24 0 23 0 22 14 
6 25 1 24 0 23 0 22 14 
6 25 1 24 0 23 0 22 14 
5 25 1 24 0 23 0 22 14 
SCORES_TXT_END_0
SCORES_TXT_BEGIN_0 75 80 9 BLEU
13 41 7 40 2 39 1 38 20 
13 41 7 40 2 39 1 38 20 
13 41 7 40 2 39 1 38 20 
13 41 7 40 2 39 1 38 20 
13 41 7 40 2 39 1 38 20 
13 41 7 40 2 39 1 38 20 
13 41 7 40 2 39 1 38 20 
13 41 7 40 2 39 1 38 20 
13 41 7 40 2 39 1 38 20 
13 41 7 40 2 39 1 38 20 
13 41 7 40 2 39 1 38 20 
13 41 7 40 2 39 1 38 20 
13 41 7 40 2 39 1 38 20 
13 41 7 40 2 39 1 38 20 
13 41 7 40 2 39 1 38 20 
13 41 7 40 2 39 1 38 20 
13 41 7 40 2 39 1 38 20 
13 41 7 40 2 39 1 38 20 
13 41 6 40 2 39 1 38 20 
13 41 7 40 2 39 1 38 20 
13 41 7 40 2 39 1 38 20 
13 41 7 40 2 39 1 38 20 
13 41 6 40 0 39 0 38 20 
13 41 7 40 2 39 1 38 20 
13 41 6 40 2 39 1 38 20 
13 41 7 40 2 39 1 38 20 
13 41 6 40 2 39 1 38 20 
13 41 7 40 2 39 1 38 20 
13 41 7 40 2 39 1 38 20 
13 41 7 40 2 39 1 38 20 
13 41 6 40 2 39 1 38 20 
13 41 6 40 2 39 1 38 20 
13 41 6 40 0 39 0 38 20 
13 41 6 40 2 39 1 38 20 
13 41 7 40 2 39 1 38 20 
13 41 6 40 2 39 1 38 20 
13 41 7 40 2 39 1 38 20 
13 41 7 40 2 39 1 38 20 
14 41 6 40 2 39 1 38 20 
13 41 6 40 2 39 1 38 20 
14 41 7 40 2 39 1 38 20 
13 41 6 40 2 39 1 38 20 
13 41 6 40 2 39 1 38 20 
13 41 7 40 2 39 1 38 20 
13 41 6 40 2 39 1 38 20 
13 41 7 40 2 39 1 38 20 
13 41 6 40 2 39 1 38 20 
13 41 6 40 2 39 1 38 20 
13 41 6 40 0 39 0 38 20 
13 41 7 40 2 39 1 38 20 
13 41 7 40 2 39 1 38 20 
13 41 7 40 2 39 1 38 20 
13 41 7 40 2 39 1 38 20 
13 41 6 40 2 39 1 38 20 
13 41 6 40 2 39 1 38 20 
14 41 6 40 2 39 1 38 20 
13 41 6 40 0 39 0 38 20 
13 41 7 40 2 39 1 38 20 
13 42 7 41 2 40 1 39 20 
13 41 7 40 2 39 1 38 20 
13 41 7 40 2 39 1 38 20 
13 41 7 40 2 39 1 38 20 
13 41 7 40 2 39 1 38 20 
13 41 7 40 2 39 1 38 20 
12 41 6 40 2 39 1 38 20 
13 41 5 40 0 39 0 38 20 
13 41 6 40 2 39 1 38 20 
13 41 7 40 2 39 1 38 20 
14 41 6 40 2 39 1 38 20 
13 41 6 40 2 39 1 38 20 
13 41 7 40 2 39 1 38 20 
13 41 7 40 2 39 1 38 20 
13 41 7 40 2 39 1 38 20 
13 41 7 40 2 39 1 38 20 
13 41 7 40 2 39 1 38 20 
13 41 7 40 2 39 1 38 20 
13 41 7 40 2 39 1 38 20 
13 41 7 40 2 39 1 38 20 
12 41 6 40 2 39 1 38 20 
13 41 5 40 0 39 0 38 20 
SCORES_TXT_END_0
SCORES_TXT_BEGIN_0 76 68 9 BLEU
5 51 0 50 0 49 0 48 17 
5 51 0 50 0 49 0 48 17 
5 51 0 50 0 49 0 48 17 
5 51 0 50 0 49 0 48 17 
5 51 0 50 0 49 0 48 17 
5 52 0 51 0 50 0 49 17 
5 51 0 50 0 49 0 48 17 
5 52 0 51 0 50 0 49 17 
5 51 0 50 0 49 0 48 17 
5 51 0 50 0 49 0 48 17 
5 51 0 50 0 49 0 48 17 
5 51 0 50 0 49 0 48 17 
5 51 0 50 0 49 0 48 17 
5 51 0 50 0 49 0 48 17 
5 51 0 50 0 49 0 48 17 
5 52 0 51 0 50 0 49 17 
5 53 0 52 0 51 0 50 17 
5 51 0 50 0 49 0 48 17 
5 51 0 50 0 49 0 48 17 
5 51 0 50 0 49 0 48 17 
4 52 0 51 0 50 0 49 17 
5 51 0 50 0 49 0 48 17 
4 52 0 51 0 50 0 49 17 
5 51 0 50 0 49 0 48 17 
5 52 0 51 0 50 0 49 17 
5 51 0 50 0 49 0 48 17 
5 51 0 50 0 49 0 48 17 
5 51 0 50 0 49 0 48 17 
5 52 0 51 0 50 0 49 17 
5 51 0 50 0 49 0 48 17 
4 52 0 51 0 50 0 49 17 
5 51 0 50 0 49 0 48 17 
5 51 0 50 0 49 0 48 17 
5 51 0 50 0 49 0 48 17 
5 51 0 50 0 49 0 48 17 
5 51 0 50 0 49 0 48 17 
5 51 0 50 0 49 0 48 17 
5 51 0 50 0 49 0 48 17 
5 51 0 50 0 49 0 48 17 
5 52 0 51 0 50 0 49 17 
5 51 0 50 0 49 0 48 17 
5 51 0 50 0 49 0 48 17 
5 52 0 51 0 50 0 49 17 
5 51 0 50 0 49 0 48 17 
5 52 0 51 0 50 0 49 17 
5 53 0 52 0 51 0 50 17 
5 51 0 50 0 49 0 48 17 
5 53 0 52 0 51 0 50 17 
5 51 0 50 0 49 0 48 17 
5 51 0 50 0 49 0 48 17 
5 51 0 50 0 49 0 48 17 
5 52 0 51 0 50 0 49 17 
5 52 0 51 0 50 0 49 17 
5 51 0 50 0 49 0 48 17 
5 51 0 50 0 49 0 48 17 
5 52 0 51 0 50 0 49 17 
5 51 0 50 0 49 0 48 17 
5 52 0 51 0 50 0 49 17 
5 51 0 50 0 49 0 48 17 
5 51 0 50 0 49 0 48 17 
5 51 0 50 0 49 0 48 17 
5 52 0 51 0 50 0 49 17 
5 51 0 50 0 49 0 48 17 
5 51 0 50 0 49 0 48 17 
5 51 0 50 0 49 0 48 17 
5 53 0 52 0 51 0 50 17 
5 51 0 50 0 49 0 48 17 
5 51 0 50 0 49 0 48 17 
SCORES_TXT_END_0
SCORES_TXT_BEGIN_0 77 97 9 BLEU
2 20 0 19 0 18 0 17 8 
2 21 0 20 0 19 0 18 8 
2 21 0 20 0 19 0 18 8 
2 20 0 19 0 18 0 17 8 
2 21 0 20 0 19 0 18 8 
2 20 0 19 0 18 0 17 8 
2 20 0 19 0 18 0 17 8 
2 20 0 19 0 18 0 17 8 
2 20 0 19 0 18 0 17 8 
2 21 0 20 0 19 0 18 8 
2 20 0 19 0 18 0 17 8 
2 20 0 19 0 18 0 17 8 
2 20 0 19 0 18 0 17 8 
2 21 0 20 0 19 0 18 8 
2 20 0 19 0 18 0 17 8 
2 21 0 20 0 19 0 18 8 
2 21 0 20 0 19 0 18 8 
2 20 0 19 0 18 0 17 8 
2 20 0 19 0 18 0 17 8 
2 20 0 19 0 18 0 17 8 
2 20 0 19 0 18 0 17 8 
2 20 0 19 0 18 0 17 8 
2 21 0 20 0 19 0 18 8 
2 20 0 19 0 18 0 17 8 
2 21 0 20 0 19 0 18 8 
2 21 0 20 0 19 0 18 8 
2 20 0 19 0 18 0 17 8 
2 20 0 19 0 18 0 17 8 
2 20 0 19 0 18 0 17 8 
2 20 0 19 0 18 0 17 8 
2 20 0 19 0 18 0 17 8 
2 20 0 19 0 18 0 17 8 
2 20 0 19 0 18 0 17 8 
2 20 0 19 0 18 0 17 8 
2 21 0 20 0 19 0 18 8 
2 20 0 19 0 18 0 17 8 
2 21 0 20 0 19 0 18 8 
2 21 0 20 0 19 0 18 8 
3 21 0 20 0 19 0 18 8 
2 21 0 20 0 19 0 18 8 
2 21 0 20 0 19 0 18 8 
2 20 0 19 0 18 0 17 8 
2 20 0 19 0 18 0 17 8 
2 20 0 19 0 18 0 17 8 
2 21 0 20 0 19 0 18 8 
2 20 0 19 0 18 0 17 8 
2 20 0 19 0 18 0 17 8 
2 20 0 19 0 18 0 17 8 
2 20 0 19 0 18 0 17 8 
2 20 0 19 0 18 0 17 8 
2 21 0 20 0 19 0 18 8 
2 21 0 20 0 19 0 18 8 
2 21 0 20 0 19 0 18 8 
2 21 0 20 0 19 0 18 8 
3 20 0 19 0 18 0 17 8 
2 21 0 20 0 19 0 18 8 
2 21 0 20 0 19 0 18 8 
2 21 0 20 0 19 0 18 8 
2 20 0 19 0 18 0 17 8 
2 20 0 19 0 18 0 17 8 
2 22 0 21 0 20 0 19 8 
2 20 0 19 0 18 0 17 8 
2 21 0 20 0 19 0 18 8 
2 20 0 19 0 18 0 17 8 
2 20 0 19 0 18 0 17 8 
2 20 0 19 0 18 0 17 8 
2 20 0 19 0 18 0 17 8 
2 20 0 19 0 18 0 17 8 
2 21 0 20 0 19 0 18 8 
2 21 0 20 0 19 0 18 8 
2 20 0 19 0 18 0 17 8 
2 20 0 19 0 18 0 17 8 
2 20 0 19 0 18 0 17 8 
2 21 0 20 0 19 0 18 8 
2 20 0 19 0 18 0 17 8 
2 20 0 19 0 18 0 17 8 
2 20 0 19 0 18 0 17 8 
2 21 0 20 0 19 0 18 8 
2 21 0 20 0 19 0 18 8 
2 21 0 20 0 19 0 18 8 
2 20 0 19 0 18 0 17 8 
2 21 0 20 0 19 0 18 8 
2 21 0 20 0 19 0 18 8 
2 21 0 20 0 19 0 18 8 
2 21 0 20 0 19 0 18 8 
2 20 0 19 0 18 0 17 8 
3 21 0 20 0 19 0 18 8 
2 20 0 19 0 18 0 17 8 
2 20 0 19 0 18 0 17 8 
2 20 0 19 0 18 0 17 8 
2 20 0 19 0 18 0 17 8 
2 20 0 19 0 18 0 17 8 
2 21 0 20 0 19 0 18 8 
2 20 0 19 0 18 0 17 8 
3 21 0 20 0 19 0 18 8 
2 21 0 20 0 19 0 18 8 
2 21 0 20 0 19 0 18 8 
SCORES_TXT_END_0
SCORES_TXT_BEGIN_0 78 92 9 BLEU
5 22 1 21 0 20 0 19 13 
5 22 1 21 0 20 0 19 13 
5 22 1 21 0 20 0 19 13 
5 22 1 21 0 20 0 19 13 
5 22 1 21 0 20 0 19 13 
5 22 1 21 0 20 0 19 13 
5 22 1 21 0 20 0 19 13 
5 22 1 21 0 20 0 19 13 
5 22 1 21 0 20 0 19 13 
5 22 1 21 0 20 0 19 13 
5 22 1 21 0 20 0 19 13 
5 22 1 21 0 20 0 19 13 
5 22 1 21 0 20 0 19 13 
5 22 1 21 0 20 0 19 13 
5 22 1 21 0 20 0 19 13 
5 22 1 21 0 20 0 19 13 
5 22 1 21 0 20 0 19 13 
5 22 1 21 0 20 0 19 13 
5 22 1 21 0 20 0 19 13 
5 22 1 21 0 20 0 19 13 
5 22 1 21 0 20 0 19 13 
5 22 1 21 0 20 0 19 13 
5 22 1 21 0 20 0 19 13 
5 22 1 21 0 20 0 19 13 
5 22 1 21 0 20 0 19 13 
5 22 1 21 0 20 0 19 13 
5 22 1 21 0 20 0 19 13 
5 22 1 21 0 20 0 19 13 
5 22 1 21 0 20 0 19 13 
5 22 1 21 0 20 0 19 13 
5 22 1 21 0 20 0 19 13 
5 22 1 21 0 20 0 19 13 
5 22 1 21 0 20 0 19 13 
5 22 1 21 0 20 0 19 13 
5 22 1 21 0 20 0 19 13 
5 22 1 21 0 20 0 19 13 
6 22 1 21 0 20 0 19 13 
5 22 1 21 0 20 0 19 13 
5 22 1 21 0 20 0 19 13 
5 22 1 21 0 20 0 19 13 
5 22 1 21 0 20 0 19 13 
5 22 1 21 0 20 0 19 13 
5 22 1 21 0 20 0 19 13 
5 22 1 21 0 20 0 19 13 
5 22 1 21 0 20 0 19 13 
5 22 1 21 0 20 0 19 13 
5 22 1 21 0 20 0 19 13 
5 22 1 21 0 20 0 19 13 
5 22 1 21 0 20 0 19 13 
5 22 1 21 0 20 0 19 13 
5 22 1 21 0 20 0 19 13 
5 22 1 21 0 20 0 19 13 
5 22 1 21 0 20 0 19 13 
5 22 1 21 0 20 0 19 13 
5 22 1 21 0 20 0 19 13 
5 22 1 21 0 20 0 19 13 
5 22 1 21 0 20 0 19 13 
5 22 1 21 0 20 0 19 13 
5 22 1 21 0 20 0 19 13 
5 22 1 21 0 20 0 19 13 
5 22 1 21 0 20 0 19 13 
5 22 1 21 0 20 0 19 13 
5 22 1 21 0 20 0 19 13 
5 22 1 21 0 20 0 19 13 
5 22 1 21 0 20 0 19 13 
5 22 1 21 0 20 0 19 13 
5 22 1 21 0 20 0 19 13 
5 22 1 21 0 20 0 19 13 
5 22 1 21 0 20 0 19 13 
5 22 1 21 0 20 0 19 13 
5 22 1 21 0 20 0 19 13 
5 22 1 21 0 20 0 19 13 
5 22 1 21 0 20 0 19 13 
5 22 1 21 0 20 0 19 13 
5 22 1 21 0 20 0 19 13 
5 22 1 21 0 20 0 19 13 
5 22 1 21 0 20 0 19 13 
5 22 1 21 0 20 0 19 13 
5 22 1 21 0 20 0 19 13 
5 22 1 21 0 20 0 19 13 
5 22 1 21 0 20 0 19 13 
5 22 1 21 0 20 0 19 13 
5 22 1 21 0 20 0 19 13 
5 22 1 21 0 20 0 19 13 
5 22 1 21 0 20 0 19 13 
5 22 1 21 0 20 0 19 13 
6 23 1 22 0 21 0 20 13 
5 22 1 21 0 20 0 19 13 
5 22 1 21 0 20 0 19 13 
5 22 1 21 0 20 0 19 13 
5 22 1 21 0 20 0 19 13 
5 22 1 21 0 20 0 19 13 
SCORES_TXT_END_0
SCORES_TXT_BEGIN_0 79 100 9 BLEU
7 20 3 19 1 18 0 17 13 
7 21 3 20 1 19 0 18 13 
7 20 4 19 2 18 1 17 13 
7 21 3 20 1 19 0 18 13 
7 20 3 19 1 18 0 17 13 
8 21 3 20 1 19 0 18 13 
7 20 3 19 1 18 0 17 13 
7 20 3 19 1 18 0 17 13 
7 21 3 20 1 19 0 18 13 
7 20 3 19 1 18 0 17 13 
7 21 3 20 1 19 0 18 13 
7 21 3 20 1 19 0 18 13 
7 20 3 19 1 18 0 17 13 
7 20 4 19 2 18 1 17 13 
7 20 4 19 2 18 1 17 13 
7 21 3 20 1 19 0 18 13 
7 20 4 19 2 18 1 17 13 
7 20 3 19 1 18 0 17 13 
7 20 3 19 1 18 0 17 13 
7 20 2 19 1 18 0 17 13 
7 20 4 19 2 18 1 17 13 
7 20 2 19 1 18 0 17 13 
7 21 2 20 0 19 0 18 13 
8 21 3 20 1 19 0 18 13 
8 21 3 20 1 19 0 18 13 
7 21 3 20 1 19 0 18 13 
7 20 3 19 1 18 0 17 13 
7 21 3 20 1 19 0 18 13 
7 20 3 19 1 18 0 17 13 
7 20 4 19 2 18 1 17 13 
7 20 3 19 2 18 1 17 13 
7 20 4 19 2 18 1 17 13 
8 21 2 20 1 19 0 18 13 
7 21 3 20 1 19 0 18 13 
7 21 3 20 1 19 0 18 13 
7 20 3 19 1 18 0 17 13 
7 20 3 19 1 18 0 17 13 
7 21 3 20 1 19 0 18 13 
7 20 1 19 0 18 0 17 13 
7 21 3 20 1 19 0 18 13 
7 20 4 19 2 18 1 17 13 
7 20 2 19 1 18 0 17 13 
7 21 2 20 1 19 0 18 13 
7 20 3 19 1 18 0 17 13 
7 21 2 20 0 19 0 18 13 
7 20 2 19 1 18 0 17 13 
7 20 3 19 1 18 0 17 13 
7 20 3 19 2 18 1 17 13 
7 20 3 19 1 18 0 17 13 
7 20 3 19 1 18 0 17 13 
7 21 3 20 1 19 0 18 13 
7 20 2 19 1 18 0 17 13 
8 21 3 20 1 19 0 18 13 
7 20 4 19 2 18 1 17 13 
7 20 3 19 1 18 0 17 13 
7 20 4 19 2 18 1 17 13 
7 21 3 20 1 19 0 18 13 
7 20 3 19 1 18 0 17 13 
7 20 3 19 2 18 1 17 13 
7 20 2 19 1 18 0 17 13 
7 21 2 20 1 19 0 18 13 
7 20 3 19 2 18 1 17 13 
7 20 2 19 1 18 0 17 13 
7 21 3 20 1 19 0 18 13 
7 20 3 19 2 18 1 17 13 
7 21 2 20 1 19 0 18 13 
7 20 3 19 1 18 0 17 13 
7 20 2 19 1 18 0 17 13 
8 21 3 20 1 19 0 18 13 
7 20 2 19 1 18 0 17 13 
7 20 3 19 1 18 0 17 13 
7 21 3 20 1 19 0 18 13 
7 21 2 20 0 19 0 18 13 
7 21 3 20 1 19 0 18 13 
7 20 2 19 0 18 0 17 13 
7 20 3 19 1 18 0 17 13 
7 20 4 19 2 18 1 17 13 
7 21 3 20 1 19 0 18 13 
7 21 3 20 1 19 0 18 13 
7 20 3 19 2 18 1 17 13 
7 20 3 19 1 18 0 17 13 
7 21 3 20 1 19 0 18 13 
7 20 3 19 1 18 0 17 13 
7 20 2 19 1 18 0 17 13 
7 20 4 19 2 18 1 17 13 
7 21 3 20 1 19 0 18 13 
7 21 1 20 0 19 0 18 13 
7 21 3 20 1 19 0 18 13 
7 20 2 19 1 18 0 17 13 
7 20 3 19 1 18 0 17 13 
7 21 2 20 1 19 0 18 13 
7 20 2 19 0 18 0 17 13 
7 21 3 20 1 19 0 18 13 
7 20 3 19 1 18 0 17 13 
7 20 3 19 1 18 0 17 13 
7 20 4 19 2 18 1 17 13 
8 21 2 20 1 19 0 18 13 
7 20 4 19 2 18 1 17 13 
7 21 3 20 1 19 0 18 13 
7 20 2 19 1 18 0 17 13 
SCORES_TXT_END_0
SCORES_TXT_BEGIN_0 80 100 9 BLEU
5 24 0 23 0 22 0 21 13 
5 24 0 23 0 22 0 21 13 
5 24 0 23 0 22 0 21 13 
5 24 0 23 0 22 0 21 13 
5 24 0 23 0 22 0 21 13 
5 24 0 23 0 22 0 21 13 
5 24 0 23 0 22 0 21 13 
5 24 0 23 0 22 0 21 13 
5 24 0 23 0 22 0 21 13 
5 24 0 23 0 22 0 21 13 
5 24 0 23 0 22 0 21 13 
5 24 0 23 0 22 0 21 13 
5 24 0 23 0 22 0 21 13 
5 24 0 23 0 22 0 21 13 
5 24 0 23 0 22 0 21 13 
5 24 0 23 0 22 0 21 13 
5 24 0 23 0 22 0 21 13 
5 24 0 23 0 22 0 21 13 
5 24 0 23 0 22 0 21 13 
5 24 0 23 0 22 0 21 13 
5 24 0 23 0 22 0 21 13 
5 24 0 23 0 22 0 21 13 
5 24 0 23 0 22 0 21 13 
5 24 0 23 0 22 0 21 13 
5 24 0 23 0 22 0 21 13 
5 24 0 23 0 22 0 21 13 
5 24 0 23 0 22 0 21 13 
5 24 0 23 0 22 0 21 13 
5 24 0 23 0 22 0 21 13 
5 24 0 23 0 22 0 21 13 
5 24 0 23 0 22 0 21 13 
5 24 0 23 0 22 0 21 13 
5 24 0 23 0 22 0 21 13 
5 24 0 23 0 22 0 21 13 
5 24 0 23 0 22 0 21 13 
5 24 0 23 0 22 0 21 13 
5 24 0 23 0 22 0 21 13 
5 24 0 23 0 22 0 21 13 
5 24 0 23 0 22 0 21 13 
5 24 0 23 0 22 0 21 13 
5 24 0 23 0 22 0 21 13 
5 24 0 23 0 22 0 21 13 
5 24 0 23 0 22 0 21 13 
5 24 0 23 0 22 0 21 13 
5 24 0 23 0 22 0 21 13 
5 24 0 23 0 22 0 21 13 
5 24 0 23 0 22 0 21 13 
5 24 0 23 0 22 0 21 13 
5 24 0 23 0 22 0 21 13 
5 24 0 23 0 22 0 21 13 
5 24 0 23 0 22 0 21 13 
5 24 0 23 0 22 0 21 13 
5 24 0 23 0 22 0 21 13 
5 24 0 23 0 22 0 21 13 
5 24 0 23 0 22 0 21 13 
5 24 0 23 0 22 0 21 13 
5 24 0 23 0 22 0 21 13 
5 24 0 23 0 22 0 21 13 
5 24 0 23 0 22 0 21 13 
5 24 0 23 0 22 0 21 13 
5 24 0 23 0 22 0 21 13 
5 24 0 23 0 22 0 21 13 
5 24 0 23 0 22 0 21 13 
5 24 0 23 0 22 0 21 13 
5 24 0 23 0 22 0 21 13 
5 24 0 23 0 22 0 21 13 
5 24 0 23 0 22 0 21 13 
5 24 0 23 0 22 0 21 13 
5 24 0 23 0 22 0 21 13 
5 24 0 23 0 22 0 21 13 
5 24 0 23 0 22 0 21 13 
5 24 0 23 0 22 0 21 13 
5 24 0 23 0 22 0 21 13 
5 24 0 23 0 22 0 21 13 
5 24 0 23 0 22 0 21 13 
5 24 0 23 0 22 0 21 13 
5 24 0 23 0 22 0 21 13 
5 24 0 23 0 22 0 21 13 
5 24 0 23 0 22 0 21 13 
5 24 0 23 0 22 0 21 13 
5 24 0 23 0 22 0 21 13 
5 24 0 23 0 22 0 21 13 
5 24 0 23 0 22 0 21 13 
5 24 0 23 0 22 0 21 13 
5 24 0 23 0 22 0 21 13 
5 24 0 23 0 22 0 21 13 
5 24 0 23 0 22 0 21 13 
5 24 0 23 0 22 0 21 13 
5 24 0 23 0 22 0 21 13 
5 24 0 23 0 22 0 21 13 
5 24 0 23 0 22 0 21 13 
5 24 0 23 0 22 0 21 13 
5 24 0 23 0 22 0 21 13 
5 24 0 23 0 22 0 21 13 
5 24 0 23 0 22 0 21 13 
5 24 0 23 0 22 0 21 13 
5 24 0 23 0 22 0 21 13 
5 24 0 23 0 22 0 21 13 
5 24 0 23 0 22 0 21 13 
5 24 0 23 0 22 0 21 13 
SCORES_TXT_END_0
SCORES_TXT_BEGIN_0 81 100 9 BLEU
8 40 1 39 0 38 0 37 20 
8 40 1 39 0 38 0 37 20 
8 40 1 39 0 38 0 37 20 
8 40 2 39 0 38 0 37 20 
8 40 2 39 0 38 0 37 20 
8 40 2 39 0 38 0 37 20 
7 40 1 39 0 38 0 37 20 
8 40 2 39 0 38 0 37 20 
7 40 1 39 0 38 0 37 20 
8 40 2 39 0 38 0 37 20 
7 40 1 39 0 38 0 37 20 
8 40 2 39 0 38 0 37 20 
8 40 1 39 0 38 0 37 20 
8 40 1 39 0 38 0 37 20 
8 40 1 39 0 38 0 37 20 
8 40 1 39 0 38 0 37 20 
8 40 2 39 0 38 0 37 20 
8 40 2 39 0 38 0 37 20 
8 40 2 39 0 38 0 37 20 
8 40 2 39 0 38 0 37 20 
7 40 1 39 0 38 0 37 20 
7 41 1 40 0 39 0 38 20 
8 40 2 39 0 38 0 37 20 
6 40 1 39 0 38 0 37 20 
7 40 1 39 0 38 0 37 20 
7 41 1 40 0 39 0 38 20 
8 40 2 39 0 38 0 37 20 
6 40 1 39 0 38 0 37 20 
7 40 1 39 0 38 0 37 20 
7 40 1 39 0 38 0 37 20 
7 41 1 40 0 39 0 38 20 
8 40 2 39 0 38 0 37 20 
8 40 2 39 0 38 0 37 20 
7 40 1 39 0 38 0 37 20 
8 40 1 39 0 38 0 37 20 
8 40 2 39 0 38 0 37 20 
7 40 1 39 0 38 0 37 20 
8 40 2 39 0 38 0 37 20 
7 40 1 39 0 38 0 37 20 
8 40 2 39 0 38 0 37 20 
8 40 1 39 0 38 0 37 20 
8 40 1 39 0 38 0 37 20 
8 40 1 39 0 38 0 37 20 
8 40 1 39 0 38 0 37 20 
8 40 1 39 0 38 0 37 20 
8 40 1 39 0 38 0 37 20 
8 40 1 39 0 38 0 37 20 
8 40 2 39 0 38 0 37 20 
8 40 2 39 0 38 0 37 20 
8 40 2 39 0 38 0 37 20 
8 40 2 39 0 38 0 37 20 
8 40 2 39 0 38 0 37 20 
7 40 1 39 0 38 0 37 20 
8 40 2 39 0 38 0 37 20 
8 40 1 39 0 38 0 37 20 
8 40 2 39 0 38 0 37 20 
7 40 1 39 0 38 0 37 20 
7 41 1 40 0 39 0 38 20 
8 40 2 39 0 38 0 37 20 
8 40 1 39 0 38 0 37 20 
7 40 1 39 0 38 0 37 20 
8 40 2 39 0 38 0 37 20 
8 40 2 39 0 38 0 37 20 
7 40 1 39 0 38 0 37 20 
7 41 1 40 0 39 0 38 20 
6 40 1 39 0 38 0 37 20 
8 40 2 39 0 38 0 37 20 
8 40 2 39 0 38 0 37 20 
7 40 1 39 0 38 0 37 20 
7 40 1 39 0 38 0 37 20 
7 41 1 40 0 39 0 38 20 
6 40 1 39 0 38 0 37 20 
8 40 2 39 0 38 0 37 20 
7 40 1 39 0 38 0 37 20 
7 40 1 39 0 38 0 37 20 
7 41 1 40 0 39 0 38 20 
8 40 2 39 0 38 0 37 20 
7 40 1 39 0 38 0 37 20 
8 40 2 39 0 38 0 37 20 
7 40 1 39 0 38 0 37 20 
8 40 2 39 0 38 0 37 20 
7 40 1 39 0 38 0 37 20 
8 40 2 39 0 38 0 37 20 
6 40 1 39 0 38 0 37 20 
8 40 1 39 0 38 0 37 20 
8 40 1 39 0 38 0 37 20 
6 40 1 39 0 38 0 37 20 
8 40 1 39 0 38 0 37 20 
7 40 2 39 0 38 0 37 20 
8 40 1 39 0 38 0 37 20 
8 40 1 39 0 38 0 37 20 
8 40 1 39 0 38 0 37 20 
7 40 2 39 0 38 0 37 20 
7 40 2 39 0 38 0 37 20 
8 40 2 39 0 38 0 37 20 
8 40 1 39 0 38 0 37 20 
8 40 2 39 0 38 0 37 20 
8 40 1 39 0 38 0 37 20 
8 40 2 39 0 38 0 37 20 
8 40 2 39 0 38 0 37 20 
SCORES_TXT_END_0
SCORES_TXT_BEGIN_0 82 100 9 BLEU
4 24 0 23 0 22 0 21 14 
4 25 0 24 0 23 0 22 14 
4 24 1 23 0 22 0 21 14 
4 24 1 23 0 22 0 21 14 
4 25 1 24 0 23 0 22 14 
4 24 1 23 0 22 0 21 14 
4 24 0 23 0 22 0 21 14 
4 24 0 23 0 22 0 21 14 
4 25 1 24 0 23 0 22 14 
4 24 1 23 0 22 0 21 14 
4 25 1 24 0 23 0 22 14 
4 25 0 24 0 23 0 22 14 
4 24 1 23 0 22 0 21 14 
4 24 1 23 0 22 0 21 14 
4 25 0 24 0 23 0 22 14 
4 25 1 24 0 23 0 22 14 
4 24 0 23 0 22 0 21 14 
4 25 0 24 0 23 0 22 14 
4 24 1 23 0 22 0 21 14 
4 25 1 24 0 23 0 22 14 
4 25 1 24 0 23 0 22 14 
4 24 0 23 0 22 0 21 14 
4 24 1 23 0 22 0 21 14 
4 24 0 23 0 22 0 21 14 
4 24 0 23 0 22 0 21 14 
4 24 0 23 0 22 0 21 14 
4 24 0 23 0 22 0 21 14 
4 24 0 23 0 22 0 21 14 
4 24 0 23 0 22 0 21 14 
4 25 0 24 0 23 0 22 14 
4 24 0 23 0 22 0 21 14 
4 25 1 24 0 23 0 22 14 
4 25 1 24 0 23 0 22 14 
4 24 0 23 0 22 0 21 14 
4 24 1 23 0 22 0 21 14 
4 25 0 24 0 23 0 22 14 
4 24 1 23 0 22 0 21 14 
4 24 0 23 0 22 0 21 14 
4 25 1 24 0 23 0 22 14 
4 25 0 24 0 23 0 22 14 
4 24 1 23 0 22 0 21 14 
4 25 0 24 0 23 0 22 14 
4 24 1 23 0 22 0 21 14 
4 25 0 24 0 23 0 22 14 
4 25 0 24 0 23 0 22 14 
4 25 0 24 0 23 0 22 14 
4 24 0 23 0 22 0 21 14 
4 25 1 24 0 23 0 22 14 
4 24 1 23 0 22 0 21 14 
4 25 0 24 0 23 0 22 14 
4 25 0 24 0 23 0 22 14 
4 24 0 23 0 22 0 21 14 
4 25 1 24 0 23 0 22 14 
4 24 1 23 0 22 0 21 14 
4 25 1 24 0 23 0 22 14 
4 25 1 24 0 23 0 22 14 
4 24 1 23 0 22 0 21 14 
4 25 0 24 0 23 0 22 14 
4 24 0 23 0 22 0 21 14 
4 25 0 24 0 23 0 22 14 
4 25 0 24 0 23 0 22 14 
4 25 0 24 0 23 0 22 14 
4 25 1 24 0 23 0 22 14 
4 24 1 23 0 22 0 21 14 
4 24 0 23 0 22 0 21 14 
4 24 0 23 0 22 0 21 14 
4 24 1 23 0 22 0 21 14 
4 24 1 23 0 22 0 21 14 
4 25 0 24 0 23 0 22 14 
4 24 0 23 0 22 0 21 14 
4 24 0 23 0 22 0 21 14 
4 24 0 23 0 22 0 21 14 
4 24 0 23 0 22 0 21 14 
4 24 1 23 0 22 0 21 14 
4 25 1 24 0 23 0 22 14 
4 24 0 23 0 22 0 21 14 
4 25 0 24 0 23 0 22 14 
4 25 1 24 0 23 0 22 14 
4 24 1 23 0 22 0 21 14 
4 24 0 23 0 22 0 21 14 
4 25 0 24 0 23 0 22 14 
4 24 1 23 0 22 0 21 14 
4 24 0 23 0 22 0 21 14 
4 24 1 23 0 22 0 21 14 
4 24 0 23 0 22 0 21 14 
4 24 0 23 0 22 0 21 14 
5 25 0 24 0 23 0 22 14 
4 25 0 24 0 23 0 22 14 
4 25 1 24 0 23 0 22 14 
4 24 0 23 0 22 0 21 14 
4 24 0 23 0 22 0 21 14 
4 25 1 24 0 23 0 22 14 
4 24 1 23 0 22 0 21 14 
4 24 0 23 0 22 0 21 14 
4 25 1 24 0 23 0 22 14 
4 25 0 24 0 23 0 22 14 
4 24 0 23 0 22 0 21 14 
4 24 0 23 0 22 0 21 14 
4 25 1 24 0 23 0 22 14 
4 25 0 24 0 23 0 22 14 
SCORES_TXT_END_0
SCORES_TXT_BEGIN_0 83 90 9 BLEU
7 36 1 35 0 34 0 33 19 
7 36 1 35 0 34 0 33 19 
7 36 1 35 0 34 0 33 19 
7 36 1 35 0 34 0 33 19 
7 36 1 35 0 34 0 33 19 
7 36 1 35 0 34 0 33 19 
7 36 1 35 0 34 0 33 19 
7 36 1 35 0 34 0 33 19 
7 36 1 35 0 34 0 33 19 
7 36 1 35 0 34 0 33 19 
7 36 1 35 0 34 0 33 19 
7 36 1 35 0 34 0 33 19 
7 36 1 35 0 34 0 33 19 
7 36 1 35 0 34 0 33 19 
7 36 1 35 0 34 0 33 19 
7 36 1 35 0 34 0 33 19 
7 36 1 35 0 34 0 33 19 
7 36 1 35 0 34 0 33 19 
7 36 1 35 0 34 0 33 19 
7 36 1 35 0 34 0 33 19 
7 36 1 35 0 34 0 33 19 
7 36 1 35 0 34 0 33 19 
7 36 1 35 0 34 0 33 19 
7 36 1 35 0 34 0 33 19 
7 36 1 35 0 34 0 33 19 
7 36 1 35 0 34 0 33 19 
7 36 1 35 0 34 0 33 19 
7 36 1 35 0 34 0 33 19 
7 36 1 35 0 34 0 33 19 
7 36 1 35 0 34 0 33 19 
7 36 1 35 0 34 0 33 19 
7 36 1 35 0 34 0 33 19 
7 36 1 35 0 34 0 33 19 
7 36 1 35 0 34 0 33 19 
7 36 1 35 0 34 0 33 19 
7 36 1 35 0 34 0 33 19 
7 36 1 35 0 34 0 33 19 
7 36 1 35 0 34 0 33 19 
7 36 1 35 0 34 0 33 19 
7 36 1 35 0 34 0 33 19 
7 36 1 35 0 34 0 33 19 
7 36 1 35 0 34 0 33 19 
7 36 1 35 0 34 0 33 19 
7 36 1 35 0 34 0 33 19 
7 36 1 35 0 34 0 33 19 
7 36 1 35 0 34 0 33 19 
7 36 1 35 0 34 0 33 19 
7 36 1 35 0 34 0 33 19 
7 36 1 35 0 34 0 33 19 
7 36 1 35 0 34 0 33 19 
7 36 1 35 0 34 0 33 19 
7 36 1 35 0 34 0 33 19 
7 36 1 35 0 34 0 33 19 
7 36 1 35 0 34 0 33 19 
7 36 1 35 0 34 0 33 19 
7 36 1 35 0 34 0 33 19 
7 36 1 35 0 34 0 33 19 
7 36 1 35 0 34 0 33 19 
7 36 1 35 0 34 0 33 19 
7 36 1 35 0 34 0 33 19 
7 36 1 35 0 34 0 33 19 
7 36 1 35 0 34 0 33 19 
7 36 1 35 0 34 0 33 19 
7 36 1 35 0 34 0 33 19 
7 36 1 35 0 34 0 33 19 
7 36 1 35 0 34 0 33 19 
7 36 1 35 0 34 0 33 19 
7 36 1 35 0 34 0 33 19 
7 36 1 35 0 34 0 33 19 
7 36 1 35 0 34 0 33 19 
7 36 1 35 0 34 0 33 19 
7 36 1 35 0 34 0 33 19 
7 36 1 35 0 34 0 33 19 
7 36 1 35 0 34 0 33 19 
7 36 1 35 0 34 0 33 19 
7 36 1 35 0 34 0 33 19 
7 36 1 35 0 34 0 33 19 
7 36 1 35 0 34 0 33 19 
7 36 1 35 0 34 0 33 19 
7 36 1 35 0 34 0 33 19 
7 36 1 35 0 34 0 33 19 
7 36 1 35 0 34 0 33 19 
7 36 1 35 0 34 0 33 19 
7 36 1 35 0 34 0 33 19 
7 36 1 35 0 34 0 33 19 
7 36 1 35 0 34 0 33 19 
7 36 1 35 0 34 0 33 19 
7 36 1 35 0 34 0 33 19 
7 36 1 35 0 34 0 33 19 
7 36 1 35 0 34 0 33 19 
SCORES_TXT_END_0
SCORES_TXT_BEGIN_0 84 56 9 BLEU
12 60 1 59 0 58 0 57 36 
12 60 1 59 0 58 0 57 36 
12 61 1 60 0 59 0 58 36 
12 60 1 59 0 58 0 57 36 
12 60 1 59 0 58 0 57 36 
12 60 0 59 0 58 0 57 36 
12 60 1 59 0 58 0 57 36 
12 60 1 59 0 58 0 57 36 
12 60 1 59 0 58 0 57 36 
12 60 1 59 0 58 0 57 36 
12 60 1 59 0 58 0 57 36 
12 60 1 59 0 58 0 57 36 
12 60 1 59 0 58 0 57 36 
12 60 1 59 0 58 0 57 36 
12 60 1 59 0 58 0 57 36 
12 61 1 60 0 59 0 58 36 
12 60 1 59 0 58 0 57 36 
12 60 1 59 0 58 0 57 36 
12 60 1 59 0 58 0 57 36 
12 60 1 59 0 58 0 57 36 
12 60 1 59 0 58 0 57 36 
12 60 1 59 0 58 0 57 36 
12 61 1 60 0 59 0 58 36 
12 60 1 59 0 58 0 57 36 
12 60 1 59 0 58 0 57 36 
12 60 1 59 0 58 0 57 36 
12 60 1 59 0 58 0 57 36 
12 60 1 59 0 58 0 57 36 
12 60 1 59 0 58 0 57 36 
12 60 1 59 0 58 0 57 36 
12 60 1 59 0 58 0 57 36 
12 60 1 59 0 58 0 57 36 
12 60 1 59 0 58 0 57 36 
12 60 1 59 0 58 0 57 36 
12 60 1 59 0 58 0 57 36 
12 60 1 59 0 58 0 57 36 
12 61 1 60 0 59 0 58 36 
12 60 1 59 0 58 0 57 36 
12 60 1 59 0 58 0 57 36 
12 60 1 59 0 58 0 57 36 
12 60 1 59 0 58 0 57 36 
12 60 1 59 0 58 0 57 36 
12 60 1 59 0 58 0 57 36 
12 60 1 59 0 58 0 57 36 
12 60 1 59 0 58 0 57 36 
12 60 1 59 0 58 0 57 36 
12 60 1 59 0 58 0 57 36 
12 60 1 59 0 58 0 57 36 
12 60 1 59 0 58 0 57 36 
12 60 1 59 0 58 0 57 36 
12 60 1 59 0 58 0 57 36 
12 60 1 59 0 58 0 57 36 
12 60 1 59 0 58 0 57 36 
12 61 1 60 0 59 0 58 36 
12 60 1 59 0 58 0 57 36 
12 60 1 59 0 58 0 57 36 
SCORES_TXT_END_0
SCORES_TXT_BEGIN_0 85 93 9 BLEU
8 29 3 28 1 27 0 26 23 
8 29 3 28 1 27 0 26 23 
8 29 3 28 1 27 0 26 23 
8 29 3 28 1 27 0 26 23 
8 29 3 28 1 27 0 26 23 
8 29 3 28 1 27 0 26 23 
8 29 3 28 1 27 0 26 23 
8 29 3 28 1 27 0 26 23 
8 29 3 28 1 27 0 26 23 
8 29 3 28 1 27 0 26 23 
9 29 4 28 1 27 0 26 23 
8 29 3 28 1 27 0 26 23 
9 29 4 28 1 27 0 26 23 
8 29 3 28 1 27 0 26 23 
7 28 2 27 1 26 0 25 23 
9 29 4 28 1 27 0 26 23 
9 29 4 28 1 27 0 26 23 
8 29 3 28 1 27 0 26 23 
9 29 4 28 1 27 0 26 23 
8 29 3 28 1 27 0 26 23 
8 29 3 28 1 27 0 26 23 
7 28 2 27 1 26 0 25 23 
8 29 3 28 1 27 0 26 23 
9 29 4 28 1 27 0 26 23 
8 29 3 28 1 27 0 26 23 
9 29 4 28 1 27 0 26 23 
8 29 3 28 1 27 0 26 23 
9 29 3 28 1 27 0 26 23 
8 29 3 28 1 27 0 26 23 
9 29 4 28 1 27 0 26 23 
7 28 2 27 1 26 0 25 23 
7 28 2 27 1 26 0 25 23 
8 29 4 28 1 27 0 26 23 
8 28 3 27 1 26 0 25 23 
8 29 3 28 1 27 0 26 23 
7 28 2 27 1 26 0 25 23 
9 29 4 28 1 27 0 26 23 
8 29 3 28 1 27 0 26 23 
8 29 3 28 1 27 0 26 23 
9 29 3 28 1 27 0 26 23 
7 28 2 27 1 26 0 25 23 
9 29 4 28 1 27 0 26 23 
7 28 2 27 1 26 0 25 23 
7 28 2 27 1 26 0 25 23 
8 29 4 28 1 27 0 26 23 
8 28 3 27 1 26 0 25 23 
8 29 3 28 1 27 0 26 23 
8 29 3 28 1 27 0 26 23 
9 29 4 28 1 27 0 26 23 
7 28 2 27 1 26 0 25 23 
9 29 4 28 1 27 0 26 23 
9 29 4 28 1 27 0 26 23 
8 29 3 28 1 27 0 26 23 
7 28 2 27 1 26 0 25 23 
8 29 3 28 1 27 0 26 23 
8 29 3 28 1 27 0 26 23 
8 29 3 28 1 27 0 26 23 
9 29 3 28 1 27 0 26 23 
9 29 4 28 1 27 0 26 23 
9 29 4 28 1 27 0 26 23 
9 29 4 28 1 27 0 26 23 
7 28 2 27 1 26 0 25 23 
8 28 3 27 1 26 0 25 23 
8 28 3 27 1 26 0 25 23 
9 29 4 28 1 27 0 26 23 
9 29 4 28 1 27 0 26 23 
9 29 4 28 1 27 0 26 23 
9 29 4 28 1 27 0 26 23 
8 29 3 28 1 27 0 26 23 
7 28 2 27 1 26 0 25 23 
7 28 2 27 1 26 0 25 23 
8 29 3 28 1 27 0 26 23 
8 29 3 28 1 27 0 26 23 
8 29 3 28 1 27 0 26 23 
8 28 3 27 1 26 0 25 23 
9 29 3 28 1 27 0 26 23 
8 29 3 28 1 27 0 26 23 
7 28 2 27 1 26 0 25 23 
9 29 4 28 1 27 0 26 23 
8 29 3 28 1 27 0 26 23 
8 28 3 27 1 26 0 25 23 
9 29 4 28 1 27 0 26 23 
7 28 2 27 1 26 0 25 23 
8 29 3 28 1 27 0 26 23 
9 29 4 28 1 27 0 26 23 
9 29 4 28 1 27 0 26 23 
8 29 3 28 1 27 0 26 23 
7 28 2 27 1 26 0 25 23 
7 28 2 27 1 26 0 25 23 
9 29 4 28 1 27 0 26 23 
8 29 3 28 1 27 0 26 23 
8 28 3 27 1 26 0 25 23 
8 29 3 28 1 27 0 26 23 
SCORES_TXT_END_0
SCORES_TXT_BEGIN_0 86 95 9 BLEU
3 35 0 34 0 33 0 32 19 
3 35 0 34 0 33 0 32 19 
3 35 0 34 0 33 0 32 19 
3 35 0 34 0 33 0 32 19 
3 35 0 34 0 33 0 32 19 
3 35 0 34 0 33 0 32 19 
3 35 0 34 0 33 0 32 19 
3 35 0 34 0 33 0 32 19 
3 35 0 34 0 33 0 32 19 
3 35 0 34 0 33 0 32 19 
3 35 0 34 0 33 0 32 19 
3 36 0 35 0 34 0 33 19 
3 35 0 34 0 33 0 32 19 
3 35 0 34 0 33 0 32 19 
3 35 0 34 0 33 0 32 19 
3 35 0 34 0 33 0 32 19 
3 35 0 34 0 33 0 32 19 
3 36 0 35 0 34 0 33 19 
3 35 0 34 0 33 0 32 19 
3 35 0 34 0 33 0 32 19 
3 35 0 34 0 33 0 32 19 
3 35 0 34 0 33 0 32 19 
3 35 0 34 0 33 0 32 19 
3 35 0 34 0 33 0 32 19 
3 35 0 34 0 33 0 32 19 
3 35 0 34 0 33 0 32 19 
3 35 0 34 0 33 0 32 19 
3 36 0 35 0 34 0 33 19 
3 35 0 34 0 33 0 32 19 
3 35 0 34 0 33 0 32 19 
3 36 0 35 0 34 0 33 19 
3 35 0 34 0 33 0 32 19 
3 35 0 34 0 33 0 32 19 
3 35 0 34 0 33 0 32 19 
3 36 0 35 0 34 0 33 19 
3 35 0 34 0 33 0 32 19 
3 35 0 34 0 33 0 32 19 
3 35 0 34 0 33 0 32 19 
3 35 0 34 0 33 0 32 19 
3 36 0 35 0 34 0 33 19 
3 35 0 34 0 33 0 32 19 
3 35 0 34 0 33 0 32 19 
3 35 0 34 0 33 0 32 19 
3 35 0 34 0 33 0 32 19 
3 35 0 34 0 33 0 32 19 
3 36 0 35 0 34 0 33 19 
3 35 0 34 0 33 0 32 19 
3 35 0 34 0 33 0 32 19 
3 35 0 34 0 33 0 32 19 
3 35 0 34 0 33 0 32 19 
3 35 0 34 0 33 0 32 19 
3 35 0 34 0 33 0 32 19 
3 36 0 35 0 34 0 33 19 
3 36 0 35 0 34 0 33 19 
3 35 0 34 0 33 0 32 19 
3 35 0 34 0 33 0 32 19 
3 35 0 34 0 33 0 32 19 
3 35 0 34 0 33 0 32 19 
3 35 0 34 0 33 0 32 19 
3 35 0 34 0 33 0 32 19 
3 35 0 34 0 33 0 32 19 
3 35 0 34 0 33 0 32 19 
3 35 0 34 0 33 0 32 19 
3 35 0 34 0 33 0 32 19 
3 36 0 35 0 34 0 33 19 
3 35 0 34 0 33 0 32 19 
3 35 0 34 0 33 0 32 19 
3 36 0 35 0 34 0 33 19 
3 35 0 34 0 33 0 32 19 
3 35 0 34 0 33 0 32 19 
3 35 0 34 0 33 0 32 19 
3 35 0 34 0 33 0 32 19 
3 36 0 35 0 34 0 33 19 
3 35 0 34 0 33 0 32 19 
3 35 0 34 0 33 0 32 19 
3 36 0 35 0 34 0 33 19 
3 36 0 35 0 34 0 33 19 
3 35 0 34 0 33 0 32 19 
3 36 0 35 0 34 0 33 19 
3 35 0 34 0 33 0 32 19 
3 35 0 34 0 33 0 32 19 
3 35 0 34 0 33 0 32 19 
3 35 0 34 0 33 0 32 19 
3 35 0 34 0 33 0 32 19 
3 36 0 35 0 34 0 33 19 
3 35 0 34 0 33 0 32 19 
3 35 0 34 0 33 0 32 19 
3 35 0 34 0 33 0 32 19 
3 35 0 34 0 33 0 32 19 
3 35 0 34 0 33 0 32 19 
3 36 0 35 0 34 0 33 19 
3 35 0 34 0 33 0 32 19 
3 35 0 34 0 33 0 32 19 
3 35 0 34 0 33 0 32 19 
3 35 0 34 0 33 0 32 19 
SCORES_TXT_END_0
SCORES_TXT_BEGIN_0 87 67 9 BLEU
5 29 0 28 0 27 0 26 15 
4 30 0 29 0 28 0 27 15 
5 29 0 28 0 27 0 26 15 
5 29 0 28 0 27 0 26 15 
5 29 0 28 0 27 0 26 15 
5 29 0 28 0 27 0 26 15 
5 29 0 28 0 27 0 26 15 
5 29 0 28 0 27 0 26 15 
5 29 0 28 0 27 0 26 15 
5 29 0 28 0 27 0 26 15 
5 29 0 28 0 27 0 26 15 
5 29 0 28 0 27 0 26 15 
5 30 0 29 0 28 0 27 15 
5 29 0 28 0 27 0 26 15 
5 30 0 29 0 28 0 27 15 
4 29 0 28 0 27 0 26 15 
5 29 0 28 0 27 0 26 15 
5 29 0 28 0 27 0 26 15 
5 29 0 28 0 27 0 26 15 
5 29 0 28 0 27 0 26 15 
5 30 0 29 0 28 0 27 15 
5 29 0 28 0 27 0 26 15 
5 30 0 29 0 28 0 27 15 
5 29 0 28 0 27 0 26 15 
5 29 0 28 0 27 0 26 15 
5 29 0 28 0 27 0 26 15 
5 29 0 28 0 27 0 26 15 
5 29 0 28 0 27 0 26 15 
5 29 0 28 0 27 0 26 15 
5 29 0 28 0 27 0 26 15 
5 29 0 28 0 27 0 26 15 
5 29 0 28 0 27 0 26 15 
5 29 0 28 0 27 0 26 15 
5 30 0 29 0 28 0 27 15 
5 29 0 28 0 27 0 26 15 
5 29 0 28 0 27 0 26 15 
5 29 0 28 0 27 0 26 15 
4 29 0 28 0 27 0 26 15 
5 29 0 28 0 27 0 26 15 
5 29 0 28 0 27 0 26 15 
5 29 0 28 0 27 0 26 15 
5 29 0 28 0 27 0 26 15 
4 29 0 28 0 27 0 26 15 
5 29 0 28 0 27 0 26 15 
5 29 0 28 0 27 0 26 15 
5 29 0 28 0 27 0 26 15 
5 29 0 28 0 27 0 26 15 
5 29 0 28 0 27 0 26 15 
5 29 0 28 0 27 0 26 15 
5 29 0 28 0 27 0 26 15 
5 29 0 28 0 27 0 26 15 
5 29 0 28 0 27 0 26 15 
5 29 0 28 0 27 0 26 15 
4 29 0 28 0 27 0 26 15 
5 29 0 28 0 27 0 26 15 
5 29 0 28 0 27 0 26 15 
5 29 0 28 0 27 0 26 15 
5 29 0 28 0 27 0 26 15 
5 29 0 28 0 27 0 26 15 
5 29 0 28 0 27 0 26 15 
5 29 0 28 0 27 0 26 15 
5 29 0 28 0 27 0 26 15 
5 29 0 28 0 27 0 26 15 
5 29 0 28 0 27 0 26 15 
5 29 0 28 0 27 0 26 15 
5 29 0 28 0 27 0 26 15 
5 30 0 29 0 28 0 27 15 
SCORES_TXT_END_0
SCORES_TXT_BEGIN_0 88 98 9 BLEU
10 44 2 43 0 42 0 41 17 
10 44 2 43 0 42 0 41 17 
10 44 2 43 0 42 0 41 17 
10 44 2 43 0 42 0 41 17 
10 44 2 43 0 42 0 41 17 
10 44 2 43 0 42 0 41 17 
10 44 2 43 0 42 0 41 17 
10 44 2 43 0 42 0 41 17 
10 44 2 43 0 42 0 41 17 
10 44 2 43 0 42 0 41 17 
10 44 2 43 0 42 0 41 17 
10 44 2 43 0 42 0 41 17 
10 44 3 43 1 42 0 41 17 
10 44 2 43 0 42 0 41 17 
10 44 2 43 0 42 0 41 17 
10 44 2 43 0 42 0 41 17 
10 44 2 43 0 42 0 41 17 
10 44 2 43 0 42 0 41 17 
10 44 2 43 0 42 0 41 17 
10 44 3 43 1 42 0 41 17 
10 44 2 43 0 42 0 41 17 
10 44 2 43 0 42 0 41 17 
10 44 2 43 0 42 0 41 17 
10 44 2 43 0 42 0 41 17 
10 44 2 43 0 42 0 41 17 
10 44 3 43 1 42 0 41 17 
10 44 4 43 2 42 0 41 17 
10 44 2 43 0 42 0 41 17 
10 44 2 43 0 42 0 41 17 
10 44 2 43 0 42 0 41 17 
10 44 3 43 1 42 0 41 17 
10 44 4 43 2 42 0 41 17 
10 44 2 43 0 42 0 41 17 
10 44 2 43 0 42 0 41 17 
10 44 2 43 0 42 0 41 17 
10 44 2 43 0 42 0 41 17 
10 44 2 43 0 42 0 41 17 
10 44 2 43 0 42 0 41 17 
10 44 4 43 2 42 0 41 17 
10 44 2 43 0 42 0 41 17 
10 44 3 43 1 42 0 41 17 
10 44 2 43 0 42 0 41 17 
10 44 2 43 0 42 0 41 17 
10 44 2 43 0 42 0 41 17 
10 44 2 43 0 42 0 41 17 
10 44 2 43 0 42 0 41 17 
10 44 2 43 0 42 0 41 17 
10 44 2 43 0 42 0 41 17 
10 44 4 43 2 42 0 41 17 
10 44 3 43 1 42 0 41 17 
10 44 2 43 0 42 0 41 17 
10 44 3 43 1 42 0 41 17 
10 44 4 43 2 42 0 41 17 
10 44 2 43 0 42 0 41 17 
10 44 2 43 0 42 0 41 17 
10 44 2 43 0 42 0 41 17 
10 44 2 43 0 42 0 41 17 
10 44 2 43 0 42 0 41 17 
10 44 2 43 0 42 0 41 17 
10 44 2 43 0 42 0 41 17 
10 44 2 43 0 42 0 41 17 
10 44 4 43 2 42 0 41 17 
10 44 3 43 1 42 0 41 17 
10 44 2 43 0 42 0 41 17 
10 44 3 43 1 42 0 41 17 
10 44 4 43 2 42 0 41 17 
10 44 3 43 1 42 0 41 17 
10 44 2 43 0 42 0 41 17 
10 44 2 43 0 42 0 41 17 
10 44 2 43 0 42 0 41 17 
10 44 2 43 0 42 0 41 17 
10 44 2 43 0 42 0 41 17 
10 44 2 43 0 42 0 41 17 
10 44 2 43 0 42 0 41 17 
10 44 2 43 0 42 0 41 17 
10 44 2 43 0 42 0 41 17 
10 44 2 43 0 42 0 41 17 
10 44 2 43 0 42 0 41 17 
10 44 2 43 0 42 0 41 17 
10 44 2 43 0 42 0 41 17 
10 44 2 43 0 42 0 41 17 
10 44 1 43 0 42 0 41 17 
10 44 3 43 1 42 0 41 17 
10 44 3 43 1 42 0 41 17 
10 44 2 43 0 42 0 41 17 
10 44 2 43 0 42 0 41 17 
10 44 2 43 0 42 0 41 17 
10 44 2 43 0 42 0 41 17 
10 44 3 43 1 42 0 41 17 
10 44 3 43 1 42 0 41 17 
10 44 4 43 2 42 0 41 17 
10 44 4 43 2 42 0 41 17 
10 44 2 43 0 42 0 41 17 
10 44 2 43 0 42 0 41 17 
10 44 2 43 0 42 0 41 17 
10 44 2 43 0 42 0 41 17 
10 44 2 43 0 42 0 41 17 
10 44 2 43 0 42 0 41 17 
SCORES_TXT_END_0
SCORES_TXT_BEGIN_0 89 47 9 BLEU
11 35 2 34 0 33 0 32 24 
11 34 1 33 0 32 0 31 24 
11 34 1 33 0 32 0 31 24 
11 34 1 33 0 32 0 31 24 
11 34 1 33 0 32 0 31 24 
11 35 2 34 0 33 0 32 24 
11 34 1 33 0 32 0 31 24 
11 34 1 33 0 32 0 31 24 
11 34 1 33 0 32 0 31 24 
11 34 1 33 0 32 0 31 24 
10 33 1 32 0 31 0 30 24 
11 34 1 33 0 32 0 31 24 
11 35 2 34 0 33 0 32 24 
11 35 2 34 0 33 0 32 24 
10 33 1 32 0 31 0 30 24 
10 33 1 32 0 31 0 30 24 
10 33 1 32 0 31 0 30 24 
11 35 2 34 0 33 0 32 24 
11 34 1 33 0 32 0 31 24 
10 33 1 32 0 31 0 30 24 
11 35 2 34 0 33 0 32 24 
11 34 1 33 0 32 0 31 24 
11 34 1 33 0 32 0 31 24 
11 34 1 33 0 32 0 31 24 
11 34 1 33 0 32 0 31 24 
11 35 2 34 0 33 0 32 24 
11 34 1 33 0 32 0 31 24 
11 34 1 33 0 32 0 31 24 
11 35 2 34 0 33 0 32 24 
10 33 1 32 0 31 0 30 24 
10 33 1 32 0 31 0 30 24 
11 34 1 33 0 32 0 31 24 
11 34 1 33 0 32 0 31 24 
11 34 1 33 0 32 0 31 24 
10 33 1 32 0 31 0 30 24 
11 34 1 33 0 32 0 31 24 
10 33 1 32 0 31 0 30 24 
11 35 2 34 0 33 0 32 24 
11 34 1 33 0 32 0 31 24 
11 34 1 33 0 32 0 31 24 
11 35 2 34 0 33 0 32 24 
11 34 1 33 0 32 0 31 24 
11 34 1 33 0 32 0 31 24 
11 34 1 33 0 32 0 31 24 
11 34 1 33 0 32 0 31 24 
11 34 1 33 0 32 0 31 24 
11 34 1 33 0 32 0 31 24 
SCORES_TXT_END_0
SCORES_TXT_BEGIN_0 90 81 9 BLEU
12 56 2 55 0 54 0 53 22 
12 56 2 55 0 54 0 53 22 
12 56 2 55 0 54 0 53 22 
12 56 2 55 0 54 0 53 22 
12 56 0 55 0 54 0 53 22 
12 56 0 55 0 54 0 53 22 
12 56 2 55 0 54 0 53 22 
12 56 0 55 0 54 0 53 22 
12 56 1 55 0 54 0 53 22 
12 56 2 55 0 54 0 53 22 
12 56 0 55 0 54 0 53 22 
12 56 1 55 0 54 0 53 22 
12 56 1 55 0 54 0 53 22 
12 56 2 55 0 54 0 53 22 
12 56 0 55 0 54 0 53 22 
12 56 0 55 0 54 0 53 22 
12 56 0 55 0 54 0 53 22 
12 56 0 55 0 54 0 53 22 
12 56 2 55 0 54 0 53 22 
12 56 2 55 0 54 0 53 22 
12 56 1 55 0 54 0 53 22 
12 56 2 55 0 54 0 53 22 
12 56 2 55 0 54 0 53 22 
12 56 2 55 0 54 0 53 22 
12 56 0 55 0 54 0 53 22 
12 56 0 55 0 54 0 53 22 
12 56 1 55 0 54 0 53 22 
12 56 1 55 0 54 0 53 22 
12 56 0 55 0 54 0 53 22 
12 56 0 55 0 54 0 53 22 
12 56 0 55 0 54 0 53 22 
12 56 0 55 0 54 0 53 22 
12 56 0 55 0 54 0 53 22 
12 56 0 55 0 54 0 53 22 
12 56 2 55 0 54 0 53 22 
12 56 1 55 0 54 0 53 22 
12 56 1 55 0 54 0 53 22 
12 56 0 55 0 54 0 53 22 
12 56 2 55 0 54 0 53 22 
12 56 1 55 0 54 0 53 22 
12 56 1 55 0 54 0 53 22 
12 56 0 55 0 54 0 53 22 
12 56 0 55 0 54 0 53 22 
12 56 1 55 0 54 0 53 22 
12 56 0 55 0 54 0 53 22 
12 56 2 55 0 54 0 53 22 
12 56 2 55 0 54 0 53 22 
12 56 0 55 0 54 0 53 22 
12 56 0 55 0 54 0 53 22 
12 56 3 55 0 54 0 53 22 
12 56 0 55 0 54 0 53 22 
12 56 0 55 0 54 0 53 22 
12 56 1 55 0 54 0 53 22 
12 56 2 55 0 54 0 53 22 
12 56 2 55 0 54 0 53 22 
12 56 2 55 0 54 0 53 22 
12 56 0 55 0 54 0 53 22 
12 56 2 55 0 54 0 53 22 
12 56 1 55 0 54 0 53 22 
12 56 1 55 0 54 0 53 22 
12 56 0 55 0 54 0 53 22 
12 56 0 55 0 54 0 53 22 
12 56 0 55 0 54 0 53 22 
12 56 1 55 0 54 0 53 22 
12 56 0 55 0 54 0 53 22 
12 56 0 55 0 54 0 53 22 
12 56 0 55 0 54 0 53 22 
12 56 3 55 0 54 0 53 22 
12 56 0 55 0 54 0 53 22 
12 56 0 55 0 54 0 53 22 
12 56 0 55 0 54 0 53 22 
12 56 2 55 0 54 0 53 22 
12 56 2 55 0 54 0 53 22 
12 56 0 55 0 54 0 53 22 
12 56 2 55 0 54 0 53 22 
12 56 2 55 0 54 0 53 22 
12 56 2 55 0 54 0 53 22 
12 56 1 55 0 54 0 53 22 
12 56 0 55 0 54 0 53 22 
12 56 1 55 0 54 0 53 22 
12 56 0 55 0 54 0 53 22 
SCORES_TXT_END_0
SCORES_TXT_BEGIN_0 91 74 9 BLEU
8 48 0 47 0 46 0 45 19 
8 48 1 47 0 46 0 45 19 
8 48 0 47 0 46 0 45 19 
8 48 0 47 0 46 0 45 19 
8 48 0 47 0 46 0 45 19 
8 48 1 47 0 46 0 45 19 
8 48 0 47 0 46 0 45 19 
8 48 1 47 0 46 0 45 19 
8 48 0 47 0 46 0 45 19 
8 48 0 47 0 46 0 45 19 
8 48 0 47 0 46 0 45 19 
8 48 0 47 0 46 0 45 19 
8 48 0 47 0 46 0 45 19 
8 48 1 47 0 46 0 45 19 
8 48 0 47 0 46 0 45 19 
8 48 0 47 0 46 0 45 19 
8 48 1 47 0 46 0 45 19 
8 48 0 47 0 46 0 45 19 
8 48 1 47 0 46 0 45 19 
8 48 0 47 0 46 0 45 19 
8 48 0 47 0 46 0 45 19 
8 48 1 47 0 46 0 45 19 
8 48 0 47 0 46 0 45 19 
8 48 1 47 0 46 0 45 19 
8 48 0 47 0 46 0 45 19 
8 48 0 47 0 46 0 45 19 
8 48 0 47 0 46 0 45 19 
8 48 1 47 0 46 0 45 19 
8 48 0 47 0 46 0 45 19 
8 48 0 47 0 46 0 45 19 
8 48 0 47 0 46 0 45 19 
8 48 0 47 0 46 0 45 19 
8 48 0 47 0 46 0 45 19 
8 48 1 47 0 46 0 45 19 
8 48 0 47 0 46 0 45 19 
8 48 0 47 0 46 0 45 19 
8 48 1 47 0 46 0 45 19 
8 48 0 47 0 46 0 45 19 
8 48 0 47 0 46 0 45 19 
8 48 1 47 0 46 0 45 19 
8 48 0 47 0 46 0 45 19 
8 48 1 47 0 46 0 45 19 
8 48 1 47 0 46 0 45 19 
8 48 0 47 0 46 0 45 19 
8 48 0 47 0 46 0 45 19 
8 48 0 47 0 46 0 45 19 
8 48 1 47 0 46 0 45 19 
8 48 0 47 0 46 0 45 19 
8 48 1 47 0 46 0 45 19 
8 48 0 47 0 46 0 45 19 
8 48 0 47 0 46 0 45 19 
8 48 1 47 0 46 0 45 19 
8 48 1 47 0 46 0 45 19 
8 48 0 47 0 46 0 45 19 
8 48 1 47 0 46 0 45 19 
8 48 0 47 0 46 0 45 19 
8 48 0 47 0 46 0 45 19 
8 48 1 47 0 46 0 45 19 
8 48 0 47 0 46 0 45 19 
8 48 0 47 0 46 0 45 19 
8 48 0 47 0 46 0 45 19 
8 48 1 47 0 46 0 45 19 
8 48 0 47 0 46 0 45 19 
8 48 0 47 0 46 0 45 19 
8 48 0 47 0 46 0 45 19 
8 48 1 47 0 46 0 45 19 
8 48 0 47 0 46 0 45 19 
8 48 1 47 0 46 0 45 19 
8 48 0 47 0 46 0 45 19 
8 48 1 47 0 46 0 45 19 
8 48 0 47 0 46 0 45 19 
8 48 0 47 0 46 0 45 19 
8 48 1 47 0 46 0 45 19 
8 48 0 47 0 46 0 45 19 
SCORES_TXT_END_0
SCORES_TXT_BEGIN_0 92 58 9 BLEU
6 30 2 29 0 28 0 27 13 
6 30 2 29 0 28 0 27 13 
6 30 2 29 0 28 0 27 13 
6 30 2 29 0 28 0 27 13 
7 30 2 29 0 28 0 27 13 
7 30 2 29 0 28 0 27 13 
6 30 2 29 0 28 0 27 13 
6 30 2 29 0 28 0 27 13 
6 30 2 29 0 28 0 27 13 
6 30 2 29 0 28 0 27 13 
6 30 2 29 0 28 0 27 13 
6 30 2 29 0 28 0 27 13 
6 30 2 29 0 28 0 27 13 
6 30 2 29 0 28 0 27 13 
6 30 2 29 0 28 0 27 13 
6 30 2 29 0 28 0 27 13 
6 30 2 29 0 28 0 27 13 
6 30 2 29 0 28 0 27 13 
6 30 2 29 0 28 0 27 13 
6 31 2 30 0 29 0 28 13 
6 30 2 29 0 28 0 27 13 
6 30 2 29 0 28 0 27 13 
6 30 2 29 0 28 0 27 13 
7 30 2 29 0 28 0 27 13 
7 30 2 29 0 28 0 27 13 
6 31 2 30 0 29 0 28 13 
6 31 2 30 0 29 0 28 13 
6 30 2 29 0 28 0 27 13 
7 30 2 29 0 28 0 27 13 
6 30 2 29 0 28 0 27 13 
6 31 2 30 0 29 0 28 13 
6 30 2 29 0 28 0 27 13 
6 30 2 29 0 28 0 27 13 
7 30 2 29 0 28 0 27 13 
6 31 2 30 0 29 0 28 13 
6 30 2 29 0 28 0 27 13 
6 30 2 29 0 28 0 27 13 
6 31 2 30 0 29 0 28 13 
7 30 2 29 0 28 0 27 13 
7 30 2 29 0 28 0 27 13 
6 30 2 29 0 28 0 27 13 
7 30 2 29 0 28 0 27 13 
6 30 2 29 0 28 0 27 13 
6 30 2 29 0 28 0 27 13 
6 30 2 29 0 28 0 27 13 
6 31 2 30 0 29 0 28 13 
6 31 2 30 0 29 0 28 13 
6 31 2 30 0 29 0 28 13 
6 30 2 29 0 28 0 27 13 
6 30 2 29 0 28 0 27 13 
7 30 2 29 0 28 0 27 13 
6 30 2 29 0 28 0 27 13 
6 30 2 29 0 28 0 27 13 
7 30 2 29 0 28 0 27 13 
6 30 2 29 0 28 0 27 13 
6 30 2 29 0 28 0 27 13 
6 31 2 30 0 29 0 28 13 
7 30 2 29 0 28 0 27 13 
SCORES_TXT_END_0
SCORES_TXT_BEGIN_0 93 64 9 BLEU
13 40 2 39 0 38 0 37 26 
13 40 2 39 0 38 0 37 26 
13 40 2 39 0 38 0 37 26 
12 40 2 39 0 38 0 37 26 
13 40 2 39 0 38 0 37 26 
13 42 2 41 0 40 0 39 26 
13 40 2 39 0 38 0 37 26 
13 40 2 39 0 38 0 37 26 
13 40 2 39 0 38 0 37 26 
13 40 2 39 0 38 0 37 26 
13 40 2 39 0 38 0 37 26 
13 40 2 39 0 38 0 37 26 
12 40 2 39 0 38 0 37 26 
13 40 2 39 0 38 0 37 26 
13 40 2 39 0 38 0 37 26 
13 40 2 39 0 38 0 37 26 
13 40 2 39 0 38 0 37 26 
12 40 2 39 0 38 0 37 26 
13 40 2 39 0 38 0 37 26 
13 40 2 39 0 38 0 37 26 
12 40 2 39 0 38 0 37 26 
13 40 2 39 0 38 0 37 26 
13 40 2 39 0 38 0 37 26 
13 40 2 39 0 38 0 37 26 
13 40 2 39 0 38 0 37 26 
13 40 2 39 0 38 0 37 26 
13 40 2 39 0 38 0 37 26 
13 40 2 39 0 38 0 37 26 
13 40 2 39 0 38 0 37 26 
13 42 2 41 0 40 0 39 26 
13 42 2 41 0 40 0 39 26 
12 40 2 39 0 38 0 37 26 
13 40 2 39 0 38 0 37 26 
12 40 2 39 0 38 0 37 26 
13 40 2 39 0 38 0 37 26 
13 40 2 39 0 38 0 37 26 
13 40 2 39 0 38 0 37 26 
12 40 2 39 0 38 0 37 26 
13 40 2 39 0 38 0 37 26 
13 40 2 39 0 38 0 37 26 
13 40 2 39 0 38 0 37 26 
13 40 2 39 0 38 0 37 26 
13 40 2 39 0 38 0 37 26 
13 40 2 39 0 38 0 37 26 
12 40 2 39 0 38 0 37 26 
13 40 2 39 0 38 0 37 26 
13 40 2 39 0 38 0 37 26 
13 40 2 39 0 38 0 37 26 
13 40 2 39 0 38 0 37 26 
12 40 2 39 0 38 0 37 26 
13 40 2 39 0 38 0 37 26 
13 40 2 39 0 38 0 37 26 
13 40 2 39 0 38 0 37 26 
13 40 2 39 0 38 0 37 26 
13 40 2 39 0 38 0 37 26 
13 40 2 39 0 38 0 37 26 
13 42 2 41 0 40 0 39 26 
13 42 2 41 0 40 0 39 26 
13 40 2 39 0 38 0 37 26 
12 40 2 39 0 38 0 37 26 
13 40 2 39 0 38 0 37 26 
13 40 2 39 0 38 0 37 26 
13 40 2 39 0 38 0 37 26 
12 40 2 39 0 38 0 37 26 
SCORES_TXT_END_0
SCORES_TXT_BEGIN_0 94 84 9 BLEU
6 49 0 48 0 47 0 46 19 
6 49 0 48 0 47 0 46 19 
6 49 0 48 0 47 0 46 19 
6 48 0 47 0 46 0 45 19 
6 49 0 48 0 47 0 46 19 
6 49 0 48 0 47 0 46 19 
6 48 0 47 0 46 0 45 19 
6 48 0 47 0 46 0 45 19 
6 49 0 48 0 47 0 46 19 
6 48 0 47 0 46 0 45 19 
6 49 0 48 0 47 0 46 19 
6 48 0 47 0 46 0 45 19 
6 49 0 48 0 47 0 46 19 
6 49 0 48 0 47 0 46 19 
6 48 0 47 0 46 0 45 19 
6 49 0 48 0 47 0 46 19 
6 49 0 48 0 47 0 46 19 
6 49 0 48 0 47 0 46 19 
6 49 0 48 0 47 0 46 19 
6 48 0 47 0 46 0 45 19 
6 49 0 48 0 47 0 46 19 
6 49 0 48 0 47 0 46 19 
6 49 0 48 0 47 0 46 19 
6 49 0 48 0 47 0 46 19 
6 48 0 47 0 46 0 45 19 
6 49 0 48 0 47 0 46 19 
6 49 0 48 0 47 0 46 19 
6 49 0 48 0 47 0 46 19 
6 48 0 47 0 46 0 45 19 
6 48 0 47 0 46 0 45 19 
6 48 0 47 0 46 0 45 19 
6 49 0 48 0 47 0 46 19 
6 49 0 48 0 47 0 46 19 
6 49 0 48 0 47 0 46 19 
6 48 0 47 0 46 0 45 19 
6 48 0 47 0 46 0 45 19 
6 49 0 48 0 47 0 46 19 
6 49 0 48 0 47 0 46 19 
6 48 0 47 0 46 0 45 19 
6 49 0 48 0 47 0 46 19 
6 48 0 47 0 46 0 45 19 
6 48 0 47 0 46 0 45 19 
6 48 0 47 0 46 0 45 19 
6 48 0 47 0 46 0 45 19 
6 49 0 48 0 47 0 46 19 
6 48 0 47 0 46 0 45 19 
6 49 0 48 0 47 0 46 19 
6 48 0 47 0 46 0 45 19 
6 49 0 48 0 47 0 46 19 
6 49 0 48 0 47 0 46 19 
6 49 0 48 0 47 0 46 19 
6 48 0 47 0 46 0 45 19 
6 48 0 47 0 46 0 45 19 
6 48 0 47 0 46 0 45 19 
6 49 0 48 0 47 0 46 19 
6 48 0 47 0 46 0 45 19 
6 49 0 48 0 47 0 46 19 
6 49 0 48 0 47 0 46 19 
6 49 0 48 0 47 0 46 19 
6 48 0 47 0 46 0 45 19 
6 49 0 48 0 47 0 46 19 
6 48 0 47 0 46 0 45 19 
6 48 0 47 0 46 0 45 19 
6 49 0 48 0 47 0 46 19 
6 48 0 47 0 46 0 45 19 
6 49 0 48 0 47 0 46 19 
6 49 0 48 0 47 0 46 19 
6 48 0 47 0 46 0 45 19 
6 49 0 48 0 47 0 46 19 
6 49 0 48 0 47 0 46 19 
6 49 0 48 0 47 0 46 19 
6 48 0 47 0 46 0 45 19 
6 49 0 48 0 47 0 46 19 
6 48 0 47 0 46 0 45 19 
6 49 0 48 0 47 0 46 19 
6 49 0 48 0 47 0 46 19 
6 48 0 47 0 46 0 45 19 
6 48 0 47 0 46 0 45 19 
6 48 0 47 0 46 0 45 19 
6 48 0 47 0 46 0 45 19 
6 49 0 48 0 47 0 46 19 
6 49 0 48 0 47 0 46 19 
6 48 0 47 0 46 0 45 19 
6 49 0 48 0 47 0 46 19 
SCORES_TXT_END_0
SCORES_TXT_BEGIN_0 95 49 9 BLEU
7 47 0 46 0 45 0 44 19 
7 47 0 46 0 45 0 44 19 
7 47 0 46 0 45 0 44 19 
7 47 0 46 0 45 0 44 19 
7 47 0 46 0 45 0 44 19 
7 47 0 46 0 45 0 44 19 
7 47 0 46 0 45 0 44 19 
7 47 0 46 0 45 0 44 19 
7 47 0 46 0 45 0 44 19 
7 47 0 46 0 45 0 44 19 
7 47 0 46 0 45 0 44 19 
7 47 0 46 0 45 0 44 19 
7 47 0 46 0 45 0 44 19 
7 47 0 46 0 45 0 44 19 
7 47 0 46 0 45 0 44 19 
7 47 0 46 0 45 0 44 19 
7 47 0 46 0 45 0 44 19 
7 47 0 46 0 45 0 44 19 
7 47 0 46 0 45 0 44 19 
7 47 0 46 0 45 0 44 19 
7 47 0 46 0 45 0 44 19 
7 47 0 46 0 45 0 44 19 
7 47 0 46 0 45 0 44 19 
7 47 0 46 0 45 0 44 19 
7 47 0 46 0 45 0 44 19 
7 47 0 46 0 45 0 44 19 
7 47 0 46 0 45 0 44 19 
7 47 0 46 0 45 0 44 19 
7 47 0 46 0 45 0 44 19 
7 47 0 46 0 45 0 44 19 
7 47 0 46 0 45 0 44 19 
7 47 0 46 0 45 0 44 19 
7 47 0 46 0 45 0 44 19 
7 47 0 46 0 45 0 44 19 
7 47 0 46 0 45 0 44 19 
7 47 0 46 0 45 0 44 19 
7 47 0 46 0 45 0 44 19 
7 47 0 46 0 45 0 44 19 
7 47 0 46 0 45 0 44 19 
7 47 0 46 0 45 0 44 19 
7 47 0 46 0 45 0 44 19 
7 47 0 46 0 45 0 44 19 
7 47 0 46 0 45 0 44 19 
7 47 0 46 0 45 0 44 19 
7 47 0 46 0 45 0 44 19 
7 47 0 46 0 45 0 44 19 
7 47 0 46 0 45 0 44 19 
7 47 0 46 0 45 0 44 19 
7 47 0 46 0 45 0 44 19 
SCORES_TXT_END_0
SCORES_TXT_BEGIN_0 96 81 9 BLEU
9 60 0 59 0 58 0 57 26 
9 60 0 59 0 58 0 57 26 
9 60 0 59 0 58 0 57 26 
9 60 0 59 0 58 0 57 26 
9 60 0 59 0 58 0 57 26 
9 60 0 59 0 58 0 57 26 
9 60 0 59 0 58 0 57 26 
9 60 0 59 0 58 0 57 26 
9 60 0 59 0 58 0 57 26 
9 60 0 59 0 58 0 57 26 
9 60 0 59 0 58 0 57 26 
9 60 0 59 0 58 0 57 26 
9 60 0 59 0 58 0 57 26 
9 60 0 59 0 58 0 57 26 
9 60 0 59 0 58 0 57 26 
9 60 0 59 0 58 0 57 26 
9 60 0 59 0 58 0 57 26 
9 60 0 59 0 58 0 57 26 
9 60 0 59 0 58 0 57 26 
9 60 0 59 0 58 0 57 26 
9 60 0 59 0 58 0 57 26 
9 60 0 59 0 58 0 57 26 
9 60 0 59 0 58 0 57 26 
9 60 0 59 0 58 0 57 26 
9 60 0 59 0 58 0 57 26 
9 60 0 59 0 58 0 57 26 
9 60 0 59 0 58 0 57 26 
9 60 0 59 0 58 0 57 26 
9 60 0 59 0 58 0 57 26 
9 60 0 59 0 58 0 57 26 
9 60 0 59 0 58 0 57 26 
9 60 0 59 0 58 0 57 26 
9 60 0 59 0 58 0 57 26 
9 60 0 59 0 58 0 57 26 
9 60 0 59 0 58 0 57 26 
9 60 0 59 0 58 0 57 26 
9 60 0 59 0 58 0 57 26 
9 60 0 59 0 58 0 57 26 
10 60 0 59 0 58 0 57 26 
9 60 0 59 0 58 0 57 26 
9 60 0 59 0 58 0 57 26 
9 60 0 59 0 58 0 57 26 
9 60 0 59 0 58 0 57 26 
9 60 0 59 0 58 0 57 26 
9 60 0 59 0 58 0 57 26 
9 60 0 59 0 58 0 57 26 
9 60 0 59 0 58 0 57 26 
9 60 0 59 0 58 0 57 26 
9 60 0 59 0 58 0 57 26 
9 60 0 59 0 58 0 57 26 
9 60 0 59 0 58 0 57 26 
9 60 0 59 0 58 0 57 26 
9 60 0 59 0 58 0 57 26 
9 60 0 59 0 58 0 57 26 
10 60 0 59 0 58 0 57 26 
10 60 0 59 0 58 0 57 26 
9 60 0 59 0 58 0 57 26 
9 60 0 59 0 58 0 57 26 
9 60 0 59 0 58 0 57 26 
10 60 0 59 0 58 0 57 26 
9 60 0 59 0 58 0 57 26 
9 60 0 59 0 58 0 57 26 
9 60 0 59 0 58 0 57 26 
9 60 0 59 0 58 0 57 26 
10 60 0 59 0 58 0 57 26 
9 60 0 59 0 58 0 57 26 
9 60 0 59 0 58 0 57 26 
9 60 0 59 0 58 0 57 26 
9 60 0 59 0 58 0 57 26 
9 60 0 59 0 58 0 57 26 
10 60 0 59 0 58 0 57 26 
9 60 0 59 0 58 0 57 26 
9 60 0 59 0 58 0 57 26 
10 60 0 59 0 58 0 57 26 
9 60 0 59 0 58 0 57 26 
9 60 0 59 0 58 0 57 26 
10 60 0 59 0 58 0 57 26 
9 60 0 59 0 58 0 57 26 
9 60 0 59 0 58 0 57 26 
9 60 0 59 0 58 0 57 26 
9 60 0 59 0 58 0 57 26 
SCORES_TXT_END_0
SCORES_TXT_BEGIN_0 97 100 9 BLEU
19 49 4 48 1 47 0 46 29 
19 49 3 48 1 47 0 46 29 
19 49 4 48 1 47 0 46 29 
19 49 3 48 1 47 0 46 29 
19 49 4 48 1 47 0 46 29 
19 49 3 48 1 47 0 46 29 
19 49 4 48 1 47 0 46 29 
19 49 4 48 1 47 0 46 29 
19 49 4 48 1 47 0 46 29 
19 49 3 48 1 47 0 46 29 
19 49 4 48 1 47 0 46 29 
19 49 4 48 1 47 0 46 29 
19 49 4 48 1 47 0 46 29 
19 49 3 48 1 47 0 46 29 
19 49 3 48 1 47 0 46 29 
19 49 3 48 1 47 0 46 29 
19 50 4 49 2 48 0 47 29 
19 49 3 48 1 47 0 46 29 
19 49 4 48 1 47 0 46 29 
19 49 2 48 1 47 0 46 29 
19 49 4 48 1 47 0 46 29 
19 49 4 48 1 47 0 46 29 
19 49 2 48 1 47 0 46 29 
19 49 3 48 1 47 0 46 29 
19 49 4 48 1 47 0 46 29 
19 49 4 48 1 47 0 46 29 
19 49 4 48 1 47 0 46 29 
19 49 4 48 1 47 0 46 29 
19 49 4 48 1 47 0 46 29 
19 49 3 48 1 47 0 46 29 
19 49 4 48 1 47 0 46 29 
19 49 3 48 1 47 0 46 29 
19 49 3 48 1 47 0 46 29 
19 50 4 49 2 48 0 47 29 
19 49 4 48 1 47 0 46 29 
19 49 3 48 1 47 0 46 29 
19 49 4 48 1 47 0 46 29 
19 49 4 48 1 47 0 46 29 
19 49 3 48 1 47 0 46 29 
19 49 2 48 1 47 0 46 29 
19 49 3 48 1 47 0 46 29 
19 49 4 48 1 47 0 46 29 
19 49 4 48 1 47 0 46 29 
19 49 3 48 1 47 0 46 29 
19 49 4 48 1 47 0 46 29 
19 49 4 48 1 47 0 46 29 
19 49 2 48 1 47 0 46 29 
19 49 4 48 1 47 0 46 29 
19 49 3 48 1 47 0 46 29 
19 49 4 48 1 47 0 46 29 
19 49 3 48 1 47 0 46 29 
19 49 4 48 1 47 0 46 29 
19 49 4 48 1 47 0 46 29 
19 49 3 48 1 47 0 46 29 
19 49 3 48 1 47 0 46 29 
19 49 3 48 1 47 0 46 29 
19 49 3 48 1 47 0 46 29 
19 49 4 48 1 47 0 46 29 
19 49 4 48 1 47 0 46 29 
19 49 4 48 1 47 0 46 29 
19 49 3 48 1 47 0 46 29 
19 49 2 48 1 47 0 46 29 
19 50 5 49 2 48 0 47 29 
19 49 3 48 1 47 0 46 29 
19 49 3 48 1 47 0 46 29 
19 49 4 48 1 47 0 46 29 
19 49 4 48 1 47 0 46 29 
19 49 4 48 1 47 0 46 29 
19 49 4 48 1 47 0 46 29 
19 49 4 48 1 47 0 46 29 
19 49 3 48 1 47 0 46 29 
19 49 4 48 1 47 0 46 29 
19 49 3 48 1 47 0 46 29 
19 49 4 48 1 47 0 46 29 
19 49 4 48 1 47 0 46 29 
19 49 4 48 1 47 0 46 29 
19 49 3 48 1 47 0 46 29 
19 49 4 48 1 47 0 46 29 
19 50 4 49 2 48 0 47 29 
19 49 3 48 1 47 0 46 29 
19 49 3 48 1 47 0 46 29 
19 49 3 48 1 47 0 46 29 
19 49 4 48 1 47 0 46 29 
19 49 4 48 1 47 0 46 29 
19 49 4 48 1 47 0 46 29 
19 49 4 48 1 47 0 46 29 
19 49 4 48 1 47 0 46 29 
19 49 3 48 1 47 0 46 29 
19 49 2 48 1 47 0 46 29 
19 49 3 48 1 47 0 46 29 
19 49 4 48 1 47 0 46 29 
19 49 4 48 1 47 0 46 29 
19 49 3 48 1 47 0 46 29 
19 49 3 48 1 47 0 46 29 
19 49 3 48 1 47 0 46 29 
19 49 4 48 1 47 0 46 29 
19 49 2 48 1 47 0 46 29 
19 49 4 48 1 47 0 46 29 
19 49 3 48 1 47 0 46 29 
19 49 4 48 1 47 0 46 29 
SCORES_TXT_END_0
SCORES_TXT_BEGIN_0 98 97 9 BLEU
6 30 1 29 0 28 0 27 21 
6 30 1 29 0 28 0 27 21 
6 30 1 29 0 28 0 27 21 
6 30 1 29 0 28 0 27 21 
6 30 1 29 0 28 0 27 21 
6 30 1 29 0 28 0 27 21 
6 30 2 29 0 28 0 27 21 
6 30 2 29 0 28 0 27 21 
6 30 1 29 0 28 0 27 21 
6 30 2 29 0 28 0 27 21 
6 29 1 28 0 27 0 26 21 
6 30 1 29 0 28 0 27 21 
6 30 1 29 0 28 0 27 21 
6 29 1 28 0 27 0 26 21 
6 30 1 29 0 28 0 27 21 
6 30 1 29 0 28 0 27 21 
6 30 2 29 0 28 0 27 21 
7 30 1 29 0 28 0 27 21 
6 30 1 29 0 28 0 27 21 
6 30 2 29 0 28 0 27 21 
6 30 2 29 0 28 0 27 21 
6 30 1 29 0 28 0 27 21 
6 29 1 28 0 27 0 26 21 
6 30 1 29 0 28 0 27 21 
6 30 1 29 0 28 0 27 21 
6 30 2 29 0 28 0 27 21 
6 29 1 28 0 27 0 26 21 
6 30 1 29 0 28 0 27 21 
6 30 1 29 0 28 0 27 21 
6 30 1 29 0 28 0 27 21 
6 30 1 29 0 28 0 27 21 
6 30 1 29 0 28 0 27 21 
6 30 2 29 0 28 0 27 21 
6 30 1 29 0 28 0 27 21 
6 30 1 29 0 28 0 27 21 
6 29 1 28 0 27 0 26 21 
6 30 1 29 0 28 0 27 21 
6 30 1 29 0 28 0 27 21 
6 30 1 29 0 28 0 27 21 
6 30 1 29 0 28 0 27 21 
5 30 1 29 0 28 0 27 21 
6 30 1 29 0 28 0 27 21 
7 30 1 29 0 28 0 27 21 
6 30 2 29 0 28 0 27 21 
6 30 1 29 0 28 0 27 21 
6 30 1 29 0 28 0 27 21 
6 30 1 29 0 28 0 27 21 
6 29 1 28 0 27 0 26 21 
6 30 1 29 0 28 0 27 21 
6 30 1 29 0 28 0 27 21 
6 29 1 28 0 27 0 26 21 
6 30 1 29 0 28 0 27 21 
6 30 1 29 0 28 0 27 21 
6 30 1 29 0 28 0 27 21 
6 29 1 28 0 27 0 26 21 
6 30 1 29 0 28 0 27 21 
6 30 1 29 0 28 0 27 21 
6 30 1 29 0 28 0 27 21 
6 30 1 29 0 28 0 27 21 
7 30 1 29 0 28 0 27 21 
6 30 2 29 0 28 0 27 21 
6 30 1 29 0 28 0 27 21 
6 30 1 29 0 28 0 27 21 
6 30 1 29 0 28 0 27 21 
6 30 1 29 0 28 0 27 21 
6 30 1 29 0 28 0 27 21 
6 30 2 29 0 28 0 27 21 
6 30 1 29 0 28 0 27 21 
6 30 1 29 0 28 0 27 21 
6 30 1 29 0 28 0 27 21 
6 30 1 29 0 28 0 27 21 
6 30 1 29 0 28 0 27 21 
5 30 1 29 0 28 0 27 21 
6 29 1 28 0 27 0 26 21 
6 30 1 29 0 28 0 27 21 
6 30 1 29 0 28 0 27 21 
6 30 2 29 0 28 0 27 21 
6 30 1 29 0 28 0 27 21 
6 30 1 29 0 28 0 27 21 
6 30 1 29 0 28 0 27 21 
6 30 1 29 0 28 0 27 21 
6 30 1 29 0 28 0 27 21 
6 30 2 29 0 28 0 27 21 
6 30 1 29 0 28 0 27 21 
6 30 2 29 0 28 0 27 21 
6 30 1 29 0 28 0 27 21 
6 29 1 28 0 27 0 26 21 
6 30 1 29 0 28 0 27 21 
6 30 2 29 0 28 0 27 21 
6 29 2 28 0 27 0 26 21 
6 30 1 29 0 28 0 27 21 
6 30 1 29 0 28 0 27 21 
6 29 1 28 0 27 0 26 21 
6 30 1 29 0 28 0 27 21 
6 29 1 28 0 27 0 26 21 
6 30 2 29 0 28 0 27 21 
6 30 1 29 0 28 0 27 21 
SCORES_TXT_END_0
SCORES_TXT_BEGIN_0 99 100 9 BLEU
8 38 2 37 0 36 0 35 19 
8 38 2 37 0 36 0 35 19 
8 38 2 37 0 36 0 35 19 
8 38 2 37 0 36 0 35 19 
8 38 3 37 0 36 0 35 19 
8 38 3 37 0 36 0 35 19 
8 38 3 37 0 36 0 35 19 
8 38 1 37 0 36 0 35 19 
8 38 3 37 0 36 0 35 19 
8 38 3 37 0 36 0 35 19 
8 38 3 37 0 36 0 35 19 
8 38 3 37 0 36 0 35 19 
8 38 3 37 0 36 0 35 19 
8 38 1 37 0 36 0 35 19 
8 38 3 37 0 36 0 35 19 
8 38 3 37 0 36 0 35 19 
8 38 3 37 0 36 0 35 19 
8 38 3 37 0 36 0 35 19 
8 38 3 37 0 36 0 35 19 
8 38 3 37 0 36 0 35 19 
8 38 3 37 0 36 0 35 19 
8 38 3 37 0 36 0 35 19 
8 38 3 37 0 36 0 35 19 
8 38 3 37 0 36 0 35 19 
8 38 3 37 0 36 0 35 19 
8 38 3 37 0 36 0 35 19 
8 38 3 37 0 36 0 35 19 
8 38 3 37 0 36 0 35 19 
8 38 3 37 0 36 0 35 19 
8 38 3 37 0 36 0 35 19 
8 38 3 37 0 36 0 35 19 
8 38 3 37 0 36 0 35 19 
8 38 3 37 0 36 0 35 19 
8 38 2 37 0 36 0 35 19 
8 38 3 37 0 36 0 35 19 
8 38 3 37 0 36 0 35 19 
8 38 3 37 0 36 0 35 19 
8 38 3 37 0 36 0 35 19 
8 38 3 37 0 36 0 35 19 
8 38 2 37 0 36 0 35 19 
8 38 3 37 0 36 0 35 19 
8 38 2 37 0 36 0 35 19 
8 38 3 37 0 36 0 35 19 
8 38 3 37 0 36 0 35 19 
8 38 3 37 0 36 0 35 19 
8 38 3 37 0 36 0 35 19 
8 38 3 37 0 36 0 35 19 
8 38 3 37 0 36 0 35 19 
8 38 2 37 0 36 0 35 19 
8 38 2 37 0 36 0 35 19 
8 38 3 37 0 36 0 35 19 
8 38 2 37 0 36 0 35 19 
8 38 1 37 0 36 0 35 19 
8 38 2 37 0 36 0 35 19 
8 38 3 37 0 36 0 35 19 
8 38 3 37 0 36 0 35 19 
8 38 3 37 0 36 0 35 19 
8 38 2 37 0 36 0 35 19 
8 38 2 37 0 36 0 35 19 
8 38 3 37 0 36 0 35 19 
8 38 2 37 0 36 0 35 19 
8 38 3 37 0 36 0 35 19 
8 38 3 37 0 36 0 35 19 
8 38 2 37 0 36 0 35 19 
8 38 2 37 0 36 0 35 19 
8 38 2 37 0 36 0 35 19 
8 39 3 38 0 37 0 36 19 
8 38 2 37 0 36 0 35 19 
8 38 2 37 0 36 0 35 19 
8 38 3 37 0 36 0 35 19 
8 38 1 37 0 36 0 35 19 
8 38 2 37 0 36 0 35 19 
8 38 1 37 0 36 0 35 19 
8 38 3 37 0 36 0 35 19 
8 38 3 37 0 36 0 35 19 
8 39 3 38 0 37 0 36 19 
8 38 3 37 0 36 0 35 19 
8 38 3 37 0 36 0 35 19 
8 38 2 37 0 36 0 35 19 
8 38 3 37 0 36 0 35 19 
8 38 2 37 0 36 0 35 19 
8 38 2 37 0 36 0 35 19 
8 38 2 37 0 36 0 35 19 
8 38 3 37 0 36 0 35 19 
8 39 3 38 0 37 0 36 19 
8 38 2 37 0 36 0 35 19 
8 38 3 37 0 36 0 35 19 
8 38 3 37 0 36 0 35 19 
8 38 3 37 0 36 0 35 19 
8 38 2 37 0 36 0 35 19 
8 38 3 37 0 36 0 35 19 
8 38 3 37 0 36 0 35 19 
8 38 2 37 0 36 0 35 19 
8 38 3 37 0 36 0 35 19 
8 38 1 37 0 36 0 35 19 
8 39 3 38 0 37 0 36 19 
8 38 3 37 0 36 0 35 19 
8 39 3 38 0 37 0 36 19 
8 38 2 37 0 36 0 35 19 
8 38 2 37 0 36 0 35 19 
SCORES_TXT_END_0
SCORES_TXT_BEGIN_0 100 100 9 BLEU
10 30 2 29 0 28 0 27 25 
10 31 2 30 0 29 0 28 25 
10 30 2 29 0 28 0 27 25 
10 31 2 30 0 29 0 28 25 
10 30 2 29 0 28 0 27 25 
10 31 2 30 0 29 0 28 25 
10 30 2 29 0 28 0 27 25 
10 30 2 29 0 28 0 27 25 
10 31 2 30 0 29 0 28 25 
10 31 2 30 0 29 0 28 25 
10 30 2 29 0 28 0 27 25 
10 30 2 29 0 28 0 27 25 
10 30 2 29 0 28 0 27 25 
10 30 2 29 0 28 0 27 25 
10 30 2 29 0 28 0 27 25 
10 30 2 29 0 28 0 27 25 
10 30 2 29 0 28 0 27 25 
10 30 2 29 0 28 0 27 25 
10 31 2 30 0 29 0 28 25 
9 30 3 29 1 28 0 27 25 
9 31 3 30 1 29 0 28 25 
10 30 2 29 0 28 0 27 25 
10 30 2 29 0 28 0 27 25 
10 31 2 30 0 29 0 28 25 
9 30 3 29 1 28 0 27 25 
10 30 2 29 0 28 0 27 25 
9 31 3 30 1 29 0 28 25 
10 30 2 29 0 28 0 27 25 
10 31 2 30 0 29 0 28 25 
9 30 3 29 1 28 0 27 25 
10 31 2 30 0 29 0 28 25 
9 30 3 29 1 28 0 27 25 
9 31 3 30 1 29 0 28 25 
9 31 3 30 1 29 0 28 25 
10 30 2 29 0 28 0 27 25 
10 30 2 29 0 28 0 27 25 
10 31 2 30 0 29 0 28 25 
10 31 2 30 0 29 0 28 25 
10 30 2 29 0 28 0 27 25 
9 30 3 29 1 28 0 27 25 
10 30 2 29 0 28 0 27 25 
10 30 2 29 0 28 0 27 25 
10 30 2 29 0 28 0 27 25 
9 31 3 30 1 29 0 28 25 
10 30 2 29 0 28 0 27 25 
10 30 2 29 0 28 0 27 25 
10 31 2 30 0 29 0 28 25 
10 31 2 30 0 29 0 28 25 
10 31 2 30 0 29 0 28 25 
10 30 2 29 0 28 0 27 25 
9 30 3 29 1 28 0 27 25 
10 30 2 29 0 28 0 27 25 
10 30 2 29 0 28 0 27 25 
10 30 2 29 0 28 0 27 25 
11 30 2 29 0 28 0 27 25 
10 30 2 29 0 28 0 27 25 
9 31 3 30 1 29 0 28 25 
10 30 2 29 0 28 0 27 25 
11 29 2 28 0 27 0 26 25 
10 30 2 29 0 28 0 27 25 
10 30 2 29 0 28 0 27 25 
11 31 2 30 0 29 0 28 25 
10 30 2 29 0 28 0 27 25 
11 30 2 29 0 28 0 27 25 
10 31 2 30 0 29 0 28 25 
10 31 2 30 0 29 0 28 25 
10 30 2 29 0 28 0 27 25 
10 30 2 29 0 28 0 27 25 
10 31 2 30 0 29 0 28 25 
9 30 3 29 1 28 0 27 25 
10 30 2 29 0 28 0 27 25 
10 31 2 30 0 29 0 28 25 
10 30 2 29 0 28 0 27 25 
10 30 1 29 0 28 0 27 25 
9 30 3 29 1 28 0 27 25 
10 30 2 29 0 28 0 27 25 
10 30 1 29 0 28 0 27 25 
11 30 2 29 0 28 0 27 25 
9 31 3 30 1 29 0 28 25 
10 30 2 29 0 28 0 27 25 
11 29 2 28 0 27 0 26 25 
10 31 1 30 0 29 0 28 25 
9 31 3 30 1 29 0 28 25 
10 31 2 30 0 29 0 28 25 
10 31 1 30 0 29 0 28 25 
11 31 2 30 0 29 0 28 25 
10 30 2 29 0 28 0 27 25 
10 30 2 29 0 28 0 27 25 
10 30 2 29 0 28 0 27 25 
11 30 2 29 0 28 0 27 25 
9 30 3 29 1 28 0 27 25 
10 29 3 28 1 27 0 26 25 
11 30 2 29 0 28 0 27 25 
10 30 2 29 0 28 0 27 25 
10 30 2 29 0 28 0 27 25 
11 29 2 28 0 27 0 26 25 
10 30 2 29 0 28 0 27 25 
10 30 3 29 1 28 0 27 25 
11 31 2 30 0 29 0 28 25 
10 30 2 29 0 28 0 27 25 
SCORES_TXT_END_0
SCORES_TXT_BEGIN_0 101 78 9 BLEU
7 37 1 36 0 35 0 34 25 
7 37 1 36 0 35 0 34 25 
7 38 0 37 0 36 0 35 25 
7 37 1 36 0 35 0 34 25 
7 37 1 36 0 35 0 34 25 
7 37 1 36 0 35 0 34 25 
7 38 1 37 0 36 0 35 25 
7 38 1 37 0 36 0 35 25 
7 37 1 36 0 35 0 34 25 
7 37 1 36 0 35 0 34 25 
7 37 1 36 0 35 0 34 25 
7 37 1 36 0 35 0 34 25 
7 37 1 36 0 35 0 34 25 
7 37 1 36 0 35 0 34 25 
7 38 1 37 0 36 0 35 25 
7 37 0 36 0 35 0 34 25 
7 37 0 36 0 35 0 34 25 
7 37 1 36 0 35 0 34 25 
7 37 1 36 0 35 0 34 25 
7 37 1 36 0 35 0 34 25 
7 38 1 37 0 36 0 35 25 
7 37 1 36 0 35 0 34 25 
7 37 1 36 0 35 0 34 25 
7 37 0 36 0 35 0 34 25 
7 38 1 37 0 36 0 35 25 
7 38 0 37 0 36 0 35 25 
7 38 1 37 0 36 0 35 25 
7 38 1 37 0 36 0 35 25 
7 37 0 36 0 35 0 34 25 
7 38 1 37 0 36 0 35 25 
7 37 1 36 0 35 0 34 25 
7 37 1 36 0 35 0 34 25 
7 37 1 36 0 35 0 34 25 
7 37 1 36 0 35 0 34 25 
7 38 1 37 0 36 0 35 25 
7 37 1 36 0 35 0 34 25 
7 37 1 36 0 35 0 34 25 
7 37 1 36 0 35 0 34 25 
7 37 1 36 0 35 0 34 25 
7 37 1 36 0 35 0 34 25 
7 37 1 36 0 35 0 34 25 
7 37 0 36 0 35 0 34 25 
7 38 1 37 0 36 0 35 25 
7 38 0 37 0 36 0 35 25 
7 38 1 37 0 36 0 35 25 
7 37 1 36 0 35 0 34 25 
7 37 0 36 0 35 0 34 25 
7 38 1 37 0 36 0 35 25 
7 37 0 36 0 35 0 34 25 
7 38 1 37 0 36 0 35 25 
7 37 1 36 0 35 0 34 25 
7 37 1 36 0 35 0 34 25 
7 37 1 36 0 35 0 34 25 
7 37 1 36 0 35 0 34 25 
7 37 0 36 0 35 0 34 25 
7 37 1 36 0 35 0 34 25 
7 37 0 36 0 35 0 34 25 
7 37 1 36 0 35 0 34 25 
7 38 1 37 0 36 0 35 25 
7 38 1 37 0 36 0 35 25 
7 37 1 36 0 35 0 34 25 
7 38 1 37 0 36 0 35 25 
7 38 1 37 0 36 0 35 25 
7 37 1 36 0 35 0 34 25 
7 38 1 37 0 36 0 35 25 
7 38 1 37 0 36 0 35 25 
7 37 1 36 0 35 0 34 25 
7 37 0 36 0 35 0 34 25 
7 38 0 37 0 36 0 35 25 
7 37 1 36 0 35 0 34 25 
7 37 1 36 0 35 0 34 25 
7 38 1 37 0 36 0 35 25 
7 37 0 36 0 35 0 34 25 
7 37 1 36 0 35 0 34 25 
7 38 1 37 0 36 0 35 25 
7 37 1 36 0 35 0 34 25 
7 38 0 37 0 36 0 35 25 
7 38 1 37 0 36 0 35 25 
SCORES_TXT_END_0
SCORES_TXT_BEGIN_0 102 77 9 BLEU
20 57 1 56 0 55 0 54 56 
20 57 1 56 0 55 0 54 56 
20 57 1 56 0 55 0 54 56 
20 57 1 56 0 55 0 54 56 
20 57 1 56 0 55 0 54 56 
20 59 1 58 0 57 0 56 56 
20 57 1 56 0 55 0 54 56 
20 57 1 56 0 55 0 54 56 
20 57 1 56 0 55 0 54 56 
20 58 1 57 0 56 0 55 56 
20 58 1 57 0 56 0 55 56 
20 57 1 56 0 55 0 54 56 
20 57 1 56 0 55 0 54 56 
20 57 1 56 0 55 0 54 56 
20 57 1 56 0 55 0 54 56 
20 57 1 56 0 55 0 54 56 
20 58 1 57 0 56 0 55 56 
20 58 1 57 0 56 0 55 56 
20 59 2 58 0 57 0 56 56 
20 57 1 56 0 55 0 54 56 
20 57 1 56 0 55 0 54 56 
20 57 1 56 0 55 0 54 56 
20 57 1 56 0 55 0 54 56 
20 57 1 56 0 55 0 54 56 
20 59 1 58 0 57 0 56 56 
20 57 1 56 0 55 0 54 56 
20 58 1 57 0 56 0 55 56 
20 57 1 56 0 55 0 54 56 
20 59 2 58 0 57 0 56 56 
19 56 1 55 0 54 0 53 56 
20 59 2 58 0 57 0 56 56 
20 57 1 56 0 55 0 54 56 
20 58 1 57 0 56 0 55 56 
20 59 2 58 0 57 0 56 56 
20 58 1 57 0 56 0 55 56 
20 59 1 58 0 57 0 56 56 
20 57 1 56 0 55 0 54 56 
20 57 1 56 0 55 0 54 56 
20 58 1 57 0 56 0 55 56 
20 57 1 56 0 55 0 54 56 
20 57 1 56 0 55 0 54 56 
20 59 1 58 0 57 0 56 56 
20 57 1 56 0 55 0 54 56 
20 59 1 58 0 57 0 56 56 
20 57 1 56 0 55 0 54 56 
20 58 1 57 0 56 0 55 56 
19 56 1 55 0 54 0 53 56 
20 57 1 56 0 55 0 54 56 
20 58 1 57 0 56 0 55 56 
19 56 1 55 0 54 0 53 56 
20 58 1 57 0 56 0 55 56 
20 59 1 58 0 57 0 56 56 
20 59 1 58 0 57 0 56 56 
20 58 1 57 0 56 0 55 56 
20 57 1 56 0 55 0 54 56 
20 59 2 58 0 57 0 56 56 
20 58 1 57 0 56 0 55 56 
20 59 2 58 0 57 0 56 56 
20 57 1 56 0 55 0 54 56 
20 58 1 57 0 56 0 55 56 
20 57 1 56 0 55 0 54 56 
20 57 1 56 0 55 0 54 56 
20 57 1 56 0 55 0 54 56 
20 57 1 56 0 55 0 54 56 
20 57 1 56 0 55 0 54 56 
20 58 1 57 0 56 0 55 56 
20 57 1 56 0 55 0 54 56 
20 58 1 57 0 56 0 55 56 
20 58 1 57 0 56 0 55 56 
20 57 1 56 0 55 0 54 56 
19 56 1 55 0 54 0 53 56 
20 57 1 56 0 55 0 54 56 
20 57 1 56 0 55 0 54 56 
20 57 1 56 0 55 0 54 56 
20 59 1 58 0 57 0 56 56 
20 59 1 58 0 57 0 56 56 
19 56 1 55 0 54 0 53 56 
SCORES_TXT_END_0
SCORES_TXT_BEGIN_0 103 86 9 BLEU
10 52 0 51 0 50 0 49 28 
11 52 0 51 0 50 0 49 28 
10 52 0 51 0 50 0 49 28 
10 52 0 51 0 50 0 49 28 
10 52 0 51 0 50 0 49 28 
10 52 0 51 0 50 0 49 28 
10 52 0 51 0 50 0 49 28 
10 52 0 51 0 50 0 49 28 
10 52 0 51 0 50 0 49 28 
10 52 0 51 0 50 0 49 28 
10 52 0 51 0 50 0 49 28 
10 52 0 51 0 50 0 49 28 
10 52 0 51 0 50 0 49 28 
10 52 0 51 0 50 0 49 28 
10 52 0 51 0 50 0 49 28 
10 52 0 51 0 50 0 49 28 
10 52 0 51 0 50 0 49 28 
10 52 0 51 0 50 0 49 28 
10 52 0 51 0 50 0 49 28 
11 52 0 51 0 50 0 49 28 
10 52 0 51 0 50 0 49 28 
9 52 0 51 0 50 0 49 28 
10 52 0 51 0 50 0 49 28 
10 52 0 51 0 50 0 49 28 
10 52 0 51 0 50 0 49 28 
10 52 0 51 0 50 0 49 28 
10 52 0 51 0 50 0 49 28 
10 52 0 51 0 50 0 49 28 
10 52 0 51 0 50 0 49 28 
11 52 0 51 0 50 0 49 28 
10 52 0 51 0 50 0 49 28 
11 52 0 51 0 50 0 49 28 
11 52 0 51 0 50 0 49 28 
10 52 0 51 0 50 0 49 28 
10 52 0 51 0 50 0 49 28 
10 52 0 51 0 50 0 49 28 
10 52 0 51 0 50 0 49 28 
10 52 0 51 0 50 0 49 28 
10 52 0 51 0 50 0 49 28 
10 52 0 51 0 50 0 49 28 
10 52 0 51 0 50 0 49 28 
11 52 0 51 0 50 0 49 28 
10 52 0 51 0 50 0 49 28 
10 52 0 51 0 50 0 49 28 
10 52 0 51 0 50 0 49 28 
11 52 0 51 0 50 0 49 28 
10 52 0 51 0 50 0 49 28 
10 52 0 51 0 50 0 49 28 
11 52 0 51 0 50 0 49 28 
10 52 0 51 0 50 0 49 28 
10 52 0 51 0 50 0 49 28 
10 52 0 51 0 50 0 49 28 
10 52 0 51 0 50 0 49 28 
10 52 0 51 0 50 0 49 28 
10 52 0 51 0 50 0 49 28 
10 52 0 51 0 50 0 49 28 
10 52 0 51 0 50 0 49 28 
10 52 0 51 0 50 0 49 28 
10 52 0 51 0 50 0 49 28 
9 52 0 51 0 50 0 49 28 
10 52 0 51 0 50 0 49 28 
9 52 0 51 0 50 0 49 28 
10 52 0 51 0 50 0 49 28 
11 52 0 51 0 50 0 49 28 
11 52 0 51 0 50 0 49 28 
10 52 0 51 0 50 0 49 28 
10 52 0 51 0 50 0 49 28 
10 52 0 51 0 50 0 49 28 
10 52 0 51 0 50 0 49 28 
10 52 0 51 0 50 0 49 28 
10 52 0 51 0 50 0 49 28 
11 52 0 51 0 50 0 49 28 
10 52 0 51 0 50 0 49 28 
10 52 0 51 0 50 0 49 28 
11 52 0 51 0 50 0 49 28 
10 52 0 51 0 50 0 49 28 
10 52 0 51 0 50 0 49 28 
10 52 0 51 0 50 0 49 28 
10 52 0 51 0 50 0 49 28 
11 52 0 51 0 50 0 49 28 
10 52 0 51 0 50 0 49 28 
9 52 0 51 0 50 0 49 28 
10 52 0 51 0 50 0 49 28 
10 52 0 51 0 50 0 49 28 
10 52 0 51 0 50 0 49 28 
10 52 0 51 0 50 0 49 28 
SCORES_TXT_END_0
SCORES_TXT_BEGIN_0 104 85 9 BLEU
9 33 0 32 0 31 0 30 29 
9 33 1 32 0 31 0 30 29 
10 34 0 33 0 32 0 31 29 
10 34 1 33 0 32 0 31 29 
9 34 1 33 0 32 0 31 29 
9 34 2 33 0 32 0 31 29 
10 33 2 32 1 31 0 30 29 
10 33 3 32 1 31 0 30 29 
9 33 0 32 0 31 0 30 29 
9 33 1 32 0 31 0 30 29 
10 32 1 31 0 30 0 29 29 
10 32 2 31 0 30 0 29 29 
9 33 1 32 0 31 0 30 29 
10 34 1 33 0 32 0 31 29 
10 33 2 32 1 31 0 30 29 
10 33 3 32 1 31 0 30 29 
9 33 1 32 0 31 0 30 29 
9 33 1 32 0 31 0 30 29 
10 34 1 33 0 32 0 31 29 
9 34 2 33 0 32 0 31 29 
9 33 0 32 0 31 0 30 29 
9 34 2 33 0 32 0 31 29 
9 33 1 32 0 31 0 30 29 
10 34 0 33 0 32 0 31 29 
10 34 1 33 0 32 0 31 29 
9 33 0 32 0 31 0 30 29 
9 33 1 32 0 31 0 30 29 
10 33 3 32 1 31 0 30 29 
9 34 2 33 0 32 0 31 29 
9 34 2 33 0 32 0 31 29 
9 33 1 32 0 31 0 30 29 
9 34 1 33 0 32 0 31 29 
10 32 2 31 0 30 0 29 29 
9 33 0 32 0 31 0 30 29 
9 34 2 33 0 32 0 31 29 
10 33 2 32 1 31 0 30 29 
10 33 3 32 1 31 0 30 29 
10 33 2 32 0 31 0 30 29 
10 33 1 32 0 31 0 30 29 
10 34 0 33 0 32 0 31 29 
10 33 2 32 1 31 0 30 29 
10 33 3 32 1 31 0 30 29 
9 33 1 32 0 31 0 30 29 
9 34 1 33 0 32 0 31 29 
10 33 3 32 1 31 0 30 29 
10 32 2 31 0 30 0 29 29 
10 34 1 33 0 32 0 31 29 
9 33 0 32 0 31 0 30 29 
9 33 1 32 0 31 0 30 29 
10 32 1 31 0 30 0 29 29 
10 33 2 32 1 31 0 30 29 
10 33 3 32 1 31 0 30 29 
10 33 2 32 1 31 0 30 29 
10 33 2 32 1 31 0 30 29 
10 33 3 32 1 31 0 30 29 
9 33 1 32 0 31 0 30 29 
9 33 1 32 0 31 0 30 29 
10 34 1 33 0 32 0 31 29 
9 34 1 33 0 32 0 31 29 
10 32 2 31 0 30 0 29 29 
9 33 0 32 0 31 0 30 29 
10 32 1 31 0 30 0 29 29 
10 33 3 32 1 31 0 30 29 
10 34 1 33 0 32 0 31 29 
9 33 0 32 0 31 0 30 29 
9 32 1 31 0 30 0 29 29 
9 33 1 32 0 31 0 30 29 
9 32 2 31 0 30 0 29 29 
10 34 0 33 0 32 0 31 29 
9 34 0 33 0 32 0 31 29 
10 34 1 33 0 32 0 31 29 
10 34 1 33 0 32 0 31 29 
10 33 2 32 1 31 0 30 29 
10 33 2 32 1 31 0 30 29 
10 33 3 32 1 31 0 30 29 
9 33 1 32 0 31 0 30 29 
8 33 0 32 0 31 0 30 29 
9 33 1 32 0 31 0 30 29 
9 33 1 32 0 31 0 30 29 
9 34 2 33 0 32 0 31 29 
10 33 2 32 1 31 0 30 29 
10 33 3 32 1 31 0 30 29 
10 33 2 32 1 31 0 30 29 
9 33 0 32 0 31 0 30 29 
10 33 3 32 1 31 0 30 29 
SCORES_TXT_END_0
SCORES_TXT_BEGIN_0 105 46 9 BLEU
0 17 0 16 0 15 0 14 11 
0 17 0 16 0 15 0 14 11 
0 17 0 16 0 15 0 14 11 
0 17 0 16 0 15 0 14 11 
0 17 0 16 0 15 0 14 11 
0 17 0 16 0 15 0 14 11 
0 17 0 16 0 15 0 14 11 
0 17 0 16 0 15 0 14 11 
0 17 0 16 0 15 0 14 11 
0 17 0 16 0 15 0 14 11 
0 17 0 16 0 15 0 14 11 
0 17 0 16 0 15 0 14 11 
0 17 0 16 0 15 0 14 11 
0 17 0 16 0 15 0 14 11 
0 17 0 16 0 15 0 14 11 
0 17 0 16 0 15 0 14 11 
0 17 0 16 0 15 0 14 11 
0 17 0 16 0 15 0 14 11 
0 17 0 16 0 15 0 14 11 
0 17 0 16 0 15 0 14 11 
0 17 0 16 0 15 0 14 11 
0 17 0 16 0 15 0 14 11 
0 17 0 16 0 15 0 14 11 
0 17 0 16 0 15 0 14 11 
0 17 0 16 0 15 0 14 11 
0 17 0 16 0 15 0 14 11 
0 17 0 16 0 15 0 14 11 
0 17 0 16 0 15 0 14 11 
0 17 0 16 0 15 0 14 11 
0 17 0 16 0 15 0 14 11 
0 17 0 16 0 15 0 14 11 
0 17 0 16 0 15 0 14 11 
0 17 0 16 0 15 0 14 11 
0 17 0 16 0 15 0 14 11 
0 17 0 16 0 15 0 14 11 
0 17 0 16 0 15 0 14 11 
0 17 0 16 0 15 0 14 11 
0 17 0 16 0 15 0 14 11 
0 17 0 16 0 15 0 14 11 
0 17 0 16 0 15 0 14 11 
0 17 0 16 0 15 0 14 11 
0 17 0 16 0 15 0 14 11 
0 17 0 16 0 15 0 14 11 
0 17 0 16 0 15 0 14 11 
0 17 0 16 0 15 0 14 11 
0 17 0 16 0 15 0 14 11 
SCORES_TXT_END_0
SCORES_TXT_BEGIN_0 106 97 9 BLEU
2 16 0 15 0 14 0 13 10 
2 16 0 15 0 14 0 13 10 
2 16 0 15 0 14 0 13 10 
2 16 0 15 0 14 0 13 10 
2 16 0 15 0 14 0 13 10 
2 16 0 15 0 14 0 13 10 
2 16 0 15 0 14 0 13 10 
2 16 0 15 0 14 0 13 10 
2 16 0 15 0 14 0 13 10 
2 16 0 15 0 14 0 13 10 
2 16 0 15 0 14 0 13 10 
2 16 0 15 0 14 0 13 10 
2 16 0 15 0 14 0 13 10 
2 16 0 15 0 14 0 13 10 
2 16 0 15 0 14 0 13 10 
2 16 0 15 0 14 0 13 10 
2 16 0 15 0 14 0 13 10 
2 16 0 15 0 14 0 13 10 
2 16 0 15 0 14 0 13 10 
2 16 0 15 0 14 0 13 10 
2 16 0 15 0 14 0 13 10 
2 16 0 15 0 14 0 13 10 
2 16 0 15 0 14 0 13 10 
2 16 0 15 0 14 0 13 10 
2 16 0 15 0 14 0 13 10 
2 16 0 15 0 14 0 13 10 
2 16 0 15 0 14 0 13 10 
2 16 0 15 0 14 0 13 10 
2 16 0 15 0 14 0 13 10 
2 16 0 15 0 14 0 13 10 
2 16 0 15 0 14 0 13 10 
2 16 0 15 0 14 0 13 10 
2 16 0 15 0 14 0 13 10 
2 16 0 15 0 14 0 13 10 
2 16 0 15 0 14 0 13 10 
2 16 0 15 0 14 0 13 10 
2 16 0 15 0 14 0 13 10 
2 16 0 15 0 14 0 13 10 
2 16 0 15 0 14 0 13 10 
2 16 0 15 0 14 0 13 10 
2 16 0 15 0 14 0 13 10 
2 16 0 15 0 14 0 13 10 
2 16 0 15 0 14 0 13 10 
2 16 0 15 0 14 0 13 10 
2 16 0 15 0 14 0 13 10 
2 16 0 15 0 14 0 13 10 
2 16 0 15 0 14 0 13 10 
2 16 0 15 0 14 0 13 10 
2 16 0 15 0 14 0 13 10 
2 16 0 15 0 14 0 13 10 
2 16 0 15 0 14 0 13 10 
2 16 0 15 0 14 0 13 10 
2 16 0 15 0 14 0 13 10 
2 16 0 15 0 14 0 13 10 
2 16 0 15 0 14 0 13 10 
2 16 0 15 0 14 0 13 10 
2 16 0 15 0 14 0 13 10 
2 16 0 15 0 14 0 13 10 
2 16 0 15 0 14 0 13 10 
2 16 0 15 0 14 0 13 10 
2 16 0 15 0 14 0 13 10 
2 16 0 15 0 14 0 13 10 
2 16 0 15 0 14 0 13 10 
2 16 0 15 0 14 0 13 10 
2 16 0 15 0 14 0 13 10 
2 16 0 15 0 14 0 13 10 
2 16 0 15 0 14 0 13 10 
2 16 0 15 0 14 0 13 10 
2 16 0 15 0 14 0 13 10 
2 16 0 15 0 14 0 13 10 
2 16 0 15 0 14 0 13 10 
2 16 0 15 0 14 0 13 10 
2 16 0 15 0 14 0 13 10 
2 16 0 15 0 14 0 13 10 
2 16 0 15 0 14 0 13 10 
2 16 0 15 0 14 0 13 10 
2 16 0 15 0 14 0 13 10 
2 16 0 15 0 14 0 13 10 
2 16 0 15 0 14 0 13 10 
2 16 0 15 0 14 0 13 10 
2 16 0 15 0 14 0 13 10 
2 16 0 15 0 14 0 13 10 
2 16 0 15 0 14 0 13 10 
2 16 0 15 0 14 0 13 10 
2 16 0 15 0 14 0 13 10 
2 16 0 15 0 14 0 13 10 
2 16 0 15 0 14 0 13 10 
2 16 0 15 0 14 0 13 10 
2 16 0 15 0 14 0 13 10 
2 16 0 15 0 14 0 13 10 
2 16 0 15 0 14 0 13 10 
2 16 0 15 0 14 0 13 10 
2 16 0 15 0 14 0 13 10 
2 16 0 15 0 14 0 13 10 
2 16 0 15 0 14 0 13 10 
2 16 0 15 0 14 0 13 10 
2 16 0 15 0 14 0 13 10 
SCORES_TXT_END_0
