FEATURES_TXT_BEGIN_0 0 91 8 Distortion0_0 LM0_0 WordPenalty0_0 PhrasePenalty0_0 TranslationModel0_0 TranslationModel0_1 TranslationModel0_2 TranslationModel0_3 
-80 -158.55 -27 26 -50.4726 -55.405 -15.6843 -38.9887 
-76 -158.55 -27 26 -50.4726 -55.405 -15.6843 -38.9887 
-74 -158.55 -27 26 -50.4726 -55.405 -15.6843 -38.9887 
-74 -158.673 -27 26 -50.4726 -55.405 -15.6843 -38.9887 
-80 -160.336 -27 25 -48.3407 -54.5879 -15.5363 -39.6705 
-72 -158.673 -27 26 -50.4726 -55.405 -15.6843 -38.9887 
-82 -159.269 -27 26 -50.4726 -55.405 -15.6843 -38.9887 
-68 -158.55 -27 26 -50.4726 -55.405 -15.6843 -38.9887 
-70 -158.673 -27 26 -50.4726 -55.405 -15.6843 -38.9887 
-76 -160.336 -27 25 -48.3407 -54.5879 -15.5363 -39.6705 
-66 -158.55 -27 26 -50.4726 -55.405 -15.6843 -38.9887 
-68 -158.673 -27 26 -50.4726 -55.405 -15.6843 -38.9887 
-90 -161.176 -27 26 -48.8558 -55.1308 -16.0898 -39.9129 
-78 -159.269 -27 26 -50.4726 -55.405 -15.6843 -38.9887 
-74 -160.336 -27 25 -48.3407 -54.5879 -15.5363 -39.6705 
-82 -159.6 -27 26 -50.4726 -55.405 -15.6843 -38.9887 
-76 -159.269 -27 26 -50.4726 -55.405 -15.6843 -38.9887 
-76 -159.904 -27 26 -51.5712 -55.9544 -14.9911 -38.7522 
-74 -160.458 -27 25 -48.3407 -54.5879 -15.5363 -39.6705 
-72 -159.105 -27 26 -50.4726 -55.405 -15.6843 -38.9887 
-76 -159.391 -27 26 -50.4726 -55.405 -15.6843 -38.9887 
-74 -158.837 -28 26 -46.1631 -55.8697 -15.6843 -42.1322 
-72 -160.458 -27 25 -48.3407 -54.5879 -15.5363 -39.6705 
-78 -159.552 -27 26 -50.4726 -55.405 -15.6843 -38.9887 
-70 -159.105 -27 26 -50.4726 -55.405 -15.6843 -38.9887 
-72 -159.822 -27 26 -51.5712 -55.9544 -14.9911 -38.7522 
-82 -161.055 -27 25 -48.3407 -54.5879 -15.5363 -39.6705 
-78 -159.6 -27 26 -50.4726 -55.405 -15.6843 -38.9887 
-78 -160.275 -27 26 -50.4726 -55.405 -15.6843 -38.9887 
-74 -159.391 -27 26 -50.4726 -55.405 -15.6843 -38.9887 
-72 -159.904 -27 26 -51.5712 -55.9544 -14.9911 -38.7522 
-72 -158.837 -28 26 -46.1631 -55.8697 -15.6843 -42.1322 
-68 -160.336 -27 25 -48.3407 -54.5879 -15.5363 -39.6705 
-70 -160.458 -27 25 -48.3407 -54.5879 -15.5363 -39.6705 
-76 -159.552 -27 26 -50.4726 -55.405 -15.6843 -38.9887 
-70 -159.269 -27 26 -50.4726 -55.405 -15.6843 -38.9887 
-72 -159.391 -27 26 -50.4726 -55.405 -15.6843 -38.9887 
-70 -159.904 -27 26 -51.5712 -55.9544 -14.9911 -38.7522 
-70 -158.837 -28 26 -46.1631 -55.8697 -15.6843 -42.1322 
-66 -160.336 -27 25 -48.3407 -54.5879 -15.5363 -39.6705 
-68 -160.458 -27 25 -48.3407 -54.5879 -15.5363 -39.6705 
-72 -160.133 -27 26 -48.8558 -55.1308 -16.0898 -39.9129 
-74 -159.552 -27 26 -50.4726 -55.405 -15.6843 -38.9887 
-66 -159.105 -27 26 -50.4726 -55.405 -15.6843 -38.9887 
-68 -159.822 -27 26 -51.5712 -55.9544 -14.9911 -38.7522 
-78 -161.055 -27 25 -48.3407 -54.5879 -15.5363 -39.6705 
-74 -159.6 -27 26 -50.4726 -55.405 -15.6843 -38.9887 
-68 -159.269 -27 26 -50.4726 -55.405 -15.6843 -38.9887 
-70 -159.391 -27 26 -50.4726 -55.405 -15.6843 -38.9887 
-72 -161.177 -27 25 -48.3407 -54.5879 -15.5363 -39.6705 
-68 -158.837 -28 26 -46.1631 -55.8697 -15.6843 -42.1322 
-72 -160.311 -27 24 -45.3439 -58.0136 -16.9781 -45.4532 
-70 -160.027 -27 26 -51.5712 -55.9544 -14.9911 -38.7522 
-72 -159.552 -27 26 -50.4726 -55.405 -15.6843 -38.9887 
-70 -161.055 -27 25 -48.3407 -54.5879 -15.5363 -39.6705 
-82 -161.386 -27 25 -48.3407 -54.5879 -15.5363 -39.6705 
-66 -159.822 -27 26 -51.5712 -55.9544 -14.9911 -38.7522 
-66 -159.227 -27 26 -50.4726 -55.405 -15.6843 -38.9887 
-76 -161.055 -27 25 -48.3407 -54.5879 -15.5363 -39.6705 
-72 -160.89 -27 25 -48.3407 -54.5879 -15.5363 -39.6705 
-84 -160.522 -27 26 -48.8558 -55.1308 -16.0898 -39.9129 
-68 -160.027 -27 26 -51.5712 -55.9544 -14.9911 -38.7522 
-78 -160.623 -27 26 -51.5712 -55.9544 -14.9911 -38.7522 
-64 -159.227 -27 26 -50.4726 -55.405 -15.6843 -38.9887 
-62 -159.945 -27 26 -51.5712 -55.9544 -14.9911 -38.7522 
-66 -159.945 -27 26 -51.5712 -55.9544 -14.9911 -38.7522 
-76 -160.311 -27 24 -45.3439 -58.0136 -16.9781 -45.4532 
-76 -161.177 -27 25 -48.3407 -54.5879 -15.5363 -39.6705 
-76 -160.133 -27 26 -48.8558 -55.1308 -16.0898 -39.9129 
-74 -159.823 -27 26 -50.4726 -55.405 -15.6843 -38.9887 
-74 -160.623 -28 25 -44.0312 -55.0526 -15.5363 -42.814 
-78 -161.338 -27 25 -48.3407 -54.5879 -15.5363 -39.6705 
-70 -160.89 -27 25 -48.3407 -54.5879 -15.5363 -39.6705 
-64 -159.904 -27 26 -51.5712 -55.9544 -14.9911 -38.7522 
-66 -160.027 -27 26 -51.5712 -55.9544 -14.9911 -38.7522 
-60 -159.105 -27 26 -50.4726 -55.405 -15.6843 -38.9887 
-78 -161.386 -27 25 -48.3407 -54.5879 -15.5363 -39.6705 
-60 -159.227 -27 26 -50.4726 -55.405 -15.6843 -38.9887 
-62 -159.227 -27 26 -50.4726 -55.405 -15.6843 -38.9887 
-64 -159.945 -27 26 -51.5712 -55.9544 -14.9911 -38.7522 
-74 -161.177 -27 25 -48.3407 -54.5879 -15.5363 -39.6705 
-72 -159.823 -27 26 -50.4726 -55.405 -15.6843 -38.9887 
-74 -160.541 -27 26 -51.5712 -55.9544 -14.9911 -38.7522 
-72 -160.623 -28 25 -44.0312 -55.0526 -15.5363 -42.814 
-76 -161.338 -27 25 -48.3407 -54.5879 -15.5363 -39.6705 
-80 -160.522 -27 26 -48.8558 -55.1308 -16.0898 -39.9129 
-62 -159.904 -27 26 -51.5712 -55.9544 -14.9911 -38.7522 
-64 -160.027 -27 26 -51.5712 -55.9544 -14.9911 -38.7522 
-74 -160.623 -27 26 -51.5712 -55.9544 -14.9911 -38.7522 
-58 -159.105 -27 26 -50.4726 -55.405 -15.6843 -38.9887 
-60 -159.822 -27 26 -51.5712 -55.9544 -14.9911 -38.7522 
FEATURES_TXT_END_0
FEATURES_TXT_BEGIN_0 1 34 8 Distortion0_0 LM0_0 WordPenalty0_0 PhrasePenalty0_0 TranslationModel0_0 TranslationModel0_1 TranslationModel0_2 TranslationModel0_3 
-127 -235.715 -44 44 -79.9635 -101.798 -34.0244 -89.9327 
-133 -237.007 -44 44 -80.2468 -103.259 -34.0106 -90.7587 
-127 -236.245 -44 44 -79.1482 -100.783 -34.0106 -88.8869 
-127 -237.201 -44 44 -79.1482 -100.783 -34.0106 -88.8869 
-125 -235.715 -44 44 -79.9635 -101.798 -34.0244 -89.9327 
-129 -236.767 -44 44 -80.2468 -103.259 -34.0106 -90.7587 
-125 -236.245 -44 44 -79.1482 -100.783 -34.0106 -88.8869 
-133 -236.992 -44 44 -80.2468 -103.259 -34.0106 -90.7587 
-123 -235.715 -44 44 -79.9635 -101.798 -34.0244 -89.9327 
-135 -237.147 -44 44 -79.9635 -101.798 -34.0244 -89.9327 
-133 -236.476 -44 44 -81.0621 -104.273 -34.0244 -91.8045 
-127 -236.67 -44 44 -79.9635 -101.798 -34.0244 -89.9327 
-131 -237.379 -44 44 -79.1482 -100.783 -34.0106 -88.8869 
-129 -236.236 -44 44 -81.0621 -104.273 -34.0244 -91.8045 
-123 -236.245 -44 44 -79.1482 -100.783 -34.0106 -88.8869 
-133 -236.462 -44 44 -81.0621 -104.273 -34.0244 -91.8045 
-139 -237.823 -44 44 -79.1482 -100.783 -34.0106 -88.8869 
-129 -237.201 -44 44 -79.1482 -100.783 -34.0106 -88.8869 
-131 -236.767 -44 44 -80.2468 -103.259 -34.0106 -90.7587 
-137 -237.147 -44 44 -79.9635 -101.798 -34.0244 -89.9327 
-121 -235.715 -44 44 -79.9635 -101.798 -34.0244 -89.9327 
-129 -236.67 -44 44 -79.9635 -101.798 -34.0244 -89.9327 
-131 -236.236 -44 44 -81.0621 -104.273 -34.0244 -91.8045 
-135 -236.462 -44 44 -81.0621 -104.273 -34.0244 -91.8045 
-121 -236.245 -44 44 -79.1482 -100.783 -34.0106 -88.8869 
-131 -237.201 -44 44 -79.1482 -100.783 -34.0106 -88.8869 
-139 -237.147 -44 44 -79.9635 -101.798 -34.0244 -89.9327 
-131 -236.67 -44 44 -79.9635 -101.798 -34.0244 -89.9327 
-119 -235.715 -44 44 -79.9635 -101.798 -34.0244 -89.9327 
-115 -236.245 -44 44 -79.1482 -100.783 -34.0106 -88.8869 
-137 -236.462 -44 44 -81.0621 -104.273 -34.0244 -91.8045 
-119 -236.245 -44 44 -79.1482 -100.783 -34.0106 -88.8869 
-115 -235.715 -44 44 -79.9635 -101.798 -34.0244 -89.9327 
-139 -236.462 -44 44 -81.0621 -104.273 -34.0244 -91.8045 
FEATURES_TXT_END_0
FEATURES_TXT_BEGIN_0 2 100 8 Distortion0_0 LM0_0 WordPenalty0_0 PhrasePenalty0_0 TranslationModel0_0 TranslationModel0_1 TranslationModel0_2 TranslationModel0_3 
-78 -171.316 -33 32 -52.6395 -78.4198 -25.2151 -82.6613 
-92 -175.369 -33 32 -48.8926 -74.1872 -24.522 -79.8957 
-86 -171.265 -33 32 -53.9136 -79.0765 -25.2151 -82.1505 
-78 -170.66 -33 32 -54.1128 -78.3479 -25.2151 -81.8881 
-92 -174.713 -33 32 -50.3659 -74.1153 -24.522 -79.1225 
-77 -172.212 -33 32 -51.7149 -75.4485 -25.2151 -79.9422 
-91 -176.265 -33 32 -47.968 -71.216 -24.522 -77.1766 
-94 -176.024 -33 32 -48.8926 -74.1872 -24.522 -79.8957 
-88 -171.913 -33 32 -53.9137 -79.0765 -25.2151 -82.1505 
-94 -176.229 -33 32 -48.8926 -74.1872 -24.522 -79.8957 
-78 -171.527 -33 32 -53.9136 -79.0765 -25.2151 -82.1505 
-92 -175.581 -33 32 -50.1668 -74.844 -24.522 -79.3849 
-78 -170.535 -33 32 -52.6342 -78.2594 -26.1658 -82.8323 
-92 -174.589 -33 32 -48.8874 -74.0269 -25.4726 -80.0667 
-90 -176.158 -33 32 -48.8926 -74.1872 -24.522 -79.8957 
-76 -181.796 -32 31 -48.7387 -73.4105 -22.4935 -78.5039 
-90 -185.849 -32 31 -44.9918 -69.1779 -21.8004 -75.7383 
-77 -173.615 -33 32 -52.1203 -76.0985 -24.522 -80.5018 
-91 -177.669 -33 32 -48.3735 -71.866 -23.8289 -77.7362 
-78 -179.64 -32 31 -50.7311 -75.6598 -23.1867 -79.8902 
-92 -183.693 -32 31 -46.9842 -71.4273 -22.4935 -77.1246 
-94 -175.57 -33 32 -50.3659 -74.1153 -24.522 -79.1225 
-82 -171.822 -33 32 -53.9136 -79.0765 -25.2151 -82.1505 
-77 -173.528 -33 32 -50.2416 -75.5204 -25.2151 -80.7154 
-91 -177.581 -33 32 -46.4947 -71.2879 -24.522 -77.9498 
-80 -174.728 -33 32 -47.7177 -70.7183 -25.3329 -77.9704 
-88 -172.94 -33 32 -52.6395 -78.4198 -25.2151 -82.6613 
-77 -171.454 -33 32 -54.1128 -78.3479 -25.2151 -81.8881 
-91 -175.507 -33 32 -50.3659 -74.1153 -24.522 -79.1225 
-94 -175.625 -33 32 -47.7177 -70.7183 -25.3329 -77.9704 
-94 -175.697 -33 32 -50.3659 -74.1153 -24.522 -79.1225 
-84 -181.745 -32 31 -50.0128 -74.0672 -22.4935 -77.9931 
-86 -179.589 -32 31 -52.0053 -76.3166 -23.1867 -79.3794 
-90 -175.502 -33 32 -50.3659 -74.1153 -24.522 -79.1225 
-92 -177.967 -33 32 -46.3276 -74.0049 -24.522 -81.282 
-76 -181.14 -32 31 -50.212 -73.3385 -22.4935 -77.7307 
-90 -185.193 -32 31 -46.4651 -69.106 -21.8004 -74.9651 
-86 -177.717 -33 32 -48.3149 -74.4998 -23.8289 -80.5018 
-78 -178.984 -32 31 -52.2044 -75.5879 -23.1867 -79.117 
-92 -183.037 -32 31 -48.4575 -71.3553 -22.4935 -76.3514 
-86 -175.263 -33 32 -47.7177 -70.7183 -25.3329 -77.9704 
-94 -177.123 -33 32 -47.968 -71.216 -24.522 -77.1766 
-82 -175.124 -33 32 -47.7177 -70.7183 -25.3329 -77.9704 
-88 -172.285 -33 32 -54.1128 -78.3479 -25.2151 -81.8881 
-94 -175.922 -33 32 -50.3659 -74.1153 -24.522 -79.1225 
-77 -172.595 -33 32 -52.6395 -78.4198 -25.2151 -82.6613 
-91 -176.648 -33 32 -48.8926 -74.1872 -24.522 -79.8957 
-96 -176.944 -33 32 -48.8926 -74.1872 -24.522 -79.8957 
-75 -171.822 -33 32 -53.9136 -79.0765 -25.2151 -82.1505 
-89 -175.875 -33 32 -50.1668 -74.844 -24.522 -79.3849 
-96 -173.065 -33 32 -53.9137 -79.0765 -25.2151 -82.1505 
-76 -177.351 -33 32 -46.3276 -74.0049 -24.522 -81.282 
-89 -177.054 -33 32 -47.968 -71.216 -24.522 -77.1766 
-75 -182.692 -32 31 -47.8141 -70.4392 -22.4935 -75.7848 
-89 -186.745 -32 31 -44.0672 -66.2067 -21.8004 -73.0192 
-92 -176.813 -33 32 -48.8926 -74.1872 -24.522 -79.8957 
-84 -176.361 -33 32 -48.8926 -74.1872 -24.522 -79.8957 
-94 -178.237 -33 32 -46.4947 -71.2879 -24.522 -77.9498 
-77 -180.536 -32 31 -49.8065 -72.6885 -23.1867 -77.1711 
-91 -184.589 -32 31 -46.0596 -68.456 -22.4935 -74.4055 
-78 -171.78 -33 32 -51.3601 -77.6027 -26.1658 -83.3431 
-83 -173.062 -33 32 -52.6395 -78.4198 -25.2151 -82.6613 
-92 -186.504 -32 31 -44.9918 -69.1779 -21.8004 -75.7383 
-92 -175.833 -33 32 -47.6132 -73.3702 -25.4726 -80.5775 
-94 -184.348 -32 31 -46.9842 -71.4273 -22.4935 -77.1246 
-90 -178.248 -33 32 -46.3276 -74.0049 -24.522 -81.282 
-86 -177.263 -33 32 -49.7882 -74.4279 -23.8289 -79.7287 
-96 -176.288 -33 32 -50.3659 -74.1153 -24.522 -79.1225 
-87 -173.837 -33 32 -51.7149 -75.4485 -25.2151 -79.9422 
-92 -175.902 -33 32 -48.6598 -75.6756 -25.2151 -82.0552 
-78 -172.898 -33 32 -52.6395 -78.4198 -25.2151 -82.6613 
-92 -176.952 -33 32 -48.8926 -74.1872 -24.522 -79.8957 
-84 -172.565 -33 32 -53.9137 -79.0765 -25.2151 -82.1505 
-98 -177.31 -33 32 -48.8926 -74.1872 -24.522 -79.8957 
-76 -172.804 -33 32 -52.6395 -78.4198 -25.2151 -82.6613 
-82 -177.887 -33 32 -46.3276 -74.0049 -24.522 -81.282 
-94 -178.526 -33 32 -48.3735 -71.866 -23.8289 -77.7362 
-86 -182.393 -32 31 -50.0128 -74.0672 -22.4935 -77.9931 
-78 -172.951 -33 32 -52.6395 -78.4198 -25.2151 -82.6613 
-90 -176.157 -33 32 -50.3073 -76.7492 -24.522 -81.8881 
-91 -173.012 -33 32 -53.9137 -79.0765 -25.2151 -82.1505 
-94 -176.439 -33 32 -50.1668 -74.844 -24.522 -79.3849 
-76 -179.627 -32 31 -50.1813 -75.2425 -23.7066 -79.8301 
-90 -183.68 -32 31 -46.4344 -71.01 -23.0134 -77.0645 
-88 -180.237 -32 31 -52.0053 -76.3166 -23.1867 -79.3794 
-92 -177.018 -33 32 -48.8926 -74.1872 -24.522 -79.8957 
-84 -175.706 -33 32 -50.3659 -74.1153 -24.522 -79.1225 
-92 -177.029 -33 32 -48.8926 -74.1872 -24.522 -79.8957 
-92 -186.709 -32 31 -44.9918 -69.1779 -21.8004 -75.7383 
-83 -172.406 -33 32 -54.1128 -78.3479 -25.2151 -81.8881 
-94 -184.553 -32 31 -46.9842 -71.4273 -22.4935 -77.1246 
-83 -178.114 -33 32 -48.3149 -74.4998 -23.8289 -80.5019 
-92 -176.338 -33 32 -50.3073 -76.7492 -24.522 -81.8881 
-85 -173.421 -33 32 -52.6395 -78.4198 -25.2151 -82.6613 
-78 -177.748 -33 32 -46.3276 -74.0049 -24.522 -81.282 
-90 -175.366 -33 32 -51.7806 -76.6772 -24.522 -81.115 
-86 -176.756 -33 32 -48.8926 -74.1872 -24.522 -79.8957 
-79 -175.408 -33 32 -50.647 -76.1705 -24.522 -81.275 
-84 -176.661 -33 32 -48.8926 -74.1872 -24.522 -79.8957 
-96 -174.093 -33 32 -52.6395 -78.4198 -25.2151 -82.6613 
FEATURES_TXT_END_0
FEATURES_TXT_BEGIN_0 3 68 8 Distortion0_0 LM0_0 WordPenalty0_0 PhrasePenalty0_0 TranslationModel0_0 TranslationModel0_1 TranslationModel0_2 TranslationModel0_3 
-96 -184.663 -28 28 -41.9166 -53.7849 -11.1865 -42.461 
-96 -184.805 -28 28 -41.9166 -53.7849 -11.1865 -42.461 
-96 -184.807 -28 28 -41.9166 -53.7849 -11.1865 -42.461 
-94 -184.742 -28 28 -41.9166 -53.7849 -11.1865 -42.461 
-94 -184.759 -28 28 -41.9166 -53.7849 -11.1865 -42.461 
-92 -184.663 -28 28 -41.9166 -53.7849 -11.1865 -42.461 
-96 -184.9 -28 28 -41.9166 -53.7849 -11.1865 -42.461 
-100 -185.167 -28 28 -41.9166 -53.7849 -11.1865 -42.461 
-96 -184.948 -28 28 -41.9166 -53.7849 -11.1865 -42.461 
-98 -185.072 -28 28 -41.9166 -53.7849 -11.1865 -42.461 
-92 -184.759 -28 28 -41.9166 -53.7849 -11.1865 -42.461 
-94 -184.884 -28 28 -41.9166 -53.7849 -11.1865 -42.461 
-90 -184.663 -28 28 -41.9166 -53.7849 -11.1865 -42.461 
-94 -185.167 -28 28 -41.9166 -53.7849 -11.1865 -42.461 
-95 -185.22 -28 28 -41.9166 -53.7849 -11.1865 -42.461 
-94 -184.9 -28 28 -41.9166 -53.7849 -11.1865 -42.461 
-94 -184.902 -28 28 -41.9166 -53.7849 -11.1865 -42.461 
-91 -184.742 -28 28 -41.9166 -53.7849 -11.1865 -42.461 
-92 -184.805 -28 28 -41.9166 -53.7849 -11.1865 -42.461 
-100 -185.5 -28 28 -41.9166 -53.7849 -11.1865 -42.461 
-96 -185.044 -28 28 -41.9166 -53.7849 -11.1865 -42.461 
-98 -185.167 -28 28 -41.9166 -53.7849 -11.1865 -42.461 
-92 -184.835 -28 28 -41.9166 -53.7849 -11.1865 -42.461 
-88 -184.812 -28 28 -41.9166 -53.7849 -11.1865 -42.461 
-92 -184.838 -28 28 -41.9166 -53.7849 -11.1865 -42.461 
-90 -184.739 -28 28 -41.9166 -53.7849 -11.1865 -42.461 
-100 -185.311 -28 28 -41.9166 -53.7849 -11.1865 -42.461 
-90 -184.742 -28 28 -41.9166 -53.7849 -11.1865 -42.461 
-94 -184.976 -28 28 -41.9166 -53.7849 -11.1865 -42.461 
-91 -184.979 -28 28 -41.9166 -53.7849 -11.1865 -42.461 
-94 -184.979 -28 28 -41.9166 -53.7849 -11.1865 -42.461 
-98 -185.213 -28 28 -41.9166 -53.7849 -11.1865 -42.461 
-98 -185.215 -28 28 -41.9166 -53.7849 -11.1865 -42.461 
-88 -184.663 -28 28 -41.9166 -53.7849 -11.1865 -42.461 
-98 -185.243 -28 28 -41.9166 -53.7849 -11.1865 -42.461 
-88 -184.807 -28 28 -41.9166 -53.7849 -11.1865 -42.461 
-92 -184.902 -28 28 -41.9166 -53.7849 -11.1865 -42.461 
-88 -184.805 -28 28 -41.9166 -53.7849 -11.1865 -42.461 
-94 -185.146 -28 28 -41.9166 -53.7849 -11.1865 -42.461 
-98 -185.246 -28 28 -41.9166 -53.7849 -11.1865 -42.461 
-90 -184.805 -28 28 -41.9166 -53.7849 -11.1865 -42.461 
-96 -185.246 -28 28 -41.9166 -53.7849 -11.1865 -42.461 
-100 -185.475 -28 28 -41.9166 -53.7849 -11.1865 -42.461 
-90 -184.807 -28 28 -41.9166 -53.7849 -11.1865 -42.461 
-96 -185.15 -28 28 -41.9166 -53.7849 -11.1865 -42.461 
-94 -185.044 -28 28 -41.9166 -53.7849 -11.1865 -42.461 
-98 -185.359 -28 28 -41.9166 -53.7849 -11.1865 -42.461 
-90 -184.9 -28 28 -41.9166 -53.7849 -11.1865 -42.461 
-96 -185.167 -28 28 -41.9166 -53.7849 -11.1865 -42.461 
-98 -185.357 -28 28 -41.9166 -53.7849 -11.1865 -42.461 
-91 -184.884 -28 28 -41.9166 -53.7849 -11.1865 -42.461 
-94 -185.067 -28 28 -41.9166 -53.7849 -11.1865 -42.461 
-90 -184.838 -28 28 -41.9166 -53.7849 -11.1865 -42.461 
-94 -185.072 -28 28 -41.9166 -53.7849 -11.1865 -42.461 
-91 -184.953 -28 28 -41.9166 -53.7849 -11.1865 -42.461 
-98 -185.309 -28 28 -41.9166 -53.7849 -11.1865 -42.461 
-88 -184.739 -28 28 -41.9166 -53.7849 -11.1865 -42.461 
-98 -185.311 -28 28 -41.9166 -53.7849 -11.1865 -42.461 
-89 -184.838 -28 28 -41.9166 -53.7849 -11.1865 -42.461 
-86 -184.663 -28 28 -41.9166 -53.7849 -11.1865 -42.461 
-88 -184.742 -28 28 -41.9166 -53.7849 -11.1865 -42.461 
-92 -184.979 -28 28 -41.9166 -53.7849 -11.1865 -42.461 
-96 -185.208 -28 28 -41.9166 -53.7849 -11.1865 -42.461 
-96 -185.21 -28 28 -41.9166 -53.7849 -11.1865 -42.461 
-89 -184.812 -28 28 -41.9166 -53.7849 -11.1865 -42.461 
-90 -184.884 -28 28 -41.9166 -53.7849 -11.1865 -42.461 
-88 -184.759 -28 28 -41.9166 -53.7849 -11.1865 -42.461 
-90 -184.881 -28 28 -41.9166 -53.7849 -11.1865 -42.461 
FEATURES_TXT_END_0
FEATURES_TXT_BEGIN_0 4 86 8 Distortion0_0 LM0_0 WordPenalty0_0 PhrasePenalty0_0 TranslationModel0_0 TranslationModel0_1 TranslationModel0_2 TranslationModel0_3 
-140 -232.841 -45 42 -82.1691 -104.141 -20.9566 -86.3088 
-138 -232.841 -45 42 -82.1691 -104.141 -20.9566 -86.3088 
-148 -233.493 -45 42 -83.0601 -105.235 -20.6689 -86.2724 
-136 -232.841 -45 42 -82.1691 -104.141 -20.9566 -86.3088 
-146 -233.493 -45 42 -83.0601 -105.235 -20.6689 -86.2724 
-140 -232.247 -45 43 -83.6667 -104.958 -21.0985 -85.627 
-145 -232.231 -45 42 -82.3923 -104.46 -21.5852 -86.1164 
-130 -232.454 -45 42 -79.2152 -103.377 -22.333 -86.4773 
-144 -233.493 -45 42 -83.0601 -105.235 -20.6689 -86.2724 
-138 -232.247 -45 43 -83.6667 -104.958 -21.0985 -85.627 
-148 -232.9 -45 43 -84.5577 -106.052 -20.8108 -85.5907 
-151 -232.754 -45 42 -80.1523 -104.413 -22.2783 -87.4602 
-140 -231.069 -45 42 -82.9141 -107.125 -22.0552 -87.967 
-146 -232.914 -45 42 -79.2152 -103.377 -22.333 -86.4773 
-143 -232.231 -45 42 -82.3923 -104.46 -21.5852 -86.1164 
-140 -232.9 -45 43 -84.5577 -106.052 -20.8108 -85.5907 
-144 -232.345 -45 42 -80.0305 -104.391 -22.3468 -87.5231 
-144 -232.835 -45 42 -79.2152 -103.377 -22.333 -86.4773 
-132 -232.841 -45 42 -82.1691 -104.141 -20.9566 -86.3088 
-136 -232.247 -45 43 -83.6667 -104.958 -21.0985 -85.627 
-146 -232.9 -45 43 -84.5577 -106.052 -20.8108 -85.5907 
-149 -232.754 -45 42 -80.1523 -104.413 -22.2783 -87.4602 
-138 -231.069 -45 42 -82.9141 -107.125 -22.0552 -87.967 
-140 -232.164 -45 42 -82.3923 -104.46 -21.5852 -86.1164 
-142 -232.687 -45 42 -80.1523 -104.413 -22.2783 -87.4602 
-144 -232.914 -45 42 -79.2152 -103.377 -22.333 -86.4773 
-141 -232.231 -45 42 -82.3923 -104.46 -21.5852 -86.1164 
-140 -233.008 -45 42 -79.2152 -103.377 -22.333 -86.4773 
-148 -231.722 -45 42 -83.8051 -108.219 -21.7675 -87.9307 
-142 -232.345 -45 42 -80.0305 -104.391 -22.3468 -87.5231 
-142 -232.835 -45 42 -79.2152 -103.377 -22.333 -86.4773 
-145 -231.637 -45 43 -83.8898 -105.277 -21.7271 -85.4347 
-130 -232.247 -45 43 -83.6667 -104.958 -21.0985 -85.627 
-130 -232.841 -45 42 -82.1691 -104.141 -20.9566 -86.3088 
-140 -233.493 -45 42 -83.0601 -105.235 -20.6689 -86.2724 
-130 -231.735 -45 43 -83.9837 -103.299 -21.0725 -84.8351 
-146 -232.687 -45 42 -80.1523 -104.413 -22.2783 -87.4602 
-144 -232.9 -45 43 -84.5577 -106.052 -20.8108 -85.5907 
-147 -232.754 -45 42 -80.1523 -104.413 -22.2783 -87.4602 
-134 -232.454 -45 42 -79.2152 -103.377 -22.333 -86.4773 
-136 -231.069 -45 42 -82.9141 -107.125 -22.0552 -87.967 
-138 -232.164 -45 42 -82.3923 -104.46 -21.5852 -86.1164 
-144 -231.064 -45 42 -79.9602 -106.361 -23.4316 -88.1355 
-142 -232.914 -45 42 -79.2152 -103.377 -22.333 -86.4773 
-146 -231.722 -45 42 -83.8051 -108.219 -21.7675 -87.9307 
-144 -232.644 -45 42 -77.7905 -104.344 -23.04 -88.8669 
-151 -232.161 -45 43 -81.6499 -105.23 -22.4202 -86.7784 
-140 -230.476 -45 43 -84.4117 -107.942 -22.1971 -87.2853 
-146 -232.321 -45 43 -80.7128 -104.194 -22.4749 -85.7955 
-140 -232.345 -45 42 -80.0305 -104.391 -22.3468 -87.5231 
-140 -232.835 -45 42 -79.2152 -103.377 -22.333 -86.4773 
-143 -231.637 -45 43 -83.8898 -105.277 -21.7271 -85.4347 
-144 -233.227 -45 42 -79.2152 -103.377 -22.333 -86.4773 
-149 -233.338 -45 42 -81.577 -103.446 -21.5714 -85.0706 
-145 -230.459 -45 42 -83.1372 -107.444 -22.6838 -87.7747 
-144 -230.573 -45 42 -80.7755 -107.375 -23.4454 -89.1814 
-128 -232.841 -45 42 -82.1691 -104.141 -20.9566 -86.3088 
-136 -233.493 -45 42 -83.0601 -105.235 -20.6689 -86.2724 
-144 -231.752 -45 43 -81.5281 -105.208 -22.4887 -86.8414 
-144 -232.242 -45 43 -80.7128 -104.194 -22.4749 -85.7955 
-148 -233.994 -45 42 -82.1691 -104.141 -20.9566 -86.3088 
-138 -233.493 -45 42 -83.0601 -105.235 -20.6689 -86.2724 
-132 -232.247 -45 43 -83.6667 -104.958 -21.0985 -85.627 
-138 -232.387 -45 43 -84.8747 -104.393 -20.7848 -84.7987 
-144 -232.687 -45 42 -80.1523 -104.413 -22.2783 -87.4602 
-132 -232.454 -45 42 -79.2152 -103.377 -22.333 -86.4773 
-136 -232.164 -45 42 -82.3923 -104.46 -21.5852 -86.1164 
-146 -233.994 -45 42 -82.1691 -104.141 -20.9566 -86.3088 
-137 -232.231 -45 42 -82.3923 -104.46 -21.5852 -86.1164 
-144 -231.722 -45 42 -83.8051 -108.219 -21.7675 -87.9307 
-142 -232.644 -45 42 -77.7905 -104.344 -23.04 -88.8669 
-148 -233.391 -45 42 -79.2152 -103.377 -22.333 -86.4773 
-149 -232.161 -45 43 -81.6499 -105.23 -22.4202 -86.7784 
-138 -230.476 -45 43 -84.4117 -107.942 -22.1971 -87.2853 
-140 -231.571 -45 43 -83.8898 -105.277 -21.7271 -85.4347 
-142 -232.242 -45 43 -80.7128 -104.194 -22.4749 -85.7955 
-144 -232.321 -45 43 -80.7128 -104.194 -22.4749 -85.7955 
-141 -231.637 -45 43 -83.8898 -105.277 -21.7271 -85.4347 
-142 -231.752 -45 43 -81.5281 -105.208 -22.4887 -86.8414 
-147 -232.231 -45 42 -81.2937 -103.91 -22.2783 -86.353 
-148 -231.128 -45 43 -85.3027 -109.036 -21.9094 -87.2489 
-151 -230.982 -45 42 -80.8973 -107.397 -23.3769 -89.1184 
-146 -231.142 -45 42 -79.9602 -106.361 -23.4316 -88.1355 
-147 -233.338 -45 42 -81.577 -103.446 -21.5714 -85.0706 
-143 -230.459 -45 42 -83.1372 -107.444 -22.6838 -87.7747 
-126 -232.841 -45 42 -82.1691 -104.141 -20.9566 -86.3088 
FEATURES_TXT_END_0
FEATURES_TXT_BEGIN_0 5 70 8 Distortion0_0 LM0_0 WordPenalty0_0 PhrasePenalty0_0 TranslationModel0_0 TranslationModel0_1 TranslationModel0_2 TranslationModel0_3 
-103 -245.695 -41 37 -63.8253 -92.4762 -21.7869 -90.3825 
-121 -240.529 -41 37 -67.841 -95.0941 -24.0955 -91.4255 
-121 -240.163 -41 37 -68.6563 -96.1082 -24.1093 -92.4713 
-113 -246.489 -41 37 -63.8253 -92.4762 -21.7869 -90.3825 
-105 -244.86 -41 37 -64.0484 -92.7954 -22.4155 -90.1901 
-117 -240.529 -41 37 -67.841 -95.0941 -24.0955 -91.4255 
-123 -239.695 -41 37 -68.0642 -95.4133 -24.7241 -91.2331 
-97 -245.695 -41 37 -63.8253 -92.4762 -21.7869 -90.3825 
-115 -240.529 -41 37 -67.841 -95.0941 -24.0955 -91.4255 
-111 -239.328 -41 37 -68.8794 -96.4275 -24.7379 -92.279 
-103 -246.138 -41 37 -63.2332 -91.7813 -22.4017 -89.1443 
-117 -240.163 -41 37 -68.6563 -96.1082 -24.1093 -92.4713 
-95 -245.695 -41 37 -63.8253 -92.4762 -21.7869 -90.3825 
-123 -239.328 -41 37 -68.8794 -96.4275 -24.7379 -92.279 
-115 -245.654 -41 37 -64.0484 -92.7954 -22.4155 -90.1901 
-113 -240.529 -41 37 -67.841 -95.0941 -24.0955 -91.4255 
-115 -240.163 -41 37 -68.6563 -96.1082 -24.1093 -92.4713 
-119 -251.642 -41 37 -63.8339 -91.816 -19.6109 -87.604 
-97 -246.489 -41 37 -63.8253 -92.4762 -21.7869 -90.3825 
-119 -239.695 -41 37 -68.0642 -95.4133 -24.7241 -91.2331 
-107 -246.489 -41 37 -63.8253 -92.4762 -21.7869 -90.3825 
-93 -245.695 -41 37 -63.8253 -92.4762 -21.7869 -90.3825 
-99 -244.86 -41 37 -64.0484 -92.7954 -22.4155 -90.1901 
-111 -240.529 -41 37 -67.841 -95.0941 -24.0955 -91.4255 
-109 -239.695 -41 37 -68.0642 -95.4133 -24.7241 -91.2331 
-113 -240.163 -41 37 -68.6563 -96.1082 -24.1093 -92.4713 
-117 -239.695 -41 37 -68.0642 -95.4133 -24.7241 -91.2331 
-105 -240.163 -41 37 -68.6563 -96.1082 -24.1093 -92.4713 
-123 -240.489 -41 37 -68.0642 -95.4133 -24.7241 -91.2331 
-105 -246.489 -41 37 -63.8253 -92.4762 -21.7869 -90.3825 
-111 -247.767 -41 37 -63.01 -91.462 -21.7731 -89.3366 
-119 -239.328 -41 37 -68.8794 -96.4275 -24.7379 -92.279 
-97 -244.86 -41 37 -64.0484 -92.7954 -22.4155 -90.1901 
-103 -246.881 -41 37 -63.01 -91.462 -21.7731 -89.3366 
-109 -240.529 -41 37 -67.841 -95.0941 -24.0955 -91.4255 
-111 -240.163 -41 37 -68.6563 -96.1082 -24.1093 -92.4713 
-103 -240.529 -41 37 -67.841 -95.0941 -24.0955 -91.4255 
-115 -239.695 -41 37 -68.0642 -95.4133 -24.7241 -91.2331 
-103 -246.489 -41 37 -63.8253 -92.4762 -21.7869 -90.3825 
-89 -245.695 -41 37 -63.8253 -92.4762 -21.7869 -90.3825 
-117 -239.328 -41 37 -68.8794 -96.4275 -24.7379 -92.279 
-117 -241.323 -41 37 -67.841 -95.0941 -24.0955 -91.4255 
-103 -244.206 -41 37 -66.0591 -89.2706 -22.398 -86.6976 
-109 -245.654 -41 37 -64.0484 -92.7955 -22.4155 -90.1901 
-95 -244.86 -41 37 -64.0484 -92.7954 -22.4155 -90.1901 
-121 -241.323 -41 37 -67.841 -95.0941 -24.0955 -91.4255 
-107 -240.529 -41 37 -67.841 -95.0941 -24.0955 -91.4255 
-95 -246.281 -41 37 -63.8253 -92.4762 -21.7869 -90.3825 
-97 -246.881 -41 37 -63.01 -91.462 -21.7731 -89.3366 
-91 -244.86 -41 37 -64.0484 -92.7954 -22.4155 -90.1901 
-101 -246.973 -41 37 -63.01 -91.462 -21.7731 -89.3366 
-109 -240.163 -41 37 -68.6563 -96.1082 -24.1093 -92.4713 
-113 -239.695 -41 37 -68.0642 -95.4133 -24.7241 -91.2331 
-105 -245.654 -41 37 -64.0484 -92.7954 -22.4155 -90.1901 
-123 -251.642 -41 37 -63.8339 -91.816 -19.6109 -87.604 
-87 -245.695 -41 37 -63.8253 -92.4762 -21.7869 -90.3825 
-115 -239.328 -41 37 -68.8794 -96.4275 -24.7379 -92.279 
-107 -245.654 -41 37 -64.0484 -92.7954 -22.4155 -90.1901 
-115 -241.696 -41 37 -66.6779 -93.9454 -24.0955 -91.6995 
-95 -246.647 -41 37 -63.01 -91.462 -21.7731 -89.3366 
-113 -247.674 -41 37 -63.01 -91.462 -21.7731 -89.3366 
-105 -246.046 -41 37 -63.2332 -91.7813 -22.4017 -89.1443 
-107 -247.403 -41 37 -63.01 -91.462 -21.7731 -89.3366 
-105 -240.529 -41 37 -67.841 -95.0941 -24.0955 -91.4255 
-113 -239.328 -41 37 -68.8794 -96.4275 -24.7379 -92.279 
-121 -251.642 -41 37 -63.8339 -91.816 -19.6109 -87.604 
-121 -240.957 -41 37 -68.6563 -96.1082 -24.1093 -92.4713 
-107 -240.163 -41 37 -68.6563 -96.1082 -24.1093 -92.4713 
-99 -246.489 -41 37 -63.8253 -92.4762 -21.7869 -90.3825 
-111 -239.695 -41 37 -68.0642 -95.4133 -24.7241 -91.2331 
FEATURES_TXT_END_0
FEATURES_TXT_BEGIN_0 6 65 8 Distortion0_0 LM0_0 WordPenalty0_0 PhrasePenalty0_0 TranslationModel0_0 TranslationModel0_1 TranslationModel0_2 TranslationModel0_3 
-90 -181.104 -33 29 -60.8886 -76.0335 -14.5444 -66.3872 
-78 -180.352 -33 30 -61.1611 -74.075 -14.6765 -62.603 
-88 -181.104 -33 29 -60.8886 -76.0335 -14.5444 -66.3872 
-76 -180.352 -33 30 -61.1611 -74.075 -14.6765 -62.603 
-86 -181.104 -33 29 -60.8886 -76.0335 -14.5444 -66.3872 
-78 -178.286 -33 30 -62.9529 -75.2054 -15.3696 -62.603 
-78 -179.717 -33 31 -62.6587 -74.8921 -14.8184 -61.9213 
-74 -180.352 -33 30 -61.1611 -74.075 -14.6765 -62.603 
-84 -181.104 -33 29 -60.8886 -76.0335 -14.5444 -66.3872 
-82 -181.571 -33 29 -60.8886 -76.0335 -14.5444 -66.3872 
-86 -181.789 -33 29 -60.8886 -76.0335 -14.5444 -66.3872 
-76 -178.286 -33 30 -62.9529 -75.2054 -15.3696 -62.603 
-88 -181.172 -33 30 -61.1611 -74.075 -14.6765 -62.603 
-86 -181.268 -33 29 -60.8886 -76.0335 -14.5444 -66.3872 
-74 -178.258 -33 30 -62.9529 -75.2054 -15.3696 -62.603 
-76 -179.717 -33 31 -62.6587 -74.8921 -14.8184 -61.9213 
-72 -180.352 -33 30 -61.1611 -74.075 -14.6765 -62.603 
-74 -178.286 -33 30 -62.9529 -75.2054 -15.3696 -62.603 
-84 -181.268 -33 29 -60.8886 -76.0335 -14.5444 -66.3872 
-88 -181.899 -33 29 -60.8886 -76.0335 -14.5444 -66.3872 
-88 -181.726 -33 30 -61.1611 -74.075 -14.6765 -62.603 
-90 -180.763 -33 30 -62.3862 -76.8506 -14.6863 -65.7054 
-86 -179.202 -33 29 -62.6804 -77.1639 -15.2375 -66.3872 
-74 -179.717 -33 31 -62.6587 -74.8921 -14.8184 -61.9213 
-80 -181.104 -33 29 -60.8886 -76.0335 -14.5444 -66.3872 
-86 -181.247 -32 29 -70.78 -83.5735 -13.6281 -63.1018 
-72 -178.286 -33 30 -62.9529 -75.2054 -15.3696 -62.603 
-84 -181.172 -33 30 -61.1611 -74.075 -14.6765 -62.603 
-80 -179.059 -33 30 -62.9529 -75.2054 -15.3696 -62.603 
-78 -180.331 -32 30 -71.0525 -81.615 -13.7602 -59.3176 
-88 -181.877 -33 29 -60.8886 -76.0335 -14.5444 -66.3872 
-86 -180.633 -33 30 -62.3862 -76.8506 -14.6863 -65.7054 
-82 -181.268 -33 29 -60.8886 -76.0335 -14.5444 -66.3872 
-88 -180.763 -33 30 -62.3862 -76.8506 -14.6863 -65.7054 
-84 -179.202 -33 29 -62.6804 -77.1639 -15.2375 -66.3872 
-78 -181.125 -33 30 -61.1611 -74.075 -14.6765 -62.603 
-84 -179.27 -33 30 -62.9529 -75.2054 -15.3696 -62.603 
-70 -178.258 -33 30 -62.9529 -75.2054 -15.3696 -62.603 
-92 -181.877 -33 29 -60.8886 -76.0335 -14.5444 -66.3872 
-72 -179.717 -33 31 -62.6587 -74.8921 -14.8184 -61.9213 
-90 -181.789 -33 29 -60.8886 -76.0335 -14.5444 -66.3872 
-88 -180.831 -33 31 -62.6587 -74.8921 -14.8184 -61.9212 
-82 -179.174 -33 29 -62.6804 -77.1639 -15.2375 -66.3872 
-76 -180.331 -32 30 -71.0525 -81.615 -13.7602 -59.3176 
-80 -179.202 -33 29 -62.6804 -77.1639 -15.2375 -66.3872 
-84 -180.763 -33 30 -62.3862 -76.8506 -14.6863 -65.7054 
-84 -180.633 -33 30 -62.3862 -76.8506 -14.6863 -65.7054 
-84 -179.421 -33 29 -62.6804 -77.1639 -15.2375 -66.3872 
-78 -181.268 -33 29 -60.8886 -76.0335 -14.5444 -66.3872 
-78 -178.265 -32 30 -72.8442 -82.7453 -14.4533 -59.3176 
-76 -178.265 -32 30 -72.8442 -82.7453 -14.4533 -59.3176 
-80 -181.268 -33 29 -60.8886 -76.0335 -14.5444 -66.3872 
-90 -181.427 -32 29 -70.78 -83.5735 -13.6281 -63.1018 
-82 -180.633 -33 30 -62.3862 -76.8506 -14.6863 -65.7054 
-74 -180.331 -32 30 -71.0525 -81.615 -13.7602 -59.3176 
-86 -179.421 -33 29 -62.6804 -77.1639 -15.2375 -66.3872 
-78 -179.696 -32 31 -72.55 -82.4321 -13.9021 -58.6358 
-80 -181.172 -33 30 -61.1611 -74.075 -14.6765 -62.603 
-86 -180.763 -33 30 -62.3862 -76.8506 -14.6863 -65.7054 
-84 -181.336 -33 30 -61.1611 -74.075 -14.6765 -62.603 
-88 -181.789 -33 29 -60.8886 -76.0335 -14.5444 -66.3872 
-82 -179.202 -33 29 -62.6804 -77.1639 -15.2375 -66.3872 
-80 -181.125 -33 30 -61.1611 -74.075 -14.6765 -62.603 
-90 -181.877 -33 29 -60.8886 -76.0335 -14.5444 -66.3872 
-100 -179.748 -33 30 -60.967 -74.9846 -16.2169 -63.9023 
FEATURES_TXT_END_0
FEATURES_TXT_BEGIN_0 7 100 8 Distortion0_0 LM0_0 WordPenalty0_0 PhrasePenalty0_0 TranslationModel0_0 TranslationModel0_1 TranslationModel0_2 TranslationModel0_3 
-143 -216.097 -50 46 -97.399 -119.413 -36.7357 -112.571 
-143 -219.584 -50 46 -94.0544 -116.766 -36.0426 -112.119 
-143 -218.838 -49 46 -98.8723 -119.413 -36.7357 -112.571 
-143 -216.861 -50 46 -97.399 -119.413 -36.7357 -112.571 
-137 -216.651 -50 46 -97.399 -119.413 -36.7357 -112.571 
-143 -218.211 -50 46 -95.3621 -119.227 -36.7357 -113.67 
-141 -219.748 -50 46 -92.2139 -115.423 -36.7357 -112.725 
-143 -215.947 -50 46 -98.6711 -114.288 -36.7357 -110.003 
-147 -217.378 -50 46 -97.399 -119.413 -36.7357 -112.571 
-141 -219.82 -50 46 -94.6819 -116.854 -36.0426 -111.298 
-143 -222.325 -49 46 -95.5277 -116.766 -36.0426 -112.119 
-147 -217.478 -50 46 -97.399 -119.413 -36.7357 -112.571 
-143 -220.348 -50 46 -94.0544 -116.766 -36.0426 -112.119 
-143 -216.257 -50 46 -99.4359 -119.598 -36.7357 -111.473 
-143 -218.606 -49 46 -100.686 -119.298 -36.7357 -108.969 
-137 -220.138 -50 46 -94.0544 -116.766 -36.0426 -112.119 
-139 -217.263 -50 46 -97.399 -119.413 -36.7357 -112.571 
-143 -221.697 -50 46 -92.0175 -116.581 -36.0426 -113.218 
-143 -219.602 -49 46 -98.8723 -119.413 -36.7357 -112.571 
-147 -220.865 -50 46 -94.0544 -116.766 -36.0426 -112.119 
-141 -217.503 -50 46 -97.399 -119.413 -36.7357 -112.571 
-131 -221.003 -50 46 -94.9423 -115.53 -35.1263 -110.338 
-137 -219.392 -49 46 -98.8723 -119.413 -36.7357 -112.571 
-147 -220.964 -50 46 -94.0544 -116.766 -36.0426 -112.119 
-143 -220.951 -49 46 -96.8354 -119.227 -36.7357 -113.67 
-141 -222.488 -49 46 -93.6872 -115.423 -36.7357 -112.725 
-143 -218.688 -49 46 -100.144 -114.288 -36.7357 -110.003 
-121 -216.769 -50 46 -98.286 -117.725 -36.2249 -111.929 
-147 -220.119 -49 46 -98.8723 -119.413 -36.7357 -112.571 
-139 -217.617 -50 46 -97.399 -119.413 -36.7357 -112.571 
-141 -220.511 -50 46 -92.2139 -115.423 -36.7357 -112.725 
-143 -216.711 -50 46 -98.6711 -114.288 -36.7357 -110.003 
-143 -220.907 -50 46 -94.0544 -116.766 -36.0426 -112.119 
-143 -219.744 -50 46 -96.0913 -116.952 -36.0426 -111.021 
-143 -222.093 -49 46 -97.3409 -116.652 -36.0426 -108.517 
-141 -222.561 -49 46 -96.1553 -116.854 -36.0426 -111.298 
-137 -217.573 -50 46 -97.399 -119.413 -36.7357 -112.571 
-147 -220.218 -49 46 -98.8723 -119.413 -36.7357 -112.571 
-121 -222.012 -50 45 -96.4449 -117.307 -33.7878 -112.194 
-147 -216.996 -50 46 -99.4359 -119.598 -36.7357 -111.473 
-123 -222.134 -50 45 -96.4449 -117.307 -33.7878 -112.194 
-143 -216.793 -50 46 -99.4359 -119.598 -36.7357 -111.473 
-141 -217.577 -50 46 -95.7614 -119.668 -37.4289 -114.181 
-133 -218.569 -49 46 -100.686 -119.298 -36.7357 -108.969 
-135 -220.302 -50 46 -92.2139 -115.423 -36.7357 -112.725 
-141 -220.584 -50 46 -94.6819 -116.854 -36.0426 -111.298 
-143 -223.088 -49 46 -95.5277 -116.766 -36.0426 -112.119 
-137 -216.502 -50 46 -98.6711 -114.288 -36.7357 -110.003 
-141 -221.861 -50 46 -90.177 -115.237 -36.7357 -113.824 
-143 -218.061 -50 46 -96.6342 -114.103 -36.7357 -111.102 
-131 -220.904 -50 45 -95.429 -116.805 -35.1439 -112.65 
-123 -221.451 -50 45 -96.7084 -117.622 -34.1932 -111.968 
-147 -216.953 -50 46 -97.6867 -119.374 -37.4289 -112.021 
-141 -220.989 -50 46 -94.0544 -116.766 -36.0426 -112.119 
-137 -216.583 -50 46 -99.4359 -119.598 -36.7357 -111.473 
-129 -222.63 -50 45 -96.4449 -117.307 -33.7878 -112.194 
-131 -224.49 -50 46 -91.5977 -112.884 -34.4331 -109.886 
-143 -218.998 -49 46 -100.909 -119.598 -36.7357 -111.473 
-143 -221.347 -48 46 -102.159 -119.298 -36.7357 -108.969 
-147 -221.382 -50 46 -94.0544 -116.766 -36.0426 -112.119 
-135 -220.374 -50 46 -94.6819 -116.854 -36.0426 -111.298 
-137 -222.879 -49 46 -95.5277 -116.766 -36.0426 -112.119 
-145 -221.029 -50 46 -92.2139 -115.423 -36.7357 -112.725 
-147 -217.229 -50 46 -98.6711 -114.288 -36.7357 -110.003 
-141 -219.957 -49 46 -99.2708 -116.736 -36.7357 -106.976 
-141 -221.933 -50 46 -92.6451 -116.669 -36.0426 -112.397 
-143 -224.438 -49 46 -93.4908 -116.581 -36.0426 -113.218 
-141 -221.102 -50 46 -94.0544 -116.766 -36.0426 -112.119 
-123 -222.414 -50 45 -96.4449 -117.307 -33.7878 -112.194 
-145 -221.128 -50 46 -92.2139 -115.423 -36.7357 -112.725 
-123 -220.799 -50 45 -95.8089 -116.758 -34.8864 -113.179 
-139 -218.027 -50 46 -97.399 -119.413 -36.7357 -112.571 
-141 -217.714 -49 46 -102.583 -120.737 -37.0234 -110.136 
-147 -217.328 -50 46 -98.6711 -114.288 -36.7357 -110.003 
-157 -219.069 -50 46 -97.399 -119.413 -36.7357 -112.571 
-143 -221.296 -50 46 -94.0544 -116.766 -36.0426 -112.119 
-121 -220.255 -50 46 -94.9414 -115.079 -35.5317 -111.477 
-145 -221.101 -50 46 -94.6819 -116.854 -36.0426 -111.298 
-147 -223.606 -49 46 -95.5277 -116.766 -36.0426 -112.119 
-141 -220.243 -49 46 -98.8723 -119.413 -36.7357 -112.571 
-147 -220.743 -49 46 -98.7427 -116.739 -36.7357 -107.264 
-119 -220.164 -50 46 -94.9414 -115.079 -35.5317 -111.477 
-131 -223.744 -49 46 -96.4156 -115.53 -35.1263 -110.338 
-139 -221.104 -50 46 -94.0544 -116.766 -36.0426 -112.119 
-151 -218.785 -50 46 -97.399 -119.413 -36.7357 -112.571 
-147 -217.598 -50 46 -96.1196 -118.596 -37.6863 -113.253 
-137 -221.048 -50 46 -94.0544 -116.766 -36.0426 -112.119 
-143 -218.371 -50 46 -97.399 -119.413 -36.7357 -112.571 
-125 -225.705 -50 45 -93.1003 -114.661 -33.0946 -111.742 
-143 -217.947 -49 46 -102.583 -120.737 -37.0234 -110.136 
-133 -217.817 -50 46 -97.399 -119.413 -36.7357 -112.571 
-145 -221.2 -50 46 -94.6819 -116.854 -36.0426 -111.298 
-147 -223.705 -49 46 -95.5277 -116.766 -36.0426 -112.119 
-121 -225.499 -50 45 -93.1003 -114.661 -33.0946 -111.742 
-131 -221.767 -50 46 -94.9423 -115.53 -35.1263 -110.338 
-147 -220.482 -50 46 -96.0913 -116.952 -36.0426 -111.021 
-123 -225.621 -50 45 -93.1003 -114.661 -33.0946 -111.742 
-147 -218.641 -50 46 -97.399 -119.413 -36.7357 -112.571 
-147 -219.811 -50 46 -95.3621 -119.227 -36.7357 -113.67 
-141 -219.908 -50 46 -94.2507 -115.608 -36.7357 -111.627 
FEATURES_TXT_END_0
FEATURES_TXT_BEGIN_0 8 98 8 Distortion0_0 LM0_0 WordPenalty0_0 PhrasePenalty0_0 TranslationModel0_0 TranslationModel0_1 TranslationModel0_2 TranslationModel0_3 
-114 -247.618 -50 48 -85.9134 -108.288 -28.0609 -99.0855 
-114 -248.763 -50 48 -83.9881 -108.582 -28.0609 -101.245 
-112 -247.618 -50 48 -85.9134 -108.288 -28.0609 -99.0855 
-120 -247.379 -50 48 -87.3281 -110.85 -28.0609 -101.078 
-112 -248.763 -50 48 -83.9881 -108.582 -28.0609 -101.245 
-120 -248.524 -50 48 -85.4028 -111.144 -28.0609 -103.237 
-110 -247.618 -50 48 -85.9134 -108.288 -28.0609 -99.0855 
-116 -250.173 -50 48 -82.7564 -107.897 -27.8256 -100.981 
-118 -247.379 -50 48 -87.3281 -110.85 -28.0609 -101.078 
-110 -248.763 -50 48 -83.9881 -108.582 -28.0609 -101.245 
-120 -245.882 -50 48 -87.0405 -112.769 -29.1596 -102.752 
-116 -251.318 -50 48 -80.8311 -108.191 -27.8256 -103.14 
-114 -246.179 -50 48 -85.9134 -110.095 -29.1596 -99.6733 
-118 -248.524 -50 48 -85.4028 -111.144 -28.0609 -103.237 
-120 -247.027 -50 48 -85.1152 -113.063 -29.1596 -104.911 
-114 -250.173 -50 48 -82.7564 -107.897 -27.8256 -100.981 
-114 -247.324 -50 48 -83.9881 -110.389 -29.1596 -101.833 
-114 -245.234 -50 48 -87.7052 -111.305 -29.1596 -100.184 
-122 -249.934 -50 48 -84.1711 -110.459 -27.8256 -102.973 
-118 -245.882 -50 48 -87.0405 -112.769 -29.1596 -102.752 
-116 -248.147 -50 48 -85.9134 -108.288 -28.0609 -99.0855 
-114 -251.318 -50 48 -80.8311 -108.191 -27.8256 -103.14 
-112 -246.179 -50 48 -85.9134 -110.095 -29.1596 -99.6733 
-114 -246.379 -50 48 -85.7799 -111.598 -29.1596 -102.344 
-128 -247.85 -50 48 -86.7528 -112.808 -28.4664 -103.302 
-122 -251.08 -50 48 -82.2458 -110.753 -27.8256 -105.133 
-120 -245.94 -50 48 -87.3281 -112.657 -29.1596 -101.666 
-118 -247.027 -50 48 -85.1152 -113.063 -29.1596 -104.911 
-112 -250.173 -50 48 -82.7564 -107.897 -27.8256 -100.981 
-122 -248.554 -50 48 -85.9134 -108.288 -28.0609 -99.0855 
-117 -249.623 -50 48 -85.6257 -108.327 -27.3678 -99.6356 
-116 -249.292 -50 48 -83.9881 -108.582 -28.0609 -101.245 
-114 -249.459 -50 48 -85.6257 -108.327 -27.3678 -99.6356 
-114 -247.379 -50 48 -87.3281 -110.85 -28.0609 -101.078 
-112 -247.324 -50 48 -83.9881 -110.389 -29.1596 -101.833 
-112 -245.234 -50 48 -87.7052 -111.305 -29.1596 -100.184 
-120 -249.934 -50 48 -84.1711 -110.459 -27.8256 -102.973 
-114 -248.147 -50 48 -85.9134 -108.288 -28.0609 -99.0855 
-122 -246.706 -51 48 -84.0416 -110.965 -28.0609 -104.68 
-120 -247.085 -50 48 -85.4028 -112.951 -29.1596 -103.825 
-120 -244.995 -50 48 -89.1199 -113.867 -29.1596 -102.177 
-112 -251.318 -50 48 -80.8311 -108.191 -27.8256 -103.14 
-122 -248.437 -50 48 -83.8835 -112.378 -28.9242 -104.647 
-122 -249.699 -50 48 -83.9881 -108.582 -28.0609 -101.245 
-110 -246.179 -50 48 -85.9134 -110.095 -29.1596 -99.6733 
-114 -248.524 -50 48 -85.4028 -111.144 -28.0609 -103.237 
-122 -247.908 -50 48 -87.3281 -110.85 -28.0609 -101.078 
-112 -246.379 -50 48 -85.7799 -111.598 -29.1596 -102.344 
-116 -248.734 -50 48 -82.7564 -109.704 -28.9242 -101.568 
-120 -251.08 -50 48 -82.2458 -110.753 -27.8256 -105.133 
-122 -247.927 -50 48 -87.3281 -110.85 -28.0609 -101.078 
-118 -245.94 -50 48 -87.3281 -112.657 -29.1596 -101.666 
-120 -248.554 -50 48 -85.9134 -108.288 -28.0609 -99.0855 
-115 -249.623 -50 48 -85.6257 -108.327 -27.3678 -99.6356 
-114 -249.292 -50 48 -83.9881 -108.582 -28.0609 -101.245 
-122 -247.851 -51 48 -82.1163 -111.259 -28.0609 -106.84 
-112 -249.459 -50 48 -85.6257 -108.327 -27.3678 -99.6356 
-120 -246.14 -50 48 -87.1946 -114.16 -29.1596 -104.336 
-112 -247.379 -50 48 -87.3281 -110.85 -28.0609 -101.078 
-122 -249.582 -50 48 -81.9582 -112.672 -28.9242 -106.807 
-110 -247.324 -50 48 -83.9881 -110.389 -29.1596 -101.833 
-110 -245.234 -50 48 -87.7052 -111.305 -29.1596 -100.184 
-120 -244.442 -50 48 -87.0405 -114.576 -30.2582 -103.34 
-123 -249.384 -50 48 -87.0405 -110.889 -27.3678 -101.628 
-122 -249.053 -50 48 -85.4028 -111.144 -28.0609 -103.237 
-116 -249.879 -50 48 -80.8311 -109.998 -28.9242 -103.728 
-116 -247.789 -50 48 -84.5482 -110.914 -28.9242 -102.079 
-114 -245.882 -50 48 -87.0405 -112.769 -29.1596 -102.752 
-120 -249.22 -50 48 -87.0405 -110.889 -27.3678 -101.628 
-112 -248.147 -50 48 -85.9134 -108.288 -28.0609 -99.0855 
-120 -246.706 -51 48 -84.0416 -110.965 -28.0609 -104.68 
-122 -249.072 -50 48 -85.4028 -111.144 -28.0609 -103.237 
-118 -247.085 -50 48 -85.4028 -112.951 -29.1596 -103.825 
-118 -244.995 -50 48 -89.1199 -113.867 -29.1596 -102.177 
-120 -248.437 -50 48 -83.8835 -112.378 -28.9242 -104.647 
-120 -249.699 -50 48 -83.9881 -108.582 -28.0609 -101.245 
-118 -250.703 -50 48 -82.7564 -107.897 -27.8256 -100.981 
-112 -248.524 -50 48 -85.4028 -111.144 -28.0609 -103.237 
-122 -245.209 -51 48 -83.7539 -112.884 -29.1596 -106.354 
-120 -247.908 -50 48 -87.3281 -110.85 -28.0609 -101.078 
-110 -246.379 -50 48 -85.7799 -111.598 -29.1596 -102.344 
-120 -245.587 -50 48 -85.1152 -114.87 -30.2582 -105.499 
-120 -243.498 -50 48 -88.8322 -115.786 -30.2582 -103.851 
-114 -248.734 -50 48 -82.7564 -109.704 -28.9242 -101.568 
-120 -243.915 -50 48 -91.1836 -114.012 -29.1596 -101.653 
-120 -246.285 -50 48 -87.0405 -112.769 -29.1596 -102.752 
-120 -249.582 -50 48 -81.9582 -112.672 -28.9242 -106.807 
-120 -247.927 -50 48 -87.3281 -110.85 -28.0609 -101.078 
-122 -248.495 -50 48 -84.1711 -112.266 -28.9242 -103.561 
-116 -248.934 -50 48 -82.6229 -111.207 -28.9242 -104.239 
-130 -250.405 -50 48 -83.5958 -112.417 -28.2311 -105.197 
-114 -247.027 -50 48 -85.1152 -113.063 -29.1596 -104.911 
-113 -249.623 -50 48 -85.6257 -108.327 -27.3678 -99.6356 
-112 -249.292 -50 48 -83.9881 -108.582 -28.0609 -101.245 
-122 -246.411 -50 48 -87.0405 -112.769 -29.1596 -102.752 
-120 -247.851 -51 48 -82.1163 -111.259 -28.0609 -106.84 
-110 -249.459 -50 48 -85.6257 -108.327 -27.3678 -99.6356 
-118 -246.14 -50 48 -87.1946 -114.16 -29.1596 -104.336 
FEATURES_TXT_END_0
FEATURES_TXT_BEGIN_0 9 100 8 Distortion0_0 LM0_0 WordPenalty0_0 PhrasePenalty0_0 TranslationModel0_0 TranslationModel0_1 TranslationModel0_2 TranslationModel0_3 
-69 -165.892 -31 29 -43.5522 -56.6978 -13.3013 -66.2285 
-75 -168.418 -31 29 -43.1468 -55.9697 -12.2027 -65.6407 
-70 -166.131 -31 29 -43.5522 -56.6978 -13.3013 -66.2285 
-65 -165.892 -31 29 -43.5522 -56.6978 -13.3013 -66.2285 
-76 -168.656 -31 29 -43.1468 -55.9697 -12.2027 -65.6407 
-71 -168.418 -31 29 -43.1468 -55.9697 -12.2027 -65.6407 
-71 -166.324 -31 29 -43.5522 -56.6977 -13.3013 -66.2285 
-63 -165.892 -31 29 -43.5522 -56.6978 -13.3013 -66.2285 
-69 -168.418 -31 29 -43.1468 -55.9697 -12.2027 -65.6407 
-66 -166.131 -31 29 -43.5522 -56.6978 -13.3013 -66.2285 
-75 -168.84 -31 29 -44.0377 -57.0637 -11.915 -65.6044 
-63 -166.001 -31 29 -43.5522 -56.6977 -13.3013 -66.2285 
-61 -165.892 -31 29 -43.5522 -56.6978 -13.3013 -66.2285 
-69 -168.474 -31 29 -43.1468 -55.9697 -12.2027 -65.6407 
-72 -168.656 -31 29 -43.1468 -55.9697 -12.2027 -65.6407 
-69 -166.365 -31 29 -43.5522 -56.6978 -13.3013 -66.2285 
-72 -166.562 -31 29 -43.5522 -56.6977 -13.3013 -66.2285 
-69 -168.527 -31 29 -43.1468 -55.9697 -12.2027 -65.6407 
-67 -168.418 -31 29 -43.1468 -55.9697 -12.2027 -65.6407 
-64 -166.131 -31 29 -43.5522 -56.6978 -13.3013 -66.2285 
-67 -166.324 -31 29 -43.5522 -56.6977 -13.3013 -66.2285 
-71 -168.703 -31 29 -43.1468 -55.9697 -12.2027 -65.6407 
-70 -168.656 -31 29 -43.1468 -55.9697 -12.2027 -65.6407 
-76 -169.079 -31 29 -44.0377 -57.0637 -11.915 -65.6044 
-64 -166.24 -31 29 -43.5522 -56.6977 -13.3013 -66.2285 
-62 -166.131 -31 29 -43.5522 -56.6978 -13.3013 -66.2285 
-70 -168.712 -31 29 -43.1468 -55.9697 -12.2027 -65.6407 
-71 -168.84 -31 29 -44.0377 -57.0637 -11.915 -65.6044 
-69 -164.241 -31 29 -42.5897 -56.6026 -14.9108 -67.4225 
-70 -166.603 -31 29 -43.5522 -56.6978 -13.3013 -66.2285 
-65 -166.324 -31 29 -43.5522 -56.6977 -13.3013 -66.2285 
-65 -168.474 -31 29 -43.1468 -55.9697 -12.2027 -65.6407 
-70 -168.765 -31 29 -43.1468 -55.9697 -12.2027 -65.6407 
-68 -168.656 -31 29 -43.1468 -55.9697 -12.2027 -65.6407 
-65 -166.365 -31 29 -43.5522 -56.6978 -13.3013 -66.2285 
-68 -166.562 -31 29 -43.5522 -56.6977 -13.3013 -66.2285 
-72 -168.941 -31 29 -43.1468 -55.9697 -12.2027 -65.6407 
-69 -168.84 -31 29 -44.0377 -57.0637 -11.915 -65.6044 
-63 -166.306 -31 29 -43.5522 -56.6977 -13.3013 -66.2285 
-65 -166.433 -31 29 -43.5522 -56.6977 -13.3013 -66.2285 
-63 -166.324 -31 29 -43.5522 -56.6977 -13.3013 -66.2285 
-63 -168.474 -31 29 -43.1468 -55.9697 -12.2027 -65.6407 
-67 -168.703 -31 29 -43.1468 -55.9697 -12.2027 -65.6407 
-69 -168.897 -31 29 -44.0377 -57.0637 -11.915 -65.6044 
-63 -166.365 -31 29 -43.5522 -56.6978 -13.3013 -66.2285 
-72 -169.079 -31 29 -44.0377 -57.0637 -11.915 -65.6044 
-70 -164.479 -31 29 -42.5897 -56.6026 -14.9108 -67.4225 
-66 -166.562 -31 29 -43.5522 -56.6977 -13.3013 -66.2285 
-69 -168.95 -31 29 -44.0377 -57.0637 -11.915 -65.6044 
-66 -168.712 -31 29 -43.1468 -55.9697 -12.2027 -65.6407 
-67 -168.84 -31 29 -44.0377 -57.0637 -11.915 -65.6044 
-65 -164.241 -31 29 -42.5897 -56.6026 -14.9108 -67.4225 
-66 -166.603 -31 29 -43.5522 -56.6978 -13.3013 -66.2285 
-63 -168.583 -31 29 -43.1468 -55.9697 -12.2027 -65.6407 
-61 -168.474 -31 29 -43.1468 -55.9697 -12.2027 -65.6407 
-65 -168.703 -31 29 -43.1468 -55.9697 -12.2027 -65.6407 
-63 -166.474 -31 29 -43.5522 -56.6977 -13.3013 -66.2285 
-61 -166.365 -31 29 -43.5522 -56.6978 -13.3013 -66.2285 
-70 -169.079 -31 29 -44.0377 -57.0637 -11.915 -65.6044 
-64 -166.545 -31 29 -43.5522 -56.6977 -13.3013 -66.2285 
-66 -166.671 -31 29 -43.5522 -56.6977 -13.3013 -66.2285 
-64 -166.562 -31 29 -43.5522 -56.6977 -13.3013 -66.2285 
-65 -168.759 -31 29 -43.1468 -55.9697 -12.2027 -65.6407 
-64 -168.712 -31 29 -43.1468 -55.9697 -12.2027 -65.6407 
-68 -168.941 -31 29 -43.1468 -55.9697 -12.2027 -65.6407 
-59 -166.306 -31 29 -43.5522 -56.6977 -13.3013 -66.2285 
-63 -164.241 -31 29 -42.5897 -56.6026 -14.9108 -67.4225 
-70 -169.135 -31 29 -44.0377 -57.0637 -11.915 -65.6044 
-64 -166.603 -31 29 -43.5522 -56.6978 -13.3013 -66.2285 
-65 -168.812 -31 29 -43.1468 -55.9697 -12.2027 -65.6407 
-63 -168.703 -31 29 -43.1468 -55.9697 -12.2027 -65.6407 
-65 -168.897 -31 29 -44.0377 -57.0637 -11.915 -65.6044 
-70 -169.188 -31 29 -44.0377 -57.0637 -11.915 -65.6044 
-68 -169.079 -31 29 -44.0377 -57.0637 -11.915 -65.6044 
-66 -164.479 -31 29 -42.5897 -56.6026 -14.9108 -67.4225 
-64 -168.821 -31 29 -43.1468 -55.9697 -12.2027 -65.6407 
-62 -168.712 -31 29 -43.1468 -55.9697 -12.2027 -65.6407 
-66 -168.941 -31 29 -43.1468 -55.9697 -12.2027 -65.6407 
-63 -164.35 -31 29 -42.5897 -56.6026 -14.9108 -67.4225 
-57 -166.306 -31 29 -43.5522 -56.6977 -13.3013 -66.2285 
-61 -164.241 -31 29 -42.5897 -56.6026 -14.9108 -67.4225 
-64 -166.712 -31 29 -43.5522 -56.6977 -13.3013 -66.2285 
-62 -166.603 -31 29 -43.5522 -56.6978 -13.3013 -66.2285 
-66 -168.998 -31 29 -43.1468 -55.9697 -12.2027 -65.6407 
-63 -168.897 -31 29 -44.0377 -57.0637 -11.915 -65.6044 
-60 -166.545 -31 29 -43.5522 -56.6977 -13.3013 -66.2285 
-64 -164.479 -31 29 -42.5897 -56.6026 -14.9108 -67.4225 
-75 -167.242 -31 29 -42.1843 -55.8746 -13.8121 -66.8347 
-65 -166.846 -31 29 -43.5522 -56.6977 -13.3013 -66.2285 
-65 -168.988 -31 29 -43.1468 -55.9697 -12.2027 -65.6408 
-61 -168.759 -31 29 -43.1468 -55.9697 -12.2027 -65.6407 
-66 -169.051 -31 29 -43.1468 -55.9697 -12.2027 -65.6407 
-57 -166.416 -31 29 -43.5522 -56.6977 -13.3013 -66.2285 
-64 -168.941 -31 29 -43.1468 -55.9697 -12.2027 -65.6407 
-75 -165.15 -31 29 -42.5897 -56.6026 -14.9108 -67.4225 
-55 -166.306 -31 29 -43.5522 -56.6977 -13.3013 -66.2285 
-66 -169.135 -31 29 -44.0377 -57.0637 -11.915 -65.6044 
-63 -169.006 -31 29 -44.0377 -57.0637 -11.915 -65.6044 
-61 -168.897 -31 29 -44.0377 -57.0637 -11.915 -65.6044 
-67 -169.171 -31 29 -43.1468 -55.9697 -12.2027 -65.6408 
FEATURES_TXT_END_0
FEATURES_TXT_BEGIN_0 10 100 8 Distortion0_0 LM0_0 WordPenalty0_0 PhrasePenalty0_0 TranslationModel0_0 TranslationModel0_1 TranslationModel0_2 TranslationModel0_3 
-50 -85.7081 -20 17 -18.7655 -38.8014 -7.63532 -31.5433 
-50 -86.5127 -20 17 -19.8641 -38.6616 -6.94217 -29.8385 
-58 -87.7509 -20 17 -19.8641 -38.6616 -6.94217 -29.8385 
-57 -87.0721 -20 17 -18.7655 -38.8014 -7.63532 -31.5433 
-46 -86.4225 -20 18 -21.2075 -38.8492 -6.97916 -29.9806 
-50 -86.6834 -20 18 -21.2075 -38.8492 -6.97916 -29.9806 
-46 -87.227 -20 18 -22.3061 -38.7094 -6.28601 -28.2759 
-50 -87.488 -20 18 -22.3061 -38.7094 -6.28601 -28.2759 
-52 -87.0438 -20 18 -21.2075 -38.8492 -6.97916 -29.9806 
-52 -87.8483 -20 18 -22.3061 -38.7094 -6.28601 -28.2759 
-45 -86.1037 -20 17 -17.4861 -37.9843 -8.58594 -32.225 
-48 -87.264 -20 18 -21.2075 -38.8492 -6.97916 -29.9806 
-48 -88.0685 -20 18 -22.3061 -38.7094 -6.28601 -28.2759 
-48 -87.5323 -20 17 -18.7655 -38.8014 -7.63532 -31.5433 
-58 -89.9111 -20 17 -19.0531 -38.4168 -6.53671 -30.4973 
-50 -87.7202 -20 17 -18.7655 -38.8014 -7.63532 -31.5433 
-52 -88.5168 -20 17 -19.8641 -38.6616 -6.94217 -29.8385 
-50 -87.7169 -20 18 -21.2075 -38.8492 -6.97916 -29.9806 
-48 -88.3369 -20 17 -19.8641 -38.6616 -6.94217 -29.8385 
-58 -90.7157 -20 17 -20.1518 -38.277 -5.84356 -28.7925 
-47 -87.7005 -20 17 -18.7655 -38.8014 -7.63532 -31.5433 
-50 -88.5248 -20 17 -19.8641 -38.6616 -6.94217 -29.8385 
-48 -87.7922 -20 17 -18.7655 -38.8014 -7.63532 -31.5433 
-50 -88.5214 -20 18 -22.3061 -38.7094 -6.28601 -28.2759 
-50 -87.9051 -20 18 -21.2075 -38.8492 -6.97916 -29.9806 
-50 -83.5558 -20 17 -21.2609 -41.2788 -9.36992 -33.4442 
-58 -89.0082 -20 18 -22.3061 -38.7094 -6.28601 -28.2759 
-57 -88.3293 -20 18 -21.2075 -38.8492 -6.97916 -29.9806 
-46 -87.7595 -20 18 -21.2075 -38.8492 -6.97916 -29.9806 
-62 -88.6905 -20 18 -21.2075 -38.8492 -6.97916 -29.9806 
-48 -88.5967 -20 17 -19.8641 -38.6616 -6.94217 -29.8385 
-60 -88.689 -20 17 -18.7655 -38.8014 -7.63532 -31.5433 
-50 -88.7096 -20 18 -22.3061 -38.7094 -6.28601 -28.2759 
-50 -84.3604 -20 17 -22.3595 -41.139 -8.67677 -31.7395 
-44 -87.8348 -20 17 -18.7655 -38.8014 -7.63532 -31.5433 
-46 -88.564 -20 18 -22.3061 -38.7094 -6.28601 -28.2759 
-56 -90.3609 -20 17 -19.0531 -38.4168 -6.53671 -30.4973 
-62 -89.4951 -20 18 -22.3061 -38.7094 -6.28601 -28.2759 
-50 -87.284 -20 17 -17.4861 -37.9843 -8.58594 -32.225 
-60 -89.4935 -20 17 -19.8641 -38.6616 -6.94217 -29.8385 
-44 -88.6393 -20 17 -19.8641 -38.6616 -6.94217 -29.8385 
-41 -86.8181 -20 18 -19.9281 -38.0321 -7.92978 -30.6624 
-48 -88.2164 -20 18 -21.2075 -38.8492 -6.97916 -29.9806 
-45 -87.079 -20 18 -19.9281 -38.0321 -7.92978 -30.6624 
-56 -91.1654 -20 17 -20.1518 -38.277 -5.84356 -28.7925 
-44 -88.0266 -20 18 -21.2075 -38.8492 -6.97916 -29.9806 
-44 -87.7496 -20 17 -18.5847 -37.8445 -7.89279 -30.5203 
-50 -88.4021 -20 18 -21.2075 -38.8492 -6.97916 -29.9806 
-58 -88.9459 -20 17 -18.7655 -38.8014 -7.63532 -31.5433 
-60 -88.0551 -20 17 -17.2906 -41.1806 -8.73393 -35.6505 
-46 -88.2917 -20 17 -18.7655 -38.8014 -7.63532 -31.5433 
-48 -89.021 -20 18 -22.3061 -38.7094 -6.28601 -28.2759 
-56 -89.5751 -20 17 -19.8641 -38.6616 -6.94217 -29.8385 
-55 -88.8963 -20 17 -18.7655 -38.8014 -7.63532 -31.5433 
-44 -88.8312 -20 18 -22.3061 -38.7094 -6.28601 -28.2759 
-47 -84.8569 -20 17 -20.4308 -39.6703 -9.11816 -32.9491 
-50 -89.2067 -20 18 -22.3061 -38.7094 -6.28601 -28.2759 
-58 -89.7504 -20 17 -19.8641 -38.6616 -6.94217 -29.8385 
-47 -87.4394 -20 18 -19.9281 -38.0321 -7.92978 -30.6624 
-58 -89.7631 -20 17 -19.8641 -38.6616 -6.94217 -29.8385 
-60 -88.8596 -20 17 -18.3892 -41.0408 -8.04078 -33.9457 
-57 -89.0842 -20 17 -18.7655 -38.8014 -7.63532 -31.5433 
-46 -89.0963 -20 17 -19.8641 -38.6616 -6.94217 -29.8385 
-54 -90.7298 -20 17 -19.0531 -38.4168 -6.53671 -30.4973 
-62 -89.3598 -20 18 -21.2075 -38.8492 -6.97916 -29.9806 
-54 -88.9036 -20 18 -21.2075 -38.8492 -6.97916 -29.9806 
-48 -89.2312 -20 18 -22.3061 -38.7094 -6.28601 -28.2759 
-52 -89.4921 -20 18 -22.3061 -38.7094 -6.28601 -28.2759 
-62 -89.5376 -20 17 -18.7655 -38.8014 -7.63532 -31.5433 
-46 -88.5657 -20 18 -21.2075 -38.8492 -6.97916 -29.9806 
-56 -89.835 -20 17 -19.8641 -38.6616 -6.94217 -29.8385 
-55 -89.1562 -20 17 -18.7655 -38.8014 -7.63532 -31.5433 
-50 -88.8083 -20 18 -21.2075 -38.8492 -6.97916 -29.9806 
-52 -88.9275 -20 18 -21.2075 -38.8492 -6.97916 -29.9806 
-43 -88.4148 -20 18 -21.2075 -38.8492 -6.97916 -29.9806 
-54 -91.5344 -20 17 -20.1518 -38.277 -5.84356 -28.7925 
-47 -88.6758 -20 18 -21.2075 -38.8492 -6.97916 -29.9806 
-62 -90.1644 -20 18 -22.3061 -38.7094 -6.28601 -28.2759 
-54 -89.7082 -20 18 -22.3061 -38.7094 -6.28601 -28.2759 
-58 -85.5986 -20 17 -22.3595 -41.139 -8.67677 -31.7395 
-57 -84.9198 -20 17 -21.2609 -41.2788 -9.36992 -33.4442 
-56 -91.0902 -20 17 -19.0531 -38.4168 -6.53671 -30.4973 
-46 -84.2702 -20 18 -23.7029 -41.3266 -8.71376 -31.8816 
-48 -90.6412 -20 17 -19.0531 -38.4168 -6.53671 -30.4973 
-48 -88.8836 -20 17 -18.7655 -38.8014 -7.63532 -31.5433 
-52 -89.0459 -20 18 -21.2075 -38.8492 -6.97916 -29.9806 
-62 -90.3421 -20 17 -19.8641 -38.6616 -6.94217 -29.8385 
-38 -87.3538 -20 17 -17.4861 -37.9843 -8.58594 -32.225 
-52 -89.0813 -20 18 -21.2075 -38.8492 -6.97916 -29.9806 
-46 -89.3703 -20 18 -22.3061 -38.7094 -6.28601 -28.2759 
-50 -89.6128 -20 18 -22.3061 -38.7094 -6.28601 -28.2759 
-60 -90.1844 -20 18 -22.3061 -38.7094 -6.28601 -28.2759 
-59 -89.5056 -20 18 -21.2075 -38.8492 -6.97916 -29.9806 
-52 -89.7321 -20 18 -22.3061 -38.7094 -6.28601 -28.2759 
-54 -89.8525 -20 18 -22.3061 -38.7094 -6.28601 -28.2759 
-40 -88.4355 -20 18 -21.2075 -38.8492 -6.97916 -29.9806 
-56 -87.9593 -20 17 -22.3582 -39.3508 -7.26557 -31.3067 
-43 -87.6596 -20 18 -19.9281 -38.0321 -7.92978 -30.6624 
-52 -89.8776 -20 17 -19.8641 -38.6616 -6.94217 -29.8385 
-51 -89.1987 -20 17 -18.7655 -38.8014 -7.63532 -31.5433 
FEATURES_TXT_END_0
FEATURES_TXT_BEGIN_0 11 87 8 Distortion0_0 LM0_0 WordPenalty0_0 PhrasePenalty0_0 TranslationModel0_0 TranslationModel0_1 TranslationModel0_2 TranslationModel0_3 
-99 -162.072 -30 29 -43.2142 -64.6967 -18.4279 -58.8717 
-101 -162.201 -30 29 -43.2142 -64.6967 -18.4279 -58.8717 
-99 -169.054 -30 29 -40.2185 -60.6658 -15.4322 -55.945 
-97 -169.054 -30 29 -40.2185 -60.6658 -15.4322 -55.945 
-91 -168.804 -30 29 -40.2185 -60.6658 -15.4322 -55.945 
-83 -168.484 -30 29 -40.6511 -61.4139 -16.0474 -55.8882 
-89 -168.804 -30 29 -40.2185 -60.6658 -15.4322 -55.945 
-97 -167.542 -31 29 -33.5672 -60.9547 -17.5525 -63.0569 
-93 -169.054 -30 29 -40.2185 -60.6658 -15.4322 -55.945 
-87 -168.804 -30 29 -40.2185 -60.6658 -15.4322 -55.945 
-99 -166.101 -30 29 -43.5473 -64.2524 -16.3485 -58.5696 
-95 -169.363 -30 29 -40.2185 -60.6658 -15.4322 -55.945 
-85 -168.804 -30 29 -40.2185 -60.6658 -15.4322 -55.945 
-95 -162.549 -30 29 -43.2142 -64.6967 -18.4279 -58.8717 
-97 -162.678 -30 29 -43.2142 -64.6967 -18.4279 -58.8717 
-97 -166.101 -30 29 -43.5473 -64.2524 -16.3485 -58.5696 
-95 -165.396 -30 29 -43.4766 -64.2186 -16.8185 -56.9258 
-97 -165.525 -30 29 -43.4766 -64.2186 -16.8185 -56.9258 
-95 -169.531 -30 29 -40.2185 -60.6658 -15.4322 -55.945 
-93 -169.531 -30 29 -40.2185 -60.6658 -15.4322 -55.945 
-99 -161.869 -30 29 -43.4374 -65.016 -19.0565 -58.6794 
-93 -166.101 -30 29 -43.5473 -64.2524 -16.3485 -58.5696 
-95 -172.377 -30 29 -40.4809 -60.1877 -13.8228 -53.9991 
-101 -167.065 -31 29 -33.5672 -60.9547 -17.5525 -63.0569 
-91 -170.19 -30 29 -40.2185 -60.6658 -15.4322 -55.945 
-103 -170.849 -30 29 -40.2185 -60.6658 -15.4322 -55.945 
-87 -169.282 -30 29 -40.2185 -60.6658 -15.4322 -55.945 
-93 -170.275 -30 29 -40.2185 -60.6658 -15.4322 -55.945 
-93 -172.377 -30 29 -40.4809 -60.1877 -13.8228 -53.9991 
-105 -163.543 -30 29 -43.2142 -64.6967 -18.4279 -58.8717 
-95 -169.815 -30 29 -40.2185 -60.6658 -15.4322 -55.945 
-107 -163.672 -30 29 -43.2142 -64.6967 -18.4279 -58.8717 
-87 -168.126 -30 29 -40.6511 -61.4139 -16.0474 -55.8882 
-85 -169.282 -30 29 -40.2185 -60.6658 -15.4322 -55.945 
-89 -166.578 -30 29 -43.5473 -64.2524 -16.3485 -58.5696 
-87 -172.128 -30 29 -40.4809 -60.1877 -13.8228 -53.9991 
-89 -171.481 -30 29 -40.9135 -60.9358 -14.4379 -53.9423 
-89 -169.531 -30 29 -40.2185 -60.6658 -15.4322 -55.945 
-109 -167.705 -31 29 -33.5672 -60.9547 -17.5525 -63.0569 
-97 -167.525 -30 29 -37.6944 -59.1512 -17.5525 -59.0805 
-93 -169.815 -30 29 -40.2185 -60.6658 -15.4322 -55.945 
-97 -167.065 -31 29 -33.5672 -60.9547 -17.5525 -63.0569 
-93 -167.333 -30 29 -37.6944 -59.1512 -17.5525 -59.0805 
-95 -162.346 -30 29 -43.4374 -65.016 -19.0565 -58.6794 
-105 -170.525 -30 29 -40.2185 -60.6658 -15.4322 -55.945 
-83 -169.282 -30 29 -40.2185 -60.6658 -15.4322 -55.945 
-85 -172.128 -30 29 -40.4809 -60.1877 -13.8228 -53.9991 
-101 -167.705 -31 29 -33.5672 -60.9547 -17.5525 -63.0569 
-93 -161.869 -30 29 -43.4374 -65.016 -19.0565 -58.6794 
-89 -172.377 -30 29 -40.4809 -60.1877 -13.8228 -53.9991 
-89 -171.124 -30 29 -40.9135 -60.9358 -14.4379 -53.9423 
-95 -166.578 -30 29 -43.5473 -64.2524 -16.3485 -58.5696 
-95 -167.065 -31 29 -33.5672 -60.9547 -17.5525 -63.0569 
-89 -162.89 -30 29 -43.2142 -64.6967 -18.4279 -58.8717 
-83 -168.126 -30 29 -40.6511 -61.4139 -16.0474 -55.8882 
-91 -169.84 -30 29 -40.2185 -60.6658 -15.4322 -55.945 
-103 -170.525 -30 29 -40.2185 -60.6658 -15.4322 -55.945 
-81 -169.282 -30 29 -40.2185 -60.6658 -15.4322 -55.945 
-85 -169.789 -30 29 -41.1366 -61.2551 -15.0666 -53.7499 
-83 -172.128 -30 29 -40.4809 -60.1877 -13.8228 -53.9991 
-101 -167.728 -30 29 -39.9561 -61.144 -17.0416 -57.8909 
-89 -167.263 -30 29 -37.6944 -59.1512 -17.5525 -59.0805 
-93 -166.578 -30 29 -43.5473 -64.2524 -16.3485 -58.5696 
-95 -169.425 -30 29 -43.8097 -63.7743 -14.739 -56.6237 
-97 -170.273 -30 29 -40.2185 -60.6658 -15.4322 -55.945 
-97 -170.275 -30 29 -40.2185 -60.6658 -15.4322 -55.945 
-83 -171.124 -30 29 -40.9135 -60.9358 -14.4379 -53.9423 
-91 -169.942 -30 29 -40.2185 -60.6658 -15.4322 -55.945 
-81 -168.126 -30 29 -40.6511 -61.4139 -16.0474 -55.8882 
-95 -170.19 -30 29 -40.2185 -60.6658 -15.4322 -55.945 
-87 -168.484 -30 29 -40.6511 -61.4139 -16.0474 -55.8882 
-91 -172.687 -30 29 -40.4809 -60.1877 -13.8228 -53.9991 
-81 -172.128 -30 29 -40.4809 -60.1877 -13.8228 -53.9991 
-103 -170.391 -31 29 -33.8296 -60.4766 -15.943 -61.111 
-85 -171.124 -30 29 -40.9135 -60.9358 -14.4379 -53.9423 
-113 -168.275 -31 29 -33.5672 -60.9547 -17.5525 -63.0569 
-97 -167.371 -31 29 -33.5672 -60.9547 -17.5525 -63.0569 
-95 -169.538 -31 30 -37.943 -60.6338 -15.0278 -56.6167 
-93 -169.425 -30 29 -43.8097 -63.7743 -14.739 -56.6237 
-91 -167.54 -30 29 -37.6944 -59.1512 -17.5525 -59.0805 
-95 -170.273 -30 29 -40.2185 -60.6658 -15.4322 -55.945 
-95 -170.275 -30 29 -40.2185 -60.6658 -15.4322 -55.945 
-87 -161.869 -30 29 -43.4374 -65.016 -19.0565 -58.6794 
-89 -163.112 -30 29 -43.2142 -64.6967 -18.4279 -58.8717 
-93 -167.464 -30 29 -39.9561 -61.144 -17.0416 -57.8909 
-99 -170.525 -30 29 -40.2185 -60.6658 -15.4322 -55.945 
-81 -169.789 -30 29 -41.1366 -61.2551 -15.0666 -53.7499 
FEATURES_TXT_END_0
FEATURES_TXT_BEGIN_0 12 85 8 Distortion0_0 LM0_0 WordPenalty0_0 PhrasePenalty0_0 TranslationModel0_0 TranslationModel0_1 TranslationModel0_2 TranslationModel0_3 
-108 -200.924 -35 32 -58.1505 -73.9456 -14.3892 -60.733 
-106 -200.925 -35 32 -58.1505 -73.9456 -14.3892 -60.733 
-106 -200.924 -35 32 -58.1505 -73.9456 -14.3892 -60.733 
-104 -200.925 -35 32 -58.1505 -73.9456 -14.3892 -60.733 
-111 -201.384 -35 32 -58.1505 -73.9456 -14.3892 -60.733 
-102 -200.924 -35 32 -58.1505 -73.9456 -14.3892 -60.733 
-109 -201.384 -35 32 -58.1505 -73.9456 -14.3892 -60.733 
-100 -200.925 -35 32 -58.1505 -73.9456 -14.3892 -60.733 
-100 -201.002 -35 32 -58.1505 -73.9456 -14.3892 -60.733 
-98 -201.002 -35 32 -58.1505 -73.9456 -14.3892 -60.733 
-101 -202.508 -35 32 -58.1505 -73.9456 -14.3892 -60.733 
-96 -201.002 -35 32 -58.1505 -73.9456 -14.3892 -60.733 
-103 -201.462 -35 32 -58.1505 -73.9456 -14.3892 -60.733 
-107 -201.705 -35 32 -58.1505 -73.9456 -14.3892 -60.733 
-94 -201.002 -35 32 -58.1505 -73.9456 -14.3892 -60.733 
-101 -201.462 -35 32 -58.1505 -73.9456 -14.3892 -60.733 
-105 -201.705 -35 32 -58.1505 -73.9456 -14.3892 -60.733 
-96 -202.212 -35 32 -58.1505 -73.9456 -14.3892 -60.733 
-92 -201.002 -35 32 -58.1505 -73.9456 -14.3892 -60.733 
-101 -201.527 -35 32 -58.1505 -73.9456 -14.3892 -60.733 
-103 -201.705 -35 32 -58.1505 -73.9456 -14.3892 -60.733 
-96 -201.354 -35 32 -58.1505 -73.9456 -14.3892 -60.733 
-99 -201.527 -35 32 -58.1505 -73.9456 -14.3892 -60.733 
-101 -201.705 -35 32 -58.1505 -73.9456 -14.3892 -60.733 
-94 -201.354 -35 32 -58.1505 -73.9456 -14.3892 -60.733 
-104 -202.662 -35 32 -58.1505 -73.9456 -14.3892 -60.733 
-99 -201.705 -35 32 -58.1505 -73.9456 -14.3892 -60.733 
-92 -201.354 -35 32 -58.1505 -73.9456 -14.3892 -60.733 
-99 -201.783 -35 32 -58.1505 -73.9456 -14.3892 -60.733 
-99 -201.814 -35 32 -58.1505 -73.9456 -14.3892 -60.733 
-111 -202.521 -35 32 -58.1505 -73.9456 -14.3892 -60.733 
-90 -201.354 -35 32 -58.1505 -73.9456 -14.3892 -60.733 
-114 -202.59 -35 32 -58.4382 -73.7461 -14.3892 -60.0398 
-97 -201.783 -35 32 -58.1505 -73.9456 -14.3892 -60.733 
-103 -202.599 -35 32 -58.1505 -73.9456 -14.3892 -60.733 
-104 -202.212 -35 32 -58.1505 -73.9456 -14.3892 -60.733 
-97 -201.814 -35 32 -58.1505 -73.9456 -14.3892 -60.733 
-114 -201.419 -36 33 -57.1078 -73.7141 -13.9361 -60.7116 
-93 -201.604 -35 32 -58.1505 -73.9456 -14.3892 -60.733 
-109 -202.521 -35 32 -58.1505 -73.9456 -14.3892 -60.733 
-88 -201.354 -35 32 -58.1505 -73.9456 -14.3892 -60.733 
-103 -202.211 -35 32 -58.1505 -73.9456 -14.3892 -60.733 
-88 -201.372 -35 32 -58.1505 -73.9456 -14.3892 -60.733 
-112 -202.59 -35 32 -58.4382 -73.7461 -14.3892 -60.0398 
-95 -202.135 -35 32 -58.1505 -73.9456 -14.3892 -60.733 
-95 -201.783 -35 32 -58.1505 -73.9456 -14.3892 -60.733 
-99 -202.022 -35 32 -58.1505 -73.9456 -14.3892 -60.733 
-114 -202.888 -35 32 -58.1505 -73.9456 -14.3892 -60.733 
-102 -202.212 -35 32 -58.1505 -73.9456 -14.3892 -60.733 
-106 -202.59 -35 32 -58.4382 -73.7461 -14.3892 -60.0398 
-112 -201.419 -36 33 -57.1078 -73.7141 -13.9361 -60.7116 
-115 -201.878 -36 33 -57.1078 -73.7141 -13.9361 -60.7116 
-91 -201.604 -35 32 -58.1505 -73.9456 -14.3892 -60.733 
-107 -202.552 -35 32 -58.1505 -73.9456 -14.3892 -60.733 
-101 -202.211 -35 32 -58.1505 -73.9456 -14.3892 -60.733 
-86 -201.372 -35 32 -58.1505 -73.9456 -14.3892 -60.733 
-82 -201.372 -35 32 -58.1505 -73.9456 -14.3892 -60.733 
-110 -202.59 -35 32 -58.4382 -73.7461 -14.3892 -60.0398 
-93 -201.783 -35 32 -58.1505 -73.9456 -14.3892 -60.733 
-97 -202.022 -35 32 -58.1505 -73.9456 -14.3892 -60.733 
-112 -202.889 -35 32 -58.1505 -73.9456 -14.3892 -60.733 
-100 -202.212 -35 32 -58.1505 -73.9456 -14.3892 -60.733 
-103 -202.569 -35 32 -58.1505 -73.9456 -14.3892 -60.733 
-110 -201.419 -36 33 -57.1078 -73.7141 -13.9361 -60.7116 
-98 -202.115 -35 32 -58.1505 -73.9456 -14.3892 -60.733 
-117 -203.05 -35 32 -58.4382 -73.7461 -14.3892 -60.0398 
-105 -202.537 -35 32 -58.1505 -73.9456 -14.3892 -60.733 
-113 -203.006 -35 32 -58.1505 -73.9456 -14.3892 -60.733 
-105 -202.552 -35 32 -58.1505 -73.9456 -14.3892 -60.733 
-109 -202.905 -35 32 -58.1505 -73.9456 -14.3892 -60.733 
-107 -202.672 -35 32 -58.1505 -73.9456 -14.3892 -60.733 
-84 -201.372 -35 32 -58.1505 -73.9456 -14.3892 -60.733 
-117 -201.878 -36 33 -57.1078 -73.7141 -13.9361 -60.7116 
-108 -202.59 -35 32 -58.4382 -73.7461 -14.3892 -60.0398 
-91 -201.783 -35 32 -58.1505 -73.9456 -14.3892 -60.733 
-98 -202.212 -35 32 -58.1505 -73.9456 -14.3892 -60.733 
-105 -202.672 -35 32 -58.1505 -73.9456 -14.3892 -60.733 
-103 -202.552 -35 32 -58.1505 -73.9456 -14.3892 -60.733 
-108 -201.419 -36 33 -57.1078 -73.7141 -13.9361 -60.7116 
-96 -202.115 -35 32 -58.1505 -73.9456 -14.3892 -60.733 
-111 -203.006 -35 32 -58.1505 -73.9456 -14.3892 -60.733 
-91 -201.832 -35 32 -58.1505 -73.9456 -14.3892 -60.733 
-115 -203.05 -35 32 -58.4382 -73.7461 -14.3892 -60.0398 
-111 -202.986 -35 32 -58.1505 -73.9456 -14.3892 -60.733 
-103 -202.537 -35 32 -58.1505 -73.9456 -14.3892 -60.733 
FEATURES_TXT_END_0
FEATURES_TXT_BEGIN_0 13 100 8 Distortion0_0 LM0_0 WordPenalty0_0 PhrasePenalty0_0 TranslationModel0_0 TranslationModel0_1 TranslationModel0_2 TranslationModel0_3 
-83 -135.707 -32 29 -58.0102 -74.6328 -23.8405 -71.0879 
-77 -140.862 -32 29 -55.9457 -73.9106 -21.495 -68.4076 
-91 -132.273 -31 29 -66.7278 -78.3085 -25.0249 -70.0195 
-77 -141.583 -32 29 -54.7233 -72.6594 -21.495 -68.4736 
-89 -133.143 -32 29 -61.6478 -77.5324 -24.5336 -71.0879 
-77 -140.526 -32 29 -56.7602 -72.8448 -21.495 -67.375 
-83 -138.298 -32 29 -59.5833 -76.8102 -22.1882 -68.4076 
-77 -141.548 -32 29 -52.9798 -72.8404 -22.1882 -70.466 
-83 -139.019 -32 29 -58.3609 -75.559 -22.1882 -68.4736 
-83 -137.962 -32 29 -60.3978 -75.7444 -22.1882 -67.375 
-83 -138.984 -32 29 -56.6174 -75.74 -22.8813 -70.466 
-77 -140.442 -32 29 -57.9826 -74.096 -21.495 -67.309 
-87 -136.728 -32 29 -58.0102 -74.6328 -23.8405 -71.0879 
-97 -130.782 -32 30 -65.2631 -77.5324 -25.3056 -71.0879 
-87 -141.295 -32 29 -52.3555 -71.6865 -23.1473 -69.7017 
-78 -141.792 -32 29 -55.9457 -73.9106 -21.495 -68.4076 
-95 -133.294 -31 29 -66.7278 -78.3085 -25.0249 -70.0195 
-81 -139.588 -32 28 -58.068 -75.654 -22.0463 -70.0702 
-81 -138.038 -31 29 -64.6634 -77.5864 -22.6795 -67.3392 
-81 -140.309 -32 28 -56.8456 -74.4028 -22.0463 -70.1362 
-83 -137.878 -32 29 -61.6202 -76.9956 -22.1882 -67.309 
-71 -139.092 -32 28 -59.6867 -77.9861 -21.6408 -69.9569 
-93 -134.164 -32 29 -61.6478 -77.5324 -24.5336 -71.0879 
-91 -136.352 -31 29 -63.0902 -75.4089 -24.3318 -70.0195 
-78 -142.596 -32 29 -54.7233 -72.6594 -21.495 -68.4736 
-81 -138.759 -31 29 -63.4409 -76.3352 -22.6795 -67.4052 
-81 -131.889 -32 28 -66.3401 -78.8696 -23.9238 -67.9722 
-93 -138.731 -32 29 -55.9931 -74.5861 -23.8405 -69.7017 
-85 -139.172 -32 28 -59.4828 -75.1938 -22.0463 -69.0406 
-81 -139.252 -32 28 -58.8825 -74.5881 -22.0463 -69.0376 
-71 -139.813 -32 28 -58.4643 -76.7349 -21.6408 -70.0229 
-84 -139.228 -32 29 -59.5833 -76.8102 -22.1882 -68.4076 
-79 -135.658 -31 28 -68.4043 -81.6619 -22.8252 -68.8885 
-87 -137.024 -32 28 -61.7056 -78.5536 -22.7394 -70.0702 
-85 -137.624 -32 30 -60.5374 -78.0078 -22.9775 -68.9909 
-81 -137.703 -31 29 -65.4778 -76.5205 -22.6795 -66.3066 
-81 -132.61 -32 28 -65.1177 -77.6184 -23.9238 -68.0382 
-81 -140.274 -32 28 -55.1021 -74.5838 -22.7394 -72.1286 
-85 -139.892 -32 28 -58.2603 -73.9426 -22.0463 -69.1066 
-71 -140.018 -32 28 -59.6845 -79.3141 -21.329 -69.3615 
-95 -130.586 -32 29 -64.8675 -78.3085 -25.7181 -70.0195 
-71 -138.756 -32 28 -60.5011 -76.9203 -21.6408 -68.9242 
-79 -136.379 -31 28 -67.1819 -80.4107 -22.8252 -68.9545 
-87 -137.745 -32 28 -60.4832 -77.3024 -22.7394 -70.1362 
-93 -138.812 -32 29 -55.9023 -75.0912 -23.8405 -72.3407 
-77 -136.528 -32 28 -63.3243 -80.8857 -22.3339 -69.9569 
-85 -138.345 -32 30 -59.315 -76.7566 -22.9775 -69.0569 
-81 -138.724 -31 29 -61.6974 -76.5162 -23.3726 -69.3976 
-81 -131.553 -32 28 -67.1545 -77.8037 -23.9238 -66.9396 
-77 -140.977 -32 29 -57.0533 -75.658 -21.8764 -68.6514 
-71 -140.739 -32 28 -58.4621 -78.0629 -21.329 -69.4275 
-84 -140.032 -32 29 -58.3609 -75.559 -22.1882 -68.4736 
-71 -139.778 -32 28 -56.7207 -76.9159 -22.3339 -72.0153 
-85 -138.836 -32 28 -60.2972 -74.128 -22.0463 -68.008 
-79 -136.584 -31 28 -68.4022 -82.9898 -22.5134 -68.2931 
-79 -135.322 -31 28 -69.2188 -80.596 -22.8252 -67.8559 
-91 -136.607 -32 28 -63.1204 -78.0934 -22.7394 -69.0406 
-87 -136.688 -32 28 -62.5201 -77.4877 -22.7394 -69.0376 
-83 -142.537 -32 28 -55.8629 -72.6334 -21.3531 -68.0598 
-77 -137.249 -32 28 -62.1018 -79.6345 -22.3339 -70.0229 
-81 -135.192 -31 28 -68.2004 -78.8696 -23.2307 -67.9722 
-85 -137.288 -32 30 -61.3518 -76.942 -22.9775 -67.9583 
-91 -135.06 -32 30 -64.175 -80.9074 -23.6706 -68.9909 
-61 -140.257 -32 28 -58.4621 -78.0629 -21.329 -69.4275 
-81 -132.575 -32 28 -63.3741 -77.7994 -24.617 -70.0306 
-93 -133.693 -31 29 -66.7278 -78.3085 -25.0249 -70.0195 
-85 -139.857 -32 28 -56.5168 -74.1236 -22.7394 -71.099 
-71 -139.682 -32 28 -60.499 -78.2482 -21.329 -68.3289 
-79 -137.305 -31 28 -67.1797 -81.7386 -22.5134 -68.3591 
-79 -136.344 -31 28 -65.4384 -80.5917 -23.5184 -70.9469 
-87 -137.71 -32 28 -58.7397 -77.4833 -23.4325 -72.1286 
-91 -137.328 -32 28 -61.8979 -76.8422 -22.7394 -69.1066 
-77 -137.454 -32 28 -63.3221 -82.2136 -22.0222 -69.3615 
-83 -143.257 -32 28 -54.6404 -71.3822 -21.3531 -68.1257 
-77 -136.192 -32 28 -64.1387 -79.8199 -22.3339 -68.9242 
-85 -138.31 -32 30 -57.5715 -76.9376 -23.6706 -71.0493 
-81 -135.913 -31 28 -66.978 -77.6184 -23.2307 -68.0382 
-73 -134.885 -32 29 -64.5163 -78.1924 -22.8355 -69.2184 
-91 -135.781 -32 30 -62.9526 -79.6562 -23.6706 -69.0569 
-77 -139.121 -32 29 -59.5656 -76.471 -22.1882 -69.3885 
-71 -140.704 -32 28 -56.7186 -78.2438 -22.0222 -71.4199 
-69 -136.823 -31 28 -67.1797 -81.7386 -22.5134 -68.3591 
-79 -136.248 -31 28 -69.2166 -81.9239 -22.5134 -67.2605 
-83 -138.413 -32 29 -60.6908 -78.5576 -22.5695 -68.6514 
-77 -138.175 -32 28 -62.0997 -80.9624 -22.0222 -69.4275 
-77 -137.213 -32 28 -60.3583 -79.8155 -23.0271 -72.0153 
-91 -136.272 -32 28 -63.9348 -77.0276 -22.7394 -68.008 
-83 -142.201 -32 28 -56.6773 -71.5676 -21.3531 -67.0271 
-81 -134.856 -31 28 -69.0149 -77.8037 -23.2307 -66.9396 
-101 -131.802 -32 30 -65.2631 -77.5324 -25.3056 -71.0879 
-89 -139.972 -32 28 -59.5005 -75.533 -22.0463 -68.0598 
-73 -135.606 -32 29 -63.2938 -76.9412 -22.8355 -69.2844 
-93 -137.898 -32 29 -58.0102 -74.6328 -23.8405 -71.0879 
-93 -130.85 -32 30 -65.5017 -77.7052 -25.4827 -72.2636 
-77 -143.99 -32 29 -50.9429 -72.6551 -22.1882 -71.5646 
-79 -140.768 -32 29 -58.2757 -76.9092 -21.8764 -68.5854 
-91 -134.724 -32 30 -64.9894 -79.8416 -23.6706 -67.9583 
-77 -139.842 -32 29 -58.3432 -75.2198 -22.1882 -69.4544 
-81 -131.451 -31 29 -73.2339 -81.8681 -24.02 -68.15 
-78 -141.371 -32 29 -57.9826 -74.096 -21.495 -67.309 
FEATURES_TXT_END_0
FEATURES_TXT_BEGIN_0 14 58 8 Distortion0_0 LM0_0 WordPenalty0_0 PhrasePenalty0_0 TranslationModel0_0 TranslationModel0_1 TranslationModel0_2 TranslationModel0_3 
-90 -174.175 -33 29 -49.1519 -63.107 -14.9262 -57.1079 
-88 -174.175 -33 29 -49.1519 -63.107 -14.9262 -57.1079 
-78 -174.261 -33 29 -49.1519 -63.107 -14.9262 -57.1079 
-80 -174.375 -33 29 -49.1519 -63.107 -14.9262 -57.1079 
-98 -174.759 -33 29 -49.1519 -63.107 -14.9262 -57.1079 
-86 -174.175 -33 29 -49.1519 -63.107 -14.9262 -57.1079 
-82 -176.307 -33 28 -48.2286 -60.7145 -13.9349 -57.5348 
-96 -174.759 -33 29 -49.1519 -63.107 -14.9262 -57.1079 
-84 -176.421 -33 28 -48.2286 -60.7145 -13.9349 -57.5348 
-80 -175.722 -33 28 -48.2286 -60.7145 -13.9349 -57.5348 
-76 -173.676 -33 29 -49.1519 -63.107 -14.9262 -57.1079 
-84 -174.175 -33 29 -49.1519 -63.107 -14.9262 -57.1079 
-96 -174.873 -33 29 -49.1519 -63.107 -14.9262 -57.1079 
-94 -174.759 -33 29 -49.1519 -63.107 -14.9262 -57.1079 
-94 -175.163 -33 29 -49.1519 -63.107 -14.9262 -57.1079 
-88 -176.251 -33 28 -48.2286 -60.7145 -13.9349 -57.5348 
-78 -175.722 -33 28 -48.2286 -60.7145 -13.9349 -57.5348 
-72 -175.722 -33 28 -48.2286 -60.7145 -13.9349 -57.5348 
-88 -179.32 -33 28 -43.696 -61.1138 -13.9349 -59.8882 
-74 -173.676 -33 29 -49.1519 -63.107 -14.9262 -57.1079 
-80 -170.446 -33 29 -49.8054 -60.1415 -16.8456 -54.6794 
-92 -176.835 -33 28 -48.2286 -60.7145 -13.9349 -57.5348 
-88 -176.307 -33 28 -48.2286 -60.7145 -13.9349 -57.5348 
-84 -174.261 -33 29 -49.1519 -63.107 -14.9262 -57.1079 
-80 -175.863 -33 28 -48.2286 -60.7145 -13.9349 -57.5348 
-82 -174.175 -33 29 -49.1519 -63.107 -14.9262 -57.1079 
-94 -174.873 -33 29 -49.1519 -63.107 -14.9262 -57.1079 
-92 -174.759 -33 29 -49.1519 -63.107 -14.9262 -57.1079 
-86 -176.251 -33 28 -48.2286 -60.7145 -13.9349 -57.5348 
-94 -176.949 -33 28 -48.2286 -60.7145 -13.9349 -57.5348 
-80 -171.4 -33 29 -50.2108 -60.7915 -16.1525 -55.2391 
-96 -176.835 -33 28 -48.2286 -60.7145 -13.9349 -57.5348 
-76 -175.722 -33 28 -48.2286 -60.7145 -13.9349 -57.5348 
-82 -176.251 -33 28 -48.2286 -60.7145 -13.9349 -57.5348 
-88 -174.759 -33 29 -49.1519 -63.107 -14.9262 -57.1079 
-72 -173.676 -33 29 -49.1519 -63.107 -14.9262 -57.1079 
-90 -174.873 -33 29 -49.1519 -63.107 -14.9262 -57.1079 
-98 -175.163 -33 29 -49.1519 -63.107 -14.9262 -57.1079 
-86 -176.307 -33 28 -48.2286 -60.7145 -13.9349 -57.5348 
-78 -174.175 -33 29 -49.1519 -63.107 -14.9262 -57.1079 
-82 -174.261 -33 29 -49.1519 -63.107 -14.9262 -57.1079 
-86 -176.448 -33 28 -48.2286 -60.7145 -13.9349 -57.5348 
-78 -175.863 -33 28 -48.2286 -60.7145 -13.9349 -57.5348 
-80 -178.792 -33 28 -43.696 -61.1138 -13.9349 -59.8882 
-76 -175.863 -33 28 -48.2286 -60.7145 -13.9349 -57.5348 
-88 -176.448 -33 28 -48.2286 -60.7145 -13.9349 -57.5348 
-80 -174.175 -33 29 -49.1519 -63.107 -14.9262 -57.1079 
-80 -174.261 -33 29 -49.1519 -63.107 -14.9262 -57.1079 
-82 -174.375 -33 29 -49.1519 -63.107 -14.9262 -57.1079 
-84 -176.307 -33 28 -48.2286 -60.7145 -13.9349 -57.5348 
-90 -174.759 -33 29 -49.1519 -63.107 -14.9262 -57.1079 
-92 -174.873 -33 29 -49.1519 -63.107 -14.9262 -57.1079 
-86 -176.421 -33 28 -48.2286 -60.7145 -13.9349 -57.5348 
-84 -176.251 -33 28 -48.2286 -60.7145 -13.9349 -57.5348 
-96 -175.163 -33 29 -49.1519 -63.107 -14.9262 -57.1079 
-94 -176.835 -33 28 -48.2286 -60.7145 -13.9349 -57.5348 
-70 -173.676 -33 29 -49.1519 -63.107 -14.9262 -57.1079 
-74 -175.722 -33 28 -48.2286 -60.7145 -13.9349 -57.5348 
FEATURES_TXT_END_0
FEATURES_TXT_BEGIN_0 15 38 8 Distortion0_0 LM0_0 WordPenalty0_0 PhrasePenalty0_0 TranslationModel0_0 TranslationModel0_1 TranslationModel0_2 TranslationModel0_3 
-100 -189.999 -30 28 -56.9431 -62.4745 -11.3541 -41.1687 
-102 -190.965 -30 28 -56.9431 -62.4745 -11.3541 -41.1687 
-103 -191.015 -30 28 -56.9431 -62.4745 -11.3541 -41.1687 
-98 -189.999 -30 28 -56.9431 -62.4745 -11.3541 -41.1687 
-84 -189.927 -30 28 -56.9431 -62.4745 -11.3541 -41.1687 
-92 -190.377 -30 28 -56.9431 -62.4745 -11.3541 -41.1687 
-100 -188.12 -30 28 -58.7656 -66.6694 -12.4528 -42.9897 
-98 -190.704 -30 28 -56.9431 -62.4745 -11.3541 -41.1687 
-96 -189.927 -30 28 -56.9431 -62.4745 -11.3541 -41.1687 
-92 -190.36 -30 28 -56.9431 -62.4745 -11.3541 -41.1687 
-104 -191.036 -30 28 -56.9431 -62.4745 -11.3541 -41.1687 
-96 -189.999 -30 28 -56.9431 -62.4745 -11.3541 -41.1687 
-94 -189.927 -30 28 -56.9431 -62.4745 -11.3541 -41.1687 
-92 -190.343 -30 28 -56.9431 -62.4745 -11.3541 -41.1687 
-86 -189.999 -30 28 -56.9431 -62.4745 -11.3541 -41.1687 
-104 -195.132 -30 28 -50.9878 -61.0338 -10.9068 -43.8495 
-98 -190.632 -30 28 -56.9431 -62.4745 -11.3541 -41.1687 
-94 -189.999 -30 28 -56.9431 -62.4745 -11.3541 -41.1687 
-100 -190.36 -30 28 -56.9431 -62.4745 -11.3541 -41.1687 
-92 -190.288 -30 28 -56.9431 -62.4745 -11.3541 -41.1687 
-92 -189.927 -30 28 -56.9431 -62.4745 -11.3541 -41.1687 
-92 -189.999 -30 28 -56.9431 -62.4745 -11.3541 -41.1687 
-86 -189.927 -30 28 -56.9431 -62.4745 -11.3541 -41.1687 
-94 -190.377 -30 28 -56.9431 -62.4745 -11.3541 -41.1687 
-102 -188.12 -30 28 -58.7656 -66.6694 -12.4528 -42.9897 
-98 -190.36 -30 28 -56.9431 -62.4745 -11.3541 -41.1687 
-100 -190.704 -30 28 -56.9431 -62.4745 -11.3541 -41.1687 
-90 -189.927 -30 28 -56.9431 -62.4745 -11.3541 -41.1687 
-96 -190.288 -30 28 -56.9431 -62.4745 -11.3541 -41.1687 
-94 -190.36 -30 28 -56.9431 -62.4745 -11.3541 -41.1687 
-90 -189.999 -30 28 -56.9431 -62.4745 -11.3541 -41.1687 
-106 -191.036 -30 28 -56.9431 -62.4745 -11.3541 -41.1687 
-88 -189.999 -30 28 -56.9431 -62.4745 -11.3541 -41.1687 
-94 -190.288 -30 28 -56.9431 -62.4745 -11.3541 -41.1687 
-88 -189.927 -30 28 -56.9431 -62.4745 -11.3541 -41.1687 
-96 -190.36 -30 28 -56.9431 -62.4745 -11.3541 -41.1687 
-102 -190.704 -30 28 -56.9431 -62.4745 -11.3541 -41.1687 
-104 -188.12 -30 28 -58.7656 -66.6694 -12.4528 -42.9897 
FEATURES_TXT_END_0
FEATURES_TXT_BEGIN_0 16 100 8 Distortion0_0 LM0_0 WordPenalty0_0 PhrasePenalty0_0 TranslationModel0_0 TranslationModel0_1 TranslationModel0_2 TranslationModel0_3 
-84 -142.018 -31 27 -40.1829 -50.2259 -12.4619 -55.0112 
-84 -140.128 -31 27 -42.9539 -53.5973 -13.044 -56.3851 
-90 -142.992 -31 27 -40.1829 -50.2259 -12.4619 -55.0112 
-88 -143.088 -31 27 -40.1829 -50.2259 -12.4619 -55.0112 
-84 -138.956 -31 27 -43.4289 -53.0018 -13.7306 -55.8683 
-82 -142.952 -31 27 -40.1829 -50.2259 -12.4619 -55.0112 
-84 -147.762 -31 27 -39.7969 -50.1741 -10.0285 -52.9236 
-84 -144.2 -31 27 -41.4622 -51.043 -11.5113 -54.3294 
-90 -141.103 -31 27 -42.9539 -53.5973 -13.044 -56.3851 
-88 -141.198 -31 27 -42.9539 -53.5973 -13.044 -56.3851 
-82 -143.329 -31 27 -40.1829 -50.2259 -12.4619 -55.0112 
-84 -145.309 -31 26 -39.2595 -47.8335 -11.4706 -55.4381 
-88 -139.787 -31 27 -43.4289 -53.0018 -13.7306 -55.8683 
-86 -139.686 -31 27 -43.4289 -53.0018 -13.7306 -55.8683 
-90 -139.93 -31 27 -43.4289 -53.0018 -13.7306 -55.8683 
-82 -141.063 -31 27 -42.9539 -53.5973 -13.044 -56.3851 
-92 -144.205 -31 27 -40.1829 -50.2259 -12.4619 -55.0112 
-88 -140.026 -31 27 -43.4289 -53.0018 -13.7306 -55.8683 
-90 -148.736 -31 27 -39.7969 -50.1741 -10.0285 -52.9236 
-96 -144.49 -31 27 -40.1829 -50.2259 -12.4619 -55.0112 
-90 -145.174 -31 27 -41.4622 -51.043 -11.5113 -54.3294 
-84 -137.196 -31 27 -43.6843 -52.988 -15.1375 -56.8514 
-88 -147.78 -31 27 -38.5175 -49.357 -10.9791 -53.6054 
-82 -139.89 -31 27 -43.4289 -53.0018 -13.7306 -55.8683 
-86 -148.701 -31 27 -39.7969 -50.1741 -10.0285 -52.9236 
-88 -148.831 -31 27 -39.7969 -50.1741 -10.0285 -52.9236 
-83 -140.307 -31 27 -41.3965 -51.1876 -14.1361 -56.2738 
-82 -141.439 -31 27 -42.9539 -53.5973 -13.044 -56.3851 
-88 -144.259 -31 27 -40.1829 -50.2259 -12.4619 -55.0112 
-80 -147.415 -31 27 -38.5175 -49.357 -10.9791 -53.6054 
-92 -144.491 -31 27 -40.1829 -50.2259 -12.4619 -55.0112 
-88 -145.27 -31 27 -41.4622 -51.043 -11.5113 -54.3294 
-84 -143.42 -31 26 -42.0305 -51.2048 -12.0527 -56.812 
-84 -139.11 -31 27 -42.1495 -52.1847 -14.6812 -56.5501 
-86 -144.233 -31 27 -40.1829 -50.2259 -12.4619 -55.0112 
-82 -148.637 -31 27 -39.7969 -50.1741 -10.0285 -52.9236 
-94 -140.762 -31 27 -43.4289 -53.0018 -13.7306 -55.8683 
-92 -140.661 -31 27 -43.4289 -53.0018 -13.7306 -55.8683 
-84 -147.807 -31 27 -38.5175 -49.357 -10.9791 -53.6054 
-82 -148.696 -31 27 -39.7969 -50.1741 -10.0285 -52.9236 
-82 -140.675 -31 27 -41.6745 -52.7802 -13.9946 -57.0669 
-82 -145.134 -31 27 -41.4622 -51.043 -11.5113 -54.3295 
-76 -148.315 -31 26 -34.7269 -48.2328 -11.4706 -57.7916 
-92 -142.315 -31 27 -42.9539 -53.5973 -13.044 -56.3851 
-86 -144.451 -31 27 -40.1829 -50.2259 -12.4619 -55.0112 
-82 -140.267 -31 27 -43.4289 -53.0018 -13.7306 -55.8683 
-96 -142.601 -31 27 -42.9539 -53.5973 -13.044 -56.3851 
-92 -140.857 -31 27 -43.4289 -53.0018 -13.7306 -55.8683 
-90 -140.756 -31 27 -43.4289 -53.0018 -13.7306 -55.8683 
-84 -142.247 -31 26 -42.5055 -50.6093 -12.7393 -56.2952 
-78 -144.087 -31 27 -40.1829 -50.2259 -12.4619 -55.0112 
-88 -144.679 -31 27 -40.1829 -50.2259 -12.4619 -55.0112 
-90 -138.171 -31 27 -43.6843 -52.988 -15.1375 -56.8514 
-88 -141.065 -31 27 -41.3965 -51.1876 -14.1361 -56.2738 
-80 -148.939 -31 27 -39.7969 -50.1741 -10.0285 -52.9236 
-94 -148.754 -31 27 -38.5175 -49.357 -10.9791 -53.6054 
-82 -149.072 -31 27 -39.7969 -50.1741 -10.0285 -52.9236 
-86 -140.722 -31 27 -43.4289 -53.0018 -13.7306 -55.8683 
-84 -140.621 -31 27 -43.4289 -53.0018 -13.7306 -55.8683 
-88 -142.369 -31 27 -42.9539 -53.5973 -13.044 -56.3851 
-92 -142.602 -31 27 -42.9539 -53.5973 -13.044 -56.3851 
-83 -139.909 -31 27 -40.1171 -50.3705 -15.0867 -56.9555 
-92 -149.676 -31 27 -39.7969 -50.1741 -10.0285 -52.9236 
-84 -151.053 -31 26 -38.8735 -47.7816 -9.03715 -53.3505 
-82 -145.511 -31 27 -41.4622 -51.043 -11.5113 -54.3294 
-89 -141.281 -31 27 -41.3965 -51.1876 -14.1361 -56.2738 
-92 -141.143 -31 27 -43.4289 -53.0018 -13.7306 -55.8683 
-94 -145.233 -31 27 -40.1829 -50.2259 -12.4619 -55.0112 
-96 -147.177 -31 26 -39.2595 -47.8335 -11.4706 -55.4381 
-86 -148.389 -31 27 -38.5175 -49.357 -10.9791 -53.6054 
-84 -147.491 -31 26 -40.5389 -48.6505 -10.52 -54.7563 
-88 -137.834 -31 27 -43.3399 -53.6492 -15.4775 -58.4727 
-86 -142.344 -31 27 -42.9539 -53.5973 -13.044 -56.3851 
-88 -138.266 -31 27 -43.6843 -52.988 -15.1375 -56.8514 
-86 -139.84 -31 27 -42.1495 -52.1847 -14.6812 -56.5501 
-90 -140.084 -31 27 -42.1495 -52.1847 -14.6812 -56.5501 
-96 -141.428 -31 27 -43.4289 -53.0018 -13.7306 -55.8683 
-88 -141.97 -31 27 -44.7083 -53.8189 -12.78 -55.1865 
-80 -148.128 -31 27 -38.5175 -49.357 -10.9791 -53.6054 
-84 -137.7 -31 27 -43.3399 -53.6492 -15.4775 -58.4727 
-76 -146.137 -31 26 -39.2595 -47.8335 -11.4706 -55.4381 
-88 -149.611 -31 27 -39.7969 -50.1741 -10.0285 -52.9236 
-84 -148.389 -31 27 -38.5175 -49.357 -10.9791 -53.6054 
-92 -148.85 -31 27 -38.5175 -49.357 -10.9791 -53.6054 
-82 -144.679 -31 27 -40.1829 -50.2259 -12.4619 -55.0112 
-90 -149.771 -31 27 -39.7969 -50.1741 -10.0285 -52.9236 
-76 -146.425 -31 26 -37.4979 -51.6041 -12.0527 -59.1655 
-90 -148.781 -31 27 -38.5175 -49.357 -10.9791 -53.6054 
-87 -141.377 -31 27 -41.3965 -51.1876 -14.1361 -56.2738 
-86 -143.229 -31 27 -39.5821 -48.9165 -13.5605 -56.0644 
-92 -145.329 -31 27 -40.1829 -50.2259 -12.4619 -55.0112 
-84 -148.485 -31 27 -38.5175 -49.357 -10.9791 -53.6054 
-88 -141.65 -31 27 -41.6745 -52.7802 -13.9946 -57.0669 
-92 -149.948 -31 27 -39.7969 -50.1741 -10.0285 -52.9236 
-90 -145.136 -31 28 -39.8665 -48.4422 -12.7814 -50.8971 
-82 -138.131 -31 27 -43.6843 -52.988 -15.1375 -56.8514 
-86 -142.562 -31 27 -42.9539 -53.5973 -13.044 -56.3851 
-88 -141.159 -31 27 -43.4289 -53.0018 -13.7306 -55.8683 
-88 -140.18 -31 27 -42.1495 -52.1847 -14.6812 -56.5501 
-92 -146.387 -31 27 -41.4622 -51.043 -11.5113 -54.3294 
FEATURES_TXT_END_0
FEATURES_TXT_BEGIN_0 17 19 8 Distortion0_0 LM0_0 WordPenalty0_0 PhrasePenalty0_0 TranslationModel0_0 TranslationModel0_1 TranslationModel0_2 TranslationModel0_3 
-99 -231.484 -35 34 -48.569 -72.0271 -19.1289 -70.1318 
-101 -234.794 -35 34 -48.8067 -71.7906 -17.5603 -69.302 
-97 -231.484 -35 34 -48.569 -72.0271 -19.1289 -70.1318 
-89 -231.484 -35 34 -48.569 -72.0271 -19.1289 -70.1318 
-109 -234.794 -35 34 -48.8067 -71.7906 -17.5603 -69.302 
-95 -233.576 -35 34 -48.2959 -72.7305 -18.2534 -70.4006 
-95 -231.484 -35 34 -48.569 -72.0271 -19.1289 -70.1318 
-99 -233.789 -35 34 -48.2959 -72.7305 -18.2534 -70.4006 
-104 -232.365 -35 34 -51.1093 -73.1607 -18.2534 -70.4006 
-109 -234.753 -35 34 -48.3595 -70.9139 -17.9397 -68.8677 
-97 -231.443 -35 34 -48.1218 -71.1504 -19.5084 -69.6975 
-103 -234.794 -35 34 -48.8067 -71.7906 -17.5603 -69.302 
-91 -231.484 -35 34 -48.569 -72.0271 -19.1289 -70.1318 
-97 -233.576 -35 34 -48.2959 -72.7305 -18.2534 -70.4006 
-107 -234.794 -35 34 -48.8067 -71.7906 -17.5603 -69.302 
-99 -231.443 -35 34 -48.1218 -71.1504 -19.5084 -69.6975 
-99 -233.576 -35 34 -48.2959 -72.7305 -18.2534 -70.4006 
-93 -231.484 -35 34 -48.569 -72.0271 -19.1289 -70.1318 
-105 -234.794 -35 34 -48.8067 -71.7906 -17.5603 -69.302 
FEATURES_TXT_END_0
FEATURES_TXT_BEGIN_0 18 80 8 Distortion0_0 LM0_0 WordPenalty0_0 PhrasePenalty0_0 TranslationModel0_0 TranslationModel0_1 TranslationModel0_2 TranslationModel0_3 
-161 -264.308 -56 54 -90.0668 -99.3474 -34.8173 -99.7573 
-148 -264.769 -56 54 -90.0668 -99.3474 -34.8173 -99.7573 
-157 -264.308 -56 54 -90.0668 -99.3474 -34.8173 -99.7573 
-153 -264.135 -56 54 -90.0668 -99.3474 -34.8173 -99.7573 
-155 -264.308 -56 54 -90.0668 -99.3474 -34.8173 -99.7573 
-159 -266.149 -56 54 -89.3736 -98.1201 -34.1241 -98.371 
-169 -267.414 -56 54 -90.5681 -98.0655 -33.8108 -97.5932 
-151 -264.135 -56 54 -90.0668 -99.3474 -34.8173 -99.7573 
-169 -267.476 -55 53 -90.6036 -98.0506 -34.9084 -98.2653 
-161 -264.041 -57 55 -87.7913 -99.3153 -34.4128 -100.429 
-161 -267.038 -56 54 -88.3274 -96.275 -34.4118 -98.5816 
-167 -261.965 -56 54 -93.6135 -102.752 -35.5104 -102.396 
-146 -265.294 -56 54 -88.9682 -99.4458 -34.8173 -100.45 
-161 -266.488 -56 54 -89.3736 -98.1201 -34.1241 -98.371 
-165 -267.314 -56 54 -89.3736 -98.1201 -34.1241 -98.371 
-155 -266.149 -56 54 -89.3736 -98.1201 -34.1241 -98.371 
-179 -267.414 -56 54 -90.5681 -98.0655 -33.8108 -97.5932 
-151 -265.976 -56 54 -89.3736 -98.1201 -34.1241 -98.371 
-157 -264.041 -57 55 -87.7913 -99.3153 -34.4128 -100.429 
-153 -266.149 -56 54 -89.3736 -98.1201 -34.1241 -98.371 
-153 -263.868 -57 55 -87.7913 -99.3153 -34.4128 -100.429 
-152 -265.188 -56 54 -88.9682 -99.4458 -34.8173 -100.45 
-153 -265.674 -56 54 -88.9682 -99.4458 -34.8173 -100.45 
-163 -261.965 -56 54 -93.6135 -102.752 -35.5104 -102.396 
-149 -265.976 -56 54 -89.3736 -98.1201 -34.1241 -98.371 
-165 -265.801 -56 54 -89.2515 -98.3332 -34.8035 -98.7114 
-161 -266.405 -56 54 -88.988 -98.0186 -34.398 -98.937 
-155 -264.041 -57 55 -87.7913 -99.3153 -34.4128 -100.429 
-159 -261.792 -56 54 -93.6135 -102.752 -35.5104 -102.396 
-157 -266.488 -56 54 -89.3736 -98.1201 -34.1241 -98.371 
-167 -269.317 -55 53 -89.9105 -96.8233 -34.2152 -96.879 
-159 -265.882 -57 55 -87.0982 -98.0881 -33.7197 -99.0427 
-158 -265.647 -56 54 -89.8063 -98.8682 -34.7393 -98.3142 
-167 -265.473 -56 54 -90.0668 -99.3474 -34.8173 -99.7573 
-151 -263.868 -57 55 -87.7913 -99.3153 -34.4128 -100.429 
-152 -265.294 -56 54 -88.9682 -99.4458 -34.8173 -100.45 
-157 -263.634 -56 54 -92.9204 -101.525 -34.8173 -101.01 
-163 -265.288 -56 54 -90.0668 -99.3474 -34.8173 -99.7573 
-161 -261.965 -56 54 -93.6135 -102.752 -35.5104 -102.396 
-153 -265.882 -57 55 -87.0982 -98.0881 -33.7197 -99.0427 
-153 -266.316 -56 54 -89.3736 -98.1201 -34.1241 -98.371 
-165 -263.806 -56 54 -92.9204 -101.525 -34.8173 -101.01 
-185 -265.072 -56 54 -94.1148 -101.47 -34.504 -100.232 
-159 -266.405 -56 54 -88.988 -98.0186 -34.398 -98.937 
-161 -267.476 -55 53 -90.6036 -98.0506 -34.9084 -98.2653 
-169 -267.209 -56 54 -88.3281 -98.0186 -34.5039 -98.937 
-156 -264.942 -56 54 -90.0668 -99.3474 -34.8173 -99.7573 
-155 -265.115 -56 54 -90.0668 -99.3474 -34.8173 -99.7573 
-157 -261.792 -56 54 -93.6135 -102.752 -35.5104 -102.396 
-155 -266.488 -56 54 -89.3736 -98.1201 -34.1241 -98.371 
-167 -266.896 -56 54 -88.988 -98.0186 -34.398 -98.937 
-157 -265.674 -56 54 -88.9682 -99.4458 -34.8173 -100.45 
-159 -268.246 -56 54 -88.2949 -96.7913 -33.7049 -97.5507 
-175 -265.133 -55 53 -94.1504 -101.455 -35.6015 -100.904 
-148 -265.188 -56 54 -88.9682 -99.4458 -34.8173 -100.45 
-169 -269.685 -56 54 -89.4735 -97.7082 -32.7378 -97.8471 
-142 -265.016 -56 54 -88.9682 -99.4458 -34.8173 -100.45 
-151 -266.316 -56 54 -89.3736 -98.1201 -34.1241 -98.371 
-177 -269.256 -56 54 -89.875 -96.8382 -33.1177 -96.2069 
-161 -265.801 -56 54 -89.2515 -98.3332 -34.8035 -98.7114 
-161 -267.635 -55 53 -87.3492 -97.0914 -36.007 -99.3594 
-159 -267.476 -55 53 -90.6036 -98.0506 -34.9084 -98.2653 
-144 -265.016 -56 54 -88.9682 -99.4458 -34.8173 -100.45 
-169 -269.657 -55 53 -89.9105 -96.8233 -34.2152 -96.879 
-161 -266.221 -57 55 -87.0982 -98.0881 -33.7197 -99.0427 
-152 -264.942 -56 54 -90.0668 -99.3474 -34.8173 -99.7573 
-155 -265.882 -57 55 -87.0982 -98.0881 -33.7197 -99.0427 
-158 -265.542 -56 54 -89.8063 -98.8682 -34.7393 -98.3142 
-144 -265.121 -56 54 -88.9682 -99.4458 -34.8173 -100.45 
-148 -265.294 -56 54 -88.9682 -99.4458 -34.8173 -100.45 
-155 -266.646 -56 54 -89.3736 -98.1201 -34.1241 -98.371 
-163 -267.643 -56 54 -88.5584 -97.106 -34.1103 -97.3251 
-171 -267.414 -56 54 -90.5681 -98.0655 -33.8108 -97.5932 
-146 -265.188 -56 54 -88.9682 -99.4458 -34.8173 -100.45 
-159 -265.288 -56 54 -90.0668 -99.3474 -34.8173 -99.7573 
-151 -265.71 -57 55 -87.0982 -98.0881 -33.7197 -99.0427 
-167 -264.145 -56 54 -92.9204 -101.525 -34.8173 -101.01 
-159 -265.801 -56 54 -89.2515 -98.3332 -34.8035 -98.7114 
-159 -261.111 -55 53 -94.6964 -100.301 -37.3017 -98.1527 
-161 -263.806 -56 54 -92.9204 -101.525 -34.8173 -101.01 
FEATURES_TXT_END_0
FEATURES_TXT_BEGIN_0 19 100 8 Distortion0_0 LM0_0 WordPenalty0_0 PhrasePenalty0_0 TranslationModel0_0 TranslationModel0_1 TranslationModel0_2 TranslationModel0_3 
-98 -158.589 -32 29 -50.2139 -71.7263 -16.3538 -68.6552 
-98 -156.849 -32 29 -51.2231 -73.2496 -17.0469 -70.0902 
-101 -159.077 -32 29 -50.2139 -71.7263 -16.3538 -68.6551 
-98 -157.415 -32 29 -51.6002 -72.3794 -16.7592 -68.9428 
-98 -155.675 -32 29 -52.6094 -73.9028 -17.4524 -70.3779 
-101 -157.686 -32 29 -50.2976 -68.934 -17.0469 -67.7389 
-101 -157.623 -32 29 -47.6489 -70.7412 -18.1455 -69.7538 
-101 -157.903 -32 29 -51.6002 -72.3794 -16.7592 -68.9428 
-101 -156.512 -32 29 -51.6839 -69.5871 -17.4524 -68.0265 
-101 -157.874 -32 29 -51.2231 -73.2496 -17.0469 -70.0902 
-101 -156.449 -32 29 -49.0352 -71.3943 -18.551 -70.0414 
-98 -157.339 -32 29 -50.9588 -74.7103 -17.4524 -70.3134 
-98 -155.599 -32 29 -51.9681 -76.2337 -18.1455 -71.7485 
-101 -158.497 -32 29 -47.9747 -70.6547 -17.74 -70.2726 
-101 -159.143 -32 29 -49.268 -70.0557 -17.0469 -67.882 
-101 -156.65 -32 29 -51.3069 -70.4574 -17.74 -69.1739 
-96 -159.65 -32 29 -50.2139 -71.7263 -16.3538 -68.6552 
-101 -156.701 -32 29 -52.6094 -73.9028 -17.4524 -70.3779 
-101 -157.827 -32 29 -50.9588 -74.7103 -17.4524 -70.3134 
-98 -156.165 -32 29 -52.3451 -75.3635 -17.8578 -70.6011 
-93 -153.59 -33 29 -52.8496 -75.3129 -17.27 -71.2798 
-98 -154.425 -32 29 -53.3544 -76.8868 -18.551 -72.0361 
-93 -151.85 -33 29 -53.8588 -76.8363 -17.9632 -72.7149 
-101 -157.324 -32 29 -49.361 -71.3079 -18.1455 -70.5602 
-101 -156.435 -32 29 -51.0426 -71.9181 -18.1455 -69.3971 
-100 -156.939 -33 30 -49.3432 -74.6783 -16.942 -70.9851 
-100 -155.199 -33 30 -50.3525 -76.2017 -17.6351 -72.4202 
-86 -161.424 -32 29 -47.75 -71.0504 -15.9554 -70.051 
-101 -157.969 -32 29 -50.6543 -70.7088 -17.4524 -68.1696 
-101 -155.476 -32 29 -52.6932 -71.1105 -18.1455 -69.4616 
-86 -159.684 -32 29 -48.7593 -72.5737 -16.6486 -71.4861 
-101 -156.373 -32 29 -48.3939 -73.7252 -19.2441 -71.412 
-96 -158.476 -32 29 -51.6002 -72.3794 -16.7592 -68.9428 
-91 -157.797 -34 30 -48.669 -74.3036 -14.7127 -72.8678 
-101 -156.653 -32 29 -52.3451 -75.3635 -17.8578 -70.6011 
-91 -156.057 -34 30 -49.6783 -75.827 -15.4058 -74.3029 
-93 -152.416 -33 29 -54.2359 -75.966 -17.6755 -71.5675 
-93 -150.676 -33 29 -55.2451 -77.4894 -18.3687 -73.0026 
-103 -157.427 -33 30 -49.3432 -74.6783 -16.942 -70.9851 
-101 -155.262 -32 29 -52.4289 -72.5712 -18.551 -69.6848 
-100 -155.765 -33 30 -50.7295 -75.3315 -17.3475 -71.2728 
-102 -160.51 -32 29 -50.2139 -71.7263 -16.3538 -68.6552 
-88 -164.698 -32 29 -47.6489 -70.749 -14.3067 -69.5714 
-100 -154.025 -33 30 -51.7388 -76.8548 -18.0406 -72.7079 
-102 -158.77 -32 29 -51.2231 -73.2496 -17.0469 -70.0902 
-88 -162.958 -32 29 -48.6582 -72.2724 -14.9999 -71.0065 
-94 -159.638 -33 30 -44.8819 -70.5489 -16.649 -73.3474 
-103 -156.035 -33 30 -49.427 -71.886 -17.6351 -70.0688 
-101 -160.534 -32 29 -50.2139 -71.7263 -16.3538 -68.6552 
-89 -161.912 -32 29 -47.75 -71.0504 -15.9554 -70.051 
-101 -156.624 -32 29 -51.9681 -76.2337 -18.1455 -71.7485 
-86 -160.25 -32 29 -49.1363 -71.7035 -16.3609 -70.3387 
-101 -158.803 -32 29 -51.2231 -73.2496 -17.0469 -70.0902 
-86 -158.51 -32 29 -50.1456 -73.2269 -17.054 -71.7738 
-101 -155.199 -32 29 -49.7802 -74.3784 -19.6496 -71.6997 
-110 -161.131 -32 29 -50.2139 -71.7263 -16.3538 -68.6552 
-110 -159.391 -32 29 -51.2231 -73.2496 -17.0469 -70.0902 
-89 -160.52 -32 29 -47.8338 -68.2581 -16.6486 -69.1347 
-91 -156.624 -34 30 -50.0553 -74.9568 -15.1181 -73.1555 
-101 -157.247 -32 29 -48.7197 -73.6388 -18.8387 -71.9308 
-91 -154.884 -34 30 -51.0646 -76.4801 -15.8113 -74.5906 
-103 -155.972 -33 30 -46.7783 -73.6932 -18.7337 -72.0837 
-89 -156.084 -33 29 -50.3857 -74.637 -16.8717 -72.6757 
-96 -162.913 -33 30 -44.7808 -70.2476 -15.0003 -72.8678 
-100 -157.765 -33 30 -47.0815 -72.6856 -17.4528 -72.1747 
-100 -155.328 -32 30 -52.025 -73.5234 -18.9586 -69.5425 
-89 -154.344 -33 29 -51.395 -76.1603 -17.5648 -74.1108 
-100 -156.025 -33 30 -48.0907 -74.2089 -18.146 -73.6098 
-100 -153.588 -32 30 -53.0343 -75.0468 -19.6518 -70.9775 
-92 -161.337 -33 30 -46.1344 -71.0183 -15.445 -70.7227 
-103 -156.253 -33 30 -50.7295 -75.3315 -17.3475 -71.2728 
-105 -160.998 -32 29 -50.2139 -71.7263 -16.3538 -68.6551 
-91 -165.186 -32 29 -47.6489 -70.749 -14.3067 -69.5714 
-86 -159.664 -32 29 -52.4052 -71.7263 -15.722 -68.6552 
-104 -158.409 -33 29 -49.5207 -71.7263 -16.3538 -68.6552 
-102 -159.336 -32 29 -51.6002 -72.3794 -16.7592 -68.9428 
-88 -163.524 -32 29 -49.0352 -71.4022 -14.7122 -69.8591 
-86 -157.924 -32 29 -53.4145 -73.2496 -16.4151 -70.0902 
-89 -160.457 -32 29 -45.1851 -70.0652 -17.7472 -71.1496 
-101 -157.892 -32 29 -50.013 -73.0397 -18.1455 -69.5402 
-102 -157.596 -32 29 -52.6094 -73.9028 -17.4524 -70.3779 
-96 -164.566 -33 30 -46.0333 -70.717 -13.7964 -70.2432 
-88 -161.784 -32 29 -50.0445 -72.9255 -15.4054 -71.2942 
-94 -158.465 -33 30 -46.2682 -71.2021 -17.0545 -73.6351 
-101 -155.4 -32 29 -52.0519 -73.4414 -18.8387 -70.8322 
-96 -162.826 -33 30 -47.0426 -72.2404 -14.4895 -71.6782 
-97 -159.44 -33 29 -48.6211 -71.618 -15.7896 -70.9773 
-96 -158.399 -32 29 -50.9588 -74.7103 -17.4524 -70.3134 
-103 -154.861 -33 30 -50.8133 -72.5392 -18.0406 -70.3565 
-101 -159.361 -32 29 -51.6002 -72.3794 -16.7592 -68.9428 
-105 -159.606 -32 29 -50.2976 -68.934 -17.0469 -67.7389 
-91 -163.794 -32 29 -47.7327 -67.9568 -14.9999 -68.6551 
-89 -160.738 -32 29 -49.1363 -71.7035 -16.3609 -70.3387 
-101 -155.451 -32 29 -53.3544 -76.8868 -18.551 -72.0361 
-97 -156.985 -33 30 -47.3286 -72.7181 -17.7476 -74.1836 
-101 -157.629 -32 29 -52.6094 -73.9028 -17.4524 -70.3779 
-98 -161.339 -33 30 -49.3622 -74.3036 -14.7127 -72.8678 
-91 -159.358 -33 29 -50.2846 -74.3356 -15.223 -72.1961 
-113 -161.619 -32 29 -50.2139 -71.7263 -16.3538 -68.6551 
-98 -160.769 -32 29 -50.2139 -71.7263 -16.3538 -68.6552 
FEATURES_TXT_END_0
FEATURES_TXT_BEGIN_0 20 100 8 Distortion0_0 LM0_0 WordPenalty0_0 PhrasePenalty0_0 TranslationModel0_0 TranslationModel0_1 TranslationModel0_2 TranslationModel0_3 
-133 -226.95 -43 42 -76.8452 -97.4066 -26.9693 -88.3748 
-141 -231.025 -44 44 -71.6255 -93.8619 -25.012 -89.3721 
-133 -226.999 -43 42 -76.8452 -97.4066 -26.9693 -88.3748 
-132 -226.95 -43 42 -76.8452 -97.4066 -26.9693 -88.3748 
-132 -226.999 -43 42 -76.8452 -97.4066 -26.9693 -88.3748 
-147 -231.557 -44 44 -71.6255 -93.8619 -25.012 -89.3721 
-137 -231.025 -44 44 -71.6255 -93.8619 -25.012 -89.3721 
-133 -227.134 -44 43 -75.1783 -97.3746 -25.9899 -89.0465 
-133 -227.184 -44 43 -75.1783 -97.3746 -25.9899 -89.0465 
-132 -227.134 -44 43 -75.1783 -97.3746 -25.9899 -89.0465 
-132 -227.184 -44 43 -75.1783 -97.3746 -25.9899 -89.0465 
-131 -229.524 -44 43 -72.0002 -94.3453 -25.5845 -88.641 
-143 -231.557 -44 44 -71.6255 -93.8619 -25.012 -89.3721 
-145 -232.896 -44 44 -73.9632 -96.1725 -23.6257 -89.2324 
-131 -229.573 -44 43 -72.0002 -94.3453 -25.5845 -88.641 
-137 -227.865 -43 41 -76.841 -97.4066 -26.7582 -88.3748 
-133 -226.468 -43 42 -75.5658 -96.5896 -27.92 -89.0565 
-136 -227.865 -43 41 -76.841 -97.4066 -26.7582 -88.3748 
-133 -226.517 -43 42 -75.5658 -96.5896 -27.92 -89.0565 
-132 -226.468 -43 42 -75.5658 -96.5896 -27.92 -89.0565 
-134 -227.802 -43 42 -76.4855 -98.9572 -26.9693 -91.1882 
-143 -227.228 -45 45 -73.2629 -94.1932 -25.3966 -90.2633 
-132 -226.517 -43 42 -75.5658 -96.5896 -27.92 -89.0565 
-131 -231.73 -43 42 -74.729 -97.2306 -25.1991 -90.071 
-151 -233.428 -44 44 -73.9632 -96.1725 -23.6257 -89.2324 
-127 -229.524 -44 43 -72.0002 -94.3453 -25.5845 -88.641 
-134 -227.851 -43 42 -76.4855 -98.9572 -26.9693 -91.1882 
-133 -227.27 -43 42 -77.3152 -97.4782 -26.9693 -89.1124 
-135 -235.177 -43 40 -74.5461 -97.8013 -23.2577 -89.8923 
-139 -231.553 -44 44 -71.6255 -93.8619 -25.012 -89.3721 
-141 -232.896 -44 44 -73.9632 -96.1725 -23.6257 -89.2324 
-127 -229.573 -44 43 -72.0002 -94.3453 -25.5845 -88.641 
-141 -231.688 -44 44 -71.6255 -93.8619 -25.012 -89.3721 
-130 -231.73 -43 42 -74.729 -97.2306 -25.1991 -90.071 
-132 -227.799 -43 42 -76.4855 -98.9572 -26.9693 -91.1882 
-132 -227.27 -43 42 -77.3152 -97.4782 -26.9693 -89.1124 
-134 -235.177 -43 40 -74.5461 -97.8013 -23.2577 -89.8923 
-137 -231.518 -44 44 -71.6255 -93.8619 -25.012 -89.3721 
-132 -227.848 -43 42 -76.4855 -98.9572 -26.9693 -91.1882 
-135 -227.829 -43 42 -76.8452 -97.4066 -26.9693 -88.3748 
-133 -227.937 -43 42 -76.4855 -98.9572 -26.9693 -91.1882 
-131 -227.622 -43 42 -76.8452 -97.4066 -26.9693 -88.3748 
-137 -228.049 -44 42 -75.1741 -97.3746 -25.7787 -89.0465 
-149 -227.76 -45 45 -73.2629 -94.1932 -25.3966 -90.2633 
-133 -226.652 -44 43 -73.8989 -96.5575 -26.9406 -89.7282 
-134 -227.829 -43 42 -76.8452 -97.4066 -26.9693 -88.3748 
-137 -232.262 -43 42 -74.729 -97.2306 -25.1991 -90.071 
-135 -227.789 -44 43 -75.1783 -97.3746 -25.9899 -89.0465 
-141 -235.017 -44 42 -71.4426 -94.4325 -23.0707 -89.1934 
-135 -231.394 -44 43 -74.3379 -96.6559 -24.1982 -88.5012 
-133 -227.986 -43 42 -76.4855 -98.9572 -26.9693 -91.1882 
-139 -227.228 -45 45 -73.2629 -94.1932 -25.3966 -90.2633 
-135 -227.57 -43 42 -77.3152 -97.4782 -26.9693 -89.1124 
-132 -227.937 -43 42 -76.4855 -98.9572 -26.9693 -91.1882 
-130 -227.622 -43 42 -76.8452 -97.4066 -26.9693 -88.3748 
-136 -228.049 -44 42 -75.1741 -97.3746 -25.7787 -89.0465 
-133 -226.701 -44 43 -73.8989 -96.5575 -26.9406 -89.7282 
-132 -226.652 -44 43 -73.8989 -96.5575 -26.9406 -89.7282 
-133 -225.142 -44 42 -77.5843 -97.738 -26.5167 -89.2659 
-145 -232.085 -44 44 -71.6255 -93.8619 -25.012 -89.3721 
-147 -233.428 -44 44 -73.9632 -96.1725 -23.6257 -89.2324 
-135 -227.839 -44 43 -75.1783 -97.3746 -25.9899 -89.0465 
-135 -231.444 -44 43 -74.3379 -96.6559 -24.1982 -88.5012 
-147 -232.22 -44 44 -71.6255 -93.8619 -25.012 -89.3721 
-136 -232.262 -43 42 -74.729 -97.2306 -25.1991 -90.071 
-134 -227.789 -44 43 -75.1783 -97.3746 -25.9899 -89.0465 
-132 -227.986 -43 42 -76.4855 -98.9572 -26.9693 -91.1882 
-134 -227.57 -43 42 -77.3152 -97.4782 -26.9693 -89.1124 
-135 -231.553 -44 44 -71.6255 -93.8619 -25.012 -89.3721 
-132 -226.701 -44 43 -73.8989 -96.5575 -26.9406 -89.7282 
-133 -225.191 -44 42 -77.5843 -97.738 -26.5167 -89.2659 
-139 -229.515 -43 43 -76.4705 -96.9232 -26.3969 -89.1059 
-132 -225.142 -44 42 -77.5843 -97.738 -26.5167 -89.2659 
-135 -230.438 -44 42 -71.996 -94.3453 -25.3733 -88.641 
-131 -231.914 -44 43 -73.0621 -97.1986 -24.2197 -90.7427 
-137 -231.688 -44 44 -71.6255 -93.8619 -25.012 -89.3721 
-137 -231.692 -44 44 -71.6255 -93.8618 -25.012 -89.3721 
-134 -227.839 -44 43 -75.1783 -97.3746 -25.9899 -89.0465 
-128 -227.799 -43 42 -76.4855 -98.9572 -26.9693 -91.1882 
-133 -227.455 -44 43 -75.6483 -97.4462 -25.9899 -89.7841 
-143 -232.051 -44 44 -71.6255 -93.8619 -25.012 -89.3721 
-135 -235.361 -44 41 -72.8792 -97.7693 -22.2783 -90.564 
-132 -225.191 -44 42 -77.5843 -97.738 -26.5167 -89.2659 
-138 -229.515 -43 43 -76.4705 -96.9232 -26.3969 -89.1059 
-130 -231.914 -44 43 -73.0621 -97.1986 -24.2197 -90.7427 
-133 -231.518 -44 44 -71.6255 -93.8619 -25.012 -89.3721 
-128 -227.848 -43 42 -76.4855 -98.9572 -26.9693 -91.1882 
-143 -233.013 -43 41 -76.2876 -97.4939 -24.4556 -88.9272 
-127 -227.802 -43 42 -76.4855 -98.9572 -26.9693 -91.1882 
-132 -227.455 -44 43 -75.6483 -97.4462 -25.9899 -89.7841 
-133 -228.127 -43 41 -76.841 -97.4066 -26.7582 -88.3748 
-131 -229.153 -43 43 -76.4705 -96.9232 -26.3969 -89.1059 
-134 -235.361 -44 41 -72.8792 -97.7693 -22.2783 -90.564 
-137 -227.382 -43 41 -75.5616 -96.5896 -27.7088 -89.0565 
-145 -227.76 -45 45 -73.2629 -94.1932 -25.3966 -90.2633 
-147 -229.098 -45 45 -75.6006 -96.5038 -24.0103 -90.1235 
-135 -232.6 -43 41 -76.2876 -97.4939 -24.4556 -88.9272 
-127 -227.851 -43 42 -76.4855 -98.9572 -26.9693 -91.1882 
-142 -233.013 -43 41 -76.2876 -97.4939 -24.4556 -88.9272 
-129 -234.303 -44 43 -69.8841 -94.1693 -23.8142 -90.3372 
FEATURES_TXT_END_0
FEATURES_TXT_BEGIN_0 21 99 8 Distortion0_0 LM0_0 WordPenalty0_0 PhrasePenalty0_0 TranslationModel0_0 TranslationModel0_1 TranslationModel0_2 TranslationModel0_3 
-25 -69.4924 -15 15 -27.6375 -29.9624 -9.25035 -25.3816 
-31 -72.5065 -14 14 -31.1554 -30.5118 -8.63955 -23.284 
-27 -72.3926 -14 14 -31.1554 -30.5118 -8.63955 -23.284 
-35 -72.8556 -14 14 -31.1554 -30.5118 -8.63955 -23.284 
-31 -69.2861 -14 14 -32.8208 -31.3808 -10.1224 -24.6898 
-33 -73.1688 -14 14 -31.1554 -30.5118 -8.63955 -23.284 
-27 -70.9551 -15 15 -27.6375 -29.9624 -9.25035 -25.3816 
-23 -70.8688 -15 15 -27.6375 -29.9624 -9.25035 -25.3816 
-31 -73.211 -14 14 -31.1554 -30.5118 -8.63955 -23.284 
-17 -72.7336 -14 14 -31.1554 -30.5118 -8.63955 -23.284 
-23 -73.0765 -14 14 -31.1554 -30.5118 -8.63955 -23.284 
-35 -73.8407 -14 14 -31.1554 -30.5118 -8.63955 -23.284 
-35 -73.8525 -14 14 -31.1554 -30.5118 -8.63955 -23.284 
-27 -73.4804 -14 14 -31.1554 -30.5118 -8.63955 -23.284 
-25 -73.4586 -14 14 -31.1554 -30.5118 -8.63955 -23.284 
-31 -73.8077 -14 14 -31.1554 -30.5118 -8.63955 -23.284 
-28 -73.6832 -14 14 -31.1554 -30.5118 -8.63955 -23.284 
-29 -73.8553 -14 14 -31.1554 -30.5118 -8.63955 -23.284 
-29 -73.9066 -14 14 -31.1554 -30.5118 -8.63955 -23.284 
-25 -73.769 -14 14 -31.1554 -30.5118 -8.63955 -23.284 
-35 -74.3605 -14 14 -31.1554 -30.5118 -8.63955 -23.284 
-33 -70.7488 -14 14 -32.8208 -31.3808 -10.1224 -24.6898 
-25 -68.4601 -15 15 -29.3028 -30.8314 -10.7332 -26.7875 
-33 -74.4307 -14 14 -31.1554 -30.5118 -8.63955 -23.284 
-27 -74.0973 -14 14 -31.1554 -30.5118 -8.63955 -23.284 
-33 -74.4858 -14 14 -31.1554 -30.5118 -8.63955 -23.284 
-29 -70.6625 -14 14 -32.8208 -31.3808 -10.1224 -24.6898 
-28 -74.2824 -14 14 -31.1554 -30.5118 -8.63955 -23.284 
-34 -71.0182 -14 14 -32.8208 -31.3808 -10.1224 -24.6898 
-25 -74.1484 -14 14 -31.1554 -30.5118 -8.63955 -23.284 
-33 -74.6454 -14 14 -31.1554 -30.5118 -8.63955 -23.284 
-31 -73.8959 -14 14 -30.1533 -31.0397 -9.3327 -24.9924 
-33 -74.6737 -14 14 -31.1554 -30.5118 -8.63955 -23.284 
-29 -75.4123 -14 14 -31.1554 -30.5118 -8.63955 -23.284 
-25 -70.0251 -15 15 -31.921 -33.0231 -9.25035 -25.3816 
-24 -74.1685 -14 14 -31.1554 -30.5118 -8.63955 -23.284 
-32 -74.6316 -14 14 -31.1554 -30.5118 -8.63955 -23.284 
-31 -73.6302 -14 14 -29.876 -29.6947 -9.59017 -23.9657 
-29 -74.5315 -14 14 -31.1554 -30.5118 -8.63955 -23.284 
-37 -74.9945 -14 14 -31.1554 -30.5118 -8.63955 -23.284 
-27 -73.782 -14 14 -30.1533 -31.0397 -9.3327 -24.9924 
-35 -74.2451 -14 14 -30.1533 -31.0397 -9.3327 -24.9924 
-29 -74.5874 -14 14 -31.1554 -30.5118 -8.63955 -23.284 
-25 -74.3704 -14 14 -31.1554 -30.5118 -8.63955 -23.284 
-29 -70.9884 -14 14 -32.8208 -31.3808 -10.1224 -24.6898 
-30 -74.6621 -14 14 -31.1554 -30.5118 -8.63955 -23.284 
-39 -75.1867 -14 14 -31.1554 -30.5118 -8.63955 -23.284 
-27 -73.5163 -14 14 -29.876 -29.6947 -9.59017 -23.9657 
-31 -74.7439 -14 14 -31.1554 -30.5118 -8.63955 -23.284 
-35 -73.9793 -14 14 -29.876 -29.6947 -9.59017 -23.9657 
-27 -74.5337 -14 14 -31.1554 -30.5118 -8.63955 -23.284 
-31 -74.7871 -14 14 -31.1554 -30.5118 -8.63955 -23.284 
-35 -71.6151 -14 14 -34.4843 -34.0984 -9.55584 -25.9086 
-19 -72.2722 -15 15 -27.6375 -29.9624 -9.25035 -25.3816 
-19 -74.1963 -14 14 -31.1554 -30.5118 -8.63955 -23.284 
-25 -74.5392 -14 14 -31.1554 -30.5118 -8.63955 -23.284 
-36 -75.1781 -14 14 -31.1554 -30.5118 -8.63955 -23.284 
-31 -70.6756 -14 14 -31.8187 -31.9087 -10.8155 -26.3982 
-37 -75.3152 -14 14 -31.1554 -30.5118 -8.63955 -23.284 
-29 -74.8656 -14 14 -31.1554 -30.5118 -8.63955 -23.284 
-35 -75.2151 -14 14 -31.1554 -30.5118 -8.63955 -23.284 
-24 -74.5963 -14 14 -31.1554 -30.5118 -8.63955 -23.284 
-15 -74.11 -14 14 -31.1554 -30.5118 -8.63955 -23.284 
-21 -74.4529 -14 14 -31.1554 -30.5118 -8.63955 -23.284 
-27 -74.8116 -14 14 -31.1554 -30.5118 -8.63955 -23.284 
-27 -74.8179 -14 14 -31.1554 -30.5118 -8.63955 -23.284 
-28 -74.9036 -14 14 -31.1554 -30.5118 -8.63955 -23.284 
-32 -75.1451 -14 14 -31.1554 -30.5118 -8.63955 -23.284 
-33 -74.5582 -14 14 -30.1533 -31.0397 -9.3327 -24.9924 
-27 -74.8765 -14 14 -31.1554 -30.5118 -8.63955 -23.284 
-30 -71.4386 -14 14 -32.8208 -31.3808 -10.1224 -24.6898 
-23 -74.6638 -14 14 -31.1554 -30.5118 -8.63955 -23.284 
-33 -75.2408 -14 14 -31.1554 -30.5118 -8.63955 -23.284 
-23 -74.6991 -14 14 -31.1554 -30.5118 -8.63955 -23.284 
-33 -75.2704 -14 14 -31.1554 -30.5118 -8.63955 -23.284 
-29 -73.1725 -15 15 -27.6375 -29.9624 -9.25035 -25.3816 
-30 -75.1459 -14 14 -31.1554 -30.5118 -8.63955 -23.284 
-29 -75.1159 -14 14 -31.1554 -30.5118 -8.63955 -23.284 
-31 -74.6004 -14 14 -30.1533 -31.0397 -9.3327 -24.9924 
-25 -74.917 -14 14 -31.1554 -30.5118 -8.63955 -23.284 
-32 -75.3212 -14 14 -31.1554 -30.5118 -8.63955 -23.284 
-34 -71.6597 -15 14 -30.0074 -28.9563 -9.32172 -25.7884 
-27 -75.0601 -14 14 -31.1554 -30.5118 -8.63955 -23.284 
-29 -75.1841 -14 14 -31.1554 -30.5118 -8.63955 -23.284 
-27 -74.9165 -15 14 -28.342 -28.0873 -7.83889 -24.3826 
-26 -75.0596 -14 14 -31.1554 -30.5118 -8.63955 -23.284 
-33 -75.4657 -14 14 -31.1554 -30.5118 -8.63955 -23.284 
-31 -75.3535 -14 14 -31.1554 -30.5118 -8.63955 -23.284 
-35 -73.7609 -15 15 -27.6375 -29.9624 -9.25035 -25.3816 
-33 -74.5257 -14 14 -29.876 -29.6947 -9.59017 -23.9657 
-30 -75.3634 -14 14 -31.1554 -30.5118 -8.63955 -23.284 
-27 -75.1944 -14 14 -31.1554 -30.5118 -8.63955 -23.284 
-33 -75.5401 -14 14 -31.1554 -30.5118 -8.63955 -23.284 
-29 -75.3152 -14 14 -31.1554 -30.5118 -8.63955 -23.284 
-23 -74.3537 -15 15 -29.9751 -32.273 -7.86405 -25.2419 
-29 -76.8878 -14 14 -29.416 -27.4394 -8.23408 -22.1083 
-27 -72.9253 -14 14 -35.439 -33.5725 -8.63955 -23.284 
-23 -75.0337 -14 14 -31.1554 -30.5118 -8.63955 -23.284 
-29 -74.4118 -14 14 -29.876 -29.6947 -9.59017 -23.9657 
FEATURES_TXT_END_0
FEATURES_TXT_BEGIN_0 22 100 8 Distortion0_0 LM0_0 WordPenalty0_0 PhrasePenalty0_0 TranslationModel0_0 TranslationModel0_1 TranslationModel0_2 TranslationModel0_3 
-81 -172.919 -27 26 -34.5469 -53.352 -14.9033 -48.1165 
-85 -167.164 -27 26 -38.5739 -53.2564 -16.7645 -52.7262 
-85 -165.266 -27 27 -41.6373 -54.5996 -17.3539 -46.3247 
-89 -159.511 -27 27 -45.6643 -54.504 -19.215 -50.9344 
-81 -172.823 -27 26 -34.6114 -53.8467 -15.191 -48.6112 
-81 -167.317 -27 26 -38.5739 -53.2564 -16.7645 -52.7262 
-87 -173.7 -27 26 -34.5469 -53.352 -14.9033 -48.1165 
-85 -167.068 -27 26 -38.6384 -53.7511 -17.0521 -53.2208 
-89 -173.381 -27 26 -35.3622 -54.3662 -14.9171 -49.1624 
-91 -167.945 -27 26 -38.5739 -53.2564 -16.7645 -52.7262 
-83 -173.544 -27 26 -34.5469 -53.352 -14.9033 -48.1165 
-81 -173.077 -27 26 -34.6114 -53.8467 -15.191 -48.6112 
-83 -173.232 -27 26 -35.3622 -54.3662 -14.9171 -49.1624 
-91 -172.131 -27 26 -34.755 -53.7231 -15.922 -51.0887 
-81 -171.556 -27 26 -34.8432 -54.1935 -16.0019 -49.5902 
-81 -167.62 -27 26 -38.5739 -53.2564 -16.7645 -52.7262 
-85 -165.17 -27 27 -41.7019 -55.0943 -17.6416 -46.8194 
-85 -159.664 -27 27 -45.6643 -54.504 -19.215 -50.9344 
-85 -173.926 -27 26 -34.5469 -53.352 -14.9033 -48.1165 
-85 -165.802 -27 26 -38.8701 -54.0979 -17.8631 -54.1999 
-89 -159.415 -27 27 -45.7289 -54.9986 -19.5027 -51.4291 
-93 -165.728 -27 27 -42.4526 -55.6137 -17.3677 -47.3706 
-85 -164.561 -28 27 -39.1551 -54.1394 -17.0806 -49.2459 
-87 -165.891 -27 27 -41.6373 -54.5996 -17.3539 -46.3247 
-77 -173.536 -27 26 -34.5469 -53.352 -14.9033 -48.1165 
-93 -173.971 -27 26 -35.3622 -54.3662 -14.9171 -49.1624 
-89 -165.307 -28 27 -38.3399 -53.1252 -17.0668 -48.2 
-81 -167.221 -27 26 -38.6384 -53.7511 -17.0521 -53.2208 
-85 -174.009 -27 26 -34.5469 -53.352 -14.9033 -48.1165 
-87 -173.604 -27 26 -34.6114 -53.8467 -15.191 -48.6112 
-87 -168.098 -27 26 -38.5739 -53.2564 -16.7645 -52.7262 
-85 -163.745 -27 27 -41.9336 -55.4411 -18.4525 -47.7984 
-79 -173.232 -27 26 -35.3622 -54.3662 -14.9171 -49.1624 
-89 -173.285 -27 26 -35.4267 -54.8609 -15.2048 -49.6571 
-91 -167.849 -27 26 -38.6384 -53.7511 -17.0521 -53.2208 
-95 -174.162 -27 26 -35.3622 -54.3662 -14.9171 -49.1624 
-83 -173.448 -27 26 -34.6114 -53.8467 -15.191 -48.6112 
-89 -174.326 -27 26 -34.5469 -53.352 -14.9033 -48.1165 
-89 -157.99 -27 27 -45.9606 -55.3455 -20.3137 -52.4081 
-89 -174.346 -27 26 -34.5469 -53.352 -14.9033 -48.1165 
-89 -173.861 -27 26 -35.3622 -54.3662 -14.9171 -49.1624 
-93 -174.607 -27 26 -34.5469 -53.352 -14.9033 -48.1165 
-85 -165.424 -27 27 -41.7019 -55.0943 -17.6416 -46.8194 
-87 -165.579 -27 27 -42.4526 -55.6137 -17.3677 -47.3706 
-95 -164.478 -27 27 -41.8454 -54.9706 -18.3726 -49.2969 
-85 -168.136 -27 26 -38.5739 -53.2564 -16.7645 -52.7261 
-69 -173.3 -27 26 -34.5469 -53.352 -14.9033 -48.1165 
-85 -159.967 -27 27 -45.6643 -54.504 -19.215 -50.9344 
-83 -168.575 -27 26 -37.7586 -52.2423 -16.7507 -51.6803 
-77 -164.377 -28 27 -39.1551 -54.1394 -17.0806 -49.2459 
-81 -172.981 -27 26 -34.676 -54.3414 -15.4787 -49.1059 
-89 -166.273 -27 27 -41.6373 -54.5996 -17.3539 -46.3247 
-83 -173.136 -27 26 -35.4267 -54.8609 -15.2048 -49.6571 
-85 -165.207 -28 26 -37.494 -53.2564 -17.1699 -52.7262 
-87 -173.859 -27 26 -34.6114 -53.8467 -15.191 -48.6112 
-87 -173.859 -27 26 -34.6114 -53.8467 -15.191 -48.6112 
-73 -167.545 -27 26 -38.5739 -53.2564 -16.7645 -52.7262 
-91 -172.034 -27 26 -34.8195 -54.2178 -16.2097 -51.5834 
-89 -174.013 -27 26 -35.3622 -54.3662 -14.9171 -49.1624 
-83 -174.161 -27 26 -34.5469 -53.352 -14.9033 -48.1165 
-81 -165.123 -28 27 -38.3399 -53.1252 -17.0668 -48.2 
-97 -172.912 -27 26 -34.755 -53.7231 -15.922 -51.0887 
-89 -156.908 -28 28 -46.2456 -55.3869 -19.5312 -47.4541 
-83 -164.777 -28 27 -39.1551 -54.1394 -17.0806 -49.2459 
-81 -171.46 -27 26 -34.9077 -54.6882 -16.2896 -50.0849 
-81 -167.524 -27 26 -38.6384 -53.7511 -17.0521 -53.2208 
-81 -165.883 -27 27 -41.6373 -54.5996 -17.3539 -46.3247 
-91 -168.104 -27 26 -38.6384 -53.7511 -17.0522 -53.2208 
-81 -165.954 -27 26 -38.8702 -54.0979 -17.8631 -54.1999 
-87 -172.337 -27 26 -34.8432 -54.1935 -16.0019 -49.5902 
-87 -168.401 -27 26 -38.5739 -53.2564 -16.7645 -52.7262 
-79 -164.571 -28 27 -39.1551 -54.1394 -17.0806 -49.2459 
-97 -166.318 -27 27 -42.4526 -55.6137 -17.3677 -47.3706 
-93 -157.654 -28 28 -45.4303 -54.3727 -19.5174 -46.4083 
-87 -165.523 -28 27 -38.3399 -53.1252 -17.0668 -48.2 
-85 -159.567 -27 27 -45.7289 -54.9986 -19.5027 -51.4291 
-89 -166.356 -27 27 -41.6373 -54.5996 -17.3539 -46.3247 
-83 -173.703 -27 26 -34.6114 -53.8467 -15.191 -48.6112 
-85 -173.83 -27 26 -34.6114 -53.8467 -15.191 -48.6112 
-83 -165.317 -28 27 -38.3399 -53.1252 -17.0668 -48.2 
-91 -174.707 -27 26 -34.5469 -53.352 -14.9033 -48.1165 
-81 -173.797 -27 26 -34.3237 -54.0966 -15.191 -48.9969 
-85 -165.706 -27 26 -38.9347 -54.5926 -18.1508 -54.6945 
-89 -172.018 -27 26 -35.6584 -55.2077 -16.0157 -50.6361 
-91 -166.583 -27 26 -38.8701 -54.0979 -17.8631 -54.1999 
-81 -174.162 -27 26 -34.5469 -53.352 -14.9033 -48.1165 
-83 -165.579 -27 27 -42.4526 -55.6137 -17.3677 -47.3706 
-93 -165.632 -27 27 -42.5171 -56.1084 -17.6554 -47.8653 
-83 -172.182 -27 26 -34.8432 -54.1935 -16.0019 -49.5902 
-87 -165.795 -27 27 -41.7019 -55.0943 -17.6416 -46.8194 
-83 -174.297 -27 26 -34.5469 -53.352 -14.9033 -48.1165 
-81 -173.697 -27 26 -35.3622 -54.3662 -14.9171 -49.1624 
-91 -165.342 -28 27 -39.1551 -54.1394 -17.0806 -49.2459 
-77 -173.44 -27 26 -34.6114 -53.8467 -15.191 -48.6112 
-81 -164.777 -28 27 -39.1551 -54.1394 -17.0806 -49.2459 
-93 -173.874 -27 26 -35.4267 -54.8609 -15.2048 -49.6571 
-89 -165.211 -28 27 -38.4044 -53.6199 -17.3545 -48.6947 
-83 -174.317 -27 26 -34.5469 -53.352 -14.9033 -48.1165 
-85 -173.913 -27 26 -34.6114 -53.8467 -15.191 -48.6112 
-99 -174.752 -27 26 -35.3622 -54.3662 -14.9171 -49.1624 
FEATURES_TXT_END_0
FEATURES_TXT_BEGIN_0 23 98 8 Distortion0_0 LM0_0 WordPenalty0_0 PhrasePenalty0_0 TranslationModel0_0 TranslationModel0_1 TranslationModel0_2 TranslationModel0_3 
-142 -266.6 -51 48 -105.44 -131.572 -32.3551 -119.437 
-134 -267.86 -51 47 -105.172 -133.191 -31.5178 -120.248 
-136 -266.6 -51 48 -105.44 -131.572 -32.3551 -119.437 
-134 -268.975 -51 47 -104.908 -132.876 -31.1124 -120.473 
-128 -267.86 -51 47 -105.172 -133.191 -31.5178 -120.248 
-148 -270.484 -51 48 -102.096 -128.926 -31.662 -118.985 
-144 -260.284 -51 49 -112.932 -134.645 -33.9974 -120.613 
-130 -266.6 -51 48 -105.44 -131.572 -32.3551 -119.437 
-134 -269.211 -51 47 -104.908 -132.876 -31.1124 -120.473 
-148 -267.658 -51 48 -105.44 -131.572 -32.3551 -119.437 
-128 -266.704 -51 47 -105.451 -134.503 -32.211 -122.494 
-130 -269.071 -51 47 -104.908 -132.876 -31.1124 -120.473 
-136 -261.544 -51 48 -112.663 -136.263 -33.16 -121.424 
-142 -268.203 -51 48 -105.177 -131.258 -31.9497 -119.662 
-128 -268.975 -51 47 -104.908 -132.876 -31.1124 -120.473 
-144 -262.406 -52 49 -109.346 -134.605 -32.4504 -120.438 
-122 -267.86 -51 47 -105.172 -133.191 -31.5178 -120.248 
-138 -262.112 -52 49 -109.346 -134.605 -32.4504 -120.438 
-142 -270.484 -51 48 -102.096 -128.926 -31.662 -118.985 
-134 -269.39 -51 47 -104.908 -132.876 -31.1124 -120.473 
-132 -261.444 -51 48 -112.663 -136.263 -33.16 -121.424 
-148 -268.035 -51 47 -105.451 -134.503 -32.211 -122.494 
-136 -263.865 -51 47 -106.835 -133.491 -33.7691 -119.758 
-138 -260.284 -51 49 -112.932 -134.645 -33.9974 -120.613 
-140 -267.451 -51 48 -105.44 -131.572 -32.3551 -119.437 
-128 -269.149 -51 47 -104.908 -132.876 -31.1124 -120.473 
-130 -261.444 -51 48 -112.663 -136.263 -33.16 -121.424 
-128 -269.211 -51 47 -104.908 -132.876 -31.1124 -120.473 
-140 -267.525 -51 48 -105.44 -131.572 -32.3551 -119.437 
-134 -263.865 -51 47 -106.835 -133.491 -33.7691 -119.758 
-130 -262.709 -51 47 -107.115 -134.803 -34.4623 -122.005 
-142 -267.658 -51 48 -105.44 -131.572 -32.3551 -119.437 
-136 -262.66 -51 48 -112.4 -135.949 -32.7546 -121.649 
-122 -266.704 -51 47 -105.451 -134.503 -32.211 -122.494 
-124 -269.071 -51 47 -104.908 -132.876 -31.1124 -120.473 
-130 -261.545 -51 48 -112.663 -136.263 -33.16 -121.424 
-136 -268.203 -51 48 -105.177 -131.258 -31.9497 -119.662 
-122 -268.975 -51 47 -104.908 -132.876 -31.1124 -120.473 
-150 -264.169 -51 49 -109.587 -131.999 -33.3042 -120.161 
-132 -263.865 -51 47 -106.835 -133.491 -33.7691 -119.758 
-128 -268.527 -51 47 -105.172 -133.191 -31.5178 -120.248 
-144 -263.058 -52 49 -108.716 -132.987 -32.4504 -119.627 
-132 -262.559 -51 48 -112.4 -135.949 -32.7546 -121.649 
-136 -270.484 -51 48 -102.096 -128.926 -31.662 -118.985 
-128 -269.39 -51 47 -104.908 -132.876 -31.1124 -120.473 
-134 -269.745 -51 47 -104.908 -132.876 -31.1124 -120.473 
-136 -264.98 -51 47 -106.572 -133.176 -33.3636 -119.984 
-154 -270.071 -51 47 -105.172 -133.191 -31.5178 -120.248 
-144 -264.56 -51 49 -109.056 -131.572 -33.127 -119.437 
-142 -268.035 -51 47 -105.451 -134.503 -32.211 -122.494 
-130 -263.865 -51 47 -106.835 -133.491 -33.7691 -119.758 
-128 -269.478 -51 47 -104.908 -132.876 -31.1124 -120.473 
-130 -269.865 -51 47 -104.279 -131.258 -31.1124 -119.662 
-148 -272.088 -51 48 -101.832 -128.612 -31.2565 -119.21 
-132 -260.284 -51 49 -112.932 -134.645 -33.9974 -120.613 
-134 -267.451 -51 48 -105.44 -131.572 -32.3551 -119.437 
-136 -262.895 -51 48 -112.4 -135.949 -32.7546 -121.649 
-122 -269.149 -51 47 -104.908 -132.876 -31.1124 -120.473 
-130 -262.559 -51 48 -112.4 -135.949 -32.7546 -121.649 
-150 -266.29 -52 49 -106.001 -131.959 -31.7573 -119.986 
-150 -268.547 -51 47 -105.451 -134.503 -32.211 -122.494 
-126 -269.39 -51 47 -104.908 -132.876 -31.1124 -120.473 
-150 -261.342 -51 49 -112.932 -134.645 -33.9974 -120.613 
-134 -264.98 -51 47 -106.572 -133.176 -33.3636 -119.984 
-126 -263.865 -51 47 -106.835 -133.491 -33.7691 -119.758 
-140 -268.272 -51 47 -104.821 -132.885 -32.211 -121.683 
-130 -260.388 -51 48 -112.943 -137.576 -33.8532 -123.67 
-144 -268.511 -51 47 -104.821 -132.885 -32.211 -121.683 
-140 -269.267 -51 48 -105.546 -134.958 -31.662 -120.781 
-144 -265.997 -52 49 -106.001 -131.959 -31.7573 -119.986 
-122 -269.211 -51 47 -104.908 -132.876 -31.1124 -120.473 
-140 -268.035 -51 47 -105.451 -134.503 -32.211 -122.494 
-134 -267.525 -51 48 -105.44 -131.572 -32.3551 -119.437 
-136 -265.82 -51 48 -108.787 -133.191 -32.2897 -120.248 
-136 -267.658 -51 48 -105.44 -131.572 -32.3551 -119.437 
-132 -262.756 -51 48 -112.4 -135.949 -32.7546 -121.649 
-144 -261.888 -51 49 -112.668 -134.33 -33.5919 -120.838 
-124 -269.624 -51 47 -104.279 -131.258 -31.1124 -119.662 
-130 -262.66 -51 48 -112.4 -135.949 -32.7546 -121.649 
-116 -266.704 -51 47 -105.451 -134.503 -32.211 -122.494 
-146 -256.09 -52 50 -116.837 -137.678 -34.0927 -121.613 
-120 -269.149 -51 47 -104.908 -132.876 -31.1124 -120.473 
-132 -262.794 -51 48 -112.4 -135.949 -32.7546 -121.649 
-124 -269.39 -51 47 -104.908 -132.876 -31.1124 -120.473 
-132 -264.98 -51 47 -106.572 -133.176 -33.3636 -119.984 
-144 -262.522 -52 50 -106.549 -132.889 -33.7313 -121.179 
-118 -269.071 -51 47 -104.908 -132.876 -31.1124 -120.473 
-136 -265.216 -51 47 -106.572 -133.176 -33.3636 -119.984 
-124 -261.545 -51 48 -112.663 -136.263 -33.16 -121.424 
-130 -268.203 -51 48 -105.177 -131.258 -31.9497 -119.662 
-140 -255.797 -52 50 -116.837 -137.678 -34.0927 -121.613 
-126 -260.288 -51 48 -112.943 -137.576 -33.8532 -123.67 
-144 -264.169 -51 49 -109.587 -131.999 -33.3042 -120.161 
-148 -271.126 -51 48 -102.723 -129.014 -31.662 -118.164 
-148 -264.943 -52 49 -100.721 -130.117 -34.3404 -119.514 
-136 -263.074 -51 48 -112.4 -135.949 -32.7546 -121.649 
-138 -268.035 -51 47 -105.451 -134.503 -32.211 -122.494 
-148 -269.261 -51 48 -105.177 -131.258 -31.9497 -119.662 
FEATURES_TXT_END_0
FEATURES_TXT_BEGIN_0 24 27 8 Distortion0_0 LM0_0 WordPenalty0_0 PhrasePenalty0_0 TranslationModel0_0 TranslationModel0_1 TranslationModel0_2 TranslationModel0_3 
-120 -265.835 -40 36 -58.4913 -86.3924 -11.0161 -71.9059 
-108 -265.835 -40 36 -58.4913 -86.3924 -11.0161 -71.9059 
-114 -262.834 -41 37 -56.4629 -86.7599 -11.6275 -73.889 
-122 -263.928 -41 37 -56.4629 -86.7599 -11.6275 -73.889 
-118 -265.835 -40 36 -58.4913 -86.3924 -11.0161 -71.9059 
-124 -267.071 -41 37 -54.1487 -85.6123 -10.6801 -72.6344 
-112 -262.834 -41 37 -56.4629 -86.7599 -11.6275 -73.889 
-116 -263.786 -40 36 -61.4145 -91.1615 -11.7093 -71.4418 
-112 -266.028 -40 36 -58.4913 -86.3924 -11.0161 -71.9059 
-104 -262.834 -41 37 -56.4629 -86.7599 -11.6275 -73.889 
-116 -265.835 -40 36 -58.4913 -86.3924 -11.0161 -71.9059 
-110 -262.834 -41 37 -56.4629 -86.7599 -11.6275 -73.889 
-120 -264.07 -42 38 -52.1203 -85.9798 -11.2915 -74.6175 
-112 -260.785 -41 37 -59.386 -91.5289 -12.3206 -73.4248 
-114 -265.835 -40 36 -58.4913 -86.3924 -11.0161 -71.9059 
-110 -265.835 -40 36 -58.4913 -86.3924 -11.0161 -71.9059 
-124 -263.928 -41 37 -56.4629 -86.7599 -11.6275 -73.889 
-126 -267.071 -41 37 -54.1487 -85.6123 -10.6801 -72.6344 
-118 -263.786 -40 36 -61.4145 -91.1615 -11.7093 -71.4418 
-114 -266.028 -40 36 -58.4913 -86.3924 -11.0161 -71.9059 
-130 -266.929 -40 36 -58.4913 -86.3924 -11.0161 -71.9059 
-106 -262.834 -41 37 -56.4629 -86.7599 -11.6275 -73.889 
-108 -262.834 -41 37 -56.4629 -86.7599 -11.6275 -73.889 
-114 -260.785 -41 37 -59.386 -91.5289 -12.3206 -73.4248 
-112 -265.835 -40 36 -58.4913 -86.3924 -11.0161 -71.9059 
-120 -263.786 -40 36 -61.4145 -91.1615 -11.7093 -71.4418 
-116 -266.028 -40 36 -58.4913 -86.3924 -11.0161 -71.9059 
FEATURES_TXT_END_0
FEATURES_TXT_BEGIN_0 25 100 8 Distortion0_0 LM0_0 WordPenalty0_0 PhrasePenalty0_0 TranslationModel0_0 TranslationModel0_1 TranslationModel0_2 TranslationModel0_3 
-118 -239.076 -46 43 -76.9812 -93.8276 -30.2936 -94.3977 
-118 -238.006 -46 43 -75.749 -92.4561 -31.3922 -93.9822 
-116 -234.347 -45 43 -78.1779 -95.5086 -34.6223 -94.3429 
-118 -241.085 -46 42 -74.8493 -93.0106 -30.1456 -95.0795 
-118 -239.886 -46 43 -76.9812 -93.8276 -30.2936 -94.3977 
-112 -234.477 -45 43 -78.1779 -95.5086 -34.6223 -94.3429 
-118 -234.848 -45 43 -78.1779 -95.5086 -34.6223 -94.3429 
-104 -237.902 -45 42 -76.8679 -94.8712 -32.7014 -95.1567 
-114 -237.424 -46 43 -81.1859 -94.7981 -30.2936 -92.4518 
-118 -240.015 -46 42 -73.6172 -91.639 -31.2442 -94.6639 
-118 -238.816 -46 43 -75.749 -92.4561 -31.3922 -93.9822 
-114 -239.904 -46 43 -76.9812 -93.8276 -30.2936 -94.3977 
-108 -239.56 -45 42 -78.1001 -96.2428 -31.6028 -95.5722 
-114 -236.354 -46 43 -79.9537 -93.4265 -31.3922 -92.0363 
-120 -240.337 -46 43 -76.9812 -93.8276 -30.2936 -94.3977 
-114 -238.834 -46 43 -75.749 -92.4561 -31.3922 -93.9822 
-100 -238.032 -45 42 -76.8679 -94.8712 -32.7014 -95.1567 
-116 -236.357 -45 42 -76.046 -94.6915 -34.4743 -95.0247 
-106 -238.403 -45 42 -76.8679 -94.8712 -32.7014 -95.1567 
-110 -239.935 -46 43 -76.9812 -93.8276 -30.2936 -94.3977 
-116 -235.158 -45 43 -78.1779 -95.5086 -34.6223 -94.3429 
-120 -239.267 -46 43 -75.749 -92.4561 -31.3922 -93.9822 
-118 -240.426 -46 43 -76.9812 -93.8276 -30.2936 -94.3977 
-114 -238.985 -45 42 -76.7999 -94.1005 -32.7014 -93.9245 
-136 -238.566 -46 43 -82.3895 -98.838 -30.2936 -96.0071 
-112 -238.856 -45 42 -76.8679 -94.8712 -32.7014 -95.1567 
-112 -232.696 -45 43 -82.3825 -96.479 -34.6223 -92.397 
-118 -239.575 -46 43 -77.4332 -94.6133 -30.7456 -94.6154 
-110 -238.865 -46 43 -75.749 -92.4561 -31.3922 -93.9822 
-116 -240.479 -46 43 -76.9812 -93.8276 -30.2936 -94.3977 
-118 -239.355 -46 43 -75.749 -92.4561 -31.3922 -93.9822 
-112 -235.176 -45 43 -78.1779 -95.5086 -34.6223 -94.3429 
-118 -241.896 -46 42 -74.8493 -93.0106 -30.1456 -95.0795 
-114 -237.915 -45 42 -75.5678 -92.7289 -33.8 -93.5089 
-114 -234.358 -45 42 -77.5816 -96.3221 -35.2628 -95.8088 
-136 -237.496 -46 43 -81.1573 -97.4665 -31.3922 -95.5916 
-118 -238.298 -46 43 -81.1859 -94.7981 -30.2936 -92.4518 
-114 -239.088 -46 43 -79.5461 -94.935 -30.2936 -93.0114 
-112 -236.487 -45 42 -76.046 -94.6915 -34.4743 -95.0247 
-112 -236.053 -45 42 -77.5816 -94.5151 -34.1642 -95.221 
-116 -240.601 -46 43 -76.9812 -93.8276 -30.2936 -94.3977 
-118 -236.858 -45 42 -76.046 -94.6915 -34.4743 -95.0247 
-118 -235.608 -45 43 -78.1779 -95.5086 -34.6223 -94.3429 
-104 -239.912 -45 41 -74.7361 -94.0541 -32.5534 -95.8385 
-112 -235.287 -45 43 -78.1779 -95.5086 -34.6223 -94.3429 
-114 -242.115 -46 43 -75.5388 -93.9723 -29.9106 -94.2564 
-116 -240.655 -46 43 -76.9812 -93.8276 -30.2936 -94.3977 
-114 -239.434 -46 42 -79.054 -93.981 -30.1456 -93.1336 
-118 -238.505 -46 43 -76.201 -93.2418 -31.8442 -94.1999 
-118 -235.659 -45 43 -78.1779 -95.5086 -34.6223 -94.3429 
-104 -238.713 -45 42 -76.8679 -94.8712 -32.7014 -95.1567 
-121 -240.863 -46 43 -71.7315 -90.1887 -31.9374 -95.7726 
-116 -239.409 -46 43 -75.749 -92.4561 -31.3922 -93.9822 
-110 -243.4 -45 42 -75.6924 -92.9106 -30.622 -92.5584 
-114 -238.235 -46 43 -81.1859 -94.7981 -30.2936 -92.4518 
-112 -240.485 -45 42 -78.1001 -96.2428 -31.6028 -95.5722 
-118 -240.826 -46 42 -73.6172 -91.639 -31.2442 -94.6639 
-118 -239.579 -46 43 -75.749 -92.4561 -31.3922 -93.9822 
-118 -237.228 -46 43 -79.9537 -93.4265 -31.3922 -92.0363 
-108 -235.185 -45 43 -78.1779 -95.5086 -34.6223 -94.3429 
-108 -232.825 -45 43 -82.3825 -96.479 -34.6223 -92.397 
-114 -241.914 -46 42 -74.8493 -93.0106 -30.1456 -95.0795 
-108 -241.57 -45 41 -75.9682 -95.4257 -31.4548 -96.254 
-112 -240.542 -45 42 -78.1001 -96.2428 -31.6028 -95.5722 
-114 -238.017 -46 43 -78.314 -93.5634 -31.3922 -92.5959 
-108 -235.207 -45 43 -78.1779 -95.5086 -34.6223 -94.3429 
-120 -239.83 -46 43 -77.2043 -94.1469 -30.9222 -94.2053 
-112 -240.568 -46 43 -76.9812 -93.8276 -30.2936 -94.3977 
-114 -233.196 -45 43 -82.3825 -96.479 -34.6223 -92.397 
-112 -235.451 -45 43 -78.1779 -95.5086 -34.6223 -94.3429 
-100 -236.251 -45 42 -81.0726 -95.8417 -32.7014 -93.2108 
-116 -235.697 -45 43 -78.1779 -95.5086 -34.6223 -94.3429 
-108 -243.4 -45 42 -75.6924 -92.9106 -30.622 -92.5584 
-108 -240.371 -45 42 -78.1001 -96.2428 -31.6028 -95.5722 
-116 -242.42 -46 43 -75.5388 -93.9723 -29.9106 -94.2564 
-134 -233.838 -45 43 -83.5862 -100.519 -34.6223 -95.9524 
-114 -241.045 -46 43 -74.3067 -92.6008 -31.0092 -93.8409 
-116 -234.731 -45 43 -78.6298 -96.2943 -35.0743 -94.5607 
-116 -239.584 -46 43 -75.749 -92.4561 -31.3922 -93.9822 
-114 -238.363 -46 42 -77.8218 -92.6094 -31.2442 -92.718 
-112 -240.101 -45 42 -79.6893 -94.6078 -31.3133 -93.6692 
-116 -234.019 -45 43 -79.7825 -96.5866 -35.0743 -95.2271 
-120 -242.346 -46 42 -74.8493 -93.0106 -30.1456 -95.0795 
-121 -239.793 -46 43 -70.4994 -88.8172 -33.036 -95.3571 
-108 -235.305 -45 43 -78.1779 -95.5086 -34.6223 -94.3429 
-118 -239.634 -46 43 -79.5461 -94.935 -30.2936 -93.0114 
-110 -242.33 -45 42 -74.4602 -91.539 -31.7206 -92.1429 
-120 -241.138 -46 43 -76.9812 -93.8276 -30.2936 -94.3977 
-114 -235.677 -45 43 -78.1779 -95.5086 -34.6223 -94.3429 
-114 -237.164 -46 43 -79.9537 -93.4265 -31.3922 -92.0363 
-100 -238.731 -45 42 -76.8679 -94.8712 -32.7014 -95.1567 
-116 -237.073 -45 43 -79.41 -96.8801 -33.5237 -94.7585 
-102 -237.913 -45 41 -76.2717 -95.6848 -33.3419 -96.6226 
-120 -241.19 -46 43 -76.9812 -93.8276 -30.2936 -94.3977 
-104 -237.909 -45 42 -82.3048 -97.2132 -31.6028 -93.6263 
-114 -240.844 -46 42 -73.6172 -91.639 -31.2442 -94.6639 
-114 -235.738 -45 43 -78.1779 -95.5086 -34.6223 -94.3429 
-100 -240.041 -45 41 -74.7361 -94.0541 -32.5534 -95.8385 
-100 -239.608 -45 41 -76.2717 -93.8778 -32.2433 -96.0348 
-112 -239.479 -45 42 -76.8679 -94.8712 -32.7014 -95.1567 
FEATURES_TXT_END_0
FEATURES_TXT_BEGIN_0 26 92 8 Distortion0_0 LM0_0 WordPenalty0_0 PhrasePenalty0_0 TranslationModel0_0 TranslationModel0_1 TranslationModel0_2 TranslationModel0_3 
-83 -211.52 -40 35 -52.9839 -88.8632 -16.0498 -80.1298 
-82 -211.466 -40 35 -52.9839 -88.8632 -16.0498 -80.1298 
-81 -211.52 -40 35 -52.9839 -88.8632 -16.0498 -80.1298 
-80 -211.466 -40 35 -52.9839 -88.8632 -16.0498 -80.1298 
-85 -210.472 -40 35 -53.2716 -88.8248 -16.743 -79.5797 
-84 -210.417 -40 35 -53.2716 -88.8248 -16.743 -79.5797 
-83 -210.472 -40 35 -53.2716 -88.8248 -16.743 -79.5797 
-82 -210.417 -40 35 -53.2716 -88.8248 -16.743 -79.5797 
-91 -211.158 -40 36 -55.8134 -90.8395 -15.8973 -82.1546 
-90 -211.104 -40 36 -55.8134 -90.8395 -15.8973 -82.1546 
-89 -211.158 -40 36 -55.8134 -90.8395 -15.8973 -82.1546 
-91 -212.227 -40 36 -53.1461 -88.6363 -16.5904 -80.965 
-88 -211.104 -40 36 -55.8134 -90.8395 -15.8973 -82.1546 
-86 -212.872 -40 35 -52.9839 -88.8632 -16.0498 -80.1298 
-93 -210.109 -40 36 -56.1011 -90.8011 -16.5904 -81.6045 
-92 -210.055 -40 36 -56.1011 -90.8011 -16.5904 -81.6045 
-87 -211.158 -40 36 -55.8134 -90.8395 -15.8973 -82.1546 
-86 -211.104 -40 36 -55.8134 -90.8395 -15.8973 -82.1546 
-87 -211.208 -40 36 -55.8134 -90.8395 -15.8973 -82.1546 
-86 -211.153 -40 36 -55.8134 -90.8395 -15.8973 -82.1546 
-87 -211.213 -40 36 -55.8134 -90.8395 -15.8973 -82.1546 
-86 -211.159 -40 36 -55.8134 -90.8395 -15.8973 -82.1546 
-81 -210.739 -40 35 -53.2716 -88.8248 -16.743 -79.5797 
-80 -210.685 -40 35 -53.2716 -88.8248 -16.743 -79.5797 
-91 -210.109 -40 36 -56.1011 -90.8011 -16.5904 -81.6045 
-92 -211.975 -40 36 -55.8134 -90.8395 -15.8973 -82.1546 
-90 -210.055 -40 36 -56.1011 -90.8011 -16.5904 -81.6045 
-78 -211.159 -40 36 -55.8134 -90.8395 -15.8973 -82.1546 
-87 -209.494 -40 35 -53.8737 -89.0841 -17.4361 -80.5605 
-86 -209.44 -40 35 -53.8737 -89.0841 -17.4361 -80.5605 
-84 -212.337 -40 35 -52.9839 -88.8632 -16.0498 -80.1298 
-86 -212.48 -40 35 -52.9839 -88.8632 -16.0498 -80.1298 
-85 -211.208 -40 36 -55.8134 -90.8395 -15.8973 -82.1546 
-84 -211.153 -40 36 -55.8134 -90.8395 -15.8973 -82.1546 
-91 -211.553 -40 36 -55.8134 -90.8395 -15.8973 -82.1546 
-90 -211.498 -40 36 -55.8134 -90.8395 -15.8973 -82.1546 
-85 -211.213 -40 36 -55.8134 -90.8395 -15.8973 -82.1546 
-84 -211.159 -40 36 -55.8134 -90.8395 -15.8973 -82.1546 
-79 -210.739 -40 35 -53.2716 -88.8248 -16.743 -79.5797 
-78 -210.685 -40 35 -53.2716 -88.8248 -16.743 -79.5797 
-93 -212.904 -40 35 -52.9839 -88.8632 -16.0498 -80.1298 
-92 -212.849 -40 35 -52.9839 -88.8632 -16.0498 -80.1298 
-89 -210.109 -40 36 -56.1011 -90.8011 -16.5904 -81.6045 
-88 -210.055 -40 36 -56.1011 -90.8011 -16.5904 -81.6045 
-83 -212.83 -40 35 -52.1686 -87.849 -16.036 -79.0839 
-85 -209.494 -40 35 -53.8737 -89.0841 -17.4361 -80.5605 
-84 -209.44 -40 35 -53.8737 -89.0841 -17.4361 -80.5605 
-89 -210.159 -40 36 -56.1011 -90.8011 -16.5904 -81.6045 
-88 -210.105 -40 36 -56.1011 -90.8011 -16.5904 -81.6045 
-89 -210.165 -40 36 -56.1011 -90.8011 -16.5904 -81.6045 
-82 -212.337 -40 35 -52.9839 -88.8632 -16.0498 -80.1298 
-88 -210.11 -40 36 -56.1011 -90.8011 -16.5904 -81.6045 
-83 -211.208 -40 36 -55.8134 -90.8395 -15.8973 -82.1546 
-82 -211.153 -40 36 -55.8134 -90.8395 -15.8973 -82.1546 
-89 -211.553 -40 36 -55.8134 -90.8395 -15.8973 -82.1546 
-88 -211.498 -40 36 -55.8134 -90.8395 -15.8973 -82.1546 
-87 -210.489 -40 35 -52.621 -89.0381 -17.4361 -80.2729 
-86 -210.434 -40 35 -52.621 -89.0381 -17.4361 -80.2729 
-81 -212.83 -40 35 -52.1686 -87.849 -16.036 -79.0839 
-79 -212.241 -40 35 -52.9839 -88.8632 -16.0498 -80.1298 
-78 -212.186 -40 35 -52.9839 -88.8632 -16.0498 -80.1298 
-87 -210.159 -40 36 -56.1011 -90.8011 -16.5904 -81.6045 
-93 -210.504 -40 36 -56.1011 -90.8011 -16.5904 -81.6045 
-86 -210.105 -40 36 -56.1011 -90.8011 -16.5904 -81.6045 
-92 -210.449 -40 36 -56.1011 -90.8011 -16.5904 -81.6045 
-87 -210.165 -40 36 -56.1011 -90.8011 -16.5904 -81.6045 
-86 -210.11 -40 36 -56.1011 -90.8011 -16.5904 -81.6045 
-85 -211.782 -40 35 -52.4563 -87.8106 -16.7292 -78.5339 
-82 -212.48 -40 35 -52.9839 -88.8632 -16.0498 -80.1298 
-81 -211.208 -40 36 -55.8134 -90.8395 -15.8973 -82.1546 
-79 -211.213 -40 36 -55.8134 -90.8395 -15.8973 -82.1546 
-80 -211.153 -40 36 -55.8134 -90.8395 -15.8973 -82.1546 
-78 -211.153 -40 36 -55.8134 -90.8395 -15.8973 -82.1546 
-81 -211.213 -40 36 -55.8134 -90.8395 -15.8973 -82.1546 
-80 -211.159 -40 36 -55.8134 -90.8395 -15.8973 -82.1546 
-85 -210.489 -40 35 -52.621 -89.0381 -17.4361 -80.2729 
-84 -210.434 -40 35 -52.621 -89.0381 -17.4361 -80.2729 
-77 -212.241 -40 35 -52.9839 -88.8632 -16.0498 -80.1298 
-76 -212.186 -40 35 -52.9839 -88.8632 -16.0498 -80.1298 
-87 -211.48 -40 35 -53.2716 -88.8248 -16.743 -79.5797 
-89 -210.377 -40 36 -56.1011 -90.8011 -16.5904 -81.6045 
-86 -211.425 -40 35 -53.2716 -88.8248 -16.743 -79.5797 
-88 -210.323 -40 36 -56.1011 -90.8011 -16.5904 -81.6045 
-85 -210.159 -40 36 -56.1011 -90.8011 -16.5904 -81.6045 
-84 -210.105 -40 36 -56.1011 -90.8011 -16.5904 -81.6045 
-91 -210.504 -40 36 -56.1011 -90.8011 -16.5904 -81.6045 
-90 -210.449 -40 36 -56.1011 -90.8011 -16.5904 -81.6045 
-95 -209.132 -40 36 -56.7032 -91.0604 -17.2836 -82.5854 
-94 -209.077 -40 36 -56.7032 -91.0604 -17.2836 -82.5854 
-83 -211.782 -40 35 -52.4563 -87.8106 -16.7292 -78.5339 
-84 -211.355 -40 35 -53.2716 -88.8248 -16.743 -79.5797 
-79 -211.208 -40 36 -55.8134 -90.8395 -15.8973 -82.1546 
FEATURES_TXT_END_0
FEATURES_TXT_BEGIN_0 27 100 8 Distortion0_0 LM0_0 WordPenalty0_0 PhrasePenalty0_0 TranslationModel0_0 TranslationModel0_1 TranslationModel0_2 TranslationModel0_3 
-65 -134.77 -26 25 -52.7592 -48.486 -13.4726 -41.1023 
-71 -136.862 -26 25 -46.9777 -44.4192 -14.2974 -42.6432 
-75 -135.624 -26 25 -52.7592 -48.486 -13.4726 -41.1023 
-71 -136.736 -26 25 -47.0059 -44.579 -14.4309 -43.1133 
-77 -135.605 -27 26 -50.3155 -48.8535 -12.7712 -43.0854 
-81 -135.495 -26 25 -53.5745 -49.5002 -13.4864 -42.1482 
-81 -135.369 -26 25 -53.6027 -49.66 -13.62 -42.6182 
-63 -136.753 -26 25 -46.9777 -44.4192 -14.2974 -42.6432 
-65 -136.734 -27 26 -44.534 -44.7867 -13.5959 -44.6263 
-63 -136.627 -26 25 -47.0059 -44.579 -14.4309 -43.1132 
-65 -138.75 -26 25 -46.6578 -44.5938 -13.4726 -41.3255 
-65 -136.608 -27 26 -44.5622 -44.9465 -13.7295 -45.0963 
-67 -137.133 -26 25 -46.9777 -44.4192 -14.2974 -42.6432 
-73 -135.386 -26 25 -53.5745 -49.5002 -13.4864 -42.1482 
-75 -135.367 -27 26 -51.1307 -49.8676 -12.785 -44.1312 
-57 -138.325 -26 25 -46.6578 -44.5938 -13.4726 -41.3255 
-73 -135.26 -26 25 -53.6027 -49.66 -13.62 -42.6182 
-63 -135.453 -26 25 -52.7592 -48.486 -13.4726 -41.1023 
-75 -135.241 -27 26 -51.1589 -50.0275 -12.9185 -44.6012 
-77 -135.766 -26 25 -53.5745 -49.5002 -13.4864 -42.1482 
-79 -139.238 -26 25 -47.473 -45.608 -13.4864 -42.3713 
-70 -135.874 -26 25 -52.7592 -48.486 -13.4726 -41.1023 
-67 -137.061 -26 25 -47.0059 -44.579 -14.4309 -43.1133 
-75 -135.697 -26 25 -53.5745 -49.5002 -13.4864 -42.1482 
-71 -135.328 -27 26 -51.1307 -49.8676 -12.785 -44.1312 
-85 -137.367 -26 26 -46.3407 -43.405 -15.1803 -41.5974 
-67 -137.343 -26 25 -46.9777 -44.4192 -14.2974 -42.6433 
-69 -139.213 -26 25 -46.6578 -44.5938 -13.4726 -41.3255 
-63 -138.881 -26 25 -46.6578 -44.5938 -13.4726 -41.3255 
-63 -137.178 -26 25 -46.9777 -44.4192 -14.2974 -42.6432 
-75 -139.604 -26 25 -46.6578 -44.5938 -13.4726 -41.3255 
-77 -139.585 -27 26 -44.214 -44.9613 -12.7712 -43.3085 
-67 -139.178 -26 25 -46.6578 -44.5938 -13.4726 -41.3255 
-75 -136.294 -26 25 -52.7592 -48.486 -13.4726 -41.1023 
-79 -139.113 -26 25 -47.5012 -45.7678 -13.62 -42.8413 
-69 -139.159 -27 26 -44.214 -44.9613 -12.7712 -43.3085 
-75 -135.571 -26 25 -53.6027 -49.66 -13.62 -42.6182 
-71 -135.202 -27 26 -51.1589 -50.0275 -12.9185 -44.6012 
-77 -135.694 -26 25 -53.6027 -49.66 -13.62 -42.6182 
-57 -135.311 -26 25 -52.7592 -48.486 -13.4726 -41.1023 
-71 -138.208 -26 25 -46.1625 -43.405 -14.2836 -41.5974 
-77 -135.976 -26 25 -53.5745 -49.5002 -13.4864 -42.1482 
-73 -138.189 -27 26 -43.7187 -43.7725 -13.5821 -43.5804 
-61 -137.178 -26 25 -46.9777 -44.4192 -14.2974 -42.6432 
-63 -137.052 -26 25 -47.0059 -44.579 -14.4309 -43.1133 
-79 -136.634 -26 25 -52.7592 -48.486 -13.4726 -41.1023 
-61 -136.952 -26 25 -47.0059 -44.579 -14.4309 -43.1132 
-73 -135.811 -26 25 -53.5745 -49.5002 -13.4864 -42.1482 
-73 -136.306 -26 25 -52.7592 -48.486 -13.4726 -41.1023 
-75 -139.278 -26 25 -47.473 -45.608 -13.4864 -42.3713 
-61 -137.234 -26 25 -46.9777 -44.4192 -14.2974 -42.6432 
-75 -136.287 -27 26 -50.3155 -48.8535 -12.7712 -43.0854 
-67 -137.318 -26 25 -47.0059 -44.579 -14.4309 -43.1133 
-80 -136.728 -26 25 -52.7592 -48.486 -13.4726 -41.1023 
-82 -136.709 -27 26 -50.3155 -48.8535 -12.7712 -43.0854 
-86 -136.599 -26 25 -53.5745 -49.5002 -13.4864 -42.1482 
-71 -138.082 -26 25 -46.1906 -43.5649 -14.4171 -42.0674 
-57 -137.069 -26 25 -46.9777 -44.4192 -14.2974 -42.6432 
-73 -138.063 -27 26 -43.7469 -43.9324 -13.7157 -44.0504 
-79 -140.067 -26 25 -46.6578 -44.5938 -13.4726 -41.3255 
-71 -139.129 -26 25 -47.473 -45.608 -13.4864 -42.3713 
-73 -139.735 -26 25 -46.6578 -44.5938 -13.4726 -41.3255 
-61 -137.052 -26 25 -47.0059 -44.579 -14.4309 -43.1133 
-81 -140.048 -27 26 -44.214 -44.9613 -12.7712 -43.3085 
-73 -139.11 -27 26 -45.0293 -45.9755 -12.785 -44.3544 
-61 -137.061 -26 25 -47.0059 -44.579 -14.4309 -43.1133 
-75 -139.716 -27 26 -44.214 -44.9613 -12.7712 -43.3085 
-71 -135.811 -26 25 -53.5745 -49.5002 -13.4864 -42.1482 
-67 -135.588 -26 25 -53.5745 -49.5002 -13.4864 -42.1482 
-77 -136.647 -26 25 -52.7592 -48.486 -13.4726 -41.1023 
-61 -137.343 -26 25 -46.9777 -44.4192 -14.2974 -42.6432 
-69 -135.569 -27 26 -51.1307 -49.8676 -12.785 -44.1312 
-73 -135.685 -26 25 -53.6027 -49.66 -13.62 -42.6182 
-79 -139.636 -26 25 -47.473 -45.608 -13.4864 -42.3713 
-75 -139.153 -26 25 -47.5012 -45.7678 -13.62 -42.8413 
-71 -135.585 -26 25 -53.6027 -49.66 -13.62 -42.6182 
-69 -132.312 -26 25 -50.5158 -47.9456 -16.3768 -44.0295 
-71 -135.867 -26 25 -53.5745 -49.5002 -13.4864 -42.1482 
-77 -135.951 -26 25 -53.6027 -49.66 -13.62 -42.6182 
-86 -136.473 -26 25 -53.6027 -49.66 -13.62 -42.6182 
-67 -136.164 -26 25 -52.7592 -48.486 -13.4726 -41.1023 
-57 -136.943 -26 25 -47.0059 -44.579 -14.4309 -43.1132 
-69 -136.145 -27 26 -50.3155 -48.8535 -12.7712 -43.0854 
-67 -137.781 -26 25 -46.9777 -44.4192 -14.2974 -42.6432 
-59 -137.061 -26 25 -47.0059 -44.579 -14.4309 -43.1133 
-73 -136.035 -26 25 -53.5745 -49.5002 -13.4864 -42.1482 
-71 -139.004 -26 25 -47.5012 -45.7678 -13.62 -42.8413 
-67 -135.702 -26 25 -53.5745 -49.5002 -13.4864 -42.1482 
-62 -139.246 -26 25 -46.6578 -44.5938 -13.4726 -41.3255 
-59 -137.343 -26 25 -46.9777 -44.4192 -14.2974 -42.6432 
-73 -138.985 -27 26 -45.0575 -46.1353 -12.9185 -44.8244 
-75 -139.51 -26 25 -47.473 -45.608 -13.4864 -42.3713 
-71 -135.685 -26 25 -53.6027 -49.66 -13.62 -42.6182 
-67 -135.462 -26 25 -53.6027 -49.66 -13.62 -42.6182 
-71 -135.694 -26 25 -53.6027 -49.66 -13.62 -42.6182 
-69 -135.443 -27 26 -51.1589 -50.0275 -12.9185 -44.6012 
-71 -135.968 -26 25 -53.5745 -49.5002 -13.4864 -42.1482 
-71 -135.976 -26 25 -53.5745 -49.5002 -13.4864 -42.1482 
-79 -139.51 -26 25 -47.5012 -45.7678 -13.62 -42.8413 
-69 -136.358 -26 25 -52.7592 -48.486 -13.4726 -41.1023 
FEATURES_TXT_END_0
FEATURES_TXT_BEGIN_0 28 100 8 Distortion0_0 LM0_0 WordPenalty0_0 PhrasePenalty0_0 TranslationModel0_0 TranslationModel0_1 TranslationModel0_2 TranslationModel0_3 
-104 -191.65 -40 39 -73.2848 -86.65 -26.435 -73.0142 
-122 -193.008 -40 39 -73.2848 -86.65 -26.435 -73.0142 
-108 -192.386 -40 39 -73.2848 -86.65 -26.435 -73.0142 
-100 -193.101 -40 39 -72.8328 -85.8643 -25.983 -72.7965 
-104 -193.358 -40 39 -72.8328 -85.8643 -25.983 -72.7965 
-100 -186.876 -40 40 -77.5371 -87.2714 -28.1171 -72.5335 
-102 -192.386 -40 39 -73.2848 -86.65 -26.435 -73.0142 
-102 -195.329 -40 39 -72.4053 -85.4485 -25.0487 -71.5648 
-114 -193.09 -40 39 -73.2848 -86.65 -26.435 -73.0142 
-124 -191.426 -40 39 -75.5361 -90.697 -27.1282 -75.3656 
-118 -194.459 -40 39 -72.8328 -85.8643 -25.983 -72.7965 
-112 -193.136 -40 39 -73.2848 -86.65 -26.435 -73.0142 
-104 -193.68 -40 39 -72.8328 -85.8643 -25.983 -72.7965 
-122 -194.716 -40 39 -72.8328 -85.8643 -25.983 -72.7965 
-118 -188.234 -40 40 -77.5371 -87.2714 -28.1171 -72.5335 
-122 -193.744 -40 39 -73.2848 -86.65 -26.435 -73.0142 
-110 -193.09 -40 39 -73.2848 -86.65 -26.435 -73.0142 
-120 -193.744 -40 39 -73.2848 -86.65 -26.435 -73.0142 
-104 -193.837 -40 39 -72.8328 -85.8643 -25.983 -72.7965 
-120 -196.687 -40 39 -72.4053 -85.4485 -25.0487 -71.5648 
-96 -196.182 -40 39 -72.2754 -85.8085 -24.6232 -71.5405 
-120 -191.494 -40 39 -75.5361 -90.697 -27.1281 -75.3656 
-126 -191.858 -40 39 -75.5361 -90.697 -27.1282 -75.3656 
-114 -193.525 -40 39 -73.2848 -86.65 -26.435 -73.0142 
-110 -193.298 -40 39 -73.2848 -86.65 -26.435 -73.0142 
-108 -192.476 -40 39 -74.4375 -86.9424 -26.435 -73.6807 
-120 -193.891 -40 39 -73.2848 -86.65 -26.435 -73.0142 
-110 -191.741 -39 39 -75.2881 -86.682 -28.3681 -72.3425 
-122 -195.038 -40 39 -72.8328 -85.8643 -25.983 -72.7965 
-106 -196.065 -40 39 -72.4053 -85.4485 -25.0487 -71.5648 
-104 -190.616 -40 39 -73.7266 -87.9584 -27.6878 -74.6792 
-126 -191.601 -40 39 -75.1073 -90.8449 -27.5336 -74.8352 
-112 -193.525 -40 39 -73.2848 -86.65 -26.435 -73.0142 
-108 -193.298 -40 39 -73.2848 -86.65 -26.435 -73.0142 
-130 -191.849 -40 39 -75.1073 -90.8449 -27.5336 -74.8352 
-118 -193.891 -40 39 -73.2848 -86.65 -26.435 -73.0142 
-108 -191.741 -39 39 -75.2881 -86.682 -28.3681 -72.3425 
-108 -193.332 -40 39 -73.2848 -86.65 -26.435 -73.0142 
-106 -186.286 -40 40 -79.9035 -89.9104 -28.3583 -74.2617 
-114 -193.738 -40 39 -73.2848 -86.65 -26.435 -73.0142 
-98 -193.837 -40 39 -72.8328 -85.8643 -25.983 -72.7965 
-110 -193.525 -40 39 -73.2848 -86.65 -26.435 -73.0142 
-114 -197.54 -40 39 -72.2754 -85.8085 -24.6232 -71.5405 
-116 -193.872 -40 39 -73.2848 -86.65 -26.435 -73.0142 
-108 -188.147 -40 40 -77.5371 -87.2714 -28.1171 -72.5335 
-108 -194.416 -40 39 -72.8328 -85.8643 -25.983 -72.7965 
-128 -191.849 -40 39 -75.1073 -90.8449 -27.5336 -74.8352 
-100 -192.443 -40 40 -73.5872 -85.7404 -26.7308 -71.715 
-106 -192.787 -40 40 -73.5872 -85.7404 -26.7308 -71.715 
-98 -196.78 -40 39 -71.9533 -84.6628 -24.5967 -71.347 
-110 -194.541 -40 39 -72.8328 -85.8643 -25.983 -72.7965 
-112 -193.139 -40 40 -73.5872 -85.7404 -26.7308 -71.715 
-102 -197.038 -40 39 -71.9533 -84.6628 -24.5967 -71.347 
-98 -190.555 -40 40 -76.6576 -86.0699 -26.7309 -71.084 
-104 -186.286 -40 40 -79.9035 -89.9104 -28.3583 -74.2617 
-104 -192.548 -40 39 -74.4375 -86.9424 -26.435 -73.6807 
-92 -193.233 -40 39 -69.7381 -83.7447 -27.1281 -73.5251 
-114 -191.527 -40 39 -75.5361 -90.697 -27.1281 -75.3656 
-120 -192.877 -40 39 -75.0841 -89.9113 -26.6762 -75.1479 
-110 -193.634 -40 39 -73.2848 -86.65 -26.435 -73.0142 
-104 -189.511 -40 39 -74.2942 -87.4915 -28.2468 -74.4879 
-108 -193.525 -40 39 -73.2848 -86.65 -26.435 -73.0142 
-106 -188.147 -40 40 -77.5371 -87.2714 -28.1171 -72.5335 
-126 -193.834 -40 39 -74.4375 -86.9424 -26.435 -73.6807 
-110 -193.139 -40 40 -73.5872 -85.7404 -26.7308 -71.715 
-106 -193.466 -40 39 -73.2848 -86.65 -26.435 -73.0142 
-108 -194.587 -40 39 -72.8328 -85.8643 -25.983 -72.7965 
-100 -196.918 -40 39 -72.2754 -85.8085 -24.6232 -71.5405 
-100 -196.065 -40 39 -72.4053 -85.4485 -25.0487 -71.5648 
-122 -191.974 -40 39 -73.7266 -87.9584 -27.6878 -74.6792 
-112 -196.77 -40 39 -72.4053 -85.4485 -25.0487 -71.5648 
-112 -194.845 -40 39 -72.8328 -85.8643 -25.983 -72.7965 
-118 -195.195 -40 39 -72.8328 -85.8643 -25.983 -72.7965 
-120 -191.601 -40 39 -75.1073 -90.8449 -27.5336 -74.8352 
-102 -193.005 -40 39 -75.952 -88.8532 -25.7419 -74.2038 
-108 -188.362 -40 40 -77.5371 -87.2714 -28.1171 -72.5335 
-100 -188.906 -40 40 -77.0851 -86.4857 -27.6652 -72.3158 
-108 -193.363 -40 39 -75.952 -88.8532 -25.7419 -74.2038 
-106 -189.185 -40 39 -76.588 -88.4077 -27.8213 -74.3183 
-102 -192.787 -40 40 -73.5872 -85.7404 -26.7308 -71.715 
-106 -194.541 -40 39 -72.8328 -85.8643 -25.983 -72.7965 
-108 -194.693 -40 39 -72.8328 -85.8643 -25.983 -72.7965 
-122 -195.106 -40 39 -74.6566 -89.4955 -25.7419 -73.9161 
-118 -190.863 -40 39 -76.2455 -90.3798 -27.5336 -74.4806 
-110 -191.527 -40 39 -75.5361 -90.697 -27.1281 -75.3656 
-116 -191.875 -40 39 -75.5361 -90.697 -27.1282 -75.3656 
-116 -195.195 -40 39 -72.8328 -85.8643 -25.983 -72.7965 
-106 -193.634 -40 39 -73.2848 -86.65 -26.435 -73.0142 
-110 -193.872 -40 39 -73.2848 -86.65 -26.435 -73.0142 
-116 -198.138 -40 39 -71.9533 -84.6628 -24.5967 -71.347 
-102 -194.416 -40 39 -72.8328 -85.8643 -25.983 -72.7965 
-92 -197.633 -40 39 -71.8234 -85.0228 -24.1713 -71.3228 
-94 -192.443 -40 40 -73.5872 -85.7404 -26.7308 -71.715 
-110 -190.1 -40 39 -74.2942 -87.4915 -28.2468 -74.4879 
-108 -191.352 -40 39 -73.7266 -87.9584 -27.6878 -74.6792 
-110 -196.816 -40 39 -72.4053 -85.4485 -25.0487 -71.5648 
-102 -197.359 -40 39 -71.9533 -84.6628 -24.5967 -71.347 
-114 -195.12 -40 39 -72.8328 -85.8643 -25.983 -72.7965 
-120 -198.396 -40 39 -71.9533 -84.6628 -24.5967 -71.347 
-96 -197.891 -40 39 -71.8234 -85.0228 -24.1713 -71.3228 
FEATURES_TXT_END_0
FEATURES_TXT_BEGIN_0 29 34 8 Distortion0_0 LM0_0 WordPenalty0_0 PhrasePenalty0_0 TranslationModel0_0 TranslationModel0_1 TranslationModel0_2 TranslationModel0_3 
-216 -359.093 -64 62 -104.895 -132.055 -41.7128 -118.051 
-218 -360.239 -65 63 -102.076 -131.278 -40.4529 -119.119 
-214 -359.093 -64 62 -104.895 -132.055 -41.7128 -118.051 
-216 -360.533 -64 62 -104.632 -131.74 -41.3074 -118.276 
-216 -360.239 -65 63 -102.076 -131.278 -40.4529 -119.119 
-206 -359.133 -64 62 -104.895 -132.055 -41.7128 -118.051 
-212 -359.093 -64 62 -104.895 -132.055 -41.7128 -118.051 
-208 -360.239 -65 63 -102.076 -131.278 -40.4529 -119.119 
-210 -359.347 -64 62 -104.895 -132.055 -41.7128 -118.051 
-216 -359.347 -64 62 -104.895 -132.055 -41.7128 -118.051 
-214 -360.239 -65 63 -102.076 -131.278 -40.4529 -119.119 
-210 -359.34 -64 62 -104.895 -132.055 -41.7128 -118.051 
-206 -359.093 -64 62 -104.895 -132.055 -41.7128 -118.051 
-212 -360.146 -65 63 -102.076 -131.278 -40.4529 -119.119 
-218 -360.493 -65 63 -102.076 -131.278 -40.4529 -119.119 
-216 -361.989 -65 63 -100.179 -129.839 -40.1652 -117.952 
-210 -359.093 -64 62 -104.895 -132.055 -41.7128 -118.051 
-216 -362.243 -65 63 -100.179 -129.839 -40.1652 -117.952 
-210 -355.739 -64 62 -106.329 -133.355 -43.3223 -118.334 
-212 -361.989 -65 63 -100.179 -129.839 -40.1652 -117.952 
-214 -359.347 -64 62 -104.895 -132.055 -41.7128 -118.051 
-212 -360.239 -65 63 -102.076 -131.278 -40.4529 -119.119 
-210 -360.279 -65 63 -102.076 -131.278 -40.4529 -119.119 
-214 -360.493 -65 63 -102.076 -131.278 -40.4529 -119.119 
-208 -360.146 -65 63 -102.076 -131.278 -40.4529 -119.119 
-210 -359.133 -64 62 -104.895 -132.055 -41.7128 -118.051 
-210 -360.146 -65 63 -102.076 -131.278 -40.4529 -119.119 
-216 -360.493 -65 63 -102.076 -131.278 -40.4529 -119.119 
-214 -361.989 -65 63 -100.179 -129.839 -40.1652 -117.952 
-208 -359.133 -64 62 -104.895 -132.055 -41.7128 -118.051 
-212 -360.279 -65 63 -102.076 -131.278 -40.4529 -119.119 
-208 -359.093 -64 62 -104.895 -132.055 -41.7128 -118.051 
-210 -360.239 -65 63 -102.076 -131.278 -40.4529 -119.119 
-212 -359.347 -64 62 -104.895 -132.055 -41.7128 -118.051 
FEATURES_TXT_END_0
FEATURES_TXT_BEGIN_0 30 36 8 Distortion0_0 LM0_0 WordPenalty0_0 PhrasePenalty0_0 TranslationModel0_0 TranslationModel0_1 TranslationModel0_2 TranslationModel0_3 
-84 -187.78 -30 30 -51.5009 -68.0009 -20.4633 -73.8437 
-73 -187.706 -30 30 -51.5009 -68.0009 -20.4633 -73.8437 
-82 -187.706 -30 30 -51.5009 -68.0009 -20.4633 -73.8437 
-85 -189.576 -30 29 -54.1243 -68.5138 -18.7789 -73.7598 
-83 -187.78 -30 30 -51.5009 -68.0009 -20.4633 -73.8437 
-105 -185.859 -30 29 -56.6169 -71.1698 -20.8772 -72.9274 
-86 -189.606 -30 29 -54.1243 -68.5138 -18.7789 -73.7598 
-81 -187.706 -30 30 -51.5009 -68.0009 -20.4633 -73.8437 
-103 -186.652 -30 30 -55.7365 -70.1556 -20.7372 -71.8816 
-85 -189.532 -30 29 -54.1243 -68.5138 -18.7789 -73.7598 
-74 -187.706 -30 30 -51.5009 -68.0009 -20.4633 -73.8437 
-86 -189.576 -30 29 -54.1243 -68.5138 -18.7789 -73.7598 
-82 -187.78 -30 30 -51.5009 -68.0009 -20.4633 -73.8437 
-87 -189.606 -30 29 -54.1243 -68.5138 -18.7789 -73.7598 
-80 -187.706 -30 30 -51.5009 -68.0009 -20.4633 -73.8437 
-86 -189.532 -30 29 -54.1243 -68.5138 -18.7789 -73.7598 
-81 -187.78 -30 30 -51.5009 -68.0009 -20.4633 -73.8437 
-107 -185.821 -30 30 -57.367 -72.1839 -20.7648 -73.9733 
-75 -187.706 -30 30 -51.5009 -68.0009 -20.4633 -73.8437 
-87 -189.576 -30 29 -54.1243 -68.5138 -18.7789 -73.7598 
-79 -187.706 -30 30 -51.5009 -68.0009 -20.4633 -73.8437 
-88 -189.606 -30 29 -54.1243 -68.5138 -18.7789 -73.7598 
-105 -186.652 -30 30 -55.7365 -70.1556 -20.7372 -71.8816 
-77 -187.78 -30 30 -51.5009 -68.0009 -20.4633 -73.8437 
-111 -185.821 -30 30 -57.367 -72.1839 -20.7648 -73.9733 
-88 -189.576 -30 29 -54.1243 -68.5138 -18.7789 -73.7598 
-107 -185.779 -30 29 -56.6169 -71.1698 -20.8772 -72.9274 
-109 -185.821 -30 30 -57.367 -72.1839 -20.7648 -73.9733 
-77 -187.706 -30 30 -51.5009 -68.0009 -20.4633 -73.8437 
-89 -189.576 -30 29 -54.1243 -68.5138 -18.7789 -73.7598 
-80 -187.78 -30 30 -51.5009 -68.0009 -20.4633 -73.8437 
-109 -185.779 -30 29 -56.6169 -71.1698 -20.8772 -72.9274 
-90 -189.576 -30 29 -54.1243 -68.5138 -18.7789 -73.7598 
-107 -186.652 -30 30 -55.7365 -70.1556 -20.7372 -71.8816 
-78 -187.706 -30 30 -51.5009 -68.0009 -20.4633 -73.8437 
-79 -187.78 -30 30 -51.5009 -68.0009 -20.4633 -73.8437 
FEATURES_TXT_END_0
FEATURES_TXT_BEGIN_0 31 81 8 Distortion0_0 LM0_0 WordPenalty0_0 PhrasePenalty0_0 TranslationModel0_0 TranslationModel0_1 TranslationModel0_2 TranslationModel0_3 
-55 -151.499 -28 23 -44.2 -73.0083 -11.6008 -58.9264 
-53 -151.499 -28 23 -44.2 -73.0083 -11.6008 -58.9264 
-47 -146.499 -29 23 -47.2654 -76.2802 -12.1117 -61.7767 
-51 -151.499 -28 23 -44.2 -73.0083 -11.6008 -58.9264 
-57 -148.87 -29 23 -44.2 -73.0083 -11.6008 -58.9264 
-57 -150.25 -28 24 -44.5617 -73.0083 -12.5191 -58.9264 
-57 -139.14 -30 24 -45.3376 -74.239 -15.1356 -63.069 
-47 -144.775 -28 24 -48.1162 -74.3887 -14.1849 -58.9069 
-53 -146.432 -28 24 -44.8444 -71.3223 -14.4424 -58.2024 
-47 -147.089 -28 24 -46.1238 -72.1393 -13.4918 -57.5206 
-55 -148.87 -29 23 -44.2 -73.0083 -11.6008 -58.9264 
-59 -152.778 -28 23 -44.2 -73.0083 -11.6008 -58.9264 
-51 -151.617 -28 23 -44.2 -73.0083 -11.6008 -58.9264 
-55 -150.25 -28 24 -44.5617 -73.0083 -12.5191 -58.9264 
-57 -152.664 -28 23 -44.2 -73.0083 -11.6008 -58.9264 
-39 -144.718 -28 24 -49.1892 -75.4113 -14.0026 -60.3708 
-59 -136.769 -30 24 -48.403 -77.5109 -15.6464 -65.9193 
-51 -146.432 -28 24 -44.8444 -71.3223 -14.4424 -58.2024 
-45 -147.089 -28 24 -46.1238 -72.1393 -13.4918 -57.5206 
-53 -148.87 -29 23 -44.2 -73.0083 -11.6008 -58.9264 
-53 -150.25 -28 24 -44.5617 -73.0083 -12.5191 -58.9264 
-45 -144.061 -28 24 -47.9098 -74.5942 -14.9532 -61.0526 
-59 -147.621 -29 24 -44.5617 -73.0083 -12.5191 -58.9264 
-69 -143.05 -29 24 -45.3376 -74.239 -15.1356 -63.069 
-49 -142.145 -29 24 -48.1162 -74.3887 -14.1849 -58.9069 
-55 -143.803 -29 24 -44.8444 -71.3223 -14.4424 -58.2024 
-49 -144.46 -29 24 -46.1238 -72.1393 -13.4918 -57.5206 
-57 -141.719 -30 24 -43.3452 -71.9896 -14.4424 -61.6827 
-47 -151.617 -28 23 -44.2 -73.0083 -11.6008 -58.9264 
-53 -148.988 -29 23 -44.2 -73.0083 -11.6008 -58.9264 
-53 -151.987 -28 23 -44.2 -73.0083 -11.6008 -58.9264 
-47 -147.354 -28 24 -46.1238 -72.1393 -13.4918 -57.5206 
-61 -149.472 -29 23 -44.2001 -73.0083 -11.6008 -58.9264 
-55 -145.183 -28 25 -45.206 -71.3223 -15.3607 -58.2024 
-57 -147.621 -29 24 -44.5617 -73.0083 -12.5191 -58.9264 
-63 -139.821 -29 24 -49.9022 -76.8436 -15.6464 -62.4389 
-57 -142.181 -30 24 -43.3452 -71.9896 -14.4424 -61.6827 
-53 -143.803 -29 24 -44.8444 -71.3223 -14.4424 -58.2024 
-47 -144.46 -29 24 -46.1238 -72.1393 -13.4918 -57.5206 
-47 -149.128 -28 23 -47.2654 -76.2802 -12.1117 -61.7767 
-59 -139.348 -30 24 -46.4105 -75.2616 -14.9532 -64.533 
-59 -149.472 -29 23 -44.2001 -73.0083 -11.6008 -58.9264 
-53 -145.183 -28 25 -45.206 -71.3223 -15.3607 -58.2024 
-51 -143.402 -29 25 -46.4854 -72.1393 -14.4101 -57.5206 
-49 -150.25 -28 24 -44.5617 -73.0083 -12.5191 -58.9264 
-61 -139.608 -30 24 -44.7471 -72.5439 -15.5198 -63.3141 
-55 -147.621 -29 24 -44.5617 -73.0083 -12.5191 -58.9264 
-39 -142.404 -28 24 -51.1816 -77.6606 -14.6958 -61.7571 
-61 -137.029 -30 24 -46.7395 -74.7933 -16.2129 -64.7004 
-57 -142.623 -29 24 -45.3376 -74.239 -15.1356 -63.069 
-49 -146.031 -28 25 -46.4854 -72.1393 -14.4101 -57.5206 
-49 -149.389 -28 23 -45.6019 -73.5626 -12.6782 -60.5578 
-49 -148.988 -29 23 -44.2 -73.0083 -11.6008 -58.9264 
-45 -149.128 -28 23 -47.2654 -76.2802 -12.1117 -61.7767 
-63 -148.168 -29 24 -44.5617 -73.0083 -12.5191 -58.9264 
-55 -146.892 -29 23 -47.2654 -76.2802 -12.1117 -61.7767 
-49 -147.879 -28 24 -47.627 -76.2802 -13.0299 -61.7767 
-69 -145.628 -29 24 -43.3452 -71.9896 -14.4424 -61.6828 
-49 -151.987 -28 23 -44.2 -73.0083 -11.6008 -58.9264 
-55 -149.357 -29 23 -44.2 -73.0083 -11.6008 -58.9264 
-49 -144.724 -29 24 -46.1238 -72.1393 -13.4918 -57.5206 
-57 -144.186 -29 24 -44.8444 -71.3223 -14.4424 -58.2024 
-57 -142.553 -29 25 -45.206 -71.3223 -15.3607 -58.2024 
-69 -144.18 -29 24 -45.0741 -73.9243 -14.7301 -63.2946 
-53 -149.263 -29 23 -44.2 -73.0083 -11.6008 -58.9264 
-69 -142.585 -29 24 -44.4381 -73.375 -15.8287 -64.2794 
-61 -142.192 -29 24 -46.8368 -73.5716 -15.1356 -59.5887 
-47 -146.031 -28 25 -46.4854 -72.1393 -14.4101 -57.5206 
-59 -140.252 -29 24 -48.403 -77.5109 -15.6464 -65.9193 
-53 -150.682 -28 24 -44.5617 -73.0083 -12.5191 -58.9264 
-43 -149.128 -28 23 -47.2654 -76.2802 -12.1117 -61.7767 
-61 -148.168 -29 24 -44.5617 -73.0083 -12.5191 -58.9264 
-61 -152.778 -28 23 -44.2 -73.0083 -11.6008 -58.9264 
-49 -146.499 -29 23 -47.2654 -76.2802 -12.1117 -61.7767 
-47 -151.987 -28 23 -44.2 -73.0083 -11.6008 -58.9264 
-49 -152.106 -28 23 -44.2 -73.0083 -11.6008 -58.9264 
-55 -144.186 -29 24 -44.8444 -71.3223 -14.4424 -58.2024 
-55 -142.553 -29 25 -45.206 -71.3223 -15.3607 -58.2024 
-59 -141.815 -29 24 -47.9098 -74.5942 -14.9532 -61.0526 
-51 -147.621 -29 24 -44.5617 -73.0083 -12.5191 -58.9264 
-51 -149.263 -29 23 -44.2 -73.0083 -11.6008 -58.9264 
FEATURES_TXT_END_0
FEATURES_TXT_BEGIN_0 32 88 8 Distortion0_0 LM0_0 WordPenalty0_0 PhrasePenalty0_0 TranslationModel0_0 TranslationModel0_1 TranslationModel0_2 TranslationModel0_3 
-98 -176.234 -30 27 -42.4384 -71.8376 -21.4145 -87.3833 
-92 -177.094 -30 27 -41.9864 -71.0519 -20.9625 -87.1655 
-84 -176.856 -30 27 -41.9864 -69.576 -20.9625 -86.0669 
-86 -177.094 -30 27 -41.9864 -71.0519 -20.9625 -87.1655 
-88 -176.234 -30 27 -42.4384 -71.8376 -21.4145 -87.3833 
-80 -174.262 -30 27 -41.2496 -70.371 -22.6365 -87.4532 
-98 -178.25 -30 27 -41.5164 -70.9803 -20.9625 -86.4279 
-94 -176.801 -30 27 -42.4384 -71.8376 -21.4145 -87.3833 
-96 -178.25 -30 27 -41.5164 -70.9803 -20.9625 -86.4279 
-95 -175.889 -30 27 -41.159 -71.0205 -22.3651 -88.065 
-91 -178.387 -30 27 -40.6001 -67.3262 -20.9625 -84.6806 
-95 -179.035 -30 27 -40.1301 -68.7305 -20.9625 -85.0416 
-92 -178.25 -30 27 -41.5164 -70.9803 -20.9625 -86.4279 
-87 -179.579 -30 27 -40.1301 -67.2546 -20.9625 -83.943 
-88 -178.012 -30 27 -41.5164 -69.5044 -20.9625 -85.3293 
-93 -177.712 -30 27 -41.6658 -68.8852 -21.751 -84.7271 
-91 -178.662 -30 27 -40.6001 -68.8021 -20.9625 -85.7792 
-98 -177.361 -30 27 -42.4384 -71.8376 -21.4145 -87.3833 
-90 -178.25 -30 27 -41.5164 -70.9803 -20.9625 -86.4279 
-85 -176.984 -30 27 -39.3933 -68.0497 -22.6365 -85.3293 
-98 -176.436 -30 27 -41.159 -71.0205 -22.3651 -88.065 
-84 -175.417 -30 27 -40.7796 -70.2994 -22.6365 -86.7156 
-82 -176.33 -30 27 -41.159 -71.0205 -22.3651 -88.065 
-86 -178.012 -30 27 -41.5164 -69.5044 -20.9625 -85.3293 
-94 -177.405 -31 27 -41.2789 -68.6464 -20.2694 -87.1798 
-102 -178.017 -30 27 -41.9684 -71.766 -21.4145 -86.6457 
-87 -178.797 -30 27 -40.1301 -67.2546 -20.9625 -83.943 
-88 -178.25 -30 27 -41.5164 -70.9803 -20.9625 -86.4279 
-105 -178.369 -30 27 -41.6658 -68.8852 -21.751 -84.7272 
-89 -179.035 -30 27 -40.1301 -68.7305 -20.9625 -85.0416 
-94 -176.42 -30 27 -43.0521 -72.6109 -21.751 -87.2121 
-89 -177.007 -30 27 -40.707 -70.2348 -21.9132 -87.8473 
-82 -175.417 -30 27 -40.7796 -70.2994 -22.6365 -86.7156 
-92 -177.146 -30 27 -43.5911 -72.1299 -21.4145 -88.0497 
-94 -176.33 -30 27 -41.159 -71.0205 -22.3651 -88.065 
-92 -178.221 -30 27 -41.9864 -71.0519 -20.9625 -87.1655 
-83 -176.202 -30 27 -39.3933 -68.0497 -22.6365 -85.3293 
-100 -178.017 -30 27 -41.9684 -71.766 -21.4145 -86.6457 
-101 -178.802 -30 27 -40.5821 -69.5162 -21.4145 -85.2594 
-90 -176.25 -31 27 -41.7489 -68.718 -20.2694 -87.9174 
-87 -177.007 -30 27 -40.707 -70.2348 -21.9132 -87.8473 
-97 -179.542 -30 27 -40.1301 -67.2546 -20.9625 -83.943 
-84 -177.782 -30 27 -41.9864 -69.576 -20.9625 -86.0669 
-98 -178.017 -30 27 -41.9684 -71.766 -21.4145 -86.6457 
-82 -176.801 -30 27 -42.4384 -71.8376 -21.4145 -87.3833 
-78 -177.504 -30 27 -41.9864 -69.576 -20.9625 -86.0669 
-83 -175.889 -30 27 -41.159 -71.0205 -22.3651 -88.065 
-98 -177.032 -30 27 -44.4753 -72.0229 -21.4145 -86.2847 
-95 -179.542 -30 27 -40.1301 -67.2546 -20.9625 -83.943 
-92 -177.439 -30 27 -42.4384 -71.8376 -21.4145 -87.3833 
-96 -178.017 -30 27 -41.9684 -71.766 -21.4145 -86.6457 
-97 -179.817 -30 27 -40.1301 -68.7305 -20.9625 -85.0416 
-84 -178.057 -30 27 -41.9864 -71.0519 -20.9625 -87.1655 
-88 -176.42 -30 27 -43.0521 -72.6109 -21.751 -87.2121 
-86 -178.221 -30 27 -41.9864 -71.0519 -20.9625 -87.1655 
-98 -178.534 -30 27 -41.0521 -68.1119 -21.4145 -84.8984 
-94 -178.017 -30 27 -41.9684 -71.766 -21.4145 -86.6457 
-88 -177.361 -30 27 -42.4384 -71.8376 -21.4145 -87.3833 
-79 -176.769 -30 27 -40.707 -68.7589 -21.9132 -86.7487 
-98 -177.077 -30 27 -43.0521 -72.6109 -21.751 -87.2121 
-89 -179.304 -30 27 -40.1301 -65.7787 -20.9625 -82.8444 
-95 -179.817 -30 27 -40.1301 -68.7305 -20.9625 -85.0416 
-81 -177.007 -30 27 -40.707 -70.2348 -21.9132 -87.8473 
-91 -179.542 -30 27 -40.1301 -67.2546 -20.9625 -83.943 
-95 -178.728 -30 27 -41.0521 -69.5878 -21.4145 -85.997 
-88 -176.436 -30 27 -41.159 -71.0205 -22.3651 -88.065 
-92 -178.017 -30 27 -41.9684 -71.766 -21.4145 -86.6457 
-75 -174.174 -30 27 -39.9702 -69.554 -23.5871 -88.135 
-98 -179.377 -30 27 -41.5164 -70.9803 -20.9625 -86.4279 
-85 -176.709 -30 27 -39.3933 -66.5738 -22.6365 -84.2307 
-98 -177.971 -30 27 -42.4384 -70.3617 -21.4145 -86.2847 
-87 -179.304 -30 27 -40.1301 -65.7787 -20.9625 -82.8444 
-89 -179.542 -30 27 -40.1301 -67.2546 -20.9625 -83.943 
-74 -177.649 -30 27 -41.9864 -69.576 -20.9625 -86.0669 
-92 -179.394 -30 27 -40.6001 -67.3262 -20.9625 -84.6806 
-86 -177.439 -30 27 -42.4384 -71.8376 -21.4145 -87.3833 
-95 -177.712 -30 27 -41.6658 -68.8852 -21.751 -84.7271 
-80 -177.908 -30 27 -37.1065 -69.1287 -22.6365 -88.5518 
-89 -179.579 -30 27 -40.1301 -67.2546 -20.9625 -83.943 
-90 -178.017 -30 27 -41.9684 -71.766 -21.4145 -86.6457 
-95 -177.015 -30 27 -41.159 -71.0205 -22.3651 -88.065 
-94 -177.928 -30 27 -42.4384 -71.8376 -21.4145 -87.3833 
-95 -180.023 -30 27 -40.1301 -68.7305 -20.9625 -85.0416 
-91 -178.802 -30 27 -40.5821 -69.5162 -21.4145 -85.2594 
-96 -179.377 -30 27 -41.5164 -70.9803 -20.9625 -86.4279 
-83 -176.709 -30 27 -39.3933 -66.5738 -22.6365 -84.2307 
-94 -177.077 -30 27 -43.0521 -72.6109 -21.751 -87.2121 
-91 -179.817 -30 27 -40.1301 -68.7305 -20.9625 -85.0416 
FEATURES_TXT_END_0
FEATURES_TXT_BEGIN_0 33 100 8 Distortion0_0 LM0_0 WordPenalty0_0 PhrasePenalty0_0 TranslationModel0_0 TranslationModel0_1 TranslationModel0_2 TranslationModel0_3 
-37 -80.0173 -16 15 -28.2875 -38.5927 -10.2685 -33.9024 
-50 -85.5586 -16 15 -24.9786 -33.2176 -8.65908 -33.9723 
-41 -77.7302 -16 15 -27.7766 -36.2458 -12.0603 -33.9024 
-38 -77.3592 -17 15 -28.8267 -39.2592 -10.2685 -36.437 
-37 -79.6541 -16 15 -30.5901 -41.2691 -10.2685 -32.8038 
-35 -80.6683 -16 15 -28.2875 -38.5927 -10.2685 -33.9024 
-38 -79.2421 -17 15 -27.8175 -37.7358 -9.57537 -35.0019 
-33 -83.8946 -16 14 -26.7186 -37.0656 -8.70315 -35.3688 
-50 -84.2491 -17 15 -24.5086 -32.3608 -7.96593 -35.0718 
-37 -84.3808 -17 16 -22.6388 -33.1856 -8.39302 -34.644 
-50 -85.5566 -16 15 -25.8949 -32.994 -8.65908 -33.6758 
-38 -81.2194 -16 15 -28.2875 -38.5927 -10.2685 -33.9024 
-42 -75.0722 -17 15 -28.3159 -36.9123 -12.0603 -36.437 
-41 -75.8104 -17 15 -27.0835 -36.8902 -12.0603 -35.9349 
-50 -85.1954 -16 15 -27.2812 -35.8941 -8.65908 -32.8737 
-41 -77.3671 -16 15 -30.0792 -38.9223 -12.0603 -32.8038 
-38 -80.8083 -16 15 -29.2038 -38.3691 -10.2685 -33.6059 
-39 -84.6926 -16 14 -26.7186 -37.0656 -8.70315 -35.3688 
-42 -76.9551 -17 15 -27.3066 -35.389 -11.3671 -35.0019 
-43 -78.8524 -17 16 -26.9414 -38.825 -10.7303 -36.0288 
-39 -81.5024 -16 15 -28.2875 -38.5927 -10.2685 -33.9024 
-38 -76.996 -17 15 -31.1293 -41.9356 -10.2685 -35.3384 
-36 -78.0102 -17 15 -28.8267 -39.2592 -10.2685 -36.437 
-35 -80.3051 -16 15 -30.5901 -41.2691 -10.2685 -32.8038 
-38 -78.879 -17 15 -30.1201 -40.4123 -9.57537 -33.9033 
-34 -81.2366 -17 14 -27.2579 -37.7321 -8.70315 -37.9033 
-33 -83.5314 -16 14 -29.0212 -39.742 -8.70315 -34.2701 
-50 -83.8859 -17 15 -26.8112 -35.0372 -7.96593 -33.9732 
-36 -79.8932 -17 15 -27.8175 -37.7358 -9.57537 -35.0019 
-41 -81.8405 -16 15 -28.2875 -38.5927 -10.2685 -33.9024 
-34 -83.1195 -17 14 -26.2486 -36.2087 -8.01 -36.4682 
-38 -79.9914 -16 15 -29.2967 -40.116 -10.9617 -35.3375 
-42 -78.9324 -16 15 -27.7766 -36.2458 -12.0603 -33.9024 
-38 -81.7228 -18 16 -23.1781 -33.8521 -8.39301 -37.1786 
-37 -84.0177 -17 16 -24.9414 -35.862 -8.39302 -33.5454 
-35 -85.0319 -17 16 -22.6388 -33.1856 -8.39302 -34.644 
-50 -85.1934 -16 15 -28.1975 -35.6704 -8.65908 -32.5772 
-38 -83.6057 -18 16 -22.1688 -32.3287 -7.69987 -35.7435 
-38 -79.5802 -16 15 -30.213 -39.8924 -10.9617 -35.041 
-42 -78.5212 -16 15 -28.6929 -36.0222 -12.0603 -33.6059 
-38 -80.8563 -16 15 -30.5901 -41.2691 -10.2685 -32.8038 
-33 -88.2582 -17 15 -21.0699 -31.6585 -6.82765 -36.1104 
-36 -81.8705 -16 15 -28.2875 -38.5927 -10.2685 -33.9024 
-42 -73.1523 -18 15 -27.6228 -37.5567 -12.0603 -38.4695 
-42 -74.709 -17 15 -30.6185 -39.5888 -12.0603 -35.3384 
-41 -75.4472 -17 15 -29.3861 -39.5667 -12.0603 -34.8363 
-50 -84.3556 -17 15 -24.2855 -33.862 -8.65908 -36.0048 
-40 -82.0345 -17 14 -27.2579 -37.7321 -8.70315 -37.9033 
-34 -85.0968 -16 14 -26.7186 -37.0656 -8.70315 -35.3687 
-38 -80.4451 -16 15 -31.5063 -41.0455 -10.2685 -32.5073 
-42 -75.0353 -18 15 -26.6135 -36.0334 -11.3671 -37.0344 
-42 -76.5919 -17 15 -29.6092 -38.0654 -11.3671 -33.9033 
-44 -76.1943 -18 16 -27.4806 -39.4915 -10.7303 -38.5634 
-40 -78.8443 -17 15 -28.8267 -39.2592 -10.2685 -36.437 
-36 -81.4593 -16 15 -29.2038 -38.3691 -10.2685 -33.6059 
-43 -78.4892 -17 16 -29.244 -41.5015 -10.7303 -34.9302 
-40 -83.9175 -17 14 -26.2486 -36.2087 -8.01 -36.4682 
-36 -77.6471 -17 15 -31.1293 -41.9356 -10.2685 -35.3384 
-34 -84.6856 -16 14 -27.6349 -36.842 -8.70315 -35.0723 
-38 -85.583 -17 16 -22.6388 -33.1856 -8.39302 -34.644 
-44 -78.0773 -18 16 -26.4714 -37.9682 -10.0371 -37.1283 
-40 -80.7273 -17 15 -27.8175 -37.7358 -9.57537 -35.0019 
-42 -77.7043 -16 15 -28.7859 -37.7692 -12.7534 -35.3375 
-34 -80.8734 -17 14 -29.5604 -40.4085 -8.70315 -36.8047 
-37 -85.5288 -16 14 -26.7186 -37.0656 -8.70315 -35.3688 
-46 -90.3165 -16 14 -23.4098 -31.6905 -7.09371 -35.4386 
-50 -83.046 -18 15 -23.8155 -33.0051 -7.96593 -37.1043 
-36 -79.53 -17 15 -30.12 -40.4123 -9.57537 -33.9033 
-41 -85.7759 -16 14 -26.7186 -37.0656 -8.70315 -35.3688 
-42 -79.1824 -17 15 -28.8267 -39.2592 -10.2685 -36.437 
-38 -85.1718 -17 16 -23.5551 -32.962 -8.39302 -34.3475 
-37 -81.3619 -16 15 -27.0081 -37.7756 -11.2191 -34.5842 
-34 -82.7563 -17 14 -28.5512 -38.8852 -8.01 -35.3696 
-42 -77.0126 -17 15 -27.0835 -36.8902 -12.0603 -35.9349 
-42 -77.2932 -16 15 -29.7022 -37.5456 -12.7534 -35.041 
-38 -79.6282 -16 15 -31.5993 -42.7925 -10.9617 -34.2389 
-42 -78.5692 -16 15 -30.0792 -38.9223 -12.0603 -32.8038 
-52 -84.9096 -17 16 -20.3235 -29.3405 -9.96342 -34.564 
-42 -81.0653 -17 15 -27.8175 -37.7358 -9.57537 -35.0019 
-38 -81.3596 -18 16 -25.4807 -36.5285 -8.39301 -36.08 
-54 -84.3304 -16 15 -27.1069 -32.096 -9.75769 -33.8292 
-41 -82.6766 -16 15 -28.2875 -38.5927 -10.2685 -33.9024 
-43 -81.7365 -16 15 -30.5901 -41.2691 -10.2685 -32.8038 
-36 -80.6424 -16 15 -29.2967 -40.116 -10.9617 -35.3375 
-40 -85.8948 -16 14 -26.7186 -37.0656 -8.70315 -35.3687 
-36 -82.4277 -16 15 -28.2875 -38.5927 -10.2685 -33.9024 
-36 -82.3738 -18 16 -23.1781 -33.8521 -8.39301 -37.1786 
-37 -79.975 -16 15 -30.6196 -40.2633 -10.9617 -34.6756 
-43 -87.1117 -16 15 -24.9786 -33.2176 -8.65908 -33.9723 
-35 -84.6687 -17 16 -24.9414 -35.862 -8.39302 -33.5454 
-50 -84.3536 -17 15 -25.2018 -33.6384 -8.65908 -35.7083 
-48 -87.421 -16 15 -24.9787 -33.2176 -8.65908 -33.9723 
-44 -80.0546 -17 16 -26.9414 -38.825 -10.7303 -36.0288 
-36 -82.4758 -16 15 -28.2875 -38.5927 -10.2685 -33.9024 
-40 -82.7046 -16 15 -28.2875 -38.5927 -10.2685 -33.9024 
-39 -84.8425 -16 14 -29.0212 -39.742 -8.70315 -34.2701 
-38 -83.2425 -18 16 -24.4714 -35.0052 -7.69987 -34.6449 
-42 -76.6014 -17 15 -27.9998 -36.6666 -12.0603 -35.6385 
-34 -83.8687 -16 14 -27.7279 -38.5889 -9.3963 -36.8038 
-38 -79.217 -16 15 -32.5156 -42.5689 -10.9617 -33.9424 
FEATURES_TXT_END_0
FEATURES_TXT_BEGIN_0 34 79 8 Distortion0_0 LM0_0 WordPenalty0_0 PhrasePenalty0_0 TranslationModel0_0 TranslationModel0_1 TranslationModel0_2 TranslationModel0_3 
-87 -175.59 -30 28 -58.9154 -80.5453 -11.4889 -85.8696 
-83 -175.59 -30 28 -58.9154 -80.5453 -11.4889 -85.8696 
-81 -175.59 -30 28 -58.9154 -80.5453 -11.4889 -85.8696 
-79 -175.59 -30 28 -58.9154 -80.5453 -11.4889 -85.8696 
-77 -175.59 -30 28 -58.9154 -80.5453 -11.4889 -85.8696 
-75 -175.59 -30 28 -58.9154 -80.5453 -11.4889 -85.8696 
-79 -177.905 -30 28 -58.9154 -80.5453 -11.4889 -85.8696 
-73 -175.59 -30 28 -58.9154 -80.5453 -11.4889 -85.8696 
-85 -176.324 -30 28 -58.9154 -80.5453 -11.4889 -85.8696 
-81 -176.324 -30 28 -58.9154 -80.5453 -11.4889 -85.8696 
-83 -178.111 -30 28 -58.9154 -80.5453 -11.4889 -85.8696 
-87 -176.726 -30 28 -58.9154 -80.5453 -11.4889 -85.8696 
-79 -176.324 -30 28 -58.9154 -80.5453 -11.4889 -85.8696 
-85 -176.726 -30 28 -58.9154 -80.5453 -11.4889 -85.8696 
-77 -177.755 -30 28 -58.9154 -80.5453 -11.4889 -85.8696 
-77 -176.324 -30 28 -58.9154 -80.5453 -11.4889 -85.8696 
-83 -176.726 -30 28 -58.9154 -80.5453 -11.4889 -85.8696 
-87 -176.976 -30 28 -58.9154 -80.5453 -11.4889 -85.8696 
-73 -176.324 -30 28 -58.9154 -80.5453 -11.4889 -85.8696 
-91 -177.46 -30 28 -58.9154 -80.5453 -11.4889 -85.8696 
-87 -177.289 -30 28 -58.9154 -80.5453 -11.4889 -85.8696 
-77 -176.726 -30 28 -58.9154 -80.5453 -11.4889 -85.8696 
-69 -177.289 -30 28 -58.9154 -80.5453 -11.4889 -85.8696 
-93 -178.646 -30 28 -58.9154 -80.5453 -11.4889 -85.8696 
-77 -177.73 -30 28 -58.9154 -80.5453 -11.4889 -85.8696 
-81 -176.976 -30 28 -58.9154 -80.5453 -11.4889 -85.8696 
-89 -177.433 -30 28 -58.9154 -80.5453 -11.4889 -85.8696 
-85 -177.261 -30 28 -58.9154 -80.5453 -11.4889 -85.8696 
-79 -176.976 -30 28 -58.9154 -80.5453 -11.4889 -85.8696 
-85 -177.337 -30 28 -58.9154 -80.5453 -11.4889 -85.8696 
-83 -177.261 -30 28 -58.9154 -80.5453 -11.4889 -85.8696 
-83 -177.289 -30 28 -58.9154 -80.5453 -11.4889 -85.8696 
-77 -176.976 -30 28 -58.9154 -80.5453 -11.4889 -85.8696 
-85 -177.433 -30 28 -58.9154 -80.5453 -11.4889 -85.8696 
-85 -177.46 -30 28 -58.9154 -80.5453 -11.4889 -85.8696 
-83 -178.071 -30 28 -58.9154 -80.5453 -11.4889 -85.8696 
-81 -177.261 -30 28 -58.9154 -80.5453 -11.4889 -85.8696 
-81 -177.289 -30 28 -58.9154 -80.5453 -11.4889 -85.8696 
-95 -178.111 -30 28 -58.9154 -80.5453 -11.4889 -85.8696 
-83 -177.433 -30 28 -58.9154 -80.5453 -11.4889 -85.8696 
-81 -177.337 -30 28 -58.9154 -80.5453 -11.4889 -85.8696 
-83 -177.46 -30 28 -58.9154 -80.5453 -11.4889 -85.8696 
-79 -177.261 -30 28 -58.9154 -80.5453 -11.4889 -85.8696 
-87 -177.73 -30 28 -58.9154 -80.5453 -11.4889 -85.8696 
-73 -176.976 -30 28 -58.9154 -80.5453 -11.4889 -85.8696 
-81 -177.433 -30 28 -58.9154 -80.5453 -11.4889 -85.8696 
-79 -177.337 -30 28 -58.9154 -80.5453 -11.4889 -85.8696 
-81 -177.46 -30 28 -58.9154 -80.5453 -11.4889 -85.8696 
-77 -177.261 -30 28 -58.9154 -80.5453 -11.4889 -85.8696 
-69 -177.261 -30 28 -58.9154 -80.5453 -11.4889 -85.8696 
-73 -177.46 -30 28 -58.9154 -80.5453 -11.4889 -85.8696 
-83 -178.023 -30 28 -58.9154 -80.5453 -11.4889 -85.8696 
-77 -177.289 -30 28 -58.9154 -80.5453 -11.4889 -85.8696 
-71 -177.337 -30 28 -58.9154 -80.5453 -11.4889 -85.8696 
-81 -177.905 -30 28 -58.9154 -80.5453 -11.4889 -85.8696 
-85 -177.755 -30 28 -58.9154 -80.5453 -11.4889 -85.8696 
-79 -177.433 -30 28 -58.9154 -80.5453 -11.4889 -85.8696 
-87 -177.905 -30 28 -58.9154 -80.5453 -11.4889 -85.8696 
-77 -177.337 -30 28 -58.9154 -80.5453 -11.4889 -85.8696 
-79 -177.46 -30 28 -58.9154 -80.5453 -11.4889 -85.8696 
-75 -177.261 -30 28 -58.9154 -80.5453 -11.4889 -85.8696 
-85 -178.111 -30 28 -58.9154 -80.5453 -11.4889 -85.8696 
-83 -177.73 -30 28 -58.9154 -80.5453 -11.4889 -85.8696 
-99 -178.646 -30 28 -58.9154 -80.5453 -11.4889 -85.8696 
-75 -177.289 -30 28 -58.9154 -80.5453 -11.4889 -85.8696 
-71 -177.289 -30 28 -58.9154 -80.5453 -11.4889 -85.8696 
-89 -178.111 -30 28 -58.9154 -80.5453 -11.4889 -85.8696 
-77 -177.433 -30 28 -58.9154 -80.5453 -11.4889 -85.8696 
-95 -178.646 -30 28 -58.9154 -80.5453 -11.4889 -85.8696 
-75 -177.337 -30 28 -58.9154 -80.5453 -11.4889 -85.8696 
-81 -177.73 -30 28 -58.9154 -80.5453 -11.4889 -85.8696 
-81 -177.755 -30 28 -58.9154 -80.5453 -11.4889 -85.8696 
-79 -177.73 -30 28 -58.9154 -80.5453 -11.4889 -85.8696 
-75 -177.433 -30 28 -58.9154 -80.5453 -11.4889 -85.8696 
-83 -177.905 -30 28 -58.9154 -80.5453 -11.4889 -85.8696 
-73 -177.337 -30 28 -58.9154 -80.5453 -11.4889 -85.8696 
-71 -177.261 -30 28 -58.9154 -80.5453 -11.4889 -85.8696 
-75 -177.46 -30 28 -58.9154 -80.5453 -11.4889 -85.8696 
-87 -178.167 -30 28 -58.9154 -80.5453 -11.4889 -85.8696 
FEATURES_TXT_END_0
FEATURES_TXT_BEGIN_0 35 68 8 Distortion0_0 LM0_0 WordPenalty0_0 PhrasePenalty0_0 TranslationModel0_0 TranslationModel0_1 TranslationModel0_2 TranslationModel0_3 
-102 -192.434 -37 32 -51.2892 -80.3334 -17.7868 -80.6885 
-98 -193.167 -37 32 -49.4104 -79.7553 -18.4799 -80.9021 
-102 -193.347 -37 32 -49.8159 -80.4053 -17.7868 -81.4617 
-105 -190.36 -37 33 -52.0738 -82.0643 -19.6924 -79.0935 
-100 -192.434 -37 32 -51.2892 -80.3334 -17.7868 -80.6885 
-100 -193.347 -37 32 -49.8159 -80.4053 -17.7868 -81.4617 
-100 -192.482 -37 32 -51.2892 -80.3334 -17.7868 -80.6885 
-99 -190.016 -37 33 -52.0738 -82.0643 -19.6924 -79.0935 
-103 -189.344 -37 33 -52.0738 -82.0643 -19.6924 -79.0935 
-102 -192.346 -37 32 -53.3261 -80.5188 -17.7868 -79.5899 
-102 -192.635 -37 32 -51.2892 -80.3334 -17.7868 -80.6885 
-100 -193.396 -37 32 -49.8159 -80.4053 -17.7868 -81.4617 
-100 -192.407 -37 32 -50.8837 -79.6834 -18.4799 -80.1289 
-103 -190.256 -37 33 -50.6005 -82.1362 -19.6924 -79.8666 
-103 -189.055 -37 33 -54.1107 -82.2496 -19.6924 -77.9949 
-100 -192.558 -37 32 -51.2892 -80.3334 -17.7868 -80.6885 
-93 -189.643 -37 33 -52.0738 -82.0643 -19.6924 -79.0935 
-98 -192.482 -37 32 -51.2892 -80.3334 -17.7868 -80.6885 
-100 -193.471 -37 32 -49.8159 -80.4053 -17.7868 -81.4617 
-100 -192.193 -37 32 -53.3261 -80.5188 -17.7868 -79.5899 
-101 -189.344 -37 33 -52.0738 -82.0643 -19.6924 -79.0935 
-98 -193.396 -37 32 -49.8159 -80.4053 -17.7868 -81.4617 
-101 -190.256 -37 33 -50.6005 -82.1362 -19.6924 -79.8666 
-101 -189.392 -37 33 -52.0738 -82.0643 -19.6924 -79.0935 
-110 -193.927 -37 32 -51.2892 -80.3334 -17.7868 -80.6885 
-98 -192.558 -37 32 -51.2892 -80.3334 -17.7868 -80.6885 
-103 -189.544 -37 33 -52.0738 -82.0643 -19.6924 -79.0935 
-102 -194.045 -37 32 -53.6269 -82.644 -16.4005 -80.5488 
-101 -190.306 -37 33 -50.6005 -82.1362 -19.6924 -79.8666 
-100 -193.058 -37 32 -51.8528 -80.5907 -17.7868 -80.3631 
-98 -193.471 -37 32 -49.8159 -80.4053 -17.7868 -81.4617 
-101 -189.467 -37 33 -52.0738 -82.0643 -19.6924 -79.0935 
-95 -190.954 -37 33 -54.4115 -84.3749 -18.3061 -78.9537 
-99 -189.392 -37 33 -52.0738 -82.0643 -19.6924 -79.0935 
-101 -190.381 -37 33 -50.6005 -82.1362 -19.6924 -79.8666 
-98 -194.492 -37 32 -49.1813 -80.7918 -17.7868 -81.9413 
-99 -190.306 -37 33 -50.6005 -82.1362 -19.6924 -79.8666 
-99 -189.467 -37 33 -52.0738 -82.0643 -19.6924 -79.0935 
-96 -192.635 -37 32 -51.2892 -80.3334 -17.7868 -80.6885 
-103 -190.954 -37 33 -54.4115 -84.3749 -18.3061 -78.9537 
-99 -190.381 -37 33 -50.6005 -82.1362 -19.6924 -79.8666 
-94 -192.635 -37 32 -51.2892 -80.3334 -17.7868 -80.6885 
-100 -193.032 -37 32 -51.2892 -80.3334 -17.7868 -80.6885 
-99 -189.941 -37 33 -52.0738 -82.0643 -19.6924 -79.0935 
-97 -189.544 -37 33 -52.0738 -82.0643 -19.6924 -79.0935 
-96 -194.045 -37 32 -53.6269 -82.644 -16.4005 -80.5488 
-102 -194.046 -37 32 -49.8159 -80.4053 -17.7868 -81.4617 
-94 -192.733 -37 32 -51.2892 -80.3334 -17.7868 -80.6885 
-101 -194.12 -37 33 -48.2934 -80.7877 -18.5938 -79.6324 
-100 -193.107 -37 32 -51.2892 -80.3334 -17.7868 -80.6885 
-100 -192.145 -37 32 -53.3261 -80.5188 -17.7868 -79.5899 
-100 -197.211 -37 32 -47.5088 -79.0569 -16.6882 -81.2275 
-100 -193.167 -37 32 -49.4104 -79.7553 -18.4799 -80.9021 
-101 -190.016 -37 33 -52.0738 -82.0643 -19.6924 -79.0935 
-95 -189.643 -37 33 -52.0738 -82.0643 -19.6924 -79.0935 
-98 -193.032 -37 32 -51.2892 -80.3334 -17.7868 -80.6885 
-95 -189.544 -37 33 -52.0738 -82.0643 -19.6924 -79.0935 
-94 -194.045 -37 32 -53.6269 -82.644 -16.4005 -80.5488 
-92 -192.733 -37 32 -51.2892 -80.3334 -17.7868 -80.6885 
-102 -192.145 -37 32 -53.3261 -80.5188 -17.7868 -79.5899 
-102 -195.456 -37 32 -52.1536 -82.7159 -16.4005 -81.322 
-101 -189.941 -37 33 -52.0738 -82.0643 -19.6924 -79.0935 
-98 -197.211 -37 32 -47.5088 -79.0569 -16.6882 -81.2275 
-98 -193.107 -37 32 -51.2892 -80.3334 -17.7868 -80.6885 
-97 -190.954 -37 33 -54.4115 -84.3749 -18.3061 -78.9537 
-102 -198.287 -37 32 -46.0355 -79.1288 -16.6882 -82.0007 
-102 -193.058 -37 32 -51.8528 -80.5907 -17.7868 -80.3631 
-103 -190.956 -37 33 -50.6005 -82.1362 -19.6924 -79.8666 
FEATURES_TXT_END_0
FEATURES_TXT_BEGIN_0 36 79 8 Distortion0_0 LM0_0 WordPenalty0_0 PhrasePenalty0_0 TranslationModel0_0 TranslationModel0_1 TranslationModel0_2 TranslationModel0_3 
-133 -276.814 -48 44 -59.0581 -91.9619 -25.5115 -92.9672 
-133 -276.937 -48 44 -59.0581 -91.9619 -25.5115 -92.9672 
-133 -276.939 -48 44 -59.0581 -91.9619 -25.5115 -92.9672 
-127 -276.675 -48 44 -59.0581 -91.9619 -25.5115 -92.9672 
-129 -276.814 -48 44 -59.0581 -91.9619 -25.5115 -92.9672 
-135 -278.04 -48 44 -59.0581 -91.9619 -25.5115 -92.9672 
-125 -276.594 -48 44 -59.0581 -91.9619 -25.5115 -92.9672 
-133 -277.061 -48 44 -59.0581 -91.9619 -25.5115 -92.9672 
-127 -276.8 -48 44 -59.0581 -91.9619 -25.5115 -92.9672 
-131 -276.553 -48 44 -59.8733 -92.976 -25.5253 -94.0131 
-129 -276.939 -48 44 -59.0581 -91.9619 -25.5115 -92.9672 
-129 -280.215 -48 44 -56.7259 -90.2912 -24.8184 -92.1941 
-125 -276.719 -48 44 -59.0581 -91.9619 -25.5115 -92.9672 
-135 -277.295 -48 44 -59.0581 -91.9619 -25.5115 -92.9672 
-133 -277.918 -48 44 -59.0581 -91.9619 -25.5115 -92.9672 
-137 -277.417 -48 44 -59.0581 -91.9619 -25.5115 -92.9672 
-131 -276.678 -48 44 -59.8733 -92.976 -25.5253 -94.0131 
-135 -277.417 -48 44 -59.0581 -91.9619 -25.5115 -92.9672 
-123 -276.331 -48 44 -60.9834 -93.5296 -25.5115 -92.6687 
-127 -280.076 -48 44 -56.7259 -90.2912 -24.8184 -92.1941 
-135 -277.419 -48 44 -59.0581 -91.9619 -25.5115 -92.9672 
-127 -276.552 -48 44 -60.9834 -93.5296 -25.5115 -92.6687 
-127 -277.362 -48 44 -58.4115 -92.1886 -25.5115 -93.4527 
-137 -277.542 -48 44 -59.0581 -91.9619 -25.5115 -92.9672 
-131 -277.244 -48 44 -59.0581 -91.9619 -25.5115 -92.9672 
-129 -277.155 -48 44 -59.0581 -91.9619 -25.5115 -92.9672 
-131 -277.295 -48 44 -59.0581 -91.9619 -25.5115 -92.9672 
-127 -277.075 -48 44 -59.0581 -91.9619 -25.5115 -92.9672 
-133 -277.417 -48 44 -59.0581 -91.9619 -25.5115 -92.9672 
-135 -277.542 -48 44 -59.0581 -91.9619 -25.5115 -92.9672 
-127 -276.551 -48 44 -60.9834 -93.5296 -25.5115 -92.6687 
-121 -277.199 -48 44 -59.0581 -91.9619 -25.5115 -92.9672 
-127 -277.487 -48 44 -58.4115 -92.1886 -25.5115 -93.4527 
-133 -277.438 -48 44 -59.0581 -91.9619 -25.5115 -92.9672 
-123 -276.894 -48 44 -59.0581 -91.9619 -25.5115 -92.9672 
-143 -278.041 -48 44 -59.0581 -91.9619 -25.5115 -92.9672 
-131 -277.366 -48 44 -59.0581 -91.9619 -25.5115 -92.9672 
-129 -277.28 -48 44 -59.0581 -91.9619 -25.5115 -92.9672 
-133 -277.033 -48 44 -59.8733 -92.976 -25.5253 -94.0131 
-131 -277.419 -48 44 -59.0581 -91.9619 -25.5115 -92.9672 
-127 -277.199 -48 44 -59.0581 -91.9619 -25.5115 -92.9672 
-133 -277.542 -48 44 -59.0581 -91.9619 -25.5115 -92.9672 
-125 -277.104 -48 44 -59.0581 -91.9619 -25.5115 -92.9672 
-133 -277.563 -48 44 -59.0581 -91.9619 -25.5115 -92.9672 
-139 -277.918 -48 44 -59.0581 -91.9619 -25.5115 -92.9672 
-127 -277.244 -48 44 -59.0581 -91.9619 -25.5115 -92.9672 
-125 -276.412 -48 44 -60.9834 -93.5296 -25.5115 -92.6687 
-133 -273 -48 45 -61.0284 -92.3432 -27.7592 -92.4877 
-123 -277.019 -48 44 -59.0581 -91.9619 -25.5115 -92.9672 
-123 -277.024 -48 44 -59.0581 -91.9619 -25.5115 -92.9672 
-143 -278.166 -48 44 -59.0581 -91.9619 -25.5115 -92.9672 
-125 -275.334 -49 44 -57.2175 -91.9619 -25.5115 -92.9672 
-133 -277.158 -48 44 -59.8733 -92.976 -25.5253 -94.0131 
-131 -276.551 -48 44 -60.9834 -93.5296 -25.5115 -92.6687 
-129 -277.843 -48 44 -58.4115 -92.1886 -25.5115 -93.4527 
-133 -280.215 -48 44 -56.7259 -90.2912 -24.8184 -92.1941 
-129 -276.983 -48 44 -59.8733 -92.976 -25.5253 -94.0131 
-139 -278.043 -48 44 -59.0581 -91.9619 -25.5115 -92.9672 
-127 -277.366 -48 44 -59.0581 -91.9619 -25.5115 -92.9672 
-133 -277.724 -48 44 -59.0581 -91.9619 -25.5115 -92.9672 
-133 -278.299 -48 44 -58.0285 -90.7003 -25.5115 -94.0658 
-123 -277.155 -48 44 -59.0581 -91.9619 -25.5115 -92.9672 
-127 -277.033 -48 44 -59.8733 -92.976 -25.5253 -94.0131 
-135 -277.847 -48 44 -59.0581 -91.9619 -25.5115 -92.9672 
-125 -275.458 -49 44 -57.2175 -91.9619 -25.5115 -92.9672 
-121 -277.075 -48 44 -59.0581 -91.9619 -25.5115 -92.9672 
-125 -277.792 -48 44 -58.4115 -92.1886 -25.5115 -93.4527 
-121 -277.104 -48 44 -59.0581 -91.9619 -25.5115 -92.9672 
-131 -276.674 -48 44 -60.9834 -93.5296 -25.5115 -92.6687 
-135 -277.917 -48 44 -59.0581 -91.9619 -25.5115 -92.9672 
-129 -277.967 -48 44 -58.4115 -92.1886 -25.5115 -93.4527 
-135 -277.918 -48 44 -59.0581 -91.9619 -25.5115 -92.9672 
-137 -278.041 -48 44 -59.0581 -91.9619 -25.5115 -92.9672 
-123 -277.244 -48 44 -59.0581 -91.9619 -25.5115 -92.9672 
-123 -277.28 -48 44 -59.0581 -91.9619 -25.5115 -92.9672 
-133 -280.338 -48 44 -56.7259 -90.2912 -24.8184 -92.1941 
-119 -277.024 -48 44 -59.0581 -91.9619 -25.5115 -92.9672 
-129 -277.618 -48 44 -59.0581 -91.9619 -25.5115 -92.9672 
-133 -277.847 -48 44 -59.0581 -91.9619 -25.5115 -92.9672 
FEATURES_TXT_END_0
FEATURES_TXT_BEGIN_0 37 98 8 Distortion0_0 LM0_0 WordPenalty0_0 PhrasePenalty0_0 TranslationModel0_0 TranslationModel0_1 TranslationModel0_2 TranslationModel0_3 
-94 -163.746 -29 29 -42.4878 -46.1456 -21.167 -57.7087 
-93 -159.738 -29 29 -45.7911 -47.9033 -22.5533 -59.0128 
-92 -158.731 -28 28 -51.1366 -52.3592 -23.3933 -56.5754 
-90 -158.731 -28 28 -51.1366 -52.3592 -23.3933 -56.5754 
-90 -158.818 -28 28 -51.1366 -52.3592 -23.3933 -56.5754 
-86 -158.603 -28 28 -51.1366 -52.3592 -23.3933 -56.5754 
-84 -158.603 -28 28 -51.1366 -52.3592 -23.3933 -56.5754 
-92 -164.719 -28 28 -47.3073 -50.4239 -21.4054 -56.4624 
-91 -154.723 -28 28 -54.4398 -54.1169 -24.7796 -57.8795 
-91 -163.282 -28 28 -47.784 -49.9242 -22.007 -57.158 
-90 -164.719 -28 28 -47.3073 -50.4239 -21.4054 -56.4624 
-92 -161.024 -28 28 -48.8066 -49.3607 -23.0119 -56.3976 
-89 -154.723 -28 28 -54.4398 -54.1169 -24.7796 -57.8795 
-100 -165.436 -29 29 -42.4878 -46.1456 -21.167 -57.7087 
-98 -160.678 -29 29 -47.5377 -49.5546 -22.2656 -57.5081 
-102 -159.896 -28 28 -51.1366 -52.3592 -23.3933 -56.5754 
-89 -154.81 -28 28 -54.4398 -54.1169 -24.7796 -57.8795 
-85 -154.595 -28 28 -54.4398 -54.1169 -24.7796 -57.8795 
-86 -166.985 -28 28 -47.1801 -48.574 -20.1257 -53.9307 
-92 -158.441 -28 28 -53.0619 -53.9269 -23.3933 -56.2769 
-83 -154.595 -28 28 -54.4398 -54.1169 -24.7796 -57.8795 
-92 -165.178 -29 29 -42.4878 -46.1456 -21.167 -57.7087 
-91 -160.711 -28 28 -50.6105 -52.1816 -22.7917 -57.7665 
-96 -161.58 -29 29 -46.1499 -48.6788 -22.2518 -57.1861 
-87 -163.41 -28 28 -47.784 -49.9242 -22.007 -57.158 
-84 -166.985 -28 28 -47.1801 -48.574 -20.1257 -53.9307 
-108 -162.268 -28 28 -48.8066 -49.3607 -23.0119 -56.3976 
-90 -165.178 -29 29 -42.4878 -46.1456 -21.167 -57.7087 
-89 -160.711 -28 28 -50.6105 -52.1816 -22.7917 -57.7665 
-96 -160.112 -29 29 -48.7149 -48.4426 -22.2518 -56.8677 
-85 -163.41 -28 28 -47.784 -49.9242 -22.007 -57.158 
-93 -156.944 -28 28 -55.6604 -55.5907 -23.8903 -57.5658 
-91 -157.016 -28 28 -52.1098 -51.1184 -24.3982 -57.7017 
-99 -161.429 -29 29 -45.7911 -47.9033 -22.5533 -59.0128 
-88 -161.79 -29 29 -45.4568 -50.4416 -22.2518 -59.2656 
-97 -156.67 -29 29 -50.8409 -51.3123 -23.6519 -58.8121 
-98 -163.161 -29 29 -44.1575 -48.7767 -22.2518 -56.7807 
-88 -165.635 -29 28 -44.2031 -48.562 -20.468 -54.1116 
-81 -163.282 -28 28 -47.784 -49.9242 -22.007 -57.158 
-96 -160.952 -28 28 -52.3572 -53.833 -22.504 -56.2618 
-92 -163.37 -29 29 -43.4643 -50.5395 -22.2518 -58.8601 
-98 -163.167 -29 29 -44.2796 -48.7959 -22.2656 -57.0728 
-85 -162.977 -28 28 -50.4834 -50.3316 -21.512 -55.2348 
-79 -163.282 -28 28 -47.784 -49.9242 -22.007 -57.158 
-92 -167.57 -28 28 -47.0111 -49.5824 -20.3068 -54.9887 
-92 -171.166 -29 29 -38.6586 -44.2103 -19.1791 -57.5958 
-91 -154.434 -28 28 -56.3651 -55.6846 -24.7796 -57.581 
-94 -160.952 -28 28 -52.3572 -53.833 -22.504 -56.2618 
-99 -170.263 -29 28 -40.8606 -45.7937 -19.0671 -59.8129 
-87 -169.399 -28 28 -43.9548 -47.9889 -20.0191 -57.0451 
-91 -161.17 -29 29 -45.7911 -47.9033 -22.5533 -59.0128 
-95 -165.767 -29 29 -42.4878 -46.1456 -21.167 -57.7087 
-95 -157.573 -29 29 -49.4531 -50.4365 -23.6381 -58.4902 
-96 -159.129 -28 28 -53.0619 -53.9269 -23.3933 -56.2769 
-93 -165.683 -29 29 -42.4878 -46.1456 -21.167 -57.7087 
-83 -162.977 -28 28 -50.4834 -50.3316 -21.512 -55.2348 
-90 -167.57 -28 28 -47.0111 -49.5824 -20.3068 -54.9887 
-90 -163.674 -28 28 -48.2838 -54.8178 -22.4902 -57.6138 
-90 -171.166 -29 29 -38.6586 -44.2103 -19.1791 -57.5958 
-85 -169.399 -28 28 -43.9548 -47.9889 -20.0191 -57.0451 
-89 -161.17 -29 29 -45.7911 -47.9033 -22.5533 -59.0128 
-98 -167.284 -29 29 -44.4687 -49.5504 -20.0332 -55.6605 
-86 -167.57 -28 28 -47.1801 -48.574 -20.1257 -53.9307 
-95 -156.104 -29 29 -52.0181 -50.2003 -23.6381 -58.1717 
-96 -160.268 -28 28 -51.1366 -52.3592 -23.3933 -56.5754 
-92 -166.237 -29 29 -41.6726 -45.1314 -21.1532 -56.6629 
-98 -173.828 -29 29 -38.3624 -43.3688 -18.0805 -56.1221 
-94 -160.386 -28 28 -53.5344 -52.721 -22.4902 -55.6214 
-92 -160.081 -28 28 -51.1366 -52.3592 -23.3933 -56.5754 
-87 -157.782 -29 29 -48.76 -52.1993 -23.6381 -60.5696 
-96 -155.663 -28 28 -56.1864 -55.7683 -24.4919 -56.3747 
-97 -159.153 -29 29 -47.4607 -50.5344 -23.6381 -58.0847 
-88 -165.575 -29 29 -42.4878 -46.1456 -21.167 -57.7087 
-87 -161.627 -29 28 -47.5064 -50.3197 -21.8543 -55.4157 
-93 -166.148 -28 28 -45.454 -46.9257 -21.6256 -56.9802 
-88 -173.487 -29 29 -38.5314 -42.3603 -17.8993 -55.0641 
-96 -167.284 -29 29 -44.4687 -49.5504 -20.0332 -55.6605 
-108 -161.047 -28 28 -51.1366 -52.3592 -23.3933 -56.5754 
-92 -164.743 -29 29 -41.6726 -49.3298 -22.2518 -58.3493 
-86 -165.014 -28 28 -48.9719 -51.2243 -21.2243 -53.2947 
-96 -162.601 -29 29 -45.4568 -47.6839 -22.2518 -56.4324 
-95 -156.944 -28 28 -55.6604 -55.5907 -23.8903 -57.5658 
-96 -173.828 -29 29 -38.3624 -43.3688 -18.0805 -56.1221 
-86 -173.432 -29 29 -38.5314 -42.3603 -17.8993 -55.0641 
-86 -162.093 -28 28 -50.2763 -54.72 -22.4902 -58.0193 
-91 -159.363 -29 29 -46.7675 -52.2972 -23.6381 -60.1642 
-86 -167.57 -28 28 -47.0111 -49.5824 -20.3068 -54.9887 
-95 -164.256 -29 29 -44.8178 -49.1441 -21.5483 -57.8865 
-92 -160.386 -28 28 -53.5344 -52.721 -22.4902 -55.6214 
-81 -171.664 -28 28 -43.8276 -46.139 -18.7394 -54.5134 
-94 -155.663 -28 28 -56.1864 -55.7683 -24.4919 -56.3747 
-97 -159.159 -29 29 -47.5828 -50.5536 -23.6519 -58.3768 
-86 -173.487 -29 29 -38.5314 -42.3603 -17.8993 -55.0641 
-94 -164.253 -29 29 -44.8178 -49.1441 -21.5483 -57.8865 
-91 -163.562 -28 28 -50.3143 -51.3401 -21.6931 -56.2928 
-91 -167.159 -29 29 -41.9618 -45.968 -20.5654 -58.8998 
-92 -165.878 -28 28 -47.3073 -50.4239 -21.4054 -56.4624 
-90 -159.435 -29 29 -51.0742 -53.683 -22.2656 -57.6034 
FEATURES_TXT_END_0
FEATURES_TXT_BEGIN_0 38 81 8 Distortion0_0 LM0_0 WordPenalty0_0 PhrasePenalty0_0 TranslationModel0_0 TranslationModel0_1 TranslationModel0_2 TranslationModel0_3 
-107 -192.784 -33 32 -67.2523 -85.7541 -19.1466 -68.2517 
-105 -192.784 -33 32 -67.2523 -85.7541 -19.1466 -68.2517 
-109 -193.028 -33 32 -67.2523 -85.7541 -19.1466 -68.2517 
-97 -193.671 -33 32 -66.5984 -85.2503 -19.1466 -67.7408 
-107 -193.028 -33 32 -67.2523 -85.7541 -19.1466 -68.2517 
-105 -192.953 -33 32 -67.2523 -85.7541 -19.1466 -68.2517 
-109 -193.971 -33 32 -67.2523 -85.7541 -19.1466 -68.2517 
-111 -193.309 -33 32 -67.2523 -85.7541 -19.1466 -68.2517 
-109 -193.969 -33 32 -67.2523 -85.7542 -19.1466 -68.2517 
-101 -192.784 -33 32 -67.2523 -85.7541 -19.1466 -68.2517 
-107 -194.14 -33 32 -65.327 -84.1865 -19.1466 -68.5502 
-105 -193.028 -33 32 -67.2523 -85.7541 -19.1466 -68.2517 
-101 -192.842 -33 32 -67.2523 -85.7541 -19.1466 -68.2517 
-101 -192.85 -33 32 -67.2523 -85.7541 -19.1466 -68.2517 
-109 -193.309 -33 32 -67.2523 -85.7541 -19.1466 -68.2517 
-101 -193.512 -33 32 -67.2523 -85.7541 -19.1466 -68.2517 
-107 -193.613 -33 32 -66.5984 -85.2503 -19.1466 -67.7408 
-99 -192.784 -33 32 -67.2523 -85.7541 -19.1466 -68.2517 
-105 -194.14 -33 32 -65.327 -84.1865 -19.1466 -68.5502 
-103 -193.028 -33 32 -67.2523 -85.7541 -19.1466 -68.2517 
-101 -192.953 -33 32 -67.2523 -85.7541 -19.1466 -68.2517 
-99 -192.842 -33 32 -67.2523 -85.7541 -19.1466 -68.2517 
-101 -193.893 -33 32 -66.5984 -85.2503 -19.1466 -67.7408 
-99 -192.85 -33 32 -67.2523 -85.7541 -19.1466 -68.2517 
-107 -193.309 -33 32 -67.2523 -85.7541 -19.1466 -68.2517 
-103 -193.094 -33 32 -67.2523 -85.7541 -19.1466 -68.2517 
-109 -193.445 -33 32 -67.2523 -85.7541 -19.1466 -68.2517 
-97 -192.784 -33 32 -67.2523 -85.7541 -19.1466 -68.2517 
-109 -193.497 -33 32 -67.2523 -85.7541 -19.1466 -68.2517 
-109 -193.893 -33 32 -66.5984 -85.2503 -19.1466 -67.7408 
-97 -192.842 -33 32 -67.2523 -85.7541 -19.1466 -68.2517 
-111 -193.659 -33 32 -67.2523 -85.7541 -19.1466 -68.2517 
-101 -193.094 -33 32 -67.2523 -85.7541 -19.1466 -68.2517 
-107 -193.445 -33 32 -67.2523 -85.7541 -19.1466 -68.2517 
-111 -194.078 -33 32 -67.2523 -85.7541 -19.1466 -68.2517 
-97 -193.273 -33 32 -67.2523 -85.7541 -19.1466 -68.2517 
-99 -193.011 -33 32 -67.2523 -85.7541 -19.1466 -68.2517 
-101 -193.497 -33 32 -67.2523 -85.7541 -19.1466 -68.2517 
-105 -193.726 -33 32 -67.2523 -85.7541 -19.1466 -68.2517 
-99 -193.02 -33 32 -67.2523 -85.7541 -19.1466 -68.2517 
-105 -193.723 -33 32 -67.2523 -85.7541 -19.1466 -68.2517 
-101 -194.14 -33 32 -65.327 -84.1865 -19.1466 -68.5502 
-105 -193.375 -33 32 -67.2523 -85.7541 -19.1466 -68.2517 
-107 -193.893 -33 32 -66.5984 -85.2503 -19.1466 -67.7408 
-97 -192.953 -33 32 -67.2523 -85.7541 -19.1466 -68.2517 
-105 -193.717 -33 32 -67.2523 -85.7541 -19.1466 -68.2517 
-95 -192.842 -33 32 -67.2523 -85.7541 -19.1466 -68.2517 
-109 -194.03 -33 32 -66.5984 -85.2503 -19.1466 -67.7408 
-101 -194.198 -33 32 -65.327 -84.1865 -19.1466 -68.5502 
-101 -194.206 -33 32 -65.327 -84.1865 -19.1466 -68.5502 
-99 -193.094 -33 32 -67.2523 -85.7541 -19.1466 -68.2517 
-107 -193.554 -33 32 -67.2523 -85.7541 -19.1466 -68.2517 
-105 -193.445 -33 32 -67.2523 -85.7541 -19.1466 -68.2517 
-101 -193.613 -33 32 -66.5984 -85.2503 -19.1466 -67.7408 
-111 -195.045 -33 32 -65.327 -84.1865 -19.1466 -68.5502 
-99 -194.14 -33 32 -65.327 -84.1865 -19.1466 -68.5502 
-103 -193.375 -33 32 -67.2523 -85.7541 -19.1466 -68.2517 
-105 -193.512 -33 32 -67.2523 -85.7541 -19.1466 -68.2517 
-101 -193.671 -33 32 -66.5984 -85.2503 -19.1466 -67.7408 
-101 -193.679 -33 32 -66.5984 -85.2503 -19.1466 -67.7408 
-99 -194.198 -33 32 -65.327 -84.1865 -19.1466 -68.5502 
-103 -193.96 -33 32 -66.5984 -85.2503 -19.1466 -67.7408 
-99 -194.206 -33 32 -65.327 -84.1865 -19.1466 -68.5502 
-105 -193.554 -33 32 -67.2523 -85.7541 -19.1466 -68.2517 
-109 -193.798 -33 32 -67.2523 -85.7541 -19.1466 -68.2517 
-97 -193.613 -33 32 -66.5984 -85.2503 -19.1466 -67.7408 
-99 -193.613 -33 32 -66.5984 -85.2503 -19.1466 -67.7408 
-95 -193.011 -33 32 -67.2523 -85.7541 -19.1466 -68.2517 
-107 -193.798 -33 32 -67.2523 -85.7541 -19.1466 -68.2517 
-97 -194.14 -33 32 -65.327 -84.1865 -19.1466 -68.5502 
-101 -193.375 -33 32 -67.2523 -85.7541 -19.1466 -68.2517 
-103 -193.893 -33 32 -66.5984 -85.2503 -19.1466 -67.7408 
-109 -193.856 -33 32 -67.2523 -85.7541 -19.1466 -68.2517 
-111 -193.969 -33 32 -67.2523 -85.7542 -19.1466 -68.2517 
-99 -193.671 -33 32 -66.5984 -85.2503 -19.1466 -67.7408 
-99 -193.679 -33 32 -66.5984 -85.2503 -19.1466 -67.7408 
-97 -194.198 -33 32 -65.327 -84.1865 -19.1466 -68.5502 
-105 -193.659 -33 32 -67.2523 -85.7541 -19.1466 -68.2517 
-103 -193.951 -33 32 -66.5984 -85.2503 -19.1466 -67.7408 
-103 -193.555 -33 32 -67.2523 -85.7541 -19.1466 -68.2517 
-103 -193.564 -33 32 -67.2523 -85.7541 -19.1466 -68.2517 
FEATURES_TXT_END_0
FEATURES_TXT_BEGIN_0 39 19 8 Distortion0_0 LM0_0 WordPenalty0_0 PhrasePenalty0_0 TranslationModel0_0 TranslationModel0_1 TranslationModel0_2 TranslationModel0_3 
-177 -273.296 -47 44 -74.3311 -100.739 -28.4019 -100.475 
-169 -273.922 -47 44 -74.3311 -100.739 -28.4019 -100.475 
-173 -273.296 -47 44 -74.3311 -100.739 -28.4019 -100.475 
-161 -273.457 -47 44 -74.3311 -100.739 -28.4019 -100.475 
-175 -273.457 -47 44 -74.3311 -100.739 -28.4019 -100.475 
-169 -273.898 -47 44 -74.3311 -100.739 -28.4019 -100.475 
-171 -273.296 -47 44 -74.3311 -100.739 -28.4019 -100.475 
-171 -273.968 -47 44 -74.3311 -100.739 -28.4019 -100.475 
-163 -273.457 -47 44 -74.3311 -100.739 -28.4019 -100.475 
-155 -274.488 -47 43 -78.4196 -105.282 -26.3347 -98.062 
-161 -273.296 -47 44 -74.3311 -100.739 -28.4019 -100.475 
-165 -273.457 -47 44 -74.3311 -100.739 -28.4019 -100.475 
-163 -273.296 -47 44 -74.3311 -100.739 -28.4019 -100.475 
-169 -273.296 -47 44 -74.3311 -100.739 -28.4019 -100.475 
-167 -273.457 -47 44 -74.3311 -100.739 -28.4019 -100.475 
-165 -273.296 -47 44 -74.3311 -100.739 -28.4019 -100.475 
-169 -273.457 -47 44 -74.3311 -100.739 -28.4019 -100.475 
-167 -273.296 -47 44 -74.3311 -100.739 -28.4019 -100.475 
-171 -273.457 -47 44 -74.3311 -100.739 -28.4019 -100.475 
FEATURES_TXT_END_0
FEATURES_TXT_BEGIN_0 40 55 8 Distortion0_0 LM0_0 WordPenalty0_0 PhrasePenalty0_0 TranslationModel0_0 TranslationModel0_1 TranslationModel0_2 TranslationModel0_3 
-62 -146.23 -21 20 -23.7486 -32.3981 -7.61367 -29.1284 
-60 -146.23 -21 20 -23.7486 -32.3981 -7.61367 -29.1284 
-56 -146.828 -21 20 -23.7486 -32.3981 -7.61367 -29.1284 
-65 -146.534 -21 20 -23.7486 -32.3981 -7.61367 -29.1284 
-58 -146.23 -21 20 -23.7486 -32.3981 -7.61367 -29.1284 
-57 -146.882 -21 20 -23.7486 -32.3981 -7.61367 -29.1284 
-51 -146.534 -21 20 -23.7486 -32.3981 -7.61367 -29.1284 
-60 -144.324 -21 20 -26.567 -35.8228 -8.30682 -31.0743 
-63 -146.534 -21 20 -23.7486 -32.3981 -7.61367 -29.1284 
-58 -146.25 -21 20 -23.7486 -32.3981 -7.61367 -29.1284 
-62 -146.534 -21 20 -23.7486 -32.3981 -7.61367 -29.1284 
-56 -146.23 -21 20 -23.7486 -32.3981 -7.61367 -29.1284 
-73 -147.776 -21 20 -23.7486 -32.3981 -7.61367 -29.1284 
-52 -146.578 -21 20 -23.7486 -32.3981 -7.61367 -29.1284 
-56 -146.25 -21 20 -23.7486 -32.3981 -7.61367 -29.1284 
-61 -146.534 -21 20 -23.7486 -32.3981 -7.61367 -29.1284 
-46 -146.23 -21 20 -23.7486 -32.3981 -7.61367 -29.1284 
-61 -146.554 -21 20 -23.7486 -32.3981 -7.61367 -29.1284 
-60 -146.534 -21 20 -23.7486 -32.3981 -7.61367 -29.1284 
-68 -147.472 -21 20 -23.7486 -32.3981 -7.61367 -29.1284 
-54 -146.23 -21 20 -23.7486 -32.3981 -7.61367 -29.1284 
-57 -146.828 -21 20 -23.7486 -32.3981 -7.61367 -29.1284 
-61 -144.344 -21 20 -26.567 -35.8227 -8.30682 -31.0743 
-54 -146.25 -21 20 -23.7486 -32.3981 -7.61367 -29.1284 
-58 -146.524 -21 20 -23.7486 -32.3981 -7.61367 -29.1284 
-58 -146.882 -21 20 -23.7486 -32.3981 -7.61367 -29.1284 
-58 -146.534 -21 20 -23.7486 -32.3981 -7.61367 -29.1284 
-52 -146.534 -21 20 -23.7486 -32.3981 -7.61367 -29.1284 
-52 -146.524 -21 20 -23.7486 -32.3981 -7.61367 -29.1284 
-58 -146.554 -21 20 -23.7486 -32.3981 -7.61367 -29.1284 
-52 -146.23 -21 20 -23.7486 -32.3981 -7.61367 -29.1284 
-56 -144.04 -21 20 -26.567 -35.8227 -8.30682 -31.0743 
-58 -146.578 -21 20 -23.7486 -32.3981 -7.61367 -29.1284 
-57 -146.534 -21 20 -23.7486 -32.3981 -7.61367 -29.1284 
-60 -144.02 -21 20 -26.567 -35.8228 -8.30682 -31.0743 
-56 -146.524 -21 20 -23.7486 -32.3981 -7.61367 -29.1284 
-56 -144.02 -21 20 -26.567 -35.8228 -8.30682 -31.0743 
-58 -146.828 -21 20 -23.7486 -32.3981 -7.61367 -29.1284 
-53 -146.534 -21 20 -23.7486 -32.3981 -7.61367 -29.1284 
-56 -146.534 -21 20 -23.7486 -32.3981 -7.61367 -29.1284 
-54 -146.578 -21 20 -23.7486 -32.3981 -7.61367 -29.1284 
-61 -146.828 -21 20 -23.7486 -32.3981 -7.61367 -29.1284 
-48 -146.23 -21 20 -23.7486 -32.3981 -7.61367 -29.1284 
-56 -146.554 -21 20 -23.7486 -32.3981 -7.61367 -29.1284 
-50 -146.23 -21 20 -23.7486 -32.3981 -7.61367 -29.1284 
-70 -147.472 -21 20 -23.7486 -32.3981 -7.61367 -29.1284 
-59 -146.828 -21 20 -23.7486 -32.3981 -7.61367 -29.1284 
-56 -146.578 -21 20 -23.7486 -32.3981 -7.61367 -29.1284 
-55 -146.534 -21 20 -23.7486 -32.3981 -7.61367 -29.1284 
-61 -146.882 -21 20 -23.7486 -32.3981 -7.61367 -29.1284 
-58 -144.02 -21 20 -26.567 -35.8228 -8.30682 -31.0743 
-58 -144.04 -21 20 -26.567 -35.8227 -8.30682 -31.0743 
-63 -144.324 -21 20 -26.567 -35.8228 -8.30682 -31.0743 
-54 -146.524 -21 20 -23.7486 -32.3981 -7.61367 -29.1284 
-54 -146.534 -21 20 -23.7486 -32.3981 -7.61367 -29.1284 
FEATURES_TXT_END_0
FEATURES_TXT_BEGIN_0 41 81 8 Distortion0_0 LM0_0 WordPenalty0_0 PhrasePenalty0_0 TranslationModel0_0 TranslationModel0_1 TranslationModel0_2 TranslationModel0_3 
-136 -262.11 -50 46 -71.0803 -119.325 -24.29 -103.71 
-132 -264.616 -49 45 -72.7133 -119.357 -23.7973 -103.038 
-136 -264.246 -50 46 -68.8422 -118.759 -23.8845 -103.71 
-132 -266.752 -49 45 -70.4752 -118.791 -23.3918 -103.038 
-132 -262.052 -50 46 -71.0803 -119.325 -24.29 -103.71 
-128 -264.558 -49 45 -72.7133 -119.357 -23.7973 -103.038 
-132 -264.188 -50 46 -68.8422 -118.759 -23.8845 -103.71 
-128 -266.694 -49 45 -70.4752 -118.791 -23.3918 -103.038 
-128 -260.591 -51 47 -68.2963 -118.507 -24.433 -103.674 
-130 -262.11 -50 46 -71.0803 -119.325 -24.29 -103.71 
-131 -261.611 -50 46 -70.2709 -118.579 -25.2406 -105.129 
-126 -260.576 -50 46 -70.9705 -117.637 -24.9831 -103.567 
-124 -263.096 -50 46 -69.9293 -118.539 -23.9403 -103.003 
-126 -264.616 -49 45 -72.7133 -119.357 -23.7973 -103.038 
-131 -266.311 -49 45 -69.6658 -118.045 -24.3425 -104.457 
-122 -263.082 -49 45 -72.6035 -117.669 -24.4905 -102.895 
-136 -262.016 -50 46 -71.1744 -120.43 -24.5777 -104.483 
-132 -264.522 -49 45 -72.8074 -120.462 -24.085 -103.811 
-130 -264.246 -50 46 -68.8422 -118.759 -23.8845 -103.71 
-122 -262.41 -50 46 -71.0803 -119.325 -24.29 -103.71 
-126 -266.752 -49 45 -70.4752 -118.791 -23.3918 -103.038 
-142 -265.574 -50 46 -68.8422 -118.759 -23.8845 -103.71 
-124 -260.533 -51 47 -68.2963 -118.507 -24.433 -103.674 
-122 -260.519 -50 46 -70.9705 -117.637 -24.9831 -103.567 
-120 -263.039 -50 46 -69.9293 -118.539 -23.9403 -103.003 
-126 -265.293 -51 46 -63.4766 -119.571 -23.3671 -106.156 
-118 -263.024 -49 45 -72.6035 -117.669 -24.4905 -102.895 
-132 -261.958 -50 46 -71.1744 -120.43 -24.5777 -104.483 
-122 -267.799 -50 45 -65.1096 -119.603 -22.8745 -105.484 
-126 -264.627 -50 46 -68.0156 -117.882 -23.8845 -103.275 
-135 -262.339 -50 46 -71.5503 -119.396 -24.29 -104.447 
-128 -264.464 -49 45 -72.8074 -120.462 -24.085 -103.811 
-122 -267.133 -49 45 -69.6486 -117.914 -23.3918 -102.604 
-126 -267.429 -51 46 -61.2385 -119.005 -22.9617 -106.156 
-131 -264.844 -49 45 -73.1833 -119.428 -23.7973 -103.776 
-122 -260.591 -51 47 -68.2963 -118.507 -24.433 -103.674 
-126 -260.726 -51 47 -69.1116 -119.521 -24.4468 -104.72 
-120 -260.576 -50 46 -70.9705 -117.637 -24.9831 -103.567 
-133 -262.373 -49 45 -73.385 -120.572 -25.446 -105.593 
-122 -269.935 -50 45 -62.8715 -119.037 -22.469 -105.484 
-135 -264.474 -50 46 -69.3122 -118.83 -23.8845 -104.447 
-122 -265.235 -51 46 -63.4766 -119.571 -23.3671 -106.156 
-118 -263.096 -50 46 -69.9293 -118.539 -23.9403 -103.003 
-129 -264.474 -50 46 -69.3122 -118.83 -23.8845 -104.447 
-116 -263.082 -49 45 -72.6035 -117.669 -24.4905 -102.895 
-131 -264.75 -49 45 -73.2774 -120.533 -24.085 -104.549 
-130 -262.016 -50 46 -71.1744 -120.43 -24.5777 -104.483 
-133 -265.355 -49 45 -73.1833 -119.428 -23.7973 -103.776 
-131 -266.98 -49 45 -70.9452 -118.862 -23.3918 -103.776 
-118 -267.741 -50 45 -65.1096 -119.603 -22.8745 -105.484 
-122 -264.569 -50 46 -68.0156 -117.882 -23.8845 -103.275 
-131 -262.281 -50 46 -71.5503 -119.396 -24.29 -104.447 
-126 -264.522 -49 45 -72.8074 -120.462 -24.085 -103.811 
-116 -269.935 -50 45 -62.8715 -119.037 -22.469 -105.484 
-118 -267.075 -49 45 -69.6486 -117.914 -23.3918 -102.604 
-122 -267.371 -51 46 -61.2385 -119.005 -22.9617 -106.156 
-127 -264.787 -49 45 -73.1833 -119.428 -23.7973 -103.776 
-118 -269.877 -50 45 -62.8715 -119.037 -22.469 -105.484 
-131 -264.417 -50 46 -69.3122 -118.83 -23.8845 -104.447 
-120 -265.293 -51 46 -63.4766 -119.571 -23.3671 -106.156 
-135 -263.805 -50 46 -68.0329 -118.013 -24.8351 -105.129 
-135 -261.669 -50 46 -70.2709 -118.579 -25.2406 -105.129 
-127 -266.923 -49 45 -70.9452 -118.862 -23.3918 -103.776 
-116 -267.799 -50 45 -65.1096 -119.603 -22.8745 -105.484 
-138 -265.944 -49 45 -72.7133 -119.357 -23.7973 -103.038 
-127 -260.819 -51 47 -68.7663 -118.578 -24.433 -104.412 
-120 -264.627 -50 46 -68.0156 -117.882 -23.8845 -103.275 
-137 -259.867 -50 46 -71.752 -120.54 -25.9386 -106.264 
-126 -265.199 -51 46 -63.5707 -120.676 -23.6548 -106.929 
-129 -262.339 -50 46 -71.5503 -119.396 -24.29 -104.447 
-135 -262.244 -50 46 -71.6444 -120.501 -24.5777 -105.22 
-125 -260.805 -50 46 -71.4405 -117.709 -24.9831 -104.304 
-142 -263.438 -50 46 -71.0803 -119.325 -24.29 -103.71 
-131 -264.175 -49 45 -71.9039 -118.611 -24.7479 -104.457 
-123 -263.325 -50 46 -70.3993 -118.61 -23.9403 -103.74 
-116 -267.133 -49 45 -69.6486 -117.914 -23.3918 -102.604 
-137 -262.849 -50 46 -71.5503 -119.396 -24.29 -104.447 
-122 -267.705 -50 45 -65.2037 -120.708 -23.1622 -106.258 
-120 -267.429 -51 46 -61.2385 -119.005 -22.9617 -106.156 
-121 -263.311 -49 45 -73.0735 -117.741 -24.4905 -103.632 
-125 -264.844 -49 45 -73.1833 -119.428 -23.7973 -103.776 
FEATURES_TXT_END_0
FEATURES_TXT_BEGIN_0 42 100 8 Distortion0_0 LM0_0 WordPenalty0_0 PhrasePenalty0_0 TranslationModel0_0 TranslationModel0_1 TranslationModel0_2 TranslationModel0_3 
-152 -287.104 -54 48 -79.2079 -107.931 -36.5604 -112.405 
-150 -287.104 -54 48 -79.2079 -107.931 -36.5604 -112.405 
-150 -283.08 -54 48 -81.972 -110.462 -38.0645 -113.727 
-152 -287.446 -54 48 -79.2079 -107.931 -36.5604 -112.405 
-148 -283.08 -54 48 -81.972 -110.462 -38.0645 -113.727 
-150 -287.446 -54 48 -79.2079 -107.931 -36.5604 -112.405 
-161 -281.526 -54 49 -81.1359 -109.128 -39.8548 -112.83 
-150 -283.423 -54 48 -81.972 -110.462 -38.0645 -113.727 
-148 -287.477 -54 48 -79.2079 -107.931 -36.5604 -112.405 
-159 -281.526 -54 49 -81.1359 -109.128 -39.8548 -112.83 
-148 -283.423 -54 48 -81.972 -110.462 -38.0645 -113.727 
-146 -287.477 -54 48 -79.2079 -107.931 -36.5604 -112.405 
-161 -288.342 -54 48 -79.2079 -107.931 -36.5604 -112.405 
-159 -277.503 -54 49 -83.9 -111.658 -41.3589 -114.152 
-152 -288.417 -54 48 -78.3927 -106.917 -36.5466 -111.36 
-159 -288.342 -54 48 -79.2079 -107.931 -36.5604 -112.405 
-150 -287.588 -54 48 -79.9011 -109.009 -36.5604 -111.394 
-164 -285.239 -54 48 -80.0115 -109.311 -38.1962 -115.497 
-161 -281.868 -54 49 -81.1359 -109.128 -39.8548 -112.83 
-157 -277.503 -54 49 -83.9 -111.658 -41.3589 -114.152 
-161 -285.467 -54 49 -80.2421 -108.831 -38.15 -111.835 
-148 -287.82 -54 48 -79.2079 -107.931 -36.5604 -112.405 
-159 -284.319 -54 48 -81.972 -110.462 -38.0645 -113.727 
-148 -287.588 -54 48 -79.9011 -109.009 -36.5604 -111.394 
-162 -285.239 -54 48 -80.0115 -109.311 -38.1962 -115.497 
-152 -289.096 -54 48 -78.756 -107.146 -36.1084 -112.188 
-159 -281.868 -54 49 -81.1359 -109.128 -39.8548 -112.83 
-152 -288.932 -54 48 -78.9445 -107.617 -36.1549 -112.631 
-152 -289.946 -54 48 -78.4925 -106.831 -35.703 -112.413 
-159 -285.467 -54 49 -80.2421 -108.831 -38.15 -111.835 
-146 -287.82 -54 48 -79.2079 -107.931 -36.5604 -112.405 
-164 -290.246 -54 48 -78.8945 -106.716 -35.7983 -112.362 
-161 -288.685 -54 48 -79.2079 -107.931 -36.5604 -112.405 
-157 -284.319 -54 48 -81.972 -110.462 -38.0645 -113.727 
-148 -283.565 -54 48 -82.6652 -111.539 -38.0645 -112.716 
-152 -288.619 -54 48 -78.3477 -106.812 -36.5604 -112.088 
-162 -281.216 -54 48 -82.7755 -111.842 -39.7002 -116.819 
-150 -289.096 -54 48 -78.756 -107.146 -36.1084 -112.188 
-150 -288.932 -54 48 -78.9445 -107.617 -36.1549 -112.631 
-159 -277.845 -54 49 -83.9 -111.658 -41.3589 -114.152 
-150 -289.946 -54 48 -78.4925 -106.831 -35.703 -112.413 
-157 -281.899 -54 49 -81.1359 -109.128 -39.8548 -112.83 
-152 -288.759 -54 48 -78.3927 -106.917 -36.5466 -111.36 
-159 -281.444 -54 49 -83.0062 -111.361 -39.6541 -113.157 
-162 -290.246 -54 48 -78.8945 -106.716 -35.7983 -112.362 
-159 -288.685 -54 48 -79.2079 -107.931 -36.5604 -112.405 
-152 -287.727 -54 48 -78.7997 -107.598 -37.0124 -112.305 
-146 -283.565 -54 48 -82.6652 -111.539 -38.0645 -112.716 
-164 -285.582 -54 48 -80.0115 -109.311 -38.1962 -115.497 
-150 -288.619 -54 48 -78.3477 -106.812 -36.5604 -112.088 
-160 -281.216 -54 48 -82.7755 -111.842 -39.7002 -116.819 
-150 -285.073 -54 48 -81.52 -109.676 -37.6125 -113.509 
-157 -277.845 -54 49 -83.9 -111.658 -41.3589 -114.152 
-150 -284.909 -54 48 -81.7085 -110.147 -37.659 -113.953 
-150 -285.922 -54 48 -81.2565 -109.361 -37.207 -113.735 
-155 -281.899 -54 49 -81.1359 -109.128 -39.8548 -112.83 
-161 -285.81 -54 49 -80.2421 -108.831 -38.15 -111.835 
-157 -281.444 -54 49 -83.0062 -111.361 -39.6541 -113.157 
-150 -288.764 -54 48 -78.3927 -106.917 -36.5466 -111.36 
-162 -286.223 -54 48 -81.6586 -109.246 -37.3023 -113.684 
-150 -287.727 -54 48 -78.7997 -107.598 -37.0124 -112.305 
-159 -284.661 -54 48 -81.972 -110.462 -38.0645 -113.727 
-162 -285.582 -54 48 -80.0115 -109.311 -38.1962 -115.497 
-150 -284.596 -54 48 -81.1118 -109.343 -38.0645 -113.409 
-154 -288.291 -54 48 -79.9011 -109.009 -36.5604 -111.394 
-157 -288.716 -54 48 -79.2079 -107.931 -36.5604 -112.405 
-152 -290.943 -54 48 -77.0455 -105.758 -35.8047 -111.019 
-152 -289.439 -54 48 -78.756 -107.146 -36.1084 -112.188 
-148 -285.073 -54 48 -81.52 -109.676 -37.6125 -113.509 
-152 -289.275 -54 48 -78.9445 -107.617 -36.1549 -112.631 
-152 -287.256 -54 48 -80.2916 -108.776 -36.8969 -112.972 
-148 -284.909 -54 48 -81.7085 -110.147 -37.659 -113.953 
-152 -290.288 -54 48 -78.4925 -106.831 -35.703 -112.413 
-148 -285.922 -54 48 -81.2565 -109.361 -37.207 -113.735 
-161 -282.839 -54 49 -80.3207 -108.114 -39.841 -111.784 
-152 -285.929 -54 48 -79.6498 -107.443 -37.8132 -113.183 
-152 -286.863 -54 48 -80.6937 -108.661 -36.9922 -112.92 
-159 -285.81 -54 49 -80.2421 -108.831 -38.15 -111.835 
-159 -282.01 -54 49 -81.8291 -110.205 -39.8548 -111.819 
-148 -288.764 -54 48 -78.3927 -106.917 -36.5466 -111.36 
-164 -290.589 -54 48 -78.8945 -106.716 -35.7983 -112.362 
-160 -286.223 -54 48 -81.6586 -109.246 -37.3023 -113.684 
-157 -284.661 -54 48 -81.972 -110.462 -38.0645 -113.727 
-150 -283.704 -54 48 -81.5638 -110.128 -38.5165 -113.627 
-152 -288.962 -54 48 -78.3477 -106.812 -36.5604 -112.088 
-148 -288.302 -54 48 -79.2079 -107.931 -36.5604 -112.405 
-162 -281.559 -54 48 -82.7755 -111.842 -39.7002 -116.819 
-148 -284.596 -54 48 -81.1118 -109.343 -38.0645 -113.409 
-152 -288.291 -54 48 -79.9011 -109.009 -36.5604 -111.394 
-155 -288.716 -54 48 -79.2079 -107.931 -36.5604 -112.405 
-146 -287.962 -54 48 -79.9011 -109.009 -36.5604 -111.394 
-150 -289.439 -54 48 -78.756 -107.146 -36.1084 -112.188 
-160 -285.613 -54 48 -80.0115 -109.311 -38.1962 -115.497 
-150 -289.275 -54 48 -78.9445 -107.617 -36.1549 -112.631 
-150 -287.256 -54 48 -80.2916 -108.776 -36.8969 -112.972 
-150 -290.288 -54 48 -78.4925 -106.831 -35.703 -112.413 
-157 -282.242 -54 49 -81.1359 -109.128 -39.8548 -112.83 
-150 -285.929 -54 48 -79.6498 -107.443 -37.8132 -113.183 
-150 -286.863 -54 48 -80.6937 -108.661 -36.9922 -112.92 
-157 -282.01 -54 49 -81.8291 -110.205 -39.8548 -111.819 
FEATURES_TXT_END_0
FEATURES_TXT_BEGIN_0 43 87 8 Distortion0_0 LM0_0 WordPenalty0_0 PhrasePenalty0_0 TranslationModel0_0 TranslationModel0_1 TranslationModel0_2 TranslationModel0_3 
-67 -117.208 -25 23 -42.7082 -62.0963 -15.8509 -50.7415 
-65 -117.208 -25 23 -42.7082 -62.0963 -15.8509 -50.7415 
-67 -116.1 -25 22 -50.3316 -63.9064 -14.9289 -49.0587 
-63 -117.208 -25 23 -42.7082 -62.0963 -15.8509 -50.7415 
-69 -120.987 -25 22 -41.1852 -59.6815 -14.2358 -50.1129 
-67 -120.987 -25 22 -41.1852 -59.6815 -14.2358 -50.1129 
-65 -116.748 -25 23 -45.4808 -60.8298 -15.4454 -47.7984 
-63 -120.987 -25 22 -41.1852 -59.6815 -14.2358 -50.1129 
-69 -117.994 -25 23 -42.7082 -62.0963 -15.8509 -50.7415 
-67 -122.462 -25 22 -39.0634 -60.8941 -14.2358 -53.3317 
-65 -124.943 -25 22 -34.3906 -57.552 -14.2358 -52.4155 
-63 -118.306 -25 23 -39.1614 -59.1909 -16.544 -51.2523 
-63 -116.748 -25 23 -45.4808 -60.8298 -15.4454 -47.7984 
-61 -120.987 -25 22 -41.1852 -59.6815 -14.2358 -50.1129 
-67 -117.994 -25 23 -42.7082 -62.0963 -15.8509 -50.7415 
-69 -124.044 -25 22 -38.4337 -59.2757 -14.2358 -52.5208 
-65 -122.462 -25 22 -39.0634 -60.8941 -14.2358 -53.3317 
-73 -126.586 -25 22 -34.3906 -57.552 -14.2358 -52.4155 
-63 -124.943 -25 22 -34.3906 -57.552 -14.2358 -52.4155 
-59 -121.699 -25 23 -38.8063 -53.7437 -15.1725 -44.9584 
-61 -118.306 -25 23 -39.1614 -59.1909 -16.544 -51.2523 
-61 -118.54 -25 22 -48.6306 -61.757 -13.8303 -48.0861 
-65 -117.994 -25 23 -42.7082 -62.0963 -15.8509 -50.7415 
-63 -122.462 -25 22 -39.0634 -60.8941 -14.2358 -53.3317 
-61 -124.943 -25 22 -34.3906 -57.552 -14.2358 -52.4155 
-59 -118.306 -25 23 -39.1614 -59.1909 -16.544 -51.2523 
-67 -120.527 -25 22 -43.9578 -58.415 -13.8303 -47.1698 
-69 -119 -25 22 -45.858 -63.0235 -14.2358 -51.0291 
-65 -114.308 -25 23 -47.1817 -62.9792 -16.544 -48.771 
-67 -119 -25 22 -45.858 -63.0235 -14.2358 -51.0291 
-67 -120.098 -25 23 -39.3238 -60.8923 -15.8509 -52.4414 
-63 -114.308 -25 23 -47.1817 -62.9792 -16.544 -48.771 
-65 -120.098 -25 23 -39.3238 -60.8923 -15.8509 -52.4414 
-65 -126.724 -25 22 -35.5167 -57.4894 -13.5426 -50.6927 
-67 -118.376 -25 23 -44.6263 -58.1733 -15.1725 -45.3929 
-67 -123.298 -25 22 -38.4337 -59.2757 -14.2358 -52.5208 
-61 -120.527 -25 22 -43.9578 -58.415 -13.8303 -47.1698 
-63 -119 -25 22 -45.858 -63.0235 -14.2358 -51.0291 
-61 -122.159 -25 23 -36.0337 -55.0102 -15.578 -47.9014 
-63 -120.098 -25 23 -39.3238 -60.8923 -15.8509 -52.4414 
-67 -117.534 -25 23 -45.4808 -60.8298 -15.4454 -47.7984 
-67 -118.087 -25 22 -45.6587 -60.5644 -14.9289 -48.1424 
-65 -122.002 -25 22 -41.836 -59.6276 -13.8303 -50.3887 
-63 -124.483 -25 22 -37.1632 -56.2855 -13.8303 -49.4724 
-61 -117.846 -25 23 -41.934 -57.9245 -16.1386 -48.3093 
-65 -118.376 -25 23 -44.6263 -58.1733 -15.1725 -45.3929 
-65 -122.838 -25 22 -41.2063 -58.0092 -13.8303 -49.5778 
-65 -123.298 -25 22 -38.4337 -59.2757 -14.2358 -52.5208 
-65 -117.916 -25 23 -47.3988 -56.9068 -14.767 -42.4499 
-61 -119 -25 22 -45.858 -63.0235 -14.2358 -51.0291 
-59 -122.159 -25 23 -36.0337 -55.0102 -15.578 -47.9014 
-59 -120.411 -25 22 -44.9648 -61.0905 -13.8303 -50.4438 
-65 -117.534 -25 23 -45.4808 -60.8298 -15.4454 -47.7984 
-63 -122.002 -25 22 -41.836 -59.6276 -13.8303 -50.3887 
-61 -124.483 -25 22 -37.1632 -56.2855 -13.8303 -49.4724 
-59 -117.846 -25 23 -41.934 -57.9245 -16.1386 -48.3093 
-67 -115.329 -25 23 -48.8096 -65.9885 -15.8509 -50.5183 
-63 -118.376 -25 23 -44.6263 -58.1733 -15.1725 -45.3929 
-65 -120.411 -25 22 -44.9648 -61.0905 -13.8303 -50.4438 
-63 -123.298 -25 22 -38.4337 -59.2757 -14.2358 -52.5208 
-65 -119.992 -25 23 -41.8149 -60.1632 -15.4454 -50.1561 
-57 -122.159 -25 23 -36.0337 -55.0102 -15.578 -47.9014 
-67 -118.54 -25 22 -48.6306 -61.757 -13.8303 -48.0861 
-65 -115.329 -25 23 -48.8096 -65.9885 -15.8509 -50.5183 
-63 -120.411 -25 22 -44.9648 -61.0905 -13.8303 -50.4438 
-61 -123.298 -25 22 -38.4337 -59.2757 -14.2358 -52.5208 
-61 -118.087 -25 22 -45.6587 -60.5644 -14.9289 -48.1424 
-71 -122.416 -25 22 -41.1852 -59.6815 -14.2358 -50.1129 
-67 -115.094 -25 23 -47.1817 -62.9792 -16.544 -48.771 
-65 -119.562 -25 22 -43.537 -61.777 -14.9289 -51.3613 
-63 -122.043 -25 22 -38.8642 -58.4349 -14.9289 -50.445 
-65 -119.638 -25 23 -42.0964 -59.6258 -15.4454 -49.4984 
-61 -115.406 -25 23 -43.635 -60.0738 -17.2372 -49.2819 
-63 -121.237 -25 22 -42.4736 -61.8195 -14.2358 -52.7291 
-65 -116.519 -25 23 -47.9164 -64.0554 -15.4454 -49.9329 
-67 -119.992 -25 23 -41.8149 -60.1632 -15.4454 -50.1561 
-59 -123.298 -25 22 -38.4337 -59.2757 -14.2358 -52.5208 
-67 -126.724 -25 22 -35.5167 -57.4894 -13.5426 -50.6927 
-69 -122.416 -25 22 -41.1852 -59.6815 -14.2358 -50.1129 
-65 -115.094 -25 23 -47.1817 -62.9792 -16.544 -48.771 
-63 -119.562 -25 22 -43.537 -61.777 -14.9289 -51.3613 
-61 -122.043 -25 22 -38.8642 -58.4349 -14.9289 -50.445 
-63 -119.638 -25 23 -42.0964 -59.6258 -15.4454 -49.4984 
-59 -115.406 -25 23 -43.635 -60.0738 -17.2372 -49.2819 
-61 -121.237 -25 22 -42.4736 -61.8195 -14.2358 -52.7291 
-63 -116.519 -25 23 -47.9164 -64.0554 -15.4454 -49.9329 
-61 -115.329 -25 23 -48.8096 -65.9885 -15.8509 -50.5183 
FEATURES_TXT_END_0
FEATURES_TXT_BEGIN_0 44 100 8 Distortion0_0 LM0_0 WordPenalty0_0 PhrasePenalty0_0 TranslationModel0_0 TranslationModel0_1 TranslationModel0_2 TranslationModel0_3 
-136 -243.313 -50 47 -91.2738 -123.255 -33.8193 -104.738 
-136 -244.342 -50 47 -92.5532 -124.072 -32.8686 -104.056 
-136 -243.528 -50 47 -91.2738 -123.255 -33.8193 -104.738 
-136 -244.557 -50 47 -92.5532 -124.072 -32.8686 -104.056 
-134 -245.436 -50 47 -88.9438 -120.256 -33.4379 -104.56 
-134 -246.466 -50 47 -90.2232 -121.073 -32.4873 -103.878 
-142 -244.195 -50 47 -91.2738 -123.255 -33.8193 -104.738 
-146 -240.312 -50 47 -94.9893 -127.123 -35.0659 -105.875 
-142 -245.225 -50 47 -92.5532 -124.072 -32.8686 -104.056 
-130 -244.094 -50 47 -93.7015 -123.337 -32.7206 -103.209 
-124 -245.031 -50 47 -88.9438 -120.256 -33.4379 -104.56 
-146 -239.371 -50 47 -93.7099 -126.306 -36.0165 -106.557 
-130 -245.123 -50 47 -94.9809 -124.154 -31.77 -102.528 
-124 -246.061 -50 47 -90.2232 -121.073 -32.4873 -103.878 
-134 -245.651 -50 47 -88.9438 -120.256 -33.4379 -104.56 
-146 -241.848 -50 47 -93.9908 -125.813 -34.5124 -106.011 
-134 -239.743 -50 47 -94.9893 -127.123 -35.0659 -105.875 
-134 -246.681 -50 47 -90.2232 -121.073 -32.4873 -103.878 
-146 -242.877 -50 47 -95.2702 -126.63 -33.5618 -105.329 
-142 -244.41 -50 47 -91.2738 -123.255 -33.8193 -104.738 
-136 -244.982 -49 47 -95.0709 -122.146 -33.8193 -98.8446 
-146 -240.527 -50 47 -94.9893 -127.123 -35.0659 -105.875 
-140 -245.315 -50 47 -92.5532 -124.072 -32.8686 -104.056 
-142 -245.44 -50 47 -92.5532 -124.072 -32.8686 -104.056 
-136 -246.012 -49 47 -96.3503 -122.963 -32.8686 -98.1628 
-130 -244.309 -50 47 -93.7015 -123.337 -32.7206 -103.209 
-124 -245.246 -50 47 -88.9438 -120.256 -33.4379 -104.56 
-146 -239.586 -50 47 -93.7099 -126.306 -36.0165 -106.557 
-130 -245.338 -50 47 -94.9809 -124.154 -31.77 -102.528 
-124 -246.276 -50 47 -90.2232 -121.073 -32.4873 -103.878 
-146 -242.063 -50 47 -93.9908 -125.813 -34.5124 -106.011 
-134 -239.958 -50 47 -94.9893 -127.123 -35.0659 -105.875 
-136 -245.103 -49 47 -95.0709 -122.146 -33.8193 -98.8446 
-146 -243.092 -50 47 -95.2702 -126.63 -33.5618 -105.329 
-140 -240.331 -50 47 -94.9893 -127.123 -35.0659 -105.875 
-136 -246.132 -49 47 -96.3503 -122.963 -32.8686 -98.1628 
-122 -242.945 -50 47 -93.0643 -122.836 -33.5103 -103.517 
-140 -246.318 -50 47 -88.9438 -120.256 -33.4379 -104.56 
-140 -245.53 -50 47 -92.5532 -124.072 -32.8686 -104.056 
-122 -243.974 -50 47 -94.3437 -123.653 -32.5597 -102.835 
-144 -242.435 -50 47 -92.6593 -124.125 -34.6845 -105.697 
-140 -247.348 -50 47 -90.2232 -121.073 -32.4873 -103.878 
-146 -245.904 -50 47 -92.5532 -124.072 -32.8686 -104.056 
-146 -244.542 -49 47 -98.2761 -124.289 -33.5103 -99.6158 
-158 -248.567 -49 47 -92.2303 -120.141 -33.4379 -100.958 
-136 -244.524 -49 47 -96.4856 -124.708 -33.8193 -100.837 
-144 -241.494 -50 47 -91.3799 -123.308 -35.6351 -106.379 
-156 -248.089 -49 48 -91.0168 -118.165 -34.0881 -100.639 
-146 -245.571 -49 47 -99.5555 -125.106 -32.5597 -98.934 
-158 -249.596 -49 47 -93.5097 -120.958 -32.4873 -100.276 
-136 -245.554 -49 47 -97.765 -125.525 -32.8686 -100.155 
-156 -249.118 -49 48 -92.2962 -118.982 -33.1375 -99.9575 
-152 -241.194 -50 47 -94.9893 -127.123 -35.0659 -105.875 
-144 -243.971 -50 47 -91.6609 -122.815 -34.131 -105.833 
-132 -241.866 -50 47 -92.6593 -124.125 -34.6845 -105.697 
-140 -240.546 -50 47 -94.9893 -127.123 -35.0659 -105.875 
-144 -245.001 -50 47 -92.9403 -123.632 -33.1804 -105.151 
-134 -241.638 -50 47 -93.9908 -125.813 -34.5124 -106.011 
-136 -244.976 -50 47 -93.7015 -123.337 -32.7206 -103.209 
-130 -245.914 -50 47 -88.9438 -120.256 -33.4379 -104.56 
-136 -244.464 -50 47 -91.2738 -123.255 -33.8193 -104.738 
-152 -240.253 -50 47 -93.7099 -126.306 -36.0165 -106.557 
-140 -241.093 -50 47 -97.417 -127.206 -33.9673 -104.347 
-134 -242.031 -50 47 -92.6593 -124.125 -34.6845 -105.697 
-134 -242.668 -50 47 -95.2702 -126.63 -33.5618 -105.329 
-136 -246.006 -50 47 -94.9809 -124.154 -31.77 -102.528 
-144 -244.192 -49 48 -97.0626 -122.312 -34.1606 -99.2973 
-122 -243.16 -50 47 -93.0643 -122.836 -33.5103 -103.517 
-130 -246.943 -50 47 -90.2232 -121.073 -32.4873 -103.878 
-144 -244.95 -50 47 -91.2738 -123.255 -33.8193 -104.738 
-140 -246.533 -50 47 -88.9438 -120.256 -33.4379 -104.56 
-124 -243.827 -50 47 -91.2738 -123.255 -33.8193 -104.738 
-144 -245.221 -49 48 -98.342 -123.129 -33.2099 -98.6155 
-122 -244.189 -50 47 -94.3437 -123.653 -32.5597 -102.835 
-140 -240.625 -50 47 -94.9893 -127.123 -35.0659 -105.875 
-134 -247.106 -49 47 -92.7409 -119.147 -33.4379 -98.6668 
-144 -242.65 -50 47 -92.6593 -124.125 -34.6845 -105.697 
-140 -240.152 -50 47 -96.1376 -126.389 -34.9179 -105.029 
-138 -247.438 -50 47 -90.2232 -121.073 -32.4873 -103.878 
-134 -241.089 -50 47 -91.3799 -123.308 -35.6351 -106.379 
-140 -247.563 -50 47 -90.2232 -121.073 -32.4873 -103.878 
-124 -244.856 -50 47 -92.5532 -124.072 -32.8686 -104.056 
-146 -246.119 -50 47 -92.5532 -124.072 -32.8686 -104.056 
-134 -248.135 -49 47 -94.0203 -119.964 -32.4873 -97.985 
-140 -242.629 -50 47 -96.4186 -125.896 -33.4138 -104.482 
-134 -243.567 -50 47 -91.6609 -122.815 -34.131 -105.833 
-144 -241.709 -50 47 -91.3799 -123.308 -35.6351 -106.379 
-128 -240.524 -50 47 -97.417 -127.206 -33.9672 -104.347 
-134 -241.776 -50 47 -93.9908 -125.813 -34.5124 -106.011 
-122 -241.461 -50 47 -92.6593 -124.125 -34.6845 -105.697 
-140 -243.659 -50 47 -97.698 -126.713 -32.4632 -103.801 
-156 -246.126 -49 48 -94.9964 -120.909 -34.0881 -101.245 
-134 -244.596 -50 47 -92.9403 -123.632 -33.1804 -105.151 
-134 -242.805 -50 47 -95.2702 -126.63 -33.5618 -105.329 
-136 -245.792 -49 47 -94.5603 -123.14 -33.8193 -101.135 
-142 -245.865 -49 47 -95.0709 -122.146 -33.8193 -98.8446 
-152 -241.409 -50 47 -94.9893 -127.123 -35.0659 -105.875 
-144 -244.186 -50 47 -91.6609 -122.815 -34.131 -105.833 
-146 -246.197 -50 47 -92.5532 -124.072 -32.8686 -104.056 
-132 -242.081 -50 47 -92.6593 -124.125 -34.6845 -105.697 
FEATURES_TXT_END_0
FEATURES_TXT_BEGIN_0 45 100 8 Distortion0_0 LM0_0 WordPenalty0_0 PhrasePenalty0_0 TranslationModel0_0 TranslationModel0_1 TranslationModel0_2 TranslationModel0_3 
-126 -241.003 -45 42 -63.1224 -98.8158 -27.4391 -102.637 
-122 -242.836 -45 42 -63.444 -101.395 -26.2577 -104.982 
-136 -240.187 -45 42 -64.5383 -103.027 -28.1322 -102.637 
-132 -241.596 -45 42 -63.1224 -98.8158 -27.4391 -102.637 
-126 -241.266 -45 42 -63.1224 -98.8158 -27.4391 -102.637 
-126 -238.501 -45 42 -64.9142 -101.832 -28.5377 -103.736 
-136 -242.696 -45 42 -62.2178 -98.8737 -27.216 -104.358 
-136 -241.559 -45 42 -63.5924 -98.8874 -27.4391 -103.375 
-132 -242.02 -45 42 -64.8599 -105.607 -26.9509 -104.981 
-128 -243.429 -45 42 -63.444 -101.395 -26.2577 -104.982 
-122 -243.099 -45 42 -63.444 -101.395 -26.2577 -104.982 
-122 -240.334 -45 42 -65.2358 -104.412 -27.3563 -106.08 
-132 -238.109 -45 42 -64.7878 -99.6848 -28.9219 -104.043 
-126 -242.66 -45 42 -61.0146 -99.2742 -27.4391 -103.89 
-131 -241.693 -45 42 -63.1224 -98.8158 -27.4391 -102.637 
-132 -243.051 -45 42 -61.0146 -99.2742 -27.4391 -103.89 
-128 -239.942 -45 42 -65.1094 -102.264 -27.7405 -106.387 
-122 -244.493 -45 42 -61.3362 -101.854 -26.2577 -106.234 
-127 -243.526 -45 42 -63.444 -101.395 -26.2577 -104.982 
-142 -240.78 -45 42 -64.5383 -103.027 -28.1322 -102.637 
-132 -241.859 -45 42 -63.1224 -98.8158 -27.4391 -102.637 
-132 -239.094 -45 42 -64.9142 -101.832 -28.5377 -103.736 
-128 -244.884 -45 42 -61.3362 -101.854 -26.2577 -106.234 
-146 -241.88 -45 42 -63.6337 -103.085 -27.9091 -104.357 
-126 -238.764 -45 42 -64.9142 -101.832 -28.5377 -103.736 
-142 -243.289 -45 42 -62.2178 -98.8737 -27.216 -104.358 
-136 -242.959 -45 42 -62.2178 -98.8737 -27.216 -104.358 
-136 -240.194 -45 42 -64.0096 -101.89 -28.3146 -105.457 
-146 -240.742 -45 42 -65.0083 -103.099 -28.1322 -103.374 
-142 -242.152 -45 42 -63.5924 -98.8874 -27.4391 -103.375 
-136 -243.42 -45 42 -61.0146 -99.2742 -27.4391 -103.89 
-136 -241.821 -45 42 -63.5924 -98.8874 -27.4391 -103.375 
-138 -242.613 -45 42 -64.8599 -105.607 -26.9509 -104.981 
-136 -239.056 -45 42 -65.3842 -101.904 -28.5377 -104.474 
-129 -232.829 -45 42 -64.1544 -98.2832 -32.052 -105.857 
-128 -243.692 -45 42 -63.444 -101.395 -26.2577 -104.982 
-128 -240.927 -45 42 -65.2358 -104.412 -27.3563 -106.08 
-122 -240.597 -45 42 -65.2358 -104.412 -27.3563 -106.08 
-142 -237.292 -45 42 -66.2037 -103.896 -29.6151 -104.042 
-131 -236.778 -45 42 -60.8045 -95.1805 -30.9534 -103.687 
-132 -238.371 -45 42 -64.7878 -99.6848 -28.9219 -104.043 
-136 -241.844 -45 42 -62.4304 -103.486 -28.1322 -103.889 
-132 -235.606 -45 42 -66.5796 -102.701 -30.0205 -105.142 
-126 -242.923 -45 42 -61.0146 -99.2742 -27.4391 -103.89 
-141 -240.877 -45 42 -64.5383 -103.027 -28.1322 -102.637 
-142 -239.802 -45 42 -63.8832 -99.7426 -28.6988 -105.764 
-126 -240.158 -45 42 -62.8063 -102.291 -28.5377 -104.989 
-131 -237.801 -45 42 -60.3525 -94.3948 -30.5014 -103.469 
-132 -245.253 -45 42 -61.3362 -101.854 -26.2577 -106.234 
-131 -241.956 -45 42 -63.1224 -98.8158 -27.4391 -102.637 
-136 -244.353 -45 42 -60.11 -99.3321 -27.216 -105.611 
-125 -234.662 -45 42 -64.476 -100.863 -30.8706 -108.202 
-131 -239.191 -45 42 -64.9142 -101.832 -28.5377 -103.736 
-141 -243.386 -45 42 -62.2178 -98.8737 -27.216 -104.358 
-142 -238.664 -45 42 -65.2578 -99.7564 -28.9219 -104.781 
-132 -242.036 -45 42 -63.1224 -98.8158 -27.4391 -102.637 
-132 -243.314 -45 42 -61.0146 -99.2742 -27.4391 -103.89 
-136 -239.933 -45 42 -62.6799 -100.143 -28.9219 -105.296 
-138 -239.125 -45 42 -66.5253 -106.476 -28.4337 -106.387 
-136 -243.216 -45 42 -61.4846 -99.3458 -27.4391 -104.628 
-127 -238.611 -45 42 -61.1261 -97.7599 -29.772 -106.031 
-131 -234.439 -45 42 -61.2464 -96.4888 -32.2062 -105.352 
-128 -240.204 -45 42 -65.1094 -102.264 -27.7405 -106.387 
-132 -243.677 -45 42 -62.752 -106.065 -26.9509 -106.234 
-142 -244.745 -45 42 -60.11 -99.3321 -27.216 -105.611 
-141 -242.248 -45 42 -63.5924 -98.8874 -27.4391 -103.375 
-128 -237.44 -45 42 -66.9012 -105.281 -28.8391 -107.486 
-135 -243.517 -45 42 -61.0146 -99.2742 -27.4391 -103.89 
-122 -244.756 -45 42 -61.3362 -101.854 -26.2577 -106.234 
-137 -242.71 -45 42 -64.8599 -105.607 -26.9509 -104.981 
-122 -241.991 -45 42 -63.1279 -104.87 -27.3563 -107.333 
-127 -239.634 -45 42 -60.6742 -96.9742 -29.32 -105.813 
-127 -243.789 -45 42 -63.444 -101.395 -26.2577 -104.982 
-142 -243.607 -45 42 -61.4846 -99.3458 -27.4391 -104.628 
-127 -241.024 -45 42 -65.2358 -104.412 -27.3563 -106.08 
-128 -243.87 -45 42 -63.444 -101.395 -26.2577 -104.982 
-152 -242.473 -45 42 -63.6337 -103.085 -27.9091 -104.357 
-122 -240.025 -45 42 -59.1392 -94.3115 -29.4706 -102.281 
-132 -239.357 -45 42 -64.9142 -101.832 -28.5377 -103.736 
-128 -245.147 -45 42 -61.3362 -101.854 -26.2577 -106.234 
-132 -241.766 -45 42 -63.0015 -102.723 -27.7405 -107.64 
-142 -243.552 -45 42 -62.2178 -98.8737 -27.216 -104.358 
-127 -236.272 -45 42 -61.568 -99.0682 -31.0248 -107.696 
-142 -240.787 -45 42 -64.0096 -101.89 -28.3146 -105.457 
-136 -240.457 -45 42 -64.0096 -101.89 -28.3146 -105.457 
-131 -245.35 -45 42 -61.3362 -101.854 -26.2577 -106.234 
-152 -241.335 -45 42 -65.0083 -103.099 -28.1322 -103.374 
-146 -242.604 -45 42 -62.4304 -103.486 -28.1322 -103.889 
-142 -242.414 -45 42 -63.5924 -98.8874 -27.4391 -103.375 
-142 -239.65 -45 42 -65.3842 -101.904 -28.5377 -104.474 
-126 -242.727 -45 42 -62.2061 -101.357 -27.4391 -101.863 
-136 -243.683 -45 42 -61.0146 -99.2742 -27.4391 -103.89 
-136 -240.918 -45 42 -62.8063 -102.291 -28.5377 -104.989 
-136 -239.319 -45 42 -65.3842 -101.904 -28.5377 -104.474 
-129 -233.091 -45 42 -64.1544 -98.2832 -32.052 -105.857 
-146 -245.113 -45 42 -60.11 -99.3321 -27.216 -105.611 
-118 -241.858 -45 42 -59.4608 -96.8909 -28.2892 -104.625 
-128 -241.19 -45 42 -65.2358 -104.412 -27.3563 -106.08 
-139 -234.522 -45 42 -63.2498 -98.341 -31.8289 -107.578 
-126 -240.714 -45 42 -65.1593 -99.0012 -27.4391 -101.539 
FEATURES_TXT_END_0
FEATURES_TXT_BEGIN_0 46 22 8 Distortion0_0 LM0_0 WordPenalty0_0 PhrasePenalty0_0 TranslationModel0_0 TranslationModel0_1 TranslationModel0_2 TranslationModel0_3 
-101 -229.101 -34 34 -57.8236 -64.5192 -20.0218 -47.1081 
-91 -229.101 -34 34 -57.8236 -64.5192 -20.0218 -47.1081 
-99 -232.446 -34 34 -57.0247 -63.2791 -18.6355 -45.1464 
-99 -231.896 -34 34 -57.0247 -63.2791 -18.6355 -45.1464 
-93 -230.816 -34 34 -57.2214 -64.2599 -19.3286 -46.1272 
-99 -231.151 -34 34 -57.2214 -64.2599 -19.3286 -46.1272 
-99 -229.101 -34 34 -57.8236 -64.5192 -20.0218 -47.1081 
-101 -229.651 -34 34 -57.8236 -64.5192 -20.0218 -47.1081 
-97 -229.101 -34 34 -57.8236 -64.5192 -20.0218 -47.1081 
-91 -229.385 -34 34 -57.4181 -65.2407 -20.0218 -47.1081 
-115 -232.034 -34 34 -57.2214 -64.2599 -19.3286 -46.1272 
-99 -231.123 -34 34 -57.2214 -64.2599 -19.3286 -46.1272 
-105 -231.098 -34 34 -57.6269 -63.5384 -19.3286 -46.1272 
-95 -231.896 -34 34 -57.0247 -63.2791 -18.6355 -45.1464 
-103 -231.151 -34 34 -57.2214 -64.2599 -19.3286 -46.1272 
-95 -229.101 -34 34 -57.8236 -64.5192 -20.0218 -47.1081 
-91 -231.896 -34 34 -57.0247 -63.2791 -18.6355 -45.1464 
-93 -229.101 -34 34 -57.8236 -64.5192 -20.0218 -47.1081 
-101 -231.151 -34 34 -57.2214 -64.2599 -19.3286 -46.1272 
-101 -231.123 -34 34 -57.2214 -64.2599 -19.3286 -46.1272 
-93 -231.896 -34 34 -57.0247 -63.2791 -18.6355 -45.1464 
-117 -232.034 -34 34 -57.2214 -64.2599 -19.3286 -46.1272 
FEATURES_TXT_END_0
FEATURES_TXT_BEGIN_0 47 100 8 Distortion0_0 LM0_0 WordPenalty0_0 PhrasePenalty0_0 TranslationModel0_0 TranslationModel0_1 TranslationModel0_2 TranslationModel0_3 
-156 -347.727 -63 58 -99.6313 -134.794 -30.841 -136.318 
-162 -348.31 -63 58 -99.6313 -134.794 -30.841 -136.318 
-154 -348.402 -64 59 -96.9231 -134.014 -29.8213 -137.046 
-156 -349.245 -63 58 -99.1986 -134.046 -30.2258 -136.375 
-156 -349.292 -63 58 -99.1986 -134.046 -30.2258 -136.375 
-150 -347.727 -63 58 -99.6313 -134.794 -30.841 -136.318 
-152 -349.149 -63 58 -99.1986 -134.046 -30.2258 -136.375 
-160 -348.984 -64 59 -96.9231 -134.014 -29.8213 -137.046 
-162 -349.827 -63 58 -99.1986 -134.046 -30.2258 -136.375 
-158 -357.387 -63 57 -89.8725 -136.216 -28.9133 -141.012 
-164 -346.11 -64 58 -99.2171 -134.833 -30.7668 -136.868 
-162 -349.874 -63 58 -99.1986 -134.046 -30.2258 -136.375 
-156 -347.34 -64 59 -98.0157 -134.762 -30.3306 -136.99 
-156 -348.31 -63 58 -99.6313 -134.794 -30.841 -136.318 
-148 -348.402 -64 59 -96.9231 -134.014 -29.8213 -137.046 
-150 -349.245 -63 58 -99.1986 -134.046 -30.2258 -136.375 
-168 -348.51 -64 57 -93.144 -140.088 -31.6118 -145.275 
-148 -349.149 -63 58 -99.1986 -134.046 -30.2258 -136.375 
-156 -348.355 -63 58 -99.6313 -134.794 -30.841 -136.318 
-158 -349.732 -63 58 -99.1986 -134.046 -30.2258 -136.375 
-150 -349.292 -63 58 -99.1986 -134.046 -30.2258 -136.375 
-156 -348.671 -63 58 -96.964 -132.591 -31.5341 -135.128 
-152 -343.921 -63 59 -103.049 -135.719 -32.3776 -132.601 
-160 -347.673 -63 59 -100.405 -134.794 -31.2469 -136.318 
-156 -358.062 -64 58 -87.1643 -135.436 -27.8937 -141.74 
-158 -358.905 -63 57 -89.4398 -135.468 -28.2981 -141.068 
-156 -348.497 -63 58 -99.6313 -134.794 -30.841 -136.318 
-162 -347.923 -64 59 -98.0157 -134.762 -30.3306 -136.99 
-162 -346.785 -65 59 -96.509 -134.053 -29.7472 -137.596 
-164 -347.628 -64 58 -98.7845 -134.085 -30.1517 -136.925 
-158 -358.952 -63 57 -89.4398 -135.468 -28.2981 -141.068 
-154 -348.015 -65 60 -95.3075 -133.982 -29.3109 -137.718 
-156 -348.858 -64 59 -97.583 -134.014 -29.7154 -137.046 
-154 -348.984 -64 59 -96.9231 -134.014 -29.8213 -137.046 
-156 -349.827 -63 58 -99.1986 -134.046 -30.2258 -136.375 
-154 -348.459 -63 58 -99.6313 -134.794 -30.841 -136.318 
-152 -357.387 -63 57 -89.8725 -136.216 -28.9133 -141.012 
-164 -347.675 -64 58 -98.7845 -134.085 -30.1517 -136.925 
-148 -348.129 -63 58 -99.6313 -134.794 -30.841 -136.318 
-154 -349.732 -63 58 -99.1986 -134.046 -30.2258 -136.375 
-162 -348.938 -63 58 -99.6313 -134.794 -30.841 -136.318 
-156 -348.905 -64 59 -97.583 -134.014 -29.7154 -137.046 
-166 -349.185 -65 58 -90.4359 -139.308 -30.5922 -146.004 
-168 -350.028 -64 57 -92.7113 -139.34 -30.9966 -145.332 
-154 -348.501 -63 58 -99.6313 -134.794 -30.841 -136.318 
-158 -346.11 -64 58 -99.2171 -134.833 -30.7668 -136.868 
-156 -349.873 -63 58 -99.1986 -134.046 -30.2258 -136.375 
-156 -349.874 -63 58 -99.1986 -134.046 -30.2258 -136.375 
-162 -349.254 -63 58 -96.964 -132.591 -31.5341 -135.128 
-154 -358.81 -63 57 -89.4398 -135.468 -28.2981 -141.068 
-150 -347.34 -64 59 -98.0157 -134.762 -30.3306 -136.99 
-154 -349.346 -64 59 -94.2559 -131.811 -30.5145 -135.857 
-158 -344.504 -63 59 -103.049 -135.719 -32.3776 -132.601 
-156 -350.189 -63 58 -96.5314 -131.843 -30.9189 -135.185 
-168 -350.075 -64 57 -92.7113 -139.34 -30.9966 -145.332 
-150 -344.596 -64 60 -100.341 -134.939 -31.3579 -133.329 
-156 -349.92 -63 58 -99.1986 -134.046 -30.2258 -136.375 
-152 -345.439 -63 59 -102.616 -134.971 -31.7624 -132.658 
-160 -347.532 -64 58 -98.7845 -134.085 -30.1517 -136.925 
-152 -348.763 -64 59 -97.583 -134.014 -29.7154 -137.046 
-166 -348.256 -63 59 -100.405 -134.794 -31.2469 -136.318 
-158 -347.854 -64 59 -98.0157 -134.762 -30.3306 -136.99 
-162 -348.51 -64 57 -93.144 -140.088 -31.6118 -145.275 
-156 -350.236 -63 58 -96.5314 -131.843 -30.9189 -135.185 
-150 -348.355 -63 58 -99.6313 -134.794 -30.841 -136.318 
-158 -348.348 -64 60 -97.6971 -134.014 -30.2272 -137.046 
-160 -349.191 -63 59 -99.9726 -134.046 -30.6317 -136.375 
-152 -345.486 -63 59 -102.616 -134.971 -31.7624 -132.658 
-150 -348.671 -63 58 -96.964 -132.591 -31.5341 -135.128 
-162 -348.125 -64 59 -98.0157 -134.762 -30.3306 -136.99 
-162 -349.079 -63 58 -99.6313 -134.794 -30.841 -136.318 
-164 -349.933 -64 57 -92.7113 -139.34 -30.9966 -145.332 
-146 -343.921 -63 59 -103.049 -135.719 -32.3776 -132.601 
-152 -349.778 -63 58 -99.1986 -134.046 -30.2258 -136.375 
-160 -349.238 -63 59 -99.9726 -134.046 -30.6317 -136.375 
-146 -345.276 -63 59 -102.761 -135.629 -31.6844 -133.022 
-152 -348.533 -63 58 -99.6313 -134.794 -30.841 -136.318 
-152 -350.094 -63 58 -96.5314 -131.843 -30.9189 -135.185 
-160 -348.598 -65 60 -95.3075 -133.982 -29.3109 -137.718 
-154 -347.673 -63 59 -100.405 -134.794 -31.2469 -136.318 
-162 -349.44 -64 59 -97.583 -134.014 -29.7154 -137.046 
-150 -350.714 -63 58 -98.2536 -134.016 -30.0513 -134.491 
-148 -345.344 -63 59 -102.616 -134.971 -31.7624 -132.658 
-152 -349.828 -63 58 -99.1986 -134.046 -30.2258 -136.375 
-154 -352.3 -63 58 -97.9659 -133.925 -29.3581 -134.912 
-160 -349.042 -63 58 -99.6313 -134.794 -30.841 -136.318 
-156 -348.298 -63 58 -100.324 -133.051 -30.841 -135.065 
-152 -349.134 -64 59 -96.9231 -134.014 -29.8213 -137.046 
-150 -358.062 -64 58 -87.1643 -135.436 -27.8937 -141.74 
-144 -351.761 -63 58 -97.9659 -133.925 -29.3581 -134.912 
-164 -345.723 -65 59 -97.6015 -134.801 -30.2565 -137.54 
-154 -349.976 -63 58 -99.1986 -134.046 -30.2258 -136.375 
-162 -349.487 -64 59 -97.583 -134.014 -29.7154 -137.046 
-152 -358.905 -63 57 -89.4398 -135.468 -28.2981 -141.068 
-150 -348.497 -63 58 -99.6313 -134.794 -30.841 -136.318 
-156 -349.096 -63 59 -99.9726 -134.046 -30.6317 -136.375 
-146 -348.803 -64 59 -96.9231 -134.014 -29.8213 -137.046 
-160 -348.126 -64 59 -98.0157 -134.762 -30.3306 -136.99 
-148 -349.646 -63 58 -99.1986 -134.046 -30.2258 -136.375 
-152 -349.875 -63 58 -99.1986 -134.046 -30.2258 -136.375 
FEATURES_TXT_END_0
FEATURES_TXT_BEGIN_0 48 81 8 Distortion0_0 LM0_0 WordPenalty0_0 PhrasePenalty0_0 TranslationModel0_0 TranslationModel0_1 TranslationModel0_2 TranslationModel0_3 
-73 -151.856 -24 24 -26.5001 -38.5813 -10.9595 -37.6723 
-59 -152.031 -24 24 -26.3302 -39.5412 -11.3649 -38.4455 
-71 -151.856 -24 24 -26.5001 -38.5813 -10.9595 -37.6723 
-67 -151.674 -24 24 -26.5001 -38.5813 -10.9595 -37.6723 
-83 -152.444 -24 24 -32.5502 -42.7878 -10.0088 -35.6042 
-65 -151.674 -24 24 -26.5001 -38.5813 -10.9595 -37.6723 
-66 -151.855 -24 24 -26.5001 -38.5813 -10.9595 -37.6723 
-69 -152.149 -24 24 -25.2207 -37.7642 -11.9101 -38.3541 
-65 -151.856 -24 24 -26.5001 -38.5813 -10.9595 -37.6723 
-69 -152.15 -24 24 -25.2207 -37.7642 -11.9101 -38.3541 
-81 -152.799 -24 24 -26.5001 -38.5813 -10.9595 -37.6723 
-64 -151.855 -24 24 -26.5001 -38.5813 -10.9595 -37.6723 
-60 -151.674 -24 24 -26.5001 -38.5813 -10.9595 -37.6723 
-88 -152.711 -24 24 -32.5502 -42.7878 -10.0088 -35.6042 
-63 -151.856 -24 24 -26.5001 -38.5813 -10.9595 -37.6723 
-67 -153.003 -24 24 -26.5001 -38.5813 -10.9595 -37.6723 
-64 -152.821 -24 24 -26.5001 -38.5813 -10.9595 -37.6723 
-59 -151.674 -24 24 -26.5001 -38.5813 -10.9595 -37.6723 
-63 -152.212 -24 24 -26.3302 -39.5412 -11.3649 -38.4455 
-75 -152.618 -24 24 -26.5001 -38.5813 -10.9595 -37.6723 
-58 -151.674 -24 24 -26.5001 -38.5813 -10.9595 -37.6723 
-77 -152.212 -24 24 -26.3302 -39.5412 -11.3649 -38.4455 
-61 -151.856 -24 24 -26.5001 -38.5813 -10.9595 -37.6723 
-67 -151.206 -24 24 -25.2207 -37.7642 -11.9101 -38.3541 
-60 -152.031 -24 24 -26.3302 -39.5412 -11.3649 -38.4455 
-57 -151.674 -24 24 -26.5001 -38.5813 -10.9595 -37.6723 
-61 -152.618 -24 24 -26.5001 -38.5813 -10.9595 -37.6723 
-61 -152.619 -24 24 -26.5001 -38.5813 -10.9595 -37.6723 
-65 -151.206 -24 24 -25.2207 -37.7642 -11.9101 -38.3541 
-75 -152.8 -24 24 -26.5001 -38.5813 -10.9595 -37.6723 
-75 -152.799 -24 24 -26.5001 -38.5813 -10.9595 -37.6723 
-71 -152.031 -24 24 -26.3302 -39.5412 -11.3649 -38.4455 
-55 -151.674 -24 24 -26.5001 -38.5813 -10.9595 -37.6723 
-74 -152.799 -24 24 -26.5001 -38.5813 -10.9595 -37.6723 
-73 -152.212 -24 24 -26.3302 -39.5412 -11.3649 -38.4455 
-77 -153.003 -24 24 -26.5001 -38.5813 -10.9595 -37.6723 
-73 -152.799 -24 24 -26.5001 -38.5813 -10.9595 -37.6723 
-69 -152.619 -24 24 -26.5001 -38.5813 -10.9595 -37.6723 
-69 -152.618 -24 24 -26.5001 -38.5813 -10.9595 -37.6723 
-71 -152.212 -24 24 -26.3302 -39.5412 -11.3649 -38.4455 
-75 -153.003 -24 24 -26.5001 -38.5813 -10.9595 -37.6723 
-68 -152.618 -24 24 -26.5001 -38.5813 -10.9595 -37.6723 
-71 -152.799 -24 24 -26.5001 -38.5813 -10.9595 -37.6723 
-67 -152.031 -24 24 -26.3302 -39.5412 -11.3649 -38.4455 
-70 -152.212 -24 24 -26.3302 -39.5412 -11.3649 -38.4455 
-71 -152.821 -24 24 -26.5001 -38.5813 -10.9595 -37.6723 
-60 -151.206 -24 24 -25.2207 -37.7642 -11.9101 -38.3541 
-89 -152.711 -24 24 -32.5502 -42.7878 -10.0088 -35.6042 
-95 -152.711 -24 24 -32.5502 -42.7878 -10.0088 -35.6042 
-67 -152.618 -24 24 -26.5001 -38.5813 -10.9595 -37.6723 
-69 -152.212 -24 24 -26.3302 -39.5412 -11.3649 -38.4455 
-59 -151.206 -24 24 -25.2207 -37.7642 -11.9101 -38.3541 
-68 -153.002 -24 24 -26.5001 -38.5813 -10.9595 -37.6723 
-75 -152.149 -24 24 -25.2207 -37.7642 -11.9101 -38.3541 
-65 -152.031 -24 24 -26.3302 -39.5412 -11.3649 -38.4455 
-69 -152.821 -24 24 -26.5001 -38.5813 -10.9595 -37.6723 
-58 -151.206 -24 24 -25.2207 -37.7642 -11.9101 -38.3541 
-65 -152.618 -24 24 -26.5001 -38.5813 -10.9595 -37.6723 
-68 -152.8 -24 24 -26.5001 -38.5813 -10.9595 -37.6723 
-68 -152.799 -24 24 -26.5001 -38.5813 -10.9595 -37.6723 
-64 -152.031 -24 24 -26.3302 -39.5412 -11.3649 -38.4455 
-67 -152.212 -24 24 -26.3302 -39.5412 -11.3649 -38.4455 
-57 -151.206 -24 24 -25.2207 -37.7642 -11.9101 -38.3541 
-64 -152.212 -24 24 -26.3302 -39.5412 -11.3649 -38.4455 
-91 -152.799 -24 24 -32.5502 -42.7878 -10.0088 -35.6042 
-89 -152.53 -24 24 -32.5502 -42.7878 -10.0088 -35.6042 
-67 -152.8 -24 24 -26.5001 -38.5813 -10.9595 -37.6723 
-67 -152.799 -24 24 -26.5001 -38.5813 -10.9595 -37.6723 
-63 -152.031 -24 24 -26.3302 -39.5412 -11.3649 -38.4455 
-66 -152.212 -24 24 -26.3302 -39.5412 -11.3649 -38.4455 
-70 -153.002 -24 24 -26.5001 -38.5813 -10.9595 -37.6723 
-65 -152.212 -24 24 -26.3302 -39.5412 -11.3649 -38.4455 
-71 -151.562 -24 24 -25.0508 -38.7242 -12.3155 -39.1273 
-55 -151.206 -24 24 -25.2207 -37.7642 -11.9101 -38.3541 
-69 -153.003 -24 24 -26.5001 -38.5813 -10.9595 -37.6723 
-62 -152.619 -24 24 -26.5001 -38.5813 -10.9595 -37.6723 
-62 -152.618 -24 24 -26.5001 -38.5813 -10.9595 -37.6723 
-65 -152.8 -24 24 -26.5001 -38.5813 -10.9595 -37.6723 
-65 -152.799 -24 24 -26.5001 -38.5813 -10.9595 -37.6723 
-85 -152.444 -24 24 -32.5502 -42.7878 -10.0088 -35.6042 
-61 -152.031 -24 24 -26.3302 -39.5412 -11.3649 -38.4455 
FEATURES_TXT_END_0
FEATURES_TXT_BEGIN_0 49 88 8 Distortion0_0 LM0_0 WordPenalty0_0 PhrasePenalty0_0 TranslationModel0_0 TranslationModel0_1 TranslationModel0_2 TranslationModel0_3 
-68 -187.146 -32 27 -63.8297 -85.0111 -16.1813 -55.7468 
-66 -187.146 -32 27 -63.8297 -85.0111 -16.1813 -55.7468 
-73 -187.8 -32 27 -63.8297 -85.0111 -16.1813 -55.7468 
-84 -185.514 -32 27 -69.238 -90.0215 -16.1813 -57.3562 
-71 -187.8 -32 27 -63.8297 -85.0111 -16.1813 -55.7468 
-82 -185.514 -32 27 -69.238 -90.0215 -16.1813 -57.3562 
-70 -187.8 -32 27 -63.8297 -85.0111 -16.1813 -55.7468 
-79 -189.207 -32 27 -66.521 -87.463 -15.4882 -56.0833 
-74 -185.287 -32 27 -69.238 -90.0215 -16.1813 -57.3562 
-89 -186.168 -32 27 -69.238 -90.0215 -16.1813 -57.3562 
-72 -185.287 -32 27 -69.238 -90.0215 -16.1813 -57.3562 
-84 -188.993 -32 27 -65.8934 -87.3753 -15.4882 -56.9042 
-87 -186.168 -32 27 -69.238 -90.0215 -16.1813 -57.3562 
-78 -188.702 -32 27 -65.8934 -87.3753 -15.4882 -56.9042 
-86 -186.168 -32 27 -69.238 -90.0215 -16.1813 -57.3562 
-68 -188.578 -32 27 -66.521 -87.463 -15.4882 -56.0833 
-66 -187.952 -32 27 -63.8297 -85.0111 -16.1813 -55.7468 
-82 -188.993 -32 27 -65.8934 -87.3753 -15.4882 -56.9042 
-76 -188.702 -32 27 -65.8934 -87.3753 -15.4882 -56.9042 
-64 -187.952 -32 27 -63.8297 -85.0111 -16.1813 -55.7468 
-80 -189.002 -32 27 -65.8934 -87.3753 -15.4882 -56.9042 
-79 -185.94 -32 27 -69.238 -90.0215 -16.1813 -57.3562 
-78 -188.802 -32 27 -63.8297 -85.0111 -16.1813 -55.7468 
-72 -188.459 -32 27 -63.8297 -85.0111 -16.1813 -55.7468 
-74 -191.718 -32 28 -64.6871 -84.7745 -14.5223 -54.6563 
-80 -186.552 -32 27 -69.238 -90.0215 -16.1813 -57.3562 
-78 -188.914 -32 27 -65.8934 -87.3753 -15.4882 -56.9042 
-78 -185.899 -32 27 -69.238 -90.0215 -16.1813 -57.3562 
-78 -185.93 -32 27 -69.238 -90.0215 -16.1813 -57.3562 
-76 -188.553 -32 27 -66.521 -87.463 -15.4882 -56.0833 
-78 -189.002 -32 27 -65.8934 -87.3753 -15.4882 -56.9042 
-77 -185.941 -32 27 -69.238 -90.0215 -16.1813 -57.3562 
-76 -188.905 -32 27 -65.8934 -87.3753 -15.4882 -56.9042 
-89 -189.646 -32 27 -65.8934 -87.3753 -15.4882 -56.9042 
-76 -188.802 -32 27 -63.8297 -85.0111 -16.1813 -55.7468 
-70 -188.459 -32 27 -63.8297 -85.0111 -16.1813 -55.7468 
-76 -188.914 -32 27 -65.8934 -87.3753 -15.4882 -56.9042 
-76 -185.899 -32 27 -69.238 -90.0215 -16.1813 -57.3562 
-80 -189.567 -32 27 -65.8934 -87.3753 -15.4882 -56.9042 
-58 -187.806 -32 27 -63.8297 -85.0111 -16.1813 -55.7468 
-76 -185.93 -32 27 -69.238 -90.0215 -16.1813 -57.3562 
-83 -189.356 -32 27 -65.8934 -87.3753 -15.4882 -56.9042 
-76 -185.941 -32 27 -69.238 -90.0215 -16.1813 -57.3562 
-76 -185.94 -32 27 -69.238 -90.0215 -16.1813 -57.3562 
-74 -188.851 -32 27 -65.8934 -87.3753 -15.4882 -56.9042 
-74 -188.553 -32 27 -66.521 -87.463 -15.4882 -56.0833 
-71 -188.605 -32 27 -63.8297 -85.0111 -16.1813 -55.7468 
-74 -188.905 -32 27 -65.8934 -87.3753 -15.4882 -56.9042 
-87 -189.646 -32 27 -65.8934 -87.3753 -15.4882 -56.9042 
-74 -185.899 -32 27 -69.238 -90.0215 -16.1813 -57.3562 
-81 -189.356 -32 27 -65.8934 -87.3753 -15.4882 -56.9042 
-86 -189.646 -32 27 -65.8934 -87.3753 -15.4882 -56.9042 
-80 -189.568 -32 27 -65.8934 -87.3753 -15.4882 -56.9042 
-72 -188.851 -32 27 -65.8934 -87.3753 -15.4882 -56.9042 
-80 -189.215 -32 27 -63.8297 -85.0111 -16.1813 -55.7468 
-69 -188.605 -32 27 -63.8297 -85.0111 -16.1813 -55.7468 
-80 -189.356 -32 27 -65.8934 -87.3753 -15.4882 -56.9042 
-74 -189.113 -32 27 -63.8297 -85.0111 -16.1813 -55.7468 
-68 -188.687 -32 27 -65.8934 -87.3753 -15.4882 -56.9042 
-85 -189.656 -32 27 -65.8934 -87.3753 -15.4882 -56.9042 
-83 -189.455 -32 27 -63.8297 -85.0111 -16.1813 -55.7468 
-77 -189.113 -32 27 -63.8297 -85.0111 -16.1813 -55.7468 
-54 -187.806 -32 27 -63.8297 -85.0111 -16.1813 -55.7468 
-68 -188.605 -32 27 -63.8297 -85.0111 -16.1813 -55.7468 
-83 -189.567 -32 27 -65.8934 -87.3753 -15.4882 -56.9042 
-80 -189.455 -32 27 -63.8297 -85.0111 -16.1813 -55.7468 
-83 -186.552 -32 27 -69.238 -90.0215 -16.1813 -57.3562 
-70 -188.835 -32 27 -65.8934 -87.3753 -15.4882 -56.9042 
-78 -189.312 -32 27 -65.8934 -87.3753 -15.4882 -56.9042 
-83 -186.583 -32 27 -69.238 -90.0215 -16.1813 -57.3562 
-78 -189.215 -32 27 -63.8297 -85.0111 -16.1813 -55.7468 
-66 -188.326 -32 27 -66.521 -87.463 -15.4882 -56.0833 
-81 -189.207 -32 27 -66.521 -87.463 -15.4882 -56.0833 
-66 -188.687 -32 27 -65.8934 -87.3753 -15.4882 -56.9042 
-83 -189.656 -32 27 -65.8934 -87.3753 -15.4882 -56.9042 
-84 -186.704 -32 27 -69.238 -90.0215 -16.1813 -57.3562 
-70 -188.93 -32 27 -65.8934 -87.3753 -15.4882 -56.9042 
-81 -189.558 -32 27 -65.8934 -87.3753 -15.4882 -56.9042 
-81 -189.455 -32 27 -63.8297 -85.0111 -16.1813 -55.7468 
-81 -189.568 -32 27 -65.8934 -87.3753 -15.4882 -56.9042 
-81 -186.552 -32 27 -69.238 -90.0215 -16.1813 -57.3562 
-64 -188.326 -32 27 -66.521 -87.463 -15.4882 -56.0833 
-68 -188.835 -32 27 -65.8934 -87.3753 -15.4882 -56.9042 
-66 -188.411 -32 27 -66.521 -87.463 -15.4882 -56.0833 
-76 -189.312 -32 27 -65.8934 -87.3753 -15.4882 -56.9042 
-82 -189.656 -32 27 -65.8934 -87.3753 -15.4882 -56.9042 
-79 -189.504 -32 27 -65.8934 -87.3753 -15.4882 -56.9042 
-81 -186.583 -32 27 -69.238 -90.0215 -16.1813 -57.3562 
FEATURES_TXT_END_0
FEATURES_TXT_BEGIN_0 50 100 8 Distortion0_0 LM0_0 WordPenalty0_0 PhrasePenalty0_0 TranslationModel0_0 TranslationModel0_1 TranslationModel0_2 TranslationModel0_3 
-139 -275.199 -58 51 -78.9951 -119.089 -37.9048 -129.458 
-129 -273.475 -59 51 -77.6413 -118.401 -37.368 -128.525 
-137 -269.635 -57 52 -85.6126 -117.973 -40.8034 -124.968 
-137 -266.919 -57 52 -87.4043 -120.99 -41.902 -126.067 
-147 -276.102 -58 52 -76.9588 -114.994 -38.5454 -127.475 
-137 -274.378 -59 52 -75.6051 -114.307 -38.0086 -126.542 
-145 -276.102 -58 52 -76.9588 -114.994 -38.5454 -127.475 
-137 -273.047 -57 51 -81.9757 -118.062 -40.0373 -128.141 
-141 -275.9 -58 51 -78.9951 -119.089 -37.9048 -129.458 
-135 -274.378 -59 52 -75.6051 -114.307 -38.0086 -126.542 
-127 -271.323 -58 51 -80.622 -117.374 -39.5005 -127.208 
-131 -274.176 -59 51 -77.6413 -118.401 -37.368 -128.525 
-155 -270.973 -57 52 -85.6126 -117.973 -40.8034 -124.968 
-155 -268.257 -57 52 -87.4043 -120.99 -41.902 -126.067 
-147 -276.568 -58 52 -78.9429 -113.733 -37.8061 -124.951 
-129 -269.635 -57 52 -85.6126 -117.973 -40.8034 -124.968 
-147 -273.852 -58 52 -80.7346 -116.75 -38.9047 -126.05 
-129 -266.919 -57 52 -87.4043 -120.99 -41.902 -126.067 
-147 -274.544 -58 51 -82.606 -121.193 -37.9048 -130.333 
-137 -266.756 -58 53 -85.1288 -120.958 -41.4976 -126.739 
-145 -273.95 -57 52 -79.9394 -113.967 -40.6779 -126.159 
-147 -273.138 -58 52 -77.8526 -115.291 -40.2502 -128.47 
-137 -272.82 -59 51 -81.2523 -120.506 -37.368 -129.4 
-129 -276.723 -58 51 -78.74 -116.512 -37.368 -125.562 
-127 -266.976 -57 52 -87.4043 -120.99 -41.902 -126.067 
-135 -272.226 -58 52 -78.5857 -113.28 -40.1411 -125.225 
-137 -271.414 -59 52 -76.4989 -114.603 -39.7134 -127.537 
-127 -263.582 -57 52 -90.7332 -124.577 -42.8183 -128.691 
-143 -266.696 -57 52 -87.837 -121.738 -42.5172 -126.01 
-143 -273.95 -57 52 -79.9394 -113.967 -40.6779 -126.159 
-131 -279.89 -58 51 -76.855 -115.718 -36.2954 -125.224 
-147 -270.973 -57 52 -85.6126 -117.973 -40.8034 -124.968 
-141 -271.987 -58 52 -83.0646 -119.748 -39.2861 -126.228 
-145 -273.138 -58 52 -77.8526 -115.291 -40.2502 -128.47 
-137 -270.426 -57 52 -85.6126 -117.973 -40.8034 -124.968 
-139 -273.748 -57 51 -81.9757 -118.062 -40.0373 -128.141 
-157 -280.15 -58 51 -77.2033 -116.072 -36.8062 -128.359 
-133 -272.226 -58 52 -78.5857 -113.28 -40.1411 -125.225 
-147 -268.257 -57 52 -87.4043 -120.99 -41.902 -126.067 
-141 -273.838 -58 52 -80.7346 -116.75 -38.9047 -126.05 
-135 -271.414 -59 52 -76.4989 -114.603 -39.7134 -127.537 
-157 -277.434 -58 51 -78.9951 -119.089 -37.9048 -129.458 
-129 -272.024 -58 51 -80.622 -117.374 -39.5005 -127.208 
-145 -274.009 -58 52 -78.7505 -118.011 -39.644 -128.573 
-147 -278.426 -59 51 -75.8496 -115.385 -36.2694 -127.426 
-137 -275.724 -57 52 -81.1602 -114.231 -39.194 -124.201 
-141 -275.441 -58 51 -80.6854 -116.783 -37.9048 -126.739 
-153 -273.144 -58 51 -77.3913 -120.283 -40.6628 -135.783 
-139 -276.568 -58 52 -78.9429 -113.733 -37.8061 -124.951 
-123 -266.976 -57 52 -87.4043 -120.99 -41.902 -126.067 
-133 -271.395 -57 52 -85.3575 -115.397 -40.2666 -121.073 
-147 -275.71 -59 51 -77.6413 -118.401 -37.368 -128.525 
-135 -272.285 -59 52 -77.3968 -117.323 -39.1072 -127.64 
-137 -273.008 -57 52 -82.9519 -117.248 -40.2926 -125.3 
-145 -276.836 -58 51 -78.9951 -119.089 -37.9048 -129.458 
-143 -275.999 -59 52 -76.7196 -119.057 -37.5004 -130.129 
-145 -268.98 -57 52 -89.2235 -120.078 -40.8034 -125.844 
-139 -273.852 -58 52 -80.7346 -116.75 -38.9047 -126.05 
-143 -271.42 -59 51 -76.0376 -119.596 -40.126 -134.849 
-133 -268.678 -57 52 -87.1492 -118.414 -41.3652 -122.172 
-139 -276.52 -58 51 -78.9951 -119.089 -37.9048 -129.458 
-147 -267.686 -58 53 -85.1288 -120.958 -41.4976 -126.739 
-139 -276.529 -58 51 -78.9951 -119.089 -37.9048 -129.458 
-145 -268.315 -57 52 -87.4043 -120.99 -41.902 -126.067 
-135 -275.112 -59 51 -77.6413 -118.401 -37.368 -128.525 
-145 -266.264 -57 52 -91.0152 -123.094 -41.902 -126.942 
-133 -274.275 -60 52 -75.3659 -118.369 -36.9636 -129.196 
-151 -273.144 -58 51 -77.3913 -120.283 -40.6628 -135.783 
-155 -275.447 -58 52 -80.5697 -117.099 -38.5454 -128.35 
-129 -274.796 -59 51 -77.6413 -118.401 -37.368 -128.525 
-145 -267.659 -58 54 -83.0926 -116.863 -42.1382 -124.756 
-145 -264.92 -57 52 -90.7332 -124.577 -42.8183 -128.691 
-129 -274.805 -59 51 -77.6413 -118.401 -37.368 -128.525 
-153 -280.163 -58 51 -77.2033 -116.072 -36.8062 -128.359 
-123 -267.116 -57 52 -87.4043 -120.99 -41.902 -126.067 
-141 -271.42 -59 51 -76.0376 -119.596 -40.126 -134.849 
-131 -273.606 -57 52 -82.5952 -120.296 -40.0078 -128.925 
-145 -273.723 -59 52 -79.216 -116.411 -38.0086 -127.417 
-153 -275.749 -58 52 -77.6792 -115.611 -39.3201 -127.213 
-139 -276.642 -58 51 -78.9951 -119.089 -37.9048 -129.458 
-137 -277.626 -58 52 -76.7037 -112.418 -38.0086 -123.58 
-137 -276.529 -58 51 -78.9951 -119.089 -37.9048 -129.458 
-153 -277.447 -58 51 -78.9951 -119.089 -37.9048 -129.458 
-155 -271.764 -57 52 -85.6126 -117.973 -40.8034 -124.968 
-143 -278.439 -59 51 -75.8496 -115.385 -36.2694 -127.426 
-137 -268.464 -57 52 -86.5891 -119.976 -41.8882 -125.021 
-137 -273.909 -58 52 -80.7346 -116.75 -38.9047 -126.05 
-155 -274.195 -58 52 -77.8526 -117.088 -40.2502 -129.358 
-131 -270.89 -57 52 -84.387 -123.313 -41.1064 -130.024 
-155 -273.497 -58 51 -77.3913 -120.283 -40.6628 -135.783 
-119 -266.976 -57 52 -87.4043 -120.99 -41.902 -126.067 
-153 -275.447 -58 52 -80.5697 -117.099 -38.5454 -128.35 
-143 -274.025 -59 52 -76.3255 -114.923 -38.7833 -126.28 
-143 -267.659 -58 54 -83.0926 -116.863 -42.1382 -124.756 
-129 -274.918 -59 51 -77.6413 -118.401 -37.368 -128.525 
-127 -274.805 -59 51 -77.6413 -118.401 -37.368 -128.525 
-143 -275.723 -59 51 -77.6413 -118.401 -37.368 -128.525 
-151 -267.599 -57 53 -85.8007 -117.643 -43.1579 -124.027 
-145 -272.392 -57 51 -85.5866 -120.166 -40.0373 -129.017 
-137 -270.514 -58 52 -84.0635 -120.336 -39.821 -128.675 
FEATURES_TXT_END_0
FEATURES_TXT_BEGIN_0 51 100 8 Distortion0_0 LM0_0 WordPenalty0_0 PhrasePenalty0_0 TranslationModel0_0 TranslationModel0_1 TranslationModel0_2 TranslationModel0_3 
-63 -93.1351 -19 18 -33.0448 -47.8911 -12.4002 -45.9634 
-85 -91.394 -20 19 -29.6218 -50.276 -13.9435 -50.9658 
-69 -90.8067 -21 20 -29.2676 -49.6445 -12.3319 -49.7062 
-77 -91.067 -20 19 -29.6218 -50.276 -13.9435 -50.9658 
-61 -94.1231 -20 19 -31.9974 -46.1827 -10.7886 -45.7154 
-69 -94.3833 -19 18 -32.3517 -46.8141 -12.4002 -46.975 
-67 -93.1068 -19 18 -33.0448 -50.8883 -13.0934 -46.8107 
-77 -90.9462 -20 19 -30.3149 -51.353 -13.9435 -49.9542 
-77 -92.1665 -20 19 -28.2781 -51.1677 -13.9435 -51.0528 
-69 -94.2626 -19 18 -33.0448 -47.8911 -12.4002 -45.9634 
-67 -94.1651 -19 18 -33.0448 -47.8911 -12.4002 -45.9634 
-65 -93.6784 -20 19 -31.9974 -49.1798 -11.4817 -46.5627 
-63 -94.5326 -20 19 -31.9974 -46.1827 -10.7886 -45.7154 
-61 -94.9162 -20 19 -31.1822 -45.1685 -10.7748 -44.6696 
-73 -93.9386 -19 18 -32.3517 -49.8112 -13.0934 -47.8223 
-57 -88.5859 -19 18 -36.0588 -48.8123 -14.3743 -45.0305 
-83 -90.2017 -21 19 -28.8842 -47.2788 -13.2504 -50.1185 
-69 -91.2321 -21 20 -29.2676 -49.6445 -12.3319 -49.7062 
-71 -94.7928 -19 18 -32.3517 -46.8141 -12.4002 -46.975 
-69 -95.1764 -19 18 -31.5364 -45.7999 -12.3865 -45.9291 
-69 -92.4523 -21 20 -27.2307 -49.4592 -12.3319 -50.8048 
-67 -93.8999 -19 18 -32.2295 -49.8741 -13.0796 -45.7648 
-69 -95.0557 -19 18 -32.2295 -46.877 -12.3865 -44.9175 
-67 -94.9582 -19 18 -32.2295 -46.877 -12.3865 -44.9175 
-83 -91.9806 -20 19 -29.6218 -50.276 -13.9435 -50.9658 
-65 -94.4715 -20 19 -31.1822 -48.1656 -11.4679 -45.5169 
-63 -94.5874 -19 18 -32.3517 -46.8141 -12.4002 -46.975 
-73 -94.7317 -19 18 -31.5364 -48.7971 -13.0796 -46.7764 
-71 -92.3566 -21 20 -28.4523 -48.6304 -12.3181 -48.6604 
-85 -92.2128 -20 19 -30.3149 -51.353 -13.9435 -49.9542 
-79 -92.6168 -20 19 -28.8065 -49.2618 -13.9297 -49.92 
-67 -95.1324 -19 18 -31.0079 -50.7029 -13.0934 -47.9093 
-67 -94.9252 -19 18 -33.0448 -47.8912 -12.4002 -45.9634 
-67 -94.5043 -20 19 -31.9974 -49.1798 -11.4817 -46.5627 
-65 -91.154 -20 19 -30.3149 -51.353 -13.9435 -49.9542 
-69 -96.2344 -19 18 -31.0079 -47.7058 -12.4002 -47.062 
-73 -91.9061 -20 19 -29.6218 -50.276 -13.9435 -50.9658 
-75 -94.7645 -19 18 -32.3517 -49.8112 -13.0934 -47.8223 
-57 -94.4703 -19 18 -33.0448 -47.8911 -12.4002 -45.9634 
-67 -95.5626 -20 19 -31.9974 -46.1827 -10.7886 -45.7154 
-73 -95.6683 -19 18 -31.0079 -50.7029 -13.0934 -47.9093 
-77 -92.4987 -21 20 -29.2676 -49.6445 -12.3319 -49.7062 
-63 -96.0494 -19 18 -31.0079 -47.7058 -12.4002 -47.062 
-75 -95.8228 -19 18 -32.3517 -46.8141 -12.4002 -46.975 
-57 -89.9834 -20 19 -35.0114 -47.1038 -12.7627 -44.7825 
-87 -93.17 -21 20 -29.2676 -49.6445 -12.3319 -49.7062 
-65 -90.2436 -19 18 -35.3656 -47.7352 -14.3743 -46.0421 
-67 -95.2974 -20 19 -31.1822 -48.1656 -11.4679 -45.5169 
-67 -94.5592 -19 18 -32.3517 -49.8112 -13.0934 -47.8223 
-69 -97.0275 -19 18 -30.1927 -46.6916 -12.3865 -46.0162 
-65 -95.8701 -20 19 -29.9605 -48.9944 -11.4817 -47.6613 
-77 -92.3986 -20 19 -29.6218 -50.276 -13.9435 -50.9658 
-69 -93.3917 -21 20 -27.2307 -49.4592 -12.3319 -50.8048 
-75 -95.5576 -19 18 -31.5364 -48.7971 -13.0796 -46.7764 
-61 -94.0256 -19 18 -33.0448 -50.8883 -13.0934 -46.8107 
-77 -93.6188 -20 19 -27.5849 -50.0906 -13.9435 -52.0644 
-73 -95.6608 -19 18 -33.0448 -47.8911 -12.4002 -45.9634 
-73 -96.1303 -19 18 -30.3148 -49.6259 -13.0934 -48.9209 
-67 -95.7961 -19 18 -30.3148 -49.6259 -13.0934 -48.9209 
-59 -94.8798 -19 18 -33.0448 -47.8911 -12.4002 -45.9634 
-57 -95.2634 -19 18 -32.2295 -46.877 -12.3865 -44.9175 
-67 -94.6519 -19 18 -32.3517 -49.8112 -13.0934 -47.8223 
-77 -93.6519 -20 19 -27.5849 -50.0906 -13.9435 -52.0644 
-69 -95.7149 -19 18 -32.3517 -46.8141 -12.4002 -46.975 
-83 -91.0205 -21 19 -29.5773 -48.3559 -13.2504 -49.1069 
-67 -96.3557 -20 19 -31.1822 -45.1685 -10.7748 -44.6696 
-67 -95.6175 -19 18 -32.3517 -46.8141 -12.4002 -46.975 
-65 -91.5793 -20 19 -30.3149 -51.353 -13.9435 -49.9542 
-75 -96.6159 -19 18 -31.5364 -45.7999 -12.3865 -45.9291 
-85 -94.1824 -20 19 -27.5849 -50.0906 -13.9435 -52.0644 
-65 -92.7996 -20 19 -28.2781 -51.1677 -13.9435 -51.0528 
-73 -94.2384 -20 19 -28.2781 -48.1705 -13.2504 -50.2055 
-73 -87.9417 -20 19 -33.3289 -49.277 -15.2245 -48.174 
-57 -90.0382 -19 18 -35.3656 -47.7352 -14.3743 -46.0421 
-67 -95.723 -19 18 -31.0079 -50.7029 -13.0934 -47.9093 
-65 -91.9609 -20 19 -29.6218 -50.276 -13.9435 -50.9658 
-67 -95.3523 -19 18 -31.5364 -48.7971 -13.0796 -46.7764 
-83 -92.7993 -20 19 -30.3149 -51.353 -13.9435 -49.9542 
-73 -94.9726 -19 18 -33.0448 -50.8883 -13.0934 -46.8107 
-59 -97.5122 -19 18 -29.8668 -44.8618 -11.9948 -45.5579 
-57 -95.2773 -19 18 -32.3517 -46.8141 -12.4002 -46.975 
-61 -94.8187 -19 18 -32.2295 -49.8741 -13.0796 -45.7648 
-63 -94.965 -20 19 -31.9974 -49.1798 -11.4817 -46.5627 
-69 -96.508 -19 18 -31.5364 -45.7999 -12.3865 -45.9292 
-67 -95.8953 -19 18 -31.0079 -50.7029 -13.0934 -47.9093 
-67 -96.4106 -19 18 -31.5364 -45.7999 -12.3865 -45.9291 
-67 -95.2067 -20 18 -28.7354 -48.3559 -12.4002 -49.1069 
-73 -95.5877 -20 19 -31.9974 -49.1798 -11.4817 -46.5627 
-71 -95.2252 -19 18 -32.3517 -49.8112 -13.0934 -47.8223 
-65 -95.1745 -20 19 -31.9974 -49.1798 -11.4817 -46.5627 
-77 -93.6227 -21 20 -28.4523 -48.6304 -12.3181 -48.6604 
-67 -96.9536 -19 18 -31.0079 -47.7058 -12.4002 -47.062 
-67 -94.8431 -19 18 -33.0448 -50.8883 -13.0934 -46.8107 
-73 -95.4347 -19 18 -32.3517 -49.8112 -13.0934 -47.8223 
-85 -93.883 -20 19 -28.8065 -49.2618 -13.9297 -49.92 
-83 -93.2831 -20 19 -29.6218 -50.276 -13.9435 -50.9658 
-67 -96.5299 -20 19 -29.9605 -48.9944 -11.4817 -47.6613 
-63 -95.5918 -19 18 -33.0448 -47.8911 -12.4002 -45.9634 
-71 -95.1045 -19 18 -33.0448 -50.8883 -13.0934 -46.8107 
-67 -96.3227 -20 19 -31.9974 -46.1827 -10.7886 -45.7154 
FEATURES_TXT_END_0
FEATURES_TXT_BEGIN_0 52 92 8 Distortion0_0 LM0_0 WordPenalty0_0 PhrasePenalty0_0 TranslationModel0_0 TranslationModel0_1 TranslationModel0_2 TranslationModel0_3 
-90 -171.719 -29 29 -56.0965 -58.3829 -15.3893 -48.1693 
-90 -174.388 -29 29 -51.9534 -57.1406 -15.3893 -49.2679 
-82 -172.059 -29 29 -56.0965 -58.3829 -15.3893 -48.1693 
-92 -175.104 -29 29 -51.9534 -57.1406 -15.3893 -49.2679 
-92 -176.745 -29 29 -52.2411 -55.2215 -14.2907 -47.5939 
-96 -173.06 -29 29 -56.0965 -58.3829 -15.3893 -48.1693 
-93 -174.315 -29 29 -55.5643 -59.2451 -15.3893 -50.1434 
-90 -176.745 -29 29 -52.2411 -55.2215 -14.2907 -47.5939 
-82 -174.727 -29 29 -51.9534 -57.1406 -15.3893 -49.2679 
-94 -173.06 -29 29 -56.0965 -58.3829 -15.3893 -48.1693 
-85 -172.577 -29 29 -56.0965 -58.3829 -15.3893 -48.1693 
-85 -172.611 -29 29 -56.0965 -58.3829 -15.3893 -48.1693 
-84 -171.426 -29 29 -55.853 -56.736 -16.0824 -46.8343 
-87 -172.774 -29 29 -56.0965 -58.3829 -15.3893 -48.1693 
-87 -172.807 -29 29 -56.0965 -58.3829 -15.3893 -48.1693 
-88 -172.88 -29 29 -56.0965 -58.3829 -15.3893 -48.1693 
-83 -172.611 -29 29 -56.0965 -58.3829 -15.3893 -48.1693 
-96 -175.728 -29 29 -51.9534 -57.1406 -15.3893 -49.2679 
-90 -173.852 -29 29 -56.0965 -58.3829 -15.3893 -48.1693 
-94 -169.501 -29 29 -57.1059 -59.2244 -17.201 -49.643 
-93 -173.23 -29 29 -56.0965 -58.3829 -15.3893 -48.1693 
-85 -172.807 -29 29 -56.0965 -58.3829 -15.3893 -48.1693 
-92 -169.452 -29 29 -57.1059 -59.2244 -17.201 -49.643 
-86 -172.904 -29 29 -56.0965 -58.3829 -15.3893 -48.1693 
-94 -175.728 -29 29 -51.9534 -57.1406 -15.3893 -49.2679 
-91 -173.23 -29 29 -56.0965 -58.3829 -15.3893 -48.1693 
-85 -175.246 -29 29 -51.9534 -57.1406 -15.3893 -49.2679 
-85 -175.28 -29 29 -51.9534 -57.1406 -15.3893 -49.2679 
-84 -174.095 -29 29 -51.7099 -55.4936 -16.0824 -47.9329 
-84 -172.904 -29 29 -56.0965 -58.3829 -15.3893 -48.1693 
-87 -175.442 -29 29 -51.9534 -57.1406 -15.3893 -49.2679 
-87 -175.476 -29 29 -51.9534 -57.1406 -15.3893 -49.2679 
-92 -173.414 -29 29 -56.0965 -58.3829 -15.3893 -48.1693 
-88 -175.549 -29 29 -51.9534 -57.1406 -15.3893 -49.2679 
-83 -175.28 -29 29 -51.9534 -57.1406 -15.3893 -49.2679 
-94 -172.169 -29 29 -52.9628 -57.9821 -17.201 -50.7416 
-93 -175.899 -29 29 -51.9534 -57.1406 -15.3893 -49.2679 
-91 -172.523 -29 29 -59.951 -62.1344 -14.6961 -50.3798 
-85 -175.476 -29 29 -51.9534 -57.1406 -15.3893 -49.2679 
-95 -171.646 -29 29 -59.7074 -60.4874 -15.3893 -49.0448 
-84 -175.444 -29 29 -51.9534 -57.1406 -15.3893 -49.2679 
-84 -177.085 -29 29 -52.2411 -55.2215 -14.2907 -47.5939 
-94 -173.664 -29 29 -56.0965 -58.3829 -15.3893 -48.1693 
-92 -172.121 -29 29 -52.9628 -57.9821 -17.201 -50.7416 
-94 -169.882 -29 29 -57.1059 -59.2244 -17.201 -49.643 
-96 -167.249 -30 29 -56.4406 -56.9905 -17.2347 -47.9706 
-86 -175.573 -29 29 -51.9534 -57.1406 -15.3893 -49.2679 
-91 -175.899 -29 29 -51.9534 -57.1406 -15.3893 -49.2679 
-92 -173.616 -29 29 -56.0965 -58.3829 -15.3893 -48.1693 
-88 -173.399 -29 29 -56.0965 -58.3829 -15.3893 -48.1693 
-83 -174.593 -29 29 -56.34 -60.0299 -14.6961 -49.5043 
-89 -172.541 -29 29 -59.951 -62.1344 -14.6961 -50.3798 
-93 -171.646 -29 29 -59.7074 -60.4874 -15.3893 -49.0448 
-91 -173.597 -29 29 -56.0965 -58.3829 -15.3893 -48.1693 
-82 -177.085 -29 29 -52.2411 -55.2215 -14.2907 -47.5939 
-89 -173.489 -29 29 -56.0965 -58.3829 -15.3893 -48.1693 
-84 -175.573 -29 29 -51.9534 -57.1406 -15.3893 -49.2679 
-84 -175.629 -29 29 -51.9534 -57.1406 -15.3893 -49.2679 
-86 -173.399 -29 29 -56.0965 -58.3829 -15.3893 -48.1693 
-91 -173.686 -29 29 -56.0965 -58.3829 -15.3893 -48.1693 
-84 -176.496 -29 29 -52.5498 -54.9783 -14.6961 -45.5303 
-98 -176.445 -29 29 -51.9534 -57.1406 -15.3893 -49.2679 
-89 -175.209 -29 29 -55.8078 -60.8921 -14.6961 -51.4784 
-98 -178.086 -29 29 -52.2411 -55.2215 -14.2907 -47.5939 
-86 -176.453 -29 29 -51.9975 -53.5745 -14.9838 -46.2589 
-96 -172.551 -29 29 -52.9628 -57.9821 -17.201 -50.7416 
-90 -173.654 -29 29 -56.0965 -58.3829 -15.3893 -48.1693 
-89 -173.597 -29 29 -56.0965 -58.3829 -15.3893 -48.1693 
-77 -172.917 -29 29 -56.0965 -58.3829 -15.3893 -48.1693 
-86 -174.593 -29 29 -56.34 -60.0299 -14.6961 -49.5043 
-77 -172.951 -29 29 -56.0965 -58.3829 -15.3893 -48.1693 
-91 -175.192 -29 29 -55.8078 -60.8921 -14.6961 -51.4784 
-85 -174.593 -29 29 -56.34 -60.0299 -14.6961 -49.5043 
-95 -174.315 -29 29 -55.5643 -59.2451 -15.3893 -50.1434 
-79 -173.113 -29 29 -56.0965 -58.3829 -15.3893 -48.1693 
-96 -176.445 -29 29 -51.9534 -57.1406 -15.3893 -49.2679 
-96 -178.086 -29 29 -52.2411 -55.2215 -14.2907 -47.5939 
-86 -174.811 -29 29 -51.7099 -55.4936 -16.0824 -47.9329 
-88 -176.068 -29 29 -51.9534 -57.1406 -15.3893 -49.2679 
-94 -176.333 -29 29 -51.9534 -57.1406 -15.3893 -49.2679 
-79 -173.147 -29 29 -56.0965 -58.3829 -15.3893 -48.1693 
-87 -175.962 -29 29 -51.9534 -57.1406 -15.3893 -49.2679 
-87 -177.604 -29 29 -52.2411 -55.2215 -14.2907 -47.5939 
-88 -178.017 -29 29 -52.7933 -56.6252 -14.003 -46.8652 
-93 -173.952 -29 29 -56.0965 -58.3829 -15.3893 -48.1693 
-80 -173.22 -29 29 -56.0965 -58.3829 -15.3893 -48.1693 
-84 -175.818 -29 29 -51.9534 -57.1406 -15.3893 -49.2679 
-75 -172.951 -29 29 -56.0965 -58.3829 -15.3893 -48.1693 
-87 -175.996 -29 29 -51.9534 -57.1406 -15.3893 -49.2679 
-87 -177.637 -29 29 -52.2411 -55.2215 -14.2907 -47.5939 
-92 -176.285 -29 29 -51.9534 -57.1406 -15.3893 -49.2679 
-94 -174.046 -29 29 -56.0965 -58.3829 -15.3893 -48.1693 
FEATURES_TXT_END_0
FEATURES_TXT_BEGIN_0 53 88 8 Distortion0_0 LM0_0 WordPenalty0_0 PhrasePenalty0_0 TranslationModel0_0 TranslationModel0_1 TranslationModel0_2 TranslationModel0_3 
-102 -160.676 -30 28 -60.741 -79.8782 -16.6979 -75.5403 
-94 -158.472 -29 27 -66.8552 -83.396 -17.3816 -75.7968 
-80 -166.28 -29 28 -57.2786 -75.9386 -15.6338 -72.2762 
-98 -163.941 -30 28 -59.2053 -78.2475 -15.9094 -74.7562 
-78 -166.28 -29 28 -57.2786 -75.9386 -15.6338 -72.2762 
-88 -156.62 -30 29 -62.3679 -76.3292 -18.214 -70.7543 
-106 -163.44 -30 28 -59.2053 -78.2475 -15.9094 -74.7562 
-88 -158.472 -29 27 -66.8552 -83.396 -17.3816 -75.7968 
-66 -166.675 -29 28 -57.2786 -75.9386 -15.6338 -72.2762 
-90 -158.595 -29 27 -66.8552 -83.396 -17.3816 -75.7968 
-82 -166.732 -29 28 -57.2786 -75.9386 -15.6338 -72.2762 
-90 -158.411 -29 27 -68.701 -83.8317 -17.3816 -75.1036 
-86 -158.472 -29 27 -66.8552 -83.396 -17.3816 -75.7968 
-80 -166.732 -29 28 -57.2786 -75.9386 -15.6338 -72.2762 
-74 -166.403 -29 28 -57.2786 -75.9386 -15.6338 -72.2762 
-84 -166.117 -29 28 -56.7861 -75.0393 -16.2399 -72.8467 
-76 -165.968 -29 28 -59.3865 -75.4802 -15.6338 -71.0234 
-90 -157.072 -30 29 -62.3679 -76.3292 -18.214 -70.7543 
-104 -159.187 -30 28 -64.7206 -81.1362 -16.6979 -73.9998 
-100 -158.982 -30 28 -64.7206 -81.1362 -16.6979 -73.9998 
-96 -158.114 -29 27 -68.701 -83.8317 -17.3816 -75.1036 
-82 -166.117 -29 28 -56.7861 -75.0393 -16.2399 -72.8467 
-96 -168.608 -29 27 -60.1453 -78.3783 -14.1177 -74.8079 
-96 -163.273 -30 28 -59.2053 -78.2475 -15.9094 -74.7562 
-92 -156.457 -30 29 -61.8755 -75.4298 -18.8201 -71.3249 
-102 -159.212 -30 28 -64.7206 -81.1362 -16.6979 -73.9998 
-82 -158.472 -29 27 -66.8552 -83.396 -17.3816 -75.7968 
-80 -165.922 -29 28 -59.1244 -76.3744 -15.6338 -71.583 
-80 -158.415 -29 27 -66.8552 -83.396 -17.3816 -75.7968 
-82 -165.845 -29 28 -59.3865 -75.4802 -15.6338 -71.0234 
-88 -158.289 -29 27 -68.701 -83.8317 -17.3816 -75.1036 
-90 -158.06 -29 27 -68.727 -85.1124 -17.3816 -75.5091 
-102 -160.493 -30 28 -62.5868 -80.3139 -16.6979 -74.8471 
-88 -157.966 -29 27 -68.727 -85.1124 -17.3816 -75.5091 
-82 -158.595 -29 27 -66.8552 -83.396 -17.3816 -75.7968 
-66 -166.28 -29 28 -57.2786 -75.9386 -15.6338 -72.2762 
-76 -166.854 -29 28 -57.2786 -75.9386 -15.6338 -72.2762 
-84 -167.318 -29 28 -57.2786 -75.9386 -15.6338 -72.2762 
-84 -165.759 -29 28 -58.632 -75.475 -16.2399 -72.1536 
-104 -161.704 -30 28 -60.741 -79.8782 -16.6979 -75.5403 
-96 -170.276 -29 27 -57.7595 -79.0292 -14.1177 -75.8094 
-72 -158.415 -29 27 -66.8552 -83.396 -17.3816 -75.7968 
-80 -165.845 -29 28 -59.3865 -75.4802 -15.6338 -71.0234 
-94 -158.289 -29 27 -68.701 -83.8317 -17.3816 -75.1036 
-64 -166.223 -29 28 -57.2786 -75.9386 -15.6338 -72.2762 
-108 -161.95 -30 28 -63.185 -79.5055 -15.9094 -73.2157 
-80 -166.097 -29 28 -59.1244 -76.3744 -15.6338 -71.583 
-88 -157.323 -29 27 -70.5728 -85.5481 -17.3816 -74.8159 
-104 -161.745 -30 28 -63.185 -79.5055 -15.9094 -73.2157 
-88 -158.085 -29 27 -68.727 -85.1124 -17.3816 -75.5091 
-72 -165.774 -29 28 -59.1504 -77.655 -15.6338 -71.9885 
-82 -167.318 -29 28 -57.2786 -75.9386 -15.6338 -72.2762 
-104 -158.544 -30 28 -66.5665 -81.5719 -16.6979 -73.3067 
-94 -170.276 -29 27 -57.7595 -79.0292 -14.1177 -75.8094 
-98 -151.082 -30 28 -69.4346 -84.3605 -19.8665 -75.579 
-100 -158.339 -30 28 -66.5665 -81.5719 -16.6979 -73.3067 
-78 -166.239 -29 28 -56.7861 -75.0392 -16.2399 -72.8467 
-92 -157.658 -30 29 -62.3679 -76.3292 -18.214 -70.7543 
-100 -171.371 -29 27 -58.6097 -76.7477 -13.3292 -74.0238 
-88 -159.131 -29 27 -66.8552 -83.396 -17.3816 -75.7968 
-78 -166.097 -29 28 -59.1244 -76.3744 -15.6338 -71.583 
-86 -167.603 -29 28 -57.2786 -75.9386 -15.6338 -72.2762 
-90 -168.608 -29 27 -60.1453 -78.3783 -14.1177 -74.8079 
-92 -161.631 -30 28 -64.2693 -83.5919 -15.4497 -77.571 
-92 -168.73 -29 27 -60.1453 -78.3783 -14.1177 -74.8079 
-106 -161.976 -30 28 -63.185 -79.5055 -15.9094 -73.2157 
-86 -158.085 -29 27 -68.727 -85.1124 -17.3816 -75.5091 
-96 -159.212 -30 28 -64.7206 -81.1362 -16.6979 -73.9998 
-104 -161.894 -30 28 -60.741 -79.8782 -16.6979 -75.5403 
-88 -158.114 -29 27 -68.701 -83.8317 -17.3816 -75.1036 
-90 -160.161 -30 28 -62.6128 -81.5946 -16.6979 -75.2526 
-82 -166.374 -29 28 -59.1244 -76.3744 -15.6338 -71.583 
-88 -156.437 -30 29 -64.2138 -76.7649 -18.214 -70.0612 
-94 -161.605 -30 28 -64.2693 -83.5919 -15.4497 -77.571 
-84 -166.297 -29 28 -59.3865 -75.4802 -15.6338 -71.0234 
-82 -166.297 -29 28 -59.3865 -75.4802 -15.6338 -71.0234 
-94 -159.155 -30 28 -64.7206 -81.1362 -16.6979 -73.9998 
-102 -158.569 -30 28 -66.5665 -81.5719 -16.6979 -73.3067 
-88 -168.608 -29 27 -60.1453 -78.3783 -14.1177 -74.8079 
-106 -162.589 -30 28 -59.9257 -78.864 -16.6841 -74.4944 
-106 -163.256 -30 28 -61.0511 -78.6832 -15.9094 -74.063 
-74 -158.472 -29 27 -66.8552 -83.396 -17.3816 -75.7968 
-68 -165.765 -29 28 -59.1504 -77.655 -15.6338 -71.9885 
-68 -166.732 -29 28 -57.2786 -75.9386 -15.6338 -72.2762 
-92 -161.605 -30 28 -64.2693 -83.5919 -15.4497 -77.571 
-90 -157.417 -29 27 -70.5728 -85.5481 -17.3816 -74.8159 
-88 -158.258 -29 27 -68.701 -83.8317 -17.3816 -75.1036 
-100 -173.04 -29 27 -56.2239 -77.3985 -13.3292 -75.0253 
FEATURES_TXT_END_0
FEATURES_TXT_BEGIN_0 54 98 8 Distortion0_0 LM0_0 WordPenalty0_0 PhrasePenalty0_0 TranslationModel0_0 TranslationModel0_1 TranslationModel0_2 TranslationModel0_3 
-84 -165.165 -29 26 -41.8568 -55.0154 -15.82 -56.2618 
-88 -165.03 -29 26 -45.8362 -58.6688 -15.742 -55.6942 
-80 -165.165 -29 26 -41.8568 -55.0154 -15.82 -56.2618 
-84 -164.611 -28 27 -46.0015 -62.0251 -17.6546 -59.777 
-86 -165.525 -29 26 -41.8568 -55.0154 -15.82 -56.2618 
-80 -165.205 -29 26 -41.8568 -55.0154 -15.82 -56.2618 
-78 -165.216 -29 26 -41.8568 -55.0154 -15.82 -56.2618 
-72 -164.896 -29 26 -41.8568 -55.0154 -15.82 -56.2618 
-76 -160.201 -29 27 -43.1479 -55.568 -18.3477 -56.1617 
-82 -165.525 -29 26 -41.8568 -55.0154 -15.82 -56.2618 
-76 -165.205 -29 26 -41.8568 -55.0154 -15.82 -56.2618 
-80 -169.006 -28 26 -41.1636 -58.5672 -15.82 -60.3879 
-82 -165.647 -29 26 -41.8568 -55.0154 -15.82 -56.2618 
-74 -165.216 -29 26 -41.8568 -55.0154 -15.82 -56.2618 
-68 -164.896 -29 26 -41.8568 -55.0154 -15.82 -56.2618 
-72 -160.201 -29 27 -43.1479 -55.568 -18.3477 -56.1617 
-78 -169.006 -28 26 -41.1636 -58.5672 -15.82 -60.3879 
-84 -160.902 -29 27 -43.1479 -55.568 -18.3477 -56.1617 
-72 -168.697 -28 26 -41.1636 -58.5672 -15.82 -60.3879 
-76 -164.002 -28 27 -42.4548 -59.1198 -18.3477 -60.2878 
-74 -165.338 -29 26 -41.8568 -55.0154 -15.82 -56.2618 
-78 -160.644 -29 27 -43.1479 -55.568 -18.3477 -56.1617 
-72 -163.758 -29 26 -45.143 -58.8694 -15.742 -56.3873 
-76 -169.006 -28 26 -41.1636 -58.5672 -15.82 -60.3879 
-66 -163.438 -29 26 -45.143 -58.8694 -15.742 -56.3873 
-88 -164.3 -29 26 -45.8362 -58.6688 -15.742 -55.6942 
-76 -164.032 -29 26 -45.143 -58.8694 -15.742 -56.3873 
-78 -165.647 -29 26 -41.8568 -55.0154 -15.82 -56.2618 
-82 -163.98 -29 26 -45.8362 -58.6688 -15.742 -55.6942 
-70 -163.712 -29 26 -45.143 -58.8694 -15.742 -56.3873 
-86 -160.539 -29 27 -46.6947 -58.4733 -17.6546 -55.6509 
-74 -169.006 -28 26 -41.1636 -58.5672 -15.82 -60.3879 
-80 -160.902 -29 27 -43.1479 -55.568 -18.3477 -56.1617 
-86 -165.568 -29 26 -45.4035 -57.9207 -15.1269 -55.751 
-68 -168.697 -28 26 -41.1636 -58.5672 -15.82 -60.3879 
-80 -160.943 -29 27 -43.1479 -55.568 -18.3477 -56.1617 
-80 -165.248 -29 26 -45.4035 -57.9207 -15.1269 -55.751 
-72 -164.002 -28 27 -42.4548 -59.1198 -18.3477 -60.2878 
-70 -165.338 -29 26 -41.8568 -55.0154 -15.82 -56.2618 
-74 -160.644 -29 27 -43.1479 -55.568 -18.3477 -56.1617 
-82 -166.177 -29 26 -43.9888 -55.3588 -15.1269 -53.7585 
-72 -167.548 -28 26 -44.4499 -62.4213 -15.742 -60.5135 
-76 -165.857 -29 26 -43.9888 -55.3588 -15.1269 -53.7585 
-82 -160.539 -29 27 -46.6947 -58.4733 -17.6546 -55.6509 
-66 -167.239 -28 26 -44.4499 -62.4213 -15.742 -60.5135 
-88 -168.09 -28 26 -45.143 -62.2206 -15.742 -59.8203 
-76 -167.823 -28 26 -44.4499 -62.4213 -15.742 -60.5135 
-82 -167.781 -28 26 -45.143 -62.2206 -15.742 -59.8203 
-68 -163.881 -29 26 -45.143 -58.8694 -15.742 -56.3873 
-78 -165.946 -29 26 -41.8568 -55.0154 -15.82 -56.2618 
-70 -167.514 -28 26 -44.4499 -62.4213 -15.742 -60.5135 
-86 -164.34 -28 27 -46.0015 -62.0251 -17.6546 -59.777 
-84 -164.422 -29 26 -45.8362 -58.6688 -15.742 -55.6942 
-82 -165.568 -29 26 -45.4035 -57.9207 -15.1269 -55.751 
-72 -164.155 -29 26 -45.143 -58.8694 -15.742 -56.3873 
-88 -160.981 -29 27 -46.6947 -58.4733 -17.6546 -55.6509 
-76 -160.943 -29 27 -43.1479 -55.568 -18.3477 -56.1617 
-76 -165.248 -29 26 -45.4035 -57.9207 -15.1269 -55.751 
-88 -165.946 -29 26 -45.4035 -57.9207 -15.1269 -55.751 
-86 -169.358 -28 26 -44.7104 -61.4725 -15.1269 -59.8771 
-84 -160.81 -29 27 -46.6947 -58.4733 -17.6546 -55.6509 
-84 -161.464 -29 27 -43.1479 -55.568 -18.3477 -56.1617 
-80 -164.744 -28 27 -42.4548 -59.1198 -18.3477 -60.2878 
-80 -169.049 -28 26 -44.7104 -61.4725 -15.1269 -59.8771 
-82 -161.385 -29 27 -43.1479 -55.568 -18.3477 -56.1617 
-82 -165.69 -29 26 -45.4035 -57.9207 -15.1269 -55.751 
-78 -164.612 -29 26 -45.143 -58.8694 -15.742 -56.3873 
-84 -166.556 -29 26 -43.9888 -55.3588 -15.1269 -53.7585 
-72 -164.291 -29 26 -45.143 -58.8694 -15.742 -56.3873 
-82 -169.967 -28 26 -43.2956 -58.9106 -15.1269 -57.8847 
-74 -165.946 -29 26 -41.8568 -55.0154 -15.82 -56.2618 
-76 -169.659 -28 26 -43.2956 -58.9106 -15.1269 -57.8847 
-82 -164.34 -28 27 -46.0015 -62.0251 -17.6546 -59.777 
-78 -164.3 -29 26 -45.8362 -58.6688 -15.742 -55.6942 
-78 -166.3 -29 26 -43.9888 -55.3588 -15.1269 -53.7585 
-72 -163.98 -29 26 -45.8362 -58.6688 -15.742 -55.6942 
-84 -160.981 -29 27 -46.6947 -58.4733 -17.6546 -55.6509 
-84 -165.946 -29 26 -45.4035 -57.9207 -15.1269 -55.751 
-82 -169.358 -28 26 -44.7104 -61.4725 -15.1269 -59.8771 
-80 -160.81 -29 27 -46.6947 -58.4733 -17.6546 -55.6509 
-86 -171.507 -29 25 -40.8017 -57.3845 -13.4375 -57.8371 
-80 -161.464 -29 27 -43.1479 -55.568 -18.3477 -56.1617 
-76 -164.744 -28 27 -42.4548 -59.1198 -18.3477 -60.2878 
-76 -169.049 -28 26 -44.7104 -61.4725 -15.1269 -59.8771 
-74 -171.24 -29 25 -40.1086 -57.5851 -13.4375 -58.5303 
-84 -164.755 -29 26 -45.8362 -58.6688 -15.742 -55.6942 
-64 -164.02 -29 26 -45.143 -58.8694 -15.742 -56.3873 
-88 -169.748 -28 26 -44.7104 -61.4725 -15.1269 -59.8771 
-80 -171.187 -29 25 -40.8017 -57.3845 -13.4375 -57.8371 
-72 -164.487 -29 26 -45.143 -58.8694 -15.742 -56.3873 
-72 -164.488 -29 26 -45.143 -58.8695 -15.742 -56.3873 
-68 -170.92 -29 25 -40.1086 -57.5851 -13.4375 -58.5303 
-78 -161.385 -29 27 -43.1479 -55.568 -18.3477 -56.1617 
-78 -164.435 -29 26 -45.8362 -58.6688 -15.742 -55.6942 
-78 -165.69 -29 26 -45.4035 -57.9207 -15.1269 -55.751 
-80 -164.561 -29 26 -45.8362 -58.6688 -15.742 -55.6942 
-66 -164.167 -29 26 -45.143 -58.8694 -15.742 -56.3873 
-90 -166.389 -29 26 -45.4035 -57.9207 -15.1269 -55.751 
FEATURES_TXT_END_0
FEATURES_TXT_BEGIN_0 55 100 8 Distortion0_0 LM0_0 WordPenalty0_0 PhrasePenalty0_0 TranslationModel0_0 TranslationModel0_1 TranslationModel0_2 TranslationModel0_3 
-82 -146.344 -30 29 -52.6307 -61.8032 -18.5007 -51.2053 
-92 -148.809 -30 29 -50.7336 -60.3641 -18.213 -50.0377 
-80 -148.262 -30 29 -50.7336 -60.3641 -18.213 -50.0377 
-84 -149.056 -30 29 -51.9103 -61.1867 -17.7261 -51.467 
-72 -146.935 -30 29 -52.6307 -61.8032 -18.5007 -51.2053 
-80 -149.031 -30 29 -50.7336 -60.3641 -18.213 -50.0377 
-82 -149.401 -30 29 -50.7336 -60.3641 -18.213 -50.0377 
-90 -147.68 -31 30 -50.0702 -59.3881 -18.0698 -50.0308 
-78 -146.046 -30 29 -54.5279 -63.2423 -18.7884 -52.3729 
-70 -148.854 -30 29 -50.7336 -60.3641 -18.213 -50.0377 
-92 -146.989 -31 30 -49.448 -59.588 -18.7817 -51.1061 
-92 -148.654 -30 29 -52.6307 -61.8032 -18.5007 -51.2053 
-100 -150.145 -31 30 -48.1731 -57.949 -17.7821 -48.8632 
-88 -148.511 -30 29 -52.6307 -61.8032 -18.5007 -51.2053 
-81 -150.287 -30 29 -54.4551 -61.936 -16.7136 -48.7334 
-68 -147.404 -30 29 -52.6307 -61.8032 -18.5007 -51.2053 
-80 -146.513 -30 29 -54.5279 -63.2423 -18.7884 -52.3729 
-88 -149.598 -31 30 -48.1731 -57.949 -17.7821 -48.8632 
-76 -147.964 -30 29 -52.6307 -61.8032 -18.5007 -51.2053 
-78 -148.079 -30 29 -52.6307 -61.8032 -18.5007 -51.2053 
-80 -149.831 -30 29 -50.7336 -60.3641 -18.213 -50.0377 
-74 -149.647 -30 29 -51.9103 -61.1867 -17.7261 -51.467 
-68 -147.66 -30 29 -52.6307 -61.8032 -18.5007 -51.2053 
-82 -146.895 -30 29 -54.5279 -63.2423 -18.7884 -52.3729 
-78 -149.869 -30 29 -50.7336 -60.3641 -18.213 -50.0377 
-90 -148.978 -30 29 -52.6307 -61.8032 -18.5007 -51.2053 
-84 -146.942 -30 29 -52.8041 -63.2808 -19.4308 -53.3498 
-82 -148.795 -31 29 -47.537 -56.9868 -18.1581 -51.3389 
-88 -150.544 -30 29 -50.7336 -60.3641 -18.213 -50.0377 
-88 -152.441 -30 29 -52.198 -60.8021 -16.6274 -50.4211 
-66 -149.322 -30 29 -50.7336 -60.3641 -18.213 -50.0377 
-70 -147.959 -30 29 -52.6307 -61.8032 -18.5007 -51.2053 
-78 -148.431 -30 29 -52.6307 -61.8032 -18.5007 -51.2053 
-70 -149.622 -30 29 -50.7336 -60.3641 -18.213 -50.0377 
-76 -149.997 -30 29 -50.7336 -60.3641 -18.213 -50.0377 
-92 -150.392 -31 30 -49.3498 -58.7716 -17.2951 -50.2925 
-80 -148.758 -30 29 -53.8074 -62.6258 -18.0137 -52.6346 
-78 -150.125 -30 29 -50.7336 -60.3641 -18.213 -50.0377 
-92 -149.36 -30 29 -52.6307 -61.8032 -18.5007 -51.2053 
-72 -149.955 -30 29 -51.9103 -61.1867 -17.7261 -51.467 
-84 -149.652 -30 29 -52.3623 -61.9724 -18.178 -51.6847 
-82 -145.842 -30 29 -54.4902 -62.3797 -19.5993 -51.2053 
-66 -149.578 -30 29 -50.7336 -60.3641 -18.213 -50.0377 
-80 -148.813 -30 29 -52.6307 -61.8032 -18.5007 -51.2053 
-80 -150.424 -30 29 -50.7336 -60.3641 -18.213 -50.0377 
-84 -149.048 -30 29 -53.515 -62.2648 -18.178 -52.3512 
-76 -149.027 -30 29 -54.1674 -62.3206 -17.8122 -49.7794 
-80 -150.713 -31 29 -45.6399 -55.5477 -17.8704 -50.1713 
-87 -152.742 -30 29 -52.198 -60.8021 -16.6274 -50.4211 
-80 -148.875 -30 29 -52.6307 -61.8032 -18.5007 -51.2053 
-82 -148.561 -30 29 -52.1835 -60.9265 -18.8802 -50.771 
-68 -146.637 -30 29 -54.5279 -63.2423 -18.7884 -52.3729 
-70 -146.761 -30 29 -54.5279 -63.2423 -18.7884 -52.3729 
-82 -147.03 -30 29 -53.0162 -61.5717 -19.4993 -51.4417 
-80 -147.338 -30 29 -54.5279 -63.2423 -18.7884 -52.3729 
-72 -148.479 -30 29 -52.6307 -61.8032 -18.5007 -51.2053 
-88 -150.367 -31 30 -48.1731 -57.949 -17.7821 -48.8632 
-76 -148.733 -30 29 -52.6307 -61.8032 -18.5007 -51.2053 
-68 -149.877 -30 29 -50.7336 -60.3641 -18.213 -50.0377 
-74 -148.626 -30 29 -52.6307 -61.8032 -18.5007 -51.2053 
-70 -150.115 -30 29 -51.9103 -61.1867 -17.7261 -51.467 
-80 -151.156 -30 29 -54.4551 -61.936 -16.7136 -48.7334 
-82 -147.58 -31 30 -49.448 -59.588 -18.7817 -51.1061 
-80 -152.807 -30 29 -49.1979 -58.7335 -17.4246 -49.2536 
-82 -147.53 -30 29 -54.5279 -63.2423 -18.7884 -52.3729 
-76 -148.803 -30 29 -52.6307 -61.8032 -18.5007 -51.2053 
-80 -147.436 -30 29 -54.5279 -63.2423 -18.7884 -52.3729 
-78 -148.92 -30 29 -52.6307 -61.8032 -18.5007 -51.2053 
-90 -153.405 -30 29 -49.1979 -58.7335 -17.4246 -49.2536 
-70 -148.484 -30 29 -52.6307 -61.8032 -18.5007 -51.2053 
-72 -151.215 -30 29 -52.6318 -60.6899 -17.0237 -48.9952 
-80 -150.79 -30 29 -51.9103 -61.1867 -17.7261 -51.467 
-90 -150.653 -30 29 -54.5289 -62.129 -17.3114 -50.1628 
-84 -152.618 -30 29 -50.0132 -59.7476 -17.4384 -50.2994 
-76 -150.496 -30 29 -53.0837 -61.4756 -17.4757 -49.213 
-82 -149.245 -30 29 -52.6307 -61.8032 -18.5007 -51.2053 
-80 -149.131 -30 29 -52.6307 -61.8032 -18.5007 -51.2053 
-80 -151.937 -30 29 -49.6499 -59.5192 -17.8766 -49.4713 
-76 -151.518 -30 29 -52.6318 -60.6899 -17.0237 -48.9952 
-76 -148.927 -30 29 -52.6307 -61.8032 -18.5007 -51.2053 
-80 -149.159 -30 29 -52.6307 -61.8032 -18.5007 -51.2053 
-82 -147.257 -30 29 -53.0162 -61.5717 -19.4993 -51.4417 
-92 -151.026 -30 29 -50.2864 -59.4874 -18.5925 -49.6034 
-85 -153.861 -30 29 -52.9194 -60.3054 -15.9251 -47.9493 
-78 -149.102 -30 29 -52.6307 -61.8032 -18.5007 -51.2053 
-90 -152.595 -30 29 -49.6499 -59.5192 -17.8766 -49.4713 
-80 -149.226 -30 29 -52.6307 -61.8032 -18.5007 -51.2053 
-71 -150.878 -30 29 -54.4551 -61.936 -16.7136 -48.7334 
-70 -150.371 -30 29 -51.9103 -61.1867 -17.7261 -51.467 
-92 -149.495 -30 29 -51.119 -60.1326 -19.2116 -50.2741 
-90 -149.803 -30 29 -52.6307 -61.8032 -18.5007 -51.2053 
-84 -151.091 -30 29 -50.7336 -60.3641 -18.213 -50.0377 
-86 -147.382 -31 30 -51.9674 -60.8272 -18.3575 -51.1984 
-70 -147.104 -30 29 -54.5279 -63.2423 -18.7884 -52.3729 
-80 -150.984 -30 29 -51.9103 -61.1867 -17.7261 -51.467 
-90 -150.218 -30 29 -50.0918 -60.8275 -19.1293 -51.1363 
-82 -147.805 -30 29 -54.5279 -63.2423 -18.7884 -52.3729 
-66 -150.091 -30 29 -50.7336 -60.3641 -18.213 -50.0377 
-72 -150.45 -30 29 -53.0837 -61.4756 -17.4757 -49.213 
-92 -149.995 -30 29 -52.6307 -61.8032 -18.5007 -51.2053 
FEATURES_TXT_END_0
FEATURES_TXT_BEGIN_0 56 92 8 Distortion0_0 LM0_0 WordPenalty0_0 PhrasePenalty0_0 TranslationModel0_0 TranslationModel0_1 TranslationModel0_2 TranslationModel0_3 
-78 -179.221 -29 26 -46.2416 -66.6236 -13.7765 -63.638 
-75 -179.078 -29 26 -46.2416 -66.6236 -13.7765 -63.638 
-76 -179.22 -29 26 -46.2416 -66.6236 -13.7765 -63.638 
-84 -179.695 -29 26 -46.2416 -66.6236 -13.7765 -63.638 
-81 -179.553 -29 26 -46.2416 -66.6236 -13.7765 -63.638 
-82 -179.695 -29 26 -46.2416 -66.6236 -13.7765 -63.638 
-85 -179.868 -29 26 -46.2416 -66.6236 -13.7765 -63.638 
-91 -180.342 -29 26 -46.2416 -66.6236 -13.7765 -63.638 
-79 -179.722 -29 26 -46.2416 -66.6236 -13.7765 -63.638 
-76 -179.647 -29 26 -46.2416 -66.6236 -13.7765 -63.638 
-73 -179.504 -29 26 -46.2416 -66.6236 -13.7765 -63.638 
-85 -180.197 -29 26 -46.2416 -66.6236 -13.7765 -63.638 
-78 -179.816 -29 26 -46.2416 -66.6236 -13.7765 -63.638 
-72 -179.505 -29 26 -46.2416 -66.6236 -13.7765 -63.638 
-74 -179.647 -29 26 -46.2416 -66.6236 -13.7765 -63.638 
-69 -179.411 -29 26 -46.2416 -66.6236 -13.7765 -63.638 
-84 -180.291 -29 26 -46.2416 -66.6236 -13.7765 -63.638 
-70 -179.505 -29 26 -46.2416 -66.6236 -13.7765 -63.638 
-78 -179.98 -29 26 -46.2416 -66.6236 -13.7765 -63.638 
-83 -180.294 -29 26 -46.2416 -66.6236 -13.7765 -63.638 
-75 -179.886 -29 26 -46.2416 -66.6236 -13.7765 -63.638 
-76 -179.98 -29 26 -46.2416 -66.6236 -13.7765 -63.638 
-71 -179.722 -29 26 -46.2416 -66.6236 -13.7765 -63.638 
-77 -180.148 -29 26 -46.2416 -66.6236 -13.7765 -63.638 
-75 -179.061 -29 26 -44.9622 -65.8065 -14.7272 -64.3198 
-77 -180.197 -29 26 -46.2416 -66.6236 -13.7765 -63.638 
-76 -180.242 -29 26 -46.2416 -66.6236 -13.7765 -63.638 
-81 -179.536 -29 26 -44.9622 -65.8065 -14.7272 -64.3198 
-70 -179.931 -29 26 -46.2416 -66.6236 -13.7765 -63.638 
-75 -180.228 -29 26 -46.2416 -66.6236 -13.7765 -63.638 
-81 -180.585 -29 26 -46.2416 -66.6236 -13.7765 -63.638 
-74 -180.19 -29 26 -46.2416 -66.6236 -13.7765 -63.638 
-80 -180.543 -29 26 -46.2416 -66.6236 -13.7765 -63.638 
-77 -180.4 -29 26 -46.2416 -66.6236 -13.7765 -63.638 
-67 -179.838 -29 26 -46.2416 -66.6236 -13.7765 -63.638 
-68 -179.931 -29 26 -46.2416 -66.6236 -13.7765 -63.638 
-73 -180.228 -29 26 -46.2416 -66.6236 -13.7765 -63.638 
-81 -180.703 -29 26 -46.2416 -66.6236 -13.7765 -63.638 
-78 -180.543 -29 26 -46.2416 -66.6236 -13.7765 -63.638 
-87 -181.06 -29 26 -46.2416 -66.6236 -13.7765 -63.638 
-80 -180.665 -29 26 -46.2416 -66.6236 -13.7765 -63.638 
-79 -180.638 -29 26 -46.2416 -66.6236 -13.7765 -63.638 
-73 -180.297 -29 26 -46.2416 -66.6236 -13.7765 -63.638 
-79 -180.703 -29 26 -46.2416 -66.6236 -13.7765 -63.638 
-69 -180.148 -29 26 -46.2416 -66.6236 -13.7765 -63.638 
-87 -181.19 -29 26 -46.2416 -66.6236 -13.7765 -63.638 
-72 -180.342 -29 26 -46.2416 -66.6236 -13.7765 -63.638 
-76 -181.013 -29 26 -46.2416 -66.6236 -13.7765 -63.638 
-81 -180.866 -29 26 -46.2416 -66.6236 -13.7765 -63.638 
-85 -181.113 -29 26 -46.2416 -66.6236 -13.7765 -63.638 
-79 -180.772 -29 26 -46.2416 -66.6236 -13.7765 -63.638 
-83 -181.012 -29 26 -46.2416 -66.6236 -13.7765 -63.638 
-84 -181.081 -29 26 -46.2416 -66.6236 -13.7765 -63.638 
-73 -179.488 -29 26 -44.9622 -65.8065 -14.7272 -64.3198 
-70 -180.342 -29 26 -46.2416 -66.6236 -13.7765 -63.638 
-78 -180.817 -29 26 -46.2416 -66.6236 -13.7765 -63.638 
-71 -180.723 -29 26 -46.2416 -66.6236 -13.7765 -63.638 
-87 -181.341 -29 26 -46.2416 -66.6236 -13.7765 -63.638 
-80 -180.96 -29 26 -46.2416 -66.6236 -13.7765 -63.638 
-89 -181.487 -29 26 -46.2416 -66.6236 -13.7765 -63.638 
-90 -181.556 -29 26 -46.2416 -66.6236 -13.7765 -63.638 
-81 -181.044 -29 26 -46.2416 -66.6236 -13.7765 -63.638 
-69 -179.395 -29 26 -44.9622 -65.8065 -14.7272 -64.3198 
-76 -180.817 -29 26 -46.2416 -66.6236 -13.7765 -63.638 
-80 -181.05 -29 26 -46.2416 -66.6236 -13.7765 -63.638 
-73 -180.654 -29 26 -46.2416 -66.6236 -13.7765 -63.638 
-79 -181.012 -29 26 -46.2416 -66.6236 -13.7765 -63.638 
-90 -181.643 -29 26 -46.2416 -66.6236 -13.7765 -63.638 
-72 -180.616 -29 26 -46.2416 -66.6236 -13.7765 -63.638 
-88 -181.548 -29 26 -46.2416 -66.6236 -13.7765 -63.638 
-86 -181.435 -29 26 -46.2416 -66.6236 -13.7765 -63.638 
-87 -181.5 -29 26 -46.2416 -66.6236 -13.7765 -63.638 
-69 -180.474 -29 26 -46.2416 -66.6236 -13.7765 -63.638 
-85 -181.405 -29 26 -46.2416 -66.6236 -13.7765 -63.638 
-80 -181.138 -29 26 -46.2416 -66.6236 -13.7765 -63.638 
-75 -179.87 -29 26 -44.9622 -65.8065 -14.7272 -64.3198 
-73 -180.758 -29 26 -46.2416 -66.6236 -13.7765 -63.638 
-82 -181.276 -29 26 -46.2416 -66.6236 -13.7765 -63.638 
-77 -181.065 -29 26 -46.2416 -66.6236 -13.7765 -63.638 
-71 -180.654 -29 26 -46.2416 -66.6236 -13.7765 -63.638 
-82 -181.281 -29 26 -46.2416 -66.6236 -13.7765 -63.638 
-74 -180.827 -29 26 -46.2416 -66.6236 -13.7765 -63.638 
-86 -181.525 -29 26 -46.2416 -66.6236 -13.7765 -63.638 
-88 -181.643 -29 26 -46.2416 -66.6236 -13.7765 -63.638 
-70 -180.617 -29 26 -46.2416 -66.6236 -13.7765 -63.638 
-80 -181.189 -29 26 -46.2416 -66.6236 -13.7765 -63.638 
-79 -181.134 -29 26 -46.2416 -66.6236 -13.7765 -63.638 
-83 -181.405 -29 26 -46.2416 -66.6236 -13.7765 -63.638 
-86 -181.548 -29 26 -46.2416 -66.6236 -13.7765 -63.638 
-75 -180.949 -29 26 -46.2416 -66.6236 -13.7765 -63.638 
-70 -180.66 -29 26 -46.2416 -66.6236 -13.7765 -63.638 
-77 -181.046 -29 26 -46.2416 -66.6236 -13.7765 -63.638 
FEATURES_TXT_END_0
FEATURES_TXT_BEGIN_0 57 65 8 Distortion0_0 LM0_0 WordPenalty0_0 PhrasePenalty0_0 TranslationModel0_0 TranslationModel0_1 TranslationModel0_2 TranslationModel0_3 
-139 -272.708 -49 43 -58.8106 -108.727 -28.2301 -118.457 
-136 -272.708 -49 43 -58.8106 -108.727 -28.2301 -118.457 
-135 -272.708 -49 43 -58.8106 -108.727 -28.2301 -118.457 
-133 -273.8 -49 43 -56.7737 -108.542 -28.2301 -119.555 
-135 -273.449 -49 43 -57.352 -105.201 -28.2301 -117.07 
-131 -273.8 -49 43 -56.7737 -108.542 -28.2301 -119.555 
-132 -272.708 -49 43 -58.8106 -108.727 -28.2301 -118.457 
-129 -277.695 -49 41 -58.2346 -103.957 -24.99 -118.33 
-130 -273.8 -49 43 -56.7737 -108.542 -28.2301 -119.555 
-129 -273.8 -49 43 -56.7737 -108.542 -28.2301 -119.555 
-129 -273.818 -49 43 -56.7737 -108.542 -28.2301 -119.555 
-127 -277.695 -49 41 -58.2346 -103.957 -24.99 -118.33 
-125 -274.531 -49 43 -55.3151 -105.015 -28.2301 -118.169 
-135 -274.63 -49 42 -61.1356 -108.93 -26.5456 -118.701 
-135 -278.44 -49 41 -58.2346 -103.957 -24.99 -118.33 
-128 -273.8 -49 43 -56.7737 -108.542 -28.2301 -119.555 
-123 -277.753 -49 41 -58.2346 -103.957 -24.99 -118.33 
-139 -273.273 -49 43 -58.8106 -108.727 -28.2301 -118.457 
-131 -273.449 -49 43 -57.352 -105.201 -28.2301 -117.07 
-138 -273.483 -49 43 -58.8106 -108.727 -28.2301 -118.457 
-129 -274.514 -49 43 -55.3151 -105.015 -28.2301 -118.169 
-131 -273.503 -49 43 -60.0221 -111.137 -27.5369 -119.373 
-126 -277.695 -49 41 -58.2346 -103.957 -24.99 -118.33 
-127 -277.753 -49 41 -58.2346 -103.957 -24.99 -118.33 
-127 -273.8 -49 43 -56.7737 -108.542 -28.2301 -119.555 
-133 -274.172 -49 43 -56.7737 -108.542 -28.2301 -119.555 
-129 -273.948 -49 43 -56.7737 -108.542 -28.2301 -119.555 
-135 -274.298 -49 43 -56.7737 -108.542 -28.2301 -119.555 
-133 -274.849 -49 42 -57.8872 -106.335 -27.2388 -118.884 
-135 -274.303 -49 43 -56.7737 -108.542 -28.2301 -119.555 
-125 -277.695 -49 41 -58.2346 -103.957 -24.99 -118.33 
-122 -277.695 -49 41 -58.2346 -103.957 -24.99 -118.33 
-132 -274.303 -49 43 -56.7737 -108.542 -28.2301 -119.555 
-126 -273.8 -49 43 -56.7737 -108.542 -28.2301 -119.555 
-130 -274.849 -49 42 -57.8872 -106.335 -27.2388 -118.884 
-139 -274.545 -49 43 -56.7737 -108.542 -28.2301 -119.555 
-127 -273.503 -49 43 -60.0221 -111.137 -27.5369 -119.373 
-126 -273.818 -49 43 -56.7737 -108.542 -28.2301 -119.555 
-127 -274.514 -49 43 -55.3151 -105.015 -28.2301 -118.169 
-124 -277.695 -49 41 -58.2346 -103.957 -24.99 -118.33 
-132 -274.298 -49 43 -56.7737 -108.542 -28.2301 -119.555 
-125 -274.514 -49 43 -55.3151 -105.015 -28.2301 -118.169 
-130 -274.172 -49 43 -56.7737 -108.542 -28.2301 -119.555 
-127 -273.449 -49 43 -57.352 -105.201 -28.2301 -117.07 
-125 -277.753 -49 41 -58.2346 -103.957 -24.99 -118.33 
-129 -278.067 -49 41 -58.2346 -103.957 -24.99 -118.33 
-139 -272.43 -49 43 -57.5312 -107.91 -29.1807 -119.138 
-135 -273.281 -49 43 -58.8106 -108.727 -28.2301 -118.457 
-124 -273.818 -49 43 -56.7737 -108.542 -28.2301 -119.555 
-135 -273.273 -49 43 -58.8106 -108.727 -28.2301 -118.457 
-137 -278.44 -49 41 -58.2346 -103.957 -24.99 -118.33 
-136 -273.273 -49 43 -58.8106 -108.727 -28.2301 -118.457 
-125 -273.818 -49 43 -56.7737 -108.542 -28.2301 -119.555 
-139 -274.619 -49 43 -56.7737 -108.542 -28.2301 -119.555 
-131 -274.172 -49 43 -56.7737 -108.542 -28.2301 -119.555 
-125 -278.409 -49 41 -56.776 -100.431 -24.99 -116.943 
-127 -273.948 -49 43 -56.7737 -108.542 -28.2301 -119.555 
-127 -277.398 -49 41 -61.4831 -106.552 -24.2968 -118.147 
-128 -273.503 -49 43 -60.0221 -111.137 -27.5369 -119.373 
-131 -274.849 -49 42 -57.8872 -106.335 -27.2388 -118.884 
-124 -273.8 -49 43 -56.7737 -108.542 -28.2301 -119.555 
-131 -276.32 -49 42 -59.158 -106.35 -25.9813 -117.903 
-133 -274.303 -49 43 -56.7737 -108.542 -28.2301 -119.555 
-123 -277.695 -49 41 -58.2346 -103.957 -24.99 -118.33 
-124 -277.753 -49 41 -58.2346 -103.957 -24.99 -118.33 
FEATURES_TXT_END_0
FEATURES_TXT_BEGIN_0 58 100 8 Distortion0_0 LM0_0 WordPenalty0_0 PhrasePenalty0_0 TranslationModel0_0 TranslationModel0_1 TranslationModel0_2 TranslationModel0_3 
-132 -257.147 -49 43 -92.041 -115.301 -23.1394 -100.076 
-132 -258.423 -49 43 -90.0042 -115.116 -23.1394 -101.175 
-132 -255.633 -48 42 -97.7388 -116.459 -23.767 -99.3378 
-158 -251.346 -48 44 -103.45 -122.999 -25.5738 -103.174 
-132 -256.91 -48 42 -95.7019 -116.274 -23.767 -100.436 
-158 -248.872 -48 44 -107.16 -123.925 -25.7969 -102.414 
-126 -256.665 -48 42 -95.6911 -115.347 -23.767 -98.4215 
-158 -252.623 -48 44 -101.413 -122.813 -25.5738 -104.273 
-156 -248.84 -48 44 -107.16 -123.925 -25.7969 -102.414 
-148 -242.507 -48 44 -108.28 -127.163 -28.8125 -106.974 
-158 -250.149 -48 44 -105.123 -123.74 -25.7969 -103.513 
-126 -257.941 -48 42 -93.6542 -115.162 -23.767 -99.5201 
-156 -250.116 -48 44 -105.123 -123.74 -25.7969 -103.513 
-154 -250.135 -48 44 -105.123 -123.74 -25.7969 -103.513 
-154 -248.984 -48 44 -107.16 -123.925 -25.7969 -102.414 
-152 -248.872 -48 44 -107.16 -123.925 -25.7969 -102.414 
-132 -253.549 -48 42 -98.4891 -120.954 -25.1533 -102.159 
-148 -241.61 -48 44 -110.317 -127.348 -28.8125 -105.875 
-114 -249.284 -48 42 -98.8481 -118.77 -26.7825 -101.883 
-156 -243.254 -48 44 -108.28 -127.163 -28.8125 -106.974 
-132 -253.449 -48 42 -98.7768 -120.754 -25.1533 -101.466 
-112 -256.259 -48 42 -95.6911 -115.347 -23.767 -98.4215 
-126 -258.231 -48 42 -94.3165 -115.333 -23.5438 -99.4046 
-132 -254.262 -49 43 -93.2908 -116.852 -24.7488 -102.89 
-152 -250.149 -48 44 -105.123 -123.74 -25.7969 -103.513 
-158 -259.434 -49 44 -90.7787 -116.49 -23.7311 -100.031 
-132 -254.825 -48 42 -96.4522 -120.768 -25.1533 -103.258 
-158 -256.96 -49 44 -94.4886 -117.416 -23.9542 -99.271 
-132 -254.726 -48 42 -96.7399 -120.569 -25.1533 -102.565 
-112 -257.536 -48 42 -93.6542 -115.162 -23.767 -99.5201 
-126 -259.508 -48 42 -92.2796 -115.148 -23.5438 -100.503 
-130 -255.469 -49 43 -95.4633 -116.427 -23.3625 -100.01 
-132 -255.538 -49 43 -91.2539 -116.667 -24.7488 -103.988 
-154 -250.453 -48 44 -106.727 -123.177 -25.1817 -102.471 
-106 -248.996 -48 42 -98.8481 -118.77 -26.7825 -101.883 
-158 -260.711 -49 44 -88.7418 -116.304 -23.7311 -101.13 
-132 -252.749 -48 42 -98.9886 -118.01 -25.3764 -102.151 
-156 -256.928 -49 44 -94.4886 -117.416 -23.9542 -99.271 
-168 -252.57 -48 44 -103.45 -122.999 -25.5738 -103.174 
-148 -250.595 -49 44 -95.6088 -120.654 -26.9697 -103.831 
-158 -258.237 -49 44 -92.4518 -117.231 -23.9542 -100.37 
-130 -256.746 -49 43 -93.4264 -116.242 -23.3625 -101.108 
-108 -256.259 -48 42 -95.6911 -115.347 -23.767 -98.4215 
-156 -242.357 -48 44 -110.317 -127.348 -28.8125 -105.875 
-154 -251.73 -48 44 -104.69 -122.992 -25.1817 -103.569 
-148 -250.135 -48 44 -105.123 -123.74 -25.7969 -103.513 
-106 -250.273 -48 42 -96.8113 -118.585 -26.7825 -102.982 
-132 -254.025 -48 42 -96.9517 -117.825 -25.3764 -103.25 
-148 -248.984 -48 44 -107.16 -123.925 -25.7969 -102.414 
-158 -246.205 -48 44 -104.57 -126.237 -28.5893 -107.734 
-156 -258.204 -49 44 -92.4518 -117.231 -23.9542 -100.37 
-156 -243.566 -48 44 -108.28 -127.163 -28.8125 -106.974 
-168 -253.847 -48 44 -101.413 -122.813 -25.5738 -104.273 
-166 -252.579 -48 44 -103.45 -122.999 -25.5738 -103.174 
-126 -253.78 -48 42 -96.9409 -116.898 -25.3764 -101.235 
-134 -255.907 -49 43 -95.4633 -116.427 -23.3625 -100.01 
-108 -257.536 -48 42 -93.6542 -115.162 -23.767 -99.5201 
-130 -258.076 -49 43 -92.041 -115.301 -23.1394 -100.076 
-152 -243.396 -48 44 -108.28 -127.163 -28.8125 -106.974 
-132 -259.081 -48 42 -94.0288 -115.533 -23.5438 -100.098 
-150 -243.098 -48 44 -109.139 -125.51 -28.6603 -103.287 
-152 -242.245 -48 44 -110.317 -127.348 -28.8125 -105.875 
-132 -257.047 -49 43 -93.4156 -115.315 -23.3625 -99.0933 
-132 -255.874 -49 43 -95.4633 -116.427 -23.3625 -100.01 
-166 -253.855 -48 44 -101.413 -122.813 -25.5738 -104.273 
-150 -240.623 -48 44 -112.849 -126.437 -28.8834 -102.527 
-154 -258.223 -49 44 -92.4518 -117.231 -23.9542 -100.37 
-126 -255.056 -48 42 -94.904 -116.712 -25.3764 -102.334 
-124 -249.542 -49 43 -96.5835 -119.665 -26.3781 -104.57 
-132 -252.675 -48 42 -100.824 -121.867 -25.1533 -102.382 
-114 -249.743 -48 42 -98.8481 -118.77 -26.7825 -101.883 
-134 -257.183 -49 43 -93.4265 -116.242 -23.3625 -101.108 
-114 -250.912 -48 42 -96.8113 -118.585 -26.7825 -102.982 
-154 -257.072 -49 44 -94.4886 -117.416 -23.9542 -99.271 
-152 -256.96 -49 44 -94.4886 -117.416 -23.9542 -99.271 
-120 -251.711 -49 43 -93.1612 -118.539 -26.1549 -104.636 
-112 -249.643 -48 42 -98.8481 -118.77 -26.7825 -101.883 
-130 -259.352 -49 43 -90.0042 -115.116 -23.1394 -101.175 
-156 -243.736 -48 44 -108.28 -127.163 -28.8125 -106.974 
-128 -258.084 -49 43 -92.041 -115.301 -23.1394 -100.076 
-132 -260.358 -48 42 -91.992 -115.348 -23.5438 -101.196 
-148 -249.698 -49 44 -97.6457 -120.839 -26.9697 -102.732 
-150 -244.374 -48 44 -107.102 -125.325 -28.6603 -104.386 
-156 -242.585 -48 44 -110.317 -127.348 -28.8125 -105.875 
-132 -258.324 -49 43 -91.3788 -115.13 -23.3625 -100.192 
-146 -243.194 -48 44 -108.28 -127.163 -28.8125 -106.974 
-156 -251.342 -49 44 -95.6088 -120.654 -26.9697 -103.831 
-148 -240.591 -48 44 -112.849 -126.437 -28.8834 -102.527 
-164 -253.834 -48 44 -101.413 -122.813 -25.5738 -104.273 
-132 -257.151 -49 43 -93.4265 -116.242 -23.3625 -101.108 
-154 -250.836 -48 44 -106.727 -123.177 -25.1817 -102.471 
-164 -252.682 -48 44 -103.45 -122.999 -25.5738 -103.174 
-140 -234.258 -48 44 -113.969 -129.675 -31.8989 -107.087 
-162 -252.57 -48 44 -103.45 -122.999 -25.5738 -103.174 
-150 -241.9 -48 44 -110.812 -126.252 -28.8834 -103.626 
-132 -253.952 -48 42 -98.7876 -121.681 -25.1533 -103.481 
-160 -259.869 -49 44 -90.9778 -115.761 -23.7311 -99.7686 
-114 -251.02 -48 42 -96.8113 -118.585 -26.7825 -102.982 
-152 -258.237 -49 44 -92.4518 -117.231 -23.9542 -100.37 
-114 -249.86 -48 42 -98.8481 -118.77 -26.7825 -101.883 
FEATURES_TXT_END_0
FEATURES_TXT_BEGIN_0 59 70 8 Distortion0_0 LM0_0 WordPenalty0_0 PhrasePenalty0_0 TranslationModel0_0 TranslationModel0_1 TranslationModel0_2 TranslationModel0_3 
-109 -197.94 -35 34 -47.0648 -58.172 -19.8015 -57.146 
-103 -198.429 -35 34 -47.0648 -58.172 -19.8015 -57.146 
-111 -201.847 -35 34 -46.0554 -57.3305 -17.9898 -55.6723 
-123 -202.969 -35 34 -45.4278 -57.2428 -17.9898 -56.4933 
-113 -198.37 -35 34 -47.0648 -58.172 -19.8015 -57.146 
-121 -202.969 -35 34 -45.4278 -57.2428 -17.9898 -56.4933 
-107 -201.847 -35 34 -46.0554 -57.3305 -17.9898 -55.6723 
-103 -198.982 -34 33 -51.4805 -60.6691 -19.7025 -56.2168 
-101 -197.749 -35 34 -47.0648 -58.172 -19.8015 -57.146 
-107 -201.9 -35 34 -46.0554 -57.3305 -17.9898 -55.6723 
-107 -203.16 -34 33 -48.3308 -57.3626 -18.3942 -55.0006 
-117 -202.477 -35 34 -46.0554 -57.3305 -17.9898 -55.6723 
-109 -198.826 -34 33 -51.4805 -60.6691 -19.7025 -56.2168 
-111 -198.393 -35 34 -47.0648 -58.172 -19.8015 -57.146 
-105 -201.847 -35 34 -46.0554 -57.3305 -17.9898 -55.6723 
-97 -198.635 -34 33 -51.4805 -60.6691 -19.7025 -56.2168 
-101 -201.656 -35 34 -46.0554 -57.3305 -17.9898 -55.6723 
-109 -198.37 -35 34 -47.0648 -58.172 -19.8015 -57.146 
-109 -198.929 -34 33 -51.4805 -60.6691 -19.7025 -56.2168 
-117 -202.969 -35 34 -45.4278 -57.2428 -17.9898 -56.4933 
-99 -198.738 -34 33 -51.4805 -60.6691 -19.7025 -56.2168 
-103 -201.847 -35 34 -46.0554 -57.3305 -17.9898 -55.6723 
-97 -197.749 -35 34 -47.0648 -58.172 -19.8015 -57.146 
-113 -202.779 -35 34 -45.4278 -57.2428 -17.9898 -56.4933 
-99 -201.656 -35 34 -46.0554 -57.3305 -17.9898 -55.6723 
-99 -198.18 -35 34 -47.0648 -58.172 -19.8015 -57.146 
-109 -202.56 -35 34 -46.0554 -57.0204 -17.9898 -54.756 
-113 -202.477 -35 34 -46.0554 -57.3305 -17.9898 -55.6723 
-111 -203.107 -34 33 -48.3308 -57.3626 -18.3942 -55.0006 
-103 -195.238 -34 33 -52.9523 -61.3993 -21.2593 -55.1543 
-99 -201.709 -35 34 -46.0554 -57.3305 -17.9898 -55.6723 
-105 -198.826 -34 33 -51.4805 -60.6691 -19.7025 -56.2168 
-105 -199.145 -34 33 -51.9429 -60.5578 -19.4475 -53.6806 
-107 -198.393 -35 34 -47.0648 -58.172 -19.8015 -57.146 
-109 -202.3 -35 34 -46.0554 -57.3305 -17.9898 -55.6723 
-115 -202.969 -35 34 -45.4278 -57.2428 -17.9898 -56.4933 
-111 -202.969 -35 34 -45.4278 -57.2428 -17.9898 -56.4933 
-105 -202.3 -35 34 -46.0554 -57.3305 -17.9898 -55.6723 
-119 -203.423 -35 34 -45.4278 -57.2428 -17.9898 -56.4933 
-107 -198.654 -35 34 -47.0648 -57.8619 -19.8015 -56.2298 
-103 -198.18 -35 34 -47.0648 -58.172 -19.8015 -57.146 
-107 -198.429 -35 34 -47.0648 -58.172 -19.8015 -57.146 
-111 -202.779 -35 34 -45.4278 -57.2428 -17.9898 -56.4933 
-101 -199.145 -34 33 -51.9429 -60.5578 -19.4475 -53.6806 
-105 -202.287 -35 34 -46.0554 -57.3305 -17.9898 -55.6723 
-97 -201.656 -35 34 -46.0554 -57.3305 -17.9898 -55.6723 
-115 -200.267 -34 33 -51.3153 -60.47 -19.4475 -54.5016 
-109 -202.353 -35 34 -46.0554 -57.3305 -17.9898 -55.6723 
-105 -198.37 -35 34 -47.0648 -58.172 -19.8015 -57.146 
-109 -202.354 -35 34 -46.2545 -56.2917 -17.9898 -54.4937 
-109 -198.447 -35 34 -47.2639 -57.1332 -19.8015 -55.9674 
-117 -200.267 -34 33 -51.3153 -60.47 -19.4475 -54.5016 
-107 -202.287 -35 34 -46.0554 -57.3305 -17.9898 -55.6723 
-109 -198.654 -35 34 -47.0648 -57.8619 -19.8015 -56.2297 
-107 -202.3 -35 34 -46.0554 -57.3305 -17.9898 -55.6723 
-101 -198.826 -34 33 -51.4805 -60.6691 -19.7025 -56.2168 
-113 -202.969 -35 34 -45.4278 -57.2428 -17.9898 -56.4933 
-101 -198.18 -35 34 -47.0648 -58.172 -19.8015 -57.146 
-95 -201.709 -35 34 -46.0554 -57.3305 -17.9898 -55.6723 
-99 -198.635 -34 33 -51.4805 -60.6691 -19.7025 -56.2168 
-105 -198.982 -34 33 -51.4805 -60.6691 -19.7025 -56.2168 
-119 -203.738 -34 33 -48.3308 -57.3626 -18.3942 -55.0006 
-109 -202.779 -35 34 -45.4278 -57.2428 -17.9898 -56.4933 
-107 -198.447 -35 34 -47.2639 -57.1332 -19.8015 -55.9674 
-103 -198.929 -34 33 -51.4805 -60.6691 -19.7025 -56.2168 
-103 -198.37 -35 34 -47.0648 -58.172 -19.8015 -57.146 
-95 -201.656 -35 34 -46.0554 -57.3305 -17.9898 -55.6723 
-109 -202.477 -35 34 -46.0554 -57.3305 -17.9898 -55.6723 
-107 -203.107 -34 33 -48.3308 -57.3626 -18.3942 -55.0006 
-107 -195.668 -34 33 -52.9523 -61.3993 -21.2593 -55.1543 
FEATURES_TXT_END_0
FEATURES_TXT_BEGIN_0 60 96 8 Distortion0_0 LM0_0 WordPenalty0_0 PhrasePenalty0_0 TranslationModel0_0 TranslationModel0_1 TranslationModel0_2 TranslationModel0_3 
-110 -182.112 -34 32 -54.1997 -82.8384 -23.3809 -83.0297 
-118 -182.585 -34 32 -54.1997 -82.8384 -23.3809 -83.0297 
-130 -183.32 -34 32 -54.1997 -82.8384 -23.3809 -83.0297 
-120 -182.939 -34 32 -54.1997 -82.8384 -23.3809 -83.0297 
-110 -182.337 -34 32 -53.3087 -81.7444 -23.6685 -83.0661 
-122 -183.104 -34 32 -54.1997 -82.8384 -23.3809 -83.0297 
-118 -182.809 -34 32 -53.3087 -81.7444 -23.6685 -83.0661 
-116 -182.815 -34 32 -54.1997 -82.8384 -23.3809 -83.0297 
-130 -183.544 -34 32 -53.3087 -81.7444 -23.6685 -83.0661 
-113 -182.65 -34 32 -54.1997 -82.8384 -23.3809 -83.0297 
-112 -182.618 -34 32 -54.1997 -82.8384 -23.3809 -83.0297 
-105 -182.258 -34 32 -54.1997 -82.8384 -23.3809 -83.0297 
-113 -182.73 -34 32 -54.1997 -82.8384 -23.3809 -83.0297 
-108 -182.471 -34 32 -54.1997 -82.8384 -23.3809 -83.0297 
-116 -182.943 -34 32 -54.1997 -82.8384 -23.3809 -83.0297 
-125 -183.466 -34 32 -54.1997 -82.8384 -23.3809 -83.0297 
-108 -182.504 -34 32 -54.1997 -82.8384 -23.3809 -83.0297 
-123 -183.824 -34 32 -54.1997 -82.8384 -23.3809 -83.0297 
-113 -182.817 -34 32 -54.1997 -82.8384 -23.3809 -83.0297 
-128 -183.678 -34 32 -54.1997 -82.8384 -23.3809 -83.0297 
-103 -182.258 -34 32 -54.1997 -82.8384 -23.3809 -83.0297 
-120 -183.164 -34 32 -53.3087 -81.7444 -23.6685 -83.0661 
-111 -182.73 -34 32 -54.1997 -82.8384 -23.3809 -83.0297 
-100 -182.112 -34 32 -54.1997 -82.8384 -23.3809 -83.0297 
-118 -180.453 -34 32 -55.586 -84.4808 -24.4795 -84.4766 
-108 -182.585 -34 32 -54.1997 -82.8384 -23.3809 -83.0297 
-109 -182.65 -34 32 -54.1997 -82.8384 -23.3809 -83.0297 
-122 -183.328 -34 32 -53.3087 -81.7444 -23.6685 -83.0661 
-123 -183.466 -34 32 -54.1997 -82.8384 -23.3809 -83.0297 
-120 -183.32 -34 32 -54.1997 -82.8384 -23.3809 -83.0297 
-104 -182.42 -34 32 -54.1997 -82.8384 -23.3809 -83.0297 
-116 -183.039 -34 32 -53.3087 -81.7444 -23.6685 -83.0661 
-113 -182.874 -34 32 -53.3087 -81.7444 -23.6685 -83.0661 
-108 -182.671 -34 32 -54.1997 -82.8384 -23.3809 -83.0297 
-108 -182.896 -34 32 -53.3087 -81.7444 -23.6685 -83.0661 
-132 -188.468 -34 32 -52.8134 -81.1173 -21.3014 -81.0838 
-98 -182.112 -34 32 -54.1997 -82.8384 -23.3809 -83.0297 
-112 -182.842 -34 32 -53.3087 -81.7444 -23.6685 -83.0661 
-115 -183.085 -34 32 -54.1997 -82.8384 -23.3809 -83.0297 
-124 -183.6 -34 32 -54.1997 -82.8384 -23.3809 -83.0297 
-112 -182.918 -34 32 -54.1997 -82.8384 -23.3809 -83.0297 
-120 -183.38 -34 32 -54.1997 -82.8384 -23.3809 -83.0297 
-106 -182.585 -34 32 -54.1997 -82.8384 -23.3809 -83.0297 
-105 -182.482 -34 32 -53.3087 -81.7444 -23.6685 -83.0661 
-118 -183.298 -34 32 -54.1997 -82.8384 -23.3809 -83.0297 
-104 -182.504 -34 32 -54.1997 -82.8384 -23.3809 -83.0297 
-122 -183.871 -34 32 -53.5866 -82.6069 -23.3809 -83.2661 
-117 -183.25 -34 32 -54.1997 -82.8384 -23.3809 -83.0297 
-113 -182.955 -34 32 -53.3087 -81.7444 -23.6685 -83.0661 
-118 -183.32 -34 32 -54.1997 -82.8384 -23.3809 -83.0297 
-109 -182.817 -34 32 -54.1997 -82.8384 -23.3809 -83.0297 
-120 -183.463 -34 32 -54.1997 -82.8384 -23.3809 -83.0297 
-122 -181.645 -34 32 -53.2383 -83.1399 -24.7671 -85.3234 
-111 -182.961 -34 32 -54.1997 -82.8384 -23.3809 -83.0297 
-125 -183.69 -34 32 -53.3087 -81.7444 -23.6685 -83.0661 
-108 -182.728 -34 32 -53.3087 -81.7444 -23.6685 -83.0661 
-118 -183.871 -34 32 -53.5866 -82.6069 -23.3809 -83.2661 
-113 -183.085 -34 32 -54.1997 -82.8384 -23.3809 -83.0297 
-107 -182.764 -34 32 -54.1997 -82.8384 -23.3809 -83.0297 
-110 -182.939 -34 32 -54.1997 -82.8384 -23.3809 -83.0297 
-113 -183.041 -34 32 -53.3087 -81.7444 -23.6685 -83.0661 
-114 -183.174 -34 32 -54.1997 -82.8384 -23.3809 -83.0297 
-110 -184.117 -34 32 -52.1628 -82.653 -23.3809 -84.1283 
-103 -182.482 -34 32 -53.3087 -81.7444 -23.6685 -83.0661 
-111 -183.008 -34 32 -54.1997 -82.8384 -23.3809 -83.0297 
-115 -183.25 -34 32 -54.1997 -82.8384 -23.3809 -83.0297 
-118 -184.589 -34 32 -52.1628 -82.653 -23.3809 -84.1283 
-111 -182.955 -34 32 -53.3087 -81.7444 -23.6685 -83.0661 
-110 -182.969 -34 32 -54.1997 -82.8384 -23.3809 -83.0297 
-100 -182.337 -34 32 -53.3087 -81.7444 -23.6685 -83.0661 
-110 -182.977 -34 32 -54.1997 -82.8384 -23.3809 -83.0297 
-110 -182.91 -34 32 -53.3087 -81.7444 -23.6685 -83.0661 
-118 -180.677 -34 32 -54.695 -83.3868 -24.7671 -84.513 
-112 -183.104 -34 32 -54.1997 -82.8384 -23.3809 -83.0297 
-108 -182.809 -34 32 -53.3087 -81.7444 -23.6685 -83.0661 
-118 -183.382 -34 32 -53.3087 -81.7444 -23.6685 -83.0661 
-109 -182.874 -34 32 -53.3087 -81.7444 -23.6685 -83.0661 
-105 -182.723 -34 32 -54.1997 -82.8384 -23.3809 -83.0297 
-104 -182.671 -34 32 -54.1997 -82.8384 -23.3809 -83.0297 
-103 -182.617 -34 32 -54.1997 -82.8384 -23.3809 -83.0297 
-130 -185.324 -34 32 -52.1628 -82.653 -23.3809 -84.1283 
-109 -182.961 -34 32 -54.1997 -82.8384 -23.3809 -83.0297 
-123 -183.69 -34 32 -53.3087 -81.7444 -23.6685 -83.0661 
-113 -183.202 -34 32 -54.1997 -82.8384 -23.3809 -83.0297 
-111 -183.089 -34 32 -54.1997 -82.8384 -23.3809 -83.0297 
-106 -182.815 -34 32 -54.1997 -82.8384 -23.3809 -83.0297 
-120 -183.544 -34 32 -53.3087 -81.7444 -23.6685 -83.0661 
-130 -184.118 -34 32 -53.3087 -81.7444 -23.6685 -83.0661 
-110 -183.048 -34 32 -54.1997 -82.8384 -23.3809 -83.0297 
-105 -182.764 -34 32 -54.1997 -82.8384 -23.3809 -83.0297 
-108 -182.939 -34 32 -54.1997 -82.8384 -23.3809 -83.0297 
-104 -182.645 -34 32 -53.3087 -81.7444 -23.6685 -83.0661 
-122 -184.017 -34 32 -52.6956 -81.5129 -23.6685 -83.3025 
-118 -183.52 -34 32 -54.1997 -82.8384 -23.3809 -83.0297 
-100 -182.504 -34 32 -54.1997 -82.8384 -23.3809 -83.0297 
-102 -182.618 -34 32 -54.1997 -82.8384 -23.3809 -83.0297 
FEATURES_TXT_END_0
FEATURES_TXT_BEGIN_0 61 100 8 Distortion0_0 LM0_0 WordPenalty0_0 PhrasePenalty0_0 TranslationModel0_0 TranslationModel0_1 TranslationModel0_2 TranslationModel0_3 
-170 -289.62 -66 58 -117.218 -160.628 -40.4367 -152.686 
-166 -294.939 -67 58 -111.814 -159.675 -37.5463 -154.29 
-166 -289.052 -66 58 -118.693 -161.619 -40.4367 -152.509 
-172 -290.198 -66 58 -117.218 -160.628 -40.4367 -152.686 
-168 -299.271 -67 58 -108.034 -158.398 -36.4477 -154.829 
-172 -289.635 -66 58 -118.633 -163.19 -40.4367 -154.678 
-168 -295.346 -66 58 -114.204 -159.707 -38.4626 -153.618 
-170 -291.651 -66 57 -115.086 -159.811 -40.2887 -153.367 
-170 -291.902 -66 58 -114.653 -160.446 -40.4367 -154.072 
-162 -294.37 -67 58 -113.289 -160.666 -37.5463 -154.114 
-168 -295.516 -67 58 -111.814 -159.675 -37.5463 -154.29 
-170 -299.679 -66 58 -110.424 -158.43 -37.364 -154.158 
-172 -290.604 -66 58 -117.218 -160.628 -40.4367 -152.686 
-158 -289.052 -66 58 -118.693 -161.619 -40.4367 -152.509 
-166 -291.813 -66 58 -114.653 -160.446 -40.4367 -154.072 
-164 -298.703 -67 58 -109.509 -159.39 -36.4477 -154.653 
-172 -285.824 -66 58 -122.473 -162.896 -41.5353 -151.97 
-168 -290.16 -65 58 -117.729 -160.227 -42.2284 -149.675 
-170 -299.849 -67 58 -108.034 -158.398 -36.4477 -154.829 
-168 -294.953 -67 58 -113.229 -162.237 -37.5463 -156.283 
-168 -289.848 -66 58 -118.633 -163.19 -40.4367 -154.678 
-166 -296.97 -67 57 -109.683 -158.858 -37.3983 -154.972 
-170 -299.286 -67 58 -109.449 -160.96 -36.4477 -156.822 
-164 -294.778 -66 58 -115.679 -160.698 -38.4626 -153.442 
-170 -295.924 -66 58 -114.204 -159.707 -38.4626 -153.618 
-166 -297.221 -67 58 -109.249 -159.492 -37.5463 -155.677 
-168 -295.922 -67 58 -111.814 -159.675 -37.5463 -154.29 
-172 -292.229 -66 57 -115.086 -159.811 -40.2887 -153.367 
-170 -296.06 -67 58 -111.814 -159.675 -37.5463 -154.29 
-154 -294.37 -67 58 -113.289 -160.666 -37.5463 -154.114 
-170 -290.162 -66 58 -118.633 -163.19 -40.4367 -154.678 
-168 -301.302 -67 57 -105.902 -157.581 -36.2997 -155.511 
-166 -299.11 -66 58 -111.899 -159.422 -37.364 -153.981 
-166 -295.063 -67 58 -112.078 -159.989 -37.9518 -154.065 
-162 -297.131 -67 58 -109.249 -159.492 -37.5463 -155.677 
-172 -300.256 -66 58 -110.424 -158.43 -37.364 -154.158 
-168 -301.553 -67 58 -105.469 -158.216 -36.4477 -156.216 
-168 -291.143 -67 58 -117.07 -161.943 -38.6449 -153.575 
-164 -295.478 -66 58 -112.325 -159.273 -39.3381 -151.279 
-170 -295.36 -66 58 -115.619 -162.269 -38.4626 -155.611 
-174 -291.182 -66 58 -117.218 -160.628 -40.4367 -152.686 
-166 -289.949 -66 58 -118.693 -161.619 -40.4367 -152.509 
-166 -290.685 -66 58 -117.278 -159.057 -40.4367 -150.517 
-168 -290.081 -66 58 -118.693 -161.619 -40.4367 -152.509 
-170 -300.255 -67 58 -108.034 -158.398 -36.4477 -154.829 
-172 -300.393 -67 58 -108.034 -158.398 -36.4477 -154.829 
-172 -291.666 -66 57 -116.501 -162.373 -40.2887 -155.36 
-156 -298.703 -67 58 -109.509 -159.39 -36.4477 -154.653 
-164 -289.592 -65 58 -119.204 -161.218 -42.2284 -149.498 
-166 -292.286 -66 58 -114.653 -160.446 -40.4367 -154.072 
-170 -290.737 -65 58 -117.729 -160.227 -42.2284 -149.675 
-164 -295.166 -67 58 -113.229 -162.237 -37.5463 -156.283 
-164 -301.464 -67 58 -105.469 -158.216 -36.4477 -156.216 
-170 -295.475 -67 58 -113.289 -160.666 -37.5463 -154.114 
-172 -299.693 -66 58 -111.838 -160.992 -37.364 -156.15 
-168 -297.377 -66 57 -112.072 -158.89 -38.3146 -154.3 
-166 -290.081 -66 58 -118.693 -161.619 -40.4367 -152.509 
-166 -288.223 -66 58 -118.494 -160.152 -41.5353 -151.364 
-174 -290.618 -66 58 -118.633 -163.19 -40.4367 -154.678 
-168 -297.628 -66 58 -111.639 -159.524 -38.4626 -155.005 
-162 -292.196 -66 58 -114.653 -160.446 -40.4367 -154.072 
-166 -299.921 -66 58 -108.545 -157.997 -38.2395 -151.818 
-170 -296.33 -66 58 -114.204 -159.707 -38.4626 -153.618 
-166 -299.499 -67 58 -109.449 -160.96 -36.4477 -156.822 
-170 -293.934 -66 57 -112.521 -159.629 -40.2887 -154.754 
-170 -290.174 -65 58 -119.144 -162.788 -42.2284 -151.667 
-172 -287.727 -66 58 -120.365 -163.354 -41.5353 -153.223 
-168 -297.547 -67 57 -109.683 -158.858 -37.3983 -154.972 
-166 -290.206 -66 58 -118.693 -161.619 -40.4367 -152.509 
-170 -291.229 -66 58 -117.218 -160.628 -40.4367 -152.686 
-156 -294.778 -66 58 -115.679 -160.698 -38.4626 -153.442 
-168 -291.055 -66 58 -117.278 -159.057 -40.4367 -150.517 
-166 -291.465 -66 57 -116.561 -160.802 -40.2887 -153.191 
-170 -301.71 -66 57 -108.292 -157.613 -37.216 -154.839 
-170 -290.516 -66 58 -118.633 -163.19 -40.4367 -154.678 
-166 -295.48 -67 58 -113.229 -162.237 -37.5463 -156.283 
-162 -288.133 -66 58 -118.494 -160.152 -41.5353 -151.364 
-168 -295.47 -66 58 -114.468 -160.021 -38.8681 -153.393 
-172 -292.635 -66 57 -115.086 -159.811 -40.2887 -153.367 
-164 -297.538 -66 58 -111.639 -159.524 -38.4626 -155.005 
-170 -301.961 -66 58 -107.859 -158.248 -37.364 -155.544 
-170 -291.55 -66 58 -119.459 -161.975 -39.5612 -152.903 
-166 -295.886 -65 58 -114.715 -159.305 -40.2544 -150.608 
-172 -292.886 -66 58 -114.653 -160.446 -40.4367 -154.072 
-172 -290.684 -66 58 -118.633 -163.19 -40.4367 -154.678 
-170 -296.5 -67 58 -111.814 -159.675 -37.5463 -154.29 
-160 -289.949 -66 58 -118.693 -161.619 -40.4367 -152.509 
-160 -290.685 -66 58 -117.278 -159.057 -40.4367 -150.517 
-166 -295.492 -67 58 -113.289 -160.666 -37.5463 -154.114 
-162 -295.267 -67 58 -113.289 -160.666 -37.5463 -154.114 
-162 -296.003 -67 58 -111.875 -158.104 -37.5463 -152.121 
-172 -300.662 -66 58 -110.424 -158.43 -37.364 -154.158 
-172 -296.638 -67 58 -111.814 -159.675 -37.5463 -154.29 
-166 -293.844 -66 57 -112.521 -159.629 -40.2887 -154.754 
-164 -295.399 -67 58 -113.289 -160.666 -37.5463 -154.114 
-168 -292.191 -65 57 -115.597 -159.41 -42.0804 -150.356 
-170 -301.88 -67 57 -105.902 -157.581 -36.2997 -155.511 
-158 -299.11 -66 58 -111.899 -159.422 -37.364 -153.981 
-162 -294.495 -67 58 -113.553 -160.981 -37.9518 -153.888 
-166 -294.696 -67 58 -111.178 -159.125 -38.6449 -155.275 
FEATURES_TXT_END_0
FEATURES_TXT_BEGIN_0 62 100 8 Distortion0_0 LM0_0 WordPenalty0_0 PhrasePenalty0_0 TranslationModel0_0 TranslationModel0_1 TranslationModel0_2 TranslationModel0_3 
-72 -138.378 -28 28 -70.1351 -78.9688 -21.8524 -60.5936 
-72 -137.892 -28 28 -72.4377 -81.6452 -21.8524 -59.495 
-72 -137.6 -28 28 -70.6777 -80.5958 -22.951 -62.6145 
-72 -140.262 -28 28 -69.3084 -78.0921 -21.8524 -60.1593 
-76 -140.054 -28 28 -70.1351 -78.9688 -21.8524 -60.5936 
-72 -141.278 -28 28 -69.0514 -78.1238 -21.5159 -60.0272 
-76 -140.354 -28 28 -70.1351 -78.9688 -21.8524 -60.5936 
-84 -142.51 -29 29 -66.8148 -78.1887 -20.4711 -61.3221 
-72 -140.323 -28 28 -66.8921 -77.8722 -22.9372 -61.0762 
-72 -137.114 -28 28 -72.9803 -83.2722 -22.951 -61.5159 
-72 -139.776 -28 28 -71.611 -80.7685 -21.8524 -59.0607 
-76 -139.568 -28 28 -72.4377 -81.6452 -21.8524 -59.495 
-100 -143.551 -29 29 -66.8148 -78.1887 -20.4711 -61.3221 
-72 -139.364 -28 28 -72.4377 -81.6452 -21.8524 -59.495 
-84 -140.222 -29 29 -67.7952 -78.9368 -21.5863 -61.2653 
-86 -142.817 -29 29 -66.8148 -78.1887 -20.4711 -61.3221 
-78 -142.404 -29 29 -66.8148 -78.1887 -20.4711 -61.3221 
-70 -142.585 -29 28 -66.6283 -79.753 -20.1567 -62.0119 
-71 -140.542 -28 28 -70.1351 -78.9688 -21.8524 -60.5936 
-100 -147.463 -29 29 -63.6351 -74.884 -19.3184 -59.7513 
-84 -144.134 -29 29 -64.6155 -75.632 -20.4336 -59.6945 
-72 -140.792 -28 28 -71.354 -80.8003 -21.5159 -58.9286 
-86 -146.729 -29 29 -63.6351 -74.884 -19.3184 -59.7513 
-70 -138.365 -28 28 -70.6777 -80.5958 -22.951 -62.6145 
-74 -142.944 -29 28 -66.6283 -79.753 -20.1567 -62.0119 
-76 -139.868 -28 28 -72.4377 -81.6452 -21.8524 -59.495 
-74 -145.817 -30 29 -61.1087 -76.4163 -18.738 -61.1128 
-82 -141.837 -29 29 -69.1174 -80.8651 -20.4711 -60.2235 
-72 -143.055 -28 28 -68.5994 -77.3381 -21.0639 -59.8095 
-84 -142.024 -29 29 -69.1174 -80.8651 -20.4711 -60.2235 
-68 -140.651 -28 28 -70.1351 -78.9688 -21.8524 -60.5936 
-78 -146.176 -30 29 -61.1087 -76.4163 -18.738 -61.1128 
-72 -140.714 -28 28 -70.3176 -78.2247 -21.8524 -60.9903 
-72 -139.837 -28 28 -69.1946 -80.5487 -22.9372 -59.9776 
-66 -140.613 -28 28 -70.1351 -78.9688 -21.8524 -60.5936 
-100 -143.064 -29 29 -69.1174 -80.8651 -20.4711 -60.2235 
-74 -143.244 -29 28 -66.6283 -79.753 -20.1567 -62.0119 
-72 -141.032 -28 28 -70.1351 -78.9688 -21.8524 -60.5936 
-84 -139.736 -29 29 -70.0978 -81.6132 -21.5863 -60.1667 
-86 -142.331 -29 29 -69.1174 -80.8651 -20.4711 -60.2235 
-74 -140.115 -28 28 -72.4377 -81.6452 -21.8524 -59.495 
-92 -143.754 -29 29 -66.8148 -78.1887 -20.4711 -61.3221 
-72 -140.259 -28 28 -70.3986 -79.2834 -22.2578 -60.368 
-74 -140.141 -28 28 -72.4377 -81.6452 -21.8524 -59.495 
-78 -141.918 -29 29 -69.1174 -80.8651 -20.4711 -60.2235 
-82 -146.623 -30 29 -61.1087 -76.4163 -18.738 -61.1128 
-70 -142.099 -29 28 -68.9309 -82.4295 -20.1567 -60.9133 
-68 -139.929 -29 28 -70.0481 -81.6132 -20.9361 -60.1667 
-71 -140.056 -28 28 -72.4377 -81.6452 -21.8524 -59.495 
-78 -140.461 -28 28 -72.4377 -81.6452 -21.8524 -59.495 
-100 -146.977 -29 29 -65.9377 -77.5604 -19.3184 -58.6527 
-78 -146.476 -30 29 -61.1087 -76.4163 -18.738 -61.1128 
-84 -144.774 -29 29 -64.3459 -78.1617 -20.4711 -64.0262 
-84 -143.648 -29 29 -66.9181 -78.3085 -20.4336 -58.5959 
-72 -139.484 -28 28 -69.8511 -79.7191 -22.951 -62.1803 
-86 -146.243 -29 29 -65.9377 -77.5604 -19.3184 -58.6527 
-86 -146.982 -30 29 -61.1087 -76.4163 -18.738 -61.1128 
-76 -139.276 -28 28 -70.6777 -80.5958 -22.951 -62.6145 
-70 -137.879 -28 28 -72.9803 -83.2722 -22.951 -61.5159 
-74 -142.458 -29 28 -68.9309 -82.4295 -20.1567 -60.9133 
-90 -146.638 -30 30 -61.2952 -74.8519 -19.0524 -60.423 
-72 -141.777 -28 28 -70.2041 -78.4162 -21.5159 -60.6937 
-70 -141.936 -28 28 -69.8666 -79.138 -21.5297 -61.0731 
-78 -144.49 -29 29 -64.6155 -75.632 -20.4336 -59.6945 
-74 -145.331 -30 29 -63.4113 -79.0927 -18.738 -60.0142 
-72 -140.133 -28 28 -69.4932 -79.4322 -22.7686 -61.6922 
-72 -141.026 -28 28 -67.4196 -78.1453 -22.951 -61.7543 
-76 -141.706 -29 28 -67.7455 -78.9368 -20.9361 -61.2653 
-72 -142.569 -28 28 -70.902 -80.0146 -21.0639 -58.7109 
-68 -141.215 -28 28 -70.1351 -78.9688 -21.8524 -60.5936 
-68 -140.165 -28 28 -72.4377 -81.6452 -21.8524 -59.495 
-82 -151.095 -29 28 -59.9018 -73.0436 -18.3109 -57.802 
-78 -145.69 -30 29 -63.4113 -79.0927 -18.738 -60.0142 
-68 -141.255 -28 28 -70.1351 -78.9688 -21.8524 -60.5936 
-72 -140.499 -28 28 -69.594 -79.7508 -22.6145 -62.0481 
-72 -140.228 -28 28 -72.6202 -80.9011 -21.8524 -59.8917 
-72 -143.162 -28 28 -68.2247 -77.2471 -21.5159 -59.5929 
-78 -141.861 -28 28 -70.1351 -78.9688 -21.8524 -60.5936 
-76 -142.954 -28 28 -69.0514 -78.1238 -21.5159 -60.0272 
-66 -140.127 -28 28 -72.4377 -81.6452 -21.8524 -59.495 
-72 -141.592 -29 28 -67.7455 -78.9368 -20.9361 -61.2653 
-86 -147.282 -30 29 -61.1087 -76.4163 -18.738 -61.1128 
-76 -139.576 -28 28 -70.6777 -80.5958 -22.951 -62.6145 
-82 -147.06 -30 29 -61.1087 -76.4163 -18.738 -61.1128 
-88 -143.947 -30 30 -66.2981 -80.089 -19.2112 -61.2919 
-74 -142.758 -29 28 -68.9309 -82.4295 -20.1567 -60.9133 
-64 -139.489 -28 28 -69.4991 -78.4194 -22.951 -61.5785 
-86 -151.454 -29 28 -59.9018 -73.0436 -18.3109 -57.802 
-86 -143.608 -30 29 -64.2884 -79.721 -19.8907 -62.6836 
-72 -140.259 -28 28 -69.4932 -77.6351 -22.7686 -60.8049 
-100 -140.492 -29 29 -70.1236 -83.5638 -22.0806 -61.2522 
-86 -143.97 -29 29 -66.8148 -78.1887 -20.4711 -61.3221 
-94 -148.158 -29 29 -63.6351 -74.884 -19.3184 -59.7513 
-92 -143.268 -29 29 -69.1174 -80.8651 -20.4711 -60.2235 
-72 -141.659 -28 28 -70.1351 -78.9688 -21.8524 -60.5936 
-72 -139.773 -28 28 -72.7011 -81.9599 -22.2578 -59.2694 
-86 -147.418 -30 29 -61.1087 -76.4163 -18.738 -61.1128 
-82 -147.612 -29 28 -63.0815 -76.3483 -19.4636 -59.3728 
-82 -146.137 -30 29 -63.4113 -79.0927 -18.738 -60.0142 
-80 -147.424 -29 29 -63.6351 -74.884 -19.3184 -59.7513 
FEATURES_TXT_END_0
FEATURES_TXT_BEGIN_0 63 58 8 Distortion0_0 LM0_0 WordPenalty0_0 PhrasePenalty0_0 TranslationModel0_0 TranslationModel0_1 TranslationModel0_2 TranslationModel0_3 
-64 -126.594 -23 23 -47.1915 -69.1853 -11.6729 -39.5997 
-62 -126.594 -23 23 -47.1915 -69.1853 -11.6729 -39.5997 
-64 -128.467 -23 23 -47.1915 -69.1853 -11.6729 -39.5997 
-60 -126.594 -23 23 -47.1915 -69.1853 -11.6729 -39.5997 
-58 -126.594 -23 23 -47.1915 -69.1853 -11.6729 -39.5997 
-54 -126.594 -23 23 -47.1915 -69.1853 -11.6729 -39.5997 
-66 -126.011 -23 23 -49.2994 -68.727 -11.6729 -38.347 
-64 -127.183 -23 23 -47.1915 -69.1853 -11.6729 -39.5997 
-64 -126.011 -23 23 -49.2994 -68.727 -11.6729 -38.347 
-66 -127.294 -23 23 -49.2994 -68.727 -11.6729 -38.347 
-62 -127.183 -23 23 -47.1915 -69.1853 -11.6729 -39.5997 
-54 -127.878 -23 23 -47.1915 -69.1853 -11.6729 -39.5997 
-62 -126.011 -23 23 -49.2994 -68.727 -11.6729 -38.347 
-60 -127.183 -23 23 -47.1915 -69.1853 -11.6729 -39.5997 
-68 -126.444 -23 23 -49.2994 -68.727 -11.6729 -38.347 
-60 -126.011 -23 23 -49.2994 -68.727 -11.6729 -38.347 
-58 -127.183 -23 23 -47.1915 -69.1853 -11.6729 -39.5997 
-66 -126.444 -23 23 -49.2994 -68.727 -11.6729 -38.347 
-58 -128.08 -23 23 -47.1915 -69.1853 -11.6729 -39.5997 
-64 -126.444 -23 23 -49.2994 -68.727 -11.6729 -38.347 
-62 -127.612 -23 23 -47.1915 -69.1853 -11.6729 -39.5997 
-56 -126.011 -23 23 -49.2994 -68.727 -11.6729 -38.347 
-54 -127.183 -23 23 -47.1915 -69.1853 -11.6729 -39.5997 
-66 -126.6 -23 23 -49.2994 -68.727 -11.6729 -38.347 
-62 -126.444 -23 23 -49.2994 -68.727 -11.6729 -38.347 
-60 -127.612 -23 23 -47.1915 -69.1853 -11.6729 -39.5997 
-62 -127.033 -23 23 -49.2994 -68.727 -11.6729 -38.347 
-70 -128.186 -23 23 -47.1915 -69.1853 -11.6729 -39.5997 
-64 -126.6 -23 23 -49.2994 -68.727 -11.6729 -38.347 
-72 -127.603 -23 23 -49.2994 -68.727 -11.6729 -38.347 
-64 -127.878 -23 23 -47.1915 -69.1853 -11.6729 -39.5997 
-60 -128.186 -23 23 -47.1915 -69.1853 -11.6729 -39.5997 
-76 -129.066 -23 23 -47.1915 -69.1853 -11.6729 -39.5997 
-54 -127.801 -23 23 -47.1915 -69.1853 -11.6729 -39.5997 
-56 -126.6 -23 23 -49.2994 -68.727 -11.6729 -38.347 
-60 -128.08 -23 23 -47.1915 -69.1853 -11.6729 -39.5997 
-58 -127.612 -23 23 -47.1915 -69.1853 -11.6729 -39.5997 
-70 -128.298 -23 23 -47.1915 -69.1853 -11.6729 -39.5997 
-64 -127.033 -23 23 -49.2994 -68.727 -11.6729 -38.347 
-64 -128.298 -23 23 -47.1915 -69.1853 -11.6729 -39.5997 
-52 -127.612 -23 23 -47.1915 -69.1853 -11.6729 -39.5997 
-78 -129.066 -23 23 -47.1915 -69.1853 -11.6729 -39.5997 
-56 -127.801 -23 23 -47.1915 -69.1853 -11.6729 -39.5997 
-68 -128.186 -23 23 -47.1915 -69.1853 -11.6729 -39.5997 
-58 -127.878 -23 23 -47.1915 -69.1853 -11.6729 -39.5997 
-62 -126.6 -23 23 -49.2994 -68.727 -11.6729 -38.347 
-62 -127.878 -23 23 -47.1915 -69.1853 -11.6729 -39.5997 
-66 -127.033 -23 23 -49.2994 -68.727 -11.6729 -38.347 
-64 -128.186 -23 23 -47.1915 -69.1853 -11.6729 -39.5997 
-66 -128.298 -23 23 -47.1915 -69.1853 -11.6729 -39.5997 
-58 -126.444 -23 23 -49.2994 -68.727 -11.6729 -38.347 
-56 -127.612 -23 23 -47.1915 -69.1853 -11.6729 -39.5997 
-68 -128.298 -23 23 -47.1915 -69.1853 -11.6729 -39.5997 
-58 -127.801 -23 23 -47.1915 -69.1853 -11.6729 -39.5997 
-60 -127.878 -23 23 -47.1915 -69.1853 -11.6729 -39.5997 
-60 -126.6 -23 23 -49.2994 -68.727 -11.6729 -38.347 
-66 -128.186 -23 23 -47.1915 -69.1853 -11.6729 -39.5997 
-68 -127.033 -23 23 -49.2994 -68.727 -11.6729 -38.347 
FEATURES_TXT_END_0
FEATURES_TXT_BEGIN_0 64 100 8 Distortion0_0 LM0_0 WordPenalty0_0 PhrasePenalty0_0 TranslationModel0_0 TranslationModel0_1 TranslationModel0_2 TranslationModel0_3 
-105 -201.827 -47 42 -75.1958 -99.3775 -31.6981 -101.018 
-95 -201.629 -47 42 -75.1958 -99.3775 -31.6981 -101.018 
-109 -203.09 -47 42 -74.3805 -98.3633 -31.6843 -99.9718 
-107 -201.247 -47 42 -77.3037 -98.9191 -31.6981 -99.7649 
-105 -207.038 -47 42 -71.7405 -95.0736 -30.0887 -98.7841 
-119 -204.491 -47 42 -77.4971 -102.364 -30.4119 -100.714 
-117 -200.717 -47 43 -76.3279 -100.377 -32.8866 -103.567 
-105 -200.487 -47 42 -77.5336 -101.037 -32.1952 -101.929 
-125 -201.185 -47 43 -76.3279 -100.377 -32.8866 -103.567 
-129 -201.601 -47 42 -77.5306 -104.092 -32.4268 -104.857 
-103 -202.584 -47 42 -75.1958 -99.3775 -31.6981 -101.018 
-109 -202.933 -47 42 -75.1958 -99.3775 -31.6981 -101.018 
-129 -202.891 -47 42 -75.4227 -104.551 -32.4268 -106.11 
-99 -202.892 -47 42 -74.3805 -98.3633 -31.6843 -99.9719 
-97 -201.049 -47 42 -77.3037 -98.9191 -31.6981 -99.765 
-95 -206.84 -47 42 -71.7405 -95.0736 -30.0887 -98.7841 
-107 -202.933 -47 42 -75.1958 -99.3775 -31.6981 -101.018 
-103 -202.738 -47 42 -75.1958 -99.3775 -31.6981 -101.018 
-119 -205.413 -47 42 -76.5 -102.927 -30.4119 -102.18 
-109 -204.293 -47 42 -77.4971 -102.364 -30.4119 -100.714 
-111 -202.51 -47 42 -76.4884 -97.9049 -31.6843 -98.7191 
-117 -203.005 -47 42 -77.1773 -101.824 -31.5105 -100.989 
-109 -208.301 -47 42 -70.9253 -94.0594 -30.0749 -97.7383 
-119 -201.117 -47 43 -76.3279 -100.377 -32.8866 -103.567 
-120 -194.46 -47 43 -79.9839 -102.646 -35.569 -104.371 
-107 -206.458 -47 42 -73.8484 -94.6152 -30.0887 -97.5313 
-107 -200.52 -47 43 -76.3279 -100.377 -32.8866 -103.567 
-95 -200.289 -47 42 -77.5336 -101.037 -32.1952 -101.929 
-115 -200.987 -47 43 -76.3279 -100.377 -32.8866 -103.567 
-119 -201.403 -47 42 -77.5306 -104.092 -32.4268 -104.857 
-93 -202.386 -47 42 -75.1958 -99.3775 -31.6981 -101.018 
-99 -202.735 -47 42 -75.1958 -99.3775 -31.6981 -101.018 
-123 -205.754 -47 42 -76.6819 -101.35 -30.3981 -99.6679 
-119 -202.693 -47 42 -75.4227 -104.551 -32.4268 -106.11 
-117 -201.211 -47 43 -77.2188 -101.471 -32.5989 -103.531 
-121 -203.911 -47 42 -79.605 -101.906 -30.4119 -99.461 
-109 -199.036 -47 43 -77.5743 -100.092 -33.4938 -100.638 
-97 -202.735 -47 42 -75.1958 -99.3775 -31.6981 -101.018 
-103 -203.082 -47 42 -75.1958 -99.3775 -31.6981 -101.018 
-115 -201.206 -47 42 -78.5123 -104.056 -32.2037 -103.229 
-121 -201.981 -47 43 -75.5126 -99.3627 -32.8728 -102.522 
-115 -204.291 -47 42 -74.3805 -98.3633 -31.6843 -99.9718 
-129 -202.448 -47 43 -75.5126 -99.3627 -32.8728 -102.522 
-133 -202.864 -47 42 -76.7153 -103.078 -32.413 -103.811 
-125 -202.856 -47 43 -76.7418 -100.403 -32.1935 -101.12 
-109 -205.215 -47 42 -76.5 -102.927 -30.4119 -102.18 
-107 -199.907 -47 42 -79.6415 -100.579 -32.1952 -100.677 
-117 -205.929 -47 43 -72.8726 -96.073 -31.2772 -101.334 
-133 -204.154 -47 42 -74.6075 -103.536 -32.413 -105.064 
-105 -205.698 -47 42 -74.0784 -96.7334 -30.5857 -99.6958 
-125 -206.396 -47 43 -72.8726 -96.073 -31.2772 -101.334 
-105 -202.004 -47 42 -77.3037 -98.9191 -31.6981 -99.7649 
-103 -203.164 -47 42 -75.1958 -99.3775 -31.6981 -101.018 
-111 -202.353 -47 42 -77.3037 -98.9191 -31.6981 -99.7649 
-103 -207.796 -47 42 -71.7405 -95.0736 -30.0887 -98.7841 
-127 -194.006 -47 43 -81.9796 -102.506 -35.569 -102.904 
-109 -208.144 -47 42 -71.7405 -95.0736 -30.0887 -98.7841 
-125 -203.812 -47 42 -77.1773 -101.824 -31.5105 -100.989 
-105 -201.119 -47 42 -77.5336 -101.037 -32.1952 -101.929 
-101 -202.312 -47 42 -76.4884 -97.9049 -31.6843 -98.7191 
-121 -207.248 -47 42 -73.0812 -97.2954 -30.5857 -101.162 
-105 -203.325 -47 42 -75.1958 -99.3775 -31.6981 -101.018 
-125 -205.102 -47 42 -75.0694 -102.282 -31.5105 -102.242 
-107 -202.807 -47 42 -77.1773 -101.824 -31.5105 -100.99 
-99 -208.103 -47 42 -70.9253 -94.0594 -30.0749 -97.7383 
-109 -200.919 -47 43 -76.3279 -100.377 -32.8866 -103.567 
-109 -199.273 -47 43 -77.5743 -100.092 -33.4938 -100.638 
-97 -206.26 -47 42 -73.8484 -94.6152 -30.0887 -97.5314 
-105 -207.991 -47 42 -71.7405 -95.0736 -30.0887 -98.7841 
-111 -204.196 -47 42 -74.3805 -98.3633 -31.6843 -99.9718 
-133 -204.867 -47 42 -79.605 -101.906 -30.4119 -99.461 
-119 -203.151 -47 42 -79.835 -104.024 -30.909 -101.625 
-95 -202.834 -47 42 -75.1958 -99.3775 -31.6981 -101.018 
-107 -208.145 -47 42 -71.7405 -95.0736 -30.0887 -98.7841 
-117 -205.249 -47 42 -77.4971 -102.364 -30.4119 -100.714 
-123 -205.597 -47 42 -77.4971 -102.364 -30.4119 -100.714 
-115 -207.005 -47 42 -73.0812 -97.2954 -30.5857 -101.162 
-105 -202.158 -47 42 -77.3037 -98.9191 -31.6981 -99.7649 
-123 -206.676 -47 42 -75.6847 -101.912 -30.3981 -101.134 
-109 -204.149 -47 42 -74.3805 -98.3633 -31.6843 -99.9719 
-117 -204.751 -47 42 -75.0694 -102.282 -31.5105 -102.242 
-103 -207.949 -47 42 -71.7405 -95.0736 -30.0887 -98.7841 
-105 -203.44 -47 42 -75.1958 -99.3775 -31.6981 -101.018 
-121 -204.833 -47 42 -78.6079 -102.468 -30.4119 -100.927 
-113 -205.556 -47 42 -76.6819 -101.35 -30.3981 -99.6679 
-107 -201.013 -47 43 -77.2188 -101.471 -32.5989 -103.531 
-111 -203.713 -47 42 -79.605 -101.906 -30.4119 -99.461 
-121 -204.268 -47 42 -76.362 -100.809 -31.4968 -99.9436 
-105 -206.027 -47 42 -73.8965 -98.3096 -30.5995 -102.208 
-109 -199.424 -47 43 -77.5743 -100.092 -33.4938 -100.638 
-123 -202.38 -47 43 -75.5126 -99.3627 -32.8728 -102.522 
-117 -199.378 -47 43 -78.6657 -102.037 -33.3836 -104.479 
-121 -205.598 -47 42 -77.4971 -102.364 -30.4119 -100.714 
-111 -207.721 -47 42 -73.0331 -93.601 -30.0749 -96.4855 
-125 -199.845 -47 43 -78.6657 -102.037 -33.3836 -104.479 
-109 -206.298 -47 42 -73.8965 -98.3096 -30.5995 -102.208 
-119 -206.328 -47 43 -72.8726 -96.0729 -31.2772 -101.334 
-129 -200.261 -47 42 -79.8685 -105.752 -32.9239 -105.769 
-115 -201.475 -47 43 -76.3279 -100.377 -32.8866 -103.567 
-119 -206.323 -47 42 -77.2336 -102.05 -30.0065 -100.939 
FEATURES_TXT_END_0
FEATURES_TXT_BEGIN_0 65 50 8 Distortion0_0 LM0_0 WordPenalty0_0 PhrasePenalty0_0 TranslationModel0_0 TranslationModel0_1 TranslationModel0_2 TranslationModel0_3 
-142 -236.228 -42 39 -72.6617 -102.897 -17.2112 -93.8708 
-102 -233.312 -41 39 -78.4487 -103.754 -17.9613 -94.32 
-138 -236.228 -42 39 -72.6617 -102.897 -17.2112 -93.8708 
-132 -236.84 -42 39 -72.6617 -102.897 -17.2112 -93.8708 
-136 -236.228 -42 39 -72.6617 -102.897 -17.2112 -93.8708 
-104 -232.275 -42 39 -77.7236 -103.355 -17.2112 -92.1559 
-92 -231.91 -42 39 -77.0961 -103.268 -17.2112 -92.9768 
-142 -236.649 -42 39 -72.6617 -102.897 -17.2112 -93.8708 
-130 -237.508 -41 39 -74.0143 -103.383 -17.9613 -95.214 
-134 -236.228 -42 39 -72.6617 -102.897 -17.2112 -93.8708 
-106 -232.032 -42 39 -77.0961 -103.268 -17.2112 -92.9768 
-140 -237.261 -42 39 -72.6617 -102.897 -17.2112 -93.8708 
-138 -236.622 -42 39 -72.6617 -102.897 -17.2112 -93.8708 
-100 -232.34 -42 39 -77.0961 -103.268 -17.2112 -92.9768 
-138 -236.649 -42 39 -72.6617 -102.897 -17.2112 -93.8708 
-132 -236.796 -42 39 -72.6617 -102.897 -17.2112 -93.8708 
-140 -236.796 -42 39 -72.6617 -102.897 -17.2112 -93.8708 
-138 -237.929 -41 39 -74.0143 -103.383 -17.9613 -95.214 
-108 -232.34 -42 39 -77.0961 -103.268 -17.2112 -92.9768 
-104 -226.966 -42 39 -79.9928 -101.852 -19.3017 -92.8098 
-138 -237.508 -41 39 -74.0143 -103.383 -17.9613 -95.214 
-124 -231.663 -43 40 -74.5129 -103.236 -17.6455 -93.6486 
-100 -231.91 -42 39 -77.0961 -103.268 -17.2112 -92.9768 
-142 -230.255 -42 39 -75.8187 -106.32 -20.2267 -97.3322 
-102 -232.032 -42 39 -77.0961 -103.268 -17.2112 -92.9768 
-148 -236.392 -42 40 -73.4103 -102.916 -17.7782 -93.822 
-140 -236.84 -42 39 -72.6617 -102.897 -17.2112 -93.8708 
-130 -236.622 -42 39 -72.6617 -102.897 -17.2112 -93.8708 
-136 -236.649 -42 39 -72.6617 -102.897 -17.2112 -93.8708 
-134 -236.84 -42 39 -72.6617 -102.897 -17.2112 -93.8708 
-112 -233.462 -42 39 -76.5329 -105.403 -17.2112 -93.8082 
-100 -232.032 -42 39 -77.0961 -103.268 -17.2112 -92.9768 
-94 -231.91 -42 39 -77.0961 -103.268 -17.2112 -92.9768 
-132 -237.508 -41 39 -74.0143 -103.383 -17.9613 -95.214 
-134 -236.622 -42 39 -72.6617 -102.897 -17.2112 -93.8708 
-102 -232.34 -42 39 -77.0961 -103.268 -17.2112 -92.9768 
-128 -231.663 -43 40 -74.5129 -103.236 -17.6455 -93.6486 
-134 -236.796 -42 39 -72.6617 -102.897 -17.2112 -93.8708 
-134 -236.649 -42 39 -72.6617 -102.897 -17.2112 -93.8708 
-136 -236.796 -42 39 -72.6617 -102.897 -17.2112 -93.8708 
-108 -232.339 -42 39 -77.7236 -103.355 -17.2112 -92.1559 
-104 -232.34 -42 39 -77.0961 -103.268 -17.2112 -92.9768 
-148 -237.581 -42 39 -72.6617 -102.897 -17.2112 -93.8708 
-134 -237.508 -41 39 -74.0143 -103.383 -17.9613 -95.214 
-132 -233.677 -42 39 -77.7236 -103.355 -17.2112 -92.1559 
-96 -231.91 -42 39 -77.0961 -103.268 -17.2112 -92.9768 
-132 -236.622 -42 39 -72.6617 -102.897 -17.2112 -93.8708 
-108 -232.275 -42 39 -77.7236 -103.355 -17.2112 -92.1559 
-136 -236.84 -42 39 -72.6617 -102.897 -17.2112 -93.8708 
-98 -232.032 -42 39 -77.0961 -103.268 -17.2112 -92.9768 
FEATURES_TXT_END_0
FEATURES_TXT_BEGIN_0 66 89 8 Distortion0_0 LM0_0 WordPenalty0_0 PhrasePenalty0_0 TranslationModel0_0 TranslationModel0_1 TranslationModel0_2 TranslationModel0_3 
-81 -172.248 -29 28 -44.0885 -56.2313 -16.8935 -58.6884 
-81 -170.059 -29 28 -43.0649 -56.296 -18.4954 -59.4212 
-79 -172.248 -29 28 -44.0885 -56.2313 -16.8935 -58.6884 
-79 -170.059 -29 28 -43.0649 -56.296 -18.4954 -59.4212 
-75 -171.933 -29 28 -46.7797 -58.6833 -16.2004 -59.0248 
-75 -169.745 -29 28 -45.7562 -58.748 -17.8022 -59.7577 
-81 -173.524 -29 28 -45.3679 -57.0484 -15.9429 -58.0066 
-81 -171.335 -29 28 -44.3444 -57.1131 -17.5448 -58.7395 
-80 -172.564 -29 28 -44.0885 -56.2313 -16.8935 -58.6884 
-80 -170.376 -29 28 -43.0649 -56.296 -18.4954 -59.4212 
-79 -173.524 -29 28 -45.3679 -57.0484 -15.9429 -58.0066 
-79 -171.335 -29 28 -44.3444 -57.1131 -17.5448 -58.7395 
-71 -171.933 -29 28 -46.7797 -58.6833 -16.2004 -59.0248 
-71 -169.745 -29 28 -45.7562 -58.748 -17.8022 -59.7577 
-78 -172.564 -29 28 -44.0885 -56.2313 -16.8935 -58.6884 
-85 -170.055 -29 28 -49.4968 -61.2417 -16.8935 -60.2978 
-78 -170.376 -29 28 -43.0649 -56.296 -18.4954 -59.4212 
-85 -167.866 -29 28 -48.4732 -61.3064 -18.4954 -61.0307 
-75 -173.209 -29 28 -48.0591 -59.5004 -15.2497 -58.3431 
-75 -171.02 -29 28 -47.0356 -59.565 -16.8516 -59.076 
-81 -172.983 -29 28 -46.1522 -58.5956 -16.2004 -59.8458 
-81 -170.795 -29 28 -45.1286 -58.6602 -17.8022 -60.5787 
-80 -173.84 -29 28 -45.3679 -57.0484 -15.9429 -58.0066 
-80 -171.652 -29 28 -44.3444 -57.1131 -17.5448 -58.7395 
-81 -170.055 -29 28 -49.4968 -61.2417 -16.8935 -60.2978 
-81 -167.866 -29 28 -48.4732 -61.3064 -18.4954 -61.0307 
-83 -172.886 -29 28 -46.7797 -58.6833 -16.2004 -59.0248 
-83 -170.698 -29 28 -45.7562 -58.748 -17.8022 -59.7577 
-71 -173.209 -29 28 -48.0591 -59.5004 -15.2497 -58.3431 
-71 -171.02 -29 28 -47.0356 -59.565 -16.8516 -59.076 
-78 -173.84 -29 28 -45.3679 -57.0484 -15.9429 -58.0066 
-85 -171.331 -29 28 -50.7762 -62.0588 -15.9429 -59.616 
-78 -171.652 -29 28 -44.3444 -57.1131 -17.5448 -58.7395 
-85 -169.142 -29 28 -49.7526 -62.1235 -17.5448 -60.3489 
-85 -173.393 -29 28 -46.1522 -58.5956 -16.2004 -59.8458 
-85 -171.205 -29 28 -45.1286 -58.6602 -17.8022 -60.5787 
-77 -172.983 -29 28 -46.1522 -58.5956 -16.2004 -59.8458 
-77 -172.071 -29 28 -46.408 -59.4773 -16.8516 -59.8969 
-87 -174.511 -29 28 -48.0591 -59.5004 -15.2497 -58.3431 
-77 -170.795 -29 28 -45.1286 -58.6602 -17.8022 -60.5787 
-77 -174.259 -29 28 -47.4316 -59.4126 -15.2497 -59.164 
-95 -174.908 -29 28 -45.3679 -57.0484 -15.9429 -58.0066 
-89 -172.637 -29 28 -44.3443 -57.1131 -17.5448 -58.7395 
-95 -172.719 -29 28 -44.3443 -57.1131 -17.5448 -58.7395 
-77 -172.756 -29 28 -44.3116 -57.2516 -16.8935 -60.4519 
-77 -170.567 -29 28 -43.2881 -57.3162 -18.4954 -61.1848 
-93 -174.825 -29 28 -45.3679 -57.0484 -15.9429 -58.0066 
-93 -172.637 -29 28 -44.3443 -57.1131 -17.5448 -58.7395 
-81 -174.259 -29 28 -47.4316 -59.4126 -15.2497 -59.164 
-81 -172.071 -29 28 -46.408 -59.4773 -16.8516 -59.8969 
-87 -173.621 -29 28 -46.1522 -58.5956 -16.2004 -59.8458 
-93 -170.949 -29 28 -49.4968 -61.2417 -16.8935 -60.2978 
-87 -171.433 -29 28 -45.1286 -58.6602 -17.8022 -60.5787 
-93 -168.76 -29 28 -48.4732 -61.3064 -18.4954 -61.0307 
-79 -172.886 -29 28 -46.7797 -58.6833 -16.2004 -59.0248 
-75 -172.983 -29 28 -46.1522 -58.5956 -16.2004 -59.8458 
-79 -173.11 -29 28 -44.0885 -56.2313 -16.8935 -58.6884 
-79 -170.698 -29 28 -45.7562 -58.748 -17.8022 -59.7577 
-75 -170.795 -29 28 -45.1286 -58.6602 -17.8022 -60.5787 
-93 -174.908 -29 28 -45.3679 -57.0484 -15.9429 -58.0066 
-79 -170.922 -29 28 -43.0649 -56.296 -18.4954 -59.4212 
-93 -172.719 -29 28 -44.3443 -57.1131 -17.5448 -58.7395 
-81 -171.331 -29 28 -50.7762 -62.0588 -15.9429 -59.616 
-80 -173.3 -29 28 -46.1522 -58.5956 -16.2004 -59.8458 
-81 -169.142 -29 28 -49.7526 -62.1235 -17.5448 -60.3489 
-80 -171.111 -29 28 -45.1286 -58.6602 -17.8022 -60.5787 
-91 -174.825 -29 28 -45.3679 -57.0484 -15.9429 -58.0066 
-89 -174.825 -29 28 -45.3679 -57.0484 -15.9429 -58.0066 
-91 -172.637 -29 28 -44.3443 -57.1131 -17.5448 -58.7395 
-87 -171.297 -29 28 -45.7562 -58.748 -17.8022 -59.7577 
-83 -174.162 -29 28 -48.0591 -59.5004 -15.2497 -58.3431 
-83 -171.974 -29 28 -47.0356 -59.565 -16.8516 -59.076 
-81 -173.393 -29 28 -46.1522 -58.5956 -16.2004 -59.8458 
-75 -173.053 -29 28 -46.1522 -58.5956 -16.2004 -59.8458 
-73 -170.567 -29 28 -43.2881 -57.3162 -18.4954 -61.1848 
-81 -171.205 -29 28 -45.1286 -58.6602 -17.8022 -60.5787 
-75 -170.864 -29 28 -45.1286 -58.6602 -17.8022 -60.5787 
-87 -173.486 -29 28 -46.7797 -58.6833 -16.2004 -59.0248 
-85 -173.311 -29 28 -46.7797 -58.6833 -16.2004 -59.0248 
-85 -171.123 -29 28 -45.7562 -58.748 -17.8022 -59.7577 
-73 -172.983 -29 28 -46.1522 -58.5956 -16.2004 -59.8458 
-85 -174.669 -29 28 -47.4316 -59.4126 -15.2497 -59.164 
-77 -173.11 -29 28 -44.0885 -56.2313 -16.8935 -58.6884 
-73 -170.795 -29 28 -45.1286 -58.6602 -17.8022 -60.5787 
-85 -173.572 -29 28 -44.0885 -56.2313 -16.8935 -58.6884 
-85 -172.48 -29 28 -46.408 -59.4773 -16.8516 -59.8969 
-77 -170.922 -29 28 -43.0649 -56.296 -18.4954 -59.4212 
-85 -171.383 -29 28 -43.0649 -56.296 -18.4954 -59.4212 
-73 -172.756 -29 28 -44.3116 -57.2516 -16.8935 -60.4519 
FEATURES_TXT_END_0
FEATURES_TXT_BEGIN_0 67 88 8 Distortion0_0 LM0_0 WordPenalty0_0 PhrasePenalty0_0 TranslationModel0_0 TranslationModel0_1 TranslationModel0_2 TranslationModel0_3 
-108 -193.811 -41 38 -66.5789 -115.889 -23.3045 -93.7149 
-106 -193.811 -41 38 -66.5789 -115.889 -23.3045 -93.7149 
-120 -195.103 -41 38 -68.7547 -118.172 -22.4331 -92.9764 
-95 -208.724 -39 37 -65.984 -113.677 -18.0766 -88.1267 
-88 -208.346 -39 37 -65.984 -113.677 -18.0766 -88.1267 
-108 -196.41 -41 38 -66.4247 -115.174 -22.0517 -92.7986 
-93 -208.724 -39 37 -65.984 -113.677 -18.0766 -88.1267 
-110 -194.337 -41 38 -66.5789 -115.889 -23.3045 -93.7149 
-81 -211.052 -39 37 -65.8298 -112.962 -16.8238 -87.2104 
-86 -208.346 -39 37 -65.984 -113.677 -18.0766 -88.1267 
-107 -210.016 -39 37 -68.1598 -115.96 -17.2052 -87.3882 
-106 -196.41 -41 38 -66.4247 -115.174 -22.0517 -92.7986 
-100 -209.638 -39 37 -68.1598 -115.96 -17.2052 -87.3882 
-112 -194.006 -41 38 -70.141 -117.177 -22.4331 -93.6695 
-95 -207.96 -39 37 -67.3703 -112.682 -18.0766 -88.8199 
-126 -195.896 -41 38 -68.7547 -118.172 -22.4331 -92.9764 
-95 -211.324 -39 37 -65.8298 -112.962 -16.8238 -87.2104 
-93 -207.96 -39 37 -67.3703 -112.682 -18.0766 -88.8199 
-88 -210.946 -39 37 -65.8298 -112.962 -16.8238 -87.2104 
-107 -209.252 -39 37 -69.5461 -114.965 -17.2052 -88.0814 
-97 -209.251 -39 37 -65.984 -113.677 -18.0766 -88.1267 
-93 -208.466 -39 37 -67.3703 -112.682 -18.0766 -88.8199 
-90 -208.872 -39 37 -65.984 -113.677 -18.0766 -88.1267 
-93 -209.226 -39 37 -65.984 -111.795 -18.0766 -88.8199 
-118 -197.387 -41 38 -66.4247 -115.174 -22.0517 -92.7986 
-104 -194.735 -41 38 -66.5789 -115.889 -23.3045 -93.7149 
-93 -211.324 -39 37 -65.8298 -112.962 -16.8238 -87.2104 
-110 -196.937 -41 38 -66.4247 -115.174 -22.0517 -92.7986 
-115 -194.352 -41 38 -67.9652 -114.894 -23.3045 -94.408 
-86 -210.946 -39 37 -65.8298 -112.962 -16.8238 -87.2104 
-95 -209.23 -39 37 -65.984 -113.677 -18.0766 -88.1267 
-99 -208.92 -39 37 -69.5461 -114.965 -17.2052 -88.0814 
-95 -208.903 -39 37 -66.5971 -113.909 -18.0766 -87.8903 
-81 -208.452 -39 37 -65.984 -113.677 -18.0766 -88.1267 
-88 -208.852 -39 37 -65.984 -113.677 -18.0766 -88.1267 
-92 -208.542 -39 37 -69.5461 -114.965 -17.2052 -88.0814 
-88 -208.524 -39 37 -66.5971 -113.909 -18.0766 -87.8903 
-87 -206.311 -39 37 -66.1663 -114.553 -19.4629 -89.513 
-96 -209.352 -39 37 -65.984 -113.677 -18.0766 -88.1267 
-95 -210.559 -39 37 -67.2161 -111.966 -16.8238 -87.9036 
-101 -209.654 -39 37 -65.984 -113.677 -18.0766 -88.1267 
-113 -210.81 -39 37 -68.1598 -115.96 -17.2052 -87.3882 
-94 -209.275 -39 37 -65.984 -113.677 -18.0766 -88.1267 
-115 -195.117 -41 38 -66.5789 -115.889 -23.3045 -93.7149 
-106 -210.431 -39 37 -68.1598 -115.96 -17.2052 -87.3882 
-93 -209.23 -39 37 -65.984 -113.677 -18.0766 -88.1267 
-93 -208.903 -39 37 -66.5971 -113.909 -18.0766 -87.8903 
-79 -208.452 -39 37 -65.984 -113.677 -18.0766 -88.1267 
-86 -208.852 -39 37 -65.984 -113.677 -18.0766 -88.1267 
-107 -210.522 -39 37 -68.1598 -115.96 -17.2052 -87.3882 
-86 -208.524 -39 37 -66.5971 -113.909 -18.0766 -87.8903 
-97 -208.486 -39 37 -67.3703 -112.682 -18.0766 -88.8199 
-95 -211.502 -39 37 -66.4429 -113.193 -16.8238 -86.974 
-107 -210.195 -39 37 -68.7729 -116.192 -17.2052 -87.1518 
-118 -194.799 -41 38 -70.141 -117.177 -22.4331 -93.6695 
-93 -209.744 -39 37 -68.1598 -115.96 -17.2052 -87.3882 
-100 -210.144 -39 37 -68.1598 -115.96 -17.2052 -87.3882 
-100 -209.817 -39 37 -68.7729 -116.192 -17.2052 -87.1518 
-85 -206.311 -39 37 -66.1663 -114.553 -19.4629 -89.513 
-94 -209.352 -39 37 -65.984 -113.677 -18.0766 -88.1267 
-93 -210.559 -39 37 -67.2161 -111.966 -16.8238 -87.9036 
-99 -209.654 -39 37 -65.984 -113.677 -18.0766 -88.1267 
-99 -207.603 -39 37 -68.3421 -116.836 -18.5915 -88.7745 
-108 -210.644 -39 37 -68.1598 -115.96 -17.2052 -87.3882 
-92 -209.275 -39 37 -65.984 -113.677 -18.0766 -88.1267 
-113 -195.117 -41 38 -66.5789 -115.889 -23.3045 -93.7149 
-116 -197.551 -41 38 -66.4247 -115.174 -22.0517 -92.7986 
-113 -210.946 -39 37 -68.1598 -115.96 -17.2052 -87.3882 
-105 -212.3 -39 37 -65.8298 -112.962 -16.8238 -87.2104 
-95 -211.83 -39 37 -65.8298 -112.962 -16.8238 -87.2104 
-106 -194.735 -41 38 -66.5789 -115.889 -23.3045 -93.7149 
-95 -209.226 -39 37 -65.984 -111.795 -18.0766 -88.8199 
-95 -208.466 -39 37 -67.3703 -112.682 -18.0766 -88.8199 
-97 -211.85 -39 37 -65.8298 -112.962 -16.8238 -87.2104 
-113 -210.045 -39 37 -69.5461 -114.965 -17.2052 -88.0814 
-106 -210.567 -39 37 -68.1598 -115.96 -17.2052 -87.3882 
-99 -208.155 -39 37 -70.9324 -113.969 -17.2052 -88.7745 
-127 -196.409 -41 38 -68.7547 -118.172 -22.4331 -92.9764 
-95 -208.138 -39 37 -67.9834 -112.913 -18.0766 -88.5835 
-114 -197.472 -41 38 -66.4247 -115.174 -22.0517 -92.7986 
-101 -208.889 -39 37 -67.3703 -112.682 -18.0766 -88.8199 
-98 -211.922 -39 37 -65.8298 -112.962 -16.8238 -87.2104 
-87 -205.546 -39 37 -67.5526 -113.557 -19.4629 -90.2062 
-81 -207.687 -39 37 -67.3703 -112.682 -18.0766 -88.8199 
-90 -211.472 -39 37 -65.8298 -112.962 -16.8238 -87.2104 
-88 -208.785 -39 37 -66.5971 -113.909 -18.0766 -87.8903 
-95 -209.163 -39 37 -66.5971 -113.909 -18.0766 -87.8903 
-92 -209.352 -39 37 -65.984 -113.677 -18.0766 -88.1267 
FEATURES_TXT_END_0
FEATURES_TXT_BEGIN_0 68 100 8 Distortion0_0 LM0_0 WordPenalty0_0 PhrasePenalty0_0 TranslationModel0_0 TranslationModel0_1 TranslationModel0_2 TranslationModel0_3 
-51 -93.8858 -21 20 -51.5572 -58.026 -17.0365 -48.1081 
-51 -95.5826 -21 20 -50.1709 -57.3729 -16.6311 -47.8205 
-55 -94.9927 -21 20 -51.5572 -58.026 -17.0365 -48.1081 
-55 -96.6896 -21 20 -50.1709 -57.3729 -16.6311 -47.8205 
-51 -96.4742 -21 20 -50.1709 -57.3729 -16.6311 -47.8205 
-51 -94.6587 -21 20 -50.2297 -57.8696 -17.7297 -50.2922 
-53 -95.5406 -21 20 -51.5572 -58.026 -17.0365 -48.1081 
-53 -97.2374 -21 20 -50.1709 -57.3729 -16.6311 -47.8205 
-51 -95.6804 -21 20 -51.5572 -58.026 -17.0365 -48.1081 
-55 -94.8328 -22 20 -48.2707 -58.141 -17.0365 -51.7105 
-55 -97.5812 -21 20 -50.1709 -57.3729 -16.6311 -47.8205 
-51 -94.6808 -22 20 -48.2707 -58.141 -17.0365 -51.7105 
-51 -98.0552 -21 20 -47.5775 -55.2818 -17.0365 -47.502 
-51 -97.3773 -21 20 -50.1709 -57.3729 -16.6311 -47.8205 
-55 -96.5297 -22 20 -46.8844 -57.4878 -16.6311 -51.4229 
-51 -96.3776 -22 20 -46.8844 -57.4879 -16.6311 -51.4229 
-51 -99.752 -21 20 -46.1913 -54.6286 -16.6311 -47.2143 
-55 -95.7657 -21 20 -50.2297 -57.8696 -17.7297 -50.2922 
-51 -96.1217 -21 20 -51.5572 -58.026 -17.0365 -48.1081 
-55 -96.354 -21 20 -51.5572 -58.026 -17.0365 -48.1081 
-55 -98.0509 -21 20 -50.1709 -57.3729 -16.6311 -47.8205 
-49 -96.0859 -22 21 -49.1135 -58.3935 -16.3351 -50.0912 
-51 -94.3063 -21 20 -51.616 -58.5228 -18.1351 -50.5799 
-57 -96.7387 -21 20 -51.5572 -58.026 -17.0365 -48.1081 
-51 -94.8861 -21 20 -52.4735 -60.4036 -17.7297 -49.1197 
-53 -98.129 -21 20 -50.1709 -57.3729 -16.6311 -47.8205 
-49 -97.7827 -22 21 -47.7272 -57.7403 -15.9296 -49.8035 
-57 -98.4355 -21 20 -50.1709 -57.3729 -16.6311 -47.8205 
-55 -98.5175 -22 21 -46.7835 -55.3949 -15.9537 -49.9134 
-51 -96.5829 -21 20 -51.0872 -59.7505 -17.3242 -48.8321 
-57 -97.0536 -21 20 -51.5572 -58.026 -17.0365 -48.1081 
-55 -99.1622 -21 20 -47.5775 -55.2818 -17.0365 -47.502 
-53 -96.3136 -21 20 -50.2297 -57.8696 -17.7297 -50.2922 
-51 -98.2688 -21 20 -50.1709 -57.3729 -16.6311 -47.8205 
-47 -97.306 -21 20 -50.1425 -55.4641 -17.0365 -46.1157 
-61 -97.2398 -22 21 -49.1135 -58.3935 -16.3351 -50.0912 
-55 -100.214 -22 21 -45.3972 -54.7418 -15.5483 -49.6257 
-55 -97.4212 -22 20 -46.8844 -57.4878 -16.6311 -51.4229 
-57 -98.7504 -21 20 -50.1709 -57.3729 -16.6311 -47.8205 
-55 -100.859 -21 20 -46.1913 -54.6286 -16.6311 -47.2143 
-55 -95.5597 -21 20 -52.4735 -60.4036 -17.7297 -49.1197 
-51 -97.2692 -22 20 -46.8844 -57.4879 -16.6311 -51.4229 
-51 -100.644 -21 20 -46.1913 -54.6286 -16.6311 -47.2143 
-47 -99.0029 -21 20 -48.7562 -54.8109 -16.6311 -45.828 
-51 -96.4534 -21 20 -50.2297 -57.8696 -17.7297 -50.2922 
-55 -97.2287 -21 20 -51.5572 -58.026 -17.0365 -48.1081 
-61 -98.9367 -22 21 -47.7272 -57.7403 -15.9296 -49.8035 
-53 -96.5037 -21 20 -50.4586 -58.1658 -17.7297 -49.8129 
-61 -99.2418 -22 21 -46.7835 -55.3949 -15.9537 -49.9134 
-55 -95.6058 -22 20 -46.9431 -57.9846 -17.7297 -53.8946 
-55 -97.2565 -21 20 -51.0872 -59.7505 -17.3242 -48.8321 
-55 -97.2398 -22 21 -49.1135 -58.3935 -16.3351 -50.0912 
-51 -95.4538 -22 20 -46.9431 -57.9846 -17.7297 -53.8946 
-51 -98.8282 -21 20 -46.25 -55.1254 -17.7297 -49.6861 
-55 -96.0005 -22 21 -48.3434 -56.0675 -17.2657 -48.1875 
-53 -98.2005 -21 20 -49.0723 -57.5126 -17.3242 -49.5252 
-55 -98.9425 -21 20 -50.1709 -57.3729 -16.6311 -47.8205 
-61 -100.939 -22 21 -45.3972 -54.7418 -15.5483 -49.6257 
-49 -97.8278 -21 20 -50.1425 -55.4641 -17.0365 -46.1157 
-51 -97.3828 -21 20 -47.7432 -58.822 -18.1351 -53.5226 
-55 -95.4132 -21 20 -51.616 -58.5228 -18.1351 -50.5799 
-55 -98.9367 -22 21 -47.7272 -57.7403 -15.9296 -49.8035 
-51 -97.9066 -21 20 -50.4586 -56.4505 -17.0365 -47.7027 
-55 -97.6973 -22 21 -46.9571 -55.4143 -16.8603 -47.8999 
-49 -99.5246 -21 20 -48.7562 -54.8109 -16.6311 -45.828 
-51 -99.0797 -21 20 -46.3569 -58.1688 -17.7297 -53.2349 
-57 -97.5975 -22 21 -49.1135 -58.3935 -16.3351 -50.0912 
-51 -96.8559 -21 20 -50.2297 -57.8696 -17.7297 -50.2922 
-49 -98.6743 -22 21 -47.7272 -57.7403 -15.9296 -49.8035 
-55 -97.127 -21 20 -50.2297 -57.8696 -17.7297 -50.2922 
-57 -99.3271 -21 20 -50.1709 -57.3729 -16.6311 -47.8205 
-53 -100.152 -21 20 -47.1075 -55.2102 -17.0365 -46.7644 
-53 -96.2256 -22 21 -48.3434 -56.0675 -17.2657 -48.1875 
-51 -97.4745 -21 20 -51.0872 -59.7505 -17.3242 -48.8321 
-51 -99.6034 -21 20 -49.0723 -55.7973 -16.6311 -47.415 
-51 -98.3191 -21 20 -50.1425 -55.4641 -17.0365 -46.1157 
-57 -99.2943 -22 21 -47.7272 -57.7403 -15.9296 -49.8035 
-61 -98.1606 -21 20 -51.5572 -58.026 -17.0365 -48.1081 
-47 -96.5117 -21 20 -51.0588 -57.8417 -17.7297 -47.1273 
-53 -96.3002 -22 21 -48.3434 -56.0675 -17.2657 -48.1875 
-57 -96.5654 -22 21 -48.3434 -56.0675 -17.2657 -48.1875 
-53 -97.7766 -21 20 -51.5572 -58.026 -17.0365 -48.1081 
-49 -96.8589 -22 21 -47.7859 -58.2371 -17.0283 -52.2753 
-53 -101.849 -21 20 -45.7213 -54.557 -16.6311 -46.4767 
-55 -96.757 -22 20 -48.2707 -58.141 -17.0365 -51.7105 
-53 -98.5556 -21 20 -50.1425 -55.4641 -17.0365 -46.1157 
-53 -97.9224 -22 21 -46.9571 -55.4143 -16.8603 -47.8999 
-57 -97.5117 -21 20 -50.2297 -57.8696 -17.7297 -50.2922 
-55 -101.106 -22 21 -45.3972 -54.7418 -15.5483 -49.6257 
-51 -100.016 -21 20 -48.7562 -54.8109 -16.6311 -45.828 
-61 -99.8574 -21 20 -50.1709 -57.3729 -16.6311 -47.8205 
-47 -98.2085 -21 20 -49.6725 -57.1885 -17.3242 -46.8396 
-65 -98.436 -22 21 -49.1135 -58.3935 -16.3351 -50.0912 
-53 -97.9971 -22 21 -46.9571 -55.4143 -16.8603 -47.8999 
-51 -95.6591 -21 20 -51.146 -60.2472 -18.4228 -51.3038 
-55 -101.751 -21 20 -46.1913 -54.6286 -16.6311 -47.2143 
-55 -95.2917 -22 20 -49.187 -60.5186 -17.7297 -52.7221 
-51 -96.6544 -22 20 -48.2707 -58.141 -17.0365 -51.7105 
-57 -98.2622 -22 21 -46.9571 -55.4143 -16.8603 -47.8999 
-61 -97.0799 -23 21 -45.827 -58.5085 -16.3351 -53.6936 
FEATURES_TXT_END_0
FEATURES_TXT_BEGIN_0 69 93 8 Distortion0_0 LM0_0 WordPenalty0_0 PhrasePenalty0_0 TranslationModel0_0 TranslationModel0_1 TranslationModel0_2 TranslationModel0_3 
-104 -191.132 -36 34 -75.0396 -93.4042 -13.3883 -64.2067 
-98 -191.132 -36 34 -75.0396 -93.4042 -13.3883 -64.2067 
-100 -191.781 -36 34 -75.0396 -93.4042 -13.3883 -64.2067 
-98 -191.727 -36 34 -75.0396 -93.4042 -13.3883 -64.2067 
-108 -186.497 -37 36 -75.7894 -92.3416 -15.6571 -65.4626 
-104 -191.207 -36 35 -74.3732 -92.7054 -14.2444 -62.6529 
-104 -196.338 -35 33 -73.9686 -92.153 -12.9073 -62.5356 
-108 -188.951 -36 35 -77.6447 -93.4042 -14.5291 -64.2067 
-94 -191.781 -36 34 -75.0396 -93.4042 -13.3883 -64.2067 
-100 -191.863 -36 35 -74.2236 -92.7243 -13.9741 -62.6041 
-104 -192.407 -36 34 -75.0396 -93.4042 -13.3883 -64.2067 
-92 -191.727 -36 34 -75.0396 -93.4042 -13.3883 -64.2067 
-98 -196.338 -35 33 -73.9686 -92.153 -12.9073 -62.5356 
-102 -196.571 -35 33 -73.9686 -92.153 -12.9073 -62.5356 
-104 -195.704 -35 33 -72.4938 -94.5322 -14.0059 -66.6428 
-102 -188.951 -36 35 -77.6447 -93.4042 -14.5291 -64.2067 
-108 -192.73 -36 34 -75.0396 -93.4042 -13.3883 -64.2067 
-102 -192.39 -36 34 -75.0396 -93.4042 -13.3883 -64.2067 
-98 -192.865 -35 33 -78.8466 -93.4362 -13.2669 -63.535 
-100 -191.752 -36 34 -75.1893 -93.3853 -13.6585 -64.2555 
-112 -185.848 -37 36 -75.7894 -92.3416 -15.6571 -65.4626 
-106 -192.73 -36 34 -75.0396 -93.4042 -13.3883 -64.2067 
-96 -192.865 -35 33 -78.8466 -93.4362 -13.2669 -63.535 
-100 -192.407 -36 34 -75.0396 -93.4042 -13.3883 -64.2067 
-104 -192.075 -36 34 -75.1893 -93.3853 -13.6585 -64.2555 
-110 -185.848 -37 36 -75.7894 -92.3416 -15.6571 -65.4626 
-96 -196.571 -35 33 -73.9686 -92.153 -12.9073 -62.5356 
-98 -195.704 -35 33 -72.4938 -94.5322 -14.0059 -66.6428 
-96 -192.39 -36 34 -75.0396 -93.4042 -13.3883 -64.2067 
-92 -192.865 -35 33 -78.8466 -93.4362 -13.2669 -63.535 
-96 -192.407 -36 34 -75.0396 -93.4042 -13.3883 -64.2067 
-104 -192.93 -36 34 -75.0396 -93.4042 -13.3883 -64.2067 
-108 -186.406 -37 36 -76.2366 -93.2183 -15.2776 -65.8969 
-94 -192.376 -36 34 -75.0396 -93.4042 -13.3883 -64.2067 
-102 -193.485 -35 33 -78.9962 -93.4174 -13.5372 -63.5838 
-100 -196.987 -35 33 -73.9686 -92.153 -12.9073 -62.5356 
-100 -192.73 -36 34 -75.0396 -93.4042 -13.3883 -64.2067 
-96 -192.512 -36 34 -75.0396 -93.4042 -13.3883 -64.2067 
-90 -192.865 -35 33 -78.8466 -93.4362 -13.2669 -63.535 
-98 -192.638 -36 34 -75.0396 -93.4042 -13.3883 -64.2067 
-102 -192.894 -36 34 -75.0396 -93.4042 -13.3883 -64.2067 
-104 -189.6 -36 35 -77.6447 -93.4042 -14.5291 -64.2067 
-98 -196.934 -35 33 -73.9686 -92.153 -12.9073 -62.5356 
-108 -193.524 -35 34 -75.0989 -94.5322 -15.1467 -66.6428 
-104 -196.414 -35 34 -73.3022 -91.4542 -13.7634 -60.9818 
-108 -194.158 -35 34 -76.5737 -92.153 -14.0481 -62.5356 
-110 -194.14 -35 33 -78.8466 -93.4362 -13.2669 -63.535 
-104 -193.11 -36 34 -75.0396 -93.4042 -13.3883 -64.2067 
-98 -192.784 -36 34 -75.0396 -93.4042 -13.3883 -64.2067 
-108 -193.485 -35 33 -78.9962 -93.4174 -13.5372 -63.5838 
-108 -194.14 -35 33 -78.8466 -93.4362 -13.2669 -63.535 
-102 -193.11 -36 34 -75.0396 -93.4042 -13.3883 -64.2067 
-98 -192.347 -36 34 -75.1893 -93.3853 -13.6585 -64.2555 
-98 -192.93 -36 34 -75.0396 -93.4042 -13.3883 -64.2067 
-108 -190.095 -36 35 -77.6447 -93.4042 -14.5291 -64.2067 
-102 -186.406 -37 36 -76.2366 -93.2183 -15.2776 -65.8969 
-100 -193.056 -36 34 -75.0396 -93.4042 -13.3883 -64.2067 
-88 -192.376 -36 34 -75.0396 -93.4042 -13.3883 -64.2067 
-94 -196.987 -35 33 -73.9686 -92.153 -12.9073 -62.5356 
-98 -197.219 -35 33 -73.9686 -92.153 -12.9073 -62.5356 
-92 -192.638 -36 34 -75.0396 -93.4042 -13.3883 -64.2067 
-106 -194.14 -35 33 -78.8466 -93.4362 -13.2669 -63.535 
-100 -197.069 -35 34 -73.1526 -91.4731 -13.4931 -60.933 
-100 -196.353 -35 33 -72.4938 -94.5322 -14.0059 -66.6428 
-98 -193.003 -36 34 -75.0396 -93.4042 -13.3883 -64.2067 
-96 -192.894 -36 34 -75.0396 -93.4042 -13.3883 -64.2067 
-98 -189.6 -36 35 -77.6447 -93.4042 -14.5291 -64.2067 
-104 -197.613 -35 33 -73.9686 -92.153 -12.9073 -62.5356 
-92 -196.934 -35 33 -73.9686 -92.153 -12.9073 -62.5356 
-104 -193.485 -35 33 -78.9962 -93.4174 -13.5372 -63.5838 
-96 -193.003 -36 34 -75.0396 -93.4042 -13.3883 -64.2067 
-96 -197.166 -35 33 -73.9686 -92.153 -12.9073 -62.5356 
-98 -198.071 -34 32 -77.7756 -92.185 -12.7859 -61.8639 
-96 -193.032 -35 33 -78.9962 -93.4174 -13.5372 -63.5838 
-102 -196.646 -35 34 -73.3022 -91.4542 -13.7634 -60.9818 
-96 -192.347 -36 34 -75.1893 -93.3853 -13.6585 -64.2555 
-106 -193.486 -36 34 -75.0396 -93.4042 -13.3883 -64.2067 
-104 -193.379 -36 34 -75.0396 -93.4042 -13.3883 -64.2067 
-98 -193.039 -36 34 -75.0396 -93.4042 -13.3883 -64.2067 
-98 -196.3 -35 33 -72.4938 -94.5322 -14.0059 -66.6428 
-98 -193.11 -36 34 -75.0396 -93.4042 -13.3883 -64.2067 
-104 -195.78 -35 34 -71.8274 -93.8335 -14.862 -65.0891 
-108 -190.226 -36 35 -77.6447 -93.4042 -14.5291 -64.2067 
-108 -190.227 -36 35 -77.6447 -93.4042 -14.5291 -64.2067 
-102 -194.158 -35 34 -76.5737 -92.153 -14.0481 -62.5356 
-106 -194.39 -35 34 -76.5737 -92.153 -14.0481 -62.5356 
-102 -193.326 -36 34 -75.0396 -93.4042 -13.3883 -64.2067 
-96 -192.984 -36 34 -75.0396 -93.4042 -13.3883 -64.2067 
-108 -193.671 -36 34 -75.0396 -93.4042 -13.3883 -64.2067 
-104 -194.14 -35 33 -78.8466 -93.4362 -13.2669 -63.535 
-108 -197.937 -35 33 -73.9686 -92.153 -12.9073 -62.5356 
-102 -197.597 -35 33 -73.9686 -92.153 -12.9073 -62.5356 
-92 -193.46 -35 33 -78.8466 -93.4362 -13.2669 -63.535 
FEATURES_TXT_END_0
FEATURES_TXT_BEGIN_0 70 23 8 Distortion0_0 LM0_0 WordPenalty0_0 PhrasePenalty0_0 TranslationModel0_0 TranslationModel0_1 TranslationModel0_2 TranslationModel0_3 
-119 -244.956 -38 37 -46.6291 -60.6915 -14.2029 -53.0821 
-117 -245.816 -38 37 -46.6291 -60.6915 -14.2029 -53.0821 
-119 -246.226 -38 36 -47.4451 -61.3714 -13.6171 -54.6847 
-117 -244.956 -38 37 -46.6291 -60.6915 -14.2029 -53.0821 
-115 -236.868 -38 37 -50.9346 -67.8762 -18.0096 -57.126 
-103 -244.956 -38 37 -46.6291 -60.6915 -14.2029 -53.0821 
-111 -245.386 -38 37 -46.6291 -60.6915 -14.2029 -53.0821 
-117 -240.109 -38 37 -46.9748 -63.9841 -17.3164 -57.9466 
-111 -245.364 -38 37 -46.6291 -60.6915 -14.2029 -53.0821 
-119 -245.816 -38 37 -46.6291 -60.6915 -14.2029 -53.0821 
-115 -244.956 -38 37 -46.6291 -60.6915 -14.2029 -53.0821 
-117 -236.868 -38 37 -50.9346 -67.8762 -18.0096 -57.126 
-105 -244.956 -38 37 -46.6291 -60.6915 -14.2029 -53.0821 
-119 -240.109 -38 37 -46.9748 -63.9841 -17.3164 -57.9466 
-113 -245.364 -38 37 -46.6291 -60.6915 -14.2029 -53.0821 
-113 -244.956 -38 37 -46.6291 -60.6915 -14.2029 -53.0821 
-121 -245.816 -38 37 -46.6291 -60.6915 -14.2029 -53.0821 
-107 -244.956 -38 37 -46.6291 -60.6915 -14.2029 -53.0821 
-115 -245.364 -38 37 -46.6291 -60.6915 -14.2029 -53.0821 
-109 -244.956 -38 37 -46.6291 -60.6915 -14.2029 -53.0821 
-119 -245.364 -38 37 -46.6291 -60.6915 -14.2029 -53.0821 
-117 -245.364 -38 37 -46.6291 -60.6915 -14.2029 -53.0821 
-111 -244.956 -38 37 -46.6291 -60.6915 -14.2029 -53.0821 
FEATURES_TXT_END_0
FEATURES_TXT_BEGIN_0 71 100 8 Distortion0_0 LM0_0 WordPenalty0_0 PhrasePenalty0_0 TranslationModel0_0 TranslationModel0_1 TranslationModel0_2 TranslationModel0_3 
-68 -115.556 -24 23 -34.9008 -49.0409 -16.3128 -47.3553 
-70 -119.589 -24 23 -33.178 -46.6854 -14.9265 -45.2512 
-68 -119.041 -24 23 -33.2425 -47.1801 -15.2142 -45.7458 
-70 -116.625 -24 23 -34.9008 -49.0409 -16.3128 -47.3553 
-70 -119.493 -24 23 -33.2425 -47.1801 -15.2142 -45.7458 
-68 -120.049 -24 23 -33.178 -46.6854 -14.9265 -45.2512 
-72 -120.659 -24 23 -33.178 -46.6854 -14.9265 -45.2512 
-70 -120.111 -24 23 -33.2425 -47.1801 -15.2142 -45.7458 
-70 -117.354 -24 23 -34.9008 -49.0409 -16.3128 -47.3553 
-72 -120.563 -24 23 -33.2425 -47.1801 -15.2142 -45.7458 
-69 -120.411 -24 23 -33.2425 -47.1801 -15.2142 -45.7458 
-70 -117.635 -24 23 -34.9008 -49.0409 -16.3128 -47.3553 
-70 -121.118 -24 23 -33.178 -46.6854 -14.9265 -45.2512 
-68 -117.64 -24 23 -34.9008 -49.0409 -16.3128 -47.3553 
-68 -116.264 -25 23 -32.0676 -49.5056 -16.3128 -50.4988 
-70 -120.156 -24 23 -31.8986 -45.8684 -15.8771 -45.9329 
-69 -121.104 -24 23 -33.178 -46.6854 -14.9265 -45.2512 
-56 -121.27 -24 23 -34.5332 -48.6396 -14.1133 -44.6816 
-66 -117.651 -24 23 -34.9008 -49.0409 -16.3128 -47.3553 
-72 -121.387 -24 23 -33.178 -46.6854 -14.9265 -45.2512 
-70 -120.839 -24 23 -33.2425 -47.1801 -15.2142 -45.7458 
-68 -118.322 -24 23 -35.5426 -49.4811 -15.925 -46.1553 
-54 -121.861 -23 22 -36.2312 -48.2314 -14.7671 -45.2099 
-68 -114.193 -24 23 -35.9102 -49.8824 -18.1246 -48.829 
-68 -117.014 -24 23 -33.6214 -48.2238 -17.2634 -48.0371 
-52 -123.235 -24 22 -33.271 -50.5862 -13.3579 -47.2311 
-58 -123.617 -24 22 -33.271 -50.5862 -13.3579 -47.2311 
-52 -121.332 -24 23 -34.5332 -48.6396 -14.1133 -44.6816 
-68 -121.096 -24 23 -32.9549 -47.43 -15.2142 -46.1315 
-72 -121.669 -24 23 -33.178 -46.6854 -14.9265 -45.2512 
-58 -121.714 -24 23 -34.5332 -48.6396 -14.1133 -44.6816 
-70 -120.26 -25 23 -30.3448 -47.1502 -14.9265 -48.3947 
-70 -121.121 -24 23 -33.2425 -47.1801 -15.2142 -45.7458 
-70 -121.674 -24 23 -33.178 -46.6854 -14.9265 -45.2512 
-70 -118.313 -24 23 -34.9008 -49.0409 -16.3128 -47.3553 
-54 -122.533 -23 22 -36.873 -48.6717 -14.3793 -44.0099 
-72 -121.291 -24 23 -33.2425 -47.1801 -15.2142 -45.7458 
-50 -121.923 -23 22 -36.2312 -48.2314 -14.7671 -45.2099 
-58 -114.34 -23 22 -40.5494 -54.448 -18.1883 -46.6137 
-70 -118.37 -24 23 -34.9008 -49.0409 -16.3128 -47.3553 
-56 -122.305 -23 22 -36.2312 -48.2314 -14.7671 -45.2099 
-68 -121.126 -24 23 -33.2425 -47.1801 -15.2142 -45.7458 
-58 -125.303 -24 23 -32.8104 -46.2842 -12.727 -42.5775 
-68 -121.684 -24 23 -33.178 -46.6854 -14.9265 -45.2511 
-70 -121.847 -24 23 -33.178 -46.6854 -14.9265 -45.2512 
-62 -121.821 -24 23 -33.8913 -48.1994 -14.501 -45.8816 
-56 -124.755 -24 23 -32.875 -46.7789 -13.0147 -43.0722 
-66 -121.136 -24 23 -33.2425 -47.1801 -15.2142 -45.7458 
-68 -122.203 -24 23 -33.8913 -48.1994 -14.501 -45.8816 
-70 -121.579 -24 23 -32.9549 -47.43 -15.2142 -46.1315 
-74 -119.906 -24 24 -34.0305 -46.6854 -16.0251 -45.2512 
-71 -121.481 -24 23 -33.2425 -47.1801 -15.2142 -45.7458 
-70 -122.355 -24 23 -33.8199 -47.1257 -14.5387 -44.0512 
-72 -121.573 -24 23 -33.2425 -47.1801 -15.2142 -45.7458 
-56 -125.894 -23 22 -34.5084 -45.876 -13.3808 -43.1057 
-68 -119.971 -25 23 -30.4093 -47.6449 -15.2142 -48.8894 
-50 -122.595 -23 22 -36.873 -48.6717 -14.3793 -44.0099 
-74 -120.441 -24 24 -35.3744 -47.9972 -15.3622 -45.0641 
-56 -122.977 -23 22 -36.873 -48.6717 -14.3793 -44.0099 
-68 -121.807 -24 23 -33.8844 -47.6204 -14.8264 -44.5459 
-54 -127.269 -24 22 -31.5482 -48.2307 -11.9716 -45.1269 
-78 -119.141 -24 23 -34.9008 -49.0409 -16.3128 -47.3553 
-70 -120.163 -25 23 -30.4093 -47.6449 -15.2142 -48.8894 
-54 -125.346 -23 22 -34.573 -46.3707 -13.6685 -43.6004 
-68 -120.961 -24 23 -31.8986 -45.8684 -15.8771 -45.9329 
-70 -117.333 -25 23 -32.0676 -49.5056 -16.3128 -50.4988 
-60 -127.65 -24 22 -31.5482 -48.2307 -11.9716 -45.1269 
-54 -125.366 -24 23 -32.8104 -46.2842 -12.727 -42.5775 
-68 -120.596 -25 23 -30.3448 -47.1502 -14.9265 -48.3947 
-68 -117.679 -24 23 -34.2519 -48.0216 -17.0259 -47.2196 
-70 -121.578 -24 23 -33.2425 -47.1801 -15.2142 -45.7458 
-72 -121.226 -24 23 -31.8986 -45.8684 -15.8771 -45.9329 
-71 -122.173 -24 23 -33.178 -46.6854 -14.9265 -45.2512 
-60 -125.747 -24 23 -32.8104 -46.2842 -12.727 -42.5775 
-70 -122.128 -24 23 -33.178 -46.6854 -14.9265 -45.2512 
-52 -126.721 -24 22 -31.6128 -48.7254 -12.2593 -45.6216 
-69 -118.709 -24 23 -34.9008 -49.0409 -16.3128 -47.3553 
-58 -123.22 -23 22 -36.873 -48.6717 -14.3793 -44.0099 
-58 -127.102 -24 22 -31.6128 -48.7254 -12.2593 -45.6216 
-76 -119.151 -24 23 -34.9008 -49.0409 -16.3128 -47.3553 
-52 -124.818 -24 23 -32.875 -46.7789 -13.0147 -43.0722 
-56 -124.165 -24 22 -33.271 -50.5862 -13.3579 -47.2311 
-58 -122.339 -24 23 -34.5332 -48.6396 -14.1133 -44.6816 
-58 -125.199 -24 23 -32.875 -46.7789 -13.0147 -43.0722 
-64 -118.919 -24 23 -35.5426 -49.4811 -15.925 -46.1553 
-58 -125.207 -24 23 -32.875 -46.7789 -13.0147 -43.0722 
-68 -121.588 -24 23 -33.2425 -47.1801 -15.2142 -45.7458 
-56 -123.182 -23 22 -36.873 -48.6717 -14.3793 -44.0099 
-72 -122.346 -24 23 -33.178 -46.6854 -14.9265 -45.2512 
-56 -122.263 -24 23 -34.5332 -48.6396 -14.1133 -44.6816 
-68 -122.133 -24 23 -33.178 -46.6854 -14.9265 -45.2512 
-56 -126.566 -23 22 -35.1503 -46.3162 -12.993 -41.9058 
-68 -122.144 -24 23 -33.178 -46.6854 -14.9265 -45.2512 
-52 -125.957 -23 22 -34.5084 -45.876 -13.3808 -43.1057 
-60 -118.373 -23 22 -38.8267 -52.0925 -16.802 -44.5095 
-54 -124.17 -24 22 -33.271 -50.5862 -13.3579 -47.2311 
-58 -126.338 -23 22 -34.5084 -45.876 -13.3808 -43.1057 
-70 -121.798 -24 23 -33.2425 -47.1801 -15.2142 -45.7458 
-70 -116.489 -24 23 -34.1639 -49.836 -17.9868 -48.7416 
-54 -126.018 -23 22 -35.2148 -46.8109 -13.2807 -42.4005 
FEATURES_TXT_END_0
FEATURES_TXT_BEGIN_0 72 100 8 Distortion0_0 LM0_0 WordPenalty0_0 PhrasePenalty0_0 TranslationModel0_0 TranslationModel0_1 TranslationModel0_2 TranslationModel0_3 
-77 -138.766 -30 28 -56.6311 -71.4351 -18.4336 -67.7966 
-85 -139.376 -30 28 -56.6311 -71.4351 -18.4336 -67.7966 
-85 -138.672 -31 29 -54.3556 -71.4031 -18.0292 -68.4684 
-73 -138.727 -30 28 -56.6311 -71.4351 -18.4336 -67.7966 
-83 -138.603 -31 29 -54.3556 -71.4031 -18.0292 -68.4684 
-75 -136.61 -31 28 -55.5325 -73.3239 -18.4336 -70.7587 
-81 -139.337 -30 28 -56.6311 -71.4351 -18.4336 -67.7966 
-81 -138.633 -31 29 -54.3556 -71.4031 -18.0292 -68.4684 
-91 -139.213 -31 29 -54.3556 -71.4031 -18.0292 -68.4684 
-75 -139.044 -30 28 -56.6311 -71.4351 -18.4336 -67.7966 
-79 -138.564 -31 29 -54.3556 -71.4031 -18.0292 -68.4684 
-71 -136.571 -31 28 -55.5325 -73.3239 -18.4336 -70.7587 
-81 -136.447 -32 29 -53.257 -73.2919 -18.0292 -71.4305 
-73 -139.086 -30 28 -56.6311 -71.4351 -18.4336 -67.7966 
-87 -139.174 -31 29 -54.3556 -71.4031 -18.0292 -68.4684 
-71 -139.006 -30 28 -56.6311 -71.4351 -18.4336 -67.7966 
-77 -140.618 -30 28 -54.5232 -71.8935 -18.4336 -69.0494 
-81 -138.882 -31 29 -54.3556 -71.4031 -18.0292 -68.4684 
-77 -136.408 -32 29 -53.257 -73.2919 -18.0292 -71.4305 
-87 -136.461 -31 29 -53.6852 -70.1603 -19.6386 -73.5019 
-85 -141.228 -30 28 -54.5232 -71.8935 -18.4336 -69.0494 
-85 -136.966 -32 29 -53.257 -73.2919 -18.0292 -71.4305 
-85 -140.525 -31 29 -52.2477 -71.8615 -18.0292 -69.7211 
-73 -140.579 -30 28 -54.5232 -71.8935 -18.4336 -69.0494 
-77 -138.843 -31 29 -54.3556 -71.4031 -18.0292 -68.4684 
-83 -140.455 -31 29 -52.2477 -71.8615 -18.0292 -69.7211 
-75 -138.462 -31 28 -53.4246 -73.7823 -18.4336 -72.0115 
-79 -139.005 -31 29 -54.3556 -71.4031 -18.0292 -68.4684 
-85 -140.099 -31 29 -52.4355 -68.6098 -18.0292 -70.6884 
-87 -140.826 -30 28 -55.5702 -73.1117 -18.4336 -71.5809 
-81 -141.189 -30 28 -54.5232 -71.8935 -18.4336 -69.0494 
-81 -136.927 -32 29 -53.257 -73.2919 -18.0292 -71.4305 
-81 -140.486 -31 29 -52.2477 -71.8615 -18.0292 -69.7211 
-91 -141.065 -31 29 -52.2477 -71.8615 -18.0292 -69.7211 
-75 -140.897 -30 28 -54.5232 -71.8935 -18.4336 -69.0494 
-77 -136.098 -30 28 -56.0013 -71.0872 -20.6849 -69.0661 
-79 -140.416 -31 29 -52.2477 -71.8615 -18.0292 -69.7211 
-87 -140.346 -30 28 -56.6311 -71.4351 -18.4336 -67.7966 
-71 -138.423 -31 28 -53.4246 -73.7823 -18.4336 -72.0115 
-75 -138.966 -31 29 -54.3556 -71.4031 -18.0292 -68.4684 
-81 -138.3 -32 29 -51.1491 -73.7503 -18.0292 -72.6832 
-83 -140.787 -30 28 -55.5702 -73.1117 -18.4336 -71.5809 
-87 -139.706 -31 29 -54.3556 -71.4031 -18.0292 -68.4684 
-73 -140.938 -30 28 -54.5232 -71.8935 -18.4336 -69.0494 
-85 -136.709 -30 28 -56.0013 -71.0872 -20.6849 -69.0661 
-87 -141.027 -31 29 -52.2477 -71.8615 -18.0292 -69.7211 
-81 -140.16 -30 28 -56.6311 -71.4351 -18.4336 -67.7966 
-71 -140.858 -30 28 -54.5232 -71.8935 -18.4336 -69.0494 
-75 -138.035 -30 28 -57.3527 -71.6404 -19.1268 -70.1945 
-73 -136.06 -30 28 -56.0013 -71.0872 -20.6849 -69.0661 
-81 -140.734 -31 29 -52.2477 -71.8615 -18.0292 -69.7211 
-77 -139.964 -30 28 -56.6311 -71.4351 -18.4336 -67.7966 
-83 -140.307 -30 28 -56.6311 -71.4351 -18.4336 -67.7966 
-77 -136.97 -32 29 -53.257 -73.2919 -18.0292 -71.4305 
-75 -133.943 -31 28 -54.9027 -72.976 -20.6849 -72.0282 
-77 -138.261 -32 29 -51.1491 -73.7503 -18.0292 -72.6832 
-77 -141.8 -30 28 -57.0451 -71.9342 -17.335 -66.8803 
-83 -137.872 -31 29 -55.0772 -71.6084 -18.7224 -70.8663 
-85 -139.248 -30 28 -57.0638 -72.1832 -19.0488 -67.7399 
-83 -139.667 -31 29 -54.3556 -71.4031 -18.0292 -68.4684 
-87 -138.314 -31 29 -51.5774 -70.6187 -19.6386 -74.7546 
-77 -140.051 -30 28 -56.6311 -71.4351 -18.4336 -67.7966 
-89 -140.77 -30 28 -56.6311 -71.4351 -18.4336 -67.7966 
-81 -136.67 -30 28 -56.0013 -71.0872 -20.6849 -69.0661 
-81 -139.259 -30 28 -55.2391 -69.9871 -19.3499 -70.4322 
-89 -140.067 -31 29 -54.3556 -71.4031 -18.0292 -68.4684 
-85 -138.819 -32 29 -51.1491 -73.7503 -18.0292 -72.6832 
-81 -136.793 -31 28 -55.9651 -74.072 -19.0488 -70.702 
-71 -137.996 -30 28 -57.3527 -71.6404 -19.1268 -70.1945 
-75 -136.377 -30 28 -56.0013 -71.0872 -20.6849 -69.0661 
-87 -139.997 -31 29 -54.3556 -71.4031 -18.0292 -68.4684 
-77 -140.695 -31 29 -52.2477 -71.8615 -18.0292 -69.7211 
-77 -140.16 -30 28 -56.6311 -71.4351 -18.4336 -67.7966 
-81 -139.665 -31 29 -54.3556 -71.4031 -18.0292 -68.4684 
-73 -136.931 -32 29 -53.257 -73.2919 -18.0292 -71.4305 
-79 -138.004 -31 28 -55.5325 -73.3239 -18.4336 -70.7587 
-81 -138.666 -32 29 -51.1491 -73.7503 -18.0292 -72.6832 
-85 -142.411 -30 28 -57.0451 -71.9342 -17.335 -66.8803 
-71 -133.904 -31 28 -54.9027 -72.976 -20.6849 -72.0282 
-79 -140.857 -31 29 -52.2477 -71.8615 -18.0292 -69.7211 
-85 -141.707 -31 29 -54.7696 -71.9022 -16.9306 -67.5521 
-79 -139.595 -31 29 -54.3556 -71.4031 -18.0292 -68.4684 
-85 -141.952 -31 29 -50.3276 -69.0682 -18.0292 -71.9412 
-73 -141.762 -30 28 -57.0451 -71.9342 -17.335 -66.8803 
-75 -138.319 -30 28 -57.3527 -71.6404 -19.1268 -70.1945 
-79 -137.833 -31 29 -55.0772 -71.6084 -18.7224 -70.8663 
-81 -139.209 -30 28 -57.0638 -72.1832 -19.0488 -67.7399 
-87 -138.295 -31 29 -55.0772 -71.6084 -18.7224 -70.8662 
-89 -139.869 -30 28 -55.2391 -69.9871 -19.3499 -70.4322 
-83 -141.638 -31 29 -54.7696 -71.9022 -16.9306 -67.5521 
-81 -139.227 -30 28 -57.0638 -72.1832 -19.0488 -67.7399 
-87 -142.678 -30 28 -53.4624 -73.5701 -18.4336 -72.8336 
-83 -138.809 -30 28 -56.6539 -72.549 -19.3499 -72.4247 
-89 -139.166 -31 29 -52.9637 -69.9551 -18.9455 -71.104 
-75 -139.645 -31 28 -55.9465 -73.823 -17.335 -69.8424 
-79 -137.379 -32 29 -53.257 -73.2919 -18.0292 -71.4305 
-81 -138.78 -32 29 -51.1491 -73.7503 -18.0292 -72.6832 
-77 -136.754 -31 28 -55.9651 -74.072 -19.0488 -70.702 
-81 -138.018 -31 29 -55.0772 -71.6084 -18.7224 -70.8662 
-95 -140.607 -31 29 -54.3556 -71.4031 -18.0292 -68.4684 
FEATURES_TXT_END_0
FEATURES_TXT_BEGIN_0 73 40 8 Distortion0_0 LM0_0 WordPenalty0_0 PhrasePenalty0_0 TranslationModel0_0 TranslationModel0_1 TranslationModel0_2 TranslationModel0_3 
-132 -285.649 -47 46 -86.3945 -105.446 -22.8996 -86.2383 
-128 -285.765 -47 46 -86.3945 -105.446 -22.8996 -86.2383 
-134 -285.765 -47 46 -86.3945 -105.446 -22.8996 -86.2383 
-126 -285.649 -47 46 -86.3945 -105.446 -22.8996 -86.2383 
-124 -285.199 -47 46 -86.3945 -105.446 -22.8996 -86.2383 
-140 -289.419 -47 46 -85.3718 -105.64 -21.5133 -87.6063 
-136 -278.897 -47 46 -94.3437 -107.121 -24.1791 -86.9122 
-148 -289.869 -47 46 -85.3718 -105.64 -21.5133 -87.6063 
-138 -279.013 -47 46 -94.3437 -107.121 -24.1791 -86.9122 
-138 -286.321 -47 46 -86.3945 -105.446 -22.8996 -86.2383 
-128 -278.447 -47 46 -94.3437 -107.121 -24.1791 -86.9122 
-134 -286.071 -47 46 -86.3945 -105.446 -22.8996 -86.2383 
-146 -286.488 -47 46 -86.3945 -105.446 -22.8996 -86.2383 
-136 -286.163 -47 46 -86.3945 -105.446 -22.8996 -86.2383 
-136 -285.922 -47 46 -86.3945 -105.446 -22.8996 -86.2383 
-146 -286.729 -47 46 -86.3945 -105.446 -22.8996 -86.2383 
-132 -285.922 -47 46 -86.3945 -105.446 -22.8996 -86.2383 
-142 -286.488 -47 46 -86.3945 -105.446 -22.8996 -86.2383 
-138 -286.071 -47 46 -86.3945 -105.446 -22.8996 -86.2383 
-124 -278.447 -47 46 -94.3437 -107.121 -24.1791 -86.9122 
-134 -279.013 -47 46 -94.3437 -107.121 -24.1791 -86.9122 
-132 -278.897 -47 46 -94.3437 -107.121 -24.1791 -86.9122 
-142 -286.321 -47 46 -86.3945 -105.446 -22.8996 -86.2383 
-134 -280.936 -47 46 -89.439 -108.923 -24.8455 -88.841 
-130 -285.649 -47 46 -86.3945 -105.446 -22.8996 -86.2383 
-120 -285.199 -47 46 -86.3945 -105.446 -22.8996 -86.2383 
-130 -285.765 -47 46 -86.3945 -105.446 -22.8996 -86.2383 
-132 -285.765 -47 46 -86.3945 -105.446 -22.8996 -86.2383 
-128 -285.649 -47 46 -86.3945 -105.446 -22.8996 -86.2383 
-140 -286.321 -47 46 -86.3945 -105.446 -22.8996 -86.2383 
-122 -285.199 -47 46 -86.3945 -105.446 -22.8996 -86.2383 
-136 -286.071 -47 46 -86.3945 -105.446 -22.8996 -86.2383 
-138 -286.163 -47 46 -86.3945 -105.446 -22.8996 -86.2383 
-136 -280.936 -47 46 -89.439 -108.923 -24.8455 -88.841 
-148 -286.729 -47 46 -86.3945 -105.446 -22.8996 -86.2383 
-134 -285.922 -47 46 -86.3945 -105.446 -22.8996 -86.2383 
-144 -286.488 -47 46 -86.3945 -105.446 -22.8996 -86.2383 
-134 -278.897 -47 46 -94.3437 -107.121 -24.1791 -86.9122 
-136 -279.013 -47 46 -94.3437 -107.121 -24.1791 -86.9122 
-126 -278.447 -47 46 -94.3437 -107.121 -24.1791 -86.9122 
FEATURES_TXT_END_0
FEATURES_TXT_BEGIN_0 74 100 8 Distortion0_0 LM0_0 WordPenalty0_0 PhrasePenalty0_0 TranslationModel0_0 TranslationModel0_1 TranslationModel0_2 TranslationModel0_3 
-59 -124.102 -25 22 -34.645 -38.3871 -17.5608 -41.9755 
-67 -129.108 -25 22 -33.2903 -38.3871 -16.0202 -41.9755 
-57 -125.124 -25 22 -34.645 -38.3871 -17.5608 -41.9755 
-59 -125.242 -25 22 -34.645 -38.3871 -17.5608 -41.9755 
-65 -129.601 -25 22 -33.2903 -38.3871 -16.0202 -41.9755 
-59 -123.858 -25 22 -34.6549 -38.6884 -18.8597 -42.455 
-67 -130.248 -25 22 -33.2903 -38.3871 -16.0202 -41.9755 
-63 -130.109 -25 22 -33.2903 -38.3871 -16.0202 -41.9755 
-57 -126.264 -25 22 -34.645 -38.3871 -17.5608 -41.9755 
-53 -126.125 -25 22 -34.645 -38.3871 -17.5608 -41.9755 
-69 -128.004 -25 22 -32.5165 -38.6884 -17.7739 -42.455 
-61 -130.163 -25 22 -33.2903 -38.3871 -16.0202 -41.9755 
-67 -128.179 -25 22 -34.6363 -41.4306 -17.001 -45.0426 
-61 -128.536 -25 22 -32.315 -35.3885 -17.1794 -41.7977 
-57 -130.976 -25 21 -31.8639 -38.3871 -15.9138 -41.9755 
-57 -124.195 -25 22 -35.9909 -41.4306 -18.5416 -45.0426 
-65 -130.742 -25 22 -33.2903 -38.3871 -16.0202 -41.9755 
-59 -131.429 -25 21 -31.8639 -38.3871 -15.9138 -41.9755 
-63 -130.802 -25 22 -33.2903 -38.3871 -16.0202 -41.9755 
-57 -130.57 -25 22 -33.2903 -38.3871 -16.0202 -41.9755 
-65 -131.076 -25 22 -33.2903 -38.3871 -16.0202 -41.9755 
-57 -124.879 -25 22 -34.6549 -38.6884 -18.8597 -42.455 
-59 -124.998 -25 22 -34.6549 -38.6884 -18.8597 -42.455 
-61 -133.601 -25 21 -29.5339 -35.3885 -15.5324 -41.7977 
-53 -126.955 -25 22 -34.645 -38.3871 -17.5608 -41.9755 
-55 -127.18 -25 22 -34.645 -38.3871 -17.5608 -41.9755 
-51 -126.966 -25 22 -34.645 -38.3871 -17.5608 -41.9755 
-59 -130.962 -25 22 -33.2903 -38.3871 -16.0202 -41.9755 
-57 -129.173 -25 22 -32.315 -35.3885 -17.1794 -41.7977 
-63 -131.25 -25 22 -33.2903 -38.3871 -16.0202 -41.9755 
-63 -128.992 -25 22 -33.3003 -38.6884 -17.3191 -42.455 
-59 -127.518 -25 22 -34.645 -38.3871 -17.5608 -41.9755 
-57 -129.207 -25 22 -32.315 -35.3885 -17.1794 -41.7977 
-57 -127.413 -25 22 -34.645 -38.3871 -17.5608 -41.9755 
-69 -129.036 -25 22 -32.5165 -38.4112 -17.7739 -43.0428 
-53 -128.081 -25 22 -34.3815 -38.0724 -17.1553 -42.201 
-53 -127.266 -25 22 -34.645 -38.3871 -17.5608 -41.9755 
-67 -129.026 -25 22 -32.5165 -38.6884 -17.7739 -42.455 
-57 -131.928 -25 21 -31.8639 -38.3871 -15.9138 -41.9755 
-57 -128.357 -25 22 -34.3815 -38.0724 -17.1553 -42.201 
-69 -133.542 -25 22 -30.9604 -35.3885 -15.6388 -41.7977 
-59 -131.185 -25 22 -33.2903 -38.3871 -16.0202 -41.9755 
-61 -131.304 -25 22 -33.2903 -38.3871 -16.0202 -41.9755 
-63 -129.033 -25 22 -34.6363 -41.4306 -17.001 -45.0426 
-67 -130.422 -25 22 -32.2288 -38.1099 -17.0808 -42.5632 
-59 -129.516 -25 22 -32.315 -35.3885 -17.1794 -41.7977 
-55 -127.518 -25 22 -34.645 -38.3871 -17.5608 -41.9755 
-61 -127.861 -25 22 -34.645 -38.3871 -17.5608 -41.9755 
-57 -127.633 -25 22 -34.645 -38.3871 -17.5608 -41.9755 
-59 -129.558 -25 22 -32.315 -35.3885 -17.1794 -41.7977 
-67 -129.32 -25 22 -34.6363 -41.4306 -17.001 -45.0426 
-59 -127.699 -25 22 -34.645 -38.1099 -17.5608 -42.5633 
-53 -125.049 -25 22 -35.9909 -41.4306 -18.5416 -45.0426 
-65 -131.67 -25 22 -33.2903 -38.3871 -16.0202 -41.9755 
-57 -132.116 -25 21 -31.8639 -38.3871 -15.9138 -41.9755 
-59 -132.231 -25 21 -31.8639 -38.3871 -15.9138 -41.9755 
-60 -125.839 -25 23 -35.0099 -38.3871 -18.7278 -41.9755 
-65 -126.945 -25 22 -38.7794 -42.673 -17.001 -43.944 
-57 -125.336 -25 22 -35.9909 -41.4306 -18.5416 -45.0426 
-59 -131.397 -25 22 -33.2903 -38.3871 -16.0202 -41.9755 
-57 -131.322 -25 22 -33.2903 -38.3871 -16.0202 -41.9755 
-59 -123.148 -25 22 -40.1341 -42.673 -18.5416 -43.944 
-63 -126.552 -25 22 -36.5421 -39.8262 -17.8485 -43.1431 
-65 -129.404 -25 22 -34.6363 -41.4306 -17.001 -45.0426 
-55 -122.961 -25 22 -40.134 -42.673 -18.5416 -43.944 
-53 -131.139 -25 22 -33.2903 -38.3871 -16.0202 -41.9755 
-51 -131.967 -25 21 -31.8639 -38.3871 -15.9138 -41.9755 
-63 -127.009 -25 22 -38.7794 -42.673 -17.001 -43.944 
-59 -127.045 -25 22 -33.3656 -37.57 -18.5114 -42.6572 
-57 -127.931 -25 22 -34.645 -38.3871 -17.5608 -41.9755 
-55 -125.42 -25 22 -35.9909 -41.4306 -18.5416 -45.0426 
-63 -131.838 -25 22 -33.2903 -38.3871 -16.0202 -41.9755 
-73 -130.009 -25 22 -34.6363 -41.4306 -17.001 -45.0426 
-53 -133.561 -25 21 -31.5762 -38.0858 -15.2206 -41.4959 
-53 -123.025 -25 22 -40.134 -42.673 -18.5416 -43.944 
-57 -134.238 -25 21 -29.5339 -35.3885 -15.5324 -41.7977 
-55 -132.334 -25 21 -31.8639 -38.3871 -15.9138 -41.9755 
-57 -132.45 -25 21 -31.8639 -38.3871 -15.9138 -41.9755 
-63 -132.736 -25 22 -33.0268 -38.0724 -15.6147 -42.201 
-59 -131.184 -25 21 -32.1516 -38.6884 -16.6069 -42.455 
-59 -132.569 -25 21 -31.8639 -38.3871 -15.9138 -41.9755 
-57 -134.272 -25 21 -29.5339 -35.3885 -15.5324 -41.7977 
-55 -132.365 -25 21 -31.8639 -38.3871 -15.9138 -41.9755 
-63 -131.943 -25 22 -33.2903 -38.3871 -16.0202 -41.9755 
-61 -135.896 -25 21 -29.2463 -35.0872 -14.8393 -41.3181 
-63 -126.025 -25 22 -35.9909 -41.4306 -18.5416 -45.0426 
-59 -133.997 -25 21 -31.5762 -38.0858 -15.2206 -41.4959 
-47 -127.536 -25 22 -34.645 -38.3871 -17.5608 -41.9755 
-57 -128.115 -25 22 -34.645 -38.3871 -17.5608 -41.9755 
-67 -134.036 -25 22 -30.9604 -35.3885 -15.6388 -41.7977 
-53 -128.752 -25 22 -34.3815 -38.0724 -17.1553 -42.201 
-63 -127.736 -25 22 -36.2786 -39.5115 -17.443 -43.3686 
-61 -134.596 -25 21 -29.5339 -35.3885 -15.5324 -41.7977 
-63 -123.757 -25 22 -40.134 -42.673 -18.5416 -43.944 
-57 -131.71 -25 22 -33.2903 -38.3871 -16.0202 -41.9755 
-59 -134.502 -25 21 -29.5339 -35.3885 -15.5324 -41.7977 
-55 -128.089 -25 22 -34.645 -38.3871 -17.5608 -41.9755 
-67 -131.112 -25 22 -32.2288 -38.3871 -17.0808 -41.9755 
-65 -132.217 -25 22 -33.2903 -38.3871 -16.0202 -41.9755 
-63 -126.171 -25 22 -35.9909 -41.4306 -18.5416 -45.0426 
FEATURES_TXT_END_0
FEATURES_TXT_BEGIN_0 75 80 8 Distortion0_0 LM0_0 WordPenalty0_0 PhrasePenalty0_0 TranslationModel0_0 TranslationModel0_1 TranslationModel0_2 TranslationModel0_3 
-121 -214.621 -41 40 -78.1726 -93.0486 -29.3738 -73.3733 
-119 -214.621 -41 40 -78.1726 -93.0486 -29.3738 -73.3733 
-115 -214.621 -41 40 -78.1726 -93.0486 -29.3738 -73.3733 
-113 -214.621 -41 40 -78.1726 -93.0486 -29.3738 -73.3733 
-121 -213.977 -41 40 -79.5589 -93.7017 -29.7793 -73.661 
-121 -219.899 -41 40 -74.8694 -91.2909 -27.9875 -72.0692 
-119 -213.977 -41 40 -79.5589 -93.7017 -29.7793 -73.661 
-119 -219.899 -41 40 -74.8694 -91.2909 -27.9875 -72.0692 
-113 -219.255 -41 40 -76.2557 -91.944 -28.393 -72.3569 
-127 -216.092 -41 40 -78.1726 -93.0486 -29.3738 -73.3733 
-117 -219.899 -41 40 -74.8694 -91.2909 -27.9875 -72.0692 
-115 -213.977 -41 40 -79.5589 -93.7017 -29.7793 -73.661 
-109 -215.196 -41 40 -78.1726 -93.0486 -29.3738 -73.3733 
-115 -219.899 -41 40 -74.8694 -91.2909 -27.9875 -72.0692 
-113 -213.977 -41 40 -79.5589 -93.7017 -29.7793 -73.661 
-107 -215.196 -41 40 -78.1726 -93.0486 -29.3738 -73.3733 
-113 -219.899 -41 40 -74.8694 -91.2909 -27.9875 -72.0692 
-117 -215.807 -41 40 -78.1726 -93.0486 -29.3738 -73.3733 
-107 -222.026 -41 40 -73.1692 -87.6415 -27.0475 -70.3288 
-107 -214.552 -41 40 -79.5589 -93.7017 -29.7793 -73.661 
-121 -216.092 -41 40 -78.1726 -93.0486 -29.3738 -73.3733 
-119 -217.142 -41 40 -78.4161 -94.6956 -28.6806 -74.7083 
-127 -216.487 -41 40 -78.1726 -93.0486 -29.3738 -73.3733 
-115 -215.807 -41 40 -78.1726 -93.0486 -29.3738 -73.3733 
-105 -222.026 -41 40 -73.1692 -87.6415 -27.0475 -70.3288 
-123 -215.27 -41 40 -82.556 -96.0782 -28.9683 -73.5964 
-117 -225.014 -41 40 -73.4769 -87.9883 -25.6612 -69.9002 
-103 -215.196 -41 40 -78.1726 -93.0486 -29.3738 -73.3733 
-117 -217.142 -41 40 -78.4161 -94.6956 -28.6806 -74.7083 
-115 -218.287 -41 40 -75.0517 -92.3242 -29.3738 -74.2383 
-107 -223.361 -41 40 -73.4127 -89.2885 -26.3544 -71.6638 
-121 -227.941 -41 40 -69.866 -85.8838 -25.6612 -69.0247 
-125 -216.487 -41 40 -78.1726 -93.0486 -29.3738 -73.3733 
-103 -222.026 -41 40 -73.1692 -87.6415 -27.0475 -70.3288 
-125 -221.4 -41 40 -74.8694 -91.2909 -27.9875 -72.0692 
-115 -225.014 -41 40 -73.4769 -87.9883 -25.6612 -69.9002 
-101 -215.196 -41 40 -78.1726 -93.0486 -29.3738 -73.3733 
-115 -217.142 -41 40 -78.4161 -94.6956 -28.6806 -74.7083 
-117 -223.05 -41 40 -73.6592 -88.4681 -27.0963 -70.4053 
-105 -223.361 -41 40 -73.4127 -89.2885 -26.3544 -71.6638 
-119 -212.413 -41 40 -82.7384 -96.5579 -30.4034 -74.1015 
-101 -222.026 -41 40 -73.1692 -87.6415 -27.0475 -70.3288 
-111 -224.15 -41 40 -73.4127 -89.2885 -26.3544 -71.6638 
-121 -219.255 -41 40 -76.2557 -91.944 -28.393 -72.3569 
-113 -225.014 -41 40 -73.4769 -87.9883 -25.6612 -69.9002 
-113 -217.142 -41 40 -78.4161 -94.6956 -28.6806 -74.7083 
-103 -223.361 -41 40 -73.4127 -89.2885 -26.3544 -71.6638 
-113 -224.264 -41 40 -73.4127 -89.2885 -26.3544 -71.6638 
-121 -216.487 -41 40 -78.1726 -93.0486 -29.3738 -73.3733 
-121 -218.287 -41 40 -75.0517 -92.3242 -29.3738 -74.2383 
-125 -216.722 -41 40 -78.1726 -93.0486 -29.3738 -73.3733 
-119 -219.255 -41 40 -76.2557 -91.944 -28.393 -72.3569 
-109 -220.475 -41 40 -74.8694 -91.2909 -27.9875 -72.0692 
-111 -225.014 -41 40 -73.4769 -87.9883 -25.6612 -69.9002 
-101 -223.361 -41 40 -73.4127 -89.2885 -26.3544 -71.6638 
-105 -220.062 -41 40 -73.3515 -88.1213 -28.4826 -70.8339 
-119 -216.487 -41 40 -78.1726 -93.0486 -29.3738 -73.3733 
-119 -218.287 -41 40 -75.0517 -92.3242 -29.3738 -74.2383 
-119 -212.704 -42 40 -78.0461 -93.0486 -29.9928 -73.3733 
-123 -216.722 -41 40 -78.1726 -93.0486 -29.3738 -73.3733 
-125 -221.371 -41 40 -74.8694 -91.2909 -27.9875 -72.0692 
-119 -219.214 -41 40 -76.3501 -88.8537 -28.2752 -71.5523 
-127 -215.448 -41 40 -79.5589 -93.7017 -29.7793 -73.661 
-117 -219.255 -41 40 -76.2557 -91.944 -28.393 -72.3569 
-121 -216.033 -41 40 -79.2287 -93.4853 -29.3738 -73.5964 
-139 -215.915 -41 41 -80.7727 -93.7017 -29.6034 -73.661 
-109 -223.892 -41 40 -73.4127 -89.2885 -26.3544 -71.6638 
-127 -221.371 -41 40 -74.8694 -91.2909 -27.9875 -72.0692 
-107 -220.062 -41 40 -73.3515 -88.1213 -28.4826 -70.8339 
-107 -223.892 -41 40 -73.4127 -89.2885 -26.3544 -71.6638 
-127 -221.4 -41 40 -74.8694 -91.2909 -27.9875 -72.0692 
-117 -218.287 -41 40 -75.0517 -92.3242 -29.3738 -74.2383 
-121 -216.722 -41 40 -78.1726 -93.0486 -29.3738 -73.3733 
-117 -219.214 -41 40 -76.3501 -88.8537 -28.2752 -71.5523 
-125 -215.27 -41 40 -82.556 -96.0782 -28.9683 -73.5964 
-109 -214.552 -41 40 -79.5589 -93.7017 -29.7793 -73.661 
-115 -219.255 -41 40 -76.2557 -91.944 -28.393 -72.3569 
-115 -216.418 -41 40 -78.1726 -93.0486 -29.3738 -73.3733 
-119 -216.033 -41 40 -79.2287 -93.4853 -29.3738 -73.5964 
-137 -215.915 -41 41 -80.7727 -93.7017 -29.6034 -73.661 
FEATURES_TXT_END_0
FEATURES_TXT_BEGIN_0 76 68 8 Distortion0_0 LM0_0 WordPenalty0_0 PhrasePenalty0_0 TranslationModel0_0 TranslationModel0_1 TranslationModel0_2 TranslationModel0_3 
-183 -320.906 -51 48 -88.457 -119.525 -26.0814 -100.324 
-179 -320.906 -51 48 -88.457 -119.525 -26.0814 -100.324 
-175 -322.051 -51 48 -89.1502 -119.179 -25.3883 -99.8441 
-181 -323.655 -51 48 -86.1249 -117.855 -25.3883 -99.5505 
-177 -320.906 -51 48 -88.457 -119.525 -26.0814 -100.324 
-175 -313.859 -52 49 -90.2005 -121.786 -28.1061 -104.421 
-178 -320.385 -51 48 -87.838 -120.085 -26.9287 -100.626 
-173 -320.74 -52 49 -86.8747 -119.147 -24.9838 -100.516 
-179 -323.595 -51 48 -86.1249 -117.855 -25.3883 -99.5505 
-173 -319.551 -51 48 -88.6802 -119.845 -26.71 -100.131 
-179 -323.655 -51 48 -86.1249 -117.855 -25.3883 -99.5505 
-183 -320.345 -51 48 -87.838 -120.085 -26.9287 -100.626 
-177 -323.595 -51 48 -86.1249 -117.855 -25.3883 -99.5505 
-171 -319.551 -51 48 -88.6802 -119.845 -26.71 -100.131 
-181 -317.87 -51 48 -91.7859 -123.112 -26.9977 -102.948 
-177 -318.817 -52 49 -89.126 -123.194 -25.677 -102.867 
-180 -318.116 -53 50 -84.7181 -118.733 -25.9455 -101.367 
-177 -323.655 -51 48 -86.1249 -117.855 -25.3883 -99.5505 
-173 -320.906 -51 48 -88.457 -119.525 -26.0814 -100.324 
-178 -320.384 -51 48 -87.838 -120.085 -26.9287 -100.626 
-203 -316.355 -52 49 -89.1979 -121.899 -27.9796 -103.521 
-179 -317.81 -51 48 -91.7859 -123.112 -26.9977 -102.948 
-203 -313.822 -52 49 -88.2354 -121.804 -29.589 -104.715 
-169 -321.46 -51 48 -89.1502 -119.179 -25.3883 -99.8441 
-169 -320.74 -52 49 -86.8747 -119.147 -24.9838 -100.516 
-177 -323.9 -51 48 -86.1249 -117.855 -25.3883 -99.5505 
-182 -320.384 -51 48 -87.838 -120.085 -26.9287 -100.626 
-177 -321.166 -51 48 -88.457 -119.525 -26.0814 -100.324 
-175 -313.652 -52 49 -90.2005 -121.786 -28.1061 -104.421 
-165 -321.46 -51 48 -89.1502 -119.179 -25.3883 -99.8441 
-199 -313.822 -52 49 -88.2354 -121.804 -29.589 -104.715 
-165 -320.088 -51 48 -89.3733 -119.499 -26.0169 -99.6517 
-175 -317.81 -51 48 -91.7859 -123.112 -26.9977 -102.948 
-179 -321.301 -51 48 -88.457 -119.525 -26.0814 -100.324 
-175 -323.595 -51 48 -86.1249 -117.855 -25.3883 -99.5505 
-173 -323.655 -51 48 -86.1249 -117.855 -25.3883 -99.5505 
-169 -319.551 -51 48 -88.6802 -119.845 -26.71 -100.131 
-169 -322.239 -51 48 -86.348 -118.174 -26.0169 -99.3581 
-179 -317.87 -51 48 -91.7859 -123.112 -26.9977 -102.948 
-175 -318.817 -52 49 -89.126 -123.194 -25.677 -102.867 
-177 -320.026 -51 48 -88.6802 -119.845 -26.71 -100.131 
-169 -318.165 -51 48 -91.6246 -123.545 -26.71 -102.003 
-187 -319.549 -52 49 -85.9122 -119.052 -26.5933 -101.71 
-177 -321.355 -51 48 -88.457 -119.525 -26.0814 -100.324 
-175 -314.542 -52 49 -90.6423 -120.687 -27.4129 -104.015 
-176 -318.116 -53 50 -84.7181 -118.733 -25.9455 -101.367 
-169 -321.669 -51 48 -89.1502 -119.179 -25.3883 -99.8441 
-178 -318.116 -53 50 -84.7181 -118.733 -25.9455 -101.367 
-175 -323.655 -51 48 -86.1249 -117.855 -25.3883 -99.5505 
-171 -320.906 -51 48 -88.457 -119.525 -26.0814 -100.324 
-177 -320.534 -51 48 -88.2531 -116.733 -26.4869 -99.4074 
-173 -314.542 -52 49 -90.6423 -120.687 -27.4129 -104.015 
-175 -314.562 -52 49 -90.6423 -120.687 -27.4129 -104.015 
-175 -320.026 -51 48 -88.6802 -119.845 -26.71 -100.131 
-177 -317.81 -51 48 -91.7859 -123.112 -26.9977 -102.948 
-167 -320.74 -52 49 -86.8747 -119.147 -24.9838 -100.516 
-181 -321.55 -51 48 -88.457 -119.525 -26.0814 -100.324 
-163 -319.385 -52 49 -87.0979 -119.466 -25.6125 -100.323 
-175 -321.166 -51 48 -88.457 -119.525 -26.0814 -100.324 
-179 -320.345 -51 48 -87.838 -120.085 -26.9287 -100.626 
-173 -319.537 -51 48 -91.4015 -123.226 -26.0814 -102.195 
-173 -313.652 -52 49 -90.2005 -121.786 -28.1061 -104.421 
-163 -320.088 -51 48 -89.3733 -119.499 -26.0169 -99.6517 
-173 -323.595 -51 48 -86.1249 -117.855 -25.3883 -99.5505 
-177 -317.87 -51 48 -91.7859 -123.112 -26.9977 -102.948 
-180 -312.332 -53 50 -90.3791 -123.99 -27.5549 -104.765 
-171 -322.3 -51 48 -86.348 -118.174 -26.0169 -99.3581 
-167 -319.551 -51 48 -88.6802 -119.845 -26.71 -100.131 
FEATURES_TXT_END_0
FEATURES_TXT_BEGIN_0 77 97 8 Distortion0_0 LM0_0 WordPenalty0_0 PhrasePenalty0_0 TranslationModel0_0 TranslationModel0_1 TranslationModel0_2 TranslationModel0_3 
-56 -117.233 -20 18 -30.1352 -42.9925 -8.06489 -47.149 
-50 -111.188 -21 18 -33.4581 -44.1092 -9.35402 -45.8752 
-59 -118.066 -21 18 -27.9992 -40.4366 -7.32617 -48.1641 
-58 -118.726 -20 18 -30.1352 -42.9925 -8.06489 -47.149 
-62 -118.306 -21 18 -27.9992 -40.4366 -7.32617 -48.1641 
-56 -118.696 -20 18 -30.1352 -42.9925 -8.06489 -47.149 
-52 -118.485 -20 18 -30.1352 -42.9925 -8.06489 -47.149 
-55 -118.765 -20 18 -30.1352 -42.9925 -8.06489 -47.149 
-58 -120.595 -20 18 -30.1352 -42.9926 -8.06489 -47.149 
-54 -118.055 -21 18 -27.9992 -40.4366 -7.32617 -48.1641 
-64 -119.41 -20 18 -30.1352 -42.9925 -8.06489 -47.149 
-52 -118.726 -20 18 -30.1352 -42.9925 -8.06489 -47.149 
-56 -116.439 -20 18 -32.4673 -44.6632 -8.75804 -47.9221 
-52 -118.055 -21 18 -27.9992 -40.4366 -7.32617 -48.1641 
-64 -119.459 -20 18 -30.1352 -42.9925 -8.06489 -47.149 
-62 -118.645 -21 18 -27.9992 -40.4366 -7.32617 -48.1641 
-54 -118.201 -21 18 -27.9992 -40.4366 -7.32617 -48.1641 
-61 -119.316 -20 18 -30.1352 -42.9925 -8.06489 -47.149 
-49 -118.661 -20 18 -30.1352 -42.9925 -8.06489 -47.149 
-56 -119.102 -20 18 -30.1352 -42.9926 -8.06489 -47.149 
-56 -119.159 -20 18 -30.1352 -42.9925 -8.06489 -47.149 
-54 -119.159 -20 18 -30.1352 -42.9925 -8.06489 -47.149 
-47 -118.058 -21 18 -27.9992 -40.4366 -7.32617 -48.1641 
-56 -119.306 -20 18 -30.1352 -42.9925 -8.06489 -47.149 
-50 -118.306 -21 18 -27.9992 -40.4366 -7.32617 -48.1641 
-70 -118.005 -21 19 -28.1774 -40.4366 -8.22288 -48.1641 
-56 -116.72 -20 18 -31.9577 -47.1874 -9.1635 -48.9699 
-60 -112.344 -20 19 -33.0537 -46.4158 -11.4342 -50.6104 
-56 -116.963 -20 18 -32.4673 -44.6632 -8.75804 -47.9221 
-62 -112.49 -20 19 -33.0537 -46.4158 -11.4342 -50.6104 
-49 -119.162 -20 18 -30.1352 -42.9925 -8.06489 -47.149 
-52 -116.826 -20 18 -32.4673 -44.6632 -8.75804 -47.9221 
-68 -112.934 -20 19 -33.0537 -46.4158 -11.4342 -50.6104 
-62 -112.595 -20 19 -33.0537 -46.4158 -11.4342 -50.6104 
-62 -117.755 -21 19 -28.1774 -40.4366 -8.22288 -48.1641 
-52 -119.41 -20 18 -30.1352 -42.9925 -8.06489 -47.149 
-50 -113.008 -21 18 -31.1694 -41.7688 -9.61149 -45.1219 
-60 -117.755 -21 19 -28.1774 -40.4366 -8.22288 -48.1641 
-62 -115.76 -21 18 -29.6646 -41.3056 -8.809 -49.57 
-50 -112.045 -21 19 -33.2196 -44.1092 -9.70775 -45.8752 
-62 -117.901 -21 19 -28.1774 -40.4366 -8.22288 -48.1641 
-55 -112.347 -20 19 -33.0537 -46.4158 -11.4342 -50.6104 
-56 -117.764 -20 18 -32.3732 -43.5583 -8.47036 -47.149 
-54 -112.344 -20 19 -33.0537 -46.4158 -11.4342 -50.6104 
-64 -119.287 -21 19 -27.7607 -40.4366 -7.67989 -48.1641 
-58 -112.595 -20 19 -33.0537 -46.4158 -11.4342 -50.6104 
-58 -117.447 -20 18 -32.4673 -44.6632 -8.75804 -47.9221 
-56 -117.342 -20 18 -32.4673 -44.6632 -8.75804 -47.9221 
-72 -111.423 -20 19 -35.2918 -46.9816 -11.8396 -50.6104 
-56 -119.9 -20 18 -30.1352 -42.9925 -8.06489 -47.149 
-50 -114.282 -21 18 -32.4488 -42.5858 -8.66088 -44.4401 
-54 -112.76 -21 18 -33.4581 -44.1092 -9.35402 -45.8752 
-56 -119.287 -21 18 -27.9992 -40.4366 -7.32616 -48.1641 
-55 -117.757 -21 19 -28.1774 -40.4366 -8.22288 -48.1641 
-64 -116.864 -20 18 -31.8005 -43.8615 -9.54773 -48.5548 
-46 -112.441 -21 18 -33.4581 -44.1092 -9.35402 -45.8752 
-55 -119.318 -21 18 -27.9992 -40.4366 -7.32617 -48.1641 
-58 -118.005 -21 19 -28.1774 -40.4366 -8.22288 -48.1641 
-64 -111.173 -20 19 -35.2918 -46.9816 -11.8396 -50.6104 
-54 -119.978 -20 18 -30.1352 -42.9925 -8.06489 -47.149 
-58 -113.932 -22 19 -30.0744 -40.0299 -8.27588 -45.4553 
-56 -119.586 -20 18 -29.9653 -43.9525 -8.47036 -47.9221 
-58 -119.558 -21 18 -27.9992 -40.4366 -7.32617 -48.1641 
-55 -120.124 -20 18 -30.1352 -42.9925 -8.06489 -47.149 
-52 -119.967 -20 18 -30.1352 -42.9925 -8.06489 -47.149 
-57 -120.258 -20 18 -30.1352 -42.9925 -8.06489 -47.149 
-62 -111.173 -20 19 -35.2918 -46.9816 -11.8396 -50.6104 
-55 -120.154 -20 18 -30.1352 -42.9925 -8.06489 -47.149 
-59 -119.935 -21 18 -27.9992 -40.4366 -7.32617 -48.1641 
-58 -119.627 -21 18 -27.9992 -40.4366 -7.32617 -48.1641 
-64 -111.319 -20 19 -35.2918 -46.9816 -11.8396 -50.6104 
-62 -120.585 -20 18 -30.1352 -42.9925 -8.06489 -47.149 
-66 -120.544 -20 19 -29.8967 -42.9925 -8.41862 -47.149 
-68 -118.756 -21 19 -28.1774 -40.4366 -8.22288 -48.1641 
-61 -120.557 -20 18 -30.1352 -42.9925 -8.06489 -47.149 
-55 -120.228 -20 18 -30.1352 -42.9925 -8.06489 -47.149 
-51 -120.018 -20 18 -30.1352 -42.9925 -8.06489 -47.149 
-48 -119.308 -21 18 -27.9992 -40.4366 -7.32617 -48.1641 
-50 -110.395 -21 18 -35.7902 -45.7798 -10.0472 -46.6484 
-59 -117.272 -21 18 -30.3314 -42.1073 -8.01931 -48.9373 
-58 -117.932 -20 18 -32.4673 -44.6632 -8.75804 -47.9221 
-50 -119.308 -21 18 -27.9992 -40.4366 -7.32617 -48.1641 
-60 -115.036 -21 19 -32.2103 -42.5858 -9.01461 -44.4402 
-62 -117.512 -21 18 -30.3314 -42.1073 -8.01931 -48.9373 
-58 -115.217 -21 18 -32.4488 -42.5858 -8.66088 -44.4401 
-52 -120.188 -20 18 -30.1352 -42.9925 -8.06489 -47.149 
-50 -115.76 -21 18 -29.6646 -41.3056 -8.809 -49.57 
-54 -120.314 -20 18 -30.1352 -42.9925 -8.06489 -47.149 
-60 -120.662 -20 18 -30.1352 -42.9925 -8.06489 -47.149 
-48 -119.978 -20 18 -30.1352 -42.9925 -8.06489 -47.149 
-51 -120.154 -20 18 -30.1352 -42.9925 -8.06489 -47.149 
-58 -120.558 -20 18 -30.1352 -42.9925 -8.06489 -47.149 
-54 -119.627 -21 18 -27.9992 -40.4366 -7.32617 -48.1641 
-54 -120.334 -20 18 -30.1352 -42.9925 -8.06489 -47.149 
-70 -115.459 -21 19 -29.8428 -41.3056 -9.70571 -49.57 
-50 -113.058 -21 18 -33.4581 -44.1092 -9.35402 -45.8752 
-60 -118.506 -21 19 -28.1774 -40.4366 -8.22288 -48.1641 
FEATURES_TXT_END_0
FEATURES_TXT_BEGIN_0 78 92 8 Distortion0_0 LM0_0 WordPenalty0_0 PhrasePenalty0_0 TranslationModel0_0 TranslationModel0_1 TranslationModel0_2 TranslationModel0_3 
-82 -129.742 -22 22 -39.0322 -47.243 -13.275 -37.3096 
-80 -129.742 -22 22 -39.0322 -47.243 -13.275 -37.3096 
-64 -128.407 -22 22 -41.0799 -48.3552 -13.275 -38.2259 
-86 -130.963 -22 22 -39.0322 -47.243 -13.275 -37.3096 
-74 -132.23 -22 22 -39.0322 -47.243 -13.275 -37.3096 
-62 -128.407 -22 22 -41.0799 -48.3552 -13.275 -38.2259 
-80 -130.963 -22 22 -39.0322 -47.243 -13.275 -37.3096 
-72 -129.387 -22 22 -41.0799 -48.3552 -13.275 -38.2259 
-78 -130.963 -22 22 -39.0322 -47.243 -13.275 -37.3096 
-70 -129.387 -22 22 -41.0799 -48.3552 -13.275 -38.2259 
-72 -129.628 -22 22 -41.0799 -48.3552 -13.275 -38.2259 
-82 -130.633 -22 22 -39.2957 -47.5576 -13.6804 -37.0841 
-70 -129.628 -22 22 -41.0799 -48.3552 -13.275 -38.2259 
-80 -130.633 -22 22 -39.2957 -47.5576 -13.6804 -37.0841 
-68 -129.628 -22 22 -41.0799 -48.3552 -13.275 -38.2259 
-73 -130.965 -22 22 -41.0799 -48.3552 -13.275 -38.2259 
-76 -131.413 -22 22 -39.0322 -47.243 -13.275 -37.3096 
-78 -131.536 -22 22 -39.0322 -47.243 -13.275 -37.3096 
-66 -130.937 -22 22 -39.0322 -47.243 -13.275 -37.3096 
-74 -131.413 -22 22 -39.0322 -47.243 -13.275 -37.3096 
-76 -131.536 -22 22 -39.0322 -47.243 -13.275 -37.3096 
-64 -127.447 -22 22 -41.6225 -49.9822 -14.3736 -40.2469 
-64 -130.937 -22 22 -39.0322 -47.243 -13.275 -37.3096 
-86 -131.652 -22 22 -39.1818 -47.2241 -13.5453 -37.3584 
-64 -130.971 -22 22 -39.0322 -47.243 -13.275 -37.3096 
-62 -127.447 -22 22 -41.6225 -49.9822 -14.3736 -40.2469 
-78 -131.775 -22 22 -39.0322 -47.243 -13.275 -37.3096 
-78 -130.608 -22 22 -41.0799 -48.3552 -13.275 -38.2259 
-84 -131.652 -22 22 -39.1818 -47.2241 -13.5453 -37.3584 
-62 -130.971 -22 22 -39.0322 -47.243 -13.275 -37.3096 
-79 -132.508 -22 22 -39.0322 -47.243 -13.275 -37.3096 
-76 -131.775 -22 22 -39.0322 -47.243 -13.275 -37.3096 
-78 -131.896 -22 22 -39.0322 -47.243 -13.275 -37.3096 
-72 -130.758 -22 22 -39.2957 -47.5576 -13.6804 -37.0841 
-80 -132.042 -22 22 -39.0322 -47.243 -13.275 -37.3096 
-76 -130.608 -22 22 -41.0799 -48.3552 -13.275 -38.2259 
-88 -132.768 -22 22 -39.7253 -48.32 -13.275 -36.298 
-64 -130.44 -22 22 -41.0799 -48.3552 -13.275 -38.2259 
-60 -130.971 -22 22 -39.0322 -47.243 -13.275 -37.3096 
-80 -132.123 -22 22 -39.0322 -47.243 -13.275 -37.3096 
-76 -131.896 -22 22 -39.0322 -47.243 -13.275 -37.3096 
-90 -132.7 -22 22 -39.0322 -47.243 -13.275 -37.3096 
-82 -131.425 -22 22 -39.2957 -47.5576 -13.6804 -37.0841 
-82 -131.692 -22 22 -39.1818 -47.2241 -13.5453 -37.3584 
-70 -130.758 -22 22 -39.2957 -47.5576 -13.6804 -37.0841 
-80 -132.149 -22 22 -39.0322 -47.243 -13.275 -37.3096 
-78 -132.042 -22 22 -39.0322 -47.243 -13.275 -37.3096 
-80 -132.171 -22 22 -39.0322 -47.243 -13.275 -37.3096 
-72 -132.532 -22 22 -35.161 -44.3678 -13.9681 -38.9191 
-72 -131.775 -22 22 -39.0322 -47.243 -13.275 -37.3096 
-78 -132.123 -22 22 -39.0322 -47.243 -13.275 -37.3096 
-80 -131.425 -22 22 -39.2957 -47.5576 -13.6804 -37.0841 
-80 -131.692 -22 22 -39.1818 -47.2241 -13.5453 -37.3584 
-78 -132.149 -22 22 -39.0322 -47.243 -13.275 -37.3096 
-77 -132.093 -22 22 -39.0322 -47.243 -13.275 -37.3096 
-64 -130.746 -22 22 -40.0882 -47.6797 -13.275 -37.5328 
-78 -132.171 -22 22 -39.0322 -47.243 -13.275 -37.3096 
-72 -128.427 -22 22 -41.6225 -49.9822 -14.3736 -40.2469 
-73 -130.72 -22 22 -41.0799 -48.3552 -13.275 -38.2259 
-70 -132.532 -22 22 -35.161 -44.3678 -13.9681 -38.9191 
-86 -131.855 -22 22 -39.2957 -47.5576 -13.6804 -37.0841 
-79 -132.486 -22 22 -39.0322 -47.243 -13.275 -37.3096 
-70 -131.775 -22 22 -39.0322 -47.243 -13.275 -37.3096 
-72 -132.665 -22 22 -35.161 -44.3678 -13.9681 -38.9191 
-68 -131.05 -22 22 -40.0882 -47.6797 -13.275 -37.5328 
-75 -132.093 -22 22 -39.0322 -47.243 -13.275 -37.3096 
-82 -134.147 -22 22 -38.339 -46.6397 -12.5818 -36.131 
-62 -130.746 -22 22 -40.0882 -47.6797 -13.275 -37.5328 
-77 -132.226 -22 22 -39.0322 -47.243 -13.275 -37.3096 
-76 -132.947 -22 22 -35.161 -44.3678 -13.9681 -38.9191 
-72 -131.951 -22 22 -39.0322 -47.243 -13.275 -37.3096 
-70 -128.427 -22 22 -41.6225 -49.9822 -14.3736 -40.2469 
-66 -130.795 -22 22 -39.2957 -47.5576 -13.6804 -37.0841 
-81 -132.486 -22 22 -39.0322 -47.243 -13.275 -37.3096 
-71 -130.72 -22 22 -41.0799 -48.3552 -13.275 -38.2259 
-81 -132.508 -22 22 -39.0322 -47.243 -13.275 -37.3096 
-92 -133.138 -22 22 -39.0322 -47.243 -13.275 -37.3096 
-76 -132.23 -22 22 -39.0322 -47.243 -13.275 -37.3096 
-70 -132.665 -22 22 -35.161 -44.3678 -13.9681 -38.9191 
-74 -130.914 -22 22 -41.0799 -48.3552 -13.275 -38.2259 
-66 -131.05 -22 22 -40.0882 -47.6797 -13.275 -37.5328 
-66 -131.172 -22 22 -36.6044 -47.1606 -14.3736 -38.8381 
-80 -134.147 -22 22 -38.339 -46.6397 -12.5818 -36.131 
-74 -132.159 -22 22 -39.0322 -47.243 -13.275 -37.3096 
-72 -132.049 -22 22 -39.0322 -47.243 -13.275 -37.3096 
-75 -132.226 -22 22 -39.0322 -47.243 -13.275 -37.3096 
-78 -130.883 -23 22 -33.7747 -44.9652 -13.9681 -42.5081 
-74 -132.947 -22 22 -35.161 -44.3678 -13.9681 -38.9191 
-72 -130.856 -22 22 -41.0799 -48.3552 -13.275 -38.2259 
-70 -131.951 -22 22 -39.0322 -47.243 -13.275 -37.3096 
-72 -128.669 -22 22 -41.6225 -49.9822 -14.3736 -40.2469 
-64 -130.795 -22 22 -39.2957 -47.5576 -13.6804 -37.0841 
FEATURES_TXT_END_0
FEATURES_TXT_BEGIN_0 79 100 8 Distortion0_0 LM0_0 WordPenalty0_0 PhrasePenalty0_0 TranslationModel0_0 TranslationModel0_1 TranslationModel0_2 TranslationModel0_3 
-50 -89.8057 -20 18 -34.9135 -55.4996 -9.76162 -40.9327 
-58 -85.5436 -21 19 -34.3861 -55.396 -11.0566 -40.8668 
-48 -89.7561 -20 18 -34.9135 -55.4996 -9.76162 -40.9327 
-58 -85.6713 -21 19 -34.3861 -55.396 -11.0566 -40.8668 
-52 -90.0842 -20 18 -34.9135 -55.4996 -9.76162 -40.9327 
-54 -87.6919 -21 18 -33.4627 -53.0035 -10.0653 -41.2937 
-52 -90.7449 -20 18 -34.9135 -55.4996 -9.76162 -40.9327 
-50 -89.4024 -20 19 -37.0454 -56.3167 -9.90962 -40.2509 
-58 -85.1403 -21 20 -36.518 -56.2131 -11.2046 -40.1851 
-46 -90.445 -20 18 -34.9135 -55.4996 -9.76162 -40.9327 
-54 -86.1829 -21 19 -34.3861 -55.396 -11.0566 -40.8668 
-60 -82.1351 -21 20 -38.2164 -53.0426 -12.1716 -41.7599 
-48 -90.6011 -20 18 -34.9135 -55.4996 -9.76162 -40.9327 
-48 -89.3528 -20 19 -37.0454 -56.3167 -9.90962 -40.251 
-44 -90.3954 -20 18 -34.9135 -55.4996 -9.76162 -40.9327 
-58 -85.268 -21 20 -36.518 -56.2131 -11.2046 -40.1851 
-50 -90.8215 -20 18 -34.9135 -55.4996 -9.76162 -40.9327 
-52 -89.6809 -20 19 -37.0454 -56.3167 -9.90962 -40.2509 
-48 -90.7235 -20 18 -34.9135 -55.4996 -9.76162 -40.9327 
-44 -90.5124 -20 18 -34.9135 -55.4996 -9.76162 -40.9327 
-46 -90.6777 -20 18 -34.9135 -55.4996 -9.76162 -40.9327 
-46 -90.7909 -20 18 -34.9135 -55.4996 -9.76162 -40.9327 
-48 -90.1303 -21 18 -31.4996 -50.9337 -9.55448 -39.9587 
-54 -87.2886 -21 19 -35.5946 -53.8206 -10.2133 -40.612 
-50 -88.3313 -21 18 -33.4627 -53.0035 -10.0653 -41.2937 
-54 -91.317 -21 18 -28.9301 -53.4028 -10.0653 -43.6472 
-44 -89.9779 -20 18 -33.6341 -54.6826 -10.7122 -41.6145 
-52 -85.7158 -21 19 -33.1067 -54.5789 -12.0072 -41.5486 
-58 -91.8216 -20 18 -34.9135 -55.4996 -9.76162 -40.9327 
-52 -90.2264 -20 19 -37.0454 -56.3167 -9.90962 -40.251 
-46 -91.1446 -20 18 -34.9135 -55.4996 -9.76162 -40.9327 
-42 -89.9283 -20 18 -33.6341 -54.6826 -10.7122 -41.6145 
-48 -88.3986 -21 18 -33.4627 -53.0035 -10.0653 -41.2937 
-64 -87.5224 -21 19 -34.3861 -55.396 -11.0566 -40.8668 
-52 -85.8435 -21 19 -33.1067 -54.5789 -12.0072 -41.5486 
-46 -90.2564 -20 18 -33.6341 -54.6826 -10.7122 -41.6145 
-52 -90.3416 -20 19 -37.0454 -56.3167 -9.90962 -40.251 
-58 -86.0289 -21 20 -36.5179 -56.2131 -11.2046 -40.1851 
-50 -90.0091 -20 18 -36.747 -56.4835 -10.1671 -39.4976 
-56 -81.8674 -21 20 -36.937 -52.2256 -13.1222 -42.4417 
-50 -90.4182 -20 19 -37.0454 -56.3167 -9.90962 -40.251 
-40 -90.1259 -20 18 -33.6341 -54.6826 -10.7122 -41.6145 
-48 -85.8638 -21 19 -33.1067 -54.5789 -12.0072 -41.5486 
-48 -90.3275 -20 19 -37.0454 -56.3167 -9.90962 -40.251 
-52 -90.9125 -21 18 -31.4996 -50.9337 -9.55448 -39.9587 
-42 -90.282 -20 18 -33.6341 -54.6826 -10.7122 -41.6145 
-48 -90.3849 -20 19 -37.0454 -56.3167 -9.90962 -40.251 
-38 -90.0763 -20 18 -33.6341 -54.6826 -10.7122 -41.6145 
-46 -90.276 -20 19 -37.0454 -56.3167 -9.90962 -40.251 
-44 -91.5095 -20 18 -34.9135 -55.4996 -9.76162 -40.9327 
-52 -87.2474 -21 19 -34.3861 -55.396 -11.0566 -40.8668 
-42 -90.4044 -20 18 -33.6341 -54.6826 -10.7122 -41.6145 
-48 -87.8641 -21 18 -32.1833 -52.1864 -11.0159 -41.9755 
-46 -90.4041 -20 19 -37.0454 -56.3167 -9.90962 -40.251 
-56 -92.2316 -20 18 -34.9135 -55.4996 -9.76162 -40.9327 
-42 -91.4599 -20 18 -34.9135 -55.4996 -9.76162 -40.9327 
-56 -87.5403 -21 19 -34.3861 -55.396 -11.0566 -40.8668 
-48 -90.5546 -20 19 -37.0454 -56.3167 -9.90962 -40.251 
-40 -90.3586 -20 18 -33.6341 -54.6826 -10.7122 -41.6145 
-44 -91.5915 -20 18 -34.9135 -55.4996 -9.76162 -40.9327 
-52 -87.3294 -21 19 -34.3861 -55.396 -11.0566 -40.8668 
-52 -90.7994 -20 19 -37.0454 -56.3167 -9.90962 -40.251 
-46 -91.7476 -20 18 -34.9135 -55.4996 -9.76162 -40.9327 
-52 -87.3751 -21 19 -34.3861 -55.396 -11.0566 -40.8668 
-42 -91.5419 -20 18 -34.9135 -55.4996 -9.76162 -40.9327 
-56 -86.3687 -21 20 -36.518 -56.2131 -11.2046 -40.1851 
-46 -91.788 -20 18 -34.9135 -55.4996 -9.76162 -40.9327 
-44 -90.4216 -20 19 -37.0454 -56.3167 -9.90962 -40.251 
-56 -87.969 -21 20 -34.7786 -53.1407 -10.7992 -39.0094 
-46 -91.87 -20 18 -34.9135 -55.4996 -9.76162 -40.9327 
-49 -91.0668 -20 18 -33.6341 -54.6826 -10.7122 -41.6145 
-57 -86.8047 -21 19 -33.1067 -54.5789 -12.0072 -41.5486 
-48 -89.8348 -21 19 -33.6315 -51.7508 -9.70247 -39.277 
-56 -83.3273 -21 20 -38.2164 -53.0426 -12.1716 -41.7599 
-52 -90.6137 -20 18 -36.747 -56.4836 -10.1671 -39.4976 
-46 -90.9171 -20 18 -33.6341 -54.6826 -10.7122 -41.6145 
-48 -92.0343 -20 18 -34.9135 -55.4996 -9.76162 -40.9327 
-54 -90.9137 -21 19 -31.062 -54.2199 -10.2133 -42.9654 
-50 -91.9563 -21 18 -28.9301 -53.4028 -10.0653 -43.6472 
-44 -91.8242 -20 18 -34.9135 -55.4996 -9.76162 -40.9327 
-44 -89.5746 -20 19 -35.766 -55.4996 -10.8602 -40.9327 
-52 -85.3125 -21 20 -35.2385 -55.396 -12.1552 -40.8668 
-40 -90.6172 -20 18 -33.6341 -54.6825 -10.7122 -41.6145 
-46 -90.7001 -20 19 -37.0454 -56.3167 -9.90962 -40.251 
-47 -91.0172 -20 18 -33.6341 -54.6826 -10.7122 -41.6145 
-48 -86.3551 -21 19 -33.1067 -54.5789 -12.0072 -41.5486 
-42 -89.8111 -21 18 -30.2202 -50.1166 -10.5051 -40.6405 
-58 -86.2651 -21 20 -37.4588 -55.4036 -10.8951 -44.5633 
-45 -90.9328 -20 18 -33.6341 -54.6826 -10.7122 -41.6145 
-58 -91.4183 -20 19 -37.0454 -56.3167 -9.90962 -40.251 
-53 -86.6707 -21 19 -33.1067 -54.5789 -12.0072 -41.5486 
-48 -90.4699 -20 18 -36.747 -56.4835 -10.1671 -39.4976 
-54 -82.3073 -21 20 -36.937 -52.2256 -13.1222 -42.4417 
-42 -90.7733 -20 18 -33.6341 -54.6825 -10.7122 -41.6145 
-54 -92.461 -20 18 -34.9135 -55.4996 -9.76162 -40.9327 
-42 -89.525 -20 19 -35.766 -55.4996 -10.8602 -40.9327 
-44 -88.0121 -21 18 -32.1833 -52.1864 -11.0159 -41.9755 
-38 -90.5676 -20 18 -33.6341 -54.6825 -10.7122 -41.6145 
-57 -86.9324 -21 19 -33.1067 -54.5789 -12.0072 -41.5486 
-46 -92.0293 -20 18 -34.9135 -55.4996 -9.76162 -40.9327 
FEATURES_TXT_END_0
FEATURES_TXT_BEGIN_0 80 100 8 Distortion0_0 LM0_0 WordPenalty0_0 PhrasePenalty0_0 TranslationModel0_0 TranslationModel0_1 TranslationModel0_2 TranslationModel0_3 
-61 -121.064 -24 22 -29.6882 -52.5095 -10.2537 -49.581 
-61 -124.057 -24 21 -29.9327 -53.5876 -8.51443 -50.4652 
-61 -121.39 -24 22 -29.6882 -52.5095 -10.2537 -49.581 
-65 -121.72 -24 22 -29.6882 -52.5095 -10.2537 -49.581 
-61 -124.383 -24 21 -29.9327 -53.5876 -8.51443 -50.4652 
-65 -121.869 -24 22 -29.6882 -52.5095 -10.2537 -49.581 
-73 -122.372 -24 22 -29.6882 -52.5095 -10.2537 -49.581 
-59 -121.582 -24 22 -29.6882 -52.5095 -10.2537 -49.581 
-65 -124.713 -24 21 -29.9327 -53.5876 -8.51443 -50.4652 
-57 -121.591 -24 22 -29.6882 -52.5095 -10.2537 -49.581 
-65 -124.862 -24 21 -29.9327 -53.5876 -8.51443 -50.4652 
-73 -125.365 -24 21 -29.9327 -53.5876 -8.51443 -50.4652 
-59 -124.575 -24 21 -29.9327 -53.5876 -8.51443 -50.4652 
-61 -121.948 -24 22 -29.6882 -52.5095 -10.2537 -49.581 
-65 -121.081 -24 23 -31.5028 -51.668 -10.3696 -48.1073 
-67 -121.213 -24 23 -31.5028 -51.668 -10.3696 -48.1073 
-59 -121.932 -24 22 -29.6882 -52.5095 -10.2537 -49.581 
-61 -122.053 -24 22 -29.6882 -52.5095 -10.2537 -49.581 
-57 -124.584 -24 21 -29.9327 -53.5876 -8.51443 -50.4652 
-63 -122.281 -24 22 -29.6882 -52.5095 -10.2537 -49.581 
-53 -121.723 -24 22 -29.6882 -52.5095 -10.2537 -49.581 
-61 -124.941 -24 21 -29.9327 -53.5876 -8.51443 -50.4652 
-61 -122.202 -24 22 -29.6882 -52.5095 -10.2537 -49.581 
-63 -120.61 -24 22 -29.0821 -51.3609 -11.3523 -50.4973 
-65 -124.074 -24 22 -31.7473 -52.7461 -8.63035 -48.9915 
-61 -122.241 -24 22 -29.6882 -52.5095 -10.2537 -49.581 
-67 -124.206 -24 22 -31.7473 -52.7461 -8.63035 -48.9915 
-62 -119.698 -24 22 -32.633 -54.1956 -10.7859 -50.3051 
-69 -122.72 -24 22 -29.6882 -52.5095 -10.2537 -49.581 
-61 -121.276 -24 22 -30.1402 -53.2952 -10.7057 -49.7988 
-59 -124.925 -24 21 -29.9327 -53.5876 -8.51443 -50.4652 
-67 -122.64 -24 22 -29.6882 -52.5095 -10.2537 -49.581 
-61 -125.046 -24 21 -29.9327 -53.5876 -8.51443 -50.4652 
-61 -128.258 -24 21 -26.386 -50.1829 -7.82128 -47.8262 
-57 -122.079 -24 22 -29.6882 -52.5095 -10.2537 -49.581 
-71 -122.89 -24 22 -29.6882 -52.5095 -10.2537 -49.581 
-65 -122.571 -24 22 -29.6882 -52.5095 -10.2537 -49.581 
-67 -120.966 -24 22 -29.0821 -51.3609 -11.3523 -50.4973 
-61 -122.393 -24 22 -29.6882 -52.5095 -10.2537 -49.581 
-63 -122.508 -24 22 -29.6882 -52.5095 -10.2537 -49.581 
-55 -122.063 -24 22 -29.6882 -52.5095 -10.2537 -49.581 
-63 -120.803 -24 22 -29.0821 -51.3609 -11.3523 -50.4973 
-63 -125.274 -24 21 -29.9327 -53.5876 -8.51443 -50.4652 
-53 -124.716 -24 21 -29.9327 -53.5876 -8.51443 -50.4652 
-65 -120.95 -24 22 -29.0821 -51.3609 -11.3523 -50.4973 
-61 -125.195 -24 21 -29.9327 -53.5876 -8.51443 -50.4652 
-55 -122.109 -24 22 -29.6882 -52.5095 -10.2537 -49.581 
-71 -123.028 -24 22 -29.6882 -52.5095 -10.2537 -49.581 
-63 -123.603 -24 21 -29.3266 -52.4389 -9.61304 -51.3815 
-61 -125.234 -24 21 -29.9327 -53.5876 -8.51443 -50.4652 
-73 -123.177 -24 22 -29.6882 -52.5095 -10.2537 -49.581 
-61 -122.499 -24 22 -29.6882 -52.5095 -10.2537 -49.581 
-62 -122.691 -24 21 -32.8775 -55.2736 -9.04664 -51.1893 
-61 -118.892 -24 22 -31.3536 -53.3785 -11.7365 -50.9869 
-69 -125.713 -24 21 -29.9327 -53.5876 -8.51443 -50.4652 
-59 -122.413 -24 22 -29.6882 -52.5095 -10.2537 -49.581 
-71 -124.7 -24 21 -29.6892 -51.9406 -9.20757 -49.1302 
-61 -122.543 -24 22 -29.6882 -52.5095 -10.2537 -49.581 
-61 -121.415 -24 23 -31.5028 -51.668 -10.3696 -48.1073 
-67 -125.633 -24 21 -29.9327 -53.5876 -8.51443 -50.4652 
-57 -125.072 -24 21 -29.9327 -53.5876 -8.51443 -50.4652 
-61 -123.05 -24 21 -30.6415 -52.5095 -9.52388 -49.581 
-61 -118.773 -24 22 -30.6976 -53.351 -12.0654 -51.0547 
-63 -121.546 -24 23 -31.5028 -51.668 -10.3696 -48.1073 
-69 -121.299 -24 22 -29.0821 -51.3609 -11.3523 -50.4973 
-71 -125.883 -24 21 -29.9327 -53.5876 -8.51443 -50.4652 
-57 -122.349 -24 22 -29.6882 -52.5095 -10.2537 -49.581 
-65 -125.564 -24 21 -29.9327 -53.5876 -8.51443 -50.4652 
-63 -121.98 -24 22 -30.3615 -52.178 -10.4017 -49.8155 
-67 -123.959 -24 21 -29.3266 -52.4389 -9.61304 -51.3815 
-61 -121.602 -24 22 -30.1402 -53.2952 -10.7057 -49.7988 
-63 -122.719 -24 22 -29.6882 -52.5095 -10.2537 -49.581 
-67 -122.96 -24 22 -29.6882 -52.5095 -10.2537 -49.581 
-61 -128.584 -24 21 -26.386 -50.1829 -7.82128 -47.8262 
-61 -125.386 -24 21 -29.9327 -53.5876 -8.51443 -50.4652 
-63 -125.501 -24 21 -29.9327 -53.5876 -8.51443 -50.4652 
-63 -121.631 -24 23 -31.5028 -51.668 -10.3696 -48.1073 
-55 -125.056 -24 21 -29.9327 -53.5876 -8.51443 -50.4652 
-63 -123.797 -24 21 -29.3266 -52.4389 -9.61304 -51.3815 
-65 -121.762 -24 23 -31.5028 -51.668 -10.3696 -48.1073 
-62 -122.017 -24 22 -30.3615 -52.178 -10.4017 -49.8155 
-59 -122.571 -24 22 -29.6882 -52.5095 -10.2537 -49.581 
-65 -123.943 -24 21 -29.3266 -52.4389 -9.61304 -51.3815 
-65 -121.197 -24 22 -29.0821 -51.3609 -11.3523 -50.4973 
-55 -125.102 -24 21 -29.9327 -53.5876 -8.51443 -50.4652 
-65 -121.932 -24 22 -30.1402 -53.2952 -10.7057 -49.7988 
-71 -126.021 -24 21 -29.9327 -53.5876 -8.51443 -50.4652 
-57 -120.765 -24 22 -29.0821 -51.3609 -11.3523 -50.4973 
-59 -122.6 -24 22 -29.6882 -52.5095 -10.2537 -49.581 
-65 -128.914 -24 21 -26.386 -50.1829 -7.82128 -47.8262 
-65 -122.96 -24 22 -29.6882 -52.5095 -10.2537 -49.581 
-73 -126.17 -24 21 -29.9327 -53.5876 -8.51443 -50.4652 
-61 -125.492 -24 21 -29.9327 -53.5876 -8.51443 -50.4652 
-61 -121.885 -24 21 -31.5981 -54.4565 -9.99726 -51.8711 
-59 -122.64 -24 22 -29.6882 -52.5095 -10.2537 -49.581 
-63 -122.868 -24 22 -29.6882 -52.5095 -10.2537 -49.581 
-61 -124.37 -24 21 -29.6892 -51.9406 -9.20757 -49.1302 
-59 -125.406 -24 21 -29.9327 -53.5876 -8.51443 -50.4652 
-63 -121.762 -24 23 -31.5028 -51.668 -10.3696 -48.1073 
-63 -122.9 -24 22 -29.6882 -52.5095 -10.2537 -49.581 
FEATURES_TXT_END_0
FEATURES_TXT_BEGIN_0 81 100 8 Distortion0_0 LM0_0 WordPenalty0_0 PhrasePenalty0_0 TranslationModel0_0 TranslationModel0_1 TranslationModel0_2 TranslationModel0_3 
-105 -186.034 -40 37 -84.1162 -109.465 -22.608 -92.7032 
-103 -184.157 -40 38 -84.2641 -105.781 -23.5045 -91.4983 
-103 -187.256 -40 37 -83.2299 -104.881 -21.9149 -92.0688 
-107 -186.317 -40 37 -84.1162 -109.465 -22.608 -92.7032 
-105 -184.441 -40 38 -84.2641 -105.781 -23.5045 -91.4983 
-105 -187.54 -40 37 -83.2299 -104.881 -21.9149 -92.0688 
-109 -188.06 -40 37 -82.2191 -108.026 -22.3203 -91.5356 
-105 -186.242 -40 37 -84.1162 -109.465 -22.608 -92.7032 
-107 -186.183 -40 38 -82.367 -104.342 -23.2168 -90.3306 
-103 -184.366 -40 38 -84.2641 -105.781 -23.5045 -91.4982 
-107 -189.282 -40 37 -81.3328 -103.442 -21.6272 -90.9012 
-103 -187.465 -40 37 -83.2299 -104.881 -21.9149 -92.0688 
-105 -185.421 -40 37 -85.5895 -109.393 -22.608 -91.9301 
-103 -186.184 -40 37 -84.1162 -109.465 -22.608 -92.7032 
-101 -184.308 -40 38 -84.2641 -105.781 -23.5045 -91.4983 
-101 -187.407 -40 37 -83.2299 -104.881 -21.9149 -92.0688 
-99 -186.045 -40 37 -84.1162 -109.465 -22.608 -92.7032 
-97 -184.169 -40 38 -84.2641 -105.781 -23.5045 -91.4982 
-97 -187.268 -40 37 -83.2299 -104.881 -21.9149 -92.0688 
-107 -185.704 -40 37 -85.5895 -109.393 -22.608 -91.9301 
-105 -188.06 -40 37 -82.2191 -108.026 -22.3203 -91.5356 
-121 -188.251 -41 38 -79.9436 -107.994 -21.9159 -92.2074 
-105 -186.468 -40 37 -84.1162 -109.465 -22.608 -92.7032 
-111 -183.105 -40 38 -77.0206 -99.4124 -26.7978 -91.427 
-103 -186.183 -40 38 -82.367 -104.342 -23.2168 -90.3306 
-119 -186.375 -41 39 -80.0915 -104.31 -22.8124 -91.0024 
-103 -184.591 -40 38 -84.2641 -105.781 -23.5045 -91.4983 
-111 -186.204 -40 37 -75.9865 -98.513 -25.2081 -91.9975 
-109 -187.447 -40 37 -83.6924 -107.954 -22.3203 -90.7625 
-103 -189.282 -40 37 -81.3328 -103.442 -21.6272 -90.9012 
-119 -189.474 -41 38 -79.0573 -103.41 -21.2227 -91.5729 
-103 -187.691 -40 37 -83.2299 -104.881 -21.9149 -92.0688 
-105 -185.629 -40 37 -85.5895 -109.393 -22.608 -91.9301 
-107 -188.211 -40 37 -82.2191 -108.026 -22.3203 -91.5356 
-103 -184.897 -40 37 -84.1685 -104.133 -23.1445 -92.1256 
-103 -186.393 -40 37 -84.1162 -109.465 -22.608 -92.7032 
-105 -186.334 -40 38 -82.367 -104.342 -23.2168 -90.3306 
-101 -184.516 -40 38 -84.2641 -105.781 -23.5045 -91.4982 
-105 -189.433 -40 37 -81.3328 -103.442 -21.6272 -90.9012 
-101 -187.615 -40 37 -83.2299 -104.881 -21.9149 -92.0688 
-109 -186.774 -40 37 -84.1162 -109.465 -22.608 -92.7032 
-103 -185.571 -40 37 -85.5895 -109.393 -22.608 -91.9301 
-107 -184.897 -40 38 -84.2641 -105.781 -23.5045 -91.4982 
-103 -186.889 -40 37 -84.7032 -104.809 -21.9149 -91.2956 
-103 -184.678 -40 38 -84.2641 -105.781 -23.5045 -91.4983 
-107 -187.996 -40 37 -83.2299 -104.881 -21.9149 -92.0688 
-103 -187.776 -40 37 -83.2299 -104.881 -21.9149 -92.0688 
-99 -185.432 -40 37 -85.5895 -109.393 -22.608 -91.9301 
-97 -186.196 -40 37 -84.1162 -109.465 -22.608 -92.7032 
-95 -184.319 -40 38 -84.2641 -105.781 -23.5045 -91.4982 
-105 -185.181 -40 37 -84.1685 -104.133 -23.1445 -92.1256 
-95 -187.418 -40 37 -83.2299 -104.881 -21.9149 -92.0688 
-107 -186.923 -40 37 -82.2714 -102.694 -22.8568 -90.958 
-103 -185.106 -40 37 -84.1685 -104.133 -23.1445 -92.1256 
-104 -187.967 -40 37 -83.2299 -104.881 -21.9149 -92.0688 
-111 -187.057 -40 37 -84.1162 -109.465 -22.608 -92.7032 
-105 -187.447 -40 37 -83.6924 -107.954 -22.3203 -90.7625 
-121 -187.638 -41 38 -81.4169 -107.922 -21.9159 -91.4342 
-105 -185.855 -40 37 -85.5895 -109.393 -22.608 -91.9301 
-104 -187.98 -40 37 -83.2299 -104.881 -21.9149 -92.0688 
-103 -188.211 -40 37 -82.2191 -108.026 -22.3203 -91.5356 
-109 -185.181 -40 38 -84.2641 -105.781 -23.5045 -91.4982 
-105 -187.173 -40 37 -84.7032 -104.809 -21.9149 -91.2956 
-111 -178.398 -40 38 -81.9368 -104.819 -28.0971 -95.1015 
-119 -188.402 -41 38 -79.9436 -107.994 -21.9159 -92.2074 
-109 -183.255 -40 38 -77.0206 -99.4124 -26.7978 -91.427 
-105 -184.962 -40 38 -84.2641 -105.781 -23.5045 -91.4983 
-109 -188.28 -40 37 -83.2299 -104.881 -21.9148 -92.0688 
-111 -181.497 -40 37 -80.9026 -103.919 -26.5074 -95.672 
-101 -186.334 -40 38 -82.367 -104.342 -23.2168 -90.3306 
-117 -186.525 -41 39 -80.0915 -104.31 -22.8124 -91.0024 
-109 -186.355 -40 37 -75.9865 -98.513 -25.2081 -91.9975 
-105 -188.06 -40 37 -83.2299 -104.881 -21.9149 -92.0688 
-107 -187.598 -40 37 -83.6924 -107.954 -22.3203 -90.7625 
-101 -189.433 -40 37 -81.3328 -103.442 -21.6272 -90.9012 
-117 -189.624 -41 38 -79.0573 -103.41 -21.2227 -91.5729 
-103 -185.78 -40 37 -85.5895 -109.393 -22.608 -91.9301 
-107 -188.916 -40 37 -82.8061 -103.37 -21.6272 -90.128 
-103 -187.098 -40 37 -84.7032 -104.809 -21.9149 -91.2956 
-107 -186.705 -40 38 -82.367 -104.342 -23.2168 -90.3306 
-103 -184.887 -40 38 -84.2641 -105.781 -23.5045 -91.4982 
-107 -189.802 -40 37 -81.3328 -103.442 -21.6272 -90.9012 
-103 -187.985 -40 37 -83.2299 -104.881 -21.9149 -92.0688 
-99 -180.848 -40 38 -77.4445 -102.21 -27.8094 -93.9339 
-105 -185.63 -40 37 -86.1531 -109.65 -22.608 -91.6046 
-109 -186.16 -40 37 -85.5895 -109.393 -22.608 -91.9301 
-99 -183.947 -40 37 -76.4103 -101.311 -26.2197 -94.5044 
-107 -186.924 -40 37 -84.1162 -109.465 -22.608 -92.7032 
-101 -179.787 -40 37 -83.3932 -107.94 -26.5854 -95.2646 
-105 -185.048 -40 38 -84.2641 -105.781 -23.5045 -91.4982 
-101 -187.04 -40 37 -84.7032 -104.809 -21.9149 -91.2956 
-105 -188.147 -40 37 -83.2299 -104.881 -21.9149 -92.0688 
-99 -177.91 -40 38 -83.5411 -104.256 -27.4819 -94.0597 
-99 -181.009 -40 37 -82.5069 -103.357 -25.8922 -94.6302 
-97 -184.909 -40 37 -84.1685 -104.133 -23.1445 -92.1256 
-105 -186.861 -40 37 -84.1162 -109.465 -22.608 -92.7032 
-106 -188.251 -40 37 -83.2299 -104.881 -21.9149 -92.0688 
-103 -188.083 -40 37 -83.2299 -104.881 -21.9149 -92.0688 
-106 -188.264 -40 37 -83.2299 -104.881 -21.9149 -92.0688 
-103 -186.785 -40 37 -84.1162 -109.465 -22.608 -92.7032 
FEATURES_TXT_END_0
FEATURES_TXT_BEGIN_0 82 100 8 Distortion0_0 LM0_0 WordPenalty0_0 PhrasePenalty0_0 TranslationModel0_0 TranslationModel0_1 TranslationModel0_2 TranslationModel0_3 
-67 -123.915 -24 23 -44.6603 -65.7056 -12.9806 -52.1915 
-65 -121.062 -25 24 -44.3391 -67.1969 -13.2207 -54.2984 
-64 -123.996 -24 23 -44.6603 -65.7056 -12.9806 -52.1915 
-60 -123.996 -24 23 -44.6603 -65.7056 -12.9806 -52.1915 
-62 -121.144 -25 24 -44.3391 -67.1969 -13.2207 -54.2984 
-58 -123.996 -24 23 -44.6603 -65.7056 -12.9806 -52.1915 
-67 -118.561 -24 24 -49.0455 -69.1103 -15.0702 -54.8306 
-66 -124.501 -24 23 -44.6603 -65.7056 -12.9806 -52.1915 
-58 -121.144 -25 24 -44.3391 -67.1969 -13.2207 -54.2984 
-55 -123.996 -24 23 -44.6603 -65.7056 -12.9806 -52.1915 
-56 -121.144 -25 24 -44.3391 -67.1969 -13.2207 -54.2984 
-65 -115.708 -25 25 -48.7243 -70.6016 -15.3103 -56.9374 
-64 -118.643 -24 24 -49.0455 -69.1103 -15.0702 -54.8306 
-53 -123.996 -24 23 -44.6603 -65.7056 -12.9806 -52.1915 
-64 -121.648 -25 24 -44.3391 -67.1969 -13.2207 -54.2984 
-53 -121.144 -25 24 -44.3391 -67.1969 -13.2207 -54.2984 
-66 -122.18 -24 24 -45.4988 -65.7056 -14.377 -52.1916 
-69 -123.9 -25 24 -43.3298 -65.6736 -12.5276 -52.8633 
-60 -118.643 -24 24 -49.0455 -69.1103 -15.0702 -54.8306 
-62 -115.79 -25 25 -48.7243 -70.6016 -15.3103 -56.9374 
-51 -121.144 -25 24 -44.3391 -67.1969 -13.2207 -54.2984 
-63 -124.837 -24 23 -44.6603 -65.7056 -12.9806 -52.1915 
-58 -118.643 -24 24 -49.0455 -69.1103 -15.0702 -54.8306 
-69 -125.242 -24 23 -44.6603 -65.7056 -12.9806 -52.1915 
-57 -124.558 -24 23 -44.6603 -65.7056 -12.9806 -52.1915 
-66 -125.093 -24 23 -44.6603 -65.7056 -12.9806 -52.1915 
-66 -119.147 -24 24 -49.0455 -69.1103 -15.0702 -54.8306 
-55 -124.501 -24 23 -44.6603 -65.7056 -12.9806 -52.1915 
-69 -125.357 -24 23 -44.6603 -65.7056 -12.9806 -52.1915 
-64 -119.327 -25 25 -45.1776 -67.1969 -14.6171 -54.2984 
-67 -125.006 -24 23 -44.6603 -63.8229 -12.9806 -52.8847 
-58 -115.79 -25 25 -48.7243 -70.6016 -15.3103 -56.9374 
-66 -123.982 -25 24 -43.3298 -65.6736 -12.5276 -52.8633 
-67 -124.281 -24 23 -46.0466 -64.7102 -12.9806 -52.8847 
-55 -118.643 -24 24 -49.0455 -69.1103 -15.0702 -54.8306 
-61 -121.984 -25 24 -44.3391 -67.1969 -13.2207 -54.2983 
-60 -124.919 -24 23 -44.6603 -65.7056 -12.9806 -52.1915 
-57 -124.804 -24 23 -44.6603 -65.7056 -12.9806 -52.1915 
-56 -115.79 -25 25 -48.7243 -70.6016 -15.3103 -56.9374 
-55 -121.705 -25 24 -44.3391 -67.1969 -13.2207 -54.2984 
-66 -125.323 -24 23 -44.6603 -65.7056 -12.9806 -52.1915 
-64 -122.241 -25 24 -44.3391 -67.1969 -13.2207 -54.2984 
-53 -118.643 -24 24 -49.0455 -69.1103 -15.0702 -54.8306 
-64 -116.295 -25 25 -48.7243 -70.6016 -15.3103 -56.9374 
-53 -121.648 -25 24 -44.3391 -67.1969 -13.2207 -54.2984 
-56 -122.63 -25 24 -40.7297 -63.3813 -13.79 -54.8023 
-55 -124.804 -24 23 -44.6603 -65.7056 -12.9806 -52.1915 
-62 -123.982 -25 24 -43.3298 -65.6736 -12.5276 -52.8633 
-66 -125.439 -24 23 -44.6603 -65.7056 -12.9806 -52.1915 
-65 -122.154 -25 24 -44.3391 -65.3142 -13.2207 -54.9915 
-65 -121.428 -25 24 -45.7254 -66.2015 -13.2207 -54.9915 
-69 -125.659 -24 23 -44.6603 -65.7056 -12.9806 -52.1915 
-53 -115.79 -25 25 -48.7243 -70.6016 -15.3103 -56.9374 
-56 -124.919 -24 23 -44.6603 -65.7056 -12.9806 -52.1915 
-58 -122.066 -25 24 -44.3391 -67.1969 -13.2207 -54.2983 
-60 -123.982 -25 24 -43.3298 -65.6736 -12.5276 -52.8633 
-62 -125.323 -24 23 -44.6603 -65.7056 -12.9806 -52.1915 
-55 -121.951 -25 24 -44.3391 -67.1969 -13.2207 -54.2984 
-55 -122.18 -24 24 -45.4988 -65.7056 -14.377 -52.1916 
-69 -118.547 -25 25 -47.7151 -69.0783 -14.6171 -55.5023 
-69 -124.535 -25 24 -43.3298 -65.6736 -12.5276 -52.8633 
-68 -124.487 -25 24 -43.3298 -65.6736 -12.5276 -52.8633 
-51 -115.79 -25 25 -48.7243 -70.6016 -15.3103 -56.9374 
-54 -124.919 -24 23 -44.6603 -65.7056 -12.9806 -52.1915 
-63 -119.483 -24 24 -49.0455 -69.1103 -15.0702 -54.8306 
-62 -125.423 -24 23 -44.6603 -65.7056 -12.9806 -52.1915 
-60 -125.323 -24 23 -44.6603 -65.7056 -12.9806 -52.1915 
-62 -125.439 -24 23 -44.6603 -65.7056 -12.9806 -52.1915 
-53 -121.951 -25 24 -44.3391 -67.1969 -13.2207 -54.2984 
-69 -119.888 -24 24 -49.0455 -69.1103 -15.0702 -54.8306 
-57 -119.204 -24 24 -49.0455 -69.1103 -15.0702 -54.8306 
-66 -119.739 -24 24 -49.0455 -69.1103 -15.0702 -54.8306 
-68 -125.828 -24 23 -44.6603 -65.7056 -12.9806 -52.1915 
-64 -125.358 -24 23 -44.6603 -63.8229 -12.9806 -52.8847 
-57 -123.982 -25 24 -43.3298 -65.6736 -12.5276 -52.8633 
-55 -125.093 -24 23 -44.6603 -65.7056 -12.9806 -52.1915 
-67 -122.807 -25 24 -44.3391 -67.1969 -13.2207 -54.2983 
-54 -122.066 -25 24 -44.3391 -67.1969 -13.2207 -54.2983 
-66 -125.741 -24 23 -44.6603 -65.7056 -12.9806 -52.1915 
-55 -119.147 -24 24 -49.0455 -69.1103 -15.0702 -54.8306 
-75 -123.288 -25 24 -44.3391 -67.1969 -13.2207 -54.2984 
-51 -124.919 -24 23 -44.6603 -65.7056 -12.9806 -52.1915 
-60 -124.439 -24 23 -43.3809 -64.8885 -13.9312 -52.8733 
-60 -125.439 -24 23 -44.6603 -65.7056 -12.9806 -52.1915 
-69 -120.004 -24 24 -49.0455 -69.1103 -15.0702 -54.8306 
-67 -119.652 -24 24 -49.0455 -67.2276 -15.0702 -55.5238 
-69 -119.402 -25 24 -45.5146 -66.1459 -14.8301 -53.6823 
-53 -119.327 -25 25 -45.1776 -67.1969 -14.6171 -54.2984 
-66 -118.628 -25 25 -47.7151 -69.0783 -14.6171 -55.5023 
-66 -124.828 -24 23 -43.3809 -64.8885 -13.9312 -52.8733 
-68 -125.944 -24 23 -44.6603 -65.7056 -12.9806 -52.1915 
-55 -123.982 -25 24 -43.3298 -65.6736 -12.5276 -52.8633 
-57 -125.323 -24 23 -44.6603 -65.7056 -12.9806 -52.1915 
-66 -125.593 -24 23 -44.6603 -63.8229 -12.9806 -52.8847 
-66 -124.617 -25 24 -43.3298 -65.6736 -12.5276 -52.8633 
-56 -122.082 -25 24 -42.116 -62.3859 -13.79 -55.4955 
-59 -125.447 -24 23 -44.6603 -65.7056 -12.9806 -52.1915 
-67 -118.927 -24 24 -50.4318 -68.1149 -15.0702 -55.5238 
-52 -122.066 -25 24 -44.3391 -67.1969 -13.2207 -54.2983 
-61 -116.631 -25 25 -48.7243 -70.6016 -15.3103 -56.9374 
FEATURES_TXT_END_0
FEATURES_TXT_BEGIN_0 83 90 8 Distortion0_0 LM0_0 WordPenalty0_0 PhrasePenalty0_0 TranslationModel0_0 TranslationModel0_1 TranslationModel0_2 TranslationModel0_3 
-103 -202.477 -36 36 -61.6608 -79.8222 -22.5551 -68.3433 
-103 -202.669 -36 36 -61.6608 -79.8222 -22.5551 -68.3433 
-101 -202.563 -36 36 -61.6608 -79.8222 -22.5551 -68.3433 
-99 -202.477 -36 36 -61.6608 -79.8222 -22.5551 -68.3433 
-109 -203.125 -36 36 -61.6608 -79.8222 -22.5551 -68.3433 
-101 -202.669 -36 36 -61.6608 -79.8222 -22.5551 -68.3433 
-91 -207.351 -36 36 -57.1349 -76.7038 -21.4565 -68.676 
-103 -202.857 -36 36 -62.5518 -80.9162 -22.2674 -68.307 
-99 -202.563 -36 36 -61.6608 -79.8222 -22.5551 -68.3433 
-97 -202.477 -36 36 -61.6608 -79.8222 -22.5551 -68.3433 
-99 -202.669 -36 36 -61.6608 -79.8222 -22.5551 -68.3433 
-93 -203.106 -36 36 -61.6608 -79.8222 -22.5551 -68.3433 
-89 -206.474 -36 36 -57.1349 -76.7038 -21.4565 -68.676 
-103 -203.049 -36 36 -62.5518 -80.9162 -22.2674 -68.307 
-107 -203.212 -36 36 -61.6608 -79.8222 -22.5551 -68.3433 
-101 -202.944 -36 36 -62.5518 -80.9162 -22.2674 -68.307 
-115 -203.686 -36 36 -61.6608 -79.8222 -22.5551 -68.3433 
-105 -203.125 -36 36 -61.6608 -79.8222 -22.5551 -68.3433 
-97 -202.669 -36 36 -61.6608 -79.8222 -22.5551 -68.3433 
-99 -202.857 -36 36 -62.5518 -80.9162 -22.2674 -68.307 
-101 -203.049 -36 36 -62.5518 -80.9162 -22.2674 -68.307 
-105 -203.789 -36 36 -61.6608 -79.8222 -22.5551 -68.3433 
-105 -203.212 -36 36 -61.6608 -79.8222 -22.5551 -68.3433 
-99 -202.944 -36 36 -62.5518 -80.9162 -22.2674 -68.307 
-89 -206.667 -36 36 -57.1349 -76.7038 -21.4565 -68.676 
-113 -203.686 -36 36 -61.6608 -79.8222 -22.5551 -68.3433 
-107 -203.346 -36 36 -61.6608 -79.8222 -22.5551 -68.3433 
-87 -206.561 -36 36 -57.1349 -76.7038 -21.4565 -68.676 
-103 -203.125 -36 36 -61.6608 -79.8222 -22.5551 -68.3433 
-97 -202.857 -36 36 -62.5518 -80.9162 -22.2674 -68.307 
-111 -203.596 -36 36 -61.6608 -79.8222 -22.5551 -68.3433 
-85 -206.474 -36 36 -57.1349 -76.7038 -21.4565 -68.676 
-99 -203.049 -36 36 -62.5518 -80.9162 -22.2674 -68.307 
-103 -203.667 -36 36 -61.6608 -79.8222 -22.5551 -68.3433 
-87 -206.667 -36 36 -57.1349 -76.7038 -21.4565 -68.676 
-103 -203.726 -36 36 -62.5518 -80.9162 -22.2674 -68.307 
-111 -203.686 -36 36 -61.6608 -79.8222 -22.5551 -68.3433 
-89 -206.855 -36 36 -58.0259 -77.7978 -21.1688 -68.6397 
-85 -206.561 -36 36 -57.1349 -76.7038 -21.4565 -68.676 
-83 -206.474 -36 36 -57.1349 -76.7038 -21.4565 -68.676 
-109 -203.653 -36 36 -61.6608 -79.8222 -22.5551 -68.3433 
-107 -203.538 -36 36 -61.6608 -79.8222 -22.5551 -68.3433 
-105 -203.433 -36 36 -61.6608 -79.8222 -22.5551 -68.3433 
-97 -203.049 -36 36 -62.5518 -80.9162 -22.2674 -68.307 
-111 -203.788 -36 36 -61.6608 -79.8222 -22.5551 -68.3433 
-99 -203.106 -36 36 -61.6608 -79.8222 -22.5551 -68.3433 
-85 -206.667 -36 36 -57.1349 -76.7038 -21.4565 -68.676 
-101 -203.538 -36 36 -61.6608 -79.8222 -22.5551 -68.3433 
-109 -203.683 -36 36 -61.6608 -79.8222 -22.5551 -68.3433 
-103 -203.346 -36 36 -61.6608 -79.8222 -22.5551 -68.3433 
-95 -207.264 -36 36 -57.1349 -76.7038 -21.4565 -68.676 
-107 -203.596 -36 36 -61.6608 -79.8222 -22.5551 -68.3433 
-89 -207.047 -36 36 -58.0259 -77.7978 -21.1688 -68.6397 
-113 -203.994 -36 36 -61.6608 -79.8222 -22.5551 -68.3433 
-107 -203.653 -36 36 -61.6608 -79.8222 -22.5551 -68.3433 
-105 -203.538 -36 36 -61.6608 -79.8222 -22.5551 -68.3433 
-109 -203.994 -36 36 -61.6608 -79.8222 -22.5551 -68.3433 
-107 -203.726 -36 36 -62.5518 -80.9162 -22.2674 -68.307 
-87 -206.942 -36 36 -58.0259 -77.7978 -21.1688 -68.6397 
-103 -203.433 -36 36 -61.6608 -79.8222 -22.5551 -68.3433 
-109 -203.789 -36 36 -61.6608 -79.8222 -22.5551 -68.3433 
-109 -203.788 -36 36 -61.6608 -79.8222 -22.5551 -68.3433 
-83 -206.667 -36 36 -57.1349 -76.7038 -21.4565 -68.676 
-107 -203.683 -36 36 -61.6608 -79.8222 -22.5551 -68.3433 
-85 -206.855 -36 36 -58.0259 -77.7978 -21.1688 -68.6397 
-101 -203.346 -36 36 -61.6608 -79.8222 -22.5551 -68.3433 
-105 -203.596 -36 36 -61.6608 -79.8222 -22.5551 -68.3433 
-87 -207.047 -36 36 -58.0259 -77.7978 -21.1688 -68.6397 
-95 -203.193 -36 36 -61.6608 -79.8222 -22.5551 -68.3433 
-97 -203.193 -36 36 -61.6608 -79.8222 -22.5551 -68.3433 
-105 -203.653 -36 36 -61.6608 -79.8222 -22.5551 -68.3433 
-103 -203.538 -36 36 -61.6608 -79.8222 -22.5551 -68.3433 
-85 -207.047 -36 36 -58.0259 -77.7978 -21.1688 -68.6397 
-85 -206.942 -36 36 -58.0259 -77.7978 -21.1688 -68.6397 
-105 -203.667 -36 36 -61.6608 -79.8222 -22.5551 -68.3433 
-103 -201.659 -36 36 -61.7876 -81.8938 -23.6537 -70.2868 
-107 -203.788 -36 36 -61.6608 -79.8222 -22.5551 -68.3433 
-107 -203.789 -36 36 -61.6608 -79.8222 -22.5551 -68.3433 
-95 -203.106 -36 36 -61.6608 -79.8222 -22.5551 -68.3433 
-93 -207.351 -36 36 -57.1349 -76.7038 -21.4565 -68.676 
-83 -206.855 -36 36 -58.0259 -77.7978 -21.1688 -68.6397 
-97 -207.594 -36 36 -57.1349 -76.7038 -21.4565 -68.676 
-101 -207.825 -36 36 -57.1349 -76.7038 -21.4565 -68.676 
-91 -207.264 -36 36 -57.1349 -76.7038 -21.4565 -68.676 
-109 -203.958 -36 36 -61.6608 -79.8222 -22.5551 -68.3433 
-107 -203.919 -36 36 -62.5518 -80.9162 -22.2674 -68.307 
-111 -204.081 -36 36 -61.6608 -79.8222 -22.5551 -68.3433 
-105 -203.813 -36 36 -62.5518 -80.9162 -22.2674 -68.307 
-119 -204.555 -36 36 -61.6608 -79.8222 -22.5551 -68.3433 
-99 -203.487 -36 36 -62.5518 -80.9162 -22.2674 -68.307 
FEATURES_TXT_END_0
FEATURES_TXT_BEGIN_0 84 56 8 Distortion0_0 LM0_0 WordPenalty0_0 PhrasePenalty0_0 TranslationModel0_0 TranslationModel0_1 TranslationModel0_2 TranslationModel0_3 
-185 -368.124 -60 58 -111.97 -143.531 -23.7568 -126.694 
-171 -367.412 -60 58 -111.97 -143.531 -23.7568 -126.694 
-181 -369.32 -61 58 -109.291 -143.499 -22.6149 -127.366 
-183 -368.124 -60 58 -111.97 -143.531 -23.7568 -126.694 
-169 -367.412 -60 58 -111.97 -143.531 -23.7568 -126.694 
-185 -367.927 -60 58 -110.69 -142.714 -24.7074 -127.376 
-181 -368.124 -60 58 -111.97 -143.531 -23.7568 -126.694 
-173 -367.692 -60 58 -111.97 -143.531 -23.7568 -126.694 
-185 -371.583 -60 58 -108.332 -140.632 -23.0637 -126.694 
-167 -367.412 -60 58 -111.97 -143.531 -23.7568 -126.694 
-171 -368.124 -60 58 -111.97 -143.531 -23.7568 -126.694 
-179 -368.124 -60 58 -111.97 -143.531 -23.7568 -126.694 
-171 -367.692 -60 58 -111.97 -143.531 -23.7568 -126.694 
-179 -371.724 -60 58 -108.332 -140.632 -23.0637 -126.694 
-169 -371.151 -60 58 -108.332 -140.632 -23.0637 -126.694 
-187 -372.779 -61 58 -105.654 -140.6 -21.9218 -127.366 
-171 -370.871 -60 58 -108.332 -140.632 -23.0637 -126.694 
-159 -367.412 -60 58 -111.97 -143.531 -23.7568 -126.694 
-179 -368.191 -60 58 -111.97 -143.531 -23.7568 -126.694 
-183 -371.583 -60 58 -108.332 -140.632 -23.0637 -126.694 
-165 -367.412 -60 58 -111.97 -143.531 -23.7568 -126.694 
-179 -368.551 -60 58 -111.97 -143.531 -23.7568 -126.694 
-187 -369.32 -61 58 -109.291 -143.499 -22.6149 -127.366 
-169 -367.692 -60 58 -111.97 -143.531 -23.7568 -126.694 
-181 -368.665 -60 58 -111.97 -143.531 -23.7568 -126.694 
-179 -368.546 -60 58 -111.97 -143.531 -23.7568 -126.694 
-173 -368.191 -60 58 -111.97 -143.531 -23.7568 -126.694 
-179 -368.265 -60 58 -111.97 -143.531 -23.7568 -126.694 
-179 -368.266 -60 58 -111.97 -143.531 -23.7568 -126.694 
-169 -370.871 -60 58 -108.332 -140.632 -23.0637 -126.694 
-183 -365.826 -60 59 -113.926 -141.616 -24.7196 -127.07 
-177 -368.191 -60 58 -111.97 -143.531 -23.7568 -126.694 
-165 -370.871 -60 58 -108.332 -140.632 -23.0637 -126.694 
-181 -371.583 -60 58 -108.332 -140.632 -23.0637 -126.694 
-173 -371.151 -60 58 -108.332 -140.632 -23.0637 -126.694 
-175 -368.124 -60 58 -111.97 -143.531 -23.7568 -126.694 
-185 -369.32 -61 58 -109.291 -143.499 -22.6149 -127.366 
-167 -367.692 -60 58 -111.97 -143.531 -23.7568 -126.694 
-179 -371.65 -60 58 -108.332 -140.632 -23.0637 -126.694 
-175 -368.275 -60 58 -111.97 -143.531 -23.7568 -126.694 
-171 -365.114 -60 59 -113.926 -141.616 -24.7196 -127.07 
-175 -368.266 -60 58 -111.97 -143.531 -23.7568 -126.694 
-177 -368.265 -60 58 -111.97 -143.531 -23.7568 -126.694 
-177 -368.266 -60 58 -111.97 -143.531 -23.7568 -126.694 
-167 -370.871 -60 58 -108.332 -140.632 -23.0637 -126.694 
-175 -368.265 -60 58 -111.97 -143.531 -23.7568 -126.694 
-185 -365.826 -60 59 -113.926 -141.616 -24.7196 -127.07 
-175 -368.191 -60 58 -111.97 -143.531 -23.7568 -126.694 
-165 -367.692 -60 58 -111.97 -143.531 -23.7568 -126.694 
-181 -368.546 -60 58 -111.97 -143.531 -23.7568 -126.694 
-181 -368.551 -60 58 -111.97 -143.531 -23.7568 -126.694 
-179 -371.583 -60 58 -108.332 -140.632 -23.0637 -126.694 
-161 -367.412 -60 58 -111.97 -143.531 -23.7568 -126.694 
-183 -369.32 -61 58 -109.291 -143.499 -22.6149 -127.366 
-171 -371.151 -60 58 -108.332 -140.632 -23.0637 -126.694 
-173 -368.124 -60 58 -111.97 -143.531 -23.7568 -126.694 
FEATURES_TXT_END_0
FEATURES_TXT_BEGIN_0 85 93 8 Distortion0_0 LM0_0 WordPenalty0_0 PhrasePenalty0_0 TranslationModel0_0 TranslationModel0_1 TranslationModel0_2 TranslationModel0_3 
-92 -171.293 -29 27 -47.235 -59.3535 -14.3249 -47.8348 
-96 -168.31 -29 27 -46.9837 -60.8289 -16.2708 -51.4457 
-90 -171.293 -29 27 -47.235 -59.3535 -14.3249 -47.8348 
-94 -168.31 -29 27 -46.9837 -60.8289 -16.2708 -51.4457 
-92 -169.139 -29 27 -47.6768 -60.6618 -15.5777 -49.4998 
-98 -171.949 -29 27 -47.235 -59.3535 -14.3249 -47.8348 
-90 -169.139 -29 27 -47.6768 -60.6618 -15.5777 -49.4998 
-96 -171.949 -29 27 -47.235 -59.3535 -14.3249 -47.8348 
-84 -171.293 -29 27 -47.235 -59.3535 -14.3249 -47.8348 
-94 -171.949 -29 27 -47.235 -59.3535 -14.3249 -47.8348 
-92 -169.411 -29 28 -50.2574 -60.1705 -14.8296 -47.1531 
-88 -168.31 -29 27 -46.9837 -60.8289 -16.2708 -51.4457 
-96 -166.299 -29 27 -49.9068 -65.5979 -16.964 -50.9816 
-82 -171.293 -29 27 -47.235 -59.3535 -14.3249 -47.8348 
-88 -168.338 -28 27 -49.3733 -60.8609 -17.1871 -50.774 
-96 -166.428 -29 28 -50.0061 -61.6459 -16.7755 -50.764 
-90 -169.411 -29 28 -50.2574 -60.1705 -14.8296 -47.1531 
-86 -168.31 -29 27 -46.9837 -60.8289 -16.2708 -51.4457 
-94 -166.299 -29 27 -49.9068 -65.5979 -16.964 -50.9816 
-96 -168.932 -29 27 -46.9837 -60.8289 -16.2708 -51.4457 
-84 -169.139 -29 27 -47.6768 -60.6618 -15.5777 -49.4998 
-86 -168.338 -28 27 -49.3733 -60.8609 -17.1871 -50.774 
-90 -169.204 -29 27 -47.1844 -59.7624 -16.1838 -50.0704 
-94 -166.428 -29 28 -50.0061 -61.6459 -16.7755 -50.764 
-90 -171.949 -29 27 -47.235 -59.3535 -14.3249 -47.8348 
-92 -167.257 -29 28 -50.6992 -61.4789 -16.0823 -48.8181 
-94 -168.932 -29 27 -46.9837 -60.8289 -16.2708 -51.4457 
-96 -166.572 -29 27 -49.9068 -65.5979 -16.964 -50.9816 
-82 -169.139 -29 27 -47.6768 -60.6618 -15.5777 -49.4998 
-98 -170.067 -29 28 -50.2574 -60.1705 -14.8296 -47.1531 
-84 -168.338 -28 27 -49.3733 -60.8609 -17.1871 -50.774 
-84 -168.804 -28 27 -49.3733 -60.8609 -17.1871 -50.774 
-98 -173.513 -29 27 -46.783 -58.5678 -13.8729 -47.6171 
-88 -166.107 -28 27 -52.2964 -65.6299 -17.8803 -50.3099 
-88 -171.949 -29 27 -47.235 -59.3535 -14.3249 -47.8348 
-92 -172.134 -28 27 -49.6246 -59.3855 -15.2412 -47.1631 
-90 -167.257 -29 28 -50.6992 -61.4789 -16.0823 -48.8181 
-94 -169.039 -29 27 -46.9837 -60.8288 -16.2708 -51.4457 
-92 -171.357 -29 27 -46.7425 -58.4541 -14.931 -48.4054 
-94 -166.572 -29 27 -49.9068 -65.5979 -16.964 -50.9816 
-96 -172.79 -28 27 -49.6246 -59.3855 -15.2412 -47.1631 
-96 -170.067 -29 28 -50.2574 -60.1705 -14.8296 -47.1531 
-82 -168.338 -28 27 -49.3733 -60.8609 -17.1871 -50.774 
-96 -169.151 -28 27 -49.3733 -60.8609 -17.1871 -50.774 
-96 -173.513 -29 27 -46.783 -58.5678 -13.8729 -47.6171 
-86 -166.107 -28 27 -52.2964 -65.6299 -17.8803 -50.3099 
-100 -174.064 -29 27 -46.783 -58.5678 -13.8729 -47.6171 
-86 -171.949 -29 27 -47.235 -59.3535 -14.3249 -47.8348 
-84 -169.411 -29 28 -50.2574 -60.1705 -14.8296 -47.1531 
-90 -172.134 -28 27 -49.6246 -59.3855 -15.2412 -47.1631 
-92 -169.825 -29 27 -50.1582 -64.1225 -15.0181 -47.3707 
-88 -166.299 -29 27 -49.9068 -65.5979 -16.964 -50.9816 
-98 -170.255 -29 27 -47.6768 -60.6618 -15.5777 -49.4998 
-84 -168.52 -28 27 -49.3733 -60.8609 -17.1871 -50.774 
-96 -168.374 -29 27 -46.4912 -59.9295 -16.877 -52.0163 
-92 -169.039 -29 27 -46.9837 -60.8288 -16.2708 -51.4457 
-90 -171.357 -29 27 -46.7425 -58.4541 -14.931 -48.4054 
-92 -166.572 -29 27 -49.9068 -65.5979 -16.964 -50.9816 
-90 -170.067 -29 28 -50.2574 -60.1705 -14.8296 -47.1531 
-94 -170.067 -29 28 -50.2574 -60.1705 -14.8296 -47.1531 
-88 -166.428 -29 28 -50.0061 -61.6459 -16.7755 -50.764 
-94 -169.151 -28 27 -49.3733 -60.8609 -17.1871 -50.774 
-84 -166.107 -28 27 -52.2964 -65.6299 -17.8803 -50.3099 
-86 -166.456 -28 28 -52.3957 -61.6779 -17.6918 -50.0922 
-96 -164.417 -29 28 -52.9292 -66.415 -17.4686 -50.2998 
-82 -169.411 -29 28 -50.2574 -60.1705 -14.8296 -47.1531 
-90 -169.825 -29 27 -50.1582 -64.1225 -15.0181 -47.3707 
-86 -166.299 -29 27 -49.9068 -65.5979 -16.964 -50.9816 
-96 -170.255 -29 27 -47.6768 -60.6618 -15.5777 -49.4998 
-82 -168.52 -28 27 -49.3733 -60.8609 -17.1871 -50.774 
-92 -169.98 -28 27 -50.0664 -60.6938 -16.494 -48.8281 
-94 -168.374 -29 27 -46.4912 -59.9295 -16.877 -52.0163 
-92 -171.735 -29 27 -48.3877 -59.6458 -14.3249 -48.5013 
-88 -168.932 -29 27 -46.9837 -60.8289 -16.2708 -51.4457 
-88 -166.456 -28 28 -52.3957 -61.6779 -17.6918 -50.0922 
-90 -166.572 -29 27 -49.9068 -65.5979 -16.964 -50.9816 
-102 -174.064 -29 27 -46.783 -58.5678 -13.8729 -47.6171 
-98 -172.79 -28 27 -49.6246 -59.3855 -15.2412 -47.1631 
-86 -166.428 -29 28 -50.0061 -61.6459 -16.7755 -50.764 
-92 -169.204 -29 27 -47.1844 -59.7624 -16.1838 -50.0704 
-82 -166.107 -28 27 -52.2964 -65.6299 -17.8803 -50.3099 
-94 -164.417 -29 28 -52.9292 -66.415 -17.4686 -50.2998 
-84 -172.032 -28 27 -49.6246 -59.3855 -15.2412 -47.1631 
-98 -172.014 -29 27 -46.7425 -58.4541 -14.931 -48.4054 
-96 -167.05 -29 28 -50.0061 -61.6459 -16.7755 -50.764 
-84 -167.257 -29 28 -50.6992 -61.4789 -16.0823 -48.8181 
-94 -170.255 -29 27 -47.6768 -60.6618 -15.5777 -49.4998 
-80 -168.52 -28 27 -49.3733 -60.8609 -17.1871 -50.774 
-90 -169.98 -28 27 -50.0664 -60.6938 -16.494 -48.8281 
-92 -167.672 -29 27 -50.6 -65.4308 -16.2708 -49.0357 
-90 -171.735 -29 27 -48.3877 -59.6458 -14.3249 -48.5013 
-84 -166.288 -28 27 -52.2964 -65.6299 -17.8803 -50.3099 
-86 -168.932 -29 27 -46.9837 -60.8289 -16.2708 -51.4457 
FEATURES_TXT_END_0
FEATURES_TXT_BEGIN_0 86 95 8 Distortion0_0 LM0_0 WordPenalty0_0 PhrasePenalty0_0 TranslationModel0_0 TranslationModel0_1 TranslationModel0_2 TranslationModel0_3 
-96 -196.785 -35 34 -72.3077 -77.6883 -23.0888 -72.4267 
-94 -196.785 -35 34 -72.3077 -77.6883 -23.0888 -72.4267 
-102 -197.542 -35 34 -72.3077 -77.6883 -23.0888 -72.4267 
-100 -197.542 -35 34 -72.3077 -77.6883 -23.0888 -72.4267 
-78 -199.233 -35 33 -68.8932 -78.8433 -22.5043 -74.6357 
-98 -197.465 -35 34 -72.3077 -77.6883 -23.0888 -72.4267 
-96 -198.411 -35 34 -70.3824 -76.1206 -23.0888 -72.7252 
-104 -197.878 -35 34 -72.3077 -77.6883 -23.0888 -72.4267 
-84 -199.672 -35 33 -68.8932 -78.8433 -22.5043 -74.6357 
-94 -198.743 -35 34 -71.209 -76.9974 -23.0888 -73.1595 
-76 -199.233 -35 33 -68.8932 -78.8433 -22.5043 -74.6357 
-104 -200.665 -36 34 -65.5306 -78.8113 -22.166 -75.3074 
-96 -197.465 -35 34 -72.3077 -77.6883 -23.0888 -72.4267 
-94 -198.411 -35 34 -70.3824 -76.1206 -23.0888 -72.7252 
-114 -198.555 -35 34 -72.3077 -77.6883 -23.0888 -72.4267 
-102 -197.878 -35 34 -72.3077 -77.6883 -23.0888 -72.4267 
-96 -197.118 -35 34 -73.1343 -78.565 -23.0888 -72.861 
-102 -200.665 -36 34 -65.5306 -78.8113 -22.166 -75.3074 
-112 -197.265 -35 34 -72.3574 -77.4431 -23.782 -72.2036 
-112 -198.555 -35 34 -72.3077 -77.6883 -23.0888 -72.4267 
-94 -197.118 -35 34 -73.1343 -78.565 -23.0888 -72.861 
-112 -197.813 -35 34 -71.5307 -76.5664 -23.782 -71.7693 
-110 -197.265 -35 34 -72.3574 -77.4431 -23.782 -72.2036 
-94 -197.62 -35 34 -72.3077 -77.6883 -23.0888 -72.4267 
-110 -198.578 -35 34 -72.3077 -77.6883 -23.0888 -72.4267 
-110 -197.813 -35 34 -71.5307 -76.5664 -23.782 -71.7693 
-102 -199.167 -35 34 -70.3824 -76.1206 -23.0888 -72.7252 
-110 -197.248 -36 35 -71.5187 -78.533 -22.5785 -73.5327 
-92 -197.62 -35 34 -72.3077 -77.6883 -23.0888 -72.4267 
-102 -198.209 -35 34 -72.3077 -77.6883 -23.0888 -72.4267 
-102 -200.959 -36 34 -65.5306 -78.8113 -22.166 -75.3074 
-108 -198.578 -35 34 -72.3077 -77.6883 -23.0888 -72.4267 
-108 -197.338 -35 34 -72.3574 -77.4431 -23.782 -72.2036 
-100 -199.167 -35 34 -70.3824 -76.1206 -23.0888 -72.7252 
-108 -197.248 -36 35 -71.5187 -78.533 -22.5785 -73.5327 
-98 -197.63 -35 34 -73.1343 -78.565 -23.0888 -72.861 
-78 -200.859 -35 33 -66.9679 -77.2756 -22.5043 -74.9342 
-98 -199.09 -35 34 -70.3824 -76.1206 -23.0888 -72.7252 
-100 -198.209 -35 34 -72.3077 -77.6883 -23.0888 -72.4267 
-100 -200.959 -36 34 -65.5306 -78.8113 -22.166 -75.3074 
-108 -197.886 -35 34 -71.5307 -76.5664 -23.782 -71.7693 
-96 -198.015 -35 34 -72.3077 -77.6883 -23.0888 -72.4267 
-106 -197.338 -35 34 -72.3574 -77.4431 -23.782 -72.2036 
-104 -197.683 -35 34 -71.5307 -76.5664 -23.782 -71.7693 
-104 -199.504 -35 34 -70.3824 -76.1206 -23.0888 -72.7252 
-110 -198.451 -36 34 -70.7447 -78.533 -22.1726 -73.5327 
-84 -201.297 -35 33 -66.9679 -77.2756 -22.5043 -74.9342 
-96 -198.299 -35 34 -72.3077 -77.6883 -23.0888 -72.4267 
-78 -199.952 -35 33 -68.8932 -78.8433 -22.5043 -74.6357 
-96 -197.63 -35 34 -73.1343 -78.565 -23.0888 -72.861 
-90 -200.652 -35 33 -68.8932 -78.8433 -22.5043 -74.6357 
-76 -200.859 -35 33 -66.9679 -77.2756 -22.5043 -74.9342 
-104 -202.291 -36 34 -63.6053 -77.2436 -22.166 -75.6059 
-100 -201.06 -36 34 -65.5306 -78.8113 -22.166 -75.3074 
-96 -199.09 -35 34 -70.3824 -76.1206 -23.0888 -72.7252 
-110 -198.112 -35 34 -71.5307 -76.5664 -23.782 -71.7693 
-80 -200.3 -35 33 -68.8932 -78.8433 -22.5043 -74.6357 
-106 -197.886 -35 34 -71.5307 -76.5664 -23.782 -71.7693 
-128 -199.147 -35 34 -71.5307 -76.5664 -23.782 -71.7693 
-96 -195.127 -35 34 -74.1671 -78.2648 -24.1875 -72.4267 
-94 -198.015 -35 34 -72.3077 -77.6883 -23.0888 -72.4267 
-102 -197.683 -35 34 -71.5307 -76.5664 -23.782 -71.7693 
-100 -198.376 -35 34 -72.3077 -77.6883 -23.0888 -72.4267 
-114 -200.18 -35 34 -70.3824 -76.1206 -23.0888 -72.7252 
-106 -201.473 -36 34 -65.5306 -78.8113 -22.166 -75.3075 
-112 -199.068 -35 34 -72.3077 -77.6883 -23.0888 -72.4267 
-102 -199.504 -35 34 -70.3824 -76.1206 -23.0888 -72.7252 
-108 -198.451 -36 34 -70.7447 -78.533 -22.1726 -73.5327 
-108 -199.875 -35 34 -72.4832 -76.828 -22.3957 -72.1412 
-104 -198.63 -35 34 -72.3077 -77.6883 -23.0888 -72.4267 
-122 -198.856 -35 34 -71.5307 -76.5664 -23.782 -71.7693 
-76 -199.952 -35 33 -68.8932 -78.8433 -22.5043 -74.6357 
-96 -200.932 -36 34 -65.5306 -78.8113 -22.166 -75.3075 
-96 -198.743 -35 34 -71.209 -76.9974 -23.0888 -73.1595 
-88 -200.652 -35 33 -68.8932 -78.8433 -22.5043 -74.6357 
-102 -202.291 -36 34 -63.6053 -77.2436 -22.166 -75.6059 
-98 -201.06 -36 34 -65.5306 -78.8113 -22.166 -75.3074 
-98 -197.874 -35 34 -73.1343 -78.565 -23.0888 -72.861 
-106 -198.393 -36 34 -70.7447 -78.533 -22.1726 -73.5327 
-108 -198.112 -35 34 -71.5307 -76.5664 -23.782 -71.7693 
-76 -200.068 -35 33 -68.8932 -78.8433 -22.5043 -74.6357 
-112 -197.895 -35 34 -72.3574 -77.4431 -23.782 -72.2036 
-126 -199.147 -35 34 -71.5307 -76.5664 -23.782 -71.7693 
-94 -195.127 -35 34 -74.1671 -78.2648 -24.1875 -72.4267 
-96 -201.002 -36 34 -65.5306 -78.8113 -22.166 -75.3074 
-112 -198.364 -35 34 -71.5307 -76.5664 -23.782 -71.7693 
-100 -197.682 -35 34 -71.5307 -76.5664 -23.782 -71.7693 
-94 -200.26 -35 33 -68.1162 -77.7214 -23.1975 -73.9783 
-98 -198.376 -35 34 -72.3077 -77.6883 -23.0888 -72.4267 
-112 -200.18 -35 34 -70.3824 -76.1206 -23.0888 -72.7252 
-104 -201.473 -36 34 -65.5306 -78.8113 -22.166 -75.3075 
-110 -199.068 -35 34 -72.3077 -77.6883 -23.0888 -72.4267 
-106 -199.875 -35 34 -72.4832 -76.828 -22.3957 -72.1412 
-102 -198.63 -35 34 -72.3077 -77.6883 -23.0888 -72.4267 
-120 -198.856 -35 34 -71.5307 -76.5664 -23.782 -71.7693 
FEATURES_TXT_END_0
FEATURES_TXT_BEGIN_0 87 67 8 Distortion0_0 LM0_0 WordPenalty0_0 PhrasePenalty0_0 TranslationModel0_0 TranslationModel0_1 TranslationModel0_2 TranslationModel0_3 
-83 -187.857 -29 27 -42.3826 -55.5222 -12.4139 -52.0888 
-89 -187.286 -30 28 -39.9724 -55.4213 -12.6363 -53.5327 
-81 -187.744 -29 27 -42.3826 -55.5222 -12.4139 -52.0888 
-83 -188.731 -29 27 -42.3826 -55.5222 -12.4139 -52.0888 
-73 -187.373 -29 27 -42.3826 -55.5222 -12.4139 -52.0888 
-77 -188.702 -29 27 -44.894 -59.1295 -11.4695 -54.4959 
-71 -187.259 -29 27 -42.3826 -55.5222 -12.4139 -52.0888 
-73 -188.154 -29 27 -42.3826 -55.5222 -12.4139 -52.0888 
-87 -188.267 -29 27 -42.3826 -55.5222 -12.4139 -52.0888 
-85 -188.154 -29 27 -42.3826 -55.5222 -12.4139 -52.0888 
-77 -187.782 -29 27 -42.3826 -55.5222 -12.4139 -52.0888 
-75 -187.669 -29 27 -42.3826 -55.5222 -12.4139 -52.0888 
-87 -186.254 -30 28 -40.5999 -55.509 -12.6363 -52.7117 
-75 -188.267 -29 27 -42.3826 -55.5222 -12.4139 -52.0888 
-85 -186.141 -30 28 -40.5999 -55.509 -12.6363 -52.7117 
-79 -188.814 -29 27 -41.755 -55.4344 -12.4139 -52.9098 
-85 -188.267 -29 27 -42.3826 -55.5222 -12.4139 -52.0888 
-83 -188.154 -29 27 -42.3826 -55.5222 -12.4139 -52.0888 
-83 -188.191 -29 27 -42.3826 -55.5222 -12.4139 -52.0888 
-81 -188.077 -29 27 -42.3826 -55.5222 -12.4139 -52.0888 
-77 -185.77 -30 28 -40.5999 -55.509 -12.6363 -52.7117 
-75 -188.247 -29 27 -42.3826 -55.5222 -12.4139 -52.0888 
-75 -185.656 -30 28 -40.5999 -55.509 -12.6363 -52.7117 
-71 -187.998 -29 27 -42.3826 -55.5222 -12.4139 -52.0888 
-75 -187.782 -29 27 -42.3826 -55.5222 -12.4139 -52.0888 
-73 -187.669 -29 27 -42.3826 -55.5222 -12.4139 -52.0888 
-73 -187.706 -29 27 -42.3826 -55.5222 -12.4139 -52.0888 
-71 -187.593 -29 27 -42.3826 -55.5222 -12.4139 -52.0888 
-85 -188.398 -29 27 -42.3826 -55.5222 -12.4139 -52.0888 
-73 -188.111 -29 27 -42.3826 -55.5222 -12.4139 -52.0888 
-81 -188.191 -29 27 -42.3826 -55.5222 -12.4139 -52.0888 
-77 -188.323 -29 27 -42.3826 -55.5222 -12.4139 -52.0888 
-79 -188.077 -29 27 -42.3826 -55.5222 -12.4139 -52.0888 
-79 -186.31 -30 28 -40.5999 -55.509 -12.6363 -52.7117 
-75 -187.914 -29 27 -42.3826 -55.5222 -12.4139 -52.0888 
-75 -188.197 -29 27 -42.3826 -55.5222 -12.4139 -52.0888 
-71 -187.706 -29 27 -42.3826 -55.5222 -12.4139 -52.0888 
-89 -189.299 -29 27 -41.755 -55.4344 -12.4139 -52.9098 
-69 -187.593 -29 27 -42.3826 -55.5222 -12.4139 -52.0888 
-85 -188.731 -29 27 -42.3826 -55.5222 -12.4139 -52.0888 
-79 -188.191 -29 27 -42.3826 -55.5222 -12.4139 -52.0888 
-77 -188.077 -29 27 -42.3826 -55.5222 -12.4139 -52.0888 
-85 -188.889 -29 27 -41.755 -55.4344 -12.4139 -52.9098 
-81 -188.492 -29 27 -42.3826 -55.5222 -12.4139 -52.0888 
-89 -188.808 -29 27 -42.3826 -55.5222 -12.4139 -52.0888 
-85 -188.596 -29 27 -42.3826 -55.5222 -12.4139 -52.0888 
-83 -188.483 -29 27 -42.3826 -55.5222 -12.4139 -52.0888 
-79 -188.267 -29 27 -42.3826 -55.5222 -12.4139 -52.0888 
-77 -188.154 -29 27 -42.3826 -55.5222 -12.4139 -52.0888 
-69 -187.706 -29 27 -42.3826 -55.5222 -12.4139 -52.0888 
-67 -187.593 -29 27 -42.3826 -55.5222 -12.4139 -52.0888 
-93 -189.09 -29 27 -42.3826 -55.5222 -12.4139 -52.0888 
-91 -188.977 -29 27 -42.3826 -55.5222 -12.4139 -52.0888 
-75 -188.405 -29 27 -41.755 -55.4344 -12.4139 -52.9098 
-83 -188.605 -29 27 -42.3826 -55.5222 -12.4139 -52.0888 
-79 -188.323 -29 27 -42.3826 -55.5222 -12.4139 -52.0888 
-77 -188.224 -29 27 -42.3826 -55.5222 -12.4139 -52.0888 
-81 -188.483 -29 27 -42.3826 -55.5222 -12.4139 -52.0888 
-83 -188.596 -29 27 -42.3826 -55.5222 -12.4139 -52.0888 
-67 -187.669 -29 27 -42.3826 -55.5222 -12.4139 -52.0888 
-75 -188.11 -29 27 -42.3826 -55.5222 -12.4139 -52.0888 
-69 -187.782 -29 27 -42.3826 -55.5222 -12.4139 -52.0888 
-87 -188.808 -29 27 -42.3826 -55.5222 -12.4139 -52.0888 
-73 -187.998 -29 27 -42.3826 -55.5222 -12.4139 -52.0888 
-85 -188.681 -29 27 -42.3826 -55.5222 -12.4139 -52.0888 
-75 -188.111 -29 27 -42.3826 -55.5222 -12.4139 -52.0888 
-89 -186.795 -30 28 -40.5999 -55.509 -12.6363 -52.7117 
FEATURES_TXT_END_0
FEATURES_TXT_BEGIN_0 88 98 8 Distortion0_0 LM0_0 WordPenalty0_0 PhrasePenalty0_0 TranslationModel0_0 TranslationModel0_1 TranslationModel0_2 TranslationModel0_3 
-118 -246.099 -44 42 -73.8493 -102.549 -22.9222 -81.7234 
-116 -246.099 -44 42 -73.8493 -102.549 -22.9222 -81.7234 
-114 -246.099 -44 42 -73.8493 -102.549 -22.9222 -81.7234 
-112 -246.099 -44 42 -73.8493 -102.549 -22.9222 -81.7234 
-122 -247.112 -44 42 -73.8493 -102.549 -22.9222 -81.7234 
-118 -243.767 -44 42 -77.3961 -105.954 -23.6154 -84.3625 
-118 -245.953 -44 42 -76.9702 -103.439 -22.5168 -80.249 
-120 -247.112 -44 42 -73.8493 -102.549 -22.9222 -81.7234 
-116 -243.767 -44 42 -77.3961 -105.954 -23.6154 -84.3625 
-116 -245.953 -44 42 -76.9702 -103.439 -22.5168 -80.249 
-118 -247.112 -44 42 -73.8493 -102.549 -22.9222 -81.7234 
-118 -247.592 -44 42 -74.2965 -103.426 -22.5427 -82.1577 
-118 -247.198 -44 42 -73.8493 -102.549 -22.9222 -81.7234 
-114 -243.768 -44 42 -77.3961 -105.954 -23.6154 -84.3625 
-114 -245.953 -44 42 -76.9702 -103.439 -22.5168 -80.249 
-116 -246.08 -44 42 -76.9702 -103.439 -22.5168 -80.249 
-116 -247.112 -44 42 -73.8493 -102.549 -22.9222 -81.7234 
-116 -247.592 -44 42 -74.2965 -103.426 -22.5427 -82.1577 
-116 -247.62 -44 42 -74.2965 -103.426 -22.5427 -82.1577 
-116 -247.198 -44 42 -73.8493 -102.549 -22.9222 -81.7234 
-112 -243.768 -44 42 -77.3961 -105.954 -23.6154 -84.3625 
-112 -245.953 -44 42 -76.9702 -103.439 -22.5168 -80.249 
-114 -246.08 -44 42 -76.9702 -103.439 -22.5168 -80.249 
-114 -247.592 -44 42 -74.2965 -103.426 -22.5427 -82.1577 
-114 -247.62 -44 42 -74.2965 -103.426 -22.5427 -82.1577 
-114 -247.198 -44 42 -73.8493 -102.549 -22.9222 -81.7234 
-118 -245.589 -44 42 -77.2337 -103.753 -22.9222 -80.0235 
-112 -246.08 -44 42 -76.9702 -103.439 -22.5168 -80.249 
-112 -247.592 -44 42 -74.2965 -103.426 -22.5427 -82.1577 
-112 -247.62 -44 42 -74.2965 -103.426 -22.5427 -82.1577 
-112 -247.198 -44 42 -73.8493 -102.549 -22.9222 -81.7234 
-116 -245.589 -44 42 -77.2337 -103.753 -22.9222 -80.0235 
-116 -247.087 -44 41 -78.2913 -106.445 -21.9035 -83.8487 
-110 -246.08 -44 42 -76.9702 -103.439 -22.5168 -80.249 
-116 -247.457 -44 42 -73.8493 -102.549 -22.9222 -81.7234 
-110 -247.62 -44 42 -74.2965 -103.426 -22.5427 -82.1577 
-118 -246.636 -44 42 -72.5699 -101.732 -23.8728 -82.4052 
-118 -240.189 -44 42 -81.0629 -105.689 -24.9101 -80.1364 
-114 -245.589 -44 42 -77.2337 -103.753 -22.9222 -80.0235 
-114 -247.457 -44 42 -73.8493 -102.549 -22.9222 -81.7234 
-122 -247.919 -44 42 -73.8493 -102.549 -22.9222 -81.7234 
-118 -247.699 -44 42 -73.8493 -102.549 -22.9222 -81.7234 
-118 -245.149 -44 42 -74.0316 -103.583 -24.3085 -83.8925 
-122 -244.409 -44 42 -77.9773 -100.282 -23.5238 -77.0919 
-116 -246.636 -44 42 -72.5699 -101.732 -23.8728 -82.4052 
-118 -245.416 -44 42 -78.049 -104.768 -22.936 -81.0693 
-122 -244.781 -44 42 -77.3961 -105.954 -23.6154 -84.3625 
-118 -251.551 -44 42 -72.8399 -101.708 -21.1105 -80.2497 
-112 -245.589 -44 42 -77.2337 -103.753 -22.9222 -80.0235 
-118 -246.76 -44 42 -76.9702 -103.439 -22.5168 -80.249 
-112 -247.457 -44 42 -73.8493 -102.549 -22.9222 -81.7234 
-120 -247.919 -44 42 -73.8493 -102.549 -22.9222 -81.7234 
-122 -248.04 -44 42 -73.8493 -102.549 -22.9222 -81.7234 
-116 -247.699 -44 42 -73.8493 -102.549 -22.9222 -81.7234 
-116 -245.149 -44 42 -74.0316 -103.583 -24.3085 -83.8925 
-114 -246.636 -44 42 -72.5699 -101.732 -23.8728 -82.4052 
-118 -243.621 -44 42 -80.517 -106.843 -23.2099 -82.8881 
-120 -244.781 -44 42 -77.3961 -105.954 -23.6154 -84.3625 
-116 -248.213 -44 42 -74.2965 -103.426 -22.5427 -82.1577 
-116 -251.551 -44 42 -72.8399 -101.708 -21.1105 -80.2497 
-114 -240.189 -44 42 -81.0629 -105.689 -24.9101 -80.1364 
-110 -245.589 -44 42 -77.2337 -103.753 -22.9222 -80.0235 
-116 -246.76 -44 42 -76.9702 -103.439 -22.5168 -80.249 
-110 -247.457 -44 42 -73.8493 -102.549 -22.9222 -81.7234 
-118 -247.919 -44 42 -73.8493 -102.549 -22.9222 -81.7234 
-120 -248.04 -44 42 -73.8493 -102.549 -22.9222 -81.7234 
-118 -244.866 -44 42 -77.3961 -105.954 -23.6154 -84.3625 
-114 -247.699 -44 42 -73.8493 -102.549 -22.9222 -81.7234 
-122 -248.606 -44 42 -74.2965 -103.426 -22.5427 -82.1577 
-114 -245.149 -44 42 -74.0316 -103.583 -24.3085 -83.8925 
-118 -244.409 -44 42 -77.9773 -100.282 -23.5238 -77.0919 
-124 -248.288 -44 42 -73.8493 -102.549 -22.9222 -81.7234 
-124 -248.301 -44 42 -73.8493 -102.549 -22.9222 -81.7234 
-120 -248.084 -44 42 -73.8493 -102.549 -22.9222 -81.7234 
-112 -246.636 -44 42 -72.5699 -101.732 -23.8728 -82.4052 
-116 -243.621 -44 42 -80.517 -106.843 -23.2099 -82.8881 
-114 -245.416 -44 42 -78.049 -104.768 -22.936 -81.0693 
-116 -247.872 -44 42 -73.8493 -102.549 -22.9222 -81.7234 
-118 -244.781 -44 42 -77.3961 -105.954 -23.6154 -84.3625 
-114 -251.551 -44 42 -72.8399 -101.708 -21.1105 -80.2497 
-114 -248.213 -44 42 -74.2965 -103.426 -22.5427 -82.1577 
-110 -247.068 -44 42 -74.6646 -103.564 -22.936 -82.7693 
-120 -244.596 -44 42 -77.9773 -100.282 -23.5238 -77.0919 
-114 -246.76 -44 42 -76.9702 -103.439 -22.5168 -80.249 
-118 -243.664 -44 42 -77.1525 -104.307 -24.3085 -83.0275 
-118 -245.261 -44 42 -77.8433 -106.831 -23.2359 -84.7968 
-118 -247.446 -44 42 -77.4174 -104.315 -22.1373 -80.6833 
-116 -245.888 -44 41 -78.0478 -104.798 -22.5967 -82.5137 
-116 -246.887 -44 42 -76.9702 -103.439 -22.5168 -80.249 
-116 -247.919 -44 42 -73.8493 -102.549 -22.9222 -81.7234 
-128 -246.753 -44 42 -77.2337 -103.753 -22.9222 -80.0235 
-118 -248.04 -44 42 -73.8493 -102.549 -22.9222 -81.7234 
-112 -247.699 -44 42 -73.8493 -102.549 -22.9222 -81.7234 
-120 -248.606 -44 42 -74.2965 -103.426 -22.5427 -82.1577 
-112 -245.149 -44 42 -74.0316 -103.583 -24.3085 -83.8925 
-122 -248.288 -44 42 -73.8493 -102.549 -22.9222 -81.7234 
-118 -244.83 -44 42 -77.5129 -105.066 -23.6154 -82.27 
-120 -248.634 -44 42 -74.2965 -103.426 -22.5427 -82.1577 
FEATURES_TXT_END_0
FEATURES_TXT_BEGIN_0 89 47 8 Distortion0_0 LM0_0 WordPenalty0_0 PhrasePenalty0_0 TranslationModel0_0 TranslationModel0_1 TranslationModel0_2 TranslationModel0_3 
-82 -206.844 -35 32 -41.0989 -58.0632 -15.4927 -53.1012 
-94 -211.57 -34 32 -41.2253 -58.0632 -14.8737 -53.1012 
-80 -210.778 -34 32 -41.2253 -58.0632 -14.8737 -53.1012 
-86 -211.125 -34 32 -41.2253 -58.0632 -14.8737 -53.1012 
-92 -213.691 -34 32 -40.9054 -58.2379 -14.049 -51.7834 
-80 -206.844 -35 32 -41.0989 -58.0632 -15.4927 -53.1012 
-78 -211.125 -34 32 -41.2253 -58.0632 -14.8737 -53.1012 
-82 -211.343 -34 32 -41.2253 -58.0632 -14.8737 -53.1012 
-92 -211.57 -34 32 -41.2253 -58.0632 -14.8737 -53.1012 
-86 -211.57 -34 32 -41.2253 -58.0632 -14.8737 -53.1012 
-76 -207.645 -33 31 -46.874 -63.4703 -16.7492 -52.3596 
-78 -210.778 -34 32 -41.2253 -58.0632 -14.8737 -53.1012 
-78 -206.844 -35 32 -41.0989 -58.0632 -15.4927 -53.1012 
-78 -207.131 -35 32 -41.0989 -58.0632 -15.4927 -53.1012 
-74 -207.257 -33 31 -46.874 -63.4703 -16.7492 -52.3595 
-80 -207.603 -33 31 -46.874 -63.4703 -16.7492 -52.3596 
-82 -209.724 -33 31 -46.554 -63.645 -15.9245 -51.0418 
-84 -208.965 -35 32 -40.7789 -58.2379 -14.668 -51.7834 
-90 -211.57 -34 32 -41.2253 -58.0632 -14.8737 -53.1012 
-76 -209.378 -33 31 -46.554 -63.645 -15.9245 -51.0418 
-84 -207.463 -35 32 -41.0989 -58.0632 -15.4927 -53.1012 
-86 -211.343 -34 32 -41.2253 -58.0632 -14.8737 -53.1012 
-82 -211.319 -34 32 -41.2253 -58.0632 -14.8737 -53.1012 
-76 -210.778 -34 32 -41.2253 -58.0632 -14.8737 -53.1012 
-82 -211.125 -34 32 -41.2253 -58.0632 -14.8737 -53.1012 
-80 -208.965 -35 32 -40.7789 -58.2379 -14.668 -51.7834 
-90 -211.753 -34 32 -41.2253 -58.0632 -14.8737 -53.1012 
-96 -213.691 -34 32 -40.9054 -58.2379 -14.049 -51.7834 
-76 -206.844 -35 32 -41.0989 -58.0632 -15.4927 -53.1012 
-76 -207.603 -33 31 -46.874 -63.4703 -16.7492 -52.3596 
-70 -207.257 -33 31 -46.874 -63.4703 -16.7492 -52.3595 
-80 -211.167 -34 32 -41.2253 -58.0632 -14.8737 -53.1012 
-82 -212.899 -34 32 -40.9054 -58.2379 -14.049 -51.7834 
-88 -213.245 -34 32 -40.9054 -58.2379 -14.049 -51.7834 
-80 -207.822 -33 31 -46.874 -63.4703 -16.7492 -52.3596 
-82 -211.167 -34 32 -41.2253 -58.0632 -14.8737 -53.1012 
-72 -207.257 -33 31 -46.874 -63.4703 -16.7492 -52.3596 
-82 -208.965 -35 32 -40.7789 -58.2379 -14.668 -51.7834 
-86 -213.245 -34 32 -40.9054 -58.2379 -14.049 -51.7834 
-80 -212.899 -34 32 -40.9054 -58.2379 -14.049 -51.7834 
-74 -206.844 -35 32 -41.0989 -58.0632 -15.4927 -53.1012 
-88 -211.57 -34 32 -41.2253 -58.0632 -14.8737 -53.1012 
-94 -213.691 -34 32 -40.9054 -58.2379 -14.049 -51.7834 
-80 -211.125 -34 32 -41.2253 -58.0632 -14.8737 -53.1012 
-74 -210.778 -34 32 -41.2253 -58.0632 -14.8737 -53.1012 
-84 -211.343 -34 32 -41.2253 -58.0632 -14.8737 -53.1012 
-82 -211.23 -34 32 -41.2253 -58.0632 -14.8737 -53.1012 
FEATURES_TXT_END_0
FEATURES_TXT_BEGIN_0 90 81 8 Distortion0_0 LM0_0 WordPenalty0_0 PhrasePenalty0_0 TranslationModel0_0 TranslationModel0_1 TranslationModel0_2 TranslationModel0_3 
-153 -306.473 -56 49 -75.0907 -111.807 -36.1476 -114.5 
-153 -297.392 -56 49 -83.0543 -119.55 -38.8556 -118.798 
-151 -306.473 -56 49 -75.0907 -111.807 -36.1476 -114.5 
-153 -310.432 -56 49 -74.3976 -112.009 -34.7613 -113.871 
-159 -309.991 -56 49 -76.9878 -115.764 -33.9504 -115.491 
-159 -300.91 -56 49 -84.9514 -123.507 -36.6584 -119.789 
-151 -304.217 -56 49 -78.2687 -114.837 -36.553 -114.905 
-157 -309.991 -56 49 -76.9878 -115.764 -33.9504 -115.491 
-155 -307.467 -56 49 -75.342 -111.483 -36.1476 -114.163 
-153 -304.476 -56 49 -78.2687 -114.837 -36.553 -114.905 
-157 -307.735 -56 49 -80.1659 -118.794 -34.3558 -115.896 
-155 -307.055 -56 49 -75.0907 -111.807 -36.1476 -114.5 
-155 -297.973 -56 49 -83.0543 -119.55 -38.8556 -118.798 
-151 -304.476 -56 49 -78.2687 -114.837 -36.553 -114.905 
-159 -301.779 -56 49 -84.9514 -123.507 -36.6584 -119.789 
-159 -310.348 -56 49 -76.9878 -115.764 -33.9504 -115.491 
-159 -301.267 -56 49 -84.9514 -123.507 -36.6584 -119.789 
-159 -307.994 -56 49 -80.1659 -118.794 -34.3558 -115.896 
-152 -297.877 -56 49 -83.0543 -119.55 -38.8556 -118.798 
-153 -306.885 -56 49 -75.342 -111.483 -36.1476 -114.163 
-153 -307.055 -56 49 -75.0907 -111.807 -36.1476 -114.5 
-161 -307.975 -56 49 -75.0907 -111.807 -36.1476 -114.5 
-153 -297.803 -56 49 -83.3056 -119.226 -38.8556 -118.462 
-155 -298.118 -56 49 -83.0543 -119.55 -38.8556 -118.798 
-157 -310.348 -56 49 -76.9878 -115.764 -33.9504 -115.491 
-159 -310.86 -56 49 -76.9878 -115.764 -33.9504 -115.491 
-157 -310.348 -56 49 -76.9878 -115.764 -33.9504 -115.491 
-157 -301.267 -56 49 -84.9514 -123.507 -36.6584 -119.789 
-155 -310.248 -56 49 -76.9878 -115.764 -33.9504 -115.491 
-157 -307.994 -56 49 -80.1659 -118.794 -34.3558 -115.896 
-155 -308.251 -56 49 -80.1659 -118.794 -34.3558 -115.896 
-155 -301.166 -56 49 -84.9514 -123.507 -36.6584 -119.789 
-159 -310.503 -56 49 -76.9878 -115.764 -33.9504 -115.491 
-159 -301.422 -56 49 -84.9514 -123.507 -36.6584 -119.789 
-151 -306.885 -56 49 -75.342 -111.483 -36.1476 -114.163 
-154 -298.459 -56 49 -83.0543 -119.55 -38.8556 -118.798 
-153 -304.798 -56 49 -78.2687 -114.837 -36.553 -114.905 
-158 -301.395 -56 49 -84.9514 -123.507 -36.6584 -119.789 
-135 -306.173 -56 49 -75.0907 -111.807 -36.1476 -114.5 
-165 -310.911 -56 49 -76.9878 -115.764 -33.9504 -115.491 
-155 -310.348 -56 49 -76.9878 -115.764 -33.9504 -115.491 
-155 -301.523 -56 49 -84.9514 -123.507 -36.6584 -119.789 
-155 -310.349 -56 49 -76.9878 -115.764 -33.9504 -115.491 
-165 -301.829 -56 49 -84.9514 -123.507 -36.6584 -119.789 
-157 -308.092 -56 49 -80.1659 -118.794 -34.3558 -115.896 
-149 -297.907 -56 49 -83.0543 -119.55 -38.8556 -118.798 
-156 -298.307 -56 49 -83.0543 -119.55 -38.8556 -118.798 
-155 -301.267 -56 49 -84.9514 -123.507 -36.6584 -119.789 
-153 -310.248 -56 49 -76.9878 -115.764 -33.9504 -115.491 
-143 -301.264 -56 50 -76.8982 -114.606 -38.9854 -115.803 
-161 -301.636 -56 49 -84.9514 -123.507 -36.6584 -119.789 
-157 -310.503 -56 49 -76.9878 -115.764 -33.9504 -115.491 
-157 -308.351 -56 49 -80.1659 -118.794 -34.3558 -115.896 
-151 -304.628 -56 49 -78.5201 -114.513 -36.553 -114.569 
-155 -311.55 -56 49 -76.7352 -114.32 -33.375 -113.731 
-133 -306.173 -56 49 -75.0907 -111.807 -36.1476 -114.5 
-157 -308.351 -56 49 -80.1659 -118.794 -34.3558 -115.896 
-155 -302.468 -56 49 -84.6988 -122.063 -36.083 -118.03 
-155 -305.058 -56 49 -78.2687 -114.837 -36.553 -114.905 
-163 -310.911 -56 49 -76.9878 -115.764 -33.9504 -115.491 
-155 -310.605 -56 49 -76.9878 -115.764 -33.9504 -115.491 
-153 -310.349 -56 49 -76.9878 -115.764 -33.9504 -115.491 
-139 -309.691 -56 49 -76.9878 -115.764 -33.9503 -115.491 
-155 -308.092 -56 49 -80.1659 -118.794 -34.3558 -115.896 
-153 -307.991 -56 49 -80.1659 -118.794 -34.3558 -115.896 
-141 -309.691 -56 49 -76.9878 -115.764 -33.9503 -115.491 
-159 -308.351 -56 49 -80.1659 -118.794 -34.3558 -115.896 
-145 -301.264 -56 50 -76.8982 -114.606 -38.9854 -115.803 
-157 -308.247 -56 49 -80.1659 -118.794 -34.3558 -115.896 
-155 -301.425 -56 49 -84.9514 -123.507 -36.6584 -119.789 
-162 -301.825 -56 49 -84.9514 -123.507 -36.6584 -119.789 
-155 -310.432 -56 49 -74.3976 -112.009 -34.7613 -113.871 
-153 -311.55 -56 49 -76.7352 -114.32 -33.375 -113.731 
-155 -301.493 -56 49 -84.9514 -123.507 -36.6584 -119.789 
-155 -301.35 -56 49 -82.3611 -119.752 -37.4693 -118.17 
-153 -304.888 -56 49 -78.5201 -114.513 -36.553 -114.569 
-133 -303.916 -56 49 -78.2687 -114.837 -36.553 -114.905 
-153 -305.058 -56 49 -78.2687 -114.837 -36.553 -114.905 
-153 -308.092 -56 49 -80.1659 -118.794 -34.3558 -115.896 
-163 -308.654 -56 49 -80.1659 -118.794 -34.3558 -115.896 
-155 -310.575 -56 49 -76.9878 -115.764 -33.9504 -115.491 
FEATURES_TXT_END_0
FEATURES_TXT_BEGIN_0 91 74 8 Distortion0_0 LM0_0 WordPenalty0_0 PhrasePenalty0_0 TranslationModel0_0 TranslationModel0_1 TranslationModel0_2 TranslationModel0_3 
-123 -261.141 -48 43 -82.3607 -103.757 -24.7275 -87.3712 
-122 -261.144 -48 43 -82.3607 -103.757 -24.7275 -87.3712 
-115 -260.932 -48 43 -82.0243 -103.83 -24.7275 -87.882 
-121 -261.141 -48 43 -82.3607 -103.757 -24.7275 -87.3712 
-127 -258.923 -48 43 -85.7427 -107.966 -25.4206 -88.4698 
-114 -260.934 -48 43 -82.0243 -103.83 -24.7275 -87.882 
-119 -257.639 -48 43 -84.9894 -104.093 -25.8123 -86.2972 
-120 -261.144 -48 43 -82.3607 -103.757 -24.7275 -87.3712 
-120 -261.144 -48 43 -82.3607 -103.757 -24.7275 -87.3712 
-113 -257.639 -48 43 -84.9894 -104.093 -25.8123 -86.2972 
-121 -261.681 -48 43 -82.0243 -103.83 -24.7275 -87.882 
-113 -260.932 -48 43 -82.0243 -103.83 -24.7275 -87.882 
-127 -261.741 -48 43 -82.0243 -103.83 -24.7275 -87.882 
-118 -257.642 -48 43 -84.9894 -104.093 -25.8123 -86.2972 
-123 -258.438 -48 43 -85.7427 -107.966 -25.4206 -88.4698 
-119 -261.141 -48 43 -82.3607 -103.757 -24.7275 -87.3712 
-132 -262.307 -48 43 -82.0243 -103.83 -24.7275 -87.882 
-112 -260.934 -48 43 -82.0243 -103.83 -24.7275 -87.882 
-112 -260.935 -48 43 -82.0243 -103.83 -24.7275 -87.882 
-112 -260.935 -48 43 -82.0243 -103.83 -24.7275 -87.882 
-117 -257.639 -48 43 -84.9894 -104.093 -25.8123 -86.2972 
-126 -261.743 -48 43 -82.0243 -103.83 -24.7275 -87.882 
-127 -261.626 -48 43 -82.3607 -103.757 -24.7275 -87.3712 
-122 -258.44 -48 43 -85.7427 -107.966 -25.4206 -88.4698 
-123 -261.025 -48 43 -79.7537 -102.772 -25.8123 -87.5781 
-121 -261.495 -48 43 -82.0243 -103.83 -24.7275 -87.882 
-118 -261.144 -48 43 -82.3607 -103.757 -24.7275 -87.3712 
-118 -261.144 -48 43 -82.3607 -103.757 -24.7275 -87.3712 
-127 -261.624 -48 43 -79.4172 -102.845 -25.8123 -88.0889 
-111 -260.932 -48 43 -82.0243 -103.83 -24.7275 -87.882 
-123 -258.203 -48 43 -84.9894 -104.093 -25.8123 -86.2972 
-125 -261.741 -48 43 -82.0243 -103.83 -24.7275 -87.882 
-116 -257.642 -48 43 -84.9894 -104.093 -25.8123 -86.2972 
-116 -257.642 -48 43 -84.9894 -104.093 -25.8123 -86.2972 
-108 -260.935 -48 43 -82.0243 -103.83 -24.7275 -87.882 
-127 -261.866 -48 43 -82.0243 -103.83 -24.7275 -87.882 
-126 -261.629 -48 43 -82.3607 -103.757 -24.7275 -87.3712 
-121 -258.438 -48 43 -85.7427 -107.966 -25.4206 -88.4698 
-108 -260.934 -48 43 -82.0243 -103.83 -24.7275 -87.882 
-122 -261.027 -48 43 -79.7537 -102.772 -25.8123 -87.5781 
-117 -261.141 -48 43 -82.3607 -103.757 -24.7275 -87.3712 
-120 -261.498 -48 43 -82.0243 -103.83 -24.7275 -87.882 
-110 -260.934 -48 43 -82.0243 -103.83 -24.7275 -87.882 
-125 -258.203 -48 43 -84.9894 -104.093 -25.8123 -86.2972 
-123 -261.681 -48 43 -82.0243 -103.83 -24.7275 -87.882 
-115 -257.639 -48 43 -84.9894 -104.093 -25.8123 -86.2972 
-108 -260.935 -48 43 -82.0243 -103.83 -24.7275 -87.882 
-124 -261.743 -48 43 -82.0243 -103.83 -24.7275 -87.882 
-124 -261.743 -48 43 -82.0243 -103.83 -24.7275 -87.882 
-118 -261.498 -48 43 -82.0243 -103.83 -24.7275 -87.882 
-125 -261.626 -48 43 -82.3607 -103.757 -24.7275 -87.3712 
-118 -261.498 -48 43 -82.0243 -103.83 -24.7275 -87.882 
-126 -261.869 -48 43 -82.0243 -103.83 -24.7275 -87.882 
-131 -258.574 -48 43 -84.9894 -104.093 -25.8123 -86.2972 
-120 -258.44 -48 43 -85.7427 -107.966 -25.4206 -88.4698 
-120 -258.44 -48 43 -85.7427 -107.966 -25.4206 -88.4698 
-120 -261.027 -48 43 -79.7537 -102.772 -25.8123 -87.5781 
-120 -261.027 -48 43 -79.7537 -102.772 -25.8123 -87.5781 
-121 -261.025 -48 43 -79.7537 -102.772 -25.8123 -87.5781 
-119 -258.438 -48 43 -85.7427 -107.966 -25.4206 -88.4698 
-119 -261.495 -48 43 -82.0243 -103.83 -24.7275 -87.882 
-130 -258.577 -48 43 -84.9894 -104.093 -25.8123 -86.2972 
-116 -261.144 -48 43 -82.3607 -103.757 -24.7275 -87.3712 
-109 -260.932 -48 43 -82.0243 -103.83 -24.7275 -87.882 
-133 -262.304 -48 43 -82.0243 -103.83 -24.7275 -87.882 
-124 -258.206 -48 43 -84.9894 -104.093 -25.8123 -86.2972 
-123 -261.741 -48 43 -82.0243 -103.83 -24.7275 -87.882 
-122 -261.683 -48 43 -82.0243 -103.83 -24.7275 -87.882 
-139 -262.675 -48 43 -82.0243 -103.83 -24.7275 -87.882 
-114 -257.642 -48 43 -84.9894 -104.093 -25.8123 -86.2972 
-127 -258.388 -48 43 -84.9894 -104.093 -25.8123 -86.2972 
-125 -261.866 -48 43 -82.0243 -103.83 -24.7275 -87.882 
-124 -261.629 -48 43 -82.3607 -103.757 -24.7275 -87.3712 
-124 -261.629 -48 43 -82.3607 -103.757 -24.7275 -87.3712 
FEATURES_TXT_END_0
FEATURES_TXT_BEGIN_0 92 58 8 Distortion0_0 LM0_0 WordPenalty0_0 PhrasePenalty0_0 TranslationModel0_0 TranslationModel0_1 TranslationModel0_2 TranslationModel0_3 
-83 -189.957 -30 27 -43.7834 -60.2237 -16.1318 -50.0998 
-87 -190.211 -30 27 -43.7834 -60.2237 -16.1318 -50.0998 
-97 -191.158 -30 27 -46.1188 -61.1364 -16.1318 -50.3229 
-81 -189.957 -30 27 -43.7834 -60.2237 -16.1318 -50.0998 
-77 -189.859 -30 27 -45.1697 -60.8768 -16.5372 -50.3875 
-81 -193.915 -30 27 -42.5889 -57.851 -15.169 -47.6926 
-85 -190.211 -30 27 -43.7834 -60.2237 -16.1318 -50.0998 
-83 -190.211 -30 27 -43.7834 -60.2237 -16.1318 -50.0998 
-81 -190.233 -30 27 -46.1188 -61.1364 -16.1318 -50.3229 
-95 -192.387 -30 27 -43.7834 -60.2237 -16.1318 -50.0998 
-97 -192.666 -30 27 -44.3794 -58.064 -15.7263 -49.1473 
-77 -189.957 -30 27 -43.7834 -60.2237 -16.1318 -50.0998 
-81 -190.211 -30 27 -43.7834 -60.2237 -16.1318 -50.0998 
-85 -194.391 -30 27 -43.0331 -55.7293 -14.7455 -47.2784 
-91 -191.974 -30 27 -44.0711 -60.0242 -16.1318 -49.4067 
-75 -189.957 -30 27 -43.7834 -60.2237 -16.1318 -50.0998 
-79 -190.211 -30 27 -43.7834 -60.2237 -16.1318 -50.0998 
-77 -190.211 -30 27 -43.7834 -60.2237 -16.1318 -50.0998 
-91 -190.064 -30 27 -46.1188 -61.1364 -16.1318 -50.3229 
-85 -197.989 -31 26 -36.6083 -56.5559 -12.8338 -47.2666 
-89 -190.064 -30 27 -46.1188 -61.1364 -16.1318 -50.3229 
-95 -190.988 -30 27 -46.1188 -61.1364 -16.1318 -50.3229 
-79 -190.064 -30 27 -46.1188 -61.1364 -16.1318 -50.3229 
-83 -189.605 -30 27 -45.1697 -60.8768 -16.5372 -50.3875 
-87 -189.859 -30 27 -45.1697 -60.8768 -16.5372 -50.3875 
-75 -198.001 -31 26 -36.6083 -56.5559 -12.8338 -47.2666 
-83 -197.989 -31 26 -36.6083 -56.5559 -12.8338 -47.2666 
-87 -190.064 -30 27 -46.1188 -61.1364 -16.1318 -50.3229 
-81 -189.605 -30 27 -45.1697 -60.8768 -16.5372 -50.3875 
-89 -191.805 -30 27 -44.0711 -60.0242 -16.1318 -49.4067 
-75 -197.968 -31 26 -36.6083 -56.5559 -12.8338 -47.2666 
-89 -190.233 -30 27 -46.1188 -61.1364 -16.1318 -50.3229 
-89 -196.069 -30 27 -41.2938 -52.6569 -14.34 -46.1028 
-85 -189.859 -30 27 -45.1697 -60.8768 -16.5372 -50.3875 
-81 -197.957 -31 26 -36.6083 -56.5559 -12.8338 -47.2666 
-95 -191.805 -30 27 -44.0711 -60.0242 -16.1318 -49.4067 
-85 -190.064 -30 27 -46.1188 -61.1364 -16.1318 -50.3229 
-75 -197.957 -31 26 -36.6083 -56.5559 -12.8338 -47.2666 
-79 -189.859 -30 27 -45.1697 -60.8768 -16.5372 -50.3875 
-83 -193.915 -30 27 -42.5889 -57.851 -15.169 -47.6926 
-87 -190.233 -30 27 -46.1188 -61.1364 -16.1318 -50.3229 
-83 -189.859 -30 27 -45.1697 -60.8768 -16.5372 -50.3875 
-83 -190.233 -30 27 -46.1188 -61.1364 -16.1318 -50.3229 
-99 -192.666 -30 27 -44.3794 -58.064 -15.7263 -49.1473 
-87 -194.391 -30 27 -43.0331 -55.7293 -14.7455 -47.2784 
-79 -197.957 -31 26 -36.6083 -56.5559 -12.8338 -47.2666 
-79 -197.989 -31 26 -36.6083 -56.5559 -12.8338 -47.2666 
-79 -198.001 -31 26 -36.6083 -56.5559 -12.8338 -47.2666 
-83 -190.064 -30 27 -46.1188 -61.1364 -16.1318 -50.3229 
-99 -190.988 -30 27 -46.1188 -61.1364 -16.1318 -50.3229 
-77 -189.605 -30 27 -45.1697 -60.8768 -16.5372 -50.3875 
-89 -194.391 -30 27 -43.0331 -55.7293 -14.7455 -47.2784 
-85 -190.233 -30 27 -46.1188 -61.1364 -16.1318 -50.3229 
-75 -189.605 -30 27 -45.1697 -60.8768 -16.5372 -50.3875 
-97 -190.988 -30 27 -46.1188 -61.1364 -16.1318 -50.3229 
-81 -190.064 -30 27 -46.1188 -61.1364 -16.1318 -50.3229 
-77 -198.001 -31 26 -36.6083 -56.5559 -12.8338 -47.2666 
-81 -189.859 -30 27 -45.1697 -60.8768 -16.5372 -50.3875 
FEATURES_TXT_END_0
FEATURES_TXT_BEGIN_0 93 64 8 Distortion0_0 LM0_0 WordPenalty0_0 PhrasePenalty0_0 TranslationModel0_0 TranslationModel0_1 TranslationModel0_2 TranslationModel0_3 
-110 -237.421 -40 38 -79.5478 -102.76 -25.3572 -100.101 
-116 -240.443 -40 38 -77.9432 -101.682 -24.9052 -99.2165 
-116 -238.161 -40 38 -80.8607 -101.774 -24.6778 -98.9146 
-108 -237.269 -40 38 -79.2921 -101.217 -25.91 -100.434 
-118 -234 -40 38 -81.3984 -103.572 -27.0086 -101.379 
-114 -236.334 -42 38 -76.1205 -100.813 -24.2258 -103.091 
-112 -237.763 -40 38 -79.5478 -102.76 -25.3572 -100.101 
-102 -235.614 -40 38 -79.7937 -102.494 -26.5566 -100.494 
-104 -239.036 -40 38 -77.9432 -101.682 -24.9052 -99.2165 
-114 -236.29 -40 38 -79.7937 -102.494 -26.5566 -100.494 
-106 -237.475 -40 38 -79.5478 -102.76 -25.3572 -100.101 
-116 -233.044 -40 38 -83.3048 -105.407 -26.9804 -102.245 
-124 -241.687 -40 38 -78.2569 -101.419 -24.2724 -100.202 
-110 -239.777 -40 38 -79.256 -100.696 -24.2258 -98.0304 
-100 -234.49 -40 38 -81.7001 -104.329 -26.5284 -101.361 
-112 -238.215 -40 38 -80.8607 -101.774 -24.6778 -98.9146 
-98 -238.813 -40 38 -77.9432 -101.682 -24.9052 -99.2165 
-112 -239.156 -40 38 -77.6875 -100.139 -25.458 -99.55 
-112 -235.615 -40 38 -79.7937 -102.494 -26.5566 -100.494 
-114 -236.229 -40 38 -79.7937 -102.494 -26.5566 -100.494 
-120 -237.391 -40 38 -79.2921 -101.217 -25.91 -100.434 
-104 -239.553 -40 38 -79.256 -100.696 -24.2258 -98.0304 
-122 -236.679 -40 38 -79.7937 -102.494 -26.5566 -100.494 
-114 -234.054 -40 38 -81.3984 -103.572 -27.0086 -101.379 
-110 -239.596 -40 38 -77.9432 -101.682 -24.9052 -99.2165 
-96 -239.209 -40 38 -77.9432 -101.682 -24.9052 -99.2165 
-106 -239.379 -40 38 -77.9432 -101.682 -24.9052 -99.2165 
-112 -240.452 -40 38 -79.256 -100.696 -24.2258 -98.0304 
-106 -235.392 -40 38 -79.7937 -102.494 -26.5566 -100.494 
-102 -235.551 -42 38 -76.1205 -100.813 -24.2258 -103.091 
-114 -234.16 -42 38 -77.7252 -101.891 -24.6778 -103.975 
-112 -237.391 -40 38 -79.2921 -101.217 -25.91 -100.434 
-116 -240.336 -40 38 -79.256 -100.696 -24.2258 -98.0304 
-120 -239.566 -40 38 -77.6875 -100.139 -25.458 -99.55 
-108 -237.817 -40 38 -79.5478 -102.76 -25.3572 -100.101 
-100 -239.09 -40 38 -77.9432 -101.682 -24.9052 -99.2165 
-110 -234.66 -40 38 -81.7001 -104.329 -26.5284 -101.361 
-110 -237.269 -40 38 -79.2921 -101.217 -25.91 -100.434 
-112 -233.098 -40 38 -83.3048 -105.407 -26.9804 -102.245 
-106 -239.831 -40 38 -79.256 -100.696 -24.2258 -98.0304 
-100 -239.155 -40 38 -77.9432 -101.682 -24.9052 -99.2165 
-116 -238.582 -40 38 -79.5478 -102.76 -25.3572 -100.101 
-118 -236.175 -40 38 -79.7937 -102.494 -26.5566 -100.494 
-106 -234.713 -40 38 -81.7001 -104.329 -26.5284 -101.361 
-114 -239.006 -40 38 -77.6875 -100.139 -25.458 -99.55 
-94 -238.867 -40 38 -77.9432 -101.682 -24.9052 -99.2165 
-104 -234.436 -40 38 -81.7001 -104.329 -26.5284 -101.361 
-106 -239.711 -40 38 -77.9432 -101.682 -24.9052 -99.2165 
-108 -235.669 -40 38 -79.7937 -102.494 -26.5566 -100.494 
-116 -239.156 -40 38 -77.6875 -100.139 -25.458 -99.55 
-112 -239.938 -40 38 -77.9432 -101.682 -24.9052 -99.2165 
-112 -240.39 -40 38 -79.256 -100.696 -24.2258 -98.0304 
-100 -239.607 -40 38 -79.256 -100.696 -24.2258 -98.0304 
-108 -233.999 -40 38 -81.3984 -103.572 -27.0086 -101.379 
-120 -240.841 -40 38 -79.256 -100.696 -24.2258 -98.0304 
-114 -240.1 -40 38 -77.9432 -101.682 -24.9052 -99.2165 
-108 -235.775 -42 38 -76.1205 -100.813 -24.2258 -103.091 
-110 -234.214 -42 38 -77.7252 -101.891 -24.6778 -103.975 
-102 -235.446 -40 38 -79.7937 -102.494 -26.5566 -100.494 
-114 -237.391 -40 38 -79.2921 -101.217 -25.91 -100.434 
-106 -239.65 -40 38 -77.9432 -101.682 -24.9052 -99.2165 
-116 -235.219 -40 38 -81.7001 -104.329 -26.5284 -101.361 
-102 -239.433 -40 38 -77.9432 -101.682 -24.9052 -99.2165 
-108 -238.783 -40 38 -77.6875 -100.139 -25.458 -99.55 
FEATURES_TXT_END_0
FEATURES_TXT_BEGIN_0 94 84 8 Distortion0_0 LM0_0 WordPenalty0_0 PhrasePenalty0_0 TranslationModel0_0 TranslationModel0_1 TranslationModel0_2 TranslationModel0_3 
-119 -269.673 -49 45 -67.6317 -115.128 -25.7766 -126.939 
-117 -269.673 -49 45 -67.6317 -115.128 -25.7766 -126.939 
-121 -268.845 -49 45 -69.932 -115.628 -26.182 -125.615 
-133 -268.975 -48 46 -73.6732 -115.109 -26.7719 -117.694 
-123 -269.943 -49 45 -70.9479 -116.131 -24.826 -125.158 
-115 -269.673 -49 45 -67.6317 -115.128 -25.7766 -126.939 
-131 -268.975 -48 46 -73.6732 -115.109 -26.7719 -117.694 
-123 -268.243 -48 46 -72.3938 -114.291 -27.7225 -118.376 
-121 -269.943 -49 45 -70.9479 -116.131 -24.826 -125.158 
-131 -267.877 -48 46 -72.6573 -114.606 -28.1279 -118.151 
-111 -268.551 -49 45 -66.3523 -114.311 -26.7272 -127.62 
-133 -267.359 -48 46 -74.6825 -116.632 -27.465 -119.129 
-127 -269.697 -49 45 -67.8952 -115.443 -26.182 -126.713 
-119 -270.063 -49 45 -67.6317 -115.128 -25.7766 -126.939 
-129 -268.975 -48 46 -73.6732 -115.109 -26.7719 -117.694 
-119 -269.943 -49 45 -70.9479 -116.131 -24.826 -125.158 
-109 -268.551 -49 45 -66.3523 -114.311 -26.7272 -127.62 
-121 -269.794 -49 45 -66.3523 -114.311 -26.7272 -127.62 
-111 -269.673 -49 45 -67.6317 -115.128 -25.7766 -126.939 
-131 -267.359 -48 46 -74.6825 -116.632 -27.465 -119.129 
-119 -271.67 -49 45 -68.9111 -115.945 -24.826 -126.257 
-125 -269.697 -49 45 -67.8952 -115.443 -26.182 -126.713 
-107 -268.821 -49 45 -69.6685 -115.314 -25.7766 -125.84 
-117 -270.063 -49 45 -67.6317 -115.128 -25.7766 -126.939 
-125 -267.853 -48 46 -72.3938 -114.291 -27.7225 -118.376 
-115 -268.821 -49 45 -69.6685 -115.314 -25.7766 -125.84 
-107 -268.551 -49 45 -66.3523 -114.311 -26.7272 -127.62 
-109 -269.673 -49 45 -67.6317 -115.128 -25.7766 -126.939 
-129 -267.359 -48 46 -74.6825 -116.632 -27.465 -119.129 
-141 -268.999 -48 46 -73.9367 -115.423 -27.1773 -117.469 
-133 -269.365 -48 46 -73.6732 -115.109 -26.7719 -117.694 
-131 -269.967 -49 45 -71.2114 -116.445 -25.2314 -124.933 
-123 -270.333 -49 45 -70.9479 -116.131 -24.826 -125.158 
-123 -269.697 -49 45 -67.8952 -115.443 -26.182 -126.713 
-123 -267.853 -48 46 -72.3938 -114.291 -27.7225 -118.376 
-117 -267.853 -48 46 -72.3938 -114.291 -27.7225 -118.376 
-113 -268.821 -49 45 -69.6685 -115.314 -25.7766 -125.84 
-131 -270.357 -49 45 -71.2114 -116.445 -25.2314 -124.933 
-125 -268.975 -48 46 -73.6732 -115.109 -26.7719 -117.694 
-115 -269.943 -49 45 -70.9479 -116.131 -24.826 -125.158 
-125 -266.237 -48 46 -73.4031 -115.815 -28.4156 -119.811 
-139 -268.999 -48 46 -73.9367 -115.423 -27.1773 -117.469 
-141 -269.389 -48 46 -73.9367 -115.423 -27.1773 -117.469 
-131 -269.365 -48 46 -73.6732 -115.109 -26.7719 -117.694 
-129 -269.967 -49 45 -71.2114 -116.445 -25.2314 -124.933 
-137 -267.383 -48 46 -74.946 -116.947 -27.8705 -118.904 
-121 -270.333 -49 45 -70.9479 -116.131 -24.826 -125.158 
-119 -269.396 -48 44 -70.451 -115.904 -27.0365 -125.87 
-119 -268.576 -49 45 -66.6158 -114.626 -27.1327 -127.395 
-111 -268.941 -49 45 -66.3523 -114.311 -26.7272 -127.62 
-113 -270.063 -49 45 -67.6317 -115.128 -25.7766 -126.939 
-141 -267.383 -48 46 -74.946 -116.947 -27.8705 -118.904 
-133 -267.749 -48 46 -74.6825 -116.632 -27.465 -119.129 
-121 -267.853 -48 46 -72.3938 -114.291 -27.7225 -118.376 
-111 -268.821 -49 45 -69.6685 -115.314 -25.7766 -125.84 
-123 -268.975 -48 46 -73.6732 -115.109 -26.7719 -117.694 
-127 -270.087 -49 45 -67.8952 -115.443 -26.182 -126.713 
-113 -269.943 -49 45 -70.9479 -116.131 -24.826 -125.158 
-103 -268.551 -49 45 -66.3523 -114.311 -26.7272 -127.62 
-123 -266.237 -48 46 -73.4031 -115.815 -28.4156 -119.811 
-117 -269.697 -49 45 -67.8952 -115.443 -26.182 -126.713 
-125 -267.359 -48 46 -74.6825 -116.632 -27.465 -119.129 
-137 -268.999 -48 46 -73.9367 -115.423 -27.1773 -117.469 
-127 -269.967 -49 45 -71.2114 -116.445 -25.2314 -124.933 
-117 -269.396 -48 44 -70.451 -115.904 -27.0365 -125.87 
-115 -268.576 -49 45 -66.6158 -114.626 -27.1327 -127.395 
-117 -268.576 -49 45 -66.6158 -114.626 -27.1327 -127.395 
-115 -269.396 -48 44 -70.451 -115.904 -27.0365 -125.87 
-109 -268.941 -49 45 -66.3523 -114.311 -26.7272 -127.62 
-119 -269.697 -49 45 -67.8952 -115.443 -26.182 -126.713 
-111 -270.063 -49 45 -67.6317 -115.128 -25.7766 -126.939 
-139 -267.383 -48 46 -74.946 -116.947 -27.8705 -118.904 
-117 -270.333 -49 45 -70.9479 -116.131 -24.826 -125.158 
-131 -267.749 -48 46 -74.6825 -116.632 -27.465 -119.129 
-125 -270.087 -49 45 -67.8952 -115.443 -26.182 -126.713 
-101 -268.551 -49 45 -66.3523 -114.311 -26.7272 -127.62 
-121 -266.237 -48 46 -73.4031 -115.815 -28.4156 -119.811 
-123 -267.359 -48 46 -74.6825 -116.632 -27.465 -119.129 
-133 -267.877 -48 46 -72.6573 -114.606 -28.1279 -118.151 
-125 -268.243 -48 46 -72.3938 -114.291 -27.7225 -118.376 
-123 -268.845 -49 45 -69.932 -115.628 -26.182 -125.615 
-115 -269.211 -49 45 -69.6685 -115.314 -25.7766 -125.84 
-127 -269.365 -48 46 -73.6732 -115.109 -26.7719 -117.694 
-115 -270.388 -49 45 -67.6317 -115.128 -25.7766 -126.939 
FEATURES_TXT_END_0
FEATURES_TXT_BEGIN_0 95 49 8 Distortion0_0 LM0_0 WordPenalty0_0 PhrasePenalty0_0 TranslationModel0_0 TranslationModel0_1 TranslationModel0_2 TranslationModel0_3 
-143 -296.051 -47 46 -72.596 -91.2548 -27.8461 -83.797 
-135 -296.051 -47 46 -72.5959 -91.2548 -27.8461 -83.797 
-141 -293.774 -47 46 -73.7418 -92.5935 -28.7624 -84.6299 
-129 -297.944 -47 45 -69.6467 -92.1045 -27.2176 -86.9354 
-141 -296.051 -47 46 -72.596 -91.2548 -27.8461 -83.797 
-141 -296.051 -47 46 -72.5959 -91.2548 -27.8461 -83.797 
-135 -296.051 -47 46 -72.596 -91.2548 -27.8461 -83.797 
-139 -295.271 -47 46 -73.0479 -92.0405 -28.2981 -84.0147 
-143 -292.762 -47 46 -73.4898 -93.3488 -29.5509 -85.6797 
-143 -294.28 -47 46 -73.7418 -92.5935 -28.7624 -84.6299 
-149 -296.557 -47 46 -72.596 -91.2548 -27.8461 -83.797 
-135 -297.754 -47 45 -71.2889 -91.2548 -27.2176 -83.797 
-139 -293.774 -47 46 -73.7418 -92.5935 -28.7624 -84.6299 
-125 -294.656 -47 45 -70.5405 -94.1985 -28.9224 -88.8181 
-141 -290.485 -47 46 -74.6356 -94.6876 -30.4672 -86.5126 
-127 -297.944 -47 45 -69.6467 -92.1045 -27.2176 -86.9354 
-147 -293.501 -47 46 -74.1938 -93.3792 -29.2144 -84.8476 
-129 -294.656 -47 45 -70.5405 -94.1985 -28.9224 -88.8181 
-143 -295.271 -47 46 -73.0479 -92.0405 -28.2981 -84.0147 
-147 -294.28 -47 46 -73.7418 -92.5935 -28.7624 -84.6299 
-123 -297.944 -47 45 -69.6467 -92.1045 -27.2176 -86.9354 
-139 -296.051 -47 46 -72.5959 -91.2548 -27.8461 -83.797 
-139 -296.051 -47 46 -72.596 -91.2548 -27.8461 -83.797 
-137 -290.485 -47 46 -74.6356 -94.6876 -30.4672 -86.5126 
-147 -293.269 -47 46 -73.4898 -93.3488 -29.5509 -85.6797 
-135 -298.451 -47 45 -69.6467 -92.1045 -27.2176 -86.9354 
-141 -292.762 -47 46 -73.4898 -93.3488 -29.5509 -85.6797 
-127 -297.165 -47 45 -70.0986 -92.8902 -27.6696 -87.1531 
-135 -293.774 -47 46 -73.7418 -92.5935 -28.7624 -84.6299 
-145 -296.557 -47 46 -72.5959 -91.2548 -27.8461 -83.797 
-141 -292.994 -47 46 -74.1938 -93.3792 -29.2144 -84.8476 
-147 -296.557 -47 46 -72.596 -91.2548 -27.8461 -83.797 
-147 -296.557 -47 46 -72.5959 -91.2548 -27.8461 -83.797 
-139 -292.994 -47 46 -74.1938 -93.3792 -29.2144 -84.8476 
-149 -295.778 -47 46 -73.0479 -92.0405 -28.2981 -84.0147 
-137 -293.774 -47 46 -73.7418 -92.5935 -28.7624 -84.6299 
-135 -295.162 -47 45 -70.5405 -94.1985 -28.9224 -88.8181 
-129 -297.165 -47 45 -70.0986 -92.8902 -27.6696 -87.1531 
-149 -293.269 -47 46 -73.4898 -93.3488 -29.5509 -85.6797 
-139 -292.762 -47 46 -73.4898 -93.3488 -29.5509 -85.6797 
-139 -290.485 -47 46 -74.6356 -94.6876 -30.4672 -86.5126 
-133 -298.451 -47 45 -69.6467 -92.1045 -27.2176 -86.9354 
-125 -297.944 -47 45 -69.6467 -92.1045 -27.2176 -86.9354 
-147 -290.992 -47 46 -74.6356 -94.6876 -30.4672 -86.5126 
-127 -294.656 -47 45 -70.5405 -94.1985 -28.9224 -88.8181 
-137 -296.051 -47 46 -72.5959 -91.2548 -27.8461 -83.797 
-141 -295.271 -47 46 -73.0479 -92.0405 -28.2981 -84.0147 
-145 -294.28 -47 46 -73.7418 -92.5935 -28.7624 -84.6299 
-137 -296.051 -47 46 -72.596 -91.2548 -27.8461 -83.797 
FEATURES_TXT_END_0
FEATURES_TXT_BEGIN_0 96 81 8 Distortion0_0 LM0_0 WordPenalty0_0 PhrasePenalty0_0 TranslationModel0_0 TranslationModel0_1 TranslationModel0_2 TranslationModel0_3 
-147 -338.364 -60 57 -80.6004 -128.526 -29.8668 -135.205 
-143 -338.141 -60 57 -80.6004 -128.526 -29.8668 -135.205 
-153 -338.723 -60 57 -80.6004 -128.526 -29.8668 -135.205 
-149 -338.5 -60 57 -80.6004 -128.526 -29.8668 -135.205 
-159 -339.113 -60 57 -80.6004 -128.526 -29.8668 -135.205 
-155 -338.889 -60 57 -80.6004 -128.526 -29.8668 -135.205 
-165 -339.471 -60 57 -80.6004 -128.526 -29.8668 -135.205 
-161 -339.248 -60 57 -80.6004 -128.526 -29.8668 -135.205 
-145 -338.364 -60 57 -80.6004 -128.526 -29.8668 -135.205 
-141 -338.141 -60 57 -80.6004 -128.526 -29.8668 -135.205 
-151 -338.723 -60 57 -80.6004 -128.526 -29.8668 -135.205 
-147 -338.5 -60 57 -80.6004 -128.526 -29.8668 -135.205 
-141 -337.211 -60 57 -79.321 -127.709 -30.8174 -135.887 
-147 -337.57 -60 57 -79.321 -127.709 -30.8174 -135.887 
-143 -338.355 -60 57 -80.6004 -128.526 -29.8668 -135.205 
-143 -338.364 -60 57 -80.6004 -128.526 -29.8668 -135.205 
-139 -338.141 -60 57 -80.6004 -128.526 -29.8668 -135.205 
-149 -338.714 -60 57 -80.6004 -128.526 -29.8668 -135.205 
-147 -335.617 -60 57 -80.3127 -128.531 -31.6585 -135.936 
-143 -335.394 -60 57 -80.3127 -128.531 -31.6585 -135.936 
-153 -337.96 -60 57 -79.321 -127.709 -30.8174 -135.887 
-153 -335.976 -60 57 -80.3127 -128.531 -31.6585 -135.936 
-149 -335.753 -60 57 -80.3127 -128.531 -31.6585 -135.936 
-159 -338.318 -60 57 -79.321 -127.709 -30.8174 -135.887 
-155 -339.103 -60 57 -80.6004 -128.526 -29.8668 -135.205 
-155 -339.113 -60 57 -80.6004 -128.526 -29.8668 -135.205 
-155 -338.318 -60 57 -79.321 -127.709 -30.8174 -135.887 
-153 -335.213 -60 57 -79.0333 -127.714 -32.6091 -136.618 
-151 -338.889 -60 57 -80.6004 -128.526 -29.8668 -135.205 
-167 -339.991 -60 57 -80.6004 -128.526 -29.8668 -135.205 
-171 -340.214 -60 57 -80.6004 -128.526 -29.8668 -135.205 
-139 -337.211 -60 57 -79.321 -127.709 -30.8174 -135.887 
-161 -339.462 -60 57 -80.6004 -128.526 -29.8668 -135.205 
-159 -336.366 -60 57 -80.3127 -128.531 -31.6585 -135.936 
-161 -339.471 -60 57 -80.6004 -128.526 -29.8668 -135.205 
-155 -339.299 -60 57 -80.6004 -128.526 -29.8668 -135.205 
-155 -336.142 -60 57 -80.3127 -128.531 -31.6585 -135.936 
-157 -339.248 -60 57 -80.6004 -128.526 -29.8668 -135.205 
-161 -337.842 -60 57 -80.4782 -129.074 -30.9516 -135.864 
-145 -337.57 -60 57 -79.321 -127.709 -30.8174 -135.887 
-165 -336.724 -60 57 -80.3127 -128.531 -31.6585 -135.936 
-161 -336.501 -60 57 -80.3127 -128.531 -31.6585 -135.936 
-141 -338.355 -60 57 -80.6004 -128.526 -29.8668 -135.205 
-141 -338.364 -60 57 -80.6004 -128.526 -29.8668 -135.205 
-147 -338.708 -60 57 -80.6004 -128.526 -29.8668 -135.205 
-149 -337.96 -60 57 -79.321 -127.709 -30.8174 -135.887 
-137 -338.141 -60 57 -80.6004 -128.526 -29.8668 -135.205 
-143 -338.485 -60 57 -80.6004 -128.526 -29.8668 -135.205 
-149 -335.967 -60 57 -80.3127 -128.531 -31.6585 -135.936 
-147 -338.714 -60 57 -80.6004 -128.526 -29.8668 -135.205 
-145 -335.617 -60 57 -80.3127 -128.531 -31.6585 -135.936 
-141 -335.394 -60 57 -80.3127 -128.531 -31.6585 -135.936 
-151 -335.976 -60 57 -80.3127 -128.531 -31.6585 -135.936 
-147 -335.753 -60 57 -80.3127 -128.531 -31.6585 -135.936 
-147 -336.958 -60 57 -80.4783 -129.074 -30.9516 -135.864 
-143 -336.735 -60 57 -80.4783 -129.074 -30.9516 -135.864 
-153 -339.113 -60 57 -80.6004 -128.526 -29.8668 -135.205 
-159 -339.456 -60 57 -80.6004 -128.526 -29.8668 -135.205 
-139 -335.394 -60 57 -80.3127 -128.531 -31.6585 -135.936 
-153 -337.317 -60 57 -80.4782 -129.074 -30.9516 -135.864 
-149 -338.889 -60 57 -80.6004 -128.526 -29.8668 -135.205 
-155 -339.233 -60 57 -80.6004 -128.526 -29.8668 -135.205 
-159 -339.522 -60 57 -80.6004 -128.526 -29.8668 -135.205 
-137 -337.211 -60 57 -79.321 -127.709 -30.8174 -135.887 
-149 -337.094 -60 57 -80.4782 -129.074 -30.9516 -135.864 
-159 -339.471 -60 57 -80.6004 -128.526 -29.8668 -135.205 
-141 -334.464 -60 57 -79.0333 -127.714 -32.6091 -136.618 
-155 -339.248 -60 57 -80.6004 -128.526 -29.8668 -135.205 
-147 -334.823 -60 57 -79.0333 -127.714 -32.6091 -136.618 
-139 -338.355 -60 57 -80.6004 -128.526 -29.8668 -135.205 
-159 -337.707 -60 57 -80.4783 -129.074 -30.9516 -135.864 
-153 -339.164 -60 57 -80.6004 -128.526 -29.8668 -135.205 
-145 -338.708 -60 57 -80.6004 -128.526 -29.8668 -135.205 
-165 -338.065 -60 57 -80.4782 -129.074 -30.9516 -135.864 
-143 -335.617 -60 57 -80.3127 -128.531 -31.6585 -135.936 
-143 -335.608 -60 57 -80.3127 -128.531 -31.6585 -135.936 
-155 -337.483 -60 57 -80.4783 -129.074 -30.9516 -135.864 
-149 -338.94 -60 57 -80.6004 -128.526 -29.8668 -135.205 
-141 -338.485 -60 57 -80.6004 -128.526 -29.8668 -135.205 
-161 -339.632 -60 57 -80.6004 -128.526 -29.8668 -135.205 
-165 -339.855 -60 57 -80.6004 -128.526 -29.8668 -135.205 
FEATURES_TXT_END_0
FEATURES_TXT_BEGIN_0 97 100 8 Distortion0_0 LM0_0 WordPenalty0_0 PhrasePenalty0_0 TranslationModel0_0 TranslationModel0_1 TranslationModel0_2 TranslationModel0_3 
-119 -254.481 -49 45 -77.7842 -102.156 -28.4467 -94.8579 
-109 -253.976 -49 45 -77.7842 -102.156 -28.4467 -94.8579 
-131 -255.275 -49 45 -77.7842 -102.156 -28.4467 -94.8579 
-121 -254.771 -49 45 -77.7842 -102.156 -28.4467 -94.8579 
-115 -254.481 -49 45 -77.7842 -102.156 -28.4467 -94.8579 
-105 -253.976 -49 45 -77.7842 -102.156 -28.4467 -94.8579 
-115 -254.553 -49 45 -77.7842 -102.156 -28.4467 -94.8579 
-117 -253.835 -49 45 -75.9925 -102.686 -29.5453 -96.625 
-127 -255.275 -49 45 -77.7842 -102.156 -28.4467 -94.8579 
-117 -254.771 -49 45 -77.7842 -102.156 -28.4467 -94.8579 
-127 -255.348 -49 45 -77.7842 -102.156 -28.4467 -94.8579 
-121 -255.042 -49 45 -77.7842 -102.156 -28.4467 -94.8579 
-131 -254.62 -49 45 -76.5048 -101.339 -29.3973 -95.5397 
-129 -255.528 -49 45 -77.7842 -102.156 -28.4467 -94.8579 
-121 -255.095 -49 45 -77.7842 -102.156 -28.4467 -94.8579 
-111 -254.537 -49 45 -77.7842 -102.156 -28.4467 -94.8579 
-129 -248.784 -50 45 -77.3772 -99.264 -30.5485 -96.2638 
-121 -254.116 -49 45 -76.5048 -101.339 -29.3973 -95.5397 
-111 -254.553 -49 45 -77.7842 -102.156 -28.4467 -94.8579 
-119 -255.024 -49 45 -77.7842 -102.156 -28.4467 -94.8579 
-133 -255.836 -49 45 -77.7842 -102.156 -28.4467 -94.8579 
-113 -253.835 -49 45 -75.9925 -102.686 -29.5453 -96.625 
-111 -254.591 -49 45 -77.7842 -102.156 -28.4467 -94.8579 
-123 -255.332 -49 45 -77.7842 -102.156 -28.4467 -94.8579 
-119 -251.33 -49 45 -78.7936 -102.998 -30.2584 -96.3316 
-123 -255.348 -49 45 -77.7842 -102.156 -28.4467 -94.8579 
-117 -255.042 -49 45 -77.7842 -102.156 -28.4467 -94.8579 
-127 -254.62 -49 45 -76.5048 -101.339 -29.3973 -95.5397 
-121 -258.003 -49 45 -74.4893 -101.728 -27.9767 -96.337 
-125 -255.528 -49 45 -77.7842 -102.156 -28.4467 -94.8579 
-131 -255.887 -49 45 -77.7842 -102.156 -28.4467 -94.8579 
-117 -255.095 -49 45 -77.7842 -102.156 -28.4467 -94.8579 
-107 -254.537 -49 45 -77.7842 -102.156 -28.4467 -94.8579 
-125 -248.784 -50 45 -77.3772 -99.264 -30.5485 -96.2638 
-131 -252.124 -49 45 -78.7936 -102.998 -30.2584 -96.3316 
-117 -254.116 -49 45 -76.5048 -101.339 -29.3973 -95.5397 
-117 -255.115 -49 45 -77.7842 -102.156 -28.4467 -94.8579 
-127 -254.693 -49 45 -76.5048 -101.339 -29.3973 -95.5397 
-111 -257.498 -49 45 -74.4893 -101.728 -27.9767 -96.337 
-115 -255.024 -49 45 -77.7842 -102.156 -28.4467 -94.8579 
-125 -255.601 -49 45 -77.7842 -102.156 -28.4467 -94.8579 
-119 -254.397 -49 45 -75.9925 -102.686 -29.5453 -96.625 
-129 -255.836 -49 45 -77.7842 -102.156 -28.4467 -94.8579 
-121 -255.383 -49 45 -77.7842 -102.156 -28.4467 -94.8579 
-123 -258.209 -49 45 -74.4893 -101.728 -27.9767 -96.337 
-119 -254.275 -49 45 -76.5048 -101.339 -29.3973 -95.5397 
-107 -254.591 -49 45 -77.7842 -102.156 -28.4467 -94.8579 
-125 -256.422 -49 45 -75.8383 -98.395 -28.4467 -94.8579 
-117 -255.168 -49 45 -77.7842 -102.156 -28.4467 -94.8579 
-133 -258.797 -49 45 -74.4893 -101.728 -27.9767 -96.337 
-129 -254.874 -49 45 -76.5048 -101.339 -29.3973 -95.5397 
-103 -259.092 -49 45 -76.0689 -102.993 -26.384 -95.5375 
-143 -256.682 -49 45 -77.7842 -102.156 -28.4467 -94.8579 
-119 -254.45 -49 45 -75.9925 -102.686 -29.5453 -96.625 
-119 -255.332 -49 45 -77.7842 -102.156 -28.4467 -94.8579 
-113 -257.705 -49 45 -74.4893 -101.728 -27.9767 -96.337 
-109 -253.77 -49 45 -76.5048 -101.339 -29.3973 -95.5397 
-129 -255.909 -49 45 -77.7842 -102.156 -28.4467 -94.8579 
-115 -251.33 -49 45 -78.7936 -102.998 -30.2584 -96.3316 
-119 -258.056 -49 45 -74.4893 -101.728 -27.9767 -96.337 
-123 -258.293 -49 45 -74.4893 -101.728 -27.9767 -96.337 
-119 -254.369 -49 45 -76.5048 -101.339 -29.3973 -95.5397 
-129 -252.77 -50 45 -75.7119 -98.395 -29.0657 -94.8579 
-93 -258.587 -49 45 -76.0689 -102.993 -26.384 -95.5375 
-133 -256.177 -49 45 -77.7842 -102.156 -28.4467 -94.8579 
-133 -255.182 -49 45 -76.5048 -101.339 -29.3973 -95.5397 
-135 -259.004 -49 45 -74.4893 -101.728 -27.9767 -96.337 
-121 -258.209 -49 45 -74.4893 -101.728 -27.9767 -96.337 
-137 -257.216 -49 45 -75.8383 -98.395 -28.4467 -94.8579 
-105 -259.298 -49 45 -76.0689 -102.993 -26.384 -95.5375 
-131 -256.09 -49 45 -77.7842 -102.156 -28.4467 -94.8579 
-117 -258.003 -49 45 -74.4893 -101.728 -27.9767 -96.337 
-109 -257.552 -49 45 -74.4893 -101.728 -27.9767 -96.337 
-115 -251.402 -49 45 -78.7936 -102.998 -30.2584 -96.3316 
-115 -259.886 -49 45 -76.0689 -102.993 -26.384 -95.5375 
-121 -258.318 -49 45 -72.0212 -100.296 -28.6698 -97.7641 
-123 -255.656 -49 45 -77.7842 -102.156 -28.4467 -94.8579 
-127 -255.887 -49 45 -77.7842 -102.156 -28.4467 -94.8579 
-131 -249.346 -50 45 -77.3772 -99.264 -30.5485 -96.2638 
-123 -254.677 -49 45 -76.5048 -101.339 -29.3973 -95.5397 
-125 -258.499 -49 45 -74.4893 -101.728 -27.9767 -96.337 
-111 -257.705 -49 45 -74.4893 -101.728 -27.9767 -96.337 
-117 -250.685 -49 45 -77.0019 -103.528 -31.357 -98.0987 
-127 -252.124 -49 45 -78.7936 -102.998 -30.2584 -96.3316 
-131 -258.851 -49 45 -74.4893 -101.728 -27.9767 -96.337 
-113 -255.115 -49 45 -77.7842 -102.156 -28.4467 -94.8579 
-123 -254.693 -49 45 -76.5048 -101.339 -29.3973 -95.5397 
-95 -258.794 -49 45 -76.0689 -102.993 -26.384 -95.5375 
-121 -255.585 -49 45 -77.7842 -102.156 -28.4467 -94.8579 
-107 -257.498 -49 45 -74.4893 -101.728 -27.9767 -96.337 
-101 -259.145 -49 45 -76.0689 -102.993 -26.384 -95.5375 
-117 -258.075 -49 45 -74.4893 -101.728 -27.9767 -96.337 
-105 -259.382 -49 45 -76.0689 -102.993 -26.384 -95.5375 
-121 -255.601 -49 45 -77.7842 -102.156 -28.4467 -94.8579 
-111 -257.814 -49 45 -72.0212 -100.296 -28.6698 -97.7641 
-115 -254.397 -49 45 -75.9925 -102.686 -29.5453 -96.625 
-113 -255.152 -49 45 -77.7842 -102.156 -28.4467 -94.8579 
-133 -259.004 -49 45 -74.4893 -101.728 -27.9767 -96.337 
-117 -255.383 -49 45 -77.7842 -102.156 -28.4467 -94.8579 
-119 -258.209 -49 45 -74.4893 -101.728 -27.9767 -96.337 
FEATURES_TXT_END_0
FEATURES_TXT_BEGIN_0 98 97 8 Distortion0_0 LM0_0 WordPenalty0_0 PhrasePenalty0_0 TranslationModel0_0 TranslationModel0_1 TranslationModel0_2 TranslationModel0_3 
-68 -172.322 -30 25 -27.938 -48.0617 -13.3968 -55.4441 
-88 -173.67 -30 25 -27.938 -48.0617 -13.3968 -55.4441 
-64 -172.322 -30 25 -27.938 -48.0617 -13.3968 -55.4441 
-62 -172.322 -30 25 -27.938 -48.0617 -13.3968 -55.4441 
-84 -173.67 -30 25 -27.938 -48.0617 -13.3968 -55.4441 
-82 -173.67 -30 25 -27.938 -48.0617 -13.3968 -55.4441 
-66 -167.538 -30 26 -29.1256 -48.9032 -16.1053 -56.9178 
-68 -169.171 -30 25 -28.9475 -48.9032 -15.2086 -56.9178 
-80 -173.703 -30 25 -27.938 -48.0617 -13.3968 -55.4441 
-64 -167.538 -30 26 -29.1256 -48.9032 -16.1053 -56.9178 
-68 -175.284 -29 25 -30.6736 -50.7955 -13.0401 -54.6287 
-70 -173.161 -30 25 -27.938 -48.0617 -13.3968 -55.4441 
-68 -175.763 -30 25 -24.0616 -45.1621 -13.0401 -55.4441 
-70 -175.471 -29 25 -30.6736 -50.7955 -13.0401 -54.6287 
-84 -176.899 -30 26 -25.5349 -47.7942 -12.6498 -56.7527 
-70 -175.95 -30 25 -24.0616 -45.1621 -13.0401 -55.4441 
-86 -168.887 -30 26 -29.1256 -48.9032 -16.1053 -56.9178 
-68 -174.046 -30 25 -27.0218 -50.6027 -13.3968 -54.6703 
-68 -173.161 -30 25 -27.938 -48.0617 -13.3968 -55.4441 
-88 -170.52 -30 25 -28.9475 -48.9032 -15.2086 -56.9178 
-64 -169.171 -30 25 -28.9475 -48.9032 -15.2086 -56.9178 
-86 -177.086 -30 26 -25.5349 -47.7942 -12.6498 -56.7527 
-68 -175.471 -29 25 -30.6736 -50.7955 -13.0401 -54.6287 
-68 -175.95 -30 25 -24.0616 -45.1621 -13.0401 -55.4441 
-82 -176.899 -30 26 -25.5349 -47.7942 -12.6498 -56.7527 
-84 -168.887 -30 26 -29.1256 -48.9032 -16.1053 -56.9178 
-88 -176.633 -29 25 -30.6736 -50.7955 -13.0401 -54.6287 
-76 -173.703 -30 25 -27.938 -48.0617 -13.3968 -55.4441 
-72 -173.475 -30 25 -27.938 -48.0617 -13.3968 -55.4441 
-90 -174.51 -30 25 -27.938 -48.0617 -13.3968 -55.4441 
-88 -177.111 -30 25 -24.0616 -45.1621 -13.0401 -55.4441 
-66 -173.161 -30 25 -27.938 -48.0617 -13.3968 -55.4441 
-62 -169.171 -30 25 -28.9475 -48.9032 -15.2086 -56.9178 
-84 -177.086 -30 26 -25.5349 -47.7942 -12.6498 -56.7527 
-60 -175.95 -30 25 -24.0616 -45.1621 -13.0401 -55.4441 
-90 -176.82 -29 25 -30.6736 -50.7955 -13.0401 -54.6287 
-68 -174.317 -30 25 -29.2174 -48.8787 -12.4462 -54.7624 
-90 -177.298 -30 25 -24.0616 -45.1621 -13.0401 -55.4441 
-76 -176.669 -30 26 -25.5349 -47.7942 -12.6498 -56.7527 
-74 -173.703 -30 25 -27.938 -48.0617 -13.3968 -55.4441 
-88 -173.507 -30 25 -26.6586 -47.2446 -14.3474 -56.1259 
-88 -174.51 -30 25 -27.938 -48.0617 -13.3968 -55.4441 
-64 -174.046 -30 25 -27.0218 -50.6027 -13.3968 -54.6703 
-84 -170.52 -30 25 -28.9475 -48.9032 -15.2086 -56.9178 
-68 -176.547 -30 25 -24.3005 -45.1621 -12.7037 -55.4441 
-78 -176.856 -30 26 -25.5349 -47.7942 -12.6498 -56.7527 
-82 -177.086 -30 26 -25.5349 -47.7942 -12.6498 -56.7527 
-88 -176.82 -29 25 -30.6736 -50.7955 -13.0401 -54.6287 
-66 -174.317 -30 25 -29.2174 -48.8787 -12.4462 -54.7624 
-88 -177.298 -30 25 -24.0616 -45.1621 -13.0401 -55.4441 
-64 -175.471 -29 25 -30.6736 -50.7955 -13.0401 -54.6287 
-68 -175.781 -30 26 -26.228 -46.0508 -12.6498 -55.5 
-74 -176.669 -30 26 -25.5349 -47.7942 -12.6498 -56.7527 
-64 -175.95 -30 25 -24.0616 -45.1621 -13.0401 -55.4441 
-72 -172.804 -29 25 -34.3112 -53.6951 -13.7333 -54.6287 
-70 -176.734 -30 25 -24.3005 -45.1621 -12.7037 -55.4441 
-68 -173.475 -30 25 -27.938 -48.0617 -13.3968 -55.4441 
-86 -174.51 -30 25 -27.938 -48.0617 -13.3968 -55.4441 
-72 -173.283 -30 25 -27.6992 -48.0617 -13.7333 -55.4441 
-62 -174.046 -30 25 -27.0218 -50.6027 -13.3968 -54.6703 
-82 -170.52 -30 25 -28.9475 -48.9032 -15.2086 -56.9178 
-88 -175.665 -30 25 -29.2174 -48.8787 -12.4462 -54.7624 
-70 -175.969 -30 26 -26.228 -46.0508 -12.6498 -55.5 
-76 -176.856 -30 26 -25.5349 -47.7942 -12.6498 -56.7527 
-84 -174.318 -30 26 -29.1725 -50.6938 -13.3429 -56.7527 
-80 -177.086 -30 26 -25.5349 -47.7942 -12.6498 -56.7527 
-66 -164.388 -30 26 -30.1351 -49.7447 -17.9171 -58.3916 
-96 -178.017 -30 26 -25.5349 -47.7942 -12.6498 -56.7527 
-88 -174.419 -30 26 -29.1725 -50.6938 -13.3429 -56.7527 
-80 -174.259 -30 25 -27.938 -48.0617 -13.3968 -55.4441 
-72 -176.669 -30 26 -25.5349 -47.7942 -12.6498 -56.7527 
-66 -173.475 -30 25 -27.938 -48.0617 -13.3968 -55.4441 
-84 -173.507 -30 25 -26.6586 -47.2446 -14.3474 -56.1259 
-68 -172.703 -29 25 -34.3112 -53.6951 -13.7333 -54.6287 
-86 -174.632 -30 25 -27.938 -48.0617 -13.3968 -55.4441 
-88 -177.895 -30 25 -24.3005 -45.1621 -12.7037 -55.4441 
-78 -168.919 -30 26 -29.1256 -48.9032 -16.1053 -56.9178 
-68 -173.182 -30 25 -27.6992 -48.0617 -13.7333 -55.4441 
-98 -178.204 -30 26 -25.5349 -47.7942 -12.6498 -56.7527 
-86 -175.665 -30 25 -29.2174 -48.8787 -12.4462 -54.7624 
-68 -175.969 -30 26 -26.228 -46.0508 -12.6498 -55.5 
-71 -173.815 -30 25 -27.938 -48.0617 -13.3968 -55.4441 
-80 -170.552 -30 25 -28.9475 -48.9032 -15.2086 -56.9179 
-74 -176.856 -30 26 -25.5349 -47.7942 -12.6498 -56.7527 
-68 -172.612 -30 25 -25.071 -46.0036 -14.8519 -56.9178 
-78 -177.086 -30 26 -25.5349 -47.7942 -12.6498 -56.7527 
-84 -176.82 -29 25 -30.6736 -50.7955 -13.0401 -54.6287 
-88 -177.13 -30 26 -26.228 -46.0508 -12.6498 -55.5 
-64 -164.388 -30 26 -30.1351 -49.7447 -17.9171 -58.3916 
-68 -172.133 -29 25 -31.683 -51.637 -14.8519 -56.1024 
-94 -178.017 -30 26 -25.5349 -47.7942 -12.6498 -56.7527 
-84 -177.298 -30 25 -24.0616 -45.1621 -13.0401 -55.4441 
-60 -175.471 -29 25 -30.6736 -50.7955 -13.0401 -54.6287 
-86 -174.419 -30 26 -29.1725 -50.6938 -13.3429 -56.7527 
-92 -174.153 -29 25 -34.3112 -53.6951 -13.7333 -54.6287 
-70 -170.01 -30 25 -28.9475 -48.9032 -15.2086 -56.9178 
-90 -178.082 -30 25 -24.3005 -45.1621 -12.7037 -55.4441 
FEATURES_TXT_END_0
FEATURES_TXT_BEGIN_0 99 100 8 Distortion0_0 LM0_0 WordPenalty0_0 PhrasePenalty0_0 TranslationModel0_0 TranslationModel0_1 TranslationModel0_2 TranslationModel0_3 
-103 -215.048 -38 37 -79.8347 -94.125 -21.7744 -76.3438 
-103 -215.125 -38 37 -79.8347 -94.125 -21.7744 -76.3438 
-101 -215.048 -38 37 -79.8347 -94.125 -21.7744 -76.3438 
-101 -215.125 -38 37 -79.8347 -94.125 -21.7744 -76.3438 
-110 -215.683 -38 37 -79.8347 -94.125 -21.7744 -76.3438 
-99 -215.066 -38 37 -79.8347 -94.125 -21.7744 -76.3438 
-109 -215.683 -38 37 -79.8347 -94.125 -21.7744 -76.3438 
-101 -213.22 -38 37 -80.2201 -93.8935 -22.7729 -76.5802 
-110 -215.76 -38 37 -79.8347 -94.125 -21.7744 -76.3438 
-99 -215.142 -38 37 -79.8347 -94.125 -21.7744 -76.3438 
-108 -215.683 -38 37 -79.8347 -94.125 -21.7744 -76.3438 
-97 -215.066 -38 37 -79.8347 -94.125 -21.7744 -76.3438 
-109 -215.76 -38 37 -79.8347 -94.125 -21.7744 -76.3438 
-99 -213.22 -38 37 -80.2201 -93.8935 -22.7729 -76.5802 
-108 -215.76 -38 37 -79.8347 -94.125 -21.7744 -76.3438 
-97 -215.142 -38 37 -79.8347 -94.125 -21.7744 -76.3438 
-108 -213.855 -38 37 -80.2201 -93.8935 -22.7729 -76.5802 
-97 -213.237 -38 37 -80.2201 -93.8935 -22.7729 -76.5802 
-107 -213.855 -38 37 -80.2201 -93.8935 -22.7729 -76.5802 
-106 -213.855 -38 37 -80.2201 -93.8935 -22.7729 -76.5802 
-95 -213.237 -38 37 -80.2201 -93.8935 -22.7729 -76.5802 
-105 -216.632 -38 37 -82.4916 -95.7738 -20.5292 -76.3175 
-105 -216.708 -38 37 -82.4916 -95.7738 -20.5292 -76.3175 
-103 -216.632 -38 37 -82.4916 -95.7738 -20.5292 -76.3175 
-103 -216.708 -38 37 -82.4916 -95.7738 -20.5292 -76.3175 
-114 -216.636 -38 37 -79.8347 -94.125 -21.7744 -76.3438 
-103 -216.019 -38 37 -79.8347 -94.125 -21.7744 -76.3438 
-101 -216.632 -38 37 -82.4916 -95.7738 -20.5292 -76.3175 
-113 -216.636 -38 37 -79.8347 -94.125 -21.7744 -76.3438 
-97 -215.739 -38 37 -79.8347 -94.125 -21.7744 -76.3438 
-114 -216.713 -38 37 -79.8347 -94.125 -21.7744 -76.3438 
-103 -216.095 -38 37 -79.8347 -94.125 -21.7744 -76.3438 
-103 -213.413 -38 37 -82.5518 -96.6834 -22.4675 -77.6168 
-103 -214.803 -38 37 -82.877 -95.5423 -21.5277 -76.5539 
-101 -216.708 -38 37 -82.4916 -95.7738 -20.5292 -76.3175 
-112 -216.636 -38 37 -79.8347 -94.125 -21.7744 -76.3438 
-101 -216.019 -38 37 -79.8347 -94.125 -21.7744 -76.3438 
-113 -216.713 -38 37 -79.8347 -94.125 -21.7744 -76.3438 
-99 -216.632 -38 37 -82.4916 -95.7738 -20.5292 -76.3175 
-101 -216.048 -38 37 -79.8347 -94.125 -21.7744 -76.3438 
-101 -214.036 -38 37 -80.2201 -93.8935 -22.7729 -76.5802 
-109 -216.51 -38 37 -79.8347 -94.125 -21.7744 -76.3438 
-103 -213.49 -38 37 -82.5518 -96.6834 -22.4675 -77.6168 
-95 -215.739 -38 37 -79.8347 -94.125 -21.7744 -76.3438 
-112 -216.713 -38 37 -79.8347 -94.125 -21.7744 -76.3438 
-111 -213.967 -38 37 -82.5518 -96.6834 -22.4675 -77.6168 
-101 -216.095 -38 37 -79.8347 -94.125 -21.7744 -76.3438 
-101 -213.413 -38 37 -82.5518 -96.6834 -22.4675 -77.6168 
-103 -216.227 -38 37 -79.8347 -94.125 -21.7744 -76.3438 
-101 -214.803 -38 37 -82.877 -95.5423 -21.5277 -76.5539 
-99 -216.708 -38 37 -82.4916 -95.7738 -20.5292 -76.3175 
-109 -216.586 -38 37 -79.8347 -94.125 -21.7744 -76.3438 
-97 -213.904 -38 37 -80.2201 -93.8935 -22.7729 -76.5802 
-99 -216.048 -38 37 -79.8347 -94.125 -21.7744 -76.3438 
-99 -214.036 -38 37 -80.2201 -93.8935 -22.7729 -76.5802 
-111 -214.044 -38 37 -82.5518 -96.6834 -22.4675 -77.6168 
-101 -213.49 -38 37 -82.5518 -96.6834 -22.4675 -77.6168 
-95 -215.848 -38 37 -79.8347 -94.125 -21.7744 -76.3438 
-112 -214.808 -38 37 -80.2201 -93.8935 -22.7729 -76.5802 
-104 -216.374 -38 37 -79.8347 -94.125 -21.7744 -76.3438 
-101 -214.19 -38 37 -80.2201 -93.8935 -22.7729 -76.5802 
-109 -213.967 -38 37 -82.5518 -96.6834 -22.4675 -77.6168 
-93 -215.757 -38 37 -79.8347 -94.125 -21.7744 -76.3438 
-101 -216.227 -38 37 -79.8347 -94.125 -21.7744 -76.3438 
-99 -214.803 -38 37 -82.877 -95.5423 -21.5277 -76.5539 
-99 -218.492 -38 37 -79.4347 -93.0892 -20.5292 -75.3155 
-101 -211.194 -39 37 -82.1846 -94.3289 -22.1447 -76.3564 
-111 -214.808 -38 37 -80.2201 -93.8935 -22.7729 -76.5802 
-103 -214.357 -38 37 -80.2201 -93.8935 -22.7729 -76.5802 
-103 -216.374 -38 37 -79.8347 -94.125 -21.7744 -76.3438 
-95 -213.904 -38 37 -80.2201 -93.8935 -22.7729 -76.5802 
-95 -215.924 -38 37 -79.8347 -94.125 -21.7744 -76.3438 
-101 -216.274 -38 37 -79.8347 -94.125 -21.7744 -76.3438 
-108 -216.683 -38 37 -79.8347 -94.125 -21.7744 -76.3438 
-109 -214.044 -38 37 -82.5518 -96.6834 -22.4675 -77.6168 
-103 -215.35 -39 38 -76.5386 -94.0929 -21.919 -77.0155 
-108 -214.671 -38 37 -80.2201 -93.8935 -22.7729 -76.5802 
-97 -216.066 -38 37 -79.8347 -94.125 -21.7744 -76.3438 
-101 -211.585 -38 37 -82.9372 -96.4519 -23.4661 -77.8532 
-97 -214.054 -38 37 -80.2201 -93.8935 -22.7729 -76.5802 
-93 -215.848 -38 37 -79.8347 -94.125 -21.7744 -76.3438 
-99 -218.568 -38 37 -79.4347 -93.0892 -20.5292 -75.3155 
-110 -214.808 -38 37 -80.2201 -93.8935 -22.7729 -76.5802 
-102 -216.374 -38 37 -79.8347 -94.125 -21.7744 -76.3438 
-101 -211.27 -39 37 -82.1846 -94.3289 -22.1447 -76.3564 
-99 -214.19 -38 37 -80.2201 -93.8935 -22.7729 -76.5802 
-91 -215.757 -38 37 -79.8347 -94.125 -21.7744 -76.3438 
-117 -217.242 -38 37 -79.8347 -94.125 -21.7744 -76.3438 
-107 -216.683 -38 37 -79.8347 -94.125 -21.7744 -76.3438 
-97 -214.803 -38 37 -82.877 -95.5423 -21.5277 -76.5539 
-105 -217.276 -38 37 -82.4916 -95.7738 -20.5292 -76.3175 
-107 -214.671 -38 37 -80.2201 -93.8935 -22.7729 -76.5802 
-97 -218.492 -38 37 -79.4347 -93.0892 -20.5292 -75.3155 
-110 -216.862 -38 37 -79.8347 -94.125 -21.7744 -76.3438 
-107 -214.682 -38 37 -80.2201 -93.8935 -22.7729 -76.5802 
-99 -211.194 -39 37 -82.1846 -94.3289 -22.1447 -76.3564 
-99 -216.245 -38 37 -79.8347 -94.125 -21.7744 -76.3438 
-105 -215.305 -39 38 -79.6009 -95.7418 -21.0704 -76.9892 
-101 -214.357 -38 37 -80.2201 -93.8935 -22.7729 -76.5802 
-93 -215.924 -38 37 -79.8347 -94.125 -21.7744 -76.3438 
FEATURES_TXT_END_0
FEATURES_TXT_BEGIN_0 100 100 8 Distortion0_0 LM0_0 WordPenalty0_0 PhrasePenalty0_0 TranslationModel0_0 TranslationModel0_1 TranslationModel0_2 TranslationModel0_3 
-74 -140.883 -30 30 -63.0931 -70.2145 -16.9266 -59.8194 
-82 -141.428 -31 30 -60.7035 -70.1825 -16.0103 -60.4912 
-74 -139.264 -30 30 -64.1024 -71.7378 -17.6198 -61.2545 
-82 -139.81 -31 30 -61.7128 -71.7058 -16.7035 -61.9262 
-74 -140.143 -30 30 -61.8137 -69.3974 -17.8772 -60.5012 
-82 -140.689 -31 30 -59.4242 -69.3654 -16.9609 -61.1729 
-76 -141.637 -30 30 -63.0931 -70.2145 -16.9266 -59.8194 
-76 -139.899 -30 30 -64.1024 -71.7378 -17.6198 -61.2545 
-84 -142.183 -31 30 -60.7036 -70.1825 -16.0103 -60.4912 
-84 -140.445 -31 30 -61.7128 -71.7058 -16.7035 -61.9262 
-82 -142.104 -30 30 -63.0931 -70.2145 -16.9266 -59.8194 
-82 -140.485 -30 30 -64.1024 -71.7378 -17.6198 -61.2545 
-82 -141.365 -30 30 -61.8137 -69.3974 -17.8772 -60.5012 
-74 -142.235 -30 30 -63.0931 -70.2145 -16.9266 -59.8194 
-84 -142.858 -30 30 -63.0931 -70.2145 -16.9266 -59.8194 
-84 -141.121 -30 30 -64.1024 -71.7378 -17.6198 -61.2545 
-72 -141.913 -30 29 -62.7859 -70.2145 -17.1039 -59.8194 
-74 -140.617 -30 30 -64.1024 -71.7378 -17.6198 -61.2545 
-84 -143 -31 30 -60.7036 -70.1825 -16.0103 -60.4912 
-78 -143.104 -30 30 -62.2779 -69.2003 -16.9128 -58.7736 
-86 -143.65 -31 30 -59.8883 -69.1683 -15.9965 -59.4453 
-72 -140.294 -30 29 -63.7951 -71.7378 -17.797 -61.2545 
-74 -141.496 -30 30 -61.8137 -69.3974 -17.8772 -60.5012 
-84 -141.381 -31 30 -61.7128 -71.7058 -16.7035 -61.9262 
-78 -141.486 -30 30 -63.2871 -70.7237 -17.606 -60.2087 
-68 -142.22 -30 30 -63.0931 -70.2145 -16.9266 -59.8194 
-86 -142.031 -31 30 -60.8976 -70.6917 -16.6897 -60.8804 
-72 -141.174 -30 29 -61.5065 -69.3974 -18.0545 -60.5012 
-76 -142.766 -31 30 -60.7035 -70.1825 -16.0103 -60.4912 
-76 -143.231 -30 30 -62.2779 -69.2003 -16.9128 -58.7736 
-84 -142.26 -31 30 -59.4242 -69.3654 -16.9609 -61.1729 
-78 -142.365 -30 30 -60.9985 -68.3832 -17.8634 -59.4554 
-84 -143.776 -31 30 -59.8883 -69.1683 -15.9965 -59.4453 
-86 -142.911 -31 30 -58.6089 -68.3512 -16.9471 -60.1271 
-66 -142.235 -30 30 -63.0931 -70.2145 -16.9266 -59.8194 
-68 -140.602 -30 30 -64.1024 -71.7378 -17.6198 -61.2545 
-78 -143 -31 30 -60.7036 -70.1825 -16.0103 -60.4912 
-76 -141.147 -31 30 -61.7128 -71.7058 -16.7035 -61.9262 
-66 -142.3 -30 30 -63.0931 -70.2145 -16.9266 -59.8194 
-76 -141.612 -30 30 -63.2871 -70.7237 -17.606 -60.2087 
-76 -142.89 -30 30 -63.0931 -70.2145 -16.9266 -59.8194 
-64 -141.913 -30 29 -62.7859 -70.2145 -17.1039 -59.8194 
-74 -140.785 -30 30 -63.4786 -69.983 -17.9251 -60.0558 
-84 -142.158 -31 30 -60.8976 -70.6917 -16.6897 -60.8804 
-68 -141.481 -30 30 -61.8137 -69.3974 -17.8772 -60.5012 
-66 -140.617 -30 30 -64.1024 -71.7378 -17.6198 -61.2545 
-82 -141.331 -31 30 -61.089 -69.951 -17.0089 -60.7275 
-76 -142.026 -31 30 -59.4241 -69.3654 -16.9609 -61.1729 
-78 -141.381 -31 30 -61.7128 -71.7058 -16.7035 -61.9262 
-76 -142.99 -30 30 -63.0931 -70.2145 -16.9266 -59.8194 
-76 -142.492 -30 30 -60.9985 -68.3832 -17.8634 -59.4554 
-66 -140.681 -30 30 -64.1024 -71.7378 -17.6198 -61.2545 
-76 -141.252 -30 30 -64.1024 -71.7378 -17.6198 -61.2545 
-76 -141.272 -30 30 -64.1024 -71.7378 -17.6198 -61.2545 
-74 -142.517 -30 30 -62.4513 -69.7742 -17.3144 -61.0194 
-86 -143.609 -30 30 -63.0931 -70.2145 -16.9266 -59.8194 
-84 -143.037 -31 30 -58.6089 -68.3512 -16.9471 -60.1271 
-64 -140.294 -30 29 -63.7951 -71.7378 -17.797 -61.2545 
-78 -148.156 -29 29 -59.849 -70.0729 -16.6891 -62.8324 
-74 -139.167 -30 30 -64.4878 -71.5064 -18.6183 -61.4909 
-66 -141.496 -30 30 -61.8137 -69.3974 -17.8772 -60.5012 
-82 -143.063 -31 30 -60.0617 -69.7422 -16.3981 -61.6911 
-74 -142.667 -30 29 -62.7859 -70.2145 -17.1039 -59.8194 
-86 -148.702 -30 29 -57.4594 -70.0409 -15.7728 -63.5041 
-78 -142.26 -31 30 -59.4242 -69.3654 -16.9609 -61.1729 
-82 -139.712 -31 30 -62.0982 -71.4743 -17.702 -62.1626 
-74 -140.929 -30 29 -63.7951 -71.7378 -17.797 -61.2545 
-66 -141.561 -30 30 -61.8137 -69.3974 -17.8772 -60.5012 
-86 -143.754 -31 30 -60.7036 -70.1825 -16.0103 -60.4912 
-80 -143.859 -30 30 -62.2779 -69.2003 -16.9128 -58.7736 
-76 -142.151 -30 30 -61.8137 -69.3974 -17.8772 -60.5012 
-86 -142.016 -31 30 -61.7128 -71.7058 -16.7035 -61.9262 
-64 -141.174 -30 29 -61.5065 -69.3974 -18.0545 -60.5012 
-78 -143.275 -30 30 -63.0931 -70.2145 -16.9266 -59.8194 
-80 -142.121 -30 30 -63.2871 -70.7237 -17.606 -60.2087 
-74 -140.046 -30 30 -62.1992 -69.1659 -18.8758 -60.7376 
-78 -141.528 -30 30 -64.1024 -71.7378 -17.6198 -61.2545 
-74 -140.899 -30 30 -63.4606 -71.2976 -18.0075 -62.4545 
-88 -144.404 -31 30 -59.8883 -69.1683 -15.9965 -59.4453 
-86 -141.99 -30 30 -64.1024 -71.7378 -17.6198 -61.2545 
-78 -146.538 -29 29 -60.8582 -71.5963 -17.3822 -64.2675 
-86 -143.82 -31 30 -60.7035 -70.1825 -16.0103 -60.4912 
-88 -142.666 -31 30 -60.8976 -70.6916 -16.6897 -60.8804 
-82 -140.592 -31 30 -59.8096 -69.1339 -17.9595 -61.4093 
-86 -142.074 -31 30 -61.7128 -71.7058 -16.7035 -61.9262 
-82 -141.444 -31 30 -61.071 -71.2656 -17.0912 -63.1262 
-84 -143.675 -30 30 -63.0931 -70.2145 -16.9266 -59.8194 
-68 -142.77 -30 30 -63.0931 -70.2145 -16.9266 -59.8194 
-70 -142.89 -30 30 -63.0931 -70.2145 -16.9266 -59.8194 
-86 -147.083 -30 29 -58.4686 -71.5642 -16.4659 -64.9392 
-86 -144.325 -30 30 -62.2779 -69.2003 -16.9128 -58.7736 
-86 -144.822 -29 29 -62.6015 -71.6901 -18.1731 -61.5772 
-74 -141.778 -30 30 -61.1719 -68.9572 -18.265 -61.7012 
-86 -142.869 -30 30 -61.8137 -69.3974 -17.8772 -60.5012 
-74 -140.428 -30 30 -62.823 -70.9208 -18.5704 -61.9363 
-78 -147.417 -29 29 -58.5696 -69.2558 -17.6397 -63.5142 
-70 -142.975 -30 30 -63.0931 -70.2145 -16.9266 -59.8194 
-94 -145.367 -30 29 -60.2119 -71.6581 -17.2568 -62.2489 
-82 -142.324 -31 30 -58.7823 -68.9251 -17.3487 -62.3729 
-82 -144.126 -30 30 -62.2665 -69.3378 -16.9266 -59.3852 
FEATURES_TXT_END_0
FEATURES_TXT_BEGIN_0 101 78 8 Distortion0_0 LM0_0 WordPenalty0_0 PhrasePenalty0_0 TranslationModel0_0 TranslationModel0_1 TranslationModel0_2 TranslationModel0_3 
-123 -191.948 -37 37 -67.0907 -78.7241 -25.7682 -75.5226 
-119 -191.948 -37 37 -67.0907 -78.7241 -25.7682 -75.5226 
-107 -189.588 -38 37 -67.4474 -78.6236 -25.7682 -73.3708 
-121 -195.505 -37 37 -63.4271 -76.2078 -25.075 -74.9761 
-115 -191.948 -37 37 -67.0907 -78.7241 -25.7682 -75.5226 
-113 -191.948 -37 37 -67.0907 -78.7241 -25.7682 -75.5226 
-111 -195.16 -38 38 -61.8115 -76.1758 -24.5646 -75.6478 
-123 -191.602 -38 38 -65.4751 -78.6921 -25.2578 -76.1943 
-117 -195.505 -37 37 -63.4271 -76.2078 -25.075 -74.9761 
-123 -193.619 -37 37 -68.3701 -79.5412 -24.8176 -74.8409 
-111 -191.948 -37 37 -67.0907 -78.7241 -25.7682 -75.5226 
-131 -194.152 -37 37 -68.3701 -79.5412 -24.8176 -74.8409 
-115 -195.505 -37 37 -63.4271 -76.2078 -25.075 -74.9761 
-109 -191.948 -37 37 -67.0907 -78.7241 -25.7682 -75.5226 
-119 -191.602 -38 38 -65.4751 -78.6921 -25.2578 -76.1943 
-129 -196.013 -37 37 -68.4391 -78.0648 -24.1244 -73.0491 
-121 -193.809 -37 37 -67.1597 -77.2478 -25.075 -73.7309 
-129 -194.152 -37 37 -68.3701 -79.5412 -24.8176 -74.8409 
-113 -195.505 -37 37 -63.4271 -76.2078 -25.075 -74.9761 
-119 -193.619 -37 37 -68.3701 -79.5412 -24.8176 -74.8409 
-127 -193.806 -38 38 -66.7545 -79.5092 -24.3072 -75.5126 
-127 -194.152 -37 37 -68.3701 -79.5412 -24.8176 -74.8409 
-111 -195.505 -37 37 -63.4271 -76.2078 -25.075 -74.9761 
-123 -192.097 -37 37 -71.4456 -78.4297 -25.1679 -71.7945 
-121 -195.16 -38 38 -61.8115 -76.1758 -24.5646 -75.6478 
-117 -189.588 -38 37 -67.4474 -78.6236 -25.7682 -73.3708 
-123 -190.069 -38 38 -69.8578 -79.8915 -24.9319 -75.6832 
-115 -191.602 -38 38 -65.4751 -78.6921 -25.2578 -76.1943 
-117 -193.809 -37 37 -67.1597 -77.2478 -25.075 -73.7309 
-119 -191.131 -38 37 -65.2438 -80.3191 -25.9505 -78.2153 
-125 -194.152 -37 37 -68.3701 -79.5412 -24.8176 -74.8409 
-121 -197.177 -37 37 -64.7065 -77.0249 -24.1244 -74.2943 
-109 -195.505 -37 37 -63.4271 -76.2078 -25.075 -74.9761 
-115 -193.619 -37 37 -68.3701 -79.5412 -24.8176 -74.8409 
-113 -191.602 -38 38 -65.4751 -78.6921 -25.2578 -76.1943 
-113 -197.177 -37 37 -64.7065 -77.0249 -24.1244 -74.2943 
-129 -197.72 -37 37 -64.7065 -77.0249 -24.1244 -74.2943 
-117 -194.152 -37 37 -68.3701 -79.5412 -24.8176 -74.8409 
-123 -194.152 -37 37 -68.3701 -79.5412 -24.8176 -74.8409 
-107 -195.505 -37 37 -63.4271 -76.2078 -25.075 -74.9761 
-113 -193.619 -37 37 -68.3701 -79.5412 -24.8176 -74.8409 
-109 -193.809 -37 37 -67.1597 -77.2478 -25.075 -73.7309 
-117 -195.16 -38 38 -61.8115 -76.1758 -24.5646 -75.6478 
-113 -189.588 -38 37 -67.4474 -78.6236 -25.7682 -73.3708 
-119 -190.069 -38 38 -69.8578 -79.8915 -24.9319 -75.6832 
-123 -197.709 -37 37 -64.7065 -77.0249 -24.1244 -74.2943 
-121 -195.481 -37 37 -68.4391 -78.0648 -24.1244 -73.0491 
-123 -193.274 -38 38 -66.7545 -79.5092 -24.3072 -75.5126 
-119 -197.367 -37 37 -63.4961 -74.7314 -24.3819 -73.1843 
-111 -191.602 -38 38 -65.4751 -78.6921 -25.2578 -76.1943 
-120 -193.065 -37 37 -67.0907 -78.7241 -25.7682 -75.5226 
-121 -197.366 -37 37 -64.7065 -77.0249 -24.1244 -74.2943 
-127 -197.709 -37 37 -64.7065 -77.0249 -24.1244 -74.2943 
-116 -193.065 -37 37 -67.0907 -78.7241 -25.7682 -75.5226 
-113 -193.809 -37 37 -67.1597 -77.2478 -25.075 -73.7309 
-121 -194.152 -37 37 -68.3701 -79.5412 -24.8176 -74.8409 
-115 -197.367 -37 37 -63.4961 -74.7314 -24.3819 -73.1843 
-117 -197.177 -37 37 -64.7065 -77.0249 -24.1244 -74.2943 
-123 -191.131 -38 37 -65.2438 -80.3191 -25.9505 -78.2153 
-131 -193.806 -38 38 -66.7545 -79.5092 -24.3072 -75.5126 
-111 -193.619 -37 37 -68.3701 -79.5412 -24.8176 -74.8409 
-115 -195.16 -38 38 -61.8115 -76.1758 -24.5646 -75.6478 
-109 -191.602 -38 38 -65.4751 -78.6921 -25.2578 -76.1943 
-118 -193.065 -37 37 -67.0907 -78.7241 -25.7682 -75.5226 
-119 -193.274 -38 38 -66.7545 -79.5092 -24.3072 -75.5126 
-115 -190.069 -38 38 -69.8578 -79.8915 -24.9319 -75.6832 
-119 -197.366 -37 37 -64.7065 -77.0249 -24.1244 -74.2943 
-111 -193.809 -37 37 -67.1597 -77.2478 -25.075 -73.7309 
-109 -189.588 -38 37 -67.4474 -78.6236 -25.7682 -73.3708 
-125 -197.72 -37 37 -64.7065 -77.0249 -24.1244 -74.2943 
-119 -194.152 -37 37 -68.3701 -79.5412 -24.8176 -74.8409 
-113 -195.16 -38 38 -61.8115 -76.1758 -24.5646 -75.6478 
-117 -193.942 -37 37 -65.5221 -77.5027 -25.7682 -75.3403 
-115 -197.177 -37 37 -64.7065 -77.0249 -24.1244 -74.2943 
-129 -193.806 -38 38 -66.7545 -79.5092 -24.3072 -75.5126 
-109 -193.619 -37 37 -68.3701 -79.5412 -24.8176 -74.8409 
-115 -193.146 -38 37 -63.7838 -76.1073 -25.075 -72.8243 
-121 -193.626 -38 38 -66.1943 -77.3751 -24.2387 -75.1367 
FEATURES_TXT_END_0
FEATURES_TXT_BEGIN_0 102 77 8 Distortion0_0 LM0_0 WordPenalty0_0 PhrasePenalty0_0 TranslationModel0_0 TranslationModel0_1 TranslationModel0_2 TranslationModel0_3 
-158 -321.422 -57 52 -89.6408 -126.359 -29.924 -117.777 
-168 -320.429 -57 54 -91.8013 -126.359 -30.3925 -117.777 
-162 -322.008 -57 52 -89.6408 -126.359 -29.924 -117.777 
-146 -321.728 -57 52 -89.4911 -126.378 -29.6537 -117.728 
-150 -321.422 -57 52 -89.6408 -126.359 -29.924 -117.777 
-162 -318.257 -59 52 -87.8108 -127.203 -29.924 -121.741 
-172 -321.014 -57 54 -91.8013 -126.359 -30.3925 -117.777 
-156 -320.734 -57 54 -91.6517 -126.378 -30.1222 -117.728 
-160 -320.429 -57 54 -91.8013 -126.359 -30.3925 -117.777 
-146 -312.137 -58 52 -95.0715 -134.86 -32.5228 -121.485 
-162 -311.565 -58 52 -95.2211 -134.841 -32.7931 -121.534 
-160 -322.26 -57 52 -89.6408 -126.359 -29.924 -117.777 
-154 -322.008 -57 52 -89.6408 -126.359 -29.924 -117.777 
-164 -324.264 -57 54 -87.7805 -123.871 -30.1222 -117.79 
-154 -322.58 -57 52 -89.4911 -126.378 -29.6537 -117.728 
-138 -321.728 -57 52 -89.4911 -126.378 -29.6537 -117.728 
-164 -316.2 -58 52 -93.5558 -133.972 -31.3103 -120.128 
-172 -310.572 -58 54 -97.3817 -134.841 -33.2617 -121.534 
-158 -312.251 -59 52 -93.1991 -134.817 -31.3103 -124.092 
-162 -324.685 -57 52 -85.7696 -123.852 -29.924 -117.839 
-170 -321.267 -57 54 -91.8013 -126.359 -30.3925 -117.777 
-164 -321.014 -57 54 -91.8013 -126.359 -30.3925 -117.777 
-164 -323.691 -57 54 -87.9301 -123.852 -30.3925 -117.839 
-164 -321.586 -57 54 -91.6517 -126.378 -30.1222 -117.728 
-154 -312.187 -59 52 -93.1991 -134.817 -31.3103 -124.092 
-164 -322.846 -57 52 -89.6408 -126.359 -29.924 -117.777 
-162 -320.676 -58 52 -88.1675 -126.359 -29.924 -117.777 
-148 -320.734 -57 54 -91.6517 -126.378 -30.1222 -117.728 
-160 -311.83 -59 54 -95.21 -134.836 -31.5085 -124.043 
-148 -325.958 -56 51 -89.3618 -127.471 -29.3844 -117.946 
-168 -311.258 -59 54 -95.3596 -134.817 -31.7788 -124.092 
-172 -323.691 -57 54 -87.9301 -123.852 -30.3925 -117.839 
-154 -311.565 -58 52 -95.2211 -134.841 -32.7931 -121.534 
-160 -311.258 -59 54 -95.3596 -134.817 -31.7788 -124.092 
-154 -312.137 -58 52 -95.0715 -134.86 -32.5228 -121.485 
-170 -318.257 -59 52 -87.8108 -127.203 -29.924 -121.741 
-148 -322.566 -57 52 -89.4911 -126.378 -29.6537 -117.728 
-152 -322.26 -57 52 -89.6408 -126.359 -29.924 -117.777 
-178 -312.37 -58 54 -94.6017 -130.627 -33.4081 -125.202 
-164 -323.008 -57 52 -89.6408 -126.359 -29.924 -117.777 
-146 -322.58 -57 52 -89.4911 -126.378 -29.6537 -117.728 
-164 -312.619 -59 54 -93.057 -132.61 -31.7788 -124.785 
-160 -322.814 -57 52 -89.6408 -126.359 -29.924 -117.777 
-164 -311.193 -59 54 -95.3596 -134.817 -31.7788 -124.092 
-174 -321.852 -57 54 -91.8013 -126.359 -30.3925 -117.777 
-172 -319.683 -58 54 -90.328 -126.359 -30.3925 -117.777 
-158 -324.965 -56 53 -91.5223 -127.471 -29.8529 -117.946 
-156 -322.058 -57 52 -89.7905 -126.34 -30.1943 -117.826 
-164 -310.572 -58 54 -97.3817 -134.841 -33.2617 -121.534 
-140 -325.958 -56 51 -89.3618 -127.471 -29.3844 -117.946 
-164 -311.144 -58 54 -97.232 -134.86 -32.9914 -121.485 
-180 -317.263 -59 54 -89.9714 -127.203 -30.3925 -121.741 
-154 -313.612 -59 52 -90.8965 -132.61 -31.3103 -124.785 
-168 -313.363 -58 52 -92.4412 -130.627 -32.9395 -125.202 
-158 -321.572 -57 54 -91.6517 -126.378 -30.1222 -117.728 
-150 -312.251 -59 52 -93.1991 -134.817 -31.3103 -124.092 
-154 -321.248 -58 52 -88.0178 -126.378 -29.6537 -117.728 
-150 -312.823 -59 52 -93.0494 -134.836 -31.04 -124.043 
-154 -324.685 -57 52 -85.7696 -123.852 -29.924 -117.839 
-154 -320.676 -58 52 -88.1675 -126.359 -29.924 -117.777 
-154 -325.257 -57 52 -85.6199 -123.871 -29.6537 -117.79 
-162 -321.267 -57 54 -91.8013 -126.359 -30.3925 -117.777 
-156 -323.418 -57 52 -89.4911 -126.378 -29.6537 -117.728 
-158 -322.814 -57 52 -89.6408 -126.359 -29.924 -117.777 
-156 -322.846 -57 52 -89.6408 -126.359 -29.924 -117.777 
-162 -320.121 -58 52 -89.2841 -127.203 -29.924 -121.741 
-154 -322.606 -57 52 -89.6408 -126.359 -29.924 -117.777 
-170 -312.393 -58 52 -94.7437 -132.833 -32.9395 -124.509 
-164 -319.151 -58 52 -91.5867 -129.41 -29.924 -121.048 
-174 -322.015 -57 54 -91.8013 -126.359 -30.3925 -117.777 
-152 -326.544 -56 51 -89.3618 -127.471 -29.3844 -117.946 
-156 -321.586 -57 54 -91.6517 -126.378 -30.1222 -117.728 
-166 -321.065 -57 54 -91.951 -126.34 -30.6628 -117.826 
-164 -315.167 -57 54 -93.5436 -127.22 -33.4081 -119.246 
-146 -312.187 -59 52 -93.1991 -134.817 -31.3103 -124.092 
-146 -312.759 -59 52 -93.0494 -134.836 -31.04 -124.043 
-136 -326.264 -56 51 -89.2121 -127.49 -29.1141 -117.897 
FEATURES_TXT_END_0
FEATURES_TXT_BEGIN_0 103 86 8 Distortion0_0 LM0_0 WordPenalty0_0 PhrasePenalty0_0 TranslationModel0_0 TranslationModel0_1 TranslationModel0_2 TranslationModel0_3 
-118 -250.988 -52 50 -110.003 -136.162 -27.5324 -107.54 
-115 -257.577 -52 50 -106.532 -133.689 -25.4371 -106.322 
-126 -250.972 -52 50 -108.172 -137.816 -28.4578 -110.669 
-115 -256.127 -52 50 -106.085 -132.812 -25.8166 -105.888 
-111 -256.896 -52 50 -106.085 -132.812 -25.8166 -105.888 
-120 -251.288 -52 50 -110.003 -136.162 -27.5324 -107.54 
-123 -256.111 -52 50 -104.254 -134.466 -26.742 -109.017 
-119 -251.328 -52 50 -110.003 -136.162 -27.5324 -107.54 
-118 -251.619 -52 50 -108.172 -137.816 -28.4578 -110.669 
-120 -251.416 -52 50 -110.003 -136.162 -27.5324 -107.54 
-129 -252.733 -52 50 -110.003 -136.162 -27.5324 -107.54 
-127 -251.312 -52 50 -108.172 -137.816 -28.4578 -110.669 
-117 -256.427 -52 50 -106.085 -132.812 -25.8166 -105.888 
-128 -251.4 -52 50 -108.172 -137.816 -28.4578 -110.669 
-117 -256.555 -52 50 -106.085 -132.812 -25.8166 -105.888 
-142 -255.72 -52 50 -104.738 -132.059 -27.7647 -110.034 
-121 -251.628 -52 50 -110.003 -136.162 -27.5324 -107.54 
-122 -251.716 -52 50 -110.003 -136.162 -27.5324 -107.54 
-125 -256.539 -52 50 -104.254 -134.466 -26.742 -109.017 
-114 -251.715 -52 50 -110.45 -137.039 -27.1529 -107.974 
-126 -251.965 -52 50 -110.003 -136.162 -27.5324 -107.54 
-129 -260.138 -52 50 -100.82 -128.709 -26.0489 -108.383 
-118 -251.545 -52 50 -110.003 -136.162 -27.5324 -107.54 
-134 -251.949 -52 50 -108.172 -137.816 -28.4578 -110.669 
-120 -251.664 -52 50 -110.003 -136.162 -27.5324 -107.54 
-121 -251.756 -52 50 -110.003 -136.162 -27.5324 -107.54 
-110 -251.635 -52 50 -110.003 -136.162 -27.5324 -107.54 
-129 -251.74 -52 50 -108.172 -137.816 -28.4578 -110.669 
-119 -256.854 -52 50 -106.085 -132.812 -25.8166 -105.888 
-111 -256.854 -52 50 -106.532 -133.689 -25.4371 -106.322 
-123 -257.104 -52 50 -106.085 -132.812 -25.8166 -105.888 
-117 -252.483 -52 50 -110.45 -137.039 -27.1529 -107.974 
-116 -252.01 -52 50 -110.45 -137.039 -27.1529 -107.974 
-116 -251.569 -52 50 -110.003 -136.162 -27.5324 -107.54 
-124 -252.028 -52 50 -110.003 -136.162 -27.5324 -107.54 
-128 -252.265 -52 50 -110.003 -136.162 -27.5324 -107.54 
-115 -256.684 -52 50 -106.085 -132.812 -25.8166 -105.888 
-131 -257.088 -52 50 -104.254 -134.466 -26.742 -109.017 
-117 -256.803 -52 50 -106.085 -132.812 -25.8166 -105.888 
-144 -255.488 -52 50 -104.738 -132.059 -27.7647 -110.034 
-123 -252.056 -52 50 -110.003 -136.162 -27.5324 -107.54 
-115 -252.055 -52 50 -110.45 -137.039 -27.1529 -107.974 
-140 -255.292 -52 50 -104.738 -132.059 -27.7647 -110.034 
-127 -252.305 -52 50 -110.003 -136.162 -27.5324 -107.54 
-141 -255.632 -52 50 -104.738 -132.059 -27.7647 -110.034 
-116 -252.143 -52 50 -110.45 -137.039 -27.1529 -107.974 
-128 -252.393 -52 50 -110.003 -136.162 -27.5324 -107.54 
-128 -252.641 -52 50 -110.003 -136.162 -27.5324 -107.54 
-113 -257.149 -52 50 -106.532 -133.689 -25.4371 -106.322 
-119 -251.885 -52 50 -110.003 -136.162 -27.5324 -107.54 
-135 -252.289 -52 50 -108.172 -137.816 -28.4578 -110.669 
-113 -256.708 -52 50 -106.085 -132.812 -25.8166 -105.888 
-121 -252.004 -52 50 -110.003 -136.162 -27.5324 -107.54 
-121 -257.167 -52 50 -106.085 -132.812 -25.8166 -105.888 
-125 -257.404 -52 50 -106.085 -132.812 -25.8166 -105.888 
-120 -251.973 -52 50 -110.003 -136.162 -27.5324 -107.54 
-136 -252.377 -52 50 -108.172 -137.816 -28.4578 -110.669 
-122 -252.092 -52 50 -110.003 -136.162 -27.5324 -107.54 
-116 -251.769 -52 50 -110.003 -136.162 -27.5324 -107.54 
-141 -260.626 -52 50 -100.82 -128.709 -26.0489 -108.383 
-136 -255.195 -52 50 -104.738 -132.059 -27.7647 -110.034 
-137 -260.431 -52 50 -100.82 -128.709 -26.0489 -108.383 
-132 -255 -52 50 -104.738 -132.059 -27.7647 -110.034 
-113 -257.281 -52 50 -106.532 -133.689 -25.4371 -106.322 
-117 -252.35 -52 50 -110.45 -137.039 -27.1529 -107.974 
-117 -251.909 -52 50 -110.003 -136.162 -27.5324 -107.54 
-125 -252.368 -52 50 -110.003 -136.162 -27.5324 -107.54 
-125 -257.532 -52 50 -106.085 -132.812 -25.8166 -105.888 
-146 -255.915 -52 50 -104.738 -132.059 -27.7647 -110.034 
-129 -252.605 -52 50 -110.003 -136.162 -27.5324 -107.54 
-114 -251.757 -52 50 -110.003 -136.162 -27.5324 -107.54 
-118 -252.438 -52 50 -110.45 -137.039 -27.1529 -107.974 
-118 -251.997 -52 50 -110.003 -136.162 -27.5324 -107.54 
-126 -252.456 -52 50 -110.003 -136.162 -27.5324 -107.54 
-118 -252.455 -52 50 -110.45 -137.039 -27.1529 -107.974 
-130 -252.693 -52 50 -110.003 -136.162 -27.5324 -107.54 
-117 -257.112 -52 50 -106.085 -132.812 -25.8166 -105.888 
-133 -257.516 -52 50 -104.254 -134.466 -26.742 -109.017 
-119 -257.23 -52 50 -106.085 -132.812 -25.8166 -105.888 
-122 -252.692 -52 50 -110.45 -137.039 -27.1529 -107.974 
-124 -252.37 -52 50 -110.003 -136.162 -27.5324 -107.54 
-133 -260.334 -52 50 -100.82 -128.709 -26.0489 -108.383 
-113 -256.908 -52 50 -106.085 -132.812 -25.8166 -105.888 
-145 -255.827 -52 50 -104.738 -132.059 -27.7647 -110.034 
-126 -252.522 -52 50 -110.003 -136.162 -27.5324 -107.54 
-132 -252.354 -52 50 -108.172 -137.816 -28.4578 -110.669 
FEATURES_TXT_END_0
FEATURES_TXT_BEGIN_0 104 85 8 Distortion0_0 LM0_0 WordPenalty0_0 PhrasePenalty0_0 TranslationModel0_0 TranslationModel0_1 TranslationModel0_2 TranslationModel0_3 
-98 -195.933 -33 32 -51.7226 -84.5426 -19.0105 -70.9441 
-98 -195.933 -33 32 -51.7226 -84.5426 -19.0105 -70.9441 
-98 -194.567 -34 33 -46.2156 -81.1321 -19.8588 -73.4755 
-98 -194.567 -34 33 -46.2156 -81.1321 -19.8588 -73.4755 
-98 -192.868 -34 33 -48.5455 -84.1306 -20.2401 -73.6533 
-98 -192.868 -34 33 -48.5455 -84.1306 -20.2401 -73.6533 
-98 -198.65 -33 32 -49.0808 -81.544 -18.3174 -70.7663 
-98 -198.65 -33 32 -49.0808 -81.544 -18.3174 -70.7663 
-94 -195.933 -33 32 -51.7226 -84.5426 -19.0105 -70.9441 
-94 -195.933 -33 32 -51.7226 -84.5426 -19.0105 -70.9441 
-96 -196.003 -32 31 -53.0525 -81.9495 -20.0781 -69.198 
-96 -196.003 -32 31 -53.0525 -81.9495 -20.0781 -69.198 
-104 -196.535 -33 32 -51.7226 -84.5426 -19.0105 -70.9441 
-104 -195.168 -34 33 -46.2156 -81.1321 -19.8588 -73.4755 
-96 -198.65 -33 32 -49.0808 -81.544 -18.3174 -70.7663 
-96 -198.65 -33 32 -49.0808 -81.544 -18.3174 -70.7663 
-92 -195.933 -33 32 -51.7226 -84.5426 -19.0105 -70.9441 
-92 -195.915 -33 32 -51.2754 -83.6659 -19.39 -70.5098 
-92 -194.567 -34 33 -46.2156 -81.1321 -19.8588 -73.4755 
-104 -190.457 -34 34 -52.7322 -84.1306 -20.8155 -73.6533 
-102 -196.535 -33 32 -51.7226 -84.5426 -19.0105 -70.9441 
-104 -193.47 -34 33 -48.5455 -84.1306 -20.2401 -73.6533 
-108 -197.947 -33 32 -52.3416 -83.9825 -18.1632 -70.6418 
-102 -195.168 -34 33 -46.2156 -81.1321 -19.8588 -73.4755 
-108 -196.58 -34 33 -46.8346 -80.572 -19.0115 -73.1732 
-98 -195.915 -33 32 -51.2754 -83.6659 -19.39 -70.5098 
-98 -195.915 -33 32 -51.2754 -83.6659 -19.39 -70.5098 
-104 -199.252 -33 32 -49.0808 -81.544 -18.3174 -70.7663 
-92 -192.868 -34 33 -48.5455 -84.1306 -20.2401 -73.6533 
-106 -191.774 -34 34 -51.5476 -84.8578 -20.5771 -73.8983 
-100 -196.535 -33 32 -51.7226 -84.5426 -19.0105 -70.9441 
-102 -193.47 -34 33 -48.5455 -84.1306 -20.2401 -73.6533 
-102 -196.605 -32 31 -53.0525 -81.9495 -20.0781 -69.198 
-106 -197.947 -33 32 -52.3416 -83.9825 -18.1632 -70.6418 
-108 -194.882 -34 33 -49.1646 -83.5705 -19.3928 -73.351 
-92 -198.65 -33 32 -49.0808 -81.544 -18.3174 -70.7663 
-92 -198.65 -33 32 -49.0808 -81.544 -18.3174 -70.7663 
-96 -199.112 -33 32 -49.0808 -81.5441 -18.3174 -70.7663 
-96 -199.112 -33 32 -49.0808 -81.5441 -18.3174 -70.7663 
-106 -196.58 -34 33 -46.8346 -80.572 -19.0115 -73.1732 
-102 -199.252 -33 32 -49.0808 -81.544 -18.3174 -70.7663 
-102 -199.252 -33 32 -49.0808 -81.544 -18.3174 -70.7663 
-88 -195.933 -33 32 -51.7226 -84.5426 -19.0105 -70.9441 
-93 -193.218 -34 33 -48.5455 -84.1306 -20.2401 -73.6533 
-108 -200.664 -33 32 -49.6999 -80.9839 -17.4701 -70.464 
-90 -196.003 -32 31 -53.0525 -81.9495 -20.0781 -69.198 
-102 -196.58 -34 33 -46.8346 -80.572 -19.0115 -73.1732 
-98 -196.535 -33 32 -51.7226 -84.5426 -19.0105 -70.9441 
-98 -196.535 -33 32 -51.7226 -84.5426 -19.0105 -70.9441 
-100 -196.605 -32 31 -53.0525 -81.9495 -20.0781 -69.198 
-98 -198.632 -33 32 -48.6337 -80.6673 -18.6969 -70.332 
-98 -198.632 -33 32 -48.6337 -80.6673 -18.6969 -70.332 
-100 -199.196 -33 32 -49.0808 -81.544 -18.3174 -70.7663 
-100 -199.197 -33 32 -49.0808 -81.544 -18.3174 -70.7663 
-100 -199.197 -33 32 -49.0808 -81.544 -18.3174 -70.7663 
-91 -196.283 -33 32 -51.7226 -84.5426 -19.0105 -70.9441 
-104 -197.947 -33 32 -52.3416 -83.9825 -18.1632 -70.6418 
-98 -195.168 -34 33 -46.2156 -81.1321 -19.8588 -73.4755 
-106 -194.882 -34 33 -49.1646 -83.5705 -19.3928 -73.351 
-106 -198.017 -32 31 -53.6716 -81.3894 -19.2308 -68.8957 
-93 -196.283 -33 32 -51.7226 -84.5426 -19.0105 -70.9441 
-104 -198.017 -32 31 -53.6716 -81.3894 -19.2308 -68.8957 
-90 -198.65 -33 32 -49.0808 -81.544 -18.3174 -70.7663 
-96 -195.168 -34 33 -46.2156 -81.1321 -19.8588 -73.4755 
-94 -195.915 -33 32 -51.2754 -83.6659 -19.39 -70.5098 
-96 -193.891 -32 31 -55.6943 -84.9481 -20.7712 -69.3758 
-94 -195.915 -33 32 -51.2754 -83.6659 -19.39 -70.5098 
-96 -193.891 -32 31 -55.6943 -84.9481 -20.7712 -69.3758 
-93 -194.917 -34 33 -46.2156 -81.1321 -19.8588 -73.4755 
-93 -190.63 -34 33 -48.0662 -84.7755 -21.8047 -76.7713 
-106 -193.472 -34 34 -49.2176 -81.8593 -20.1958 -73.7205 
-104 -192.155 -34 34 -50.4023 -81.1321 -20.4341 -73.4755 
-100 -199.252 -33 32 -49.0808 -81.544 -18.3174 -70.7663 
-106 -200.664 -33 32 -49.6999 -80.9839 -17.4701 -70.464 
-106 -200.664 -33 32 -49.6999 -80.9839 -17.4701 -70.464 
-104 -196.517 -33 32 -51.2754 -83.6659 -19.39 -70.5098 
-93 -191.996 -33 32 -53.5732 -88.186 -20.9564 -74.2399 
-102 -197.947 -33 32 -52.3416 -83.9825 -18.1632 -70.6418 
-96 -196.535 -33 32 -51.7226 -84.5426 -19.0105 -70.9441 
-98 -193.47 -34 33 -48.5455 -84.1306 -20.2401 -73.6533 
-96 -198.632 -33 32 -48.6337 -80.6673 -18.6969 -70.332 
-96 -198.632 -33 32 -48.6337 -80.6673 -18.6969 -70.332 
-98 -199.197 -33 32 -49.0808 -81.544 -18.3174 -70.7663 
-102 -197.947 -33 32 -52.3416 -83.9825 -18.1632 -70.6418 
-98 -199.197 -33 32 -49.0808 -81.544 -18.3174 -70.7663 
FEATURES_TXT_END_0
FEATURES_TXT_BEGIN_0 105 46 8 Distortion0_0 LM0_0 WordPenalty0_0 PhrasePenalty0_0 TranslationModel0_0 TranslationModel0_1 TranslationModel0_2 TranslationModel0_3 
-52 -125.092 -17 16 -19.6044 -21.4834 -9.51987 -25.7244 
-52 -124.252 -17 16 -21.1085 -23.3423 -9.51987 -28.1223 
-52 -125.23 -17 16 -19.6044 -21.4834 -9.51987 -25.7244 
-52 -124.39 -17 16 -21.1085 -23.3423 -9.51987 -28.1223 
-49 -125.197 -17 16 -19.6044 -21.4834 -9.51987 -25.7244 
-49 -124.357 -17 16 -21.1085 -23.3423 -9.51987 -28.1223 
-48 -125.194 -17 16 -19.6044 -21.4834 -9.51987 -25.7244 
-46 -125.092 -17 16 -19.6044 -21.4834 -9.51987 -25.7244 
-44 -124.39 -17 16 -21.1085 -23.3423 -9.51987 -28.1223 
-48 -125.227 -17 16 -19.6044 -21.4834 -9.51987 -25.7244 
-44 -124.387 -17 16 -21.1085 -23.3423 -9.51987 -28.1223 
-45 -125.332 -17 16 -19.6044 -21.4834 -9.51987 -25.7244 
-41 -125.095 -17 16 -19.6044 -21.4834 -9.51987 -25.7244 
-42 -124.255 -17 16 -21.1085 -23.3423 -9.51987 -28.1223 
-48 -124.355 -17 16 -21.1085 -23.3423 -9.51987 -28.1223 
-46 -124.252 -17 16 -21.1085 -23.3423 -9.51987 -28.1223 
-42 -124.252 -17 16 -21.1085 -23.3423 -9.51987 -28.1223 
-45 -125.095 -17 16 -19.6044 -21.4834 -9.51987 -25.7244 
-49 -125.332 -17 16 -19.6044 -21.4834 -9.51987 -25.7244 
-48 -124.387 -17 16 -21.1085 -23.3423 -9.51987 -28.1223 
-43 -125.197 -17 16 -19.6044 -21.4834 -9.51987 -25.7244 
-44 -125.235 -17 16 -19.6044 -21.4834 -9.51987 -25.7244 
-44 -125.23 -17 16 -19.6044 -21.4834 -9.51987 -25.7244 
-44 -125.227 -17 16 -19.6044 -21.4834 -9.51987 -25.7244 
-47 -125.23 -17 16 -19.6044 -21.4834 -9.51987 -25.7244 
-46 -125.194 -17 16 -19.6044 -21.4834 -9.51987 -25.7244 
-46 -125.197 -17 16 -19.6044 -21.4834 -9.51987 -25.7244 
-45 -124.255 -17 16 -21.1085 -23.3423 -9.51987 -28.1223 
-44 -125.092 -17 16 -19.6044 -21.4834 -9.51987 -25.7244 
-45 -124.39 -17 16 -21.1085 -23.3423 -9.51987 -28.1223 
-42 -125.095 -17 16 -19.6044 -21.4834 -9.51987 -25.7244 
-42 -125.092 -17 16 -19.6044 -21.4834 -9.51987 -25.7244 
-49 -124.492 -17 16 -21.1085 -23.3423 -9.51987 -28.1223 
-48 -125.332 -17 16 -19.6044 -21.4834 -9.51987 -25.7244 
-47 -124.39 -17 16 -21.1085 -23.3423 -9.51987 -28.1223 
-46 -125.227 -17 16 -19.6044 -21.4834 -9.51987 -25.7244 
-43 -124.255 -17 16 -21.1085 -23.3423 -9.51987 -28.1223 
-45 -125.23 -17 16 -19.6044 -21.4834 -9.51987 -25.7244 
-46 -124.39 -17 16 -21.1085 -23.3423 -9.51987 -28.1223 
-46 -124.387 -17 16 -21.1085 -23.3423 -9.51987 -28.1223 
-46 -125.23 -17 16 -19.6044 -21.4834 -9.51987 -25.7244 
-48 -124.492 -17 16 -21.1085 -23.3423 -9.51987 -28.1223 
-46 -124.355 -17 16 -21.1085 -23.3423 -9.51987 -28.1223 
-46 -124.357 -17 16 -21.1085 -23.3423 -9.51987 -28.1223 
-44 -124.252 -17 16 -21.1085 -23.3423 -9.51987 -28.1223 
-43 -125.095 -17 16 -19.6044 -21.4834 -9.51987 -25.7244 
FEATURES_TXT_END_0
FEATURES_TXT_BEGIN_0 106 97 8 Distortion0_0 LM0_0 WordPenalty0_0 PhrasePenalty0_0 TranslationModel0_0 TranslationModel0_1 TranslationModel0_2 TranslationModel0_3 
-39 -87.8128 -16 15 -25.7114 -32.4627 -11.0697 -31.5144 
-38 -88.5946 -16 15 -25.041 -31.2667 -10.8206 -31.2725 
-37 -87.8128 -16 15 -25.7114 -32.4627 -11.0697 -31.5144 
-36 -88.5946 -16 15 -25.041 -31.2667 -10.8206 -31.2725 
-50 -82.5504 -16 15 -30.5959 -33.1163 -13.2185 -30.8359 
-50 -92.0975 -16 15 -26.2372 -32.9345 -9.2555 -31.5288 
-38 -89.2697 -16 15 -25.041 -31.2667 -10.8206 -31.2725 
-48 -92.0975 -16 15 -26.2372 -32.9345 -9.2555 -31.5288 
-52 -91.3455 -16 15 -25.8317 -32.2845 -9.94865 -30.9692 
-38 -88.6832 -16 15 -25.7114 -32.4627 -11.0697 -31.5144 
-38 -89.8767 -16 15 -25.4882 -32.1434 -10.4411 -31.7068 
-42 -88.959 -16 15 -25.7114 -32.4627 -11.0697 -31.5144 
-50 -91.3455 -16 15 -25.8317 -32.2845 -9.94865 -30.9692 
-36 -88.6832 -16 15 -25.7114 -32.4627 -11.0697 -31.5144 
-36 -89.8767 -16 15 -25.4882 -32.1434 -10.4411 -31.7068 
-44 -82.5504 -16 15 -30.5959 -33.1163 -13.2185 -30.8359 
-44 -89.9467 -16 15 -25.041 -31.2667 -10.8206 -31.2725 
-32 -89.2697 -16 15 -25.041 -31.2667 -10.8206 -31.2725 
-42 -89.9467 -16 15 -25.041 -31.2667 -10.8206 -31.2725 
-40 -90.4413 -16 15 -25.4882 -32.1434 -10.4411 -31.7068 
-37 -89.1188 -16 15 -25.7114 -32.4627 -11.0697 -31.5144 
-40 -89.3364 -16 15 -25.7114 -32.4627 -11.0697 -31.5144 
-44 -90.7583 -16 15 -25.4882 -32.1434 -10.4411 -31.7067 
-38 -90.4413 -16 15 -25.4882 -32.1434 -10.4411 -31.7068 
-38 -90.0129 -16 15 -25.041 -31.2667 -10.8206 -31.2725 
-35 -89.1188 -16 15 -25.7114 -32.4627 -11.0697 -31.5144 
-35 -89.071 -16 15 -24.2561 -30.7719 -11.5397 -31.2912 
-38 -89.3364 -16 15 -25.7114 -32.4627 -11.0697 -31.5144 
-42 -90.7583 -16 15 -25.4882 -32.1434 -10.4411 -31.7068 
-55 -92.225 -16 15 -25.8317 -32.2845 -9.94865 -30.9692 
-36 -90.0129 -16 15 -25.041 -31.2667 -10.8206 -31.2725 
-41 -89.5627 -16 15 -25.7114 -32.4627 -11.0697 -31.5144 
-47 -91.8115 -16 15 -25.8317 -32.2845 -9.94865 -30.9692 
-33 -89.1492 -16 15 -25.7114 -32.4627 -11.0697 -31.5144 
-33 -89.071 -16 15 -24.2561 -30.7719 -11.5397 -31.2912 
-51 -92.0892 -16 15 -25.8317 -32.2845 -9.94865 -30.9692 
-53 -92.225 -16 15 -25.8317 -32.2845 -9.94865 -30.9692 
-37 -89.4269 -16 15 -25.7114 -32.4627 -11.0697 -31.5144 
-39 -89.5627 -16 15 -25.7114 -32.4627 -11.0697 -31.5144 
-45 -91.8115 -16 15 -25.8317 -32.2845 -9.94865 -30.9692 
-56 -83.9025 -16 15 -30.5959 -33.1163 -13.2185 -30.8359 
-56 -93.4496 -16 15 -26.2372 -32.9345 -9.2555 -31.5288 
-44 -90.6218 -16 15 -25.041 -31.2667 -10.8206 -31.2725 
-31 -89.1492 -16 15 -25.7114 -32.4627 -11.0697 -31.5144 
-31 -89.071 -16 15 -24.2561 -30.7719 -11.5397 -31.2912 
-49 -92.0892 -16 15 -25.8317 -32.2845 -9.94865 -30.9692 
-38 -92.4804 -16 15 -26.2372 -32.9345 -9.2555 -31.5288 
-35 -89.4269 -16 15 -25.7114 -32.4627 -11.0697 -31.5144 
-49 -92.1413 -16 15 -25.8317 -32.2845 -9.94865 -30.9692 
-39 -88.5775 -16 15 -25.3059 -31.2463 -11.7629 -31.8021 
-39 -87.671 -16 15 -26.0968 -32.2312 -12.0683 -31.7508 
-50 -93.1986 -16 15 -26.2372 -32.9345 -9.2555 -31.5288 
-40 -89.7483 -16 15 -25.7114 -32.4627 -11.0697 -31.5144 
-38 -90.3788 -16 15 -25.041 -31.2667 -10.8206 -31.2725 
-52 -91.038 -16 15 -28.2296 -35.1839 -9.94865 -32.9151 
-54 -93.4496 -16 15 -26.2372 -32.9345 -9.2555 -31.5288 
-49 -91.8981 -16 15 -25.005 -31.5629 -10.3541 -31.1133 
-53 -92.419 -16 15 -25.8317 -32.2845 -9.94865 -30.9692 
-38 -90.8685 -16 15 -25.4882 -32.1434 -10.4411 -31.7067 
-39 -89.7567 -16 15 -25.7114 -32.4627 -11.0697 -31.5144 
-36 -92.4804 -16 15 -26.2372 -32.9345 -9.2555 -31.5288 
-51 -86.5906 -16 15 -27.4439 -33.3083 -12.8931 -32.5274 
-48 -83.6514 -16 15 -30.5959 -33.1163 -13.2185 -30.8359 
-47 -92.1413 -16 15 -25.8317 -32.2845 -9.94865 -30.9692 
-37 -88.5775 -16 15 -25.3059 -31.2463 -11.7629 -31.8021 
-37 -87.671 -16 15 -26.0968 -32.2312 -12.0683 -31.7508 
-48 -93.1986 -16 15 -26.2372 -32.9345 -9.2555 -31.5288 
-34 -89.9986 -16 15 -25.3749 -32.5363 -11.0697 -32.0252 
-36 -90.3707 -16 15 -25.041 -31.2667 -10.8206 -31.2725 
-36 -90.3788 -16 15 -25.041 -31.2667 -10.8206 -31.2725 
-50 -83.7968 -16 15 -30.5959 -33.1163 -13.2185 -30.8359 
-54 -94.0423 -16 15 -25.4219 -31.9204 -9.24171 -30.483 
-50 -91.038 -16 15 -28.2296 -35.1839 -9.94865 -32.9151 
-47 -91.8981 -16 15 -25.005 -31.5629 -10.3541 -31.1133 
-38 -90.5161 -16 15 -25.041 -31.2667 -10.8206 -31.2725 
-27 -89.071 -16 15 -24.2561 -30.7719 -11.5397 -31.2912 
-51 -92.419 -16 15 -25.8317 -32.2845 -9.94865 -30.9692 
-52 -83.9436 -16 15 -30.5959 -33.1163 -13.2185 -30.8359 
-36 -90.8685 -16 15 -25.4882 -32.1434 -10.4411 -31.7067 
-52 -93.4908 -16 15 -26.2372 -32.9345 -9.2555 -31.5288 
-40 -90.6629 -16 15 -25.041 -31.2667 -10.8206 -31.2725 
-37 -89.7567 -16 15 -25.7114 -32.4627 -11.0697 -31.5144 
-36 -88.6827 -16 15 -23.0372 -30.2257 -12.456 -32.165 
-50 -83.9025 -16 15 -30.5959 -33.1163 -13.2185 -30.8359 
-48 -83.7968 -16 15 -30.5959 -33.1163 -13.2185 -30.8359 
-38 -90.6218 -16 15 -25.041 -31.2667 -10.8206 -31.2725 
-36 -90.5161 -16 15 -25.041 -31.2667 -10.8206 -31.2725 
-34 -90.8685 -16 15 -25.4882 -32.1434 -10.4411 -31.7068 
-50 -93.4908 -16 15 -26.2372 -32.9345 -9.2555 -31.5288 
-34 -90.4564 -16 15 -25.041 -31.2667 -10.8206 -31.2725 
-32 -89.1953 -16 15 -22.7034 -28.9561 -12.2069 -31.4122 
-35 -89.8024 -16 15 -25.7114 -32.4627 -11.0697 -31.5144 
-34 -89.7483 -16 15 -25.7114 -32.4627 -11.0697 -31.5144 
-54 -86.6872 -16 15 -27.4439 -33.3083 -12.8931 -32.5274 
-38 -90.7466 -16 15 -25.041 -31.2667 -10.8206 -31.2725 
-48 -92.6609 -16 15 -25.4952 -32.3581 -9.94865 -31.48 
-32 -90.8685 -16 15 -25.4882 -32.1434 -10.4411 -31.7068 
FEATURES_TXT_END_0
