FEATURES_TXT_BEGIN_0 0 79 8 Distortion0_0 LM0_0 WordPenalty0_0 PhrasePenalty0_0 TranslationModel0_0 TranslationModel0_1 TranslationModel0_2 TranslationModel0_3 
-64 -155.467 -33 30 -38.7085 -57.2564 -30.2008 -61.9994 
-58 -154.826 -34 28 -40.6012 -61.5429 -34.6949 -65.3045 
-70 -156.116 -34 31 -37.3962 -51.0465 -32.3795 -62.595 
-68 -155.467 -33 30 -38.7085 -57.2564 -30.2008 -61.9994 
-52 -162.497 -32 28 -34.3293 -55.3214 -22.9988 -56.0211 
-70 -157.031 -34 31 -35.8301 -53.8242 -33.4781 -65.2842 
-60 -155.716 -33 28 -39.5716 -58.2491 -34.0017 -59.5913 
-56 -153.773 -31 27 -44.0921 -64.546 -28.2568 -62.1522 
-62 -154.826 -34 28 -40.6012 -61.5429 -34.6949 -65.3045 
-64 -157.424 -33 30 -38.972 -57.571 -30.6063 -61.7739 
-62 -154.478 -32 28 -42.381 -59.4056 -25.7493 -59.9246 
-56 -155.643 -33 28 -41.1975 -64.5028 -29.5335 -66.0401 
-74 -156.116 -34 31 -37.3962 -51.0465 -32.3795 -62.595 
-60 -156.959 -31 27 -40.3492 -63.9716 -26.0055 -62.8177 
-64 -157.803 -33 29 -36.8534 -56.4393 -28.5975 -62.6812 
-56 -159.325 -33 28 -35.7949 -59.1433 -30.7885 -63.7015 
-74 -157.031 -34 31 -35.8301 -53.8242 -33.4781 -65.2842 
-56 -155.88 -31 27 -42.8127 -63.729 -29.2074 -62.834 
-70 -159.244 -35 31 -33.7687 -50.2664 -31.1755 -63.3235 
-62 -157.08 -33 30 -38.7085 -57.2564 -30.2008 -61.9994 
-68 -155.083 -33 29 -41.0687 -53.1958 -27.928 -60.5201 
-64 -155.716 -33 28 -39.5716 -58.2491 -34.0017 -59.5913 
-64 -157.991 -33 30 -38.0725 -56.707 -31.2994 -62.9843 
-58 -156.794 -32 28 -39.8432 -61.4568 -28.4211 -63.3203 
-64 -156.405 -33 30 -39.4574 -58.0474 -29.0152 -61.8215 
-58 -156.533 -32 28 -40.1679 -61.209 -28.8404 -60.327 
-70 -155.936 -34 31 -39.0615 -51.9155 -33.8623 -64.0008 
-60 -153.773 -31 27 -44.0921 -64.546 -28.2568 -62.1522 
-60 -155.434 -32 28 -42.4048 -57.7844 -34.0017 -56.4478 
-70 -158.407 -34 30 -35.5411 -50.2295 -30.7761 -63.2767 
-66 -154.478 -32 28 -42.381 -59.4056 -25.7493 -59.9246 
-68 -158.211 -34 29 -37.4412 -52.4156 -26.724 -61.2486 
-60 -155.643 -33 28 -41.1975 -64.5028 -29.5335 -66.0401 
-74 -158.407 -34 30 -35.5411 -50.2295 -30.7761 -63.2767 
-56 -156.959 -31 27 -40.3492 -63.9716 -26.0055 -62.8177 
-58 -160.215 -32 28 -34.7653 -55.8495 -30.0953 -57.9883 
-56 -156.439 -34 28 -40.6012 -61.5429 -34.6949 -65.3045 
-64 -158.439 -34 30 -36.5918 -54.2578 -31.5181 -61.8216 
-58 -156.527 -34 28 -39.9652 -60.9936 -35.7935 -66.2894 
-52 -155.57 -32 27 -43.9938 -62.4435 -26.4651 -62.5548 
-54 -157.677 -31 29 -40.491 -56.1054 -27.7581 -54.6904 
-68 -157.803 -33 29 -36.8534 -56.4393 -28.5975 -62.6812 
-66 -157.178 -33 30 -38.7345 -57.3612 -29.603 -57.656 
-52 -159.915 -31 27 -37.8062 -55.8708 -21.8666 -53.9235 
-68 -157.729 -34 31 -37.3962 -51.0465 -32.3795 -62.595 
-60 -157.684 -31 28 -38.8136 -58.1631 -27.728 -57.6071 
-52 -158.056 -31 29 -40.491 -56.1054 -27.7581 -54.6904 
-60 -159.325 -33 28 -35.7949 -59.1432 -30.7885 -63.7015 
-58 -156.175 -33 28 -42.6815 -56.2337 -28.6437 -63.1504 
-68 -157.108 -34 31 -38.0914 -56.0936 -30.5997 -62.0676 
-70 -157.054 -34 31 -38.1451 -51.8376 -31.1938 -62.4171 
-58 -154.498 -33 28 -43.804 -65.0522 -31.5076 -65.8036 
-60 -155.918 -33 30 -40.8472 -63.448 -35.4983 -64.7195 
-64 -155.648 -33 30 -41.5369 -58.3216 -29.0152 -61.6456 
-74 -159.244 -35 31 -33.7687 -50.2664 -31.1755 -63.3235 
-58 -158.665 -32 30 -38.5879 -56.5701 -28.1214 -57.8339 
-58 -156.212 -34 28 -40.8647 -61.8576 -35.1003 -65.0789 
-62 -155.044 -32 28 -43.1299 -60.1967 -24.5637 -59.7466 
-70 -160.663 -35 31 -32.4893 -49.4494 -32.1261 -64.0053 
-58 -157.798 -35 28 -38.4845 -58.5443 -36.0122 -65.1267 
-70 -156.461 -33 30 -38.7085 -57.2564 -30.2008 -61.9994 
-66 -157.08 -33 30 -38.7085 -57.2564 -30.2008 -61.9994 
-62 -156.467 -35 29 -39.9841 -60.3801 -35.0938 -65.3726 
-70 -159.088 -35 31 -35.2795 -48.048 -33.6968 -62.4172 
-60 -158.165 -32 28 -38.7566 -55.9745 -28.2342 -59.5377 
-72 -155.083 -33 29 -41.0687 -53.1958 -27.928 -60.5201 
-50 -157.862 -32 25 -40.7264 -59.9083 -29.7105 -57.7239 
-68 -158.644 -34 31 -35.8301 -53.8242 -33.4781 -65.2842 
-62 -156.794 -32 28 -39.8432 -61.4568 -28.4211 -63.3203 
-60 -157.417 -33 28 -38.9356 -57.6998 -35.1003 -60.5762 
-56 -153.944 -33 29 -45.1663 -64.9895 -34.7296 -65.4086 
-68 -156.405 -33 30 -39.4574 -58.0474 -29.0152 -61.8215 
-54 -159.915 -31 27 -37.8062 -55.8708 -21.8666 -53.9235 
-62 -156.533 -32 28 -40.1679 -61.209 -28.8404 -60.327 
-46 -159.274 -32 25 -39.6989 -60.1574 -26.3606 -57.2286 
-70 -157.969 -34 31 -36.579 -54.6153 -32.2924 -65.1063 
-64 -155.602 -34 28 -40.6012 -61.5429 -34.6949 -65.3045 
-74 -155.936 -34 31 -39.0615 -51.9155 -33.8623 -64.0008 
-58 -157.329 -33 28 -39.5716 -58.2491 -34.0017 -59.5913 
FEATURES_TXT_END_0
FEATURES_TXT_BEGIN_0 1 60 8 Distortion0_0 LM0_0 WordPenalty0_0 PhrasePenalty0_0 TranslationModel0_0 TranslationModel0_1 TranslationModel0_2 TranslationModel0_3 
-92 -226.739 -49 45 -79.3187 -101.53 -55.7413 -98.8765 
-96 -226.227 -49 45 -79.3187 -101.53 -55.7413 -98.8765 
-92 -227.441 -49 45 -78.6256 -101.178 -56.4345 -99.5051 
-102 -229.33 -49 45 -73.3733 -101.138 -53.7673 -101.578 
-96 -226.929 -49 45 -78.6256 -101.178 -56.4345 -99.5051 
-106 -228.818 -49 45 -73.3733 -101.138 -53.7673 -101.578 
-92 -227.676 -49 45 -78.6256 -101.029 -55.7413 -99.9751 
-78 -229.411 -48 45 -79.5801 -99.4724 -53.8806 -93.4401 
-92 -227.713 -50 45 -78.3945 -101.53 -56.6576 -98.8765 
-96 -227.164 -49 45 -78.6256 -101.029 -55.7413 -99.9751 
-92 -227.077 -48 45 -79.9595 -100.882 -53.7954 -96.6022 
-100 -231.49 -49 45 -71.1676 -101.915 -49.6561 -101.935 
-96 -226.739 -49 45 -79.3187 -101.53 -55.7413 -98.8765 
-104 -230.305 -50 45 -72.4491 -101.138 -54.6836 -101.578 
-90 -232.003 -48 45 -73.6347 -99.0805 -51.9065 -96.142 
-96 -227.201 -50 45 -78.3945 -101.53 -56.6576 -98.8765 
-104 -229.33 -49 45 -73.3733 -101.138 -53.7673 -101.578 
-98 -225.467 -50 45 -81.791 -100.814 -55.6876 -97.8472 
-96 -227.713 -50 45 -78.3945 -101.53 -56.6576 -98.8765 
-104 -230.978 -49 45 -71.1676 -101.915 -49.6561 -101.935 
-100 -226.227 -49 45 -79.3187 -101.53 -55.7413 -98.8765 
-82 -229.411 -48 45 -79.5801 -99.4724 -53.8806 -93.4401 
-110 -231.97 -50 46 -68.7446 -101.772 -51.0434 -105.164 
-75 -230.076 -48 45 -79.5801 -99.4724 -53.8806 -93.4401 
-108 -228.818 -49 45 -73.3733 -101.138 -53.7673 -101.578 
-86 -234.163 -48 45 -71.429 -99.8575 -47.7954 -96.4985 
-86 -234.954 -51 46 -69.9371 -97.0645 -53.4841 -101.299 
-82 -229.819 -50 45 -78.1093 -100.893 -54.2507 -96.376 
-78 -230.114 -48 45 -78.887 -99.1202 -54.5737 -94.0687 
-92 -228.416 -50 45 -77.7013 -101.178 -57.3508 -99.5051 
-88 -232.003 -48 45 -73.6347 -99.0805 -51.9065 -96.142 
-102 -230.305 -50 45 -72.4491 -101.138 -54.6836 -101.578 
-92 -227.962 -49 45 -78.8654 -100.332 -55.0482 -97.3724 
-92 -227.779 -48 45 -79.2663 -100.53 -54.4886 -97.2308 
-86 -229.308 -50 45 -78.1093 -100.893 -54.2507 -96.376 
-102 -229.669 -48 45 -74.0141 -100.491 -51.8214 -99.304 
-96 -227.441 -49 45 -78.6256 -101.178 -56.4345 -99.5051 
-92 -228.052 -49 45 -79.0352 -100.882 -54.7117 -96.6022 
-92 -232.411 -50 45 -72.1639 -100.501 -52.2766 -99.0779 
-96 -227.904 -50 45 -77.7013 -101.178 -57.3508 -99.5051 
-98 -226.739 -49 45 -79.3187 -101.53 -55.7413 -98.8765 
-96 -228.139 -50 45 -77.7013 -101.029 -56.6576 -99.9751 
-81 -229.509 -48 45 -79.5801 -99.4724 -53.8806 -93.4401 
-96 -227.676 -49 45 -78.6256 -101.029 -55.7413 -99.9751 
-106 -229.33 -49 45 -73.3733 -101.138 -53.7673 -101.578 
-82 -230.522 -50 45 -77.4161 -100.541 -54.9438 -97.0046 
-92 -227.194 -49 45 -80.2097 -102.624 -55.4537 -98.8401 
-85 -232.668 -48 45 -73.6347 -99.0805 -51.9065 -96.142 
-110 -228.818 -49 45 -73.3733 -101.138 -53.7673 -101.578 
-94 -225.979 -50 45 -81.791 -100.814 -55.6876 -97.8472 
-78 -230.386 -49 45 -78.6559 -99.4724 -54.7969 -93.4401 
-106 -229.793 -50 45 -72.4491 -101.138 -54.6836 -101.578 
-96 -227.45 -49 45 -78.8654 -100.332 -55.0482 -97.3724 
-78 -230.349 -48 45 -78.887 -98.9711 -53.8806 -94.5387 
-92 -228.651 -50 45 -77.7013 -101.029 -56.6576 -99.9751 
-106 -232.482 -50 46 -68.7446 -101.772 -51.0434 -105.164 
-100 -226.929 -49 45 -78.6256 -101.178 -56.4345 -99.5051 
-102 -226.227 -49 45 -79.3187 -101.53 -55.7413 -98.8765 
-92 -228.014 -48 45 -79.2663 -100.381 -53.7954 -97.7008 
-75 -230.779 -48 45 -78.887 -99.1202 -54.5737 -94.0687 
FEATURES_TXT_END_0
FEATURES_TXT_BEGIN_0 2 99 8 Distortion0_0 LM0_0 WordPenalty0_0 PhrasePenalty0_0 TranslationModel0_0 TranslationModel0_1 TranslationModel0_2 TranslationModel0_3 
-78 -158.903 -37 34 -51.2382 -84.2106 -46.6344 -97.418 
-78 -157.636 -37 34 -53.4696 -86.258 -49.3214 -98.1068 
-78 -160.147 -37 34 -49.9641 -83.5538 -46.6344 -97.9288 
-78 -161.105 -37 34 -48.8403 -81.3112 -46.6344 -95.4721 
-76 -157.576 -36 33 -54.9433 -82.7784 -48.2075 -95.3327 
-78 -159.683 -37 34 -51.2435 -84.3709 -45.6838 -97.2471 
-76 -158.563 -37 34 -53.2793 -82.2566 -49.6908 -93.2095 
-77 -160.579 -37 34 -50.3189 -81.3996 -45.6838 -94.528 
-78 -158.88 -37 34 -52.1955 -85.6012 -49.3214 -98.6176 
-70 -160.96 -37 34 -51.2382 -84.2106 -46.6344 -97.418 
-76 -158.487 -36 33 -53.6639 -81.9613 -49.1581 -96.0145 
-84 -158.903 -37 34 -51.2382 -84.2106 -46.6344 -97.418 
-68 -160.436 -37 34 -52.6904 -82.2744 -49.2371 -97.1414 
-78 -159.027 -37 34 -52.7168 -84.299 -45.6838 -96.4739 
-80 -158.797 -37 34 -52.5176 -85.0276 -45.6838 -96.7362 
-78 -159.838 -37 34 -51.0717 -83.3586 -49.3214 -96.1609 
-78 -162.35 -37 34 -47.5662 -80.6545 -46.6344 -95.9829 
-68 -160.221 -37 34 -53.3461 -83.4221 -47.733 -96.9072 
-80 -158.016 -36 34 -53.9083 -86.5937 -46.4113 -99.2643 
-76 -156.309 -36 33 -57.1748 -84.8258 -50.8945 -96.0215 
-78 -158.416 -37 34 -53.4749 -86.4183 -48.3708 -97.9359 
-68 -160.461 -38 34 -52.8006 -82.6919 -50.8465 -99.2678 
-76 -157.296 -37 34 -55.5107 -84.304 -52.3777 -93.8983 
-77 -159.312 -37 34 -52.5503 -83.447 -48.3708 -95.2168 
-76 -159.808 -37 34 -52.0051 -81.5998 -49.6908 -93.7203 
-77 -161.895 -37 34 -48.8456 -81.4716 -45.6838 -95.3012 
-78 -159.463 -37 34 -52.0079 -84.374 -49.5788 -98.8531 
-78 -159.164 -37 34 -52.371 -86.002 -49.3214 -99.0876 
-77 -162.686 -37 34 -47.5662 -80.6545 -46.6344 -95.9829 
-82 -161.105 -37 34 -48.8403 -81.3112 -46.6344 -95.4721 
-76 -157.22 -36 33 -55.8954 -84.0087 -51.8451 -96.7032 
-70 -162.204 -37 34 -49.9641 -83.5538 -46.6344 -97.9288 
-68 -159.318 -36 34 -54.6407 -88.8401 -48.7018 -100.181 
-70 -161.255 -36 34 -51.1441 -86.5556 -48.7018 -99.621 
-84 -157.636 -37 34 -53.4696 -86.258 -49.3214 -98.1068 
-76 -159.778 -36 33 -52.5454 -79.879 -48.2075 -93.3868 
-68 -159.169 -37 34 -54.9218 -84.3218 -51.9241 -97.8302 
-78 -160.398 -37 33 -50.8527 -85.0672 -46.5031 -99.6152 
-84 -160.147 -37 34 -49.9641 -83.5538 -46.6344 -97.9288 
-78 -161.886 -37 34 -48.8456 -81.4716 -45.6838 -95.3012 
-68 -161.681 -37 34 -51.4162 -81.6177 -49.2371 -97.6522 
-78 -157.76 -37 34 -54.9482 -86.3464 -48.3708 -97.1627 
-76 -160.766 -37 34 -50.8814 -79.3572 -49.6908 -91.2636 
-80 -160.042 -37 34 -51.2435 -84.3709 -45.6838 -97.2471 
-77 -162.782 -37 34 -47.921 -78.5003 -45.6838 -92.5821 
-76 -160.637 -37 34 -51.2382 -84.2106 -46.6344 -97.418 
-68 -160.563 -36 34 -53.3665 -88.1834 -48.7018 -100.691 
-78 -161.083 -37 34 -49.7976 -82.7019 -49.3214 -96.6717 
-70 -163.162 -37 34 -48.8403 -81.3112 -46.6344 -95.4721 
-70 -164.092 -36 33 -47.2864 -78.6163 -48.465 -94.7154 
-76 -160.69 -36 33 -51.266 -79.062 -49.1581 -94.0686 
-68 -158.954 -37 34 -55.5776 -85.4695 -50.42 -97.596 
-66 -162.224 -37 34 -51.2382 -84.2106 -46.6344 -97.418 
-78 -159.814 -37 33 -51.9514 -85.0277 -46.5031 -96.7363 
-72 -159.788 -36 34 -53.6887 -87.6098 -45.0642 -98.8101 
-68 -161.466 -37 34 -52.072 -82.7654 -47.733 -97.418 
-76 -159.343 -37 34 -53.2845 -82.4169 -48.7402 -93.0385 
-80 -159.261 -36 34 -52.6341 -85.937 -46.4113 -99.7751 
-68 -159.194 -38 34 -55.032 -84.7393 -53.5335 -99.9565 
-68 -159.633 -36 33 -54.9433 -82.7784 -48.2075 -95.3327 
-72 -161.944 -37 34 -49.9731 -83.9735 -49.3214 -97.5472 
-82 -159.305 -37 34 -52.2352 -81.9983 -47.1879 -96.0612 
-68 -162.639 -37 34 -50.2925 -79.3751 -49.2371 -95.1955 
-70 -160.35 -37 34 -52.6238 -86.3566 -52.1546 -99.3934 
-70 -161.74 -37 34 -51.2435 -84.3709 -45.6838 -97.2471 
-68 -161.705 -38 34 -51.5264 -82.0352 -50.8465 -99.7786 
-75 -160.24 -37 34 -52.36 -79.4456 -48.7402 -90.3194 
-62 -163.768 -37 34 -49.6547 -79.633 -51.4825 -94.4904 
-68 -160.701 -36 33 -53.1224 -87.6098 -45.8835 -98.8101 
-78 -161.23 -37 34 -50.3189 -81.3996 -45.6838 -94.528 
-76 -158.54 -37 34 -54.2366 -83.6472 -52.3777 -94.4091 
-77 -160.628 -37 34 -51.077 -83.519 -48.3708 -95.9899 
-70 -159.318 -36 34 -54.6407 -88.8401 -48.7018 -100.181 
-75 -160.189 -37 34 -52.5176 -85.0276 -45.6838 -96.7363 
-68 -160.62 -37 34 -53.2793 -82.2566 -49.6908 -93.2095 
-77 -161.419 -37 34 -49.7976 -82.7019 -49.3214 -96.6717 
-69 -162.636 -37 34 -50.3189 -81.3996 -45.6838 -94.528 
-77 -159.821 -37 34 -52.7168 -84.299 -45.6838 -96.4739 
-78 -160.357 -36 34 -51.8813 -83.88 -44.1315 -96.9704 
-82 -159.838 -37 34 -51.0717 -83.3586 -49.3214 -96.1609 
-82 -157.576 -36 33 -54.9433 -82.7784 -48.2075 -95.3327 
-78 -160.707 -37 34 -50.7337 -83.7173 -49.5788 -99.3639 
-78 -160.408 -37 34 -51.0969 -85.3453 -49.3214 -99.5984 
-83 -156.203 -36 33 -56.891 -84.8172 -47.5923 -96.2987 
-82 -162.35 -37 34 -47.5662 -80.6545 -46.6344 -95.9829 
-84 -159.683 -37 34 -51.2435 -84.3709 -45.6838 -97.2471 
-68 -161.216 -37 34 -52.6956 -82.4348 -48.2865 -96.9704 
-68 -160.544 -36 33 -53.6639 -81.9613 -49.1581 -96.0145 
-70 -162.391 -37 34 -49.9731 -83.9735 -49.3214 -97.5472 
-82 -160.217 -37 34 -50.9558 -81.1812 -48.1385 -96.743 
-78 -157.47 -36 33 -56.2227 -83.5955 -47.2569 -94.6509 
-76 -161.477 -37 34 -49.9731 -83.9735 -49.3214 -97.5472 
-70 -160.843 -37 34 -52.4779 -84.646 -50.272 -99.4817 
-78 -160.602 -37 34 -51.2382 -84.2106 -46.6344 -97.418 
-68 -162.424 -37 34 -50.9483 -80.5228 -47.733 -94.9613 
-82 -158.563 -37 34 -53.2793 -82.2566 -49.6908 -93.2095 
-80 -159.578 -37 34 -52.5229 -85.188 -44.7332 -96.5653 
-83 -160.579 -37 34 -50.3189 -81.3996 -45.6838 -94.528 
-80 -160.219 -36 34 -51.5104 -83.6943 -46.4113 -97.3184 
FEATURES_TXT_END_0
FEATURES_TXT_BEGIN_0 3 88 8 Distortion0_0 LM0_0 WordPenalty0_0 PhrasePenalty0_0 TranslationModel0_0 TranslationModel0_1 TranslationModel0_2 TranslationModel0_3 
-57 -179.476 -30 28 -38.7894 -56.1019 -23.3881 -57.9238 
-60 -179.08 -30 28 -38.7894 -56.1019 -23.3881 -57.9238 
-57 -179.476 -30 28 -39.1949 -54.898 -22.695 -58.3293 
-61 -179.51 -30 28 -37.9742 -55.0878 -23.3743 -56.878 
-60 -179.08 -30 28 -39.1949 -54.898 -22.695 -58.3293 
-64 -179.115 -30 28 -37.9742 -55.0878 -23.3743 -56.878 
-61 -179.51 -30 28 -38.3796 -53.8838 -22.6812 -57.2835 
-62 -178.937 -30 28 -38.7894 -56.1019 -23.3881 -57.9238 
-60 -177.491 -29 28 -42.4485 -57.1331 -23.3881 -55.0116 
-57 -177.427 -29 28 -42.4485 -57.1331 -23.3881 -55.0116 
-60 -180.066 -30 28 -37.51 -55.2849 -24.3388 -58.6056 
-64 -179.115 -30 28 -38.3796 -53.8838 -22.6812 -57.2835 
-62 -178.937 -30 28 -39.1949 -54.898 -22.695 -58.3293 
-64 -177.185 -29 28 -41.9901 -57.1197 -22.57 -54.239 
-66 -178.972 -30 28 -37.9742 -55.0878 -23.3743 -56.878 
-58 -179.096 -29 28 -40.3539 -55.3018 -24.325 -54.6475 
-57 -177.427 -29 28 -42.854 -55.9291 -22.695 -55.4171 
-60 -180.066 -30 28 -37.9155 -54.0809 -23.6456 -59.0111 
-54 -177.999 -29 28 -42.4485 -57.1331 -23.3881 -55.0116 
-61 -177.461 -29 28 -41.6333 -56.1189 -23.3743 -53.9658 
-64 -180.101 -30 28 -36.6948 -54.2707 -24.325 -57.5597 
-55 -177.689 -29 28 -42.8054 -58.1339 -22.5838 -55.2849 
-66 -178.972 -30 28 -38.3796 -53.8838 -22.6812 -57.2835 
-64 -179.08 -30 28 -39.1949 -54.898 -22.695 -58.3293 
-59 -179.617 -30 28 -38.7894 -56.1019 -23.3881 -57.9238 
-60 -179.473 -30 28 -38.7894 -56.1019 -23.3881 -57.9238 
-54 -177.999 -29 28 -42.854 -55.9291 -22.695 -55.4171 
-61 -177.461 -29 28 -42.0387 -54.9149 -22.6812 -54.3712 
-64 -180.101 -30 28 -37.1002 -53.0667 -23.6318 -57.9652 
-58 -178.033 -29 28 -41.6333 -56.1189 -23.3743 -53.9658 
-57 -180.745 -30 28 -37.51 -55.2849 -24.3388 -58.6056 
-58 -177.294 -29 28 -42.8054 -58.1339 -22.5838 -55.2849 
-62 -179.222 -30 28 -38.7894 -56.1019 -23.3881 -57.9238 
-55 -177.689 -29 28 -43.2108 -56.9299 -21.8906 -55.6904 
-64 -178.937 -30 28 -38.7894 -56.1019 -23.3881 -57.9238 
-59 -179.617 -30 28 -39.1949 -54.898 -22.695 -58.3293 
-60 -179.473 -30 28 -39.1949 -54.898 -22.695 -58.3293 
-59 -177.724 -29 28 -41.9901 -57.1197 -22.57 -54.239 
-63 -179.652 -30 28 -37.9742 -55.0878 -23.3743 -56.878 
-64 -179.508 -30 28 -37.9742 -55.0878 -23.3743 -56.878 
-55 -177.83 -29 28 -42.8054 -58.1339 -22.5838 -55.2849 
-62 -180.066 -30 28 -37.51 -55.2849 -24.3388 -58.6056 
-64 -179.079 -30 28 -39.1949 -54.898 -22.695 -58.3293 
-58 -178.033 -29 28 -42.0387 -54.9149 -22.6812 -54.3712 
-57 -180.745 -30 28 -37.9155 -54.0809 -23.6456 -59.0111 
-58 -177.294 -29 28 -43.2108 -56.9299 -21.8906 -55.6904 
-62 -179.222 -30 28 -39.1949 -54.898 -22.695 -58.3293 
-61 -180.78 -30 28 -36.6948 -54.2707 -24.325 -57.5597 
-61 -179.476 -30 28 -38.7894 -56.1019 -23.3881 -57.9238 
-62 -177.328 -29 28 -41.9901 -57.1197 -22.57 -54.239 
-66 -179.257 -30 28 -37.9742 -55.0878 -23.3743 -56.878 
-60 -180.421 -30 28 -37.51 -55.2849 -24.3388 -58.6056 
-64 -178.937 -30 28 -39.1949 -54.898 -22.695 -58.3293 
-58 -177.435 -29 28 -42.8054 -58.1339 -22.5838 -55.2849 
-59 -177.724 -29 28 -42.3956 -55.9157 -21.8768 -54.6445 
-68 -178.972 -30 28 -37.9742 -55.0878 -23.3743 -56.878 
-63 -179.652 -30 28 -38.3796 -53.8838 -22.6812 -57.2835 
-54 -179.061 -29 28 -41.1691 -56.316 -24.3388 -55.6934 
-60 -177.15 -29 28 -42.8054 -58.1339 -22.5838 -55.2849 
-62 -179.476 -30 28 -38.7894 -56.1019 -23.3881 -57.9238 
-64 -179.508 -30 28 -38.3796 -53.8838 -22.6812 -57.2835 
-55 -177.83 -29 28 -43.2108 -56.9299 -21.8906 -55.6904 
-64 -179.079 -30 28 -38.7894 -56.1019 -23.3881 -57.9238 
-60 -177.15 -29 28 -43.2108 -56.9299 -21.8906 -55.6904 
-64 -179.08 -30 28 -38.7894 -56.1019 -23.3881 -57.9238 
-62 -180.066 -30 28 -37.9155 -54.0809 -23.6456 -59.0111 
-62 -179.473 -30 28 -38.7894 -56.1019 -23.3881 -57.9238 
-59 -177.865 -29 28 -41.9901 -57.1197 -22.57 -54.239 
-66 -180.101 -30 28 -36.6948 -54.2707 -24.325 -57.5597 
-54 -179.061 -29 28 -41.5746 -55.112 -23.6456 -56.0988 
-55 -175.64 -28 28 -46.4644 -59.165 -22.5838 -52.3727 
-61 -180.78 -30 28 -37.1002 -53.0667 -23.6318 -57.9652 
-61 -179.476 -30 28 -39.1949 -54.898 -22.695 -58.3293 
-59 -177.568 -29 28 -42.4485 -57.1331 -23.3881 -55.0116 
-58 -178.279 -29 28 -41.526 -57.3168 -23.5344 -55.9667 
-62 -177.328 -29 28 -42.3956 -55.9157 -21.8768 -54.6445 
-60 -177.424 -29 28 -42.4485 -57.1331 -23.3881 -55.0116 
-62 -180.207 -30 28 -37.51 -55.2849 -24.3388 -58.6056 
-66 -179.257 -30 28 -38.3796 -53.8838 -22.6812 -57.2835 
-60 -180.421 -30 28 -37.9155 -54.0809 -23.6456 -59.0111 
-65 -179.51 -30 28 -37.9742 -55.0878 -23.3743 -56.878 
-58 -177.435 -29 28 -43.2108 -56.9299 -21.8906 -55.6904 
-57 -177.689 -29 28 -42.8054 -58.1339 -22.5838 -55.2849 
-64 -180.456 -30 28 -36.6948 -54.2707 -24.325 -57.5597 
-68 -178.972 -30 28 -38.3796 -53.8838 -22.6812 -57.2835 
-61 -179.617 -30 28 -38.7894 -56.1019 -23.3881 -57.9238 
-57 -178.689 -29 28 -41.1691 -56.316 -24.3388 -55.6934 
-62 -177.47 -29 28 -41.9901 -57.1197 -22.57 -54.239 
FEATURES_TXT_END_0
FEATURES_TXT_BEGIN_0 4 92 8 Distortion0_0 LM0_0 WordPenalty0_0 PhrasePenalty0_0 TranslationModel0_0 TranslationModel0_1 TranslationModel0_2 TranslationModel0_3 
-91 -206.226 -52 47 -77.4777 -113.182 -64.4108 -120.302 
-97 -206.222 -53 48 -75.7011 -116.624 -66.8877 -126.08 
-96 -205.663 -52 47 -77.4777 -113.182 -64.4108 -120.302 
-102 -205.658 -53 48 -75.7011 -116.624 -66.8877 -126.08 
-95 -199.941 -51 48 -86.7736 -118.483 -68.5483 -123.377 
-91 -207.042 -52 47 -76.9814 -113.566 -62.9068 -120.763 
-93 -200.285 -51 48 -86.7736 -118.483 -68.5483 -123.377 
-101 -199.937 -52 49 -84.997 -121.925 -71.0252 -129.156 
-97 -207.038 -53 48 -75.2049 -117.008 -65.3836 -126.541 
-99 -200.28 -52 49 -84.997 -121.925 -71.0252 -129.156 
-93 -204.672 -51 47 -80.7365 -113.508 -61.3663 -116.981 
-91 -206.426 -52 47 -78.2608 -114.383 -61.9561 -120.081 
-100 -199.378 -51 48 -86.7736 -118.483 -68.5483 -123.377 
-95 -206.226 -52 47 -77.4777 -113.182 -64.4108 -120.302 
-101 -207.038 -53 48 -75.2049 -117.008 -65.3836 -126.541 
-98 -199.721 -51 48 -86.7736 -118.483 -68.5483 -123.377 
-99 -204.668 -52 48 -78.9599 -116.95 -63.8432 -122.759 
-97 -206.422 -53 48 -76.4843 -117.825 -64.433 -125.86 
-87 -202.612 -51 47 -84.882 -122.298 -63.6714 -124.271 
-106 -199.374 -52 49 -84.997 -121.925 -71.0252 -129.156 
-91 -202.296 -51 48 -84.6207 -118.309 -67.2701 -125.352 
-101 -206.222 -53 48 -75.7011 -116.624 -66.8877 -126.08 
-91 -203.113 -51 48 -84.1244 -118.693 -65.766 -125.813 
-95 -201.902 -52 48 -84.022 -118.157 -69.647 -126.699 
-104 -199.717 -52 49 -84.997 -121.925 -71.0252 -129.156 
-97 -201.61 -52 48 -84.022 -118.157 -69.647 -126.699 
-93 -202.245 -52 48 -84.022 -118.157 -69.647 -126.699 
-93 -200.399 -51 48 -87.2457 -118.635 -66.7905 -122.03 
-97 -202.292 -52 49 -82.8441 -121.751 -69.747 -131.13 
-101 -201.898 -53 49 -82.2455 -121.599 -72.1238 -132.477 
-98 -204.109 -51 47 -80.7365 -113.508 -61.3663 -116.981 
-103 -201.606 -53 49 -82.2455 -121.599 -72.1239 -132.477 
-99 -202.241 -53 49 -82.2455 -121.599 -72.1238 -132.477 
-95 -200.758 -51 48 -86.2773 -118.868 -67.0443 -123.839 
-99 -200.395 -52 49 -85.4692 -122.077 -69.2674 -127.809 
-100 -205.663 -52 47 -77.4777 -113.182 -64.4108 -120.302 
-100 -199.672 -51 48 -87.2457 -118.635 -66.7905 -122.03 
-91 -202.615 -52 48 -83.9869 -118.309 -69.835 -125.352 
-104 -204.104 -52 48 -78.9599 -116.95 -63.8432 -122.759 
-93 -201.101 -51 48 -86.2773 -118.868 -67.0443 -123.839 
-92 -202.049 -51 47 -84.882 -122.298 -63.6714 -124.271 
-93 -206.633 -52 47 -77.985 -113.182 -62.4649 -120.302 
-101 -200.753 -52 49 -84.5007 -122.309 -69.5212 -129.617 
-96 -201.733 -51 48 -84.6207 -118.309 -67.2701 -125.352 
-95 -200.235 -51 48 -87.2457 -118.635 -66.7905 -122.03 
-106 -205.658 -53 48 -75.7011 -116.624 -66.8877 -126.08 
-97 -208.821 -54 47 -72.8371 -118.142 -67.9073 -131.559 
-100 -201.339 -52 48 -84.022 -118.157 -69.647 -126.699 
-97 -202.611 -53 49 -82.2104 -121.751 -72.3119 -131.13 
-102 -201.047 -52 48 -84.022 -118.157 -69.647 -126.699 
-99 -201.097 -52 49 -84.5007 -122.309 -69.5212 -129.617 
-95 -207.463 -52 47 -76.1662 -112.552 -62.893 -119.717 
-91 -206.995 -51 47 -78.1114 -113.182 -61.8459 -120.302 
-71 -206.283 -50 45 -84.0738 -112.913 -61.138 -114.267 
-98 -201.682 -52 48 -84.022 -118.157 -69.647 -126.699 
-99 -206.628 -53 48 -76.2084 -116.624 -64.9418 -126.08 
-98 -199.836 -51 48 -87.2457 -118.635 -66.7905 -122.03 
-91 -207.503 -52 47 -76.9852 -112.283 -65.017 -120.873 
-102 -201.729 -52 49 -82.8441 -121.751 -69.747 -131.13 
-101 -200.231 -52 49 -85.4692 -122.077 -69.2674 -127.809 
-89 -202.612 -51 47 -84.882 -122.298 -63.6714 -124.271 
-95 -200.141 -51 48 -87.5567 -119.685 -66.0937 -123.157 
-106 -201.334 -53 49 -82.2455 -121.599 -72.1238 -132.477 
-108 -201.042 -53 49 -82.2455 -121.599 -72.1239 -132.477 
-93 -205.488 -51 47 -80.2402 -113.892 -59.8622 -117.442 
-95 -204.788 -51 47 -80.7365 -113.508 -61.3663 -116.981 
-101 -207.459 -53 48 -74.3896 -115.994 -65.3699 -125.496 
-97 -206.991 -52 48 -76.3349 -116.624 -64.3228 -126.08 
-93 -200.484 -51 48 -87.5567 -119.685 -66.0937 -123.157 
-99 -199.941 -51 48 -86.7736 -118.483 -68.5483 -123.377 
-103 -200.254 -52 49 -84.997 -121.925 -71.0252 -129.156 
-77 -206.279 -51 46 -82.2972 -116.354 -63.6149 -120.045 
-104 -201.677 -53 49 -82.2455 -121.599 -72.1238 -132.477 
-92 -205.182 -52 47 -80.4225 -114.868 -64.943 -121.026 
-97 -200.258 -51 48 -86.7736 -118.483 -68.5483 -123.377 
-104 -199.832 -52 49 -85.4692 -122.077 -69.2674 -127.809 
-97 -207.499 -53 48 -75.2087 -115.724 -67.4939 -126.651 
-87 -203.967 -51 47 -83.4957 -121.102 -62.5728 -123.847 
-95 -207.042 -52 47 -76.9814 -113.566 -62.9068 -120.763 
-98 -205.178 -53 48 -78.6459 -118.31 -67.4199 -126.804 
-101 -200.137 -52 49 -85.7801 -123.126 -68.5705 -128.935 
-97 -200.285 -51 48 -86.7736 -118.483 -68.5483 -123.377 
-98 -206.069 -52 47 -77.985 -113.182 -62.4649 -120.302 
-96 -202.052 -52 48 -83.9869 -118.309 -69.835 -125.352 
-91 -196.328 -50 48 -94.1778 -127.6 -67.8089 -127.347 
-93 -202.36 -52 48 -84.4942 -118.309 -67.8891 -125.352 
-99 -205.484 -52 48 -78.4637 -117.334 -62.3391 -123.22 
-101 -204.784 -52 48 -78.9599 -116.95 -63.8432 -122.759 
-99 -200.48 -52 49 -85.7801 -123.126 -68.5705 -128.935 
-105 -199.937 -52 49 -84.997 -121.925 -71.0252 -129.156 
-89 -196.671 -50 48 -94.1778 -127.6 -67.8089 -127.347 
-87 -203.428 -51 47 -84.3857 -122.682 -62.1673 -124.733 
FEATURES_TXT_END_0
FEATURES_TXT_BEGIN_0 5 100 8 Distortion0_0 LM0_0 WordPenalty0_0 PhrasePenalty0_0 TranslationModel0_0 TranslationModel0_1 TranslationModel0_2 TranslationModel0_3 
-82 -222.702 -44 38 -75.3182 -106.152 -40.3872 -111.925 
-80 -225.747 -46 38 -71.0445 -106.734 -40.3872 -117.34 
-78 -226.087 -46 38 -71.0445 -106.734 -40.3872 -117.34 
-76 -226.452 -46 38 -71.0445 -106.734 -40.3872 -117.34 
-91 -221.857 -44 38 -75.1081 -106.974 -38.4343 -110.742 
-82 -225.409 -45 38 -71.5805 -106.259 -39.694 -115.235 
-70 -226.547 -46 38 -72.6539 -107.013 -39.694 -115.731 
-72 -226.462 -45 37 -72.4966 -105.804 -38.537 -113.842 
-91 -222.732 -44 38 -73.8287 -106.157 -39.385 -111.424 
-89 -224.902 -46 38 -70.8344 -107.556 -38.4343 -116.158 
-86 -226.169 -45 37 -69.9108 -102.376 -38.1235 -112.34 
-80 -227.813 -47 38 -68.445 -106.376 -39.694 -120.295 
-87 -225.242 -46 38 -70.8344 -107.556 -38.4343 -116.158 
-70 -229.507 -47 37 -68.2229 -106.386 -38.537 -119.257 
-80 -224.837 -45 37 -73.3119 -106.819 -38.5508 -114.888 
-85 -225.606 -46 38 -70.8344 -107.556 -38.4343 -116.158 
-68 -229.848 -47 37 -68.2229 -106.386 -38.537 -119.257 
-82 -220.529 -45 38 -79.1658 -107.206 -45.6075 -113.263 
-80 -223.593 -44 38 -75.3182 -106.152 -40.3872 -111.925 
-89 -225.776 -46 38 -69.555 -106.739 -39.385 -116.839 
-86 -222.702 -44 38 -75.3182 -106.152 -40.3872 -111.925 
-87 -226.117 -46 38 -69.555 -106.739 -39.385 -116.839 
-84 -229.214 -47 37 -65.637 -102.958 -38.1235 -117.755 
-78 -227.531 -45 37 -69.9107 -102.376 -38.1235 -112.34 
-66 -230.212 -47 37 -68.2229 -106.386 -38.537 -119.257 
-78 -223.821 -43 37 -75.6321 -105.688 -38.537 -108.782 
-82 -229.554 -47 37 -65.637 -102.958 -38.1235 -117.755 
-85 -226.481 -46 38 -69.555 -106.739 -39.385 -116.839 
-89 -222.692 -44 38 -74.8849 -106.655 -37.8057 -110.935 
-78 -227.882 -47 37 -69.0382 -107.4 -38.5508 -120.303 
-80 -223.574 -47 38 -74.892 -107.788 -45.6075 -118.678 
-78 -226.637 -46 38 -71.0445 -106.734 -40.3872 -117.34 
-72 -228.272 -47 38 -70.0545 -106.655 -39.0009 -118.686 
-80 -229.918 -47 37 -65.637 -102.958 -38.1235 -117.755 
-76 -228.222 -47 37 -69.0382 -107.4 -38.5508 -120.303 
-91 -224.564 -45 38 -71.3704 -107.081 -37.7412 -114.052 
-66 -228.498 -46 38 -71.0445 -106.734 -40.3872 -117.34 
-79 -225.701 -46 38 -72.4438 -107.835 -37.7412 -114.548 
-84 -225.747 -46 38 -71.0445 -106.734 -40.3872 -117.34 
-78 -223.914 -47 38 -74.892 -107.788 -45.6075 -118.678 
-76 -226.978 -46 38 -71.0445 -106.734 -40.3872 -117.34 
-76 -230.576 -47 37 -65.637 -102.958 -38.1235 -117.755 
-82 -226.087 -46 38 -71.0445 -106.734 -40.3872 -117.34 
-74 -228.587 -47 37 -69.0382 -107.4 -38.5508 -120.303 
-76 -226.866 -45 37 -71.3584 -106.269 -38.537 -114.197 
-81 -225.617 -45 37 -72.2866 -106.626 -36.5841 -112.659 
-72 -229.169 -46 37 -68.759 -105.911 -37.8438 -117.152 
-60 -230.307 -47 37 -69.8324 -106.665 -37.8438 -117.648 
-74 -230.916 -47 37 -65.637 -102.958 -38.1235 -117.755 
-76 -224.278 -47 38 -74.892 -107.788 -45.6075 -118.678 
-74 -227.342 -46 38 -71.0445 -106.734 -40.3872 -117.34 
-87 -225.737 -46 38 -70.6112 -107.237 -37.8057 -116.35 
-74 -227.206 -45 37 -71.3584 -106.269 -38.537 -114.197 
-91 -225.439 -45 38 -70.091 -106.264 -38.6918 -114.734 
-79 -226.576 -46 38 -71.1644 -107.018 -38.6918 -115.23 
-80 -226.452 -46 38 -71.0445 -106.734 -40.3872 -117.34 
-85 -226.077 -46 38 -70.6112 -107.237 -37.8057 -116.35 
-72 -231.281 -47 37 -65.637 -102.958 -38.1235 -117.755 
-95 -225.324 -45 37 -69.7007 -103.197 -36.1706 -111.158 
-86 -228.876 -46 37 -66.1731 -102.483 -37.4303 -115.65 
-89 -226.968 -47 38 -68.2349 -107.198 -37.7412 -119.112 
-74 -230.013 -47 37 -67.2465 -103.236 -37.4303 -116.146 
-72 -227.57 -45 37 -71.3584 -106.269 -38.537 -114.197 
-81 -226.492 -45 37 -71.0072 -105.809 -37.5348 -113.341 
-78 -230.607 -47 38 -65.3144 -103.606 -39.0009 -119.602 
-82 -223.593 -44 38 -75.3182 -106.152 -40.3872 -111.925 
-83 -226.441 -46 38 -70.6112 -107.237 -37.8057 -116.35 
-76 -226.321 -45 37 -72.4966 -105.804 -38.537 -113.842 
-79 -228.662 -47 37 -68.0128 -107.208 -36.5841 -118.074 
-89 -223.992 -45 37 -73.1018 -107.64 -36.5979 -113.705 
-80 -227.544 -46 37 -69.5742 -106.925 -37.8576 -118.198 
-68 -228.682 -47 37 -70.6476 -107.679 -37.8576 -118.694 
-70 -231.573 -48 37 -65.6235 -106.028 -37.8438 -122.212 
-58 -228.957 -46 38 -72.6539 -107.013 -39.694 -115.731 
-77 -229.002 -47 37 -68.0128 -107.208 -36.5841 -118.074 
-89 -222.747 -44 38 -75.1081 -106.974 -38.4343 -110.742 
-82 -223.236 -46 38 -75.4281 -107.313 -44.9144 -116.572 
-80 -226.3 -45 38 -71.5805 -106.259 -39.694 -115.235 
-70 -224.373 -47 38 -76.5015 -108.066 -44.9144 -117.068 
-68 -227.437 -46 38 -72.6539 -107.013 -39.694 -115.731 
-95 -226.198 -45 37 -68.4213 -102.38 -37.1212 -111.839 
-89 -227.842 -47 38 -66.9555 -106.381 -38.6918 -119.794 
-95 -221.857 -44 38 -75.1081 -106.974 -38.4343 -110.742 
-86 -225.409 -45 38 -71.5805 -106.259 -39.694 -115.235 
-74 -226.547 -46 38 -72.6539 -107.013 -39.694 -115.731 
-93 -228.368 -47 37 -65.4269 -103.779 -36.1706 -116.573 
-87 -226.686 -45 37 -69.7007 -103.197 -36.1706 -111.158 
-78 -230.238 -46 37 -66.1731 -102.483 -37.4303 -115.65 
-75 -229.366 -47 37 -68.0128 -107.208 -36.5841 -118.074 
-66 -231.375 -47 37 -67.2465 -103.236 -37.4303 -116.146 
-66 -226.825 -44 38 -74.18 -106.617 -40.3872 -112.28 
-72 -224.289 -46 37 -76.3442 -106.858 -43.7573 -115.18 
-84 -231.28 -48 37 -63.0376 -102.599 -37.4303 -120.71 
-79 -229.536 -47 37 -66.7334 -106.391 -37.5348 -118.756 
-87 -222.976 -43 37 -75.4221 -106.509 -36.5841 -107.599 
-80 -226.637 -46 38 -71.0445 -106.734 -40.3872 -117.34 
-78 -226.528 -44 37 -71.8945 -105.795 -37.8438 -112.091 
-89 -224.867 -45 37 -71.8224 -106.823 -37.5485 -114.387 
-91 -228.709 -47 37 -65.4269 -103.779 -36.1706 -116.573 
-66 -227.665 -45 37 -72.9679 -106.548 -37.8438 -112.587 
FEATURES_TXT_END_0
FEATURES_TXT_BEGIN_0 6 78 8 Distortion0_0 LM0_0 WordPenalty0_0 PhrasePenalty0_0 TranslationModel0_0 TranslationModel0_1 TranslationModel0_2 TranslationModel0_3 
-68 -164.385 -38 32 -66.2639 -87.2511 -31.4203 -85.3263 
-62 -166.716 -36 30 -64.6258 -87.9332 -23.8382 -80.838 
-64 -165.196 -38 32 -66.2639 -87.2511 -31.4203 -85.3263 
-70 -164.385 -38 32 -66.2639 -87.2511 -31.4203 -85.3263 
-76 -165.354 -38 32 -65.1861 -82.6687 -33.1549 -80.0295 
-58 -167.528 -36 30 -64.6258 -87.9332 -23.8382 -80.838 
-66 -165.821 -38 32 -65.1861 -82.6687 -33.1549 -80.0295 
-64 -166.716 -36 30 -64.6258 -87.9332 -23.8382 -80.838 
-60 -168.102 -35 31 -65.3198 -80.7249 -25.7049 -68.2766 
-66 -165.919 -39 33 -65.0395 -82.3424 -35.4975 -83.3509 
-66 -165.196 -38 32 -66.2639 -87.2511 -31.4203 -85.3263 
-58 -168.467 -37 30 -64.7619 -87.9332 -25.4476 -80.838 
-68 -166.626 -39 32 -63.3828 -86.2237 -32.5189 -87.015 
-60 -168.152 -36 30 -63.5481 -83.3508 -25.5728 -75.5412 
-60 -168.25 -37 31 -63.4015 -83.0244 -27.9155 -78.8627 
-72 -164.385 -38 32 -66.2639 -87.2511 -31.4203 -85.3263 
-69 -164.503 -39 33 -66.8662 -87.7159 -32.5773 -88.4698 
-60 -167.528 -36 30 -64.6258 -87.9332 -23.8382 -80.838 
-62 -166.858 -36 31 -66.5337 -85.3073 -25.5797 -73.5735 
-62 -168.957 -37 30 -61.7447 -86.9058 -24.9368 -82.5268 
-68 -165.821 -38 32 -65.1861 -82.6687 -33.1549 -80.0295 
-71 -166.786 -40 33 -63.9852 -86.6885 -33.6759 -90.1586 
-66 -166.716 -36 30 -64.6258 -87.9332 -23.8382 -80.838 
-63 -166.834 -37 31 -65.2282 -88.3979 -24.9953 -83.9815 
-68 -165.919 -39 33 -65.0395 -82.3424 -35.4975 -83.3509 
-60 -170.089 -37 30 -61.7447 -86.9058 -24.9368 -82.5268 
-68 -165.196 -38 32 -66.2639 -87.2511 -31.4203 -85.3263 
-70 -166.626 -39 32 -63.3828 -86.2237 -32.5189 -87.015 
-78 -163.821 -37 32 -67.1837 -87.43 -29.0354 -81.2403 
-65 -165.315 -39 33 -66.8662 -87.7159 -32.5773 -88.4698 
-62 -168.152 -36 30 -63.5481 -83.3508 -25.5728 -75.5412 
-69 -165.315 -39 33 -66.8662 -87.7159 -32.5773 -88.4698 
-62 -168.25 -37 31 -63.4015 -83.0244 -27.9155 -78.8627 
-66 -165.368 -38 32 -67.7387 -84.8719 -30.3217 -81.2191 
-68 -165.151 -37 32 -66.8182 -86.613 -28.4758 -81.922 
-71 -164.503 -39 33 -66.8662 -87.7159 -32.5773 -88.4698 
-58 -168.614 -36 30 -64.6258 -87.9332 -23.8382 -80.838 
-62 -167.528 -36 30 -64.6258 -87.9332 -23.8382 -80.838 
-64 -168.957 -37 30 -61.7447 -86.9058 -24.9368 -82.5268 
-68 -167.392 -38 32 -63.9371 -85.5856 -29.5744 -83.6108 
-59 -167.646 -37 31 -65.2282 -88.3979 -24.9953 -83.9816 
-74 -164.971 -39 33 -65.383 -83.6828 -34.2548 -82.9364 
-64 -167.758 -39 32 -63.3828 -86.2237 -32.5189 -87.0151 
-70 -165.821 -38 32 -65.1861 -82.6687 -33.1549 -80.0295 
-65 -166.834 -37 31 -65.2282 -88.3979 -24.9953 -83.9815 
-66 -165.963 -37 32 -66.8182 -86.613 -28.4758 -81.922 
-62 -166.666 -35 31 -66.3975 -85.3073 -23.9703 -73.5735 
-70 -165.919 -39 33 -65.0395 -82.3424 -35.4975 -83.3509 
-72 -166.048 -38 32 -64.4721 -86.1208 -30.7271 -85.3263 
-68 -167.302 -37 31 -63.7449 -84.3649 -26.6727 -78.4482 
-64 -165.963 -37 32 -66.8182 -86.613 -28.4758 -81.922 
-72 -166.626 -39 32 -63.3828 -86.2237 -32.5189 -87.015 
-67 -165.315 -39 33 -66.8662 -87.7159 -32.5773 -88.4698 
-67 -165.943 -38 32 -66.2639 -87.2511 -31.4203 -85.3263 
-58 -170.089 -37 30 -61.7447 -86.9058 -24.9368 -82.5268 
-69 -166.786 -40 33 -63.9852 -86.6885 -33.6759 -90.1586 
-64 -168.152 -36 30 -63.5481 -83.3508 -25.5728 -75.5412 
-74 -165.354 -38 32 -65.1861 -82.6687 -33.1549 -80.0295 
-64 -168.25 -37 31 -63.4015 -83.0244 -27.9155 -78.8627 
-70 -165.151 -37 32 -66.8182 -86.613 -28.4758 -81.922 
-70 -167.302 -37 31 -63.7449 -84.3649 -26.6727 -78.4482 
-62 -167.802 -36 30 -64.6258 -87.9332 -23.8382 -80.838 
-73 -164.503 -39 33 -66.8662 -87.7159 -32.5773 -88.4698 
-66 -168.957 -37 30 -61.7447 -86.9058 -24.9368 -82.5268 
-61 -167.646 -37 31 -65.2282 -88.3979 -24.9953 -83.9816 
-74 -166.048 -38 32 -64.4721 -86.1208 -30.7271 -85.3263 
-58 -167.478 -35 31 -66.3975 -85.3073 -23.9703 -73.5735 
-76 -164.971 -39 33 -65.383 -83.6828 -34.2548 -82.9364 
-62 -166.46 -38 32 -66.3785 -87.2511 -33.5603 -85.3263 
-68 -166.86 -38 32 -64.4721 -86.1208 -30.7271 -85.3263 
-63 -169.117 -38 31 -62.3471 -87.3705 -26.0939 -85.6703 
-62 -167.655 -37 30 -64.7619 -87.9332 -25.4476 -80.838 
-66 -167.758 -39 32 -63.3828 -86.2237 -32.5189 -87.0151 
-64 -166.666 -35 31 -66.3975 -85.3073 -23.9703 -73.5735 
-68 -167.686 -36 30 -63.5481 -83.3508 -25.5728 -75.5412 
-66 -166.587 -37 32 -65.7404 -82.0305 -30.2104 -76.6252 
-66 -166.685 -38 33 -65.5938 -81.7042 -32.5531 -79.9466 
-67 -166.834 -37 31 -65.2282 -88.3979 -24.9953 -83.9815 
FEATURES_TXT_END_0
FEATURES_TXT_BEGIN_0 7 100 8 Distortion0_0 LM0_0 WordPenalty0_0 PhrasePenalty0_0 TranslationModel0_0 TranslationModel0_1 TranslationModel0_2 TranslationModel0_3 
-113 -210.195 -59 51 -82.1133 -110.818 -71.7512 -141.906 
-119 -209.241 -59 51 -82.2769 -110.818 -72.732 -141.906 
-113 -209.158 -59 51 -84.1501 -111.003 -71.7512 -140.807 
-119 -208.205 -59 51 -84.3138 -111.003 -72.732 -140.807 
-101 -210.104 -58 50 -85.6845 -111.779 -71.7941 -139.739 
-109 -206.692 -56 49 -89.2043 -116.187 -70.2522 -138.611 
-107 -206.714 -58 50 -89.8407 -113.143 -73.3417 -140.192 
-115 -206.798 -59 51 -87.9086 -115.978 -70.4082 -142.76 
-101 -211.633 -58 50 -83.6476 -111.594 -71.7941 -140.837 
-109 -208.951 -59 51 -86.1934 -115.354 -68.2322 -141.577 
-121 -205.844 -59 51 -88.0722 -115.978 -71.389 -142.76 
-109 -205.655 -56 49 -91.2411 -116.372 -70.2522 -137.512 
-115 -207.997 -59 51 -86.3571 -115.354 -69.2131 -141.577 
-115 -205.761 -59 51 -89.9455 -116.163 -70.4082 -141.661 
-109 -207.914 -59 51 -88.2303 -115.54 -68.2322 -140.478 
-87 -209.928 -56 50 -90.4855 -119.058 -64.3267 -137.161 
-109 -205.945 -58 51 -91.3771 -116.678 -68.5199 -139.142 
-113 -209.61 -58 50 -84.7233 -112.513 -67.9111 -139.626 
-121 -204.807 -59 51 -90.1091 -116.163 -71.389 -141.661 
-103 -206.707 -58 50 -91.4798 -116.94 -70.4511 -140.593 
-97 -209.52 -57 49 -88.2359 -116.666 -70.6576 -139.672 
-115 -206.96 -59 51 -88.3939 -115.54 -69.2131 -140.478 
-108 -207.367 -59 51 -89.7669 -114.444 -66.8459 -136.588 
-97 -208.86 -58 50 -89.7647 -116.316 -68.2751 -139.41 
-93 -208.974 -56 50 -90.6491 -119.058 -65.3075 -137.161 
-115 -204.992 -58 51 -91.5407 -116.678 -69.5007 -139.142 
-119 -208.657 -58 50 -84.887 -112.513 -68.8919 -139.626 
-87 -208.891 -56 50 -92.5224 -119.244 -64.3267 -136.062 
-109 -204.908 -58 51 -93.414 -116.864 -68.5199 -138.044 
-97 -209.417 -57 49 -88.6499 -117.165 -69.559 -138.755 
-113 -208.574 -58 50 -86.7602 -112.699 -67.9111 -138.527 
-114 -206.413 -59 51 -89.9305 -114.444 -67.8268 -136.588 
-111 -203.294 -56 49 -94.9996 -121.347 -68.9092 -139.465 
-115 -208.567 -59 51 -86.1934 -115.354 -68.2322 -141.577 
-105 -205.447 -56 49 -93.2844 -120.723 -66.7332 -138.282 
-109 -203.317 -58 50 -95.636 -118.303 -71.9987 -141.046 
-103 -205.47 -58 50 -93.9209 -117.679 -69.8227 -139.863 
-108 -206.33 -59 51 -91.8038 -114.63 -66.8459 -135.49 
-103 -208.236 -58 50 -89.4429 -116.754 -70.4511 -141.691 
-93 -207.937 -56 50 -92.686 -119.244 -65.3075 -136.062 
-115 -203.955 -58 51 -93.5776 -116.864 -69.5007 -138.044 
-75 -209.837 -55 49 -94.0567 -120.02 -64.3696 -134.994 
-97 -205.854 -57 50 -94.9483 -117.64 -68.5628 -136.975 
-119 -207.62 -58 50 -86.9238 -112.699 -68.8919 -138.527 
-97 -210.389 -58 50 -87.7278 -116.13 -68.2751 -140.509 
-101 -209.52 -57 49 -88.2946 -113.475 -67.954 -137.459 
-121 -207.613 -59 51 -86.3571 -115.354 -69.2131 -141.577 
-114 -205.376 -59 51 -91.9674 -114.63 -67.8268 -135.49 
-111 -202.257 -56 49 -97.0364 -121.532 -68.9092 -138.366 
-96 -207.276 -58 50 -93.3381 -115.406 -66.8888 -134.421 
-102 -211.056 -57 50 -85.6716 -115.331 -67.7643 -139.084 
-115 -207.53 -59 51 -88.2303 -115.54 -68.2322 -140.478 
-105 -204.41 -56 49 -95.3213 -120.909 -66.7332 -137.184 
-109 -208.772 -56 49 -87.279 -116.48 -70.2522 -140.77 
-83 -206.424 -53 48 -97.5765 -124.427 -62.8277 -133.866 
-105 -202.442 -55 49 -98.4681 -122.047 -67.0209 -135.847 
-113 -212.116 -58 51 -81.7992 -110.818 -68.5942 -141.906 
-87 -212.464 -56 50 -87.2425 -117.962 -65.4115 -137.643 
-97 -211.031 -57 49 -86.613 -116.979 -69.559 -139.854 
-81 -206.446 -55 49 -98.213 -121.383 -65.9172 -135.446 
-103 -202.464 -57 50 -99.1046 -119.003 -70.1104 -137.428 
-97 -208.999 -56 50 -90.4855 -119.058 -64.3267 -137.161 
-87 -211.075 -56 50 -89.6702 -118.044 -64.3129 -136.115 
-112 -213.99 -58 51 -79.1601 -106.744 -70.1418 -138.751 
-107 -206.129 -57 49 -92.4508 -114.839 -69.5016 -137.912 
-115 -204.4 -58 51 -92.5216 -117.099 -77.7414 -144.204 
-75 -211.365 -55 49 -92.0198 -119.835 -64.3696 -136.092 
-115 -206.213 -58 50 -90.5186 -117.674 -66.5681 -140.48 
-97 -207.383 -57 50 -92.9114 -117.455 -68.5628 -138.074 
-108 -210.102 -57 50 -85.8353 -115.331 -68.7451 -139.084 
-121 -206.576 -59 51 -88.3939 -115.54 -69.2131 -140.478 
-97 -211.327 -57 49 -86.1991 -116.48 -70.6576 -140.77 
-101 -211.048 -57 49 -86.2577 -113.29 -67.954 -138.557 
-103 -208.476 -58 50 -89.7647 -116.316 -68.2751 -139.41 
-109 -208.366 -58 50 -88.8035 -117.05 -64.3921 -139.297 
-104 -203.863 -56 49 -96.8579 -119.813 -65.3469 -133.293 
-109 -209.248 -56 49 -86.5622 -115.555 -72.1552 -139.467 
-113 -210.396 -59 51 -84.6589 -109.987 -70.1418 -140.034 
-103 -209.636 -57 51 -88.5237 -112.804 -67.5601 -138.779 
-119 -211.163 -58 51 -81.9629 -110.818 -69.575 -141.906 
-93 -211.51 -56 50 -87.4061 -117.962 -66.3924 -137.643 
-102 -203.885 -58 50 -97.4943 -116.769 -68.4364 -134.874 
-99 -206.122 -57 49 -94.0312 -121.826 -69.3146 -140.526 
-107 -210.752 -58 50 -85.2852 -111.339 -71.101 -139.228 
-102 -210.019 -57 50 -87.7085 -115.516 -67.7643 -137.985 
-103 -208.045 -56 50 -90.6491 -119.058 -65.3075 -137.161 
-93 -210.121 -56 50 -89.8339 -118.044 -65.2937 -136.115 
-118 -213.036 -58 51 -79.3237 -106.744 -71.1226 -138.751 
-109 -207.735 -56 49 -89.3158 -116.666 -70.2522 -139.672 
-93 -208.275 -57 49 -92.3161 -121.202 -67.1386 -139.343 
-104 -210.607 -57 50 -86.1679 -114.946 -69.2683 -138.623 
-96 -208.804 -58 50 -91.3012 -115.22 -66.8888 -135.52 
-83 -205.387 -53 48 -99.6134 -124.613 -62.8277 -132.767 
-105 -201.405 -55 49 -100.505 -122.233 -67.0209 -134.749 
-105 -209.04 -57 49 -88.2506 -116.724 -68.8659 -138.245 
-121 -205.26 -58 50 -90.6823 -117.674 -67.549 -140.48 
-113 -211.08 -58 51 -83.8361 -111.003 -68.5942 -140.807 
-111 -211.113 -58 50 -83.8153 -110.026 -72.4873 -140.663 
-87 -211.427 -56 50 -89.2794 -118.147 -65.4115 -136.545 
-91 -207.133 -55 50 -95.7311 -119.148 -61.5344 -134.356 
FEATURES_TXT_END_0
FEATURES_TXT_BEGIN_0 8 100 8 Distortion0_0 LM0_0 WordPenalty0_0 PhrasePenalty0_0 TranslationModel0_0 TranslationModel0_1 TranslationModel0_2 TranslationModel0_3 
-114 -235.467 -56 52 -79.2747 -115.945 -46.3828 -126.262 
-114 -234.322 -56 52 -81.1999 -115.652 -46.3828 -124.102 
-118 -235.093 -57 52 -78.9006 -115.555 -48.1297 -127.347 
-116 -233.855 -57 53 -81.131 -117.461 -52.7196 -132.699 
-118 -233.948 -57 52 -80.8259 -115.261 -48.1297 -125.187 
-116 -232.71 -57 53 -83.0562 -117.168 -52.7196 -130.54 
-110 -237.424 -56 52 -77.6093 -115.076 -44.9 -124.856 
-118 -235.784 -57 53 -78.1186 -115.913 -47.2723 -126.933 
-110 -236.279 -56 52 -79.5346 -114.783 -44.9 -122.696 
-120 -233.481 -58 53 -80.7569 -117.071 -54.4665 -133.784 
-118 -234.638 -57 53 -80.0439 -115.62 -47.2723 -124.774 
-116 -233.451 -56 53 -82.3947 -118.328 -47.7971 -128.108 
-120 -232.336 -58 53 -82.6822 -116.778 -54.4665 -131.625 
-114 -237.05 -57 52 -77.2353 -114.686 -46.6469 -125.941 
-122 -235.409 -58 53 -77.7446 -115.523 -49.0192 -128.018 
-116 -232.305 -56 53 -84.32 -118.035 -47.7971 -125.948 
-112 -235.811 -57 53 -79.4656 -116.592 -51.2368 -131.293 
-114 -235.905 -57 52 -79.1605 -114.392 -46.6469 -123.781 
-120 -234.171 -58 54 -79.9749 -117.429 -53.6092 -133.371 
-122 -234.264 -58 53 -79.6699 -115.229 -49.0192 -125.859 
-112 -234.666 -57 53 -81.3909 -116.299 -51.2368 -129.134 
-120 -233.076 -57 53 -82.0207 -117.938 -49.544 -129.193 
-120 -233.026 -58 54 -81.9002 -117.136 -53.6092 -131.211 
-114 -237.74 -57 53 -76.4532 -115.044 -45.7895 -125.528 
-118 -231.838 -57 54 -84.251 -119.845 -54.1339 -134.546 
-120 -231.931 -57 53 -83.946 -117.645 -49.544 -127.033 
-116 -235.437 -58 53 -79.0915 -116.202 -52.9837 -132.378 
-114 -236.595 -57 53 -78.3785 -114.751 -45.7895 -123.368 
-124 -233.797 -59 54 -79.6009 -117.039 -55.3561 -134.456 
-118 -230.693 -57 54 -86.1763 -119.551 -54.1339 -132.386 
-112 -235.407 -56 53 -80.7293 -117.459 -46.3143 -126.702 
-112 -237.424 -56 52 -77.6093 -115.076 -44.9 -124.856 
-116 -234.292 -58 53 -81.0168 -115.909 -52.9837 -130.219 
-110 -234.825 -55 52 -82.4928 -116.335 -43.4589 -122.746 
-124 -232.652 -59 54 -81.5261 -116.746 -55.3561 -132.296 
-118 -237.366 -58 53 -76.0792 -114.654 -47.5364 -126.612 
-112 -234.262 -56 53 -82.6546 -117.166 -46.3143 -124.543 
-112 -236.279 -56 52 -79.5346 -114.783 -44.9 -122.696 
-122 -231.464 -58 54 -83.877 -119.454 -55.8808 -135.63 
-110 -237.793 -56 52 -77.6093 -115.076 -44.9 -124.856 
-104 -240.168 -57 51 -74.6635 -115.465 -48.1535 -126.86 
-120 -238.163 -55 52 -74.5854 -113.656 -44.9 -123.342 
-104 -238.173 -56 50 -77.899 -115.261 -48.3405 -126.188 
-110 -233.68 -55 52 -84.4181 -116.042 -43.4589 -120.587 
-116 -236.128 -58 54 -78.3095 -116.56 -52.1263 -131.965 
-118 -236.221 -58 53 -78.0045 -114.36 -47.5364 -124.453 
-118 -235.467 -56 52 -79.2747 -115.945 -46.3828 -126.262 
-122 -230.319 -58 54 -85.8023 -119.161 -55.8808 -133.471 
-110 -236.648 -56 52 -79.5346 -114.783 -44.9 -122.696 
-104 -239.023 -57 51 -76.5888 -115.172 -48.1535 -124.7 
-116 -235.033 -57 53 -80.3553 -117.069 -48.0612 -127.787 
-116 -237.05 -57 52 -77.2353 -114.686 -46.6469 -125.941 
-120 -237.018 -55 52 -76.5107 -113.363 -44.9 -121.182 
-104 -237.028 -56 50 -79.8243 -114.968 -48.3405 -124.029 
-116 -234.983 -58 54 -80.2348 -116.267 -52.1263 -129.806 
-118 -233.876 -55 52 -81.7524 -117.586 -45.9986 -123.064 
-118 -234.322 -56 52 -81.1999 -115.652 -46.3828 -124.102 
-114 -234.451 -56 52 -82.1188 -115.945 -45.2058 -123.831 
-114 -233.795 -57 54 -82.5856 -118.976 -52.6511 -133.14 
-114 -235.811 -57 53 -79.4656 -116.592 -51.2368 -131.293 
-116 -233.888 -57 53 -82.2806 -116.776 -48.0612 -125.628 
-116 -235.905 -57 52 -79.1605 -114.392 -46.6469 -123.781 
-114 -237.418 -57 52 -77.2353 -114.686 -46.6469 -125.941 
-118 -232.731 -55 52 -83.6777 -117.292 -45.9986 -120.905 
-124 -237.789 -56 52 -74.2113 -113.266 -46.6469 -124.427 
-112 -233.213 -56 53 -84.3491 -117.852 -49.7957 -129.184 
-114 -236.605 -56 52 -78.5257 -115.154 -47.5684 -126.44 
-114 -233.306 -56 52 -84.044 -115.652 -45.2058 -121.672 
-120 -235.753 -59 54 -77.9355 -116.17 -53.8732 -133.05 
-114 -232.65 -57 54 -84.5109 -118.682 -52.6511 -130.98 
-114 -234.666 -57 53 -81.3909 -116.299 -51.2368 -129.134 
-122 -235.093 -57 52 -78.9006 -115.555 -48.1297 -127.347 
-112 -236.18 -57 53 -79.4656 -116.592 -51.2368 -131.293 
-122 -236.551 -56 53 -76.4417 -115.173 -51.2368 -129.779 
-114 -236.273 -57 52 -79.1605 -114.392 -46.6469 -123.781 
-124 -236.644 -56 52 -76.1366 -112.973 -46.6469 -122.267 
-116 -237.74 -57 53 -76.4532 -115.044 -45.7895 -125.528 
-112 -232.067 -56 53 -86.2744 -117.559 -49.7957 -127.024 
-114 -235.46 -56 52 -80.451 -114.861 -47.5684 -124.28 
-106 -236.782 -55 52 -80.8274 -115.466 -41.9761 -121.34 
-120 -234.608 -59 54 -79.8608 -115.877 -53.8732 -130.891 
-122 -233.501 -56 52 -81.3784 -117.196 -47.7455 -124.149 
-120 -233.855 -57 53 -81.131 -117.461 -52.7196 -132.699 
-122 -230.593 -54 52 -85.7808 -119.172 -50.3146 -123.812 
-122 -233.948 -57 52 -80.8259 -115.261 -48.1297 -125.187 
-112 -235.035 -57 53 -81.3909 -116.299 -51.2368 -129.134 
-118 -233.42 -58 54 -82.2116 -118.585 -54.398 -134.225 
-118 -235.437 -58 53 -79.0915 -116.202 -52.9837 -132.378 
-122 -235.406 -56 53 -78.367 -114.879 -51.2368 -127.62 
-100 -242.124 -57 51 -72.9981 -114.596 -46.6707 -125.454 
-100 -240.13 -56 50 -76.2336 -114.392 -46.8577 -124.782 
-116 -236.595 -57 53 -78.3785 -114.751 -45.7895 -123.368 
-120 -232.263 -56 53 -83.6087 -119.102 -52.3354 -129.502 
-120 -234.688 -57 52 -80.5068 -114.779 -46.3828 -126.916 
-106 -235.636 -55 52 -82.7527 -115.173 -41.9761 -119.181 
-114 -238.109 -57 53 -76.4532 -115.044 -45.7895 -125.528 
-122 -232.356 -56 52 -83.3037 -116.902 -47.7455 -121.99 
-108 -240.484 -58 52 -73.5074 -115.433 -49.043 -127.532 
-120 -232.71 -57 53 -83.0562 -117.168 -52.7196 -130.54 
-124 -238.48 -56 53 -73.4293 -113.624 -45.7895 -124.013 
FEATURES_TXT_END_0
FEATURES_TXT_BEGIN_0 9 76 8 Distortion0_0 LM0_0 WordPenalty0_0 PhrasePenalty0_0 TranslationModel0_0 TranslationModel0_1 TranslationModel0_2 TranslationModel0_3 
-63 -159.582 -36 31 -42.3508 -64.0827 -33.1638 -86.8649 
-51 -161.56 -32 29 -44.4363 -63.9575 -25.4711 -76.1088 
-57 -160.523 -36 31 -42.3508 -64.0827 -33.1638 -86.8649 
-53 -165.418 -35 30 -37.6129 -59.6769 -30.5856 -82.0789 
-51 -162.867 -33 30 -40.7512 -58.0434 -29.1241 -75.6813 
-45 -163.808 -33 30 -40.7512 -58.0434 -29.1241 -75.6813 
-63 -160.484 -36 31 -41.0714 -63.2656 -34.1144 -87.5466 
-52 -161.276 -36 31 -44.0162 -64.9517 -34.6466 -88.2707 
-51 -163.769 -33 30 -39.4718 -57.2263 -30.0748 -76.3631 
-63 -161.044 -36 31 -40.3943 -63.5426 -34.5199 -88.5275 
-51 -162.303 -33 30 -43.1354 -59.7427 -30.7679 -76.9096 
-65 -159.582 -36 31 -42.3508 -64.0827 -33.1638 -86.8649 
-59 -160.523 -36 31 -42.3508 -64.0827 -33.1638 -86.8649 
-51 -164.329 -33 30 -38.7947 -57.5033 -30.4802 -77.3439 
-65 -160.484 -36 31 -41.0714 -63.2656 -34.1144 -87.5466 
-72 -157.586 -37 31 -42.6504 -70.7864 -42.8401 -96.9732 
-68 -156.169 -35 30 -46.628 -72.892 -35.4034 -95.4392 
-62 -158.73 -35 30 -44.2564 -65.9897 -37.7579 -90.2294 
-51 -162.744 -34 29 -41.9788 -66.9617 -28.9887 -85.1861 
-57 -161.86 -36 31 -41.0714 -63.2656 -34.1144 -87.5466 
-72 -156.169 -35 30 -46.628 -72.892 -35.4034 -95.4392 
-55 -162.451 -34 30 -40.4587 -61.852 -32.9078 -77.6428 
-51 -161.034 -32 29 -44.4363 -63.9575 -25.4711 -76.1088 
-65 -161.044 -36 31 -40.3943 -63.5426 -34.5199 -88.5275 
-49 -163.392 -34 30 -40.4587 -61.852 -32.9078 -77.6428 
-45 -161.974 -32 29 -44.4363 -63.9575 -25.4711 -76.1088 
-45 -165.145 -33 30 -39.4718 -57.2263 -30.0748 -76.3631 
-51 -165.65 -34 30 -37.1349 -57.1223 -29.8173 -76.6142 
-55 -162.867 -33 30 -40.7512 -58.0434 -29.1241 -75.6813 
-55 -162.978 -34 30 -40.4587 -61.852 -32.9078 -77.6428 
-45 -166.591 -34 30 -37.1349 -57.1223 -29.8173 -76.6142 
-49 -163.808 -33 30 -40.7512 -58.0434 -29.1241 -75.6813 
-52 -162.371 -36 30 -42.0954 -66.9657 -34.0693 -92.9058 
-55 -163.353 -34 30 -39.1793 -61.0349 -33.8584 -78.3246 
-51 -161.935 -32 29 -43.1569 -63.1404 -26.4218 -76.7906 
-51 -166.552 -34 30 -35.8555 -56.3052 -30.7679 -77.2959 
-55 -163.769 -33 30 -39.4718 -57.2263 -30.0748 -76.3631 
-56 -162.13 -37 31 -41.1772 -64.9159 -39.1099 -93.0728 
-71 -156.887 -36 31 -45.5717 -66.6567 -36.1354 -88.9806 
-57 -160.619 -32 29 -44.4363 -63.9575 -25.4711 -76.1088 
-54 -162.13 -37 31 -41.1772 -64.9159 -39.1099 -93.0728 
-73 -156.887 -36 31 -45.5717 -66.6567 -36.1354 -88.9806 
-64 -158.73 -35 30 -44.2564 -65.9897 -37.7579 -90.2294 
-59 -161.86 -36 31 -41.0714 -63.2656 -34.1144 -87.5466 
-55 -163.913 -34 30 -38.5022 -61.3118 -34.2638 -79.3054 
-51 -163.839 -33 30 -41.0296 -56.3933 -25.8283 -73.0245 
-58 -159.416 -36 30 -44.2637 -71.3836 -38.4637 -96.8618 
-51 -162.495 -32 29 -42.4798 -63.4174 -26.8272 -77.7714 
-45 -164.78 -33 30 -41.0296 -56.3933 -25.8283 -73.0245 
-63 -160.332 -36 31 -42.411 -64.9923 -35.1022 -88.1642 
-51 -165.949 -35 30 -37.4861 -57.6054 -29.487 -80.1354 
-51 -167.112 -34 30 -35.1784 -56.5821 -31.1734 -78.2768 
-57 -161.272 -36 31 -42.411 -64.9923 -35.1022 -88.1642 
-57 -161.803 -34 29 -41.9788 -66.9617 -28.9887 -85.1861 
-55 -164.329 -33 30 -38.7947 -57.5033 -30.4802 -77.3439 
-57 -163.769 -33 30 -39.4718 -57.2263 -30.0748 -76.3631 
-57 -162.867 -33 30 -40.7512 -58.0434 -29.1241 -75.6813 
-51 -165.048 -35 30 -38.7655 -58.4225 -28.5364 -79.4537 
-61 -162.037 -34 30 -40.4587 -61.852 -32.9078 -77.6428 
-51 -163.808 -33 30 -40.7512 -58.0434 -29.1241 -75.6813 
-51 -161.402 -33 30 -44.4148 -60.5597 -29.8173 -76.2278 
-45 -165.989 -35 30 -38.7655 -58.4225 -28.5364 -79.4537 
-68 -160.185 -36 32 -42.1912 -63.2656 -32.8602 -87.5466 
-53 -164.517 -35 30 -38.8923 -60.494 -29.635 -81.3971 
-49 -163.275 -34 29 -41.8521 -64.8902 -27.8901 -83.2426 
-51 -163.617 -33 30 -40.8114 -58.953 -31.0625 -76.9806 
-45 -162.343 -33 30 -44.4148 -60.5597 -29.8173 -76.2278 
-47 -165.458 -35 30 -38.8923 -60.494 -29.635 -81.3971 
-57 -161.099 -34 30 -43.4545 -66.3712 -27.609 -84.2593 
-45 -164.558 -33 30 -40.8114 -58.953 -31.0625 -76.9806 
-51 -164.741 -33 30 -39.7502 -55.5763 -26.7789 -73.7063 
-67 -161.576 -36 31 -39.4769 -64.2656 -35.0456 -85.7934 
-63 -160.159 -34 30 -43.4545 -66.3712 -27.609 -84.2593 
-55 -162.334 -34 29 -41.8521 -64.8902 -27.8901 -83.2426 
-61 -162.517 -36 31 -39.4769 -64.2656 -35.0456 -85.7934 
-63 -161.233 -36 31 -41.1316 -64.1752 -36.0528 -88.8459 
FEATURES_TXT_END_0
FEATURES_TXT_BEGIN_0 10 100 8 Distortion0_0 LM0_0 WordPenalty0_0 PhrasePenalty0_0 TranslationModel0_0 TranslationModel0_1 TranslationModel0_2 TranslationModel0_3 
-32 -84.0594 -20 17 -21.2609 -41.2788 -9.36992 -33.4442 
-38 -83.5558 -20 17 -21.2609 -41.2788 -9.36992 -33.4442 
-28 -86.2114 -20 18 -20.2674 -36.4322 -9.77847 -32.4977 
-39 -84.455 -20 17 -19.9815 -40.4617 -10.3205 -34.126 
-38 -85.7081 -20 17 -18.7655 -38.8014 -7.63532 -31.5433 
-32 -85.705 -20 17 -19.9815 -40.4617 -10.3205 -34.126 
-24 -88.2563 -20 18 -18.242 -36.1658 -12.7229 -35.1545 
-34 -84.9068 -20 17 -20.7887 -41.127 -11.1278 -34.7913 
-35 -81.4399 -20 18 -26.3451 -41.5168 -13.3626 -36.503 
-45 -83.9514 -20 17 -19.9815 -40.4617 -10.3205 -34.126 
-26 -86.1186 -21 17 -20.8645 -41.127 -13.757 -34.7913 
-26 -85.9704 -21 17 -21.3366 -41.2788 -11.9992 -33.4442 
-35 -86.607 -20 18 -18.988 -35.6151 -10.7291 -33.1795 
-38 -85.2014 -20 17 -19.9815 -40.4617 -10.3205 -34.126 
-28 -87.8571 -20 18 -18.988 -35.6151 -10.7291 -33.1795 
-41 -80.9363 -20 18 -26.3451 -41.5168 -13.3626 -36.503 
-28 -86.8066 -20 18 -20.6528 -36.2008 -10.777 -32.7341 
-45 -86.1037 -20 17 -17.4861 -37.9843 -8.58594 -32.225 
-34 -85.311 -20 17 -21.2609 -41.2788 -9.36992 -33.4442 
-31 -88.6519 -20 18 -16.9626 -35.3487 -13.6735 -35.8363 
-31 -83.592 -20 19 -25.3517 -36.6702 -13.7711 -35.5565 
-41 -85.3024 -20 17 -19.5093 -40.3099 -12.0784 -35.4731 
-41 -83.2082 -20 17 -22.9262 -42.1477 -10.8528 -34.8501 
-32 -85.4804 -21 17 -21.3366 -41.2788 -11.9992 -33.4442 
-38 -87.3538 -20 17 -17.4861 -37.9843 -8.58594 -32.225 
-24 -89.9019 -20 18 -16.9626 -35.3487 -13.6735 -35.8363 
-34 -86.5525 -20 17 -19.5093 -40.3099 -12.0784 -35.4731 
-41 -83.0887 -20 18 -23.8497 -39.0394 -11.628 -34.602 
-33 -86.5142 -21 17 -19.5851 -40.3099 -14.7077 -35.4731 
-34 -84.2702 -20 18 -23.7029 -41.3266 -8.71376 -31.8816 
-33 -86.366 -21 17 -20.0572 -40.4617 -12.9498 -34.126 
-38 -85.0992 -20 17 -21.2609 -41.2788 -9.36992 -33.4442 
-27 -85.6368 -20 19 -23.3263 -36.4038 -16.7156 -38.2133 
-32 -84.8557 -20 18 -23.2308 -41.1748 -10.4716 -33.2286 
-37 -82.2874 -20 18 -25.873 -41.365 -15.1204 -37.8501 
-32 -87.8348 -20 17 -18.7655 -38.8014 -7.63532 -31.5433 
-32 -85.015 -20 17 -22.713 -41.6232 -13.0774 -36.5452 
-26 -87.7643 -21 17 -19.5851 -40.3099 -14.7077 -35.4731 
-47 -82.7046 -20 17 -22.9262 -42.1477 -10.8528 -34.8501 
-32 -87.6328 -21 17 -18.8412 -38.8014 -10.2646 -31.5433 
-26 -87.6161 -21 17 -20.0572 -40.4617 -12.9498 -34.126 
-35 -87.2022 -20 18 -19.3734 -35.3837 -11.7276 -33.4159 
-37 -85.2814 -20 18 -21.9328 -37.3012 -11.2613 -33.9036 
-29 -83.4992 -21 18 -25.9488 -41.365 -17.7497 -37.8501 
-41 -85.7066 -20 17 -19.9815 -40.4617 -10.3205 -34.126 
-24 -87.2518 -20 18 -21.6776 -41.0602 -11.6582 -34.5383 
-29 -83.351 -21 18 -26.4209 -41.5168 -15.9918 -36.503 
-34 -86.4225 -20 18 -21.2075 -38.8492 -6.97916 -29.9806 
-28 -86.9005 -20 18 -21.2054 -40.9084 -13.4161 -35.8854 
-28 -88.4522 -20 18 -19.3734 -35.3837 -11.7276 -33.4159 
-34 -84.7187 -20 18 -23.7029 -41.3266 -8.71376 -31.8816 
-38 -84.864 -20 17 -22.3595 -41.139 -8.67677 -31.7395 
-39 -85.876 -21 17 -20.0572 -40.4617 -12.9498 -34.126 
-28 -85.6154 -21 18 -23.3066 -41.1748 -13.1009 -33.2286 
-28 -89.4387 -20 17 -17.8253 -36.3844 -10.4346 -34.0604 
-34 -86.9567 -20 17 -19.9815 -40.4617 -10.3205 -34.126 
-41 -82.4805 -21 17 -25.1578 -41.9656 -15.3463 -41.0721 
-38 -84.5114 -20 17 -22.713 -41.6232 -13.0774 -36.5452 
-47 -84.8569 -20 17 -20.4308 -39.6703 -9.11816 -32.9491 
-31 -84.1871 -20 19 -25.7371 -36.4388 -14.7697 -35.7929 
-32 -85.1864 -20 18 -23.7029 -41.3266 -8.71376 -31.8816 
-24 -87.5329 -20 18 -21.6776 -41.0602 -11.6582 -34.5383 
-32 -85.8737 -20 18 -22.5834 -39.534 -10.3291 -30.537 
-32 -87.1261 -21 17 -20.0572 -40.4617 -12.9498 -34.126 
-28 -85.5821 -21 18 -23.7787 -41.3266 -11.343 -31.8816 
-33 -87.4051 -20 18 -19.9074 -37.0348 -14.2057 -36.5603 
-37 -82.6916 -20 18 -26.3451 -41.5168 -13.3626 -36.503 
-36 -87.7922 -20 17 -18.7655 -38.8014 -7.63532 -31.5433 
-41 -84.6657 -20 18 -22.4235 -40.5095 -9.66438 -32.5633 
-43 -84.0556 -20 17 -22.4541 -41.996 -12.6106 -36.1971 
-28 -87.167 -20 18 -21.7195 -36.7767 -13.4859 -35.5987 
-44 -85.6353 -20 17 -19.9815 -40.4617 -10.3205 -34.126 
-45 -85.4948 -20 17 -19.9815 -40.4617 -10.3205 -34.126 
-24 -89.4041 -20 18 -19.1822 -38.5828 -9.9236 -32.6374 
-39 -85.2513 -20 18 -21.9514 -40.3577 -11.4222 -33.9104 
-34 -85.0718 -20 18 -23.7029 -41.3266 -8.71376 -31.8816 
-35 -82.861 -21 18 -26.4209 -41.5168 -15.9918 -36.503 
-39 -88.2303 -20 17 -17.4861 -37.9843 -8.58594 -32.225 
-30 -89.4387 -20 17 -17.8253 -36.3844 -10.4346 -34.0604 
-18 -88.5971 -21 18 -21.2812 -40.9084 -16.0453 -35.8854 
-34 -85.9158 -20 18 -22.4235 -40.5095 -9.66438 -32.5633 
-44 -84.3604 -20 17 -22.3595 -41.139 -8.67677 -31.7395 
-39 -88.0283 -21 17 -17.5618 -37.9843 -11.2152 -32.225 
-34 -88.2917 -20 17 -18.7655 -38.8014 -7.63532 -31.5433 
-28 -87.7678 -21 18 -20.8112 -38.6974 -11.3663 -31.3277 
-38 -83.5833 -20 18 -24.8943 -41.4751 -12.7229 -32.7391 
-38 -86.7449 -20 17 -19.9815 -40.4617 -10.3205 -34.126 
-38 -86.1009 -20 17 -21.0801 -40.3219 -9.62739 -32.4212 
-28 -87.2312 -20 18 -21.6776 -41.0602 -11.6582 -34.5383 
-32 -86.5013 -20 18 -21.9514 -40.3577 -11.4222 -33.9104 
-32 -85.4508 -20 18 -23.6162 -40.9434 -11.4701 -33.465 
-35 -85.2674 -21 17 -22.5299 -41.996 -15.2399 -36.1971 
-38 -86.6637 -20 17 -20.2176 -39.1458 -11.3428 -34.6442 
-36 -86.3783 -21 18 -21.1149 -40.4691 -11.8797 -35.6614 
-47 -81.9769 -21 17 -25.1578 -41.9656 -15.3463 -41.0721 
-34 -86.7175 -20 17 -21.1222 -39.586 -11.6386 -34.7913 
-32 -89.4804 -20 17 -17.4861 -37.9843 -8.58594 -32.225 
-18 -88.5637 -21 18 -21.7533 -41.0602 -14.2875 -34.5383 
-35 -85.1192 -21 17 -23.002 -42.1477 -13.482 -34.8501 
-37 -81.6507 -20 19 -28.7872 -41.5646 -12.7064 -34.9403 
FEATURES_TXT_END_0
FEATURES_TXT_BEGIN_0 11 87 8 Distortion0_0 LM0_0 WordPenalty0_0 PhrasePenalty0_0 TranslationModel0_0 TranslationModel0_1 TranslationModel0_2 TranslationModel0_3 
-63 -152.389 -31 29 -51.5735 -74.1237 -34.273 -67.5811 
-75 -157.334 -32 29 -41.268 -68.1877 -32.6636 -67.3924 
-61 -150.681 -30 29 -55.3787 -78.5765 -29.5817 -68.3094 
-71 -158.048 -32 29 -41.268 -68.1877 -32.6636 -67.3924 
-59 -156.811 -30 29 -48.957 -70.3383 -30.8569 -68.4524 
-73 -155.626 -31 29 -45.0733 -72.6405 -27.9722 -68.1207 
-69 -156.34 -31 29 -45.0733 -72.6405 -27.9722 -68.1207 
-63 -154.264 -31 29 -51.3504 -73.8044 -33.6444 -67.7735 
-57 -155.147 -30 29 -50.1019 -72.6427 -30.4677 -68.9323 
-73 -158.048 -32 29 -41.268 -68.1877 -32.6636 -67.3924 
-63 -153.922 -31 29 -50.1182 -72.4329 -34.743 -67.358 
-69 -160.092 -31 29 -39.7964 -66.7067 -28.8583 -68.7436 
-71 -156.34 -31 29 -45.0733 -72.6405 -27.9722 -68.1207 
-65 -160.807 -31 29 -39.7964 -66.7067 -28.8583 -68.7436 
-71 -162.078 -31 29 -38.0917 -65.2111 -27.3542 -69.0757 
-61 -152.214 -30 29 -53.9235 -76.8857 -30.0517 -68.0862 
-65 -153.572 -31 30 -50.9535 -75.3636 -31.2887 -70.2635 
-51 -156.27 -30 29 -50.4123 -72.0291 -30.3869 -68.6755 
-57 -155.375 -30 29 -50.4123 -72.0291 -30.3869 -68.6755 
-69 -152.389 -31 29 -51.5735 -74.1237 -34.273 -67.5811 
-77 -158.517 -32 30 -40.6481 -69.4276 -29.6792 -70.0748 
-63 -161.215 -31 29 -40.1068 -66.0931 -28.7774 -68.4868 
-69 -160.32 -31 29 -40.1068 -66.0931 -28.7774 -68.4868 
-67 -160.807 -31 29 -39.7964 -66.7067 -28.8583 -68.7436 
-73 -159.231 -32 30 -40.6481 -69.4276 -29.6792 -70.0748 
-79 -157.235 -32 29 -42.8214 -70.2448 -32.5458 -68.7054 
-59 -161.93 -31 29 -40.1068 -66.0931 -28.7774 -68.4868 
-71 -154.21 -30 29 -50.1891 -71.7098 -29.7583 -68.8679 
-59 -155.278 -30 29 -50.4123 -72.0291 -30.3869 -68.6755 
-57 -156.681 -30 29 -48.6466 -70.9519 -30.9378 -68.7091 
-65 -161.034 -31 29 -40.1068 -66.0931 -28.7774 -68.4868 
-77 -157.612 -31 29 -43.3685 -71.1448 -26.4682 -68.4528 
-67 -150.681 -30 29 -55.3787 -78.5765 -29.5817 -68.3094 
-77 -159.32 -32 29 -39.5633 -66.692 -31.1595 -67.7245 
-57 -156.468 -30 29 -49.3322 -72.4793 -27.5233 -67.4972 
-65 -158.609 -31 30 -44.3144 -69.6532 -25.7628 -66.6922 
-71 -160.223 -31 29 -40.1068 -66.0931 -28.7774 -68.4868 
-71 -152.389 -31 29 -51.5735 -74.1237 -34.273 -67.5811 
-69 -161.412 -31 29 -39.0268 -66.5433 -25.9139 -67.3085 
-69 -158.497 -31 29 -43.1334 -64.3915 -33.1744 -64.6056 
-67 -160.937 -31 29 -40.1068 -66.0931 -28.7774 -68.4868 
-63 -151.834 -30 29 -55.3787 -78.5765 -29.5817 -68.3094 
-77 -163.554 -32 30 -34.0089 -63.7172 -24.1534 -66.5035 
-65 -154.436 -30 29 -50.6218 -72.4579 -30.3734 -68.8111 
-75 -157.612 -31 29 -43.3685 -71.1448 -26.4682 -68.4528 
-71 -153.541 -30 29 -50.6218 -72.4579 -30.3734 -68.8111 
-77 -157.235 -32 29 -42.8214 -70.2448 -32.5458 -68.7054 
-55 -156.159 -30 29 -50.4123 -72.0291 -30.3869 -68.6755 
-75 -159.231 -32 30 -40.6481 -69.4276 -29.6792 -70.0748 
-61 -161.93 -31 29 -40.1068 -66.0931 -28.7774 -68.4868 
-65 -162.127 -31 29 -39.0268 -66.5433 -25.9139 -67.3085 
-71 -157.275 -31 29 -45.0733 -72.6405 -27.9722 -68.1207 
-59 -153.302 -30 29 -53.6704 -75.5818 -31.7732 -69.6563 
-67 -161.034 -31 29 -40.1068 -66.0931 -28.7774 -68.4868 
-73 -160.174 -32 29 -39.5633 -66.692 -31.1595 -67.7245 
-77 -150.322 -33 30 -53.2352 -74.6921 -43.239 -80.8638 
-73 -164.269 -32 30 -34.0089 -63.7172 -24.1534 -66.5035 
-65 -155.106 -30 29 -50.1891 -71.7098 -29.7583 -68.8679 
-69 -150.681 -30 29 -55.3787 -78.5765 -29.5817 -68.3094 
-51 -156.836 -30 29 -50.4123 -72.0291 -30.3869 -68.6755 
-51 -153.404 -30 29 -55.4726 -73.3273 -35.2646 -70.5106 
-65 -155.105 -31 30 -49.4982 -73.6728 -31.7587 -70.0404 
-63 -155.147 -30 29 -50.1019 -72.6427 -30.4677 -68.9323 
-51 -157.804 -30 29 -48.957 -70.3383 -30.8569 -68.4524 
-73 -158.983 -32 29 -41.268 -68.1877 -32.6636 -67.3924 
-65 -153.542 -31 29 -51.5735 -74.1237 -34.273 -67.5811 
-57 -156.909 -30 29 -48.957 -70.3383 -30.8569 -68.4524 
-67 -161.104 -31 29 -40.1068 -66.0931 -28.7774 -68.4868 
-79 -159.32 -32 29 -39.5633 -66.692 -31.1595 -67.7245 
-67 -156.789 -30 29 -46.9387 -68.8443 -28.4831 -65.3338 
-71 -158.247 -31 29 -43.3649 -69.6458 -30.1637 -69.4676 
-69 -153.922 -31 29 -50.1182 -72.4329 -34.743 -67.358 
-63 -161.781 -31 29 -40.1068 -66.0931 -28.7774 -68.4868 
-63 -158.349 -31 29 -45.1671 -67.3913 -33.6552 -70.3219 
-75 -155.527 -31 29 -46.6266 -74.6976 -27.8545 -69.4336 
-69 -159.697 -32 29 -41.268 -68.1877 -32.6636 -67.3924 
-73 -153.443 -30 29 -50.6218 -72.4579 -30.3734 -68.8111 
-63 -161.819 -31 29 -40.1068 -66.0931 -28.7774 -68.4868 
-59 -159.063 -31 29 -45.1671 -67.3913 -33.6552 -70.3219 
-77 -158.487 -32 29 -41.268 -68.1877 -32.6636 -67.3924 
-67 -149.048 -31 30 -57.9321 -77.7115 -39.389 -69.8003 
-71 -158.466 -31 29 -43.3685 -71.1448 -26.4682 -68.4528 
-75 -148.614 -32 30 -57.0405 -79.1449 -38.5477 -81.5921 
-73 -158.089 -32 29 -42.8214 -70.2448 -32.5458 -68.7054 
-67 -158.961 -31 29 -43.3649 -69.6458 -30.1637 -69.4676 
-59 -162.495 -31 29 -40.1068 -66.0931 -28.7774 -68.4868 
-69 -160.937 -31 29 -40.1068 -66.0931 -28.7774 -68.4868 
FEATURES_TXT_END_0
FEATURES_TXT_BEGIN_0 12 79 8 Distortion0_0 LM0_0 WordPenalty0_0 PhrasePenalty0_0 TranslationModel0_0 TranslationModel0_1 TranslationModel0_2 TranslationModel0_3 
-58 -196.659 -37 34 -60.7852 -79.2541 -23.5907 -71.072 
-65 -197.342 -38 35 -59.7177 -76.8429 -22.3051 -67.6365 
-54 -197.297 -37 34 -60.7852 -79.2541 -23.5907 -71.072 
-55 -197.274 -37 34 -62.26 -76.8749 -22.4921 -66.9648 
-64 -195.023 -37 34 -62.26 -76.8749 -22.4921 -66.9648 
-60 -195.661 -37 34 -62.26 -76.8749 -22.4921 -66.9648 
-62 -197.527 -36 34 -57.9103 -82.0735 -27.622 -72.9545 
-64 -199.35 -36 34 -56.462 -74.9253 -25.8302 -69.3114 
-58 -198.165 -36 34 -57.9103 -82.0735 -27.622 -72.9545 
-72 -198.936 -37 35 -54.5849 -80.6429 -28.3513 -78.3245 
-68 -195.891 -36 34 -59.3852 -79.6943 -26.5234 -68.8473 
-64 -196.529 -36 34 -59.3852 -79.6943 -26.5234 -68.8473 
-74 -197.18 -38 35 -56.7867 -78.584 -19.939 -68.235 
-69 -196.703 -38 35 -59.7177 -76.8429 -22.3051 -67.6365 
-70 -197.819 -38 35 -56.7867 -78.584 -19.939 -68.235 
-59 -196.636 -37 34 -62.26 -76.8749 -22.4921 -66.9648 
-80 -195.544 -38 35 -58.2616 -76.2048 -18.8404 -64.1278 
-56 -195.077 -37 34 -64.1141 -82.8407 -24.507 -73.6966 
-65 -198.066 -38 35 -58.2428 -79.2221 -23.4037 -71.7437 
-76 -196.183 -38 35 -58.2616 -76.2048 -18.8404 -64.1278 
-62 -193.441 -37 34 -65.5889 -80.4615 -23.4084 -69.5894 
-64 -197.737 -38 35 -58.2428 -79.2221 -23.4037 -71.7437 
-68 -198.712 -36 34 -56.462 -74.9253 -25.8302 -69.3114 
-60 -198.376 -38 35 -58.2428 -79.2221 -23.4037 -71.7437 
-47 -199.783 -36 34 -59.3852 -79.6943 -26.5234 -68.8473 
-70 -196.101 -38 35 -59.7177 -76.8429 -22.3051 -67.6365 
-66 -196.74 -38 35 -59.7177 -76.8429 -22.3051 -67.6365 
-63 -196.349 -37 34 -60.7852 -79.2541 -23.5907 -71.072 
-59 -196.988 -37 34 -60.7852 -79.2541 -23.5907 -71.072 
-63 -195.625 -37 34 -62.26 -76.8749 -22.4921 -66.9648 
-59 -196.263 -37 34 -62.26 -76.8749 -22.4921 -66.9648 
-60 -199.709 -37 35 -55.7737 -80.8591 -27.6581 -76.715 
-61 -197.627 -36 34 -59.3852 -79.6943 -26.5234 -68.8473 
-66 -198.073 -37 35 -57.2485 -78.4799 -26.5595 -72.6078 
-58 -195.102 -37 34 -63.7084 -84.0231 -24.2838 -70.6078 
-58 -200.986 -36 34 -54.9872 -77.3045 -26.9288 -73.4187 
-70 -198.245 -37 35 -55.7737 -80.8591 -27.6581 -76.715 
-42 -199.983 -37 34 -60.7852 -79.2541 -23.5907 -71.072 
-54 -195.741 -37 34 -63.7084 -84.0231 -24.2838 -70.6078 
-63 -197.31 -36 34 -59.3852 -79.6943 -26.5234 -68.8473 
-64 -193.466 -37 34 -65.1832 -81.6439 -23.1852 -66.5006 
-67 -197.217 -36 34 -57.9103 -82.0735 -27.622 -72.9545 
-76 -196.609 -37 35 -57.2485 -78.4799 -26.5595 -72.6078 
-54 -201.751 -38 35 -55.0294 -74.2022 -22.039 -66.0932 
-69 -197.428 -38 35 -58.2428 -79.2221 -23.4037 -71.7437 
-68 -195.023 -37 34 -62.26 -76.8749 -22.4921 -66.9648 
-60 -194.105 -37 34 -65.1832 -81.6439 -23.1852 -66.5006 
-63 -197.856 -36 34 -57.9103 -82.0735 -27.622 -72.9545 
-67 -196.493 -36 34 -59.3852 -79.6943 -26.5234 -68.8473 
-63 -195.804 -37 34 -62.26 -76.8749 -22.4921 -66.9648 
-72 -199.363 -39 36 -54.6501 -77.3696 -19.9751 -71.9956 
-51 -199.144 -36 34 -59.3852 -79.6943 -26.5234 -68.8473 
-61 -196.121 -37 34 -62.26 -76.8749 -22.4921 -66.9648 
-50 -202.39 -38 35 -55.0294 -74.2022 -22.039 -66.0932 
-68 -196.529 -36 34 -59.3852 -79.6943 -26.5234 -68.8473 
-64 -195.661 -37 34 -62.26 -76.8749 -22.4921 -66.9648 
-47 -198.276 -37 34 -62.26 -76.8749 -22.4921 -66.9648 
-63 -197.131 -36 34 -59.3852 -79.6943 -26.5234 -68.8473 
-60 -200.115 -38 35 -56.5043 -71.823 -20.9404 -61.986 
-59 -196.442 -37 34 -62.26 -76.8749 -22.4921 -66.9648 
-57 -196.759 -37 34 -62.26 -76.8749 -22.4921 -66.9648 
-43 -198.915 -37 34 -62.26 -76.8749 -22.4921 -66.9648 
-78 -197.727 -39 36 -56.1249 -74.9904 -18.8765 -67.8883 
-56 -200.754 -38 35 -56.5043 -71.823 -20.9404 -61.986 
-66 -194.408 -36 33 -63.552 -79.2673 -23.7573 -70.4491 
-65 -196.989 -36 34 -59.3852 -79.6943 -26.5234 -68.8473 
-82 -197.899 -39 36 -54.6501 -77.3696 -19.9751 -71.9956 
-62 -200.348 -36 34 -54.9872 -77.3045 -26.9288 -73.4187 
-72 -192.772 -36 33 -65.0268 -76.888 -22.6587 -66.3418 
-79 -196.871 -38 35 -56.7867 -78.584 -19.939 -68.235 
-88 -196.263 -39 36 -56.1249 -74.9904 -18.8765 -67.8883 
-75 -197.509 -38 35 -56.7867 -78.584 -19.939 -68.235 
-79 -196.146 -38 35 -58.2616 -76.2048 -18.8404 -64.1278 
-75 -196.785 -38 35 -58.2616 -76.2048 -18.8404 -64.1278 
-61 -194.767 -37 34 -64.1141 -82.8407 -24.507 -73.6966 
-72 -195.891 -36 34 -59.3852 -79.6943 -26.5234 -68.8473 
-67 -196.671 -36 34 -59.3852 -79.6943 -26.5234 -68.8473 
-61 -194.043 -37 34 -65.5889 -80.4615 -23.4084 -69.5894 
-46 -199.344 -37 34 -60.7852 -79.2541 -23.5907 -71.072 
FEATURES_TXT_END_0
FEATURES_TXT_BEGIN_0 13 100 8 Distortion0_0 LM0_0 WordPenalty0_0 PhrasePenalty0_0 TranslationModel0_0 TranslationModel0_1 TranslationModel0_2 TranslationModel0_3 
-61 -130.411 -36 29 -59.6428 -81.2862 -32.1535 -82.7283 
-59 -131.608 -36 29 -58.579 -79.8489 -32.4109 -81.8231 
-59 -131.018 -36 29 -59.8584 -80.666 -31.4603 -81.1413 
-61 -129.609 -36 29 -61.242 -81.516 -36.4439 -84.5939 
-69 -128.691 -35 29 -61.1147 -80.2762 -32.8466 -78.1797 
-67 -129.888 -35 29 -60.0509 -78.8389 -33.1041 -77.2745 
-63 -130.973 -34 29 -59.9067 -80.8809 -29.1076 -78.8876 
-67 -129.298 -35 29 -61.3303 -79.656 -32.1535 -76.5928 
-57 -134.822 -37 29 -54.7986 -80.2904 -33.1041 -83.9743 
-69 -127.889 -35 29 -62.7139 -80.5059 -37.1371 -80.0453 
-61 -132.295 -36 29 -58.1149 -80.847 -32.1535 -83.1338 
-67 -131.018 -35 29 -58.7059 -80.2762 -31.2567 -78.1797 
-59 -134.219 -38 29 -55.2992 -80.2459 -37.3946 -89.7101 
-65 -132.216 -35 29 -57.6421 -78.8389 -31.5142 -77.2745 
-59 -131.277 -36 29 -60.6159 -80.0343 -32.4109 -80.7245 
-59 -133.629 -38 29 -56.5786 -81.063 -36.4439 -89.0284 
-87 -124.371 -34 30 -64.6663 -82.6973 -34.5348 -76.9134 
-75 -126.137 -35 29 -64.7523 -83.1758 -33.5398 -78.1797 
-71 -129.253 -33 29 -61.3786 -79.8709 -29.8007 -74.339 
-65 -131.625 -35 29 -58.9215 -79.656 -30.5636 -76.5928 
-61 -133.981 -36 29 -56.078 -80.6616 -32.1535 -84.2324 
-65 -133.102 -36 29 -56.2705 -79.2804 -33.7972 -79.4258 
-61 -131.493 -36 29 -59.7141 -81.0767 -36.4439 -84.9994 
-67 -130.216 -35 29 -60.3051 -80.5059 -35.5472 -80.0453 
-69 -130.575 -35 29 -59.5867 -79.837 -32.8466 -78.5852 
-67 -128.465 -36 29 -63.2804 -84.1858 -32.8466 -82.7283 
-73 -127.334 -35 29 -63.6884 -81.7385 -33.7972 -77.2745 
-61 -130.613 -36 29 -61.6797 -81.4716 -32.1535 -81.6297 
-61 -132.587 -36 29 -58.579 -79.8489 -32.4109 -81.8231 
-59 -130.889 -36 29 -61.8953 -80.8513 -31.4603 -80.0427 
-87 -122.332 -34 31 -68.4051 -82.4946 -36.5803 -77.1454 
-57 -133.255 -36 29 -58.579 -79.8489 -32.4109 -81.8231 
-67 -132.499 -37 29 -56.7711 -79.2359 -38.0877 -85.1616 
-61 -134.13 -37 29 -56.078 -81.1075 -32.1535 -83.2926 
-67 -129.557 -35 29 -62.0877 -79.0242 -33.1041 -76.1759 
-65 -129.662 -36 29 -62.2166 -82.7485 -33.1041 -81.8231 
-61 -133.665 -37 29 -56.8355 -80.4758 -33.1041 -82.8757 
-73 -126.744 -35 29 -64.9678 -82.5556 -32.8466 -76.5928 
-87 -126.249 -34 30 -62.3231 -81.2438 -34.521 -76.273 
-57 -134.905 -36 29 -56.078 -80.6616 -32.1535 -84.2324 
-61 -132.965 -37 29 -58.1149 -81.2928 -32.1535 -82.194 
-61 -134.116 -35 29 -56.5904 -80.3243 -30.0582 -79.7282 
-75 -125.335 -35 29 -66.3515 -83.4055 -37.8302 -80.0453 
-57 -134.382 -37 29 -56.8355 -80.4758 -33.1041 -82.8757 
-61 -135.039 -37 29 -54.7986 -80.2904 -33.1041 -83.9743 
-73 -128.454 -35 29 -62.3435 -83.1758 -31.9499 -78.1797 
-57 -132.995 -34 28 -59.8248 -80.6842 -25.4176 -76.8712 
-67 -131.909 -37 29 -58.0505 -80.053 -37.1371 -84.4798 
-69 -131.581 -33 29 -58.9698 -79.8709 -28.2108 -74.339 
-61 -132.109 -36 29 -59.8584 -80.666 -31.4603 -81.1413 
-61 -133.179 -36 29 -57.6772 -80.8913 -36.4439 -86.098 
-65 -129.072 -36 29 -63.496 -83.5656 -32.1535 -81.1413 
-63 -135.43 -36 29 -53.8617 -79.2804 -32.2073 -79.4258 
-69 -132.261 -35 29 -57.5499 -79.6516 -32.8466 -79.6838 
-69 -129.773 -35 29 -61.186 -80.0667 -37.1371 -80.4508 
-67 -127.663 -36 29 -64.8796 -84.4155 -37.1371 -84.5939 
-67 -132.903 -35 29 -57.1779 -79.837 -31.2567 -78.5852 
-59 -131.139 -36 29 -61.5175 -84.6309 -34.6792 -85.4851 
-63 -131.008 -34 29 -61.6502 -80.6999 -28.4144 -76.8952 
-57 -135.83 -37 29 -54.7986 -80.2904 -33.1041 -83.9743 
-61 -129.811 -36 29 -63.2789 -81.7013 -36.4439 -83.4953 
-59 -131.711 -34 29 -61.4347 -81.3202 -29.1076 -78.4821 
-71 -129.651 -35 29 -61.2796 -81.7385 -32.2073 -77.2745 
-61 -131.785 -36 29 -60.1782 -80.0786 -36.7014 -83.6887 
-69 -128.893 -35 29 -63.1516 -80.4616 -32.8466 -77.0811 
-61 -132.397 -34 29 -59.9067 -80.8809 -29.1076 -78.8876 
-61 -134.724 -36 29 -56.0229 -78.7258 -31.4603 -81.7475 
-67 -128.447 -35 30 -64.8744 -82.4399 -30.6175 -83.0969 
-69 -130.867 -35 29 -60.0509 -78.8389 -33.1041 -77.2745 
-67 -129.169 -35 29 -63.3671 -79.8413 -32.1535 -75.4941 
-63 -126.811 -34 30 -68.1764 -84.3571 -32.3869 -80.4134 
-61 -132.18 -34 29 -60.3708 -79.8828 -29.365 -77.5769 
-61 -131.832 -36 29 -60.6159 -80.0343 -32.4109 -80.7245 
-63 -130.288 -34 29 -62.8727 -81.9511 -28.4144 -76.8292 
-63 -133.415 -34 29 -57.8698 -80.6955 -29.1076 -79.9862 
-65 -131.535 -35 29 -60.0509 -78.8389 -33.1041 -77.2745 
-65 -134.827 -37 29 -54.3623 -79.2359 -36.4978 -85.1616 
-59 -133.888 -38 29 -57.3361 -80.4313 -37.3946 -88.6115 
-57 -133.734 -36 29 -58.579 -79.8489 -32.4109 -81.8231 
-59 -132.194 -36 29 -60.1782 -80.0786 -36.7014 -83.6887 
-61 -133.328 -37 29 -57.6772 -81.3372 -36.4439 -85.1582 
-61 -135.426 -36 29 -54.7986 -79.8446 -33.1041 -84.9141 
-63 -131.595 -36 29 -60.4581 -82.3004 -32.1673 -83.7741 
-61 -132.863 -37 29 -58.4347 -80.7055 -37.3946 -84.7414 
-69 -132.41 -36 29 -57.5499 -80.0975 -32.8466 -78.744 
-65 -131.885 -35 29 -59.6789 -79.0242 -31.5142 -76.1759 
-69 -131.945 -36 29 -58.3073 -79.4657 -33.7972 -78.3272 
-71 -128.338 -35 30 -64.2384 -81.8906 -31.7161 -84.0818 
-77 -126.7 -33 29 -65.0162 -82.7704 -30.4939 -74.339 
-71 -129.061 -35 29 -62.559 -82.5556 -31.2567 -76.5928 
-63 -129.952 -34 29 -63.6871 -80.8853 -28.4144 -75.7966 
-57 -134.873 -34 28 -57.4816 -79.2308 -25.4038 -76.2308 
-79 -128.706 -35 30 -61.2583 -83.7073 -31.9055 -81.4619 
-61 -132.163 -37 29 -59.7141 -81.5225 -36.4439 -84.0596 
-59 -130.109 -36 29 -63.5544 -84.8162 -34.6792 -84.3865 
-65 -133.185 -35 29 -57.5499 -79.6516 -32.8466 -79.6838 
-67 -134.769 -34 29 -55.3795 -75.5585 -28.7262 -78.4474 
-59 -135.921 -36 29 -54.9591 -77.2885 -31.7178 -80.8422 
-69 -131.245 -36 29 -59.5867 -80.2828 -32.8466 -77.6454 
-57 -135.317 -37 29 -56.078 -81.1075 -32.1535 -83.2926 
FEATURES_TXT_END_0
FEATURES_TXT_BEGIN_0 14 90 8 Distortion0_0 LM0_0 WordPenalty0_0 PhrasePenalty0_0 TranslationModel0_0 TranslationModel0_1 TranslationModel0_2 TranslationModel0_3 
-54 -156.799 -34 33 -54.1886 -67.368 -35.0974 -64.673 
-62 -153.549 -35 34 -57.0231 -73.2699 -37.5131 -71.6728 
-48 -157.422 -34 33 -54.8431 -67.9996 -34.7747 -63.831 
-56 -154.172 -35 34 -57.6776 -73.9014 -37.1904 -70.8308 
-54 -158.496 -35 34 -51.705 -67.8328 -36.0091 -67.8165 
-48 -157.806 -34 33 -54.6608 -67.5198 -33.3396 -63.3259 
-50 -157.715 -34 33 -54.1886 -67.368 -35.0974 -64.673 
-56 -156.799 -34 33 -54.1886 -67.368 -35.0974 -64.673 
-48 -159.118 -35 34 -52.3595 -68.4643 -35.6863 -66.9745 
-56 -154.556 -35 34 -57.4953 -73.4216 -35.7553 -70.3257 
-58 -154.464 -35 34 -57.0231 -73.2699 -37.5131 -71.6728 
-64 -153.549 -35 34 -57.0231 -73.2699 -37.5131 -71.6728 
-48 -158.911 -35 33 -52.8475 -67.358 -35.1854 -65.4752 
-56 -155.661 -36 34 -55.682 -73.2599 -37.6011 -72.475 
-52 -157.302 -34 33 -54.371 -67.8478 -36.5325 -65.1781 
-50 -157.422 -34 33 -54.8431 -67.9996 -34.7747 -63.831 
-48 -159.503 -35 34 -52.1772 -67.9846 -34.2512 -66.4694 
-60 -154.052 -35 34 -57.2054 -73.7496 -38.9482 -72.1779 
-58 -154.172 -35 34 -57.6776 -73.9014 -37.1904 -70.8308 
-50 -159.411 -35 34 -51.705 -67.8328 -36.0091 -67.8165 
-56 -158.496 -35 34 -51.705 -67.8328 -36.0091 -67.8165 
-48 -160.607 -36 34 -50.3639 -67.8228 -36.097 -68.6187 
-52 -157.687 -34 33 -54.1886 -67.368 -35.0974 -64.673 
-50 -157.806 -34 33 -54.6608 -67.5198 -33.3396 -63.3259 
-52 -158.999 -35 34 -51.8873 -68.3126 -37.4441 -68.3216 
-52 -157.715 -34 33 -54.1886 -67.368 -35.0974 -64.673 
-54 -157.754 -34 33 -54.5941 -68.018 -34.4043 -65.2326 
-60 -154.436 -35 34 -57.0231 -73.2699 -37.5131 -71.6728 
-50 -159.118 -35 34 -52.3595 -68.4643 -35.6863 -66.9745 
-58 -154.556 -35 34 -57.4953 -73.4216 -35.7553 -70.3257 
-60 -154.464 -35 34 -57.0231 -73.2699 -37.5131 -71.6728 
-54 -160.487 -36 34 -49.8917 -67.671 -37.8549 -69.9658 
-52 -158.791 -35 33 -52.3754 -67.2063 -36.9433 -66.8223 
-54 -157.622 -34 32 -54.4556 -66.2912 -30.2612 -61.8851 
-50 -158.911 -35 33 -52.8475 -67.358 -35.1854 -65.4752 
-60 -155.541 -36 34 -55.2099 -73.1081 -39.359 -73.8221 
-62 -154.372 -35 33 -57.29 -72.193 -32.6769 -68.8849 
-58 -155.661 -36 34 -55.682 -73.2599 -37.6011 -72.475 
-54 -157.302 -34 33 -54.371 -67.8478 -36.5325 -65.1781 
-52 -159.383 -35 34 -51.705 -67.8328 -36.0091 -67.8165 
-50 -159.503 -35 34 -52.1772 -67.9846 -34.2512 -66.4694 
-62 -154.052 -35 34 -57.2054 -73.7496 -38.9482 -72.1779 
-42 -158.98 -34 33 -54.8431 -67.9996 -34.7747 -63.831 
-52 -159.411 -35 34 -51.705 -67.8328 -36.0091 -67.8165 
-48 -158.651 -34 33 -54.371 -67.8478 -36.5325 -65.1781 
-50 -155.73 -35 34 -57.6776 -73.9014 -37.1904 -70.8308 
-54 -158.007 -34 32 -54.2732 -65.8114 -28.8261 -61.38 
-46 -158.651 -34 33 -54.371 -67.8478 -36.5325 -65.1781 
-52 -160.487 -36 34 -49.8917 -67.671 -37.8549 -69.9658 
-54 -159.318 -35 33 -51.9719 -66.756 -31.1728 -65.0286 
-50 -160.607 -36 34 -50.3639 -67.8228 -36.097 -68.6187 
-62 -154.756 -35 33 -57.1077 -71.7132 -31.2418 -68.3798 
-54 -155.401 -35 34 -57.2054 -73.7496 -38.9482 -72.1779 
-54 -157.687 -34 33 -54.1886 -67.368 -35.0974 -64.673 
-66 -153.863 -34 33 -57.1089 -69.9057 -36.6015 -66.5834 
-54 -158.999 -35 34 -51.8873 -68.3126 -37.4441 -68.3216 
-54 -157.715 -34 33 -54.1886 -67.368 -35.0974 -64.673 
-66 -159.583 -35 34 -48.9016 -65.1501 -34.3996 -66.6378 
-54 -156.889 -36 34 -55.2099 -73.1081 -39.359 -73.8221 
-62 -154.436 -35 34 -57.0231 -73.2699 -37.5131 -71.6728 
-42 -159.365 -34 33 -54.6608 -67.5198 -33.3396 -63.3259 
-60 -156.799 -34 33 -54.1886 -67.368 -35.0974 -64.673 
-42 -160.676 -35 34 -52.3595 -68.4643 -35.6863 -66.9745 
-62 -154.464 -35 34 -57.0231 -73.2699 -37.5131 -71.6728 
-54 -160.807 -36 33 -49.9763 -66.1144 -31.5836 -66.6728 
-44 -159.022 -34 33 -54.8431 -67.9996 -34.7747 -63.831 
-50 -156.114 -35 34 -57.4953 -73.4216 -35.7553 -70.3257 
-68 -153.549 -35 34 -57.0231 -73.2699 -37.5131 -71.6728 
-54 -159.111 -35 32 -52.46 -65.6497 -30.672 -63.5293 
-50 -158.4 -34 33 -54.1886 -67.368 -35.0974 -64.673 
-62 -155.861 -36 33 -55.2944 -71.5515 -33.0877 -70.5291 
-54 -158.791 -35 33 -52.3754 -67.2063 -36.9433 -66.8223 
-46 -159.035 -34 33 -54.1886 -67.368 -35.0974 -64.673 
-54 -159.703 -35 33 -51.7896 -66.2762 -29.7378 -64.5235 
-62 -155.541 -36 34 -55.2099 -73.1081 -39.359 -73.8221 
-46 -160.347 -35 34 -51.8873 -68.3126 -37.4441 -68.3216 
-60 -154.486 -34 33 -57.7633 -70.5373 -36.2787 -65.7414 
-42 -160.469 -35 33 -52.8475 -67.358 -35.1854 -65.4752 
-54 -155.785 -35 34 -57.0231 -73.2699 -37.5131 -71.6728 
-56 -157.302 -34 33 -54.371 -67.8478 -36.5325 -65.1781 
-54 -157.422 -34 33 -54.8431 -67.9996 -34.7747 -63.831 
-54 -159.383 -35 34 -51.705 -67.8328 -36.0091 -67.8165 
-50 -157.219 -36 34 -55.682 -73.2599 -37.6011 -72.475 
-64 -154.052 -35 34 -57.2054 -73.7496 -38.9482 -72.1779 
-62 -154.172 -35 34 -57.6776 -73.9014 -37.1904 -70.8308 
-54 -159.411 -35 34 -51.705 -67.8328 -36.0091 -67.8165 
-46 -160.14 -35 33 -52.3754 -67.2063 -36.9433 -66.8223 
-66 -155.592 -35 34 -54.6252 -70.3705 -37.5131 -69.7269 
-42 -161.061 -35 34 -52.1772 -67.9846 -34.2512 -66.4694 
-60 -158.496 -35 34 -51.705 -67.8328 -36.0091 -67.8165 
FEATURES_TXT_END_0
FEATURES_TXT_BEGIN_0 15 62 8 Distortion0_0 LM0_0 WordPenalty0_0 PhrasePenalty0_0 TranslationModel0_0 TranslationModel0_1 TranslationModel0_2 TranslationModel0_3 
-89 -178.114 -38 32 -55.0366 -62.1504 -21.5365 -57.6361 
-91 -178.122 -37 32 -56.4397 -59.3044 -25.9708 -56.3978 
-91 -178.114 -38 32 -55.0366 -62.1504 -21.5365 -57.6361 
-88 -176.345 -37 32 -58.6956 -63.1815 -21.5365 -54.7239 
-78 -177.38 -37 33 -59.8875 -64.7856 -33.0347 -61.9769 
-79 -182.16 -38 32 -52.0758 -58.4206 -20.4379 -56.1697 
-66 -179.452 -37 32 -58.9489 -69.3618 -33.1961 -65.0323 
-85 -178.723 -39 33 -55.6324 -63.5363 -24.6725 -59.8467 
-101 -177.617 -37 32 -55.0531 -58.7765 -22.8889 -54.6894 
-88 -177.998 -38 32 -55.99 -63.3385 -24.7146 -59.3307 
-86 -176.954 -38 33 -59.2915 -64.5674 -24.6725 -56.9345 
-93 -178.114 -38 32 -55.0366 -62.1504 -21.5365 -57.6361 
-60 -185.613 -39 31 -51.9678 -63.816 -19.4466 -57.8058 
-89 -178.957 -37 32 -54.8511 -60.7713 -21.131 -54.0733 
-90 -176.345 -37 32 -58.6956 -63.1815 -21.5365 -54.7239 
-81 -182.16 -38 32 -52.0758 -58.4206 -20.4379 -56.1697 
-79 -181.437 -38 32 -53.4624 -58.9485 -23.5198 -57.8781 
-64 -180.728 -36 32 -57.9668 -63.2015 -32.0975 -60.0167 
-74 -176.682 -36 32 -60.9276 -66.9312 -33.1961 -61.483 
-78 -180.391 -37 32 -55.7349 -59.4517 -20.4379 -53.2575 
-76 -178.419 -37 33 -58.6081 -63.9685 -33.9853 -62.6587 
-87 -178.723 -39 33 -55.6324 -63.5363 -24.6725 -59.8467 
-90 -177.998 -38 32 -55.99 -63.3385 -24.7146 -59.3307 
-81 -180.264 -38 32 -55.0365 -62.1504 -21.5365 -57.6361 
-95 -178.114 -38 32 -55.0366 -62.1504 -21.5365 -57.6361 
-85 -178.566 -37 32 -57.1809 -64.9661 -20.2837 -55.8942 
-88 -178.841 -37 32 -55.8045 -61.9594 -24.3091 -55.7679 
-90 -173.966 -37 32 -62.8271 -67.0585 -24.7146 -56.9109 
-81 -181.375 -37 32 -54.1032 -58.3006 -21.5739 -55.6038 
-97 -178.114 -38 32 -55.0366 -62.1504 -21.5365 -57.6361 
-79 -181.375 -37 32 -54.1032 -58.3006 -21.5739 -55.6038 
-83 -180.264 -38 32 -55.0365 -62.1504 -21.5365 -57.6361 
-88 -173.966 -37 32 -62.8271 -67.0585 -24.7146 -56.9109 
-89 -178.183 -37 31 -56.3592 -67.4013 -21.6438 -60.878 
-84 -176.954 -38 33 -59.2915 -64.5674 -24.6725 -56.9345 
-92 -177.998 -38 32 -55.99 -63.3385 -24.7146 -59.3307 
-99 -177.617 -37 32 -55.0531 -58.7765 -22.8889 -54.6894 
-76 -177.38 -37 33 -59.8875 -64.7856 -33.0347 -61.9769 
-66 -174.68 -36 32 -66.2723 -69.8182 -35.1701 -60.9559 
-79 -182.902 -39 32 -51.5302 -57.6904 -23.5514 -58.5303 
-78 -179.668 -37 32 -57.1215 -59.9796 -23.5198 -54.9659 
-81 -179.462 -37 32 -56.2377 -61.2991 -24.2129 -55.7817 
-75 -182.769 -39 33 -52.6717 -59.8065 -23.5739 -58.3804 
-84 -178.608 -39 33 -56.5859 -64.7244 -27.8506 -61.5413 
-78 -182.045 -38 32 -53.0292 -59.6087 -23.6159 -57.8643 
-85 -179.872 -38 32 -55.0366 -62.1504 -21.5365 -57.6361 
-92 -176.345 -37 32 -58.6956 -63.1815 -21.5365 -54.7239 
-89 -178.255 -37 32 -56.8498 -62.3121 -19.6907 -55.4868 
-79 -182.507 -37 32 -52.7166 -57.7727 -18.492 -53.8955 
-80 -180.391 -37 32 -55.7349 -59.4517 -20.4379 -53.2575 
-81 -178.55 -38 32 -57.6783 -65.1489 -22.2296 -57.8139 
-83 -182.16 -38 32 -52.0758 -58.4206 -20.4379 -56.1697 
-76 -176.682 -36 32 -60.9276 -66.9312 -33.1961 -61.483 
-64 -180.259 -33 30 -58.6138 -66.6675 -24.8376 -55.6986 
-81 -181.437 -38 32 -53.4624 -58.9485 -23.5198 -57.8781 
-88 -177.188 -36 32 -58.5102 -61.8024 -21.131 -51.161 
-81 -180.594 -37 32 -54.8511 -60.7713 -21.131 -54.0733 
-74 -177.721 -36 32 -59.6482 -66.1142 -34.1467 -62.1648 
-88 -179.358 -38 32 -55.0366 -62.1504 -21.5365 -57.6361 
-89 -176.944 -38 31 -57.8605 -67.9487 -25.1007 -63.0945 
-85 -181.299 -39 33 -52.6185 -62.6151 -22.6984 -60.7796 
-77 -177.344 -35 31 -60.5535 -66.1183 -23.2532 -56.7791 
FEATURES_TXT_END_0
FEATURES_TXT_BEGIN_0 16 100 8 Distortion0_0 LM0_0 WordPenalty0_0 PhrasePenalty0_0 TranslationModel0_0 TranslationModel0_1 TranslationModel0_2 TranslationModel0_3 
-72 -125.171 -32 27 -47.4871 -56.7937 -24.5363 -63.5742 
-60 -128.499 -32 27 -45.6743 -55.8137 -24.8452 -64.7256 
-72 -127.644 -33 27 -45.5069 -55.775 -26.4679 -66.3305 
-72 -123.561 -32 28 -51.2713 -58.4085 -33.6704 -65.5201 
-72 -127.838 -33 27 -45.3595 -55.664 -28.2597 -68.8877 
-48 -133.389 -33 27 -42.7118 -55.6872 -26.854 -71.1744 
-60 -126.89 -32 28 -49.4585 -57.4285 -33.9793 -66.6715 
-68 -128.623 -33 27 -45.5069 -55.775 -26.4679 -66.3305 
-60 -129.681 -32 28 -46.0739 -56.0873 -25.5989 -61.6765 
-68 -128.95 -32 27 -45.6743 -55.8137 -24.8452 -64.7256 
-84 -123.655 -31 27 -50.7525 -59.5695 -22.7486 -64.4313 
-74 -127.214 -32 27 -47.4871 -56.7937 -24.5363 -63.5742 
-66 -131.624 -32 27 -42.4208 -52.4475 -27.4052 -64.7607 
-72 -126.984 -31 27 -48.9397 -58.5895 -23.0575 -65.5826 
-72 -126.035 -33 28 -49.2911 -57.3898 -35.602 -68.2764 
-60 -130.517 -32 27 -46.33 -56.9614 -23.3411 -64.4914 
-62 -128.938 -33 28 -48.1678 -57.6804 -27.8454 -68.3941 
-56 -131.572 -32 27 -45.6743 -55.8137 -24.8452 -64.7256 
-72 -126.229 -33 28 -49.1437 -57.2788 -37.3938 -70.8336 
-66 -127.177 -32 27 -50.0057 -58.4121 -26.777 -65.6364 
-48 -131.78 -33 28 -46.496 -57.302 -35.9881 -73.1203 
-72 -129.631 -33 27 -44.9062 -54.4656 -27.5665 -67.3836 
-72 -127.353 -32 27 -48.7665 -57.6107 -23.5856 -62.8924 
-68 -127.014 -33 28 -49.2911 -57.3898 -35.602 -68.2764 
-68 -131.95 -34 27 -42.2961 -55.0656 -28.2597 -72.726 
-68 -130.442 -33 27 -44.9062 -54.4656 -27.5665 -67.3836 
-60 -131.012 -34 28 -46.0884 -55.2559 -27.8454 -69.4927 
-54 -130.506 -32 27 -48.1929 -57.4322 -27.0859 -66.7878 
-48 -136.601 -33 27 -39.9964 -54.8637 -27.9526 -72.3352 
-78 -128.971 -33 27 -44.9062 -54.4656 -27.5665 -67.3836 
-78 -128.04 -32 27 -46.8058 -56.5921 -22.4609 -65.6487 
-48 -134.762 -33 27 -42.9753 -56.0019 -27.2595 -70.9489 
-60 -130.682 -32 27 -46.9537 -56.6308 -23.8946 -64.0438 
-72 -129.321 -33 28 -45.9065 -56.0486 -27.2217 -63.2814 
-68 -127.341 -32 28 -49.4585 -57.4285 -33.9793 -66.6715 
-64 -130.712 -33 28 -45.5926 -57.487 -30.7357 -72.4798 
-60 -129.936 -33 28 -48.0204 -57.5694 -29.6371 -70.9513 
-60 -129.924 -33 28 -48.1678 -57.6804 -27.8454 -68.3941 
-68 -130.101 -32 28 -46.0739 -56.0873 -25.5989 -61.6765 
-60 -132.563 -35 28 -44.0407 -55.6455 -29.6371 -74.835 
-66 -131.369 -32 27 -44.9929 -55.6121 -22.7699 -66.8001 
-74 -128.758 -33 27 -46.7863 -56.5921 -25.5173 -65.6487 
-72 -128.365 -32 28 -47.8867 -57.0673 -25.29 -60.5251 
-72 -132.54 -35 27 -41.3798 -53.7401 -28.2597 -72.7714 
-58 -130.394 -33 28 -48.1678 -57.6804 -27.8454 -68.3941 
-66 -131.884 -32 27 -44.1168 -53.404 -25.9373 -64.6142 
-84 -126.129 -32 27 -48.7724 -58.5508 -24.6802 -67.1876 
-84 -122.046 -31 28 -54.5367 -61.1843 -31.8827 -66.3772 
-54 -136.514 -33 27 -39.4584 -52.321 -29.4141 -71.2096 
-74 -125.605 -32 28 -51.2713 -58.4085 -33.6704 -65.5201 
-66 -130.015 -32 28 -46.205 -54.0623 -36.5394 -66.7066 
-64 -133.319 -33 28 -42.4356 -54.0637 -27.7202 -69.0183 
-60 -131.901 -32 27 -45.8217 -55.9247 -23.0534 -62.1683 
-84 -126.323 -32 27 -48.6249 -58.4398 -26.472 -69.7448 
-74 -128.365 -32 28 -47.8867 -57.0673 -25.29 -60.5251 
-62 -132.087 -33 27 -44.9735 -55.6121 -25.8262 -66.8001 
-72 -131.59 -34 27 -43.4275 -53.3505 -26.4679 -67.4291 
-58 -131.905 -33 28 -46.4284 -54.608 -27.4399 -67.2184 
-66 -132.806 -32 28 -42.8204 -52.7211 -28.159 -61.7117 
-60 -131.874 -32 27 -45.9773 -58.463 -25.0664 -72.0315 
-68 -130.832 -33 27 -45.5069 -55.775 -26.4679 -66.3305 
-72 -125.375 -31 28 -52.7239 -60.2043 -32.1916 -67.5286 
-72 -130.157 -34 28 -45.361 -55.3184 -30.3352 -65.642 
-80 -127.108 -32 27 -48.7724 -58.5508 -24.6802 -67.1876 
-68 -130.973 -33 27 -45.3595 -55.664 -28.2597 -68.8877 
-78 -127.46 -33 28 -48.0904 -58.7248 -31.2647 -67.9669 
-66 -130.319 -32 28 -46.601 -55.8137 -31.728 -64.7256 
-64 -131.259 -32 27 -46.33 -56.9614 -23.3411 -64.4914 
-48 -136.244 -33 27 -42.0759 -55.1379 -27.9526 -72.1593 
-62 -127.329 -33 29 -51.952 -59.2952 -36.9795 -70.34 
-56 -129.963 -32 28 -49.4585 -57.4285 -33.9793 -66.6715 
-54 -133.186 -32 27 -45.8217 -55.9247 -23.0534 -62.1683 
-72 -128.166 -31 28 -49.3393 -58.8631 -23.8113 -62.5336 
-71 -128.67 -31 27 -48.8334 -57.9795 -24.7978 -67.3102 
-66 -129.65 -33 27 -48.0256 -57.3934 -28.7086 -68.3927 
-66 -125.568 -32 28 -53.7899 -60.0269 -35.9111 -67.5823 
-72 -130.157 -33 27 -46.1627 -56.9227 -24.9638 -66.0963 
-56 -134.161 -33 27 -43.6941 -54.795 -26.7768 -67.4819 
-72 -130.153 -32 27 -46.2077 -55.9766 -25.4869 -64.2559 
-72 -128.022 -33 28 -48.6904 -56.0804 -36.7006 -69.3295 
-66 -131.487 -32 27 -45.6743 -55.8137 -24.8452 -64.7256 
-66 -133.773 -34 27 -42.008 -52.227 -26.9387 -66.4093 
-68 -133.649 -32 27 -42.1082 -50.3032 -24.2574 -60.346 
-72 -129.826 -33 27 -46.7863 -56.5921 -25.5173 -65.6487 
-58 -134.54 -33 27 -42.7118 -55.6872 -26.854 -71.1744 
-72 -125.744 -32 28 -52.5507 -59.2255 -32.7198 -64.8383 
-58 -132.736 -32 27 -45.8217 -55.9247 -23.0534 -62.1683 
-66 -129.844 -33 27 -47.8781 -57.2824 -30.5004 -70.95 
-60 -132.333 -33 28 -45.5283 -55.3571 -28.7125 -64.0371 
-80 -127.435 -31 27 -48.9397 -58.5895 -23.0575 -65.5826 
-60 -132.04 -33 28 -46.4284 -54.608 -27.4399 -67.2184 
-68 -130.341 -34 28 -46.0803 -56.6804 -37.3938 -74.6719 
-68 -130.936 -32 27 -46.33 -56.9614 -23.3411 -64.4914 
-68 -128.595 -33 27 -49.4248 -57.8861 -29.6947 -66.3605 
-42 -135.396 -33 27 -45.2305 -57.3057 -29.0947 -73.2367 
-72 -129.2 -32 27 -48.1429 -57.9413 -23.0322 -63.34 
-68 -128.833 -33 28 -48.6904 -56.0804 -36.7006 -69.3295 
-72 -130.02 -33 27 -46.6389 -56.4811 -27.309 -68.2059 
-60 -129.403 -34 29 -49.8726 -56.8707 -36.9795 -71.4386 
-60 -129.319 -32 28 -50.1142 -58.5762 -32.4752 -66.4373 
FEATURES_TXT_END_0
FEATURES_TXT_BEGIN_0 17 38 8 Distortion0_0 LM0_0 WordPenalty0_0 PhrasePenalty0_0 TranslationModel0_0 TranslationModel0_1 TranslationModel0_2 TranslationModel0_3 
-71 -225.422 -36 35 -49.257 -74.5582 -27.3966 -77.4793 
-66 -226.321 -36 35 -49.257 -74.5582 -27.3966 -77.4793 
-70 -224.025 -36 35 -52.0704 -74.9884 -27.3966 -77.4793 
-73 -225.422 -36 35 -49.257 -74.5582 -27.3966 -77.4793 
-70 -226.844 -37 36 -48.8995 -73.9701 -29.2255 -79.7671 
-66 -225.723 -36 35 -51.6649 -74.3384 -28.0898 -76.9197 
-71 -226.07 -36 35 -48.8515 -73.9082 -28.0898 -76.9197 
-68 -226.321 -36 35 -49.257 -74.5582 -27.3966 -77.4793 
-68 -229.878 -37 35 -44.2229 -73.4358 -29.1624 -78.7348 
-70 -224.597 -36 36 -52.3093 -74.1714 -30.7978 -78.1611 
-72 -224.025 -36 35 -52.0704 -74.9884 -27.3966 -77.4793 
-68 -227.898 -37 35 -47.5471 -72.9262 -28.4692 -77.6362 
-68 -227.327 -37 36 -48.3424 -73.473 -31.2404 -80.6246 
-67 -229.296 -37 35 -44.7337 -72.496 -28.4692 -77.6362 
-66 -226.968 -36 35 -48.8515 -73.9082 -28.0898 -76.9197 
-71 -228.98 -37 35 -44.2229 -73.4358 -29.1624 -78.7348 
-70 -224.672 -36 35 -51.6649 -74.3384 -28.0898 -76.9197 
-66 -225.075 -36 35 -52.0704 -74.9884 -27.3966 -77.4793 
-75 -225.422 -36 35 -49.257 -74.5582 -27.3966 -77.4793 
-72 -221.767 -37 37 -56.213 -75.5369 -32.3047 -77.783 
-66 -226.893 -36 36 -49.4959 -73.7411 -30.7978 -78.1611 
-64 -230.194 -37 35 -44.7337 -72.496 -28.4692 -77.6362 
-77 -225.422 -36 35 -49.257 -74.5582 -27.3966 -77.4793 
-68 -225.075 -36 35 -52.0704 -74.9884 -27.3966 -77.4793 
-72 -224.672 -36 35 -51.6649 -74.3384 -28.0898 -76.9197 
-62 -230.194 -37 35 -44.7337 -72.496 -28.4692 -77.6362 
-66 -227.898 -37 35 -47.5471 -72.9262 -28.4692 -77.6362 
-66 -229.878 -37 35 -44.2229 -73.4358 -29.1624 -78.7348 
-68 -226.844 -37 36 -48.8995 -73.9701 -29.2255 -79.7671 
-73 -226.07 -36 35 -48.8515 -73.9082 -28.0898 -76.9197 
-73 -228.98 -37 35 -44.2229 -73.4358 -29.1624 -78.7348 
-68 -226.968 -36 35 -48.8515 -73.9082 -28.0898 -76.9197 
-70 -226.321 -36 35 -49.257 -74.5582 -27.3966 -77.4793 
-69 -229.296 -37 35 -44.7337 -72.496 -28.4692 -77.6362 
-66 -223.69 -36 35 -54.595 -76.2125 -26.7645 -76.1584 
-74 -224.025 -36 35 -52.0704 -74.9884 -27.3966 -77.4793 
-74 -224.022 -36 35 -52.0704 -74.9884 -27.3966 -77.4793 
-70 -227.582 -37 35 -47.0363 -73.8661 -29.1624 -78.7348 
FEATURES_TXT_END_0
FEATURES_TXT_BEGIN_0 18 100 8 Distortion0_0 LM0_0 WordPenalty0_0 PhrasePenalty0_0 TranslationModel0_0 TranslationModel0_1 TranslationModel0_2 TranslationModel0_3 
-100 -243.3 -65 57 -101.201 -115.989 -64.3648 -129.95 
-106 -242.163 -65 57 -101.634 -116.737 -64.98 -129.893 
-100 -243.775 -65 57 -100.571 -115.641 -66.6161 -131.22 
-100 -244.309 -65 57 -99.9215 -115.172 -65.3154 -130.632 
-110 -241.685 -65 57 -101.634 -116.737 -64.98 -129.893 
-102 -244.285 -63 58 -100.428 -115.425 -59.5198 -127.618 
-106 -243.172 -65 57 -100.354 -115.92 -65.9306 -130.575 
-108 -243.684 -63 58 -100.043 -115.657 -58.5212 -127.381 
-96 -245.788 -65 57 -98.9143 -115.104 -64.0988 -130.191 
-100 -244.784 -65 57 -99.2917 -114.824 -67.5667 -131.901 
-108 -243.148 -63 58 -100.861 -116.173 -60.1349 -127.561 
-106 -242.805 -65 57 -101.004 -116.389 -67.2313 -131.163 
-110 -242.694 -65 57 -100.354 -115.92 -65.9306 -130.575 
-114 -242.547 -63 58 -100.475 -116.405 -59.1364 -127.325 
-102 -244.76 -63 58 -99.7985 -115.077 -61.771 -128.887 
-92 -246.585 -65 57 -98.9143 -115.104 -64.0988 -130.191 
-102 -245.294 -63 58 -99.1489 -114.608 -60.4704 -128.3 
-92 -246.415 -63 57 -99.5186 -118.207 -60.4675 -133.082 
-108 -244.159 -63 58 -99.4131 -115.309 -60.7725 -128.651 
-104 -243.3 -65 57 -101.201 -115.989 -64.3648 -129.95 
-100 -246.908 -65 57 -96.7056 -115.602 -60.7446 -129.812 
-108 -244.693 -63 58 -98.7635 -114.84 -59.4718 -128.063 
-112 -242.67 -63 58 -100.861 -116.173 -60.1349 -127.561 
-96 -246.797 -65 57 -97.6349 -114.287 -65.0494 -130.872 
-110 -242.327 -65 57 -101.004 -116.389 -67.2313 -131.163 
-90 -243.958 -65 56 -103.326 -118.223 -65.1407 -129.858 
-118 -242.069 -63 58 -100.475 -116.405 -59.1364 -127.325 
-92 -246.971 -65 57 -98.2845 -114.756 -66.3501 -131.46 
-108 -244.157 -63 58 -99.5815 -115.356 -61.0856 -128.243 
-98 -245.278 -63 57 -99.9512 -118.955 -61.0827 -133.025 
-94 -250.265 -64 57 -92.8853 -115.433 -63.412 -136.312 
-106 -243.814 -65 57 -99.7244 -115.572 -68.1819 -131.845 
-110 -242.163 -65 57 -101.634 -116.737 -64.98 -129.893 
-106 -245.771 -65 57 -97.1382 -116.35 -61.3598 -129.755 
-98 -246.773 -63 58 -98.1416 -114.54 -59.2537 -127.858 
-96 -246.43 -65 57 -98.2845 -114.756 -66.3501 -131.46 
-114 -243.556 -63 58 -99.1961 -115.588 -60.087 -128.006 
-90 -247.593 -64 57 -98.3547 -111.882 -63.4056 -125.215 
-102 -245.769 -63 58 -98.5191 -114.26 -62.7217 -129.569 
-92 -246.89 -63 57 -98.8888 -117.859 -62.7188 -134.351 
-104 -243.775 -65 57 -100.571 -115.641 -66.6161 -131.22 
-104 -246.172 -63 58 -97.7562 -114.772 -58.2552 -127.622 
-100 -247.383 -65 57 -96.0758 -115.254 -62.9959 -131.081 
-92 -247.594 -65 57 -97.6349 -114.287 -65.0494 -130.872 
-92 -247.424 -63 57 -98.2392 -117.39 -61.4182 -133.763 
-108 -245.168 -63 58 -98.1337 -114.492 -61.7231 -129.333 
-104 -244.309 -65 57 -99.9215 -115.172 -65.3154 -130.632 
-100 -247.917 -65 57 -95.4262 -114.785 -61.6952 -130.494 
-86 -244.754 -65 56 -103.326 -118.223 -65.1407 -129.858 
-108 -243.79 -63 58 -100.231 -115.825 -62.3862 -128.83 
-112 -243.679 -63 58 -99.5815 -115.356 -61.0856 -128.243 
-102 -244.8 -63 57 -99.9512 -118.955 -61.0827 -133.025 
-110 -243.336 -65 57 -99.7244 -115.572 -68.1819 -131.845 
-100 -249.128 -64 57 -93.318 -116.181 -64.0272 -136.255 
-114 -241.685 -65 57 -101.634 -116.737 -64.98 -129.893 
-108 -245.98 -66 57 -96.5198 -115.112 -64.4428 -136.594 
-110 -245.293 -65 57 -97.1382 -116.35 -61.3598 -129.755 
-114 -243.189 -63 58 -99.8457 -116.057 -61.3877 -128.594 
-90 -244.967 -65 56 -102.047 -117.406 -66.0913 -130.54 
-118 -243.078 -63 58 -99.1961 -115.588 -60.087 -128.006 
-136 -240.93 -64 57 -97.9336 -114.639 -61.6651 -128.074 
-92 -247.98 -65 57 -97.0051 -113.939 -67.3007 -132.142 
-94 -250.74 -64 57 -92.2556 -115.085 -65.6633 -137.581 
-94 -247.57 -63 58 -98.1416 -114.54 -59.2537 -127.858 
-106 -244.285 -63 58 -100.428 -115.425 -59.5198 -127.618 
-86 -245.141 -65 56 -102.697 -117.875 -67.392 -131.127 
-98 -246.287 -63 57 -98.6718 -118.138 -62.0333 -133.706 
-94 -251.275 -64 57 -91.6059 -114.616 -64.3626 -136.993 
-92 -244.324 -63 58 -103.32 -118.814 -62.7558 -130.941 
-110 -243.172 -65 57 -100.354 -115.92 -65.9306 -130.575 
-100 -246.969 -63 58 -97.7562 -114.772 -58.2552 -127.622 
-106 -246.78 -65 57 -95.8588 -115.533 -62.3104 -130.437 
-94 -247.128 -65 57 -98.4765 -113.314 -61.9645 -126.432 
-92 -248.194 -66 57 -97.0935 -114.508 -62.4189 -128.9 
-98 -247.783 -63 58 -96.8622 -113.723 -60.2044 -128.54 
-88 -248.903 -63 57 -97.232 -117.322 -60.2015 -133.322 
-112 -243.312 -63 58 -100.231 -115.825 -62.3862 -128.83 
-96 -247.439 -65 57 -97.0051 -113.939 -67.3007 -132.142 
-112 -243.684 -63 58 -100.043 -115.657 -58.5212 -127.381 
-104 -248.65 -64 57 -93.318 -116.181 -64.0272 -136.255 
-90 -248.602 -64 57 -97.0753 -111.065 -64.3563 -125.897 
-100 -245.788 -65 57 -98.9143 -115.104 -64.0988 -130.191 
-96 -249.396 -65 57 -94.4189 -114.717 -60.4786 -130.052 
-114 -244.843 -66 57 -96.9524 -115.86 -65.058 -136.538 
-92 -247.899 -63 57 -97.6094 -117.042 -63.6694 -135.033 
-92 -244.943 -63 57 -102.554 -117.659 -60.2957 -127.526 
-104 -244.784 -65 57 -99.2917 -114.824 -67.5667 -131.901 
-104 -247.182 -63 58 -96.4768 -113.955 -59.2058 -128.304 
-90 -244.6 -65 56 -102.697 -117.875 -67.392 -131.127 
-118 -242.711 -63 58 -99.8457 -116.057 -61.3877 -128.594 
-100 -244.63 -65 57 -100.571 -115.641 -66.6161 -131.22 
-84 -245.763 -64 56 -102.767 -115.001 -64.4476 -124.882 
-100 -248.392 -65 57 -94.7964 -114.437 -63.9465 -131.763 
-94 -247.957 -63 58 -97.5119 -114.192 -61.505 -129.128 
-98 -244.342 -63 57 -102.168 -117.89 -59.2971 -127.289 
-108 -246.456 -66 57 -95.89 -114.764 -66.6941 -137.864 
-86 -245.764 -65 56 -102.047 -117.406 -66.0913 -130.54 
-110 -244.328 -66 58 -98.9254 -115.957 -63.9604 -130.622 
-98 -244.356 -65 57 -101.634 -116.737 -64.98 -129.893 
-92 -245.979 -63 57 -100.994 -111.937 -63.4056 -122.784 
FEATURES_TXT_END_0
FEATURES_TXT_BEGIN_0 19 100 8 Distortion0_0 LM0_0 WordPenalty0_0 PhrasePenalty0_0 TranslationModel0_0 TranslationModel0_1 TranslationModel0_2 TranslationModel0_3 
-45 -141.25 -40 32 -59.894 -83.3531 -47.6248 -85.834 
-45 -143.139 -41 32 -57.0129 -82.3257 -48.7234 -87.5227 
-45 -141.682 -39 32 -59.9134 -83.3531 -44.5684 -85.834 
-49 -140.629 -39 33 -61.0928 -83.3531 -43.5881 -85.834 
-45 -143.571 -40 32 -57.0323 -82.3257 -45.6671 -87.5227 
-49 -142.518 -40 33 -58.2118 -82.3257 -44.6867 -87.5227 
-49 -141.061 -38 33 -61.1123 -83.3531 -40.5317 -85.834 
-49 -142.95 -39 33 -58.2312 -82.3257 -41.6303 -87.5227 
-45 -142.963 -40 32 -58.5077 -82.6999 -47.2193 -85.5463 
-57 -140.447 -39 31 -60.0646 -84.0232 -41.1933 -83.3277 
-45 -142.283 -40 32 -59.4885 -83.3531 -49.0111 -85.834 
-45 -144.852 -41 32 -55.6266 -81.6725 -48.318 -87.235 
-57 -142.336 -40 31 -57.1835 -82.9958 -42.2919 -85.0165 
-45 -143.395 -39 32 -58.5271 -82.6999 -44.163 -85.5463 
-45 -142.99 -40 32 -58.8847 -81.8297 -46.9317 -84.3989 
-57 -140.879 -38 31 -60.084 -84.0232 -38.1369 -83.3277 
-57 -143.247 -39 32 -55.9161 -81.5095 -43.8408 -85.2147 
-45 -144.172 -41 32 -56.6074 -82.3257 -50.1097 -87.5227 
-57 -143.18 -40 32 -55.9161 -82.9238 -43.8408 -85.4047 
-49 -142.342 -39 33 -59.7066 -82.6999 -43.1826 -85.5463 
-61 -139.826 -38 32 -61.2634 -84.0232 -37.1565 -83.3277 
-45 -145.284 -40 32 -55.646 -81.6725 -45.2616 -87.235 
-57 -142.768 -39 31 -57.2029 -82.9958 -39.2355 -85.0165 
-57 -145.136 -40 32 -53.0351 -80.4821 -44.9394 -86.9035 
-57 -140.929 -38 31 -60.0646 -82.609 -41.1933 -83.1377 
-49 -141.662 -39 33 -60.6874 -83.3531 -44.9744 -85.834 
-45 -143.422 -39 32 -58.9041 -81.8297 -43.8753 -84.3989 
-57 -143.679 -38 32 -55.9356 -81.5095 -40.7844 -85.2147 
-62 -148.874 -37 31 -47.4942 -76.4339 -31.6931 -82.3048 
-57 -145.069 -41 32 -53.0351 -81.8964 -44.9394 -87.0934 
-49 -144.231 -40 33 -56.8255 -81.6725 -44.2812 -87.235 
-57 -143.613 -39 32 -55.9356 -82.9238 -40.7844 -85.4047 
-61 -141.715 -39 32 -58.3824 -82.9958 -38.2551 -85.0165 
-57 -144.42 -39 32 -54.5298 -80.8564 -43.4353 -84.927 
-73 -144.733 -36 31 -51.5061 -79.2784 -31.5108 -83.5402 
-49 -142.774 -38 33 -59.726 -82.6999 -40.1262 -85.5463 
-49 -142.369 -39 33 -60.0836 -81.8297 -42.8949 -84.3989 
-61 -140.258 -37 32 -61.2829 -84.0232 -34.1002 -83.3277 
-71 -145.921 -37 31 -49.7435 -79.4543 -34.8607 -86.6176 
-57 -142.818 -39 31 -57.1835 -81.5816 -42.2919 -84.8265 
-61 -142.626 -38 33 -57.115 -81.5095 -39.804 -85.2147 
-49 -143.551 -40 33 -57.8063 -82.3257 -46.073 -87.5227 
-51 -141.87 -40 33 -59.5865 -80.2225 -50.8964 -83.6453 
-45 -145.142 -41 32 -55.7335 -81.5086 -49.674 -88.2045 
-57 -145.568 -39 32 -53.0545 -80.4821 -41.883 -86.9035 
-57 -141.361 -37 31 -60.084 -82.609 -38.1369 -83.1377 
-61 -142.559 -39 33 -57.115 -82.9238 -39.804 -85.4047 
-62 -149.306 -36 31 -47.5136 -76.4339 -28.6368 -82.3048 
-57 -145.502 -40 32 -53.0545 -81.8964 -41.883 -87.0934 
-57 -146.31 -40 32 -51.6488 -79.829 -44.5339 -86.6158 
-57 -142.102 -38 31 -58.6783 -81.9558 -40.7878 -82.85 
-49 -144.663 -39 33 -56.8449 -81.6725 -41.2249 -87.235 
-65 -145.159 -36 31 -52.6071 -79.9122 -36.1825 -86.1339 
-61 -142.147 -38 32 -58.4018 -82.9958 -35.1988 -85.0165 
-57 -144.853 -38 32 -54.5493 -80.8564 -40.3789 -84.927 
-61 -144.515 -39 33 -54.234 -80.4821 -40.9026 -86.9035 
-73 -145.165 -35 31 -51.5255 -79.2784 -28.4545 -83.5402 
-61 -140.308 -37 32 -61.2634 -82.609 -37.1565 -83.1377 
-62 -150.047 -37 31 -46.1079 -75.7808 -31.2877 -82.0171 
-51 -143.76 -41 33 -56.7054 -79.1951 -51.995 -85.3341 
-49 -142.801 -38 33 -60.103 -81.8297 -39.8386 -84.3989 
-71 -146.353 -36 31 -49.7629 -79.4543 -31.8044 -86.6176 
-57 -143.25 -38 31 -57.2029 -81.5816 -39.2355 -84.8265 
-61 -143.058 -37 33 -57.1344 -81.5095 -36.7477 -85.2147 
-45 -139.333 -41 32 -64.865 -86.8105 -50.9043 -86.6942 
-61 -144.449 -40 33 -54.234 -81.8964 -40.9026 -87.0934 
-41 -143.113 -39 33 -61.0928 -83.3531 -43.5881 -85.834 
-45 -145.574 -40 32 -55.7529 -81.5086 -46.6177 -88.2045 
-63 -140.45 -39 32 -59.7571 -80.8927 -44.4648 -81.1391 
-73 -145.907 -36 31 -50.1198 -78.6252 -31.1054 -83.2525 
-61 -142.992 -38 33 -57.1344 -82.9238 -36.7477 -85.4047 
-71 -147.094 -37 31 -48.3572 -78.8012 -34.4553 -86.3299 
-57 -143.991 -39 31 -55.7972 -80.9284 -41.8864 -84.5388 
-61 -143.8 -38 33 -55.7287 -80.8564 -39.3986 -84.927 
-57 -142.16 -39 31 -58.6783 -83.3701 -40.7878 -83.04 
-57 -146.742 -39 32 -51.6682 -79.829 -41.4776 -86.6158 
-57 -142.534 -37 31 -58.6977 -81.9558 -37.7314 -82.85 
-61 -142.197 -38 32 -58.3824 -81.5816 -38.2551 -84.8265 
-55 -141.25 -39 34 -60.7854 -80.2225 -46.8596 -83.6453 
-52 -151.398 -38 32 -46.5265 -74.8918 -33.9273 -81.4173 
-65 -145.591 -35 31 -52.6265 -79.9122 -33.1261 -86.1339 
-45 -143.711 -40 32 -58.6146 -82.536 -48.5754 -86.5157 
-49 -144.521 -40 33 -56.9324 -81.5086 -45.6373 -88.2045 
-61 -144.947 -38 33 -54.2534 -80.4821 -37.8463 -86.9035 
-61 -140.74 -36 32 -61.2829 -82.609 -34.1002 -83.1377 
-52 -153.902 -40 31 -42.5096 -75.2102 -33.4849 -88.5874 
-62 -150.48 -36 31 -46.1273 -75.7808 -28.2313 -82.0171 
-45 -141.222 -42 32 -61.9839 -85.7831 -52.0029 -88.3829 
-45 -143.996 -40 32 -58.1022 -82.6999 -48.6056 -85.5463 
-66 -148.731 -37 31 -47.4942 -76.4339 -31.6931 -82.3048 
-45 -142.341 -39 33 -61.3977 -80.8756 -46.8592 -83.933 
-41 -145.002 -40 33 -58.2118 -82.3257 -44.6867 -87.5227 
-45 -144.47 -40 32 -57.6053 -81.0126 -47.8823 -85.0806 
-57 -141.48 -39 31 -59.6591 -84.0232 -42.5796 -83.3277 
-63 -142.34 -40 32 -56.876 -79.8653 -45.5635 -82.8278 
-45 -139.766 -40 32 -64.8844 -86.8105 -47.8479 -86.6942 
-61 -144.881 -39 33 -54.2534 -81.8964 -37.8463 -87.0934 
-63 -147.257 -37 32 -50.5384 -77.7362 -33.745 -82.6528 
-41 -143.545 -38 33 -61.1123 -83.3531 -40.5317 -85.834 
-65 -146.332 -36 31 -51.2208 -79.2591 -35.777 -85.8462 
FEATURES_TXT_END_0
FEATURES_TXT_BEGIN_0 20 99 8 Distortion0_0 LM0_0 WordPenalty0_0 PhrasePenalty0_0 TranslationModel0_0 TranslationModel0_1 TranslationModel0_2 TranslationModel0_3 
-115 -192.981 -50 46 -88.3474 -117.185 -54.6319 -117.173 
-109 -195.617 -50 46 -86.2397 -116.127 -52.4399 -115.417 
-117 -192.981 -50 46 -88.3474 -117.185 -54.6319 -117.173 
-110 -195.617 -50 46 -86.2397 -116.127 -52.4399 -115.417 
-109 -196.932 -50 46 -84.7763 -113.263 -52.715 -114.628 
-123 -192.431 -50 46 -88.1453 -119.18 -52.874 -116.557 
-123 -192.118 -50 46 -88.8838 -119.18 -51.8162 -116.557 
-121 -189.461 -50 47 -93.0417 -120.091 -60.7797 -122.623 
-119 -193.272 -50 46 -87.9334 -116.686 -55.7305 -118.089 
-110 -196.932 -50 46 -84.7763 -113.263 -52.715 -114.628 
-109 -196.04 -50 46 -86.5501 -113.061 -53.2948 -114.86 
-124 -192.428 -50 46 -88.1453 -119.18 -52.874 -116.557 
-119 -193.123 -50 46 -88.3474 -117.185 -54.6319 -117.173 
-120 -192.981 -50 46 -88.3474 -117.185 -54.6319 -117.173 
-124 -192.116 -50 46 -88.8838 -119.18 -51.8162 -116.557 
-120 -193.272 -50 46 -87.9334 -116.686 -55.7305 -118.089 
-109 -195.104 -50 46 -88.0134 -115.924 -53.0198 -115.649 
-110 -196.04 -50 46 -86.5501 -113.061 -53.2948 -114.86 
-115 -192.097 -50 47 -90.934 -119.033 -58.5878 -120.868 
-120 -193.123 -50 46 -88.3474 -117.185 -54.6319 -117.173 
-121 -192.981 -50 46 -88.3474 -117.185 -54.6319 -117.173 
-129 -197.214 -50 46 -80.0362 -110.537 -55.0861 -118.572 
-123 -189.461 -50 47 -93.0417 -120.091 -60.7797 -122.623 
-115 -191.773 -49 46 -91.9637 -118.107 -53.9387 -116.24 
-110 -195.104 -50 46 -88.0134 -115.924 -53.0198 -115.649 
-116 -192.097 -50 47 -90.934 -119.033 -58.5878 -120.868 
-115 -189.894 -50 46 -94.8571 -119.929 -56.1806 -118.362 
-115 -194.313 -50 46 -87.9334 -116.686 -55.7305 -118.089 
-115 -193.764 -50 46 -89.0858 -117.185 -53.5741 -117.173 
-106 -196.967 -50 46 -86.2397 -116.127 -52.4399 -115.417 
-113 -198.802 -50 46 -81.9389 -109.728 -53.0224 -111.769 
-115 -193.411 -50 47 -89.4707 -116.169 -58.8628 -120.078 
-123 -199.85 -50 46 -77.9285 -109.479 -52.8942 -116.816 
-129 -188.91 -50 47 -92.8397 -122.086 -59.0219 -122.007 
-109 -194.409 -49 46 -89.856 -117.048 -51.7468 -114.485 
-131 -197.214 -50 46 -80.0362 -110.537 -55.0861 -118.572 
-116 -189.894 -50 46 -94.8571 -119.929 -56.1806 -118.362 
-120 -193.462 -50 46 -88.3474 -117.185 -54.6319 -117.173 
-121 -193.334 -50 46 -88.3474 -117.185 -54.6319 -117.173 
-117 -191.773 -49 46 -91.9637 -118.107 -53.9387 -116.24 
-123 -198.293 -51 46 -80.5928 -109.412 -53.1402 -115.9 
-125 -189.751 -50 47 -92.6278 -119.592 -61.8783 -123.54 
-113 -195.638 -51 46 -86.5885 -114.113 -57.2828 -115.997 
-116 -193.411 -50 47 -89.4707 -116.169 -58.8628 -120.078 
-113 -197.109 -50 45 -85.0073 -111.062 -51.0157 -111.955 
-124 -199.85 -50 46 -77.9285 -109.479 -52.8942 -116.816 
-128 -192.428 -50 46 -88.1453 -119.18 -52.874 -116.557 
-111 -188.82 -49 46 -97.6396 -122.2 -58.586 -119.064 
-119 -200.586 -50 46 -77.8154 -109.386 -54.6807 -117.409 
-115 -191.209 -50 46 -93.3938 -117.066 -56.4556 -117.573 
-130 -188.908 -50 47 -92.8397 -122.086 -59.0219 -122.007 
-110 -194.409 -49 46 -89.856 -117.048 -51.7468 -114.485 
-125 -189.603 -50 47 -93.0417 -120.091 -60.7797 -122.623 
-121 -193.462 -50 46 -88.3474 -117.185 -54.6319 -117.173 
-138 -196.661 -50 46 -79.8341 -112.532 -53.3283 -117.956 
-128 -192.116 -50 46 -88.8838 -119.18 -51.8162 -116.557 
-117 -194.313 -50 46 -87.9334 -116.686 -55.7305 -118.089 
-126 -189.461 -50 47 -93.0417 -120.091 -60.7797 -122.623 
-122 -193.334 -50 46 -88.3474 -117.185 -54.6319 -117.173 
-107 -201.438 -50 46 -79.8312 -108.669 -50.8305 -110.014 
-115 -196.207 -52 46 -85.473 -115.123 -56.4236 -120.546 
-117 -193.764 -50 46 -89.0858 -117.185 -53.5741 -117.173 
-119 -193.836 -50 46 -88.3474 -117.185 -54.6319 -117.173 
-123 -201.165 -50 46 -76.4651 -106.615 -53.1692 -116.027 
-126 -189.751 -50 47 -92.6278 -119.592 -61.8783 -123.54 
-115 -198.802 -50 46 -81.9389 -109.728 -53.0224 -111.769 
-128 -192.566 -50 46 -88.1453 -119.18 -52.874 -116.557 
-112 -188.82 -49 46 -97.6396 -122.2 -58.586 -119.064 
-109 -195.723 -49 46 -88.3926 -114.184 -52.0218 -113.695 
-137 -196.664 -50 46 -79.8341 -112.532 -53.3283 -117.956 
-116 -191.209 -50 46 -93.3938 -117.066 -56.4556 -117.573 
-113 -194.874 -50 45 -88.4074 -114.768 -53.7883 -114.752 
-128 -192.253 -50 46 -88.8838 -119.18 -51.8162 -116.557 
-123 -191.223 -49 46 -91.7616 -120.101 -52.1809 -115.624 
-126 -189.603 -50 47 -93.0417 -120.091 -60.7797 -122.623 
-117 -200.929 -51 46 -78.4851 -108.354 -50.9483 -114.144 
-127 -189.461 -50 47 -93.0417 -120.091 -60.7797 -122.623 
-137 -196.352 -50 46 -80.5726 -112.532 -52.2705 -117.956 
-135 -193.694 -50 47 -84.7305 -113.443 -61.234 -124.022 
-108 -201.438 -50 46 -79.8312 -108.669 -50.8305 -110.014 
-107 -198.274 -51 46 -84.4809 -113.055 -55.0908 -114.242 
-107 -199.745 -50 45 -82.8996 -110.004 -48.8237 -110.199 
-125 -198.293 -51 46 -80.5928 -109.412 -53.1402 -115.9 
-133 -197.505 -50 46 -79.6222 -110.038 -56.1848 -119.488 
-109 -196.967 -50 46 -86.2397 -116.127 -52.4399 -115.417 
-113 -203.222 -50 46 -75.7077 -108.327 -52.4887 -115.653 
-119 -193.85 -50 46 -88.6719 -116.686 -54.6727 -118.089 
-124 -201.165 -50 46 -76.4651 -106.615 -53.1692 -116.027 
-111 -190.135 -49 46 -96.1763 -119.336 -58.861 -118.274 
-115 -195.638 -51 46 -86.5885 -114.113 -57.2828 -115.997 
-129 -192.566 -50 46 -88.1453 -119.18 -52.874 -116.557 
-119 -192.063 -49 46 -91.5497 -117.608 -55.0374 -117.156 
-115 -197.109 -50 45 -85.0073 -111.062 -51.0157 -111.955 
-115 -194.635 -50 46 -88.3474 -117.185 -54.6319 -117.173 
-130 -192.431 -50 46 -88.1453 -119.18 -52.874 -116.557 
-121 -200.586 -50 46 -77.8154 -109.386 -54.6807 -117.409 
-110 -195.723 -49 46 -88.3926 -114.184 -52.0218 -113.695 
-121 -190.904 -50 47 -92.2928 -119.3 -61.9654 -122.801 
-123 -200.273 -50 46 -78.2389 -106.412 -53.749 -116.259 
FEATURES_TXT_END_0
FEATURES_TXT_BEGIN_0 21 100 8 Distortion0_0 LM0_0 WordPenalty0_0 PhrasePenalty0_0 TranslationModel0_0 TranslationModel0_1 TranslationModel0_2 TranslationModel0_3 
-25 -69.4924 -15 15 -27.6375 -29.9624 -9.25035 -25.3816 
-25 -68.4601 -15 15 -29.3028 -30.8314 -10.7332 -26.7875 
-25 -70.3392 -15 15 -27.6468 -28.9798 -11.4476 -25.8693 
-25 -69.307 -15 15 -29.3121 -29.8488 -12.9304 -27.2752 
-25 -69.2858 -15 15 -29.5498 -32.7893 -12.0229 -28.4419 
-25 -68.2535 -15 15 -31.2152 -33.6582 -13.5058 -29.8477 
-27 -69.721 -16 16 -29.0763 -33.517 -10.3573 -28.678 
-27 -68.6887 -16 16 -30.7416 -34.386 -11.8401 -30.0838 
-27 -70.9551 -15 15 -27.6375 -29.9624 -9.25035 -25.3816 
-19 -72.2722 -15 15 -27.6375 -29.9624 -9.25035 -25.3816 
-27 -69.9228 -15 15 -29.3028 -30.8314 -10.7332 -26.7875 
-19 -71.2399 -15 15 -29.3028 -30.8314 -10.7332 -26.7875 
-25 -72.6711 -16 16 -25.7474 -29.9304 -9.44101 -26.0533 
-25 -71.6388 -16 16 -27.4128 -30.7993 -10.9238 -27.4592 
-27 -72.5047 -16 16 -25.7474 -29.9304 -9.44101 -26.0533 
-27 -71.4724 -16 16 -27.4128 -30.7993 -10.9238 -27.4592 
-25 -72.5522 -15 15 -26.3581 -29.1453 -10.201 -26.0634 
-17 -70.8087 -15 15 -30.9663 -33.549 -10.1666 -28.0063 
-17 -69.7764 -15 15 -32.6317 -34.418 -11.6495 -29.4121 
-25 -69.9418 -15 15 -30.3876 -33.4114 -12.5462 -29.4247 
-25 -68.9095 -15 15 -32.053 -34.2803 -14.029 -30.8305 
-27 -70.7121 -16 16 -29.0856 -32.5344 -12.5545 -29.1657 
-27 -69.6799 -16 16 -30.7509 -33.4034 -14.0374 -30.5715 
-23 -71.6132 -16 16 -29.0763 -33.517 -10.3573 -28.678 
-27 -73.2858 -16 16 -25.7474 -29.9304 -9.44101 -26.0533 
-23 -70.581 -16 16 -30.7416 -34.386 -11.8401 -30.0838 
-27 -71.9342 -16 15 -27.7062 -29.6382 -11.6391 -25.0452 
-27 -72.2536 -16 16 -27.4128 -30.7993 -10.9238 -27.4592 
-27 -70.7485 -15 15 -29.5498 -32.7893 -12.0229 -28.4419 
-27 -70.902 -16 15 -29.3716 -30.5072 -13.1219 -26.451 
-27 -73.5776 -16 15 -25.4963 -28.6559 -11.8406 -30.7368 
-25 -77.2754 -16 15 -20.2914 -27.9372 -8.44969 -28.8337 
-27 -69.7162 -15 15 -31.2152 -33.6582 -13.5058 -29.8477 
-27 -72.5453 -16 15 -27.1617 -29.5248 -13.3234 -32.1426 
-25 -76.2431 -16 15 -21.9568 -28.8062 -9.93252 -30.2395 
-25 -73.3991 -15 15 -26.3674 -28.1628 -12.3982 -26.5511 
-21 -70.9047 -16 15 -30.7685 -36.3759 -12.9392 -31.0666 
-27 -72.0432 -15 15 -28.2148 -31.5265 -10.1666 -28.9226 
-25 -73.9854 -16 16 -25.7474 -29.9304 -9.44101 -26.0533 
-25 -70.0251 -15 15 -31.921 -33.0231 -9.25035 -25.3816 
-27 -72.0889 -16 16 -27.8968 -32.07 -13.8355 -31.1495 
-23 -72.0872 -16 16 -29.0763 -33.517 -10.3573 -28.678 
-21 -69.8724 -16 15 -32.4339 -37.2449 -14.4221 -32.4724 
-27 -71.0109 -15 15 -29.8801 -32.3954 -11.6495 -30.3284 
-27 -72.2981 -16 16 -27.6598 -32.7573 -12.2136 -29.1136 
-25 -72.9532 -16 16 -27.4128 -30.7993 -10.9238 -27.4592 
-25 -68.9928 -15 15 -33.5864 -33.892 -10.7332 -26.7875 
-27 -71.0566 -16 16 -29.5622 -32.9389 -15.3183 -32.5554 
-23 -71.055 -16 16 -30.7416 -34.386 -11.8401 -30.0838 
-27 -73.819 -16 16 -25.7474 -29.9304 -9.44101 -26.0533 
-32 -71.1346 -16 15 -28.8513 -28.9242 -10.313 -26.4601 
-29 -72.2113 -16 16 -27.16 -32.865 -15.5094 -32.5358 
-27 -71.2658 -16 16 -29.3252 -33.6262 -13.6964 -30.5194 
-27 -73.9166 -16 15 -25.5056 -27.6733 -14.0378 -31.2245 
-25 -72.3456 -15 15 -28.2704 -31.9722 -12.9736 -29.1237 
-27 -72.7867 -16 16 -27.4128 -30.7993 -10.9238 -27.4592 
-29 -71.179 -16 16 -28.8253 -33.734 -16.9923 -33.9417 
-25 -71.9815 -16 15 -28.8756 -30.596 -13.9417 -28.0247 
-30 -71.1714 -15 15 -29.3028 -30.8314 -10.7332 -26.7875 
-11 -73.0084 -15 15 -30.9663 -33.549 -10.1666 -28.0063 
-27 -72.8843 -16 15 -27.171 -28.5423 -15.5207 -32.6303 
-27 -69.7356 -16 16 -31.8264 -36.966 -13.6531 -32.7211 
-25 -71.9665 -17 16 -29.2892 -29.5786 -13.0383 -27.9392 
-22 -73.592 -15 15 -27.6375 -29.9624 -9.25035 -25.3816 
-25 -71.5875 -15 15 -29.2715 -34.4393 -15.3188 -31.0987 
-21 -71.544 -15 15 -30.9663 -33.549 -10.1666 -28.0063 
-27 -69.1491 -16 15 -32.6483 -37.468 -16.2351 -37.8243 
-11 -71.9761 -15 15 -32.6317 -34.418 -11.6495 -29.4121 
-27 -68.7034 -16 16 -33.4918 -37.8349 -15.136 -34.1269 
-17 -73.4073 -16 16 -29.0763 -33.517 -10.3573 -28.678 
-25 -69.4877 -15 15 -33.2587 -32.0351 -12.8477 -26.1688 
-32 -73.3683 -16 16 -25.7474 -29.9304 -9.44101 -26.0533 
-25 -70.5552 -15 15 -30.9368 -35.3083 -16.8016 -32.5045 
-21 -70.5118 -15 15 -32.6317 -34.418 -11.6495 -29.4121 
-27 -68.1169 -16 15 -34.3137 -38.3369 -17.7179 -39.2302 
-29 -70.5603 -15 15 -30.3179 -32.5296 -15.4245 -29.086 
-17 -72.375 -16 16 -30.7416 -34.386 -11.8401 -30.0838 
-29 -73.8195 -16 16 -25.3216 -31.4694 -14.5286 -31.2673 
-27 -74.1327 -16 16 -25.7567 -28.9478 -11.6382 -26.541 
-23 -72.1847 -15 15 -29.5498 -32.7893 -12.0229 -28.4419 
-29 -75.0521 -18 16 -23.5327 -30.7224 -14.0054 -35.5546 
-25 -72.3791 -16 15 -28.7219 -30.3053 -13.651 -27.5115 
-27 -72.7808 -16 16 -27.7969 -32.6999 -11.3079 -29.3598 
-27 -72.9815 -15 15 -27.6468 -28.9798 -11.4476 -25.8693 
-23 -73.6844 -15 15 -27.6375 -29.9624 -9.25035 -25.3816 
-23 -70.8234 -17 16 -31.3463 -36.3428 -16.8312 -37.9398 
-25 -73.392 -15 15 -27.6375 -29.9624 -9.25035 -25.3816 
-29 -72.7872 -16 16 -26.987 -32.3384 -16.0114 -32.6732 
-19 -74.6563 -15 15 -26.9006 -30.7575 -10.9243 -26.7679 
-27 -73.1004 -16 16 -27.4221 -29.8168 -13.1211 -27.9469 
-23 -72.6044 -16 16 -29.0856 -32.5344 -12.5545 -29.1657 
-23 -71.1524 -15 15 -31.2152 -33.6582 -13.5058 -29.8477 
-29 -74.0198 -18 16 -25.1981 -31.5913 -15.4882 -36.9604 
-27 -72.44 -16 15 -28.2465 -32.1049 -15.1365 -34.7798 
-27 -71.9492 -15 15 -29.3121 -29.8488 -12.9304 -27.2752 
-23 -72.6521 -15 15 -29.3028 -30.8314 -10.7332 -26.7875 
-23 -73.7832 -15 15 -27.6375 -29.9624 -9.25035 -25.3816 
-23 -78.455 -16 15 -20.2914 -27.9372 -8.44969 -28.8337 
-23 -69.7911 -17 16 -33.0116 -37.2117 -18.314 -39.3456 
-25 -72.3597 -15 15 -29.3028 -30.8314 -10.7332 -26.7875 
FEATURES_TXT_END_0
FEATURES_TXT_BEGIN_0 22 100 8 Distortion0_0 LM0_0 WordPenalty0_0 PhrasePenalty0_0 TranslationModel0_0 TranslationModel0_1 TranslationModel0_2 TranslationModel0_3 
-66 -129.311 -34 29 -52.2102 -79.3814 -48.8016 -93.0119 
-66 -128.649 -33 29 -53.4629 -79.3814 -48.8016 -93.0119 
-66 -129.211 -34 29 -52.8399 -79.7293 -46.5503 -91.7425 
-66 -128.548 -33 29 -54.0927 -79.7293 -46.5503 -91.7425 
-66 -130.201 -35 29 -51.4503 -77.9522 -52.1689 -96.035 
-66 -129.203 -34 29 -53.3508 -79.4978 -48.1597 -91.9789 
-66 -129.539 -34 29 -52.7031 -77.9522 -52.1689 -96.035 
-66 -130.773 -33 28 -50.7224 -79.0311 -48.6872 -92.1696 
-66 -128.541 -33 29 -54.6035 -79.4978 -48.1597 -91.9789 
-66 -130.111 -32 28 -51.9752 -79.0311 -48.6872 -92.1696 
-66 -130.1 -35 29 -52.0801 -78.3001 -49.9176 -94.7656 
-66 -129.438 -34 29 -53.3329 -78.3001 -49.9176 -94.7656 
-66 -130.673 -33 28 -51.3522 -79.379 -46.4359 -90.9001 
-76 -128.11 -34 29 -53.0667 -78.8475 -48.5139 -91.8443 
-66 -130.01 -32 28 -52.605 -79.379 -46.4359 -90.9001 
-76 -127.448 -33 29 -54.3195 -78.8475 -48.5139 -91.8443 
-70 -130.878 -34 29 -50.4874 -77.0259 -47.4153 -90.9078 
-76 -128.01 -34 29 -53.6965 -79.1954 -46.2626 -90.5749 
-70 -130.216 -33 29 -51.7402 -77.0259 -47.4153 -90.9078 
-76 -127.347 -33 29 -54.9492 -79.1954 -46.2626 -90.5749 
-66 -131.53 -34 29 -50.5519 -77.5206 -47.7029 -91.4025 
-66 -129.671 -33 29 -53.4629 -79.3814 -48.8016 -93.0119 
-66 -130.093 -35 29 -52.5909 -78.0686 -51.527 -95.002 
-66 -130.868 -33 29 -51.8047 -77.5206 -47.7029 -91.4025 
-66 -131.663 -34 28 -49.9626 -77.6019 -52.0545 -95.1927 
-66 -129.008 -32 29 -54.7157 -79.3814 -48.8016 -93.0119 
-66 -129.43 -34 29 -53.8437 -78.0686 -51.527 -95.002 
-66 -130.665 -33 28 -51.863 -79.1476 -48.0454 -91.1365 
-66 -131.001 -33 28 -51.2153 -77.6019 -52.0545 -95.1927 
-66 -130.003 -32 28 -53.1158 -79.1476 -48.0454 -91.1365 
-66 -129.57 -33 29 -54.0927 -79.7293 -46.5503 -91.7425 
-66 -131.563 -34 28 -50.5924 -77.9498 -49.8032 -93.9233 
-66 -128.908 -32 29 -55.3455 -79.7293 -46.5503 -91.7425 
-66 -130.442 -35 29 -52.2612 -79.4995 -52.1689 -97.7215 
-70 -131.023 -34 29 -51.1172 -77.3738 -45.164 -89.6384 
-66 -130.9 -33 28 -51.8451 -77.9498 -49.8032 -93.9233 
-76 -127.936 -33 29 -54.3195 -78.8475 -48.5139 -91.8443 
-66 -129.779 -34 29 -53.514 -79.4995 -52.1689 -97.7215 
-76 -128.002 -34 29 -54.2073 -78.9639 -47.872 -90.8113 
-70 -130.361 -33 29 -52.3699 -77.3738 -45.164 -89.6384 
-76 -129.572 -33 28 -51.5789 -78.4972 -48.3996 -91.002 
-76 -127.274 -32 29 -55.5722 -78.8475 -48.5139 -91.8443 
-62 -132.607 -34 29 -50.4874 -77.0259 -47.4153 -90.9078 
-76 -127.34 -33 29 -55.4601 -78.9639 -47.872 -90.8113 
-66 -129.732 -34 29 -53.6527 -81.2134 -50.0146 -94.3381 
-70 -131.768 -35 29 -49.7275 -75.5967 -50.7826 -93.9309 
-66 -131.675 -34 29 -51.1817 -77.8685 -45.4517 -90.1331 
-66 -130.341 -35 29 -52.891 -79.8474 -49.9176 -96.452 
-76 -128.91 -32 28 -52.8317 -78.4972 -48.3996 -91.002 
-62 -131.945 -33 29 -51.7402 -77.0259 -47.4153 -90.9078 
-76 -129.012 -34 29 -52.5945 -78.6957 -50.2717 -93.1914 
-66 -129.07 -33 29 -54.9055 -81.2134 -50.0146 -94.3381 
-70 -131.106 -34 29 -50.9803 -75.5967 -50.7826 -93.9309 
-66 -131.013 -33 29 -52.4345 -77.8685 -45.4517 -90.1331 
-76 -127.836 -33 29 -54.9492 -79.1954 -46.2626 -90.5749 
-70 -132.34 -33 28 -48.9996 -76.6757 -47.3009 -90.0654 
-66 -129.678 -34 29 -54.1438 -79.8474 -49.9176 -96.452 
-76 -128.35 -33 29 -53.8473 -78.6957 -50.2717 -93.1914 
-66 -132.42 -35 29 -49.7921 -76.0914 -51.0702 -94.4256 
-66 -131.11 -34 29 -51.738 -79.2296 -50.5594 -94.359 
-76 -129.472 -33 28 -52.2087 -78.8451 -46.1483 -89.7325 
-76 -127.173 -32 29 -56.202 -79.1954 -46.2626 -90.5749 
-70 -131.678 -32 28 -50.2524 -76.6757 -47.3009 -90.0654 
-66 -130.56 -34 29 -52.7031 -77.9522 -52.1689 -96.035 
-66 -129.631 -34 29 -54.2825 -81.5613 -47.7633 -93.0687 
-66 -131.758 -34 29 -51.0449 -76.0914 -51.0702 -94.4256 
-66 -129.562 -33 29 -54.6035 -79.4978 -48.1597 -91.9789 
-66 -130.447 -33 29 -52.9908 -79.2296 -50.5594 -94.359 
-76 -128.809 -32 28 -53.4615 -78.8451 -46.1483 -89.7325 
-66 -132.992 -33 28 -49.0642 -77.1704 -47.5886 -90.5601 
-62 -131.592 -34 29 -52.2102 -79.3814 -48.8016 -93.0119 
-66 -129.898 -33 29 -53.9558 -77.9522 -52.1689 -96.035 
-66 -131.133 -32 28 -51.9752 -79.0311 -48.6872 -92.1696 
-76 -128.912 -34 29 -53.2243 -79.0436 -48.0204 -91.922 
-66 -128.969 -33 29 -55.5353 -81.5613 -47.7633 -93.0687 
-66 -131.555 -34 28 -51.1032 -77.7184 -51.4127 -94.1597 
-66 -128.9 -32 29 -55.8563 -79.4978 -48.1597 -91.9789 
-78 -128.695 -34 29 -53.0667 -78.8475 -48.5139 -91.8443 
-66 -132.33 -32 28 -50.3169 -77.1704 -47.5886 -90.5601 
-62 -130.93 -33 29 -53.4629 -79.3814 -48.8016 -93.0119 
-66 -130.47 -31 28 -53.2279 -79.0311 -48.6872 -92.1696 
-76 -128.249 -33 29 -54.4771 -79.0436 -48.0204 -91.922 
-66 -130.893 -33 28 -52.3559 -77.7184 -51.4127 -94.1597 
-80 -129.677 -34 29 -51.3439 -76.4921 -47.1276 -89.7402 
-66 -131.009 -34 29 -52.3678 -79.5775 -48.3081 -93.0896 
-78 -128.032 -33 29 -54.3195 -78.8475 -48.5139 -91.8443 
-66 -130.46 -34 29 -53.3329 -78.3001 -49.9176 -94.7656 
-80 -129.015 -33 29 -52.5967 -76.4921 -47.1276 -89.7402 
-66 -130.347 -33 29 -53.6205 -79.5775 -48.3081 -93.0896 
-62 -131.492 -34 29 -52.8399 -79.7293 -46.5503 -91.7425 
-66 -129.797 -33 29 -54.5856 -78.3001 -49.9176 -94.7656 
-66 -130.762 -34 29 -52.721 -79.1499 -50.411 -93.2483 
-62 -132.752 -34 29 -51.1172 -77.3738 -45.164 -89.6384 
-66 -131.032 -32 28 -52.605 -79.379 -46.4359 -90.9001 
-66 -130.333 -35 29 -53.4018 -79.6159 -51.527 -96.6884 
-76 -130.329 -34 29 -51.4085 -76.9867 -47.4153 -90.2349 
-70 -131.913 -35 29 -50.3573 -75.9446 -48.5313 -92.6615 
-62 -130.829 -33 29 -54.0927 -79.7293 -46.5503 -91.7425 
-66 -130.1 -33 29 -53.9737 -79.1499 -50.411 -93.2483 
-62 -132.09 -33 29 -52.3699 -77.3738 -45.164 -89.6384 
FEATURES_TXT_END_0
FEATURES_TXT_BEGIN_0 23 100 8 Distortion0_0 LM0_0 WordPenalty0_0 PhrasePenalty0_0 TranslationModel0_0 TranslationModel0_1 TranslationModel0_2 TranslationModel0_3 
-112 -243.509 -57 53 -111.785 -139.427 -45.9506 -138.23 
-126 -245.401 -58 53 -106.791 -131.649 -43.9288 -135.432 
-112 -243.82 -57 54 -112.17 -138.57 -46.082 -136.033 
-110 -246.907 -57 53 -107.742 -137.703 -45.9506 -138.124 
-114 -244.878 -58 53 -110.107 -132.987 -51.7306 -140.767 
-112 -243.89 -57 53 -112.163 -136.667 -50.3443 -139.467 
-142 -246.599 -58 53 -101.359 -129.393 -45.4328 -136.734 
-102 -245.835 -57 53 -111.785 -139.427 -45.9506 -138.23 
-112 -242.198 -57 53 -114.831 -139.978 -51.0444 -140.558 
-112 -245.201 -57 53 -110.505 -138.61 -46.9012 -138.912 
-130 -246.075 -58 53 -104.675 -130.731 -53.2346 -142.068 
-126 -245.712 -58 54 -107.176 -130.793 -44.0601 -133.235 
-124 -248.799 -58 53 -102.748 -129.926 -43.9288 -135.327 
-110 -247.218 -57 54 -108.127 -136.847 -46.082 -135.927 
-129 -247.749 -60 54 -102.809 -133.607 -48.2446 -144.346 
-114 -245.189 -58 54 -110.493 -132.131 -51.8619 -138.57 
-96 -251.588 -56 52 -104.754 -135.904 -44.7567 -136.889 
-112 -248.276 -58 53 -106.064 -131.264 -51.7306 -140.661 
-112 -244.201 -57 54 -112.548 -135.811 -50.4756 -137.269 
-134 -250.646 -60 53 -97.12 -130.469 -48.0513 -142.936 
-110 -247.287 -57 53 -108.12 -134.943 -50.3443 -139.361 
-124 -246.495 -58 53 -106.791 -131.649 -43.9288 -135.432 
-112 -243.632 -57 53 -113.45 -140.296 -47.4334 -139.636 
-116 -247.727 -58 53 -106.791 -131.649 -43.9288 -135.432 
-142 -246.91 -58 54 -101.744 -128.536 -45.5642 -134.536 
-104 -248.544 -57 53 -107.742 -137.703 -45.9506 -138.124 
-102 -246.146 -57 54 -112.17 -138.57 -46.082 -136.033 
-126 -245.673 -58 53 -107.7 -132.364 -43.4768 -135.053 
-132 -249.658 -59 53 -99.1756 -134.149 -46.665 -141.636 
-126 -244.09 -58 53 -109.837 -132.2 -49.0225 -137.76 
-140 -249.996 -58 53 -97.3155 -127.669 -45.4328 -136.628 
-100 -249.233 -57 53 -107.742 -137.703 -45.9506 -138.124 
-112 -242.509 -57 54 -115.216 -139.121 -51.1757 -138.36 
-126 -247.093 -58 53 -105.512 -130.832 -44.8794 -136.114 
-112 -245.972 -58 53 -110.107 -132.987 -51.7306 -140.767 
-104 -247.204 -58 53 -110.107 -132.987 -51.7306 -140.767 
-112 -245.512 -57 54 -110.891 -137.753 -47.0326 -136.714 
-130 -246.386 -58 54 -105.06 -129.874 -53.366 -139.871 
-110 -245.595 -57 53 -110.788 -138.254 -51.0444 -140.452 
-114 -245.15 -58 53 -111.016 -133.702 -51.2786 -140.387 
-122 -243.524 -57 53 -111.497 -139.811 -47.0492 -139.276 
-110 -248.599 -57 53 -106.462 -136.886 -46.9012 -138.806 
-128 -249.473 -58 53 -100.632 -129.007 -53.2346 -141.963 
-116 -246.907 -57 53 -107.742 -137.703 -45.9506 -138.124 
-144 -247.84 -59 53 -99.8852 -129.393 -45.4328 -136.734 
-124 -249.11 -58 54 -103.133 -129.069 -44.0601 -133.13 
-102 -246.215 -57 53 -112.163 -136.667 -50.3443 -139.467 
-124 -248.967 -58 53 -103.431 -129.533 -43.9288 -136.94 
-131 -248.32 -59 54 -102.14 -131.435 -49.6309 -142.455 
-150 -251.844 -60 53 -91.6875 -128.213 -49.5554 -144.238 
-129 -248.06 -60 55 -103.195 -132.75 -48.3759 -142.149 
-100 -247.12 -56 50 -110.526 -142.468 -47.442 -136.872 
-116 -244.47 -57 53 -111.785 -139.427 -45.9506 -138.23 
-131 -243.943 -59 54 -108.718 -136.371 -52.7169 -145.468 
-96 -246.944 -55 51 -111.763 -145.81 -47.5373 -139.116 
-142 -250.389 -58 53 -96.7187 -126.459 -46.3835 -138.923 
-132 -247.317 -59 53 -103.201 -130.731 -53.2346 -142.068 
-110 -253.48 -57 52 -99.76 -128.127 -42.7348 -134.091 
-134 -253.312 -60 53 -93.9629 -127.046 -45.0358 -139.475 
-142 -246.87 -58 53 -102.268 -130.108 -44.9809 -136.354 
-127 -251.147 -60 54 -98.766 -131.883 -48.2446 -144.24 
-96 -251.899 -56 53 -105.139 -135.048 -44.888 -134.691 
-112 -248.587 -58 54 -106.45 -130.407 -51.8619 -138.464 
-142 -245.287 -58 53 -104.405 -129.944 -50.5266 -139.061 
-102 -244.523 -57 53 -114.831 -139.978 -51.0444 -140.558 
-112 -248.443 -58 53 -106.747 -130.871 -51.7306 -142.274 
-134 -250.957 -60 54 -97.5055 -129.612 -48.1826 -140.739 
-142 -248.29 -58 53 -100.079 -128.576 -46.3835 -137.415 
-102 -247.527 -57 53 -110.505 -138.61 -46.9012 -138.912 
-126 -245.524 -58 53 -108.456 -132.518 -45.4116 -136.838 
-132 -252.323 -59 53 -96.0185 -130.726 -43.6495 -138.175 
-102 -245.778 -58 53 -113.331 -142.214 -43.8712 -138.437 
-110 -247.598 -57 54 -108.505 -134.087 -50.4756 -137.164 
-124 -246.806 -58 54 -107.176 -130.793 -44.0601 -133.235 
-118 -250.436 -58 53 -102.748 -129.926 -43.9288 -135.327 
-112 -243.943 -57 54 -113.836 -139.439 -47.5648 -137.438 
-116 -248.038 -58 54 -107.176 -130.793 -44.0601 -133.235 
-130 -249.866 -58 53 -100.035 -127.797 -54.1853 -144.258 
-104 -248.855 -57 54 -108.127 -136.847 -46.082 -135.927 
-104 -246.488 -57 53 -111.785 -139.427 -45.9506 -138.23 
-98 -252.957 -57 52 -103.076 -129.465 -50.5366 -139.425 
-102 -246.809 -57 53 -111.785 -139.427 -45.9506 -138.23 
-132 -254.044 -60 53 -93.0769 -128.745 -48.0513 -142.831 
-130 -246.347 -58 53 -105.584 -131.446 -52.7827 -141.689 
-100 -245.699 -56 52 -113.39 -143.11 -47.8261 -137.383 
-126 -245.984 -58 54 -108.085 -131.508 -43.6081 -132.855 
-132 -249.969 -59 54 -99.5611 -133.292 -46.7963 -139.439 
-117 -247.831 -59 54 -106.877 -129.772 -51.9254 -142.078 
-122 -249.893 -58 53 -102.748 -129.926 -43.9288 -135.327 
-110 -247.03 -57 53 -109.407 -138.572 -47.4334 -139.53 
-114 -251.125 -58 53 -102.748 -129.926 -43.9288 -135.327 
-126 -244.401 -58 54 -110.223 -131.343 -49.1538 -135.563 
-140 -250.307 -58 54 -97.701 -126.813 -45.5642 -134.431 
-100 -249.544 -57 54 -108.127 -136.847 -46.082 -135.927 
-106 -246.692 -58 54 -111.225 -137.51 -45.7032 -135.009 
-90 -248.739 -57 52 -110.565 -145.075 -51.1126 -143.603 
-130 -247.147 -61 55 -104.195 -134.933 -54.8889 -150.841 
-147 -249.518 -59 54 -96.7073 -129.179 -51.135 -143.757 
-96 -251.968 -56 52 -105.132 -133.145 -49.1504 -138.125 
-124 -249.071 -58 53 -103.657 -130.64 -43.4768 -134.947 
FEATURES_TXT_END_0
FEATURES_TXT_BEGIN_0 24 100 8 Distortion0_0 LM0_0 WordPenalty0_0 PhrasePenalty0_0 TranslationModel0_0 TranslationModel0_1 TranslationModel0_2 TranslationModel0_3 
-88 -229.277 -50 44 -64.0296 -94.6402 -51.6116 -100.212 
-90 -229.231 -50 44 -63.6399 -96.3991 -49.158 -98.6476 
-96 -222.702 -49 44 -71.9509 -103.289 -53.7731 -104.238 
-90 -225.857 -50 44 -68.3346 -102.368 -54.4662 -105.171 
-88 -229.673 -49 44 -63.8163 -94.6402 -49.9129 -100.212 
-90 -229.628 -49 44 -63.4267 -96.3991 -47.4593 -98.6476 
-96 -223.099 -48 44 -71.7376 -103.289 -52.0744 -104.238 
-102 -224.605 -49 44 -68.2657 -98.1618 -50.2766 -99.1884 
-90 -226.254 -49 44 -68.1213 -102.368 -52.7676 -105.171 
-76 -230.158 -48 43 -65.6409 -99.1083 -49.8849 -99.0406 
-78 -230.112 -48 43 -65.2512 -100.867 -47.4313 -97.4761 
-84 -223.583 -47 43 -73.5621 -107.757 -52.0464 -103.067 
-102 -225.002 -48 44 -68.0524 -98.1618 -48.5779 -99.1884 
-90 -229.277 -50 44 -64.0296 -94.6402 -51.6116 -100.212 
-78 -226.738 -48 43 -69.9458 -106.836 -52.7396 -104 
-92 -229.231 -50 44 -63.6399 -96.3991 -49.158 -98.6476 
-98 -222.702 -49 44 -71.9509 -103.289 -53.7731 -104.238 
-88 -230.462 -50 43 -63.0641 -93.7987 -47.334 -98.7384 
-76 -230.021 -49 43 -65.8542 -99.1083 -51.5836 -99.0406 
-80 -231.843 -48 43 -62.7177 -94.3393 -49.1917 -99.5048 
-92 -225.857 -50 44 -68.3346 -102.368 -54.4662 -105.171 
-78 -229.975 -49 43 -65.4645 -100.867 -49.13 -97.4761 
-82 -231.797 -48 43 -62.328 -96.0982 -46.7381 -97.9403 
-90 -225.486 -47 43 -69.8769 -102.63 -48.5499 -98.0169 
-84 -223.446 -48 43 -73.7754 -107.757 -53.7451 -103.067 
-88 -225.268 -47 43 -70.639 -102.988 -51.3533 -103.531 
-90 -229.673 -49 44 -63.8163 -94.6402 -49.9129 -100.212 
-92 -229.628 -49 44 -63.4267 -96.3991 -47.4593 -98.6476 
-98 -223.099 -48 44 -71.7376 -103.289 -52.0744 -104.238 
-78 -226.601 -49 43 -70.1591 -106.836 -54.4382 -104 
-88 -230.859 -49 43 -62.8508 -93.7987 -45.6353 -98.7384 
-82 -228.423 -48 43 -67.0227 -102.067 -52.0464 -104.464 
-104 -224.605 -49 44 -68.2657 -98.1618 -50.2766 -99.1884 
-92 -226.254 -49 44 -68.1213 -102.368 -52.7676 -105.171 
-88 -227.102 -50 44 -67.7149 -99.7672 -55.1081 -105.262 
-80 -231.706 -49 43 -62.931 -94.3393 -50.8904 -99.5048 
-78 -230.158 -48 43 -65.6409 -99.1083 -49.8849 -99.0406 
-82 -231.66 -49 43 -62.5413 -96.0982 -48.4368 -97.9403 
-90 -225.349 -48 43 -70.0902 -102.63 -50.2486 -98.0169 
-94 -227.171 -47 43 -66.9538 -97.8608 -47.8568 -98.4811 
-80 -230.112 -48 43 -65.2512 -100.867 -47.4313 -97.4761 
-88 -225.131 -48 43 -70.8523 -102.988 -53.0519 -103.531 
-86 -223.583 -47 43 -73.5621 -107.757 -52.0464 -103.067 
-76 -228.874 -48 43 -67.9709 -102.107 -50.2663 -99.2184 
-76 -231.343 -48 42 -64.6753 -98.2668 -45.6073 -97.5669 
-104 -225.002 -48 44 -68.0524 -98.1618 -48.5779 -99.1884 
-78 -228.828 -48 43 -67.5812 -103.866 -47.8127 -97.6539 
-84 -222.3 -47 43 -75.8921 -110.755 -52.4278 -103.245 
-82 -228.286 -49 43 -67.236 -102.067 -53.7451 -104.464 
-80 -226.738 -48 43 -69.9458 -106.836 -52.7396 -104 
-88 -227.499 -49 44 -67.5016 -99.7672 -53.4094 -105.262 
-90 -230.462 -50 43 -63.0641 -93.7987 -47.334 -98.7384 
-78 -225.454 -48 43 -72.2758 -109.834 -53.1209 -104.177 
-78 -230.021 -49 43 -65.8542 -99.1083 -51.5836 -99.0406 
-96 -226.84 -50 44 -66.7077 -97.038 -53.4366 -100.353 
-94 -227.034 -48 43 -67.1671 -97.8608 -49.5554 -98.4811 
-80 -229.975 -49 43 -65.4645 -100.867 -49.13 -97.4761 
-92 -225.486 -47 43 -69.8769 -102.63 -48.5499 -98.0169 
-86 -223.446 -48 43 -73.7754 -107.757 -53.7451 -103.067 
-88 -230.942 -48 43 -62.7177 -94.3393 -49.1917 -99.5048 
-90 -230.896 -48 43 -62.328 -96.0982 -46.7381 -97.9403 
-76 -231.206 -49 42 -64.8886 -98.2668 -47.306 -97.5669 
-80 -233.028 -48 42 -61.7522 -93.4978 -44.9142 -98.0311 
-102 -225.414 -50 44 -67.1024 -100.996 -55.5648 -104.756 
-96 -224.367 -47 43 -70.639 -102.988 -51.3533 -103.531 
-76 -227.983 -48 43 -69.3261 -104.235 -53.3814 -104.09 
-90 -224.203 -47 43 -72.2069 -105.628 -48.9313 -98.1947 
-80 -226.601 -49 43 -70.1591 -106.836 -54.4382 -104 
-90 -230.859 -49 43 -62.8508 -93.7987 -45.6353 -98.7384 
-88 -228.723 -49 44 -66.1463 -97.6388 -50.2943 -100.39 
-90 -227.522 -48 43 -67.0227 -102.067 -52.0464 -104.464 
-90 -228.677 -49 44 -65.7566 -99.3977 -47.8407 -98.8254 
-96 -227.236 -49 44 -66.4944 -97.038 -51.7379 -100.353 
-90 -227.102 -50 44 -67.7149 -99.7672 -55.1081 -105.262 
-96 -222.149 -48 44 -74.0676 -106.287 -52.4558 -104.416 
-90 -229.293 -50 44 -64.6494 -97.2406 -50.9697 -100.121 
-80 -230.158 -48 43 -65.6409 -99.1083 -49.8849 -99.0406 
-92 -225.349 -48 43 -70.0902 -102.63 -50.2486 -98.0169 
-102 -225.81 -49 44 -66.8892 -100.996 -53.8662 -104.756 
-88 -230.805 -49 43 -62.931 -94.3393 -50.8904 -99.5048 
-82 -230.112 -48 43 -65.2512 -100.867 -47.4313 -97.4761 
-102 -223.803 -49 44 -70.0574 -100.996 -55.5648 -104.756 
-90 -230.759 -49 43 -62.5413 -96.0982 -48.4368 -97.9403 
-90 -225.304 -49 44 -70.4513 -105.366 -53.1489 -105.349 
-88 -223.583 -47 43 -73.5621 -107.757 -52.0464 -103.067 
-80 -232.891 -49 42 -61.9655 -93.4978 -46.6128 -98.0311 
-102 -226.27 -47 43 -66.9538 -97.8608 -47.8568 -98.4811 
-96 -224.23 -48 43 -70.8523 -102.988 -53.0519 -103.531 
-78 -228.874 -48 43 -67.9709 -102.107 -50.2663 -99.2184 
-76 -227.846 -49 43 -69.5394 -104.235 -55.0801 -104.09 
-78 -231.343 -48 42 -64.6753 -98.2668 -45.6073 -97.5669 
-80 -229.668 -48 43 -66.403 -99.4663 -52.6883 -104.555 
-80 -228.828 -48 43 -67.5812 -103.866 -47.8127 -97.6539 
-82 -231.108 -50 44 -64.0296 -94.6402 -51.6116 -100.212 
-86 -222.3 -47 43 -75.8921 -110.755 -52.4278 -103.245 
-84 -231.062 -50 44 -63.6399 -96.3991 -49.158 -98.6476 
-76 -230.06 -48 42 -67.0053 -101.265 -45.9887 -97.7447 
-84 -227.721 -48 43 -68.319 -101.506 -51.7099 -99.1818 
-82 -226.738 -48 43 -69.9458 -106.836 -52.7396 -104 
-90 -227.499 -49 44 -67.5016 -99.7672 -53.4094 -105.262 
FEATURES_TXT_END_0
FEATURES_TXT_BEGIN_0 25 100 8 Distortion0_0 LM0_0 WordPenalty0_0 PhrasePenalty0_0 TranslationModel0_0 TranslationModel0_1 TranslationModel0_2 TranslationModel0_3 
-69 -211.831 -53 44 -75.0891 -113.967 -71.0404 -132.24 
-65 -215.144 -53 44 -71.4039 -108.84 -67.5439 -127.191 
-69 -211.693 -53 44 -75.7397 -113.967 -69.2486 -132.24 
-65 -215.007 -53 44 -72.0545 -108.84 -65.7521 -127.191 
-69 -211.435 -54 44 -75.5571 -113.769 -74.0669 -131.326 
-65 -214.748 -54 44 -71.8718 -108.642 -70.5704 -126.276 
-55 -214.86 -53 44 -73.6107 -115.657 -73.4383 -136.615 
-51 -218.173 -53 44 -69.9255 -110.53 -69.9418 -131.565 
-55 -214.209 -53 44 -74.9812 -115.245 -70.6657 -133.817 
-51 -217.522 -53 44 -71.296 -110.118 -67.1692 -128.767 
-69 -211.298 -54 44 -76.2076 -113.769 -72.2752 -131.326 
-65 -214.611 -54 44 -72.5224 -108.642 -68.7786 -126.276 
-55 -214.723 -53 44 -74.2613 -115.657 -71.6465 -136.615 
-51 -218.036 -53 44 -70.5761 -110.53 -68.15 -131.565 
-55 -214.072 -53 44 -75.6318 -115.245 -68.874 -133.817 
-69 -211.71 -53 44 -75.6691 -113.624 -71.0712 -128.696 
-55 -214.464 -54 44 -74.0787 -115.459 -76.4648 -135.7 
-69 -212.716 -53 44 -74.1801 -113.252 -71.4924 -132.62 
-51 -217.385 -53 44 -71.9466 -110.118 -65.3774 -128.767 
-65 -216.746 -54 44 -69.1507 -108.962 -67.5747 -126.79 
-51 -217.777 -54 44 -70.3934 -110.332 -72.9683 -130.65 
-65 -216.029 -53 44 -70.4949 -108.125 -67.9959 -127.57 
-55 -213.813 -54 44 -75.4492 -115.047 -73.6922 -132.903 
-51 -217.126 -54 44 -71.764 -109.92 -70.1957 -127.853 
-69 -211.573 -53 44 -76.3197 -113.624 -69.2794 -128.696 
-55 -214.327 -54 44 -74.7293 -115.459 -74.673 -135.7 
-69 -212.579 -53 44 -74.8307 -113.252 -69.7006 -132.62 
-65 -216.609 -54 44 -69.8013 -108.962 -65.7829 -126.79 
-51 -217.64 -54 44 -71.044 -110.332 -71.1765 -130.65 
-65 -215.892 -53 44 -71.1455 -108.125 -66.2041 -127.57 
-55 -213.676 -54 44 -76.0998 -115.047 -71.9005 -132.903 
-69 -211.314 -54 44 -76.1371 -113.427 -74.0977 -127.781 
-69 -212.32 -54 44 -74.6481 -113.054 -74.5189 -131.705 
-51 -216.989 -54 44 -72.4146 -109.92 -68.4039 -127.853 
-65 -216.35 -55 44 -69.6186 -108.764 -70.6012 -125.875 
-69 -211.407 -52 44 -76.5854 -113.624 -70.378 -128.696 
-65 -215.633 -54 44 -70.9629 -107.927 -71.0224 -126.656 
-55 -215.745 -53 44 -72.7017 -114.942 -73.8903 -136.994 
-51 -219.058 -53 44 -69.0165 -109.815 -70.3938 -131.944 
-55 -215.094 -53 44 -74.0722 -114.53 -71.1177 -134.197 
-51 -218.408 -53 44 -70.387 -109.403 -67.6212 -129.147 
-55 -214.626 -53 44 -74.5102 -116.521 -72.7452 -135.404 
-59 -213.838 -53 44 -75.0576 -114.966 -73.0328 -137.799 
-65 -214.153 -55 45 -73.4519 -110.498 -71.0559 -130.269 
-51 -217.939 -53 44 -70.825 -111.394 -69.2486 -130.354 
-55 -217.151 -53 44 -71.3724 -109.839 -69.5363 -132.749 
-55 -213.975 -53 44 -75.8807 -116.109 -69.9726 -132.607 
-57 -217.391 -54 44 -69.8655 -112.38 -71.0712 -131.347 
-59 -213.188 -53 44 -76.4282 -114.554 -70.2602 -135.001 
-51 -217.288 -53 44 -72.1955 -110.982 -66.4761 -127.557 
-53 -220.704 -54 44 -66.1803 -107.253 -67.5747 -126.297 
-55 -216.501 -53 44 -72.7429 -109.427 -66.7637 -129.952 
-69 -211.177 -54 44 -76.7877 -113.427 -72.3059 -127.781 
-67 -215.555 -54 45 -71.1287 -107.247 -71.3593 -131.302 
-69 -212.183 -54 44 -75.2987 -113.054 -72.7271 -131.705 
-65 -216.213 -55 44 -70.2692 -108.764 -68.8094 -125.875 
-69 -211.27 -52 44 -77.236 -113.624 -68.5863 -128.696 
-67 -214.904 -54 45 -72.4993 -106.835 -68.5868 -128.504 
-65 -215.496 -54 44 -71.6134 -107.927 -69.2306 -126.656 
-59 -217.752 -53 44 -69.334 -108.661 -71.3746 -131.836 
-55 -215.608 -53 44 -73.3523 -114.942 -72.0985 -136.994 
-73 -213.189 -54 44 -73.2122 -109.837 -69.4177 -127.322 
-55 -221.065 -53 44 -65.6488 -103.534 -67.8781 -126.786 
-51 -218.921 -53 44 -69.6671 -109.815 -68.602 -131.944 
-59 -217.101 -53 44 -70.7046 -108.249 -68.602 -129.039 
-55 -214.957 -53 44 -74.7228 -114.53 -69.3259 -134.197 
-69 -212.595 -53 44 -74.7601 -112.91 -71.5232 -129.076 
-69 -211.011 -53 44 -77.0534 -113.427 -73.4045 -127.781 
-69 -216.502 -54 44 -69.527 -104.71 -65.9212 -122.272 
-55 -215.349 -54 44 -73.1697 -114.744 -76.9168 -136.079 
-55 -220.415 -53 44 -67.0194 -103.122 -65.1055 -123.989 
-51 -218.271 -53 44 -71.0376 -109.403 -65.8294 -129.147 
-65 -217.631 -54 44 -68.2417 -108.247 -68.0267 -127.169 
-55 -214.489 -53 44 -75.1608 -116.521 -70.9534 -135.404 
-51 -218.662 -54 44 -69.4845 -109.617 -73.4203 -131.03 
-59 -213.701 -53 44 -75.7082 -114.966 -71.2411 -137.799 
-55 -214.698 -54 44 -74.5402 -114.332 -74.1442 -133.282 
-65 -214.016 -55 45 -74.1025 -110.498 -69.2642 -130.269 
-51 -217.802 -53 44 -71.4755 -111.394 -67.4569 -130.354 
-55 -217.014 -53 44 -72.023 -109.839 -67.7446 -132.749 
-55 -213.838 -53 44 -76.5313 -116.109 -68.1808 -132.607 
-57 -217.254 -54 44 -70.5161 -112.38 -69.2794 -131.347 
-51 -218.012 -54 44 -70.855 -109.205 -70.6477 -128.232 
-59 -213.05 -53 44 -77.0787 -114.554 -68.4685 -135.001 
-55 -214.23 -54 44 -74.9781 -116.323 -75.7717 -134.49 
-51 -217.151 -53 44 -72.8461 -110.982 -64.6843 -127.557 
-53 -220.567 -54 44 -66.8308 -107.253 -65.7829 -126.297 
-59 -213.442 -54 44 -75.5256 -114.768 -76.0593 -136.884 
-55 -216.364 -53 44 -73.3935 -109.427 -64.972 -129.952 
-65 -213.757 -56 45 -73.9199 -110.301 -74.0824 -129.355 
-51 -217.543 -54 44 -71.2929 -111.196 -72.2751 -129.44 
-55 -216.755 -54 44 -71.8404 -109.641 -72.5628 -131.834 
-55 -213.579 -54 44 -76.3487 -115.911 -72.9991 -131.692 
-57 -216.995 -55 44 -70.3335 -112.182 -74.0977 -130.432 
-59 -212.792 -54 44 -76.8961 -114.356 -73.2868 -134.087 
-51 -216.892 -54 44 -72.6635 -110.784 -69.5026 -126.642 
-53 -220.308 -55 44 -66.6482 -107.055 -70.6012 -125.383 
-55 -216.105 -54 44 -73.2109 -109.229 -69.7902 -129.037 
-67 -215.418 -54 45 -71.7793 -107.247 -69.5676 -131.302 
-67 -214.767 -54 45 -73.1498 -106.835 -66.795 -128.504 
FEATURES_TXT_END_0
FEATURES_TXT_BEGIN_0 26 71 8 Distortion0_0 LM0_0 WordPenalty0_0 PhrasePenalty0_0 TranslationModel0_0 TranslationModel0_1 TranslationModel0_2 TranslationModel0_3 
-53 -197.22 -41 36 -61.5969 -99.8539 -39.8952 -99.1208 
-51 -201.803 -41 37 -58.3289 -95.8729 -37.7042 -97.322 
-53 -198.239 -41 36 -60.9463 -100.067 -40.5884 -99.814 
-65 -197.22 -41 36 -61.5969 -99.8539 -39.8952 -99.1208 
-66 -194.967 -41 37 -62.7453 -101.95 -42.3632 -98.6917 
-53 -197.543 -41 36 -62.199 -100.113 -40.5884 -100.102 
-55 -201.124 -41 36 -58.1079 -97.001 -37.8158 -96.3881 
-53 -200.548 -41 36 -57.3513 -99.1906 -40.7355 -100.124 
-65 -196.84 -41 36 -62.1266 -100.74 -39.909 -99.2504 
-55 -197.482 -41 36 -61.7936 -100.835 -40.5884 -100.102 
-51 -200.263 -41 36 -59.042 -96.6899 -37.5728 -96.6402 
-53 -198.761 -41 37 -60.8837 -99.0368 -40.0266 -99.8026 
-63 -201.664 -41 36 -55.5097 -93.479 -37.8303 -95.3071 
-68 -194.967 -41 37 -62.7453 -101.95 -42.3632 -98.6917 
-53 -201.587 -41 36 -56.0719 -98.3735 -41.6861 -100.805 
-53 -204.19 -41 36 -53.6656 -95.3569 -37.9629 -96.4099 
-51 -198.806 -41 36 -61.3092 -99.8923 -39.2021 -99.6709 
-53 -200.862 -41 36 -57.9112 -96.0202 -37.1226 -95.4072 
-51 -201.607 -41 36 -58.4398 -96.4306 -36.8797 -95.6594 
-62 -199.417 -42 36 -58.1509 -96.134 -36.2039 -96.6968 
-57 -198.768 -41 36 -60.9463 -100.067 -40.5884 -99.814 
-57 -197.482 -41 36 -61.7936 -100.835 -40.5884 -100.102 
-55 -197.623 -41 36 -62.199 -100.113 -40.5884 -100.102 
-51 -201.417 -41 36 -57.7892 -96.6439 -37.5728 -96.3525 
-53 -196.887 -42 36 -64.1771 -102.057 -40.5884 -100.31 
-55 -201.849 -41 36 -56.2686 -99.3543 -42.3793 -101.786 
-57 -197.623 -41 36 -62.199 -100.113 -40.5884 -100.102 
-51 -198.966 -41 36 -61.5969 -99.8539 -39.8952 -99.1208 
-53 -201.566 -41 36 -56.7007 -99.4039 -41.4287 -100.817 
-51 -202.133 -41 36 -57.0636 -99.229 -40.0424 -100.674 
-51 -198.583 -41 36 -62.199 -100.113 -40.5884 -100.102 
-64 -196.045 -41 37 -62.7453 -101.95 -42.3632 -98.6917 
-68 -195.432 -41 37 -62.7453 -101.95 -42.3632 -98.6917 
-62 -199.739 -42 36 -58.7531 -96.3933 -36.8971 -97.6776 
-51 -199.346 -41 36 -60.9463 -100.067 -40.5884 -99.814 
-55 -200.263 -41 36 -59.042 -96.6899 -37.5728 -96.6402 
-53 -200.87 -41 36 -57.9535 -99.4499 -41.4287 -101.104 
-68 -194.994 -41 37 -64.0247 -102.767 -41.4126 -98.01 
-66 -194.994 -41 37 -64.0247 -102.767 -41.4126 -98.01 
-60 -197.058 -41 36 -62.7363 -99.1872 -38.2858 -96.6776 
-53 -201.185 -41 36 -58.5133 -96.2795 -37.8158 -96.3881 
-55 -198.768 -41 36 -60.9463 -100.067 -40.5884 -99.814 
-55 -200.809 -41 36 -57.548 -100.171 -41.4287 -101.104 
-59 -200.457 -41 36 -57.9112 -96.0202 -37.1226 -95.4072 
-53 -199.346 -41 36 -60.9463 -100.067 -40.5884 -99.814 
-55 -198.55 -41 36 -61.5969 -99.8539 -39.8952 -99.1208 
-51 -198.96 -41 36 -61.7936 -100.835 -40.5884 -100.102 
-53 -199.779 -41 37 -60.2331 -99.2501 -40.7197 -100.496 
-60 -201.273 -42 37 -56.6371 -94.9567 -38.5951 -95.1996 
-51 -203.59 -41 36 -54.7964 -96.0266 -38.4131 -97.6429 
-57 -200.111 -41 36 -59.042 -96.6899 -37.5728 -96.6402 
-66 -196.507 -41 38 -62.0322 -101.133 -42.4945 -99.3735 
-57 -198.068 -41 36 -61.7936 -100.835 -40.5884 -100.102 
-60 -196.625 -41 37 -63.2094 -101.753 -41.3988 -96.9641 
-57 -200.862 -41 36 -57.9112 -96.0202 -37.1226 -95.4072 
-62 -199.368 -41 36 -59.0074 -97.8729 -37.8933 -96.3634 
-55 -195.588 -41 36 -65.6314 -105.244 -45.4661 -106.365 
-53 -199.083 -41 37 -61.4859 -99.2961 -40.7197 -100.783 
-62 -197.749 -41 36 -61.5662 -99.507 -35.992 -94.9998 
-53 -198.583 -41 36 -62.199 -100.113 -40.5884 -100.102 
-53 -202.606 -41 36 -55.4213 -98.5868 -42.3793 -101.498 
-53 -201.909 -41 36 -56.6741 -98.6328 -42.3793 -101.786 
-63 -196.909 -41 36 -62.6015 -99.3044 -37.6296 -95.2318 
-53 -201.881 -41 36 -57.2606 -96.2335 -37.8158 -96.1004 
-66 -198.609 -41 37 -59.0596 -98.1163 -39.5906 -94.9781 
-53 -202.088 -41 37 -56.6382 -98.3735 -40.8668 -100.805 
-62 -198.182 -41 37 -60.6235 -98.3241 -40.9852 -95.4623 
-53 -198.966 -41 36 -61.5969 -99.8539 -39.8952 -99.1208 
-55 -199.022 -41 37 -61.0804 -100.018 -40.7197 -100.783 
-64 -198.272 -41 36 -60.2868 -98.6899 -36.9426 -95.6816 
-62 -200.436 -42 36 -57.5003 -96.3473 -36.8971 -97.3899 
FEATURES_TXT_END_0
FEATURES_TXT_BEGIN_0 27 100 8 Distortion0_0 LM0_0 WordPenalty0_0 PhrasePenalty0_0 TranslationModel0_0 TranslationModel0_1 TranslationModel0_2 TranslationModel0_3 
-53 -137.733 -30 28 -36.5906 -44.3167 -21.6977 -55.5464 
-44 -138.627 -30 28 -37.2339 -44.8909 -24.0127 -58.0472 
-43 -137.006 -30 28 -40.1787 -46.577 -24.5449 -58.7712 
-49 -138.788 -31 28 -35.9883 -44.3167 -24.3649 -55.5464 
-40 -139.682 -31 28 -36.6316 -44.8909 -26.6799 -58.0472 
-50 -140.695 -30 27 -32.5956 -47.046 -24.4077 -62.1592 
-45 -134.941 -30 28 -42.9288 -50.0259 -27.8407 -62.8143 
-39 -138.061 -31 28 -39.5763 -46.577 -27.2121 -58.7712 
-43 -139.237 -30 28 -37.2339 -44.8909 -24.0127 -58.0472 
-43 -138.468 -30 28 -38.5133 -45.708 -23.0621 -57.3654 
-49 -135.988 -30 28 -40.4794 -49.5287 -26.4976 -61.8183 
-43 -139.304 -30 28 -37.6224 -44.4631 -20.4307 -54.2566 
-49 -136.915 -30 28 -39.6046 -45.2379 -23.6717 -54.6135 
-47 -141.497 -30 27 -32.874 -45.3959 -21.1118 -59.5024 
-40 -137.809 -30 28 -40.2479 -45.8121 -25.9868 -57.1143 
-46 -141.75 -31 27 -31.9933 -47.046 -27.0749 -62.1592 
-45 -139.67 -30 28 -36.5906 -44.3167 -21.6977 -55.5464 
-46 -141.497 -31 28 -32.8268 -45.1959 -27.1821 -63.4225 
-41 -135.996 -31 28 -42.3265 -50.0259 -30.508 -62.8143 
-36 -140.564 -30 28 -37.2339 -44.8909 -24.0127 -58.0471 
-63 -136.815 -30 29 -36.9836 -44.3167 -21.308 -55.5464 
-39 -136.188 -30 28 -43.1926 -47.4981 -26.519 -57.8383 
-54 -137.709 -30 29 -37.6269 -44.8909 -23.623 -58.0472 
-39 -140.292 -31 28 -36.6316 -44.8909 -26.6799 -58.0472 
-39 -139.524 -31 28 -37.911 -45.708 -25.7293 -57.3654 
-45 -137.044 -31 28 -39.877 -49.5287 -29.1648 -61.8183 
-49 -137.279 -30 28 -39.5354 -46.0028 -22.2299 -56.2705 
-35 -138.943 -30 28 -40.1787 -46.577 -24.5449 -58.7712 
-53 -137.954 -30 28 -37.5609 -45.5457 -21.7251 -55.8764 
-39 -140.359 -31 28 -37.0201 -44.4631 -23.098 -54.2566 
-43 -142.552 -31 27 -32.2717 -45.3959 -23.779 -59.5024 
-53 -136.089 -30 29 -40.5716 -46.577 -24.1553 -58.7712 
-44 -138.848 -30 28 -38.2042 -46.1199 -24.0401 -58.3771 
-57 -138.22 -31 28 -35.9883 -44.3167 -24.3649 -55.5464 
-46 -139.877 -30 27 -35.6096 -47.9671 -26.3817 -61.2263 
-48 -139.114 -31 28 -36.6316 -44.8909 -26.6799 -58.0472 
-43 -137.673 -29 27 -40.9185 -44.4952 -20.2861 -53.5849 
-42 -142.552 -32 28 -32.2244 -45.1959 -29.8493 -63.4225 
-41 -134.122 -30 28 -45.9428 -50.9471 -29.8148 -61.8814 
-57 -132.795 -29 28 -44.9465 -50.2736 -20.0829 -52.4516 
-43 -137.227 -30 28 -41.149 -47.8059 -24.5723 -59.1012 
-46 -137.308 -30 28 -39.984 -48.3399 -27.3085 -62.0902 
-45 -137.486 -30 28 -39.984 -48.3399 -27.3085 -62.0902 
-52 -138.515 -30 28 -37.3747 -43.945 -21.558 -55.1366 
-45 -136.718 -30 28 -41.2634 -49.157 -26.3579 -61.4084 
-48 -133.689 -29 28 -45.5898 -50.8478 -22.3979 -54.9523 
-47 -138.721 -29 27 -38.4691 -43.9979 -18.9429 -52.5889 
-42 -142.632 -30 27 -32.5956 -47.046 -24.4077 -62.1592 
-39 -138.419 -30 28 -40.2479 -45.8121 -25.9868 -57.1143 
-39 -137.65 -30 28 -41.5273 -46.6292 -25.0361 -56.4325 
-43 -139.691 -29 27 -37.9738 -42.8091 -19.7539 -52.8608 
-45 -135.17 -30 28 -43.4933 -50.4498 -28.4717 -60.8854 
-47 -137.493 -31 28 -39.5763 -46.577 -27.2121 -58.7712 
-37 -136.878 -30 28 -42.9288 -50.0259 -27.8407 -62.8143 
-45 -138.334 -31 28 -38.933 -46.0028 -24.8971 -56.2705 
-60 -139.777 -30 28 -32.9886 -47.046 -24.018 -62.1592 
-57 -137.52 -30 28 -37.87 -45.1338 -20.7471 -54.8646 
-55 -134.023 -30 29 -43.3218 -50.0259 -27.4511 -62.8143 
-54 -138.241 -30 28 -37.2339 -44.8909 -24.0127 -58.0472 
-55 -138.178 -30 28 -37.3747 -43.945 -21.558 -55.1366 
-35 -141.174 -30 28 -37.2339 -44.8909 -24.0127 -58.0471 
-47 -132.068 -29 28 -48.5346 -52.5339 -22.9301 -55.6764 
-35 -140.406 -30 28 -38.5133 -45.708 -23.0621 -57.3654 
-39 -138.486 -30 28 -40.6364 -45.3843 -22.4048 -53.3237 
-52 -139.434 -30 28 -36.0953 -43.1279 -22.5086 -55.8183 
-43 -140.679 -30 27 -35.888 -46.3171 -23.0859 -58.5695 
-41 -137.926 -30 28 -40.4794 -49.5287 -26.4976 -61.8183 
-53 -138.319 -30 29 -37.6269 -44.8909 -23.623 -58.0472 
-44 -139.473 -30 28 -37.6872 -46.0893 -24.7058 -59.5512 
-53 -137.551 -30 29 -38.9063 -45.708 -22.6724 -57.3654 
-59 -135.071 -30 29 -40.8723 -49.5287 -26.108 -61.8183 
-57 -136.346 -30 28 -39.6046 -45.2379 -23.6717 -54.6135 
-50 -140.916 -30 27 -33.566 -48.2749 -24.4351 -62.4891 
-55 -137.844 -30 28 -37.7292 -46.0797 -23.2017 -57.7752 
-51 -137.553 -30 29 -39.3135 -47.3153 -21.6894 -55.7242 
-47 -142.205 -30 28 -33.4336 -40.8935 -18.6821 -52.0849 
-52 -139.327 -30 28 -36.4192 -43.6002 -22.2511 -56.5229 
-48 -137.24 -30 28 -40.2479 -45.8121 -25.9868 -57.1143 
-39 -138.728 -30 27 -40.3162 -44.4952 -22.9533 -53.5849 
-45 -135.162 -30 28 -43.8991 -51.2549 -27.8681 -63.1442 
-42 -138.447 -30 29 -39.9568 -47.8895 -24.0044 -58.225 
-51 -138.907 -30 28 -37.3747 -43.945 -21.558 -55.1366 
-35 -141.241 -30 28 -37.6224 -44.4631 -20.4307 -54.2566 
-42 -140.679 -31 28 -35.8407 -46.117 -29.1562 -62.4896 
-39 -143.434 -30 27 -32.874 -45.3959 -21.1118 -59.5024 
-42 -138.364 -31 28 -39.3817 -48.3399 -29.9757 -62.0902 
-53 -138.639 -30 28 -37.3747 -43.945 -21.558 -55.1366 
-54 -141.182 -31 27 -31.9933 -47.046 -27.0749 -62.1592 
-53 -138.386 -30 29 -38.0154 -44.4631 -20.0411 -54.2566 
-41 -143.068 -31 29 -33.6647 -39.0434 -21.4566 -53.3482 
-57 -140.58 -30 28 -33.267 -45.3959 -20.7222 -59.5024 
-41 -138.542 -31 28 -39.3817 -48.3399 -29.9757 -62.0902 
-43 -139.458 -30 28 -38.2042 -46.1199 -24.0401 -58.3771 
-43 -137.852 -30 28 -40.632 -47.7753 -25.238 -60.2753 
-48 -139.57 -31 28 -36.7723 -43.945 -24.2252 -55.1366 
-41 -137.773 -31 28 -40.6611 -49.157 -29.0251 -61.4084 
-43 -138.689 -30 28 -39.4836 -46.937 -23.0895 -57.6953 
-49 -135.427 -31 28 -42.3265 -50.0259 -30.508 -62.8143 
-43 -139.776 -30 27 -37.8668 -43.9979 -21.6102 -52.5889 
-49 -136.209 -30 28 -41.4497 -50.7576 -26.525 -62.1482 
FEATURES_TXT_END_0
FEATURES_TXT_BEGIN_0 28 100 8 Distortion0_0 LM0_0 WordPenalty0_0 PhrasePenalty0_0 TranslationModel0_0 TranslationModel0_1 TranslationModel0_2 TranslationModel0_3 
-89 -172.603 -42 41 -78.7926 -100.361 -49.3661 -97.037 
-83 -171.459 -42 41 -82.3393 -103.267 -48.673 -96.5261 
-85 -173.803 -42 41 -78.7926 -100.361 -49.3661 -97.037 
-89 -172.728 -41 41 -79.8244 -101.551 -48.8163 -98.4031 
-89 -173.927 -42 41 -77.8481 -99.4258 -51.312 -99.9548 
-77 -175.999 -42 41 -77.5132 -99.5441 -50.3167 -97.7188 
-79 -172.659 -42 41 -82.3393 -103.267 -48.673 -96.5261 
-93 -175.753 -42 41 -74.0545 -99.3355 -49.89 -98.1965 
-89 -173.212 -43 41 -79.0059 -100.361 -51.0648 -97.037 
-85 -174.474 -42 41 -78.3406 -99.5755 -48.9141 -96.8193 
-83 -171.584 -41 41 -83.3711 -104.456 -48.1231 -97.8922 
-81 -172.51 -42 41 -82.3393 -103.267 -48.673 -96.5261 
-83 -172.783 -42 41 -81.3949 -102.331 -50.6189 -99.4439 
-87 -174.609 -42 41 -77.6012 -102.241 -49.1969 -97.6856 
-83 -172.068 -43 41 -82.5526 -103.267 -50.3716 -96.5261 
-79 -173.33 -42 41 -81.8874 -102.481 -48.221 -96.3084 
-87 -172.405 -42 41 -81.4598 -102.564 -48.673 -98.2266 
-95 -170.548 -42 41 -81.7629 -104.911 -54.3279 -102.078 
-81 -173.203 -42 41 -81.7475 -102.655 -49.3661 -97.8054 
-81 -176.049 -42 41 -76.836 -101.094 -53.5738 -100.877 
-85 -173.928 -41 41 -79.8244 -101.551 -48.8163 -98.4031 
-91 -175.613 -42 41 -75.77 -98.4461 -49.1073 -97.0026 
-85 -174.271 -42 41 -79.2344 -99.8724 -50.6189 -97.8147 
-93 -175.023 -42 41 -75.7188 -101.783 -51.2763 -99.8059 
-73 -177.199 -42 41 -77.5132 -99.5441 -50.3167 -97.7188 
-85 -173.896 -42 41 -79.9453 -100.654 -49.3661 -97.7035 
-79 -172.531 -42 41 -83.492 -103.559 -48.673 -97.1926 
-77 -175.944 -42 41 -78.2499 -102.897 -51.233 -100.965 
-81 -174.743 -42 41 -78.7024 -104.424 -55.9717 -104.706 
-93 -174.02 -42 41 -77.4216 -101.358 -52.1589 -99.58 
-89 -174.052 -41 41 -78.8799 -100.616 -50.7622 -101.321 
-85 -174.412 -43 41 -79.0059 -100.361 -51.0648 -97.037 
-85 -174.606 -42 41 -78.0247 -105.233 -54.9421 -104.341 
-89 -172.71 -42 41 -80.5163 -103.977 -52.4001 -102.001 
-91 -175.354 -42 41 -76.2119 -99.7545 -50.36 -98.6676 
-77 -176.124 -41 41 -78.545 -100.734 -49.7669 -99.0848 
-79 -176.767 -42 41 -77.0612 -98.7584 -49.8647 -97.501 
-79 -172.785 -41 41 -83.3711 -104.456 -48.1231 -97.8922 
-77 -177.323 -42 41 -76.5687 -98.6087 -52.2626 -100.637 
-77 -173.711 -42 41 -82.3393 -103.267 -48.673 -96.5261 
-85 -174.469 -42 41 -79.3168 -101.351 -48.4141 -96.4918 
-79 -173.127 -42 41 -82.7812 -102.778 -49.9257 -97.3038 
-87 -173.879 -42 41 -79.2656 -104.688 -50.5832 -99.2951 
-83 -173.097 -41 41 -82.2284 -103.44 -46.7369 -98.5033 
-79 -172.752 -42 41 -83.492 -103.559 -48.673 -97.1926 
-91 -172.493 -42 41 -80.6238 -104.655 -50.842 -100.87 
-89 -173.337 -42 41 -80.0377 -101.551 -50.515 -98.4031 
-83 -172.891 -41 41 -82.1287 -103.836 -51.5033 -101.55 
-85 -174.599 -41 41 -79.3724 -100.765 -48.3643 -98.1853 
-83 -174.217 -42 41 -80.2669 -100.449 -50.3167 -97.7188 
-81 -179.149 -42 41 -72.7751 -98.5184 -50.8406 -98.8782 
-87 -172.876 -42 41 -80.9683 -104.264 -51.4657 -99.0691 
-89 -174.536 -43 41 -78.0614 -99.4258 -53.0107 -99.9548 
-91 -171.842 -42 41 -81.9881 -102.575 -50.6189 -98.702 
-77 -176.608 -43 41 -77.7265 -99.5441 -52.0154 -97.7188 
-81 -174.024 -41 41 -81.2412 -104.309 -47.5196 -100.39 
-73 -177.87 -42 41 -77.0612 -98.7584 -49.8648 -97.501 
-81 -172.635 -41 41 -83.3711 -104.456 -48.1231 -97.8922 
-83 -175.99 -42 41 -77.5132 -99.5441 -50.3167 -97.7188 
-87 -178.282 -42 41 -72.7751 -98.5184 -50.8406 -98.8782 
-83 -172.908 -41 41 -82.4267 -103.521 -50.0691 -100.81 
-79 -173.269 -43 41 -82.5526 -103.267 -50.3716 -96.5261 
-83 -171.566 -42 41 -84.063 -106.883 -51.7069 -101.49 
-79 -177.311 -42 41 -76.5687 -97.8591 -50.4709 -98.0716 
-85 -174.211 -42 41 -79.7586 -102.66 -49.6669 -98.1568 
-81 -173.835 -42 41 -81.3949 -102.331 -50.6189 -99.4439 
-89 -172.218 -42 41 -81.4101 -106.071 -54.1048 -103.884 
-83 -173.605 -42 41 -81.4598 -102.564 -48.673 -98.2266 
-93 -176.362 -43 41 -74.2678 -99.3355 -51.5887 -98.1965 
-93 -173.911 -42 41 -78.1154 -101.911 -52.6232 -100.195 
-85 -175.083 -43 41 -78.5539 -99.5755 -50.6128 -96.8193 
-83 -173.208 -42 41 -81.9881 -102.575 -50.6189 -98.702 
-93 -171.469 -42 41 -81.7629 -104.911 -54.3279 -102.078 
-77 -171.953 -41 41 -85.7751 -106.345 -46.0437 -97.9925 
-85 -171.349 -42 41 -84.1706 -107.561 -50.1489 -100.359 
-79 -174.026 -42 41 -81.8874 -102.481 -48.221 -96.3084 
-85 -175.661 -42 41 -77.6012 -102.241 -49.1969 -97.6856 
-83 -172.193 -42 41 -83.5844 -104.456 -49.8218 -97.8922 
-77 -171.748 -41 41 -85.6754 -106.741 -50.8101 -101.04 
-83 -174.717 -42 41 -79.5293 -103.714 -50.2824 -100.284 
-79 -173.455 -41 41 -82.9192 -103.671 -47.6712 -97.6745 
-85 -175.689 -42 41 -77.4216 -101.358 -52.1589 -99.58 
-79 -177.855 -42 41 -76.1141 -101.43 -46.6033 -101.532 
-81 -173.119 -43 41 -82.5526 -103.267 -50.3716 -96.5261 
-77 -174.404 -42 41 -81.7475 -102.655 -49.3661 -97.8054 
-83 -175.311 -41 41 -79.41 -100.015 -46.0437 -96.5574 
-83 -173.393 -43 41 -81.6082 -102.331 -52.3176 -99.4439 
-77 -174.381 -42 41 -81.8874 -102.481 -48.221 -96.3084 
-87 -172.53 -41 41 -82.4916 -103.754 -48.1232 -99.5927 
-83 -174.818 -42 41 -79.2369 -103.16 -53.3507 -102.683 
-93 -172.605 -42 41 -79.9818 -105.241 -55.0211 -104.024 
-75 -172.88 -41 41 -84.7879 -107.215 -46.8265 -99.8795 
-93 -174.456 -42 41 -77.6012 -102.74 -50.5832 -100.836 
-87 -173.729 -42 41 -80.5154 -101.629 -50.6189 -101.144 
-87 -173.77 -42 41 -80.207 -102.905 -51.312 -100.648 
-77 -176.378 -42 41 -78.7926 -100.361 -49.3661 -97.037 
-83 -173.562 -41 41 -81.6767 -103.05 -51.0513 -101.333 
-87 -176.814 -42 41 -75.77 -98.4461 -49.1073 -97.0026 
-75 -175.801 -42 41 -80.1804 -101.747 -49.6236 -98.9083 
-89 -174.346 -42 41 -78.5674 -102.697 -53.0752 -100.413 
FEATURES_TXT_END_0
FEATURES_TXT_BEGIN_0 29 82 8 Distortion0_0 LM0_0 WordPenalty0_0 PhrasePenalty0_0 TranslationModel0_0 TranslationModel0_1 TranslationModel0_2 TranslationModel0_3 
-140 -346.93 -70 64 -101.764 -133.047 -79.2751 -151.52 
-144 -346.35 -70 64 -101.764 -133.047 -79.2751 -151.52 
-138 -345.764 -69 64 -104.574 -134.201 -74.6671 -146.642 
-132 -347.981 -71 64 -101.561 -133.047 -83.9 -151.52 
-142 -345.184 -69 64 -104.574 -134.201 -74.6671 -146.642 
-130 -348.568 -70 64 -101.764 -133.047 -79.2751 -151.52 
-130 -346.815 -70 64 -104.371 -134.201 -79.2921 -146.642 
-134 -347.988 -70 64 -101.764 -133.047 -79.2751 -151.52 
-128 -347.402 -69 64 -104.574 -134.201 -74.6671 -146.642 
-122 -349.619 -71 64 -101.561 -133.047 -83.9 -151.52 
-136 -347.467 -71 64 -101.561 -133.047 -83.9 -151.52 
-132 -346.822 -69 64 -104.574 -134.201 -74.6671 -146.642 
-138 -345.907 -69 64 -104.574 -134.201 -74.6671 -146.642 
-120 -348.453 -70 64 -104.371 -134.201 -79.2921 -146.642 
-134 -346.302 -70 64 -104.371 -134.201 -79.2921 -146.642 
-144 -345.978 -69 64 -102.934 -133.605 -77.3566 -151.629 
-142 -345.327 -69 64 -104.574 -134.201 -74.6671 -146.642 
-140 -346.747 -70 64 -102.398 -132.007 -81.221 -151.69 
-130 -346.958 -70 64 -104.371 -134.201 -79.2921 -146.642 
-126 -349.105 -71 64 -101.561 -133.047 -83.9 -151.52 
-140 -349.793 -70 64 -98.0784 -129.214 -76.5025 -147.807 
-142 -344.812 -68 64 -105.744 -134.758 -72.7486 -146.751 
-140 -348.819 -70 64 -99.4616 -130.371 -79.2751 -152.619 
-144 -346.166 -70 64 -102.398 -132.007 -81.221 -151.69 
-128 -347.545 -69 64 -104.574 -134.201 -74.6671 -146.642 
-142 -346.93 -70 64 -101.764 -133.047 -79.2751 -151.52 
-130 -347.402 -69 64 -104.574 -134.201 -74.6671 -146.642 
-134 -350.329 -69 64 -99.2483 -129.772 -74.584 -147.916 
-144 -349.212 -70 64 -98.0784 -129.214 -76.5025 -147.807 
-144 -348.238 -70 64 -99.4616 -130.371 -79.2751 -152.619 
-124 -347.939 -70 64 -104.371 -134.201 -79.2921 -146.642 
-132 -347.798 -71 64 -102.195 -132.007 -85.846 -151.69 
-134 -347.616 -69 64 -102.934 -133.605 -77.3566 -151.629 
-132 -346.965 -69 64 -104.574 -134.201 -74.6671 -146.642 
-138 -348.627 -69 64 -100.888 -130.367 -71.8946 -142.928 
-146 -346.35 -70 64 -101.764 -133.047 -79.2751 -151.52 
-118 -349.155 -72 66 -103.405 -138.565 -87.2383 -160.344 
-136 -349.356 -71 64 -99.2582 -130.371 -83.9 -152.619 
-140 -347.276 -70 64 -101.764 -133.047 -79.2751 -151.52 
-138 -347.653 -69 64 -102.271 -131.524 -74.6671 -147.741 
-132 -350.844 -71 64 -97.8751 -129.214 -81.1275 -147.807 
-132 -349.87 -71 64 -99.2582 -130.371 -83.9 -152.619 
-128 -347.517 -72 66 -103.405 -138.565 -87.2383 -160.344 
-130 -348.385 -70 64 -102.398 -132.007 -81.221 -151.69 
-144 -348.691 -69 64 -99.2483 -129.772 -74.584 -147.916 
-140 -345.764 -69 64 -104.574 -134.201 -74.6671 -146.642 
-136 -339.323 -70 65 -114.484 -142.473 -86.8886 -154.655 
-122 -351.508 -71 64 -99.2582 -130.371 -83.9 -152.619 
-120 -348.596 -70 64 -104.371 -134.201 -79.2921 -146.642 
-134 -346.444 -70 64 -104.371 -134.201 -79.2921 -146.642 
-134 -347.981 -71 64 -101.561 -133.047 -83.9 -151.52 
-136 -350.33 -71 64 -97.8751 -129.214 -81.1275 -147.807 
-122 -352.482 -71 64 -97.8751 -129.214 -81.1275 -147.807 
-142 -348.046 -69 64 -100.888 -130.367 -71.8946 -142.928 
-144 -346.695 -70 64 -101.764 -133.047 -79.2751 -151.52 
-130 -351.431 -70 64 -98.0784 -129.214 -76.5025 -147.807 
-142 -347.072 -69 64 -102.271 -131.524 -74.6671 -147.741 
-132 -346.45 -68 64 -105.744 -134.758 -72.7486 -146.751 
-138 -347.627 -70 64 -101.764 -133.047 -79.2751 -151.52 
-130 -350.457 -70 64 -99.4616 -130.371 -79.2751 -152.619 
-134 -347.804 -70 64 -102.398 -132.007 -81.221 -151.69 
-144 -345.184 -69 64 -104.574 -134.201 -74.6671 -146.642 
-130 -347.368 -70 64 -103.925 -136.364 -80.277 -153.375 
-128 -349.291 -69 64 -102.271 -131.524 -74.6671 -147.741 
-138 -340.488 -71 65 -111.675 -141.32 -91.4966 -159.533 
-138 -346.11 -69 64 -104.574 -134.201 -74.6671 -146.642 
-132 -348.568 -70 64 -101.764 -133.047 -79.2751 -151.52 
-136 -346.461 -69 64 -104.574 -134.201 -74.6671 -146.642 
-136 -347.988 -70 64 -101.764 -133.047 -79.2751 -151.52 
-130 -349.678 -70 64 -100.685 -130.367 -76.5195 -142.928 
-132 -348.326 -71 64 -101.561 -133.047 -83.9 -151.52 
-130 -348.704 -70 64 -102.068 -131.524 -79.2921 -147.741 
-134 -350.85 -70 64 -98.0784 -129.214 -76.5025 -147.807 
-126 -346.352 -71 66 -106.215 -139.718 -82.6303 -155.466 
-142 -347.525 -68 64 -102.058 -130.925 -69.976 -143.037 
-134 -349.876 -70 64 -99.4616 -130.371 -79.2751 -152.619 
-122 -349.436 -71 64 -102.195 -132.007 -85.846 -151.69 
-136 -347.284 -71 64 -102.195 -132.007 -85.846 -151.69 
-142 -344.955 -68 64 -105.744 -134.758 -72.7486 -146.751 
-132 -346.815 -70 64 -104.371 -134.201 -79.2921 -146.642 
-128 -350.265 -69 64 -100.888 -130.367 -71.8946 -142.928 
-142 -345.529 -69 64 -104.574 -134.201 -74.6671 -146.642 
FEATURES_TXT_END_0
FEATURES_TXT_BEGIN_0 30 64 8 Distortion0_0 LM0_0 WordPenalty0_0 PhrasePenalty0_0 TranslationModel0_0 TranslationModel0_1 TranslationModel0_2 TranslationModel0_3 
-55 -177.356 -32 30 -57.3946 -72.1175 -31.2356 -78.5282 
-57 -177.356 -32 30 -57.3946 -72.1175 -31.2356 -78.5282 
-55 -180.936 -33 31 -53.8314 -71.6394 -34.6 -83.1967 
-58 -177.356 -32 30 -57.3946 -72.1175 -31.2356 -78.5282 
-55 -179.343 -32 30 -55.0719 -71.1542 -31.3421 -78.5974 
-55 -178.122 -32 30 -56.9224 -71.9658 -32.9935 -79.8753 
-59 -177.356 -32 30 -57.3946 -72.1175 -31.2356 -78.5282 
-52 -177.911 -33 31 -59.5694 -73.4554 -32.1869 -79.7025 
-65 -177.495 -32 30 -56.9224 -71.9658 -32.9935 -79.8753 
-55 -176.691 -31 29 -59.6221 -71.7036 -30.1233 -76.4998 
-59 -174.811 -33 31 -61.4199 -74.2669 -33.8383 -80.9804 
-47 -178.947 -31 29 -59.3453 -71.0643 -29.5511 -75.3306 
-60 -177.356 -32 30 -57.3946 -72.1175 -31.2356 -78.5282 
-49 -180.166 -32 30 -56.6456 -71.3265 -32.4213 -78.7061 
-51 -177.841 -31 29 -58.8731 -70.9126 -31.309 -76.6777 
-51 -179.227 -32 30 -56.6456 -71.3265 -32.4213 -78.7061 
-57 -179.343 -32 30 -55.0719 -71.1542 -31.3421 -78.5974 
-55 -180.294 -33 31 -55.0525 -72.5823 -31.6565 -81.6717 
-57 -178.122 -32 30 -56.9224 -71.9658 -32.9935 -79.8753 
-55 -177.291 -31 29 -60.0943 -71.8554 -28.3655 -75.1527 
-65 -176.729 -32 30 -57.3946 -72.1175 -31.2356 -78.5282 
-55 -180.17 -33 31 -54.3035 -71.7912 -32.8422 -81.8496 
-61 -177.356 -32 30 -57.3946 -72.1175 -31.2356 -78.5282 
-59 -177.295 -31 29 -58.8731 -70.9126 -31.309 -76.6777 
-61 -179.343 -32 30 -55.0719 -71.1542 -31.3421 -78.5974 
-57 -176.691 -31 29 -59.6221 -71.7036 -30.1233 -76.4998 
-55 -182.157 -33 31 -51.9808 -70.8279 -32.9486 -81.9189 
-58 -179.343 -32 30 -55.0719 -71.1542 -31.3421 -78.5974 
-61 -174.811 -33 31 -61.4199 -74.2669 -33.8383 -80.9804 
-55 -179.227 -32 30 -56.6456 -71.3264 -32.4213 -78.7061 
-50 -178.111 -31 29 -59.2066 -69.3715 -31.8198 -76.6777 
-58 -178.122 -32 30 -56.9224 -71.9658 -32.9935 -79.8753 
-62 -177.356 -32 30 -57.3946 -72.1175 -31.2356 -78.5282 
-53 -177.841 -31 29 -58.8731 -70.9126 -31.309 -76.6777 
-55 -179.227 -32 30 -56.6456 -71.3265 -32.4213 -78.7061 
-58 -176.691 -31 29 -59.6221 -71.7036 -30.1233 -76.4998 
-53 -179.227 -32 30 -56.6456 -71.3265 -32.4213 -78.7061 
-50 -178.113 -31 29 -59.9556 -70.1626 -30.6342 -76.4998 
-59 -179.343 -32 30 -55.0719 -71.1542 -31.3421 -78.5974 
-65 -178.716 -32 30 -55.0719 -71.1542 -31.3421 -78.5974 
-60 -176.691 -31 29 -59.6221 -71.7036 -30.1233 -76.4998 
-57 -177.295 -31 29 -58.8731 -70.9126 -31.309 -76.6777 
-62 -174.811 -33 31 -61.4199 -74.2669 -33.8383 -80.9804 
-65 -177.369 -34 32 -56.1705 -77.3849 -40.1013 -90.6187 
-59 -178.122 -32 30 -56.9224 -71.9658 -32.9935 -79.8753 
-55 -177.841 -31 29 -58.8731 -70.9126 -31.309 -76.6777 
-64 -177.356 -32 30 -57.3946 -72.1175 -31.2356 -78.5282 
-51 -177.843 -31 29 -59.6221 -71.7036 -30.1233 -76.4998 
-67 -176.729 -32 30 -57.3946 -72.1175 -31.2356 -78.5282 
-58 -180.17 -33 31 -54.3035 -71.7912 -32.8422 -81.8496 
-57 -180.17 -33 31 -54.3035 -71.7912 -32.8422 -81.8496 
-68 -176.729 -32 30 -57.3946 -72.1175 -31.2356 -78.5282 
-63 -177.356 -32 30 -57.3946 -72.1175 -31.2356 -78.5282 
-60 -178.122 -32 30 -56.9224 -71.9658 -32.9935 -79.8753 
-52 -178.111 -31 29 -59.2066 -69.3715 -31.8198 -76.6777 
-54 -177.841 -31 29 -58.8731 -70.9126 -31.309 -76.6777 
-49 -180.872 -32 30 -55.1382 -71.3773 -32.5415 -79.8212 
-51 -179.228 -32 30 -57.3946 -72.1175 -31.2356 -78.5282 
-55 -179.3 -33 31 -56.1251 -72.4 -34.4721 -83.058 
-59 -176.691 -31 29 -59.6221 -71.7036 -30.1233 -76.4998 
-63 -174.811 -33 31 -61.4199 -74.2669 -33.8383 -80.9804 
-50 -175.259 -32 30 -64.1196 -74.0048 -30.9682 -77.6049 
-54 -179.227 -32 30 -56.6456 -71.3265 -32.4213 -78.7061 
-60 -179.343 -32 30 -55.0719 -71.1542 -31.3421 -78.5974 
FEATURES_TXT_END_0
FEATURES_TXT_BEGIN_0 31 100 8 Distortion0_0 LM0_0 WordPenalty0_0 PhrasePenalty0_0 TranslationModel0_0 TranslationModel0_1 TranslationModel0_2 TranslationModel0_3 
-47 -118.891 -31 25 -54.5895 -78.4018 -35.8713 -78.7161 
-49 -118.483 -31 25 -55.1752 -75.2971 -38.3695 -78.0814 
-51 -117.763 -31 25 -55.8654 -78.1318 -39.0283 -80.2187 
-45 -118.631 -31 25 -56.253 -81.1195 -35.3048 -79.9349 
-47 -120.298 -31 25 -53.3101 -77.5847 -36.8219 -79.3979 
-51 -118.775 -31 25 -54.586 -77.3147 -39.9789 -80.9005 
-47 -120.084 -31 25 -53.3174 -83.5262 -35.8713 -81.284 
-49 -118.2 -31 25 -56.4546 -76.1142 -37.4189 -77.3996 
-47 -118.59 -31 25 -56.0321 -80.2338 -37.0843 -80.0423 
-49 -118.101 -30 25 -56.6745 -74.6298 -38.3695 -74.601 
-47 -118.223 -31 25 -56.8387 -78.0148 -37.803 -79.3002 
-49 -117.447 -30 25 -57.9539 -75.4469 -37.4189 -73.9193 
-49 -117.503 -31 25 -57.5289 -80.8494 -38.4618 -81.4376 
-47 -118.307 -31 25 -57.3432 -79.307 -35.8713 -78.7161 
-51 -118.956 -31 25 -54.5934 -83.2562 -39.0283 -82.7866 
-45 -120.038 -31 25 -54.9736 -80.3024 -36.2554 -80.6167 
-49 -115.398 -30 25 -61.3559 -79.3851 -38.6229 -75.5527 
-49 -118.515 -31 25 -56.2495 -80.0324 -39.4124 -82.1193 
-45 -119.823 -31 25 -54.9809 -86.2439 -35.3048 -82.5028 
-47 -117.94 -31 25 -58.1181 -78.8319 -36.8523 -78.6185 
-45 -118.329 -31 25 -57.6956 -82.9515 -36.5178 -81.2611 
-47 -117.841 -30 25 -58.3379 -77.3474 -37.803 -75.8199 
-47 -117.606 -30 25 -58.6669 -76.8791 -39.0627 -75.9873 
-47 -121.622 -31 25 -52.5971 -76.1525 -35.1782 -77.3298 
-47 -119.32 -31 25 -56.0638 -78.49 -36.8219 -79.3979 
-47 -119.997 -31 25 -54.7527 -79.4167 -38.035 -80.7241 
-47 -117.187 -30 25 -59.6173 -78.1645 -36.8523 -75.1381 
-49 -116.41 -30 25 -60.0765 -78.568 -39.5735 -76.2345 
-49 -119.393 -31 25 -55.1826 -81.2386 -37.4189 -79.9675 
-47 -116.951 -30 25 -59.9463 -77.6962 -38.112 -75.3055 
-47 -119.782 -31 25 -54.76 -85.3582 -37.0843 -82.6102 
-47 -119.061 -32 25 -56.1486 -81.2462 -40.3985 -83.6743 
-53 -119.289 -31 25 -54.853 -78.7165 -36.2768 -78.4905 
-49 -121.695 -31 25 -52.2666 -72.5172 -37.7454 -74.6543 
-53 -121.22 -31 25 -51.9082 -77.0304 -35.7446 -77.7665 
-47 -122.983 -31 25 -51.3691 -72.5215 -31.5137 -72.8743 
-55 -119.894 -31 25 -53.701 -75.209 -37.4189 -77.3996 
-43 -120.241 -31 25 -55.8654 -78.1318 -39.0283 -80.2187 
-45 -118.047 -31 25 -59.0066 -82.0247 -35.3048 -79.9349 
-49 -118.695 -31 25 -56.2569 -85.9739 -38.4618 -84.0055 
-51 -123.086 -33 26 -50.0791 -74.7759 -35.3209 -81.3808 
-47 -120.519 -31 25 -54.7698 -74.6471 -39.0627 -77.5218 
-47 -115.138 -30 25 -63.0194 -82.1028 -38.0563 -76.7716 
-47 -120.305 -31 25 -55.1752 -75.2971 -38.3695 -78.0814 
-49 -118.653 -32 25 -56.7343 -78.1415 -42.8967 -83.0396 
-55 -118.881 -31 25 -55.4387 -75.6118 -38.775 -77.8558 
-47 -122.489 -32 25 -51.508 -76.5574 -38.1449 -79.6942 
-55 -120.812 -31 25 -52.4939 -73.9258 -38.2428 -77.1318 
-47 -119.5 -31 25 -56.0711 -84.4314 -35.8713 -81.284 
-51 -119.5 -31 25 -55.476 -77.9831 -38.3352 -79.9982 
-47 -118.006 -31 25 -58.7858 -81.1391 -37.0844 -80.0423 
-45 -117.345 -30 25 -60.3304 -79.5968 -38.4961 -77.2061 
-49 -120.616 -31 25 -53.9032 -80.4216 -38.3695 -80.6493 
-51 -122.539 -33 26 -51.1628 -75.6208 -35.6574 -81.9472 
-49 -118.941 -30 25 -56.6818 -80.5713 -37.4189 -76.4871 
-43 -121.253 -31 25 -54.586 -77.3147 -39.9789 -80.9005 
-45 -121.362 -31 25 -54.2605 -78.8701 -34.6116 -78.5487 
-45 -119.059 -31 25 -57.7272 -81.2076 -36.2554 -80.6167 
-49 -116.591 -30 25 -60.0838 -84.5095 -38.6229 -78.1206 
-44 -122.768 -31 25 -52.2881 -76.9835 -35.4871 -78.2951 
-45 -119.736 -31 25 -56.4162 -82.1344 -37.4684 -81.9429 
-51 -117.933 -32 25 -57.4245 -80.9761 -43.5555 -85.1769 
-57 -118.161 -31 25 -56.1289 -78.4464 -39.4338 -79.9932 
-47 -121.942 -32 25 -52.5917 -77.4024 -38.4814 -80.2606 
-45 -122.47 -30 25 -52.7022 -79.878 -31.6633 -76.6411 
-51 -121.028 -31 25 -53.1118 -77.2266 -39.0283 -80.2187 
-47 -121.274 -33 26 -54.1044 -77.2538 -37.2668 -83.0458 
-47 -116.15 -30 25 -61.74 -81.2857 -39.0069 -77.4533 
-47 -119.133 -31 25 -56.8461 -83.9563 -36.8523 -81.1864 
-57 -120.092 -31 25 -53.1841 -76.7604 -38.9016 -79.2691 
-45 -116.691 -30 25 -61.6098 -80.4139 -37.5455 -76.5244 
-47 -123.029 -31 25 -51.3177 -75.3354 -36.1288 -78.0116 
-53 -120.528 -31 25 -53.5172 -77.8766 -38.3352 -80.7784 
-45 -119.522 -31 25 -56.4235 -88.0759 -36.5178 -83.829 
-49 -122.081 -32 25 -52.0938 -73.4528 -40.6431 -79.0595 
-43 -120.677 -32 25 -55.5334 -79.0354 -40.0908 -81.3592 
-53 -120.821 -31 25 -53.1118 -77.2266 -39.0283 -80.2187 
-51 -120.327 -31 25 -54.4282 -80.3539 -37.0965 -82.5292 
-47 -122.7 -31 25 -52.6485 -73.3386 -30.5631 -72.1926 
-47 -122.815 -31 25 -51.325 -81.2769 -35.1782 -79.8977 
-43 -123.816 -32 25 -51.1803 -74.893 -35.6382 -76.6525 
-47 -121.435 -31 25 -53.9301 -75.2349 -37.1788 -75.8731 
-48 -121.212 -31 25 -53.9535 -77.8525 -36.9699 -79.701 
-47 -119.018 -31 25 -57.5064 -80.322 -38.035 -80.7241 
-53 -121.002 -31 25 -53.1876 -77.8475 -34.794 -77.0847 
-55 -119.795 -31 25 -54.5895 -78.4018 -35.8713 -78.7161 
-45 -122.722 -31 25 -53.0326 -75.2392 -30.9471 -74.0932 
-49 -122.623 -31 25 -51.9012 -71.7002 -37.1857 -75.336 
-46 -122.36 -31 25 -52.8739 -73.8788 -37.9853 -77.6604 
-47 -120.667 -31 25 -54.9915 -77.9647 -39.2858 -81.4601 
-47 -120.468 -32 25 -54.8692 -80.4291 -41.3492 -84.356 
-53 -120.696 -31 25 -53.5736 -77.8994 -37.2274 -79.1723 
-53 -119.633 -31 25 -55.3644 -77.9267 -36.8523 -78.6185 
-37 -122.77 -31 25 -53.793 -79.7542 -38.3695 -77.1689 
-47 -120.948 -31 25 -54.9453 -76.4077 -35.8713 -76.7702 
-51 -118.945 -32 25 -56.1451 -80.1591 -44.5061 -85.8587 
-49 -121.534 -32 25 -53.1775 -74.2977 -40.9796 -79.6259 
-53 -122.628 -31 25 -50.6288 -76.2133 -36.6952 -78.4482 
-57 -119.174 -31 25 -54.8495 -77.6294 -40.3844 -80.6749 
-49 -123.957 -31 25 -50.2422 -75.9239 -29.9272 -77.0511 
FEATURES_TXT_END_0
FEATURES_TXT_BEGIN_0 32 96 8 Distortion0_0 LM0_0 WordPenalty0_0 PhrasePenalty0_0 TranslationModel0_0 TranslationModel0_1 TranslationModel0_2 TranslationModel0_3 
-64 -157.729 -36 29 -55.407 -70.8574 -42.2611 -94.3467 
-64 -157.47 -35 29 -56.1001 -70.8574 -42.2611 -94.3467 
-65 -161.747 -35 28 -49.6029 -73.1636 -39.4708 -97.1312 
-68 -158.096 -36 29 -54.6702 -71.6525 -43.9351 -95.733 
-65 -161.488 -34 28 -50.296 -73.1636 -39.4708 -97.1312 
-62 -160.073 -36 29 -53.7435 -72.3543 -40.0098 -95.7236 
-64 -158.665 -36 29 -55.407 -72.6545 -42.2611 -95.234 
-62 -159.814 -35 29 -54.4366 -72.3543 -40.0098 -95.7236 
-64 -161.193 -36 28 -51.3389 -73.8022 -40.2905 -97.4983 
-64 -159.114 -36 29 -54.6702 -71.6525 -43.9351 -95.733 
-64 -158.087 -36 29 -56.3233 -73.235 -42.9543 -95.3583 
-64 -158.406 -35 29 -56.1001 -72.6545 -42.2611 -95.234 
-64 -160.934 -35 28 -52.0321 -73.8022 -40.2905 -97.4983 
-64 -158.856 -35 29 -55.3633 -71.6525 -43.9351 -95.733 
-64 -157.828 -35 29 -57.0164 -73.235 -42.9543 -95.3583 
-64 -158.2 -36 29 -56.6864 -71.6745 -41.3105 -93.6649 
-64 -160.029 -36 29 -54.0207 -67.1317 -42.2611 -91.8618 
-69 -162.114 -35 28 -48.866 -73.9587 -41.1448 -98.5175 
-67 -158.576 -36 29 -55.407 -70.8574 -42.2611 -94.3467 
-64 -160.964 -36 29 -54.0207 -68.9288 -42.2611 -92.7491 
-64 -157.942 -35 29 -57.3795 -71.6745 -41.3105 -93.6649 
-62 -158.395 -35 28 -56.8119 -74.8094 -39.4292 -92.2642 
-64 -159.77 -35 29 -54.7138 -67.1317 -42.2611 -91.8618 
-67 -158.317 -35 29 -56.1001 -70.8574 -42.2611 -94.3467 
-64 -159.214 -35 29 -56.2796 -74.0301 -44.6283 -96.7446 
-61 -160.537 -33 28 -54.2976 -72.4394 -37.8197 -92.9414 
-62 -158.137 -34 28 -57.505 -74.8094 -39.4292 -92.2642 
-67 -165.006 -35 28 -45.5775 -70.6857 -37.5249 -95.4662 
-67 -158.565 -37 29 -55.8597 -71.1709 -42.0037 -96.1556 
-61 -160.278 -32 28 -54.9907 -72.4394 -37.8197 -92.9414 
-66 -160.44 -36 29 -53.0067 -73.1493 -41.6838 -97.1098 
-67 -164.747 -34 28 -46.2707 -70.6857 -37.5249 -95.4662 
-64 -159.426 -34 28 -55.3964 -72.5768 -39.4292 -93.6157 
-67 -158.306 -36 29 -56.5528 -71.1709 -42.0037 -96.1556 
-65 -163.132 -35 28 -48.866 -73.9587 -41.1448 -98.5175 
-68 -159.032 -36 29 -54.6702 -73.4496 -43.9351 -96.6203 
-68 -161.56 -36 28 -50.6021 -74.5972 -41.9645 -98.8846 
-64 -159.167 -33 28 -56.0895 -72.5768 -39.4292 -93.6157 
-68 -158.454 -36 29 -55.5865 -74.0301 -44.6283 -96.7446 
-60 -159.121 -35 28 -56.8119 -74.8094 -39.4292 -92.2642 
-65 -162.874 -34 28 -49.5592 -73.9587 -41.1448 -98.5175 
-64 -163.531 -36 28 -48.9097 -73.1636 -39.4708 -97.1312 
-64 -160.574 -36 29 -54.0207 -68.6076 -42.2611 -92.9604 
-60 -158.863 -34 28 -57.505 -74.8094 -39.4292 -92.2642 
-68 -158.567 -36 29 -55.9496 -72.4695 -42.9845 -95.0512 
-64 -161.083 -37 28 -52.4233 -74.1451 -44.6911 -99.6281 
-52 -159.512 -36 29 -58.5882 -72.4688 -42.2611 -95.0481 
-68 -160.396 -36 29 -53.2839 -67.9268 -43.9351 -93.2481 
-71 -158.943 -36 29 -54.6702 -71.6525 -43.9351 -95.733 
-64 -161.292 -35 28 -52.9483 -76.1798 -40.9837 -98.5099 
-67 -159.775 -37 29 -54.5803 -70.3538 -42.9543 -96.8374 
-64 -163.272 -35 28 -49.6029 -73.1636 -39.4708 -97.1312 
-67 -160.298 -36 29 -54.0207 -67.1317 -42.2611 -91.8618 
-64 -160.315 -35 29 -54.7138 -68.6076 -42.2611 -92.9604 
-62 -161.458 -36 29 -53.0067 -73.1493 -41.6838 -97.1099 
-69 -162.746 -37 28 -49.3624 -74.08 -39.2133 -102.852 
-63 -162.178 -35 29 -52.0074 -71.7157 -39.1901 -95.3565 
-62 -160.431 -36 29 -54.6598 -74.7319 -40.703 -96.7352 
-62 -161.939 -36 29 -52.8497 -70.2602 -38.3051 -93.8408 
-66 -158.762 -35 28 -56.075 -75.6044 -41.1032 -93.6505 
-64 -160.824 -36 28 -53.1164 -74.1451 -44.6911 -99.6281 
-52 -159.253 -35 29 -59.2813 -72.4688 -42.2611 -95.0481 
-64 -158.857 -36 29 -56.6467 -71.2928 -45.8987 -96.4104 
-67 -159.516 -36 29 -55.2735 -70.3538 -42.9543 -96.8374 
-66 -162.339 -37 28 -50.7487 -76.3298 -39.2133 -104.238 
-64 -160.05 -36 29 -54.6702 -73.4496 -43.9351 -96.6203 
-64 -159.023 -36 29 -56.3233 -75.0321 -42.9543 -96.2456 
-65 -162.36 -35 29 -51.5602 -69.0419 -39.5696 -94.0349 
-67 -160.04 -35 29 -54.7138 -67.1317 -42.2611 -91.8618 
-62 -161.684 -36 29 -53.3016 -71.0459 -38.7571 -94.0585 
-61 -166.373 -37 28 -45.7789 -72.9104 -38.5202 -102.852 
-62 -161.199 -35 29 -53.6998 -73.1493 -41.6838 -97.1099 
-64 -162.578 -36 28 -50.6021 -74.5972 -41.9645 -98.8846 
-69 -162.487 -36 28 -50.0556 -74.08 -39.2133 -102.852 
-63 -161.92 -34 29 -52.7006 -71.7157 -39.1901 -95.3565 
-62 -160.172 -35 29 -55.3529 -74.7319 -40.703 -96.7352 
-64 -161.551 -36 28 -52.2552 -76.1798 -40.9837 -98.5099 
-65 -160.904 -33 28 -53.5607 -73.2345 -39.4937 -94.3277 
-62 -161.681 -35 29 -53.5428 -70.2602 -38.3051 -93.8408 
-64 -159.472 -36 29 -55.5865 -74.0301 -44.6283 -96.7446 
-71 -165.373 -35 28 -44.8407 -71.4807 -39.1988 -96.8525 
-62 -160.544 -36 29 -55.0229 -73.1713 -39.0592 -95.0418 
-62 -162.372 -36 29 -52.3572 -68.6286 -40.0098 -93.2386 
-71 -158.932 -37 29 -55.1229 -71.966 -43.6776 -97.5419 
-58 -165.966 -37 28 -47.1652 -75.1602 -38.5202 -104.238 
-64 -158.598 -35 29 -57.3398 -71.2928 -45.8987 -96.4104 
-66 -162.08 -36 28 -51.4419 -76.3298 -39.2133 -104.238 
-70 -161.834 -35 28 -50.8823 -73.9807 -38.5202 -96.4495 
-64 -159.791 -35 29 -55.3633 -73.4496 -43.9351 -96.6203 
-65 -160.919 -36 29 -53.7435 -72.3543 -40.0098 -95.7236 
-64 -162.319 -35 28 -51.2952 -74.5972 -41.9645 -98.8846 
-64 -158.764 -35 29 -57.0164 -75.0321 -42.9543 -96.2456 
-65 -162.101 -34 29 -52.2534 -69.0419 -39.5696 -94.0349 
-62 -161.426 -35 29 -53.9948 -71.0459 -38.7571 -94.0585 
-61 -166.114 -36 28 -46.4721 -72.9104 -38.5202 -102.852 
-64 -159.136 -36 29 -56.6864 -73.4716 -41.3105 -94.5522 
FEATURES_TXT_END_0
FEATURES_TXT_BEGIN_0 33 100 8 Distortion0_0 LM0_0 WordPenalty0_0 PhrasePenalty0_0 TranslationModel0_0 TranslationModel0_1 TranslationModel0_2 TranslationModel0_3 
-24 -69.659 -19 19 -26.6889 -37.619 -23.103 -45.5564 
-24 -69.4861 -20 19 -26.825 -37.619 -24.7124 -45.5564 
-26 -73.6903 -21 20 -21.1764 -32.2119 -22.8369 -46.298 
-26 -74.07 -20 20 -21.0402 -32.2119 -21.2275 -46.298 
-24 -69.7357 -19 19 -28.9915 -40.2954 -23.103 -44.4578 
-24 -69.5628 -20 19 -29.1276 -40.2954 -24.7124 -44.4578 
-22 -75.7033 -22 20 -21.106 -32.6294 -23.5301 -48.4244 
-22 -76.5126 -22 20 -20.6162 -31.4094 -19.8214 -46.1525 
-26 -73.7671 -21 20 -23.479 -34.8883 -22.8369 -45.1994 
-24 -73.7287 -20 19 -23.8078 -36.5916 -24.2016 -47.2451 
-24 -73.5558 -21 19 -23.944 -36.5916 -25.811 -47.2451 
-26 -74.1468 -20 20 -23.3428 -34.8883 -21.2275 -45.1994 
-26 -75.3159 -21 20 -21.4318 -32.1981 -24.2438 -47.2811 
-22 -76.5001 -21 20 -21.1504 -32.6294 -22.8369 -48.4244 
-24 -73.1594 -19 19 -25.6796 -36.0956 -22.4098 -44.1213 
-28 -76.2227 -21 20 -20.6606 -31.4094 -19.1283 -46.1525 
-24 -72.9865 -20 19 -25.8158 -36.0956 -24.0193 -44.1213 
-22 -71.5831 -18 18 -28.6908 -38.5343 -21.1371 -43.1958 
-25 -69.689 -19 19 -30.6096 -40.838 -25.6887 -47.1166 
-26 -77.76 -22 20 -18.2953 -31.1845 -23.9355 -47.9867 
-22 -78.9649 -23 20 -17.7351 -30.382 -20.92 -47.8413 
-25 -69.5161 -20 19 -30.7457 -40.838 -27.2981 -47.1166 
-26 -78.1398 -21 20 -18.1592 -31.1845 -22.3261 -47.9867 
-28 -75.5452 -23 21 -21.5389 -31.4395 -27.5493 -51.8305 
-30 -71.5775 -20 20 -27.1218 -36.4291 -27.1223 -48.9625 
-24 -72.8373 -19 19 -26.4658 -37.9938 -25.1824 -47.2146 
-32 -75.4134 -21 20 -21.1504 -32.6294 -22.8369 -48.4244 
-25 -69.563 -19 19 -31.3586 -41.6291 -24.5031 -46.9387 
-22 -74.144 -20 19 -24.9064 -37.619 -24.2016 -45.5564 
-30 -71.4046 -21 20 -27.2579 -36.4291 -28.7317 -48.9625 
-24 -72.6644 -20 19 -26.6019 -37.9938 -26.7919 -47.2146 
-25 -69.3901 -20 19 -31.4947 -41.6291 -26.1125 -46.9387 
-22 -73.9711 -21 19 -25.0426 -37.619 -25.811 -45.5564 
-24 -75.5969 -23 20 -22.6144 -34.2879 -24.9302 -51.5028 
-24 -73.5409 -22 20 -25.7756 -36.6395 -24.9302 -49.8067 
-28 -76.3545 -23 21 -21.049 -30.2195 -23.8407 -49.5586 
-26 -77.1907 -21 20 -20.1671 -30.6885 -22.1438 -44.8629 
-22 -78.3956 -22 20 -19.6069 -29.886 -19.1283 -44.7174 
-27 -73.7203 -21 20 -25.0971 -35.4309 -25.4226 -47.8582 
-28 -78.6749 -22 20 -17.7796 -30.382 -20.2269 -47.8413 
-26 -77.5704 -20 20 -20.031 -30.6885 -20.5344 -44.8629 
-27 -74.1 -20 20 -24.9609 -35.4309 -23.8132 -47.8582 
-22 -76.1415 -20 19 -23.1782 -33.1272 -20.8711 -43.9374 
-22 -75.7801 -22 20 -23.4086 -35.3058 -23.5301 -47.3258 
-28 -75.5469 -19 19 -23.0421 -33.1272 -19.2616 -43.9374 
-32 -75.6088 -22 21 -21.6092 -31.022 -26.8562 -49.7041 
-26 -76.8686 -21 20 -20.9532 -32.5868 -24.9164 -47.9562 
-27 -73.5944 -21 20 -25.846 -36.222 -24.237 -47.6803 
-24 -78.1753 -22 20 -19.3939 -32.2119 -23.9355 -46.298 
-24 -77.8014 -22 20 -20.6162 -31.4094 -19.8214 -46.1525 
-22 -75.5307 -20 19 -23.627 -36.8019 -25.1522 -46.2381 
-28 -76.342 -22 21 -21.5833 -31.4395 -26.8562 -51.8305 
-22 -75.3578 -21 19 -23.7632 -36.8019 -26.7617 -46.2381 
-22 -76.5894 -22 20 -22.9188 -34.0858 -19.8214 -45.0539 
-32 -75.9885 -21 21 -21.4731 -31.022 -25.2468 -49.7041 
-26 -77.2484 -20 20 -20.8171 -32.5868 -23.3069 -47.9562 
-22 -76.2101 -20 19 -23.4903 -32.6614 -23.103 -47.7527 
-27 -73.9741 -20 20 -25.7099 -36.222 -22.6276 -47.6803 
-28 -71.7708 -18 18 -28.6908 -38.5343 -21.1371 -43.1958 
-28 -78.1056 -21 20 -19.6514 -29.886 -18.4351 -44.7174 
-24 -78.555 -21 20 -19.2578 -32.2119 -22.3261 -46.298 
-24 -73.8055 -20 19 -26.1104 -39.268 -24.2016 -46.1465 
-28 -78.8067 -24 21 -18.168 -29.1921 -24.9393 -51.2474 
-24 -76.4295 -22 20 -22.6589 -34.2879 -24.237 -51.5028 
-24 -73.2076 -18 18 -27.3718 -38.4758 -22.6529 -44.4238 
-24 -73.6325 -21 19 -26.2465 -39.268 -25.811 -46.1465 
-24 -74.3735 -21 20 -25.8201 -36.6395 -24.237 -49.8067 
-28 -76.7439 -23 21 -21.3029 -32.2125 -25.3521 -50.9905 
-24 -78.1376 -21 20 -20.6606 -31.4094 -19.1283 -46.1525 
-24 -73.0347 -19 18 -27.508 -38.4758 -24.2623 -44.4238 
-26 -75.3926 -21 20 -23.7344 -34.8745 -24.2438 -46.1825 
-28 -71.6095 -19 19 -29.1236 -37.3444 -25.1564 -46.6019 
-24 -72.7964 -18 18 -28.2881 -38.2522 -22.6529 -44.1273 
-26 -75.5332 -22 20 -23.6107 -35.8052 -25.441 -52.1489 
-22 -72.7363 -19 18 -28.8269 -38.5343 -22.7466 -43.1958 
-26 -73.4772 -21 20 -26.772 -38.1568 -25.441 -50.4529 
-24 -72.6235 -19 18 -28.4242 -38.2522 -24.2623 -44.1273 
-22 -76.9818 -19 19 -23.0421 -33.1272 -19.2616 -43.9374 
-22 -77.9923 -22 20 -21.106 -32.6294 -23.5301 -48.4244 
-28 -77.5532 -23 21 -20.8131 -30.9924 -21.6434 -48.7186 
-22 -74.0963 -20 19 -26.5718 -38.4879 -25.6844 -46.9622 
-22 -73.9234 -21 19 -26.7079 -38.4879 -27.2939 -46.9622 
-24 -71.5262 -20 18 -30.3353 -40.1928 -24.1467 -46.2742 
-23 -74.4232 -18 18 -26.3626 -36.9525 -21.9597 -42.9887 
-24 -69.4702 -19 18 -33.4966 -42.5444 -24.1467 -44.5781 
-23 -73.3482 -19 18 -27.9976 -37.3143 -22.0534 -40.9239 
-22 -76.5769 -21 20 -23.453 -35.3058 -22.8369 -47.3258 
-24 -79.562 -22 20 -18.1145 -31.3948 -24.8862 -46.9798 
-24 -73.2361 -19 19 -27.9822 -38.7721 -22.4098 -43.0227 
-23 -74.2503 -19 18 -26.4987 -36.9525 -23.5692 -42.9887 
-28 -76.2994 -21 20 -22.9632 -34.0858 -19.1283 -45.0539 
-28 -78.2374 -23 21 -20.0398 -28.6961 -23.1475 -48.1235 
-24 -73.0632 -20 19 -28.1183 -38.7721 -24.0193 -43.0227 
-21 -79.1707 -21 19 -20.2898 -30.7429 -18.6781 -43.5848 
-22 -71.6599 -18 18 -30.9934 -41.2107 -21.1371 -42.0972 
-24 -80.2537 -23 20 -17.7351 -30.382 -20.92 -47.8413 
-23 -75.2285 -20 18 -25.1166 -36.2869 -23.152 -42.6126 
-22 -78.3286 -21 20 -21.1504 -32.6294 -22.8369 -48.4244 
-25 -69.7657 -19 19 -32.9122 -43.5144 -25.6887 -46.018 
-24 -79.9418 -21 20 -17.9784 -31.3948 -23.2767 -46.9798 
FEATURES_TXT_END_0
FEATURES_TXT_BEGIN_0 34 95 8 Distortion0_0 LM0_0 WordPenalty0_0 PhrasePenalty0_0 TranslationModel0_0 TranslationModel0_1 TranslationModel0_2 TranslationModel0_3 
-69 -165.982 -32 29 -62.1572 -84.711 -26.8668 -93.9892 
-67 -166.847 -33 30 -61.2974 -81.9405 -29.9315 -94.8227 
-65 -168.146 -34 30 -59.9508 -83.6267 -31.0301 -94.9079 
-69 -168.17 -32 29 -59.7842 -81.5377 -24.1587 -91.1858 
-67 -169.036 -33 30 -58.9245 -78.7673 -27.2234 -92.0193 
-71 -168.384 -33 30 -59.1476 -79.0865 -27.852 -91.827 
-67 -168.146 -34 30 -59.9508 -83.6267 -31.0301 -94.9079 
-71 -168.17 -32 29 -59.7842 -81.5377 -24.1587 -91.1858 
-69 -169.036 -33 30 -58.9245 -78.7673 -27.2234 -92.0193 
-73 -168.384 -33 30 -59.1476 -79.0865 -27.852 -91.827 
-61 -168.164 -32 29 -62.1572 -84.711 -26.8668 -93.9892 
-59 -169.03 -33 30 -61.2974 -81.9405 -29.9315 -94.8227 
-71 -166.74 -32 29 -62.1572 -84.711 -26.8668 -93.9892 
-69 -167.605 -33 30 -61.2974 -81.9405 -29.9315 -94.8227 
-67 -167.367 -32 29 -62.1572 -84.711 -26.8668 -93.9892 
-65 -168.232 -33 30 -61.2974 -81.9405 -29.9315 -94.8227 
-69 -167.87 -32 29 -60.8778 -83.8939 -27.8174 -94.671 
-67 -168.735 -33 30 -60.018 -81.1234 -30.8821 -95.5045 
-53 -170.311 -34 30 -60.6997 -84.4178 -29.8445 -94.7299 
-61 -170.637 -34 30 -58.9553 -77.1261 -31.0301 -91.4803 
-71 -168.146 -34 30 -59.9508 -83.6267 -31.0301 -94.9079 
-69 -169.481 -33 30 -58.5357 -84.3587 -29.464 -97.8145 
-75 -168.17 -32 29 -59.7842 -81.5377 -24.1587 -91.1858 
-67 -170.347 -34 31 -57.676 -81.5882 -32.5287 -98.648 
-57 -170.329 -34 30 -59.9508 -83.6267 -31.0301 -94.9079 
-61 -170.353 -32 29 -59.7842 -81.5377 -24.1587 -91.1858 
-59 -171.218 -33 30 -58.9245 -78.7673 -27.2234 -92.0193 
-67 -167.974 -33 30 -61.4804 -86.0447 -29.9962 -98.5385 
-65 -168.839 -34 31 -60.6207 -83.2742 -33.0609 -99.372 
-67 -168.55 -33 29 -61.0189 -81.5377 -26.8668 -91.1858 
-55 -170.311 -34 30 -60.6997 -84.4178 -29.8445 -94.7299 
-67 -166.709 -32 29 -63.5998 -86.543 -28.0798 -95.3154 
-65 -169.415 -34 30 -60.1592 -78.7673 -29.9315 -92.0193 
-65 -167.574 -33 30 -62.74 -83.7725 -31.1445 -96.1489 
-63 -169.531 -34 30 -59.9508 -83.6267 -31.0301 -94.9079 
-69 -169.49 -32 29 -59.2272 -81.0406 -26.1736 -92.0433 
-63 -170.289 -34 30 -60.1592 -78.7673 -29.9315 -92.0193 
-67 -169.556 -32 29 -59.7842 -81.5377 -24.1587 -91.1858 
-67 -170.355 -33 30 -58.3675 -78.2702 -29.2383 -92.8768 
-65 -169.424 -33 29 -61.0189 -81.5378 -26.8668 -91.1858 
-65 -170.421 -33 30 -58.9245 -78.7673 -27.2234 -92.0193 
-65 -170.034 -34 30 -58.6713 -82.8096 -31.9807 -95.5896 
-73 -168.669 -32 29 -59.7842 -81.5378 -24.1587 -91.1858 
-69 -170.059 -32 29 -58.5048 -80.7207 -25.1093 -91.8676 
-67 -170.924 -33 30 -57.6451 -77.9502 -28.1741 -92.7011 
-63 -170.567 -33 30 -59.1476 -79.0865 -27.852 -91.827 
-69 -168.363 -33 29 -61.0189 -81.5377 -26.8668 -91.1858 
-67 -169.228 -34 30 -60.1592 -78.7673 -29.9315 -92.0193 
-69 -167.042 -34 30 -62.0418 -84.5491 -36.095 -94.9348 
-65 -170.311 -34 30 -58.9553 -77.1261 -31.0301 -91.4803 
-73 -167.817 -32 29 -60.6208 -85.6132 -28.7729 -97.1072 
-71 -168.682 -33 30 -59.7611 -82.8427 -31.8377 -97.9406 
-67 -169.34 -33 30 -59.8151 -85.1758 -28.5134 -97.1327 
-65 -170.206 -34 31 -58.9554 -82.4053 -31.5781 -97.9662 
-69 -169.77 -33 30 -59.1476 -79.0865 -27.852 -91.827 
-69 -166.634 -32 29 -63.5998 -86.543 -28.0798 -95.3154 
-67 -167.499 -33 30 -62.74 -83.7725 -31.1445 -96.1489 
-71 -170.272 -33 30 -57.8682 -78.2694 -28.8027 -92.5087 
-73 -167.095 -32 29 -62.1572 -84.711 -26.8668 -93.9892 
-71 -167.96 -33 30 -61.2974 -81.9405 -29.9315 -94.8227 
-73 -170.183 -33 30 -57.7205 -77.1261 -28.3221 -91.4803 
-65 -171.645 -35 31 -56.3293 -83.2744 -33.6273 -98.7331 
-69 -171.67 -33 30 -56.1627 -81.1854 -26.7559 -95.0111 
-69 -168.55 -33 29 -61.0189 -81.5377 -26.8668 -91.1858 
-67 -172.535 -34 31 -55.303 -78.4149 -29.8207 -95.8446 
-67 -169.415 -34 30 -60.1592 -78.7673 -29.9315 -92.0193 
-75 -166.455 -31 29 -63.0735 -84.711 -25.4805 -93.9892 
-73 -167.32 -32 30 -62.2137 -81.9405 -28.5452 -94.8227 
-67 -170.034 -34 30 -58.6713 -82.8096 -31.9807 -95.5896 
-75 -168.669 -32 29 -59.7842 -81.5378 -24.1587 -91.1858 
-63 -170.138 -35 31 -59.274 -84.9604 -34.1595 -99.4572 
-71 -170.059 -32 29 -58.5048 -80.7207 -25.1093 -91.8676 
-69 -170.924 -33 30 -57.6451 -77.9502 -28.1741 -92.7011 
-67 -170.163 -33 30 -59.1075 -82.8714 -27.2882 -95.7352 
-65 -170.567 -33 30 -59.1476 -79.0865 -27.852 -91.827 
-65 -171.028 -34 31 -58.2478 -80.101 -30.3529 -96.5686 
-63 -168.873 -34 30 -61.3933 -85.4587 -32.2431 -96.234 
-71 -166.42 -33 30 -63.3885 -82.8629 -34.9964 -94.8496 
-67 -168.898 -32 29 -61.2268 -83.3698 -25.3717 -92.512 
-71 -168.363 -33 29 -61.0189 -81.5377 -26.8668 -91.1858 
-65 -169.763 -33 30 -60.3671 -80.5993 -28.4365 -93.3455 
-69 -169.228 -34 30 -60.1592 -78.7673 -29.9315 -92.0193 
-63 -170.914 -34 30 -58.9553 -77.1261 -31.0301 -91.4803 
-71 -167.042 -34 30 -62.0418 -84.5491 -36.095 -94.9348 
-71 -171.884 -34 31 -55.5261 -78.7342 -30.4493 -95.6522 
-69 -167.461 -33 29 -62.5572 -84.711 -29.7845 -93.9892 
-67 -168.326 -34 30 -61.6975 -81.9405 -32.8493 -94.8227 
-71 -169.77 -33 30 -59.1476 -79.0865 -27.852 -91.827 
-71 -167.661 -32 29 -62.1572 -84.711 -26.8668 -93.9892 
-69 -168.527 -33 30 -61.2974 -81.9405 -29.9315 -94.8227 
-77 -169.2 -32 29 -58.621 -79.0313 -26.8668 -91.2484 
-77 -169.2 -32 29 -58.6211 -79.0313 -26.8668 -91.2484 
-75 -170.065 -33 30 -57.7613 -76.2608 -29.9315 -92.0818 
-69 -170.376 -34 31 -58.4709 -80.4202 -30.9815 -96.3763 
-73 -170.272 -33 30 -57.8682 -78.2694 -28.8027 -92.5087 
FEATURES_TXT_END_0
FEATURES_TXT_BEGIN_0 35 68 8 Distortion0_0 LM0_0 WordPenalty0_0 PhrasePenalty0_0 TranslationModel0_0 TranslationModel0_1 TranslationModel0_2 TranslationModel0_3 
-67 -187.323 -39 35 -50.7023 -78.4091 -30.2128 -85.6148 
-69 -187.323 -39 35 -50.7023 -78.4091 -30.2128 -85.6148 
-57 -190.232 -37 34 -51.3331 -73.8963 -26.7723 -78.142 
-77 -188.108 -40 35 -49.0601 -78.8231 -30.5493 -86.2826 
-71 -189.904 -39 34 -45.8801 -78.9846 -29.5828 -86.3696 
-77 -187.507 -39 35 -48.6654 -78.2238 -30.2128 -86.7134 
-59 -184.731 -37 34 -57.6575 -79.4723 -30.0682 -82.0309 
-73 -190.463 -39 35 -45.1301 -77.1616 -30.2128 -87.4066 
-71 -187.323 -39 35 -50.7023 -78.4091 -30.2128 -85.6148 
-83 -188.972 -37 34 -46.2898 -78.1291 -29.5828 -86.6572 
-85 -187.207 -39 35 -47.2534 -78.9525 -30.906 -87.0413 
-78 -186.519 -38 34 -50.1339 -80.5872 -29.2261 -86.8551 
-73 -189.904 -39 34 -45.8801 -78.9846 -29.5828 -86.3696 
-73 -192.154 -39 35 -43.6568 -77.2335 -30.2128 -88.1798 
-65 -191.643 -39 35 -45.8442 -75.4186 -26.917 -82.8245 
-73 -189.417 -38 35 -46.9104 -77.6147 -30.906 -84.7079 
-67 -184.588 -39 35 -56.2744 -79.6567 -30.2128 -83.8231 
-79 -187.507 -39 35 -48.6654 -78.2238 -30.2128 -86.7134 
-59 -184.766 -37 34 -58.9685 -80.0716 -29.7115 -81.6001 
-85 -181.126 -39 35 -58.2396 -81.8403 -30.2128 -84.3428 
-61 -184.731 -37 34 -57.6575 -79.4723 -30.0682 -82.0309 
-71 -184.588 -39 35 -56.2744 -79.6567 -30.2128 -83.8231 
-85 -190.647 -39 35 -43.0932 -76.9762 -30.2128 -88.5052 
-67 -187.358 -39 35 -52.0133 -79.0084 -29.8561 -85.184 
-65 -192.824 -39 35 -44.3779 -72.8331 -26.917 -81.7259 
-75 -190.463 -39 35 -45.1301 -77.1616 -30.2128 -87.4066 
-69 -191.643 -39 35 -45.8442 -75.4186 -26.917 -82.8245 
-75 -193.007 -39 35 -42.341 -72.6478 -26.917 -82.8245 
-67 -191.032 -38 35 -46.2173 -76.5376 -30.906 -85.7195 
-92 -183.822 -38 35 -51.5072 -80.5551 -30.5493 -87.5268 
-85 -187.19 -37 34 -47.9512 -77.6556 -29.0078 -82.8322 
-85 -188.237 -39 35 -46.3151 -76.4224 -30.906 -86.4351 
-87 -187.207 -39 35 -47.2534 -78.9525 -30.906 -87.0413 
-73 -187.728 -39 35 -50.7023 -78.4091 -30.2128 -85.6148 
-67 -187.924 -40 35 -51.097 -79.0084 -30.5493 -85.184 
-80 -186.519 -38 34 -50.1339 -80.5872 -29.2261 -86.8551 
-77 -187.542 -39 35 -49.9764 -78.8231 -29.8561 -86.2826 
-71 -192.82 -40 34 -42.221 -77.9534 -29.5828 -89.2818 
-67 -191.643 -39 35 -45.8442 -75.4186 -26.917 -82.8245 
-71 -190.505 -40 34 -46.2748 -79.5839 -29.9193 -85.9388 
-75 -189.417 -38 35 -46.9104 -77.6147 -30.906 -84.7079 
-83 -188.569 -38 34 -46.6177 -78.9846 -29.5828 -86.3696 
-83 -190.647 -39 35 -43.0932 -76.9762 -30.2128 -88.5052 
-69 -184.588 -39 35 -56.2744 -79.6567 -30.2128 -83.8231 
-77 -189.904 -39 34 -45.8801 -78.9846 -29.5828 -86.3696 
-65 -192.411 -39 35 -45.4388 -74.7686 -27.6101 -82.2649 
-81 -187.507 -39 35 -48.6654 -78.2238 -30.2128 -86.7134 
-73 -192.82 -40 34 -42.221 -77.9534 -29.5828 -89.2818 
-65 -187.871 -37 34 -52.0854 -78.2248 -30.0682 -83.8226 
-59 -187.647 -38 34 -53.9984 -78.4412 -30.0682 -84.9431 
-63 -184.731 -37 34 -57.6575 -79.4723 -30.0682 -82.0309 
-65 -190.996 -39 35 -47.1226 -79.4109 -30.906 -88.7929 
-69 -187.358 -39 35 -52.0133 -79.0084 -29.8561 -85.184 
-69 -187.924 -40 35 -51.097 -79.0084 -30.5493 -85.184 
-57 -189.051 -37 34 -52.7995 -76.4817 -26.7723 -79.2406 
-75 -191.826 -39 35 -43.8074 -75.2332 -26.917 -83.9231 
-67 -192.824 -39 35 -44.3779 -72.8331 -26.917 -81.7259 
-87 -188.237 -39 35 -46.3151 -76.4224 -30.906 -86.4351 
-59 -192.026 -38 35 -46.9104 -77.6147 -30.906 -84.7079 
-77 -190.463 -39 35 -45.1301 -77.1616 -30.2128 -87.4066 
-87 -187.19 -37 34 -47.9512 -77.6556 -29.0078 -82.8322 
-71 -189.939 -39 34 -47.1911 -79.5839 -29.2261 -85.9388 
-66 -188.754 -39 35 -50.5199 -78.273 -31.1291 -86.308 
-69 -191.032 -38 35 -46.2173 -76.5376 -30.906 -85.7195 
-85 -188.22 -37 34 -47.0129 -75.1255 -29.0078 -82.2261 
-92 -184.852 -38 35 -50.5689 -78.025 -30.5493 -86.9206 
-94 -183.822 -38 35 -51.5072 -80.5551 -30.5493 -87.5268 
-78 -189.435 -39 34 -46.4748 -79.556 -29.2261 -89.7673 
FEATURES_TXT_END_0
FEATURES_TXT_BEGIN_0 36 100 8 Distortion0_0 LM0_0 WordPenalty0_0 PhrasePenalty0_0 TranslationModel0_0 TranslationModel0_1 TranslationModel0_2 TranslationModel0_3 
-103 -243.221 -49 45 -72.3467 -116.346 -62.4315 -126.484 
-107 -241.982 -49 45 -73.6261 -117.163 -61.4809 -125.802 
-101 -243.088 -49 45 -73.6261 -117.163 -61.4809 -125.802 
-97 -244.735 -49 44 -72.0622 -115.865 -61.2824 -127.758 
-101 -242.228 -49 45 -75.1003 -117.252 -62.4315 -126.484 
-102 -242.126 -49 45 -75.1003 -117.252 -62.4315 -126.484 
-107 -241.361 -49 45 -75.1004 -117.252 -62.4315 -126.484 
-101 -243.495 -49 44 -73.3416 -116.682 -60.3318 -127.076 
-102 -240.822 -49 45 -76.8616 -118.774 -66.3145 -130.138 
-103 -246.057 -49 45 -69.0402 -112.816 -61.1023 -124.872 
-119 -242.651 -49 45 -70.4214 -114.779 -62.4315 -126.782 
-95 -244.601 -49 44 -73.3416 -116.682 -60.3318 -127.076 
-107 -244.817 -49 45 -70.3196 -113.633 -60.1517 -124.19 
-107 -243.885 -48 45 -72.0044 -112.94 -60.1587 -123.579 
-95 -243.742 -49 44 -74.8159 -116.77 -61.2824 -127.758 
-123 -241.412 -49 45 -71.7008 -115.596 -61.4809 -126.1 
-103 -244.409 -49 45 -71.7001 -116.573 -62.4315 -126.969 
-99 -247.628 -50 45 -67.8555 -113.963 -59.5983 -124.637 
-103 -246.068 -50 45 -69.0208 -112.816 -64.1587 -124.872 
-96 -243.64 -49 44 -74.8159 -116.77 -61.2824 -127.758 
-101 -242.875 -49 44 -74.8159 -116.77 -61.2824 -127.758 
-111 -242.823 -49 45 -72.3467 -116.346 -62.4315 -126.484 
-96 -242.336 -49 44 -76.5772 -118.293 -65.1655 -131.412 
-111 -242.07 -51 46 -73.7493 -117.755 -62.8075 -132.583 
-111 -242.646 -48 45 -73.2838 -113.757 -59.2081 -122.897 
-101 -245.923 -49 45 -70.3196 -113.633 -60.1517 -124.19 
-107 -243.499 -49 45 -72.3467 -116.346 -62.4315 -126.484 
-97 -247.571 -49 44 -68.7558 -112.334 -59.9533 -126.146 
-107 -241.023 -49 45 -76.3798 -118.069 -61.4809 -125.802 
-117 -242.518 -49 45 -71.7008 -115.596 -61.4809 -126.1 
-107 -243.169 -49 45 -72.9795 -117.39 -61.4809 -126.287 
-103 -246.388 -50 45 -69.1349 -114.78 -58.6476 -123.956 
-107 -244.828 -50 45 -70.3002 -113.633 -63.2081 -124.19 
-101 -245.064 -49 45 -71.7939 -113.721 -61.1023 -124.872 
-115 -241.583 -49 45 -73.6261 -117.163 -61.4809 -125.802 
-101 -246.437 -49 45 -69.696 -113.963 -59.5983 -124.637 
-99 -243.785 -49 45 -74.0325 -116.246 -63.5301 -127.279 
-102 -244.962 -49 45 -71.7939 -113.721 -61.1023 -124.872 
-107 -244.197 -49 45 -71.7939 -113.721 -61.1023 -124.872 
-117 -241.658 -49 45 -73.1751 -115.684 -62.4315 -126.782 
-101 -246.331 -49 44 -70.0352 -113.151 -59.0027 -125.464 
-105 -243.752 -48 45 -73.2838 -113.757 -59.2081 -122.897 
-99 -247.638 -51 45 -67.8361 -113.963 -62.6546 -124.637 
-102 -243.658 -49 45 -73.5552 -115.244 -64.9854 -128.526 
-118 -241.556 -49 45 -73.1751 -115.684 -62.4315 -126.782 
-107 -243.816 -50 45 -72.1269 -117.581 -61.4809 -127.928 
-123 -240.791 -49 45 -73.1751 -115.684 -62.4315 -126.782 
-103 -243.579 -49 45 -73.263 -118.724 -63.1246 -127.495 
-105 -244.579 -48 45 -72.0044 -112.94 -60.1587 -123.579 
-118 -240.252 -49 45 -74.9363 -117.207 -66.3145 -130.436 
-105 -242.892 -48 45 -74.758 -113.845 -60.1587 -123.579 
-101 -244.275 -49 45 -72.9795 -117.39 -61.4809 -126.287 
-97 -247.494 -50 45 -69.1349 -114.78 -58.6476 -123.956 
-101 -245.934 -50 45 -70.3002 -113.633 -63.2081 -124.19 
-105 -245.197 -49 45 -70.9754 -114.78 -58.6476 -123.956 
-97 -245.922 -49 44 -71.4156 -116.091 -61.2824 -128.244 
-93 -249.141 -50 44 -67.571 -113.481 -58.4492 -125.912 
-97 -247.581 -50 44 -68.7364 -112.334 -63.0097 -126.146 
-103 -242.546 -49 45 -75.3119 -117.063 -62.5795 -126.597 
-107 -244.725 -49 45 -71.6851 -112.1 -56.1726 -119.278 
-109 -242.689 -49 45 -73.6261 -117.163 -61.4809 -125.802 
-119 -245.487 -49 45 -67.1149 -111.248 -61.1023 -125.17 
-105 -244.337 -49 44 -72.0622 -115.865 -61.2824 -127.758 
-106 -242.79 -48 45 -74.758 -113.845 -60.1587 -123.579 
-111 -242.025 -48 45 -74.758 -113.845 -60.1587 -123.579 
-103 -246.399 -51 45 -69.1155 -114.78 -61.704 -123.956 
-105 -243.584 -51 45 -73.4648 -117.273 -61.6584 -133.857 
-101 -243.416 -49 45 -74.4537 -117.478 -62.4315 -126.969 
-97 -246.635 -50 45 -70.6091 -114.868 -59.5983 -124.637 
-101 -245.075 -50 45 -71.7745 -113.721 -64.1587 -124.872 
-101 -244.757 -49 45 -72.3467 -116.346 -62.4315 -126.484 
-106 -241.486 -48 45 -76.5193 -115.368 -64.0418 -127.233 
-95 -247.437 -49 44 -70.0352 -113.151 -59.0027 -125.464 
-101 -245.013 -49 44 -72.0622 -115.865 -61.2824 -127.758 
-109 -241.83 -49 45 -75.1003 -117.252 -62.4315 -126.484 
-101 -242.536 -49 44 -76.0953 -117.587 -60.3318 -127.076 
-101 -246.447 -50 45 -69.6766 -113.963 -62.6546 -124.637 
-95 -245.947 -49 44 -72.0622 -115.865 -61.2824 -127.758 
-109 -243.34 -48 45 -73.2838 -113.757 -59.2081 -122.897 
-102 -243.313 -49 45 -74.4537 -117.478 -62.4315 -126.969 
-98 -246.532 -50 45 -70.6091 -114.868 -59.5983 -124.637 
-102 -244.972 -50 45 -71.7745 -113.721 -64.1587 -124.872 
-107 -242.549 -49 45 -74.4537 -117.478 -62.4315 -126.969 
-107 -246.721 -48 45 -68.6979 -109.409 -58.8296 -121.967 
-103 -245.768 -50 45 -70.6091 -114.868 -59.5983 -124.637 
-107 -244.208 -50 45 -71.7745 -113.721 -64.1587 -124.872 
-101 -244.682 -49 44 -72.695 -116.908 -60.3318 -127.562 
-97 -247.902 -50 44 -68.8504 -114.298 -57.4986 -125.23 
-101 -246.341 -50 44 -70.0158 -113.151 -62.059 -125.464 
-110 -241.728 -49 45 -75.1003 -117.252 -62.4315 -126.484 
-105 -244.78 -49 45 -71.4573 -115.486 -63.4813 -128.292 
-115 -240.963 -49 45 -75.1004 -117.252 -62.4315 -126.484 
-95 -246.578 -49 44 -71.5094 -113.239 -59.9533 -126.146 
-102 -242.009 -49 45 -76.215 -119.001 -66.3145 -130.623 
-98 -245.228 -50 45 -72.3704 -116.391 -63.4813 -128.292 
-102 -243.668 -50 45 -73.5358 -115.244 -68.0417 -128.526 
-123 -244.247 -49 45 -68.3943 -112.065 -60.1517 -124.488 
-109 -243.097 -49 44 -73.3416 -116.682 -60.3318 -127.076 
-99 -246.303 -49 45 -70.9754 -114.78 -58.6476 -123.956 
-95 -247.95 -49 44 -69.4116 -113.481 -58.4492 -125.912 
FEATURES_TXT_END_0
FEATURES_TXT_BEGIN_0 37 100 8 Distortion0_0 LM0_0 WordPenalty0_0 PhrasePenalty0_0 TranslationModel0_0 TranslationModel0_1 TranslationModel0_2 TranslationModel0_3 
-85 -138.191 -33 32 -63.3625 -80.8833 -49.4693 -90.8892 
-85 -136.372 -32 31 -66.6553 -80.9153 -49.5024 -90.2175 
-81 -134.835 -33 31 -68.9594 -84.4741 -58.9468 -94.5479 
-91 -140.91 -30 30 -59.8462 -68.0785 -37.4051 -72.6945 
-81 -137.173 -32 31 -66.5242 -80.6752 -48.2987 -86.1166 
-91 -140.68 -31 31 -59.7412 -71.1811 -42.389 -77.6103 
-99 -140.678 -33 32 -57.0308 -75.6945 -47.8241 -87.6621 
-91 -139.082 -30 30 -63.1043 -68.8372 -37.4051 -73.1299 
-81 -133.016 -32 30 -72.2523 -84.5061 -58.9799 -93.8762 
-91 -139.092 -29 29 -63.1391 -68.1105 -37.4382 -72.0228 
-81 -135.354 -31 30 -69.817 -80.7072 -48.3319 -85.4449 
-91 -138.852 -31 31 -62.9993 -71.9398 -42.389 -78.0456 
-87 -137.554 -30 29 -65.4431 -71.6692 -46.8826 -76.3532 
-91 -138.862 -30 30 -63.0341 -71.2131 -42.4221 -76.9386 
-87 -139.892 -29 29 -63.0079 -67.8703 -36.2345 -67.9219 
-99 -138.859 -32 31 -60.3237 -75.7266 -47.8573 -86.9904 
-81 -134.053 -32 30 -71.1447 -83.3162 -56.9005 -92.5101 
-91 -137.264 -29 29 -66.3972 -68.8692 -37.4382 -72.4581 
-79 -135.965 -32 31 -69.3913 -82.3645 -51.2731 -91.9093 
-91 -142.092 -31 31 -58.2573 -69.2346 -40.3095 -75.0609 
-87 -137.324 -31 30 -65.3381 -74.7718 -51.8665 -81.269 
-95 -137.322 -33 31 -62.6277 -79.2853 -57.3017 -91.3207 
-87 -139.662 -30 30 -62.9029 -70.9729 -41.2184 -72.8377 
-95 -139.66 -32 31 -60.1925 -75.4864 -46.6536 -82.8895 
-87 -135.726 -30 29 -68.7012 -72.4279 -46.8826 -76.7885 
-91 -137.034 -30 30 -66.2922 -71.9718 -42.4221 -77.3739 
-87 -138.064 -29 29 -66.266 -68.629 -36.2345 -68.3573 
-87 -135.736 -29 28 -68.736 -71.7012 -46.9157 -75.6815 
-95 -141.624 -31 31 -58.2573 -69.2346 -40.3095 -75.0609 
-87 -138.074 -28 28 -66.3008 -67.9023 -36.2677 -67.2502 
-91 -140.264 -31 31 -61.5154 -69.9933 -40.3095 -75.4962 
-87 -135.496 -31 30 -68.5962 -75.5305 -51.8665 -81.7043 
-87 -137.834 -30 30 -66.161 -71.7317 -41.2184 -73.273 
-91 -142.409 -32 32 -57.1719 -77.3996 -45.8317 -89.1121 
-85 -137.959 -32 31 -65.5478 -79.7255 -47.423 -88.8514 
-91 -140.273 -30 30 -61.5501 -69.2666 -40.3427 -74.3891 
-87 -135.506 -30 29 -68.631 -74.8038 -51.8996 -80.5972 
-95 -135.503 -32 30 -65.9206 -79.3173 -57.3348 -90.649 
-87 -137.844 -29 29 -66.1958 -71.005 -41.2515 -72.166 
-95 -142.459 -33 32 -56.2562 -72.2979 -49.3972 -88.6793 
-91 -140.905 -31 31 -60.1697 -72.0614 -43.0821 -78.1211 
-95 -137.841 -31 30 -63.4854 -75.5184 -46.6867 -82.2178 
-87 -133.908 -29 28 -71.9941 -72.4599 -46.9157 -76.1168 
-93 -137.974 -33 32 -63.3625 -80.8833 -49.4693 -90.8892 
-87 -136.773 -29 28 -67.6284 -70.5114 -44.8363 -74.3154 
-87 -138.736 -31 30 -63.8542 -72.8253 -49.7871 -78.7195 
-85 -138.684 -29 29 -65.8751 -69.5597 -39.2089 -73.7146 
-95 -139.796 -31 31 -61.5154 -69.9933 -40.3095 -75.4962 
-81 -137.527 -31 31 -68.0003 -75.3576 -45.3206 -83.0213 
-87 -136.246 -28 28 -69.5589 -68.6611 -36.2677 -67.6855 
-75 -134.947 -31 30 -72.553 -82.1564 -50.1026 -87.1367 
-87 -141.074 -30 30 -61.419 -69.0264 -39.139 -70.2883 
-95 -139.805 -30 30 -61.5501 -69.2666 -40.3427 -74.3891 
-91 -138.445 -30 30 -64.8082 -70.0253 -40.3427 -74.8245 
-87 -133.678 -30 29 -71.8891 -75.5626 -51.8996 -81.0325 
-87 -136.543 -30 29 -67.5234 -73.614 -49.8202 -79.2311 
-83 -137.318 -31 31 -68.0003 -75.3576 -45.3206 -83.0213 
-91 -140.917 -32 32 -59.6211 -77.4331 -48.9228 -89.1388 
-85 -138.454 -30 30 -65.7701 -72.6623 -44.1928 -78.6303 
-95 -136.54 -32 30 -64.813 -78.1275 -55.2553 -89.2829 
-87 -136.016 -29 29 -69.4539 -71.7637 -41.2515 -72.6013 
-91 -140.591 -31 31 -60.4648 -77.4316 -45.8648 -88.4404 
-93 -138.452 -32 31 -63.0597 -77.1758 -49.628 -88.6821 
-91 -139.077 -31 31 -63.4278 -72.8202 -43.0821 -78.5564 
-91 -138.268 -31 30 -63.8542 -72.8253 -49.7871 -78.7195 
-87 -134.945 -29 28 -70.8865 -71.2701 -44.8363 -74.7507 
-99 -143.761 -33 32 -53.6015 -71.8143 -46.7255 -85.1364 
-87 -136.908 -31 30 -67.1123 -73.584 -49.7871 -79.1548 
-85 -136.856 -29 29 -69.1332 -70.3184 -39.2089 -74.1499 
-91 -140.606 -30 30 -61.419 -69.0264 -39.139 -70.2883 
-95 -140.641 -32 31 -59.5491 -72.3299 -49.4303 -88.0076 
-91 -139.086 -30 30 -63.4625 -72.0935 -43.1153 -77.4494 
-87 -139.246 -30 30 -64.6771 -69.7851 -39.139 -70.7236 
-93 -136.155 -32 31 -66.6553 -80.9153 -49.5024 -90.2175 
-87 -139.053 -32 31 -62.7688 -80.9904 -55.3092 -92.7708 
-83 -146.166 -32 31 -54.7785 -63.188 -43.7202 -78.2029 
-87 -136.917 -30 29 -67.1471 -72.8573 -49.8202 -78.0478 
-91 -140.678 -29 29 -62.0315 -66.9206 -35.3588 -70.6567 
-95 -137.977 -30 30 -64.8082 -70.0253 -40.3427 -74.8245 
-81 -135.708 -30 30 -71.2931 -75.3896 -45.3537 -82.3496 
-87 -141.391 -31 31 -60.3336 -77.1915 -44.6611 -84.3395 
-81 -136.941 -31 30 -68.7095 -79.5173 -46.2524 -84.0788 
-87 -139.255 -29 29 -64.7119 -69.0584 -39.1721 -69.6165 
-87 -134.715 -30 29 -70.7815 -74.3727 -49.8202 -79.6665 
-91 -139.104 -33 31 -61.8532 -75.8886 -58.8747 -92.3379 
-87 -137.549 -31 30 -65.7666 -75.6522 -52.5596 -81.7798 
-85 -136.626 -30 30 -69.0282 -73.421 -44.1928 -79.0657 
-89 -134.618 -33 31 -68.9594 -84.4741 -58.9468 -94.5479 
-91 -141.442 -32 31 -59.4179 -72.0898 -48.2266 -83.9067 
-97 -141.698 -31 31 -58.6154 -68.6765 -38.6494 -73.951 
-87 -139.887 -30 30 -63.3314 -71.8533 -41.9116 -73.3485 
-91 -136.44 -31 30 -67.1123 -73.584 -49.7871 -79.1548 
-77 -134.171 -31 30 -73.5972 -78.9483 -54.7981 -86.68 
-89 -136.956 -32 31 -66.5242 -80.6752 -48.2987 -86.1166 
-83 -145.937 -33 32 -54.6735 -66.2906 -48.7041 -83.1186 
-83 -135.499 -30 30 -71.2931 -75.3896 -45.3537 -82.3496 
-91 -139.098 -31 31 -62.9139 -77.4652 -48.9559 -88.4671 
-91 -143.579 -31 31 -57.3039 -68.0464 -37.1315 -73.3663 
-91 -140.448 -30 30 -61.9265 -70.0232 -40.3427 -75.5725 
-81 -137.666 -28 28 -69.0368 -69.3515 -38.0384 -68.942 
FEATURES_TXT_END_0
FEATURES_TXT_BEGIN_0 38 100 8 Distortion0_0 LM0_0 WordPenalty0_0 PhrasePenalty0_0 TranslationModel0_0 TranslationModel0_1 TranslationModel0_2 TranslationModel0_3 
-69 -177.605 -36 34 -70.3632 -96.2322 -39.7753 -85.4327 
-69 -177.343 -36 34 -70.993 -96.58 -37.524 -84.1632 
-73 -179.88 -37 34 -65.6904 -96.6917 -39.7753 -89.701 
-73 -179.619 -37 34 -66.3202 -97.0396 -37.524 -88.4315 
-61 -177.426 -36 34 -72.7804 -96.8659 -39.7753 -85.4327 
-61 -177.165 -36 34 -73.4102 -97.2138 -37.524 -84.1632 
-65 -179.702 -37 34 -68.1076 -97.3255 -39.7753 -89.701 
-65 -179.44 -37 34 -68.7374 -97.6734 -37.524 -88.4315 
-73 -177.196 -36 34 -70.3632 -96.2322 -39.7753 -85.4327 
-73 -176.934 -36 34 -70.993 -96.58 -37.524 -84.1632 
-73 -179.626 -38 34 -65.9979 -96.6917 -43.3017 -89.701 
-73 -179.364 -38 34 -66.6277 -97.0396 -41.0504 -88.4315 
-65 -177.018 -36 34 -72.7804 -96.8659 -39.7753 -85.4327 
-65 -176.756 -36 34 -73.4102 -97.2138 -37.524 -84.1632 
-87 -176.449 -36 35 -68.9906 -91.5959 -38.0046 -83.7241 
-65 -179.447 -38 34 -68.4151 -97.3255 -43.3017 -89.701 
-65 -179.186 -38 34 -69.0448 -97.6734 -41.0504 -88.4315 
-79 -176.271 -36 35 -71.4077 -92.2296 -38.0046 -83.7241 
-73 -177.407 -36 34 -70.3632 -96.2322 -39.7753 -85.4327 
-73 -176.941 -37 34 -70.6707 -96.2322 -43.3017 -85.4327 
-87 -176.572 -36 35 -68.9906 -91.5959 -38.0046 -83.7241 
-73 -176.68 -37 34 -71.3005 -96.58 -41.0504 -84.1632 
-77 -179.683 -37 34 -65.6904 -96.6917 -39.7753 -89.701 
-87 -177.116 -35 35 -68.6831 -91.5959 -34.4783 -83.7241 
-65 -177.229 -36 34 -72.7804 -96.8659 -39.7753 -85.4327 
-65 -176.763 -37 34 -73.0879 -96.8659 -43.3017 -85.4327 
-79 -176.394 -36 35 -71.4077 -92.2296 -38.0046 -83.7241 
-65 -176.501 -37 34 -73.7177 -97.2138 -41.0504 -84.1632 
-85 -177.189 -35 34 -68.7503 -91.3105 -35.7323 -81.3798 
-69 -179.505 -37 34 -68.1076 -97.3255 -39.7753 -89.701 
-85 -175.079 -35 34 -71.6735 -96.0796 -36.4254 -80.9157 
-79 -176.937 -35 35 -71.1003 -92.2296 -34.4783 -83.7241 
-77 -177.011 -35 34 -71.1675 -91.9442 -35.7323 -81.3798 
-89 -176.449 -36 35 -68.9906 -91.5959 -38.0046 -83.7241 
-73 -177.605 -36 34 -70.3632 -96.2322 -39.7753 -85.4327 
-73 -178.717 -37 35 -68.601 -96.2001 -39.9846 -86.1044 
-77 -176.999 -36 34 -70.3632 -96.2322 -39.7753 -85.4327 
-73 -177.343 -36 34 -70.993 -96.58 -37.524 -84.1632 
-71 -177.652 -36 34 -70.993 -96.58 -37.524 -84.1632 
-73 -178.455 -37 35 -69.2308 -96.548 -37.7333 -84.8349 
-85 -177.313 -35 34 -68.7503 -91.3105 -35.7323 -81.3798 
-77 -174.901 -35 34 -74.0907 -96.7133 -36.4254 -80.9157 
-77 -179.88 -37 34 -65.6904 -96.6917 -39.7753 -89.701 
-77 -180.993 -38 35 -63.9282 -96.6597 -39.9846 -90.3727 
-77 -179.619 -37 34 -66.3202 -97.0396 -37.524 -88.4315 
-75 -179.928 -37 34 -66.3202 -97.0396 -37.524 -88.4315 
-77 -180.731 -38 35 -64.558 -97.0076 -37.7333 -89.1032 
-77 -179.428 -38 34 -65.9979 -96.6917 -43.3017 -89.701 
-85 -175.189 -35 34 -71.6735 -96.0796 -36.4254 -80.9157 
-85 -175.202 -35 34 -71.6735 -96.0796 -36.4254 -80.9157 
-81 -176.271 -36 35 -71.4077 -92.2296 -38.0046 -83.7241 
-65 -177.426 -36 34 -72.7804 -96.8659 -39.7753 -85.4327 
-69 -176.82 -36 34 -72.7804 -96.8659 -39.7753 -85.4327 
-65 -177.165 -36 34 -73.4102 -97.2138 -37.524 -84.1632 
-63 -177.474 -36 34 -73.4102 -97.2138 -37.524 -84.1632 
-85 -177.856 -34 34 -68.4429 -91.3105 -32.2059 -81.3798 
-77 -177.135 -35 34 -71.1675 -91.9442 -35.7323 -81.3798 
-69 -179.702 -37 34 -68.1076 -97.3255 -39.7753 -89.701 
-89 -176.572 -36 35 -68.9906 -91.5959 -38.0046 -83.7241 
-69 -179.44 -37 34 -68.7374 -97.6734 -37.524 -88.4315 
-67 -179.749 -37 34 -68.7374 -97.6734 -37.524 -88.4315 
-85 -175.745 -34 34 -71.366 -96.0796 -32.8991 -80.9157 
-69 -179.25 -38 34 -68.4151 -97.3255 -43.3017 -89.701 
-77 -175.011 -35 34 -74.0907 -96.7133 -36.4254 -80.9157 
-77 -175.024 -35 34 -74.0907 -96.7133 -36.4254 -80.9157 
-87 -177.676 -35 35 -68.0533 -91.248 -36.7295 -84.9935 
-85 -175.313 -35 34 -71.6735 -96.0796 -36.4254 -80.9157 
-77 -177.678 -34 34 -70.86 -91.9442 -32.2059 -81.3798 
-73 -178.78 -36 35 -69.1111 -93.3839 -39.5019 -83.2121 
-89 -177.116 -35 35 -68.6831 -91.5959 -34.4783 -83.7241 
-73 -178.518 -36 35 -69.7408 -93.7318 -37.2506 -81.9427 
-77 -177.196 -36 34 -70.3632 -96.2322 -39.7753 -85.4327 
-81 -176.394 -36 35 -71.4077 -92.2296 -38.0046 -83.7241 
-77 -178.308 -37 35 -68.601 -96.2001 -39.9846 -86.1044 
-87 -177.189 -35 34 -68.7503 -91.3105 -35.7323 -81.3798 
-77 -176.934 -36 34 -70.993 -96.58 -37.524 -84.1632 
-75 -177.243 -36 34 -70.993 -96.58 -37.524 -84.1632 
-77 -178.047 -37 35 -69.2308 -96.548 -37.7333 -84.8349 
-77 -175.567 -34 34 -73.7832 -96.7133 -32.8991 -80.9157 
-77 -181.055 -37 35 -64.4382 -93.8435 -39.5019 -87.4804 
-77 -176.744 -37 34 -70.6707 -96.2322 -43.3017 -85.4327 
-77 -180.794 -37 35 -65.068 -94.1914 -37.2506 -86.211 
-85 -175.856 -34 34 -71.366 -96.0796 -32.8991 -80.9157 
-87 -175.079 -35 34 -71.6735 -96.0796 -36.4254 -80.9157 
-77 -179.626 -38 34 -65.9979 -96.6917 -43.3017 -89.701 
-77 -180.738 -39 35 -64.2357 -96.6597 -43.511 -90.3727 
-77 -179.364 -38 34 -66.6277 -97.0396 -41.0504 -88.4315 
-79 -177.498 -35 35 -70.4705 -91.8817 -36.7295 -84.9935 
-75 -179.673 -38 34 -66.6277 -97.0396 -41.0504 -88.4315 
-77 -175.134 -35 34 -74.0907 -96.7133 -36.4254 -80.9157 
-77 -180.476 -39 35 -64.8654 -97.0076 -41.2597 -89.1032 
-65 -178.601 -36 35 -71.5282 -94.0176 -39.5019 -83.2121 
-81 -176.937 -35 35 -71.1003 -92.2296 -34.4783 -83.7241 
-65 -178.34 -36 35 -72.158 -94.3655 -37.2506 -81.9427 
-69 -177.018 -36 34 -72.7804 -96.8659 -39.7753 -85.4327 
-79 -177.011 -35 34 -71.1675 -91.9442 -35.7323 -81.3798 
-81 -180.801 -38 36 -63.9753 -93.8114 -40.3174 -88.1521 
-69 -176.756 -36 34 -73.4102 -97.2138 -37.524 -84.1632 
-67 -177.065 -36 34 -73.4102 -97.2138 -37.524 -84.1632 
-91 -176.449 -36 35 -68.9906 -91.5959 -38.0046 -83.7241 
FEATURES_TXT_END_0
FEATURES_TXT_BEGIN_0 39 80 8 Distortion0_0 LM0_0 WordPenalty0_0 PhrasePenalty0_0 TranslationModel0_0 TranslationModel0_1 TranslationModel0_2 TranslationModel0_3 
-101 -265.88 -48 44 -75.9653 -101.864 -45.5892 -112.122 
-91 -267.051 -48 44 -76.6211 -103.011 -44.0851 -111.888 
-99 -267.832 -48 43 -73.8557 -99.8853 -41.2726 -109.747 
-89 -269.002 -48 43 -74.5115 -101.033 -39.7686 -109.513 
-101 -266.898 -48 44 -74.8577 -100.674 -43.5097 -110.756 
-91 -268.068 -48 44 -75.5135 -101.821 -42.0057 -110.522 
-103 -266.678 -48 44 -74.8577 -100.674 -43.5097 -110.756 
-103 -265.88 -48 44 -75.9653 -101.864 -45.5892 -112.122 
-91 -269.639 -48 44 -74.2341 -101.004 -42.9563 -111.203 
-93 -267.051 -48 44 -76.6211 -103.011 -44.0851 -111.888 
-89 -270.728 -48 43 -73.0606 -100.561 -41.378 -111.521 
-101 -267.832 -48 43 -73.8557 -99.8853 -41.2726 -109.747 
-95 -269.358 -48 43 -74.0182 -100.048 -39.1326 -108.807 
-91 -269.002 -48 43 -74.5115 -101.033 -39.7686 -109.513 
-97 -267.957 -48 44 -75.733 -100.992 -40.613 -110.089 
-103 -266.898 -48 44 -74.8577 -100.674 -43.5097 -110.756 
-99 -269.558 -48 43 -72.4049 -99.413 -42.8821 -111.756 
-93 -268.068 -48 44 -75.5135 -101.821 -42.0057 -110.522 
-107 -266.786 -48 44 -75.0772 -99.8447 -42.1171 -110.323 
-101 -267.225 -48 44 -75.0772 -99.8447 -42.1171 -110.323 
-91 -268.395 -48 44 -75.733 -100.992 -40.613 -110.089 
-103 -264.472 -48 44 -78.2679 -104.54 -45.5892 -111.023 
-99 -269.177 -48 43 -72.9676 -97.8664 -37.8006 -107.948 
-89 -270.347 -48 43 -73.6234 -99.014 -36.2965 -107.714 
-105 -266.678 -48 44 -74.8577 -100.674 -43.5097 -110.756 
-89 -269.101 -48 43 -75.7909 -101.85 -38.8179 -108.831 
-101 -266.424 -48 43 -76.1583 -102.562 -41.2726 -108.648 
-105 -265.88 -48 44 -75.9653 -101.864 -45.5892 -112.122 
-95 -267.051 -48 44 -76.6211 -103.011 -44.0851 -111.888 
-103 -266.191 -48 44 -75.9653 -101.864 -45.5892 -112.122 
-101 -268.243 -48 44 -73.9697 -98.6548 -40.0377 -108.957 
-91 -269.413 -48 44 -74.6254 -99.8025 -38.5336 -108.723 
-105 -266.786 -48 44 -75.0772 -99.8447 -42.1171 -110.323 
-95 -267.957 -48 44 -75.733 -100.992 -40.613 -110.089 
-103 -265.49 -48 44 -77.1603 -103.35 -43.5097 -109.657 
-97 -266.399 -49 44 -77.4072 -104.071 -41.8053 -112.727 
-87 -267.57 -49 44 -78.063 -105.218 -40.3013 -112.493 
-103 -267.832 -48 43 -73.8557 -99.8853 -41.2726 -109.747 
-93 -269.002 -48 43 -74.5115 -101.033 -39.7686 -109.513 
-103 -261.256 -49 45 -83.5185 -105.417 -49.7717 -113.274 
-93 -262.427 -49 45 -84.1743 -106.565 -48.2676 -113.04 
-103 -268.738 -48 43 -72.9676 -97.8664 -37.8006 -107.948 
-103 -268.023 -48 44 -73.9697 -98.6548 -40.0377 -108.957 
-93 -269.908 -48 43 -73.6234 -99.014 -36.2965 -107.714 
-95 -268.351 -49 43 -75.2976 -102.092 -37.4888 -110.352 
-85 -269.522 -49 43 -75.9534 -103.24 -35.9847 -110.118 
-101 -263.208 -49 44 -81.4089 -103.439 -45.4551 -110.899 
-91 -264.378 -49 44 -82.0647 -104.587 -43.9511 -110.665 
-105 -266.898 -48 44 -74.8577 -100.674 -43.5097 -110.756 
-95 -268.068 -48 44 -75.5135 -101.821 -42.0057 -110.522 
-103 -267.225 -48 44 -75.0772 -99.8447 -42.1171 -110.323 
-99 -267.931 -48 43 -75.1351 -100.702 -40.322 -109.065 
-93 -268.395 -48 44 -75.733 -100.992 -40.613 -110.089 
-105 -262.055 -49 45 -82.4109 -104.227 -47.6922 -111.908 
-105 -267.804 -48 44 -73.9697 -98.6548 -40.0377 -108.957 
-91 -268.621 -48 44 -75.3417 -102.194 -45.0357 -112.569 
-95 -268.974 -48 44 -74.6254 -99.8025 -38.5336 -108.723 
-105 -264.472 -48 44 -78.2679 -104.54 -45.5892 -111.023 
-93 -269.413 -48 44 -74.6254 -99.8025 -38.5336 -108.723 
-97 -267.417 -49 44 -76.2996 -102.881 -39.7259 -111.361 
-87 -268.588 -49 44 -76.9554 -104.028 -38.2218 -111.127 
-101 -269.177 -48 43 -72.9676 -97.8664 -37.8006 -107.948 
-103 -268.243 -48 44 -73.9697 -98.6548 -40.0377 -108.957 
-91 -270.347 -48 43 -73.6234 -99.014 -36.2965 -107.714 
-105 -266.191 -48 44 -75.9653 -101.864 -45.5892 -112.122 
-103 -266.413 -48 44 -75.9653 -101.864 -45.5892 -112.122 
-103 -262.274 -49 45 -82.4109 -104.227 -47.6922 -111.908 
-93 -263.444 -49 45 -83.0667 -105.375 -46.1882 -111.674 
-107 -266.678 -48 44 -74.8577 -100.674 -43.5097 -110.756 
-89 -270.572 -48 43 -73.2321 -100.216 -40.7192 -110.194 
-103 -266.424 -48 43 -76.1583 -102.562 -41.2726 -108.648 
-101 -268.365 -48 43 -73.8557 -99.8853 -41.2726 -109.747 
-101 -265.979 -48 44 -77.2447 -102.681 -44.6386 -111.44 
-91 -267.149 -48 44 -77.9005 -103.828 -43.1345 -111.206 
-107 -267.584 -48 44 -73.9697 -98.6548 -40.0377 -108.957 
-101 -267.606 -48 44 -74.5144 -101.391 -47.1986 -114.131 
-99 -267.198 -49 44 -76.2996 -102.881 -39.7259 -111.361 
-91 -268.777 -48 44 -75.1702 -102.539 -45.6945 -113.897 
-87 -268.576 -48 44 -76.7836 -103.174 -41.945 -110.948 
-97 -267.406 -48 44 -76.1278 -102.026 -43.4491 -111.182 
FEATURES_TXT_END_0
FEATURES_TXT_BEGIN_0 40 87 8 Distortion0_0 LM0_0 WordPenalty0_0 PhrasePenalty0_0 TranslationModel0_0 TranslationModel0_1 TranslationModel0_2 TranslationModel0_3 
-40 -135.833 -23 20 -28.6136 -38.0106 -19.0921 -40.1197 
-34 -136.816 -23 20 -28.6136 -38.0106 -19.0921 -40.1197 
-40 -135.396 -23 20 -29.7768 -38.2467 -16.7895 -37.8171 
-40 -136.026 -23 20 -28.6136 -38.0106 -19.0921 -40.1197 
-34 -136.379 -23 20 -29.7768 -38.2467 -16.7895 -37.8171 
-42 -135.833 -23 20 -28.6136 -38.0106 -19.0921 -40.1197 
-44 -135.54 -23 20 -28.6136 -38.0106 -19.0921 -40.1197 
-34 -137.109 -23 20 -28.6136 -38.0106 -19.0921 -40.1197 
-40 -135.589 -23 20 -29.7768 -38.2467 -16.7895 -37.8171 
-36 -136.816 -23 20 -28.6136 -38.0106 -19.0921 -40.1197 
-42 -135.396 -23 20 -29.7768 -38.2467 -16.7895 -37.8171 
-42 -139.726 -23 20 -24.8051 -33.4303 -12.8577 -34.8547 
-44 -135.103 -23 20 -29.7768 -38.2467 -16.7895 -37.8171 
-42 -136.026 -23 20 -28.6136 -38.0106 -19.0921 -40.1197 
-34 -136.672 -23 20 -29.7768 -38.2467 -16.7895 -37.8171 
-36 -136.379 -23 20 -29.7768 -38.2467 -16.7895 -37.8171 
-40 -135.601 -23 20 -31.0266 -39.7972 -18.399 -40.6305 
-38 -133.88 -23 20 -32.839 -44.6067 -18.1758 -43.1177 
-44 -135.833 -23 20 -28.6136 -38.0106 -19.0921 -40.1197 
-46 -135.54 -23 20 -28.6136 -38.0106 -19.0921 -40.1197 
-24 -138.58 -24 21 -30.1362 -38.2467 -19.6166 -37.8171 
-36 -137.109 -23 20 -28.6136 -38.0106 -19.0921 -40.1197 
-42 -135.589 -23 20 -29.7768 -38.2467 -16.7895 -37.8171 
-40 -140.019 -23 20 -24.8051 -33.4303 -12.8577 -34.8547 
-30 -137.741 -24 21 -28.973 -38.0106 -21.9191 -40.1197 
-38 -133.443 -23 20 -34.0022 -44.8428 -15.8732 -40.8151 
-45 -135.833 -23 20 -28.6136 -38.0106 -19.0921 -40.1197 
-44 -135.396 -23 20 -29.7768 -38.2467 -16.7895 -37.8171 
-46 -135.103 -23 20 -29.7768 -38.2467 -16.7895 -37.8171 
-32 -137.905 -23 21 -29.1554 -38.3119 -21.4083 -40.5992 
-44 -137.982 -24 20 -25.9037 -38.0106 -20.3449 -40.1197 
-40 -140.163 -23 20 -23.6419 -33.1942 -15.1603 -37.1573 
-44 -133.178 -23 20 -32.839 -44.6067 -18.1758 -43.1177 
-39 -136.816 -23 20 -28.6136 -38.0106 -19.0921 -40.1197 
-36 -136.672 -23 20 -29.7768 -38.2467 -16.7895 -37.8171 
-40 -140.095 -24 20 -24.0165 -33.1942 -18.8044 -37.1573 
-28 -142.06 -23 20 -23.6419 -33.1942 -15.1603 -37.1573 
-36 -135.638 -23 21 -30.9104 -39.045 -24.7901 -44.3505 
-38 -134.173 -23 20 -32.839 -44.6067 -18.1758 -43.1177 
-40 -133.88 -23 20 -32.839 -44.6067 -18.1758 -43.1177 
-36 -137.35 -23 20 -28.6136 -38.0106 -19.0921 -40.1197 
-30 -137.304 -24 21 -30.1362 -38.2467 -19.6166 -37.8171 
-46 -135.833 -23 20 -28.6136 -38.0106 -19.0921 -40.1197 
-48 -135.54 -23 20 -28.6136 -38.0106 -19.0921 -40.1197 
-30 -138.311 -23 20 -28.6136 -38.0106 -19.0921 -40.1197 
-30 -137.934 -24 21 -28.973 -38.0106 -21.9191 -40.1197 
-30 -137.905 -23 21 -29.1554 -38.3119 -21.4083 -40.5992 
-45 -136.026 -23 20 -28.6136 -38.0106 -19.0921 -40.1197 
-40 -139.726 -23 20 -24.8051 -33.4303 -12.8577 -34.8547 
-44 -132.741 -23 20 -34.0022 -44.8428 -15.8732 -40.8151 
-44 -135.111 -24 20 -29.9059 -42.6599 -20.1217 -44.1651 
-28 -141.623 -23 20 -24.8051 -33.4303 -12.8577 -34.8547 
-36 -135.201 -23 21 -32.0736 -39.2811 -22.4875 -42.048 
-38 -133.736 -23 20 -34.0022 -44.8428 -15.8732 -40.8151 
-32 -137.741 -24 21 -28.973 -38.0106 -21.9191 -40.1197 
-36 -135.831 -23 21 -30.9104 -39.045 -24.7901 -44.3505 
-40 -133.443 -23 20 -34.0022 -44.8428 -15.8732 -40.8151 
-56 -136.063 -24 20 -26.568 -35.7433 -17.1884 -37.8039 
-36 -136.913 -23 20 -29.7768 -38.2467 -16.7895 -37.8171 
-49 -135.54 -23 20 -28.6136 -38.0106 -19.0921 -40.1197 
-46 -135.396 -23 20 -29.7768 -38.2467 -16.7895 -37.8171 
-32 -137.934 -24 21 -28.973 -38.0106 -21.9191 -40.1197 
-40 -140.456 -23 20 -23.6419 -33.1942 -15.1603 -37.1573 
-32 -138.311 -23 20 -28.6136 -38.0106 -19.0921 -40.1197 
-24 -139.017 -24 21 -28.973 -38.0106 -21.9191 -40.1197 
-48 -135.103 -23 20 -29.7768 -38.2467 -16.7895 -37.8171 
-36 -135.394 -23 21 -32.0736 -39.2811 -22.4875 -42.048 
-30 -137.874 -23 20 -29.7768 -38.2467 -16.7895 -37.8171 
-30 -137.497 -24 21 -30.1362 -38.2467 -19.6166 -37.8171 
-42 -140.163 -23 20 -23.6419 -33.1942 -15.1603 -37.1573 
-46 -133.178 -23 20 -32.839 -44.6067 -18.1758 -43.1177 
-39 -137.109 -23 20 -28.6136 -38.0106 -19.0921 -40.1197 
-30 -137.468 -23 21 -30.3185 -38.548 -19.1057 -38.2966 
-30 -138.504 -23 20 -28.6136 -38.0106 -19.0921 -40.1197 
-28 -142.353 -23 20 -23.6419 -33.1942 -15.1603 -37.1573 
-30 -138.098 -23 21 -29.1554 -38.3119 -21.4083 -40.5992 
-44 -134.674 -24 20 -31.0691 -42.896 -17.8191 -41.8625 
-34 -141.439 -23 20 -23.6419 -33.1942 -15.1603 -37.1573 
-30 -142.06 -23 20 -23.6419 -33.1942 -15.1603 -37.1573 
-38 -135.638 -23 21 -30.9104 -39.045 -24.7901 -44.3505 
-40 -134.173 -23 20 -32.839 -44.6067 -18.1758 -43.1177 
-36 -137.643 -23 20 -28.6136 -38.0106 -19.0921 -40.1197 
-38 -137.35 -23 20 -28.6136 -38.0106 -19.0921 -40.1197 
-30 -136.914 -23 21 -30.9104 -39.045 -24.7901 -44.3505 
-40 -137.055 -23 20 -28.6136 -38.0106 -19.0921 -40.1197 
-32 -137.304 -24 21 -30.1362 -38.2467 -19.6166 -37.8171 
-36 -137.068 -23 20 -29.7768 -38.2467 -16.7895 -37.8171 
FEATURES_TXT_END_0
FEATURES_TXT_BEGIN_0 41 100 8 Distortion0_0 LM0_0 WordPenalty0_0 PhrasePenalty0_0 TranslationModel0_0 TranslationModel0_1 TranslationModel0_2 TranslationModel0_3 
-79 -223.443 -55 49 -97.5247 -142.763 -69.0229 -137.895 
-89 -226.199 -57 49 -90.4926 -146.718 -65.6687 -143.487 
-85 -226.815 -55 49 -91.2332 -139.416 -64.8531 -136.68 
-79 -224.052 -56 49 -96.4448 -142.763 -69.4283 -137.895 
-95 -229.57 -57 49 -84.201 -143.37 -61.4989 -142.272 
-85 -227.424 -56 49 -90.1533 -139.416 -65.2585 -136.68 
-93 -224.264 -55 49 -93.4263 -140.849 -66.7951 -137.617 
-103 -227.02 -57 49 -86.3942 -144.803 -63.4409 -143.209 
-93 -224.873 -56 49 -92.3464 -140.849 -67.2005 -137.617 
-81 -225.96 -55 49 -93.6955 -140.828 -67.035 -137.782 
-87 -229.331 -55 49 -87.4039 -137.48 -62.8652 -136.567 
-89 -222.195 -54 49 -97.6512 -142.763 -68.4038 -137.895 
-75 -225.89 -55 49 -95.0863 -142.742 -70.0035 -143.09 
-99 -224.951 -56 49 -90.6191 -146.718 -65.0496 -143.487 
-95 -225.566 -54 49 -91.3596 -139.416 -64.234 -136.68 
-89 -222.804 -55 49 -96.5713 -142.763 -68.8093 -137.895 
-81 -229.261 -55 49 -88.7947 -139.395 -65.8337 -141.874 
-105 -228.322 -56 49 -84.3275 -143.37 -60.8798 -142.272 
-87 -226.843 -56 49 -90.4926 -146.718 -65.6687 -143.487 
-95 -226.176 -55 49 -90.2797 -139.416 -64.6395 -136.68 
-93 -230.214 -56 49 -84.201 -143.37 -61.4989 -142.272 
-79 -225.711 -56 50 -94.5659 -141.16 -69.0796 -136.915 
-89 -222.309 -54 49 -97.5247 -142.763 -69.0229 -137.895 
-89 -228.467 -58 50 -87.5338 -145.114 -65.7254 -142.507 
-85 -229.083 -56 50 -88.2743 -137.813 -64.9098 -135.699 
-79 -226.32 -57 50 -93.486 -141.16 -69.485 -136.915 
-95 -225.68 -54 49 -91.2332 -139.416 -64.8531 -136.68 
-85 -223.952 -56 50 -96.1547 -140.938 -68.788 -138.888 
-95 -231.838 -58 50 -81.2422 -141.767 -61.5556 -141.291 
-85 -229.692 -57 50 -87.1944 -137.813 -65.3152 -135.699 
-95 -226.708 -58 50 -89.1226 -144.892 -65.4338 -144.48 
-85 -224.562 -57 50 -95.0748 -140.938 -69.1935 -138.888 
-79 -225.986 -56 49 -94.0057 -143.739 -67.3381 -137.298 
-89 -228.742 -58 49 -86.9736 -147.694 -63.9839 -142.89 
-79 -226.595 -57 49 -92.9258 -143.739 -67.7435 -137.298 
-77 -225.733 -55 49 -95.0863 -142.742 -70.0035 -143.09 
-89 -224.267 -55 50 -94.6924 -141.16 -68.4605 -136.915 
-83 -229.105 -55 49 -88.7947 -139.395 -65.8337 -141.874 
-99 -227.023 -57 50 -87.6602 -145.114 -65.1063 -142.507 
-95 -227.639 -55 50 -88.4008 -137.813 -64.2907 -135.699 
-95 -226.781 -55 49 -89.5971 -138.914 -64.8072 -137.504 
-89 -224.877 -56 50 -93.6124 -141.16 -68.866 -136.915 
-79 -225.154 -54 48 -95.7469 -141.874 -67.1797 -138.157 
-105 -230.394 -57 50 -81.3687 -141.767 -60.9365 -141.291 
-95 -228.248 -56 50 -87.3209 -137.813 -64.6962 -135.699 
-85 -228.525 -54 48 -89.4553 -138.527 -63.0099 -136.941 
-103 -223.016 -54 49 -93.5528 -140.849 -66.176 -137.617 
-89 -224.542 -55 49 -94.1322 -143.739 -66.719 -137.298 
-85 -224.074 -55 49 -96.3418 -141.889 -64.3979 -135.081 
-89 -226.711 -55 49 -90.9879 -140.828 -67.7757 -142.812 
-113 -225.771 -56 49 -86.5207 -144.803 -62.8218 -143.209 
-99 -227.298 -57 49 -87.1001 -147.694 -63.3648 -142.89 
-91 -227.445 -55 49 -90.0502 -138.542 -60.2281 -133.865 
-103 -223.625 -55 49 -92.4729 -140.849 -66.5815 -137.617 
-89 -225.151 -56 49 -93.0523 -143.739 -67.1245 -137.298 
-91 -224.711 -54 49 -93.822 -140.828 -66.416 -137.782 
-85 -224.683 -56 49 -95.2619 -141.889 -64.8034 -135.081 
-101 -227.663 -56 49 -86.3942 -144.804 -63.4409 -143.209 
-97 -228.083 -54 49 -87.5304 -137.48 -62.2462 -136.567 
-91 -228.055 -56 49 -88.9703 -138.542 -60.6336 -133.865 
-79 -225.498 -56 49 -94.9651 -141.113 -71.6042 -139.784 
-89 -228.254 -58 49 -87.9329 -145.068 -68.25 -145.376 
-85 -228.87 -56 49 -88.6735 -137.766 -67.4344 -138.569 
-85 -224.641 -54 49 -95.2128 -142.742 -69.3845 -143.09 
-79 -226.107 -57 49 -93.8851 -141.113 -72.0096 -139.784 
-93 -226.532 -56 50 -90.4675 -139.246 -66.8518 -136.637 
-87 -227.088 -57 49 -90.4926 -146.718 -65.6687 -143.487 
-79 -222.363 -55 49 -99.5514 -145.541 -73.7142 -140.585 
-95 -231.625 -58 49 -81.6414 -141.721 -64.0802 -144.161 
-103 -223.13 -54 49 -93.4263 -140.849 -66.7951 -137.617 
-91 -228.013 -54 49 -88.9212 -139.395 -65.2147 -141.874 
-103 -229.288 -58 50 -83.4353 -143.2 -63.4976 -142.229 
-85 -229.479 -57 49 -87.5936 -137.766 -67.8398 -138.569 
-93 -230.459 -57 49 -84.201 -143.37 -61.4989 -142.272 
-97 -225.594 -55 49 -90.6191 -146.718 -65.0496 -143.487 
-81 -225.647 -55 50 -94.6923 -141.16 -68.4605 -136.915 
-89 -225.118 -57 49 -92.5193 -149.495 -70.36 -146.177 
-93 -227.141 -57 50 -89.3876 -139.246 -67.2572 -136.637 
-85 -225.734 -55 49 -93.2598 -142.193 -69.5444 -139.369 
-81 -228.228 -56 50 -90.7366 -139.225 -67.0917 -136.802 
-79 -222.972 -56 49 -98.4715 -145.541 -74.1197 -140.585 
-91 -228.402 -57 50 -87.6602 -145.114 -65.1063 -142.507 
-75 -225.888 -55 49 -95.7794 -140.999 -70.0035 -141.837 
-103 -228.966 -55 49 -84.3275 -143.37 -60.8798 -142.272 
-87 -229.018 -55 50 -88.4008 -137.813 -64.2907 -135.699 
-95 -228.49 -57 49 -86.2277 -146.148 -66.1902 -144.961 
-81 -226.256 -56 50 -93.6124 -141.16 -68.866 -136.915 
-87 -231.599 -56 50 -84.4451 -135.877 -62.9219 -135.586 
-85 -226.343 -56 49 -92.1799 -142.193 -69.9499 -139.369 
-97 -231.774 -57 50 -81.3687 -141.767 -60.9365 -141.291 
-81 -229.26 -55 49 -89.4879 -137.652 -65.8337 -140.621 
-79 -224.5 -55 49 -96.8961 -143.739 -67.3381 -137.298 
-87 -226.469 -56 50 -92.3255 -139.002 -66.8002 -138.775 
-87 -229.627 -56 50 -87.3209 -137.813 -64.6962 -135.699 
-79 -224.289 -55 50 -97.4562 -141.16 -69.0796 -136.915 
-89 -227.256 -57 49 -89.8639 -147.694 -63.9839 -142.89 
-89 -227.044 -57 50 -90.4241 -145.114 -65.7254 -142.507 
-79 -225.11 -56 49 -95.8161 -143.739 -67.7435 -137.298 
-85 -227.66 -55 50 -91.1647 -137.813 -64.9098 -135.699 
-75 -228.158 -56 50 -92.1274 -141.139 -70.0602 -142.109 
FEATURES_TXT_END_0
FEATURES_TXT_BEGIN_0 42 100 8 Distortion0_0 LM0_0 WordPenalty0_0 PhrasePenalty0_0 TranslationModel0_0 TranslationModel0_1 TranslationModel0_2 TranslationModel0_3 
-107 -271.348 -59 48 -85.9249 -122.73 -53.4314 -140.225 
-83 -272.144 -58 49 -90.3408 -123.44 -57.2398 -137.786 
-95 -272.63 -57 49 -87.6861 -117.979 -52.3379 -129.732 
-83 -271.685 -58 48 -91.3065 -124.854 -57.6402 -139.7 
-95 -274.032 -58 48 -85.3653 -119.508 -52.7383 -135.249 
-105 -272.008 -59 48 -85.9249 -122.73 -53.4314 -140.225 
-81 -272.804 -58 49 -90.3408 -123.44 -57.2398 -137.786 
-97 -271.878 -59 49 -88.4237 -123.937 -52.4766 -141.257 
-107 -274.034 -59 48 -82.596 -119.143 -52.5152 -137.6 
-113 -273.899 -59 48 -81.2581 -119.81 -52.9206 -139.364 
-95 -274.896 -58 49 -84.3996 -118.094 -52.3379 -133.335 
-79 -273.189 -58 49 -90.3408 -123.44 -57.2398 -137.786 
-115 -271.832 -58 49 -84.3996 -118.094 -52.3379 -133.335 
-83 -274.831 -58 49 -87.0119 -119.853 -56.3235 -135.161 
-85 -272.555 -58 49 -89.8708 -123.368 -57.2398 -137.048 
-89 -274.696 -58 49 -85.674 -120.52 -56.7289 -136.925 
-95 -272.171 -57 48 -88.6518 -119.393 -52.7383 -131.647 
-97 -272.742 -59 50 -87.458 -122.523 -52.0762 -139.342 
-99 -271.226 -57 49 -88.8412 -120.075 -56.5466 -131.335 
-113 -272.507 -58 49 -83.9296 -118.023 -52.3379 -132.597 
-93 -273.29 -57 49 -87.6861 -117.979 -52.3379 -129.732 
-113 -276.277 -59 48 -77.9292 -116.223 -52.0043 -136.74 
-89 -277.073 -58 49 -82.3451 -116.933 -55.8126 -134.3 
-91 -273.675 -57 49 -87.6861 -117.979 -52.3379 -129.732 
-81 -272.345 -58 48 -91.3065 -124.854 -57.6402 -139.7 
-95 -275.317 -57 49 -84.3572 -114.393 -51.4216 -127.108 
-93 -274.692 -58 48 -85.3653 -119.508 -52.7383 -135.249 
-101 -275.182 -57 49 -83.0193 -115.059 -51.8271 -128.872 
-83 -272.001 -59 50 -91.2928 -124.091 -61.3742 -140.191 
-83 -274.651 -58 48 -87.3268 -122.109 -57.6402 -139.094 
-81 -270.103 -58 50 -95.0751 -125.803 -59.1063 -139.08 
-103 -272.279 -59 50 -86.988 -122.451 -52.0762 -138.605 
-105 -272.387 -59 48 -85.9249 -122.73 -53.4314 -140.225 
-89 -272.053 -59 50 -90.4167 -122.715 -55.9799 -137.673 
-79 -272.73 -58 48 -91.3065 -124.854 -57.6402 -139.7 
-95 -272.538 -59 49 -88.4237 -123.937 -52.4766 -141.257 
-83 -274.371 -58 48 -87.9776 -121.267 -56.7239 -137.075 
-107 -272.101 -59 48 -85.7123 -122.339 -56.3759 -142.12 
-91 -275.077 -58 48 -85.3653 -119.508 -52.7383 -135.249 
-89 -274.236 -58 48 -86.6397 -121.933 -57.1293 -138.84 
-121 -274.242 -60 49 -79.4441 -116.186 -54.6242 -139.048 
-95 -276.719 -58 48 -82.0364 -115.921 -51.822 -132.625 
-101 -276.584 -58 48 -80.6985 -116.587 -52.2275 -134.389 
-105 -274.694 -59 48 -82.596 -119.143 -52.5152 -137.6 
-83 -272.897 -58 49 -90.1282 -123.049 -60.1842 -139.681 
-93 -275.556 -58 49 -84.3996 -118.094 -52.3379 -133.335 
-97 -275.038 -59 50 -83.8599 -116.896 -58.4325 -136.608 
-77 -273.849 -58 49 -90.3408 -123.44 -57.2398 -137.786 
-101 -277.559 -57 49 -79.6904 -111.472 -50.9108 -126.247 
-113 -272.492 -58 49 -84.3996 -118.094 -52.3379 -133.335 
-81 -275.491 -58 49 -87.0119 -119.853 -56.3235 -135.161 
-97 -274.564 -59 49 -85.0949 -120.35 -51.5603 -138.632 
-83 -273.215 -58 49 -89.8708 -123.368 -57.2398 -137.048 
-83 -275.515 -58 49 -86.3611 -120.696 -57.2398 -137.179 
-93 -272.831 -57 48 -88.6518 -119.393 -52.7383 -131.647 
-103 -274.429 -59 49 -83.7569 -121.016 -51.9658 -140.396 
-103 -271.551 -58 49 -87.7674 -122.431 -57.2156 -138.86 
-95 -273.402 -59 50 -87.458 -122.523 -52.0762 -139.342 
-87 -274.935 -58 49 -86.3611 -120.696 -57.2398 -137.179 
-121 -273.145 -59 49 -81.3957 -118.839 -52.4682 -137.322 
-95 -272.487 -58 50 -88.6381 -118.63 -56.4723 -132.138 
-91 -275.941 -58 49 -84.3996 -118.094 -52.3379 -133.335 
-97 -271.886 -57 49 -88.8412 -120.075 -56.5466 -131.335 
-113 -272.832 -59 48 -83.5259 -122.724 -52.9206 -141.147 
-89 -276.614 -58 48 -83.3108 -118.347 -56.213 -136.215 
-95 -277.583 -58 49 -81.0707 -114.508 -51.4216 -130.71 
-79 -275.876 -58 49 -87.0119 -119.853 -56.3235 -135.161 
-115 -274.518 -58 49 -81.0707 -114.508 -51.4216 -130.71 
-101 -277.448 -58 49 -79.7328 -115.174 -51.8271 -132.474 
-81 -273.6 -58 49 -89.8708 -123.368 -57.2398 -137.048 
-101 -278.961 -58 48 -77.3696 -113.001 -51.3112 -131.764 
-111 -273.168 -59 48 -83.4445 -119.425 -56.3759 -140.337 
-85 -275.741 -58 49 -85.674 -120.52 -56.7289 -136.925 
-111 -273.168 -58 49 -83.9296 -118.023 -52.3379 -132.597 
-91 -273.216 -57 48 -88.6518 -119.393 -52.7383 -131.647 
-121 -274.383 -58 49 -79.7328 -115.174 -51.8271 -132.474 
-97 -273.941 -58 50 -85.8116 -119.549 -56.2765 -134.883 
-85 -275.242 -58 49 -86.5419 -119.782 -56.3235 -134.423 
-89 -273.628 -58 49 -87.9418 -123.434 -56.7289 -138.708 
-95 -274.857 -57 48 -85.3229 -115.806 -51.822 -129.022 
-91 -275.107 -58 49 -85.204 -120.448 -56.7289 -136.187 
-99 -272.605 -57 49 -87.4264 -117.513 -56.5466 -129.342 
-101 -274.722 -57 48 -83.985 -116.472 -52.2275 -130.786 
-109 -272.004 -59 48 -85.9249 -122.73 -53.4314 -140.225 
-119 -275.046 -59 49 -79.1279 -115.925 -52.4682 -135.539 
-87 -273.965 -58 49 -87.8604 -120.134 -60.1842 -137.898 
-109 -276.787 -58 48 -78.5477 -112.62 -56.0017 -132.849 
-95 -272.271 -57 49 -88.8412 -120.075 -56.5466 -131.335 
-83 -271.541 -59 49 -92.2585 -125.505 -61.7746 -142.105 
-97 -275.428 -59 50 -84.1292 -118.936 -51.1599 -136.718 
-91 -274.686 -58 49 -85.8911 -120.624 -57.2398 -136.442 
-99 -273.912 -57 49 -85.5123 -116.488 -55.6303 -128.71 
-103 -275.293 -59 50 -82.7912 -119.602 -51.5654 -138.482 
-103 -276.807 -59 49 -80.4281 -117.43 -51.0495 -137.772 
-95 -273.383 -57 49 -87.4735 -117.588 -55.2823 -131.628 
-81 -269.644 -58 49 -96.0408 -127.217 -59.5067 -140.994 
-95 -273.889 -59 49 -86.3173 -120.159 -56.8727 -137.655 
-89 -271.593 -59 49 -91.3824 -124.129 -56.3803 -139.587 
-91 -272.647 -57 49 -89.3112 -120.146 -56.5466 -132.072 
-105 -273.777 -57 49 -84.1743 -117.154 -56.0358 -130.474 
FEATURES_TXT_END_0
FEATURES_TXT_BEGIN_0 43 88 8 Distortion0_0 LM0_0 WordPenalty0_0 PhrasePenalty0_0 TranslationModel0_0 TranslationModel0_1 TranslationModel0_2 TranslationModel0_3 
-53 -111.56 -27 22 -44.7631 -63.1171 -18.0329 -52.3122 
-45 -114.19 -26 22 -43.3334 -57.235 -17.0668 -47.7722 
-55 -111.56 -27 22 -44.7631 -63.1171 -18.0329 -52.3122 
-47 -111.903 -26 22 -46.6235 -63.1171 -17.3397 -52.3122 
-47 -114.19 -26 22 -43.3334 -57.235 -17.0668 -47.7722 
-49 -111.718 -26 22 -46.6235 -63.1171 -17.3397 -52.3122 
-55 -112.33 -27 23 -46.2266 -65.0625 -23.6733 -54.4568 
-59 -111.56 -27 22 -44.7631 -63.1171 -18.0329 -52.3122 
-53 -112.882 -28 22 -44.0033 -61.6879 -21.4002 -55.3354 
-53 -111.323 -27 23 -46.2266 -64.5888 -23.6733 -54.6239 
-39 -116.654 -27 22 -41.9506 -62.011 -17.3397 -54.9108 
-51 -114.19 -26 22 -43.3334 -57.235 -17.0668 -47.7722 
-45 -115.513 -27 22 -42.5735 -55.8058 -20.4341 -50.7954 
-53 -112.784 -27 22 -44.528 -63.1033 -18.9492 -53.2953 
-47 -114.992 -26 22 -43.0767 -60.2118 -18.0329 -52.8231 
-55 -112.882 -28 22 -44.0033 -61.6879 -21.4002 -55.3354 
-49 -112.167 -26 23 -47.2119 -57.5027 -21.0774 -48.7118 
-55 -111.323 -27 23 -46.2266 -64.5888 -23.6733 -54.6239 
-41 -116.654 -27 22 -41.9506 -62.011 -17.3397 -54.9108 
-49 -114.808 -26 22 -43.0767 -60.2118 -18.0329 -52.8231 
-49 -113.665 -26 22 -46.3799 -61.4701 -18.0329 -50.9772 
-55 -116.235 -26 23 -39.3869 -57.3245 -19.2666 -50.5358 
-51 -111.982 -26 23 -47.2119 -57.5027 -21.0774 -48.7118 
-47 -117.044 -26 22 -41.6715 -58.4627 -16.6466 -49.1495 
-47 -115.513 -27 22 -42.5735 -55.8058 -20.4341 -50.7954 
-55 -112.784 -27 22 -44.528 -63.1033 -18.9492 -53.2953 
-47 -113.925 -27 22 -44.7631 -63.1171 -18.0329 -52.3122 
-55 -114.571 -26 23 -42.3658 -58.4627 -18.5735 -49.1495 
-41 -116.177 -26 22 -43.3334 -57.7344 -18.4531 -50.9221 
-47 -113.127 -26 22 -46.3883 -63.1034 -18.256 -53.2953 
-39 -116.556 -26 22 -43.3334 -57.235 -17.0668 -47.7722 
-53 -110.357 -26 22 -49.0596 -66.1685 -19.5369 -54.1314 
-53 -112.66 -27 22 -45.4833 -65.0564 -18.0329 -52.9947 
-53 -115.517 -27 22 -41.0097 -64.1735 -17.3397 -54.9651 
-39 -114.349 -26 22 -46.6235 -63.1171 -17.3397 -52.3122 
-49 -112.943 -26 22 -46.3883 -63.1034 -18.256 -53.2953 
-45 -114.084 -26 22 -46.6235 -63.1171 -17.3397 -52.3122 
-55 -110.172 -26 22 -49.0596 -66.1685 -19.5369 -54.1314 
-45 -117.135 -26 22 -42.054 -56.4179 -18.0174 -48.454 
-49 -113.925 -27 22 -44.7631 -63.1171 -18.0329 -52.3122 
-41 -114.215 -26 22 -46.2565 -62.5034 -19.1462 -50.458 
-45 -115.291 -26 22 -44.0535 -59.1743 -17.0668 -48.4547 
-45 -118.148 -26 22 -39.58 -58.2914 -16.3736 -50.4251 
-57 -114.548 -26 23 -42.3658 -58.4627 -18.5735 -49.1495 
-59 -112.882 -28 22 -44.0033 -61.6879 -21.4002 -55.3354 
-43 -116.177 -26 22 -43.3334 -57.7344 -18.4531 -50.9221 
-41 -116.556 -26 22 -43.3334 -57.235 -17.0668 -47.7722 
-55 -115.141 -26 23 -42.1023 -58.148 -18.168 -49.375 
-59 -111.323 -27 23 -46.2266 -64.5888 -23.6733 -54.6239 
-55 -112.66 -27 22 -45.4833 -65.0564 -18.0329 -52.9947 
-55 -115.517 -27 22 -41.0097 -64.1735 -17.3397 -54.9651 
-57 -113.574 -26 23 -43.987 -60.633 -18.5735 -50.7634 
-45 -116.654 -27 22 -41.9506 -62.011 -17.3397 -54.9108 
-53 -112.646 -28 23 -45.4668 -63.1596 -27.0406 -57.647 
-41 -114.349 -26 22 -46.6235 -63.1171 -17.3397 -52.3122 
-51 -112.075 -26 23 -47.3938 -63.2504 -22.9802 -54.8246 
-53 -110.829 -26 22 -48.8244 -66.1547 -20.4532 -55.1145 
-39 -117.977 -28 22 -41.1908 -60.5818 -20.707 -57.9339 
-45 -117.044 -26 22 -41.6715 -58.4627 -16.6466 -49.1495 
-51 -115.513 -27 22 -42.5735 -55.8058 -20.4341 -50.7954 
-59 -112.784 -27 22 -44.528 -63.1033 -18.9492 -53.2953 
-53 -112.33 -27 23 -46.2266 -65.0625 -23.6733 -54.4568 
-51 -113.939 -27 22 -44.7631 -63.1171 -18.0329 -52.3122 
-43 -114.215 -26 22 -46.2565 -62.5034 -19.1462 -50.458 
-53 -114.107 -28 22 -43.7681 -61.6742 -22.3165 -56.3185 
-56 -109.581 -27 22 -49.7373 -69.3611 -21.1251 -53.6482 
-47 -113.004 -26 22 -47.3436 -65.0564 -17.3397 -52.9947 
-53 -111.891 -26 23 -47.3938 -63.2504 -22.9802 -54.8246 
-41 -117.977 -28 22 -41.1908 -60.5818 -20.707 -57.9339 
-55 -110.644 -26 22 -48.8244 -66.1547 -20.4532 -55.1145 
-48 -110.752 -27 23 -50.579 -66.2277 -23.5296 -57.7545 
-56 -113.57 -28 23 -44.0887 -63.9541 -19.2496 -54.3898 
-47 -115.86 -26 22 -42.87 -64.1735 -16.6466 -54.9651 
-47 -115.291 -26 22 -44.0535 -59.1743 -17.0668 -48.4547 
-47 -118.148 -26 22 -39.58 -58.2914 -16.3736 -50.4251 
-53 -112.548 -27 23 -45.9915 -64.575 -24.5896 -55.607 
-43 -112.434 -26 21 -48.9306 -66.1685 -19.4582 -54.1314 
-51 -115.521 -28 23 -42.4233 -63.0851 -17.7668 -52.984 
-39 -117.879 -27 22 -41.7155 -61.9972 -18.256 -55.8939 
-57 -116.736 -26 23 -39.3869 -57.3245 -19.2666 -50.5358 
-55 -112.646 -28 23 -45.4668 -63.1596 -27.0406 -57.647 
-41 -115.512 -26 22 -45.451 -59.8717 -16.2411 -49.4804 
-55 -114.317 -28 23 -43.3378 -61.4903 -21.4933 -55.2112 
-49 -112.819 -26 22 -47.3436 -65.0564 -17.3397 -52.9947 
-45 -112.25 -26 21 -48.9306 -66.1685 -19.4582 -54.1314 
-47 -113.85 -26 22 -46.3799 -61.4701 -18.0329 -50.9772 
-49 -115.676 -26 22 -42.87 -64.1735 -16.6466 -54.9651 
-47 -117.143 -27 22 -41.0996 -60.6008 -17.3397 -51.7657 
FEATURES_TXT_END_0
FEATURES_TXT_BEGIN_0 44 100 8 Distortion0_0 LM0_0 WordPenalty0_0 PhrasePenalty0_0 TranslationModel0_0 TranslationModel0_1 TranslationModel0_2 TranslationModel0_3 
-90 -231.871 -56 49 -95.8925 -130.898 -56.0735 -127.18 
-96 -231.447 -56 49 -95.8925 -130.898 -56.0735 -127.18 
-96 -231.933 -57 49 -95.0452 -131.402 -56.4789 -129.732 
-90 -227.791 -55 49 -103.524 -135.177 -52.0803 -125.726 
-82 -238.38 -55 48 -88.6546 -128.152 -51.9897 -122.829 
-82 -233.281 -55 49 -96.9155 -132.261 -51.2805 -122.392 
-96 -229.783 -55 49 -99.6016 -130.619 -51.2391 -125.764 
-86 -228.639 -55 49 -103.524 -135.177 -52.0803 -125.726 
-74 -234.649 -55 49 -96.9155 -132.261 -51.2805 -122.392 
-96 -231.316 -56 49 -96.6415 -131.689 -54.8878 -127.002 
-90 -230.502 -56 50 -98.4398 -141.579 -62.1661 -142.156 
-82 -239.42 -55 48 -87.3752 -127.335 -52.9403 -123.511 
-126 -227.569 -55 49 -95.8456 -130.675 -51.8177 -125.956 
-126 -228.055 -56 49 -94.9983 -131.179 -52.2232 -128.509 
-82 -233.05 -55 49 -97.7308 -133.276 -51.2943 -123.438 
-92 -234.217 -57 50 -92.7221 -136.172 -58.8933 -139.112 
-96 -227.366 -55 49 -103.524 -135.177 -52.0803 -125.726 
-96 -227.853 -56 49 -102.676 -135.68 -52.4857 -128.278 
-84 -235.509 -57 50 -92.7221 -136.172 -58.8933 -139.112 
-86 -225.515 -54 49 -108.564 -137.592 -55.8298 -126.9 
-90 -236.524 -55 48 -90.4451 -127.734 -51.6807 -121.608 
-92 -231.295 -56 49 -98.6528 -130.942 -51.2253 -125.817 
-94 -229.574 -55 49 -100.732 -133.367 -51.2253 -124.718 
-94 -226.609 -55 49 -105.189 -136.046 -53.5631 -127.131 
-74 -234.418 -55 49 -97.7308 -133.276 -51.2943 -123.438 
-126 -227.784 -55 49 -95.8456 -130.675 -51.8177 -125.956 
-126 -228.27 -56 49 -94.9983 -131.179 -52.2232 -128.509 
-88 -237.956 -55 48 -88.6546 -128.152 -51.9897 -122.829 
-88 -238.442 -56 48 -87.8073 -128.656 -52.3951 -125.382 
-82 -234.3 -54 48 -96.2857 -132.431 -47.9965 -121.375 
-96 -234.615 -57 50 -91.2121 -136.084 -60.2202 -139.933 
-88 -232.857 -55 49 -96.9155 -132.261 -51.2805 -122.392 
-88 -233.343 -56 49 -96.0682 -132.765 -51.686 -124.944 
-90 -235.413 -57 49 -91.9129 -130.959 -56.7666 -130.15 
-90 -230.271 -56 50 -99.2551 -142.593 -62.1799 -143.202 
-102 -229.358 -55 49 -99.6016 -130.619 -51.2391 -125.764 
-102 -229.845 -56 49 -98.7543 -131.123 -51.6446 -128.316 
-90 -233.705 -57 49 -94.7939 -130.898 -56.0735 -127.18 
-78 -233.217 -55 49 -98.766 -133.073 -52.9319 -123.67 
-80 -232.075 -56 49 -99.6081 -134.766 -57.3201 -128.317 
-92 -228.215 -55 49 -103.524 -135.177 -52.0803 -125.726 
-92 -228.702 -56 49 -102.676 -135.68 -52.4857 -128.278 
-74 -239.79 -54 48 -89.6775 -129.516 -47.1967 -118.041 
-92 -233.986 -57 50 -93.5374 -137.186 -58.9071 -140.157 
-80 -230.61 -55 49 -102.708 -134.163 -52.0665 -124.68 
-80 -234.225 -55 49 -96.9155 -132.261 -51.2805 -122.392 
-80 -234.712 -56 49 -96.0682 -132.765 -51.686 -124.944 
-102 -230.892 -56 49 -96.6415 -131.689 -54.8878 -127.002 
-102 -231.378 -57 49 -95.7942 -132.193 -55.2933 -129.554 
-88 -236.292 -54 48 -92.3636 -127.874 -47.1553 -121.413 
-90 -227.458 -55 49 -105.189 -136.046 -53.5631 -127.131 
-84 -235.278 -57 50 -93.5374 -137.186 -58.9071 -140.157 
-94 -227.485 -56 49 -104.09 -136.046 -53.5631 -127.131 
-94 -232.596 -56 49 -95.8925 -130.898 -56.0735 -127.18 
-86 -230.138 -54 48 -102.625 -132.294 -45.9503 -116.859 
-70 -234.586 -55 49 -98.766 -133.073 -52.9319 -123.67 
-88 -228.162 -55 49 -104.35 -135.307 -56.8106 -128.42 
-78 -235.149 -54 48 -96.2857 -132.431 -47.9965 -121.375 
-96 -230.077 -56 50 -98.4398 -141.579 -62.1661 -142.156 
-96 -230.564 -57 50 -97.5925 -142.082 -62.5716 -144.709 
-82 -234.012 -55 49 -96.9155 -132.261 -51.2805 -122.392 
-88 -238.995 -55 48 -87.3752 -127.335 -52.9403 -123.511 
-88 -227.592 -55 50 -105.297 -137.267 -56.9599 -130.023 
-88 -239.482 -56 48 -86.5279 -127.839 -53.3457 -126.064 
-66 -241.158 -54 48 -89.6775 -129.516 -47.1967 -118.041 
-82 -235.339 -54 48 -95.0063 -131.614 -48.9471 -122.057 
-88 -237.825 -55 48 -89.4035 -128.943 -50.804 -122.652 
-84 -233.224 -55 49 -97.7308 -133.276 -51.2943 -123.438 
-78 -234.147 -55 49 -97.7308 -133.276 -51.2943 -123.438 
-90 -228.864 -56 49 -103.184 -135.825 -52.4857 -128 
-96 -233.126 -56 49 -94.4177 -133.277 -57.1721 -131.287 
-88 -232.726 -55 49 -97.6644 -133.053 -50.0949 -122.214 
-96 -230.553 -54 49 -99.2273 -132.208 -51.0112 -121.108 
-96 -234.384 -57 50 -92.0273 -137.098 -60.234 -140.978 
-96 -231.04 -55 49 -98.3801 -132.712 -51.4166 -123.66 
-88 -232.626 -55 49 -97.7308 -133.276 -51.2943 -123.438 
-86 -230.438 -56 50 -100.29 -142.39 -63.8175 -143.434 
-92 -234.572 -56 49 -93.4244 -129.466 -56.7666 -128.607 
-88 -233.112 -56 49 -96.8835 -133.779 -51.6998 -125.99 
-92 -228.661 -55 48 -103.06 -135.04 -52.445 -128.01 
-96 -232.39 -56 49 -95.8925 -130.898 -56.0735 -127.18 
-108 -229.72 -55 49 -97.3891 -129.83 -55.7903 -124.85 
-98 -233.792 -57 50 -92.7221 -136.172 -58.8933 -139.112 
-108 -230.206 -56 49 -96.5418 -130.334 -56.1958 -127.403 
-98 -234.279 -58 50 -91.8748 -136.675 -59.2988 -141.664 
-84 -232.981 -56 49 -97.8178 -132.466 -56.0735 -126.881 
-90 -233.202 -57 50 -95.9981 -130.736 -58.5695 -129.329 
-102 -231.983 -57 49 -94.9886 -131.749 -57.4003 -132.112 
-86 -229.363 -55 49 -103.524 -135.177 -52.0803 -125.726 
-82 -237.011 -55 49 -91.2018 -138.833 -58.0823 -137.806 
-78 -231.506 -54 48 -102.625 -132.294 -45.9503 -116.859 
-82 -239.336 -56 49 -88.508 -127.826 -54.3323 -126.151 
-118 -234.078 -54 48 -88.6077 -127.929 -47.7339 -121.606 
-118 -234.565 -55 48 -87.7604 -128.433 -48.1394 -124.158 
-98 -230.554 -54 49 -99.0027 -133.929 -50.2885 -127.517 
-74 -235.38 -55 49 -96.9155 -132.261 -51.2805 -122.392 
-90 -235.085 -57 50 -92.7221 -136.172 -58.8933 -139.112 
-74 -240.83 -54 48 -88.3981 -128.699 -48.1473 -118.723 
-90 -235.571 -58 50 -91.8748 -136.675 -59.2988 -141.664 
-92 -225.091 -54 49 -108.564 -137.592 -55.8298 -126.9 
FEATURES_TXT_END_0
FEATURES_TXT_BEGIN_0 45 100 8 Distortion0_0 LM0_0 WordPenalty0_0 PhrasePenalty0_0 TranslationModel0_0 TranslationModel0_1 TranslationModel0_2 TranslationModel0_3 
-87 -215.509 -48 45 -74.3058 -107.355 -50.7597 -122.692 
-87 -216.33 -48 45 -73.0264 -106.537 -51.7103 -123.374 
-87 -214.633 -49 45 -75.3902 -107.697 -55.1603 -124.822 
-93 -216.975 -48 45 -71.1488 -103.931 -47.7441 -119.231 
-93 -217.796 -48 45 -69.8694 -103.114 -48.6948 -119.913 
-87 -212.907 -48 45 -78.6087 -109.062 -52.0661 -121.659 
-93 -216.1 -49 45 -72.2332 -104.274 -52.1447 -121.361 
-95 -212.544 -48 45 -77.4646 -107.457 -50.0485 -118.613 
-87 -213.727 -48 45 -77.3293 -108.245 -53.0167 -122.34 
-95 -213.365 -48 45 -76.1852 -106.64 -50.9991 -119.295 
-87 -212.031 -49 45 -79.6931 -109.405 -56.4667 -123.789 
-95 -211.669 -49 45 -78.549 -107.8 -54.4491 -120.743 
-93 -214.373 -48 45 -75.4516 -105.639 -49.0505 -118.197 
-101 -214.01 -48 45 -74.3076 -104.034 -47.033 -115.152 
-93 -215.194 -48 45 -74.1722 -104.822 -50.0012 -118.879 
-101 -214.831 -48 45 -73.0282 -103.217 -47.9836 -115.834 
-83 -219.439 -48 45 -70.3791 -103.768 -44.7997 -117.796 
-93 -213.497 -49 45 -76.536 -105.982 -53.4511 -120.327 
-101 -213.135 -49 45 -75.392 -104.377 -51.4336 -117.282 
-83 -220.259 -48 45 -69.0997 -102.951 -45.7503 -118.478 
-95 -211.935 -48 45 -78.6087 -109.062 -52.0661 -121.659 
-83 -218.563 -49 45 -71.4635 -104.111 -49.2003 -119.926 
-103 -217.078 -48 45 -68.952 -105.385 -46.5915 -117.977 
-95 -212.756 -48 45 -77.3293 -108.245 -53.0167 -122.34 
-97 -215.071 -49 45 -74.0026 -102.244 -47.8381 -117.131 
-95 -211.059 -49 45 -79.6931 -109.405 -56.4667 -123.789 
-97 -215.892 -49 45 -72.7232 -101.427 -48.7887 -117.813 
-85 -213.991 -48 45 -78.108 -110.184 -50.8568 -125.262 
-83 -225.033 -48 45 -61.6599 -99.1136 -49.0857 -123.715 
-95 -220.073 -48 45 -67.0727 -100.237 -43.4706 -116.184 
-101 -213.401 -48 45 -75.4516 -105.639 -49.0505 -118.197 
-97 -214.196 -50 45 -75.087 -102.587 -52.2387 -119.261 
-83 -216.836 -48 45 -74.682 -105.475 -46.1061 -116.762 
-91 -216.474 -48 45 -73.5379 -103.871 -44.0885 -113.717 
-85 -214.812 -48 45 -76.8286 -109.366 -51.8074 -125.944 
-95 -220.894 -48 45 -65.7933 -99.42 -44.4212 -116.865 
-101 -214.222 -48 45 -74.1722 -104.822 -50.0012 -118.879 
-83 -217.657 -48 45 -73.4025 -104.658 -47.0567 -117.444 
-91 -217.294 -48 45 -72.2585 -103.054 -45.0392 -114.399 
-85 -213.116 -49 45 -79.1924 -110.526 -55.2574 -127.392 
-95 -219.198 -49 45 -68.1571 -100.58 -47.8712 -118.314 
-101 -212.526 -49 45 -76.536 -105.982 -53.4511 -120.327 
-99 -217.274 -48 45 -70.3791 -103.768 -44.7997 -117.796 
-97 -211.686 -48 45 -78.6541 -109.991 -53.6755 -123.224 
-83 -215.961 -49 45 -75.7663 -105.818 -50.5067 -118.892 
-91 -215.458 -48 45 -74.951 -106.76 -47.8412 -121.801 
-91 -215.598 -49 45 -74.6223 -104.214 -48.4891 -115.847 
-103 -214.476 -48 45 -73.2548 -107.092 -47.8979 -116.944 
-111 -214.113 -48 45 -72.1108 -105.487 -45.8803 -113.899 
-89 -226.499 -48 45 -58.5029 -95.6904 -46.0702 -120.254 
-97 -212.469 -49 45 -78.3054 -103.952 -49.1445 -116.097 
-99 -218.095 -48 45 -69.0997 -102.951 -45.7503 -118.478 
-97 -212.507 -48 45 -77.3747 -109.174 -54.6261 -123.905 
-105 -212.106 -49 45 -77.1614 -102.347 -47.1269 -113.052 
-95 -217.95 -48 45 -70.3791 -103.768 -44.7997 -117.796 
-91 -216.279 -48 45 -73.6716 -105.943 -48.7919 -122.482 
-99 -216.399 -49 45 -71.4635 -104.111 -49.2003 -119.926 
-97 -213.29 -49 45 -77.026 -103.135 -50.0951 -116.779 
-97 -210.81 -49 45 -79.7385 -110.334 -58.0761 -125.354 
-105 -212.927 -49 45 -75.882 -101.53 -48.0775 -113.734 
-83 -223.854 -48 45 -63.6581 -102.558 -48.296 -123.743 
-85 -211.389 -48 45 -82.4109 -111.891 -52.1632 -124.228 
-95 -218.771 -48 45 -69.0997 -102.951 -45.7503 -118.478 
-91 -214.582 -49 45 -76.0354 -107.103 -52.2419 -123.93 
-93 -211.027 -48 45 -81.2668 -110.286 -50.1456 -121.183 
-83 -222.43 -48 45 -65.9628 -100.821 -50.3921 -122.681 
-95 -217.471 -48 45 -71.3755 -101.945 -44.777 -115.15 
-91 -222.068 -48 45 -64.8187 -99.2165 -48.3745 -119.636 
-103 -217.108 -48 45 -70.2315 -100.34 -42.7594 -112.105 
-103 -213.152 -48 45 -75.4971 -106.568 -50.66 -119.762 
-97 -211.594 -50 45 -79.3898 -104.295 -53.5451 -118.227 
-105 -211.231 -50 45 -78.2458 -102.69 -51.5275 -115.182 
-95 -217.075 -49 45 -71.4635 -104.111 -49.2003 -119.926 
-85 -212.21 -48 45 -81.1315 -111.074 -53.1138 -124.91 
-93 -211.847 -48 45 -79.9874 -109.469 -51.0962 -121.865 
-83 -219.25 -48 45 -71.1488 -103.931 -47.7441 -119.231 
-95 -218.292 -48 45 -70.0961 -101.128 -45.7276 -115.832 
-103 -217.929 -48 45 -68.9521 -99.5228 -43.71 -112.787 
-103 -213.973 -48 45 -74.2177 -105.751 -51.6106 -120.444 
-91 -215.864 -48 45 -74.6819 -105.475 -46.1061 -116.762 
-103 -218.864 -48 45 -66.2216 -105.212 -52.3748 -124.227 
-85 -210.514 -49 45 -83.4953 -112.234 -56.5638 -126.358 
-93 -210.151 -49 45 -82.3512 -110.629 -54.5462 -123.313 
-83 -220.071 -48 45 -69.8694 -103.114 -48.6948 -119.913 
-95 -216.596 -49 45 -72.4599 -102.288 -49.1776 -117.28 
-103 -216.233 -49 45 -71.3159 -100.683 -47.16 -114.235 
-99 -214.672 -48 45 -74.682 -105.475 -46.1061 -116.762 
-103 -212.277 -49 45 -76.5815 -106.911 -55.0606 -121.892 
-107 -214.309 -48 45 -73.5379 -103.871 -44.0885 -113.717 
-89 -225.321 -48 45 -60.5011 -99.1349 -45.2805 -120.282 
-91 -216.685 -48 45 -73.4025 -104.658 -47.0567 -117.444 
-103 -216.249 -48 45 -70.9889 -105.57 -46.5915 -116.879 
-91 -212.855 -48 45 -79.2539 -108.468 -49.1477 -120.767 
-93 -217.753 -49 45 -70.9557 -103.256 -50.3344 -119.94 
-99 -212.493 -48 45 -78.1098 -106.863 -47.1301 -117.722 
-89 -223.897 -48 45 -62.8057 -97.3979 -47.3766 -119.22 
-101 -212.241 -48 45 -77.3732 -107.492 -53.2055 -121.164 
-97 -223.534 -48 45 -61.6617 -95.7932 -45.359 -116.175 
-83 -218.375 -49 45 -72.2332 -104.274 -52.1447 -121.361 
-83 -215.451 -47 45 -77.0784 -106.89 -50.1636 -119.549 
FEATURES_TXT_END_0
FEATURES_TXT_BEGIN_0 46 62 8 Distortion0_0 LM0_0 WordPenalty0_0 PhrasePenalty0_0 TranslationModel0_0 TranslationModel0_1 TranslationModel0_2 TranslationModel0_3 
-63 -221.883 -36 36 -65.0144 -70.0551 -34.3485 -54.2141 
-63 -224.719 -36 36 -61.16 -67.0591 -32.9622 -53.8776 
-61 -222.433 -36 36 -65.0144 -70.0551 -34.3485 -54.2141 
-65 -221.883 -36 36 -65.0144 -70.0551 -34.3485 -54.2141 
-61 -225.27 -36 36 -61.16 -67.0591 -32.9622 -53.8776 
-55 -223.28 -35 35 -66.0061 -69.6623 -30.0022 -51.9365 
-65 -224.719 -36 36 -61.16 -67.0591 -32.9622 -53.8776 
-63 -222.433 -36 36 -65.0144 -70.0551 -34.3485 -54.2141 
-67 -228.539 -35 35 -56.4264 -65.6335 -24.3681 -49.3856 
-67 -223.911 -36 36 -63.0896 -69.8956 -30.5418 -52.2289 
-67 -223.613 -36 36 -62.4338 -68.7479 -32.0459 -52.4631 
-67 -221.883 -36 36 -65.0144 -70.0551 -34.3485 -54.2141 
-55 -226.367 -35 35 -62.2055 -68.7889 -29.561 -51.7073 
-51 -226.367 -35 35 -62.2055 -68.7889 -29.561 -51.7073 
-67 -227.988 -35 35 -56.4264 -65.6335 -24.3681 -49.3856 
-55 -226.116 -35 35 -62.1517 -66.6664 -28.6159 -51.6 
-65 -226.097 -35 35 -59.625 -67.4818 -27.2584 -49.9563 
-53 -223.83 -35 35 -66.0061 -69.6623 -30.0022 -51.9365 
-63 -225.27 -36 36 -61.16 -67.0591 -32.9622 -53.8776 
-65 -222.062 -37 37 -66.1303 -69.5169 -37.1804 -55.6465 
-59 -229.385 -34 34 -57.4181 -65.2407 -20.0218 -47.1081 
-67 -226.45 -36 36 -58.5795 -65.752 -30.6596 -52.1266 
-65 -224.163 -36 36 -62.4338 -68.7479 -32.0459 -52.4631 
-51 -224.56 -36 36 -65.0144 -70.0551 -34.3485 -54.2141 
-57 -223.28 -35 35 -66.0061 -69.6623 -30.0022 -51.9365 
-67 -224.719 -36 36 -61.16 -67.0591 -32.9622 -53.8776 
-71 -221.883 -36 36 -65.0144 -70.0551 -34.3485 -54.2141 
-51 -229.203 -35 35 -58.3511 -65.7929 -28.1747 -51.3708 
-65 -222.433 -36 36 -65.0144 -70.0551 -34.3485 -54.2141 
-55 -228.097 -35 35 -59.625 -67.4818 -27.2584 -49.9563 
-71 -223.613 -36 36 -62.4338 -68.7479 -32.0459 -52.4631 
-71 -223.223 -36 36 -63.0896 -69.8956 -30.5418 -52.2289 
-69 -223.223 -36 36 -63.0896 -69.8956 -30.5418 -52.2289 
-49 -226.917 -35 35 -62.2055 -68.7889 -29.561 -51.7073 
-69 -223.613 -36 36 -62.4338 -68.7479 -32.0459 -52.4631 
-69 -221.883 -36 36 -65.0144 -70.0551 -34.3485 -54.2141 
-51 -226.917 -35 35 -62.2055 -68.7889 -29.561 -51.7073 
-57 -225.984 -35 35 -62.2055 -68.7889 -29.561 -51.7073 
-53 -226.367 -35 35 -62.2055 -68.7889 -29.561 -51.7073 
-65 -228.539 -35 35 -56.4264 -65.6335 -24.3681 -49.3856 
-53 -226.667 -35 35 -62.1517 -66.6664 -28.6159 -51.6 
-63 -226.647 -35 35 -59.625 -67.4818 -27.2584 -49.9563 
-69 -227.988 -35 35 -56.4264 -65.6335 -24.3681 -49.3856 
-67 -222.433 -36 36 -65.0144 -70.0551 -34.3485 -54.2141 
-65 -227 -36 36 -58.5795 -65.752 -30.6596 -52.1266 
-57 -226.116 -35 35 -62.1517 -66.6664 -28.6159 -51.6 
-51 -227.396 -36 36 -61.16 -67.0591 -32.9622 -53.8776 
-67 -226.097 -35 35 -59.625 -67.4818 -27.2584 -49.9563 
-53 -229.203 -35 35 -58.3511 -65.7929 -28.1747 -51.3708 
-55 -223.83 -35 35 -66.0061 -69.6623 -30.0022 -51.9365 
-43 -227.764 -34 34 -63.1972 -68.3961 -25.2147 -49.4297 
-63 -227.656 -35 35 -58.3511 -65.7929 -28.1747 -51.3708 
-65 -225.27 -36 36 -61.16 -67.0591 -32.9622 -53.8776 
-69 -224.719 -36 36 -61.16 -67.0591 -32.9622 -53.8776 
-47 -229.9 -34 34 -59.1461 -64.4193 -23.1353 -48.1124 
-59 -223.28 -35 35 -66.0061 -69.6623 -30.0022 -51.9365 
-67 -224.163 -36 36 -62.4338 -68.7479 -32.0459 -52.4631 
-49 -229.753 -35 35 -58.3511 -65.7929 -28.1747 -51.3708 
-69 -226.06 -36 36 -59.2352 -66.8997 -29.1555 -51.8924 
-59 -225.01 -35 35 -63.4256 -68.3552 -27.6996 -50.1855 
-67 -223.773 -36 36 -63.0896 -69.8956 -30.5418 -52.2289 
-69 -226.45 -36 36 -58.5795 -65.752 -30.6596 -52.1266 
FEATURES_TXT_END_0
FEATURES_TXT_BEGIN_0 47 100 8 Distortion0_0 LM0_0 WordPenalty0_0 PhrasePenalty0_0 TranslationModel0_0 TranslationModel0_1 TranslationModel0_2 TranslationModel0_3 
-114 -334.267 -70 62 -90.9347 -136.918 -43.6962 -152.882 
-134 -335.852 -72 62 -83.331 -137.164 -42.7733 -155.328 
-124 -332.764 -71 63 -90.9826 -137.186 -45.4371 -153.064 
-118 -335.218 -70 62 -88.6217 -136.203 -46.7043 -156.074 
-116 -331.436 -70 61 -95.6275 -137.681 -41.6594 -150.179 
-136 -333.021 -72 61 -88.0238 -137.927 -40.7366 -152.625 
-124 -331.564 -70 62 -93.0349 -136.818 -47.9608 -152.57 
-126 -329.933 -71 62 -95.6754 -137.949 -43.4003 -150.361 
-120 -335.038 -71 63 -88.6696 -136.471 -48.4452 -156.256 
-120 -333.369 -69 61 -91.3299 -136.983 -47.7239 -155.345 
-110 -332.271 -69 62 -96.2753 -136.639 -43.0837 -151.107 
-134 -336.397 -71 62 -83.331 -137.164 -42.7733 -155.328 
-130 -333.856 -71 62 -88.6716 -136.886 -42.1608 -153.554 
-120 -332.387 -70 61 -93.3145 -136.966 -44.6676 -153.371 
-116 -332.331 -69 62 -94.1468 -142.325 -44.4634 -155.926 
-114 -334.467 -71 62 -91.2487 -136.918 -46.8532 -152.882 
-136 -333.916 -71 62 -86.5432 -142.571 -43.5406 -158.373 
-112 -330.066 -69 62 -99.4353 -136.524 -43.7027 -147.505 
-120 -330.768 -70 63 -96.3232 -136.908 -44.8246 -151.289 
-132 -331.651 -71 62 -91.8316 -136.771 -42.7799 -149.951 
-120 -332.636 -69 61 -92.987 -136.55 -46.2199 -152.388 
-126 -328.734 -70 61 -97.7277 -137.581 -45.924 -149.867 
-126 -330.828 -70 63 -94.1947 -142.593 -46.2043 -156.109 
-106 -332.152 -69 63 -97.6386 -139.638 -43.3652 -150.971 
-122 -333.189 -70 62 -91.3778 -137.251 -49.4649 -155.527 
-108 -335.993 -70 62 -90.9347 -136.918 -43.6962 -152.882 
-114 -333.222 -69 62 -93.9623 -135.925 -46.0918 -154.299 
-126 -333.265 -71 63 -90.4743 -139.895 -46.9924 -158.758 
-118 -334.833 -70 62 -90.2789 -135.77 -45.2002 -153.116 
-126 -333.738 -71 63 -90.0349 -139.885 -42.4424 -153.418 
-122 -328.562 -70 63 -99.4832 -136.793 -45.4436 -147.687 
-128 -337.579 -72 62 -83.331 -137.164 -42.7733 -155.328 
-130 -335.321 -71 63 -86.559 -135.294 -46.5734 -156.311 
-122 -332.207 -71 62 -93.3624 -137.234 -46.4085 -153.553 
-114 -335.37 -71 62 -90.2841 -136.918 -45.4879 -152.882 
-120 -333.282 -69 62 -91.8339 -141.61 -47.4716 -159.118 
-120 -334.226 -70 62 -90.9347 -136.918 -43.6962 -152.882 
-114 -335.149 -69 62 -91.0612 -136.918 -43.0771 -152.882 
-122 -330.538 -69 60 -96.0226 -137.746 -45.6872 -152.642 
-136 -333.566 -71 61 -88.0238 -137.927 -40.7366 -152.625 
-118 -335.418 -71 62 -88.9358 -136.203 -49.8613 -156.074 
-120 -334.257 -70 62 -90.9347 -136.918 -43.6962 -152.882 
-98 -336.884 -69 61 -92.1699 -136.803 -42.8782 -151.284 
-120 -334.267 -70 62 -90.9347 -136.918 -43.6962 -152.882 
-140 -335.812 -72 62 -83.331 -137.164 -42.7733 -155.328 
-134 -336.734 -71 62 -83.4575 -137.164 -42.1543 -155.328 
-116 -331.017 -69 62 -97.1224 -135.81 -46.7109 -150.696 
-116 -330.649 -70 64 -97.6865 -139.907 -45.1061 -151.153 
-112 -332.662 -70 61 -95.6275 -137.681 -41.6594 -150.179 
-106 -336.451 -69 62 -91.0612 -136.918 -43.0771 -152.882 
-140 -335.843 -72 62 -83.331 -137.164 -42.7733 -155.328 
-120 -329.569 -69 62 -98.3755 -136.54 -47.3483 -150.795 
-118 -338.469 -71 61 -84.5662 -137.05 -41.9554 -153.73 
-118 -334.49 -71 63 -90.9826 -137.186 -45.4371 -153.064 
-140 -335.852 -72 62 -83.331 -137.164 -42.7733 -155.328 
-114 -336.175 -70 62 -89.2775 -137.351 -45.2002 -155.839 
-126 -337.724 -71 62 -84.0241 -135.421 -42.7733 -154.076 
-122 -332.455 -70 62 -93.0349 -136.818 -47.9608 -152.57 
-116 -331.636 -71 61 -95.9415 -137.681 -44.8164 -150.179 
-132 -334.247 -72 61 -88.0238 -137.927 -40.7366 -152.625 
-126 -338.036 -71 62 -83.4575 -137.164 -42.1543 -155.328 
-134 -337.76 -72 62 -81.6738 -137.597 -44.2774 -158.286 
-110 -331.803 -69 62 -97.7117 -135.795 -44.619 -150.001 
-110 -329.298 -68 63 -101.941 -137.357 -42.6786 -146.042 
-126 -329.629 -69 62 -96.2471 -142.225 -48.728 -155.614 
-130 -332.723 -71 63 -90.9826 -137.186 -45.4371 -153.064 
-124 -333.645 -70 63 -91.1091 -137.186 -44.818 -153.064 
-110 -333.104 -69 63 -95.3257 -138.924 -46.3734 -154.163 
-114 -332.46 -70 61 -95.6275 -137.681 -41.6594 -150.179 
-116 -333.042 -70 63 -94.0102 -136.193 -47.8327 -154.481 
-120 -334.653 -71 63 -90.3268 -136.038 -46.9412 -153.298 
-130 -333.388 -71 62 -90.108 -136.041 -43.6962 -152.448 
-112 -336.944 -70 62 -88.6217 -136.203 -46.7043 -156.074 
-130 -330.884 -70 63 -94.3372 -137.603 -41.7558 -148.489 
-130 -332.754 -71 63 -90.9826 -137.186 -45.4371 -153.064 
-112 -335.649 -70 62 -90.9347 -136.918 -43.6962 -152.882 
-108 -335.381 -70 62 -92.2178 -137.072 -44.6191 -151.466 
-130 -332.764 -71 63 -90.9826 -137.186 -45.4371 -153.064 
-122 -329.805 -69 60 -97.6798 -137.313 -44.1831 -149.685 
-116 -331.373 -68 61 -96.6704 -136.705 -47.1115 -153.57 
-122 -327.363 -69 62 -101.536 -136.425 -47.9673 -147.193 
-134 -334.045 -72 61 -88.0238 -137.927 -40.7366 -152.625 
-130 -334.401 -70 62 -88.6716 -136.886 -42.1608 -153.554 
-126 -338.179 -71 62 -83.331 -137.164 -42.7733 -155.328 
-122 -331.159 -71 62 -95.6754 -137.949 -43.4003 -150.361 
-116 -334.947 -70 63 -91.1091 -137.186 -44.818 -153.064 
-132 -337.235 -72 62 -83.331 -137.164 -42.7733 -155.328 
-134 -335.48 -71 61 -85.3833 -136.796 -45.297 -154.834 
-132 -333.472 -70 62 -89.2671 -136.074 -47.593 -155.583 
-124 -334.671 -71 63 -89.3254 -137.619 -46.9411 -156.022 
-114 -333.619 -70 62 -93.3734 -138.11 -47.6082 -154.775 
-122 -333.102 -70 63 -91.8818 -141.878 -49.2125 -159.3 
-124 -330.358 -70 61 -96.0705 -138.014 -47.4281 -152.824 
-118 -336.322 -71 62 -87.9712 -136.203 -48.4961 -156.074 
-124 -335.178 -70 62 -88.6217 -136.203 -46.7043 -156.074 
-118 -336.1 -69 62 -88.7482 -136.203 -46.0853 -156.074 
-128 -330.434 -71 62 -95.1671 -140.658 -44.9557 -156.055 
-120 -332.002 -70 61 -94.9717 -136.533 -43.1635 -150.413 
-102 -334.03 -68 61 -96.4722 -134.522 -42.1916 -146.355 
-106 -333.497 -69 62 -96.2753 -136.639 -43.0837 -151.107 
FEATURES_TXT_END_0
FEATURES_TXT_BEGIN_0 48 79 8 Distortion0_0 LM0_0 WordPenalty0_0 PhrasePenalty0_0 TranslationModel0_0 TranslationModel0_1 TranslationModel0_2 TranslationModel0_3 
-51 -150.219 -24 24 -26.982 -39.287 -15.7931 -42.0082 
-55 -151.206 -24 24 -25.2207 -37.7642 -11.9101 -38.3541 
-53 -150.219 -24 24 -26.982 -39.287 -15.7931 -42.0082 
-54 -150.219 -24 24 -26.982 -39.287 -15.7931 -42.0082 
-57 -151.206 -24 24 -25.2207 -37.7642 -11.9101 -38.3541 
-60 -150.693 -24 24 -27.0432 -41.9591 -13.0087 -40.175 
-56 -152.674 -24 24 -25.2037 -37.9978 -12.6334 -39.0586 
-55 -151.562 -24 24 -25.0508 -38.7242 -12.3155 -39.1273 
-58 -151.206 -24 24 -25.2207 -37.7642 -11.9101 -38.3541 
-55 -150.409 -24 24 -26.982 -39.287 -15.7931 -42.0082 
-59 -151.206 -24 24 -25.2207 -37.7642 -11.9101 -38.3541 
-55 -150.938 -24 24 -27.8714 -40.1473 -14.7433 -40.2003 
-57 -151.562 -24 24 -25.0508 -38.7242 -12.3155 -39.1273 
-47 -154.081 -24 24 -25.0508 -38.7242 -12.3155 -39.1273 
-47 -151.687 -24 24 -26.9649 -39.5205 -16.5165 -42.7127 
-51 -149.706 -24 24 -28.8045 -43.4819 -16.8917 -43.8292 
-55 -149.107 -24 24 -28.8045 -43.4819 -16.8917 -43.8292 
-57 -150.219 -24 24 -26.982 -39.287 -15.7931 -42.0082 
-47 -152.175 -25 24 -25.8778 -40.8646 -18.5965 -45.0557 
-60 -151.206 -24 24 -25.2207 -37.7642 -11.9101 -38.3541 
-49 -154.413 -25 24 -23.3641 -39.0546 -18.5657 -45.0832 
-58 -151.562 -24 24 -25.0508 -38.7242 -12.3155 -39.1273 
-57 -150.409 -24 24 -26.982 -39.287 -15.7931 -42.0082 
-56 -151.287 -24 24 -26.982 -39.287 -15.7931 -42.0082 
-51 -152.674 -24 24 -25.2037 -37.9978 -12.6334 -39.0586 
-55 -150.693 -24 24 -27.0432 -41.9591 -13.0087 -40.175 
-59 -151.562 -24 24 -25.0508 -38.7242 -12.3155 -39.1273 
-49 -151.687 -24 24 -26.9649 -39.5205 -16.5165 -42.7127 
-53 -149.706 -24 24 -28.8045 -43.4819 -16.8917 -43.8292 
-57 -149.107 -24 24 -28.8045 -43.4819 -16.8917 -43.8292 
-47 -152.696 -24 24 -26.8121 -40.2469 -16.1986 -42.7814 
-59 -150.219 -24 24 -26.982 -39.287 -15.7931 -42.0082 
-51 -150.687 -24 24 -28.2614 -40.104 -14.8425 -41.3264 
-49 -152.175 -25 24 -25.8778 -40.8646 -18.5965 -45.0557 
-43 -153.644 -25 24 -25.8607 -41.0982 -19.3198 -45.7602 
-58 -150.409 -24 24 -26.982 -39.287 -15.7931 -42.0082 
-60 -151.562 -24 24 -25.0508 -38.7242 -12.3155 -39.1273 
-50 -151.687 -24 24 -26.9649 -39.5205 -16.5165 -42.7127 
-54 -149.706 -24 24 -28.8045 -43.4819 -16.8917 -43.8292 
-53 -151.287 -24 24 -26.982 -39.287 -15.7931 -42.0082 
-55 -152.031 -24 24 -26.3302 -39.5412 -11.3649 -38.4455 
-58 -149.107 -24 24 -28.8045 -43.4819 -16.8917 -43.8292 
-60 -150.219 -24 24 -26.982 -39.287 -15.7931 -42.0082 
-50 -152.175 -25 24 -25.8778 -40.8646 -18.5965 -45.0557 
-59 -150.409 -24 24 -26.982 -39.287 -15.7931 -42.0082 
-53 -152.674 -24 24 -25.2037 -37.9978 -12.6334 -39.0586 
-57 -149.706 -24 24 -28.8045 -43.4819 -16.8917 -43.8292 
-53 -151.687 -24 24 -26.9649 -39.5205 -16.5165 -42.7127 
-57 -150.693 -24 24 -27.0432 -41.9591 -13.0087 -40.175 
-63 -151.562 -24 24 -25.0508 -38.7242 -12.3155 -39.1273 
-59 -152.15 -24 24 -25.2207 -37.7642 -11.9101 -38.3541 
-51 -153.031 -24 24 -25.0338 -38.9577 -13.0389 -39.8318 
-55 -151.674 -24 24 -26.5001 -38.5813 -10.9595 -37.6723 
-61 -151.562 -24 24 -25.0508 -38.7242 -12.3155 -39.1273 
-59 -149.107 -24 24 -28.8045 -43.4819 -16.8917 -43.8292 
-61 -150.219 -24 24 -26.982 -39.287 -15.7931 -42.0082 
-53 -150.687 -24 24 -28.2614 -40.104 -14.8425 -41.3264 
-51 -152.175 -25 24 -25.8778 -40.8646 -18.5965 -45.0557 
-60 -150.409 -24 24 -26.982 -39.287 -15.7931 -42.0082 
-54 -152.674 -24 24 -25.2037 -37.9978 -12.6334 -39.0586 
-58 -150.693 -24 24 -27.0432 -41.9591 -13.0087 -40.175 
-55 -151.287 -24 24 -26.982 -39.287 -15.7931 -42.0082 
-59 -152.149 -24 24 -25.2207 -37.7642 -11.9101 -38.3541 
-49 -152.514 -24 24 -26.2452 -40.082 -17.4671 -43.3945 
-60 -149.107 -24 24 -28.8045 -43.4819 -16.8917 -43.8292 
-51 -152.212 -24 24 -26.0477 -41.9569 -18.191 -45.7241 
-51 -151.878 -24 24 -26.9649 -39.5205 -16.5165 -42.7127 
-54 -150.687 -24 24 -28.2614 -40.104 -14.8425 -41.3264 
-52 -152.175 -25 24 -25.8778 -40.8646 -18.5965 -45.0557 
-51 -153.291 -24 24 -25.2207 -37.7642 -11.9101 -38.3541 
-55 -152.674 -24 24 -25.2037 -37.9978 -12.6334 -39.0586 
-51 -150.575 -24 24 -28.7875 -43.7154 -17.6151 -44.5337 
-53 -151.71 -24 24 -26.8121 -40.2469 -16.1986 -42.7814 
-59 -150.693 -24 24 -27.0432 -41.9591 -13.0087 -40.175 
-53 -153.095 -24 24 -25.0508 -38.7242 -12.3155 -39.1273 
-53 -153.031 -24 24 -25.0338 -38.9577 -13.0389 -39.8318 
-57 -151.674 -24 24 -26.5001 -38.5813 -10.9595 -37.6723 
-65 -151.206 -24 24 -25.2207 -37.7642 -11.9101 -38.3541 
-47 -151.175 -24 24 -28.7875 -43.7154 -17.6151 -44.5337 
FEATURES_TXT_END_0
FEATURES_TXT_BEGIN_0 49 100 8 Distortion0_0 LM0_0 WordPenalty0_0 PhrasePenalty0_0 TranslationModel0_0 TranslationModel0_1 TranslationModel0_2 TranslationModel0_3 
-34 -187.746 -35 28 -61.2425 -86.247 -24.5202 -64.3223 
-48 -186.056 -37 29 -59.711 -87.3505 -31.8998 -69.3969 
-42 -187.428 -37 29 -59.3767 -86.7117 -28.5104 -67.4658 
-34 -186.229 -36 29 -63.4725 -87.6329 -27.3354 -66.5329 
-52 -186.171 -36 29 -59.3599 -86.1623 -26.0545 -67.7023 
-34 -187.672 -36 28 -61.0197 -87.8512 -28.6587 -71.5217 
-48 -185.983 -38 29 -59.4882 -88.9546 -36.0383 -76.5964 
-42 -187.354 -38 29 -59.1539 -88.3159 -32.6489 -74.6652 
-34 -186.155 -37 29 -63.2497 -89.237 -31.474 -73.7324 
-52 -186.098 -37 29 -59.1371 -87.7665 -30.193 -74.9018 
-34 -189.188 -37 29 -58.6278 -85.9207 -29.6961 -67.6437 
-49 -186.056 -37 29 -59.711 -87.3505 -31.8998 -69.3969 
-34 -189.114 -38 29 -58.405 -87.5248 -33.8346 -74.8432 
-43 -187.428 -37 29 -59.3767 -86.7117 -28.5104 -67.4658 
-53 -186.171 -36 29 -59.3599 -86.1623 -26.0545 -67.7023 
-49 -185.983 -38 29 -59.4882 -88.9546 -36.0383 -76.5964 
-43 -187.354 -38 29 -59.1539 -88.3159 -32.6489 -74.6652 
-46 -186.125 -35 28 -61.2425 -86.247 -24.5202 -64.3223 
-53 -186.098 -37 29 -59.1371 -87.7665 -30.193 -74.9018 
-46 -186.051 -36 28 -61.0197 -87.8512 -28.6587 -71.5217 
-40 -187.619 -37 29 -59.711 -87.3505 -31.8998 -69.3969 
-40 -187.545 -38 29 -59.4882 -88.9546 -36.0383 -76.5964 
-40 -185.5 -36 29 -63.3273 -88.2716 -31.2066 -68.464 
-40 -185.426 -37 29 -63.1045 -89.8758 -35.3452 -75.6635 
-50 -182.771 -36 29 -65.1366 -90.2923 -31.3036 -66.5714 
-42 -181.573 -35 29 -69.2324 -91.2135 -30.1287 -65.6385 
-42 -186.995 -36 29 -60.876 -86.0444 -28.5104 -63.9854 
-34 -185.796 -35 29 -64.9717 -86.9655 -27.3354 -63.0525 
-42 -183.149 -34 28 -67.0024 -89.8276 -27.3134 -63.4279 
-42 -186.921 -37 29 -60.6531 -87.6485 -32.6489 -71.1849 
-34 -185.722 -36 29 -64.7489 -88.5697 -31.474 -70.252 
-34 -187.372 -34 28 -62.7417 -85.5796 -24.5202 -60.8419 
-34 -189.19 -37 29 -59.3767 -86.7117 -28.5104 -67.4658 
-40 -186.784 -36 29 -61.6648 -88.9125 -30.0117 -71.4739 
-54 -185.094 -38 30 -60.1333 -90.016 -37.3914 -76.5486 
-48 -186.466 -38 30 -59.7991 -89.3773 -34.002 -74.6174 
-40 -185.267 -37 30 -63.8948 -90.2984 -32.827 -73.6846 
-34 -187.298 -35 28 -62.5189 -87.1838 -28.6587 -68.0414 
-34 -189.117 -38 29 -59.1539 -88.3159 -32.6489 -74.6652 
-58 -185.209 -37 30 -59.7822 -88.8279 -31.5461 -74.854 
-42 -184.532 -36 29 -64.3877 -89.5012 -32.4893 -66.7494 
-34 -188.755 -36 29 -60.127 -85.2533 -29.6961 -64.1633 
-38 -187.746 -35 28 -61.2425 -86.247 -24.5202 -64.3223 
-38 -186.229 -36 29 -63.4725 -87.6329 -27.3354 -66.5329 
-51 -182.771 -36 29 -65.1366 -90.2923 -31.3036 -66.5714 
-34 -188.681 -37 29 -59.9042 -86.8575 -33.8346 -71.3628 
-43 -186.995 -36 29 -60.876 -86.0444 -28.5104 -63.9854 
-38 -187.672 -36 28 -61.0197 -87.8512 -28.6587 -71.5217 
-56 -181.576 -36 29 -65.4709 -90.931 -34.693 -68.5026 
-38 -186.155 -37 29 -63.2497 -89.237 -31.474 -73.7324 
-34 -187.822 -36 29 -61.6648 -88.9125 -30.0117 -71.4739 
-48 -186.133 -38 30 -60.1333 -90.016 -37.3914 -76.5486 
-40 -188.226 -38 30 -59.0501 -88.5862 -35.1876 -74.7954 
-42 -187.504 -38 30 -59.7991 -89.3773 -34.002 -74.6174 
-34 -186.306 -37 30 -63.8948 -90.2984 -32.827 -73.6846 
-43 -186.921 -37 29 -60.6531 -87.6485 -32.6489 -71.1849 
-48 -185.834 -36 29 -61.2102 -86.6831 -31.8998 -65.9165 
-52 -186.248 -37 30 -59.7822 -88.8279 -31.5461 -74.854 
-55 -185.094 -38 30 -60.1333 -90.016 -37.3914 -76.5486 
-49 -186.466 -38 30 -59.7991 -89.3773 -34.002 -74.6174 
-38 -189.188 -37 29 -58.6278 -85.9207 -29.6961 -67.6437 
-48 -185.76 -37 29 -60.9874 -88.2873 -36.0383 -73.116 
-59 -185.209 -37 30 -59.7822 -88.8279 -31.5461 -74.854 
-38 -189.114 -38 29 -58.405 -87.5248 -33.8346 -74.8432 
-52 -185.163 -36 29 -61.6648 -88.9125 -30.0117 -71.4739 
-34 -189.264 -38 30 -59.0501 -88.5862 -35.1876 -74.7954 
-57 -181.576 -36 29 -65.4709 -90.931 -34.693 -68.5026 
-44 -188.952 -36 28 -58.4653 -83.8639 -22.306 -62.476 
-58 -187.263 -38 29 -56.9339 -84.9673 -29.6856 -67.5507 
-49 -186.133 -38 30 -60.1333 -90.016 -37.3914 -76.5486 
-50 -186.125 -35 28 -61.2425 -86.247 -24.5202 -64.3223 
-42 -183.206 -34 28 -67.1291 -91.8991 -28.412 -65.3714 
-52 -188.634 -38 29 -56.5996 -84.3286 -26.2963 -65.6195 
-43 -187.504 -38 30 -59.7991 -89.3773 -34.002 -74.6174 
-44 -187.436 -37 29 -60.6954 -85.2498 -25.1213 -64.6866 
-49 -185.834 -36 29 -61.2102 -86.6831 -31.8998 -65.9165 
-42 -189.271 -38 30 -58.5327 -80.643 -28.3101 -67.8569 
-62 -187.378 -37 29 -56.5828 -83.7792 -23.8403 -65.8561 
-53 -186.248 -37 30 -59.7822 -88.8279 -31.5461 -74.854 
-44 -188.878 -37 28 -58.2425 -85.468 -26.4445 -69.6755 
-58 -187.189 -39 29 -56.711 -86.5715 -33.8241 -74.7502 
-50 -186.051 -36 28 -61.0197 -87.8512 -28.6587 -71.5217 
-52 -188.56 -39 29 -56.3768 -85.9328 -30.4348 -72.819 
-44 -187.362 -38 29 -60.4725 -86.8539 -29.2598 -71.8861 
-44 -188.262 -36 29 -59.3599 -86.1623 -26.0545 -67.7023 
-49 -185.76 -37 29 -60.9874 -88.2873 -36.0383 -73.116 
-42 -189.197 -39 30 -58.3099 -82.2471 -32.4486 -75.0564 
-46 -186.657 -38 30 -60.1333 -90.016 -37.3914 -76.5486 
-46 -186.201 -36 29 -61.6648 -88.9125 -30.0117 -71.4739 
-62 -187.304 -38 29 -56.36 -85.3834 -27.9788 -73.0556 
-44 -188.189 -37 29 -59.1371 -87.7665 -30.193 -74.9018 
-44 -190.394 -38 29 -55.8506 -83.5375 -27.4819 -65.7974 
-46 -186.021 -35 29 -62.1101 -91.0842 -26.486 -67.7036 
-44 -187.619 -37 29 -59.711 -87.3505 -31.8998 -69.3969 
-46 -184.538 -37 30 -63.7496 -90.9371 -36.6982 -75.6157 
-60 -184.331 -37 30 -60.5786 -92.1876 -33.8656 -72.7783 
-54 -185.703 -37 30 -60.2443 -91.5489 -30.4762 -70.8472 
-46 -184.504 -36 30 -64.3401 -92.4701 -29.3013 -69.9143 
-52 -184.502 -37 29 -62.7168 -90.0128 -31.9558 -72.3423 
-44 -183.303 -36 29 -66.8126 -90.9339 -30.7808 -71.4094 
FEATURES_TXT_END_0
FEATURES_TXT_BEGIN_0 50 100 8 Distortion0_0 LM0_0 WordPenalty0_0 PhrasePenalty0_0 TranslationModel0_0 TranslationModel0_1 TranslationModel0_2 TranslationModel0_3 
-119 -232.816 -61 58 -98.3107 -142.857 -91.7554 -168.059 
-131 -235.279 -62 59 -91.2653 -144.009 -97.2339 -178.58 
-127 -236.498 -61 58 -90.8501 -142.254 -92.8891 -172.8 
-115 -235.967 -61 57 -95.1381 -142.126 -89.2358 -170.905 
-123 -234.908 -61 58 -94.9818 -139.27 -90.8391 -165.434 
-117 -231.861 -61 58 -101.068 -143.477 -92.2616 -167.529 
-115 -235.034 -61 58 -96.7854 -142.943 -89.8192 -170.223 
-125 -236.064 -62 58 -92.8652 -136.271 -92.1564 -165.257 
-115 -234.285 -60 58 -98.2349 -142.857 -89.1261 -168.059 
-127 -238.43 -62 58 -88.0927 -143.278 -94.7144 -181.426 
-111 -233.101 -61 57 -100.588 -147.19 -92.0874 -173.672 
-121 -229.676 -62 58 -103.888 -143.936 -92.3081 -166.71 
-105 -236.217 -61 57 -96.9878 -145.133 -94.3387 -174.449 
-115 -233.218 -60 57 -100.238 -143.852 -86.9845 -167.741 
-129 -234.324 -62 59 -94.0229 -144.629 -97.7402 -178.05 
-127 -237.498 -62 59 -89.74 -144.095 -95.2978 -180.745 
-119 -231.183 -61 58 -102.155 -143.856 -90.8047 -165.991 
-127 -235.186 -62 59 -93.9789 -138.943 -93.3399 -170.242 
-123 -239.649 -61 57 -87.6776 -141.523 -90.3695 -175.646 
-117 -235.343 -60 57 -95.4556 -145.284 -93.6749 -172.306 
-109 -236.334 -60 57 -96.6374 -141.794 -89.2358 -168.518 
-115 -232.04 -61 58 -101.817 -144.268 -91.076 -167.351 
-117 -231.761 -61 58 -101.817 -144.268 -91.076 -167.351 
-127 -236.748 -61 59 -91.1895 -144.009 -94.6047 -178.58 
-125 -235.543 -61 58 -93.6077 -142.874 -93.3954 -172.27 
-117 -232.755 -60 57 -100.551 -142.049 -88.4327 -163.71 
-123 -238.716 -61 58 -89.3249 -142.34 -90.953 -174.964 
-111 -233.214 -61 57 -100.993 -143.363 -91.3942 -168.519 
-131 -234.157 -62 59 -94.852 -140.803 -90.2523 -166.327 
-119 -238.06 -61 57 -91.8093 -138.54 -88.3195 -168.28 
-123 -234.533 -62 59 -96.0352 -142.825 -91.3509 -168.731 
-113 -235.012 -61 57 -97.8957 -142.746 -89.7421 -170.375 
-105 -236.33 -61 57 -97.3932 -141.306 -93.6455 -169.295 
-123 -235.564 -62 58 -93.5426 -148.342 -97.566 -184.193 
-127 -233.356 -61 58 -97.1275 -140.835 -90.6567 -165.655 
-133 -232.139 -63 59 -96.8428 -145.088 -97.7867 -177.231 
-111 -235.906 -60 56 -97.3788 -141.319 -85.9131 -166.556 
-117 -238.68 -62 58 -89.9424 -146.285 -99.8173 -184.97 
-123 -237.967 -60 58 -90.7743 -142.254 -90.2599 -172.8 
-127 -235.681 -61 58 -93.1922 -145.004 -92.4631 -178.262 
-121 -233.953 -61 58 -97.7394 -139.89 -91.3453 -164.904 
-119 -237.127 -61 58 -93.4566 -139.357 -88.9029 -167.599 
-131 -233.646 -62 59 -95.1096 -145.008 -96.2833 -176.512 
-121 -239.215 -62 57 -89.6926 -135.541 -89.6368 -168.103 
-113 -234.079 -61 58 -99.543 -143.563 -90.3255 -169.693 
-125 -235.376 -61 58 -93.9035 -145.64 -92.5773 -172.061 
-121 -238.797 -61 58 -89.592 -142.946 -94.7144 -179.039 
-119 -235.967 -61 57 -95.1381 -142.126 -89.2358 -170.905 
-127 -234.504 -62 59 -94.7718 -145.42 -96.5546 -177.872 
-119 -236.783 -61 57 -93.1274 -146.587 -93.2212 -178.413 
-111 -234.974 -60 57 -99.0262 -142.136 -86.4966 -165.874 
-115 -232.132 -60 57 -102.262 -143.421 -90.0725 -168.157 
-129 -234.225 -62 59 -94.7718 -145.42 -96.5546 -177.872 
-129 -233.358 -62 58 -96.4277 -143.333 -93.4419 -171.451 
-119 -236.378 -60 58 -94.9061 -139.27 -88.2098 -165.434 
-113 -239.899 -61 57 -89.5272 -144.53 -95.4725 -179.189 
-109 -235.248 -60 57 -98.6618 -141.364 -92.3238 -168.934 
-123 -235.108 -62 58 -95.6227 -136.892 -92.6627 -164.726 
-123 -236.9 -60 57 -92.777 -143.249 -88.1182 -172.482 
-113 -233.33 -60 58 -100.992 -143.477 -89.6324 -167.529 
-129 -235.218 -61 58 -93.506 -143.201 -93.9113 -174.231 
-121 -238.282 -62 58 -91.3399 -136.358 -90.2203 -167.421 
-127 -234.865 -61 58 -94.6944 -143.253 -91.9385 -170.732 
-123 -235.677 -62 58 -93.948 -144.515 -96.8728 -179.04 
-117 -232.827 -62 57 -100.716 -143.205 -89.7886 -169.556 
-143 -236.62 -63 60 -87.8066 -141.955 -95.7309 -176.848 
-117 -240.016 -60 57 -89.1768 -141.191 -90.3695 -173.259 
-135 -236.996 -63 60 -88.9898 -143.977 -96.8295 -179.252 
-119 -235.034 -61 58 -96.7854 -142.943 -89.8192 -170.223 
-125 -237.475 -62 58 -90.8503 -143.898 -95.2206 -180.896 
-117 -238.793 -62 58 -90.3478 -142.458 -99.1241 -179.817 
-111 -234.225 -59 57 -100.476 -142.049 -85.8034 -163.71 
-115 -234.334 -61 57 -98.9825 -143.126 -88.2852 -168.837 
-123 -235.722 -61 58 -94.3566 -143.665 -92.2098 -172.092 
-115 -235.193 -61 57 -97.2591 -143.604 -91.1711 -171.047 
-123 -238.337 -62 58 -90.8063 -138.212 -90.8203 -173.088 
-117 -234.03 -61 58 -98.5843 -141.973 -94.1257 -169.748 
-139 -235.82 -62 59 -90.0821 -141.987 -96.1353 -176.177 
-113 -238.494 -60 56 -92.283 -144.554 -91.1553 -175.152 
-119 -232.755 -60 57 -100.551 -142.049 -88.4327 -163.71 
-125 -231.768 -62 58 -100.559 -140.349 -91.3919 -164.085 
-125 -235.444 -61 58 -94.3566 -143.665 -92.2098 -172.092 
-123 -238.37 -61 57 -90.3334 -142.471 -91.3917 -177.077 
-109 -233.371 -61 57 -101.403 -148.204 -92.1012 -174.718 
-121 -237.533 -61 58 -92.7894 -136.271 -89.5271 -165.257 
-109 -238.309 -61 57 -93.6589 -141.546 -93.4224 -171.824 
-111 -235.192 -61 57 -98.6446 -143.537 -88.5564 -170.197 
-119 -235.31 -60 57 -96.9087 -140.265 -86.0682 -165.116 
-117 -231.894 -62 58 -102.363 -144.023 -90.372 -168.874 
-103 -235.261 -61 57 -99.7453 -145.753 -94.845 -173.919 
-125 -236.437 -60 57 -93.0908 -141.446 -89.5665 -168.451 
-123 -233.275 -61 58 -98.8262 -140.269 -89.8885 -163.366 
-119 -236.896 -61 57 -93.5328 -142.76 -92.528 -173.259 
-119 -234.285 -60 58 -98.2349 -142.857 -89.1261 -168.059 
-113 -234.913 -61 57 -98.6446 -143.537 -88.5564 -170.197 
-139 -237.839 -62 59 -87.3914 -140.199 -91.3861 -171.068 
-113 -233.488 -60 57 -101.053 -144.866 -86.9983 -168.787 
-125 -236.542 -62 59 -92.4976 -144.715 -95.8041 -180.214 
-117 -230.227 -61 58 -104.913 -144.476 -91.311 -165.461 
-113 -238.426 -60 57 -93.3085 -138.208 -88.3195 -165.893 
FEATURES_TXT_END_0
FEATURES_TXT_BEGIN_0 51 100 8 Distortion0_0 LM0_0 WordPenalty0_0 PhrasePenalty0_0 TranslationModel0_0 TranslationModel0_1 TranslationModel0_2 TranslationModel0_3 
-23 -91.3718 -23 19 -26.5232 -50.2161 -27.0911 -56.9113 
-27 -89.4989 -23 19 -28.6842 -52.3797 -26.5113 -60.5942 
-27 -89.9519 -22 19 -28.6842 -51.7337 -25.4127 -58.8024 
-27 -87.822 -22 19 -31.8623 -54.7631 -25.8181 -59.2079 
-31 -88.167 -22 19 -30.7211 -51.9191 -25.4127 -57.7038 
-23 -92.5636 -23 19 -25.83 -49.139 -27.0911 -57.9229 
-27 -90.6907 -23 19 -27.9911 -51.3026 -26.5113 -61.6058 
-33 -90.8603 -23 19 -26.3027 -50.4285 -26.5521 -59.2742 
-31 -90.9554 -23 19 -26.5232 -50.2161 -27.0911 -56.9113 
-35 -89.0825 -23 19 -28.6842 -52.3797 -26.5113 -60.5942 
-23 -92.5003 -23 19 -26.463 -49.3065 -25.1527 -55.612 
-35 -91.384 -23 19 -25.6101 -49.903 -23.292 -58.436 
-27 -90.6273 -23 19 -28.624 -51.4701 -24.5729 -59.2949 
-27 -91.1436 -22 19 -27.9911 -50.6567 -25.4127 -59.814 
-27 -89.0137 -22 19 -31.1691 -53.686 -25.8181 -60.2195 
-31 -91.7624 -23 19 -25.83 -49.139 -27.0911 -57.9229 
-35 -89.8895 -23 19 -27.9911 -51.3026 -26.5113 -61.6058 
-31 -89.3587 -22 19 -30.0279 -50.842 -25.4127 -58.7154 
-35 -89.5355 -22 19 -28.6842 -51.7337 -25.4127 -58.8024 
-35 -87.4056 -22 19 -31.8623 -54.7631 -25.8181 -59.2079 
-35 -90.0111 -23 19 -27.6806 -49.9506 -28.7425 -59.2008 
-23 -93.6045 -23 19 -25.1369 -48.5357 -26.3979 -56.7443 
-39 -88.1381 -23 19 -29.8416 -52.1141 -28.1627 -62.8836 
-27 -91.7316 -23 19 -27.2979 -50.6993 -25.8181 -60.4271 
-31 -86.278 -22 19 -34.6818 -54.5809 -28.0291 -59.9625 
-39 -87.7506 -22 19 -30.7211 -51.9191 -25.4127 -57.7038 
-27 -91.0803 -22 19 -28.624 -50.8241 -23.4743 -57.5032 
-27 -88.9504 -22 19 -31.8021 -53.8535 -23.8798 -57.9086 
-35 -88.8542 -23 19 -29.7175 -50.1359 -28.7425 -58.1022 
-39 -86.9812 -23 19 -31.8785 -52.2995 -28.1627 -61.785 
-31 -89.2954 -22 19 -30.6609 -51.0095 -23.4743 -56.4046 
-33 -92.052 -23 19 -25.6095 -49.3514 -26.5521 -60.2858 
-35 -90.3424 -22 19 -27.9911 -50.6567 -25.4127 -59.814 
-35 -88.2125 -22 19 -31.1691 -53.686 -25.8181 -60.2195 
-31 -90.4936 -22 19 -28.6842 -51.7337 -25.4127 -58.8024 
-23 -90.9918 -23 19 -29.3806 -51.8309 -29.3424 -58.8572 
-37 -91.1195 -22 20 -26.5707 -49.9471 -22.193 -52.6765 
-39 -88.5575 -22 19 -30.0279 -50.842 -25.4127 -58.7154 
-23 -93.692 -23 19 -25.7699 -48.2294 -25.1527 -56.6236 
-27 -89.1188 -23 19 -31.5416 -53.9945 -28.7626 -62.5401 
-41 -89.2466 -22 20 -28.7317 -52.1107 -21.6132 -56.3594 
-39 -88.5911 -22 19 -29.8416 -51.4682 -27.0641 -61.0919 
-39 -86.4612 -22 19 -33.0197 -54.4975 -27.4695 -61.4973 
-41 -90.4439 -23 19 -26.3027 -50.4285 -26.5521 -59.2742 
-27 -92.1845 -22 19 -27.2979 -50.0534 -24.7195 -58.6354 
-27 -90.0547 -22 19 -30.476 -53.0827 -25.125 -59.0408 
-35 -92.5757 -23 19 -24.9169 -48.8259 -23.292 -59.4476 
-27 -91.8191 -23 19 -27.9309 -50.393 -24.5729 -60.3065 
-23 -92.6448 -24 19 -26.7361 -50.5417 -31.3815 -60.2868 
-39 -87.4342 -22 19 -31.8785 -51.6536 -27.0641 -59.9933 
-27 -90.7718 -24 19 -28.8971 -52.7053 -30.8017 -63.9697 
-39 -85.3043 -22 19 -35.0565 -54.6829 -27.4695 -60.3987 
-31 -90.3997 -22 19 -29.3348 -50.2387 -24.7195 -57.5368 
-33 -91.9887 -23 19 -26.2425 -49.5188 -24.6137 -57.9749 
-31 -92.0839 -23 19 -26.463 -49.3065 -25.1527 -55.612 
-43 -90.9676 -23 19 -25.6101 -49.903 -23.292 -58.436 
-35 -90.2109 -23 19 -28.624 -51.4701 -24.5729 -59.2949 
-23 -91.048 -22 18 -30.0683 -50.7655 -26.2547 -54.8137 
-41 -91.2508 -23 19 -25.6095 -49.3514 -26.5521 -60.2858 
-35 -92.1335 -23 19 -25.6702 -50.8126 -25.2303 -59.7353 
-27 -89.1751 -22 18 -32.2293 -52.9291 -25.6749 -58.4965 
-27 -89.5718 -22 19 -31.5416 -53.3485 -27.664 -60.7484 
-41 -89.6995 -21 20 -28.7317 -51.4647 -20.5146 -54.5677 
-27 -87.4419 -22 19 -34.7197 -56.3778 -28.0694 -61.1538 
-41 -87.5696 -21 20 -31.9098 -54.4941 -20.92 -54.9731 
-31 -87.4698 -22 19 -33.9887 -53.5039 -28.0291 -60.9741 
-27 -92.272 -22 19 -27.9309 -49.7471 -23.4743 -58.5148 
-27 -90.1422 -22 19 -31.1089 -52.7764 -23.8798 -58.9202 
-35 -92.4533 -23 18 -25.0657 -50.1532 -26.2547 -58.9688 
-45 -89.4995 -23 19 -27.46 -50.1629 -28.2035 -61.5636 
-31 -92.8908 -23 19 -25.7699 -48.2294 -25.1527 -56.6236 
-35 -92.2702 -24 19 -25.7462 -50.5489 -24.2083 -60.2278 
-33 -93.0929 -23 19 -24.9164 -48.7481 -25.8589 -59.1071 
-31 -87.7869 -22 19 -33.5785 -53.5339 -27.664 -59.6497 
-35 -86.9259 -23 19 -33.7327 -49.9866 -32.8067 -59.7836 
-45 -87.9146 -21 20 -30.7686 -51.6501 -20.5146 -53.4691 
-39 -90.5804 -23 18 -27.2267 -52.3168 -25.6749 -62.6516 
-27 -91.2248 -23 19 -28.8971 -52.0593 -29.7031 -62.1779 
-43 -91.7745 -23 19 -24.9169 -48.8259 -23.292 -59.4476 
-35 -91.0179 -23 19 -27.9309 -50.393 -24.5729 -60.3065 
-27 -89.0949 -23 19 -32.0752 -55.0887 -30.1086 -62.5834 
-31 -90.4872 -22 19 -29.9678 -49.9324 -23.4743 -57.4162 
-39 -85.053 -23 19 -35.8937 -52.1502 -32.2269 -63.4665 
-39 -87.8434 -23 19 -31.7201 -50.9257 -29.0572 -62.107 
-39 -85.8616 -22 19 -34.6818 -54.5809 -28.0291 -59.9625 
-31 -92.2512 -23 19 -26.5232 -50.2161 -27.0911 -56.9113 
-35 -89.9597 -22 18 -29.3752 -49.6884 -26.2547 -55.8253 
-35 -90.6639 -22 19 -28.624 -50.8241 -23.4743 -57.5032 
-45 -88.3426 -23 19 -29.4969 -50.3483 -28.2035 -60.465 
-35 -88.534 -22 19 -31.8021 -53.8535 -23.8798 -57.9086 
-35 -91.1395 -23 19 -27.6204 -49.0409 -26.8041 -57.9015 
-43 -85.9705 -23 19 -33.8811 -53.0893 -28.4774 -65.7899 
-35 -85.769 -23 19 -35.7696 -50.172 -32.8067 -58.685 
-23 -94.7329 -23 19 -25.0767 -47.6261 -24.4596 -55.445 
-23 -92.2679 -23 19 -28.5601 -50.4014 -27.0911 -55.8127 
-39 -88.0867 -22 18 -31.5362 -51.852 -25.6749 -59.5081 
-45 -89.1423 -23 19 -28.4638 -51.6747 -23.9344 -57.589 
-35 -87.7616 -23 19 -32.548 -51.6025 -32.1135 -61.6364 
-47 -90.0232 -23 19 -26.7675 -49.6375 -24.9434 -60.7255 
-39 -89.2666 -23 19 -29.7814 -51.2045 -26.2243 -61.5844 
FEATURES_TXT_END_0
FEATURES_TXT_BEGIN_0 52 100 8 Distortion0_0 LM0_0 WordPenalty0_0 PhrasePenalty0_0 TranslationModel0_0 TranslationModel0_1 TranslationModel0_2 TranslationModel0_3 
-70 -156.746 -37 31 -47.6185 -61.2431 -38.4563 -73.3476 
-60 -152.963 -35 31 -55.4202 -68.8311 -41.8416 -75.1544 
-71 -156.649 -37 31 -47.6185 -61.2431 -38.4563 -73.3476 
-61 -152.866 -35 31 -55.4202 -68.8311 -41.8416 -75.1545 
-70 -157 -36 31 -47.6185 -60.5972 -37.3577 -71.5559 
-60 -153.217 -34 31 -55.4202 -68.1852 -40.743 -73.3627 
-71 -156.903 -36 31 -47.6185 -60.5972 -37.3577 -71.5559 
-61 -153.12 -34 31 -55.4202 -68.1852 -40.743 -73.3627 
-73 -156.616 -37 31 -47.6185 -61.2431 -38.4563 -73.3476 
-70 -155.619 -36 31 -50.0463 -60.7784 -38.4563 -70.2041 
-70 -156.421 -36 31 -48.9508 -61.9689 -35.5119 -70.5326 
-63 -152.833 -35 31 -55.4202 -68.8311 -41.8416 -75.1545 
-60 -151.836 -34 31 -57.8479 -68.3663 -41.8416 -72.0109 
-71 -155.522 -36 31 -50.0463 -60.7784 -38.4563 -70.2041 
-71 -156.324 -36 31 -48.9508 -61.9689 -35.5119 -70.5327 
-61 -151.739 -34 31 -57.8479 -68.3663 -41.8416 -72.011 
-73 -156.87 -36 31 -47.6185 -60.5972 -37.3577 -71.5559 
-70 -155.873 -35 31 -50.0463 -60.1325 -37.3577 -68.4124 
-70 -156.675 -35 31 -48.9508 -61.3229 -34.4132 -68.7409 
-63 -153.087 -34 31 -55.4202 -68.1852 -40.743 -73.3627 
-60 -152.09 -33 31 -57.8479 -67.7204 -40.743 -70.2192 
-71 -155.776 -35 31 -50.0463 -60.1325 -37.3577 -68.4124 
-71 -156.578 -35 31 -48.9508 -61.3229 -34.4132 -68.7409 
-61 -151.993 -33 31 -57.8479 -67.7204 -40.743 -70.2192 
-74 -156.746 -37 31 -47.6185 -61.2431 -38.4563 -73.3476 
-64 -152.963 -35 31 -55.4202 -68.8311 -41.8416 -75.1544 
-75 -156.649 -37 31 -47.6185 -61.2431 -38.4563 -73.3476 
-73 -155.488 -36 31 -50.0463 -60.7784 -38.4563 -70.2041 
-73 -156.29 -36 31 -48.9508 -61.9689 -35.5119 -70.5327 
-69 -157.589 -37 31 -47.6185 -61.2431 -38.4563 -73.3476 
-65 -152.866 -35 31 -55.4202 -68.8311 -41.8416 -75.1545 
-70 -155.294 -35 31 -51.3785 -61.5041 -35.5119 -67.3891 
-63 -151.705 -34 31 -57.8479 -68.3663 -41.8416 -72.011 
-59 -153.806 -35 31 -55.4202 -68.8311 -41.8416 -75.1544 
-74 -157 -36 31 -47.6185 -60.5972 -37.3577 -71.5559 
-71 -155.197 -35 31 -51.3785 -61.5041 -35.5119 -67.3892 
-64 -153.217 -34 31 -55.4202 -68.1852 -40.743 -73.3627 
-75 -156.903 -36 31 -47.6185 -60.5972 -37.3577 -71.5559 
-73 -155.742 -35 31 -50.0463 -60.1325 -37.3577 -68.4124 
-73 -156.544 -35 31 -48.9508 -61.3229 -34.4132 -68.7409 
-69 -157.843 -36 31 -47.6185 -60.5972 -37.3577 -71.5559 
-70 -149.979 -36 32 -58.8544 -69.867 -45.3192 -77.9762 
-65 -153.12 -34 31 -55.4202 -68.1852 -40.743 -73.3627 
-70 -155.547 -34 31 -51.3785 -60.8582 -34.4132 -65.5974 
-63 -151.959 -33 31 -57.8479 -67.7204 -40.743 -70.2192 
-59 -154.06 -34 31 -55.4202 -68.1852 -40.743 -73.3627 
-71 -149.882 -36 32 -58.8544 -69.867 -45.3192 -77.9762 
-71 -155.45 -34 31 -51.3785 -60.8582 -34.4132 -65.5974 
-74 -155.619 -36 31 -50.0463 -60.7784 -38.4563 -70.2041 
-74 -156.421 -36 31 -48.9508 -61.9689 -35.5119 -70.5326 
-70 -150.233 -35 32 -58.8544 -69.221 -44.2206 -76.1844 
-64 -151.836 -34 31 -57.8479 -68.3663 -41.8416 -72.0109 
-56 -155.348 -36 31 -53.4706 -69.2065 -47.4153 -77.8112 
-75 -155.522 -36 31 -50.0463 -60.7784 -38.4563 -70.2041 
-75 -156.324 -36 31 -48.9508 -61.9689 -35.5119 -70.5327 
-73 -155.163 -35 31 -51.3785 -61.5041 -35.5119 -67.3892 
-69 -156.462 -36 31 -50.0463 -60.7784 -38.4563 -70.2041 
-69 -157.264 -36 31 -48.9508 -61.9689 -35.5119 -70.5326 
-71 -150.136 -35 32 -58.8544 -69.221 -44.2206 -76.1844 
-65 -151.739 -34 31 -57.8479 -68.3663 -41.8416 -72.011 
-70 -156.315 -36 31 -50.2119 -60.9138 -37.07 -69.8572 
-59 -152.679 -34 31 -57.8479 -68.3663 -41.8416 -72.0109 
-57 -155.251 -36 31 -53.4706 -69.2065 -47.4153 -77.8112 
-74 -155.873 -35 31 -50.0463 -60.1325 -37.3577 -68.4124 
-74 -156.675 -35 31 -48.9508 -61.3229 -34.4132 -68.7409 
-71 -156.218 -36 31 -50.2119 -60.9138 -37.07 -69.8572 
-58 -156.603 -36 31 -52.5722 -65.3132 -36.4281 -71.5248 
-60 -153.348 -35 31 -56.4393 -67.559 -44.786 -75.5599 
-64 -152.09 -33 31 -57.8479 -67.7204 -40.743 -70.2192 
-48 -152.82 -34 31 -60.3739 -72.9011 -39.8134 -73.3316 
-56 -155.602 -35 31 -53.4706 -68.5606 -46.3167 -76.0195 
-75 -155.776 -35 31 -50.0463 -60.1325 -37.3577 -68.4124 
-75 -158.143 -38 31 -45.8053 -61.0814 -40.3021 -75.4969 
-73 -149.848 -36 32 -58.8544 -69.867 -45.3192 -77.9762 
-75 -156.578 -35 31 -48.9508 -61.3229 -34.4132 -68.7409 
-73 -155.417 -34 31 -51.3785 -60.8582 -34.4132 -65.5974 
-69 -156.716 -35 31 -50.0463 -60.1325 -37.3577 -68.4124 
-69 -157.518 -35 31 -48.9508 -61.3229 -34.4132 -68.7409 
-59 -156.506 -36 31 -52.5722 -65.3132 -36.4281 -71.5248 
-70 -148.851 -35 32 -61.2821 -69.4022 -45.3192 -74.8327 
-61 -153.251 -35 31 -56.4393 -67.559 -44.786 -75.5599 
-65 -151.993 -33 31 -57.8479 -67.7204 -40.743 -70.2192 
-65 -154.36 -36 31 -53.6069 -68.6693 -43.6874 -77.3038 
-70 -156.569 -35 31 -50.2119 -60.2679 -35.9714 -68.0654 
-59 -152.933 -33 31 -57.8479 -67.7204 -40.743 -70.2192 
-49 -152.723 -34 31 -60.3739 -72.9011 -39.8134 -73.3316 
-57 -155.505 -35 31 -53.4706 -68.5606 -46.3167 -76.0195 
-75 -157.203 -37 31 -47.6185 -61.2431 -38.4563 -73.3476 
-50 -157.319 -35 31 -53.1045 -68.6927 -39.4138 -76.4469 
-71 -148.754 -35 32 -61.2821 -69.4022 -45.3192 -74.8327 
-65 -153.42 -35 31 -55.4202 -68.8311 -41.8416 -75.1545 
-71 -156.472 -35 31 -50.2119 -60.2679 -35.9714 -68.0655 
-60 -153.602 -34 31 -56.4393 -66.913 -43.6874 -73.7682 
-51 -157.222 -35 31 -53.1045 -68.6927 -39.4138 -76.4469 
-60 -153.42 -35 31 -56.6813 -67.776 -43.3997 -74.479 
-73 -157.589 -37 31 -47.6185 -61.2431 -38.4563 -73.3476 
-75 -158.397 -37 31 -45.8053 -60.4354 -39.2035 -73.7052 
-73 -150.102 -35 32 -58.8544 -69.221 -44.2206 -76.1844 
-74 -155.294 -35 31 -51.3785 -61.5041 -35.5119 -67.3891 
-63 -153.806 -35 31 -55.4202 -68.8311 -41.8416 -75.1544 
FEATURES_TXT_END_0
FEATURES_TXT_BEGIN_0 53 100 8 Distortion0_0 LM0_0 WordPenalty0_0 PhrasePenalty0_0 TranslationModel0_0 TranslationModel0_1 TranslationModel0_2 TranslationModel0_3 
-67 -143.551 -32 31 -68.877 -84.3996 -30.4221 -84.8083 
-71 -143.388 -32 31 -68.3845 -83.5003 -31.0282 -85.3789 
-71 -141.001 -32 31 -72.0707 -88.0384 -31.5776 -87.9397 
-75 -140.838 -32 31 -71.5782 -87.1391 -32.1838 -88.5102 
-79 -140.237 -32 31 -70.8378 -80.1902 -43.9446 -86.0417 
-67 -143.55 -32 31 -69.5974 -85.0161 -31.1967 -84.5466 
-67 -144.517 -32 31 -68.3106 -84.781 -29.4714 -84.8197 
-81 -147.069 -35 30 -60.1549 -74.9916 -39.2049 -83.6285 
-83 -144.885 -35 30 -62.8056 -77.3747 -42.0381 -85.4747 
-83 -146.24 -34 30 -61.1948 -78.0867 -37.0375 -85.9337 
-71 -144.354 -32 31 -67.8181 -83.8816 -30.0776 -85.3902 
-71 -142.887 -32 31 -69.7708 -86.4937 -32.1268 -86.691 
-79 -138.038 -32 31 -74.7062 -87.985 -40.9702 -89.4264 
-85 -144.056 -34 30 -63.8455 -80.4698 -39.8707 -87.7799 
-67 -145.444 -32 31 -67.0312 -83.9639 -30.4221 -85.5015 
-69 -144.003 -32 31 -68.877 -84.3996 -30.4221 -84.8083 
-71 -141 -32 31 -72.7911 -88.6549 -32.3523 -87.6779 
-71 -141.967 -32 31 -71.5043 -88.4198 -30.627 -87.951 
-67 -139.458 -33 31 -75.3823 -94.2608 -39.0469 -96.2342 
-71 -145.28 -32 31 -66.5387 -83.0645 -31.0282 -86.072 
-67 -144.209 -32 31 -69.0219 -83.9055 -33.3124 -85.9817 
-71 -143.293 -32 31 -69.5974 -85.0161 -31.1967 -84.5466 
-77 -142.062 -34 31 -69.0093 -82.6152 -42.6471 -86.8032 
-75 -141.804 -32 31 -71.0118 -87.5204 -31.2331 -88.5216 
-75 -140.336 -32 31 -72.9645 -90.1325 -33.2824 -89.8224 
-79 -141.203 -32 31 -70.2714 -80.5716 -42.994 -86.0531 
-74 -142.054 -33 31 -69.5461 -88.1176 -42.6472 -92.2585 
-79 -141.233 -33 31 -70.0492 -85.7103 -40.4798 -89.1084 
-71 -142.894 -32 31 -70.2249 -87.6027 -31.5776 -88.6328 
-82 -146.674 -34 30 -61.6694 -76.9564 -33.2537 -82.7125 
-73 -141.453 -32 31 -72.0707 -88.0384 -31.5776 -87.9397 
-76 -141.816 -32 31 -69.3184 -84.4436 -48.5696 -93.854 
-84 -144.49 -34 30 -64.32 -79.3395 -36.0869 -84.5587 
-63 -143.839 -31 31 -70.9636 -84.4316 -32.2708 -84.1366 
-75 -142.73 -32 31 -69.7324 -86.7033 -32.1838 -89.2034 
-79 -142.13 -32 31 -68.992 -79.7545 -43.9446 -86.7349 
-71 -143.581 -32 31 -69.1172 -85.3894 -35.4872 -88.8201 
-67 -144.516 -32 31 -69.031 -85.3975 -30.2461 -84.558 
-71 -141.659 -32 31 -72.2156 -87.5443 -34.468 -89.113 
-75 -140.743 -32 31 -72.7911 -88.6549 -32.3523 -87.6779 
-67 -144.027 -32 31 -69.7708 -84.6965 -32.1268 -85.8037 
-81 -139.605 -33 30 -72.0155 -86.1485 -42.7408 -87.6601 
-85 -146.753 -34 30 -61.0136 -75.8087 -34.7577 -82.9467 
-81 -141.206 -32 31 -69.3184 -84.4436 -48.5696 -93.854 
-67 -143.675 -31 31 -70.4711 -83.5323 -32.8769 -84.7071 
-83 -147.319 -35 30 -60.1549 -74.9916 -39.2049 -83.6285 
-87 -144.569 -34 30 -63.6642 -78.1918 -37.591 -84.7929 
-81 -148.035 -35 30 -59.5885 -75.3729 -38.2542 -83.6398 
-83 -145.615 -34 30 -63.0406 -78.5224 -37.0375 -85.2405 
-71 -143.168 -31 31 -70.1233 -79.8933 -38.541 -85.0463 
-67 -147.14 -32 31 -65.3183 -85.1076 -26.7582 -84.9274 
-63 -141.003 -33 31 -74.6619 -93.6443 -38.2722 -96.4959 
-83 -145.851 -35 30 -62.2391 -77.7561 -41.0875 -85.4861 
-83 -146.024 -34 30 -62.4742 -78.9037 -36.0869 -85.2519 
-85 -146.49 -34 30 -61.1948 -78.0867 -37.0375 -85.9337 
-83 -145.276 -34 30 -62.6197 -83.6846 -43.6475 -93.3349 
-85 -143.432 -34 30 -65.6913 -80.9055 -39.8707 -87.0867 
-78 -141.667 -33 31 -70.5237 -84.58 -36.6959 -85.8872 
-67 -145.442 -32 31 -67.7516 -84.5804 -31.1967 -85.2397 
-85 -143.84 -34 30 -65.1249 -81.2869 -38.9201 -87.0981 
-71 -143.853 -32 31 -69.2044 -86.875 -31.1762 -86.7024 
-85 -143.092 -34 30 -65.2703 -86.0677 -46.4807 -95.1811 
-69 -144.001 -32 31 -69.5974 -85.0161 -31.1967 -84.5466 
-79 -139.004 -32 31 -74.1397 -88.3664 -40.0196 -89.4378 
-73 -142.587 -32 31 -69.3184 -84.4436 -48.5696 -93.854 
-79 -147.471 -34 30 -61.6694 -76.9564 -33.2537 -82.7125 
-79 -141.199 -32 31 -70.8378 -80.1902 -43.9446 -86.0417 
-69 -144.969 -32 31 -68.3106 -84.781 -29.4714 -84.8197 
-75 -141.031 -32 31 -72.3109 -89.0282 -36.6427 -91.9515 
-71 -141.966 -32 31 -72.2247 -89.0363 -31.4017 -87.6893 
-71 -146.976 -32 31 -64.8259 -84.2083 -27.3644 -85.4979 
-81 -145.287 -34 30 -64.32 -79.3395 -36.0869 -84.5587 
-81 -148.961 -35 30 -58.3091 -74.5559 -39.2049 -84.3216 
-71 -141.477 -32 31 -72.9645 -88.3353 -33.2824 -88.9351 
-83 -146.778 -35 30 -60.9597 -76.939 -42.0381 -86.1678 
-69 -139.575 -32 31 -76.0578 -90.5493 -38.1282 -92.4451 
-67 -140.424 -33 31 -74.8159 -94.6421 -38.0962 -96.2456 
-81 -141.746 -33 31 -69.8679 -83.4323 -38.2 -86.1214 
-81 -140.005 -32 31 -71.887 -84.0719 -46.9601 -90.756 
-71 -144.779 -32 31 -67.925 -86.0579 -32.1268 -87.3842 
-79 -141.354 -32 31 -70.4206 -81.4864 -46.9601 -89.6574 
-73 -141.932 -33 31 -70.8255 -88.9347 -41.6965 -91.5767 
-79 -139.93 -32 31 -72.8604 -87.5493 -40.9702 -90.1195 
-71 -144.589 -32 31 -68.512 -88.7464 -27.9138 -88.0587 
-67 -145.175 -32 31 -68.4555 -84.2868 -32.3618 -85.993 
-73 -149.999 -34 30 -59.4404 -74.6947 -33.8013 -82.633 
-71 -144.259 -32 31 -69.031 -85.3975 -30.2461 -84.558 
-77 -143.028 -34 31 -68.4428 -82.9966 -41.6965 -86.8146 
-81 -147.347 -34 30 -61.1948 -78.0867 -37.0375 -85.9337 
-69 -145.896 -32 31 -67.0312 -83.9639 -30.4221 -85.5015 
-71 -144.084 -32 31 -69.329 -85.1853 -30.874 -85.026 
-79 -140.609 -33 31 -71.895 -86.146 -40.4798 -88.4152 
-59 -146.239 -34 31 -68.3232 -84.0492 -35.913 -86.8366 
-71 -142.892 -32 31 -70.9453 -88.2192 -32.3523 -88.3711 
-75 -147.815 -34 30 -62.091 -77.0778 -36.6345 -84.4793 
-81 -138.819 -32 31 -73.9948 -83.6135 -46.9601 -89.5032 
-75 -141.303 -32 31 -72.3981 -90.5138 -32.3318 -89.8338 
-83 -145.163 -34 30 -63.8455 -80.4698 -39.8707 -87.7799 
-79 -141.017 -33 31 -71.3286 -86.5274 -39.5292 -88.4266 
-73 -141.451 -32 31 -72.7911 -88.6549 -32.3523 -87.6779 
FEATURES_TXT_END_0
FEATURES_TXT_BEGIN_0 54 100 8 Distortion0_0 LM0_0 WordPenalty0_0 PhrasePenalty0_0 TranslationModel0_0 TranslationModel0_1 TranslationModel0_2 TranslationModel0_3 
-62 -138.719 -31 27 -51.3363 -70.4612 -42.3537 -82.2049 
-62 -139.677 -31 28 -51.1213 -68.4752 -41.9493 -78.6681 
-58 -138.505 -30 27 -53.8295 -69.2553 -42.9689 -77.9396 
-52 -139.649 -30 27 -53.6631 -73.1813 -41.4463 -82.776 
-70 -136.577 -31 27 -54.3152 -71.3911 -41.6606 -80.4132 
-62 -139.915 -31 27 -51.3363 -70.4612 -42.3537 -82.2049 
-54 -141.17 -31 27 -51.3363 -70.4612 -42.3537 -82.2049 
-62 -141.405 -31 27 -49.6629 -69.8746 -35.8316 -78.8075 
-74 -131.69 -31 29 -61.7974 -79.3757 -40.1755 -84.0362 
-64 -139.817 -31 27 -51.3363 -70.4612 -42.3537 -82.2049 
-52 -140.262 -30 27 -53.6631 -73.1813 -41.4463 -82.776 
-64 -141.555 -32 27 -48.2243 -71.0852 -45.6069 -84.5707 
-68 -139.213 -31 28 -51.3504 -73.8524 -43.3445 -86.3381 
-52 -140.606 -30 28 -53.4481 -71.1953 -41.0419 -79.2392 
-76 -137.574 -31 28 -52.3474 -70.3142 -41.9493 -79.2743 
-48 -139.435 -29 27 -56.1562 -71.9754 -42.0615 -78.5107 
-58 -139.732 -30 27 -53.3968 -68.5072 -42.3537 -77.9964 
-68 -138.829 -31 28 -52.3474 -70.3142 -41.9493 -79.2743 
-72 -139.221 -31 28 -50.9212 -70.4292 -41.2561 -82.8767 
-70 -137.534 -31 28 -54.1003 -69.4051 -41.2561 -76.8764 
-62 -139.043 -31 28 -53.6863 -68.6575 -41.9493 -77.2818 
-66 -136.363 -30 27 -56.8084 -70.1852 -42.2757 -76.1479 
-58 -142.463 -30 26 -49.0615 -70.4612 -40.6309 -82.205 
-58 -141.072 -31 27 -51.3363 -70.4612 -42.3537 -82.2049 
-66 -137.577 -31 28 -55.101 -71.2194 -41.9493 -79.2743 
-68 -139.572 -31 27 -51.3363 -70.4612 -42.3537 -82.2049 
-72 -136.782 -31 28 -55.101 -71.2194 -41.9493 -79.2743 
-62 -142.362 -31 28 -49.4479 -67.8886 -35.4272 -75.2707 
-58 -141.191 -30 27 -52.1561 -68.6687 -36.4468 -74.5422 
-66 -142.161 -32 27 -47.8943 -69.6811 -43.0469 -82.9334 
-68 -137.954 -31 27 -54.3152 -71.3911 -41.6606 -80.4132 
-62 -138.895 -31 27 -54.3152 -71.3911 -41.6606 -80.4132 
-74 -132.648 -31 30 -61.5824 -77.3897 -39.7711 -80.4994 
-52 -140.844 -30 27 -53.6631 -73.1813 -41.4463 -82.776 
-70 -131.476 -30 29 -64.2905 -78.1698 -40.7907 -79.7709 
-58 -138.28 -30 27 -56.3944 -69.4376 -42.9689 -76.5533 
-44 -142.099 -30 27 -53.6631 -73.1813 -41.4463 -82.776 
-62 -141.086 -31 28 -51.1213 -68.4752 -41.9493 -78.6681 
-64 -136.767 -30 27 -57.3765 -71.2514 -42.3537 -78.6026 
-54 -142.341 -31 28 -51.1213 -68.4752 -41.9493 -78.6681 
-76 -132.286 -31 29 -61.2794 -79.0038 -43.8131 -86.3721 
-52 -142.334 -30 27 -51.9897 -72.5947 -34.9242 -79.3786 
-58 -139.915 -30 27 -53.8295 -69.2553 -42.9689 -77.9396 
-70 -137.773 -31 27 -54.3152 -71.3911 -41.6606 -80.4132 
-50 -141.169 -30 27 -53.8295 -69.2553 -42.9689 -77.9396 
-62 -139.027 -31 27 -54.3152 -71.3911 -41.6606 -80.4132 
-52 -141.219 -30 28 -53.4481 -71.1953 -41.0419 -79.2392 
-70 -140.875 -31 28 -49.6418 -69.6121 -42.2067 -83.5584 
-64 -140.182 -31 27 -52.0295 -70.2605 -42.3537 -81.5118 
-70 -139.262 -31 27 -52.6418 -70.8045 -35.1385 -77.0158 
-48 -140.048 -29 27 -56.1562 -71.9754 -42.0615 -78.5107 
-64 -142.513 -32 28 -48.0094 -69.0992 -45.2025 -81.0339 
-60 -142.696 -30 26 -49.0615 -70.4612 -40.6309 -82.205 
-70 -139.928 -32 27 -50.8732 -70.611 -42.3537 -81.1417 
-54 -140.746 -30 27 -53.6631 -73.1813 -41.4463 -82.776 
-70 -141.121 -33 28 -49.3675 -66.841 -43.1441 -80.4699 
-68 -140.105 -31 27 -51.3363 -70.4612 -42.3537 -82.2049 
-72 -137.675 -31 27 -54.3152 -71.3911 -41.6606 -80.4132 
-58 -143.421 -30 27 -48.8465 -68.4752 -40.2265 -78.6681 
-66 -139.931 -31 28 -52.3474 -70.3142 -41.9493 -79.2743 
-68 -138.164 -30 27 -54.6229 -70.3462 -42.3537 -78.6026 
-54 -142.25 -29 26 -51.5546 -69.2553 -41.2461 -77.9396 
-62 -140.625 -32 27 -51.6582 -70.4612 -46.3519 -82.2049 
-60 -139.419 -30 27 -54.6229 -70.3462 -42.3537 -78.6026 
-70 -139.776 -32 27 -51.1474 -70.4612 -45.4356 -82.2049 
-48 -140.661 -29 27 -55.7236 -71.2273 -41.4463 -78.5675 
-62 -142.601 -31 27 -49.6629 -69.8746 -35.8316 -78.8075 
-66 -137.292 -31 27 -56.2837 -68.6895 -46.3519 -76.6101 
-54 -143.855 -31 27 -49.6629 -69.8746 -35.8316 -78.8075 
-70 -138.881 -32 27 -52.5745 -71.0948 -47.0451 -84.848 
-52 -139.972 -30 28 -56.0131 -71.3776 -41.0419 -77.8529 
-60 -136.35 -30 27 -59.5281 -73.8261 -42.3537 -79.8306 
-66 -137.59 -30 27 -56.3758 -69.4371 -41.6606 -76.2047 
-74 -132.886 -31 29 -61.7974 -79.3757 -40.1755 -84.0362 
-66 -134.141 -31 29 -61.7974 -79.3757 -40.1755 -84.0362 
-70 -136.9 -31 28 -56.6652 -69.5874 -41.2561 -75.4901 
-78 -137.842 -31 28 -53.0405 -70.1135 -41.9493 -78.5811 
-48 -142.001 -30 27 -53.6631 -73.1813 -41.4463 -82.776 
-70 -140.105 -31 27 -51.3363 -70.4612 -42.3537 -82.2049 
-68 -136.316 -30 27 -57.8092 -71.9995 -42.9689 -78.5458 
-56 -138.506 -30 28 -57.4278 -73.9395 -41.0419 -79.8454 
-58 -140.502 -30 27 -53.6631 -73.1813 -41.4463 -82.776 
-64 -142.503 -31 27 -49.6629 -69.8746 -35.8316 -78.8075 
-66 -138.929 -31 27 -54.3152 -71.3911 -41.6606 -80.4132 
-52 -141.458 -30 27 -53.6631 -73.1813 -41.4463 -82.776 
-66 -143.118 -32 28 -47.6793 -67.6951 -42.6424 -79.3966 
-68 -138.911 -31 28 -54.1003 -69.4051 -41.2561 -76.8764 
-74 -135.435 -31 28 -58.08 -72.1493 -41.2561 -77.4825 
-44 -142.712 -30 27 -53.6631 -73.1813 -41.4463 -82.776 
-62 -139.853 -31 28 -54.1003 -69.4051 -41.2561 -76.8764 
-76 -137.43 -31 27 -54.3152 -71.3911 -41.6606 -80.4132 
-62 -141.947 -31 27 -50.3875 -68.4752 -43.662 -78.6681 
-64 -142.751 -32 27 -48.2243 -71.0852 -45.6069 -84.5707 
-64 -137.74 -30 27 -56.8084 -70.1852 -42.2757 -76.1479 
-52 -142.947 -30 27 -51.9897 -72.5947 -34.9242 -79.3786 
-58 -138.681 -30 27 -56.8084 -70.1852 -42.2757 -76.1479 
-68 -140.409 -31 28 -51.3504 -73.8524 -43.3445 -86.3381 
-56 -144.006 -32 27 -48.2243 -71.0852 -45.6069 -84.5707 
-66 -139.537 -31 28 -53.6863 -68.6575 -41.9493 -77.2819 
-62 -143.529 -32 27 -47.8943 -69.6811 -43.0469 -82.9334 
FEATURES_TXT_END_0
FEATURES_TXT_BEGIN_0 55 100 8 Distortion0_0 LM0_0 WordPenalty0_0 PhrasePenalty0_0 TranslationModel0_0 TranslationModel0_1 TranslationModel0_2 TranslationModel0_3 
-66 -140.102 -34 31 -50.2072 -60.8888 -34.0327 -67.994 
-66 -139.228 -34 31 -51.5938 -61.4167 -37.1146 -69.7024 
-54 -141.155 -33 30 -51.9694 -60.9208 -33.8234 -67.3223 
-50 -142.188 -34 30 -51.4586 -60.9208 -34.922 -67.3223 
-70 -138.184 -34 32 -53.0248 -63.4123 -37.0048 -71.4484 
-62 -141.43 -34 31 -50.2072 -60.8888 -34.0327 -67.994 
-70 -137.31 -34 32 -54.4114 -63.9402 -40.0867 -73.1568 
-56 -142.795 -35 32 -49.424 -57.339 -40.6863 -70.8696 
-58 -139.237 -33 31 -54.787 -63.4443 -36.7955 -70.7767 
-66 -137.652 -33 31 -55.3009 -65.7052 -34.3754 -67.8604 
-72 -142.347 -36 32 -46.1314 -60.6692 -38.6398 -71.1659 
-66 -140.765 -34 31 -50.5926 -60.6573 -35.0313 -68.2304 
-58 -141.203 -33 30 -51.9694 -60.9208 -33.8234 -67.3223 
-72 -135.671 -33 30 -57.632 -62.0122 -31.424 -62.9319 
-62 -141.782 -34 31 -49.5684 -61.7921 -40.0591 -72.3592 
-50 -142.526 -33 30 -51.9694 -60.9208 -33.8234 -67.3223 
-62 -142.865 -34 31 -48.1818 -61.2643 -36.9772 -70.6508 
-54 -141.661 -33 30 -52.3548 -60.6894 -34.822 -67.5587 
-66 -136.778 -33 31 -56.6875 -66.2331 -37.4573 -69.5688 
-72 -141.473 -36 32 -47.518 -61.1971 -41.7217 -72.8743 
-66 -139.892 -34 31 -51.9792 -61.1852 -38.1132 -69.9388 
-54 -140.27 -34 31 -54.2762 -63.4443 -37.8941 -70.7767 
-80 -146.956 -36 34 -37.8447 -54.5858 -36.017 -66.8751 
-72 -134.797 -33 30 -59.0186 -62.54 -34.5059 -64.6403 
-58 -142.128 -33 30 -50.2142 -62.0834 -39.4759 -72.9858 
-64 -141.198 -34 31 -51.4483 -60.8628 -28.2554 -64.7749 
-64 -139.116 -34 31 -54.632 -62.5488 -29.3956 -65.499 
-56 -143.419 -36 32 -48.9131 -57.339 -41.7849 -70.8696 
-66 -142.311 -34 31 -48.6889 -60.0717 -34.3754 -68.6758 
-68 -139.998 -34 31 -51.5938 -61.4167 -37.1146 -69.7024 
-54 -138.705 -32 30 -57.0631 -65.7372 -34.1661 -67.1887 
-60 -143.4 -35 31 -47.8936 -60.7012 -38.4305 -70.4942 
-64 -138.157 -34 31 -56.0126 -62.2307 -33.0065 -66.4209 
-64 -140.335 -34 31 -52.9666 -61.6799 -27.9128 -64.0932 
-66 -139.512 -34 32 -53.0248 -63.4123 -37.0048 -71.4484 
-50 -142.694 -34 30 -51.844 -60.6894 -35.9206 -67.5587 
-68 -141.122 -34 31 -50.2072 -60.8888 -34.0327 -67.994 
-60 -136.724 -32 29 -59.3942 -62.0442 -31.2147 -62.2602 
-60 -141.122 -34 31 -52.0577 -61.7003 -35.6841 -69.2719 
-64 -142.477 -34 31 -48.452 -62.0514 -39.6852 -73.6576 
-64 -140.325 -34 31 -52.8349 -61.3907 -31.3373 -66.4833 
-62 -140.977 -33 30 -51.3306 -61.8242 -39.8498 -71.6875 
-64 -138.242 -34 31 -56.0186 -63.0767 -32.4775 -67.2074 
-62 -141.183 -34 30 -51.4586 -60.9208 -34.922 -67.3223 
-70 -141.929 -36 32 -48.2195 -57.1695 -40.3762 -70.1371 
-60 -148.54 -34 32 -40.4068 -53.7607 -37.8851 -66.7175 
-62 -142.059 -33 30 -49.944 -61.2963 -36.7679 -69.9791 
-60 -140.877 -35 33 -52.2416 -59.8625 -43.6583 -74.3239 
-66 -141.437 -34 31 -50.0755 -60.5996 -37.4573 -70.3842 
-70 -147.842 -35 33 -39.4735 -53.304 -35.1234 -64.4133 
-80 -147.574 -36 34 -37.5745 -53.7987 -33.3089 -63.8683 
-70 -145.759 -35 33 -42.6572 -54.9901 -36.2636 -65.1374 
-64 -137.283 -34 31 -57.3992 -62.7585 -36.0884 -68.1293 
-64 -139.461 -34 31 -54.3532 -62.2078 -30.9947 -65.8015 
-50 -139.737 -33 30 -56.5523 -65.7372 -35.2647 -67.1887 
-56 -144.432 -36 31 -47.3828 -60.7012 -39.5291 -70.4942 
-62 -141.936 -34 31 -50.5926 -60.6573 -35.0313 -68.2304 
-68 -140.248 -34 31 -51.5938 -61.4167 -37.1146 -69.7024 
-80 -148.055 -36 34 -36.9509 -52.4918 -34.3122 -64.9923 
-52 -142.251 -33 30 -53.2105 -60.8948 -28.0461 -64.1032 
-52 -140.169 -33 30 -56.3942 -62.5809 -29.1863 -64.8273 
-60 -140.248 -34 31 -53.4443 -62.2282 -38.766 -70.9803 
-64 -142.989 -34 31 -48.1818 -61.2643 -36.9772 -70.6508 
-66 -141.653 -36 32 -49.6061 -57.6974 -43.4581 -71.8455 
-70 -144.8 -35 33 -44.0379 -54.6719 -39.8745 -66.0593 
-70 -146.978 -35 33 -40.9918 -54.1211 -34.7808 -63.7316 
-56 -137.756 -33 29 -58.8834 -62.0442 -32.3134 -62.2602 
-76 -140.429 -36 33 -48.9491 -63.1927 -41.6118 -74.6203 
-70 -138.847 -34 32 -53.4103 -63.1808 -38.0033 -71.6848 
-54 -143.364 -33 30 -50.4511 -60.1038 -34.1661 -68.0041 
-80 -148.42 -36 34 -36.4581 -54.058 -32.9351 -65.1667 
-62 -139.285 -33 31 -54.787 -63.4443 -36.7955 -70.7767 
-68 -141.394 -34 31 -50.2072 -60.8888 -34.0327 -67.994 
-52 -139.21 -33 30 -57.7748 -62.2627 -32.7972 -65.7492 
-52 -141.388 -33 30 -54.7288 -61.7119 -27.7035 -63.4214 
-62 -142.962 -35 32 -48.7485 -60.4881 -39.7388 -71.7192 
-58 -143.256 -34 31 -49.6791 -59.2928 -36.1006 -69.1545 
-66 -138.425 -33 30 -55.9685 -61.7119 -29.1727 -63.4214 
-62 -138.979 -33 31 -55.3009 -65.7052 -34.3754 -67.8604 
-68 -143.674 -36 32 -46.1314 -60.6692 -38.6398 -71.1659 
-48 -142.175 -33 30 -53.8199 -61.7324 -35.4748 -68.6002 
-68 -141.462 -34 31 -50.2072 -60.8888 -34.0327 -67.994 
-60 -149.158 -34 32 -40.1367 -52.9735 -35.1771 -63.7107 
-66 -139.864 -34 32 -52.3861 -64.3156 -43.0311 -75.8135 
-54 -140.608 -33 31 -54.787 -63.4443 -36.7955 -70.7767 
-71 -139.664 -34 31 -52.9666 -61.6799 -27.9128 -64.0932 
-64 -142.115 -34 31 -49.5684 -61.7921 -40.0591 -72.3592 
-74 -147.676 -34 32 -39.2737 -58.4269 -28.7802 -64.6262 
-66 -140.947 -34 32 -50.9995 -63.7878 -39.9492 -74.1052 
-58 -139.743 -33 31 -55.1725 -63.2129 -37.794 -71.0131 
-74 -136.543 -34 32 -57.0636 -65.0205 -29.9342 -66.8658 
-76 -139.555 -36 33 -50.3357 -63.7206 -44.6937 -76.3287 
-68 -136.998 -33 30 -57.632 -62.0122 -31.424 -62.9319 
-70 -137.973 -34 32 -54.7969 -63.7087 -41.0852 -73.3932 
-70 -148.46 -35 33 -39.2034 -52.5169 -32.4153 -61.4066 
-48 -143.284 -34 30 -52.6997 -60.8948 -29.1447 -64.1032 
-70 -146.377 -35 33 -42.387 -54.2029 -33.5555 -62.1306 
-48 -141.201 -34 30 -55.8833 -62.5809 -30.2849 -64.8273 
-56 -140.345 -34 32 -54.5177 -62.1554 -41.0289 -70.7359 
-62 -145.04 -37 33 -45.3482 -57.1194 -45.2934 -74.0415 
FEATURES_TXT_END_0
FEATURES_TXT_BEGIN_0 56 100 8 Distortion0_0 LM0_0 WordPenalty0_0 PhrasePenalty0_0 TranslationModel0_0 TranslationModel0_1 TranslationModel0_2 TranslationModel0_3 
-60 -164.753 -33 30 -63.1365 -78.7505 -31.4704 -82.1211 
-60 -165.026 -33 30 -62.873 -78.4358 -31.0649 -82.3466 
-54 -164.632 -33 30 -64.8018 -79.6194 -32.9532 -83.5269 
-64 -164.813 -33 30 -62.237 -77.8865 -32.1635 -83.3315 
-54 -164.906 -33 30 -64.5383 -79.3048 -32.5477 -83.7524 
-60 -165.51 -33 30 -62.237 -77.8865 -32.1635 -83.3315 
-58 -164.692 -33 30 -63.9024 -78.7554 -33.6463 -84.7373 
-67 -169.768 -33 29 -53.8934 -74.4623 -29.0145 -80.5044 
-67 -170.041 -33 29 -53.6299 -74.1476 -28.6091 -80.73 
-54 -165.389 -33 30 -63.9024 -78.7554 -33.6463 -84.7373 
-71 -169.828 -33 29 -52.9939 -73.5983 -29.7077 -81.7148 
-62 -164.753 -33 30 -63.1365 -78.7505 -31.4704 -82.1211 
-67 -170.525 -33 29 -52.9939 -73.5983 -29.7077 -81.7148 
-62 -165.026 -33 30 -62.873 -78.4358 -31.0649 -82.3466 
-56 -164.632 -33 30 -64.8018 -79.6194 -32.9532 -83.5269 
-59 -164.964 -34 30 -63.5079 -78.31 -34.0518 -84.58 
-66 -164.813 -33 30 -62.237 -77.8865 -32.1635 -83.3315 
-60 -165.904 -32 30 -62.1718 -78.0831 -29.0065 -78.6407 
-64 -165.341 -34 30 -61.8425 -77.4411 -32.569 -83.1742 
-56 -164.906 -33 30 -64.5383 -79.3048 -32.5477 -83.7524 
-59 -165.237 -34 30 -63.2444 -77.9954 -33.6463 -84.8056 
-60 -166.177 -32 30 -61.9083 -77.7684 -28.601 -78.8662 
-64 -165.614 -34 30 -61.579 -77.1264 -32.1635 -83.3998 
-62 -165.51 -33 30 -62.237 -77.8865 -32.1635 -83.3315 
-64 -169.39 -33 29 -55.5798 -74.4393 -30.8063 -80.7668 
-60 -164.692 -33 30 -63.9024 -78.7554 -33.6463 -84.7373 
-63 -165.024 -34 30 -62.6084 -77.446 -34.7449 -85.7905 
-60 -164.121 -33 30 -64.8018 -79.6194 -32.9532 -83.5269 
-69 -169.768 -33 29 -53.8934 -74.4623 -29.0145 -80.5044 
-54 -165.784 -32 30 -63.8372 -78.952 -30.4893 -80.0465 
-64 -165.964 -32 30 -61.2724 -77.2191 -29.6996 -79.8511 
-68 -165.401 -34 30 -60.9431 -76.5771 -33.2621 -84.3846 
-64 -169.663 -33 29 -55.3163 -74.1246 -30.4008 -80.9924 
-60 -164.394 -33 30 -64.5383 -79.3048 -32.5477 -83.7524 
-69 -170.041 -33 29 -53.6299 -74.1476 -28.6091 -80.73 
-54 -166.057 -32 30 -63.5737 -78.6374 -30.0839 -80.2721 
-56 -165.389 -33 30 -63.9024 -78.7554 -33.6463 -84.7373 
-59 -165.721 -34 30 -62.6084 -77.446 -34.7449 -85.7905 
-68 -169.45 -33 29 -54.6803 -73.5753 -31.4994 -81.9772 
-60 -166.661 -32 30 -61.2724 -77.2191 -29.6996 -79.8511 
-64 -164.181 -33 30 -63.9023 -78.7554 -33.6463 -84.7373 
-73 -169.828 -33 29 -52.9939 -73.5983 -29.7077 -81.7148 
-58 -165.844 -32 30 -62.9377 -78.0881 -31.1825 -81.2569 
-64 -166.098 -34 30 -60.9431 -76.5771 -33.2621 -84.3846 
-64 -164.753 -33 30 -63.1365 -78.7505 -31.4704 -82.1211 
-53 -164.422 -33 30 -65.9453 -82.1389 -33.3922 -83.2697 
-64 -170.147 -33 29 -54.6803 -73.5753 -31.4994 -81.9772 
-56 -167.31 -31 29 -61.7125 -76.6972 -25.3561 -76.4301 
-60 -164.878 -33 30 -63.9023 -78.7554 -33.6463 -84.7373 
-64 -165.026 -33 30 -62.873 -78.4358 -31.0649 -82.3466 
-69 -170.525 -33 29 -52.9939 -73.5983 -29.7077 -81.7148 
-54 -166.541 -32 30 -62.9377 -78.0881 -31.1825 -81.2569 
-53 -164.695 -33 30 -65.6818 -81.8242 -32.9867 -83.4952 
-58 -164.632 -33 30 -64.8018 -79.6194 -32.9532 -83.5269 
-61 -164.964 -34 30 -63.5079 -78.31 -34.0518 -84.58 
-68 -164.813 -33 30 -62.237 -77.8865 -32.1635 -83.3315 
-57 -164.482 -33 30 -65.0458 -81.2749 -34.0853 -84.4801 
-62 -165.904 -32 30 -62.1718 -78.0831 -29.0065 -78.6407 
-66 -165.341 -34 30 -61.8425 -77.4411 -32.569 -83.1742 
-56 -167.584 -31 29 -61.449 -76.3825 -24.9506 -76.6556 
-58 -163.782 -33 30 -65.9453 -82.1389 -33.3922 -83.2697 
-50 -167.19 -31 29 -63.3779 -77.5662 -26.8389 -77.8359 
-58 -164.906 -33 30 -64.5383 -79.3048 -32.5477 -83.7524 
-54 -167.208 -33 30 -61.8571 -77.9334 -32.421 -82.8028 
-60 -167.37 -31 29 -60.813 -75.8332 -26.0492 -77.6405 
-61 -165.237 -34 30 -63.2444 -77.9954 -33.6463 -84.8056 
-53 -174.402 -33 29 -50.9486 -72.7763 -28.4823 -79.7804 
-62 -166.177 -32 30 -61.9083 -77.7684 -28.601 -78.8662 
-66 -165.614 -34 30 -61.579 -77.1264 -32.1635 -83.3998 
-64 -165.51 -33 30 -62.237 -77.8865 -32.1635 -83.3315 
-66 -169.39 -33 29 -55.5798 -74.4393 -30.8063 -80.7668 
-62 -164.692 -33 30 -63.9024 -78.7554 -33.6463 -84.7373 
-64 -164.936 -33 30 -63.1365 -78.7505 -31.4704 -82.1211 
-53 -165.179 -33 30 -65.0458 -81.2749 -34.0853 -84.4801 
-65 -165.024 -34 30 -62.6084 -77.446 -34.7449 -85.7905 
-62 -164.121 -33 30 -64.8018 -79.6194 -32.9532 -83.5269 
-71 -169.768 -33 29 -53.8934 -74.4623 -29.0145 -80.5044 
-56 -165.784 -32 30 -63.8372 -78.952 -30.4893 -80.0465 
-58 -164.055 -33 30 -65.6818 -81.8242 -32.9867 -83.4952 
-59 -166.115 -33 30 -62.5433 -77.6427 -31.5879 -81.0997 
-66 -165.964 -32 30 -61.2724 -77.2191 -29.6996 -79.8511 
-50 -167.463 -31 29 -63.1144 -77.2515 -26.4334 -78.0614 
-54 -167.482 -33 30 -61.5936 -77.6187 -32.0155 -83.0284 
-70 -165.401 -34 30 -60.9431 -76.5771 -33.2621 -84.3846 
-53 -174.675 -33 29 -50.6851 -72.4616 -28.0768 -80.0059 
-64 -166.492 -33 30 -60.8779 -76.7737 -30.1051 -79.6938 
-57 -167.121 -32 30 -61.6996 -74.1934 -32.2811 -79.1493 
-54 -168.571 -34 30 -59.8348 -77.8293 -31.288 -83.054 
-56 -168.067 -31 29 -60.813 -75.8332 -26.0492 -77.6405 
-62 -163.842 -33 30 -65.0458 -81.2749 -34.0853 -84.4801 
-66 -169.663 -33 29 -55.3163 -74.1246 -30.4008 -80.9924 
-54 -167.25 -31 29 -62.4784 -76.7022 -27.532 -79.0463 
-58 -167.268 -33 30 -60.9576 -77.0694 -33.1141 -84.0132 
-57 -174.461 -33 29 -50.0491 -71.9123 -29.1754 -80.9908 
-71 -170.041 -33 29 -53.6299 -74.1476 -28.6091 -80.73 
-62 -164.394 -33 30 -64.5383 -79.3048 -32.5477 -83.7524 
-56 -166.057 -32 30 -63.5737 -78.6374 -30.0839 -80.2721 
-59 -166.388 -33 30 -62.2798 -77.328 -31.1825 -81.3252 
-58 -165.389 -33 30 -63.9024 -78.7554 -33.6463 -84.7373 
-49 -173.159 -32 28 -53.8804 -72.8289 -31.1837 -81.1126 
FEATURES_TXT_END_0
FEATURES_TXT_BEGIN_0 57 96 8 Distortion0_0 LM0_0 WordPenalty0_0 PhrasePenalty0_0 TranslationModel0_0 TranslationModel0_1 TranslationModel0_2 TranslationModel0_3 
-69 -284.874 -59 45 -32.7535 -95.6076 -39.6034 -137.443 
-81 -283.099 -58 45 -32.8604 -94.2574 -40.554 -137.314 
-79 -283.189 -60 46 -33.1617 -95.6076 -40.8184 -137.443 
-63 -283.386 -58 45 -37.3987 -96.7759 -34.2706 -133.25 
-91 -281.415 -59 46 -33.2686 -94.2574 -41.769 -137.314 
-75 -281.611 -57 45 -37.5056 -95.4256 -35.2212 -133.12 
-79 -282.945 -59 46 -33.8549 -95.6076 -40.8184 -137.443 
-75 -284.222 -58 45 -32.8604 -94.2574 -40.554 -137.314 
-63 -285.266 -59 45 -34.5177 -95.7485 -35.3692 -134.938 
-71 -284.874 -59 45 -32.7535 -95.6076 -39.6034 -137.443 
-91 -281.171 -58 46 -33.9617 -94.2574 -41.769 -137.314 
-65 -282.441 -58 45 -38.3257 -95.3489 -39.6034 -132.828 
-87 -279.516 -58 45 -37.1965 -96.6833 -42.3966 -135.516 
-75 -283.491 -58 45 -34.6246 -94.3982 -36.3198 -134.809 
-83 -283.099 -58 45 -32.8604 -94.2574 -40.554 -137.314 
-77 -282.327 -58 45 -35.8845 -95.1429 -37.0385 -134.299 
-77 -278.409 -56 45 -41.9977 -96.4383 -38.5048 -129.918 
-85 -278.623 -60 46 -39.6634 -95.1938 -40.7775 -135.521 
-85 -282.538 -59 46 -33.2686 -94.2574 -41.769 -137.314 
-69 -282.734 -57 45 -37.5056 -95.4256 -35.2212 -133.12 
-63 -284.404 -58 45 -36.3895 -95.2525 -33.5774 -131.814 
-81 -283.189 -60 46 -33.1617 -95.6076 -40.8184 -137.443 
-77 -280.666 -57 45 -38.4326 -93.9986 -40.554 -132.699 
-65 -283.386 -58 45 -37.3987 -96.7759 -34.2706 -133.25 
-81 -281.542 -58 44 -35.7169 -99.3005 -36.8553 -135.038 
-77 -278.855 -57 45 -41.3046 -96.4383 -38.5048 -129.918 
-89 -280.553 -57 45 -35.9914 -93.7926 -37.9891 -134.17 
-89 -276.634 -55 45 -42.1046 -95.0881 -39.4554 -129.789 
-75 -284.44 -59 45 -32.7535 -95.6076 -39.6034 -137.443 
-97 -276.849 -59 46 -39.7703 -93.8435 -41.7282 -135.392 
-87 -284.546 -60 45 -29.7463 -96.0635 -39.6034 -144.47 
-75 -281.635 -57 45 -37.417 -95.6987 -39.6034 -134.533 
-91 -277.972 -59 46 -39.7703 -93.8435 -41.7282 -135.392 
-75 -280.756 -59 46 -38.7339 -95.3489 -40.8184 -132.828 
-79 -281.631 -57 45 -36.4256 -96.6971 -38.5048 -134.533 
-97 -277.831 -59 46 -37.6047 -96.6833 -43.6116 -135.516 
-59 -280.953 -57 45 -42.9709 -96.5171 -34.2706 -128.634 
-81 -278.028 -57 45 -41.8417 -97.8516 -37.0638 -131.323 
-75 -282.63 -57 45 -36.4964 -93.9023 -34.5281 -131.685 
-83 -281.021 -56 45 -36.5325 -95.3468 -39.4554 -134.404 
-93 -281.415 -59 46 -33.2686 -94.2574 -41.769 -137.314 
-93 -278.738 -57 45 -37.3034 -95.333 -43.3473 -135.387 
-77 -281.611 -57 45 -37.5056 -95.4256 -35.2212 -133.12 
-93 -279.767 -57 44 -35.8238 -97.9502 -37.8059 -134.909 
-89 -277.081 -56 45 -41.4115 -95.0881 -39.4554 -129.789 
-71 -276.92 -55 45 -46.643 -97.6066 -33.172 -125.725 
-79 -277.135 -59 46 -44.3086 -96.362 -35.4447 -131.328 
-85 -282.294 -58 46 -33.9617 -94.2574 -41.769 -137.314 
-73 -289.105 -59 44 -25.6936 -95.5161 -39.4891 -141.216 
-87 -282.666 -58 45 -32.8604 -94.2574 -40.554 -137.314 
-77 -277.318 -56 45 -44.0346 -96.6237 -38.5048 -128.82 
-69 -284.614 -58 45 -34.6246 -94.3982 -36.3198 -134.809 
-81 -282.945 -59 46 -33.8549 -95.6076 -40.8184 -137.443 
-87 -279.861 -56 45 -37.5239 -94.3484 -40.554 -134.404 
-77 -284.222 -58 45 -32.8604 -94.2574 -40.554 -137.314 
-85 -283.099 -58 45 -32.8604 -94.2574 -40.554 -137.314 
-87 -278.982 -58 46 -38.8408 -93.9986 -41.769 -132.699 
-91 -279.857 -59 45 -36.125 -99.3005 -38.0702 -135.038 
-65 -285.266 -59 45 -34.5177 -95.7485 -35.3692 -134.938 
-71 -279.178 -56 45 -43.0778 -95.1669 -35.2212 -128.505 
-75 -280.054 -57 44 -40.3621 -100.469 -31.5224 -130.844 
-73 -284.874 -59 45 -32.7535 -95.6076 -39.6034 -137.443 
-85 -282.756 -60 46 -33.1617 -95.6076 -40.8184 -137.443 
-77 -277.765 -57 45 -43.3415 -96.6237 -38.5048 -128.82 
-83 -275.146 -54 45 -46.7499 -96.2563 -34.1226 -125.596 
-69 -282.952 -58 45 -37.3987 -96.7759 -34.2706 -133.25 
-97 -282.862 -61 46 -30.1545 -96.0635 -40.8184 -144.47 
-85 -279.951 -58 46 -37.8251 -95.6987 -40.8184 -134.533 
-71 -282.998 -57 45 -36.4256 -96.6971 -38.5048 -134.533 
-91 -275.361 -58 46 -44.4155 -95.0117 -36.3953 -131.199 
-89 -279.947 -58 46 -36.8338 -96.6971 -39.7198 -134.533 
-75 -280.512 -58 46 -39.427 -95.3489 -40.8184 -132.828 
-85 -287.33 -58 44 -25.8005 -94.1659 -40.4397 -141.087 
-81 -283.058 -59 45 -34.3915 -97.2318 -34.2706 -140.276 
-71 -281.79 -57 45 -38.4326 -93.9986 -40.554 -132.699 
-69 -280.147 -56 45 -42.0622 -96.867 -34.2706 -130.34 
-71 -278.801 -56 45 -43.7619 -96.5792 -34.2706 -127.414 
-97 -277.587 -58 46 -38.2979 -96.6833 -43.6116 -135.516 
-89 -275.544 -55 45 -44.1415 -95.2734 -39.4554 -128.69 
-73 -280.143 -56 45 -41.0708 -97.8654 -33.172 -130.34 
-93 -283.769 -59 45 -29.8532 -94.7132 -40.554 -144.341 
-59 -282.833 -58 45 -40.0898 -95.4897 -35.3692 -130.323 
-81 -279.908 -58 45 -38.9607 -96.8242 -38.1624 -133.012 
-93 -279.336 -57 46 -36.9407 -95.3468 -40.6704 -134.404 
-93 -281.171 -58 46 -33.9617 -94.2574 -41.769 -137.314 
-103 -277.054 -58 46 -37.7116 -95.333 -44.5622 -135.387 
-75 -282.41 -57 45 -36.4256 -96.6971 -38.5048 -134.533 
-87 -278.279 -56 44 -40.469 -99.1185 -32.4731 -130.715 
-77 -279.532 -55 45 -41.1777 -96.5151 -34.1226 -130.211 
-83 -281.676 -57 45 -35.9914 -93.7926 -37.9891 -134.17 
-103 -278.083 -58 45 -36.2319 -97.9502 -39.0208 -134.909 
-89 -279.516 -58 45 -37.1965 -96.6833 -42.3966 -135.516 
-87 -277.25 -56 45 -41.9486 -96.5013 -38.0144 -131.194 
-77 -283.491 -58 45 -34.6246 -94.3982 -36.3198 -134.809 
-79 -280.541 -57 45 -38.4625 -96.8824 -38.5048 -133.435 
-83 -277.757 -55 45 -42.1046 -95.0881 -39.4554 -129.789 
FEATURES_TXT_END_0
FEATURES_TXT_BEGIN_0 58 100 8 Distortion0_0 LM0_0 WordPenalty0_0 PhrasePenalty0_0 TranslationModel0_0 TranslationModel0_1 TranslationModel0_2 TranslationModel0_3 
-100 -225.383 -55 49 -97.1077 -136.392 -61.838 -141.297 
-100 -224.045 -55 50 -99.0356 -135.448 -66.1947 -141.078 
-94 -224.007 -54 48 -100.618 -141.02 -61.9773 -142.392 
-94 -222.669 -54 49 -102.546 -140.075 -66.334 -142.173 
-96 -228.446 -55 48 -93.6916 -133.547 -60.7867 -137.413 
-96 -227.109 -55 49 -95.6195 -132.603 -65.1434 -137.194 
-96 -225.204 -55 50 -98.9754 -134.538 -64.2563 -139.779 
-90 -227.07 -54 47 -97.2023 -138.175 -60.9261 -138.508 
-90 -225.732 -54 48 -99.1302 -137.23 -65.2828 -138.289 
-90 -223.828 -54 49 -102.486 -139.166 -64.3956 -140.874 
-92 -228.268 -55 49 -95.5594 -131.693 -63.2051 -135.895 
-86 -226.891 -54 48 -99.07 -136.321 -63.3444 -136.99 
-96 -223.537 -55 50 -101.893 -137.062 -68.446 -143.024 
-94 -226.141 -55 49 -98.3429 -140.988 -61.5728 -143.064 
-94 -224.804 -55 50 -100.271 -140.043 -65.9296 -142.845 
-106 -225.008 -56 50 -97.3918 -137.778 -64.6622 -143.508 
-100 -226.512 -55 49 -97.0475 -135.483 -59.8996 -139.998 
-90 -222.161 -54 49 -105.404 -141.69 -68.5853 -144.119 
-102 -224.77 -55 50 -99.0356 -135.448 -66.1947 -141.078 
-100 -223.632 -55 49 -100.902 -142.406 -64.8015 -144.603 
-94 -225.135 -54 48 -100.558 -140.11 -60.0389 -141.093 
-92 -226.6 -55 49 -98.477 -134.217 -67.3947 -139.14 
-90 -229.205 -55 48 -94.9268 -138.143 -60.5216 -139.18 
-100 -227.239 -55 49 -96.0724 -136.595 -60.2003 -141.065 
-90 -227.867 -55 49 -96.8547 -137.198 -64.8783 -138.961 
-100 -225.901 -55 50 -98.0003 -135.65 -64.557 -140.846 
-90 -225.963 -55 50 -100.211 -139.134 -63.9912 -141.546 
-96 -223.394 -54 49 -102.546 -140.075 -66.334 -142.173 
-102 -228.071 -56 49 -93.9758 -134.933 -63.611 -139.624 
-96 -229.575 -55 48 -93.6315 -132.638 -58.8484 -136.114 
-86 -225.224 -54 48 -101.988 -138.845 -67.5341 -140.235 
-98 -227.833 -55 49 -95.6195 -132.603 -65.1434 -137.194 
-96 -226.695 -55 48 -97.4864 -139.561 -63.7503 -140.719 
-90 -228.199 -54 47 -97.1421 -137.265 -58.9877 -137.209 
-96 -230.302 -55 48 -92.6564 -133.75 -59.1491 -137.181 
-96 -228.964 -55 49 -94.5843 -132.805 -63.5058 -136.962 
-106 -225.925 -55 49 -97.1077 -136.392 -61.838 -141.297 
-108 -225.62 -55 49 -97.1077 -136.392 -61.838 -141.297 
-86 -229.026 -55 49 -96.7945 -136.289 -62.94 -137.662 
-96 -227.06 -55 50 -97.9402 -134.741 -62.6187 -139.547 
-92 -226.457 -54 48 -99.1302 -137.23 -65.2828 -138.289 
-102 -223.426 -55 49 -101.963 -138.664 -63.2242 -141.484 
-102 -222.089 -55 50 -103.891 -137.719 -67.581 -141.265 
-100 -225.003 -55 49 -99.9651 -138.007 -64.0892 -143.243 
-98 -229.147 -56 49 -93.8632 -135.567 -63.0198 -141.002 
-98 -227.81 -56 50 -95.7911 -134.622 -67.3765 -140.783 
-106 -223.03 -56 50 -101.566 -137.896 -66.1947 -142.491 
-104 -226.362 -55 49 -97.1077 -136.392 -61.838 -141.297 
-100 -224.549 -54 48 -100.618 -141.02 -61.9773 -142.392 
-102 -224.243 -54 48 -100.618 -141.02 -61.9773 -142.392 
-96 -226.296 -55 50 -99.0356 -135.448 -66.1947 -141.078 
-90 -224.295 -55 50 -103.128 -141.658 -68.1808 -144.791 
-96 -222.05 -54 48 -105.473 -143.291 -63.3636 -142.579 
-96 -220.712 -54 49 -107.401 -142.347 -67.7203 -142.36 
-100 -225.105 -55 50 -100.103 -136.453 -65.096 -140.283 
-94 -223.627 -54 48 -103.476 -142.635 -64.2286 -144.338 
-100 -225.766 -56 50 -98.627 -142.374 -64.3971 -145.274 
-100 -221.654 -55 49 -105.077 -142.524 -66.334 -143.586 
-98 -224.986 -54 48 -100.618 -141.02 -61.9773 -142.392 
-94 -227.27 -55 49 -98.2827 -140.078 -59.6345 -141.764 
-94 -221.198 -54 48 -106.964 -145.197 -67.3423 -145.081 
-94 -219.86 -54 49 -108.892 -144.252 -71.699 -144.862 
-100 -226.317 -55 49 -98.2028 -138.492 -63.7062 -145.202 
-102 -228.988 -55 48 -93.6916 -133.547 -60.7867 -137.413 
-104 -228.683 -55 48 -93.6916 -133.547 -60.7867 -137.413 
-92 -230.123 -55 49 -94.5241 -131.896 -61.5675 -135.663 
-90 -224.92 -54 49 -102.546 -140.075 -66.334 -142.173 
-100 -227.201 -55 49 -97.1077 -136.392 -61.838 -141.297 
-100 -225.863 -55 50 -99.0356 -135.448 -66.1947 -141.078 
-98 -226.489 -55 48 -98.5468 -135.819 -62.173 -137.6 
-98 -225.152 -55 49 -100.475 -134.874 -66.5297 -137.381 
-96 -228.2 -55 49 -96.4519 -135.244 -63.342 -141.531 
-106 -226.136 -56 50 -97.3317 -136.868 -62.7238 -142.208 
-98 -225.608 -55 49 -99.9651 -138.007 -64.0892 -143.243 
-98 -223.248 -55 50 -103.831 -136.809 -65.6426 -139.966 
-96 -228.066 -55 48 -96.5491 -135.162 -63.038 -139.359 
-96 -225.529 -55 50 -100.271 -140.043 -65.9296 -142.845 
-94 -223.729 -54 49 -103.614 -141.081 -65.2354 -141.378 
-100 -231.346 -55 49 -91.0656 -130.51 -59.4102 -136.757 
-100 -230.008 -55 50 -92.9935 -129.565 -63.7669 -136.538 
-102 -224.678 -55 49 -101.011 -137.433 -59.5867 -140.113 
-94 -232.211 -56 48 -90.4471 -132.722 -61.9685 -137.118 
-102 -223.34 -55 50 -102.939 -136.489 -63.9434 -139.894 
-94 -230.873 -56 49 -92.375 -131.777 -66.3253 -136.899 
-102 -226.094 -56 49 -98.15 -135.051 -65.1434 -138.607 
-100 -229.425 -55 48 -93.6916 -133.547 -60.7867 -137.413 
-94 -228.969 -56 50 -95.7309 -133.713 -65.4381 -139.484 
-94 -224.941 -54 48 -101.713 -143.12 -63.8456 -146.297 
-96 -227.612 -54 47 -97.2023 -138.175 -60.9261 -138.508 
-98 -227.307 -54 47 -97.2023 -138.175 -60.9261 -138.508 
-92 -229.359 -55 49 -95.6195 -132.603 -65.1434 -137.194 
-102 -226.881 -54 49 -97.4587 -135.997 -60.2003 -137.476 
-102 -225.544 -54 50 -99.3866 -135.053 -64.5571 -137.257 
-86 -227.358 -55 49 -99.7121 -138.813 -67.1296 -140.907 
-96 -225.393 -55 50 -100.858 -137.265 -66.8083 -142.792 
-102 -225.899 -55 50 -98.9754 -134.538 -64.2563 -139.779 
-92 -225.113 -54 47 -102.057 -140.446 -62.3124 -138.695 
-92 -223.776 -54 48 -103.985 -139.502 -66.6691 -138.476 
-104 -225.71 -55 49 -98.2629 -139.402 -65.6446 -146.501 
-90 -226.823 -54 48 -99.9626 -139.872 -63.4814 -142.626 
FEATURES_TXT_END_0
FEATURES_TXT_BEGIN_0 59 100 8 Distortion0_0 LM0_0 WordPenalty0_0 PhrasePenalty0_0 TranslationModel0_0 TranslationModel0_1 TranslationModel0_2 TranslationModel0_3 
-55 -156.971 -39 35 -64.3284 -87.0025 -61.2671 -96.8941 
-55 -157.477 -39 35 -64.3481 -86.2963 -60.8315 -95.5849 
-55 -158.464 -39 35 -63.049 -86.1855 -62.2177 -97.5759 
-65 -156.45 -39 35 -64.3284 -87.0025 -61.2671 -96.8941 
-55 -158.97 -39 35 -63.0686 -85.4792 -61.7821 -96.2667 
-53 -157.067 -38 34 -66.9116 -87.0346 -60.8328 -96.2224 
-65 -156.956 -39 35 -64.3481 -86.2963 -60.8315 -95.5849 
-55 -162.664 -42 36 -57.71 -82.3559 -62.975 -98.285 
-55 -158.502 -39 35 -64.3284 -87.0025 -61.2671 -96.8941 
-55 -158.311 -38 35 -64.9692 -86.3547 -59.3212 -94.6198 
-57 -161.697 -39 35 -59.514 -84.0276 -54.1733 -91.365 
-59 -157.945 -39 35 -64.3284 -87.0025 -61.2671 -96.8941 
-67 -157.514 -40 36 -62.7808 -86.4169 -67.7652 -104.065 
-59 -157.791 -38 35 -64.9692 -86.3547 -59.3212 -94.6198 
-55 -158.46 -39 35 -64.3336 -87.3217 -63.4443 -96.6343 
-67 -157.36 -39 36 -63.4216 -85.7691 -65.8193 -101.79 
-65 -157.943 -39 35 -63.049 -86.1855 -62.2177 -97.5759 
-55 -158.968 -39 35 -64.6377 -83.4687 -57.335 -91.3534 
-55 -157.085 -39 35 -67.0821 -87.9078 -61.2671 -96.8941 
-53 -157.573 -38 34 -66.9312 -86.3283 -60.3972 -94.9132 
-56 -155.226 -39 35 -69.023 -92.971 -66.5754 -103.418 
-59 -157.1 -39 36 -65.8165 -89.5659 -66.0443 -100.728 
-55 -159.008 -39 35 -64.3481 -86.2963 -60.8315 -95.5849 
-55 -158.817 -38 35 -64.9888 -85.6484 -58.8856 -93.3107 
-57 -162.203 -39 35 -59.5336 -83.3213 -53.7377 -90.0558 
-61 -156.827 -39 35 -65.7581 -90.5459 -64.878 -100.523 
-59 -158.451 -39 35 -64.3481 -86.2963 -60.8315 -95.5849 
-59 -156.946 -38 36 -66.4573 -88.918 -64.0984 -98.4538 
-53 -158.561 -38 34 -65.6322 -86.2175 -61.7835 -96.9042 
-55 -158.006 -39 35 -65.7805 -87.347 -64.9746 -99.9951 
-67 -158.02 -40 36 -62.8005 -85.7107 -67.3296 -102.755 
-59 -158.297 -38 35 -64.9888 -85.6484 -58.8856 -93.3107 
-45 -160.62 -39 35 -64.7521 -84.9092 -60.8858 -96.7163 
-67 -157.866 -39 36 -63.4413 -85.0628 -65.3837 -100.481 
-65 -158.449 -39 35 -63.0686 -85.4792 -61.7821 -96.2667 
-73 -162.58 -41 36 -55.8849 -81.3251 -50.2771 -92.2062 
-55 -159.995 -39 35 -63.049 -86.1855 -62.2177 -97.5759 
-55 -159.173 -40 35 -63.7793 -87.9598 -66.3887 -100.039 
-55 -159.804 -38 35 -63.6898 -85.5376 -60.2718 -95.3016 
-57 -163.19 -39 35 -58.2346 -83.2105 -55.1239 -92.0467 
-59 -159.438 -39 35 -63.049 -86.1855 -62.2177 -97.5759 
-63 -159.057 -39 35 -63.3798 -84.3097 -55.468 -90.205 
-56 -155.732 -39 35 -69.0427 -92.2647 -66.1397 -102.108 
-55 -158.722 -38 35 -65.4083 -87.0025 -60.8617 -96.8941 
-65 -161.266 -39 35 -59.514 -84.0276 -54.1733 -91.365 
-53 -160.365 -40 36 -63.098 -85.9215 -63.8851 -98.7035 
-67 -159.007 -40 36 -61.5014 -85.5999 -68.7158 -104.746 
-55 -159.617 -38 34 -63.8625 -86.7266 -60.236 -94.5017 
-59 -159.284 -38 35 -63.6898 -85.5376 -60.2718 -95.3016 
-55 -159.273 -39 35 -64.7521 -84.9092 -60.8858 -96.7163 
-55 -158.231 -39 35 -65.9938 -87.8715 -62.75 -98.2999 
-63 -156.547 -38 34 -66.9116 -87.0346 -60.8328 -96.2224 
-53 -163.64 -40 36 -58.4409 -83.7753 -59.8094 -98.8859 
-67 -158.853 -39 36 -62.1422 -84.952 -66.7699 -102.472 
-55 -159.394 -40 35 -64.3284 -87.0025 -61.2671 -96.8941 
-59 -157.606 -39 36 -65.8361 -88.8596 -65.6086 -99.4189 
-55 -159.701 -39 35 -64.1267 -85.8584 -59.6185 -95.0771 
-53 -158.178 -38 34 -66.9116 -87.0346 -60.8328 -96.2224 
-65 -162.143 -42 36 -57.71 -82.3559 -62.975 -98.2849 
-55 -160.461 -39 35 -63.3583 -82.6516 -58.2856 -92.0352 
-59 -157.452 -38 36 -66.4769 -88.2117 -63.6627 -97.1446 
-55 -158.578 -39 35 -65.8027 -87.0907 -62.2177 -97.5759 
-59 -160.678 -40 35 -61.9513 -83.3457 -59.0376 -95.2362 
-53 -159.067 -38 34 -65.6518 -85.5112 -61.3478 -95.595 
-53 -161.657 -40 36 -61.4077 -85.8314 -63.1919 -99.5178 
-61 -158.629 -39 35 -64.3284 -87.0025 -61.2671 -96.8941 
-65 -157.791 -38 35 -64.9692 -86.3547 -59.3212 -94.6198 
-67 -161.177 -39 35 -59.514 -84.0276 -54.1733 -91.365 
-55 -158.512 -39 35 -65.8002 -86.6408 -64.5389 -98.6859 
-49 -158.775 -39 35 -67.0821 -87.9078 -61.2671 -96.8941 
-57 -161.176 -39 35 -61.7967 -82.8599 -59.2371 -94.8993 
-59 -158.641 -40 35 -64.8033 -89.9692 -59.6577 -99.6671 
-55 -162.801 -41 36 -59.5232 -82.5176 -61.1292 -96.1356 
-47 -162.511 -41 35 -61.4938 -83.2977 -63.8535 -95.4071 
-73 -163.086 -41 36 -55.9045 -80.6189 -49.8415 -90.897 
-65 -157.939 -39 35 -64.3336 -87.3217 -63.4443 -96.6343 
-59 -158.593 -39 36 -64.5371 -88.7488 -66.9949 -101.41 
-45 -163.583 -40 35 -60.7683 -84.5051 -60.3726 -97.4736 
-55 -160.501 -39 35 -63.0686 -85.4792 -61.7821 -96.2667 
-57 -163.326 -40 35 -58.5805 -81.8176 -57.4782 -92.2523 
-61 -158.202 -38 35 -65.4083 -87.0025 -60.8617 -96.8941 
-55 -160.31 -38 35 -63.7094 -84.8313 -59.8362 -93.9924 
-57 -163.697 -39 35 -58.2542 -82.5043 -54.6883 -90.7375 
-61 -158.32 -39 35 -64.4787 -89.7289 -65.8287 -101.205 
-55 -158.411 -39 35 -66.5584 -88.7081 -58.9645 -95.1415 
-59 -159.944 -39 35 -63.0686 -85.4792 -61.7821 -96.2667 
-59 -158.44 -38 36 -65.1779 -88.1009 -65.049 -99.1355 
-63 -159.563 -39 35 -63.3995 -83.6034 -55.0324 -88.8958 
-59 -160.638 -41 35 -62.1645 -83.3457 -60.7363 -95.2362 
-55 -159.228 -38 35 -65.428 -86.2963 -60.426 -95.5849 
-65 -158.447 -39 35 -64.6377 -83.4687 -57.335 -91.3534 
-53 -161.832 -40 36 -62.044 -84.1291 -59.8661 -97.4448 
-67 -157.956 -39 35 -64.3284 -87.0025 -61.2671 -96.8941 
-55 -158.025 -39 35 -66.7671 -88.1948 -65.1791 -98.7877 
-65 -161.772 -39 35 -59.5336 -83.3213 -53.7377 -90.0558 
-53 -160.871 -40 36 -63.1177 -85.2152 -63.4494 -97.3944 
-65 -156.565 -39 35 -67.0821 -87.9078 -61.2671 -96.8941 
-67 -159.513 -40 36 -61.5211 -84.8936 -68.2802 -103.437 
-55 -160.123 -38 34 -63.8822 -86.0204 -59.8004 -93.1925 
-59 -159.79 -38 35 -63.7094 -84.8313 -59.8362 -93.9924 
FEATURES_TXT_END_0
FEATURES_TXT_BEGIN_0 60 89 8 Distortion0_0 LM0_0 WordPenalty0_0 PhrasePenalty0_0 TranslationModel0_0 TranslationModel0_1 TranslationModel0_2 TranslationModel0_3 
-83 -162.26 -35 33 -56.6848 -83.9396 -36.3604 -92.1313 
-85 -162.26 -35 33 -56.6848 -83.9396 -36.3604 -92.1313 
-74 -160.929 -34 33 -62.1906 -86.0588 -36.6944 -88.956 
-76 -160.929 -34 33 -62.1906 -86.0588 -36.6944 -88.956 
-74 -163.25 -34 33 -61.7051 -85.6928 -38.0807 -89.5802 
-82 -163.647 -35 33 -56.6848 -83.9396 -36.3604 -92.1313 
-82 -163.216 -35 33 -57.6567 -82.7497 -36.3604 -90.7652 
-78 -160.929 -34 33 -62.1906 -86.0588 -36.6944 -88.956 
-83 -163.469 -35 34 -56.9237 -83.1225 -39.7616 -92.8131 
-84 -163.647 -35 33 -56.6848 -83.9396 -36.3604 -92.1313 
-73 -165.556 -35 33 -56.5207 -83.105 -36.5008 -91.1158 
-84 -163.216 -35 33 -57.6567 -82.7497 -36.3604 -90.7652 
-83 -166.792 -35 33 -52.3281 -81.1966 -36.3604 -92.8245 
-80 -160.929 -34 33 -62.1906 -86.0588 -36.6944 -88.956 
-85 -163.469 -35 34 -56.9237 -83.1225 -39.7616 -92.8131 
-76 -161.205 -34 33 -62.8037 -86.2903 -36.6944 -88.7197 
-89 -163.754 -35 33 -55.6552 -84.999 -37.9699 -95.3502 
-78 -157.817 -34 33 -67.6644 -86.692 -40.6896 -89.7553 
-72 -166.856 -35 33 -56.6848 -83.9396 -36.3604 -92.1313 
-89 -162.777 -35 33 -57.36 -84.8141 -37.2767 -93.4043 
-75 -165.556 -35 33 -56.5207 -83.105 -36.5008 -91.1158 
-81 -161.005 -34 33 -62.1906 -86.0588 -36.6944 -88.956 
-85 -166.792 -35 33 -52.3281 -81.1966 -36.3604 -92.8245 
-82 -164.22 -35 34 -56.9237 -83.1225 -39.7616 -92.8131 
-73 -163.413 -35 33 -60.3499 -85.0403 -38.4887 -91.2288 
-79 -163.743 -35 33 -58.7907 -84.1734 -34.7918 -89.8089 
-74 -162.799 -34 33 -61.2996 -84.9648 -36.9821 -88.9924 
-81 -165.461 -35 33 -56.6848 -83.9396 -36.3604 -92.1313 
-78 -161.205 -34 33 -62.8037 -86.2903 -36.6944 -88.7197 
-78 -165.179 -35 33 -56.6848 -83.9396 -36.3604 -92.1313 
-82 -163.789 -35 34 -57.8956 -81.9326 -39.7616 -91.447 
-79 -165.966 -36 33 -55.2805 -83.988 -34.7918 -90.9075 
-83 -160.931 -34 33 -62.1906 -86.0588 -36.6944 -88.956 
-91 -163.754 -35 33 -55.6552 -84.999 -37.9699 -95.3502 
-80 -157.817 -34 33 -67.6644 -86.692 -40.6896 -89.7553 
-64 -162.082 -34 33 -65.8557 -87.1595 -38.8227 -88.0535 
-91 -162.777 -35 33 -57.36 -84.8141 -37.2767 -93.4043 
-83 -165.385 -36 33 -55.2115 -83.9396 -36.3604 -92.1313 
-83 -161.005 -34 33 -62.1906 -86.0588 -36.6944 -88.956 
-75 -161.57 -35 34 -63.4677 -83.1802 -39.7616 -89.6552 
-84 -160.929 -34 33 -62.1906 -86.0588 -36.6944 -88.956 
-72 -166.944 -35 33 -56.5207 -83.105 -36.5008 -91.1158 
-84 -164.22 -35 34 -56.9237 -83.1225 -39.7616 -92.8131 
-78 -165.389 -35 33 -56.6848 -83.9396 -36.3604 -92.1313 
-75 -163.413 -35 33 -60.3499 -85.0403 -38.4887 -91.2288 
-80 -161.566 -35 34 -62.0544 -85.9086 -39.7363 -91.7518 
-79 -160.778 -35 34 -63.7753 -85.1871 -38.811 -90.3396 
-81 -163.743 -35 33 -58.7907 -84.1734 -34.7918 -89.8089 
-76 -162.799 -34 33 -61.2996 -84.9648 -36.9821 -88.9924 
-83 -161.208 -34 33 -62.8037 -86.2903 -36.6944 -88.7197 
-81 -165.758 -36 33 -55.8867 -84.8141 -37.2767 -93.4043 
-80 -161.205 -34 33 -62.8037 -86.2903 -36.6944 -88.7197 
-78 -161.797 -36 35 -61.9752 -86.1012 -43.1708 -94.2856 
-64 -164.225 -34 33 -62.0264 -85.2242 -36.8348 -87.9406 
-80 -165.179 -35 33 -56.6848 -83.9396 -36.3604 -92.1313 
-84 -163.789 -35 34 -57.8956 -81.9326 -39.7616 -91.447 
-81 -164.543 -35 33 -57.36 -84.8141 -37.2767 -93.4043 
-83 -164.649 -36 33 -56.6668 -85.6304 -35.8904 -92.3545 
-82 -166.293 -36 34 -54.7511 -81.9696 -35.4835 -91.4937 
-81 -164.389 -35 33 -57.6917 -84.7429 -36.9603 -92.7994 
-81 -165.966 -36 33 -55.2805 -83.988 -34.7918 -90.9075 
-85 -160.931 -34 33 -62.1906 -86.0588 -36.6944 -88.956 
-74 -165.461 -34 33 -57.8339 -83.3158 -36.6944 -89.6492 
-82 -157.817 -34 33 -67.6644 -86.692 -40.6896 -89.7553 
-85 -165.385 -36 33 -55.2115 -83.9396 -36.3604 -92.1313 
-79 -165.461 -35 33 -56.6848 -83.9396 -36.3604 -92.1313 
-77 -161.57 -35 34 -63.4677 -83.1802 -39.7616 -89.6552 
-79 -164.823 -35 33 -57.6499 -83.9265 -37.7554 -90.7856 
-80 -165.389 -35 33 -56.6848 -83.9396 -36.3604 -92.1313 
-82 -161.566 -35 34 -62.0544 -85.9086 -39.7363 -91.7518 
-73 -165.685 -35 33 -57.8322 -83.735 -38.0187 -91.7005 
-81 -160.778 -35 34 -63.7753 -85.1871 -38.811 -90.3396 
-78 -162.799 -34 33 -61.2996 -84.9648 -36.9821 -88.9924 
-76 -165.461 -34 33 -57.8339 -83.3158 -36.6944 -89.6492 
-92 -160.786 -35 34 -60.5227 -85.4855 -43.3603 -93.6068 
-79 -162.821 -35 33 -60.9531 -85.6842 -39.1417 -92.0897 
-81 -164.542 -35 33 -57.917 -85.3112 -35.2618 -92.5468 
-80 -161.797 -36 35 -61.9752 -86.1012 -43.1708 -94.2856 
-80 -162.423 -34 33 -61.1609 -87.1182 -38.3039 -92.1749 
-80 -165.458 -35 33 -56.6848 -83.9396 -36.3604 -92.1313 
-80 -161.446 -34 33 -62.8657 -86.9333 -37.6107 -90.229 
-66 -164.225 -34 33 -62.0264 -85.2242 -36.8348 -87.9406 
-91 -158.783 -34 33 -64.4393 -84.5431 -40.5603 -88.2487 
-83 -164.543 -35 33 -57.36 -84.8141 -37.2767 -93.4043 
-85 -164.649 -36 33 -56.6668 -85.6304 -35.8904 -92.3545 
-84 -166.293 -36 34 -54.7511 -81.9696 -35.4835 -91.4937 
-83 -164.389 -35 33 -57.6917 -84.7429 -36.9603 -92.7994 
-87 -160.931 -34 33 -62.1906 -86.0588 -36.6944 -88.956 
-74 -162.936 -34 33 -62.1906 -86.0588 -36.6944 -88.956 
FEATURES_TXT_END_0
FEATURES_TXT_BEGIN_0 61 100 8 Distortion0_0 LM0_0 WordPenalty0_0 PhrasePenalty0_0 TranslationModel0_0 TranslationModel0_1 TranslationModel0_2 TranslationModel0_3 
-156 -268.659 -71 60 -122.69 -171.031 -71.3726 -177.044 
-160 -271.871 -73 60 -117.046 -167.88 -71.0043 -179.318 
-164 -268.024 -73 60 -122.412 -170.141 -71.6975 -179.898 
-160 -268.845 -71 59 -122.451 -171.848 -67.9714 -176.362 
-156 -270.421 -72 61 -121.074 -170.999 -70.8623 -177.716 
-146 -270.89 -71 60 -122.69 -171.031 -71.3726 -177.044 
-160 -273.633 -74 61 -115.431 -167.848 -70.4939 -179.99 
-150 -274.102 -73 60 -117.046 -167.88 -71.0043 -179.318 
-154 -271.881 -71 60 -120.039 -168.648 -68.5394 -175.198 
-160 -269.755 -73 60 -121.52 -171.472 -71.0043 -179.231 
-164 -269.786 -74 61 -120.796 -170.109 -71.1871 -180.569 
-154 -270.255 -73 60 -122.412 -170.141 -71.6975 -179.898 
-156 -270.317 -71 60 -121.863 -170.154 -71.3726 -176.61 
-156 -270.106 -73 60 -122.092 -170.851 -72.7589 -179.62 
-156 -273.77 -72 60 -116.972 -165.624 -68.0999 -174 
-158 -275.093 -73 60 -114.395 -165.497 -68.1711 -177.472 
-152 -271.512 -71 60 -121.445 -170.205 -68.4415 -177.828 
-156 -269.277 -71 60 -123.589 -171.895 -70.6795 -175.834 
-152 -268.697 -75 62 -125.178 -173.224 -76.4909 -183.341 
-154 -269.247 -72 61 -124.461 -172.317 -70.9292 -180.934 
-160 -270.607 -72 60 -120.835 -171.816 -67.4611 -177.034 
-150 -271.076 -71 59 -122.451 -171.848 -67.9714 -176.362 
-154 -271.577 -71 60 -120.855 -170.361 -67.5119 -174.312 
-152 -269.152 -75 61 -124.309 -171.053 -78.3876 -181.479 
-160 -273.529 -73 60 -116.219 -167.003 -71.0043 -178.884 
-156 -272.716 -72 60 -118.436 -166.578 -72.6848 -176.316 
-160 -276.982 -74 60 -111.328 -162.473 -67.7315 -176.273 
-152 -271.764 -70 60 -121.532 -170.205 -67.0552 -177.828 
-162 -271.246 -73 60 -119.761 -167.758 -68.8643 -178.051 
-146 -272.652 -72 61 -121.074 -170.999 -70.8623 -177.716 
-154 -269.499 -71 61 -124.548 -172.317 -69.5429 -180.934 
-164 -268.504 -73 60 -123.311 -171.005 -71.0043 -178.687 
-158 -274.789 -73 60 -115.211 -167.209 -67.1436 -176.585 
-158 -269.798 -71 60 -122.69 -171.031 -71.3726 -177.044 
-162 -268.219 -72 60 -124.188 -173.144 -71.4098 -180.15 
-164 -269.682 -73 60 -121.585 -169.264 -71.6975 -179.463 
-160 -269.409 -73 60 -123.048 -170.69 -70.5989 -178.913 
-160 -269.212 -71 59 -123.351 -172.712 -67.2783 -175.152 
-160 -275.928 -74 60 -112.793 -163.427 -72.3165 -178.59 
-164 -273.136 -74 60 -116.694 -164.734 -68.4247 -176.853 
-158 -272.067 -71 59 -119.8 -169.465 -65.1382 -174.516 
-150 -275.864 -74 61 -115.431 -167.848 -70.4939 -179.99 
-150 -273.274 -72 61 -119.829 -170.173 -67.9311 -178.5 
-162 -270.942 -73 60 -120.577 -169.471 -67.8367 -177.165 
-152 -271.009 -73 62 -122.846 -172.285 -70.4188 -181.605 
-162 -273.01 -73 60 -117.046 -167.88 -71.0043 -179.318 
-160 -270.504 -71 59 -121.624 -170.971 -67.9714 -175.928 
-154 -273.643 -72 61 -118.424 -168.616 -68.029 -175.87 
-160 -271.517 -74 61 -119.904 -171.44 -70.4939 -179.903 
-150 -271.986 -73 60 -121.52 -171.472 -71.0043 -179.231 
-148 -270.925 -74 62 -123.701 -171.411 -73.3774 -178.65 
-164 -272.081 -74 60 -118.158 -165.688 -73.0097 -179.169 
-150 -271.301 -71 60 -122.69 -171.031 -71.3726 -177.044 
-160 -270.292 -73 59 -121.853 -171.668 -69.3577 -178.938 
-156 -271.247 -71 60 -121.431 -170.231 -70.274 -175.789 
-144 -269.118 -74 62 -127.482 -172.688 -74.476 -178.111 
-154 -271.249 -71 60 -121.863 -170.154 -71.3726 -176.61 
-160 -273.957 -72 59 -116.733 -166.441 -64.6987 -173.318 
-154 -272.017 -74 61 -120.796 -170.109 -71.1871 -180.569 
-164 -269.304 -74 60 -122.412 -170.787 -72.7961 -181.689 
-148 -271.381 -74 61 -122.832 -169.24 -75.2741 -176.789 
-156 -271.698 -71 59 -121.206 -171.022 -65.0403 -177.147 
-156 -269.874 -71 60 -123.41 -172.97 -71.3726 -177.727 
-144 -269.574 -74 61 -126.612 -170.516 -76.3727 -176.25 
-146 -272.548 -71 60 -121.863 -170.154 -71.3726 -176.61 
-156 -269.255 -74 61 -124.126 -171.053 -77.6944 -181.479 
-158 -271.764 -71 59 -120.616 -171.178 -64.1107 -173.63 
-166 -269.164 -73 60 -122.412 -170.141 -71.6975 -179.898 
-158 -274.844 -71 60 -115.615 -167.295 -68.1404 -173.465 
-156 -271.868 -74 61 -120.476 -170.819 -72.2486 -180.292 
-146 -272.337 -73 60 -122.092 -170.851 -72.7589 -179.62 
-154 -275.456 -72 60 -115.786 -164.195 -69.8516 -174.47 
-156 -275.533 -73 61 -115.357 -165.592 -67.5895 -174.671 
-146 -276.002 -72 60 -116.972 -165.624 -68.0999 -174 
-148 -276.418 -74 60 -115.422 -166.407 -72.4543 -182.16 
-158 -276.855 -74 61 -112.78 -165.465 -67.6607 -178.143 
-156 -271.039 -72 61 -121.974 -171.863 -70.1691 -176.506 
-142 -273.743 -71 60 -121.445 -170.205 -68.4415 -177.828 
-146 -271.508 -71 60 -123.589 -171.895 -70.6795 -175.834 
-160 -272.902 -72 59 -118.197 -167.395 -69.2836 -175.634 
-154 -274.513 -73 60 -117.046 -167.88 -71.0043 -179.318 
-152 -269.969 -74 61 -124.126 -171.053 -77.6944 -181.479 
-160 -274.458 -73 60 -115.787 -167.08 -69.9057 -178.063 
-158 -274.461 -73 60 -116.219 -167.003 -71.0043 -178.884 
-142 -270.928 -75 62 -125.178 -173.224 -76.4909 -183.341 
-156 -271.95 -70 59 -121.293 -171.022 -63.654 -177.147 
-152 -273.164 -71 60 -119.559 -169.72 -71.7886 -177.539 
-144 -271.478 -72 61 -124.461 -172.317 -70.9292 -180.934 
-150 -272.839 -72 60 -120.835 -171.816 -67.4611 -177.034 
-154 -273.339 -72 61 -119.239 -170.329 -67.0015 -174.983 
-144 -273.808 -71 60 -120.855 -170.361 -67.5119 -174.312 
-156 -270.609 -71 60 -122.69 -171.031 -71.3726 -177.044 
-160 -273.086 -73 60 -117.766 -169.819 -71.0043 -180 
-152 -272.303 -71 60 -120.898 -171.498 -71.3727 -177.588 
-142 -271.384 -75 61 -124.309 -171.053 -78.3876 -181.479 
-150 -275.76 -73 60 -116.219 -167.003 -71.0043 -178.884 
-162 -269.985 -71 59 -122.451 -171.848 -67.9714 -176.362 
-154 -271.941 -71 60 -121.351 -169.977 -69.016 -173.85 
-158 -272.977 -73 60 -118.869 -169.089 -68.1711 -177.385 
-150 -273.799 -71 61 -119.916 -170.173 -66.5448 -178.5 
FEATURES_TXT_END_0
FEATURES_TXT_BEGIN_0 62 100 8 Distortion0_0 LM0_0 WordPenalty0_0 PhrasePenalty0_0 TranslationModel0_0 TranslationModel0_1 TranslationModel0_2 TranslationModel0_3 
-67 -143.521 -36 30 -52.4371 -67.5748 -29.7032 -74.2153 
-68 -145.834 -37 31 -48.716 -68.8448 -26.392 -74.1061 
-66 -144.407 -35 30 -51.6421 -67.5748 -28.1627 -74.2153 
-74 -142.518 -35 30 -52.8208 -69.7512 -28.1627 -75.2514 
-64 -145.046 -35 30 -51.6421 -67.5748 -28.1627 -74.2153 
-64 -146.118 -35 30 -49.8504 -68.0418 -28.1627 -74.7589 
-74 -145.241 -35 30 -49.0351 -67.0276 -28.149 -73.713 
-64 -145.193 -35 30 -51.6421 -67.5748 -28.1627 -74.2153 
-74 -143.296 -35 30 -52.2781 -68.1242 -27.0641 -73.2304 
-64 -143.236 -35 30 -54.6561 -68.496 -30.1368 -73.2824 
-71 -145.747 -37 31 -48.9601 -67.0254 -30.8354 -76.3129 
-72 -148.059 -38 32 -45.2391 -68.2954 -27.5242 -76.2038 
-72 -143.283 -35 30 -52.8208 -69.7512 -28.1627 -75.2514 
-70 -146.633 -36 31 -48.1652 -67.0254 -29.295 -76.3129 
-66 -143.088 -35 30 -54.6561 -68.496 -30.1368 -73.2824 
-73 -145.831 -37 31 -48.6917 -67.1946 -30.5127 -76.7924 
-67 -148.882 -38 31 -45.1285 -66.6938 -32.0808 -80.2384 
-74 -148.144 -38 32 -44.9706 -68.4646 -27.2015 -76.6832 
-66 -144.471 -35 30 -52.5766 -68.2218 -30.1368 -73.4583 
-71 -143.88 -36 30 -52.4371 -67.5748 -29.7032 -74.2153 
-78 -144.743 -36 31 -49.3439 -69.2018 -29.295 -77.349 
-72 -146.717 -36 31 -47.8968 -67.1946 -28.9723 -76.7924 
-66 -149.768 -37 31 -44.3336 -66.6938 -30.5404 -80.2384 
-69 -146.05 -38 31 -49.5109 -68.8448 -27.9324 -74.1061 
-63 -145.072 -37 30 -52.35 -70.2193 -28.7869 -73.7884 
-70 -144.765 -35 30 -51.6421 -67.5748 -28.1627 -74.2153 
-67 -143.035 -36 30 -54.7396 -70.2513 -29.7032 -73.1167 
-66 -148.623 -37 31 -46.6769 -66.483 -26.7974 -74.9792 
-68 -147.272 -36 31 -48.1652 -67.0254 -29.295 -76.3129 
-62 -145.958 -36 30 -51.5551 -70.2193 -27.2465 -73.7884 
-68 -148.344 -36 31 -46.3734 -67.4924 -29.295 -76.8565 
-73 -144.465 -37 31 -51.2645 -68.3274 -29.9473 -74.4192 
-68 -144.939 -37 31 -51.7299 -69.7659 -28.366 -73.1732 
-80 -144.827 -36 31 -49.0754 -69.371 -28.9723 -77.8285 
-74 -147.879 -37 31 -45.5122 -68.8702 -30.5404 -81.2745 
-67 -146.643 -37 31 -49.4051 -66.4077 -31.3877 -77.1788 
-66 -143.921 -35 30 -53.9447 -70.2513 -28.1627 -73.1167 
-67 -143.187 -35 29 -55.0881 -70.1618 -25.7847 -73.0442 
-64 -144.874 -35 30 -52.8643 -68.9629 -30.1368 -73.826 
-78 -142.876 -35 30 -52.8208 -69.7512 -28.1627 -75.2514 
-68 -145.499 -36 30 -51.367 -71.4318 -22.4734 -72.9351 
-69 -144.652 -38 31 -51.7119 -69.6374 -32.2091 -76.0345 
-67 -144.787 -36 30 -52.4371 -67.5748 -29.7032 -74.2153 
-71 -144.18 -36 30 -52.4371 -67.5748 -29.7032 -74.2153 
-68 -148.675 -37 31 -46.4134 -66.1683 -26.392 -75.2047 
-78 -147.467 -36 31 -45.5582 -66.4782 -29.2812 -75.8107 
-68 -147.085 -37 31 -48.716 -68.8448 -26.392 -74.1061 
-68 -147.419 -36 31 -48.1652 -67.0254 -29.295 -76.3129 
-72 -145.35 -36 31 -50.4696 -68.3275 -28.4069 -74.4192 
-78 -145.522 -36 31 -48.8012 -67.5748 -28.1964 -75.3281 
-66 -149.009 -37 31 -46.4134 -66.1683 -26.392 -75.2047 
-68 -147.139 -36 31 -48.5625 -66.1624 -30.3809 -74.6943 
-70 -144.068 -36 30 -52.7338 -72.3956 -27.2465 -74.8245 
-66 -147.529 -36 31 -48.6102 -66.4077 -29.8472 -77.1788 
-67 -147.033 -38 31 -48.8749 -68.2954 -29.031 -75.091 
-67 -145.405 -36 30 -51.6104 -66.6981 -29.7032 -73.781 
-66 -144.072 -34 29 -54.2932 -70.1618 -24.2442 -73.0442 
-70 -142.148 -35 30 -55.8347 -70.6723 -30.1368 -74.3185 
-70 -147.356 -36 31 -47.8968 -67.1946 -28.9723 -76.7924 
-64 -150.407 -37 31 -44.3336 -66.6938 -30.5404 -80.2384 
-67 -144.877 -36 30 -52.4371 -67.5748 -29.7032 -74.2153 
-70 -146.623 -35 30 -49.0351 -67.0276 -28.149 -73.713 
-70 -148.428 -36 31 -46.105 -67.6616 -28.9723 -77.336 
-64 -151.479 -37 31 -42.5418 -67.1608 -30.5404 -80.782 
-68 -145.461 -36 31 -51.1792 -67.9466 -31.269 -75.38 
-70 -145.065 -35 30 -51.6421 -67.5748 -28.1627 -74.2153 
-74 -142.031 -35 30 -55.1234 -72.4276 -28.1627 -74.1527 
-63 -145.487 -37 30 -51.8528 -70.6791 -32.9359 -77.3674 
-67 -145.054 -37 30 -51.9671 -67.5748 -31.3126 -74.2153 
-68 -145.405 -35 30 -51.6421 -67.5748 -28.1627 -74.2153 
-68 -146.476 -35 30 -49.8504 -68.0418 -28.1627 -74.7589 
-64 -147.8 -38 31 -48.1317 -71.949 -29.6246 -77.2582 
-68 -147.367 -38 31 -48.246 -68.8448 -28.0014 -74.1061 
-76 -145.509 -36 31 -49.3439 -69.2018 -29.295 -77.349 
-67 -145.276 -36 30 -51.7952 -68.0382 -30.6195 -75.3139 
-65 -146.334 -36 30 -50.6453 -68.0418 -29.7032 -74.7589 
-66 -147.919 -37 31 -48.08 -68.2954 -27.4906 -75.091 
-66 -146.291 -35 30 -50.8154 -66.6981 -28.1627 -73.781 
-67 -145.402 -36 30 -51.7952 -66.2411 -30.6195 -74.4266 
-80 -143.461 -36 31 -51.6482 -70.5038 -28.4069 -75.4553 
-66 -142.891 -35 30 -55.8347 -70.6723 -30.1368 -74.3185 
-66 -145.763 -35 30 -51.6421 -67.5748 -28.1627 -74.2153 
-68 -147.589 -37 31 -48.0741 -69.3082 -27.3082 -75.2047 
-60 -146.597 -36 30 -51.5551 -70.2193 -27.2465 -73.7884 
-80 -147.551 -36 31 -45.2898 -66.6474 -28.9585 -76.2901 
-70 -147.503 -36 31 -47.8968 -67.1946 -28.9723 -76.7924 
-74 -150.602 -37 31 -41.7265 -66.1466 -30.5266 -79.7362 
-80 -145.606 -36 31 -48.5328 -67.744 -27.8737 -75.8075 
-60 -147.669 -36 30 -49.7634 -70.6862 -27.2465 -74.332 
-68 -147.715 -37 31 -48.0741 -67.511 -27.3082 -74.3174 
-64 -150.555 -37 31 -44.3336 -66.6938 -30.5404 -80.2384 
-74 -145.64 -36 31 -49.7889 -68.584 -29.8472 -78.2149 
-74 -148.657 -37 31 -44.9695 -67.2432 -29.4417 -79.2536 
-62 -146.373 -36 30 -51.0579 -70.6791 -31.3954 -77.3674 
-74 -142.183 -34 29 -55.4718 -72.3382 -24.2442 -74.0803 
-67 -147.581 -37 30 -48.1604 -67.861 -30.3963 -77.2749 
-66 -145.94 -36 30 -51.1721 -67.5748 -29.7722 -74.2153 
-57 -148.001 -38 31 -50.0301 -67.47 -31.3417 -76.6609 
-70 -145.314 -36 31 -51.1792 -67.9466 -31.269 -75.38 
-66 -147.644 -37 31 -48.716 -68.8448 -26.392 -74.1061 
FEATURES_TXT_END_0
FEATURES_TXT_BEGIN_0 63 69 8 Distortion0_0 LM0_0 WordPenalty0_0 PhrasePenalty0_0 TranslationModel0_0 TranslationModel0_1 TranslationModel0_2 TranslationModel0_3 
-40 -124.535 -25 24 -45.9648 -71.9293 -19.4633 -49.9089 
-42 -124.535 -25 24 -45.9648 -71.9293 -19.4633 -49.9089 
-36 -128.555 -24 23 -44.686 -69.6075 -13.7524 -42.857 
-44 -124.535 -25 24 -45.9648 -71.9293 -19.4633 -49.9089 
-28 -128.304 -24 23 -44.686 -69.6075 -13.7524 -42.857 
-30 -127.297 -24 23 -45.6953 -71.1309 -14.4455 -44.292 
-46 -124.535 -25 24 -45.9648 -71.9293 -19.4633 -49.9089 
-46 -124.922 -26 24 -47.0492 -72.2722 -23.8639 -52.0388 
-34 -126.124 -25 24 -46.5946 -72.2772 -17.212 -48.6395 
-38 -126.974 -24 23 -44.686 -69.6075 -13.7524 -42.8569 
-30 -128.304 -24 23 -44.686 -69.6075 -13.7524 -42.857 
-42 -130.478 -27 24 -39.9281 -68.9303 -18.6024 -55.431 
-32 -127.297 -24 23 -45.6953 -71.1309 -14.4455 -44.292 
-36 -126.584 -25 24 -47.1107 -73.268 -20.3796 -50.7419 
-36 -126.124 -25 24 -46.5946 -72.2772 -17.212 -48.6395 
-46 -124.586 -23 23 -48.6696 -68.3791 -13.9242 -39.6164 
-40 -125.818 -25 24 -45.9648 -71.9293 -19.4633 -49.9089 
-36 -127.765 -24 23 -45.6953 -71.1309 -14.4455 -44.292 
-40 -124.586 -23 23 -48.6696 -68.3791 -13.9242 -39.6164 
-40 -126.974 -24 23 -44.686 -69.6075 -13.7524 -42.8569 
-34 -127.407 -25 24 -46.5946 -72.2772 -17.212 -48.6395 
-40 -124.922 -26 24 -47.0492 -72.2722 -23.8639 -52.0388 
-32 -128.304 -24 23 -44.686 -69.6075 -13.7524 -42.857 
-34 -127.297 -24 23 -45.6953 -71.1309 -14.4455 -44.292 
-38 -123.796 -24 23 -50.1153 -72.2472 -17.39 -44.7905 
-40 -122.788 -24 23 -51.1246 -73.7706 -18.0831 -46.2256 
-38 -126.124 -25 24 -46.5946 -72.2772 -17.212 -48.6395 
-30 -128.772 -24 23 -44.686 -69.6075 -13.7524 -42.8569 
-42 -125.818 -25 24 -45.9648 -71.9293 -19.4633 -49.9089 
-40 -128.13 -24 23 -44.0562 -69.2596 -16.0037 -44.1264 
-32 -127.765 -24 23 -45.6953 -71.1309 -14.4455 -44.292 
-42 -124.586 -23 23 -48.6696 -68.3791 -13.9242 -39.6164 
-46 -125.818 -25 24 -45.9648 -71.9293 -19.4633 -49.9089 
-42 -126.974 -24 23 -44.686 -69.6075 -13.7524 -42.8569 
-42 -124.922 -26 24 -47.0492 -72.2722 -23.8639 -52.0388 
-34 -128.772 -24 23 -44.686 -69.6075 -13.7524 -42.8569 
-44 -124.386 -23 23 -48.6696 -68.3791 -13.9242 -39.6164 
-34 -128.304 -24 23 -44.686 -69.6075 -13.7524 -42.857 
-40 -127.84 -24 23 -44.686 -69.6075 -13.7524 -42.857 
-36 -127.297 -24 23 -45.6953 -71.1309 -14.4455 -44.292 
-36 -130.173 -24 22 -41.8146 -69.8215 -13.143 -45.3452 
-34 -129.141 -24 23 -43.4066 -68.7904 -14.703 -43.5387 
-40 -123.796 -24 23 -50.1153 -72.2472 -17.39 -44.7905 
-44 -122.788 -24 23 -51.1246 -73.7706 -18.0831 -46.2256 
-42 -122.788 -24 23 -51.1246 -73.7706 -18.0831 -46.2256 
-28 -127.508 -23 23 -48.2008 -70.7087 -12.3661 -41.0348 
-40 -126.124 -25 24 -46.5946 -72.2772 -17.212 -48.6395 
-30 -128.58 -24 23 -45.6953 -71.1309 -14.4455 -44.292 
-32 -128.772 -24 23 -44.686 -69.6075 -13.7524 -42.8569 
-44 -125.818 -25 24 -45.9648 -71.9293 -19.4633 -49.9089 
-32 -127.612 -23 23 -47.1915 -69.1853 -11.6729 -39.5997 
-42 -123.796 -24 23 -50.1153 -72.2472 -17.39 -44.7905 
-38 -128.13 -24 23 -44.0562 -69.2596 -16.0037 -44.1264 
-34 -127.765 -24 23 -45.6953 -71.1309 -14.4455 -44.292 
-36 -129.141 -24 23 -43.4066 -68.7904 -14.703 -43.5387 
-44 -124.586 -23 23 -48.6696 -68.3791 -13.9242 -39.6164 
-44 -126.974 -24 23 -44.686 -69.6075 -13.7524 -42.8569 
-28 -129.588 -24 23 -44.686 -69.6075 -13.7524 -42.857 
-34 -126.584 -25 24 -47.1107 -73.268 -20.3796 -50.7419 
-40 -130.478 -27 24 -39.9281 -68.9303 -18.6024 -55.431 
-44 -124.922 -26 24 -47.0492 -72.2722 -23.8639 -52.0388 
-34 -128.555 -24 23 -44.686 -69.6075 -13.7524 -42.857 
-34 -127.183 -23 23 -47.1915 -69.1853 -11.6729 -39.5997 
-36 -128.293 -24 23 -44.686 -69.6075 -13.7524 -42.857 
-46 -124.386 -23 23 -48.6696 -68.3791 -13.9242 -39.6164 
-38 -125.991 -24 23 -47.4962 -73.3935 -16.055 -45.2993 
-44 -126.292 -25 23 -45.4425 -72.7068 -17.39 -49.0588 
-42 -126.403 -24 23 -46.1641 -68.8012 -16.0037 -42.8736 
-34 -128.027 -25 24 -45.3152 -71.4601 -18.1626 -49.3213 
FEATURES_TXT_END_0
FEATURES_TXT_BEGIN_0 64 100 8 Distortion0_0 LM0_0 WordPenalty0_0 PhrasePenalty0_0 TranslationModel0_0 TranslationModel0_1 TranslationModel0_2 TranslationModel0_3 
-103 -188.928 -48 44 -83.5396 -109.449 -41.9497 -110.723 
-103 -189.296 -48 44 -82.9098 -109.101 -44.201 -111.993 
-105 -189.827 -49 44 -81.5643 -108.299 -45.1441 -111.305 
-99 -190.306 -49 44 -82.3746 -108.517 -44.7874 -111.354 
-103 -187.19 -48 44 -86.5649 -110.522 -42.6428 -109.257 
-105 -190.195 -49 44 -80.9345 -107.951 -47.3954 -112.574 
-99 -190.674 -49 44 -81.7448 -108.169 -47.0387 -112.623 
-103 -187.558 -48 44 -85.9351 -110.174 -44.8941 -110.526 
-99 -189.896 -49 44 -82.5794 -109.997 -49.8354 -113.603 
-97 -190.612 -48 44 -82.6657 -109.36 -43.9989 -111.993 
-93 -190.375 -49 44 -83.3896 -110.215 -49.4787 -113.652 
-105 -188.089 -49 44 -84.5896 -109.372 -45.8372 -109.839 
-99 -190.264 -49 44 -81.9496 -109.649 -52.0867 -114.873 
-97 -190.98 -48 44 -82.0359 -109.012 -46.2502 -113.262 
-99 -188.569 -49 44 -85.3999 -109.589 -45.4805 -109.887 
-93 -190.743 -49 44 -82.7598 -109.867 -51.73 -114.922 
-107 -189.017 -48 44 -83.1314 -109.116 -42.4017 -110.623 
-111 -189.091 -49 44 -81.7646 -107.904 -46.5698 -114.779 
-101 -189.496 -48 44 -83.9417 -109.334 -42.045 -110.672 
-105 -188.457 -49 44 -83.9598 -109.024 -48.0885 -111.108 
-100 -185.625 -49 44 -88.8868 -115.15 -54.2362 -119.473 
-109 -188.563 -48 44 -83.5396 -109.449 -41.9497 -110.723 
-99 -188.936 -49 44 -84.7701 -109.242 -47.7318 -111.157 
-103 -190.497 -48 44 -81.9302 -107.873 -42.6428 -109.876 
-107 -189.385 -48 44 -82.5016 -108.768 -44.653 -111.893 
-95 -191.125 -49 44 -82.4067 -108.329 -47.2559 -112.62 
-99 -188.159 -49 44 -85.6047 -111.07 -50.5286 -112.137 
-97 -188.874 -48 44 -85.691 -110.433 -44.6921 -110.526 
-101 -189.864 -48 44 -83.3119 -108.986 -44.2963 -111.941 
-93 -188.638 -49 44 -86.4149 -111.288 -50.1719 -112.186 
-101 -189.086 -48 44 -84.1465 -110.814 -47.093 -112.922 
-100 -185.993 -49 44 -88.2571 -114.802 -56.4874 -120.743 
-95 -189.565 -48 44 -84.9567 -111.032 -46.7364 -112.97 
-103 -190.865 -48 44 -81.3004 -107.525 -44.8941 -111.145 
-113 -189.989 -50 44 -79.7893 -106.753 -49.7641 -115.361 
-95 -191.493 -49 44 -81.7769 -107.982 -49.5072 -113.89 
-99 -188.527 -49 44 -84.9749 -110.722 -52.7798 -113.407 
-97 -189.242 -48 44 -85.0612 -110.085 -46.9434 -111.796 
-107 -190.469 -50 44 -80.5995 -106.971 -49.4074 -115.41 
-105 -189.684 -49 44 -82.7798 -108.02 -45.317 -113.746 
-93 -189.006 -49 44 -85.7851 -110.94 -52.4232 -113.455 
-107 -187.279 -48 44 -86.1567 -110.189 -43.0948 -109.157 
-111 -187.353 -49 44 -84.7899 -108.976 -47.2629 -113.313 
-101 -189.735 -49 44 -82.9876 -110.33 -49.3834 -113.704 
-101 -189.454 -48 44 -83.5167 -110.466 -49.3443 -114.191 
-89 -191.194 -49 44 -83.4218 -110.028 -51.9472 -114.919 
-101 -187.759 -48 44 -86.9669 -110.407 -42.7382 -109.206 
-111 -189.462 -49 44 -81.5643 -108.299 -45.1441 -111.305 
-95 -189.933 -48 44 -84.3269 -110.684 -48.9876 -114.24 
-105 -191.396 -49 44 -79.9549 -106.722 -45.8372 -110.458 
-107 -188.296 -48 44 -84.4567 -110.443 -45.0483 -113.189 
-105 -189.941 -49 44 -82.3746 -108.517 -44.7874 -111.354 
-99 -191.875 -49 44 -80.7651 -106.94 -45.4805 -110.506 
-109 -186.825 -48 44 -86.5649 -110.522 -42.6428 -109.257 
-107 -187.647 -48 44 -85.5269 -109.841 -45.3461 -110.426 
-102 -184.815 -48 44 -90.4539 -115.967 -51.4938 -118.792 
-95 -189.387 -49 44 -85.432 -109.402 -47.949 -111.154 
-101 -190.103 -49 44 -82.3578 -109.982 -51.6347 -114.973 
-107 -190.059 -50 44 -80.8043 -108.451 -54.4555 -117.66 
-105 -190.774 -49 44 -80.8906 -107.814 -48.619 -116.049 
-89 -191.562 -49 44 -82.792 -109.68 -54.1985 -116.188 
-95 -193.326 -49 43 -79.594 -107.917 -42.8964 -111.784 
-101 -188.126 -48 44 -86.3372 -110.059 -44.9894 -110.475 
-101 -190.538 -50 44 -81.6146 -108.669 -54.0988 -117.708 
-89 -192.429 -50 44 -82.0415 -107.487 -48.8811 -111.711 
-105 -191.764 -49 44 -79.3251 -106.374 -48.0885 -111.727 
-97 -190.315 -48 44 -83.9738 -109.147 -44.5135 -111.938 
-105 -189.257 -49 44 -82.9255 -110.412 -50.4431 -115.38 
-97 -190.472 -48 44 -83.9417 -109.334 -42.045 -110.672 
-101 -187.349 -48 44 -87.1717 -111.887 -47.7862 -111.455 
-99 -192.243 -49 44 -80.1354 -106.592 -47.7318 -111.776 
-105 -190.29 -49 44 -81.9725 -108.632 -44.6921 -111.405 
-107 -190.582 -50 44 -80.8045 -106.869 -48.5114 -114.328 
-95 -187.828 -48 44 -87.982 -112.105 -47.4295 -111.504 
-105 -189.531 -49 44 -82.5794 -109.997 -49.8354 -113.603 
-103 -190.246 -48 44 -82.6657 -109.36 -43.9989 -111.993 
-113 -188.252 -50 44 -82.8146 -107.826 -50.4573 -113.895 
-102 -185.183 -48 44 -89.8242 -115.619 -53.7451 -120.061 
-99 -191.465 -49 44 -80.9699 -108.42 -50.5286 -112.756 
-97 -192.18 -48 44 -81.0562 -107.784 -44.6921 -111.145 
-95 -189.755 -49 44 -84.8022 -109.055 -50.2003 -112.423 
-101 -191.062 -50 44 -81.6147 -107.087 -48.1547 -114.377 
-99 -190.01 -49 44 -83.3896 -110.215 -49.4787 -113.652 
-95 -193.694 -49 43 -78.9643 -107.569 -45.1477 -113.054 
-107 -188.731 -50 44 -83.6248 -108.044 -50.1006 -113.943 
-93 -191.944 -49 44 -81.7802 -108.638 -50.1719 -112.805 
-105 -187.946 -49 44 -85.8051 -109.093 -46.0101 -112.28 
-106 -182.541 -49 44 -92.7161 -117.085 -56.224 -119.586 
-89 -192.797 -50 44 -81.4118 -107.139 -51.1323 -112.98 
-115 -189.179 -49 44 -81.3564 -107.57 -47.0217 -114.679 
-109 -189.195 -49 44 -82.4814 -109.293 -48.2427 -113.771 
-97 -190.683 -48 44 -83.344 -108.799 -46.7648 -113.208 
-105 -189.625 -49 44 -82.2957 -110.064 -52.6944 -116.649 
-97 -190.84 -48 44 -83.3119 -108.986 -44.2963 -111.941 
-101 -187.997 -49 44 -86.0129 -111.403 -50.0766 -112.237 
-101 -187.717 -48 44 -86.542 -111.539 -50.0375 -112.725 
-89 -189.456 -49 44 -86.4471 -111.101 -52.6404 -113.452 
-99 -190.519 -48 44 -83.4775 -109.531 -43.0094 -112.399 
-109 -189.659 -49 44 -82.1666 -107.788 -46.6651 -114.728 
-105 -190.658 -49 44 -81.3428 -108.284 -46.9434 -112.674 
FEATURES_TXT_END_0
FEATURES_TXT_BEGIN_0 65 100 8 Distortion0_0 LM0_0 WordPenalty0_0 PhrasePenalty0_0 TranslationModel0_0 TranslationModel0_1 TranslationModel0_2 TranslationModel0_3 
-90 -217.938 -48 42 -77.251 -110.717 -32.0681 -113.149 
-92 -217.938 -48 42 -77.251 -110.717 -32.0681 -113.149 
-92 -220.105 -48 42 -73.7545 -109.381 -32.0681 -111.11 
-98 -215.619 -47 42 -79.1704 -115.131 -31.7563 -111.25 
-90 -219.375 -48 42 -75.3671 -112.132 -31.3749 -111.072 
-92 -220.651 -48 41 -73.377 -107.273 -30.2614 -111.945 
-88 -223.876 -49 42 -69.7398 -102.226 -30.3364 -111.93 
-94 -217.602 -46 41 -77.904 -108.803 -28.4702 -106.035 
-94 -220.105 -48 42 -73.7545 -109.381 -32.0681 -111.11 
-98 -211.405 -47 42 -86.0462 -115.995 -35.5853 -110.04 
-100 -215.619 -47 42 -79.1704 -115.131 -31.7563 -111.25 
-90 -215.161 -48 42 -82.2429 -112.996 -35.2039 -109.862 
-90 -219.282 -48 42 -76.517 -110.717 -28.1561 -110.321 
-92 -219.375 -48 42 -75.3671 -112.132 -31.3749 -111.072 
-92 -219.497 -49 42 -75.2922 -110.717 -32.0681 -113.149 
-94 -220.651 -48 41 -73.377 -107.273 -30.2614 -111.945 
-92 -220.984 -48 41 -73.377 -107.273 -30.2614 -111.945 
-94 -222.818 -48 41 -69.8805 -105.938 -30.2614 -109.906 
-90 -223.876 -49 42 -69.7398 -102.226 -30.3364 -111.93 
-88 -218.092 -47 41 -79.1002 -110.749 -27.7218 -109.649 
-86 -221.923 -48 41 -73.377 -107.273 -30.2614 -111.945 
-96 -217.602 -46 41 -77.904 -108.803 -28.4702 -106.035 
-98 -218.96 -46 41 -74.6266 -113.306 -29.9061 -110.307 
-94 -218.506 -48 41 -76.4609 -111.333 -31.0352 -111.48 
-100 -218.333 -47 41 -75.2964 -111.687 -29.9496 -110.046 
-90 -226.043 -49 42 -66.2433 -100.891 -30.3364 -109.891 
-90 -222.716 -47 41 -70.8234 -110.308 -29.5247 -110.129 
-96 -221.558 -48 42 -71.6592 -106.64 -30.0246 -110.031 
-90 -216.747 -47 41 -80.5471 -110.749 -31.9234 -112.477 
-92 -222.089 -48 41 -71.4931 -108.689 -29.5682 -109.868 
-88 -225.314 -49 42 -67.856 -103.642 -29.6432 -109.853 
-92 -218.514 -48 42 -77.251 -110.717 -32.0681 -113.149 
-90 -218.547 -49 42 -77.4642 -110.717 -33.7667 -113.149 
-96 -220.315 -46 40 -74.03 -105.36 -26.6635 -104.831 
-96 -217.938 -48 42 -77.251 -110.717 -32.0681 -113.149 
-98 -218.476 -46 41 -75.8173 -111.259 -29.9061 -108.655 
-88 -223.266 -49 42 -70.8874 -106.475 -31.779 -112.578 
-90 -219.644 -48 42 -75.9716 -109.9 -33.0187 -113.831 
-92 -223.54 -47 41 -70.3928 -100.313 -26.7385 -104.816 
-100 -211.405 -47 42 -86.0462 -115.995 -35.5853 -110.04 
-102 -217.055 -48 42 -77.251 -110.717 -32.0681 -113.149 
-98 -216.049 -48 43 -79.7484 -110.079 -34.6371 -109.744 
-92 -215.161 -48 42 -82.2429 -112.996 -35.2039 -109.862 
-92 -219.282 -48 42 -76.517 -110.717 -28.1561 -110.321 
-94 -219.497 -49 42 -75.2922 -110.717 -32.0681 -113.149 
-92 -221.449 -48 42 -73.0205 -109.381 -28.1561 -108.282 
-94 -221.664 -49 42 -71.7957 -109.381 -32.0681 -111.11 
-98 -216.964 -47 42 -78.4364 -115.131 -27.8443 -108.422 
-94 -220.984 -48 41 -73.377 -107.273 -30.2614 -111.945 
-94 -219.908 -47 41 -74.7729 -109.268 -31.0352 -109.179 
-96 -222.818 -48 41 -69.8805 -105.938 -30.2614 -109.906 
-100 -214.119 -47 41 -82.1722 -112.551 -33.7785 -108.836 
-90 -218.092 -47 41 -79.1002 -110.749 -27.7218 -109.649 
-88 -221.923 -48 41 -73.377 -107.273 -30.2614 -111.945 
-100 -217.179 -48 42 -77.2116 -115.131 -31.7563 -111.25 
-88 -222.282 -48 42 -72.8462 -106.475 -31.779 -112.578 
-100 -218.96 -46 41 -74.6266 -113.306 -29.9061 -110.307 
-96 -218.506 -48 41 -76.4609 -111.333 -31.0352 -111.48 
-94 -223.151 -48 41 -69.8805 -105.938 -30.2614 -109.906 
-90 -220.72 -48 42 -74.6331 -112.132 -27.4629 -108.245 
-102 -218.333 -47 41 -75.2964 -111.687 -29.9496 -110.046 
-92 -226.043 -49 42 -66.2433 -100.891 -30.3364 -109.891 
-90 -220.259 -47 41 -75.6037 -109.413 -27.7218 -107.61 
-96 -217.343 -48 42 -78.535 -107.504 -33.8536 -108.821 
-88 -224.09 -48 41 -69.8805 -105.938 -30.2614 -109.906 
-92 -217.875 -48 41 -78.3689 -109.553 -33.3972 -108.658 
-92 -221.996 -48 41 -72.643 -107.273 -26.3494 -109.117 
-92 -220.935 -49 42 -73.4083 -112.132 -31.3749 -111.072 
-100 -218.666 -47 41 -75.2964 -111.687 -29.9496 -110.046 
-92 -222.716 -47 41 -70.8234 -110.308 -29.5247 -110.129 
-98 -221.558 -48 42 -71.6592 -106.64 -30.0246 -110.031 
-92 -216.747 -47 41 -80.5471 -110.749 -31.9234 -112.477 
-96 -215.773 -46 41 -81.0196 -115.163 -27.41 -107.751 
-94 -219.605 -47 41 -75.2964 -111.687 -29.9496 -110.046 
-94 -222.089 -48 41 -71.4931 -108.689 -29.5682 -109.868 
-98 -215.066 -47 43 -81.7072 -110.079 -34.6371 -109.744 
-88 -221.099 -49 42 -74.7318 -104.506 -33.4722 -108.643 
-88 -225.221 -49 42 -69.0059 -102.226 -26.4244 -109.102 
-92 -222.422 -48 41 -71.4931 -108.689 -29.5682 -109.868 
-94 -218.946 -46 41 -77.17 -108.803 -24.5582 -103.207 
-92 -218.914 -47 41 -77.0506 -109.413 -31.9234 -110.438 
-94 -222.596 -49 42 -70.8874 -106.475 -31.779 -112.578 
-102 -217.595 -49 43 -76.7708 -109.093 -35.1586 -116.595 
-90 -225.314 -49 42 -67.856 -103.642 -29.6432 -109.853 
-94 -218.514 -48 42 -77.251 -110.717 -32.0681 -113.149 
-88 -219.529 -47 41 -77.2163 -112.164 -27.0286 -107.573 
-86 -223.361 -48 41 -71.4931 -108.689 -29.5682 -109.868 
-92 -218.547 -49 42 -77.4642 -110.717 -33.7667 -113.149 
-96 -219.161 -47 41 -75.9452 -108.803 -28.4702 -106.035 
-98 -214.429 -46 41 -82.4665 -115.163 -31.6116 -110.579 
-90 -220.805 -47 40 -75.2262 -107.305 -25.9151 -108.445 
-94 -220.681 -48 42 -73.7545 -109.381 -32.0681 -111.11 
-98 -220.315 -46 40 -74.03 -105.36 -26.6635 -104.831 
-100 -221.674 -46 40 -70.7526 -109.863 -28.0994 -109.103 
-92 -220.714 -49 42 -73.9677 -109.381 -33.7667 -111.11 
-96 -221.22 -48 40 -72.5869 -107.889 -29.2285 -110.276 
-100 -218.476 -46 41 -75.8173 -111.259 -29.9061 -108.655 
-90 -223.266 -49 42 -70.8874 -106.475 -31.779 -112.578 
-92 -219.644 -48 42 -75.9716 -109.9 -33.0187 -113.831 
-86 -224.03 -48 41 -71.5891 -102.258 -25.9901 -108.43 
FEATURES_TXT_END_0
FEATURES_TXT_BEGIN_0 66 98 8 Distortion0_0 LM0_0 WordPenalty0_0 PhrasePenalty0_0 TranslationModel0_0 TranslationModel0_1 TranslationModel0_2 TranslationModel0_3 
-65 -169.411 -29 28 -38.3786 -56.4245 -22.5027 -65.8774 
-65 -169.726 -30 28 -38.091 -56.4245 -23.6013 -65.8774 
-65 -168.955 -29 28 -40.2192 -57.7684 -21.8096 -65.2713 
-65 -168.561 -29 28 -40.8467 -57.8562 -21.8096 -64.4503 
-65 -169.27 -30 28 -39.9315 -57.7684 -22.9082 -65.2713 
-65 -168.875 -30 28 -40.5591 -57.8562 -22.9082 -64.4503 
-73 -169.411 -29 28 -38.3786 -56.4245 -22.5027 -65.8774 
-65 -170.878 -29 28 -38.1555 -55.4042 -22.5027 -64.1139 
-65 -168.105 -29 28 -42.6873 -59.2002 -21.1164 -63.8442 
-59 -171.38 -29 28 -38.9398 -56.9514 -22.7602 -65.9531 
-73 -169.726 -30 28 -38.091 -56.4245 -23.6013 -65.8774 
-65 -170.194 -30 28 -39.3704 -57.2416 -22.6507 -65.1957 
-59 -171.871 -29 28 -38.3786 -56.4245 -22.5027 -65.8774 
-65 -171.192 -30 28 -37.8678 -55.4042 -23.6013 -64.1139 
-65 -170.659 -29 28 -38.9398 -56.9514 -22.7602 -65.9531 
-65 -168.42 -30 28 -42.3996 -59.2002 -22.215 -63.8442 
-59 -171.695 -30 28 -38.6521 -56.9514 -23.8588 -65.9531 
-64 -171.043 -29 28 -38.7166 -55.9311 -22.7602 -64.1895 
-61 -171.401 -29 28 -38.9398 -56.9514 -22.7602 -65.9531 
-59 -172.185 -30 28 -38.091 -56.4245 -23.6013 -65.8774 
-58 -167.375 -29 28 -46.2471 -59.4423 -21.8439 -63.314 
-65 -169.118 -29 28 -42.1182 -55.249 -20.8933 -61.0228 
-65 -170.974 -30 28 -38.6521 -56.9514 -23.8588 -65.9531 
-61 -171.944 -29 28 -38.3786 -56.4245 -22.5027 -65.8774 
-73 -168.955 -29 28 -40.2192 -57.7684 -21.8096 -65.2713 
-65 -169.789 -29 28 -40.8467 -57.8562 -21.8096 -64.4503 
-73 -168.561 -29 28 -40.8467 -57.8562 -21.8096 -64.4503 
-69 -169.75 -29 28 -39.996 -56.7482 -21.8096 -63.5077 
-64 -171.357 -30 28 -38.429 -55.9311 -23.8588 -64.1895 
-63 -170.137 -29 28 -40.8467 -57.8562 -21.8096 -64.4503 
-65 -169.018 -29 28 -41.9622 -59.3912 -23.1959 -66.7648 
-61 -171.715 -30 28 -38.6521 -56.9514 -23.8588 -65.9531 
-66 -171.043 -29 28 -38.7166 -55.9311 -22.7602 -64.1895 
-65 -170.687 -29 28 -39.658 -57.2416 -21.5521 -65.1957 
-63 -171.38 -29 28 -38.9398 -56.9514 -22.7602 -65.9531 
-56 -173.794 -29 28 -36.8761 -54.5871 -23.4533 -64.7956 
-58 -167.69 -30 28 -45.9594 -59.4423 -22.9425 -63.314 
-68 -170.066 -29 28 -39.996 -56.7482 -21.8096 -63.5077 
-65 -169.433 -30 28 -41.8305 -55.249 -21.9919 -61.0228 
-60 -167.375 -29 28 -46.2471 -59.4423 -21.8439 -63.314 
-65 -166.253 -29 28 -47.5265 -60.2593 -20.8933 -62.6322 
-63 -171.871 -29 28 -38.3786 -56.4245 -22.5027 -65.8774 
-59 -170.53 -29 28 -41.4079 -58.3831 -22.067 -64.526 
-61 -172.259 -30 28 -38.091 -56.4245 -23.6013 -65.8774 
-73 -169.27 -30 28 -39.9315 -57.7684 -22.9082 -65.2713 
-65 -170.104 -30 28 -40.5591 -57.8562 -22.9082 -64.4503 
-73 -168.875 -30 28 -40.5591 -57.8562 -22.9082 -64.4503 
-65 -169.739 -30 28 -41.2109 -58.5855 -21.9576 -64.5896 
-65 -169.344 -30 28 -41.8385 -58.6733 -21.9576 -63.7686 
-69 -170.065 -30 28 -39.7084 -56.7482 -22.9082 -63.5077 
-60 -164.269 -29 28 -50.6513 -64.761 -25.839 -68.1575 
-63 -170.451 -30 28 -40.5591 -57.8562 -22.9082 -64.4503 
-65 -169.333 -30 28 -41.6745 -59.3912 -24.2945 -66.7648 
-59 -171.02 -29 28 -40.8467 -57.8562 -21.8096 -64.4503 
-66 -171.357 -30 28 -38.429 -55.9311 -23.8588 -64.1895 
-61 -171.865 -30 28 -38.7841 -58.2852 -23.6013 -67.4869 
-64 -169.283 -29 28 -42.6794 -55.7758 -21.1508 -61.0984 
-69 -170.847 -29 28 -38.7166 -55.9311 -22.7602 -64.1895 
-72 -162.5 -29 28 -50.6513 -64.761 -25.839 -68.1575 
-68 -172.566 -29 28 -36.0333 -56.9035 -23.419 -66.5988 
-59 -171.468 -29 28 -40.2192 -57.7684 -21.8096 -65.2713 
-63 -171.695 -30 28 -38.6521 -56.9514 -23.8588 -65.9531 
-56 -174.109 -30 28 -36.5884 -54.5871 -24.552 -64.7956 
-57 -168.029 -29 28 -46.2471 -59.4423 -21.8439 -63.314 
-67 -171.443 -29 28 -38.3786 -56.4245 -22.5027 -65.8775 
-56 -172.086 -29 28 -39.8163 -58.1658 -24.1465 -67.8322 
-65 -169.809 -29 28 -41.4079 -58.3831 -22.067 -64.526 
-64 -172.853 -29 28 -36.8761 -54.5871 -23.4533 -64.7956 
-68 -170.381 -30 28 -39.7084 -56.7482 -22.9082 -63.5077 
-58 -173.794 -29 28 -36.8761 -54.5871 -23.4533 -64.7956 
-60 -173.33 -29 28 -37.0992 -55.6074 -23.4533 -66.5592 
-65 -170.789 -29 28 -39.996 -56.7482 -21.8096 -63.5077 
-63 -172.262 -29 28 -38.1555 -55.4042 -22.5027 -64.1139 
-60 -167.69 -30 28 -45.9594 -59.4423 -22.9425 -63.314 
-59 -171.783 -30 28 -39.9315 -57.7684 -22.9082 -65.2713 
-69 -171.195 -29 28 -38.3786 -56.4245 -22.5027 -65.8774 
-63 -172.185 -30 28 -38.091 -56.4245 -23.6013 -65.8774 
-59 -170.845 -30 28 -41.1202 -58.3831 -23.1657 -64.526 
-61 -169.822 -29 28 -42.2844 -59.5975 -23.4533 -66.4051 
-54 -168.64 -30 28 -45.9594 -59.4423 -22.9425 -63.314 
-63 -172.302 -29 28 -38.1555 -55.4042 -22.5027 -64.1139 
-58 -170.718 -29 28 -41.6568 -59.5098 -23.4533 -67.226 
-59 -167.835 -29 28 -46.2471 -59.4423 -21.8439 -63.314 
-62 -167.375 -29 28 -46.2471 -59.4423 -21.8439 -63.314 
-52 -168.988 -30 28 -45.9594 -59.4423 -22.9425 -63.314 
-65 -171.882 -29 28 -38.3786 -56.4245 -22.5027 -65.8774 
-61 -170.55 -29 28 -41.4079 -58.3831 -22.067 -64.526 
-69 -169.118 -29 28 -42.1182 -55.249 -20.8933 -61.0228 
-59 -171.335 -30 28 -40.5591 -57.8562 -22.9082 -64.4503 
-67 -170.612 -29 28 -39.996 -56.7482 -21.8096 -63.5077 
-62 -164.269 -29 28 -50.6513 -64.761 -25.839 -68.1575 
-69 -167.991 -29 28 -43.9588 -56.5929 -20.2001 -60.4167 
-64 -169.598 -30 28 -42.3917 -55.7758 -22.2494 -61.0984 
-69 -171.162 -30 28 -38.429 -55.9311 -23.8588 -64.1895 
-73 -170.878 -29 28 -38.1555 -55.4042 -22.5027 -64.1139 
-68 -172.88 -30 28 -35.7457 -56.9035 -24.5176 -66.5988 
-58 -166.919 -29 28 -48.0877 -60.7862 -21.1508 -62.7079 
-60 -169.599 -29 28 -43.5301 -56.8838 -21.1508 -62.0411 
FEATURES_TXT_END_0
FEATURES_TXT_BEGIN_0 67 85 8 Distortion0_0 LM0_0 WordPenalty0_0 PhrasePenalty0_0 TranslationModel0_0 TranslationModel0_1 TranslationModel0_2 TranslationModel0_3 
-98 -192.124 -43 40 -67.3342 -115.243 -26.2176 -95.3805 
-100 -193.305 -42 39 -64.7275 -115.563 -26.9382 -97.0363 
-84 -194.582 -43 40 -67.3342 -115.243 -26.2176 -95.3805 
-86 -195.763 -42 39 -64.7275 -115.563 -26.9382 -97.0363 
-100 -192.124 -43 40 -67.3342 -115.243 -26.2176 -95.3805 
-102 -193.305 -42 39 -64.7275 -115.563 -26.9382 -97.0363 
-94 -193.049 -43 40 -67.3342 -115.243 -26.2176 -95.3805 
-96 -194.229 -42 39 -64.7275 -115.563 -26.9382 -97.0363 
-108 -192.456 -42 39 -64.7275 -115.563 -26.9382 -97.0363 
-86 -194.582 -43 40 -67.3342 -115.243 -26.2176 -95.3805 
-88 -195.763 -42 39 -64.7275 -115.563 -26.9382 -97.0363 
-84 -194.5 -43 40 -67.8305 -114.859 -27.7217 -94.9193 
-96 -193.049 -43 40 -67.3342 -115.243 -26.2176 -95.3805 
-94 -194.262 -43 40 -67.3624 -115.403 -26.3512 -95.8505 
-86 -195.681 -42 39 -65.2238 -115.179 -28.4422 -96.5751 
-98 -194.229 -42 39 -64.7275 -115.563 -26.9382 -97.0363 
-100 -193.337 -43 40 -67.3624 -115.403 -26.3512 -95.8505 
-94 -194.914 -42 39 -64.7275 -115.563 -26.9382 -97.0363 
-110 -192.456 -42 39 -64.7275 -115.563 -26.9382 -97.0363 
-104 -193.38 -42 39 -64.7275 -115.563 -26.9382 -97.0363 
-98 -193.932 -44 40 -65.4624 -115.739 -28.0094 -98.5043 
-100 -195.113 -43 39 -62.8557 -116.059 -28.7299 -100.16 
-88 -194.582 -43 40 -67.3342 -115.243 -26.2176 -95.3805 
-100 -193.361 -43 40 -67.3342 -115.243 -26.2176 -95.3805 
-90 -195.763 -42 39 -64.7275 -115.563 -26.9382 -97.0363 
-84 -195.795 -43 40 -67.3624 -115.403 -26.3512 -95.8505 
-92 -193.971 -43 40 -67.3342 -115.243 -26.2176 -95.3805 
-86 -194.5 -43 40 -67.8305 -114.859 -27.7217 -94.9193 
-98 -193.049 -43 40 -67.3342 -115.243 -26.2176 -95.3805 
-94 -195.151 -42 39 -64.7275 -115.563 -26.9382 -97.0363 
-88 -195.681 -42 39 -65.2238 -115.179 -28.4422 -96.5751 
-100 -194.229 -42 39 -64.7275 -115.563 -26.9382 -97.0363 
-96 -194.914 -42 39 -64.7275 -115.563 -26.9382 -97.0363 
-94 -194.832 -42 39 -65.2238 -115.179 -28.4422 -96.5751 
-106 -193.38 -42 39 -64.7275 -115.563 -26.9382 -97.0363 
-92 -195.681 -42 39 -65.2238 -115.179 -28.4422 -96.5751 
-84 -196.39 -44 40 -65.4624 -115.739 -28.0094 -98.5043 
-86 -197.57 -43 39 -62.8557 -116.059 -28.7299 -100.16 
-100 -193.932 -44 40 -65.4624 -115.739 -28.0094 -98.5043 
-102 -195.113 -43 39 -62.8557 -116.059 -28.7299 -100.16 
-94 -194.856 -44 40 -65.4624 -115.739 -28.0094 -98.5043 
-96 -196.037 -43 39 -62.8557 -116.059 -28.7299 -100.16 
-102 -192.651 -43 40 -67.3342 -115.243 -26.2176 -95.3805 
-98 -195.151 -42 39 -64.7275 -115.563 -26.9382 -97.0363 
-104 -193.831 -42 39 -64.7275 -115.563 -26.9382 -97.0363 
-90 -194.5 -43 40 -67.8305 -114.859 -27.7217 -94.9193 
-108 -194.264 -43 39 -62.8557 -116.059 -28.7299 -100.16 
-98 -193.486 -43 40 -67.3342 -113.361 -26.2176 -96.0736 
-100 -194.667 -42 39 -64.7275 -113.68 -26.9382 -97.7294 
-90 -194.582 -43 40 -67.3342 -115.243 -26.2176 -95.3805 
-92 -195.763 -42 39 -64.7275 -115.563 -26.9382 -97.0363 
-94 -193.971 -43 40 -67.3342 -115.243 -26.2176 -95.3805 
-88 -194.5 -43 40 -67.8305 -114.859 -27.7217 -94.9193 
-96 -193.971 -43 40 -67.3342 -115.243 -26.2176 -95.3805 
-96 -195.151 -42 39 -64.7275 -115.563 -26.9382 -97.0363 
-90 -195.681 -42 39 -65.2238 -115.179 -28.4422 -96.5751 
-112 -192.982 -42 39 -64.7275 -115.563 -26.9382 -97.0363 
-98 -193.337 -43 40 -67.3624 -115.403 -26.3512 -95.8505 
-98 -194.914 -42 39 -64.7275 -115.563 -26.9382 -97.0363 
-102 -194.667 -42 39 -64.7275 -113.68 -26.9382 -97.7294 
-98 -193.195 -43 40 -67.5165 -116.119 -27.6039 -96.7668 
-102 -194.302 -42 39 -64.7275 -115.563 -26.9382 -97.0363 
-96 -194.832 -42 39 -65.2238 -115.179 -28.4422 -96.5751 
-108 -193.38 -42 39 -64.7275 -115.563 -26.9382 -97.0363 
-98 -193.206 -44 40 -67.5475 -115.243 -27.9163 -95.3805 
-100 -194.387 -43 39 -64.9408 -115.563 -28.6368 -97.0363 
-84 -195.664 -44 40 -67.2077 -115.243 -26.8367 -95.3805 
-94 -194.125 -43 40 -67.3342 -115.243 -26.2176 -95.3805 
-86 -196.845 -43 39 -64.601 -115.563 -27.5572 -97.0363 
-96 -195.306 -42 39 -64.7275 -115.563 -26.9382 -97.0363 
-94 -194.131 -44 40 -67.2077 -115.243 -26.8367 -95.3805 
-96 -195.311 -43 39 -64.601 -115.563 -27.5572 -97.0363 
-86 -196.39 -44 40 -65.4624 -115.739 -28.0094 -98.5043 
-88 -197.57 -43 39 -62.8557 -116.059 -28.7299 -100.16 
-84 -196.308 -44 40 -65.9587 -115.355 -29.5135 -98.0432 
-96 -194.856 -44 40 -65.4624 -115.739 -28.0094 -98.5043 
-100 -193.486 -43 40 -67.3342 -113.361 -26.2176 -96.0736 
-86 -197.488 -43 39 -63.352 -115.675 -30.234 -99.699 
-98 -196.037 -43 39 -62.8557 -116.059 -28.7299 -100.16 
-86 -197.124 -42 39 -64.7275 -113.68 -26.9382 -97.7294 
-100 -194.207 -44 41 -65.313 -114.996 -33.0656 -102.832 
-94 -196.722 -43 39 -62.8557 -116.059 -28.7299 -100.16 
-110 -194.264 -43 39 -62.8557 -116.059 -28.7299 -100.16 
-104 -195.188 -43 39 -62.8557 -116.059 -28.7299 -100.16 
-84 -195.944 -43 40 -67.3342 -113.361 -26.2176 -96.0736 
FEATURES_TXT_END_0
FEATURES_TXT_BEGIN_0 68 100 8 Distortion0_0 LM0_0 WordPenalty0_0 PhrasePenalty0_0 TranslationModel0_0 TranslationModel0_1 TranslationModel0_2 TranslationModel0_3 
-49 -91.3303 -27 22 -44.9805 -63.1941 -22.5648 -66.3727 
-57 -91.1366 -26 22 -43.9343 -61.8931 -21.7539 -63.8108 
-53 -93.8557 -27 23 -41.207 -58.0134 -22.1009 -61.4766 
-49 -92.4578 -26 22 -44.4209 -59.9719 -21.8717 -61.3972 
-49 -93.0271 -27 22 -43.5942 -62.5409 -22.1594 -66.0851 
-61 -93.662 -26 23 -40.1608 -56.7124 -21.29 -58.9146 
-57 -90.7841 -26 22 -45.3206 -62.5462 -22.1594 -64.0984 
-49 -94.4377 -27 22 -41.8235 -59.7708 -19.5493 -62.9113 
-57 -92.2642 -25 22 -43.3747 -58.6709 -21.0608 -58.8352 
-57 -94.244 -26 22 -40.7772 -58.4698 -18.7384 -60.3493 
-53 -95.5525 -27 23 -39.8207 -57.3603 -21.6954 -61.1889 
-51 -98.3298 -28 22 -35.9139 -58.622 -20.9356 -69.7577 
-61 -93.3096 -26 23 -41.5471 -57.3655 -21.6954 -59.2023 
-53 -96.9631 -27 23 -38.05 -54.5902 -19.0854 -58.0151 
-49 -93.4711 -26 21 -44.3071 -59.3061 -18.6377 -59.7678 
-53 -94.1589 -27 23 -41.5725 -59.1075 -27.379 -65.4976 
-49 -94.1547 -26 22 -43.0346 -59.3188 -21.4662 -61.1095 
-57 -91.9117 -25 22 -44.761 -59.3241 -21.4662 -59.1229 
-49 -95.5653 -26 22 -41.2639 -56.5487 -18.8562 -57.9357 
-49 -93.9915 -28 22 -42.9328 -63.5837 -24.3566 -71.7151 
-45 -99.3445 -29 23 -36.0162 -58.8301 -23.2593 -74.5303 
-53 -93.5884 -26 22 -43.5213 -59.1497 -19.5605 -61.9519 
-49 -95.3665 -29 23 -40.9896 -62.9305 -24.1808 -71.4274 
-49 -96.1345 -27 22 -40.4372 -59.1177 -19.1438 -62.6236 
-49 -94.7998 -28 23 -42.0883 -62.9305 -24.1808 -71.4274 
-61 -96.7694 -26 23 -37.0038 -53.2892 -18.2745 -55.4531 
-57 -93.8915 -26 22 -42.1635 -59.123 -19.1438 -60.637 
-61 -93.9652 -26 23 -40.5263 -57.8064 -26.5681 -62.9356 
-57 -95.3716 -25 22 -40.2176 -55.2477 -18.0452 -55.3737 
-49 -92.9167 -26 22 -45.3372 -62.3495 -22.5648 -62.4088 
-49 -92.8353 -27 21 -45.4165 -63.1189 -23.445 -68.5716 
-49 -91.6628 -25 22 -47.7074 -59.8569 -21.8717 -57.7948 
-55 -100.855 -28 23 -32.1404 -53.4413 -20.4717 -64.8615 
-50 -90.6004 -27 23 -48.6776 -65.3905 -26.5839 -70.013 
-51 -97.9773 -28 22 -37.3002 -59.2751 -21.3411 -70.0454 
-53 -94.4938 -27 23 -42.1233 -60.391 -22.7941 -62.4882 
-53 -95.9965 -26 22 -40.5336 -54.1254 -18.1738 -54.8716 
-38 -92.3424 -28 22 -48.6321 -66.0635 -27.5177 -72.1551 
-47 -93.7979 -27 22 -44.6306 -62.9626 -24.3678 -70.7557 
-49 -94.1983 -27 22 -43.5942 -62.5409 -22.1594 -66.0851 
-46 -91.3865 -27 22 -48.4959 -66.0635 -25.9082 -72.1551 
-51 -99.4574 -27 22 -35.3543 -55.3998 -20.2425 -64.7821 
-53 -96.517 -28 23 -39.1594 -58.403 -23.8927 -66.8189 
-53 -92.9526 -27 22 -44.6306 -62.9626 -24.3678 -70.7557 
-49 -94.5986 -25 21 -43.7475 -56.084 -17.9445 -54.7922 
-47 -95.5147 -28 23 -42.0883 -62.9305 -24.1808 -71.4274 
-49 -91.8711 -26 21 -47.4642 -62.7293 -21.6532 -63.2292 
-44 -93.7112 -28 23 -45.2633 -65.7371 -28.0055 -75.4765 
-49 -101.87 -29 24 -32.2427 -53.6494 -22.7954 -69.6341 
-45 -98.992 -29 23 -37.4025 -59.4832 -23.6648 -74.818 
-49 -95.1191 -27 22 -42.3732 -60.3615 -23.6635 -66.7395 
-47 -96.1917 -29 23 -40.9896 -62.9305 -24.1808 -71.4274 
-57 -92.723 -25 22 -44.291 -61.0485 -21.7539 -59.8468 
-51 -98.5235 -29 22 -36.607 -59.2751 -22.0342 -70.0454 
-57 -96.1138 -26 23 -39.7478 -53.9691 -19.0966 -57.0557 
-53 -97.8919 -29 24 -37.2162 -57.7499 -23.7169 -66.5312 
-51 -93.4279 -27 23 -44.5212 -57.8984 -25.6273 -57.8742 
-45 -100.472 -28 23 -35.4566 -55.608 -22.5662 -69.5547 
-57 -91.4691 -24 22 -46.6612 -58.5559 -21.0608 -55.2328 
-51 -99.561 -28 22 -35.165 -57.8309 -22.1212 -69.9356 
-53 -98.66 -27 23 -36.6637 -53.937 -18.6799 -57.7274 
-53 -97.3253 -28 24 -38.3148 -57.7499 -23.7169 -66.5312 
-49 -95.1679 -26 21 -42.9208 -58.653 -18.2322 -59.4801 
-53 -94.7159 -25 22 -42.9617 -55.9276 -18.8673 -56.9763 
-49 -96.4941 -28 23 -40.43 -59.7084 -23.4876 -66.4518 
-53 -95.8557 -27 23 -40.1862 -58.4543 -26.9736 -65.2099 
-61 -94.3001 -26 23 -41.0771 -59.09 -21.9831 -59.9262 
-61 -96.417 -26 23 -38.3901 -53.9423 -18.6799 -55.7408 
-53 -91.9885 -26 22 -46.6783 -62.573 -22.576 -65.4133 
-61 -93.6127 -26 23 -41.9126 -58.4596 -26.9736 -63.2233 
-53 -97.2663 -27 23 -38.4155 -55.6842 -24.3635 -62.0361 
-49 -97.2621 -26 22 -39.8776 -55.8956 -18.4507 -57.648 
-49 -95.6884 -28 22 -41.5465 -62.9305 -23.9511 -71.4274 
-49 -95.9274 -27 23 -41.5286 -59.7084 -23.4876 -66.4518 
-45 -99.5382 -30 23 -36.7093 -59.4832 -24.3579 -74.818 
-34 -96.0734 -27 21 -44.7972 -62.6402 -22.663 -68.6936 
-57 -95.0191 -25 22 -41.6039 -55.9008 -18.4507 -55.6614 
-45 -100.576 -29 23 -35.2672 -58.039 -24.4449 -74.7082 
-53 -95.3607 -27 22 -41.643 -57.9383 -22.9811 -63.6754 
-51 -94.0027 -26 23 -44.4936 -57.8984 -22.1009 -57.8742 
-55 -92.3759 -25 23 -46.1122 -56.839 -23.6815 -56.2102 
-51 -94.154 -28 24 -43.5806 -60.6198 -28.3018 -65.6857 
-59 -93.2343 -26 23 -43.4749 -56.5974 -24.8163 -55.3122 
-54 -93.1258 -27 24 -44.9041 -60.2099 -26.12 -65.1168 
-49 -96.4655 -27 22 -41.0745 -58.9798 -20.7349 -63.0892 
-55 -100.503 -28 23 -33.5267 -54.0944 -20.8771 -65.1492 
-49 -93.9628 -26 21 -44.8568 -59.8968 -22.7518 -63.596 
-53 -96.0608 -27 23 -40.737 -57.9418 -22.1009 -60.739 
-42 -94.8678 -28 23 -44.8586 -60.8828 -27.0537 -67.2589 
-51 -96.3233 -27 23 -40.8571 -57.7819 -23.9039 -65.8595 
-51 -93.5873 -27 24 -44.6792 -60.6198 -28.3018 -65.6857 
-53 -96.7237 -27 23 -39.8207 -57.3603 -21.6954 -61.1889 
-49 -93.8458 -27 22 -44.9805 -63.1941 -22.5648 -66.3727 
-51 -92.5729 -26 22 -46.6783 -62.573 -22.576 -65.4133 
-45 -96.541 -29 24 -41.1759 -62.8821 -30.6183 -75.9879 
-50 -93.9119 -27 23 -44.7224 -60.8828 -25.4443 -67.2589 
-49 -93.4454 -27 21 -45.4752 -63.6157 -24.5436 -71.0433 
-50 -91.728 -26 23 -48.118 -62.1684 -25.8908 -65.0374 
-51 -99.1049 -27 22 -36.7406 -56.053 -20.6479 -65.0698 
-49 -93.6371 -26 22 -45.3372 -62.3495 -22.5648 -62.4088 
FEATURES_TXT_END_0
FEATURES_TXT_BEGIN_0 69 100 8 Distortion0_0 LM0_0 WordPenalty0_0 PhrasePenalty0_0 TranslationModel0_0 TranslationModel0_1 TranslationModel0_2 TranslationModel0_3 
-80 -181.871 -43 37 -68.4287 -94.643 -33.3406 -80.17 
-80 -183.268 -41 37 -67.8366 -93.2223 -25.9412 -74.5202 
-80 -181.834 -43 37 -69.4379 -96.1664 -34.0338 -81.6051 
-86 -181.871 -43 37 -68.4287 -94.643 -33.3406 -80.17 
-82 -182.834 -42 38 -68.8975 -94.2418 -29.0864 -79.6533 
-80 -184.059 -44 37 -66.5569 -95.139 -35.1324 -83.2939 
-80 -183.231 -41 37 -68.8458 -94.7456 -26.6344 -75.9552 
-80 -183.034 -42 37 -68.8293 -94.1425 -32.242 -76.9225 
-80 -183.362 -43 37 -68.5828 -93.2359 -31.1434 -78.7037 
-80 -182.493 -41 37 -69.8632 -95.9999 -30.6326 -77.2094 
-86 -183.268 -41 37 -67.8366 -93.2223 -25.9412 -74.5202 
-80 -182.731 -43 38 -69.7229 -95.0421 -31.2388 -79.2717 
-82 -183.249 -42 38 -68.8975 -94.2417 -29.0864 -79.6533 
-80 -180.421 -42 37 -73.4315 -95.4527 -32.6475 -77.9528 
-86 -181.834 -43 37 -69.4379 -96.1664 -34.0338 -81.6051 
-80 -183.879 -42 37 -68.2112 -93.2223 -29.5854 -74.5202 
-72 -185.165 -42 37 -67.9178 -94.0094 -31.7312 -77.5269 
-82 -182.511 -42 38 -70.4233 -93.5897 -27.9369 -76.5032 
-80 -183.394 -41 37 -69.2232 -93.7501 -29.0232 -76.2285 
-80 -185.456 -42 37 -65.9648 -93.7182 -27.733 -77.644 
-88 -183.101 -40 37 -68.2372 -92.7218 -24.8426 -71.2726 
-80 -184.2 -41 37 -68.1068 -94.0094 -28.6493 -77.5269 
-82 -182.796 -42 38 -69.9067 -95.7651 -29.7795 -81.0884 
-80 -184.431 -40 37 -68.2372 -92.7218 -24.8426 -71.2726 
-80 -184.759 -41 37 -67.9907 -91.8152 -23.744 -73.0538 
-82 -181.669 -42 38 -71.8099 -94.1176 -31.0188 -78.2116 
-80 -182.553 -43 38 -70.7452 -93.5897 -31.9351 -76.5032 
-88 -182.259 -40 37 -69.6238 -93.2496 -27.9245 -72.981 
-80 -182.997 -42 37 -69.8385 -95.6659 -32.9352 -78.3576 
-80 -184.297 -42 37 -68.1585 -93.2223 -29.9395 -74.5202 
-88 -182.834 -42 38 -68.8975 -94.2418 -29.0864 -79.6533 
-80 -183.325 -43 37 -69.5921 -94.7593 -31.8366 -80.1388 
-80 -181.817 -40 37 -72.8394 -94.032 -25.2481 -72.3029 
-80 -182.456 -41 37 -70.8725 -97.5233 -31.3257 -78.6445 
-86 -184.059 -44 37 -66.5569 -95.139 -35.1324 -83.2939 
-86 -183.231 -41 37 -68.8458 -94.7456 -26.6344 -75.9552 
-80 -182.694 -43 38 -70.7322 -96.5654 -31.932 -80.7068 
-80 -183.109 -43 38 -69.9931 -95.8293 -33.9469 -82.2785 
-80 -185.101 -44 37 -66.5569 -95.169 -35.1324 -83.1687 
-82 -183.212 -42 38 -69.9067 -95.7651 -29.7795 -81.0884 
-86 -183.034 -42 37 -68.8293 -94.1425 -32.242 -76.9225 
-80 -180.383 -42 37 -74.4407 -96.9761 -33.3406 -79.3879 
-80 -184.489 -43 37 -68.1585 -93.8559 -30.6326 -77.1633 
-86 -183.362 -43 37 -68.5828 -93.2359 -31.1434 -78.7037 
-82 -185.021 -43 38 -67.0257 -94.7377 -30.8781 -82.7772 
-80 -183.842 -42 37 -69.2204 -94.7456 -30.2785 -75.9552 
-80 -184.338 -42 38 -68.8975 -94.2418 -29.0864 -79.6533 
-86 -182.493 -41 37 -69.8632 -95.9999 -30.6326 -77.2094 
-72 -185.128 -42 37 -68.9271 -95.5328 -32.4244 -78.962 
-80 -180.261 -42 38 -74.5902 -100.646 -34.2346 -85.2408 
-82 -182.474 -42 38 -71.4325 -95.1131 -28.6301 -77.9383 
-80 -183.357 -41 37 -70.2325 -95.2735 -29.7163 -77.6636 
-72 -185.479 -43 37 -68.4287 -94.643 -33.3406 -80.17 
-86 -182.731 -43 38 -69.7229 -95.0421 -31.2388 -79.2717 
-102 -181.129 -40 38 -68.8342 -92.6322 -28.3361 -73.8451 
-88 -183.064 -40 37 -69.2465 -94.2451 -25.5358 -72.7077 
-80 -184.163 -41 37 -69.116 -95.5328 -29.3424 -78.962 
-88 -183.249 -42 38 -68.8975 -94.2417 -29.0864 -79.6533 
-82 -183.996 -41 38 -69.2981 -93.7413 -27.9877 -76.4058 
-82 -184.324 -42 38 -69.0516 -92.8347 -26.8891 -78.187 
-86 -180.421 -42 37 -73.4315 -95.4527 -32.6475 -77.9528 
-80 -185.221 -43 37 -66.9575 -94.6385 -34.0338 -80.0463 
-80 -184.393 -40 37 -69.2465 -94.2451 -25.5358 -72.7077 
-80 -183.104 -42 37 -70.2378 -95.9999 -34.2767 -77.2094 
-106 -180.484 -41 38 -68.8859 -91.845 -29.6262 -70.8383 
-80 -185.55 -44 37 -66.711 -93.7319 -32.9352 -81.8275 
-80 -184.722 -41 37 -69 -93.3385 -24.4372 -74.4889 
-86 -183.879 -42 37 -68.2112 -93.2223 -29.5854 -74.5202 
-102 -179.617 -40 38 -70.8608 -95.4099 -33.0274 -76.5343 
-78 -185.165 -42 37 -67.9178 -94.0094 -31.7312 -77.5269 
-82 -181.632 -42 38 -72.8192 -95.6409 -31.712 -79.6467 
-72 -186.432 -42 37 -67.6477 -93.2223 -29.0232 -74.5202 
-80 -184.681 -42 37 -67.9914 -96.4959 -32.4244 -80.3332 
-88 -182.511 -42 38 -70.4233 -93.5897 -27.9369 -76.5032 
-86 -183.394 -41 37 -69.2232 -93.7501 -29.0232 -76.2285 
-86 -185.456 -42 37 -65.9648 -93.7182 -27.733 -77.644 
-80 -180.868 -42 38 -74.3201 -99.8585 -31.5265 -82.2341 
-80 -182.516 -43 38 -71.7544 -95.1131 -32.6283 -77.9383 
-80 -184.918 -44 38 -67.8511 -95.538 -33.0306 -82.3955 
-88 -182.222 -40 37 -70.6331 -94.773 -28.6177 -74.4161 
-94 -183.101 -40 37 -68.2372 -92.7218 -24.8426 -71.2726 
-82 -183.86 -43 38 -69.272 -94.2417 -32.7305 -79.6533 
-82 -182.996 -43 38 -70.7452 -93.5897 -31.9351 -76.5032 
-86 -184.2 -41 37 -68.1068 -94.0094 -28.6493 -77.5269 
-77 -181.983 -42 37 -73.4315 -95.4527 -32.6475 -77.9528 
-104 -181.129 -40 38 -68.8342 -92.6322 -28.3361 -73.8451 
-82 -181.383 -41 38 -73.9003 -95.0515 -28.3932 -77.4361 
-80 -184.525 -42 37 -68.9834 -92.7355 -30.0448 -75.4561 
-82 -185.437 -43 38 -67.0257 -94.7377 -30.8781 -82.7772 
-80 -186.497 -42 37 -65.9648 -93.7482 -27.733 -77.5188 
-80 -184.26 -42 37 -69.1678 -94.7456 -30.6326 -75.9552 
-88 -182.796 -42 38 -69.9067 -95.7651 -29.7795 -81.0884 
-80 -186.355 -44 37 -65.4737 -94.643 -33.3406 -80.17 
-88 -183.585 -41 37 -68.5591 -92.7218 -28.8408 -71.2726 
-80 -183.656 -40 37 -70.2639 -95.4995 -29.534 -73.9618 
-80 -182.608 -43 37 -71.5597 -95.9487 -34.4393 -81.0766 
-80 -183.984 -41 37 -70.0174 -94.5929 -28.4354 -75.743 
-86 -184.431 -40 37 -68.2372 -92.7218 -24.8426 -71.2726 
-80 -181.78 -40 37 -73.8487 -95.5553 -25.9412 -73.738 
-72 -185.776 -43 37 -68.2924 -94.0094 -35.3754 -77.5269 
FEATURES_TXT_END_0
FEATURES_TXT_BEGIN_0 70 58 8 Distortion0_0 LM0_0 WordPenalty0_0 PhrasePenalty0_0 TranslationModel0_0 TranslationModel0_1 TranslationModel0_2 TranslationModel0_3 
-55 -231.074 -41 38 -55.5992 -66.8608 -22.8516 -56.5646 
-55 -231.486 -41 38 -55.3357 -66.5461 -22.4461 -56.7901 
-53 -231.809 -42 38 -54.7887 -70.1916 -25.5596 -61.1879 
-57 -231.074 -41 38 -55.5992 -66.8608 -22.8516 -56.5646 
-61 -231.486 -41 38 -55.3357 -66.5461 -22.4461 -56.7901 
-63 -235.105 -41 38 -49.359 -61.894 -22.8516 -58.7811 
-61 -234.418 -41 38 -49.6225 -62.2087 -23.257 -58.5555 
-53 -232.22 -42 38 -54.5252 -69.877 -25.1541 -61.4135 
-57 -231.486 -41 38 -55.3357 -66.5461 -22.4461 -56.7901 
-53 -231.818 -41 38 -56.2278 -70.5815 -24.461 -59.4549 
-61 -235.564 -42 38 -48.5485 -65.2249 -25.5596 -63.4044 
-49 -232.507 -41 38 -55.5992 -66.8608 -22.8516 -56.5646 
-61 -234.829 -41 38 -49.359 -61.894 -22.8516 -58.7811 
-55 -231.809 -42 38 -54.7887 -70.1916 -25.5596 -61.1879 
-59 -235.153 -42 38 -48.812 -65.5395 -25.9651 -63.1789 
-61 -234.694 -41 38 -49.6225 -62.2087 -23.257 -58.5555 
-59 -231.074 -41 38 -55.5992 -66.8608 -22.8516 -56.5646 
-53 -236.789 -42 38 -48.5485 -65.2249 -25.5596 -63.4044 
-49 -232.575 -42 38 -55.4173 -73.9123 -27.169 -64.0783 
-49 -233.242 -42 38 -54.7887 -70.1916 -25.5596 -61.1879 
-55 -235.643 -41 38 -49.6225 -62.2087 -23.257 -58.5555 
-63 -234.418 -41 38 -49.6225 -62.2087 -23.257 -58.5555 
-55 -231.824 -41 39 -55.9691 -67.7704 -25.0825 -57.8638 
-57 -232.22 -42 38 -54.5252 -69.877 -25.1541 -61.4135 
-49 -233.516 -40 38 -54.4862 -67.5452 -19.8811 -55.8508 
-49 -232.919 -41 38 -55.3357 -66.5461 -22.4461 -56.7901 
-55 -235.11 -42 38 -50.4174 -62.2087 -24.7975 -58.5555 
-55 -232.22 -42 38 -54.5252 -69.877 -25.1541 -61.4135 
-47 -233.242 -42 38 -54.7887 -70.1916 -25.5596 -61.1879 
-59 -235.564 -42 38 -48.5485 -65.2249 -25.5596 -63.4044 
-61 -235.105 -41 38 -49.359 -61.894 -22.8516 -58.7811 
-59 -231.486 -41 38 -55.3357 -66.5461 -22.4461 -56.7901 
-59 -235.839 -42 38 -48.5485 -65.2249 -25.5596 -63.4044 
-73 -233.323 -41 38 -49.7596 -61.1944 -22.6692 -58.3169 
-55 -236.262 -41 38 -49.359 -61.894 -22.8516 -58.7811 
-51 -232.507 -41 38 -55.5992 -66.8608 -22.8516 -56.5646 
-57 -235.11 -42 38 -50.4174 -62.2087 -24.7975 -58.5555 
-51 -232.251 -41 38 -55.9643 -70.2668 -24.0555 -59.6805 
-51 -231.84 -41 38 -56.2278 -70.5815 -24.461 -59.4549 
-55 -236.055 -41 38 -49.359 -61.894 -22.8516 -58.7811 
-63 -234.829 -41 38 -49.359 -61.894 -22.8516 -58.7811 
-51 -232.919 -41 38 -55.3357 -66.5461 -22.4461 -56.7901 
-53 -232.39 -41 38 -55.5992 -66.8608 -22.8516 -56.5646 
-55 -235.851 -41 38 -49.6225 -62.2087 -23.257 -58.5555 
-59 -235.428 -42 38 -48.812 -65.5395 -25.9651 -63.1789 
-57 -231.809 -42 38 -54.7887 -70.1916 -25.5596 -61.1879 
-55 -236.859 -40 38 -48.5094 -62.8931 -20.2866 -57.8418 
-53 -236.378 -42 38 -48.812 -65.5395 -25.9651 -63.1789 
-61 -235.153 -42 38 -48.812 -65.5395 -25.9651 -63.1789 
-63 -234.694 -41 38 -49.6225 -62.2087 -23.257 -58.5555 
-53 -235.845 -43 38 -49.6069 -65.5395 -27.5055 -63.1789 
-47 -233.653 -42 38 -54.5252 -69.877 -25.1541 -61.4135 
-51 -233.516 -40 38 -54.4862 -67.5452 -19.8811 -55.8508 
-55 -235.521 -42 38 -50.1539 -61.894 -24.392 -58.7811 
-61 -231.074 -41 38 -55.5992 -66.8608 -22.8516 -56.5646 
-65 -234.418 -41 38 -49.6225 -62.2087 -23.257 -58.5555 
-47 -234.251 -41 38 -53.6756 -70.8761 -22.5892 -60.4742 
-57 -235.643 -41 38 -49.6225 -62.2087 -23.257 -58.5555 
FEATURES_TXT_END_0
FEATURES_TXT_BEGIN_0 71 100 8 Distortion0_0 LM0_0 WordPenalty0_0 PhrasePenalty0_0 TranslationModel0_0 TranslationModel0_1 TranslationModel0_2 TranslationModel0_3 
-45 -107.024 -26 23 -38.8416 -62.13 -33.6286 -70.2833 
-43 -106.28 -25 23 -40.5908 -64.1875 -33.2231 -70.2755 
-35 -107.082 -25 22 -41.2489 -65.0999 -34.1824 -70.1146 
-27 -110.152 -27 23 -38.6438 -64.9568 -36.4012 -73.3436 
-25 -108.831 -25 22 -41.9708 -62.7132 -31.7151 -65.8544 
-45 -108.898 -26 23 -37.1834 -60.2692 -32.53 -68.6739 
-52 -110.149 -27 23 -33.2547 -61.6895 -33.6286 -73.4268 
-43 -108.154 -25 23 -38.9325 -62.3267 -32.1245 -68.6661 
-33 -108.566 -26 23 -40.473 -64.1875 -33.9163 -70.2755 
-50 -109.405 -26 23 -35.0039 -63.747 -33.2231 -73.419 
-43 -110.245 -27 24 -35.5811 -61.1489 -34.8265 -72.6219 
-29 -105.289 -25 22 -46.1217 -69.5946 -35.7918 -69.5339 
-41 -109.502 -26 24 -37.3303 -63.2064 -34.421 -72.6142 
-35 -108.956 -25 22 -39.5906 -63.2391 -33.0837 -68.5052 
-51 -108.475 -27 24 -36.6828 -61.5806 -34.6585 -72.3809 
-25 -109.368 -26 22 -41.1311 -65.0999 -34.8755 -70.1146 
-42 -110.207 -26 22 -35.662 -64.6594 -34.1824 -73.2581 
-57 -104.044 -25 23 -42.622 -61.6885 -32.9355 -68.132 
-49 -107.731 -26 24 -38.4319 -63.6381 -34.2531 -72.3732 
-41 -109.575 -26 23 -37.9214 -60.4059 -30.4716 -66.8347 
-33 -110.303 -26 23 -37.9884 -64.1188 -35.3802 -72.4533 
-55 -103.301 -24 23 -44.3712 -63.746 -32.53 -68.1242 
-27 -109.35 -27 23 -40.6474 -64.0765 -39.7062 -72.8327 
-39 -108.832 -25 23 -39.6706 -62.4634 -30.0661 -66.827 
-37 -109.31 -27 23 -38.9622 -62.8162 -35.708 -74.4488 
-41 -108.533 -26 23 -39.09 -64.5505 -35.2123 -72.2123 
-27 -112.026 -27 23 -36.9856 -63.0961 -35.3026 -71.7341 
-47 -104.102 -24 22 -45.0293 -64.6584 -33.4892 -67.9633 
-34 -113.276 -28 23 -33.0569 -64.5164 -36.4012 -76.4871 
-25 -110.705 -25 22 -40.3125 -60.8525 -30.6165 -64.2449 
-31 -109.634 -25 22 -40.3287 -63.3758 -31.0254 -66.6661 
-45 -109.545 -26 23 -37.1762 -61.261 -32.1458 -68.8775 
-48 -109.091 -26 23 -37.1762 -61.261 -32.1458 -68.8775 
-31 -107.662 -25 22 -43.4849 -64.8165 -31.7151 -67.5591 
-32 -111.955 -26 22 -36.3839 -62.2728 -31.7151 -68.9979 
-45 -106.258 -25 23 -42.622 -61.6885 -32.9355 -68.132 
-25 -113.373 -28 24 -35.3833 -63.9757 -37.5991 -75.6822 
-43 -108.801 -25 23 -38.9254 -63.3185 -31.7403 -68.8697 
-46 -108.348 -25 23 -38.9254 -63.3185 -31.7403 -68.8697 
-43 -105.514 -24 23 -44.3712 -63.746 -32.53 -68.1242 
-35 -108.987 -26 23 -40.3255 -64.0765 -35.708 -72.8327 
-23 -112.052 -26 23 -38.7103 -61.7321 -32.913 -68.193 
-33 -110.44 -26 23 -38.8148 -62.3267 -32.8177 -68.6661 
-45 -106.089 -26 23 -42.8328 -64.0506 -33.2231 -69.0977 
-33 -111.602 -28 24 -36.485 -64.4074 -37.4311 -75.4412 
-40 -111.691 -27 23 -34.8861 -63.747 -33.9163 -73.419 
-29 -107.163 -25 22 -44.4634 -67.7338 -34.6932 -67.9244 
-25 -109.088 -27 22 -41.8709 -70.2058 -37.8889 -75.2402 
-35 -109.603 -25 22 -39.5835 -64.2309 -32.6995 -68.7088 
-49 -106.15 -25 22 -41.4159 -65.7496 -34.8755 -70.8385 
-38 -109.149 -25 22 -39.5835 -64.2309 -32.6995 -68.7088 
-39 -107.172 -26 23 -42.4242 -64.5154 -35.708 -71.1923 
-43 -105.345 -25 23 -44.582 -66.1082 -32.8177 -69.0899 
-36 -108.414 -26 22 -40.5348 -69.1541 -35.7918 -72.6774 
-31 -110.281 -26 23 -39.8119 -62.1638 -32.7451 -67.952 
-49 -105.888 -25 23 -42.9243 -61.2156 -29.7785 -64.6175 
-31 -111.788 -27 24 -37.2125 -63.2064 -35.1142 -72.6142 
-35 -106.316 -24 22 -45.0293 -64.6584 -33.4892 -67.9633 
-27 -109.789 -26 22 -40.9836 -64.9889 -36.6673 -72.6718 
-23 -112.703 -27 23 -37.7236 -63.2327 -33.2442 -69.895 
-25 -110.542 -25 21 -40.7085 -64.6598 -30.9598 -68.4038 
-25 -111.242 -26 22 -39.4728 -63.2391 -33.7769 -68.5052 
-35 -106.091 -25 22 -44.5577 -70.4749 -35.7918 -70.0447 
-37 -105.851 -24 22 -45.7511 -62.2718 -31.022 -63.7031 
-51 -108.996 -26 23 -37.1762 -61.261 -32.1458 -68.8775 
-45 -110.15 -27 24 -36.6828 -61.5806 -34.6585 -72.3809 
-27 -108.51 -26 23 -42.8612 -68.6135 -36.9897 -71.8725 
-32 -112.493 -27 22 -35.5442 -64.6594 -34.8755 -73.2581 
-47 -105.145 -24 23 -44.6734 -63.2731 -29.373 -64.6097 
-21 -111.382 -25 22 -41.0506 -60.9891 -28.5581 -62.4058 
-40 -112.771 -27 24 -33.9157 -60.2799 -33.3437 -71.2161 
-49 -107.185 -25 23 -40.621 -64.3442 -31.1437 -69.4308 
-39 -105.808 -25 22 -44.4903 -67.537 -35.5041 -69.5417 
-41 -111.45 -26 23 -36.2632 -58.5451 -29.373 -65.2253 
-48 -108.405 -26 23 -38.8416 -62.13 -33.6286 -70.2833 
-49 -108.252 -25 23 -38.9254 -63.3185 -31.7403 -68.8697 
-43 -109.406 -26 24 -38.4319 -63.6381 -34.2531 -72.3732 
-39 -110.017 -27 24 -38.3142 -63.6381 -34.9462 -72.3732 
-35 -106.147 -25 22 -45.2401 -67.0206 -33.7769 -68.929 
-49 -111.677 -27 23 -33.9036 -57.003 -30.1321 -65.2335 
-38 -112.027 -26 24 -35.6649 -62.3375 -32.9382 -71.2083 
-23 -112.589 -27 23 -37.8706 -64.1188 -36.0734 -72.4533 
-48 -112.7 -27 23 -32.3346 -59.9654 -30.4716 -69.9783 
-52 -110.05 -27 24 -35.1098 -62.5066 -35.232 -72.745 
-27 -111.224 -27 23 -38.9892 -62.2157 -38.6076 -71.2233 
-25 -107.941 -27 22 -43.8746 -69.3255 -41.194 -74.7294 
-37 -105.064 -24 22 -46.2394 -69.5946 -35.0986 -69.5339 
-45 -109.752 -26 23 -37.9214 -60.4059 -30.4716 -66.8347 
-45 -105.587 -25 23 -44.2534 -63.746 -33.2231 -68.1242 
-39 -110.706 -25 23 -38.0124 -60.6026 -28.9675 -65.2175 
-46 -107.662 -25 23 -40.5908 -64.1875 -33.2231 -70.2755 
-35 -106.74 -26 23 -43.9628 -69.0452 -36.8217 -71.6315 
-48 -110.395 -26 23 -35.8968 -60.4439 -33.0964 -69.5592 
-45 -111.247 -26 23 -35.518 -59.4003 -31.0472 -67.268 
-37 -106.033 -26 22 -44.6109 -68.2233 -37.5835 -73.7072 
-47 -110.934 -26 23 -35.6528 -59.0605 -29.7266 -65.2257 
-34 -112.475 -28 23 -35.0606 -63.636 -39.7062 -75.9762 
-37 -111.184 -27 23 -37.304 -60.9554 -34.6094 -72.8394 
-29 -111.118 -26 23 -39.5528 -62.4634 -30.7593 -66.827 
-39 -105.947 -24 22 -45.3315 -64.1855 -30.3322 -64.4488 
FEATURES_TXT_END_0
FEATURES_TXT_BEGIN_0 72 100 8 Distortion0_0 LM0_0 WordPenalty0_0 PhrasePenalty0_0 TranslationModel0_0 TranslationModel0_1 TranslationModel0_2 TranslationModel0_3 
-55 -127.846 -32 28 -62.7614 -82.8558 -29.3169 -87.2626 
-55 -125.885 -32 28 -66.0692 -86.0341 -30.5552 -88.8765 
-55 -131.099 -33 28 -58.0885 -83.3154 -29.3169 -91.5309 
-55 -129.699 -32 28 -60.6535 -83.3142 -29.3169 -88.5154 
-59 -125.117 -32 29 -66.9754 -83.9288 -31.3208 -85.7963 
-55 -129.172 -32 28 -62.0949 -80.873 -26.63 -84.453 
-55 -129.137 -33 28 -61.3964 -86.4937 -30.5552 -93.1448 
-66 -131.974 -33 30 -55.1337 -78.4379 -28.6266 -85.5222 
-55 -127.737 -32 28 -63.9613 -86.4925 -30.5552 -90.1292 
-59 -123.156 -32 29 -70.2833 -87.107 -32.5591 -87.4101 
-68 -130.478 -33 29 -57.1265 -78.1275 -27.3031 -80.2401 
-70 -131.701 -32 29 -55.1913 -76.0249 -24.3586 -78.1105 
-57 -130.202 -33 29 -60.0315 -83.3206 -30.1671 -90.4062 
-59 -128.37 -33 29 -62.3026 -84.3884 -31.3208 -90.0646 
-55 -132.424 -33 28 -57.4221 -81.3326 -26.63 -88.7213 
-59 -130.662 -32 29 -59.1796 -79.3326 -28.9125 -82.3395 
-59 -126.97 -32 29 -64.8676 -84.3872 -31.3208 -87.0491 
-66 -133.124 -33 30 -53.8543 -77.6208 -29.5772 -86.2039 
-65 -129.38 -32 29 -60.7362 -76.5953 -23.9532 -78.0949 
-55 -128.009 -32 28 -64.204 -84.6878 -30.53 -88.5888 
-73 -129.791 -33 30 -57.4047 -78.9945 -30.7902 -86.2774 
-55 -131.024 -32 28 -59.987 -81.3314 -26.63 -85.7057 
-59 -126.443 -32 29 -66.309 -81.946 -28.6338 -82.9866 
-57 -128.241 -33 29 -63.3393 -86.4988 -31.4054 -92.02 
-59 -126.408 -33 29 -65.6104 -87.5666 -32.5591 -91.6785 
-68 -131.628 -33 29 -55.8471 -77.3104 -28.2537 -80.9219 
-71 -130.441 -33 30 -57.2415 -77.9795 -28.6266 -84.2694 
-74 -135.363 -34 31 -48.67 -76.3499 -28.6306 -87.2961 
-70 -132.851 -32 29 -53.9119 -75.2078 -25.3092 -78.7923 
-75 -128.295 -33 29 -59.3976 -78.684 -29.4667 -80.9953 
-68 -133.053 -33 29 -54.0927 -75.959 -24.3586 -78.4242 
-57 -133.455 -34 29 -55.3587 -83.7802 -30.1671 -94.6745 
-77 -129.518 -32 29 -57.4624 -76.5814 -26.5223 -78.8657 
-73 -128.944 -33 29 -59.2344 -77.6691 -27.3031 -78.9874 
-66 -131.453 -33 30 -56.799 -79.3069 -30.1094 -86.928 
-75 -130.168 -32 29 -57.2992 -75.5665 -24.3586 -76.8577 
-59 -133.914 -33 29 -54.5068 -79.7922 -28.9125 -86.6078 
-75 -132.534 -32 29 -53.4548 -74.5671 -25.3092 -78.9258 
-66 -127.799 -32 29 -62.6606 -81.8172 -27.456 -81.1125 
-59 -125.008 -32 29 -68.1754 -87.5654 -32.5591 -88.6629 
-55 -126.047 -32 28 -67.5118 -87.8661 -31.7682 -90.2027 
-57 -131.158 -33 29 -59.2826 -82.5295 -31.3527 -90.5841 
-68 -129.957 -33 29 -58.7919 -78.9964 -28.7859 -81.646 
-72 -136.248 -33 29 -48.5468 -72.5853 -21.9243 -74.6344 
-60 -129.244 -33 29 -62.0404 -82.347 -27.0506 -85.302 
-70 -131.18 -32 29 -56.8567 -76.8938 -25.8415 -79.5163 
-59 -128.083 -32 28 -64.474 -80.6691 -25.6659 -83.0796 
-57 -132.054 -33 29 -57.9236 -83.779 -30.1671 -91.6589 
-68 -135.798 -32 29 -50.5193 -73.4024 -20.2805 -73.9527 
-64 -131.075 -32 29 -58.2954 -78.2298 -27.456 -80.7496 
-61 -127.473 -33 30 -64.2456 -84.3935 -32.1709 -88.9398 
-65 -132.632 -33 29 -56.0634 -77.0548 -23.9532 -82.3632 
-70 -136.603 -34 30 -48.4224 -73.3882 -24.6949 -77.3547 
-59 -132.514 -32 29 -57.0718 -79.791 -28.9125 -83.5923 
-57 -131.528 -33 29 -59.3651 -81.3378 -27.4801 -87.5965 
-59 -129.696 -33 29 -61.6362 -82.4056 -28.6338 -87.2549 
-63 -127.933 -32 30 -63.3937 -80.4055 -30.9164 -80.8732 
-57 -131.493 -34 29 -58.6665 -86.9584 -31.4054 -96.2883 
-67 -133.19 -32 29 -55.2284 -75.0477 -20.3318 -76.6418 
-66 -136.152 -33 30 -50.395 -74.2053 -23.0511 -76.6729 
-74 -136.513 -34 31 -47.3906 -75.5328 -29.5812 -87.9778 
-75 -128.584 -32 29 -59.9275 -77.6691 -26.6099 -78.9874 
-71 -133.71 -34 30 -52.5687 -78.4391 -28.6266 -88.5377 
-68 -134.204 -33 29 -52.8133 -75.142 -25.3092 -79.1059 
-66 -133.178 -33 30 -54.5039 -78.09 -30.8779 -86.7916 
-81 -133.18 -34 31 -50.941 -76.9064 -30.7943 -88.0512 
-66 -136.627 -33 29 -49.8262 -73.4024 -20.9736 -73.9527 
-71 -131.663 -33 30 -55.9621 -77.1624 -29.5772 -84.9512 
-59 -129.28 -32 29 -62.3407 -81.2794 -31.3208 -86.4154 
-65 -131.232 -32 29 -58.6283 -77.0536 -23.9532 -79.3476 
-75 -130.871 -33 29 -56.3638 -76.5156 -26.5223 -79.1794 
-69 -126.651 -32 30 -64.9503 -77.6682 -25.957 -76.6286 
-68 -134.33 -34 31 -52.4038 -78.9027 -29.4767 -88.6657 
-59 -125.28 -32 29 -68.418 -85.7608 -32.5338 -87.1225 
-57 -129.197 -33 29 -62.5904 -85.7077 -32.591 -92.1979 
-79 -133.829 -34 31 -50.7778 -75.8915 -28.6306 -86.0433 
-73 -132.213 -34 29 -54.5615 -78.1287 -27.3031 -83.2557 
-66 -130.83 -33 30 -58.1797 -78.9887 -33.7204 -87.8499 
-66 -128.949 -32 29 -61.3812 -81.0001 -28.4066 -81.7942 
-68 -131.316 -32 29 -57.5404 -76.8152 -25.9168 -77.9936 
-59 -128.296 -32 29 -64.2011 -82.4044 -28.6338 -84.2394 
-75 -135.787 -33 29 -48.782 -75.0267 -25.3092 -83.1941 
-73 -131.52 -33 29 -56.2006 -75.5006 -24.3586 -77.1714 
-57 -130.093 -33 29 -61.2315 -86.9572 -31.4054 -93.2727 
-75 -133.437 -33 29 -52.6264 -76.0261 -24.3586 -81.126 
-73 -130.167 -33 29 -57.955 -76.852 -28.2537 -79.6691 
-64 -136.982 -34 30 -49.7018 -74.2052 -23.7442 -76.6729 
-55 -129.335 -32 28 -63.5375 -82.705 -27.843 -85.7792 
-61 -125.512 -33 30 -67.5534 -87.5718 -33.4092 -90.5537 
-73 -129.414 -33 29 -59.2344 -77.6691 -27.3031 -78.9874 
-73 -125.617 -32 29 -64.9317 -82.3737 -29.6197 -81.8677 
-75 -131.39 -32 29 -56.0198 -74.7494 -25.3092 -77.5395 
-70 -132.834 -34 30 -54.3966 -78.5922 -28.1532 -83.3836 
-72 -137.398 -33 29 -47.2674 -71.7683 -22.8749 -75.3162 
-60 -130.394 -33 29 -60.761 -81.53 -28.0012 -85.9838 
-57 -134.411 -34 29 -54.6097 -82.9891 -31.3527 -94.8524 
-74 -134.842 -34 31 -50.3353 -77.2188 -30.1135 -88.7019 
-75 -130.637 -32 29 -57.2992 -75.5665 -24.3586 -76.8577 
-70 -135.045 -32 29 -51.347 -75.0255 -25.3092 -80.1786 
-72 -134.057 -33 30 -52.4614 -76.4896 -25.2088 -81.254 
FEATURES_TXT_END_0
FEATURES_TXT_BEGIN_0 73 65 8 Distortion0_0 LM0_0 WordPenalty0_0 PhrasePenalty0_0 TranslationModel0_0 TranslationModel0_1 TranslationModel0_2 TranslationModel0_3 
-112 -274.677 -52 48 -85.1202 -109.798 -43.0866 -105.679 
-110 -268.805 -55 49 -93.9427 -116.018 -53.4266 -115.82 
-112 -272.728 -51 48 -88.2983 -112.181 -42.3934 -104.293 
-110 -266.855 -54 49 -97.1208 -118.402 -52.7334 -114.434 
-112 -272.918 -51 48 -88.2983 -112.181 -42.3934 -104.293 
-114 -274.677 -52 48 -85.1202 -109.798 -43.0866 -105.679 
-116 -273.293 -51 48 -87.6685 -111.833 -44.6447 -105.562 
-110 -267.046 -54 49 -97.1208 -118.402 -52.7334 -114.434 
-112 -268.805 -55 49 -93.9427 -116.018 -53.4266 -115.82 
-114 -273.395 -52 48 -87.1828 -111.585 -42.9147 -106.108 
-114 -274.187 -51 48 -87.0005 -111.852 -42.2215 -106.23 
-114 -272.728 -51 48 -88.2983 -112.181 -42.3934 -104.293 
-118 -273.395 -52 48 -87.1828 -111.585 -42.9147 -106.108 
-112 -266.855 -54 49 -97.1208 -118.402 -52.7334 -114.434 
-114 -271.446 -51 48 -90.3609 -113.969 -42.2215 -104.722 
-100 -275.395 -53 48 -88.2982 -111.911 -44.4325 -108.869 
-114 -272.918 -51 48 -88.2983 -112.181 -42.3934 -104.293 
-106 -277.726 -52 48 -83.62 -107.698 -41.4678 -105.641 
-116 -274.677 -52 48 -85.1202 -109.798 -43.0866 -105.679 
-112 -269.596 -54 49 -93.7604 -116.285 -52.7334 -115.941 
-114 -273.573 -51 48 -87.6685 -111.833 -44.6447 -105.562 
-112 -267.046 -54 49 -97.1208 -118.402 -52.7334 -114.434 
-112 -275.469 -51 48 -84.9379 -110.065 -42.3934 -105.8 
-114 -271.636 -51 48 -90.3609 -113.969 -42.2215 -104.722 
-102 -270.846 -51 47 -94.9196 -115.733 -41.9231 -102.809 
-112 -275.497 -51 48 -84.9379 -110.065 -42.3934 -105.8 
-114 -268.805 -55 49 -93.9427 -116.018 -53.4266 -115.82 
-100 -270.846 -51 47 -94.9196 -115.733 -41.9231 -102.809 
-112 -273.573 -51 48 -87.6685 -111.833 -44.6447 -105.562 
-110 -269.596 -54 49 -93.7604 -116.285 -52.7334 -115.941 
-98 -275.395 -53 48 -88.2982 -111.911 -44.4325 -108.869 
-116 -273.395 -52 48 -87.1828 -111.585 -42.9147 -106.108 
-116 -268.805 -55 49 -93.9427 -116.018 -53.4266 -115.82 
-114 -275.497 -51 48 -84.9379 -110.065 -42.3934 -105.8 
-106 -270.351 -55 49 -94.1053 -116.181 -51.2865 -114.88 
-114 -273.293 -51 48 -87.6685 -111.833 -44.6447 -105.562 
-110 -269.624 -54 49 -93.7604 -116.285 -52.7334 -115.941 
-110 -267.701 -54 49 -96.491 -118.054 -54.9847 -115.703 
-116 -272.728 -51 48 -88.2983 -112.181 -42.3934 -104.293 
-116 -271.636 -51 48 -90.3609 -113.969 -42.2215 -104.722 
-98 -273.636 -52 48 -91.4762 -114.295 -43.7394 -107.483 
-112 -267.421 -54 49 -96.491 -118.054 -54.9847 -115.703 
-114 -266.855 -54 49 -97.1208 -118.402 -52.7334 -114.434 
-100 -268.896 -50 47 -98.0976 -118.116 -41.2299 -101.423 
-112 -273.383 -51 48 -88.2983 -112.181 -42.3934 -104.293 
-98 -273.445 -52 48 -91.4763 -114.295 -43.7394 -107.483 
-116 -271.446 -51 48 -90.3609 -113.969 -42.2215 -104.722 
-106 -276.527 -52 48 -85.1202 -109.798 -43.0866 -105.679 
-114 -275.469 -51 48 -84.9379 -110.065 -42.3934 -105.8 
-100 -269.087 -50 47 -98.0976 -118.116 -41.2299 -101.423 
-110 -267.51 -54 49 -97.1208 -118.402 -52.7334 -114.434 
-104 -277.338 -54 48 -83.8522 -110.755 -45.8188 -113.564 
-108 -274.704 -51 47 -87.4623 -109.333 -41.4399 -102.536 
-100 -270.734 -51 47 -95.5494 -116.08 -39.6718 -101.54 
-104 -275.894 -51 48 -86.3946 -111.191 -43.7797 -107.069 
-106 -268.831 -54 48 -96.2848 -115.553 -51.78 -112.676 
-104 -275.389 -53 48 -87.0302 -113.139 -45.1257 -112.177 
-102 -270.021 -54 49 -95.2171 -117.412 -54.1197 -117.21 
-108 -272.754 -50 47 -90.6404 -111.716 -40.7468 -101.149 
-116 -272.918 -51 48 -88.2983 -112.181 -42.3934 -104.293 
-114 -267.046 -54 49 -97.1208 -118.402 -52.7334 -114.434 
-118 -274.677 -52 48 -85.1202 -109.798 -43.0866 -105.679 
-100 -268.784 -50 47 -98.7274 -118.464 -38.9786 -100.154 
-108 -276.224 -52 48 -85.2828 -109.96 -40.9465 -104.74 
-106 -266.881 -53 48 -99.4629 -117.937 -51.0868 -111.29 
FEATURES_TXT_END_0
FEATURES_TXT_BEGIN_0 74 100 8 Distortion0_0 LM0_0 WordPenalty0_0 PhrasePenalty0_0 TranslationModel0_0 TranslationModel0_1 TranslationModel0_2 TranslationModel0_3 
-57 -124.321 -26 23 -33.1815 -40.9558 -18.5806 -46.5906 
-57 -124.566 -26 23 -32.8938 -40.6545 -17.8874 -46.111 
-49 -125.856 -26 22 -34.1443 -37.9443 -18.8597 -42.8517 
-49 -126.101 -26 22 -33.8566 -37.643 -18.1666 -42.3721 
-57 -122.632 -26 23 -37.3246 -42.1982 -18.5806 -45.492 
-57 -122.876 -26 23 -37.037 -41.8969 -17.8874 -45.0124 
-59 -124.484 -26 23 -33.7242 -42.5828 -19.6792 -48.6115 
-59 -124.729 -26 23 -33.4365 -42.2815 -18.9861 -48.1319 
-49 -124.928 -26 22 -35.4903 -40.9878 -19.8406 -45.9188 
-49 -125.173 -26 22 -35.2026 -40.6865 -19.1474 -45.4393 
-51 -127.884 -27 23 -30.58 -37.618 -21.0989 -46.1731 
-51 -128.128 -27 23 -30.2923 -37.3166 -20.4057 -45.6936 
-57 -125.462 -26 23 -33.1815 -40.9558 -18.5806 -46.5906 
-57 -125.706 -26 23 -32.8938 -40.6545 -17.8874 -46.111 
-45 -125.781 -26 22 -35.4903 -40.9878 -19.8406 -45.9188 
-45 -126.026 -26 22 -35.2026 -40.6865 -19.1474 -45.4393 
-59 -125.942 -27 23 -31.9711 -40.761 -23.452 -52.7745 
-59 -126.186 -27 23 -31.6834 -40.4597 -22.7588 -52.2949 
-57 -124.879 -25 22 -34.6549 -38.6884 -18.8597 -42.455 
-57 -125.124 -25 22 -34.3672 -38.3871 -18.1666 -41.9755 
-57 -123.951 -25 22 -36.0009 -41.732 -19.8406 -45.5222 
-57 -124.195 -25 22 -35.7132 -41.4306 -19.1474 -45.0426 
-53 -126.907 -27 23 -32.4884 -40.9558 -18.5806 -46.5906 
-53 -127.151 -27 23 -32.2007 -40.6545 -17.8874 -46.111 
-59 -126.184 -26 23 -32.241 -39.6294 -20.0847 -45.826 
-57 -125.963 -26 23 -33.4692 -39.0367 -17.482 -44.9166 
-59 -126.428 -26 23 -31.9533 -39.328 -19.3915 -45.3465 
-57 -126.207 -26 23 -33.1815 -38.7354 -16.7888 -44.437 
-59 -126.906 -26 23 -31.0906 -38.3621 -21.0989 -45.7765 
-59 -127.151 -26 23 -30.8029 -38.0608 -20.4057 -45.2969 
-57 -123.136 -26 23 -37.3894 -43.1544 -22.6059 -49.326 
-57 -123.38 -26 23 -37.1017 -42.8531 -21.9128 -48.8464 
-51 -128.146 -27 23 -31.3289 -38.4091 -19.9132 -45.9952 
-45 -123.758 -26 22 -39.6334 -42.2302 -19.8406 -44.8202 
-51 -128.391 -27 23 -31.0412 -38.1077 -19.2201 -45.5156 
-45 -124.002 -26 22 -39.3457 -41.9289 -19.1474 -44.3407 
-53 -124.804 -25 22 -36.0009 -41.732 -19.8406 -45.5222 
-43 -127.699 -26 22 -34.1443 -37.9443 -18.8597 -42.8517 
-53 -125.049 -25 22 -35.7132 -41.4306 -19.1474 -45.0426 
-43 -127.944 -26 22 -33.8566 -37.643 -18.1666 -42.3721 
-55 -124.174 -26 23 -36.3385 -44.3791 -21.5961 -50.052 
-51 -127.825 -26 23 -31.9021 -40.1387 -19.5312 -47.2723 
-55 -124.418 -26 23 -36.0509 -44.0777 -20.903 -49.5725 
-51 -128.07 -26 23 -31.6144 -39.8374 -18.8381 -46.7928 
-57 -124.712 -26 23 -35.3044 -41.8469 -20.0847 -46.365 
-59 -122.795 -26 23 -37.8673 -43.8252 -19.6792 -47.5129 
-57 -124.957 -26 23 -35.0167 -41.5456 -19.3915 -45.8854 
-59 -123.04 -26 23 -37.5796 -43.5238 -18.9861 -47.0333 
-59 -125.219 -26 23 -34.2038 -41.3088 -18.9861 -46.9664 
-47 -126.153 -26 22 -35.4903 -40.9878 -19.8406 -45.9188 
-43 -126.771 -26 22 -35.4903 -40.9878 -19.8406 -45.9188 
-59 -125.463 -26 23 -33.9161 -41.0075 -18.2929 -46.4868 
-47 -126.397 -26 22 -35.2026 -40.6865 -19.1474 -45.4393 
-43 -127.015 -26 22 -35.2026 -40.6865 -19.1474 -45.4393 
-59 -125.994 -26 23 -32.9998 -39.6677 -20.0847 -46.4274 
-59 -126.239 -26 23 -32.7121 -39.3664 -19.3915 -45.9478 
-59 -126.505 -26 23 -32.3066 -39.8697 -18.6984 -45.7988 
-59 -126.75 -26 23 -32.0189 -39.5684 -18.0052 -45.3192 
-43 -128.175 -27 23 -33.1712 -41.0685 -22.3981 -48.6012 
-43 -128.419 -27 23 -32.8835 -40.7671 -21.705 -48.1216 
-59 -127.072 -27 23 -31.1602 -39.2137 -23.452 -51.0881 
-59 -127.317 -27 23 -30.8725 -38.9124 -22.7588 -50.6085 
-47 -123.694 -26 22 -39.6334 -42.2302 -19.8406 -44.8202 
-49 -126.997 -26 22 -34.1443 -37.9443 -18.8597 -42.8517 
-47 -123.938 -26 22 -39.3457 -41.9289 -19.1474 -44.3407 
-49 -127.241 -26 22 -33.8566 -37.643 -18.1666 -42.3721 
-57 -126.132 -26 23 -33.445 -41.2705 -18.9861 -46.365 
-57 -126.376 -26 23 -33.1573 -40.9692 -18.2929 -45.8854 
-59 -124.885 -26 23 -34.8969 -42.1158 -19.6792 -47.0204 
-57 -123.772 -26 23 -37.3246 -42.1982 -18.5806 -45.492 
-59 -125.129 -26 23 -34.6092 -41.8144 -18.9861 -46.5409 
-57 -124.017 -26 23 -37.037 -41.8969 -17.8874 -45.0124 
-59 -125.625 -26 23 -33.7242 -42.5828 -19.6792 -48.6115 
-59 -125.66 -26 23 -33.6929 -40.4747 -20.7778 -46.4814 
-59 -125.805 -27 23 -33.4439 -39.8796 -22.3533 -49.9895 
-59 -125.869 -26 23 -33.4365 -42.2815 -18.9861 -48.1319 
-49 -126.069 -26 22 -35.4903 -40.9878 -19.8406 -45.9188 
-59 -125.905 -26 23 -33.4052 -40.1733 -20.0847 -46.0019 
-59 -126.049 -27 23 -33.1562 -39.5783 -21.6602 -49.5099 
-49 -126.313 -26 22 -35.2026 -40.6865 -19.1474 -45.4393 
-59 -126.171 -26 23 -32.9998 -40.6767 -19.3915 -45.8528 
-58 -126.058 -26 24 -33.5464 -40.9558 -19.7476 -46.5906 
-59 -126.58 -27 23 -32.2399 -38.2385 -23.452 -49.4505 
-59 -126.416 -26 23 -32.7121 -40.3753 -18.6984 -45.3732 
-47 -125.944 -26 22 -36.0329 -42.6148 -20.9392 -47.9398 
-58 -126.302 -26 24 -33.2587 -40.6545 -19.0545 -46.111 
-59 -126.825 -27 23 -31.9523 -37.9372 -22.7588 -48.9709 
-47 -126.189 -26 22 -35.7452 -42.3135 -20.246 -47.4602 
-59 -127.091 -27 23 -31.5468 -38.4405 -22.0657 -48.8219 
-57 -126.842 -26 23 -32.5455 -40.4065 -19.6792 -47.5754 
-49 -125.113 -26 22 -36.3511 -42.4419 -26.3359 -48.4838 
-59 -127.336 -27 23 -31.2591 -38.1392 -21.3725 -48.3423 
-57 -127.087 -26 23 -32.2578 -40.1052 -18.9861 -47.0959 
-57 -123.889 -26 23 -37.3246 -42.1982 -18.5806 -45.492 
-55 -127.958 -27 23 -31.209 -40.1387 -19.5312 -47.2723 
-57 -127.264 -26 23 -31.9021 -40.1387 -19.5312 -47.2723 
-57 -124.133 -26 23 -37.037 -41.8969 -17.8874 -45.0124 
-55 -128.203 -27 23 -30.9213 -39.8374 -18.8381 -46.7928 
-57 -127.509 -26 23 -31.6144 -39.8374 -18.8381 -46.7928 
-57 -123.713 -26 23 -37.5881 -42.5128 -18.9861 -45.2664 
FEATURES_TXT_END_0
FEATURES_TXT_BEGIN_0 75 70 8 Distortion0_0 LM0_0 WordPenalty0_0 PhrasePenalty0_0 TranslationModel0_0 TranslationModel0_1 TranslationModel0_2 TranslationModel0_3 
-101 -211.564 -46 41 -71.8627 -88.5177 -42.3865 -77.8362 
-95 -216.822 -47 41 -66.696 -85.8866 -41.6933 -79.6415 
-95 -216.195 -47 41 -66.2906 -85.9202 -41.2879 -80.3301 
-81 -212.215 -45 40 -77.2638 -91.2707 -40.6468 -76.2717 
-103 -212.685 -46 41 -69.9856 -90.1647 -39.2084 -79.1712 
-97 -217.316 -47 41 -64.4135 -87.5672 -38.1098 -81.6651 
-103 -211.564 -46 41 -71.8627 -88.5177 -42.3865 -77.8362 
-101 -215.022 -46 41 -67.3913 -89.58 -45.8357 -82.8223 
-93 -213.818 -47 42 -70.3046 -88.198 -48.3097 -81.7995 
-103 -212.654 -45 40 -71.1091 -88.5497 -41.774 -77.1645 
-97 -216.195 -47 41 -66.2906 -85.9202 -41.2879 -80.3301 
-97 -213.562 -45 41 -71.6024 -88.5177 -39.2084 -77.8362 
-83 -214.05 -46 41 -72.71 -89.3187 -45.1591 -80.5035 
-93 -212.248 -46 41 -73.9552 -89.7257 -45.4775 -79.8644 
-77 -211.885 -45 40 -77.7865 -91.2707 -42.2154 -76.2717 
-95 -214.56 -47 41 -69.2886 -88.23 -49.3067 -81.1278 
-105 -212.685 -46 41 -69.9856 -90.1647 -39.2084 -79.1712 
-87 -217.6 -48 41 -66.8118 -87.3637 -45.7854 -82.6319 
-77 -218.681 -47 41 -67.1379 -86.7213 -44.0604 -82.9973 
-99 -214.409 -46 41 -68.7776 -90.2332 -46.2412 -83.1099 
-95 -214.939 -47 42 -68.4275 -89.845 -45.1317 -83.1345 
-105 -211.894 -46 41 -71.3401 -88.5177 -40.8178 -77.8362 
-99 -217.316 -47 41 -64.4135 -87.5672 -38.1098 -81.6651 
-99 -216.873 -46 41 -66.0303 -85.9202 -38.1098 -80.3301 
-81 -215.848 -47 41 -71.0482 -87.2724 -41.0647 -78.5146 
-81 -219.803 -47 41 -65.2608 -88.3683 -40.8824 -84.3324 
-85 -215.172 -46 41 -70.8329 -90.9657 -41.981 -81.8385 
-99 -216.525 -47 41 -65.7679 -85.9202 -39.7192 -80.3301 
-79 -213.006 -45 40 -75.9094 -92.9177 -39.0373 -77.6067 
-103 -212.306 -46 40 -70.8467 -88.5497 -43.3834 -77.1645 
-85 -214.207 -45 40 -72.9659 -90.0302 -36.2489 -74.8996 
-87 -214.207 -45 40 -72.9659 -90.0302 -36.2489 -74.8996 
-79 -219.803 -47 41 -65.2608 -88.3683 -40.8824 -84.3324 
-85 -214.346 -46 41 -72.1504 -88.1174 -45.1591 -79.1172 
-87 -214.381 -46 41 -72.1874 -89.3187 -43.5904 -80.5035 
-95 -213.818 -47 42 -70.3046 -88.198 -48.3097 -81.7995 
-91 -213.598 -46 41 -72.6117 -89.3088 -41.2008 -77.6583 
-91 -212.248 -46 41 -73.9552 -89.7257 -45.4775 -79.8644 
-105 -212.306 -46 40 -70.8467 -88.5497 -43.3834 -77.1645 
-95 -213.562 -45 41 -71.6024 -88.5177 -39.2084 -77.8362 
-99 -215.022 -46 41 -67.3913 -89.58 -45.8357 -82.8223 
-85 -213.594 -45 40 -74.3522 -90.6834 -36.6544 -75.1873 
-83 -215.401 -46 41 -71.3665 -88.9018 -40.8824 -78.2974 
-81 -213.006 -45 40 -75.9094 -92.9177 -39.0373 -77.6067 
-97 -216.937 -47 40 -65.2746 -85.9523 -42.2848 -79.6584 
-105 -212.066 -46 41 -71.1236 -89.0145 -43.0772 -80.308 
-83 -216.969 -47 41 -69.1711 -88.9194 -37.8867 -79.8496 
-79 -219.402 -48 41 -65.5666 -86.9568 -45.4669 -83.271 
-81 -219.194 -47 40 -66.6724 -85.2012 -36.3287 -76.5843 
-85 -216.879 -47 41 -68.3831 -87.1283 -44.3789 -82.3583 
-101 -216.525 -47 41 -65.7679 -85.9202 -39.7192 -80.3301 
-89 -218.193 -46 41 -66.0303 -85.9202 -38.1098 -80.3301 
-103 -208.96 -45 41 -76.6059 -93.9248 -41.5347 -80.8808 
-99 -216.697 -47 41 -65.5515 -86.417 -41.9786 -82.8019 
-107 -212.685 -46 41 -69.9856 -90.1647 -39.2084 -79.1712 
-87 -215.328 -45 40 -71.0888 -91.6772 -33.0708 -76.2346 
-87 -215.467 -46 41 -70.2733 -89.7644 -41.981 -80.4522 
-97 -214.939 -47 42 -68.4275 -89.845 -45.1317 -83.1345 
-93 -212.543 -46 41 -73.3956 -88.5243 -45.4775 -78.4781 
-93 -213.369 -46 41 -72.0781 -91.3727 -42.2995 -81.1994 
-101 -216.143 -46 41 -65.5142 -91.227 -42.6577 -84.1573 
-97 -213.591 -46 41 -71.0337 -91.3273 -40.4361 -83.3746 
-85 -216.522 -46 41 -69.4894 -90.5488 -37.7043 -79.6324 
-107 -211.894 -46 41 -71.3401 -88.5177 -40.8178 -77.8362 
-101 -217.316 -47 41 -64.4135 -87.5672 -38.1098 -81.6651 
-81 -220.523 -48 41 -63.6895 -88.6038 -42.2889 -84.606 
-97 -214.148 -47 42 -69.7819 -88.198 -46.7411 -81.7995 
-87 -215.172 -46 41 -70.8329 -90.9657 -41.981 -81.8385 
-87 -218 -47 41 -66.506 -88.7753 -41.2008 -83.6933 
-105 -212.242 -45 41 -71.6024 -88.5177 -39.2084 -77.8362 
FEATURES_TXT_END_0
FEATURES_TXT_BEGIN_0 76 74 8 Distortion0_0 LM0_0 WordPenalty0_0 PhrasePenalty0_0 TranslationModel0_0 TranslationModel0_1 TranslationModel0_2 TranslationModel0_3 
-107 -290.601 -61 54 -94.8073 -133.88 -54.5505 -143.735 
-117 -287.987 -61 54 -96.3443 -136.281 -54.2057 -143.065 
-116 -292.309 -61 54 -90.3361 -130.249 -53.3375 -141.023 
-126 -289.695 -61 54 -91.8732 -132.65 -52.9927 -140.353 
-111 -293.086 -61 54 -90.3361 -130.249 -53.3375 -141.023 
-107 -290.524 -61 54 -95.4161 -133.423 -51.5548 -139.501 
-121 -290.472 -61 54 -91.8732 -132.65 -52.9927 -140.353 
-107 -289.501 -60 54 -96.8733 -134.249 -54.9347 -141.894 
-117 -286.886 -60 54 -98.4104 -136.649 -54.5899 -141.224 
-111 -288.169 -61 54 -97.8212 -134.801 -56.5246 -142.803 
-121 -285.554 -61 54 -99.3583 -137.202 -56.1798 -142.133 
-105 -294.468 -62 53 -89.1876 -134.326 -55.3808 -147.708 
-115 -291.853 -62 53 -90.7247 -136.727 -55.036 -147.038 
-103 -287.976 -61 54 -99.779 -138.697 -58.4823 -146.698 
-113 -285.361 -61 54 -101.316 -141.097 -58.1375 -146.028 
-116 -292.232 -61 54 -90.9449 -129.792 -50.3418 -136.789 
-111 -293.01 -61 54 -90.9449 -129.792 -50.3418 -136.789 
-109 -290.601 -61 54 -94.8073 -133.88 -54.5505 -143.735 
-105 -287.976 -61 54 -99.779 -138.697 -58.4823 -146.698 
-117 -291.853 -62 53 -90.7247 -136.727 -55.036 -147.038 
-119 -287.987 -61 54 -96.3443 -136.281 -54.2057 -143.065 
-111 -286.992 -60 54 -100.496 -134.712 -53.9131 -136.727 
-115 -289.554 -60 54 -95.4161 -131.539 -55.6958 -138.248 
-111 -291.986 -60 54 -92.4021 -130.618 -53.7217 -139.181 
-107 -289.424 -60 54 -97.4821 -133.791 -51.939 -137.66 
-120 -289.877 -61 54 -93.3501 -131.171 -55.3116 -140.09 
-121 -289.371 -60 54 -93.9392 -133.018 -53.3769 -138.511 
-130 -287.262 -61 54 -94.8872 -133.571 -54.9667 -139.42 
-115 -290.654 -61 54 -93.3501 -131.171 -55.3116 -140.09 
-111 -288.092 -61 54 -98.43 -134.344 -53.5289 -138.568 
-125 -288.039 -61 54 -94.8872 -133.571 -54.9667 -139.42 
-114 -296.176 -62 53 -84.7165 -130.695 -54.1678 -144.996 
-124 -293.561 -62 53 -86.2535 -133.096 -53.823 -144.326 
-109 -296.953 -62 53 -84.7165 -130.695 -54.1678 -144.996 
-105 -294.391 -62 53 -89.7964 -133.868 -52.3851 -143.474 
-119 -294.339 -62 53 -86.2535 -133.096 -53.823 -144.326 
-103 -287.899 -61 54 -100.388 -138.239 -55.4866 -142.464 
-111 -287.068 -60 54 -99.8872 -135.17 -56.9088 -140.961 
-121 -284.454 -60 54 -101.424 -137.57 -56.564 -140.291 
-107 -286.943 -61 54 -100.844 -138.803 -56.6906 -144.235 
-118 -292.309 -61 54 -90.3361 -130.249 -53.3375 -141.023 
-107 -289.728 -60 53 -97.0827 -133.912 -54.9549 -143.064 
-107 -294.468 -62 53 -89.1876 -134.326 -55.3808 -147.708 
-128 -289.695 -61 54 -91.8732 -132.65 -52.9927 -140.353 
-109 -296.876 -62 53 -85.3253 -130.238 -51.1721 -140.761 
-107 -288.986 -61 54 -98.1933 -136.42 -53.8574 -142.388 
-113 -293.086 -61 54 -90.3361 -130.249 -53.3375 -141.023 
-114 -296.099 -62 53 -85.3253 -130.238 -51.1721 -140.761 
-115 -292.148 -62 53 -90.9372 -137.118 -52.0916 -145.143 
-109 -290.524 -61 54 -95.4161 -133.423 -51.5548 -139.501 
-111 -289.228 -62 53 -95.6964 -141.543 -58.9678 -150.001 
-105 -294.763 -62 53 -89.4001 -134.717 -52.4364 -145.813 
-123 -290.472 -61 54 -91.8732 -132.65 -52.9927 -140.353 
-101 -291.843 -62 53 -94.1593 -139.143 -59.3127 -150.67 
-123 -285.554 -61 54 -99.3583 -137.202 -56.1798 -142.133 
-107 -290.895 -60 54 -95.2079 -133.38 -53.4519 -140.488 
-117 -288.28 -60 54 -96.745 -135.78 -53.1071 -139.818 
-109 -288.741 -61 54 -97.8212 -134.801 -56.5246 -142.803 
-105 -293.368 -61 53 -91.2536 -134.695 -55.7651 -145.866 
-119 -286.126 -61 54 -99.3583 -137.202 -56.1798 -142.133 
-115 -290.753 -61 53 -92.7907 -137.095 -55.4202 -145.196 
-103 -286.876 -60 54 -101.845 -139.065 -58.8666 -144.856 
-109 -292.036 -62 53 -92.2015 -135.247 -57.3549 -146.775 
-113 -284.261 -60 54 -103.382 -141.466 -58.5217 -144.186 
-119 -289.421 -62 53 -93.7386 -137.648 -57.0101 -146.105 
-107 -285.543 -61 54 -102.793 -139.618 -60.4564 -145.765 
-107 -291.038 -61 54 -94.8073 -135.303 -54.5505 -144.691 
-117 -282.929 -61 54 -104.33 -142.018 -60.1116 -145.095 
-111 -291.909 -60 54 -93.011 -130.16 -50.726 -134.947 
-120 -289.8 -61 54 -93.9589 -130.713 -52.3158 -135.856 
-109 -289.501 -60 54 -96.8733 -134.249 -54.9347 -141.894 
-113 -288.169 -61 54 -97.8212 -134.801 -56.5246 -142.803 
-115 -290.577 -61 54 -93.9589 -130.713 -52.3158 -135.856 
-119 -286.886 -60 54 -98.4104 -136.649 -54.5899 -141.224 
FEATURES_TXT_END_0
FEATURES_TXT_BEGIN_0 77 100 8 Distortion0_0 LM0_0 WordPenalty0_0 PhrasePenalty0_0 TranslationModel0_0 TranslationModel0_1 TranslationModel0_2 TranslationModel0_3 
-38 -105.059 -23 21 -33.0794 -49.07 -18.2443 -58.4849 
-40 -108.444 -23 21 -27.7613 -42.5721 -19.1197 -54.0167 
-42 -99.6162 -22 21 -41.3954 -50.7986 -17.7355 -53.763 
-38 -103.834 -22 21 -35.9605 -50.0974 -17.1456 -56.7961 
-44 -103.001 -22 21 -36.0773 -44.3007 -18.6109 -49.2948 
-42 -105.702 -23 21 -31.94 -49.7367 -19.8537 -60.9281 
-48 -98.3175 -22 21 -42.4047 -52.322 -18.4286 -55.1981 
-38 -105.03 -23 21 -34.3588 -49.8871 -17.2936 -57.8031 
-40 -107.218 -22 21 -30.6424 -43.5995 -18.0211 -52.3279 
-38 -106.527 -23 21 -31.94 -49.7367 -19.8537 -60.9281 
-50 -101.702 -22 21 -37.0866 -45.8241 -19.3041 -50.7299 
-50 -102.869 -23 21 -35.1665 -47.6639 -19.3473 -56.3724 
-40 -108.414 -23 21 -29.0407 -43.3892 -18.1691 -53.3349 
-46 -100.259 -22 21 -40.256 -51.4653 -19.3449 -56.2062 
-38 -103.595 -22 21 -37.2399 -50.9145 -16.195 -56.1143 
-44 -111.158 -23 21 -23.8493 -39.1535 -20.7292 -53.644 
-40 -109.911 -23 21 -26.6219 -43.2388 -20.7292 -56.4599 
-44 -106.539 -24 21 -31.2312 -46.6045 -18.1987 -59.0788 
-54 -104.687 -22 21 -31.5046 -45.3313 -21.1846 -54.7712 
-42 -104.477 -22 21 -34.8211 -50.7641 -18.7551 -59.2393 
-42 -101.083 -22 21 -40.256 -51.4653 -19.3449 -56.2062 
-40 -103.494 -23 21 -36.888 -51.0473 -18.9374 -57.2274 
-38 -107.857 -23 21 -30.7162 -44.8657 -19.1197 -54.785 
-40 -105.783 -24 21 -33.2156 -49.07 -19.8537 -58.4849 
-40 -106.98 -22 21 -31.9218 -44.4166 -17.0705 -51.6462 
-49 -104.749 -23 22 -33.4823 -41.2436 -19.5586 -50.6172 
-52 -98.9603 -22 21 -41.2652 -52.9886 -20.0381 -57.6413 
-38 -105.301 -22 21 -34.8211 -50.7641 -18.7551 -59.2393 
-42 -105.673 -23 21 -33.2194 -50.5537 -18.9031 -60.2463 
-44 -104.468 -22 21 -34.9379 -44.9674 -20.2204 -51.738 
-46 -109.335 -23 21 -26.6219 -43.2388 -20.7292 -56.4599 
-48 -101.096 -23 21 -39.5472 -48.3331 -17.6899 -54.3569 
-40 -109.924 -24 22 -27.3642 -41.9469 -21.2438 -56.4509 
-50 -103.551 -23 21 -35.0724 -46.5591 -19.0596 -55.5992 
-49 -99.7254 -23 21 -41.0921 -51.1497 -20.4823 -55.7925 
-42 -107.169 -23 21 -30.8006 -50.4033 -21.4631 -63.3713 
-48 -99.7846 -22 21 -41.2652 -52.9886 -20.0381 -57.6413 
-40 -106.045 -22 21 -33.6657 -48.406 -17.2936 -55.7779 
-44 -98.0504 -22 21 -45.204 -52.7759 -18.4286 -52.5055 
-42 -102.414 -22 21 -39.0322 -46.5943 -18.6109 -50.0632 
-44 -100.34 -23 21 -41.5316 -50.7986 -19.3449 -53.763 
-38 -108.644 -24 21 -29.8606 -47.1325 -19.8537 -60.1374 
-38 -106.497 -23 21 -33.2194 -50.5537 -18.9031 -60.2463 
-40 -108.685 -22 21 -29.5029 -44.2662 -19.6306 -54.7712 
-44 -105.314 -23 21 -34.1123 -47.6319 -17.1001 -57.3901 
-40 -108.081 -23 21 -30.6043 -45.167 -18.0211 -53.8344 
-42 -106.427 -23 22 -32.9715 -42.1835 -20.2518 -51.7158 
-43 -108.015 -23 21 -29.7749 -42.6392 -21.8641 -53.0642 
-52 -96.8034 -22 21 -45.0739 -54.9659 -20.7312 -56.3838 
-52 -99.0464 -22 21 -41.745 -51.3793 -19.8149 -53.7591 
-42 -104.238 -22 21 -36.1005 -51.5811 -17.8045 -58.5576 
-50 -104.248 -23 21 -34.0271 -48.3306 -20.9567 -58.8156 
-40 -109.949 -23 21 -27.7613 -42.5721 -19.1197 -54.0167 
-40 -102.268 -22 21 -39.7691 -52.0747 -17.8388 -55.5386 
-42 -105.965 -23 21 -33.3671 -49.1604 -18.9374 -58.0636 
-38 -106.631 -22 21 -33.5973 -45.8931 -18.0211 -53.0963 
-52 -97.6336 -22 21 -43.7945 -54.1488 -21.6818 -57.0656 
-52 -99.8765 -22 21 -40.4656 -50.5622 -20.7655 -54.4409 
-40 -104.558 -23 21 -36.0966 -50.0974 -18.7551 -56.7961 
-46 -107.822 -23 21 -29.4551 -45.7418 -20.5468 -57.691 
-52 -101.02 -22 21 -38.2125 -53.6561 -23.5624 -61.1069 
-45 -99.4687 -22 21 -42.7852 -52.6255 -20.9887 -55.6305 
-45 -101.712 -22 21 -39.4563 -49.0389 -20.0724 -53.0058 
-50 -103.169 -22 21 -35.9471 -46.4907 -20.9135 -53.1731 
-50 -103.892 -22 21 -34.9379 -44.9674 -20.2204 -51.738 
-52 -101.496 -23 21 -37.8088 -51.8917 -19.5272 -55.1981 
-42 -109.429 -22 21 -28.3476 -41.9081 -18.1691 -51.3097 
-44 -104.48 -23 22 -35.6802 -43.6755 -20.735 -51.729 
-54 -99.7974 -23 21 -40.5564 -49.8564 -18.383 -55.792 
-49 -99.0074 -23 21 -42.8963 -50.0566 -19.7891 -54.3575 
-34 -111.353 -23 20 -26.9794 -44.476 -18.202 -55.6585 
-38 -105.764 -23 21 -34.4692 -50.8969 -21.4975 -60.3524 
-49 -104.573 -23 22 -34.4916 -42.767 -20.2518 -52.0523 
-40 -109.881 -23 21 -27.9013 -44.0558 -19.7785 -55.7781 
-54 -100.007 -22 21 -39.4919 -54.4732 -22.6118 -60.4251 
-54 -102.25 -22 21 -36.163 -50.8865 -21.6955 -57.8004 
-44 -106.51 -24 21 -32.5106 -47.4216 -17.2481 -58.397 
-52 -102.026 -23 21 -36.9588 -51.8292 -21.9186 -59.2393 
-46 -101.726 -22 21 -39.1166 -52.132 -20.9544 -58.6494 
-46 -107.738 -24 21 -29.6092 -45.7418 -21.7996 -57.691 
-42 -107.182 -24 22 -31.5429 -49.1114 -21.9778 -63.3623 
-48 -106.876 -24 22 -30.5212 -45.3701 -24.2594 -59.9124 
-49 -101.244 -22 21 -39.3877 -52.8143 -18.5174 -58.1407 
-38 -105.062 -22 21 -36.1005 -51.5811 -17.8045 -58.5576 
-50 -96.7517 -22 21 -46.2133 -54.2992 -19.1218 -53.9406 
-48 -101.115 -22 21 -40.0415 -48.1177 -19.3041 -51.4982 
-50 -99.0416 -23 21 -42.5408 -52.322 -20.0381 -55.1981 
-48 -103.685 -22 21 -36.2306 -49.3911 -15.5019 -54.6793 
-43 -110.101 -23 22 -27.6754 -39.5202 -17.486 -51.908 
-54 -97.4644 -22 21 -44.0646 -53.4426 -20.0381 -54.9487 
-54 -99.7074 -22 21 -40.7357 -49.8559 -19.1218 -52.3241 
-42 -103.201 -23 21 -38.1765 -48.8611 -19.3449 -55.4156 
-40 -110.948 -23 21 -26.4819 -41.755 -20.0703 -54.6984 
-38 -110.489 -23 21 -27.7613 -42.5721 -19.1197 -54.0167 
-46 -108.11 -22 21 -29.5029 -44.2662 -19.6306 -54.7712 
-43 -107.297 -23 21 -31.579 -41.5461 -21.171 -51.6291 
-40 -108.698 -23 22 -30.2453 -42.9743 -20.1452 -54.7622 
-44 -112.625 -23 21 -22.7098 -39.8201 -22.3386 -56.0873 
-40 -103.464 -23 21 -38.1674 -51.8643 -17.9868 -56.5456 
-38 -107.827 -23 21 -31.9956 -45.6828 -18.1691 -54.1033 
FEATURES_TXT_END_0
FEATURES_TXT_BEGIN_0 78 100 8 Distortion0_0 LM0_0 WordPenalty0_0 PhrasePenalty0_0 TranslationModel0_0 TranslationModel0_1 TranslationModel0_2 TranslationModel0_3 
-52 -126.283 -23 22 -33.691 -42.847 -24.1237 -48.2513 
-52 -126.528 -23 22 -33.3575 -44.388 -23.6129 -48.2513 
-56 -124.883 -23 22 -35.6651 -45.3961 -22.5143 -48.8979 
-56 -125.127 -23 22 -35.3316 -46.9372 -22.0035 -48.8979 
-56 -126.283 -23 22 -33.691 -42.847 -24.1237 -48.2513 
-56 -126.528 -23 22 -33.3575 -44.388 -23.6129 -48.2513 
-52 -127.433 -23 22 -33.055 -42.2976 -25.2223 -49.2362 
-52 -127.677 -23 22 -32.7216 -43.8387 -24.7115 -49.2362 
-60 -124.883 -23 22 -35.6651 -45.3961 -22.5143 -48.8979 
-52 -127.351 -23 22 -33.8297 -44.5398 -21.855 -46.9042 
-60 -125.127 -23 22 -35.3316 -46.9372 -22.0035 -48.8979 
-56 -126.032 -23 22 -35.0291 -44.8468 -23.6129 -49.8828 
-56 -126.277 -23 22 -34.6956 -46.3878 -23.1021 -49.8828 
-56 -127.433 -23 22 -33.055 -42.2976 -25.2223 -49.2362 
-56 -127.677 -23 22 -32.7216 -43.8387 -24.7115 -49.2362 
-60 -126.413 -23 22 -33.9794 -44.5209 -22.1253 -46.953 
-56 -125.95 -23 22 -35.8038 -47.0889 -20.2456 -47.5508 
-52 -127.717 -23 22 -34.1632 -42.9988 -22.3659 -46.9042 
-52 -127.561 -23 22 -34.3468 -43.9947 -22.6196 -48.0171 
-62 -126.528 -23 22 -33.3575 -44.388 -23.6129 -48.2513 
-58 -126.917 -23 22 -33.8407 -42.8281 -24.394 -48.3001 
-52 -127.961 -23 22 -33.8297 -44.5398 -21.855 -46.9042 
-56 -127.351 -23 22 -33.8297 -44.5398 -21.855 -46.9042 
-52 -127.805 -23 22 -34.0133 -45.5357 -22.1088 -48.0171 
-58 -127.161 -23 22 -33.5072 -44.3692 -23.8832 -48.3001 
-60 -126.032 -23 22 -35.0291 -44.8468 -23.6129 -49.8828 
-60 -125.6 -23 22 -35.8038 -47.0889 -20.2456 -47.5508 
-62 -126.413 -23 22 -33.9794 -44.5209 -22.1253 -46.953 
-52 -128.5 -23 22 -33.1937 -43.9905 -22.9536 -47.8891 
-60 -126.277 -23 22 -34.6956 -46.3878 -23.1021 -49.8828 
-64 -126.528 -23 22 -33.3575 -44.388 -23.6129 -48.2513 
-56 -126.316 -23 22 -36.1373 -45.5479 -20.7564 -47.5508 
-62 -125.6 -23 22 -35.8038 -47.0889 -20.2456 -47.5508 
-56 -126.367 -24 22 -35.8013 -45.3961 -24.1237 -48.8979 
-56 -126.561 -23 22 -35.8038 -47.0889 -20.2456 -47.5508 
-60 -125.95 -23 22 -35.8038 -47.0889 -20.2456 -47.5508 
-56 -127.717 -23 22 -34.1632 -42.9988 -22.3659 -46.9042 
-64 -126.624 -23 22 -33.8297 -44.5398 -21.855 -46.9042 
-56 -127.561 -23 22 -34.3468 -43.9947 -22.6196 -48.0171 
-56 -126.612 -24 22 -35.4678 -46.9372 -23.6129 -48.8979 
-48 -125.596 -22 22 -39.4207 -45.2766 -21.6727 -41.7057 
-62 -126.917 -23 22 -33.8407 -42.8281 -24.394 -48.3001 
-60 -127.562 -23 22 -33.3434 -43.9716 -23.2239 -47.9379 
-56 -127.1 -23 22 -35.1678 -46.5396 -21.3442 -48.5357 
-56 -127.961 -23 22 -33.8297 -44.5398 -21.855 -46.9042 
-56 -127.805 -23 22 -34.0133 -45.5357 -22.1088 -48.0171 
-48 -125.841 -22 22 -39.0872 -46.8176 -21.1619 -41.7057 
-62 -127.161 -23 22 -33.5072 -44.3692 -23.8832 -48.3001 
-52 -128.71 -23 22 -33.7108 -43.4453 -23.7182 -49.002 
-62 -127.677 -23 22 -32.7216 -43.8387 -24.7115 -49.2362 
-58 -128.066 -23 22 -33.2047 -42.2788 -25.4926 -49.285 
-54 -128.357 -23 22 -33.8297 -44.5398 -21.855 -46.9042 
-52 -128.533 -24 22 -33.8518 -45.6875 -22.9159 -46.67 
-56 -128.5 -23 22 -33.1937 -43.9905 -22.9536 -47.8891 
-52 -128.955 -23 22 -33.3773 -44.9864 -23.2074 -49.002 
-58 -128.311 -23 22 -32.8712 -43.8198 -24.9818 -49.285 
-66 -126.624 -23 22 -33.8297 -44.5398 -21.855 -46.9042 
-52 -128.645 -23 22 -33.9545 -43.1616 -24.5292 -48.0258 
-42 -130.217 -23 22 -34.1632 -42.9988 -22.3659 -46.9042 
-52 -129.018 -24 22 -33.2311 -44.388 -24.2319 -48.2513 
-38 -132.282 -23 22 -31.7354 -42.9163 -23.4645 -48.4327 
-60 -126.75 -23 22 -35.1678 -46.5396 -21.3442 -48.5357 
-62 -127.562 -23 22 -33.3434 -43.9716 -23.2239 -47.9379 
-50 -130.595 -23 22 -31.6498 -40.1805 -25.2223 -48.6812 
-62 -127.351 -23 22 -33.8297 -44.5398 -21.855 -46.9042 
-42 -130.864 -23 22 -33.055 -42.2976 -25.2223 -49.2362 
-60 -126.316 -23 22 -36.1373 -45.5479 -20.7564 -47.5508 
-52 -128.89 -23 22 -33.621 -44.7027 -24.0184 -48.0258 
-62 -127.263 -24 22 -33.8529 -44.5209 -22.7444 -46.953 
-42 -130.462 -23 22 -33.8297 -44.5398 -21.855 -46.9042 
-44 -130.025 -23 22 -34.1632 -42.9988 -22.3659 -46.9042 
-52 -124.195 -22 22 -41.3948 -47.8257 -20.0633 -42.3524 
-38 -132.526 -23 22 -31.402 -44.4574 -22.9536 -48.4327 
-52 -128.608 -23 22 -34.4267 -43.3134 -22.7713 -46.6787 
-40 -128.154 -23 22 -38.0344 -45.8739 -21.6727 -45.2948 
-64 -127.677 -23 22 -32.7216 -43.8387 -24.7115 -49.2362 
-56 -127.28 -24 22 -35.1701 -47.0889 -22.8105 -47.5509 
-56 -128.357 -23 22 -33.8297 -44.5398 -21.855 -46.9042 
-60 -126.367 -24 22 -35.8013 -45.3961 -24.1237 -48.8979 
-52 -128.784 -23 22 -34.3019 -44.6916 -20.0972 -45.5572 
-50 -130.84 -23 22 -31.3163 -41.7215 -24.7115 -48.6812 
-52 -128.628 -23 22 -34.4855 -45.6875 -20.351 -46.67 
-42 -131.108 -23 22 -32.7216 -43.8387 -24.7115 -49.2362 
-58 -127.984 -23 22 -33.9794 -44.5209 -22.1253 -46.953 
-60 -126.561 -23 22 -35.8038 -47.0889 -20.2456 -47.5508 
-44 -130.269 -23 22 -33.8297 -44.5398 -21.855 -46.9042 
-52 -124.44 -22 22 -41.0613 -49.3668 -19.5524 -42.3524 
-52 -128.853 -23 22 -34.0932 -44.8545 -22.2605 -46.6787 
-40 -128.399 -23 22 -37.7009 -47.415 -21.1619 -45.2948 
-60 -126.396 -24 22 -35.9399 -47.0889 -21.855 -47.5508 
-48 -131.204 -23 22 -31.4478 -42.1752 -23.4645 -48.065 
-60 -126.612 -24 22 -35.4678 -46.9372 -23.6129 -48.8979 
-56 -127.895 -24 22 -34.4769 -46.4857 -22.1174 -46.3722 
-52 -125.596 -22 22 -39.4207 -45.2766 -21.6727 -41.7057 
-62 -126.75 -23 22 -35.1678 -46.5396 -21.3442 -48.5357 
-56 -127.517 -24 22 -35.1653 -44.8468 -25.2223 -49.8828 
-50 -129.803 -23 22 -33.107 -44.7341 -24.1576 -49.3891 
-60 -127.1 -23 22 -35.1678 -46.5396 -21.3442 -48.5357 
-64 -127.351 -23 22 -33.8297 -44.5398 -21.855 -46.9042 
-44 -130.864 -23 22 -33.055 -42.2976 -25.2223 -49.2362 
FEATURES_TXT_END_0
FEATURES_TXT_BEGIN_0 79 100 8 Distortion0_0 LM0_0 WordPenalty0_0 PhrasePenalty0_0 TranslationModel0_0 TranslationModel0_1 TranslationModel0_2 TranslationModel0_3 
-40 -83.3406 -22 20 -33.0321 -49.0055 -13.9977 -45.2287 
-48 -82.2616 -23 21 -33.7013 -50.6596 -14.1254 -46.6245 
-40 -83.6916 -23 20 -33.3755 -47.0514 -17.622 -43.2111 
-40 -82.9287 -22 21 -35.1639 -49.8226 -14.1457 -44.5469 
-42 -83.9926 -22 20 -33.0321 -49.0055 -13.9977 -45.2287 
-38 -84.4541 -22 22 -33.1974 -49.2766 -19.2011 -45.356 
-48 -83.2557 -21 20 -32.9833 -47.0851 -16.0771 -41.595 
-38 -84.9124 -22 20 -33.0321 -49.0055 -13.9977 -45.2287 
-40 -85.0236 -22 20 -32.3763 -47.8579 -15.5017 -45.4629 
-40 -84.8616 -23 20 -32.4865 -48.2754 -17.1112 -47.5893 
-36 -86.9296 -24 20 -29.9985 -50.7467 -16.1179 -49.9816 
-48 -82.6126 -24 21 -34.0448 -48.7055 -17.7498 -44.6069 
-34 -84.9951 -23 22 -33.8396 -50.6209 -17.3448 -46.8858 
-44 -83.7967 -22 20 -33.6255 -48.4295 -14.2208 -43.1248 
-48 -81.8497 -23 22 -35.8332 -51.4766 -14.2734 -45.9427 
-28 -87.4765 -23 21 -31.4943 -50.3799 -16.5818 -49.6715 
-43 -84.0677 -22 22 -33.1974 -49.2766 -19.2011 -45.356 
-50 -82.9136 -23 21 -33.7013 -50.6596 -14.1254 -46.6245 
-46 -82.3222 -21 20 -35.7049 -50.854 -14.2208 -42.0262 
-41 -86.5433 -24 20 -29.9985 -50.7467 -16.1179 -49.9816 
-38 -81.5779 -22 20 -38.568 -55.1317 -15.3194 -46.3043 
-40 -85.2508 -23 20 -32.692 -49.6534 -14.4031 -47.503 
-39 -84.6087 -23 22 -33.8396 -50.6209 -17.3448 -46.8858 
-56 -82.1766 -22 21 -33.6526 -48.7391 -16.2049 -42.9907 
-28 -88.7329 -23 20 -30.1988 -49.4703 -13.9977 -48.3722 
-42 -83.5807 -22 21 -35.1639 -49.8226 -14.1457 -44.5469 
-40 -86.5353 -24 20 -30.6443 -50.043 -16.1949 -52.8453 
-33 -87.0902 -23 21 -31.4943 -50.3799 -16.5818 -49.6715 
-42 -84.9256 -22 20 -33.0321 -49.0055 -13.9977 -45.2287 
-48 -83.9445 -23 21 -33.0456 -49.5119 -15.6295 -46.8587 
-48 -83.7826 -24 21 -33.1558 -49.9294 -17.239 -48.9851 
-40 -83.6145 -23 21 -35.5074 -47.8685 -17.77 -42.5293 
-34 -87.1874 -22 22 -31.0988 -50.577 -19.1366 -48.2491 
-38 -85.2634 -23 20 -33.3755 -47.0514 -17.622 -43.2111 
-36 -86.3818 -24 21 -31.8536 -51.5638 -17.7213 -49.2999 
-52 -82.7176 -23 21 -34.2948 -50.0835 -14.3486 -44.5206 
-44 -85.989 -21 20 -30.8846 -48.3855 -16.0126 -44.4881 
-38 -84.5094 -22 21 -35.1639 -49.8226 -14.1457 -44.5469 
-40 -84.6117 -22 21 -34.5082 -48.6749 -15.6497 -44.7811 
-52 -81.502 -22 21 -35.8254 -52.273 -19.8495 -47.486 
-33 -88.3466 -23 20 -30.1988 -49.4703 -13.9977 -48.3722 
-40 -84.4497 -23 21 -34.6184 -49.0924 -17.2592 -46.9075 
-40 -85.5643 -22 20 -33.0321 -49.0055 -13.9977 -45.2287 
-52 -81.1963 -22 21 -36.1909 -53.0901 -20.4091 -46.8042 
-34 -85.669 -22 22 -34.1797 -49.973 -16.9393 -44.6115 
-38 -82.09 -22 20 -38.568 -55.1317 -15.3194 -46.3043 
-38 -85.907 -22 20 -33.0321 -49.0055 -13.9977 -45.2287 
-36 -86.389 -23 20 -32.692 -49.6534 -14.4031 -47.503 
-44 -84.4706 -21 20 -33.9655 -47.7816 -13.8153 -40.8505 
-54 -81.2432 -22 21 -36.3742 -52.508 -14.3486 -43.422 
-38 -85.9766 -22 20 -33.0321 -49.0055 -13.9977 -45.2287 
-46 -80.4988 -23 21 -39.2372 -56.7857 -15.4472 -47.7001 
-48 -84.1718 -24 21 -33.3613 -51.3074 -14.5309 -48.8988 
-36 -83.7201 -22 20 -36.7345 -54.1477 -14.9139 -47.7394 
-44 -83.0275 -23 20 -35.4402 -55.5631 -18.4403 -52.944 
-46 -82.7748 -21 20 -35.9604 -50.8402 -15.6277 -43.0093 
-39 -86.801 -22 22 -31.0988 -50.577 -19.1366 -48.2491 
-38 -85.7279 -22 20 -33.3022 -49.7927 -16.7057 -48.2355 
-41 -85.9954 -24 21 -31.8536 -51.5638 -17.7213 -49.2999 
-50 -82.5017 -23 22 -35.8332 -51.4766 -14.2734 -45.9427 
-48 -85.4562 -25 21 -31.3136 -51.697 -16.3227 -54.2411 
-30 -88.1285 -23 21 -31.4943 -50.3799 -16.5818 -49.6715 
-42 -86.2696 -21 20 -32.0024 -45.7118 -13.3045 -39.5155 
-46 -84.8274 -21 20 -32.9833 -47.0851 -16.0771 -41.595 
-51 -88.6202 -22 19 -24.9784 -51.5107 -16.0608 -47.9115 
-50 -83.8863 -22 20 -33.6255 -48.4295 -14.2208 -43.1248 
-50 -83.8466 -23 21 -33.7013 -50.6596 -14.1254 -46.6245 
-46 -89.4632 -22 19 -24.9784 -51.5107 -16.0608 -47.9115 
-38 -86.2005 -22 20 -33.0321 -49.0055 -13.9977 -45.2287 
-36 -87.295 -24 20 -30.9793 -52.1201 -18.8905 -52.0611 
-39 -84.1628 -22 20 -35.9768 -50.6916 -14.5299 -45.9528 
-48 -82.5355 -24 22 -36.1767 -49.5225 -17.8978 -43.9251 
-38 -86.5953 -22 20 -32.3763 -47.8579 -15.5017 -45.4629 
-38 -84.4233 -21 20 -35.7049 -50.854 -14.2208 -42.0262 
-28 -87.4819 -23 22 -33.2462 -51.197 -17.1217 -48.9897 
-28 -89.084 -24 20 -30.5423 -47.5162 -17.622 -46.3546 
-38 -86.4333 -23 20 -32.4865 -48.2754 -17.1112 -47.5893 
-38 -81.166 -22 21 -40.6998 -55.9487 -15.4674 -45.6225 
-39 -85.2826 -22 22 -34.1797 -49.973 -16.9393 -44.6115 
-40 -84.839 -23 21 -34.8239 -50.4705 -14.5511 -46.8212 
-28 -88.33 -23 21 -32.0539 -50.2874 -15.601 -47.6904 
-40 -87.3735 -22 19 -30.4338 -52.7305 -11.7841 -44.7511 
-52 -84.91 -22 21 -31.5539 -50.0395 -16.1403 -45.8839 
-38 -83.99 -25 20 -35.4594 -57.8733 -21.912 -59.8538 
-51 -87.1307 -21 19 -27.8116 -51.0459 -16.0608 -44.768 
-40 -86.1296 -22 20 -32.5657 -53.5475 -11.9321 -44.0694 
-45 -89.8532 -23 19 -25.0271 -53.4311 -13.9813 -51.5453 
-40 -86.1234 -24 21 -32.7762 -50.8601 -16.3429 -52.1635 
-42 -85.3684 -22 20 -33.6255 -48.4295 -14.2208 -43.1248 
-47 -89.1612 -23 19 -25.6206 -52.855 -14.2045 -49.4414 
-38 -85.6276 -22 20 -34.3115 -49.8226 -13.047 -44.5469 
-48 -86.1417 -22 21 -31.0243 -46.9936 -14.9079 -41.9773 
-40 -86.2745 -23 20 -32.692 -49.6534 -14.4031 -47.503 
-46 -87.9737 -21 19 -27.8116 -51.0459 -16.0608 -44.768 
-52 -83.2973 -22 21 -34.3613 -51.3187 -15.2645 -45.1697 
-30 -89.3849 -23 20 -30.1988 -49.4703 -13.9977 -48.3722 
-48 -83.5327 -23 22 -35.1774 -50.3289 -15.7775 -46.1769 
-44 -84.7402 -22 20 -34.3115 -49.8226 -13.047 -44.5469 
-60 -80.423 -23 22 -36.4947 -53.927 -19.9773 -48.8818 
-40 -90.6963 -23 19 -25.0271 -53.4311 -13.9813 -51.5453 
FEATURES_TXT_END_0
FEATURES_TXT_BEGIN_0 80 100 8 Distortion0_0 LM0_0 WordPenalty0_0 PhrasePenalty0_0 TranslationModel0_0 TranslationModel0_1 TranslationModel0_2 TranslationModel0_3 
-61 -90.3905 -24 24 -49.3832 -68.406 -34.584 -71.6313 
-59 -89.0965 -24 24 -51.6987 -72.1625 -35.4344 -74.7076 
-59 -92.8258 -24 24 -46.3044 -65.7231 -33.3926 -70.4764 
-55 -90.1636 -24 24 -51.0218 -73.3645 -36.4223 -75.9921 
-53 -92.5989 -24 24 -47.9431 -70.6816 -35.2308 -74.8372 
-59 -93.0405 -24 24 -46.3044 -65.7231 -33.3926 -70.4764 
-53 -92.8135 -24 24 -47.9431 -70.6816 -35.2308 -74.8372 
-71 -89.3653 -24 24 -49.6182 -67.6928 -32.3433 -69.569 
-55 -92.0119 -24 24 -49.3832 -68.406 -34.584 -71.6313 
-61 -90.8198 -24 24 -49.8352 -69.1917 -35.036 -71.849 
-59 -93.2551 -24 24 -46.7564 -66.5088 -33.8446 -70.6941 
-57 -92.3375 -24 24 -48.6199 -69.4796 -34.2429 -73.5527 
-49 -91.785 -24 24 -51.0218 -73.3645 -36.4223 -75.9921 
-49 -89.7733 -24 24 -54.2173 -73.781 -37.6751 -76.7698 
-53 -90.8957 -24 24 -51.6987 -72.1625 -35.4344 -74.7076 
-61 -89.9884 -24 24 -51.0471 -71.2394 -36.9819 -73.514 
-47 -92.2086 -24 24 -51.1386 -71.0981 -36.4836 -75.615 
-59 -92.4237 -24 24 -47.9684 -68.5565 -35.7905 -72.3591 
-57 -90.2496 -24 24 -51.065 -71.9466 -43.4332 -78.5906 
-59 -93.4698 -24 24 -46.7564 -66.5088 -33.8446 -70.6941 
-57 -94.2229 -24 24 -46.3044 -65.7231 -33.3926 -70.4764 
-47 -92.4232 -24 24 -51.1386 -71.0981 -36.4836 -75.615 
-55 -92.9289 -24 24 -48.6199 -69.4796 -34.2429 -73.5527 
-59 -92.6383 -24 24 -47.9684 -68.5565 -35.7905 -72.3591 
-59 -90.5566 -24 24 -51.2568 -72.6513 -34.1816 -73.9299 
-73 -89.2684 -24 24 -50.1106 -69.5634 -33.612 -70.4261 
-61 -93.3693 -24 24 -46.6295 -67.5008 -34.584 -71.6313 
-59 -94.0717 -24 24 -46.3044 -65.7231 -33.3926 -70.4764 
-59 -92.0753 -24 24 -48.945 -71.2573 -35.4344 -74.7076 
-61 -93.7762 -24 24 -46.3044 -65.7231 -33.3926 -70.4764 
-51 -93.9959 -24 24 -47.9431 -70.6816 -35.2308 -74.8373 
-59 -98.5559 -24 23 -39.7952 -60.5962 -27.9684 -65.4266 
-55 -93.1126 -24 24 -48.6199 -69.4796 -34.2429 -73.5527 
-69 -92.6063 -24 24 -46.5394 -65.0099 -31.1519 -68.4142 
-61 -90.0467 -24 24 -52.1368 -69.3112 -34.584 -71.6313 
-65 -91.1644 -24 24 -49.6182 -67.6928 -32.3433 -69.569 
-59 -94.177 -24 24 -46.3044 -65.7231 -33.3926 -70.4764 
-67 -89.0414 -24 24 -51.7492 -74.5219 -35.4503 -74.7869 
-59 -92.482 -24 24 -49.0581 -66.6283 -33.3926 -70.4764 
-63 -93.625 -24 24 -46.3044 -65.7231 -33.3926 -70.4764 
-57 -90.7487 -24 24 -51.065 -71.9466 -43.4332 -78.5906 
-77 -88.9093 -24 24 -50.1106 -69.5634 -33.612 -70.4261 
-55 -93.1423 -24 24 -48.2682 -72.4593 -36.4223 -75.9921 
-53 -93.8447 -24 24 -47.9431 -70.6816 -35.2308 -74.8372 
-55 -92.4413 -24 24 -49.8352 -69.1917 -35.036 -71.849 
-63 -91.5671 -24 24 -49.3832 -68.406 -34.584 -71.6313 
-65 -89.7462 -24 24 -51.2354 -71.3711 -38.15 -73.8651 
-55 -93.5493 -24 24 -47.9431 -70.6816 -35.2308 -74.8373 
-65 -92.6959 -25 23 -47.0188 -69.2011 -32.0597 -70.9747 
-53 -98.3289 -24 23 -41.4338 -65.5547 -29.8067 -69.7874 
-57 -90.8957 -24 24 -51.6987 -72.1625 -35.4344 -74.7076 
-61 -90.2081 -24 24 -51.065 -71.9466 -43.4332 -78.5906 
-65 -90.9729 -24 24 -50.0702 -68.4785 -32.7953 -69.7867 
-57 -94.6654 -24 24 -46.3044 -65.7231 -33.3926 -70.4764 
-53 -93.9501 -24 24 -47.9431 -70.6816 -35.2308 -74.8372 
-55 -94.9901 -24 24 -46.3044 -65.7231 -33.3926 -70.4764 
-43 -91.3947 -24 24 -54.2173 -73.781 -37.6751 -76.7698 
-53 -93.6961 -24 24 -48.6199 -69.4796 -34.2429 -73.5527 
-55 -91.6098 -24 24 -51.0471 -71.2394 -36.9819 -73.514 
-59 -91.5847 -25 25 -50.3769 -70.495 -37.2404 -77.4718 
-67 -93.1976 -24 24 -46.5394 -65.0099 -31.1519 -68.4142 
-59 -92.6967 -24 24 -49.0581 -66.6283 -33.3926 -70.4764 
-55 -91.9524 -24 24 -50.5698 -72.5788 -35.9703 -75.7744 
-53 -93.3521 -24 24 -48.945 -71.2573 -35.4344 -74.7076 
-57 -93.3981 -24 24 -47.9431 -70.6816 -35.2308 -74.8372 
-71 -88.6824 -24 24 -51.7492 -74.5219 -35.4503 -74.7869 
-57 -94.02 -25 25 -47.2982 -67.8121 -36.0489 -76.317 
-55 -91.2598 -24 24 -51.065 -71.9466 -43.4332 -78.5906 
-53 -94.3877 -24 24 -47.4911 -69.8959 -34.7789 -74.6195 
-57 -91.3402 -24 24 -51.0218 -73.3645 -36.4223 -75.9921 
-57 -99.2371 -24 23 -39.7952 -60.5962 -27.9684 -65.4266 
-63 -90.436 -24 24 -51.7444 -70.1133 -30.8392 -67.9878 
-55 -97.9431 -24 23 -42.1107 -64.3527 -28.8187 -68.5029 
-71 -92.344 -24 24 -46.8646 -66.7876 -32.3433 -69.569 
-51 -94.4385 -24 24 -47.9431 -70.6816 -35.2308 -74.8372 
-49 -94.7631 -24 24 -47.9431 -70.6816 -35.2308 -74.8372 
-57 -99.3231 -24 23 -39.7952 -60.5962 -27.9684 -65.4266 
-55 -91.3991 -24 24 -51.065 -71.9466 -43.4332 -78.5906 
-67 -93.3813 -24 24 -46.5394 -65.0099 -31.1519 -68.4142 
-57 -94.9148 -24 24 -46.3044 -65.7231 -33.3926 -70.4764 
-59 -93.7854 -25 24 -47.1176 -69.6175 -34.4662 -72.0415 
-65 -93.3391 -25 23 -46.5769 -69.6899 -30.807 -70.197 
-61 -90.9142 -24 24 -51.2568 -72.6513 -34.1816 -73.9299 
-59 -99.0859 -24 23 -39.7952 -60.5962 -27.9684 -65.4266 
-57 -96.2207 -25 24 -44.0388 -66.9346 -33.2748 -70.8866 
-57 -94.2347 -25 25 -47.2982 -67.8121 -36.0489 -76.317 
-53 -94.6023 -24 24 -47.4911 -69.8959 -34.7789 -74.6195 
-51 -99.0102 -24 23 -41.4338 -65.5547 -29.8067 -69.7874 
-57 -94.6522 -24 24 -46.7564 -66.5088 -33.8446 -70.6941 
-56 -92.8183 -25 24 -49.459 -68.406 -37.2133 -71.6313 
-55 -94.964 -24 24 -46.6295 -67.5008 -34.584 -71.6313 
-54 -91.5243 -25 24 -51.7745 -72.1625 -38.0636 -74.7076 
-65 -91.8054 -25 24 -49.3249 -70.3378 -32.3898 -72.4712 
-51 -99.0962 -24 23 -41.4338 -65.5547 -29.8067 -69.7874 
-73 -89.6977 -24 24 -50.5625 -70.3491 -34.064 -70.6438 
-73 -90.9509 -25 25 -48.7888 -67.8958 -35.4181 -73.1904 
-69 -91.1644 -24 24 -49.6182 -67.6928 -32.3433 -69.569 
-55 -95.3977 -24 24 -46.3044 -65.7231 -33.3926 -70.4764 
-51 -94.6878 -24 24 -47.9431 -70.6816 -35.2308 -74.8372 
-45 -93.6056 -24 24 -51.1386 -71.0981 -36.4836 -75.615 
FEATURES_TXT_END_0
FEATURES_TXT_BEGIN_0 81 100 8 Distortion0_0 LM0_0 WordPenalty0_0 PhrasePenalty0_0 TranslationModel0_0 TranslationModel0_1 TranslationModel0_2 TranslationModel0_3 
-75 -161.693 -47 39 -83.2566 -114.161 -51.4098 -119.295 
-75 -163.886 -47 39 -80.3335 -109.392 -50.7167 -119.759 
-71 -168.557 -46 38 -75.1015 -107.735 -39.7262 -114.545 
-61 -169.038 -45 37 -76.8637 -107.767 -39.5169 -113.873 
-75 -162.336 -47 39 -82.9931 -113.847 -51.0044 -119.521 
-75 -164.529 -47 39 -80.07 -109.078 -50.3112 -119.985 
-61 -170.818 -47 37 -74.4658 -106.987 -39.5169 -114.602 
-73 -160.014 -46 39 -87.562 -114.67 -52.5936 -121.931 
-73 -160.973 -47 40 -85.7401 -118.474 -52.2671 -123.294 
-59 -165.794 -45 37 -82.4549 -113.174 -43.4087 -116.918 
-73 -163.166 -47 40 -82.8169 -113.705 -51.574 -123.758 
-70 -162.706 -47 39 -83.9835 -115.778 -51.663 -120.644 
-71 -165.566 -46 39 -79.9527 -113.7 -43.7137 -114.506 
-79 -165.24 -46 39 -79.0664 -109.116 -43.0205 -113.871 
-70 -164.899 -47 39 -81.0603 -111.009 -50.9699 -121.108 
-71 -167.759 -46 39 -77.0295 -108.931 -43.0205 -114.97 
-61 -166.047 -45 38 -81.7149 -113.732 -43.5044 -113.834 
-76 -162.374 -47 39 -83.2566 -114.161 -51.4098 -119.295 
-71 -167.446 -47 40 -77.2445 -112.92 -42.6941 -115.234 
-69 -165.72 -45 38 -80.8286 -109.148 -42.8112 -113.199 
-75 -162.463 -47 39 -83.2566 -115.958 -51.4098 -120.182 
-61 -168.239 -45 38 -78.7917 -108.963 -42.8112 -114.298 
-76 -164.567 -47 39 -80.3335 -109.392 -50.7167 -119.759 
-71 -169.639 -47 40 -74.3214 -108.151 -42.0009 -115.698 
-61 -167.926 -46 39 -79.0068 -112.952 -42.4848 -114.562 
-75 -164.655 -47 39 -80.3335 -111.189 -50.7167 -120.646 
-72 -162.642 -47 39 -83.665 -116.943 -50.9699 -117.803 
-61 -170.119 -46 39 -76.0836 -108.183 -41.7916 -115.026 
-73 -161.605 -46 39 -85.5251 -114.485 -52.5936 -123.029 
-73 -169.74 -48 39 -74.1387 -105.301 -41.1517 -117.578 
-72 -164.835 -47 39 -80.7419 -112.174 -50.2767 -118.267 
-73 -169.462 -48 39 -74.5241 -105.07 -42.1502 -117.814 
-65 -164.287 -46 38 -83.5971 -113.288 -49.2992 -122.604 
-66 -169.57 -46 38 -75.8283 -109.352 -39.9794 -115.894 
-65 -164.656 -46 38 -83.1644 -112.54 -48.684 -122.661 
-75 -164.561 -47 39 -80.2777 -113.023 -52.103 -120.681 
-75 -164.427 -48 39 -80.7226 -113.381 -49.8004 -120.024 
-56 -170.05 -45 37 -77.5905 -109.384 -39.7701 -115.222 
-75 -166.753 -47 39 -77.3546 -108.254 -51.4098 -121.145 
-72 -169.238 -46 38 -75.1015 -107.735 -39.7262 -114.545 
-75 -166.62 -48 39 -77.7995 -108.612 -49.1072 -120.488 
-71 -169.327 -46 38 -75.1015 -109.532 -39.7262 -115.432 
-65 -167.338 -45 38 -79.6246 -107.507 -43.9099 -112.66 
-62 -169.718 -45 37 -76.8637 -107.767 -39.5169 -113.873 
-71 -168.191 -46 38 -77.1384 -107.92 -39.7262 -113.446 
-67 -164.116 -46 38 -83.597 -113.288 -49.2992 -122.604 
-70 -153.459 -44 39 -98.71 -119.457 -58.0448 -115.357 
-75 -162.551 -47 39 -83.6421 -113.93 -52.4084 -119.531 
-81 -162.992 -48 39 -81.1249 -115.164 -52.5625 -118.603 
-61 -169.807 -45 37 -76.8637 -109.564 -39.5169 -114.76 
-61 -167.827 -47 38 -79.317 -112.952 -43.5044 -114.562 
-68 -169.506 -46 38 -75.5099 -110.516 -39.2862 -113.052 
-79 -166.88 -46 39 -77.0295 -108.931 -43.0205 -114.97 
-69 -167.501 -47 38 -78.4307 -108.368 -42.8112 -113.928 
-61 -168.671 -45 37 -78.9006 -107.952 -39.5169 -112.774 
-70 -155.651 -44 39 -95.7869 -114.688 -57.3517 -115.821 
-75 -164.744 -47 39 -80.7189 -109.161 -51.7152 -119.996 
-81 -165.184 -48 39 -78.2018 -110.395 -51.8694 -119.067 
-67 -169.026 -45 37 -76.8637 -107.767 -39.5169 -113.873 
-70 -163.349 -47 39 -83.72 -115.464 -51.2576 -120.87 
-61 -170.019 -47 38 -76.3938 -108.183 -42.8112 -115.026 
-71 -167.385 -46 38 -78.0247 -112.504 -40.4193 -114.081 
-63 -171.128 -46 38 -74.6689 -106.987 -39.111 -114.602 
-59 -162.803 -45 38 -87.3061 -119.139 -47.3962 -116.878 
-58 -169.986 -45 37 -77.2721 -110.548 -39.0769 -112.381 
-61 -169.706 -48 39 -76.6089 -112.172 -42.4848 -115.291 
-69 -167.36 -45 38 -78.7917 -108.963 -42.8112 -114.298 
-67 -162.477 -45 38 -86.4198 -114.555 -46.7031 -116.244 
-70 -165.542 -47 39 -80.7968 -110.695 -50.5644 -121.334 
-61 -167.865 -45 37 -79.7869 -112.536 -40.21 -113.409 
-59 -164.996 -45 38 -84.3829 -114.37 -46.7031 -117.343 
-76 -163.017 -47 39 -82.9931 -113.847 -51.0044 -119.521 
-61 -171.899 -48 39 -73.6857 -107.403 -41.7916 -115.755 
-53 -171.609 -45 37 -76.4311 -107.019 -38.9017 -113.93 
-59 -164.683 -46 39 -84.598 -118.359 -46.3766 -117.607 
-75 -162.156 -47 39 -84.5178 -113.106 -52.968 -118.62 
-75 -163.105 -47 39 -82.9931 -115.644 -51.0044 -120.408 
-76 -165.209 -47 39 -80.07 -109.078 -50.3112 -119.985 
-87 -162.235 -48 39 -81.1249 -115.164 -52.5625 -118.603 
-59 -166.876 -46 39 -81.6748 -113.59 -45.6834 -118.071 
-75 -164.349 -47 39 -81.5946 -108.337 -52.2748 -119.084 
-73 -159.838 -46 39 -88.4482 -119.254 -53.2867 -122.565 
-75 -165.298 -47 39 -80.07 -110.875 -50.3112 -120.872 
-67 -167.95 -45 37 -78.7231 -108.343 -40.6155 -113.873 
-71 -162.452 -46 38 -85.6339 -113.474 -49.2992 -121.506 
-87 -164.428 -48 39 -78.2018 -110.395 -51.8694 -119.067 
-72 -163.285 -47 39 -83.4015 -116.628 -50.5644 -118.028 
-71 -162.821 -46 38 -85.2013 -112.726 -48.684 -121.563 
-69 -169.637 -47 38 -75.9009 -105.333 -40.9424 -116.906 
-66 -160.323 -43 38 -90.5549 -113.031 -46.3612 -110.607 
-71 -169.415 -46 38 -75.4869 -107.503 -40.7247 -114.781 
-69 -169.359 -47 38 -76.2863 -105.102 -41.9409 -117.143 
-77 -169.856 -47 38 -72.9698 -108.737 -40.8788 -113.853 
-56 -171.83 -47 37 -75.1927 -108.604 -39.7701 -115.951 
-68 -161.027 -46 39 -88.2888 -116.287 -52.8468 -123.28 
-76 -159.174 -47 41 -88.9588 -117.575 -52.7299 -113.507 
-73 -169.099 -46 38 -75.3386 -105.534 -45.6305 -118.285 
-72 -165.478 -47 39 -80.4784 -111.859 -49.8713 -118.492 
-68 -161.986 -47 40 -86.4669 -120.091 -52.5203 -124.643 
-56 -160.803 -42 37 -92.3171 -113.063 -46.1519 -109.935 
FEATURES_TXT_END_0
FEATURES_TXT_BEGIN_0 82 96 8 Distortion0_0 LM0_0 WordPenalty0_0 PhrasePenalty0_0 TranslationModel0_0 TranslationModel0_1 TranslationModel0_2 TranslationModel0_3 
-48 -104.773 -26 25 -50.3434 -65.5019 -21.9264 -54.0206 
-50 -104.79 -26 25 -49.7193 -66.9603 -21.59 -54.6207 
-58 -102.029 -27 26 -51.799 -68.1502 -25.519 -55.9868 
-48 -105.746 -26 25 -48.8926 -65.0296 -23.5359 -56.0295 
-49 -104.776 -26 25 -50.3434 -65.5019 -21.9264 -54.0206 
-51 -104.793 -26 25 -49.7193 -66.9603 -21.59 -54.6207 
-59 -102.031 -27 26 -51.799 -68.1502 -25.519 -55.9868 
-48 -106.496 -26 25 -48.1586 -65.0296 -19.6239 -53.2016 
-48 -105.823 -26 25 -49.064 -64.6848 -22.8771 -54.7024 
-47 -105.211 -26 25 -50.3434 -65.5019 -21.9264 -54.0206 
-50 -105.84 -26 25 -48.4399 -66.1432 -22.5406 -55.3025 
-49 -105.749 -26 25 -48.8926 -65.0296 -23.5359 -56.0295 
-58 -103.078 -27 26 -50.5196 -67.3331 -26.4696 -56.6686 
-49 -105.228 -26 25 -49.7193 -66.9603 -21.59 -54.6207 
-57 -102.466 -27 26 -51.799 -68.1502 -25.519 -55.9868 
-49 -106.499 -26 25 -48.1586 -65.0296 -19.6239 -53.2016 
-48 -106.796 -26 25 -47.6132 -64.2125 -24.4865 -56.7112 
-47 -106.184 -26 25 -48.8926 -65.0296 -23.5359 -56.0295 
-58 -103.346 -27 26 -50.6914 -66.9603 -23.4395 -54.6207 
-48 -105.275 -26 25 -50.4503 -63.6894 -22.8771 -55.3956 
-50 -105.292 -26 25 -49.8262 -65.1478 -22.5406 -55.9956 
-58 -102.53 -27 26 -51.9059 -66.3377 -26.4696 -57.3617 
-49 -105.892 -26 25 -49.064 -64.6848 -22.8771 -54.7024 
-48 -107.545 -26 25 -46.8792 -64.2125 -20.5745 -53.8834 
-51 -105.909 -26 25 -48.4399 -66.1432 -22.5406 -55.3025 
-59 -103.147 -27 26 -50.5196 -67.3331 -26.4696 -56.6686 
-47 -106.933 -26 25 -48.1586 -65.0296 -19.6239 -53.2016 
-46 -105.662 -26 25 -50.3434 -65.5019 -21.9264 -54.0206 
-48 -105.679 -26 25 -49.7193 -66.9603 -21.59 -54.6207 
-56 -102.918 -27 26 -51.799 -68.1502 -25.519 -55.9868 
-48 -106.248 -26 25 -48.9995 -63.2171 -24.4865 -57.4044 
-59 -103.348 -27 26 -50.6914 -66.9603 -23.4395 -54.6207 
-49 -106.865 -26 25 -47.6132 -64.2125 -24.4865 -56.7112 
-49 -106.043 -26 25 -49.064 -64.6848 -22.8771 -54.7024 
-51 -106.06 -26 25 -48.4399 -66.1432 -22.5406 -55.3025 
-59 -103.298 -27 26 -50.5196 -67.3331 -26.4696 -56.6686 
-49 -105.344 -26 25 -50.4503 -63.6894 -22.8771 -55.3956 
-48 -106.997 -26 25 -48.2655 -63.2171 -20.5745 -54.5765 
-51 -105.361 -26 25 -49.8262 -65.1478 -22.5406 -55.9956 
-59 -102.599 -27 26 -51.9059 -66.3377 -26.4696 -57.3617 
-46 -106.635 -26 25 -48.8926 -65.0296 -23.5359 -56.0295 
-49 -107.614 -26 25 -46.8792 -64.2125 -20.5745 -53.8834 
-58 -104.395 -27 26 -49.412 -66.1432 -24.3902 -55.3025 
-57 -103.783 -27 26 -50.6914 -66.9603 -23.4395 -54.6207 
-49 -107.015 -26 25 -47.6132 -64.2125 -24.4865 -56.7112 
-46 -107.385 -26 25 -48.1586 -65.0296 -19.6239 -53.2016 
-49 -106.317 -26 25 -48.9995 -63.2171 -24.4865 -57.4044 
-42 -107.366 -26 25 -48.8926 -65.0296 -23.5359 -56.0295 
-49 -105.495 -26 25 -50.4503 -63.6894 -22.8771 -55.3955 
-48 -104.492 -26 25 -52.0088 -66.3708 -23.4093 -55.4265 
-51 -105.512 -26 25 -49.8262 -65.1478 -22.5406 -55.9956 
-59 -102.75 -27 26 -51.9059 -66.3377 -26.4696 -57.3617 
-50 -104.509 -26 25 -51.3846 -67.8293 -23.0728 -56.0265 
-58 -101.748 -27 26 -53.4644 -69.0191 -27.0018 -57.3926 
-46 -106.725 -26 25 -49.064 -64.6848 -22.8771 -54.7024 
-48 -106.742 -26 25 -48.4399 -66.1432 -22.5406 -55.3025 
-49 -107.765 -26 25 -46.8792 -64.2125 -20.5745 -53.8834 
-56 -103.98 -27 26 -50.5196 -67.3331 -26.4696 -56.6686 
-49 -107.066 -26 25 -48.2655 -63.2171 -20.5745 -54.5765 
-58 -103.847 -27 26 -50.7983 -65.1478 -24.3902 -55.9956 
-48 -105.865 -26 25 -50.3434 -63.6192 -21.9264 -54.7138 
-50 -105.882 -26 25 -49.7193 -65.0776 -21.59 -55.3138 
-58 -103.12 -27 26 -51.799 -66.2675 -25.519 -56.6799 
-59 -104.464 -27 26 -49.412 -66.1432 -24.3902 -55.3025 
-49 -106.467 -26 25 -48.9995 -63.2171 -24.4865 -57.4044 
-48 -105.465 -26 25 -50.558 -65.8986 -25.0187 -57.4353 
-43 -107.369 -26 25 -48.8926 -65.0296 -23.5359 -56.0295 
-46 -107.698 -26 25 -47.6132 -64.2125 -24.4865 -56.7112 
-56 -103.029 -27 26 -52.4232 -66.6918 -25.8554 -55.3867 
-56 -104.235 -27 26 -50.6914 -66.9603 -23.4395 -54.6207 
-52 -105.211 -26 25 -50.3434 -65.5019 -21.9264 -54.0206 
-49 -106.84 -26 25 -48.8926 -63.1469 -23.5359 -56.7226 
-54 -105.228 -26 25 -49.7193 -66.9603 -21.59 -54.6207 
-49 -106.688 -26 25 -48.8926 -65.0296 -23.5359 -56.0295 
-62 -102.466 -27 26 -51.799 -68.1502 -25.519 -55.9868 
-52 -106.184 -26 25 -48.8926 -65.0296 -23.5359 -56.0295 
-48 -106.838 -26 25 -48.8926 -63.1469 -23.5359 -56.7226 
-49 -107.217 -26 25 -48.2655 -63.2171 -20.5745 -54.5765 
-48 -106.215 -26 25 -49.824 -65.8986 -21.1067 -54.6074 
-49 -105.716 -26 25 -50.3434 -65.5019 -21.9264 -54.0206 
-49 -105.868 -26 25 -50.3434 -63.6192 -21.9264 -54.7138 
-46 -108.447 -26 25 -46.8792 -64.2125 -20.5745 -53.8834 
-42 -108.415 -26 25 -47.6132 -64.2125 -24.4865 -56.7112 
-51 -105.732 -26 25 -49.7193 -66.9603 -21.59 -54.6207 
-51 -105.884 -26 25 -49.7193 -65.0776 -21.59 -55.3138 
-48 -105.14 -26 25 -51.7297 -64.5065 -21.9264 -54.7138 
-59 -102.971 -27 26 -51.799 -68.1502 -25.519 -55.9868 
-59 -103.123 -27 26 -51.799 -66.2675 -25.519 -56.6799 
-41 -107.804 -26 25 -48.8926 -65.0296 -23.5359 -56.0295 
-59 -104.615 -27 26 -49.412 -66.1432 -24.3902 -55.3025 
-50 -105.156 -26 25 -51.1056 -65.9649 -21.59 -55.3138 
-58 -102.395 -27 26 -53.1853 -67.1548 -25.519 -56.6799 
-56 -104.002 -27 26 -50.9723 -66.2195 -27.4649 -57.3956 
-59 -103.916 -27 26 -50.7983 -65.1478 -24.3902 -55.9956 
-48 -107.587 -26 25 -48.1586 -63.1469 -19.6239 -53.8948 
-57 -103.032 -27 26 -52.4232 -66.6918 -25.8554 -55.3867 
FEATURES_TXT_END_0
FEATURES_TXT_BEGIN_0 83 57 8 Distortion0_0 LM0_0 WordPenalty0_0 PhrasePenalty0_0 TranslationModel0_0 TranslationModel0_1 TranslationModel0_2 TranslationModel0_3 
-87 -188.14 -38 37 -68.506 -87.0853 -37.5471 -79.556 
-89 -189.795 -38 37 -68.506 -87.0853 -37.5471 -79.556 
-91 -186.414 -40 38 -69.9582 -90.4354 -41.5589 -84.983 
-83 -190.684 -38 37 -68.2468 -93.3759 -36.1955 -85.2097 
-89 -188.14 -38 37 -68.506 -87.0853 -37.5471 -79.556 
-87 -190.085 -38 37 -68.7186 -87.4763 -34.6027 -77.6609 
-89 -189.755 -38 37 -68.506 -87.0853 -37.5471 -79.556 
-93 -186.414 -40 38 -69.9582 -90.4354 -41.5589 -84.983 
-87 -191.81 -38 37 -65.5436 -89.8567 -37.1941 -84.72 
-81 -189.569 -38 37 -68.0342 -92.9849 -39.14 -87.1048 
-95 -188.095 -41 38 -68.8472 -92.075 -41.9644 -86.9522 
-91 -188.14 -38 37 -68.506 -87.0853 -37.5471 -79.556 
-83 -190.597 -38 37 -68.2468 -93.3759 -36.1955 -85.2097 
-85 -187.842 -40 38 -69.4865 -96.335 -43.1517 -92.5318 
-87 -187.49 -40 38 -71.5217 -96.3253 -42.3044 -89.8143 
-95 -186.414 -40 38 -69.9582 -90.4354 -41.5589 -84.983 
-83 -189.569 -38 37 -68.0342 -92.9849 -39.14 -87.1048 
-87 -188.716 -38 37 -70.0695 -92.9751 -38.2927 -84.3873 
-85 -192.439 -40 38 -64.4396 -90.2783 -41.9065 -88.5812 
-93 -188.14 -38 37 -68.506 -87.0853 -37.5471 -79.556 
-87 -187.842 -40 38 -69.4865 -96.335 -43.1517 -92.5318 
-91 -191.093 -39 37 -65.5511 -87.0853 -37.5471 -79.556 
-81 -191.81 -38 37 -65.5436 -89.8567 -37.1941 -84.72 
-85 -189.524 -41 38 -68.3754 -97.9745 -43.5572 -94.501 
-87 -189.168 -38 37 -68.7186 -87.4763 -34.6027 -77.6609 
-87 -189.255 -38 37 -68.7186 -87.4763 -34.6027 -77.6609 
-85 -190.083 -40 38 -66.9958 -93.2068 -41.2058 -90.147 
-89 -188.358 -41 38 -69.36 -96.335 -43.7708 -92.5318 
-85 -189.569 -38 37 -68.0342 -92.9849 -39.14 -87.1048 
-87 -191.369 -39 37 -66.4998 -86.6776 -34.8604 -80.9683 
-83 -188.716 -38 37 -70.0695 -92.9751 -38.2927 -84.3873 
-89 -190.083 -40 38 -66.9958 -93.2068 -41.2058 -90.147 
-91 -188.095 -41 38 -68.8472 -92.075 -41.9644 -86.9522 
-83 -189.217 -38 37 -70.0695 -92.9751 -38.2927 -84.3873 
-89 -187.842 -40 38 -69.4865 -96.335 -43.1517 -92.5318 
-83 -191.81 -38 37 -65.5436 -89.8567 -37.1941 -84.72 
-91 -189.255 -38 37 -68.7186 -87.4763 -34.6027 -77.6609 
-85 -190.172 -38 37 -68.7186 -87.4763 -34.6027 -77.6609 
-89 -189.168 -38 37 -68.7186 -87.4763 -34.6027 -77.6609 
-87 -186.989 -40 38 -71.5217 -96.3253 -42.3044 -89.8143 
-85 -190.085 -39 37 -67.9077 -92.9849 -39.759 -87.1048 
-89 -189.255 -38 37 -68.7186 -87.4763 -34.6027 -77.6609 
-89 -186.989 -40 38 -71.5217 -96.3253 -42.3044 -89.8143 
-87 -189.795 -38 37 -68.506 -87.0853 -37.5471 -79.556 
-81 -189.217 -38 37 -70.0695 -92.9751 -38.2927 -84.3873 
-81 -190.684 -38 37 -68.2468 -93.3759 -36.1955 -85.2097 
-87 -190.083 -40 38 -66.9958 -93.2068 -41.2058 -90.147 
-91 -189.168 -38 37 -68.7186 -87.4763 -34.6027 -77.6609 
-87 -189.569 -38 37 -68.0342 -92.9849 -39.14 -87.1048 
-89 -191.093 -39 37 -65.5511 -87.0853 -37.5471 -79.556 
-85 -190.085 -38 37 -68.7186 -87.4763 -34.6027 -77.6609 
-85 -188.716 -38 37 -70.0695 -92.9751 -38.2927 -84.3873 
-87 -189.755 -38 37 -68.506 -87.0853 -37.5471 -79.556 
-85 -191.81 -38 37 -65.5436 -89.8567 -37.1941 -84.72 
-85 -187.49 -40 38 -71.5217 -96.3253 -42.3044 -89.8143 
-93 -188.095 -41 38 -68.8472 -92.075 -41.9644 -86.9522 
-81 -190.597 -38 37 -68.2468 -93.3759 -36.1955 -85.2097 
FEATURES_TXT_END_0
FEATURES_TXT_BEGIN_0 84 100 8 Distortion0_0 LM0_0 WordPenalty0_0 PhrasePenalty0_0 TranslationModel0_0 TranslationModel0_1 TranslationModel0_2 TranslationModel0_3 
-133 -298.968 -64 63 -148.527 -190.056 -84.3482 -190.625 
-122 -299.05 -64 63 -150.888 -192.84 -85.2671 -191.655 
-131 -298.918 -64 64 -149.301 -190.056 -84.7541 -190.625 
-120 -299.001 -64 64 -151.662 -192.84 -85.673 -191.655 
-133 -298.625 -65 64 -148.606 -193.468 -91.2679 -201.388 
-122 -298.707 -65 64 -150.968 -196.251 -92.1868 -202.418 
-131 -298.576 -65 65 -149.38 -193.468 -91.6738 -201.388 
-125 -299.961 -64 64 -149.301 -190.056 -84.7541 -190.625 
-153 -292.582 -65 64 -152.78 -196.441 -96.8763 -203.541 
-119 -295.785 -64 63 -156.693 -192.139 -91.6799 -191.885 
-120 -298.658 -65 65 -151.742 -196.251 -92.5927 -202.418 
-114 -300.043 -64 64 -151.662 -192.84 -85.673 -191.655 
-125 -297.777 -65 63 -152.424 -190.743 -90.3245 -198.253 
-142 -292.664 -65 64 -155.142 -199.225 -97.7952 -204.571 
-108 -295.867 -64 63 -159.055 -194.922 -92.5988 -192.915 
-114 -297.859 -65 63 -154.785 -193.527 -91.2435 -199.283 
-151 -292.532 -65 65 -153.554 -196.441 -97.2822 -203.541 
-123 -297.727 -65 64 -153.198 -190.743 -90.7304 -198.253 
-127 -300.176 -64 63 -148.527 -190.056 -84.3482 -190.625 
-121 -295.555 -64 63 -156.693 -192.139 -91.6799 -191.885 
-125 -299.618 -65 65 -149.38 -193.468 -91.6738 -201.388 
-140 -292.615 -65 65 -155.915 -199.225 -98.2011 -204.571 
-129 -301.826 -64 63 -145.576 -188.17 -83.655 -189.645 
-131 -298.922 -65 65 -149.54 -190.421 -87.5206 -193.285 
-119 -295.442 -65 64 -156.773 -195.55 -98.5995 -202.647 
-112 -297.81 -65 64 -155.559 -193.527 -91.6494 -199.283 
-116 -300.259 -64 63 -150.888 -192.84 -85.2671 -191.655 
-110 -295.637 -64 63 -159.055 -194.922 -92.5988 -192.915 
-114 -299.7 -65 65 -151.742 -196.251 -92.5927 -202.418 
-125 -297.434 -66 64 -152.503 -194.154 -97.2442 -209.015 
-133 -300.098 -64 63 -147.247 -189.239 -85.2988 -191.307 
-118 -301.908 -64 63 -147.938 -190.954 -84.574 -190.675 
-120 -299.004 -65 65 -151.902 -193.205 -88.4395 -194.316 
-108 -295.524 -65 64 -159.135 -198.334 -99.5185 -203.678 
-114 -297.516 -66 64 -154.865 -196.938 -98.1631 -210.046 
-125 -304.435 -64 63 -143.195 -183.946 -79.0058 -185.059 
-141 -296.463 -64 63 -150.888 -192.84 -85.2671 -191.655 
-127 -301.776 -64 64 -146.35 -188.17 -84.0609 -189.645 
-145 -293.575 -65 65 -153.554 -196.441 -97.2822 -203.541 
-123 -297.384 -66 65 -153.277 -194.154 -97.6501 -209.015 
-127 -299.834 -65 64 -148.606 -193.468 -91.2679 -201.388 
-121 -295.212 -65 64 -156.773 -195.55 -98.5995 -202.647 
-117 -298.77 -65 64 -153.198 -190.743 -90.7304 -198.253 
-135 -300.788 -64 63 -145.773 -189.151 -84.3482 -190.625 
-139 -289.399 -65 64 -160.946 -198.524 -104.208 -204.801 
-114 -304.517 -64 63 -145.556 -186.73 -79.9248 -186.089 
-135 -299.938 -64 62 -146.881 -191.154 -84.1034 -190.931 
-131 -300.048 -64 64 -148.021 -189.239 -85.7047 -191.307 
-116 -301.859 -64 64 -148.712 -190.954 -84.9799 -190.675 
-134 -293.657 -65 65 -155.915 -199.225 -98.2011 -204.571 
-129 -301.483 -65 64 -145.656 -191.582 -90.5747 -200.407 
-131 -298.579 -66 66 -149.62 -193.833 -94.4403 -204.048 
-111 -294.594 -65 63 -160.59 -192.826 -97.6562 -199.513 
-117 -296.315 -64 63 -156.693 -192.139 -91.6799 -191.885 
-112 -297.467 -66 65 -155.639 -196.938 -98.5691 -210.046 
-123 -304.385 -64 64 -143.969 -183.946 -79.4117 -185.059 
-139 -296.414 -64 64 -151.662 -192.84 -85.673 -191.655 
-116 -299.916 -65 64 -150.968 -196.251 -92.1868 -202.418 
-110 -295.294 -65 64 -159.135 -198.334 -99.5185 -203.678 
-125 -299.965 -65 65 -149.54 -190.421 -87.5206 -193.285 
-106 -298.852 -65 64 -155.559 -193.527 -91.6494 -199.283 
-124 -300.87 -64 63 -148.135 -191.935 -85.2671 -191.655 
-128 -289.481 -65 64 -163.308 -201.307 -105.127 -205.831 
-133 -299.755 -65 64 -147.327 -192.651 -92.2185 -202.069 
-118 -301.565 -65 64 -148.018 -194.365 -91.4936 -201.437 
-120 -298.662 -66 66 -151.981 -196.617 -95.3592 -205.078 
-100 -294.676 -65 63 -162.952 -195.609 -98.5751 -200.543 
-106 -296.398 -64 63 -159.055 -194.922 -92.5988 -192.915 
-133 -300.738 -64 64 -146.547 -189.151 -84.7541 -190.625 
-112 -304.468 -64 64 -146.33 -186.73 -80.3307 -186.089 
-114 -300.047 -65 65 -151.902 -193.205 -88.4395 -194.316 
-125 -304.092 -65 64 -143.274 -187.358 -85.9255 -195.821 
-141 -296.12 -65 64 -150.968 -196.251 -92.1868 -202.418 
-123 -301.667 -64 64 -147.275 -189.79 -87.6985 -193.282 
-127 -301.434 -65 65 -146.43 -191.582 -90.9806 -200.407 
-147 -293.79 -65 64 -152.78 -196.441 -96.8763 -203.541 
-141 -289.169 -65 64 -160.946 -198.524 -104.208 -204.801 
-121 -302.819 -64 64 -146.35 -188.17 -84.0609 -189.645 
-119 -298.985 -65 63 -152.424 -190.743 -90.3245 -198.253 
-113 -294.364 -65 63 -160.59 -192.826 -97.6562 -199.513 
-141 -299.591 -67 65 -146.086 -185.391 -93.2794 -195.895 
-117 -298.427 -66 65 -153.277 -194.154 -97.6501 -209.015 
-122 -300.821 -64 64 -148.909 -191.935 -85.673 -191.655 
-151 -292.536 -66 66 -153.793 -196.806 -100.049 -206.201 
-135 -300.445 -65 64 -145.853 -192.562 -91.2679 -201.388 
-114 -304.174 -65 64 -145.636 -190.141 -86.8445 -196.851 
-135 -299.595 -65 63 -146.961 -194.565 -91.023 -201.694 
-115 -298.643 -64 63 -153.743 -190.253 -90.9867 -190.904 
-131 -299.706 -65 65 -148.101 -192.651 -92.6244 -202.069 
-112 -301.749 -64 64 -149.637 -192.573 -88.6175 -194.312 
-116 -301.516 -65 65 -148.792 -194.365 -91.8996 -201.437 
-136 -293.873 -65 64 -155.142 -199.225 -97.7952 -204.571 
-130 -289.251 -65 64 -163.308 -201.307 -105.127 -205.831 
-125 -301.091 -64 64 -148.021 -189.239 -85.7047 -191.307 
-110 -302.901 -64 64 -148.712 -190.954 -84.9799 -190.675 
-121 -300.635 -65 63 -149.473 -188.857 -89.6314 -197.272 
-123 -297.731 -66 65 -153.437 -191.108 -93.4969 -200.913 
-111 -294.251 -66 64 -160.67 -196.237 -104.576 -210.275 
-117 -295.973 -65 64 -156.773 -195.55 -98.5995 -202.647 
-123 -304.043 -65 65 -144.048 -187.358 -86.3314 -195.821 
FEATURES_TXT_END_0
FEATURES_TXT_BEGIN_0 85 57 8 Distortion0_0 LM0_0 WordPenalty0_0 PhrasePenalty0_0 TranslationModel0_0 TranslationModel0_1 TranslationModel0_2 TranslationModel0_3 
-52 -157.459 -31 30 -53.3607 -64.8617 -26.7511 -55.226 
-70 -155.086 -32 30 -55.1412 -64.6969 -31.9158 -60.7394 
-54 -157.459 -31 30 -53.3607 -64.8617 -26.7511 -55.226 
-54 -158.836 -31 30 -53.3607 -64.8617 -26.7511 -55.226 
-52 -160.834 -31 29 -49.3603 -61.3087 -23.5542 -54.2334 
-56 -157.459 -31 30 -53.3607 -64.8617 -26.7511 -55.226 
-48 -152.694 -31 30 -63.8901 -70.675 -32.4456 -57.8982 
-50 -159.887 -31 30 -50.7958 -63.8765 -28.5429 -56.3246 
-50 -161.354 -31 30 -50.354 -62.5682 -27.2901 -54.6596 
-44 -160.137 -30 28 -52.1999 -63.7469 -25.2633 -54.7102 
-56 -158.927 -31 30 -52.9189 -63.5533 -25.4984 -53.561 
-48 -153.693 -31 29 -60.8678 -69.8579 -31.9409 -58.58 
-54 -160.834 -31 29 -49.3603 -61.3087 -23.5542 -54.2334 
-52 -159.887 -31 30 -50.7958 -63.8765 -28.5429 -56.3246 
-58 -157.459 -31 30 -53.3607 -64.8617 -26.7511 -55.226 
-52 -155.428 -30 28 -59.3509 -67.1663 -22.4663 -50.2589 
-50 -152.645 -30 28 -62.9361 -73.5275 -33.1445 -60.8812 
-56 -152.472 -31 30 -61.8669 -71.7132 -36.1364 -63.9393 
-34 -160.38 -29 27 -55.9828 -62.3933 -25.1739 -53.3821 
-42 -157.702 -30 29 -57.1437 -63.5081 -26.6617 -53.8979 
-52 -160.022 -31 30 -52.3826 -62.1258 -24.0588 -53.5516 
-46 -160.137 -30 28 -52.1999 -63.7469 -25.2633 -54.7102 
-44 -162.565 -30 28 -49.6349 -62.7618 -27.055 -55.8088 
-52 -152.472 -31 30 -61.8669 -71.7132 -36.1364 -63.9393 
-50 -160.137 -30 28 -52.1999 -63.7469 -25.2633 -54.7102 
-52 -158.927 -31 30 -52.9189 -63.5533 -25.4984 -53.561 
-52 -153.005 -32 31 -62.3709 -69.8949 -32.7318 -58.6267 
-50 -153.693 -31 29 -60.8678 -69.8579 -31.9409 -58.58 
-50 -162.897 -32 29 -47.8816 -62.7952 -23.6254 -55.131 
-46 -160.283 -31 29 -51.9258 -64.6236 -29.3207 -58.0562 
-40 -160.13 -30 29 -54.5787 -62.523 -28.4535 -54.9966 
-56 -160.834 -31 29 -49.3603 -61.3087 -23.5542 -54.2334 
-50 -163.262 -31 29 -46.7953 -60.3236 -25.3459 -55.332 
-54 -159.887 -31 30 -50.7958 -63.8765 -28.5429 -56.3246 
-46 -157.702 -30 29 -57.1437 -63.5081 -26.6617 -53.8979 
-44 -157.702 -30 29 -57.1437 -63.5081 -26.6617 -53.8979 
-54 -154.207 -30 29 -60.35 -69.0217 -26.6617 -55.6182 
-48 -160.137 -30 28 -52.1999 -63.7469 -25.2633 -54.7102 
-48 -161.873 -31 29 -50.4576 -56.9652 -24.8069 -50.7364 
-42 -162.565 -30 28 -49.6349 -62.7618 -27.055 -55.8088 
-50 -158.598 -31 30 -54.37 -66.385 -27.4443 -56.6611 
-54 -152.472 -31 30 -61.8669 -71.7132 -36.1364 -63.9393 
-42 -161.077 -30 28 -53.1432 -59.9552 -23.4648 -52.9053 
-50 -155.428 -30 28 -59.3509 -67.1663 -22.4663 -50.2589 
-54 -158.927 -31 30 -52.9189 -63.5533 -25.4984 -53.561 
-48 -158.53 -32 29 -54.1801 -66.8747 -34.8993 -64.0414 
-52 -160.754 -31 29 -50.3384 -64.0446 -26.2465 -55.9078 
-52 -160.005 -32 30 -51.4889 -65.3876 -28.5429 -58.2247 
-52 -153.693 -31 29 -60.8678 -69.8579 -31.9409 -58.58 
-62 -157.459 -31 30 -53.3607 -64.8617 -26.7511 -55.226 
-58 -156.177 -31 30 -55.7688 -69.6176 -28.7844 -59.3919 
-48 -162.496 -31 29 -49.4384 -58.2373 -21.8625 -50.3309 
-48 -162.229 -31 29 -49.8238 -58.0058 -22.861 -50.5673 
-48 -160.283 -31 29 -51.9258 -64.6236 -29.3207 -58.0562 
-44 -159.118 -30 29 -55.2222 -64.564 -25.7679 -54.0284 
-52 -163.262 -31 29 -46.7953 -60.3236 -25.3459 -55.332 
-58 -160.834 -31 29 -49.3603 -61.3087 -23.5542 -54.2334 
FEATURES_TXT_END_0
FEATURES_TXT_BEGIN_0 86 100 8 Distortion0_0 LM0_0 WordPenalty0_0 PhrasePenalty0_0 TranslationModel0_0 TranslationModel0_1 TranslationModel0_2 TranslationModel0_3 
-76 -197.631 -38 34 -50.9242 -72.0547 -36.9789 -86.889 
-64 -199.356 -38 34 -51.3429 -71.0896 -35.3695 -84.5377 
-60 -199.446 -38 35 -52.8673 -70.266 -35.7241 -83.6258 
-56 -194.639 -39 35 -61.0675 -78.7254 -38.3551 -93.3462 
-54 -194.096 -39 35 -62.9931 -76.7639 -36.4092 -89.5799 
-80 -197.631 -38 34 -50.9242 -72.0547 -36.9789 -86.889 
-68 -199.356 -38 34 -51.3429 -71.0896 -35.3695 -84.5377 
-54 -194.861 -39 35 -62.5411 -75.9782 -35.9572 -89.3622 
-76 -191.936 -40 35 -60.1526 -82.3521 -46.8153 -100.024 
-64 -193.661 -40 35 -60.5713 -81.387 -45.2058 -97.6723 
-64 -199.446 -38 35 -52.8673 -70.266 -35.7241 -83.6258 
-54 -194.171 -39 35 -63.4349 -78.0723 -37.662 -91.2449 
-60 -194.639 -39 35 -61.0675 -78.7254 -38.3551 -93.3462 
-82 -197.689 -38 34 -50.9242 -72.0547 -36.9789 -86.889 
-68 -193.112 -39 34 -61.0497 -82.0817 -39.6099 -96.311 
-70 -199.414 -38 34 -51.3429 -71.0896 -35.3695 -84.5377 
-56 -194.837 -39 34 -61.4684 -81.1166 -38.0005 -93.9596 
-72 -198.434 -38 34 -52.1207 -71.3255 -39.1761 -85.4386 
-76 -192.5 -40 35 -59.7108 -81.0437 -45.5625 -98.3587 
-72 -198.56 -38 34 -52.3991 -69.6755 -35.8803 -82.7818 
-60 -200.159 -38 34 -52.5394 -70.3605 -37.5667 -83.0872 
-70 -195.681 -38 34 -56.8937 -75.6402 -39.0583 -88.3535 
-64 -194.225 -40 35 -60.1295 -80.0787 -43.953 -96.0073 
-60 -200.286 -38 34 -52.8178 -68.7104 -34.2709 -80.4304 
-58 -197.407 -38 34 -57.3125 -74.6751 -37.4489 -86.0021 
-58 -194.096 -39 35 -62.9931 -76.7639 -36.4092 -89.5799 
-66 -192.569 -39 34 -62.9753 -80.1203 -37.664 -92.5446 
-54 -194.294 -39 34 -63.394 -79.1552 -36.0546 -90.1933 
-84 -197.343 -38 34 -50.9242 -73.8617 -38.0775 -87.4768 
-72 -199.068 -38 34 -51.3429 -72.8966 -36.4681 -85.1255 
-76 -198.905 -38 34 -50.9242 -70.2576 -36.9789 -86.0017 
-64 -200.631 -38 34 -51.3429 -69.2925 -35.3695 -83.6504 
-56 -194.232 -39 35 -62.9269 -79.3018 -39.4537 -93.3462 
-56 -194.243 -39 35 -62.9928 -80.2931 -38.3551 -93.0477 
-52 -194.865 -39 35 -62.9928 -80.2931 -38.3551 -93.0477 
-76 -192.469 -40 35 -60.1526 -80.545 -45.7166 -99.4359 
-64 -194.194 -40 35 -60.5713 -79.58 -44.1072 -97.0845 
-84 -197.689 -38 34 -50.9242 -72.0547 -36.9789 -86.889 
-66 -199.504 -38 35 -52.8673 -70.266 -35.7241 -83.6258 
-72 -199.414 -38 34 -51.3429 -71.0896 -35.3695 -84.5377 
-84 -197.717 -38 34 -50.9242 -72.0547 -36.9789 -86.889 
-72 -199.442 -38 34 -51.3429 -71.0896 -35.3695 -84.5377 
-62 -194.697 -39 35 -61.0675 -78.7254 -38.3551 -93.3462 
-70 -196.852 -38 34 -55.4204 -75.7121 -39.0583 -89.1267 
-78 -198.557 -38 34 -50.6459 -73.7048 -40.2747 -89.5458 
-58 -198.577 -38 34 -55.8391 -74.747 -37.4489 -86.7753 
-78 -198.683 -38 34 -50.9242 -72.0547 -36.9789 -86.889 
-66 -200.282 -38 34 -51.0646 -72.7397 -38.6653 -87.1944 
-54 -193.7 -39 35 -64.9184 -78.3316 -36.4092 -89.2814 
-74 -198.434 -38 34 -52.1207 -71.3255 -39.1761 -85.4386 
-50 -194.322 -39 35 -64.9184 -78.3316 -36.4092 -89.2814 
-66 -200.409 -38 34 -51.3429 -71.0896 -35.3695 -84.5377 
-56 -200.249 -38 35 -54.0637 -69.5369 -37.9213 -82.1754 
-74 -198.56 -38 34 -52.3991 -69.6755 -35.8803 -82.7818 
-62 -200.159 -38 34 -52.5394 -70.3605 -37.5667 -83.0872 
-80 -194.907 -38 34 -55.7394 -80.4266 -37.1612 -86.7095 
-56 -200.376 -38 35 -54.3421 -67.8868 -34.6255 -79.5186 
-68 -200.243 -38 34 -50.9242 -72.0547 -36.9789 -86.8891 
-62 -200.286 -38 34 -52.8178 -68.7104 -34.2709 -80.4304 
-54 -197.497 -38 35 -58.8368 -73.8515 -37.8035 -85.0903 
-68 -196.632 -38 34 -56.1581 -79.4615 -35.5518 -84.3581 
-76 -199.077 -37 34 -51.1376 -71.4492 -34.8029 -84.5751 
-76 -193.034 -40 35 -59.7108 -79.2367 -44.4639 -97.7709 
-52 -195.441 -39 35 -62.2639 -77.9962 -40.5523 -91.8958 
-64 -194.759 -40 35 -60.1295 -78.2716 -42.8544 -95.4195 
-52 -195.568 -39 35 -62.5423 -76.3462 -37.2565 -89.239 
-64 -199.895 -39 35 -52.6384 -71.5544 -38.606 -87.6812 
-72 -196.737 -37 33 -55.4832 -71.3576 -39.5144 -84.7669 
-60 -194.154 -39 35 -62.9931 -76.7639 -36.4092 -89.5799 
-72 -196.863 -37 33 -55.7616 -69.7075 -36.2186 -82.1101 
-60 -198.462 -37 33 -55.9019 -70.3925 -37.905 -82.4155 
-60 -198.589 -37 33 -56.1803 -68.7424 -34.6092 -79.7587 
-60 -200.721 -38 35 -52.8673 -68.4689 -35.7241 -82.7385 
-76 -198.081 -38 34 -52.7701 -73.2324 -34.964 -86.3294 
-76 -193.297 -40 35 -59.2588 -80.258 -45.1105 -98.1409 
-58 -194.861 -39 35 -62.5411 -75.9782 -35.9572 -89.3622 
-64 -199.806 -38 34 -53.1888 -72.2673 -33.3546 -83.9781 
-80 -191.936 -40 35 -60.1526 -82.3521 -46.8153 -100.024 
-64 -195.022 -40 35 -59.6775 -79.2929 -43.5011 -95.7896 
-66 -193.334 -39 34 -62.5233 -79.3346 -37.212 -92.3269 
-68 -193.661 -40 35 -60.5713 -81.387 -45.2058 -97.6723 
-76 -200.246 -40 35 -49.231 -72.6006 -37.8175 -92.4919 
-54 -195.059 -39 34 -62.9421 -78.3695 -35.6026 -89.9756 
-50 -194.899 -39 35 -64.1895 -76.0348 -38.6064 -88.1295 
-68 -199.446 -38 35 -52.8673 -70.266 -35.7241 -83.6258 
-50 -195.025 -39 35 -64.4679 -74.3847 -35.3106 -85.4727 
-58 -194.171 -39 35 -63.4349 -78.0723 -37.662 -91.2449 
-66 -192.644 -39 34 -63.4172 -81.4286 -38.9168 -94.2097 
-72 -193.112 -39 34 -61.0497 -82.0817 -39.6099 -96.311 
-54 -194.369 -39 34 -63.8359 -80.4635 -37.3073 -91.8583 
-68 -199.504 -38 35 -52.8673 -70.266 -35.7241 -83.6258 
-60 -194.837 -39 34 -61.4684 -81.1166 -38.0005 -93.9596 
-54 -197.144 -39 35 -60.1892 -74.5024 -35.4647 -89.9328 
-86 -197.717 -38 34 -50.9242 -72.0547 -36.9789 -86.889 
-72 -199.684 -38 34 -50.9242 -73.8617 -38.0775 -87.4768 
-62 -194.902 -40 35 -61.1679 -75.18 -41.1005 -91.684 
-68 -199.532 -38 35 -52.8673 -70.266 -35.7241 -83.6258 
-74 -199.442 -38 34 -51.3429 -71.0896 -35.3695 -84.5377 
-60 -201.41 -38 34 -51.3429 -72.8966 -36.4681 -85.1255 
-64 -194.697 -39 35 -61.0675 -78.7254 -38.3551 -93.3462 
FEATURES_TXT_END_0
FEATURES_TXT_BEGIN_0 87 78 8 Distortion0_0 LM0_0 WordPenalty0_0 PhrasePenalty0_0 TranslationModel0_0 TranslationModel0_1 TranslationModel0_2 TranslationModel0_3 
-53 -179.149 -33 29 -41.4231 -60.805 -29.165 -66.1508 
-53 -177.372 -34 30 -44.8375 -62.7258 -25.5874 -63.2954 
-53 -177.998 -34 30 -43.4569 -61.5477 -33.1801 -70.5334 
-57 -180.805 -34 29 -38.4696 -57.1043 -31.7327 -67.812 
-53 -176.221 -35 31 -46.8713 -63.4685 -29.6025 -67.6781 
-53 -178.437 -33 29 -43.2736 -61.6166 -30.8164 -67.4286 
-57 -179.027 -35 30 -41.8839 -59.0251 -28.1551 -64.9567 
-57 -179.149 -33 29 -41.4231 -60.805 -29.165 -66.1508 
-63 -178.893 -33 29 -41.1268 -62.6691 -32.5323 -68.8588 
-57 -177.286 -34 30 -45.3074 -62.3592 -34.8315 -71.8112 
-57 -178.378 -33 29 -42.2254 -62.0542 -32.5323 -67.4725 
-61 -181.739 -33 29 -36.6706 -56.9423 -27.6609 -64.3071 
-59 -180.192 -33 29 -39.7083 -57.4884 -27.926 -64.9719 
-57 -179.654 -35 30 -40.5033 -57.847 -35.7478 -72.1947 
-53 -176.66 -34 30 -46.688 -63.5374 -27.2388 -64.5733 
-57 -177.372 -34 30 -44.8375 -62.7258 -25.5874 -63.2954 
-60 -177.601 -33 29 -43.9084 -63.6682 -33.5854 -71.284 
-53 -177.286 -34 30 -45.3074 -62.3592 -34.8315 -71.8112 
-61 -179.962 -34 30 -40.085 -58.8631 -24.0833 -61.4518 
-59 -178.414 -34 30 -43.1227 -59.4092 -24.3484 -62.1166 
-57 -177.876 -36 31 -43.9177 -59.7678 -32.1702 -69.3393 
-57 -176.881 -33 29 -44.527 -65.5043 -35.3049 -71.2506 
-57 -177.998 -34 30 -43.4569 -61.5477 -33.1801 -70.5334 
-53 -176.644 -34 30 -46.5607 -66.247 -39.32 -75.6333 
-56 -177.829 -33 28 -44.8131 -60.6315 -31.3764 -66.4454 
-57 -177.227 -34 30 -44.2592 -62.7969 -36.5474 -71.8551 
-51 -181.284 -33 29 -40.2598 -56.8881 -29.3958 -64.9612 
-53 -179.292 -33 29 -42.2254 -62.0542 -32.5323 -67.4725 
-66 -177.151 -34 29 -42.1182 -63.8845 -35.9224 -74.1348 
-57 -179.598 -33 29 -41.2734 -60.8239 -28.8947 -66.102 
-53 -175.508 -35 31 -48.7218 -64.28 -31.2539 -68.9559 
-58 -182.76 -34 29 -36.125 -56.2122 -30.7745 -66.6677 
-61 -180.805 -34 29 -38.4696 -57.1043 -31.7327 -67.812 
-57 -176.168 -33 29 -46.3775 -66.3158 -36.9563 -72.5285 
-61 -181.253 -34 29 -38.3199 -57.1232 -31.4624 -67.7632 
-61 -180.033 -34 29 -39.2719 -58.3535 -35.1 -69.1338 
-57 -176.221 -35 31 -46.8713 -63.4685 -29.6025 -67.6781 
-63 -176.277 -34 30 -45.4224 -65.3877 -30.7353 -69.1531 
-51 -179.507 -34 30 -43.6742 -58.8089 -25.8181 -62.1059 
-57 -175.73 -34 30 -46.5607 -66.247 -39.32 -75.6333 
-53 -177.515 -34 30 -45.6398 -63.975 -28.9547 -64.6172 
-66 -175.374 -35 30 -45.5326 -65.8053 -32.3447 -71.2795 
-53 -180.671 -32 29 -41.4985 -57.2722 -25.5891 -62.1211 
-53 -177.795 -33 29 -44.527 -65.5043 -35.3049 -71.2506 
-51 -180.133 -34 30 -42.2936 -57.6307 -33.4109 -69.3439 
-57 -178.437 -33 29 -43.2736 -61.6166 -30.8164 -67.4286 
-53 -180.79 -34 30 -41.4929 -60.0797 -24.8942 -62.8435 
-57 -179.806 -33 29 -41.1268 -61.7983 -32.5323 -68.4533 
-57 -177.665 -33 29 -44.076 -62.8658 -34.1837 -68.7504 
-53 -178.141 -34 30 -44.2592 -62.7969 -36.5474 -71.8551 
-58 -180.983 -35 30 -39.5394 -58.133 -27.1968 -63.8124 
-53 -182.568 -33 29 -38.0785 -58.1589 -28.4719 -65.6988 
-63 -178.054 -33 29 -42.008 -63.4669 -34.3129 -72.0084 
-61 -179.027 -35 30 -41.8839 -59.0251 -28.1551 -64.9567 
-53 -176.364 -35 31 -47.6736 -64.7177 -32.9698 -68.9998 
-57 -178.447 -34 30 -43.3072 -61.5666 -32.9098 -70.4846 
-61 -179.149 -33 29 -41.4231 -60.805 -29.165 -66.1508 
-57 -180.948 -34 29 -39.2719 -58.3535 -35.1 -69.1338 
-61 -178.378 -33 29 -42.2254 -62.0542 -32.5323 -67.4725 
-57 -176.66 -34 30 -46.688 -63.5374 -27.2388 -64.5733 
-65 -181.739 -33 29 -36.6706 -56.9423 -27.6609 -64.3071 
-51 -178.356 -35 31 -45.7079 -59.5515 -29.8332 -66.4885 
-53 -176.018 -34 30 -47.9414 -67.4251 -31.7272 -68.3953 
-53 -180.512 -33 29 -41.2734 -60.8239 -28.8947 -66.102 
-61 -178.536 -34 29 -41.5734 -61.8036 -37.8726 -72.9119 
-63 -180.192 -33 29 -39.7083 -57.4884 -27.926 -64.9719 
-53 -178.894 -33 30 -44.9129 -59.193 -22.0115 -59.2657 
-55 -177.657 -33 29 -44.9591 -64.6576 -31.6673 -69.8156 
-65 -180.967 -33 29 -37.4729 -58.1915 -31.0282 -65.6289 
-53 -180.355 -33 29 -41.9794 -61.5973 -23.7093 -63.4828 
-57 -179.803 -33 29 -41.4231 -60.805 -29.165 -66.1508 
-63 -179.42 -33 29 -40.5106 -58.7376 -31.2933 -66.2936 
-55 -183.663 -33 29 -36.0148 -55.7947 -29.165 -64.5413 
-61 -179.654 -35 30 -40.5033 -57.847 -35.7478 -72.1947 
-43 -180.964 -32 28 -43.0561 -60.8371 -28.6724 -65.479 
-58 -179.656 -34 29 -40.8486 -63.3735 -34.2848 -74.527 
-68 -178.86 -34 29 -39.6867 -60.7995 -35.9224 -74.289 
-61 -178.882 -35 30 -41.3057 -59.0961 -39.1151 -73.5164 
FEATURES_TXT_END_0
FEATURES_TXT_BEGIN_0 88 91 8 Distortion0_0 LM0_0 WordPenalty0_0 PhrasePenalty0_0 TranslationModel0_0 TranslationModel0_1 TranslationModel0_2 TranslationModel0_3 
-94 -228.888 -49 42 -75.2173 -120.295 -51.6567 -118.209 
-94 -225.921 -49 43 -79.8973 -116.944 -56.1583 -112.995 
-94 -228.689 -48 42 -75.8581 -119.648 -49.7108 -115.935 
-94 -231.114 -49 42 -71.8529 -117.924 -52.3499 -117.739 
-94 -228.146 -49 43 -76.5329 -114.573 -56.8515 -112.525 
-94 -230.914 -48 42 -72.4937 -117.276 -50.404 -115.465 
-88 -227.01 -49 43 -79.8973 -116.944 -56.1583 -112.995 
-88 -229.235 -49 43 -76.5329 -114.573 -56.8515 -112.525 
-86 -227.427 -49 43 -79.8973 -116.944 -56.1583 -112.995 
-94 -231.528 -49 42 -71.6706 -116.891 -50.9636 -115.57 
-94 -228.56 -49 43 -76.3506 -113.54 -55.4652 -110.356 
-96 -228.888 -49 42 -75.2173 -120.295 -51.6567 -118.209 
-94 -230.112 -49 42 -74.1815 -120.121 -55.6595 -120.898 
-94 -231.328 -48 42 -72.3114 -116.243 -49.0177 -113.296 
-96 -228.689 -48 42 -75.8581 -119.648 -49.7108 -115.935 
-90 -230.042 -49 42 -75.8471 -120.643 -49.4055 -116.94 
-86 -229.652 -49 43 -76.5329 -114.573 -56.8515 -112.525 
-92 -227.887 -49 42 -77.546 -122.493 -54.9664 -121.368 
-92 -226.244 -48 43 -80.4428 -119.555 -55.0377 -113.634 
-96 -231.114 -49 42 -71.8529 -117.924 -52.3499 -117.739 
-84 -231.418 -48 42 -74.8223 -119.473 -53.7136 -118.624 
-94 -229.305 -49 42 -75.2173 -120.295 -51.6567 -118.209 
-92 -227.687 -48 42 -78.1868 -121.845 -53.0205 -119.094 
-96 -230.914 -48 42 -72.4937 -117.276 -50.404 -115.465 
-88 -227.644 -49 43 -79.8973 -116.944 -56.1583 -112.995 
-94 -229.106 -48 42 -75.8581 -119.648 -49.7108 -115.935 
-94 -230.694 -49 42 -73.1323 -118.741 -51.3993 -117.057 
-94 -227.727 -49 43 -77.8123 -115.39 -55.9008 -111.843 
-88 -229.649 -49 43 -76.3506 -113.54 -55.4652 -110.356 
-94 -230.494 -48 42 -73.7731 -118.093 -49.4534 -114.783 
-88 -230.042 -49 42 -75.8471 -120.643 -49.4055 -116.94 
-92 -230.112 -49 42 -74.1815 -120.121 -55.6595 -120.898 
-88 -227.075 -49 43 -80.5271 -117.292 -53.907 -111.726 
-92 -228.47 -48 43 -77.0784 -117.183 -55.7309 -113.164 
-94 -226.723 -49 42 -78.9025 -125.422 -55.1533 -123.259 
-94 -227.805 -49 42 -77.442 -122.977 -53.4787 -120.053 
-94 -223.755 -49 43 -83.5825 -122.071 -59.6548 -118.045 
-94 -224.838 -49 43 -82.122 -119.626 -57.9803 -114.839 
-94 -231.531 -49 42 -71.8529 -117.924 -52.3499 -117.739 
-88 -229.842 -48 42 -76.4879 -119.995 -47.4595 -114.665 
-92 -229.913 -48 42 -74.8223 -119.473 -53.7136 -118.624 
-94 -226.523 -48 42 -79.5433 -124.774 -53.2073 -120.985 
-94 -227.605 -48 42 -78.0828 -122.329 -51.5328 -117.779 
-94 -231.331 -48 42 -72.4937 -117.276 -50.404 -115.465 
-86 -228.976 -49 42 -77.546 -122.493 -54.9664 -121.368 
-86 -230.066 -49 43 -76.3506 -113.54 -55.4652 -110.356 
-86 -228.776 -48 42 -78.1868 -121.845 -53.0205 -119.094 
-96 -231.528 -49 42 -71.6706 -116.891 -50.9636 -115.57 
-88 -229.714 -49 43 -76.9803 -113.887 -53.2139 -109.087 
-88 -232.268 -49 42 -72.4827 -118.272 -50.0986 -116.47 
-88 -229.3 -49 43 -77.1627 -114.921 -54.6002 -111.256 
-98 -228.888 -49 42 -75.2173 -120.295 -51.6567 -118.209 
-94 -228.948 -49 42 -75.5381 -123.051 -55.8464 -122.789 
-88 -228.816 -49 43 -77.8123 -115.39 -55.9008 -111.843 
-94 -225.981 -49 43 -80.2181 -119.7 -60.348 -117.575 
-96 -231.328 -48 42 -72.3114 -116.243 -49.0177 -113.296 
-88 -230.611 -49 42 -75.2173 -120.295 -51.6567 -118.209 
-88 -232.068 -48 42 -73.1235 -117.624 -48.1527 -114.195 
-98 -228.689 -48 42 -75.8581 -119.648 -49.7108 -115.935 
-94 -228.749 -48 42 -76.1789 -122.403 -53.9005 -120.515 
-86 -231.201 -49 42 -74.1815 -120.121 -55.6595 -120.898 
-82 -228.164 -49 43 -80.5271 -117.292 -53.907 -111.726 
-84 -229.393 -49 42 -77.546 -122.493 -54.9664 -121.368 
-88 -224.844 -49 43 -83.5825 -122.071 -59.6548 -118.045 
-88 -225.927 -49 43 -82.122 -119.626 -57.9803 -114.839 
-92 -230.526 -49 42 -73.9992 -119.088 -54.2732 -118.729 
-92 -228.884 -48 43 -76.8961 -116.15 -54.3446 -110.995 
-86 -231.001 -48 42 -74.8223 -119.473 -53.7136 -118.624 
-84 -229.193 -48 42 -78.1868 -121.845 -53.0205 -119.094 
-94 -227.887 -49 42 -77.546 -122.493 -54.9664 -121.368 
-94 -226.244 -48 43 -80.4428 -119.555 -55.0377 -113.634 
-94 -231.945 -49 42 -71.6706 -116.891 -50.9636 -115.57 
-98 -231.114 -49 42 -71.8529 -117.924 -52.3499 -117.739 
-92 -230.327 -48 42 -74.64 -118.44 -52.3273 -116.455 
-96 -229.305 -49 42 -75.2173 -120.295 -51.6567 -118.209 
-94 -227.687 -48 42 -78.1868 -121.845 -53.0205 -119.094 
-86 -229.232 -49 43 -77.8123 -115.39 -55.9008 -111.843 
-100 -226.82 -50 42 -77.7597 -121.145 -56.5345 -121.347 
-94 -231.745 -48 42 -72.3114 -116.243 -49.0177 -113.296 
-98 -230.914 -48 42 -72.4937 -117.276 -50.404 -115.465 
-96 -229.106 -48 42 -75.8581 -119.648 -49.7108 -115.935 
-96 -230.694 -49 42 -73.1323 -118.741 -51.3993 -117.057 
-88 -232.682 -49 42 -72.3004 -117.239 -48.7123 -114.301 
-100 -226.621 -49 42 -78.4005 -120.497 -54.5886 -119.073 
-82 -230.389 -49 43 -77.1627 -114.921 -54.6002 -111.256 
-84 -231.618 -49 42 -74.1815 -120.121 -55.6595 -120.898 
-80 -228.58 -49 43 -80.5271 -117.292 -53.907 -111.726 
-88 -227.07 -49 43 -80.2181 -119.7 -60.348 -117.575 
-96 -230.494 -48 42 -73.7731 -118.093 -49.4534 -114.783 
-86 -226.343 -49 43 -82.122 -119.626 -57.9803 -114.839 
-86 -225.261 -49 43 -83.5825 -122.071 -59.6548 -118.045 
FEATURES_TXT_END_0
FEATURES_TXT_BEGIN_0 89 63 8 Distortion0_0 LM0_0 WordPenalty0_0 PhrasePenalty0_0 TranslationModel0_0 TranslationModel0_1 TranslationModel0_2 TranslationModel0_3 
-62 -201.796 -35 31 -46.5586 -63.4703 -20.4501 -52.3596 
-54 -203.563 -36 31 -44.8091 -66.7057 -27.2907 -60.2024 
-56 -204.481 -38 32 -43.3894 -64.6927 -24.4395 -56.7165 
-68 -205.031 -36 32 -40.9099 -58.0632 -18.5747 -53.1012 
-60 -206.797 -37 32 -39.1605 -61.2986 -25.4152 -60.944 
-54 -203.97 -35 31 -44.655 -66.7057 -26.038 -60.2024 
-58 -206.465 -36 32 -40.5302 -62.0099 -21.5179 -55.5379 
-64 -201.796 -35 31 -46.5586 -63.4703 -20.4501 -52.3596 
-62 -207.715 -39 33 -37.7407 -59.2856 -22.564 -57.4581 
-56 -203.563 -36 31 -44.8091 -66.7057 -27.2907 -60.2024 
-54 -203.639 -35 31 -45.2146 -68.4497 -26.038 -60.2024 
-60 -202.919 -35 31 -45.7745 -63.842 -20.5898 -52.7694 
-52 -204.686 -36 31 -44.025 -67.0774 -27.4304 -60.6122 
-60 -207.204 -36 32 -39.0063 -61.2986 -24.1625 -60.944 
-58 -204.481 -38 32 -43.3894 -64.6927 -24.4395 -56.7165 
-68 -205.317 -36 32 -40.9099 -58.0632 -18.5747 -53.1012 
-50 -208.281 -36 32 -40.5302 -62.0099 -21.5179 -55.5379 
-70 -205.031 -36 32 -40.9099 -58.0632 -18.5747 -53.1012 
-68 -206.154 -36 32 -40.1259 -58.4349 -18.7143 -53.511 
-54 -205.604 -38 32 -42.6053 -65.0644 -24.5792 -57.1264 
-60 -207.084 -37 32 -39.1605 -61.2986 -25.4152 -60.944 
-62 -206.874 -36 32 -39.5659 -63.0426 -24.1625 -60.944 
-62 -206.797 -37 32 -39.1605 -61.2986 -25.4152 -60.944 
-66 -206.441 -36 32 -40.1259 -58.4349 -18.7143 -53.511 
-56 -203.97 -35 31 -44.655 -66.7057 -26.038 -60.2024 
-60 -206.874 -36 32 -39.5659 -63.0426 -24.1625 -60.944 
-66 -206.154 -36 32 -40.1259 -58.4349 -18.7143 -53.511 
-58 -207.921 -37 32 -38.3764 -61.6704 -25.5549 -61.3538 
-60 -206.465 -36 32 -40.5302 -62.0099 -21.5179 -55.5379 
-58 -203.97 -35 31 -44.655 -66.7057 -26.038 -60.2024 
-52 -205.093 -35 31 -43.8709 -67.0774 -26.1777 -60.6122 
-62 -208.002 -39 33 -37.7407 -59.2856 -22.564 -57.4581 
-64 -206.797 -37 32 -39.1605 -61.2986 -25.4152 -60.944 
-66 -201.796 -35 31 -46.5586 -63.4703 -20.4501 -52.3596 
-54 -206.463 -38 32 -41.79 -64.0502 -24.5654 -56.0805 
-60 -207.16 -36 32 -39.5659 -63.0426 -24.1625 -60.944 
-56 -206.771 -37 32 -41.6726 -58.8441 -21.3899 -53.5698 
-56 -206.697 -38 32 -40.8092 -63.464 -23.7464 -58.1028 
-64 -207.715 -39 33 -37.7407 -59.2856 -22.564 -57.4581 
-62 -209.932 -39 33 -35.1605 -58.0569 -21.8709 -58.8444 
-50 -203.537 -36 31 -47.3212 -64.2512 -23.2654 -52.8282 
-58 -203.563 -36 31 -44.8091 -66.7057 -27.2907 -60.2024 
-62 -207.084 -37 32 -39.1605 -61.2986 -25.4152 -60.944 
-56 -205.604 -38 32 -42.6053 -65.0644 -24.5792 -57.1264 
-72 -205.031 -36 32 -40.9099 -58.0632 -18.5747 -53.1012 
-56 -207.588 -36 32 -39.7461 -62.3816 -21.6576 -55.9477 
-56 -203.639 -35 31 -45.2146 -68.4497 -26.038 -60.2024 
-62 -202.919 -35 31 -45.7745 -63.842 -20.5898 -52.7694 
-60 -208.839 -39 33 -36.9567 -59.6573 -22.7037 -57.868 
-60 -203.778 -35 31 -44.9592 -62.8279 -20.576 -51.7235 
-60 -207.491 -36 32 -39.0063 -61.2986 -24.1625 -60.944 
-70 -205.317 -36 32 -40.9099 -58.0632 -18.5747 -53.1012 
-54 -204.686 -36 31 -44.025 -67.0774 -27.4304 -60.6122 
-62 -207.204 -36 32 -39.0063 -61.2986 -24.1625 -60.944 
-58 -208.328 -36 32 -38.2222 -61.6704 -24.3022 -61.3538 
-52 -204.762 -35 31 -44.4305 -68.8214 -26.1777 -60.6122 
-52 -205.545 -36 31 -43.2098 -66.0633 -27.4166 -59.5663 
-56 -202.599 -35 31 -46.9373 -69.4525 -26.7311 -61.5461 
-60 -204.481 -38 32 -43.3894 -64.6927 -24.4395 -56.7165 
-50 -203.465 -34 31 -47.8671 -65.4021 -22.4826 -55.3631 
-52 -205.521 -34 31 -44.462 -61.5684 -20.3438 -51.6495 
-64 -199.678 -35 31 -50.2443 -67.304 -23.2227 -56.0731 
-64 -209.986 -37 33 -34.8815 -56.6029 -19.6424 -56.2795 
FEATURES_TXT_END_0
FEATURES_TXT_BEGIN_0 90 100 8 Distortion0_0 LM0_0 WordPenalty0_0 PhrasePenalty0_0 TranslationModel0_0 TranslationModel0_1 TranslationModel0_2 TranslationModel0_3 
-133 -267.351 -61 54 -94.4152 -128.178 -66.5483 -133.966 
-132 -267.758 -61 55 -94.041 -127.361 -68.7214 -134.648 
-133 -268.085 -61 54 -93.4239 -129.176 -65.4497 -133.966 
-127 -266.366 -60 53 -97.4716 -132.544 -65.2531 -135.862 
-132 -268.492 -61 55 -93.0496 -128.359 -67.6228 -134.648 
-126 -266.773 -60 54 -97.0973 -131.727 -67.4262 -136.544 
-135 -265.708 -61 55 -97.1709 -128.989 -69.4221 -135.244 
-127 -267.68 -61 54 -95.4918 -132.985 -70.9614 -142.545 
-126 -268.087 -61 55 -95.1175 -132.168 -73.1344 -143.227 
-135 -266.443 -61 55 -96.1795 -129.988 -68.3235 -135.244 
-129 -264.724 -60 54 -100.227 -133.356 -68.1269 -137.14 
-127 -266.69 -61 53 -97.3335 -132.544 -68.549 -135.862 
-126 -267.096 -61 54 -96.9592 -131.727 -70.722 -136.544 
-129 -267.908 -60 53 -95.6994 -129.208 -65.8542 -133.294 
-127 -267.07 -60 53 -97.4716 -132.544 -65.2531 -135.862 
-128 -268.314 -60 54 -95.3251 -128.391 -68.0272 -133.976 
-132 -268.371 -61 54 -94.4152 -128.178 -66.5483 -133.966 
-126 -267.477 -60 54 -97.0973 -131.727 -67.4262 -136.544 
-131 -266.555 -60 53 -97.4716 -132.544 -65.2531 -135.862 
-133 -268.3 -61 54 -94.4152 -128.178 -66.5483 -133.966 
-133 -268.168 -61 54 -94.5093 -129.283 -66.836 -134.739 
-129 -266.037 -61 55 -98.2474 -133.796 -73.8352 -143.823 
-130 -266.961 -60 54 -97.0973 -131.727 -67.4262 -136.544 
-133 -268.905 -61 54 -93.3166 -130.253 -66.5483 -136.364 
-132 -268.707 -61 55 -94.041 -127.361 -68.7214 -134.648 
-132 -268.574 -61 55 -94.135 -128.465 -69.0091 -135.421 
-132 -269.105 -61 54 -93.4239 -129.176 -65.4497 -133.966 
-126 -267.386 -60 53 -97.4716 -132.544 -65.2531 -135.862 
-132 -269.312 -61 55 -92.9423 -129.436 -68.7214 -137.046 
-127 -268.94 -60 53 -94.7227 -131.054 -66.6394 -136.818 
-126 -269.347 -60 54 -94.3484 -130.237 -68.8125 -137.5 
-133 -269.034 -61 54 -93.4239 -129.176 -65.4497 -133.966 
-127 -267.315 -60 53 -97.4716 -132.544 -65.2531 -135.862 
-133 -268.902 -61 54 -93.518 -130.281 -65.7374 -134.739 
-133 -269.64 -61 54 -92.3253 -131.251 -65.4497 -136.364 
-127 -267.921 -60 53 -96.373 -134.619 -65.2531 -138.26 
-129 -271.232 -61 54 -91.3636 -126.138 -63.4448 -132.408 
-135 -268.158 -61 54 -94.4152 -128.178 -66.5483 -133.966 
-132 -269.441 -61 55 -93.0496 -128.359 -67.6228 -134.648 
-129 -265.047 -61 54 -100.089 -133.356 -71.4228 -137.14 
-126 -267.722 -60 54 -97.0973 -131.727 -67.4262 -136.544 
-132 -269.309 -61 55 -93.1437 -129.464 -67.9104 -135.421 
-132 -270.046 -61 55 -91.951 -130.434 -67.6228 -137.046 
-126 -268.327 -60 54 -95.9987 -133.802 -67.4262 -138.942 
-128 -271.639 -61 55 -90.9893 -125.321 -65.6179 -133.089 
-134 -268.564 -61 55 -94.041 -127.361 -68.7214 -134.648 
-129 -271.967 -61 54 -90.3722 -127.136 -62.3462 -132.408 
-123 -270.248 -60 53 -94.42 -130.504 -62.1496 -134.304 
-127 -269.514 -61 54 -94.4152 -128.178 -66.5483 -133.966 
-135 -268.892 -61 54 -93.4239 -129.176 -65.4497 -133.966 
-130 -267.04 -60 53 -97.4716 -132.544 -65.2531 -135.862 
-131 -266.265 -60 54 -98.455 -130.02 -68.728 -134.572 
-133 -265.366 -61 54 -99.2146 -132.77 -68.117 -135.912 
-128 -272.373 -61 55 -89.9979 -126.319 -64.5193 -133.089 
-122 -270.654 -60 54 -94.0457 -129.687 -64.3227 -134.985 
-126 -269.921 -61 55 -94.041 -127.361 -68.7214 -134.648 
-134 -269.299 -61 55 -93.0496 -128.359 -67.6228 -134.648 
-127 -266.464 -62 54 -98.4091 -133.009 -74.0059 -141.464 
-129 -265.427 -60 54 -100.227 -133.356 -68.1269 -137.14 
-132 -265.773 -61 55 -98.8403 -131.953 -70.29 -136.594 
-126 -266.871 -62 55 -98.0348 -132.192 -76.1789 -142.145 
-126 -268.7 -61 54 -95.4918 -132.985 -70.9614 -142.545 
-127 -270.248 -61 54 -93.4239 -129.176 -65.4497 -133.966 
-133 -266.101 -61 54 -98.2232 -133.768 -67.0184 -135.912 
-127 -264.382 -60 53 -102.271 -137.136 -66.8218 -137.808 
-126 -270.655 -61 55 -93.0496 -128.359 -67.6228 -134.648 
-133 -264.912 -60 54 -100.227 -133.356 -68.1269 -137.14 
-131 -265.931 -61 54 -99.0051 -130.403 -72.6196 -141.587 
-135 -266.657 -61 55 -97.1709 -128.989 -69.4221 -135.244 
-135 -266.525 -61 55 -97.265 -130.094 -69.7098 -136.017 
-127 -268.629 -61 54 -95.4918 -132.985 -70.9614 -142.545 
-132 -266.507 -61 55 -97.8489 -132.951 -69.1914 -136.594 
-126 -264.788 -60 54 -101.897 -136.319 -68.9948 -138.49 
-127 -267.496 -61 53 -97.3335 -132.544 -68.549 -135.862 
-135 -267.263 -61 55 -96.0723 -131.064 -69.4221 -137.642 
-127 -269.234 -61 54 -94.3931 -135.06 -70.9614 -144.943 
-130 -266.337 -61 55 -98.6308 -129.586 -74.7926 -142.269 
-122 -265.381 -60 54 -102.099 -132.012 -70.5473 -134.813 
-126 -269.036 -61 55 -95.1175 -132.168 -73.1344 -143.227 
-126 -267.903 -61 54 -96.9592 -131.727 -70.722 -136.544 
-126 -269.641 -61 55 -94.0189 -134.243 -73.1344 -145.625 
-129 -267.298 -60 54 -97.4784 -131.866 -69.5132 -138.096 
-126 -267.709 -61 53 -97.3335 -132.544 -68.549 -135.862 
-119 -268.993 -60 53 -97.4716 -132.544 -65.2531 -135.862 
-127 -267.648 -60 53 -97.5657 -133.649 -65.5408 -136.635 
-135 -267.392 -61 55 -96.1795 -129.988 -68.3235 -135.244 
-129 -265.673 -60 54 -100.227 -133.356 -68.1269 -137.14 
-135 -267.259 -61 55 -96.2736 -131.092 -68.6112 -136.017 
-133 -265.711 -61 54 -98.9522 -133.248 -69.7264 -137.858 
-118 -269.399 -60 54 -97.0973 -131.727 -67.4262 -136.544 
-127 -267.231 -61 54 -97.8239 -134.655 -71.6545 -143.318 
-135 -267.997 -61 55 -95.0809 -132.063 -68.3235 -137.642 
-129 -266.278 -60 54 -99.1286 -135.431 -68.1269 -139.538 
-126 -268.055 -60 54 -97.1914 -132.832 -67.7138 -137.317 
-131 -269.59 -61 55 -94.1192 -126.949 -66.3186 -133.685 
-123 -271.561 -61 54 -92.4401 -130.945 -67.8578 -140.986 
-137 -266.515 -61 55 -97.1709 -128.989 -69.4221 -135.244 
-127 -267.639 -61 53 -97.3335 -132.544 -68.549 -135.862 
-127 -267.506 -61 53 -97.4275 -133.649 -68.8367 -136.635 
-132 -266.118 -61 55 -98.5779 -132.431 -71.8994 -138.54 
FEATURES_TXT_END_0
FEATURES_TXT_BEGIN_0 91 81 8 Distortion0_0 LM0_0 WordPenalty0_0 PhrasePenalty0_0 TranslationModel0_0 TranslationModel0_1 TranslationModel0_2 TranslationModel0_3 
-104 -236.606 -49 44 -85.8689 -108.125 -58.1713 -121.017 
-90 -244.267 -49 44 -78.3059 -97.602 -53.5633 -114.229 
-116 -235.951 -50 45 -84.3178 -107.232 -60.3797 -123.118 
-108 -232.428 -49 44 -92.1592 -108.295 -55.6456 -112.377 
-106 -236.606 -49 44 -85.8689 -108.125 -58.1713 -121.017 
-102 -243.611 -50 45 -76.7549 -96.7095 -55.7717 -116.331 
-104 -237.735 -49 44 -84.5895 -107.307 -59.1219 -121.699 
-94 -240.088 -49 44 -84.5963 -97.7725 -51.0376 -105.589 
-92 -244.267 -49 44 -78.3059 -97.602 -53.5633 -114.229 
-90 -245.395 -49 44 -77.0265 -96.785 -54.5139 -114.911 
-107 -236.603 -49 44 -85.8689 -108.125 -58.1713 -121.017 
-120 -231.773 -50 45 -90.6082 -107.402 -57.854 -114.478 
-93 -244.264 -49 44 -78.3059 -97.602 -53.5633 -114.229 
-118 -235.951 -50 45 -84.3178 -107.232 -60.3797 -123.118 
-116 -237.08 -50 45 -83.0384 -106.415 -61.3303 -123.8 
-106 -239.433 -50 45 -83.0452 -96.8799 -53.246 -107.691 
-108 -236.606 -49 44 -85.8689 -108.125 -58.1713 -121.017 
-110 -239.433 -50 45 -83.0452 -96.8799 -53.246 -107.691 
-108 -236.606 -49 44 -85.8689 -108.125 -58.1713 -121.017 
-104 -243.611 -50 45 -76.7549 -96.7095 -55.7717 -116.331 
-106 -237.735 -49 44 -84.5895 -107.307 -59.1219 -121.699 
-102 -244.74 -50 45 -75.4755 -95.8924 -56.7223 -117.012 
-94 -244.267 -49 44 -78.3059 -97.602 -53.5633 -114.229 
-120 -237.08 -50 45 -83.0384 -106.415 -61.3303 -123.8 
-94 -244.267 -49 44 -78.3059 -97.602 -53.5633 -114.229 
-119 -235.948 -50 45 -84.3178 -107.232 -60.3797 -123.118 
-106 -237.504 -49 44 -85.3262 -106.498 -57.0727 -118.996 
-107 -237.666 -49 44 -84.5895 -107.307 -59.1219 -121.699 
-92 -245.395 -49 44 -77.0265 -96.785 -54.5139 -114.911 
-109 -236.603 -49 44 -85.8689 -108.125 -58.1713 -121.017 
-98 -236.62 -50 44 -89.3162 -108.947 -55.6456 -115.781 
-105 -243.608 -50 45 -76.7549 -96.7095 -55.7717 -116.331 
-92 -245.164 -49 44 -77.7633 -95.975 -52.4647 -112.208 
-93 -245.326 -49 44 -77.0265 -96.785 -54.5139 -114.911 
-95 -244.264 -49 44 -78.3059 -97.602 -53.5633 -114.229 
-109 -237.501 -49 44 -85.3262 -106.498 -57.0727 -118.996 
-120 -235.951 -50 45 -84.3178 -107.232 -60.3797 -123.118 
-120 -235.951 -50 45 -84.3178 -107.232 -60.3797 -123.118 
-84 -242.88 -49 44 -83.9591 -98.7377 -50.1621 -106.919 
-116 -236.694 -50 45 -84.3345 -107.348 -58.1284 -122.085 
-104 -237.373 -49 44 -85.8522 -108.008 -60.4226 -122.05 
-112 -232.428 -49 44 -92.1592 -108.295 -55.6456 -112.377 
-106 -237.373 -49 44 -85.8522 -108.008 -60.4226 -122.05 
-118 -237.08 -50 45 -83.0384 -106.415 -61.3303 -123.8 
-110 -236.606 -49 44 -85.8689 -108.125 -58.1713 -121.017 
-110 -236.606 -49 44 -85.8689 -108.125 -58.1713 -121.017 
-106 -243.611 -50 45 -76.7549 -96.7095 -55.7717 -116.331 
-106 -243.611 -50 45 -76.7549 -96.7095 -55.7717 -116.331 
-118 -236.694 -50 45 -84.3345 -107.348 -58.1284 -122.085 
-102 -244.354 -50 45 -76.7716 -96.8259 -53.5204 -115.298 
-108 -237.735 -49 44 -84.5895 -107.307 -59.1219 -121.699 
-92 -246.293 -49 44 -76.4839 -95.158 -53.4153 -112.89 
-122 -235.951 -50 45 -84.3178 -107.232 -60.3797 -123.118 
-90 -245.033 -49 44 -78.2892 -97.4856 -55.8146 -115.262 
-98 -240.088 -49 44 -84.5963 -97.7725 -51.0376 -105.589 
-122 -235.951 -50 45 -84.3178 -107.232 -60.3797 -123.118 
-118 -236.848 -50 45 -83.7752 -105.605 -59.2811 -121.097 
-119 -237.011 -50 45 -83.0384 -106.415 -61.3303 -123.8 
-104 -244.74 -50 45 -75.4755 -95.8924 -56.7223 -117.012 
-96 -244.267 -49 44 -78.3059 -97.602 -53.5633 -114.229 
-96 -244.267 -49 44 -78.3059 -97.602 -53.5633 -114.229 
-110 -233.325 -49 44 -91.6165 -106.668 -54.547 -110.356 
-121 -235.948 -50 45 -84.3178 -107.232 -60.3797 -123.118 
-98 -234.294 -48 44 -93.3353 -109.422 -52.9243 -111.557 
-108 -237.504 -49 44 -85.3262 -106.498 -57.0727 -118.996 
-109 -237.666 -49 44 -84.5895 -107.307 -59.1219 -121.699 
-94 -240.566 -49 44 -84.0183 -107.313 -56.5199 -119.739 
-94 -245.395 -49 44 -77.0265 -96.785 -54.5139 -114.911 
-97 -244.264 -49 44 -78.3059 -97.602 -53.5633 -114.229 
-108 -233.195 -49 44 -92.1425 -108.179 -57.8969 -113.41 
-111 -236.603 -49 44 -85.8689 -108.125 -58.1713 -121.017 
-104 -244.509 -50 45 -76.2122 -95.0825 -54.6731 -114.31 
-105 -244.671 -50 45 -75.4755 -95.8924 -56.7223 -117.012 
-106 -238.632 -49 44 -84.0468 -105.68 -58.0233 -119.678 
-96 -240.986 -49 44 -84.0536 -96.1455 -49.939 -103.568 
-107 -243.608 -50 45 -76.7549 -96.7095 -55.7717 -116.331 
-120 -232.515 -50 45 -90.6249 -107.519 -55.6027 -113.445 
-98 -235.22 -49 44 -91.522 -109.26 -54.7701 -113.706 
-94 -245.164 -49 44 -77.7633 -95.975 -52.4647 -112.208 
-95 -245.326 -49 44 -77.0265 -96.785 -54.5139 -114.911 
-124 -231.773 -50 45 -90.6082 -107.402 -57.854 -114.478 
FEATURES_TXT_END_0
FEATURES_TXT_BEGIN_0 92 94 8 Distortion0_0 LM0_0 WordPenalty0_0 PhrasePenalty0_0 TranslationModel0_0 TranslationModel0_1 TranslationModel0_2 TranslationModel0_3 
-59 -184.119 -33 27 -41.7594 -58.0257 -25.0693 -52.4632 
-53 -185.284 -33 27 -41.7594 -58.0257 -25.0693 -52.4632 
-59 -183.505 -33 27 -43.1457 -58.6788 -25.4748 -52.7509 
-55 -185.795 -33 27 -40.7893 -56.9603 -26.8611 -55.7136 
-59 -184.052 -34 27 -42.4526 -58.6788 -26.1679 -52.7509 
-53 -184.67 -33 27 -43.1457 -58.6788 -25.4748 -52.7509 
-63 -184.119 -33 27 -41.7594 -58.0257 -25.0693 -52.4632 
-63 -181.508 -32 27 -45.807 -62.8672 -24.8462 -53.1008 
-55 -185.335 -33 27 -41.9679 -58.0257 -24.9068 -52.4632 
-55 -185.181 -33 27 -42.1756 -57.6135 -27.2665 -56.0013 
-53 -185.217 -34 27 -42.4526 -58.6788 -26.1679 -52.7509 
-55 -186.826 -33 27 -40.02 -54.9533 -24.6638 -51.2876 
-63 -183.505 -33 27 -43.1457 -58.6788 -25.4748 -52.7509 
-65 -184.119 -33 27 -41.7594 -58.0257 -25.0693 -52.4632 
-55 -185.727 -34 27 -41.4824 -57.6135 -27.9597 -56.0013 
-57 -182.673 -32 27 -45.807 -62.8672 -24.8462 -53.1008 
-49 -186.5 -33 27 -41.9679 -58.0257 -24.9068 -52.4632 
-57 -185.413 -33 27 -41.7594 -58.0257 -25.0693 -52.4632 
-63 -180.894 -32 27 -47.1933 -63.5203 -25.2516 -53.3885 
-57 -185.448 -33 27 -41.9447 -56.7447 -23.1234 -48.8984 
-55 -184.721 -33 27 -43.3542 -58.6788 -25.3123 -52.7509 
-57 -184.262 -34 27 -43.5491 -56.7086 -26.6498 -49.8567 
-53 -186.541 -33 27 -41.1587 -56.7163 -26.1679 -53.5164 
-63 -184.052 -34 27 -42.4526 -58.6788 -26.1679 -52.7509 
-57 -186.793 -33 27 -39.9094 -56.7544 -23.9707 -51.6159 
-55 -186.212 -33 27 -41.4063 -55.6064 -25.0693 -51.5753 
-55 -185.758 -33 27 -41.9679 -58.0257 -24.9068 -52.4632 
-53 -183.889 -32 27 -46.0155 -62.8672 -24.6837 -53.1008 
-51 -187.011 -33 27 -40.9978 -56.9603 -26.6986 -55.7136 
-59 -185.284 -33 27 -41.7594 -58.0257 -25.0693 -52.4632 
-59 -186.189 -35 27 -40.5584 -54.9733 -24.222 -50.2847 
-63 -181.44 -33 27 -46.5002 -63.5203 -25.9448 -53.3885 
-65 -183.505 -33 27 -43.1457 -58.6788 -25.4748 -52.7509 
-55 -185.268 -34 27 -42.6611 -58.6788 -26.0054 -52.7509 
-51 -186.642 -34 27 -41.6677 -56.3325 -26.0138 -52.4365 
-67 -184.119 -33 27 -41.7594 -58.0257 -25.0693 -52.4632 
-57 -182.059 -32 27 -47.1933 -63.5203 -25.2516 -53.3885 
-51 -186.613 -33 27 -41.9447 -56.7447 -23.1234 -48.8984 
-49 -185.887 -33 27 -43.3542 -58.6788 -25.3123 -52.7509 
-57 -184.799 -33 27 -43.1457 -58.6788 -25.4748 -52.7509 
-59 -184.372 -35 27 -43.209 -57.3565 -27.0552 -52.1309 
-67 -181.508 -32 27 -45.807 -62.8672 -24.8462 -53.1008 
-59 -185.335 -33 27 -41.9679 -58.0257 -24.9068 -52.4632 
-55 -186.759 -34 27 -40.7132 -55.6064 -25.7625 -51.5753 
-55 -185.445 -33 27 -42.8559 -56.0555 -25.5512 -49.569 
-55 -187.504 -34 27 -39.68 -55.6012 -25.0693 -53.5619 
-51 -187.958 -33 27 -39.9094 -56.7544 -23.9707 -51.6159 
-61 -185.795 -33 27 -40.7893 -56.9603 -26.8611 -55.7136 
-49 -186.923 -33 27 -41.9679 -58.0257 -24.9068 -52.4632 
-59 -185.217 -34 27 -42.4526 -58.6788 -26.1679 -52.7509 
-53 -185.927 -33 27 -42.5449 -57.3694 -26.5734 -53.8041 
-65 -184.052 -34 27 -42.4526 -58.6788 -26.1679 -52.7509 
-59 -182.724 -32 27 -46.0155 -62.8672 -24.6837 -53.1008 
-57 -184.813 -35 27 -43.209 -57.3565 -27.0552 -52.1309 
-55 -185.144 -33 27 -43.3542 -58.6788 -25.3123 -52.7509 
-51 -186.943 -34 27 -41.6909 -57.6135 -27.7972 -56.0013 
-57 -182.605 -33 27 -46.5002 -63.5203 -25.9448 -53.3885 
-53 -187.123 -33 27 -40.9745 -55.6794 -24.9152 -52.1488 
-51 -186.397 -33 27 -42.3841 -57.6135 -27.104 -56.0013 
-59 -184.67 -33 27 -43.1457 -58.6788 -25.4748 -52.7509 
-49 -186.433 -34 27 -42.6611 -58.6788 -26.0054 -52.7509 
-55 -184.805 -33 27 -44.0156 -59.1379 -24.9068 -53.3795 
-61 -185.284 -33 27 -41.7594 -58.0257 -25.0693 -52.4632 
-61 -185.181 -33 27 -42.1756 -57.6135 -27.2665 -56.0013 
-53 -186.554 -33 27 -41.612 -57.9146 -26.8611 -55.0205 
-57 -185.345 -34 27 -42.4526 -58.6788 -26.1679 -52.7509 
-59 -185.63 -33 27 -41.9447 -56.7447 -23.1234 -48.8984 
-57 -187.373 -34 27 -39.8652 -54.3202 -23.1234 -49.997 
-67 -183.505 -33 27 -43.1457 -58.6788 -25.4748 -52.7509 
-61 -185.362 -33 27 -41.9447 -56.7447 -23.1234 -48.8984 
-53 -184.518 -34 27 -44.6877 -58.4716 -28.1538 -52.0855 
-49 -187.825 -33 27 -40.9745 -55.6794 -24.9152 -52.1488 
-69 -184.119 -33 27 -41.7594 -58.0257 -25.0693 -52.4632 
-55 -188.055 -35 27 -38.8851 -55.9633 -26.8611 -55.8361 
-51 -188.042 -33 27 -40.2285 -54.9533 -24.5013 -51.2876 
-53 -188.469 -33 27 -38.9393 -55.6891 -25.7625 -54.8663 
-51 -187.434 -33 27 -40.9978 -56.9603 -26.6986 -55.7136 
-57 -185.445 -33 27 -42.8559 -56.0555 -25.5512 -49.569 
-53 -186.474 -34 27 -41.8518 -57.3694 -27.2665 -53.8041 
-57 -185.555 -34 27 -42.5159 -56.7033 -25.9566 -51.8433 
-61 -185.413 -33 27 -41.7594 -58.0257 -25.0693 -52.4632 
-67 -180.894 -32 27 -47.1933 -63.5203 -25.2516 -53.3885 
-51 -187.673 -34 27 -40.8984 -54.3255 -23.8165 -48.0104 
-55 -187.09 -34 27 -40.5816 -58.623 -24.9068 -56.0523 
-61 -185.448 -33 27 -41.9447 -56.7447 -23.1234 -48.8984 
-59 -184.721 -33 27 -43.3542 -58.6788 -25.3123 -52.7509 
-59 -185.208 -34 27 -42.6378 -57.3979 -24.222 -49.1861 
-69 -181.508 -32 27 -45.807 -62.8672 -24.8462 -53.1008 
-55 -184.831 -33 27 -44.2422 -56.7086 -25.9566 -49.8567 
-55 -185.691 -34 27 -42.6611 -58.6788 -26.0054 -52.7509 
-63 -185.148 -33 27 -41.7594 -58.0257 -25.0693 -52.4632 
-51 -185.145 -34 27 -44.3183 -58.7156 -28.847 -54.2827 
-61 -185.335 -33 27 -41.9679 -58.0257 -24.9068 -52.4632 
-55 -186.89 -34 27 -41.0663 -56.2543 -25.4748 -53.8495 
FEATURES_TXT_END_0
FEATURES_TXT_BEGIN_0 93 100 8 Distortion0_0 LM0_0 WordPenalty0_0 PhrasePenalty0_0 TranslationModel0_0 TranslationModel0_1 TranslationModel0_2 TranslationModel0_3 
-106 -227.57 -47 40 -73.3269 -102.491 -42.5401 -116.262 
-106 -227.374 -47 40 -73.7687 -102.002 -43.7929 -117.04 
-104 -225.649 -48 41 -76.6292 -104.3 -48.8493 -121.879 
-108 -228.375 -45 40 -72.4146 -101.29 -37.9382 -112.125 
-102 -228.074 -47 40 -73.6 -102.886 -46.3059 -118.58 
-102 -226.867 -46 39 -75.9885 -102.026 -41.3941 -113.119 
-108 -228.179 -45 40 -72.8565 -100.801 -39.191 -112.903 
-106 -227.506 -47 40 -73.7687 -103.799 -43.7929 -117.927 
-106 -226.454 -46 41 -75.7169 -103.099 -44.2474 -117.742 
-104 -226.484 -48 41 -75.8444 -104.192 -46.3362 -120.298 
-100 -227.773 -47 40 -74.7527 -103.178 -46.3059 -119.246 
-100 -226.936 -47 40 -76.2769 -102.914 -45.7292 -119.668 
-102 -227.878 -47 40 -74.0419 -102.397 -47.5587 -119.357 
-102 -226.671 -46 39 -76.4304 -101.537 -42.6468 -113.896 
-106 -228.013 -47 40 -73.3269 -102.491 -42.5401 -116.262 
-108 -226.808 -48 41 -74.7514 -102.827 -44.6315 -118.677 
-104 -228.878 -45 40 -72.6877 -101.685 -41.704 -114.443 
-104 -227.671 -44 39 -75.0763 -100.826 -36.7922 -108.982 
-110 -225.719 -48 41 -75.8444 -104.192 -46.3362 -120.298 
-98 -229.36 -46 39 -73.2477 -101.5 -43.1858 -116.369 
-108 -228.311 -45 40 -72.8565 -102.599 -39.191 -113.79 
-106 -227.817 -47 40 -73.7687 -102.002 -43.7929 -117.04 
-106 -227.288 -46 41 -74.9321 -102.991 -41.7343 -116.161 
-102 -228.578 -45 40 -73.8404 -101.977 -41.704 -115.109 
-102 -227.74 -45 40 -75.3646 -101.713 -41.1273 -115.531 
-104 -228.683 -45 40 -73.1296 -101.196 -42.9568 -115.221 
-104 -227.475 -44 39 -75.5181 -100.337 -38.0449 -109.76 
-96 -229.059 -46 39 -74.4004 -101.792 -43.1858 -117.036 
-102 -228.01 -47 40 -74.0419 -104.194 -47.5587 -120.245 
-102 -226.803 -46 39 -76.4304 -103.335 -42.6468 -114.784 
-106 -229.119 -45 40 -72.4146 -101.29 -37.9382 -112.125 
-98 -229.164 -46 39 -73.6895 -101.011 -44.4386 -117.147 
-108 -228.817 -45 40 -72.4146 -101.29 -37.9382 -112.125 
-100 -226.988 -48 41 -76.1175 -104.587 -50.102 -122.615 
-100 -225.78 -47 40 -78.506 -103.727 -45.1902 -117.154 
-110 -226.692 -48 41 -74.7514 -102.827 -44.6315 -118.677 
-110 -227.613 -46 41 -73.8392 -101.626 -40.0296 -114.54 
-106 -229.828 -47 40 -70.7619 -102.309 -42.5401 -117.649 
-110 -226.053 -48 41 -75.6452 -103.124 -46.3362 -119.673 
-108 -228.914 -45 40 -72.4146 -100.528 -37.245 -110.516 
-112 -226.523 -46 41 -74.9321 -102.991 -41.7343 -116.161 
-100 -230.164 -44 39 -72.3354 -100.299 -38.5839 -112.232 
-106 -228.923 -45 40 -72.8565 -100.801 -39.191 -112.903 
-108 -228.621 -45 40 -72.8565 -100.801 -39.191 -112.903 
-110 -225.509 -46 39 -76.6535 -103.836 -43.34 -116.037 
-104 -226.105 -47 40 -77.4131 -102.362 -43.4854 -115.534 
-106 -229.633 -47 40 -71.2038 -101.82 -43.7929 -118.426 
-104 -227.198 -46 41 -75.7169 -103.099 -44.2474 -117.742 
-106 -227.949 -47 40 -73.7687 -103.799 -43.7929 -117.927 
-108 -228.719 -45 40 -72.8565 -100.039 -38.4978 -111.294 
-104 -226.926 -48 41 -75.8444 -104.192 -46.3362 -120.298 
-104 -227.106 -48 41 -75.6452 -103.124 -46.3362 -119.673 
-108 -226.668 -47 40 -75.6321 -101.022 -43.5697 -114.628 
-106 -225.015 -47 40 -78.506 -103.727 -45.1902 -117.154 
-104 -227.908 -48 41 -74.0643 -104.117 -48.8493 -123.265 
-98 -229.864 -44 39 -73.4881 -100.591 -38.5839 -112.899 
-106 -226.994 -46 41 -75.7169 -102.337 -43.5542 -116.133 
-104 -228.815 -45 40 -73.1296 -102.993 -42.9568 -116.108 
-104 -227.607 -44 39 -75.5181 -102.134 -38.0449 -110.647 
-100 -229.969 -44 39 -72.7773 -99.8104 -39.8367 -113.01 
-102 -227.792 -46 41 -75.2052 -103.386 -45.5001 -118.478 
-102 -226.585 -45 40 -77.5938 -102.527 -40.5883 -113.017 
-112 -227.496 -46 41 -73.8392 -101.626 -40.0296 -114.54 
-112 -226.857 -46 41 -74.733 -101.923 -41.7343 -115.536 
-102 -230.521 -45 40 -71.693 -98.4674 -37.245 -107.425 
-98 -229.296 -46 39 -73.6895 -102.808 -44.4386 -118.034 
-96 -228.274 -47 40 -75.7652 -103.201 -46.982 -120.405 
-108 -226.473 -47 40 -76.0739 -100.534 -44.8225 -115.406 
-112 -227.57 -47 40 -73.3269 -102.491 -42.5401 -116.262 
-100 -229.418 -47 40 -73.3269 -102.491 -42.5401 -116.262 
-102 -229.623 -45 40 -72.6877 -101.685 -41.704 -114.443 
-102 -228.416 -44 39 -75.0763 -100.826 -36.7922 -108.982 
-108 -227.225 -47 40 -74.7416 -105.053 -42.5401 -118.255 
-102 -231.069 -45 40 -70.9999 -97.9662 -37.245 -108.523 
-100 -227.064 -48 41 -76.6292 -104.3 -48.8493 -121.879 
-106 -224.748 -48 41 -78.9344 -102.831 -49.8789 -120.245 
-106 -225.988 -47 40 -77.4131 -102.362 -43.4854 -115.534 
-106 -226.949 -48 41 -75.6452 -103.124 -46.3362 -119.673 
-112 -226.313 -44 39 -75.7413 -102.636 -38.7381 -111.9 
-106 -226.909 -45 40 -76.5008 -101.161 -38.8835 -111.397 
-102 -230.332 -47 40 -71.0351 -102.703 -46.3059 -119.966 
-102 -229.125 -46 39 -73.4236 -101.844 -41.3941 -114.505 
-106 -225.349 -47 40 -78.3069 -102.659 -45.1902 -116.529 
-104 -229.418 -45 40 -72.6877 -100.923 -41.0109 -112.833 
-104 -228.211 -44 39 -75.0763 -100.063 -36.099 -107.372 
-106 -229.055 -45 40 -72.8565 -102.599 -39.191 -113.79 
-102 -230.325 -45 40 -72.1349 -97.9787 -38.4978 -108.203 
-112 -226.053 -48 41 -75.6452 -103.124 -46.3362 -119.673 
-108 -228.753 -45 40 -72.8565 -102.599 -39.191 -113.79 
-104 -228.771 -48 41 -73.4772 -102.17 -44.6315 -119.188 
-104 -228.033 -46 41 -74.9321 -102.991 -41.7343 -116.161 
-110 -229.635 -45 40 -71.1352 -100.473 -38.8888 -112.807 
-106 -227.731 -46 41 -74.9321 -102.991 -41.7343 -116.161 
-106 -227.91 -46 41 -74.733 -101.923 -41.7343 -115.536 
-110 -227.473 -45 40 -74.7198 -99.8217 -38.9678 -110.491 
-108 -225.819 -45 40 -77.5938 -102.527 -40.5883 -113.017 
-106 -229.765 -47 40 -71.2038 -103.617 -43.7929 -119.314 
-98 -229.118 -47 40 -74.4796 -102.783 -42.5401 -116.929 
-100 -228.6 -46 41 -74.9954 -100.276 -43.5542 -113.041 
-100 -229.322 -45 40 -73.8404 -101.977 -41.704 -115.109 
FEATURES_TXT_END_0
FEATURES_TXT_BEGIN_0 94 100 8 Distortion0_0 LM0_0 WordPenalty0_0 PhrasePenalty0_0 TranslationModel0_0 TranslationModel0_1 TranslationModel0_2 TranslationModel0_3 
-89 -254.691 -53 46 -74.6016 -122.673 -49.875 -140.667 
-81 -257.564 -53 46 -72.3301 -120.908 -46.9846 -137.785 
-81 -257.906 -53 46 -72.0666 -120.593 -46.5792 -138.01 
-83 -255.839 -53 46 -74.7036 -122.673 -48.1794 -140.667 
-75 -258.712 -53 46 -72.432 -120.908 -45.289 -137.785 
-81 -254.063 -52 46 -78.5163 -124.198 -44.3727 -138.121 
-73 -256.936 -52 46 -76.2448 -122.432 -41.4824 -135.238 
-83 -255.712 -52 46 -76.03 -120.774 -40.5463 -134.659 
-75 -258.585 -52 46 -73.7584 -119.009 -37.6559 -131.777 
-75 -259.054 -53 46 -72.1685 -120.593 -44.8836 -138.01 
-89 -257.009 -52 46 -72.2023 -119.25 -44.6623 -137.205 
-81 -259.881 -52 46 -69.9308 -117.484 -41.7719 -134.323 
-73 -257.278 -52 46 -75.9813 -122.117 -41.0769 -135.464 
-75 -258.927 -52 46 -73.4949 -118.694 -37.2504 -132.003 
-81 -260.223 -52 46 -69.6673 -117.17 -41.3664 -134.549 
-77 -258.387 -53 46 -72.6093 -122.22 -47.6778 -140.031 
-83 -258.157 -52 46 -72.3042 -119.25 -42.9666 -137.205 
-75 -261.03 -52 46 -70.0327 -117.484 -40.0763 -134.323 
-81 -256.381 -51 46 -76.117 -120.774 -39.16 -134.659 
-73 -259.254 -51 46 -73.8454 -119.009 -36.2696 -131.777 
-93 -254.691 -53 46 -74.6016 -122.673 -49.875 -140.667 
-81 -260.28 -53 46 -69.1218 -118.907 -46.047 -137.286 
-75 -261.372 -52 46 -69.7692 -117.17 -39.6708 -134.549 
-85 -257.564 -53 46 -72.3301 -120.908 -46.9846 -137.785 
-71 -259.535 -53 46 -72.7112 -122.22 -45.9822 -140.031 
-89 -254.096 -53 46 -77.1934 -124.731 -42.6496 -136.412 
-73 -259.596 -51 46 -73.582 -118.694 -35.8641 -132.003 
-89 -255.138 -52 46 -75.3593 -122.673 -47.6778 -140.667 
-81 -256.968 -53 46 -74.9219 -122.966 -39.7592 -133.53 
-69 -257.759 -52 46 -76.524 -123.744 -42.1755 -137.485 
-91 -255.744 -53 46 -74.7071 -121.308 -38.8231 -132.951 
-81 -258.011 -52 46 -73.0878 -120.908 -44.7874 -137.785 
-83 -258.617 -53 46 -72.4355 -119.542 -35.9327 -130.068 
-71 -259.408 -52 46 -74.0376 -120.321 -38.349 -134.023 
-89 -255.449 -53 46 -74.3785 -123.048 -51.9545 -142.325 
-85 -257.906 -53 46 -72.0666 -120.593 -46.5792 -138.01 
-79 -258.643 -52 46 -72.4756 -119.34 -46.8985 -136.784 
-87 -255.839 -53 46 -74.7036 -122.673 -48.1794 -140.667 
-81 -258.321 -53 46 -72.107 -121.282 -49.0641 -139.443 
-75 -261.428 -53 46 -69.2238 -118.907 -44.3513 -137.286 
-77 -259.159 -53 46 -72.0666 -120.593 -46.5792 -138.01 
-71 -261.516 -52 46 -70.204 -117.575 -44.0081 -133.902 
-79 -258.712 -53 46 -72.432 -120.908 -45.289 -137.785 
-77 -260.705 -52 46 -70.2099 -118.797 -42.465 -136.57 
-81 -257.31 -53 46 -74.6584 -122.651 -39.3537 -133.755 
-85 -254.063 -52 46 -78.5163 -124.198 -44.3727 -138.121 
-73 -259.652 -52 46 -73.0365 -120.431 -40.5447 -134.74 
-81 -258.353 -52 46 -72.8243 -120.593 -44.382 -138.01 
-77 -256.936 -52 46 -76.2448 -122.432 -41.4824 -135.238 
-83 -256.286 -52 46 -75.4612 -122.673 -45.9822 -140.667 
-83 -258.959 -53 46 -72.172 -119.228 -35.5273 -130.294 
-87 -255.712 -52 46 -76.03 -120.774 -40.5463 -134.659 
-75 -261.301 -52 46 -70.5502 -117.008 -36.7182 -131.278 
-75 -259.159 -52 46 -73.1897 -120.908 -43.0918 -137.785 
-81 -258.663 -53 46 -71.8435 -120.968 -48.6586 -139.668 
-79 -258.585 -52 46 -73.7584 -119.009 -37.6559 -131.777 
-71 -261.858 -52 46 -69.9405 -117.26 -43.6026 -134.127 
-83 -256.597 -53 46 -74.4804 -123.048 -50.2588 -142.325 
-95 -254.691 -53 46 -74.6016 -122.673 -49.875 -140.667 
-79 -259.054 -53 46 -72.1685 -120.593 -44.8836 -138.01 
-93 -257.009 -52 46 -72.2023 -119.25 -44.6623 -137.205 
-75 -259.47 -53 46 -72.2089 -121.282 -47.3685 -139.443 
-81 -254.511 -51 46 -79.274 -124.198 -42.1755 -138.121 
-81 -262.597 -52 46 -66.7225 -115.484 -40.8342 -133.825 
-87 -257.564 -53 46 -72.3301 -120.908 -46.9846 -137.785 
-71 -260.307 -53 46 -72.1685 -120.593 -44.8836 -138.01 
-85 -259.881 -52 46 -69.9308 -117.484 -41.7719 -134.323 
-71 -261.853 -52 46 -70.3119 -118.797 -40.7694 -136.57 
-73 -257.384 -51 46 -77.0025 -122.432 -39.2851 -135.238 
-81 -254.821 -52 46 -78.2932 -124.573 -46.4522 -139.779 
-87 -255.789 -52 46 -75.4613 -122.703 -45.9822 -140.542 
-77 -257.278 -52 46 -75.9813 -122.117 -41.0769 -135.464 
-89 -256.413 -52 46 -74.7941 -121.308 -37.4368 -132.951 
-73 -257.694 -52 46 -76.0217 -122.807 -43.5618 -136.897 
-91 -255.138 -52 46 -75.3593 -122.673 -47.6778 -140.667 
-79 -258.662 -52 46 -73.1897 -120.938 -43.0918 -137.659 
-69 -258.532 -52 46 -75.9813 -122.117 -41.0769 -135.464 
-75 -259.501 -52 46 -72.9262 -120.593 -42.6863 -138.01 
-83 -256.47 -52 46 -75.8068 -121.149 -42.6257 -136.317 
-81 -259.286 -52 46 -72.5225 -119.542 -34.5464 -130.068 
-69 -260.077 -51 46 -74.1246 -120.321 -36.9628 -134.023 
-79 -258.927 -52 46 -73.4949 -118.694 -37.2504 -132.003 
-83 -258.011 -52 46 -73.0878 -120.908 -44.7874 -137.785 
-75 -259.343 -52 46 -73.5353 -119.384 -39.7353 -133.435 
-71 -260.18 -52 46 -73.4949 -118.694 -37.2504 -132.003 
-75 -259.812 -53 46 -71.9454 -120.968 -46.963 -139.668 
-87 -257.906 -53 46 -72.0666 -120.593 -46.5792 -138.01 
-89 -257.766 -52 46 -71.9791 -119.625 -46.7417 -138.864 
-89 -255.839 -53 46 -74.7036 -122.673 -48.1794 -140.667 
-85 -260.223 -52 46 -69.6673 -117.17 -41.3664 -134.549 
-73 -257.726 -51 46 -76.739 -122.117 -38.8797 -135.464 
-81 -258.387 -53 46 -72.6093 -122.22 -47.6778 -140.031 
-87 -258.157 -52 46 -72.3042 -119.25 -42.9666 -137.205 
-81 -256.924 -52 46 -75.0783 -122.764 -47.4863 -140.246 
-81 -260.639 -52 46 -69.7076 -117.859 -43.8513 -135.981 
-89 -257.546 -53 46 -71.999 -119.25 -49.2872 -137.205 
-75 -263.746 -52 46 -66.8244 -115.484 -39.1386 -133.825 
-81 -258.712 -53 46 -72.432 -120.908 -45.289 -137.785 
-77 -261.477 -52 46 -69.6673 -117.17 -41.3664 -134.549 
-79 -261.03 -52 46 -70.0327 -117.484 -40.0763 -134.323 
FEATURES_TXT_END_0
FEATURES_TXT_BEGIN_0 95 43 8 Distortion0_0 LM0_0 WordPenalty0_0 PhrasePenalty0_0 TranslationModel0_0 TranslationModel0_1 TranslationModel0_2 TranslationModel0_3 
-87 -279.589 -50 47 -77.6731 -95.9658 -50.1258 -102.534 
-94 -277.679 -51 47 -80.3194 -98.6435 -49.1752 -100.404 
-87 -279.113 -50 47 -78.2909 -96.198 -51.7353 -102.836 
-81 -281.568 -50 47 -77.7174 -94.9612 -48.8136 -101.04 
-93 -277.586 -50 47 -79.5325 -96.5422 -51.2244 -102.534 
-93 -279.113 -50 47 -78.2909 -96.198 -51.7353 -102.836 
-88 -278.478 -50 47 -79.5325 -96.5422 -51.2244 -102.534 
-89 -281.045 -50 47 -76.837 -94.729 -46.2138 -100.738 
-89 -279.589 -50 47 -77.6731 -95.9658 -50.1258 -102.534 
-81 -282.043 -50 47 -77.0996 -94.729 -47.2042 -100.738 
-92 -280.524 -51 48 -76.3752 -95.9928 -51.6315 -104.632 
-89 -279.113 -50 47 -78.2909 -96.198 -51.7353 -102.836 
-89 -279.947 -51 47 -77.6501 -96.8459 -53.6812 -105.11 
-93 -279.589 -50 47 -77.6731 -95.9658 -50.1258 -102.534 
-91 -278.79 -51 47 -78.46 -98.067 -48.0766 -100.404 
-91 -278.314 -51 47 -79.0778 -98.2993 -49.686 -100.706 
-95 -277.586 -50 47 -79.5325 -96.5422 -51.2244 -102.534 
-91 -278.945 -51 47 -79.0778 -96.5022 -49.686 -99.8185 
-89 -280.423 -51 47 -77.0323 -96.6136 -52.0717 -104.808 
-97 -276.787 -51 47 -80.3194 -98.6435 -49.1752 -100.404 
-90 -278.478 -50 47 -79.5325 -96.5422 -51.2244 -102.534 
-88 -279.934 -50 47 -78.6964 -95.3054 -47.3124 -100.738 
-91 -279.42 -51 47 -78.46 -96.2699 -48.0766 -99.5162 
-87 -280.423 -51 47 -77.0323 -96.6136 -52.0717 -104.808 
-92 -278.478 -50 47 -79.5325 -96.5422 -51.2244 -102.534 
-91 -279.589 -50 47 -77.6731 -95.9658 -50.1258 -102.534 
-88 -279.312 -51 47 -78.8917 -97.1901 -53.1703 -104.808 
-101 -273.918 -50 47 -83.793 -104.493 -53.4057 -107.549 
-87 -279.947 -51 47 -77.6501 -96.8459 -53.6812 -105.11 
-99 -276.787 -51 47 -80.3194 -98.6435 -49.1752 -100.404 
-87 -281.045 -50 47 -76.837 -94.729 -46.2138 -100.738 
-101 -274.394 -50 47 -83.1752 -104.261 -51.7962 -107.247 
-91 -279.113 -50 47 -78.2909 -96.198 -51.7353 -102.836 
-97 -279.631 -51 48 -76.3752 -95.9928 -51.6315 -104.632 
-93 -279.041 -50 47 -78.6964 -95.3054 -47.3124 -100.738 
-92 -277.679 -51 47 -80.3194 -98.6435 -49.1752 -100.404 
-87 -280.569 -50 47 -77.4548 -94.9612 -47.8232 -101.04 
-97 -277.586 -50 47 -79.5325 -96.5422 -51.2244 -102.534 
-91 -281.635 -51 48 -74.5157 -95.4164 -50.5329 -104.632 
-93 -278.42 -51 47 -78.8917 -97.1901 -53.1703 -104.808 
-91 -281.159 -51 48 -75.1335 -95.6486 -52.1424 -104.934 
-93 -278.314 -51 47 -79.0778 -98.2993 -49.686 -100.706 
-93 -278.79 -51 47 -78.46 -98.067 -48.0766 -100.404 
FEATURES_TXT_END_0
FEATURES_TXT_BEGIN_0 96 96 8 Distortion0_0 LM0_0 WordPenalty0_0 PhrasePenalty0_0 TranslationModel0_0 TranslationModel0_1 TranslationModel0_2 TranslationModel0_3 
-111 -316.046 -66 59 -76.6153 -128.282 -47.5638 -147.418 
-111 -313.75 -65 59 -80.353 -128.175 -48.257 -144.108 
-111 -314.956 -65 58 -78.7477 -127.817 -45.0161 -144.275 
-111 -312.66 -64 58 -82.4854 -127.71 -45.7092 -140.965 
-121 -313.518 -66 59 -78.5848 -130.099 -44.9873 -145.908 
-121 -311.222 -65 59 -82.3224 -129.992 -45.6805 -142.599 
-121 -312.427 -65 58 -80.7171 -129.634 -42.4396 -142.765 
-113 -316.046 -66 59 -76.6153 -128.282 -47.5638 -147.418 
-125 -311.788 -66 59 -80.1886 -130.905 -48.5708 -146.813 
-121 -310.131 -64 58 -84.4548 -129.527 -43.1327 -139.455 
-111 -316.266 -66 59 -76.6153 -130.079 -47.5638 -148.305 
-113 -313.75 -65 59 -80.353 -128.175 -48.257 -144.108 
-125 -309.492 -65 59 -83.9263 -130.798 -49.264 -143.504 
-121 -309.418 -66 59 -84.5129 -137.748 -50.9604 -154.212 
-111 -313.971 -65 59 -80.353 -129.972 -48.257 -144.996 
-111 -317.292 -66 59 -75.5078 -127.092 -45.4844 -146.052 
-121 -309.481 -65 59 -84.9237 -134.109 -48.6624 -148.302 
-113 -314.956 -65 58 -78.7477 -127.817 -45.0161 -144.275 
-125 -310.697 -65 58 -82.321 -130.44 -46.0231 -143.67 
-121 -307.122 -65 59 -88.2505 -137.641 -51.6536 -150.902 
-111 -315.176 -65 58 -78.7477 -129.614 -45.0161 -145.162 
-111 -314.996 -65 59 -79.2454 -126.985 -46.1775 -142.742 
-121 -307.185 -64 59 -88.6614 -134.002 -49.3556 -144.992 
-113 -312.66 -64 58 -82.4854 -127.71 -45.7092 -140.965 
-125 -308.402 -64 58 -86.0587 -130.333 -46.7162 -140.36 
-121 -308.327 -65 58 -86.6452 -137.284 -48.4127 -151.069 
-111 -312.88 -64 58 -82.4854 -129.507 -45.7092 -141.852 
-123 -313.518 -66 59 -78.5848 -130.099 -44.9873 -145.908 
-111 -316.202 -65 58 -77.6401 -126.627 -42.9366 -142.908 
-121 -313.738 -66 59 -78.5848 -131.896 -44.9873 -146.796 
-127 -309.436 -66 59 -83.5175 -134.491 -49.4871 -149.438 
-121 -310.361 -66 59 -83.9505 -133.871 -45.9036 -147.434 
-121 -306.032 -64 58 -90.3829 -137.177 -49.1058 -147.759 
-123 -311.222 -65 59 -82.3224 -129.992 -45.6805 -142.599 
-121 -313.876 -66 59 -78.5848 -130.099 -44.9873 -145.908 
-111 -313.906 -64 58 -81.3778 -126.52 -43.6298 -139.599 
-121 -311.442 -65 59 -82.3224 -131.789 -45.6805 -143.486 
-111 -316.061 -66 59 -77.4306 -129.296 -47.5776 -148.464 
-127 -307.14 -65 59 -87.2551 -134.384 -50.1803 -146.128 
-121 -308.065 -65 59 -87.6882 -133.764 -46.5968 -144.125 
-123 -312.427 -65 58 -80.7171 -129.634 -42.4396 -142.765 
-121 -311.58 -65 59 -82.3224 -129.992 -45.6805 -142.599 
-111 -317.498 -66 59 -75.5078 -127.092 -45.4844 -146.052 
-121 -312.648 -65 58 -80.7171 -131.431 -42.4396 -143.652 
-111 -316.639 -66 59 -76.6153 -128.282 -47.5638 -147.418 
-111 -313.765 -65 59 -81.1683 -129.189 -48.2707 -145.154 
-127 -309.919 -66 59 -83.0212 -134.875 -47.9831 -149.899 
-125 -313.518 -66 59 -78.5848 -130.099 -44.9873 -145.908 
-127 -308.346 -65 58 -85.6498 -134.026 -46.9394 -146.294 
-127 -311.788 -66 59 -80.1886 -130.905 -48.5708 -146.813 
-121 -309.27 -65 58 -86.0829 -133.406 -43.3559 -144.291 
-123 -310.131 -64 58 -84.4548 -129.527 -43.1327 -139.455 
-121 -312.786 -65 58 -80.7171 -129.634 -42.4396 -142.765 
-113 -316.266 -66 59 -76.6153 -130.079 -47.5638 -148.305 
-125 -312.008 -66 59 -80.1886 -132.702 -48.5708 -147.7 
-111 -315.202 -65 59 -79.2454 -126.985 -46.1775 -142.742 
-121 -310.352 -64 58 -84.4548 -131.324 -43.1327 -140.342 
-111 -314.343 -65 59 -80.353 -128.175 -48.257 -144.108 
-127 -307.623 -65 59 -86.7589 -134.768 -48.6762 -146.589 
-125 -308.622 -64 58 -86.0587 -132.13 -46.7162 -141.247 
-111 -314.971 -65 58 -79.563 -128.831 -45.0299 -145.32 
-127 -306.05 -64 58 -89.3875 -133.919 -47.6325 -142.985 
-121 -314.011 -66 59 -78.5848 -130.099 -44.9873 -145.908 
-127 -309.492 -65 59 -83.9263 -130.798 -49.264 -143.504 
-121 -306.975 -64 58 -89.8206 -133.299 -44.049 -140.981 
-123 -309.418 -66 59 -84.5129 -137.748 -50.9604 -154.212 
-121 -310.49 -64 58 -84.4548 -129.527 -43.1327 -139.455 
-113 -313.971 -65 59 -80.353 -129.972 -48.257 -144.996 
-125 -309.712 -65 59 -83.9263 -132.595 -49.264 -144.391 
-111 -316.407 -65 58 -77.6401 -126.627 -42.9366 -142.908 
-121 -309.638 -66 59 -84.5129 -139.545 -50.9604 -155.099 
-113 -317.292 -66 59 -75.5078 -127.092 -45.4844 -146.052 
-111 -315.548 -65 58 -78.7477 -127.817 -45.0161 -144.275 
-123 -309.481 -65 59 -84.9237 -134.109 -48.6624 -148.302 
-111 -312.675 -64 58 -83.3006 -128.724 -45.723 -142.011 
-127 -308.828 -65 58 -85.1536 -134.411 -45.4353 -146.755 
-113 -312.88 -64 58 -82.4854 -129.507 -45.7092 -141.852 
-111 -317.512 -66 59 -75.5078 -128.889 -45.4844 -146.939 
-121 -309.701 -65 59 -84.9237 -135.906 -48.6624 -149.189 
-121 -311.715 -65 59 -82.3224 -129.992 -45.6805 -142.599 
-127 -310.697 -65 58 -82.321 -130.44 -46.0231 -143.67 
-123 -307.122 -65 59 -88.2505 -137.641 -51.6536 -150.902 
-113 -315.176 -65 58 -78.7477 -129.614 -45.0161 -145.162 
-125 -310.918 -65 58 -82.321 -132.237 -46.0231 -144.557 
-111 -314.111 -64 58 -81.3778 -126.52 -43.6298 -139.599 
-121 -307.342 -65 59 -88.2505 -139.438 -51.6536 -151.79 
-113 -314.996 -65 59 -79.2454 -126.985 -46.1775 -142.742 
-111 -313.252 -64 58 -82.4854 -127.71 -45.7092 -140.965 
-123 -307.185 -64 59 -88.6614 -134.002 -49.3556 -144.992 
-127 -306.533 -64 58 -88.8913 -134.304 -46.1285 -143.446 
-123 -308.327 -65 58 -86.6452 -137.284 -48.4127 -151.069 
-111 -315.216 -65 59 -79.2454 -128.782 -46.1775 -143.63 
-121 -307.406 -64 59 -88.6614 -135.799 -49.3556 -145.879 
-121 -314.11 -66 59 -78.5848 -130.099 -44.9873 -145.908 
-121 -312.92 -65 58 -80.7171 -129.634 -42.4396 -142.765 
-127 -308.402 -64 58 -86.0587 -130.333 -46.7162 -140.36 
FEATURES_TXT_END_0
FEATURES_TXT_BEGIN_0 97 100 8 Distortion0_0 LM0_0 WordPenalty0_0 PhrasePenalty0_0 TranslationModel0_0 TranslationModel0_1 TranslationModel0_2 TranslationModel0_3 
-88 -224.728 -53 47 -84.8606 -118.749 -67.6757 -124.465 
-98 -222.247 -53 47 -86.0501 -122.291 -70.2559 -127.698 
-88 -224.305 -53 47 -85.7516 -119.843 -67.388 -124.429 
-88 -224.686 -53 48 -85.0336 -119.659 -70.7867 -125.765 
-88 -223.85 -53 47 -86.526 -119.618 -69.1585 -125.871 
-98 -221.825 -53 47 -86.941 -123.385 -69.9682 -127.662 
-98 -224.159 -53 47 -83.762 -118.2 -68.3689 -124.702 
-76 -230.115 -55 46 -80.6384 -116.047 -60.3224 -127.459 
-88 -223.74 -54 47 -86.712 -119.338 -69.6681 -124.519 
-98 -222.206 -53 48 -86.223 -123.201 -73.3669 -128.998 
-98 -223.801 -53 47 -84.5109 -118.991 -67.1832 -124.524 
-100 -224.001 -53 47 -83.6139 -119.24 -68.0587 -125.879 
-88 -224.264 -53 48 -85.9246 -120.753 -70.499 -125.728 
-88 -223.428 -53 47 -87.417 -120.712 -68.8709 -125.835 
-98 -224.338 -53 47 -83.6139 -119.24 -68.0587 -125.879 
-100 -222.247 -53 47 -86.0501 -122.291 -70.2559 -127.698 
-84 -224.2 -52 47 -87.247 -120.925 -67.1817 -122.383 
-86 -227.635 -55 46 -81.8279 -119.589 -62.9026 -130.692 
-90 -224.724 -54 48 -85.0575 -119.214 -69.5533 -127.609 
-98 -223.737 -53 47 -84.653 -119.294 -68.0812 -124.666 
-88 -223.809 -53 48 -86.699 -120.528 -72.2695 -127.171 
-97 -223.845 -53 47 -84.8606 -118.749 -67.6757 -124.465 
-76 -229.693 -55 46 -81.5294 -117.141 -60.0347 -127.423 
-88 -223.318 -54 47 -87.6029 -120.432 -69.3805 -124.483 
-98 -221.783 -53 48 -87.114 -124.295 -73.0792 -128.961 
-76 -228.194 -53 45 -84.222 -117.082 -57.3462 -123.727 
-98 -223.379 -53 47 -85.4019 -120.085 -66.8956 -124.488 
-94 -221.72 -52 47 -88.4365 -124.467 -69.7619 -125.616 
-98 -224.118 -53 48 -83.935 -119.109 -71.4798 -126.001 
-100 -223.579 -53 47 -84.5049 -120.334 -67.771 -125.843 
-98 -223.282 -53 47 -85.4274 -119.069 -69.8517 -126.108 
-100 -222.244 -54 48 -86.2469 -122.756 -72.1335 -130.842 
-76 -230.074 -55 47 -80.8114 -116.957 -63.4334 -128.758 
-88 -223.699 -54 48 -86.8849 -120.247 -72.7791 -125.819 
-76 -229.238 -55 46 -82.3038 -116.916 -61.8053 -128.865 
-88 -222.863 -54 47 -88.3773 -120.207 -71.151 -125.925 
-98 -223.915 -53 47 -84.5049 -120.334 -67.771 -125.843 
-100 -221.825 -53 47 -86.941 -123.385 -69.9682 -127.662 
-84 -223.778 -52 47 -88.138 -122.019 -66.894 -122.347 
-92 -224.728 -53 47 -84.8606 -118.749 -67.6757 -124.465 
-86 -227.212 -55 46 -82.7189 -120.683 -62.615 -130.656 
-98 -223.76 -53 48 -84.6839 -119.9 -70.2942 -125.823 
-90 -224.301 -54 48 -85.9485 -120.308 -69.2656 -127.573 
-98 -222.924 -53 47 -86.1763 -119.86 -68.6661 -125.93 
-100 -223.96 -53 48 -83.7869 -120.149 -71.1696 -127.179 
-100 -223.124 -53 47 -85.2793 -120.109 -69.5415 -127.285 
-86 -229.547 -55 46 -79.5398 -115.498 -61.0156 -127.695 
-86 -225.714 -53 45 -85.4114 -120.624 -59.9264 -126.96 
-88 -223.386 -53 48 -87.59 -121.622 -71.9818 -127.134 
-98 -224.296 -53 48 -83.7869 -120.149 -71.1696 -127.179 
-100 -222.206 -53 48 -86.223 -123.201 -73.3669 -128.998 
-97 -223.423 -53 47 -85.7516 -119.843 -67.388 -124.429 
-76 -229.128 -56 46 -82.4898 -116.636 -62.3149 -127.513 
-98 -223.46 -53 47 -85.2793 -120.109 -69.5415 -127.285 
-86 -226.186 -54 47 -83.762 -119.842 -69.4675 -126.149 
-84 -223.323 -52 47 -88.9124 -121.794 -68.6645 -123.789 
-97 -224.81 -53 47 -83.5812 -117.932 -68.6263 -125.147 
-92 -223.148 -54 47 -86.9996 -120.431 -71.4599 -126.203 
-86 -227.594 -55 47 -82.0009 -120.499 -66.0136 -131.991 
-90 -224.683 -54 49 -85.2305 -120.123 -72.6643 -128.908 
-76 -227.772 -53 45 -85.1129 -118.176 -57.0585 -123.69 
-90 -223.847 -54 48 -86.7229 -120.083 -71.0361 -129.015 
-98 -221.711 -53 47 -87.7154 -123.16 -71.7388 -129.104 
-98 -223.485 -53 47 -85.6095 -119.54 -66.4901 -124.287 
-86 -229.189 -55 46 -80.2888 -116.289 -59.8299 -127.518 
-94 -221.297 -52 47 -89.3275 -125.561 -69.4742 -125.58 
-98 -223.696 -53 48 -84.826 -120.203 -71.1921 -125.965 
-90 -226.301 -52 47 -83.2314 -116.609 -66.5771 -121.364 
-88 -229.389 -55 46 -79.3918 -116.538 -60.7054 -128.873 
-98 -222.86 -53 47 -86.3184 -120.163 -69.564 -126.071 
-97 -223.804 -53 48 -85.0336 -119.659 -70.7867 -125.765 
-100 -221.821 -54 48 -87.1379 -123.85 -71.8458 -130.806 
-76 -229.652 -55 47 -81.7024 -118.051 -63.1457 -128.722 
-88 -223.276 -54 48 -87.7759 -121.341 -72.4914 -125.782 
-94 -223.632 -52 47 -86.1484 -120.376 -67.8748 -122.62 
-76 -228.816 -55 46 -83.1948 -118.01 -61.5176 -128.828 
-88 -222.44 -54 47 -89.2683 -121.3 -70.8633 -125.889 
-86 -229.726 -55 46 -79.3918 -116.538 -60.7054 -128.873 
-88 -227.635 -55 46 -81.8279 -119.589 -62.9026 -130.692 
-72 -229.588 -54 46 -83.0249 -118.223 -59.8284 -125.377 
-84 -223.213 -53 47 -89.0984 -121.514 -69.1741 -122.437 
-100 -224.156 -54 48 -83.9589 -118.664 -70.2465 -127.846 
-76 -228.153 -53 46 -84.395 -117.992 -60.4571 -125.026 
-92 -224.305 -53 47 -85.7516 -119.843 -67.388 -124.429 
-76 -227.317 -53 45 -85.8873 -117.951 -58.829 -125.132 
-98 -223.337 -53 48 -85.5749 -120.994 -70.0065 -125.787 
-90 -223.737 -55 48 -86.9088 -119.802 -71.5457 -127.663 
-98 -222.501 -53 47 -87.0673 -120.954 -68.3784 -125.894 
-100 -223.538 -53 48 -84.6779 -121.243 -70.882 -127.142 
-98 -223.241 -53 48 -85.6004 -119.978 -72.9626 -127.407 
-94 -223.274 -52 47 -86.8974 -121.167 -66.6892 -122.442 
-100 -222.702 -53 47 -86.1703 -121.203 -69.2539 -127.249 
-107 -223.277 -53 47 -83.762 -118.2 -68.3689 -124.702 
-86 -229.125 -55 46 -80.4308 -116.592 -60.7279 -127.659 
-100 -222.202 -54 49 -86.4199 -123.665 -75.2445 -132.141 
-86 -225.291 -53 45 -86.3024 -121.718 -59.6387 -126.923 
-96 -223.474 -52 47 -86.0004 -121.416 -67.5647 -123.797 
-76 -229.197 -55 47 -82.4768 -117.826 -64.9162 -130.164 
-88 -222.821 -54 48 -88.5503 -121.116 -74.2619 -127.225 
-98 -223.874 -53 48 -84.6779 -121.243 -70.882 -127.142 
FEATURES_TXT_END_0
FEATURES_TXT_BEGIN_0 98 100 8 Distortion0_0 LM0_0 WordPenalty0_0 PhrasePenalty0_0 TranslationModel0_0 TranslationModel0_1 TranslationModel0_2 TranslationModel0_3 
-64 -143.333 -34 27 -42.7556 -71.7347 -35.984 -83.5591 
-64 -144.519 -34 27 -41.4762 -70.9176 -36.9346 -84.2409 
-74 -141.298 -34 27 -44.421 -72.6036 -37.4668 -84.9649 
-68 -147.659 -33 27 -36.7543 -63.6245 -31.359 -74.8836 
-62 -147.871 -35 27 -37.7645 -66.9183 -35.1085 -80.5967 
-70 -147.659 -33 27 -36.7543 -63.6245 -31.359 -74.8836 
-68 -148.845 -33 27 -35.4749 -62.8074 -32.3096 -75.5653 
-62 -149.051 -33 27 -36.7543 -63.6245 -31.359 -74.8836 
-78 -145.624 -33 27 -38.4197 -64.4935 -32.8419 -76.2894 
-64 -143.524 -34 27 -44.421 -72.6036 -37.4668 -84.9649 
-74 -142.347 -34 27 -43.5047 -75.1446 -37.4668 -84.1911 
-64 -147.965 -35 27 -37.7645 -66.9183 -35.1085 -80.5967 
-62 -149.056 -35 27 -36.4851 -66.1012 -36.0591 -81.2785 
-70 -148.845 -33 27 -35.4749 -62.8074 -32.3096 -75.5653 
-64 -144.719 -34 27 -42.7556 -71.7347 -35.984 -83.5591 
-62 -150.236 -33 27 -35.4749 -62.8074 -32.3096 -75.5653 
-72 -145.835 -35 27 -39.4299 -67.7872 -36.5914 -82.0026 
-80 -145.624 -33 27 -38.4197 -64.4935 -32.8419 -76.2894 
-74 -144.268 -33 27 -41.726 -68.4409 -35.2908 -77.8459 
-64 -147.631 -34 27 -38.776 -68.9904 -35.984 -82.953 
-72 -147.015 -33 27 -38.4197 -64.4935 -32.8419 -76.2894 
-64 -149.151 -35 27 -36.4851 -66.1012 -36.0591 -81.2785 
-64 -145.904 -34 27 -41.4762 -70.9176 -36.9346 -84.2409 
-64 -148.437 -35 27 -37.7645 -66.9183 -35.1085 -80.5967 
-52 -151.236 -34 27 -36.3294 -63.6245 -35.8017 -74.8836 
-67 -144.827 -34 27 -42.7556 -71.7347 -35.984 -83.5591 
-68 -147.849 -33 27 -38.4197 -64.4935 -32.8419 -76.2894 
-78 -146.673 -33 27 -37.5034 -67.0345 -32.8419 -75.5155 
-74 -145.93 -35 27 -39.4299 -67.7872 -36.5914 -82.0026 
-78 -142.685 -33 28 -43.8925 -69.3296 -34.9005 -77.9018 
-74 -143.785 -34 27 -42.7556 -71.7347 -35.984 -83.5591 
-74 -142.683 -34 27 -44.421 -72.6036 -37.4668 -84.9649 
-64 -144.975 -35 28 -43.115 -71.7347 -38.811 -83.5591 
-68 -149.051 -33 27 -36.7543 -63.6245 -31.359 -74.8836 
-74 -145.453 -33 27 -40.4466 -67.6238 -36.2415 -78.5277 
-64 -148.816 -34 27 -37.4966 -68.1733 -36.9346 -83.6347 
-62 -149.321 -34 27 -37.7839 -66.9183 -32.0522 -80.5967 
-52 -151.632 -33 27 -36.7543 -63.6245 -31.359 -74.8836 
-72 -150.46 -33 28 -34.2046 -58.1408 -31.8499 -73.0993 
-64 -149.623 -35 27 -36.4851 -66.1012 -36.0591 -81.2785 
-73 -144.186 -34 27 -42.7556 -71.7347 -35.984 -83.5591 
-67 -145.89 -34 27 -41.4762 -70.9176 -36.9346 -84.2409 
-62 -148.061 -35 27 -39.4299 -67.7872 -36.5914 -82.0026 
-64 -151.323 -35 27 -34.1269 -64.0187 -34.4154 -80.5967 
-70 -147.849 -33 27 -38.4197 -64.4935 -32.8419 -76.2894 
-52 -152.421 -34 27 -35.05 -62.8074 -36.7523 -75.5653 
-72 -146.884 -35 27 -38.5136 -70.3282 -36.5914 -81.2287 
-80 -146.673 -33 27 -37.5034 -67.0345 -32.8419 -75.5155 
-58 -153.215 -34 27 -32.6918 -60.7249 -35.1085 -74.8836 
-84 -142.232 -33 27 -43.3914 -69.3099 -36.7737 -79.2518 
-74 -145.595 -34 27 -40.4413 -69.8594 -37.4668 -84.3588 
-64 -146.053 -34 27 -41.8393 -74.2757 -35.984 -82.7853 
-66 -148.678 -35 27 -37.7645 -66.9183 -35.1085 -80.5967 
-68 -151.957 -33 27 -32.7746 -60.8803 -31.359 -74.2774 
-72 -148.795 -33 27 -36.7543 -63.6245 -31.359 -74.8836 
-78 -143.871 -33 28 -42.6131 -68.5125 -35.8511 -78.5835 
-64 -146.16 -35 28 -41.8356 -70.9176 -39.7617 -84.2409 
-62 -149.241 -33 27 -38.4197 -64.4935 -32.8419 -76.2894 
-72 -148.064 -33 27 -37.5034 -67.0345 -32.8419 -75.5155 
-68 -150.236 -33 27 -35.4749 -62.8074 -32.3096 -75.5653 
-74 -146.402 -35 27 -39.4299 -67.7872 -36.5914 -82.0026 
-62 -149.2 -34 27 -37.9948 -64.4935 -37.2845 -76.2894 
-62 -147.025 -34 28 -42.0023 -67.5129 -33.3842 -78.5093 
-68 -144.914 -33 28 -43.2905 -70.8901 -36.8807 -79.5951 
-54 -149.654 -32 26 -39.8968 -66.94 -31.1069 -78.5642 
-64 -149.421 -34 27 -37.7839 -66.9183 -32.0522 -80.5967 
-62 -150.506 -34 27 -36.5045 -66.1012 -33.0028 -81.2785 
-52 -152.818 -33 27 -35.4749 -62.8074 -32.3096 -75.5653 
-72 -151.646 -33 28 -32.9252 -57.3238 -32.8005 -73.7811 
-73 -145.305 -34 27 -41.4762 -70.9176 -36.9346 -84.2409 
-71 -149.153 -33 27 -36.7543 -63.6245 -31.359 -74.8836 
-72 -144.713 -34 27 -42.7556 -71.7347 -35.984 -83.5591 
-88 -140.65 -33 28 -45.5579 -70.1985 -36.3833 -79.3076 
-58 -153.612 -33 27 -33.1167 -60.7249 -30.6659 -74.8836 
-78 -148.111 -33 27 -36.7543 -63.6245 -31.359 -74.8836 
-58 -147.715 -33 27 -41.9117 -67.8057 -35.0677 -81.2911 
-72 -148.806 -34 27 -36.7349 -63.6245 -34.4154 -74.8836 
-74 -142.939 -35 28 -44.7804 -72.6036 -40.2939 -84.9649 
-68 -149.301 -34 28 -37.1137 -63.6245 -34.1861 -74.8836 
-78 -147.015 -33 27 -38.4197 -64.4935 -32.8419 -76.2894 
-64 -148.156 -35 27 -39.4299 -67.7872 -36.5914 -82.0026 
-73 -143.492 -34 27 -44.421 -72.6036 -37.4668 -84.9649 
-74 -146.979 -35 27 -38.5136 -70.3282 -36.5914 -81.2287 
-62 -152.169 -35 27 -33.7848 -64.174 -35.1085 -79.9906 
-76 -147.212 -33 28 -38.9208 -64.5132 -30.9686 -74.9394 
-64 -152.508 -35 27 -32.8475 -63.2016 -35.366 -81.2785 
-70 -151.957 -33 27 -32.7746 -60.8803 -31.359 -74.2774 
-64 -144.909 -34 27 -44.421 -72.6036 -37.4668 -84.9649 
-74 -143.732 -34 27 -43.5047 -75.1446 -37.4668 -84.1911 
-58 -149.409 -34 27 -39.1181 -68.8351 -35.2908 -83.5591 
-60 -149.963 -35 27 -37.7645 -66.9183 -35.1085 -80.5967 
-64 -149.355 -35 27 -37.7645 -66.9183 -35.1085 -80.5967 
-58 -154.401 -34 27 -31.4124 -59.9079 -36.0591 -75.5653 
-68 -149.527 -34 27 -36.7349 -63.6245 -34.4154 -74.8836 
-74 -145.343 -34 27 -41.4762 -70.9176 -36.9346 -84.2409 
-66 -149.863 -35 27 -36.4851 -66.1012 -36.0591 -81.2785 
-58 -151.236 -34 27 -36.3294 -63.6245 -35.8017 -74.8836 
-72 -147.285 -34 27 -39.4493 -67.7872 -33.535 -82.0026 
-62 -149.597 -33 27 -38.4197 -64.4935 -32.8419 -76.2894 
-82 -148.425 -33 28 -35.87 -59.0098 -33.3327 -74.5052 
FEATURES_TXT_END_0
FEATURES_TXT_BEGIN_0 99 100 8 Distortion0_0 LM0_0 WordPenalty0_0 PhrasePenalty0_0 TranslationModel0_0 TranslationModel0_1 TranslationModel0_2 TranslationModel0_3 
-62 -205.567 -45 40 -71.2748 -96.8842 -37.265 -90.9318 
-58 -207.896 -44 40 -68.5624 -96.0675 -38.6668 -93.4889 
-74 -205.462 -45 40 -68.7913 -95.989 -35.5259 -91.3608 
-70 -207.791 -44 40 -66.0789 -95.1723 -36.9277 -93.9179 
-72 -207.159 -45 40 -66.7269 -94.9643 -35.0196 -91.2897 
-68 -209.487 -44 40 -64.0144 -94.1476 -36.4214 -93.8468 
-62 -206.727 -44 40 -70.1406 -94.8153 -36.1018 -90.3978 
-56 -208.433 -44 40 -68.5624 -96.0675 -38.6668 -93.4889 
-74 -206.621 -44 40 -67.657 -93.9202 -34.3627 -90.8269 
-72 -208.568 -46 40 -64.6474 -94.9643 -35.0196 -91.2897 
-62 -206.63 -45 40 -69.9954 -96.0671 -38.2156 -91.6135 
-64 -205.567 -45 40 -71.2748 -96.8842 -37.265 -90.9318 
-68 -208.328 -44 40 -66.0789 -95.1723 -36.9277 -93.9179 
-68 -210.897 -45 40 -61.935 -94.1476 -36.4214 -93.8468 
-58 -208.959 -44 40 -67.283 -95.2504 -39.6174 -94.1706 
-72 -208.318 -44 40 -65.5926 -92.8954 -33.8565 -90.7558 
-74 -206.525 -45 40 -67.5119 -95.172 -36.4765 -92.0426 
-60 -207.896 -44 40 -68.5624 -96.0675 -38.6668 -93.4889 
-76 -205.462 -45 40 -68.7913 -95.989 -35.5259 -91.3608 
-66 -210.024 -44 40 -64.0144 -94.1476 -36.4214 -93.8468 
-70 -208.853 -44 40 -64.7995 -94.3553 -37.8783 -94.5997 
-72 -208.221 -45 40 -65.4475 -94.1472 -35.9702 -91.9715 
-72 -207.791 -44 40 -66.0789 -95.1723 -36.9277 -93.9179 
-74 -207.159 -45 40 -66.7269 -94.9643 -35.0196 -91.2897 
-68 -210.55 -44 40 -62.7351 -93.3305 -37.372 -94.5286 
-65 -208.351 -47 41 -66.5428 -96.938 -41.9429 -102.175 
-70 -209.487 -44 40 -64.0144 -94.1476 -36.4214 -93.8468 
-58 -208.32 -44 40 -68.5624 -96.0675 -38.6668 -93.4889 
-61 -210.68 -46 41 -63.8304 -96.1213 -43.3447 -104.732 
-77 -208.246 -47 41 -64.0593 -96.0428 -40.2038 -102.604 
-70 -208.215 -44 40 -66.0789 -95.1723 -36.9277 -93.9179 
-73 -210.574 -46 41 -61.3469 -95.2261 -41.6057 -105.161 
-72 -209.728 -45 40 -63.5132 -92.8954 -33.8565 -90.7558 
-75 -209.942 -47 41 -61.9949 -95.018 -39.6976 -102.532 
-62 -207.789 -44 40 -68.8612 -93.9983 -37.0524 -91.0796 
-64 -206.727 -44 40 -70.1406 -94.8153 -36.1018 -90.3978 
-66 -211.434 -45 40 -61.935 -94.1476 -36.4214 -93.8468 
-68 -209.911 -44 40 -64.0145 -94.1476 -36.4214 -93.8468 
-56 -209.496 -44 40 -67.283 -95.2504 -39.6174 -94.1706 
-71 -212.271 -46 41 -59.2825 -94.2014 -41.0994 -105.09 
-74 -205.754 -46 40 -68.9274 -95.989 -37.1353 -91.3608 
-58 -208.433 -44 40 -68.5624 -96.0675 -38.6668 -93.4889 
-55 -206.131 -48 41 -72.2361 -97.7413 -48.0838 -103.947 
-74 -207.684 -44 40 -66.3776 -93.1031 -35.3133 -91.5086 
-72 -209.631 -46 40 -63.368 -94.1472 -35.9702 -91.9715 
-76 -206.621 -44 40 -67.657 -93.9202 -34.3627 -90.8269 
-74 -208.568 -46 40 -64.6474 -94.9643 -35.0196 -91.2897 
-64 -206.63 -45 40 -69.9954 -96.0671 -38.2156 -91.6135 
-65 -205.705 -45 40 -71.2748 -96.8842 -37.265 -90.9318 
-68 -209.39 -44 40 -64.7995 -94.3553 -37.8783 -94.5997 
-70 -208.083 -45 40 -66.215 -95.1723 -38.5371 -93.9179 
-62 -206.173 -45 40 -71.2748 -96.8842 -37.265 -90.9318 
-51 -208.46 -47 41 -69.5237 -96.9246 -49.4856 -106.504 
-68 -211.959 -45 40 -60.6556 -93.3305 -37.372 -94.5286 
-72 -207.451 -46 40 -66.863 -94.9643 -36.629 -91.2897 
-72 -209.381 -44 40 -64.3132 -92.0783 -34.8071 -91.4375 
-70 -208.328 -44 40 -66.0789 -95.1723 -36.9277 -93.9179 
-67 -206.026 -48 41 -69.7526 -96.8461 -46.3447 -104.376 
-70 -210.897 -45 40 -61.935 -94.1476 -36.4214 -93.8468 
-60 -208.959 -44 40 -67.283 -95.2504 -39.6174 -94.1706 
-65 -208.281 -47 41 -67.1726 -97.2859 -39.6916 -100.905 
-61 -208.034 -44 40 -68.5624 -96.0675 -38.6668 -93.4889 
-78 -204.307 -45 40 -70.4381 -96.2115 -37.7231 -92.6936 
-74 -208.318 -44 40 -65.5926 -92.8954 -33.8565 -90.7558 
-76 -206.525 -45 40 -67.5119 -95.172 -36.4765 -92.0426 
-66 -211.087 -44 40 -62.7351 -93.3305 -37.372 -94.5286 
-77 -205.6 -45 40 -68.7913 -95.989 -35.5259 -91.3608 
-68 -209.78 -45 40 -64.1506 -94.1476 -38.0308 -93.8468 
-74 -206.067 -45 40 -68.7913 -95.989 -35.5259 -91.3608 
-63 -208.355 -47 41 -67.0401 -96.0295 -47.7466 -106.933 
-62 -207.151 -44 40 -70.1406 -94.8153 -36.1018 -90.3978 
-68 -210.024 -44 40 -64.0144 -94.1476 -36.4214 -93.8468 
-65 -209.51 -46 41 -65.4086 -94.8691 -40.7798 -101.641 
-61 -210.61 -46 41 -64.4602 -96.4692 -41.0934 -103.462 
-65 -207.723 -48 41 -67.6882 -95.8214 -45.8385 -104.304 
-66 -204.493 -45 40 -72.9216 -97.1066 -39.4622 -92.2646 
-74 -206.636 -44 40 -67.7257 -95.3948 -39.1249 -95.2507 
-54 -205.918 -46 41 -73.7833 -97.7403 -38.0003 -91.61 
-72 -208.853 -44 40 -64.7995 -94.3553 -37.8783 -94.5997 
-76 -206.004 -45 40 -68.3737 -95.1867 -37.2168 -92.6225 
-77 -208.176 -47 41 -64.6891 -96.3907 -37.9526 -101.334 
-73 -207.928 -44 40 -66.0789 -95.1723 -36.9277 -93.9179 
-56 -208.857 -44 40 -68.5624 -96.0675 -38.6668 -93.4889 
-74 -208.221 -45 40 -65.4475 -94.1472 -35.9702 -91.9715 
-75 -207.296 -45 40 -66.7269 -94.9643 -35.0196 -91.2897 
-59 -211.217 -46 41 -63.8304 -96.1213 -43.3447 -104.732 
-72 -207.764 -45 40 -66.7269 -94.9642 -35.0196 -91.2897 
-61 -210.051 -47 41 -64.9757 -95.0047 -47.2403 -106.862 
-62 -206.822 -44 40 -70.2092 -96.2899 -40.864 -94.8217 
-50 -209.796 -44 40 -68.5624 -96.0675 -38.6668 -93.4889 
-50 -208.247 -45 41 -71.0709 -96.9237 -39.4022 -94.1671 
-74 -207.045 -44 40 -67.657 -93.9202 -34.3627 -90.8269 
-81 -197.195 -46 40 -80.0444 -99.3886 -49.1998 -97.2409 
-77 -209.405 -46 41 -62.9251 -93.974 -39.0407 -102.07 
-72 -208.332 -44 40 -65.6612 -94.37 -38.6186 -95.1796 
-73 -210.505 -46 41 -61.9767 -95.574 -39.3544 -103.891 
-75 -211.352 -48 41 -59.9155 -95.018 -39.6976 -102.532 
-59 -203.114 -45 40 -77.3339 -97.8501 -36.6408 -91.7642 
-66 -205.813 -46 41 -71.2998 -96.8452 -36.2613 -92.0391 
-70 -210.55 -44 40 -62.7351 -93.3305 -37.372 -94.5286 
FEATURES_TXT_END_0
FEATURES_TXT_BEGIN_0 100 100 8 Distortion0_0 LM0_0 WordPenalty0_0 PhrasePenalty0_0 TranslationModel0_0 TranslationModel0_1 TranslationModel0_2 TranslationModel0_3 
-50 -137.725 -35 32 -54.1062 -71.0308 -34.7875 -76.404 
-58 -137.738 -35 32 -52.6421 -70.0765 -30.2025 -74.0877 
-54 -140.405 -36 33 -49.2566 -69.7643 -34.0435 -78.3993 
-58 -140.462 -36 33 -48.4004 -68.4687 -33.7352 -78.4694 
-52 -137.098 -34 31 -55.005 -71.932 -33.4017 -75.8791 
-52 -136.678 -34 31 -55.6468 -72.3723 -33.0139 -74.6791 
-60 -137.111 -34 31 -53.5409 -70.9777 -28.8167 -73.5628 
-60 -136.691 -34 31 -54.1828 -71.418 -28.4289 -72.3629 
-56 -139.778 -35 32 -50.1554 -70.6655 -32.6577 -77.8744 
-56 -139.358 -35 32 -50.7972 -71.1058 -32.2699 -76.6744 
-64 -137.911 -34 33 -52.1836 -67.1947 -28.9405 -72.5492 
-48 -139.814 -35 32 -52.6421 -70.0765 -30.2025 -74.0877 
-64 -137.405 -35 32 -52.6421 -70.0765 -30.2025 -74.0877 
-66 -137.609 -35 34 -52.3805 -68.2088 -30.0404 -75.4561 
-68 -139.471 -36 33 -48.4004 -68.4687 -33.7352 -78.4694 
-58 -140.679 -36 33 -48.8537 -69.6671 -34.4283 -79.9734 
-50 -137.724 -35 32 -55.3856 -71.8479 -33.8369 -75.7222 
-62 -137.788 -34 33 -53.1929 -68.718 -29.6337 -73.9843 
-58 -137.737 -35 32 -53.9215 -70.8936 -29.2519 -73.406 
-50 -139.186 -34 31 -53.5409 -70.9777 -28.8167 -73.5628 
-50 -138.766 -34 31 -54.1827 -71.418 -28.4289 -72.3629 
-58 -138.261 -36 32 -52.6727 -70.0765 -33.3944 -74.0877 
-64 -138.37 -34 33 -51.8471 -67.7225 -30.55 -74.2576 
-50 -139.798 -35 32 -52.6421 -70.0765 -30.2025 -74.0877 
-66 -136.778 -34 31 -53.5409 -70.9777 -28.8167 -73.5628 
-66 -136.358 -34 31 -54.1828 -71.418 -28.4289 -72.3629 
-54 -140.404 -36 33 -50.536 -70.5814 -33.0929 -77.7175 
-50 -136.805 -33 32 -57.553 -70.2847 -31.6023 -72.1922 
-56 -137.725 -35 32 -54.1062 -71.0308 -34.7875 -76.404 
-56 -141.728 -37 33 -48.4999 -66.7433 -30.0716 -75.4238 
-58 -140.829 -36 33 -49.0012 -69.7781 -32.6366 -77.4162 
-58 -140.461 -36 33 -49.6798 -69.2858 -32.7846 -77.7876 
-56 -141.546 -36 33 -48.4004 -68.4687 -33.7352 -78.4694 
-66 -138.067 -35 34 -52.044 -68.7367 -31.6499 -77.1645 
-52 -137.097 -34 31 -56.2844 -72.7491 -32.451 -75.1973 
-52 -136.677 -34 31 -56.9262 -73.1893 -32.0633 -73.9974 
-60 -137.11 -34 31 -54.8203 -71.7948 -27.8661 -72.8811 
-60 -136.69 -34 31 -55.4622 -72.235 -27.4783 -71.6811 
-56 -138.539 -35 32 -53.2483 -70.6397 -32.282 -75.3521 
-54 -139.486 -34 33 -52.7034 -69.0182 -30.8583 -74.1875 
-52 -136.502 -34 33 -57.7498 -71.2988 -32.7022 -75.0991 
-60 -137.634 -35 31 -53.5715 -70.9777 -32.0085 -73.5628 
-60 -137.214 -35 31 -54.2134 -71.418 -31.6208 -72.3629 
-64 -138.129 -34 33 -52.6369 -68.3931 -29.6337 -74.0532 
-58 -139.472 -36 32 -51.1158 -69.6894 -34.9698 -78.1289 
-52 -139.171 -34 31 -53.5409 -70.9777 -28.8167 -73.5628 
-52 -138.751 -34 31 -54.1827 -71.418 -28.4289 -72.3629 
-58 -139.542 -34 33 -51.8471 -67.7225 -30.55 -74.2576 
-66 -139.485 -36 32 -49.6518 -68.7351 -30.3848 -75.8126 
-54 -135.698 -33 32 -58.8597 -72.6298 -28.5649 -73.3208 
-58 -140.344 -36 32 -50.2525 -70.0445 -29.2862 -74.7594 
-62 -138.246 -34 33 -52.8564 -69.2459 -31.2431 -75.6926 
-56 -139.777 -35 32 -51.4348 -71.4826 -31.707 -77.1926 
-56 -139.357 -35 32 -52.0766 -71.9228 -31.3193 -75.9927 
-58 -137.944 -35 32 -53.9537 -70.7066 -31.7204 -74.6724 
-52 -136.178 -32 31 -58.4517 -71.1858 -30.2164 -71.6673 
-52 -135.758 -32 31 -59.0936 -71.6261 -29.8287 -70.4673 
-56 -137.248 -33 32 -56.4254 -68.8025 -25.4079 -68.1675 
-50 -136.954 -33 32 -57.8894 -69.7568 -29.9928 -70.4838 
-58 -137.098 -34 31 -55.005 -71.932 -33.4017 -75.8791 
-58 -136.678 -34 31 -55.6468 -72.3723 -33.0139 -74.6791 
-58 -141.101 -36 32 -49.3987 -67.6445 -28.6858 -74.8989 
-58 -140.681 -36 32 -50.0405 -68.0847 -28.298 -73.6989 
-64 -139.621 -35 33 -50.3118 -67.6906 -30.7323 -75.673 
-58 -137.668 -35 32 -54.2413 -70.3063 -34.493 -75.9534 
-60 -140.202 -35 32 -49.8999 -70.6793 -31.2507 -76.8913 
-60 -139.782 -35 32 -50.5418 -71.1195 -30.863 -75.6913 
-60 -140.605 -35 32 -49.2991 -69.3699 -32.3494 -77.9445 
-60 -140.186 -35 32 -49.941 -69.8101 -31.9616 -76.7445 
-52 -138.596 -34 31 -54.1897 -70.9179 -33.3879 -74.8332 
-48 -136.682 -33 32 -58.5622 -71.808 -32.2954 -73.6273 
-56 -139.183 -35 34 -52.9002 -70.0323 -31.9582 -77.0944 
-66 -137.826 -35 34 -52.8338 -69.4072 -30.7336 -76.9602 
-60 -138.609 -34 31 -52.7256 -69.9636 -28.8029 -72.517 
-60 -139.239 -35 34 -52.044 -68.7367 -31.6499 -77.1645 
-56 -135.395 -34 33 -59.0565 -73.644 -29.6647 -76.2277 
-58 -137.912 -34 31 -54.147 -71.5409 -30.8961 -74.8272 
-58 -137.492 -34 31 -54.7889 -71.9811 -30.5084 -73.6272 
-56 -138.858 -33 32 -53.6021 -69.9193 -29.4724 -73.6626 
-56 -138.438 -33 32 -54.244 -70.3596 -29.0847 -72.4626 
-54 -139.634 -34 33 -53.0398 -68.4903 -29.2488 -72.4791 
-54 -135.875 -33 32 -58.6486 -72.2 -31.3163 -74.5742 
-54 -135.455 -33 32 -59.2905 -72.6402 -30.9286 -73.3743 
-58 -136.945 -34 33 -56.6222 -69.8166 -26.5078 -71.0745 
-52 -136.651 -34 33 -58.0863 -70.7709 -31.0927 -73.3907 
-68 -139.688 -36 33 -48.8537 -69.6671 -34.4283 -79.9734 
-56 -138.841 -34 33 -53.849 -68.0636 -30.4234 -73.955 
-48 -139.813 -35 32 -53.9215 -70.8936 -29.2519 -73.406 
-66 -139.318 -36 34 -50.5087 -68.7048 -31.8322 -78.5799 
-58 -140.988 -36 33 -49.2566 -69.7643 -34.0435 -78.3993 
-50 -138.614 -36 32 -54.5101 -72.552 -37.4547 -80.8134 
-62 -135.989 -33 32 -57.0315 -69.3656 -27.4873 -69.4319 
-58 -139.691 -34 33 -52.1836 -67.1947 -28.9405 -72.5492 
-56 -141.276 -35 32 -49.3401 -69.6514 -32.6439 -76.8285 
-52 -139.362 -34 33 -53.7126 -70.5415 -31.5514 -75.6226 
-50 -136.025 -33 32 -59.5548 -70.6257 -31.4757 -71.8896 
-56 -135.071 -32 31 -59.7584 -73.531 -27.179 -72.7959 
-56 -134.651 -32 31 -60.4003 -73.9713 -26.7913 -71.5959 
-62 -138.005 -34 33 -53.6462 -69.9164 -30.3268 -75.4883 
-58 -140.423 -36 33 -49.8644 -69.423 -38.3202 -80.7856 
FEATURES_TXT_END_0
FEATURES_TXT_BEGIN_0 101 100 8 Distortion0_0 LM0_0 WordPenalty0_0 PhrasePenalty0_0 TranslationModel0_0 TranslationModel0_1 TranslationModel0_2 TranslationModel0_3 
-81 -194.621 -41 40 -58.9168 -75.7702 -32.5048 -81.4209 
-81 -193.681 -41 40 -60.6909 -76.8334 -33.1979 -82.778 
-81 -196.5 -40 39 -56.1497 -74.6029 -33.3411 -81.2603 
-83 -194.621 -41 40 -58.9168 -75.7702 -32.5048 -81.4209 
-93 -192.511 -41 40 -60.4999 -75.7494 -26.7878 -76.7285 
-81 -195.56 -40 39 -57.9237 -75.6661 -34.0342 -82.6174 
-83 -193.681 -41 40 -60.6909 -76.8334 -33.1979 -82.778 
-83 -196.5 -40 39 -56.1497 -74.6029 -33.3411 -81.2603 
-81 -194.752 -41 40 -59.4595 -77.3972 -33.6034 -83.4419 
-85 -194.621 -41 40 -58.9168 -75.7702 -32.5048 -81.4209 
-93 -194.39 -40 39 -57.7328 -74.582 -27.624 -76.5679 
-79 -195.601 -41 40 -58.9168 -75.7702 -32.5048 -81.4209 
-95 -192.511 -41 40 -60.4999 -75.7494 -26.7878 -76.7285 
-78 -194.653 -41 40 -60.5822 -76.6392 -33.9876 -82.8268 
-88 -193.628 -41 40 -60.4999 -75.7494 -26.7878 -76.7285 
-87 -190.733 -42 40 -64.3204 -82.1363 -33.9122 -85.358 
-83 -195.56 -40 39 -57.9237 -75.6661 -34.0342 -82.6174 
-84 -189.23 -41 40 -67.6123 -81.9748 -34.9262 -85.5021 
-81 -193.813 -41 40 -61.2335 -78.4604 -34.2965 -84.7989 
-85 -193.681 -41 40 -60.6909 -76.8334 -33.1979 -82.778 
-81 -196.631 -40 39 -56.6923 -76.2299 -34.4397 -83.2813 
-85 -196.5 -40 39 -56.1497 -74.6029 -33.3411 -81.2603 
-83 -194.752 -41 40 -59.4595 -77.3972 -33.6034 -83.4419 
-87 -194.621 -41 40 -58.9168 -75.7702 -32.5048 -81.4209 
-79 -197.48 -40 39 -56.1497 -74.6029 -33.3411 -81.2603 
-81 -197.426 -42 39 -55.819 -78.5012 -32.3019 -92.1599 
-95 -194.39 -40 39 -57.7328 -74.582 -27.624 -76.5679 
-78 -196.531 -40 39 -57.815 -75.4718 -34.8239 -82.6662 
-81 -195.601 -41 40 -58.9168 -75.7702 -32.5048 -81.4209 
-93 -192.642 -41 40 -61.0426 -77.3764 -27.8864 -78.7495 
-88 -195.507 -40 39 -57.7328 -74.582 -27.624 -76.5679 
-87 -192.611 -41 39 -61.5532 -80.969 -34.7484 -85.1974 
-97 -192.511 -41 40 -60.4999 -75.7494 -26.7878 -76.7285 
-80 -194.653 -41 40 -60.5822 -76.6392 -33.9876 -82.8268 
-84 -191.108 -40 39 -64.8451 -80.8075 -35.7625 -85.3415 
-90 -193.628 -41 40 -60.4999 -75.7494 -26.7878 -76.7285 
-95 -190.252 -41 40 -64.6356 -78.4175 -25.723 -75.928 
-89 -190.733 -42 40 -64.3204 -82.1363 -33.9122 -85.358 
-81 -195.691 -40 39 -58.4664 -77.2931 -35.1328 -84.6383 
-84 -192.092 -41 40 -63.9266 -78.1411 -32.1536 -81.7885 
-85 -195.56 -40 39 -57.9237 -75.6661 -34.0342 -82.6174 
-86 -189.23 -41 40 -67.6123 -81.9748 -34.9262 -85.5021 
-91 -188.287 -41 40 -67.697 -84.5195 -34.9536 -87.2042 
-81 -195.734 -41 40 -58.9168 -75.7702 -32.5048 -81.4209 
-83 -193.813 -41 40 -61.2335 -78.4604 -34.2965 -84.7989 
-87 -193.681 -41 40 -60.6909 -76.8334 -33.1979 -82.778 
-91 -193.756 -41 40 -59.8225 -77.6241 -29.5603 -81.1353 
-81 -196.486 -42 39 -57.5931 -79.5645 -32.995 -93.517 
-75 -197.367 -40 38 -57.4255 -76.2071 -34.2812 -83.5854 
-83 -196.631 -40 39 -56.6923 -76.2299 -34.4397 -83.2813 
-87 -196.5 -40 39 -56.1497 -74.6029 -33.3411 -81.2603 
-81 -192.608 -41 40 -63.3554 -81.4885 -36.2839 -86.6307 
-81 -199.305 -41 38 -53.0519 -77.3339 -33.1381 -91.9993 
-87 -202.728 -43 38 -46.2265 -76.476 -31.1075 -95.612 
-87 -193.591 -41 40 -60.8907 -76.9202 -33.4434 -82.4868 
-83 -192.861 -41 40 -61.9166 -82.2052 -42.3037 -92.9817 
-91 -190.579 -42 40 -64.3204 -82.1363 -33.9122 -85.358 
-85 -194.752 -41 40 -59.4595 -77.3972 -33.6034 -83.4419 
-93 -194.226 -42 40 -58.8577 -76.3354 -28.5795 -80.5997 
-81 -197.48 -40 39 -56.1497 -74.6029 -33.3411 -81.2603 
-93 -194.521 -40 39 -58.2755 -76.209 -28.7227 -78.5889 
-83 -197.426 -42 39 -55.819 -78.5012 -32.3019 -92.1599 
-97 -194.39 -40 39 -57.7328 -74.582 -27.624 -76.5679 
-80 -196.531 -40 39 -57.815 -75.4718 -34.8239 -82.6662 
-79 -193.727 -40 39 -62.8801 -77.1116 -31.2032 -79.6961 
-79 -195.732 -41 40 -59.4595 -77.3972 -33.6034 -83.4419 
-81 -194.606 -41 40 -60.9963 -76.8143 -32.5048 -82.3373 
-83 -195.601 -41 40 -58.9168 -75.7702 -32.5048 -81.4209 
-89 -193.448 -41 40 -60.9818 -76.4551 -31.6214 -81.0644 
-81 -195.944 -41 40 -58.9168 -75.0064 -32.5048 -80.7278 
-95 -192.642 -41 40 -61.0426 -77.3764 -27.8864 -78.7495 
-78 -194.784 -41 40 -61.1249 -78.2662 -35.0862 -84.8477 
-90 -195.507 -40 39 -57.7328 -74.582 -27.624 -76.5679 
-95 -192.131 -40 39 -61.8685 -77.2502 -26.5593 -75.7674 
-89 -192.611 -41 39 -61.5532 -80.969 -34.7484 -85.1974 
-81 -196.839 -41 39 -57.0236 -76.6197 -34.4699 -83.2348 
-99 -192.511 -41 40 -60.4999 -75.7494 -26.7878 -76.7285 
-82 -194.653 -41 40 -60.5822 -76.6392 -33.9876 -82.8268 
-84 -193.971 -40 39 -61.1594 -76.9738 -32.9899 -81.6279 
-89 -192.711 -41 40 -62.2612 -77.2721 -30.6708 -80.3827 
-93 -195.316 -42 39 -57.4021 -78.4804 -26.5848 -87.4675 
-88 -193.76 -41 40 -61.0426 -77.3764 -27.8864 -78.7495 
-87 -190.864 -42 40 -64.863 -83.7633 -35.0108 -87.3789 
-86 -191.108 -40 39 -64.8451 -80.8075 -35.7625 -85.3415 
-91 -190.166 -40 39 -64.9298 -83.3521 -35.7899 -87.0436 
-92 -193.628 -41 40 -60.4999 -75.7494 -26.7878 -76.7285 
-97 -190.252 -41 40 -64.6356 -78.4175 -25.723 -75.928 
-91 -190.733 -42 40 -64.3204 -82.1363 -33.9122 -85.358 
-81 -197.613 -40 39 -56.1497 -74.6029 -33.3411 -81.2603 
-75 -196.427 -40 38 -59.1996 -77.2703 -34.9744 -84.9424 
-83 -195.691 -40 39 -58.4664 -77.2931 -35.1328 -84.6383 
-86 -192.092 -41 40 -63.9266 -78.1411 -32.1536 -81.7885 
-84 -189.361 -41 40 -68.1549 -83.6018 -36.0248 -87.523 
-87 -195.56 -40 39 -57.9237 -75.6661 -34.0342 -82.6174 
-95 -190.861 -41 40 -64.0059 -78.0696 -27.9743 -77.1974 
-91 -195.635 -40 39 -57.0554 -76.4567 -30.3966 -80.9747 
-77 -199.113 -42 39 -54.3068 -78.3039 -34.7092 -87.4276 
-81 -191.668 -41 40 -65.1295 -82.5517 -36.9771 -87.9877 
-81 -198.365 -41 38 -54.8259 -78.3971 -33.8313 -93.3564 
-88 -189.23 -41 40 -67.6123 -81.9748 -34.9262 -85.5021 
FEATURES_TXT_END_0
FEATURES_TXT_BEGIN_0 102 99 8 Distortion0_0 LM0_0 WordPenalty0_0 PhrasePenalty0_0 TranslationModel0_0 TranslationModel0_1 TranslationModel0_2 TranslationModel0_3 
-128 -289.145 -64 55 -101.445 -150.469 -71.7226 -148.412 
-124 -291.151 -65 56 -99.471 -149.843 -74.7728 -153.773 
-128 -291.769 -64 55 -98.2879 -147.046 -68.707 -144.951 
-120 -291.256 -64 54 -101.171 -149.399 -68.1325 -148.753 
-124 -293.775 -65 56 -96.314 -146.42 -71.7573 -150.312 
-116 -288.918 -63 55 -106.163 -152.766 -67.6227 -148.834 
-128 -290.503 -64 55 -100.166 -149.652 -72.6732 -149.094 
-126 -294.797 -64 54 -95.4035 -144.919 -60.6817 -142.749 
-124 -292.509 -65 56 -98.1916 -149.026 -75.7234 -154.455 
-120 -293.88 -64 54 -98.0144 -145.976 -65.117 -145.292 
-126 -294.904 -64 55 -94.1725 -149.267 -70.3363 -151.515 
-130 -291.179 -65 55 -99.1829 -147.39 -72.8212 -149.127 
-116 -291.542 -63 55 -103.006 -149.342 -64.6072 -145.373 
-128 -293.127 -64 55 -97.0085 -146.229 -69.6577 -145.633 
-122 -296.803 -65 55 -93.4296 -144.293 -63.7319 -148.11 
-118 -297.016 -64 55 -94.1781 -143.84 -62.2184 -142.902 
-124 -296.288 -64 54 -93.5032 -144.203 -65.0625 -145.48 
-122 -296.91 -65 56 -92.1986 -148.641 -73.3865 -156.876 
-120 -292.614 -64 54 -99.892 -148.582 -69.0831 -149.435 
-126 -293.185 -66 56 -97.209 -146.764 -75.8714 -154.488 
-120 -287.186 -63 54 -107.851 -155.575 -71.8702 -148.41 
-124 -296.034 -64 55 -94.6904 -144.102 -60.8131 -143.431 
-106 -295.285 -63 55 -100.152 -147.687 -61.4101 -144.253 
-126 -297.421 -64 54 -92.2464 -141.496 -57.6662 -139.288 
-118 -296.605 -64 54 -94.8913 -144.657 -62.087 -142.22 
-124 -295.133 -65 56 -95.0346 -145.603 -72.7079 -150.994 
-116 -290.276 -63 55 -104.883 -151.949 -68.5733 -149.516 
-114 -299.022 -65 56 -92.2042 -143.214 -65.2686 -148.263 
-120 -294.846 -65 55 -96.6735 -146.418 -69.7767 -149.98 
-122 -291.535 -63 54 -100.654 -151.319 -72.5883 -148.052 
-126 -297.528 -64 55 -91.0155 -145.844 -67.3208 -148.053 
-120 -298.294 -65 55 -91.5293 -143.576 -68.1128 -150.841 
-118 -296.908 -64 53 -95.1299 -143.849 -57.0916 -143.09 
-118 -292.842 -64 55 -99.8682 -150.766 -72.4868 -151.421 
-128 -290.684 -64 54 -101.321 -149.38 -68.4028 -148.802 
-118 -297.015 -64 54 -93.899 -148.197 -66.7462 -151.855 
-124 -295.624 -64 54 -95.4035 -144.919 -60.6817 -142.749 
-122 -293.29 -65 54 -98.9094 -146.32 -69.2311 -149.468 
-120 -298.04 -65 56 -92.7164 -143.476 -63.8633 -148.792 
-102 -297.291 -64 56 -98.178 -147.06 -64.4603 -149.614 
-122 -299.427 -65 55 -90.2725 -140.87 -60.7164 -144.649 
-114 -298.611 -65 55 -92.9173 -144.031 -65.1373 -147.581 
-122 -291.825 -64 54 -101.171 -149.399 -68.1325 -148.753 
-114 -294.57 -63 54 -100.121 -147.216 -56.5818 -143.171 
-118 -299.639 -64 55 -91.0211 -140.417 -59.2028 -139.441 
-126 -296.155 -64 54 -94.1241 -144.102 -61.6323 -143.431 
-124 -288.346 -63 55 -106.312 -152.747 -67.893 -148.883 
-130 -292.283 -64 55 -98.4768 -150.169 -67.1376 -147.25 
-120 -289.343 -64 55 -104.893 -154.015 -72.6389 -148.552 
-122 -289.05 -64 55 -104.893 -154.015 -72.6389 -148.552 
-124 -298.912 -64 54 -90.3462 -140.78 -62.047 -142.019 
-118 -293.541 -64 55 -98.6798 -150.693 -75.6385 -153.413 
-122 -299.533 -65 56 -89.0416 -145.217 -70.371 -153.414 
-120 -295.238 -64 54 -96.735 -145.158 -66.0676 -145.973 
-114 -294.677 -63 55 -98.8903 -151.563 -66.2364 -151.937 
-126 -296.262 -64 55 -92.8932 -148.45 -71.2869 -152.196 
-130 -288.304 -65 56 -104.616 -151.421 -76.2028 -159.72 
-120 -296.916 -64 55 -95.0648 -143.479 -58.4328 -142.673 
-110 -299.127 -64 54 -93.9046 -142.769 -58.6283 -143.243 
-124 -291.47 -63 54 -100.654 -151.319 -72.5883 -148.052 
-120 -293.054 -65 55 -99.7645 -149.479 -69.9998 -151.436 
-120 -289.809 -63 54 -104.694 -152.152 -68.8546 -144.948 
-124 -291.487 -63 54 -100.654 -151.319 -72.5883 -148.052 
-126 -291.123 -65 54 -101.26 -149.953 -69.5939 -149.85 
-118 -290.952 -64 55 -103.901 -149.686 -68.7213 -149.549 
-116 -298.399 -64 53 -93.2297 -143.132 -61.4725 -145.821 
-130 -292.537 -65 55 -97.9035 -146.573 -73.7718 -149.808 
-120 -297.629 -65 55 -93.4296 -144.293 -63.7319 -148.11 
-124 -298.658 -64 55 -91.5333 -140.679 -57.7975 -139.969 
-106 -297.909 -63 55 -96.9949 -144.263 -58.3946 -140.792 
-118 -299.229 -64 54 -91.7342 -141.234 -59.0715 -138.759 
-122 -297.014 -63 54 -93.8991 -144.952 -61.6787 -143.071 
-130 -292.283 -64 55 -98.9226 -146.718 -69.6431 -145.054 
-116 -292.9 -63 55 -101.726 -148.525 -65.5578 -146.055 
-114 -301.645 -65 56 -89.0472 -139.79 -62.2531 -144.802 
-122 -298.161 -65 55 -92.1502 -143.476 -64.6826 -148.792 
-126 -294.289 -65 56 -96.5029 -149.542 -70.1878 -152.611 
-120 -297.469 -65 55 -93.5164 -142.994 -66.7611 -146.518 
-122 -294.159 -63 54 -97.4967 -147.896 -69.5727 -144.591 
-122 -296.813 -63 54 -95.1222 -143.511 -56.0392 -142.001 
-106 -296.789 -63 55 -98.8959 -146.136 -58.1185 -143.324 
-118 -298.374 -64 55 -92.8988 -143.023 -63.169 -143.584 
-120 -300.918 -65 55 -88.3723 -140.153 -65.0972 -147.38 
-116 -298.145 -64 54 -94.4168 -143.032 -57.223 -143.772 
-98 -297.396 -63 54 -99.8784 -146.616 -57.82 -144.594 
-122 -288.785 -64 55 -106.252 -153.32 -69.0841 -149.932 
-118 -299.532 -64 53 -91.9729 -140.425 -54.0761 -139.629 
-110 -298.716 -64 53 -94.6177 -143.587 -58.497 -142.561 
-112 -296.061 -63 54 -98.2209 -146.499 -60.9627 -145.903 
-118 -295.466 -64 55 -96.7111 -147.343 -69.4712 -147.959 
-128 -293.308 -64 54 -98.164 -145.957 -65.3872 -145.34 
-124 -297.646 -64 54 -92.2238 -143.386 -66.0132 -146.162 
-122 -297.016 -64 55 -94.1781 -143.84 -62.2184 -142.902 
-118 -292.72 -63 55 -100.952 -150.207 -70.0715 -147.883 
-122 -288.111 -65 54 -106.783 -154.783 -71.2761 -149.324 
-128 -289.655 -64 55 -103.054 -150.595 -72.8212 -147.241 
-122 -298.268 -65 56 -90.9192 -147.823 -74.3371 -157.557 
-116 -298.922 -65 56 -93.0908 -142.852 -61.483 -148.034 
-120 -293.476 -64 55 -98.6798 -150.693 -75.6385 -153.413 
FEATURES_TXT_END_0
FEATURES_TXT_BEGIN_0 103 100 8 Distortion0_0 LM0_0 WordPenalty0_0 PhrasePenalty0_0 TranslationModel0_0 TranslationModel0_1 TranslationModel0_2 TranslationModel0_3 
-92 -240.576 -58 53 -109.711 -147.226 -56.7092 -140.441 
-90 -241.18 -57 53 -110.671 -141.566 -46.3004 -128.718 
-93 -239.684 -58 53 -110.991 -148.043 -55.7586 -139.759 
-91 -240.288 -57 53 -111.95 -142.383 -45.3498 -128.037 
-94 -239.142 -56 52 -111.52 -150.661 -54.0228 -138.551 
-92 -239.746 -55 52 -112.479 -145.001 -43.614 -126.828 
-95 -238.25 -56 52 -112.799 -151.478 -53.0722 -137.869 
-93 -238.854 -55 52 -113.758 -145.818 -42.6634 -126.146 
-92 -240.12 -58 53 -111.007 -147.867 -52.4325 -137.213 
-93 -239.228 -58 53 -112.286 -148.684 -51.4819 -136.532 
-86 -236.885 -57 52 -116.465 -155.312 -58.9011 -141.583 
-88 -239.399 -56 52 -112.799 -151.478 -53.0722 -137.869 
-84 -237.489 -56 52 -117.425 -149.652 -48.4923 -129.86 
-86 -240.003 -55 52 -113.758 -145.818 -42.6634 -126.146 
-94 -238.686 -56 52 -112.815 -151.302 -49.7461 -135.323 
-87 -235.993 -57 52 -117.745 -156.129 -57.9505 -140.901 
-100 -236.445 -57 52 -113.443 -155.633 -62.0924 -146.023 
-89 -238.507 -56 52 -114.079 -152.295 -52.1216 -137.187 
-85 -236.597 -56 52 -118.704 -150.469 -47.5417 -129.178 
-98 -237.049 -56 52 -114.403 -149.974 -51.6836 -134.301 
-87 -239.111 -55 52 -115.038 -146.635 -41.7128 -125.465 
-95 -237.794 -56 52 -114.095 -152.119 -48.7955 -134.641 
-101 -235.553 -57 52 -114.723 -156.45 -61.1418 -145.342 
-99 -236.157 -56 52 -115.682 -150.791 -50.733 -133.619 
-96 -240.517 -57 53 -110.671 -141.566 -46.3004 -128.718 
-102 -235.011 -55 51 -115.252 -159.069 -59.406 -144.133 
-100 -235.615 -54 51 -116.211 -153.409 -48.9972 -132.411 
-84 -238.992 -57 53 -115.072 -148.788 -52.6149 -136.28 
-97 -239.625 -57 53 -111.95 -142.383 -45.3498 -128.037 
-92 -239.692 -56 52 -111.52 -150.661 -54.0228 -138.551 
-103 -234.119 -55 51 -116.531 -159.886 -58.4554 -143.451 
-86 -236.429 -57 52 -117.761 -155.953 -54.6245 -138.355 
-90 -240.297 -55 52 -112.479 -145.001 -43.614 -126.828 
-88 -238.944 -56 52 -114.095 -152.119 -48.7955 -134.641 
-101 -234.723 -54 51 -117.491 -154.226 -48.0466 -131.729 
-85 -238.1 -57 53 -116.351 -149.605 -51.6642 -135.599 
-98 -239.084 -55 52 -112.479 -145.001 -43.614 -126.828 
-93 -238.8 -56 52 -112.799 -151.478 -53.0722 -137.869 
-87 -235.538 -57 52 -119.04 -156.77 -53.6739 -137.673 
-91 -239.405 -55 52 -113.758 -145.818 -42.6634 -126.146 
-100 -235.989 -57 52 -114.739 -156.274 -57.8157 -142.796 
-89 -238.052 -56 52 -115.374 -152.936 -47.8449 -133.96 
-86 -237.558 -55 52 -116.88 -152.223 -49.9285 -134.39 
-99 -238.192 -55 52 -113.758 -145.818 -42.6634 -126.146 
-101 -235.097 -57 52 -116.018 -157.091 -56.8651 -142.114 
-94 -232.754 -56 51 -120.197 -163.719 -64.2843 -147.165 
-96 -235.268 -55 51 -116.531 -159.886 -58.4554 -143.451 
-92 -233.359 -55 51 -121.157 -158.059 -53.8755 -135.442 
-94 -235.873 -54 51 -117.491 -154.226 -48.0466 -131.729 
-87 -236.667 -55 52 -118.16 -153.04 -48.9779 -133.708 
-102 -234.556 -55 51 -116.547 -159.709 -55.1293 -140.906 
-95 -231.862 -56 51 -121.477 -164.536 -63.3337 -146.483 
-97 -234.376 -55 51 -117.811 -160.703 -57.5048 -142.77 
-93 -232.467 -55 51 -122.436 -158.876 -52.9249 -134.761 
-95 -234.981 -54 51 -118.77 -155.043 -47.096 -131.047 
-90 -236.827 -56 52 -117.425 -149.652 -48.4923 -129.86 
-92 -239.341 -55 52 -113.758 -145.818 -42.6634 -126.146 
-92 -239.237 -56 52 -112.815 -151.302 -49.7461 -135.323 
-103 -233.664 -55 51 -117.827 -160.527 -54.1787 -140.224 
-78 -235.302 -56 52 -121.826 -156.874 -54.8068 -137.422 
-80 -237.816 -55 52 -118.16 -153.04 -48.9778 -133.708 
-91 -235.935 -56 52 -118.704 -150.469 -47.5417 -129.178 
-104 -236.387 -56 52 -114.403 -149.974 -51.6836 -134.301 
-93 -238.449 -55 52 -115.038 -146.635 -41.7128 -125.465 
-93 -238.345 -56 52 -114.095 -152.119 -48.7955 -134.641 
-79 -234.41 -56 52 -123.105 -157.691 -53.8562 -136.74 
-92 -234.861 -56 52 -118.804 -157.195 -57.9981 -141.863 
-81 -236.924 -55 52 -119.439 -153.857 -48.0272 -133.027 
-105 -235.495 -56 52 -115.682 -150.791 -50.733 -133.619 
-100 -235.562 -55 51 -115.252 -159.069 -59.406 -144.133 
-94 -232.299 -56 51 -121.493 -164.36 -60.0077 -143.937 
-98 -236.166 -54 51 -116.211 -153.409 -48.9972 -132.411 
-96 -234.813 -55 51 -117.827 -160.526 -54.1787 -140.224 
-90 -241.421 -57 53 -111.118 -142.443 -45.9209 -129.153 
-93 -233.969 -56 52 -120.083 -158.013 -57.0474 -141.181 
-106 -234.953 -54 51 -116.211 -153.409 -48.9972 -132.411 
-101 -234.67 -55 51 -116.531 -159.886 -58.4554 -143.451 
-95 -231.407 -56 51 -122.772 -165.177 -59.057 -143.256 
-99 -235.274 -54 51 -117.491 -154.226 -48.0466 -131.729 
-97 -233.921 -55 51 -119.106 -161.344 -53.2281 -139.542 
-91 -240.529 -57 53 -112.397 -143.26 -44.9703 -128.471 
-94 -233.428 -54 51 -120.612 -160.631 -55.3116 -139.973 
-96 -239.634 -55 52 -112.479 -145.001 -43.614 -126.828 
-107 -234.061 -54 51 -117.491 -154.226 -48.0466 -131.729 
-98 -240.258 -58 53 -109.711 -147.226 -56.7092 -140.441 
-92 -239.987 -55 52 -112.926 -145.878 -43.2345 -127.263 
-84 -238.109 -55 52 -116.88 -152.223 -49.9285 -134.39 
-96 -240.862 -57 53 -110.671 -141.566 -46.3004 -128.718 
-95 -232.536 -54 51 -121.892 -161.448 -54.361 -139.291 
-97 -238.742 -55 52 -113.758 -145.818 -42.6634 -126.146 
-99 -239.366 -58 53 -110.991 -148.043 -55.7586 -139.759 
-93 -239.095 -55 52 -114.206 -146.695 -42.2839 -126.581 
-85 -237.217 -55 52 -118.16 -153.04 -48.9779 -133.708 
-97 -239.97 -57 53 -111.95 -142.383 -45.3498 -128.037 
-98 -232.696 -55 51 -121.157 -158.059 -53.8755 -135.442 
-100 -235.21 -54 51 -117.491 -154.226 -48.0466 -131.729 
-100 -235.106 -55 51 -116.547 -159.709 -55.1293 -140.906 
-100 -238.824 -56 52 -111.52 -150.661 -54.0228 -138.551 
-98 -239.428 -55 52 -112.479 -145.001 -43.614 -126.828 
-86 -231.171 -55 51 -125.558 -165.281 -60.19 -143.004 
FEATURES_TXT_END_0
FEATURES_TXT_BEGIN_0 104 100 8 Distortion0_0 LM0_0 WordPenalty0_0 PhrasePenalty0_0 TranslationModel0_0 TranslationModel0_1 TranslationModel0_2 TranslationModel0_3 
-71 -170.971 -39 34 -60.1531 -97.6462 -40.0186 -93.0371 
-73 -170.971 -39 34 -60.1531 -97.6462 -40.0186 -93.0371 
-83 -169.659 -39 34 -60.1531 -97.6462 -40.0186 -93.0371 
-70 -170.948 -39 34 -61.347 -97.4793 -40.0186 -92.344 
-71 -173.485 -38 34 -57.4219 -97.0125 -36.8616 -93.0371 
-83 -171.358 -39 34 -57.8231 -94.6476 -39.6372 -92.8593 
-75 -178.714 -39 35 -49.2322 -88.5196 -35.7485 -94.4096 
-71 -172.377 -40 34 -59.0545 -97.6462 -40.0186 -93.0371 
-72 -170.948 -39 34 -61.347 -97.4793 -40.0186 -92.344 
-73 -173.485 -38 34 -57.4219 -97.0125 -36.8616 -93.0371 
-71 -168.869 -38 34 -64.8792 -98.9284 -41.2225 -91.9032 
-77 -170.971 -39 34 -60.1531 -97.6462 -40.0186 -93.0371 
-83 -171.998 -38 34 -57.4219 -97.0125 -36.8616 -93.0371 
-83 -172.92 -37 34 -56.1379 -91.1004 -38.8779 -85.4818 
-83 -173.696 -38 34 -55.0919 -94.0139 -36.4802 -92.8593 
-77 -178.714 -39 35 -49.2322 -88.5196 -35.7485 -94.4096 
-82 -169.637 -39 34 -61.347 -97.4793 -40.0186 -92.344 
-73 -172.377 -40 34 -59.0545 -97.6462 -40.0186 -93.0371 
-70 -173.462 -38 34 -58.6158 -96.8456 -36.8616 -92.344 
-79 -173.404 -39 34 -56.2905 -94.4634 -39.8573 -92.7714 
-71 -174.572 -40 34 -56.4128 -94.6476 -39.3254 -92.8593 
-82 -171.335 -39 34 -59.0171 -94.4808 -39.6372 -92.1662 
-71 -172.9 -39 34 -58.8737 -96.8291 -40.9692 -93.7189 
-79 -170.816 -39 35 -60.4604 -97.6462 -39.8413 -93.0371 
-73 -168.869 -38 34 -64.8792 -98.9284 -41.2225 -91.9032 
-79 -170.971 -39 34 -60.1531 -97.6462 -40.0186 -93.0371 
-75 -173.707 -39 34 -56.7887 -95.2748 -40.7117 -92.5671 
-79 -172.514 -39 35 -58.1304 -94.6476 -39.4599 -92.8593 
-79 -173.621 -38 34 -56.5056 -94.4634 -37.5547 -92.7714 
-74 -178.691 -39 35 -50.4261 -88.3528 -35.7485 -93.7164 
-85 -172.92 -37 34 -56.1379 -91.1004 -38.8779 -85.4818 
-72 -169.07 -40 35 -64.4197 -102.823 -44.2351 -97.2628 
-70 -172.354 -40 34 -60.2484 -97.4793 -40.0186 -92.344 
-71 -174.89 -39 34 -56.3233 -97.0125 -36.8616 -93.0371 
-71 -173.995 -39 34 -57.8231 -94.6476 -39.6372 -92.8593 
-72 -173.462 -38 34 -58.6158 -96.8456 -36.8616 -92.344 
-81 -173.404 -39 34 -56.2905 -94.4634 -39.8573 -92.7714 
-73 -174.572 -40 34 -56.4128 -94.6476 -39.3254 -92.8593 
-89 -169.659 -39 34 -60.1531 -97.6462 -40.0186 -93.0371 
-70 -168.847 -38 34 -66.0732 -98.7615 -41.2225 -91.21 
-73 -172.9 -39 34 -58.8737 -96.8291 -40.9692 -93.7189 
-76 -170.948 -39 34 -61.347 -97.4793 -40.0186 -92.344 
-82 -171.975 -38 34 -58.6158 -96.8456 -36.8616 -92.344 
-71 -171.383 -37 34 -62.148 -98.2947 -38.0655 -91.9032 
-77 -173.485 -38 34 -57.4219 -97.0125 -36.8616 -93.0371 
-75 -180.119 -40 35 -48.1335 -88.5196 -35.7485 -94.4096 
-89 -171.358 -39 34 -57.8231 -94.6476 -39.6372 -92.8593 
-95 -171.608 -37 34 -56.1379 -91.1004 -38.8779 -85.4818 
-77 -173.707 -39 34 -56.7887 -95.2748 -40.7117 -92.5671 
-82 -172.897 -37 34 -57.3318 -90.9335 -38.8779 -84.7887 
-82 -173.673 -38 34 -56.2858 -93.8471 -36.4802 -92.1662 
-79 -173.154 -38 35 -57.7292 -97.0125 -36.6843 -93.0371 
-81 -173.621 -38 34 -56.5056 -94.4634 -37.5547 -92.7714 
-75 -170.635 -40 36 -62.449 -97.8745 -41.6915 -96.1806 
-95 -173.306 -37 34 -53.8079 -88.1018 -38.4966 -85.304 
-76 -178.691 -39 35 -50.4261 -88.3528 -35.7485 -93.7164 
-79 -173.223 -39 34 -57.2068 -97.0125 -39.1642 -93.0371 
-87 -172.92 -37 34 -56.1379 -91.1004 -38.8779 -85.4818 
-84 -170.317 -38 35 -60.4045 -96.2771 -43.0945 -89.7075 
-76 -168.924 -40 35 -64.1762 -101.176 -44.9283 -95.9278 
-91 -172.134 -38 34 -56.5056 -94.4634 -37.5547 -92.7714 
-74 -169.07 -40 35 -64.4197 -102.823 -44.2351 -97.2628 
-72 -172.354 -40 34 -60.2484 -97.4793 -40.0186 -92.344 
-79 -174.853 -38 35 -55.3992 -94.0139 -36.3029 -92.8593 
-91 -172.092 -39 34 -56.2905 -94.4634 -39.8573 -92.7714 
-73 -174.89 -39 34 -56.3233 -97.0125 -36.8616 -93.0371 
-75 -176.612 -38 35 -53.9583 -89.8018 -36.9525 -93.2756 
-78 -173.381 -39 34 -57.4844 -94.2966 -39.8573 -92.0783 
-81 -178.714 -39 35 -49.2322 -88.5196 -35.7485 -94.4096 
-70 -174.549 -40 34 -57.6067 -94.4808 -39.3254 -92.1662 
-83 -171.589 -39 34 -58.8737 -96.8291 -40.9692 -93.7189 
-91 -173.832 -38 34 -54.1756 -91.4649 -37.1734 -92.5936 
-77 -172.377 -40 34 -59.0545 -97.6462 -40.0186 -93.0371 
-73 -173.995 -39 34 -57.8231 -94.6476 -39.6372 -92.8593 
-71 -177.085 -39 34 -53.6815 -94.0139 -36.1684 -92.8593 
-78 -170.793 -39 35 -61.6543 -97.4793 -39.8413 -92.344 
-91 -173.791 -39 34 -53.9605 -91.4649 -39.4759 -92.5936 
-75 -169.738 -40 35 -63.2258 -102.99 -44.2351 -97.956 
-71 -175.414 -38 34 -56.1425 -96.1954 -37.8122 -93.7189 
-79 -173.44 -38 34 -57.4219 -97.0125 -36.8616 -93.0371 
-68 -172.467 -39 34 -61.347 -97.4793 -40.0186 -92.344 
-83 -173.287 -39 34 -56.5437 -93.8305 -40.5878 -93.5411 
-87 -172.395 -39 34 -56.7887 -95.2748 -40.7117 -92.5671 
-71 -172.737 -39 34 -60.1531 -97.6462 -40.0186 -93.0371 
-72 -168.847 -38 34 -66.0732 -98.7615 -41.2225 -91.21 
-83 -174.325 -38 34 -55.0393 -91.1004 -38.8779 -85.4818 
-78 -170.948 -39 34 -61.347 -97.4793 -40.0186 -92.344 
-74 -173.684 -39 34 -57.9826 -95.108 -40.7117 -91.874 
-78 -172.491 -39 35 -59.3243 -94.4808 -39.4599 -92.1662 
-73 -171.383 -37 34 -62.148 -98.2947 -38.0655 -91.9032 
-71 -176.333 -38 34 -55.0919 -94.0139 -36.4802 -92.8593 
-71 -172.769 -39 34 -60.1531 -97.6462 -40.0186 -93.0372 
-79 -173.485 -38 34 -57.4219 -97.0125 -36.8616 -93.0371 
-75 -176.22 -38 34 -54.0575 -94.6411 -37.5547 -92.5671 
-78 -173.598 -38 34 -57.6995 -94.2966 -37.5547 -92.0783 
-77 -180.119 -40 35 -48.1335 -88.5196 -35.7485 -94.4096 
-80 -172.583 -41 36 -58.101 -99.6078 -42.3902 -98.574 
-87 -174.093 -39 34 -54.4587 -92.2762 -40.3304 -92.3893 
-77 -168.869 -38 34 -64.8792 -98.9284 -41.2225 -91.9032 
-84 -172.897 -37 34 -57.3318 -90.9335 -38.8779 -84.7887 
FEATURES_TXT_END_0
FEATURES_TXT_BEGIN_0 105 76 8 Distortion0_0 LM0_0 WordPenalty0_0 PhrasePenalty0_0 TranslationModel0_0 TranslationModel0_1 TranslationModel0_2 TranslationModel0_3 
-28 -122.114 -17 16 -21.2357 -19.4723 -14.6136 -26.0597 
-28 -121.274 -17 16 -22.7398 -21.3312 -14.6136 -28.4576 
-28 -122.257 -17 16 -21.2357 -19.4723 -14.6136 -26.0597 
-28 -117.94 -17 16 -27.6541 -23.4088 -18.5256 -28.5594 
-28 -121.417 -17 16 -22.7398 -21.3312 -14.6136 -28.4576 
-30 -122.114 -17 16 -21.2357 -19.4723 -14.6136 -26.0597 
-28 -118.083 -17 16 -27.6541 -23.4088 -18.5256 -28.5594 
-30 -121.274 -17 16 -22.7398 -21.3312 -14.6136 -28.4576 
-30 -122.257 -17 16 -21.2357 -19.4723 -14.6136 -26.0597 
-24 -126.298 -17 16 -18.325 -20.6664 -10.4705 -26.4061 
-30 -117.94 -17 16 -27.6541 -23.4088 -18.5256 -28.5594 
-30 -121.417 -17 16 -22.7398 -21.3312 -14.6136 -28.4576 
-28 -124.672 -17 16 -19.821 -16.9104 -14.6136 -24.0673 
-30 -118.083 -17 16 -27.6541 -23.4088 -18.5256 -28.5594 
-28 -121.456 -17 16 -24.5347 -19.6546 -18.5256 -27.5013 
-28 -124.396 -17 16 -18.7601 -18.5869 -14.6136 -27.8515 
-25 -124.39 -17 16 -21.1085 -23.3423 -9.51987 -28.1223 
-34 -120.733 -17 16 -22.7964 -21.403 -16.5797 -27.4788 
-32 -122.257 -17 16 -21.2357 -19.4723 -14.6136 -26.0597 
-28 -123.556 -17 16 -20.2642 -20.4458 -14.6136 -30.2494 
-24 -125.315 -17 16 -19.8291 -22.5253 -10.4705 -28.804 
-22 -125.092 -17 16 -19.6044 -21.4834 -9.51987 -25.7244 
-28 -120.222 -17 16 -25.1785 -22.5235 -18.5256 -30.3512 
-34 -120.528 -17 16 -24.5347 -19.6546 -18.5256 -27.5013 
-34 -120.876 -17 16 -22.7964 -21.403 -16.5797 -27.4788 
-32 -121.417 -17 16 -22.7398 -21.3312 -14.6136 -28.4576 
-32 -118.083 -17 16 -27.6541 -23.4088 -18.5256 -28.5594 
-22 -124.252 -17 16 -21.1085 -23.3423 -9.51987 -28.1223 
-30 -124.396 -17 16 -18.7601 -18.5869 -14.6136 -27.8515 
-28 -123.711 -17 16 -21.1651 -23.4142 -11.486 -27.1434 
-28 -122.567 -17 17 -22.5732 -19.8475 -20.373 -28.635 
-22 -125.235 -17 16 -19.6044 -21.4834 -9.51987 -25.7244 
-22 -120.918 -17 16 -26.0228 -25.42 -13.4319 -28.224 
-36 -120.733 -17 16 -22.7964 -21.403 -16.5797 -27.4788 
-28 -119.77 -17 16 -26.2394 -20.8469 -18.5256 -26.567 
-40 -118.585 -17 16 -25.3613 -21.5853 -16.5797 -26.0925 
-30 -123.556 -17 16 -20.2642 -20.4458 -14.6136 -30.2494 
-36 -121.376 -17 17 -22.918 -21.3312 -15.5103 -28.4576 
-28 -120.589 -17 16 -25.9855 -20.1269 -16.9162 -25.4924 
-22 -124.395 -17 16 -21.1085 -23.3423 -9.51987 -28.1223 
-40 -118.644 -17 16 -25.3613 -21.5853 -16.5797 -26.0925 
-28 -125.123 -17 17 -18.5936 -17.1033 -20.373 -28.0289 
-22 -127.374 -17 16 -17.1288 -20.5981 -9.51987 -27.5161 
-22 -126.155 -17 16 -18.325 -20.6664 -10.4705 -26.4061 
-24 -125.092 -17 16 -19.6044 -21.4834 -9.51987 -25.7244 
-30 -120.222 -17 16 -25.1785 -22.5235 -18.5256 -30.3512 
-38 -122.114 -17 16 -21.2357 -19.4723 -14.6136 -26.0597 
-28 -121.827 -17 16 -23.6745 -20.6646 -18.5256 -27.9532 
-22 -121.061 -17 16 -26.0228 -25.42 -13.4319 -28.224 
-36 -120.876 -17 16 -22.7964 -21.403 -16.5797 -27.4788 
-30 -119.913 -17 16 -26.2394 -20.8469 -18.5256 -26.567 
-28 -119.913 -17 16 -26.2394 -20.8469 -18.5256 -26.567 
-32 -120.528 -17 16 -24.5347 -19.6546 -18.5256 -27.5013 
-22 -125.315 -17 16 -19.8291 -22.5253 -10.4705 -28.804 
-22 -126.298 -17 16 -18.325 -20.6664 -10.4705 -26.4061 
-24 -124.252 -17 16 -21.1085 -23.3423 -9.51987 -28.1223 
-32 -124.396 -17 16 -18.7601 -18.5869 -14.6136 -27.8515 
-24 -125.235 -17 16 -19.6044 -21.4834 -9.51987 -25.7244 
-38 -120.876 -17 16 -22.7964 -21.403 -16.5797 -27.4788 
-22 -121.981 -17 16 -24.7434 -24.6029 -14.3825 -28.9058 
-32 -120.586 -17 16 -24.5347 -19.6546 -18.5256 -27.5013 
-24 -120.918 -17 16 -26.0228 -25.42 -13.4319 -28.224 
-30 -119.77 -17 16 -26.2394 -20.8469 -18.5256 -26.567 
-28 -121.684 -17 16 -23.6745 -20.6646 -18.5256 -27.9532 
-42 -118.585 -17 16 -25.3613 -21.5853 -16.5797 -26.0925 
-24 -121.061 -17 16 -26.0228 -25.42 -13.4319 -28.224 
-28 -120.446 -17 16 -25.9855 -20.1269 -16.9162 -25.4924 
-22 -125.458 -17 16 -19.8291 -22.5253 -10.4705 -28.804 
-32 -123.556 -17 16 -20.2642 -20.4458 -14.6136 -30.2494 
-36 -122.216 -17 17 -21.4139 -19.4723 -15.5103 -26.0597 
-24 -124.395 -17 16 -21.1085 -23.3423 -9.51987 -28.1223 
-32 -120.222 -17 16 -25.1785 -22.5235 -18.5256 -30.3512 
-42 -118.644 -17 16 -25.3613 -21.5853 -16.5797 -26.0925 
-22 -122.124 -17 16 -24.7434 -24.6029 -14.3825 -28.9058 
-24 -126.155 -17 16 -18.325 -20.6664 -10.4705 -26.4061 
-25 -125.23 -17 16 -19.6044 -21.4834 -9.51987 -25.7244 
FEATURES_TXT_END_0
FEATURES_TXT_BEGIN_0 106 98 8 Distortion0_0 LM0_0 WordPenalty0_0 PhrasePenalty0_0 TranslationModel0_0 TranslationModel0_1 TranslationModel0_2 TranslationModel0_3 
-28 -89.1779 -17 15 -17.0998 -27.1656 -15.4005 -37.5665 
-30 -89.1779 -17 15 -17.0998 -27.1656 -15.4005 -37.5665 
-30 -89.6521 -17 15 -17.0998 -27.1656 -15.4005 -37.5665 
-22 -91.1815 -17 15 -17.0998 -27.1656 -15.4005 -37.5665 
-32 -89.6521 -17 15 -17.0998 -27.1656 -15.4005 -37.5665 
-31 -88.1314 -17 15 -19.774 -29.4026 -14.0142 -36.9159 
-28 -87.731 -16 15 -21.0119 -29.9593 -15.4005 -34.8217 
-26 -91.5992 -17 15 -15.6446 -25.4748 -15.8705 -37.3434 
-27 -88.8961 -18 15 -19.774 -29.4026 -14.0142 -36.9159 
-24 -89.7529 -16 15 -19.4024 -27.6239 -15.4005 -35.9203 
-24 -91.1815 -17 15 -17.0998 -27.1656 -15.4005 -37.5665 
-33 -88.1314 -17 15 -19.774 -29.4026 -14.0142 -36.9159 
-30 -87.731 -16 15 -21.0119 -29.9593 -15.4005 -34.8217 
-30 -90.3249 -17 15 -17.0998 -27.1656 -15.4005 -37.5665 
-26 -90.9464 -17 15 -19.3166 -26.7242 -14.7719 -35.2033 
-24 -91.2752 -17 15 -17.0998 -27.1656 -15.4005 -37.5665 
-28 -90.3773 -17 16 -17.7422 -27.3282 -15.0289 -36.627 
-29 -88.8961 -18 15 -19.774 -29.4026 -14.0142 -36.9159 
-26 -89.7529 -16 15 -19.4024 -27.6239 -15.4005 -35.9203 
-26 -91.1591 -18 15 -17.0998 -27.1656 -15.4005 -37.5665 
-26 -91.2752 -17 15 -17.0998 -27.1656 -15.4005 -37.5665 
-30 -90.3773 -17 16 -17.7422 -27.3282 -15.0289 -36.627 
-26 -91.1924 -17 15 -17.6699 -25.7412 -12.926 -34.6866 
-34 -83.9029 -17 15 -26.7192 -31.1853 -17.3129 -36.5238 
-26 -88.7645 -16 15 -21.0119 -29.9593 -15.4005 -34.8217 
-30 -88.2052 -16 15 -21.0119 -29.9593 -15.4005 -34.8217 
-28 -91.0764 -18 15 -17.0998 -27.1656 -15.4005 -37.5665 
-28 -91.5642 -17 15 -16.3197 -26.3493 -16.7868 -38.6163 
-21 -88.4737 -16 15 -22.6772 -30.8282 -16.8833 -36.2276 
-27 -88.4485 -18 15 -21.4394 -30.2716 -15.497 -38.3218 
-28 -91.1591 -18 15 -17.0998 -27.1656 -15.4005 -37.5665 
-36 -83.0214 -16 15 -28.2583 -30.8057 -14.6048 -30.9757 
-26 -89.8028 -16 15 -19.7325 -29.1422 -16.3511 -35.5035 
-27 -90.5342 -18 15 -18.4946 -28.5855 -14.9648 -37.5977 
-24 -92.1645 -17 15 -16.8767 -26.8464 -14.7719 -37.7589 
-36 -83.9029 -17 15 -26.7192 -31.1853 -17.3129 -36.5238 
-28 -88.7645 -16 15 -21.0119 -29.9593 -15.4005 -34.8217 
-34 -86.947 -17 15 -22.7776 -26.7141 -15.7034 -33.8158 
-21 -89.6853 -16 15 -21.3483 -29.8857 -15.4005 -34.3109 
-32 -88.2052 -16 15 -21.0119 -29.9593 -15.4005 -34.8217 
-30 -91.0764 -18 15 -17.0998 -27.1656 -15.4005 -37.5665 
-30 -91.5642 -17 15 -16.3197 -26.3493 -16.7868 -38.6163 
-23 -88.4737 -16 15 -22.6772 -30.8282 -16.8833 -36.2276 
-25 -90.7599 -17 16 -18.5841 -28.0648 -19.4356 -38.8896 
-29 -88.4485 -18 15 -21.4394 -30.2716 -15.497 -38.3218 
-24 -89.4855 -16 15 -21.0119 -29.9593 -15.4005 -34.8217 
-30 -91.1815 -17 15 -17.0998 -27.1656 -15.4005 -37.5665 
-38 -83.5934 -17 15 -26.9969 -30.3952 -17.438 -35.5667 
-30 -91.2024 -17 15 -17.0998 -27.1656 -15.4005 -37.5665 
-28 -91.7207 -17 15 -16.8767 -26.8464 -14.7719 -37.7589 
-34 -86.1472 -17 15 -24.3462 -28.0121 -14.6048 -33.7205 
-26 -89.895 -17 16 -20.0722 -30.3268 -15.4102 -36.8048 
-25 -91.9996 -17 15 -17.0998 -27.1656 -15.4005 -37.5665 
-28 -88.5999 -17 15 -21.4095 -31.4015 -17.4799 -40.5623 
-28 -91.552 -17 15 -17.0998 -27.1656 -15.4005 -37.5665 
-28 -90.9827 -18 16 -17.9555 -27.3282 -16.7275 -36.627 
-22 -89.93 -16 15 -21.0119 -29.9593 -15.4005 -34.8217 
-36 -84.1019 -16 15 -26.9789 -29.9886 -15.5554 -31.6574 
-44 -86.414 -18 15 -21.2513 -27.0792 -18.9368 -39.1346 
-26 -92.871 -17 15 -15.6446 -25.4748 -15.8705 -37.3434 
-28 -89.8028 -16 15 -19.7325 -29.1422 -16.3511 -35.5035 
-29 -90.5342 -18 15 -18.4946 -28.5855 -14.9648 -37.5977 
-30 -91.1924 -17 15 -17.6699 -25.7412 -12.926 -34.6866 
-26 -92.1645 -17 15 -16.8767 -26.8464 -14.7719 -37.7589 
-31 -86.5453 -17 16 -24.0561 -34.6268 -16.7394 -39.4414 
-26 -90.3477 -16 15 -19.5566 -28.2685 -15.8705 -34.5986 
-34 -84.5122 -18 15 -26.7192 -31.1853 -17.3129 -36.5238 
-24 -93.2748 -17 15 -15.6446 -25.4748 -15.8705 -37.3434 
-23 -89.6853 -16 15 -21.3483 -29.8857 -15.4005 -34.3109 
-32 -89.4291 -17 15 -19.774 -29.4026 -14.0142 -36.9159 
-40 -87.1511 -18 15 -21.2513 -27.0792 -18.9368 -39.1346 
-34 -82.0079 -16 15 -30.6312 -33.979 -17.3129 -33.779 
-27 -90.7599 -17 16 -18.5841 -28.0648 -19.4356 -38.8896 
-28 -90.2965 -17 15 -19.4375 -29.4762 -14.0142 -37.4268 
-26 -89.4855 -16 15 -21.0119 -29.9593 -15.4005 -34.8217 
-28 -92.72 -17 15 -15.6446 -25.4748 -15.8705 -37.3434 
-30 -88.878 -16 15 -21.0119 -29.9593 -15.4005 -34.8217 
-28 -92.871 -17 15 -15.6446 -25.4748 -15.8705 -37.3434 
-38 -84.4627 -17 15 -25.9773 -30.6089 -18.006 -36.475 
-32 -82.3745 -16 15 -30.6312 -33.979 -17.3129 -33.779 
-40 -83.5934 -17 15 -26.9969 -30.3952 -17.438 -35.5667 
-21 -89.8067 -17 16 -21.7376 -31.1957 -16.8931 -38.2106 
-30 -88.5549 -17 15 -21.4095 -31.4015 -17.4799 -40.5623 
-28 -89.895 -17 16 -20.0722 -30.3268 -15.4102 -36.8048 
-27 -91.9996 -17 15 -17.0998 -27.1656 -15.4005 -37.5665 
-30 -88.5999 -17 15 -21.4095 -31.4015 -17.4799 -40.5623 
-30 -91.552 -17 15 -17.0998 -27.1656 -15.4005 -37.5665 
-31 -91.3999 -17 15 -17.0998 -27.1656 -15.4005 -37.5665 
-40 -85.2796 -17 15 -24.6801 -29.2816 -14.8539 -34.4732 
-30 -91.5506 -18 15 -17.0998 -27.1656 -15.4005 -37.5665 
-30 -90.9827 -18 16 -17.9555 -27.3282 -16.7275 -36.627 
-22 -93.7649 -17 15 -15.6446 -25.4748 -15.8705 -37.3434 
-24 -89.93 -16 15 -21.0119 -29.9593 -15.4005 -34.8217 
-25 -91.0194 -17 16 -18.9206 -27.9912 -19.4356 -38.3788 
-46 -86.414 -18 15 -21.2513 -27.0792 -18.9368 -39.1346 
-24 -92.5275 -17 15 -17.0998 -27.1656 -15.4005 -37.5665 
-22 -93.787 -17 15 -15.6446 -25.4748 -15.8705 -37.3434 
-26 -92.2248 -17 15 -17.0998 -27.1656 -15.4005 -37.5665 
FEATURES_TXT_END_0
